row_index,date_prev,date_obs,partition,duration_days,level_prev_m,level_obs_m,delta_h_obs_m,p_era_m,p_chirps_m,p_consensus_m,evap_m,pet_m,q_in_dev_volume_m3,q_in_final_volume_m3,q_in_dev_equiv_m,q_in_final_equiv_m,coverage_climate_fraction,coverage_q_dev_fraction,coverage_q_final_fraction,interval_weight_raw,interval_weight,level_curr_m,delta_model_m
1,2009-02-24 03:43:00,2009-03-06 01:42:00,train,9.915972222222223,1553.2,1553.09,-0.11000000000012733,0.0008821485742646159,0.008248421523887776,0.004565285049076196,0.03657475959587345,0.10549183689810503,768373.6720505452,842945.0931358386,0.006109355745015069,0.006702274732733073,1.0,1.0,1.0,236.2948960302458,1.452741020793951,1553.09,-0.06819474352609464
2,2009-03-06 01:42:00,2009-03-15 23:41:00,train,9.915972222222223,1553.09,1552.84,-0.25,0.004979132490894798,0.006775032600311734,0.005877082545603265,0.03696821629063981,0.09991496202360385,739747.2453343498,796415.7209758615,0.0058817464048211004,0.0063323186847090845,1.0,1.0,1.0,109.02747492368077,0.6703009158307893,1552.84,-0.06799904697426352
3,2009-03-15 23:41:00,2009-03-25 21:39:00,train,9.915277777777778,1552.84,1552.98,0.14000000000010004,0.004750094590315811,0.001201704459416072,0.002975899524865942,0.03497387276762126,0.09284778913984984,727809.7225916105,791603.7352047653,0.005786830902374258,0.006294058481392743,1.0,1.0,1.0,109.02747492368077,0.6703009158307893,1552.98,-0.06541517105990774
4,2009-03-25 21:39:00,2009-04-04 19:38:00,train,9.915972222222223,1552.98,1552.95,-0.029999999999972715,0.007159573050718526,0.0014054857672192752,0.004282529408968901,0.04016346291541626,0.09463473992420095,729306.2118034026,792717.7600940561,0.005798729520580446,0.006302916117468841,1.0,1.0,1.0,178.6671431123816,1.098445595854922,1552.95,-0.07945520495226847
5,2009-04-04 19:38:00,2009-04-14 17:36:00,train,9.915277777777778,1552.95,1552.98,0.029999999999972715,0.018856152263884075,0.0,0.009428076131942038,0.040631630427929374,0.09578268852863905,805779.4995574547,822862.3106114054,0.006406770291464218,0.006542596092958619,0.9999999999999998,0.9999999999999998,0.9999999999999998,141.22299110295157,0.8682389493009461,1552.98,-0.07476653590453164
6,2009-04-14 17:36:00,2009-04-24 15:35:00,train,9.915972222222223,1552.98,1553.2,0.22000000000002728,0.015355690275476256,0.005188570479204255,0.010272130377340255,0.038907317818062996,0.09378630237730441,806755.7577776832,797815.3865497325,0.006414532541764198,0.0063434474560684784,0.9999999999999998,0.9999999999999998,0.9999999999999998,180.63583815028906,1.110549132947977,1553.2,-0.06868979609659769
7,2009-04-24 15:35:00,2009-05-04 13:33:00,train,9.915277777777778,1553.2,1553.26,0.05999999999994543,0.06908391846392863,0.04943830096050116,0.05926110971221489,0.03642431277233047,0.0670631601658311,889689.5054017351,891200.9435917122,0.00707394056930695,0.0070859580471631725,1.0,1.0,1.0,258.2644628099174,1.5878099173553721,1553.26,-0.003845201270074504
8,2009-05-04 13:33:00,2009-05-14 11:32:00,train,9.915972222222223,1553.26,1553.03,-0.2300000000000182,0.14568703046079007,0.11315353882832721,0.12942028464455865,0.0355436809226466,0.05569819112807797,1111023.7034015702,1129414.197073962,0.008833773581947764,0.008979996796326327,1.0,1.0,1.0,206.10057708161585,1.2671063478977742,1553.03,0.08134385367580721
9,2009-05-14 11:32:00,2009-05-24 09:30:00,train,9.915277777777778,1553.03,1553.15,0.12000000000011823,0.1352109448462632,0.1031740919455299,0.11919251839589654,0.03579728231335526,0.055555000240670116,1561029.7640554938,1691996.8410090015,0.012411781538168831,0.013453103609835426,1.0,1.0,1.0,206.10057708161585,1.2671063478977742,1553.15,0.07050754339280108
10,2009-05-24 09:30:00,2009-06-03 07:29:00,train,9.915972222222223,1553.15,1553.34,0.1899999999998272,0.0984805334710014,0.07505798039959516,0.08676925693529827,0.037855396447640285,0.06297141833551057,1638199.6258791292,2001306.2224894834,0.013025360784599899,0.015912429215945642,0.9999999999999998,0.9999999999999998,0.9999999999999998,201.57226365652085,1.23926627696029,1553.34,0.02756472257316508
11,2009-06-03 07:29:00,2009-07-03 01:24:00,train,29.74652777777778,1553.34,1553.05,-0.2899999999999636,0.3814946970244405,0.2830187737161297,0.3322567353702851,0.1059717174482217,0.16086742935887866,6677531.381602259,8113517.769512855,0.05309319695954726,0.06451075589976032,1.0,1.0,1.0,77.9666302822392,0.4793388429752065,1553.05,0.19624480549060114
12,2009-07-03 01:24:00,2009-07-12 23:23:00,train,9.915972222222223,1553.05,1553.5,0.4500000000000455,0.08563903093882924,0.044539073669977204,0.06508905230440322,0.036098052919633986,0.060144611982126756,2403460.57123148,2953138.7470547277,0.01910996717207188,0.023480470279516004,1.0,1.0,1.0,85.20064752492117,0.5238135809832153,1553.5,0.01069437794590436
13,2009-07-12 23:23:00,2009-07-22 21:21:00,train,9.915277777777778,1553.5,1553.33,-0.17000000000007276,0.016943424596365966,0.02300211349675387,0.019972769046559917,0.039425815194224126,0.07712508721449467,1676185.7954810082,2153414.5444365907,0.013327389643643224,0.017121845785454327,0.9999999999999998,0.9999999999999998,0.9999999999999998,105.20778537611784,0.6468174644923724,1553.33,-0.054493929572036866
14,2009-07-22 21:21:00,2009-08-01 19:20:00,train,9.915972222222223,1553.33,1553.61,0.2799999999999727,0.0632717379036644,0.03926574342910631,0.05126874066638536,0.03632288101257053,0.06154290251091281,1279760.416859327,1554054.8381242575,0.010175402853298298,0.012356323750689811,0.9999999999999998,0.9999999999999998,0.9999999999999998,104.23181154888474,0.6408171774025433,1553.61,-0.010677551893446172
15,2009-08-01 19:20:00,2009-08-11 17:18:00,train,9.915277777777778,1553.61,1553.56,-0.049999999999954525,0.028547792882036255,0.03525129601381991,0.031899544447928085,0.03707302756174785,0.06676386505268103,1319374.3381402048,1446326.3786057755,0.010490374001273792,0.011499772430673258,1.0,1.0,1.0,252.46149962130775,1.5521332996718,1553.56,-0.03585660772433739
16,2009-08-11 17:18:00,2009-08-21 15:17:00,train,9.915972222222223,1553.56,1553.63,0.07000000000016371,0.09476213784857732,0.05649341387162934,0.07562777586010333,0.036242169138166976,0.05774485374896176,1111922.9728865363,1168739.9741834486,0.008840923693142532,0.009292676903740547,1.0,1.0,1.0,264.2007926023779,1.624306472919419,1553.63,0.016687978394012263
17,2009-08-21 15:17:00,2009-08-31 13:15:00,train,9.915277777777778,1553.63,1553.42,-0.21000000000003638,0.07409646804071221,0.03314017309908211,0.05361832056989717,0.036522476883140316,0.061603911054464944,1316097.0438550017,1336168.256300696,0.010464316163274244,0.010623902809101502,1.0,1.0,1.0,224.71910112359555,1.3815730337078653,1553.42,-0.009255528183194112
18,2009-08-31 13:15:00,2009-09-10 11:14:00,train,9.915972222222223,1553.42,1553.28,-0.14000000000010004,0.06672671905118056,0.04335015443054948,0.055038436740865025,0.037977644483978217,0.0617511906290925,1335631.8573876633,1382957.538701527,0.01061963788970075,0.010995925409092208,1.0,1.0,1.0,184.84288354898337,1.1364140480591496,1553.28,-0.011810146879230814
19,2009-09-10 11:14:00,2009-09-30 07:11:00,train,19.83125,1553.28,1553.29,0.009999999999990905,0.20025643860432585,0.12536799186771871,0.16281221523602227,0.07080945618495223,0.11130953624756071,3454394.1076098103,3328979.693447329,0.027465962531683312,0.026468789802395875,1.0,1.0,1.0,191.9385796545105,1.1800383877159304,1553.29,0.055120106157912796
20,2009-09-30 07:11:00,2009-10-10 05:10:00,train,9.915972222222223,1553.29,1553.36,0.06999999999993634,0.07464599990683626,0.009598003371319153,0.04212200163907771,0.03620279783315406,0.057743346045174095,1770324.3268842918,1648149.4864261614,0.014075887150228925,0.013104472341783902,1.0,1.0,1.0,204.03999183840028,1.254437869822485,1553.36,-0.0206680688098079
21,2009-10-10 05:10:00,2009-10-20 03:08:00,train,9.915277777777778,1553.36,1553.29,-0.06999999999993634,0.06427240942467168,0.035739791890538594,0.05000610065760513,0.033853682772986865,0.05805920750991309,1591947.0820822173,1673819.9052226513,0.012657605804899557,0.013308578398844329,1.0,1.0,1.0,173.94329448599757,1.069403374499913,1553.29,-0.0043507423728841865
22,2009-10-20 03:08:00,2009-11-28 19:02:00,train,39.6625,1553.29,1553.83,0.5399999999999636,0.2109669816508931,0.12122889079331622,0.16609793622210464,0.12542273814049307,0.2142980121223873,7094554.510999434,7840925.82688507,0.05640895691340887,0.06234337144696724,0.9999999999999998,0.9999999999999998,0.9999999999999998,196.1553550411926,1.205963122793252,1553.83,-0.023200367802762856
23,2009-11-28 19:02:00,2009-12-08 17:01:00,train,9.915972222222223,1553.83,1552.98,-0.849999999999909,0.008441006574329255,0.003967562568231756,0.0062042845712805056,0.03200430657575095,0.06104856252057305,1099804.6061216297,1190799.247511004,0.008744570295949985,0.009468070664792909,0.9999999999999998,0.9999999999999998,0.9999999999999998,116.64528169835529,0.7171351918814882,1552.98,-0.05143176025420314
24,2009-12-08 17:01:00,2009-12-18 14:59:00,train,9.915277777777778,1552.98,1553.57,0.5899999999999181,0.007451122276866388,0.0,0.003725561138433194,0.03150277278115354,0.06783653085218268,1029945.3298442784,1117536.3267037289,0.008189117673883107,0.008885555591188112,1.0,1.0,1.0,116.64528169835529,0.7171351918814882,1553.57,-0.0530586153503731
25,2009-12-18 14:59:00,2009-12-28 12:58:00,train,9.915972222222223,1553.57,1553.32,-0.25,0.060420987350404694,0.03885916089797127,0.049640074124187986,0.02825850623760304,0.05631496100759264,1287967.9025276492,1637640.2247010511,0.010240660750001187,0.013020912973690476,1.0,1.0,1.0,200.6018054162488,1.2332998996990976,1553.32,0.0118918342948682
26,2009-12-28 12:58:00,2010-01-07 10:56:00,train,9.915277777777778,1553.32,1553.21,-0.10999999999989996,0.003875509357941099,0.002032149550796806,0.002953829454368953,0.02936772702718993,0.061887754790091926,1135109.5477390678,1356462.233832126,0.009025280653089511,0.01078526066496085,1.0,1.0,1.0,193.7608990505716,1.1912420073629142,1553.21,-0.04676877250967896
27,2010-01-07 10:56:00,2010-01-17 08:55:00,train,9.915972222222223,1553.21,1553.03,-0.18000000000006366,0.0018222868682330608,0.0008768676816332031,0.001349577274933132,0.031753628109596366,0.07761463138288784,1037703.0701010512,1314107.5510631416,0.008250799635056462,0.010448497662901658,1.0,1.0,1.0,220.9944751381215,1.358674033149171,1553.03,-0.05593271373546256
28,2010-01-17 08:55:00,2010-01-27 06:53:00,train,9.915277777777778,1553.03,1553.11,0.07999999999992724,0.0020472211893441624,0.0,0.0010236105946720812,0.03356546304062099,0.07831854091527493,934763.4365552638,1037692.4425884939,0.007432324374296444,0.008250715135473435,1.0,1.0,1.0,188.35938971557727,1.158033527971369,1553.11,-0.0626575446105577
29,2010-01-27 06:53:00,2010-02-06 04:52:00,train,9.915972222222223,1553.11,1552.76,-0.34999999999990905,0.005084069598438002,0.0077449558788332444,0.006414512738635624,0.03279582985843561,0.08158355590822848,874598.5427422518,885652.98674504,0.006953951997632597,0.007041846121849726,0.9999999999999998,0.9999999999999998,0.9999999999999998,72.28567297961546,0.44441231747867577,1552.76,-0.05456272212713155
30,2010-02-06 04:52:00,2010-02-25 00:49:00,train,18.83125,1552.76,1553.01,0.25,0.030264485189765204,0.018442486281291953,0.02435348573552858,0.06639418295466673,0.15057350658675048,1645415.514910247,1757856.4088804375,0.01308273447491649,0.013976754463548045,1.0,1.0,1.0,50.828504625393926,0.31249364643692185,1553.01,-0.10152158703820156
31,2010-02-25 00:49:00,2010-03-07 22:47:00,train,10.915277777777778,1553.01,1553.31,0.2999999999999545,0.013961763141602534,0.022733476627682242,0.018347619884642386,0.04158391667782725,0.09692473882343888,809169.8584048365,877556.488246429,0.006433727108251861,0.006977470686542331,1.0,1.0,1.0,91.29918743723182,0.5613074043641012,1553.31,-0.06367649343038323
32,2010-03-07 22:47:00,2010-03-17 20:46:00,train,9.915972222222223,1553.31,1552.82,-0.4900000000000091,0.01419913030657224,0.0010382172952815532,0.007618673800926896,0.03888555241683001,0.08836314244351927,806989.7495271583,791129.7169729031,0.006416393015243368,0.00629028955214203,0.9999999999999998,0.9999999999999998,0.9999999999999998,81.2743823146944,0.4996749024707412,1552.82,-0.07173876236047905
33,2010-03-17 20:46:00,2010-03-27 18:45:00,train,9.915972222222223,1552.82,1553.01,0.19000000000005457,0.024142552737631592,0.004116951482232472,0.014129752109932033,0.039233657581297106,0.08867457597831975,879537.0114464038,890492.0611629131,0.00699321786949514,0.0070803217075845835,1.0,1.0,1.0,78.07010695604653,0.47997501756577404,1553.01,-0.06486903163739424
34,2010-03-27 18:45:00,2010-04-06 16:43:00,train,9.915277777777778,1553.01,1553.13,0.12000000000011823,0.03949458747782934,0.004924368625206837,0.02220947805151809,0.03703504788476721,0.08268112080682982,977780.6537500272,891754.7964053587,0.007774355201956167,0.007090361742906565,1.0,1.0,1.0,203.04568527918784,1.2483248730964467,1553.13,-0.048855336925586475
35,2010-04-06 16:43:00,2010-04-16 14:42:00,train,9.915972222222223,1553.13,1553.24,0.10999999999989996,0.12941945011482894,0.044400386431628455,0.08690991827322869,0.03807172526001593,0.0735491797939736,1059670.3993814858,952819.1631886213,0.0084254623469944,0.007575885848681095,1.0,1.0,1.0,252.20680958385879,1.5505674653215638,1553.24,0.023638868903655866
36,2010-04-16 14:42:00,2010-04-26 12:40:00,train,9.915277777777778,1553.24,1552.78,-0.4600000000000364,0.03089743922689149,0.03673833439424172,0.033817886810566605,0.04084791312331244,0.08123909357017711,1054884.754311195,1027919.4896433812,0.008387411579161924,0.0081730101744723,1.0,1.0,1.0,142.18683349921798,0.8741646523531921,1552.78,-0.04631871496173522
37,2010-04-26 12:40:00,2010-05-06 10:39:00,train,9.915972222222223,1552.78,1552.99,0.21000000000003638,0.10468946203123321,0.050477744354734996,0.0775836031929841,0.03596926445418499,0.05869918179920869,1186635.0973068846,1099069.1088929581,0.009434961416131706,0.008738722341519902,0.9999999999999998,0.9999999999999998,0.9999999999999998,116.98642957416939,0.7192325690219934,1552.99,0.01955736472100251
38,2010-05-06 10:39:00,2010-05-16 08:37:00,train,9.915277777777778,1552.99,1552.85,-0.14000000000010004,0.09340493343272883,0.018684809859615133,0.05604487164617199,0.040195895901454795,0.0795963466408046,1100063.184921474,1031097.8729482081,0.008746626261600334,0.008198281569119887,1.0,1.0,1.0,182.48175182481754,1.121897810218978,1552.85,-0.018449038918373836
39,2010-05-16 08:37:00,2010-06-15 02:33:00,train,29.747222222222224,1552.85,1553.42,0.5700000000001637,0.4864791539793007,0.4890549273003114,0.4877670406398061,0.09924243771602831,0.14324758696730677,5239707.813001099,6029947.6668120455,0.041661030555785156,0.04794424478661084,1.0,1.0,1.0,207.46887966804985,1.2755186721991705,1553.42,0.39082815924884584
40,2010-06-15 02:33:00,2010-07-04 22:30:00,train,19.83125,1553.42,1553.73,0.30999999999994543,0.2845362081052537,0.25135095037805066,0.2679435792416522,0.06449532137311308,0.09553385626134905,4525684.342457118,6540610.420153115,0.03598381444268998,0.052004535423019124,1.0,1.0,1.0,188.5014137606032,1.1589066918001885,1553.73,0.20712149383340112
41,2010-07-04 22:30:00,2010-07-24 18:27:00,train,19.83125,1553.73,1554.15,0.42000000000007276,0.31342764373718607,0.19620665551350525,0.2548171496253457,0.06689489081817666,0.09425618560089352,5585547.89906993,9413214.46478036,0.04441081258702338,0.07484467253542466,1.0,1.0,1.0,188.5014137606032,1.1589066918001885,1554.15,0.19405227471787687
42,2010-07-24 18:27:00,2010-08-03 16:25:00,train,9.915277777777778,1554.15,1554.74,0.5899999999999181,0.1073143053521135,0.10400842630426375,0.10566136582818862,0.03337164586476114,0.05145924805187126,2550357.640484983,4214640.88538721,0.02027794895829676,0.03351070116392789,1.0,1.0,1.0,115.83458820803894,0.7121510483030233,1554.74,0.07029382551145677
43,2010-08-03 16:25:00,2010-08-13 14:24:00,train,9.915972222222223,1554.74,1554.74,0.0,0.1753993269193874,0.10358869284186055,0.13949400988062396,0.03617223504790497,0.049046612743884485,3032154.620897914,4458055.072708308,0.02410872720758459,0.03544609265093669,0.9999999999999998,0.9999999999999998,0.9999999999999998,125.72290671360324,0.7729444304752326,1554.74,0.10212156532034324
44,2010-08-13 14:24:00,2010-09-02 10:21:00,train,19.83125,1554.74,1554.71,-0.029999999999972715,0.29716205970465176,0.22078544534363237,0.25897375252414206,0.06247783513372241,0.08035770020025142,6462644.931644209,9765321.380940106,0.05138463013154336,0.07764428226874537,0.9999999999999998,0.9999999999999998,0.9999999999999998,118.69436201780415,0.7297329376854599,1554.71,0.21330302194018338
45,2010-09-02 10:21:00,2010-09-12 08:19:00,train,9.915277777777778,1554.71,1555.2,0.4900000000000091,0.1411065608251893,0.20332056891991288,0.1722135648725511,0.032442377690931126,0.042552956706631805,2834927.459887527,4605560.403983058,0.022540569769321197,0.03661891074169562,1.0,1.0,1.0,89.59770629871875,0.5508466983245228,1555.2,0.15192403163421228
46,2010-09-12 08:19:00,2010-09-22 06:18:00,train,9.915972222222223,1555.2,1555.34,0.13999999999987267,0.1150423211589702,0.057117891073851616,0.0860801061164109,0.034772269227251504,0.048240121143173574,2310816.8320683623,4184233.61863784,0.01837335479103413,0.033268932325974714,0.9999999999999998,0.9999999999999998,0.9999999999999998,126.6303659617576,0.7785234899328857,1555.34,0.04317462891065975
47,2010-09-22 06:18:00,2010-10-02 04:16:00,train,9.915277777777778,1555.34,1554.93,-0.4099999999998545,0.21369162182545884,0.15146719950604143,0.18257941066575012,0.02601648684867936,0.03019970132146093,2969436.8274215595,5566545.003208541,0.02361005667028353,0.04425972014954712,1.0,1.0,1.0,128.86597938144328,0.7922680412371133,1554.93,0.1864356368033177
48,2010-10-02 04:16:00,2010-10-12 02:15:00,train,9.915972222222223,1554.93,1555.5,0.5699999999999363,0.02324538422699012,0.033695971319766864,0.02847067777337849,0.033535597717631135,0.05951109330592919,2652039.378614657,4181220.8961554337,0.021086422665299014,0.03324497810412208,1.0,1.0,1.0,53.23396326856535,0.3272824061751397,1555.5,-0.02026292337806851
49,2010-10-12 02:15:00,2010-10-21 00:14:00,train,8.915972222222223,1555.5,1555.92,0.42000000000007276,0.05589090103724045,0.030681708195287885,0.04328630461626417,0.029849411234629794,0.05041101038307666,1665290.2861261,2351725.055706931,0.01324075921226127,0.01869861696515012,1.0,1.0,1.0,35.90664272890484,0.22075403949730696,1555.92,-0.0013147617364957856
50,2010-10-21 00:14:00,2010-10-31 22:12:00,train,10.915277777777778,1555.92,1555.77,-0.15000000000009095,0.036789779654233405,0.024892067108614642,0.030840923381424027,0.037049106700683704,0.06429397266764425,1769289.7381800706,2578356.8628529897,0.01406766111298458,0.020500571383104,1.0,1.0,1.0,49.38271604938271,0.30360493827160484,1555.77,-0.029930970024514676
51,2010-10-31 22:12:00,2010-11-10 20:11:00,train,9.915972222222223,1555.77,1555.96,0.19000000000005457,0.024102662469818324,0.02995944820652429,0.027031055338171305,0.03204890091466272,0.05930608840491438,1375888.0842994687,1806192.9411758776,0.01093971602368982,0.01436107928103584,0.9999999999999998,0.9999999999999998,0.9999999999999998,64.94771708774435,0.39929856465545227,1555.96,-0.02527462862569256
52,2010-11-10 20:11:00,2010-11-20 18:09:00,train,9.915277777777778,1555.96,1556.01,0.049999999999954525,0.029035967717413142,0.004268363613507483,0.016652165665460312,0.03046577659764818,0.053900898351042593,1234810.158010014,1753132.58338516,0.00981800236948409,0.01393919522449837,1.0,1.0,1.0,88.99172376968943,0.5471211177360505,1556.01,-0.032797219969614246
53,2010-11-20 18:09:00,2010-11-30 16:08:00,train,9.915972222222223,1556.01,1556.16,0.15000000000009095,0.010596871991528046,0.008540926415254765,0.009568899203391405,0.031270956677310786,0.05800899282223484,1161545.5411963388,1839789.4292993092,0.009235473810895593,0.014628205687360334,1.0,1.0,1.0,240.09603841536608,1.4761104441776705,1556.16,-0.0431808345324845
54,2010-11-30 16:08:00,2010-12-10 14:06:00,train,9.915277777777778,1556.16,1555.91,-0.25,0.006966094189577218,0.016564050557348352,0.011765072373462786,0.03059922185092917,0.06526096193995827,1055517.9237178592,1256070.1752352566,0.008392445922858068,0.009987041227918077,1.0,1.0,1.0,178.3166904422254,1.0962910128388017,1555.91,-0.04052414171558715
55,2010-12-10 14:06:00,2010-12-20 12:05:00,train,9.915972222222223,1555.91,1555.87,-0.040000000000190994,0.00836301308870886,0.0,0.00418150654435443,0.03114935102840268,0.06809278071457027,922599.084891847,1152771.5286519628,0.007335605350177681,0.009165711446704005,0.9999999999999998,0.9999999999999998,0.9999999999999998,175.65431231336729,1.079922712102582,1555.87,-0.0513490215048637
56,2010-12-20 12:05:00,2010-12-30 10:03:00,train,9.915277777777778,1555.87,1555.8,-0.06999999999993634,0.002067614287552301,0.0,0.0010338071437761506,0.03128190190818177,0.07501526633545114,956606.1753166696,1161886.1248794775,0.007605996464313188,0.009238181799153037,1.0,1.0,1.0,240.78979051288232,1.4803756320732004,1555.8,-0.055387414992758406
57,2010-12-30 10:03:00,2011-01-09 08:02:00,train,9.915972222222223,1555.8,1555.72,-0.07999999999992724,0.003824923229392154,1.4413358517187e-06,0.0019131822826219365,0.031806042088258546,0.07469481775893991,917062.5306350723,1047590.8234705051,0.007291584087104017,0.008329417376723424,1.0,1.0,1.0,106.83760683760681,0.6568376068376066,1555.72,-0.056307754910865454
58,2011-01-09 08:02:00,2011-01-19 06:00:00,train,9.915277777777778,1555.72,1556.01,0.2899999999999636,0.0034596432047540523,0.002260638002563937,0.0028601406036589945,0.031384276559998335,0.08076764217109995,841183.678517214,992846.7807044376,0.006688269686866614,0.007894146304400395,1.0,1.0,1.0,107.93308148947652,0.6635725849973017,1556.01,-0.0541208730411255
59,2011-01-19 06:00:00,2011-01-29 03:59:00,train,9.915972222222223,1556.01,1555.81,-0.20000000000004547,0.008809854529587952,0.0029801727801764904,0.005895013654882221,0.030869244081978223,0.06977287836927351,897882.6064229016,1016005.06266867,0.007139084093368065,0.008078278306978373,1.0,1.0,1.0,231.21387283237,1.4215028901734106,1555.81,-0.048960612827885025
60,2011-01-29 03:59:00,2011-02-08 01:57:00,train,9.915277777777778,1555.81,1555.69,-0.11999999999989086,0.0028495486850525983,0.0005184204038058538,0.0016839845444292258,0.034550292464158604,0.0858312131540503,860998.5207746403,965646.6207224225,0.006845817927762107,0.007677877241968852,1.0,1.0,1.0,178.6671431123816,1.098445595854922,1555.69,-0.06507886799319584
61,2011-02-08 01:57:00,2011-02-17 23:56:00,train,9.915972222222223,1555.69,1555.59,-0.10000000000013642,0.00591752198419195,0.008194833868753477,0.007056177926472714,0.03290930490856874,0.08565192624035714,806887.1854324363,897666.299059771,0.006415577525899946,0.007137364228828584,0.9999999999999998,0.9999999999999998,0.9999999999999998,35.9492396735809,0.22101592551317534,1555.59,-0.054115930761821376
62,2011-02-17 23:56:00,2011-02-27 21:54:00,train,9.915277777777778,1555.59,1555.76,0.17000000000007276,0.033546486526030886,0.0057291687662659185,0.019637827646148402,0.034227878147684854,0.07872363556024134,860786.3222208995,979516.8360046868,0.006844130732455271,0.00778815962474904,1.0,1.0,1.0,35.171637591446256,0.21623522791221156,1555.76,-0.043142807137775914
63,2011-02-27 21:54:00,2011-03-09 19:53:00,train,9.915972222222223,1555.76,1555.64,-0.11999999999989086,0.067696784045935,0.006750668967015281,0.037223726506475145,0.03471931392481135,0.07665614340014504,932023.1572856829,1071502.6802678297,0.007410536354342712,0.008519541069156632,1.0,1.0,1.0,95.27439024390242,0.585746951219512,1555.64,-0.02381840439940327
64,2011-03-09 19:53:00,2011-03-19 17:51:00,train,9.915277777777778,1555.64,1555.69,0.049999999999954525,0.036009624494021016,0.02511853418965032,0.030564079341835672,0.03530496100579608,0.07257800145127177,1030102.6277903613,1184581.483630649,0.008190368353266766,0.009418633089215624,1.0,1.0,1.0,117.426021606388,0.7219351808360734,1555.69,-0.032967712542366905
65,2011-03-19 17:51:00,2011-03-29 15:50:00,train,9.915972222222223,1555.69,1555.82,0.12999999999988177,0.014981796593154578,0.016362382096176,0.01567208934466529,0.03664358167163785,0.08086448680919284,859823.7435217262,1014535.0846616512,0.0068364772483241335,0.008066590479936799,0.9999999999999998,0.9999999999999998,0.9999999999999998,246.79170779861798,1.5172754195459033,1555.82,-0.05489430459445299
66,2011-03-29 15:50:00,2011-04-08 13:48:00,train,9.915277777777778,1555.82,1555.7,-0.11999999999989086,0.03007655850030581,0.006653453254783963,0.018365005877544888,0.03858513329537753,0.08323019339957907,881506.6226113383,1001119.3031631454,0.007008878290620484,0.007959921310035346,1.0,1.0,1.0,258.2644628099174,1.5878099173553721,1555.7,-0.05762701912412061
67,2011-04-08 13:48:00,2011-04-18 11:47:00,train,9.915972222222223,1555.7,1555.42,-0.2799999999999727,0.03381964898503419,0.0052956577439244035,0.01955765336447929,0.03862669057489126,0.08002640966015202,871086.3700326781,1029698.1457712004,0.006926026636182541,0.008187152307952614,1.0,1.0,1.0,169.34801016088062,1.041151566469094,1555.42,-0.05626565822096716
68,2011-04-18 11:47:00,2011-04-28 09:45:00,train,9.915277777777778,1555.42,1555.63,0.21000000000003638,0.13862821935989433,0.06007878213612385,0.0993535007480091,0.035189493916912694,0.055822230012110625,1184757.4649242822,1310792.201607782,0.009420032320301202,0.01042213724741816,1.0,1.0,1.0,156.98587127158555,0.965149136577708,1555.63,0.04795964767578518
69,2011-04-28 09:45:00,2011-05-08 07:44:00,train,9.915972222222223,1555.63,1555.35,-0.2800000000002001,0.02522477028636699,0.006040444056210055,0.015632607171288525,0.03914197044159886,0.07810096445109388,1129971.3056261812,1231038.9482389318,0.00898442637851778,0.009788017398735246,1.0,1.0,1.0,117.85503830288745,0.724572775486152,1555.35,-0.06172498801142706
70,2011-05-08 07:44:00,2011-05-28 03:41:00,train,19.83125,1555.35,1555.52,0.17000000000007276,0.2743114282411034,0.1230560728762197,0.19868375055866153,0.0766745493562953,0.12767956471061775,2634312.3644644762,2700444.6022755257,0.02094547479100323,0.021471293649324368,1.0,1.0,1.0,124.68827930174565,0.7665835411471322,1555.52,0.07726664988030965
71,2011-05-28 03:41:00,2011-06-07 01:40:00,train,9.915972222222223,1555.52,1555.74,0.22000000000002728,0.16287979672705452,0.05479310337710064,0.10883645005207758,0.03404807648036348,0.05368610666878416,1501687.0446101706,1593842.9414692519,0.011939946287748832,0.012672679824037941,1.0,1.0,1.0,252.46149962130775,1.5521332996718,1555.74,0.06336649432441774
72,2011-06-07 01:40:00,2011-06-16 23:38:00,train,9.915277777777778,1555.74,1555.26,-0.4800000000000182,0.11699090887767426,0.06742018825158831,0.09220554856463128,0.03592628637190359,0.054211149550157885,1865285.5602409188,2161994.8985855896,0.014830925977903465,0.017190068367540667,1.0,1.0,1.0,48.09079542175627,0.2956622102529575,1555.26,0.040212460055162075
73,2011-06-16 23:38:00,2011-07-06 19:35:00,train,19.83125,1555.26,1555.37,0.10999999999989996,0.29798842093266265,0.25291445605406343,0.275451438493363,0.06458464699451928,0.08793062343614823,5077588.161444097,7249503.938496209,0.04037201368723938,0.05764096317481282,0.9999999999999998,0.9999999999999998,0.9999999999999998,41.24561765312435,0.2535780573314085,1555.37,0.21792948850947766
74,2011-07-06 19:35:00,2011-07-16 17:34:00,train,9.915972222222223,1555.37,1556.12,0.75,0.15848329180625984,0.10599695438600254,0.13224012309613117,0.03279552466015881,0.044464267097256996,3224652.2159587527,5137666.391527207,0.025639279764321798,0.04084969699870562,1.0,1.0,1.0,134.91635186184567,0.8294657312466271,1556.12,0.10602832365595947
75,2011-07-16 17:34:00,2011-07-26 15:32:00,train,9.915277777777778,1556.12,1556.12,0.0,0.07652291774729204,0.06946680960194701,0.07299486367461952,0.03768971963541485,0.061855349702475165,3028265.989088831,5427967.64035847,0.024077808611662806,0.04315788852952589,1.0,1.0,1.0,252.46149962130775,1.5521332996718,1556.12,0.023252003084844
76,2011-07-26 15:32:00,2011-08-05 13:31:00,train,9.915972222222223,1556.12,1556.02,-0.09999999999990905,0.1360549521858742,0.08456651266104089,0.11031073242345756,0.03417657293576564,0.049881718189521064,2164507.3334707413,4235873.149153475,0.017210044791848147,0.03367951935400711,1.0,1.0,1.0,206.8680182043856,1.2718245759205626,1556.02,0.07336940754374394
77,2011-08-05 13:31:00,2011-08-25 09:28:00,train,19.83125,1556.02,1556.0,-0.01999999999998181,0.17646599990416265,0.1592132378617011,0.1678396188829319,0.07122382551185916,0.1113010355687628,4263462.366601548,5445052.238686922,0.03389888182079628,0.043293728541678636,1.0,1.0,1.0,168.20857863751053,1.0341463414634147,1556.0,0.06668016507061872
78,2011-08-25 09:28:00,2011-09-14 05:25:00,train,19.83125,1556.0,1556.52,0.5199999999999818,0.2288097058736667,0.21766006026088144,0.22323488306727407,0.0667097261684034,0.09501377368043315,5828428.092755038,8123168.527338877,0.04634195827904141,0.06458748928471716,0.9999999999999998,0.9999999999999998,0.9999999999999998,193.7608990505716,1.1912420073629142,1556.52,0.1535684751752855
79,2011-09-14 05:25:00,2011-09-24 03:23:00,train,9.915277777777778,1556.52,1556.59,0.06999999999993634,0.14919607223487738,0.10965976981886344,0.12942792102687042,0.03324223022217155,0.04698669770212458,2852774.215396182,4669482.942532706,0.02268246970975735,0.03712716023322498,1.0,1.0,1.0,236.1832782239017,1.4520547945205475,1556.59,0.09987211592574419
80,2011-09-24 03:23:00,2011-10-04 01:22:00,train,9.915972222222223,1556.59,1556.36,-0.2300000000000182,0.12229387378092532,0.11531158132213773,0.11880272755153151,0.03158368309163326,0.04334983653114242,2851021.2773681595,4615138.319255913,0.022668532061446763,0.036695064953931086,0.9999999999999998,0.9999999999999998,0.9999999999999998,87.527352297593,0.5381181619256017,1556.36,0.09228922172519036
81,2011-10-04 01:22:00,2011-10-23 21:19:00,train,19.83125,1556.36,1557.23,0.8700000000001182,0.33402283851877296,0.2600888305355379,0.2970558345271554,0.05488305963700523,0.07004221411760381,6203924.531919858,10239776.575041074,0.04932753861747522,0.08141668581570385,1.0,1.0,1.0,83.16008316008315,0.5112681912681911,1557.23,0.2820249843706746
82,2011-10-23 21:19:00,2011-11-02 19:17:00,train,9.915277777777778,1557.23,1557.37,0.13999999999987267,0.02224941549518059,0.004206051300052051,0.013227733397616319,0.033432793813091485,0.05950414885760858,2213532.377155179,3894827.4769380474,0.01759984397833489,0.03096785781138624,1.0,1.0,1.0,168.20857863751053,1.0341463414634147,1557.37,-0.03866073907611379
83,2011-11-02 19:17:00,2011-11-12 17:16:00,train,9.915972222222223,1557.37,1557.47,0.10000000000013642,0.024719637750812554,3.945013920120002e-05,0.012379543945006876,0.03219364608681203,0.05608615521306508,1848634.918326465,2689373.1773689175,0.014698536362617993,0.021383264509572373,1.0,1.0,1.0,197.16088328075705,1.2121451104100942,1557.47,-0.03988533713641734
84,2011-11-12 17:16:00,2011-11-22 15:15:00,train,9.915972222222223,1557.47,1557.52,0.049999999999954525,0.02585290603528028,0.036503974510480056,0.031178440272880168,0.031740827684892496,0.05709416135032779,1518876.3430685056,1805318.108229373,0.012076618772906939,0.014354123465288806,0.9999999999999998,0.9999999999999998,0.9999999999999998,258.2644628099174,1.5878099173553721,1557.52,-0.01951994248516853
85,2011-11-22 15:15:00,2011-12-02 13:13:00,train,9.915277777777778,1557.52,1557.28,-0.2400000000000091,0.005583780073741114,0.00288779510703234,0.004235787590386726,0.032660541567090765,0.071568185146646,1220408.263073615,1459080.7784562416,0.009703492590233084,0.011601182940735005,0.9999999999999998,0.9999999999999998,0.9999999999999998,146.2843768285547,0.8993563487419544,1557.28,-0.05481646920848287
86,2011-12-02 13:13:00,2011-12-12 11:12:00,train,9.915972222222223,1557.28,1557.3,0.01999999999998181,0.003411718510241881,0.00303161464154058,0.0032216665758912307,0.030491256503048816,0.06814018201348035,963128.9549596288,1133853.5323440672,0.007657859226839698,0.009015294047420429,1.0,1.0,1.0,140.66676044450693,0.8648192432128285,1557.3,-0.05055541233772827
87,2011-12-12 11:12:00,2011-12-22 09:10:00,train,9.915277777777778,1557.3,1557.23,-0.06999999999993634,0.004594999812582077,0.001075852162976962,0.0028354259877795196,0.03001322621611707,0.0671781343176829,960598.9952000136,1145361.8970227223,0.007637743461874959,0.009106797304784307,1.0,1.0,1.0,199.28258270227187,1.2251893184535674,1557.23,-0.049536019325856585
88,2011-12-22 09:10:00,2012-01-01 07:09:00,train,9.915972222222223,1557.23,1556.83,-0.40000000000009095,0.006110120785439862,0.004068911560507976,0.00508951617297392,0.03033999960974962,0.0678370822424052,1048467.4195438097,1170698.759345514,0.008336387211129918,0.009308251247082086,1.0,1.0,1.0,68.07351940095303,0.41851599727705924,1556.83,-0.047803946975289155
89,2012-01-01 07:09:00,2012-01-11 05:07:00,train,9.915277777777778,1556.83,1557.41,0.5800000000001546,0.0039030346925868873,0.0011334486429991062,0.0025182416677929967,0.030432269104837918,0.07254568068949606,836291.9971036558,988665.2660426574,0.006649375821767161,0.007860898990559414,1.0,1.0,1.0,69.05123601712471,0.42452699903328267,1557.41,-0.0516770200011799
90,2012-01-11 05:07:00,2012-01-31 01:04:00,train,19.83125,1557.41,1556.99,-0.42000000000007276,0.008739512454899165,0.003001551995072921,0.005870532224986043,0.06336996134314112,0.15582699865882066,1633417.0076964963,1861061.276617268,0.012987334083616891,0.014797338607118297,1.0,1.0,1.0,211.99915200339203,1.303370786516854,1556.99,-0.11027752959257087
91,2012-01-31 01:04:00,2012-02-19 21:01:00,train,19.83125,1556.99,1556.95,-0.03999999999996362,0.03340719165153322,0.02268227691055082,0.028044734281042018,0.06331556292046146,0.13695493921183502,1726797.659717218,2004707.3696086376,0.013729805674781093,0.01593947181051632,1.0,1.0,1.0,115.24720525527255,0.7085398179094156,1556.95,-0.08380125339716257
92,2012-02-19 21:01:00,2012-02-29 19:00:00,train,9.915972222222223,1556.95,1557.37,0.4199999999998454,0.0019446188731694616,0.0,0.0009723094365847308,0.0358060555014946,0.09039549960903731,810629.5499720452,848095.8646151823,0.006445333147587225,0.00674322862856947,0.9999999999999998,0.9999999999999998,0.9999999999999998,106.72358591248666,0.6561366061899679,1557.37,-0.07005896017876007
93,2012-02-29 19:00:00,2012-03-10 16:58:00,train,9.915277777777778,1557.37,1557.14,-0.22999999999979082,0.0009153061997297969,0.001209746721496059,0.0010625264606129278,0.03555948842877545,0.09628007702081429,794567.9147675864,823592.8887725368,0.006317626737438072,0.006548404935775914,0.9999999999999998,0.9999999999999998,0.9999999999999998,181.38944313440956,1.11518229639035,1557.14,-0.06929687347748364
94,2012-03-10 16:58:00,2012-03-20 14:57:00,train,9.915972222222223,1557.14,1556.78,-0.36000000000012733,0.005164441212767167,0.004323396328297155,0.004743918770532161,0.03692748624530452,0.0998137029361561,693061.1804983082,774822.7016467748,0.005510544489928506,0.006160632119319192,1.0,1.0,1.0,117.9245283018868,0.725,1556.78,-0.0692683003196505
95,2012-03-20 14:57:00,2012-03-30 12:55:00,train,9.915277777777778,1556.78,1556.87,0.08999999999991815,0.022945962783138492,0.026130567543651582,0.024538265163395037,0.03554117349800973,0.07984985623601255,875248.3774461327,919183.2348674566,0.0069591188474686545,0.007308445852488325,1.0,1.0,1.0,129.6680497925311,0.797199170124481,1556.87,-0.04156974811895437
96,2012-03-30 12:55:00,2012-04-09 10:54:00,train,9.915972222222223,1556.87,1556.41,-0.459999999999809,0.053760009719495364,0.032081064815353943,0.04292053726742465,0.038501678511129074,0.0807969424464728,823779.8676514244,879578.5219138917,0.0065498916089005675,0.006993547920123175,1.0,1.0,1.0,77.15454054471107,0.4743461152688836,1556.41,-0.029156301876037127
97,2012-04-09 10:54:00,2012-04-19 08:52:00,train,9.915277777777778,1556.41,1556.46,0.049999999999954525,0.09565717205791678,0.061110209358765745,0.07838369070834127,0.034371078549023985,0.05821654309254344,875720.0325884792,980407.9521759123,0.006962868987743335,0.00779524490876928,1.0,1.0,1.0,54.79452054794522,0.3368767123287672,1556.46,0.02489259021660197
98,2012-04-19 08:52:00,2012-04-29 06:51:00,train,9.915972222222223,1556.46,1556.39,-0.06999999999993634,0.07029188385602059,0.001989429503388635,0.03614065667970461,0.039321852314915036,0.08190875720599787,1190857.6264291937,1249577.2787106528,0.009468534836838623,0.009935416066714263,1.0,1.0,1.0,53.550390917853704,0.32922780336296453,1556.39,-0.03830383976299767
99,2012-04-29 06:51:00,2012-05-19 02:48:00,train,19.83125,1556.39,1557.01,0.6199999999998909,0.16076466769973177,0.08931202916706485,0.1250383484333983,0.07312329735804238,0.13482978103369297,2242108.688850263,2299857.5225982214,0.01782705485290819,0.018286217083551097,1.0,1.0,1.0,69.08940168578141,0.42476164156418406,1557.01,0.0007799024325987197
100,2012-05-19 02:48:00,2012-06-17 20:44:00,train,29.747222222222224,1557.01,1556.83,-0.18000000000006366,0.3258161047043154,0.32404995505714124,0.3249330298807283,0.10528651883433424,0.16272234330376234,5061854.963473359,6041462.117654676,0.0402469186886647,0.04803579643519659,0.9999999999999999,0.9999999999999999,0.9999999999999999,50.84918132818062,0.3126207668056544,1556.83,0.18296792934766357
101,2012-06-17 20:44:00,2012-06-27 18:42:00,train,9.915277777777778,1556.83,1556.81,-0.01999999999998181,0.08465842821678568,0.09544117644447996,0.09004980233063281,0.034083652469360175,0.04920054676702731,1585117.1155257593,2073796.7472451588,0.01260330059255593,0.016488802951778316,1.0,1.0,1.0,49.98750312421894,0.30732316920769803,1556.81,0.04293863050194976
102,2012-06-27 18:42:00,2012-07-07 16:41:00,train,9.915972222222223,1556.81,1557.29,0.4800000000000182,0.05538310498670197,0.0595443577310868,0.057463731358894383,0.03668058750469874,0.06457694683300998,1457398.0317733726,1611983.333204538,0.011587803385333327,0.012816914472485792,1.0,1.0,1.0,185.56318426424198,1.1408424568565596,1557.29,-0.00434096415415644
103,2012-07-07 16:41:00,2012-07-17 14:39:00,train,9.915277777777778,1557.29,1557.44,0.15000000000009095,0.05606121316933053,0.042187777407133496,0.04912449528823201,0.03718027424465985,0.063127823481969,1138623.3932510663,1222618.564041801,0.009053219315027958,0.009721066741208564,1.0000000000000002,1.0000000000000002,1.0000000000000002,246.9135802469136,1.5180246913580246,1557.44,-0.016838630239403823
104,2012-07-17 14:39:00,2012-07-27 12:38:00,train,9.915972222222223,1557.44,1557.24,-0.20000000000004547,0.06658689037499674,0.04671675676144905,0.056651823568222896,0.03769715981298298,0.06311917558223402,1074676.7508543616,1241544.1693542236,0.008544778173287441,0.009871544639852299,1.0,1.0,1.0,147.36221632773353,0.9059829059829058,1557.24,-0.009552534225845566
105,2012-07-27 12:38:00,2012-08-06 10:36:00,train,9.915277777777778,1557.24,1557.21,-0.029999999999972715,0.07459648453575178,0.06403343520137673,0.06931495986856426,0.03768172040815495,0.06525123066412457,1209539.7245929397,1418885.6613608692,0.009617076604857595,0.01128159069222286,1.0,1.0,1.0,149.32059130954158,0.9180229953710616,1557.21,0.005830961518759836
106,2012-08-06 10:36:00,2012-08-26 06:33:00,train,19.83125,1557.21,1557.1,-0.11000000000012733,0.2612961669939975,0.17623338020099724,0.21876477359749738,0.07185856279905423,0.109372444857823,4093974.1258683973,4461879.667150231,0.032551277139766216,0.03547650208436218,1.0,1.0,1.0,162.31131309852296,0.997889952929719,1557.1,0.12089736888786219
107,2012-08-26 06:33:00,2012-09-15 02:30:00,train,19.83125,1557.1,1557.52,0.42000000000007276,0.19989244183052082,0.1850549248316546,0.1924736833310877,0.07422077437217382,0.12023311660923498,4745059.275244925,5889311.806883332,0.03772806929510158,0.04682604601163499,1.0,1.0,1.0,155.42430836182777,0.955548647808517,1557.52,0.08785562373626608
108,2012-09-15 02:30:00,2012-10-14 20:26:00,train,29.747222222222224,1557.52,1557.48,-0.03999999999996362,0.37827293176827653,0.25507585796998616,0.31667439486913135,0.10332631094477483,0.16030826868052037,7204992.931906971,8688511.21848518,0.05728705519525301,0.0690825412935134,1.0,1.0,1.0,53.05039787798409,0.3261538461538462,1557.48,0.1879107428075057
109,2012-10-14 20:26:00,2012-10-24 18:24:00,train,9.915277777777778,1557.48,1557.79,0.30999999999994543,0.05129682424102626,0.002485841628442512,0.026891332934734388,0.031658768618601896,0.050497636400855056,2088911.810112599,3083803.470626701,0.01660898314472926,0.02451938833288305,1.0000000000000002,1.0000000000000002,1.0000000000000002,51.132586797566084,0.31436314363143625,1557.79,-0.020076703762061998
110,2012-10-24 18:24:00,2012-11-03 16:23:00,train,9.915972222222223,1557.79,1558.06,0.2699999999999818,0.030731302259778135,0.04849958310729086,0.039615442683534494,0.031467555686025016,0.0525638536511233,1791515.603994217,2179628.2652937504,0.01424437945451393,0.017330271648992212,1.0,1.0,1.0,206.10057708161585,1.2671063478977742,1558.06,-0.007639330759720016
111,2012-11-03 16:23:00,2012-11-13 14:21:00,train,9.915277777777778,1558.06,1557.89,-0.16999999999984539,0.015096464262199462,0.023166891135837676,0.01913167769901857,0.03319125282000389,0.06235650596640187,1232876.3128227498,1526922.1640838706,0.009802626324423549,0.012140591270445023,1.0,1.0,1.0,246.79170779861798,1.5172754195459033,1557.89,-0.038826389214386116
112,2012-11-13 14:21:00,2012-11-23 12:20:00,train,9.915972222222223,1557.89,1557.54,-0.3500000000001364,0.0022204326378256482,0.0020774810783458133,0.0021489568580857306,0.032157568797725494,0.0717719033996894,1007515.089872591,1171269.1566357373,0.008010774348990944,0.00931278648831786,1.0,1.0,1.0,178.6671431123816,1.098445595854922,1557.54,-0.05668169275653663
113,2012-11-23 12:20:00,2012-12-03 10:18:00,train,9.915277777777778,1557.54,1557.35,-0.19000000000005457,0.004932635834888154,0.012860476245046592,0.008896556039967371,0.03060308012671828,0.06542274046532899,990543.5189830483,1065170.363076919,0.007875833020458363,0.008469192677720594,1.0,1.0,1.0,115.40680900173112,0.7095210617426428,1557.35,-0.044505139183004035
114,2012-12-03 10:18:00,2012-12-13 08:17:00,train,9.915972222222223,1557.35,1557.57,0.22000000000002728,0.004019378834152793,0.006311193470939746,0.00516528615254627,0.02974581361900548,0.06486707602233356,961290.9998401386,1059550.8458466302,0.007643245605789445,0.0084245117742437,0.9999999999999998,0.9999999999999998,0.9999999999999998,138.715494520738,0.8528228603134971,1557.57,-0.046297838384896706
115,2012-12-13 08:17:00,2012-12-23 06:16:00,train,9.915972222222223,1557.57,1557.39,-0.1799999999998363,0.0009163941694666977,0.0018189245287012204,0.001367659349083959,0.03145796403525851,0.07477954247415639,885495.6746263327,940384.9824838629,0.0070405953297792215,0.007477021407997638,0.9999999999999998,0.9999999999999998,0.9999999999999998,160.0,0.9836799999999999,1557.39,-0.056251084546020666
116,2012-12-23 06:16:00,2013-01-02 04:14:00,train,9.915277777777778,1557.39,1557.39,0.0,0.001354572335217006,0.0,0.000677286167608503,0.031546847956821125,0.08025064812626137,809887.9320052748,851796.5631924819,0.006439436527035659,0.006772652963286013,1.0,1.0,1.0,74.39922624804701,0.457406442972993,1557.39,-0.05761535349826751
117,2013-01-02 04:14:00,2013-01-12 02:13:00,train,9.915972222222223,1557.39,1557.47,0.07999999999992724,0.003475926516470087,6.836345329047729e-05,0.0017721449848802822,0.0308432295865181,0.07213482626725617,859967.5654119331,892680.3495693924,0.006837620779295008,0.007097720836204122,1.0,1.0,1.0,81.6926721673066,0.5022465484846009,1557.47,-0.05409204715245493
118,2013-01-12 02:13:00,2013-01-21 00:11:00,train,8.915277777777778,1557.47,1557.29,-0.18000000000006366,0.003236431458950533,0.0,0.0016182157294752665,0.028222338044355994,0.07018963786290061,741979.429195717,796202.5513695071,0.005899494547155259,0.006330623768541839,1.0000000000000002,1.0000000000000002,1.0000000000000002,153.70427297878885,0.9449738702735938,1557.29,-0.050100341867436116
119,2013-01-21 00:11:00,2013-01-31 22:10:00,train,10.915972222222223,1557.29,1557.42,0.13000000000010914,0.019886695403524227,0.0031062734638079934,0.011496484433666111,0.035512166928914866,0.08158184916787158,1013364.5980829027,1115293.1754405396,0.00805728391574225,0.008867720246804003,1.0,1.0,1.0,170.0102006120367,1.0452227133628016,1557.42,-0.05266299958592889
120,2013-01-31 22:10:00,2013-02-10 20:08:00,train,9.915277777777778,1557.42,1557.11,-0.3100000000001728,0.0028029138105188033,0.0033273191534101375,0.0030651164819644706,0.03328128172695366,0.08388144109017043,712361.2767465237,833207.1016129398,0.00566399997413154,0.0066248477507588445,1.0,1.0,1.0,58.678558854594534,0.3607557798380472,1557.11,-0.06009689633352378
121,2013-02-10 20:08:00,2013-02-20 18:07:00,train,9.915972222222223,1557.11,1557.46,0.3500000000001364,0.008849946996602562,0.00045333682323937043,0.004651641909920966,0.034152715352240674,0.08622292820285694,767898.0167224234,858630.3693926788,0.00610557379917646,0.006826988704720353,1.0,1.0,1.0,59.01445854234288,0.362820891118324,1557.46,-0.060776497061813525
122,2013-02-20 18:07:00,2013-03-02 16:05:00,train,9.915277777777778,1557.46,1557.39,-0.06999999999993634,0.004360515677903562,0.014532124439407905,0.009446320058655732,0.03649313490103091,0.08777456244897795,757663.2874847264,847134.2706128575,0.0060241972448495384,0.006735582973784349,1.0,1.0,1.0,176.4290755116443,1.084685956245589,1557.39,-0.062250135292798665
123,2013-03-02 16:05:00,2013-03-12 14:04:00,train,9.915972222222223,1557.39,1557.11,-0.2800000000002001,0.0029922314925729513,0.0029587969240978925,0.0029755142083354217,0.03668452676958297,0.10273697284401372,745400.9219122664,817727.7079813965,0.0059266989100124545,0.006501770755994247,0.9999999999999998,0.9999999999999998,0.9999999999999998,159.2356687898089,0.978980891719745,1557.11,-0.07045950963515767
124,2013-03-12 14:04:00,2013-03-22 12:02:00,train,9.915277777777778,1557.11,1557.07,-0.03999999999996362,0.03320391087299512,0.016492372184117365,0.02484814152855624,0.03796108231344313,0.08978430062137674,785977.7930761698,821543.0913090649,0.006249326493409953,0.0065321069516503525,0.9999999999999998,0.9999999999999998,0.9999999999999998,198.72813990461046,1.221780604133545,1557.07,-0.0487887696760969
125,2013-03-22 12:02:00,2013-04-11 07:59:00,train,19.83125,1557.07,1556.93,-0.13999999999987267,0.04350394298529086,0.007227734288405393,0.025365838636848128,0.0782828493231978,0.17789777100045567,1550576.041928008,1613424.3223090353,0.012328663766621674,0.012828371808134176,0.9999999999999998,0.9999999999999998,0.9999999999999998,111.04941699056079,0.6827318156579677,1556.93,-0.133109144965035
126,2013-04-11 07:59:00,2013-04-21 05:58:00,train,9.915972222222223,1556.93,1556.95,0.01999999999998181,0.06491352686707827,0.0023442526049986265,0.033628889736038454,0.03906808044472088,0.08034335294635819,889567.7591658009,882708.4420486906,0.007072972562342378,0.007018433983053913,1.0,1.0,1.0,101.98878123406423,0.6270270270270268,1556.95,-0.04167366624408421
127,2013-04-21 05:58:00,2013-05-01 03:56:00,train,9.915277777777778,1556.95,1556.58,-0.37000000000011823,0.08115347053476613,0.06278127867438367,0.0719673746045749,0.037790302665965204,0.07379426524812174,965175.5817071118,917978.6332407693,0.007674132000533607,0.0072988680388071025,1.0000000000000002,1.0000000000000002,1.0000000000000002,150.6704836522525,0.9263221334940483,1556.58,0.00695250911353577
128,2013-05-01 03:56:00,2013-05-20 23:53:00,train,19.83125,1556.58,1556.83,0.25,0.1548619433430223,0.06560928725518385,0.11023561529910307,0.07986447583922993,0.1517758072612423,2231326.2247591224,2188482.677021864,0.017741323246872245,0.017400673268838863,1.0,1.0,1.0,119.83223487118032,0.7367285799880166,1556.83,-0.03706014482784736
129,2013-05-20 23:53:00,2013-06-09 19:50:00,train,19.83125,1556.83,1556.69,-0.13999999999987267,0.26689043387115047,0.2356761381728392,0.25128328602199484,0.06385140854068079,0.0902778530707084,2975475.836996448,3199293.614850896,0.023658072966497957,0.0254376529764721,1.0,1.0,1.0,24.555544641980156,0.150967488458894,1556.69,0.1786723134673108
130,2013-06-09 19:50:00,2013-06-19 17:49:00,train,9.915972222222223,1556.69,1556.31,-0.38000000000010914,0.08083343574305484,0.03538066562596667,0.058107050684510754,0.036292093956724704,0.06008385166586456,1552616.364925853,1879093.6505030694,0.01234488641906538,0.014940714403300226,0.9999999999999998,0.9999999999999998,0.9999999999999998,14.986886474334959,0.1,1556.31,-0.0015491939700136154
131,2013-06-19 17:49:00,2013-06-29 15:48:00,train,9.915972222222223,1556.31,1557.34,1.0299999999999727,0.11558124896045198,0.1086414603955409,0.11211135467799645,0.03458431892507721,0.0529843935225351,1743046.836288963,2723243.285889708,0.013859003230412364,0.021652566477615553,0.9999999999999998,0.9999999999999998,0.9999999999999998,30.711587481956954,0.18881483983907135,1557.34,0.06928064523328234
132,2013-06-29 15:48:00,2013-07-09 13:46:00,train,9.915277777777778,1557.34,1557.18,-0.15999999999985448,0.11753896685858847,0.11405608552718875,0.1157975261928886,0.035321725043935416,0.052798654730015514,2331342.788841325,2569979.6030224916,0.01853655711887831,0.020433963608352482,1.0,1.0,1.0,241.25452352231608,1.483232810615199,1557.18,0.07085896530552979
133,2013-07-09 13:46:00,2013-07-19 11:45:00,train,9.915972222222223,1557.18,1557.19,0.009999999999990905,0.09886901005956575,0.09155894636226823,0.095213978210917,0.035659116802472565,0.05500140462168505,2469412.715268548,3166958.9991634735,0.01963435410088692,0.025180559745276884,1.0,1.0,1.0,221.58209616662975,1.3622867272324397,1557.19,0.047820281546358104
134,2013-07-19 11:45:00,2013-07-29 09:43:00,train,9.915277777777778,1557.19,1556.93,-0.2599999999999909,0.03679476955348172,0.07502907706482703,0.05591192330915438,0.038604045787676664,0.07174237096439998,1558600.7653867125,1891182.142543587,0.012392468517028802,0.015036830265910685,1.0,1.0,1.0,85.3752241099633,0.5248868778280543,1556.93,-0.011005909265580073
135,2013-07-29 09:43:00,2013-08-08 07:42:00,train,9.915972222222223,1556.93,1557.31,0.37999999999988177,0.04353622425766095,0.05864841366141716,0.05109231895953906,0.03890090736317398,0.07095613188479219,1100631.94214508,1247713.2788554623,0.008751148462630835,0.009920595363405123,1.0,1.0,1.0,85.3752241099633,0.5248868778280543,1557.31,-0.019622544980049957
136,2013-08-08 07:42:00,2013-08-28 03:39:00,train,19.83125,1557.31,1557.56,0.25,0.20834742406692355,0.19570498296513228,0.20202620351602793,0.07050023593984964,0.11020396011125398,3154576.903823014,3443017.22595746,0.025082109436455544,0.02737550469871559,1.0,1.0,1.0,221.58209616662975,1.3622867272324397,1557.56,0.10212174617482608
137,2013-08-28 03:39:00,2013-09-16 23:36:00,train,19.83125,1557.56,1557.83,0.2699999999999818,0.30238275461791636,0.3374684820035647,0.31992561831074057,0.062132720966779145,0.08257845207053598,4289288.190710281,6670068.1966228355,0.034104223508867625,0.053033857013777816,1.0,1.0,1.0,221.58209616662975,1.3622867272324397,1557.83,0.27521368787121303
138,2013-09-16 23:36:00,2013-09-26 21:34:00,train,9.915277777777778,1557.83,1557.45,-0.37999999999988177,0.1308323091239482,0.11280934349139071,0.12182082630766945,0.032516775709986734,0.04353288667693973,2365720.8158444455,4607703.257547132,0.018809897557799517,0.036635948616896966,0.9999999999999998,0.9999999999999998,0.9999999999999998,27.100271002710027,0.16661246612466124,1557.45,0.0929804763866002
139,2013-09-26 21:34:00,2013-10-06 19:33:00,train,9.915972222222223,1557.45,1557.89,0.44000000000005457,0.05436581977835956,0.09096706305869544,0.0726664414185275,0.034779255553016454,0.05466184953396438,1975172.3347990275,3647184.6267371657,0.0157046381076491,0.02899884413403169,0.9999999999999998,0.9999999999999998,0.9999999999999998,26.343519494204422,0.16195995785036876,1557.89,0.02575904615280432
140,2013-10-06 19:33:00,2013-10-16 17:31:00,train,9.915277777777778,1557.89,1558.03,0.13999999999987267,0.09054478860054777,0.06553965209629625,0.07804222034842201,0.03365130367104297,0.05087734033940784,2211194.0094268345,3687319.681974484,0.017581251565769535,0.02931795882940673,1.0,1.0,1.0,134.04825737265415,0.8241286863270777,1558.03,0.03553717019144942
141,2013-10-16 17:31:00,2013-10-26 15:30:00,train,9.915972222222223,1558.03,1557.95,-0.07999999999992724,0.17604319987437642,0.06866879657850904,0.12235599822644272,0.031589073146939546,0.04367677457355515,2702826.1825155905,3657522.539104219,0.021490229645508393,0.029081041099659848,1.0,1.0,1.0,88.33141948591113,0.5430615669993816,1557.95,0.09327142859615982
142,2013-10-26 15:30:00,2013-11-15 11:27:00,train,19.83125,1557.95,1557.97,0.01999999999998181,0.12558251892412142,0.12786317601200506,0.12672284746806323,0.06044423448100186,0.09135019551137794,5151917.954180179,6677633.6957163345,0.04096301148270795,0.053094010461289136,1.0,1.0,1.0,55.42929992794192,0.3407793359569869,1557.97,0.0551466319219282
143,2013-11-15 11:27:00,2013-11-25 09:25:00,train,9.915277777777778,1557.97,1557.99,0.01999999999998181,0.03751764317158839,0.07101605038103183,0.054266846776310114,0.03121079333064355,0.05132334368254696,1581492.0231472861,2045876.5283513325,0.012574477404367386,0.016266808685309157,1.0,1.0,1.0,54.90885130683066,0.3375796178343949,1557.99,0.009764342444918889
144,2013-11-25 09:25:00,2013-12-05 07:24:00,train,9.915972222222223,1557.99,1557.64,-0.34999999999990905,0.015132744884845667,0.016303874165295964,0.015718309525070816,0.03128312583142396,0.06134527812331433,1116313.7618451158,1461611.8572076752,0.008875834951459933,0.011621307602827981,1.0,1.0,1.0,70.00350017500875,0.4303815190759538,1557.64,-0.037291911970065136
145,2013-12-05 07:24:00,2013-12-15 05:22:00,train,9.915277777777778,1557.64,1557.92,0.2799999999999727,0.01360124833698931,0.00958116766087072,0.011591207998930014,0.029640287717802118,0.05409034057167113,1013598.3994443845,1232982.702186798,0.00805914287544235,0.009803472228566415,1.0,1.0,1.0,111.04941699056079,0.6827318156579677,1557.92,-0.03792572537728938
146,2013-12-15 05:22:00,2013-12-25 03:21:00,train,9.915972222222223,1557.92,1557.95,0.029999999999972715,0.010187388241627328,0.006215183450429601,0.008201285846028465,0.028105473337706705,0.05377342503298924,998916.5390369946,1201010.9516273292,0.007942407084654485,0.009549264145880013,0.9999999999999998,0.9999999999999998,0.9999999999999998,211.99915200339203,1.303370786516854,1557.95,-0.0373744558213278
147,2013-12-25 03:21:00,2014-01-04 01:20:00,train,9.915972222222223,1557.95,1557.88,-0.06999999999993634,0.002284398209049901,0.0019068086009435107,0.002095603404996706,0.030239873564364958,0.06554779573842015,958168.3577467521,1017981.6150803284,0.007618417410723957,0.008093993918107088,0.9999999999999998,0.9999999999999998,0.9999999999999998,174.30712916158274,1.0716402300854106,1557.88,-0.05149382464451513
148,2014-01-04 01:20:00,2014-02-12 17:14:00,train,39.6625,1557.88,1557.88,0.0,0.014074907108565267,0.002699367366885955,0.008387137237725611,0.12729336049711415,0.3129227300883543,3683630.766880191,3912801.0216890285,0.029288628185419344,0.03111076585584025,1.0,1.0,1.0,190.40365575019038,1.1706016755521704,1557.88,-0.22549827450324755
149,2014-02-12 17:14:00,2014-02-22 15:12:00,train,9.915277777777778,1557.88,1557.84,-0.040000000000190994,0.005948932328580669,0.0029158164754136523,0.0044323744019971615,0.03464375368700505,0.08462094733276238,815974.2941231607,863388.6443491474,0.006487829324347306,0.006864821852183728,1.0,1.0,1.0,236.2948960302458,1.452741020793951,1557.84,-0.06249187209169362
150,2014-02-22 15:12:00,2014-03-04 13:11:00,train,9.915972222222223,1557.84,1557.61,-0.2300000000000182,0.016137063138333543,0.016187057184310048,0.0161620601613218,0.03645848775373175,0.08496943218283866,789508.5677318816,844248.7307052901,0.006277399759337534,0.006712639983344916,1.0,1.0,1.0,198.72813990461046,1.221780604133545,1557.61,-0.05432683817142306
151,2014-03-04 13:11:00,2014-03-24 09:08:00,train,19.83125,1557.61,1557.48,-0.12999999999988177,0.044560916851161425,0.05849446452831298,0.0515276906897372,0.07489981012378273,0.16029833137991886,1620121.9198906359,1708472.7934841912,0.012881624551885473,0.01358410426559745,1.0,1.0,1.0,181.25793003443906,1.1143737538517313,1557.48,-0.09215924477355089
152,2014-03-24 09:08:00,2014-04-03 07:06:00,train,9.915277777777778,1557.48,1557.28,-0.20000000000004547,0.0066584108400729045,0.014645612300629956,0.01065201157035143,0.04024995841314826,0.10211911287071045,744957.3876377802,771321.1812874964,0.0059231723593685314,0.006132791454937556,0.9999999999999998,0.9999999999999998,0.9999999999999998,54.1213400443795,0.33273799859284514,1557.28,-0.07236429409124509
153,2014-04-03 07:06:00,2014-04-13 05:05:00,train,9.915972222222223,1557.28,1556.82,-0.4600000000000364,0.05011152300486592,0.015032267773092245,0.03257189538897908,0.03769737320573378,0.08345126304648567,806893.546787952,849262.4682610908,0.006415628105175733,0.006752504319480725,0.9999999999999998,0.9999999999999998,0.9999999999999998,32.509752925877756,0.19986996098829643,1556.82,-0.038903118153710545
154,2014-04-13 05:05:00,2014-05-12 23:00:00,train,29.74652777777778,1556.82,1557.56,0.7400000000000091,0.279428701072187,0.19894879328067533,0.23918874717643115,0.1071974039635127,0.1944302446579418,3062694.1370131676,3017695.2358800108,0.024351547563116544,0.02399376032344765,0.9999999999999999,0.9999999999999999,0.9999999999999999,41.82525408841859,0.25714166213559747,1557.56,0.06738404410258764
155,2014-05-12 23:00:00,2014-05-22 20:59:00,train,9.915972222222223,1557.56,1557.31,-0.25,0.1071060447534846,0.08991105433349332,0.09850854954348896,0.03342574967933228,0.053227563666955253,1556439.677851272,1462549.664783653,0.012375285663125325,0.011628764131220904,1.0,1.0,1.0,53.67974663159589,0.3300230822910515,1557.31,0.0527665400364149
156,2014-05-22 20:59:00,2014-06-01 18:57:00,train,9.915277777777778,1557.31,1557.34,0.029999999999972715,0.15650670870499864,0.08044350228756812,0.11847510549628337,0.03461131197828737,0.05055632388171936,2129275.416315757,2410292.0786903156,0.01692991505379468,0.019164284636163757,1.0,1.0,1.0,61.862047633776655,0.38032786885245884,1557.34,0.07558659680467618
157,2014-06-01 18:57:00,2014-06-11 16:56:00,train,9.915972222222223,1557.34,1557.64,0.3000000000001819,0.12511643078315593,0.18528863730196277,0.15520253404255938,0.0311437219533914,0.0432610790326617,2123638.9066311903,2883814.5600189096,0.01688509904294498,0.02292927216362336,1.0,1.0,1.0,61.862047633776655,0.38032786885245884,1557.64,0.13034757910308495
158,2014-06-11 16:56:00,2014-06-21 14:55:00,train,9.915972222222223,1557.64,1558.09,0.4499999999998181,0.20607762684607758,0.08204054877148236,0.14405908780877996,0.036929879216522875,0.05509253406699457,2384028.2057317374,3351727.493593994,0.018955460012178876,0.026649658055132336,1.0,1.0,1.0,85.99191675982458,0.5286783042394014,1558.09,0.10153814021803081
159,2014-06-21 14:55:00,2014-07-11 10:52:00,train,19.83125,1558.09,1558.02,-0.06999999999993634,0.1834738444643586,0.12525274786505952,0.15436329616470906,0.07810370751337091,0.13706910607717576,4230723.143609181,5509871.6143094255,0.033638571548136924,0.04380910880424128,1.0,1.0,1.0,236.1832782239017,1.4520547945205475,1558.02,0.030548010000789827
160,2014-07-11 10:52:00,2014-07-21 08:50:00,train,9.915277777777778,1558.02,1557.97,-0.049999999999954525,0.05393215251422061,0.0443071849406516,0.0491196687274361,0.0381515375709678,0.0678807863961193,1392183.4143478598,1597745.7949009137,0.011069280546615726,0.01270371149638955,1.0,1.0,1.0,221.58209616662975,1.3622867272324397,1557.97,-0.01852699964530851
161,2014-07-21 08:50:00,2014-07-31 06:49:00,train,9.915972222222223,1557.97,1557.79,-0.18000000000006366,0.020304174873986496,0.05888038749606001,0.039592281185023254,0.03845613451294696,0.07431793730046668,1181308.4513093212,1318727.2141681102,0.00939260913818336,0.010485228704525007,1.0,1.0,1.0,191.57088122605367,1.1777777777777778,1557.79,-0.03145725642295666
162,2014-07-31 06:49:00,2014-08-10 04:47:00,train,9.915277777777778,1557.79,1557.76,-0.029999999999972715,0.038986022779996514,0.08003790832755653,0.05951196555377652,0.037610770340857844,0.07013651584780932,1044400.5355584156,1155935.733403063,0.008304051328285088,0.009190870107363146,1.0,1.0,1.0,198.72813990461046,1.221780604133545,1557.76,-0.006243454718390357
163,2014-08-10 04:47:00,2014-08-20 02:46:00,train,9.915972222222223,1557.76,1557.9,0.14000000000010004,0.050364769750360174,0.04391936728852542,0.047142068519442804,0.03839231018825688,0.06980486072869949,1036081.3736420169,1068032.0024158629,0.008237905491309667,0.008491945634220108,0.9999999999999998,0.9999999999999998,0.9999999999999998,241.48756339048546,1.4846655397247046,1557.9,-0.023290006912411926
164,2014-08-20 02:46:00,2014-08-29 00:44:00,train,8.915277777777778,1557.9,1557.83,-0.07000000000016371,0.06023960213897181,0.053393599902517,0.0568166010207444,0.03340920686128867,0.05890674333423391,908352.23261185,894950.671489857,0.0072223283184531285,0.0071157722150740005,1.0,1.0,1.0,246.9135802469136,1.5180246913580246,1557.83,-0.0010090241189683463
165,2014-08-29 00:44:00,2014-09-08 22:43:00,train,10.915972222222223,1557.83,1557.77,-0.05999999999994543,0.13559262779294942,0.16430247153309602,0.14994754966302273,0.036090740706609295,0.05354495227825176,1535149.73603746,1454811.644079257,0.012206008873638069,0.011567238960636534,1.0,1.0,1.0,77.87555486332842,0.4787789112997431,1557.77,0.1080655038233762
166,2014-09-08 22:43:00,2014-09-28 18:40:00,train,19.83125,1557.77,1558.11,0.33999999999991815,0.361756983391336,0.2335795781596548,0.2976682807754954,0.06347057795431789,0.08429551407612636,4687928.642344222,7031909.76900574,0.03727382239281404,0.05591086721003212,1.0,1.0,1.0,72.2491149483419,0.44418755870240595,1558.11,0.2464489963098531
167,2014-09-28 18:40:00,2014-10-08 16:38:00,train,9.915277777777778,1558.11,1558.17,0.060000000000172804,0.050398266477529645,0.10740918591351649,0.07890372619552306,0.0373577587856594,0.06145440053207364,2571128.730606731,3899224.4715023246,0.020443100346718066,0.031002818410609242,1.0,1.0,1.0,194.51468585878234,1.1958762886597938,1558.17,0.02611720107752457
168,2014-10-08 16:38:00,2014-10-18 14:37:00,train,9.915972222222223,1558.17,1558.47,0.2999999999999545,0.183404165056304,0.12697977097693955,0.15519196801662177,0.027727813186622124,0.03802911958717377,1953809.3153744356,3322488.3480017744,0.015534780276492292,0.026417176973855247,0.9999999999999998,0.9999999999999998,0.9999999999999998,246.79170779861798,1.5172754195459033,1558.47,0.14202257634599863
169,2014-10-18 14:37:00,2014-10-28 12:35:00,train,9.915277777777778,1558.47,1558.39,-0.07999999999992724,0.08102591207709273,0.07365232342986779,0.07733911775348025,0.03010657365236518,0.04382206748955628,3258974.3032404454,5199918.717911242,0.025912175425303694,0.04134466659705209,1.0,1.0,1.0,241.25452352231608,1.483232810615199,1558.39,0.05031582621110247
170,2014-10-28 12:35:00,2014-11-07 10:34:00,train,9.915972222222223,1558.39,1557.85,-0.540000000000191,0.03315605914722026,0.036155913798654335,0.0346559864729373,0.03130288795643918,0.05435423533463159,1805657.2875422104,2424791.573674267,0.014356820287367499,0.019279570435511387,1.0,1.0,1.0,62.90099383570258,0.3867153101018994,1557.85,-0.0121205017572334
171,2014-11-07 10:34:00,2014-11-17 08:32:00,train,9.915277777777778,1557.85,1558.21,0.36000000000012733,0.03174742572593443,0.007127891828120713,0.01943765877702757,0.03157767106840903,0.053675247741630974,1666364.798464797,2130526.783926671,0.013249302683189926,0.016939864704831605,1.0,1.0,1.0,61.770337883748205,0.37976403730928393,1558.21,-0.03164822164960205
172,2014-11-17 08:32:00,2014-11-27 06:31:00,train,9.915972222222223,1558.21,1558.34,0.12999999999988177,0.033460249303281064,0.05060705213940968,0.042033650721345364,0.029903498085787298,0.05037592203469124,1296872.1213839084,1704402.2370882959,0.010311458387404854,0.01355173918333701,0.9999999999999998,0.9999999999999998,0.9999999999999998,196.03999215840037,1.2052538717898453,1558.34,-0.0016885299840051562
173,2014-11-27 06:31:00,2014-12-07 04:29:00,train,9.915277777777778,1558.34,1558.18,-0.15999999999985448,0.005422451168674836,0.0021546080566928333,0.0037885296126838348,0.030585096062050593,0.06367424242497548,1154236.7640326477,1560552.1300987536,0.009177361565020654,0.012407983860211129,1.0,1.0,1.0,167.6445934618609,1.0306789606035207,1558.18,-0.04877836850713622
174,2014-12-07 04:29:00,2014-12-17 02:28:00,train,9.915972222222223,1558.18,1558.26,0.07999999999992724,0.0025721405414700542,0.0007719274046692202,0.001672033973069637,0.03008492068236053,0.06432626182561763,1053141.2769536725,1268182.4471145999,0.008373549152847838,0.010083346164543212,1.0,1.0,1.0,185.56318426424198,1.1408424568565596,1558.26,-0.05070151360061577
175,2014-12-17 02:28:00,2014-12-26 00:27:00,train,8.915972222222223,1558.26,1557.92,-0.33999999999991815,0.0033021905548162468,0.0017069756934939093,0.002504583124155078,0.028516130026625973,0.058735141878627585,885751.1964007027,923809.4045566255,0.007042626988953667,0.0073452286281038845,1.0,1.0,1.0,58.29544129649063,0.35840037309082434,1557.92,-0.04952764435934548
176,2014-12-26 00:27:00,2015-01-05 22:25:00,train,10.915277777777778,1557.92,1558.05,0.12999999999988177,0.0009362084232080761,0.009017182284461809,0.004976695353834942,0.03440445331696774,0.0845318629045942,1041569.0578562785,1026482.9064835204,0.008281538187614523,0.008161587870585357,1.0,1.0,1.0,55.41701302299806,0.3407037960653921,1558.05,-0.057231770075875064
177,2015-01-05 22:25:00,2015-01-15 20:24:00,train,9.915972222222223,1558.05,1557.78,-0.2699999999999818,0.0022898757167777004,0.00131512459817162,0.0018025001574746601,0.030764623561997852,0.07918715375692663,828350.0569004919,880805.1487738783,0.006586229282821754,0.007003300856912446,0.9999999999999998,0.9999999999999998,0.9999999999999998,90.77705156136528,0.5580973129992737,1557.78,-0.05385982388603788
178,2015-01-15 20:24:00,2015-01-25 18:22:00,train,9.915277777777778,1557.78,1557.91,0.13000000000010914,0.0037819869305032016,0.0016928138426652835,0.0027374003865842426,0.031601518422700196,0.0735353770730433,865816.7311971913,903314.2038732991,0.00688412762341728,0.007182270842596001,1.0,1.0,1.0,97.88566953797965,0.6018010963194989,1557.91,-0.05520945609970295
179,2015-01-25 18:22:00,2015-02-04 16:21:00,train,9.915972222222223,1557.91,1557.97,0.05999999999994543,0.0005442540524992323,0.00030360407389111574,0.000423929063195174,0.033616155773949205,0.09206355372907947,803325.4862419269,852411.8022372602,0.006387258378324934,0.006777544742285602,1.0,1.0,1.0,246.79170779861798,1.5172754195459033,1557.97,-0.06411417667122266
180,2015-02-04 16:21:00,2015-02-14 14:19:00,train,9.915277777777778,1557.97,1557.9,-0.06999999999993634,0.01481118441083134,0.0005595746781795892,0.007685379544505464,0.033412733260257885,0.07748661878567038,795440.958327111,856655.8045354396,0.006324568325730389,0.006811288896679968,1.0,1.0,1.0,206.10057708161585,1.2671063478977742,1557.9,-0.05502987324230594
181,2015-02-14 14:19:00,2015-02-24 12:18:00,train,9.915972222222223,1557.9,1557.7,-0.20000000000004547,0.003631908483270494,0.005741253017945166,0.0046865807506078295,0.035456709779993795,0.0887843604532305,812244.2173739505,897087.459099265,0.006458171403148211,0.007132761859738134,0.9999999999999998,0.9999999999999998,0.9999999999999998,101.98878123406423,0.6270270270270268,1557.7,-0.06452155918552195
182,2015-02-24 12:18:00,2015-03-06 10:16:00,train,9.915277777777778,1557.7,1557.78,0.07999999999992724,0.0023054887713698613,0.001045148870576804,0.0016753188209733328,0.03556611263831318,0.09046646156662456,702891.0572942866,761717.2506460057,0.005588702053703479,0.006056430393941367,1.0,1.0,1.0,108.778418361797,0.6687697160883279,1557.78,-0.06880565728390384
183,2015-03-06 10:16:00,2015-03-16 08:15:00,train,9.915972222222223,1557.78,1557.54,-0.2400000000000091,0.004503556839013418,1.3988099977913187e-06,0.002252477824505605,0.03657185483274732,0.10095453049436165,714398.1820809768,775190.4357448563,0.005680195452659432,0.006163555981115181,1.0,1.0,1.0,183.82352941176472,1.1301470588235294,1557.54,-0.07110370953784129
184,2015-03-16 08:15:00,2015-03-26 06:13:00,train,9.915277777777778,1557.54,1557.07,-0.4700000000000273,0.023776117188499014,0.008591430752941274,0.016183773970720145,0.033709544347953924,0.0745947969762473,833729.8460069196,893669.6675909157,0.0066290041027822185,0.007105586925267676,1.0,1.0,1.0,56.25246104517071,0.3458401305057095,1557.07,-0.04589486149429333
185,2015-03-26 06:13:00,2015-04-05 04:12:00,train,9.915972222222223,1557.07,1557.73,0.6600000000000819,0.04204951579771638,0.03887815200833137,0.040463833903023876,0.036212358980825886,0.07450176190054361,875235.5946347844,968469.7768923731,0.006959017211058157,0.007700324217956374,1.0,1.0,1.0,59.01445854234288,0.362820891118324,1557.73,-0.024859658403708698
186,2015-04-05 04:12:00,2015-04-15 02:10:00,train,9.915277777777778,1557.73,1557.45,-0.2799999999999727,0.020648666611925,0.010090550790321569,0.015369608701123283,0.03915346476309794,0.09143282090561697,737398.5095620246,780372.472157922,0.005863071555713005,0.006204758465118247,1.0,1.0,1.0,217.0138888888889,1.3342013888888888,1557.45,-0.06354725053246552
187,2015-04-15 02:10:00,2015-05-04 22:07:00,train,19.83125,1557.45,1557.27,-0.18000000000006366,0.1880116558967669,0.09860476930590707,0.143308212601337,0.07754806429479914,0.14716214528642785,1810493.853734916,1808703.012426359,0.014395275930149607,0.014381036912032751,1.0,1.0,1.0,28.815122176118027,0.1771553711387736,1557.27,0.0071853818751298065
188,2015-05-04 22:07:00,2015-05-14 20:06:00,train,9.915972222222223,1557.27,1557.72,0.4500000000000455,0.019773484319723082,0.01164560548198874,0.01570954490085591,0.03984898449478527,0.08113476470225867,1058733.089109678,1050172.0022789123,0.00841800977267773,0.008349940385456884,1.0,1.0,1.0,27.86990329143558,0.17134416543574593,1557.72,-0.06434991382574365
189,2015-05-14 20:06:00,2015-05-24 18:04:00,train,9.915277777777778,1557.72,1558.23,0.5099999999999909,0.14701047842173728,0.08501723757896232,0.1160138580003498,0.03755500536269811,0.06451131052787362,1042657.5237004558,1081005.560542619,0.00829019260316813,0.00859509867649375,1.0,1.0,1.0,89.086859688196,0.5477060133630289,1558.23,0.059524908183630015
190,2015-05-24 18:04:00,2015-06-03 16:03:00,train,9.915972222222223,1558.23,1557.67,-0.5599999999999454,0.09258081969014448,0.06079538917971763,0.07668810443493106,0.03822308419899341,0.06691637784824819,1278560.8395107014,1261143.469853619,0.010165864987761003,0.010027379103551079,0.9999999999999998,0.9999999999999998,0.9999999999999998,99.52229299363057,0.6118630573248407,1557.67,0.012284171915333389
191,2015-06-03 16:03:00,2015-06-13 14:01:00,train,9.915277777777778,1557.67,1557.78,0.10999999999989996,0.2601936887428985,0.13323425637368333,0.1967139725582909,0.031202714885625423,0.0431626738394675,1691913.3819190739,1967041.6364732832,0.013452440024799825,0.01563999074877382,1.0,1.0,1.0,231.00023100023108,1.4201894201894205,1557.78,0.17553688786947408
192,2015-06-13 14:01:00,2015-06-23 12:00:00,train,9.915972222222223,1557.78,1557.43,-0.34999999999990905,0.05741723273344089,0.054567524563865204,0.05599237864865304,0.038516205029792784,0.06718993956987783,1864770.7526686755,2612872.712797013,0.014826832731721997,0.02077500765521995,1.0,1.0,1.0,106.14584439019214,0.6525846513109013,1557.43,-0.008277929275324135
193,2015-06-23 12:00:00,2015-07-03 09:59:00,train,9.915972222222223,1557.43,1557.15,-0.2799999999999727,0.02710367968942056,0.03161693248479973,0.029360306087110145,0.04049408607996086,0.07796829415745117,1180423.666117133,1317428.9256233913,0.00938557419191487,0.01047490598412492,1.0,1.0,1.0,75.04690431519701,0.4613883677298312,1557.15,-0.04949965370012041
194,2015-07-03 09:59:00,2015-07-13 07:57:00,train,9.915277777777778,1557.15,1557.22,0.06999999999993634,0.0494297819771944,0.04711545266362839,0.048272617320411396,0.03495496378938221,0.06437234912882892,951908.7574682842,1074980.541869947,0.007568647193037165,0.008547193622246537,1.0,1.0,1.0,97.22897423432183,0.5977637335926106,1557.22,-0.011639972228023064
195,2015-07-13 07:57:00,2015-07-23 05:56:00,train,9.915972222222223,1557.22,1557.06,-0.16000000000008185,0.09940177333804945,0.09189484840933473,0.09564831087369208,0.036260058102448985,0.05760606325608495,1191378.8292020303,1389198.6164455686,0.009472678931398826,0.011045548353705721,0.9999999999999998,0.9999999999999998,0.9999999999999998,67.75067750677508,0.41653116531165313,1557.06,0.040689595631412674
196,2015-07-23 05:56:00,2015-08-02 03:54:00,train,9.915277777777778,1557.06,1557.53,0.4700000000000273,0.024711246045685368,0.04667316656725435,0.035692206306469854,0.03988446685626124,0.07495617304184181,1102133.036313766,1174164.2417305256,0.00876308369494924,0.009335805372748076,1.0,1.0,1.0,79.87220447284346,0.4910543130990416,1557.53,-0.04076412787978418
197,2015-08-02 03:54:00,2015-08-12 01:53:00,train,9.915972222222223,1557.53,1557.38,-0.14999999999986358,0.03535600912507903,0.05345489808377475,0.044405453604426895,0.039837968987353645,0.07301384062916808,876045.3979718421,925374.0516484061,0.006965455974968928,0.007357669171093314,1.0,1.0,1.0,211.99915200339203,1.303370786516854,1557.38,-0.03128437475291372
198,2015-08-12 01:53:00,2015-08-21 23:51:00,train,9.915277777777778,1557.38,1557.99,0.6099999999999,0.07824456098612184,0.07095542292812201,0.07459999195712193,0.03729884238065552,0.062116157996714265,1006893.700476177,1014648.0412451068,0.008005833668411998,0.008067488600183723,1.0,1.0,1.0,135.83265417006245,0.835099157837544,1557.99,0.011812163859178323
199,2015-08-21 23:51:00,2015-08-31 21:50:00,train,9.915972222222223,1557.99,1557.51,-0.4800000000000182,0.07144586262864674,0.04128877162904129,0.05636731712884402,0.037963246542220254,0.06658294105067461,1016592.0598401529,1081995.8093147383,0.008082945534230364,0.008602972165975498,0.9999999999999998,0.9999999999999998,0.9999999999999998,119.60291831120679,0.7353187417772993,1557.51,-0.01120594226406698
200,2015-08-31 21:50:00,2015-09-10 19:48:00,train,9.915277777777778,1557.51,1557.57,0.05999999999994543,0.143372752590592,0.1012087719492008,0.12229076226989641,0.03510264192157942,0.05324244589089733,1507551.6012017378,1456872.741252276,0.011986575504506145,0.011583626788997981,1.0,1.0,1.0,156.03058199407084,0.9592760180995474,1557.57,0.07543053854576103
201,2015-09-10 19:48:00,2015-09-20 17:47:00,train,9.915972222222223,1557.57,1557.57,0.0,0.10998836209876585,0.0903692683983365,0.10017881524855117,0.03668513177052165,0.05532009264187381,1697235.4129834694,1662248.8724382636,0.013494755609314379,0.013216576866011479,1.0,1.0,1.0,132.1003963011889,0.8121532364597094,1557.57,0.045590259104159335
202,2015-09-20 17:47:00,2015-09-30 15:45:00,train,9.915277777777778,1557.57,1557.99,0.42000000000007276,0.18255087663960082,0.15994493451010008,0.17124790557485045,0.028682203106338698,0.0354718979691383,2229104.064227296,2623184.4916868643,0.017723654800248834,0.020856996833003613,1.0,1.0,1.0,149.32059130954158,0.9180229953710616,1557.99,0.15557366965451339
203,2015-09-30 15:45:00,2015-10-10 13:44:00,train,9.915972222222223,1557.99,1557.36,-0.6300000000001091,0.06699378029922787,0.026097518809740976,0.04654564955448442,0.03516948670563223,0.05441382554904116,2586181.3180433414,3034093.2063522697,0.02056278379616237,0.02412414094261167,1.0,1.0,1.0,184.60402436773123,1.1349455418128116,1557.36,-0.007864626869426641
204,2015-10-10 13:44:00,2015-10-20 11:42:00,train,9.915277777777778,1557.36,1557.52,0.16000000000008185,0.1081116773275614,0.10352708893120324,0.10581938312938231,0.028492393351778108,0.043772779129909185,1851780.0930168405,2409353.787641284,0.014723543714851241,0.01915682426366609,1.0,1.0,1.0,161.6814874696847,0.9940177849636215,1557.52,0.0791913710658115
205,2015-10-20 11:42:00,2015-11-09 07:39:00,train,19.83125,1557.52,1557.43,-0.08999999999991815,0.13088419877265722,0.059037346248399854,0.09496077251052853,0.06675500455904007,0.10228339096464978,4901052.697933016,5464317.541706768,0.038968376384932946,0.04344690738416767,1.0,1.0,1.0,171.23287671232876,1.0527397260273972,1557.43,-0.004782717263989045
206,2015-11-09 07:39:00,2015-11-19 05:38:00,train,9.915972222222223,1557.43,1557.68,0.25,0.0707887376975652,0.08242157772918553,0.07660515771337538,0.028805855999970004,0.04073028396329167,1690263.69729999,2031457.1137808152,0.013439323346584958,0.01615215960706699,1.0,1.0,1.0,98.11616954474096,0.6032182103610674,1557.68,0.04296710944354201
207,2015-11-19 05:38:00,2015-11-29 03:36:00,train,9.915277777777778,1557.68,1557.75,0.06999999999993634,0.04565373924464803,0.05495319436208726,0.05030346680336764,0.028719659792673515,0.04488943192414011,1980617.5571431238,2355905.5379686058,0.015747933188702583,0.018731856070355456,1.0,1.0,1.0,111.20996441281139,0.6837188612099644,1557.75,0.013636258216350134
208,2015-11-29 03:36:00,2015-12-09 01:35:00,train,9.915972222222223,1557.75,1557.57,-0.18000000000006366,0.005527866182382238,0.0,0.002763933091191119,0.03095471061826247,0.06169653504467704,1155924.456747337,1448886.2075400273,0.009190780446428695,0.01152012568609388,0.9999999999999998,0.9999999999999998,0.9999999999999998,71.24536905101168,0.43801652892561976,1557.57,-0.05144537986849801
209,2015-12-09 01:35:00,2015-12-18 23:34:00,train,9.915972222222223,1557.57,1557.76,0.19000000000005457,0.021138862449813084,0.01390225476252494,0.017520558606169013,0.03123373303314263,0.05167859101851975,1243518.0982844322,1430464.5934299594,0.00988723939162306,0.011373655032439846,1.0,1.0,1.0,67.0735797169495,0.4123683680998055,1557.76,-0.03514561855215548
210,2015-12-18 23:34:00,2015-12-28 21:32:00,train,9.915277777777778,1557.76,1557.6,-0.16000000000008185,0.00251020370075139,0.0,0.001255101850375695,0.031928112863502355,0.06492149858026049,1233251.654757525,1361794.132525286,0.009805610676294228,0.010827654707205899,1.0,1.0,1.0,137.02384214853384,0.842422581529186,1557.6,-0.05641211935902015
211,2015-12-28 21:32:00,2016-01-07 19:31:00,train,9.915972222222223,1557.6,1557.6,0.0,0.004739537374188447,0.000990159498493736,0.0028648484363410914,0.03085996101915455,0.06754032184167251,1128758.5072303861,1035446.9961828131,0.00897478339214746,0.008232861542361558,1.0,1.0,1.0,147.21036360959812,0.9050493154718092,1557.6,-0.05240029779927323
212,2016-01-07 19:31:00,2016-01-17 17:29:00,train,9.915277777777778,1557.6,1557.77,0.17000000000007276,0.005345811898552224,0.0,0.002672905949276112,0.031501316037922736,0.06494387030015852,1059835.3648136454,1069713.9626834828,0.00842677399072629,0.00850531893681707,1.0,1.0,1.0,217.0138888888889,1.3342013888888888,1557.77,-0.054437940550156445
213,2016-01-17 17:29:00,2016-01-27 15:28:00,train,9.915972222222223,1557.77,1557.82,0.049999999999954525,0.004515176427906211,0.0019468142623997363,0.003230995345152974,0.032767881880241524,0.07427724048332707,1060081.7054898862,1043353.4550226771,0.008428732650790222,0.0082957259682172,0.9999999999999998,0.9999999999999998,0.9999999999999998,235.84905660377353,1.4499999999999995,1557.82,-0.05767140856186795
214,2016-01-27 15:28:00,2016-02-06 13:26:00,train,9.915277777777778,1557.82,1557.61,-0.21000000000003638,0.0097375492982313,0.0005378628846383191,0.00513770609143481,0.03256594376495535,0.06688301541097214,1090614.3549658703,1049189.166651714,0.008671498409524293,0.008342125838051315,1.0,1.0,1.0,188.67924528301887,1.16,1557.61,-0.05482671622086752
215,2016-02-06 13:26:00,2016-02-16 11:25:00,train,9.915972222222223,1557.61,1557.44,-0.16999999999984539,0.0010042940175301303,0.00206205994604384,0.001533176981786985,0.03377880477892669,0.09481629169424396,910976.6146750754,976533.1421970008,0.00724319483720343,0.007764436210519208,1.0,1.0,1.0,164.79894528675018,1.01318391562294,1557.44,-0.06290208703784524
216,2016-02-16 11:25:00,2016-02-26 09:23:00,train,9.915277777777778,1557.44,1557.17,-0.2699999999999818,0.0010248516087578655,0.0047604113231253685,0.002892631465941617,0.03491422985454511,0.08997703631845065,858874.4954428676,889548.2542604492,0.006828929756244475,0.007072817478416548,1.0,1.0,1.0,167.98252981689907,1.0327565933142955,1557.17,-0.06501186039635579
217,2016-02-26 09:23:00,2016-03-07 07:22:00,train,9.915972222222223,1557.17,1557.19,0.01999999999998181,0.02917536578450578,0.020277314932450007,0.024726340358477896,0.03550993881185637,0.08093856857232791,817578.5239918091,882741.536773668,0.006500584590854807,0.0070186971199305715,1.0,1.0,1.0,151.21729925903523,0.9296839558445485,1557.19,-0.041374110045571524
218,2016-03-07 07:22:00,2016-03-17 05:20:00,train,9.915277777777778,1557.19,1557.3,0.10999999999989996,0.009151623117262128,0.0018844204161174575,0.005518021766689793,0.036838793102503216,0.07906490505672284,890577.6582168309,979968.1643063332,0.0070810022916182784,0.007791748145872093,1.0,1.0,1.0,179.43656917279742,1.1031760272743585,1557.3,-0.06742920743031461
219,2016-03-17 05:20:00,2016-04-15 23:16:00,train,29.747222222222224,1557.3,1557.17,-0.12999999999988177,0.046317493325317476,0.010120524748279312,0.028219009036798397,0.1199349708874516,0.2786829885661571,2874800.3320313618,2752710.04198309,0.022857599841228923,0.021886857294927963,1.0,1.0,1.0,120.5836247437598,0.7413481249246352,1557.17,-0.21755876903555102
220,2016-04-15 23:16:00,2016-05-15 17:11:00,train,29.74652777777778,1557.17,1557.07,-0.10000000000013642,0.22465807303534915,0.10277391500247798,0.16371599401891357,0.11465901527732343,0.21233116543484992,3466787.804974776,3244688.9302200135,0.027564505088453338,0.0257985921143358,1.0,1.0,1.0,117.85503830288745,0.724572775486152,1557.07,-0.04221136140462163
221,2016-05-15 17:11:00,2016-05-25 15:10:00,train,9.915972222222223,1557.07,1557.34,0.2699999999999818,0.10927748229787497,0.08700920485881349,0.09814334357834423,0.03961013635944974,0.06876552294533202,1300735.615577438,1207462.5843174895,0.01034217711359973,0.009600561217440483,1.0,1.0,1.0,225.93764121102575,1.3890646181653863,1557.34,0.03295065843548099
222,2016-05-25 15:10:00,2016-06-04 13:08:00,train,9.915277777777778,1557.34,1557.21,-0.12999999999988177,0.11890076319326359,0.03215923003812856,0.07552999661569608,0.03773721628459782,0.06822285641159431,1217619.5897988435,1152056.5234673787,0.009681319788493627,0.009160026424961267,1.0,1.0,1.0,246.9135802469136,1.5180246913580246,1557.21,0.012031793856574241
223,2016-06-04 13:08:00,2016-06-14 11:07:00,train,9.915972222222223,1557.21,1557.19,-0.01999999999998181,0.1564632178916208,0.12868195742027,0.1425725876559454,0.03175766848706917,0.0449695635490774,1816506.0940874915,1748597.378549576,0.014443079383696362,0.013903135712408175,1.0,1.0,1.0,231.00023100023108,1.4201894201894205,1557.19,0.11006146309588734
224,2016-06-14 11:07:00,2016-07-04 07:04:00,train,19.83125,1557.19,1557.02,-0.17000000000007276,0.20291080819655616,0.14930546474943082,0.1761081364729935,0.07387721005851607,0.12419028273982954,3792984.303940583,4472652.410920223,0.03015810053224603,0.03556215640391368,1.0,1.0,1.0,99.52229299363057,0.6118630573248407,1557.02,0.06516499232973233
225,2016-07-04 07:04:00,2016-07-14 05:03:00,train,9.915972222222223,1557.02,1557.26,0.2400000000000091,0.03536304641718141,0.09785016493162775,0.06660660567440457,0.03759966003691357,0.06944127337132393,1127565.2151111783,1362869.6161815757,0.008965295500605696,0.010836205901101818,1.0,1.0,1.0,99.52229299363057,0.6118630573248407,1557.26,0.0027393586878075374
226,2016-07-14 05:03:00,2016-07-24 03:01:00,train,9.915277777777778,1557.26,1557.03,-0.2300000000000182,0.08876461716325937,0.06979595038717575,0.07928028377521755,0.03680822523156142,0.06469505518717095,1109644.4027291257,1185644.7939979986,0.008822806732361658,0.009427087493026943,1.0,1.0,1.0,138.81177123820098,0.8534147695724595,1557.03,0.019299554799977546
227,2016-07-24 03:01:00,2016-08-12 22:58:00,train,19.83125,1557.03,1557.38,0.3500000000001364,0.1459095268556278,0.12234795145261922,0.13412873915412352,0.07424912987754105,0.12558906068070472,2404421.637091897,2526758.203726644,0.019117608627589225,0.020090309324375003,1.0,1.0,1.0,52.46314464088979,0.3225434132521904,1557.38,0.008740905496843518
228,2016-08-12 22:58:00,2016-08-22 20:57:00,train,9.915972222222223,1557.38,1557.11,-0.2700000000002092,0.1122270570933215,0.07632949143134522,0.09427827426233336,0.035699853647405744,0.055155750502578774,1715267.902669374,1609624.2208757969,0.013638132326225443,0.012798157119152396,1.0,1.0,1.0,54.00442836312578,0.33201922557649727,1557.11,0.04149694165547751
229,2016-08-22 20:57:00,2016-09-01 18:55:00,train,9.915277777777778,1557.11,1557.37,0.2599999999999909,0.11587712169545193,0.10648659608819308,0.11118185889182251,0.036593158080803725,0.059640925620133706,1443051.5958417223,1397738.2154339405,0.011473734561832889,0.011113446890625272,1.0,1.0,1.0,145.85764294049005,0.8967327887981328,1557.37,0.05781868087032606
230,2016-09-01 18:55:00,2016-09-11 16:54:00,train,9.915972222222223,1557.37,1557.56,0.19000000000005457,0.08462543795543427,0.13004374852453607,0.10733459323998516,0.03572784230689628,0.05868329012532009,1819459.0381674953,1952844.9088747923,0.01446655830617393,0.015527112259479942,1.0,1.0,1.0,225.42831379621276,1.3859332732191159,1557.56,0.057755069535759235
231,2016-09-11 16:54:00,2016-09-21 14:52:00,train,9.915277777777778,1557.56,1557.53,-0.029999999999972715,0.14821294810217017,0.10006724360810704,0.1241400958551386,0.03456377633331259,0.05151042318034066,1845403.128438416,2308449.6712521277,0.014672840331067949,0.01835453344400197,1.0,1.0,1.0,264.2007926023779,1.624306472919419,1557.53,0.0819969356903021
232,2016-09-21 14:52:00,2016-10-01 12:51:00,train,9.915972222222223,1557.53,1557.31,-0.22000000000002728,0.13669446550803843,0.059786688273868745,0.09824057689095358,0.0350787561270703,0.05488163848245246,2239356.1619028486,2953377.597762248,0.01780516945140215,0.02348236938667606,1.0,1.0,1.0,187.61726078799248,1.1534709193245776,1557.31,0.05238763879461115
233,2016-10-01 12:51:00,2016-11-10 04:46:00,train,39.66319444444444,1557.31,1556.57,-0.7400000000000091,0.19812920997309305,0.20826595118893723,0.20319758058101514,0.12476180866487012,0.20461816523078652,5908029.066141524,6881663.774440291,0.04697486734627911,0.05471625804595922,1.0000000000000002,1.0000000000000002,1.0000000000000002,30.88230752601833,0.18986442666996067,1556.57,0.018872478631293016
234,2016-11-10 04:46:00,2016-12-09 22:42:00,train,29.747222222222224,1556.57,1557.2,0.6300000000001091,0.040777440952932696,0.07046814609256755,0.055622793522750125,0.09256808398293692,0.17178756176218588,2889176.5645215367,3117175.489804264,0.022971905577812965,0.024784729981746554,0.9999999999999999,0.9999999999999999,0.9999999999999999,31.84713375796177,0.19579617834394897,1557.2,-0.10232584638168121
235,2016-12-09 22:42:00,2017-02-07 10:33:00,train,59.49375,1557.2,1556.51,-0.6900000000000546,0.05481820942755764,0.012056122959183535,0.03343716619337059,0.18905556981256114,0.43015298219050224,5748762.020678726,6051593.182744874,0.04570853161070785,0.04811634875363659,1.0,1.0,1.0,45.24886877828054,0.27819004524886876,1556.51,-0.3076894559715753
236,2017-02-07 10:33:00,2017-09-03 16:02:00,train,208.22847222222222,1556.51,1556.93,0.42000000000007276,1.4865675317264357,1.17783818127649,1.332202856501463,0.7531512405026134,1.3709508231630025,29635281.733862624,33539400.80670793,0.23563076833793928,0.2666725038300702,1.0,1.0,1.0,46.62222015012353,0.28663340948295946,1556.93,0.10543049142961736
237,2017-09-03 16:02:00,2017-09-13 14:01:00,train,9.915972222222223,1556.93,1557.06,0.12999999999988177,0.21394474970374872,0.06415387959400894,0.13904931464887885,0.03635756026004926,0.05240880252153735,2967224.291563056,3070128.1398222214,0.023592464749646623,0.024410655480815946,0.9999999999999998,0.9999999999999998,0.9999999999999998,264.2007926023779,1.624306472919419,1557.06,0.0964926203063653
238,2017-09-13 14:01:00,2017-09-23 11:59:00,train,9.915277777777778,1557.06,1556.68,-0.37999999999988177,0.08974754326047034,0.09732196256658705,0.0935347529135287,0.03506530349378347,0.05058821171206819,2761190.120368145,3372961.3618803117,0.02195428258223857,0.026818489002785335,1.0,1.0,1.0,107.15816545220748,0.6588084012001716,1556.68,0.04831845301602612
239,2017-09-23 11:59:00,2017-10-03 09:58:00,train,9.915972222222223,1556.68,1556.14,-0.5399999999999636,0.17238604732742743,0.14114175988164565,0.15676390360453654,0.027239263527368163,0.03210490239232198,2778886.8945017112,3686307.2987144394,0.022094990017505853,0.02930990934813103,1.0,1.0,1.0,15.49979075282484,0.1,1556.14,0.14651408489399473
240,2017-10-03 09:58:00,2017-10-13 07:56:00,train,9.915277777777778,1556.14,1556.55,0.4099999999998545,0.09358764810810855,0.10106810757711052,0.09732787784260953,0.031919779555679,0.04452629457629027,2795265.638194388,4013938.6358342706,0.022225217764128072,0.03191491322123138,1.0,1.0,1.0,10.68353240315378,0.1,1556.55,0.06427898841596742
241,2017-10-13 07:56:00,2017-10-23 05:55:00,train,9.915972222222223,1556.55,1556.43,-0.11999999999989086,0.05643643771799314,0.04004801585815748,0.04824222678807531,0.03299253024015572,0.05180417485409567,2242375.412092457,3287437.785038156,0.017829175575196445,0.026138489186913857,1.0,1.0,1.0,19.46850968558357,0.11969239754696778,1556.43,0.001474817803854729
242,2017-10-23 05:55:00,2017-11-02 03:53:00,train,9.915277777777778,1556.43,1556.91,0.4800000000000182,0.07125758215823988,0.03716286136900361,0.054210221763621745,0.028194828068449338,0.04171243683882402,2450764.792881768,3834497.169447558,0.019486084065212437,0.030488170226982254,1.0,1.0,1.0,41.49377593360996,0.25510373443983403,1556.91,0.02461591829351184
243,2017-11-02 03:53:00,2017-11-12 01:52:00,train,9.915972222222223,1556.91,1556.96,0.049999999999954525,0.0184829926526069,0.0037699240522942254,0.011126458352450562,0.03316535269937787,0.05982669651375565,1885632.4440788971,2390223.241062469,0.014992704492954577,0.01900471687256475,0.9999999999999998,0.9999999999999998,0.9999999999999998,76.5696784073507,0.47075038284839205,1556.96,-0.0452425080375216
244,2017-11-12 01:52:00,2017-11-21 23:50:00,train,9.915277777777778,1556.96,1556.4,-0.5599999999999454,0.014271871638388042,0.03177969221988105,0.023025781929134546,0.03130304325445807,0.059019447090052746,1342398.9658416822,1646154.50996705,0.010673443315907468,0.013088610240653971,1.0,1.0,1.0,21.227816931306787,0.13050861849367412,1556.4,-0.028232313220744758
245,2017-11-21 23:50:00,2017-12-01 21:49:00,train,9.915972222222223,1556.4,1557.18,0.7799999999999727,0.00933810432643203,0.0018776825264297324,0.005607893426430881,0.032008926364719116,0.06381767794065822,1151723.0925081698,1456373.04482107,0.00915737530816705,0.011579653691826907,1.0,1.0,1.0,22.080416878270665,0.13575040296760804,1557.18,-0.051269123538169786
246,2017-12-01 21:49:00,2017-12-11 19:47:00,train,9.915277777777778,1557.18,1557.07,-0.11000000000012733,0.011397850221605905,0.018226726613643173,0.01481228841762454,0.029800318890796623,0.06419792307564469,1146478.453840004,1357697.1603974912,0.00911567507227482,0.010795079592887741,1.0,1.0,1.0,246.9135802469136,1.5180246913580246,1557.07,-0.03424271897902737
247,2017-12-11 19:47:00,2017-12-21 17:46:00,train,9.915972222222223,1557.07,1557.16,0.09000000000014552,0.002797869658029474,0.004286768420209864,0.003542319039119669,0.03160869648723007,0.0697950421432381,944223.0779020702,991162.9703509021,0.007507538187978614,0.007880758291730159,0.9999999999999998,0.9999999999999998,0.9999999999999998,258.13113061435206,1.5869901910170363,1557.16,-0.054002309804869975
248,2017-12-21 17:46:00,2017-12-31 15:44:00,train,9.915277777777778,1557.16,1556.98,-0.18000000000006366,0.002247254780341424,0.0,0.001123627390170712,0.030264346465984013,0.07477041885114062,960923.016725385,928071.7466883294,0.007640319764056492,0.0073791186029126925,1.0,1.0,1.0,264.2007926023779,1.624306472919419,1556.98,-0.052997375344720786
249,2017-12-31 15:44:00,2018-01-10 13:43:00,train,9.915972222222223,1556.98,1556.97,-0.009999999999990905,0.0027163878047249262,0.00262043702707068,0.0026684124158978034,0.03071586847681405,0.0745451169119323,898709.2840577109,965738.6812362933,0.007145657025186538,0.00767860921711293,1.0,1.0,1.0,246.79170779861798,1.5172754195459033,1556.97,-0.052425705515050214
250,2018-01-10 13:43:00,2018-01-30 09:40:00,train,19.83125,1556.97,1556.63,-0.33999999999991815,0.016365312950360346,0.002163939505991394,0.009264626228175869,0.061826717980046436,0.15540438560444234,1659437.4789841913,1824286.8709033881,0.01319422341563323,0.014504944509051348,1.0,1.0,1.0,198.72813990461046,1.221780604133545,1556.63,-0.10181302446431253
251,2018-01-30 09:40:00,2018-02-09 07:39:00,train,9.915972222222223,1556.63,1556.49,-0.14000000000010004,0.0018149821448508279,0.0016692022738903313,0.0017420922093705795,0.033083732502575035,0.08282605643698861,823399.6768840206,934743.3340967176,0.006546868703856409,0.007432164539212194,0.9999999999999998,0.9999999999999998,0.9999999999999998,159.2356687898089,0.978980891719745,1556.49,-0.06071054220567869
252,2018-02-09 07:39:00,2018-02-19 05:37:00,train,9.915277777777778,1556.49,1556.36,-0.13000000000010914,0.0025020691411634815,0.0005502554952625954,0.0015261623182130383,0.03342281281762009,0.08872291217280306,725203.6311130162,760071.7151320609,0.0057661098124593795,0.006043346705351522,1.0,1.0,1.0,170.53206002728513,1.0484311050477488,1556.36,-0.06255498402150467
253,2018-02-19 05:37:00,2018-03-01 03:36:00,train,9.915972222222223,1556.36,1555.8,-0.5599999999999454,0.005972368064291271,0.0054727342956503765,0.005722551179970823,0.035057386528945675,0.08814085212967296,825524.0360515267,866529.2950668556,0.006563759529709205,0.0068897932342120985,1.0,1.0,1.0,52.954882440160986,0.3255666172421097,1555.8,-0.06221655769102612
254,2018-03-01 03:36:00,2018-03-20 23:33:00,train,19.83125,1555.8,1556.06,0.2599999999999909,0.011551435432876222,0.007611893506089941,0.009581664469483081,0.0771058340763753,0.1999210887982735,1572732.1578181728,1615565.1156165956,0.012504827524991435,0.012845393302191267,1.0,1.0,1.0,15.541223094257514,0.1,1556.06,-0.14796585513475496
255,2018-03-20 23:33:00,2018-03-30 21:31:00,train,9.915277777777778,1556.06,1556.64,0.5800000000001546,0.013756593383991758,0.020141782705828275,0.016949188044910017,0.03853729457303141,0.09730217715069275,754067.4902938377,784039.5411301153,0.005995606983333368,0.006233915410114616,1.0,1.0,1.0,20.005601568439165,0.12299443844276398,1556.64,-0.059845873603576634
256,2018-03-30 21:31:00,2018-04-09 19:30:00,train,9.915972222222223,1556.64,1556.37,-0.2700000000002092,0.08187287379027773,0.03494821662068826,0.05841054520548301,0.03465244970453907,0.06634880938864617,828005.8355761807,876914.0916788044,0.006583492371600387,0.006972362977489102,1.0,1.0,1.0,225.93764121102575,1.3890646181653863,1556.37,0.0004346025000779852
257,2018-04-09 19:30:00,2018-04-19 17:28:00,train,9.915277777777778,1556.37,1556.43,0.060000000000172804,0.057702446838384165,0.054077672067438416,0.05589005945291129,0.035163269737845504,0.06432414120190984,889867.1855224663,994476.6633879627,0.00707535330780366,0.007907105536995808,1.0,1.0,1.0,204.03999183840028,1.254437869822485,1556.43,-0.0036517565077785405
258,2018-04-19 17:28:00,2018-04-29 15:27:00,train,9.915972222222223,1556.43,1556.44,0.009999999999990905,0.0407159014976331,0.05288125689878827,0.046798579198210684,0.03910092545515166,0.07839734375997612,849066.3020892387,897851.9370895255,0.006750944597990289,0.007138840240832675,1.0,1.0,1.0,225.42831379621276,1.3859332732191159,1556.44,-0.02637462865279582
259,2018-04-29 15:27:00,2018-05-09 13:25:00,train,9.915277777777778,1556.44,1556.44,0.0,0.053409029164723794,0.03430861406404188,0.043858821614382835,0.03633521409825701,0.06955714205305508,807154.2289126951,869977.4761518879,0.006417700794408007,0.006917209796866406,1.0,1.0,1.0,258.2644628099174,1.5878099173553721,1556.44,-0.021597287333381232
260,2018-05-09 13:25:00,2018-05-19 11:24:00,train,9.915972222222223,1556.44,1556.53,0.08999999999991815,0.13471594942315815,0.05636477526064824,0.09554036234190319,0.03740511902402986,0.05937234014001121,1150617.4115530627,1154794.956351915,0.009148584014892762,0.009181799764267431,0.9999999999999998,0.9999999999999998,0.9999999999999998,225.42831379621276,1.3859332732191159,1556.53,0.03635937381649583
261,2018-05-19 11:24:00,2018-05-29 09:22:00,train,9.915277777777778,1556.53,1555.93,-0.599999999999909,0.1478334731570374,0.08512260550861005,0.11647803933282373,0.03647485934492608,0.05616737865761763,1565185.4220390406,1432676.6059346173,0.012444823264999925,0.011391242791878965,1.0,1.0,1.0,55.17241379310343,0.3391999999999999,1555.93,0.0644603702151191
262,2018-05-29 09:22:00,2018-06-08 07:21:00,train,9.915972222222223,1555.93,1556.12,0.1899999999998272,0.1839172454984299,0.08737022011725333,0.13564373280784162,0.03410551289824225,0.048868211645894624,2204112.6180537934,2202023.739791486,0.017524947269251755,0.017508338552846354,1.0,1.0,1.0,36.068530207394055,0.22174932371505862,1556.12,0.0964310819139663
263,2018-06-08 07:21:00,2018-06-18 05:19:00,train,9.915277777777778,1556.12,1556.28,0.16000000000008185,0.12170640518813333,0.11067295861268577,0.11618968190040954,0.03277792556728263,0.045688932861999494,2460494.5597742507,3073696.318130222,0.0195634456529717,0.02443902614399477,1.0,1.0,1.0,68.02258349772124,0.41820284334399016,1556.28,0.080600413862013
264,2018-06-18 05:19:00,2018-06-28 03:18:00,train,9.915972222222223,1556.28,1556.29,0.009999999999990905,0.0795960887805718,0.09085146623143851,0.08522377750600516,0.036971290455915795,0.058785576169613,2436770.0600671596,3120331.2142056217,0.019374811640829766,0.024809821214960816,0.9999999999999998,0.9999999999999998,0.9999999999999998,56.40157924421884,0.34675690919345736,1556.29,0.03208822378164497
265,2018-06-28 03:18:00,2018-07-08 01:16:00,train,9.915277777777778,1556.29,1556.45,0.16000000000008185,0.0354009702604382,0.03350241048965523,0.03445169037504671,0.03793248552292774,0.07210717993038145,1659100.06525283,1931308.0682345591,0.013191540631731176,0.015355872372064556,1.0,1.0,1.0,54.74952094169175,0.33660005474952087,1556.45,-0.033869174170649476
266,2018-07-08 01:16:00,2018-07-17 23:15:00,train,9.915972222222223,1556.45,1556.43,-0.01999999999998181,0.017249544959716805,0.033906160146784395,0.0255778525532506,0.03894284264360661,0.07868832318497512,1128967.6563216723,1214829.3335309494,0.008976446341112127,0.009659134400341492,1.0,1.0,1.0,190.40365575019038,1.1706016755521704,1556.43,-0.049590670358834896
267,2018-07-17 23:15:00,2018-07-27 21:13:00,train,9.915277777777778,1556.43,1556.03,-0.40000000000009095,0.02229706230068158,0.04337697110737905,0.03283701670403032,0.041036192406928344,0.08275450713372426,990011.7085891423,971901.4113940791,0.007871604584472787,0.007727609218367489,1.0,1.0,1.0,23.299161230195708,0.1432432432432432,1556.03,-0.0482104860053923
268,2018-07-27 21:13:00,2018-08-06 19:12:00,train,9.915972222222223,1556.03,1556.54,0.5099999999999909,0.12003095649188687,0.039968138374691875,0.07999954743328937,0.0364346999822091,0.06291577093357695,1199504.031967244,1158026.2727056292,0.009537282594953043,0.009207492030735702,1.0,1.0,1.0,23.299161230195708,0.1432432432432432,1556.54,0.021170063184458014
269,2018-08-06 19:12:00,2018-08-16 17:10:00,train,9.915277777777778,1556.54,1556.43,-0.10999999999989996,0.060567609286045196,0.03652145305918744,0.04854453117261632,0.0387578787504102,0.06933803187054179,1431957.4924619542,1347893.2545910291,0.011385525105048535,0.010717128525014146,1.0,1.0,1.0,246.79170779861798,1.5172754195459033,1556.43,-0.021836219695362098
270,2018-08-16 17:10:00,2018-09-15 11:06:00,train,29.747222222222224,1556.43,1555.89,-0.5399999999999636,0.30066626964717086,0.2723057202850996,0.2864859949661352,0.108684840549902,0.17179078507372567,4568940.748443065,4805873.313865639,0.0363277470656203,0.03821160303622199,0.9999999999999999,0.9999999999999999,0.9999999999999999,92.8332714444857,0.5707389528406981,1555.89,0.12391222168373045
271,2018-09-15 11:06:00,2018-09-25 09:05:00,train,9.915972222222223,1555.89,1555.83,-0.060000000000172804,0.0926140318629818,0.09424151415419618,0.09342777300858898,0.034872229806250654,0.05594053279442264,1469384.9911040086,1584253.7901639706,0.011683111959163621,0.012596436273864758,0.9999999999999998,0.9999999999999998,0.9999999999999998,19.820819789106476,0.1218584000634266,1555.83,0.04290538665956167
272,2018-09-25 09:05:00,2018-10-05 07:03:00,train,9.915277777777778,1555.83,1555.73,-0.09999999999990905,0.0740608234067077,0.1001001312157888,0.08708047731124824,0.03133522540906553,0.04961492574669183,1519840.2578401766,1670181.184119969,0.012084282880179507,0.01327964684837377,1.0,1.0,1.0,17.24137931034483,0.106,1555.73,0.04639894338137632
273,2018-10-05 07:03:00,2018-10-15 05:02:00,train,9.915972222222223,1555.73,1556.07,0.33999999999991815,0.18042566074026084,0.09538265960832751,0.1379041601742942,0.02813240459993081,0.035401197265593466,2193616.622079019,2981843.9304098636,0.0174414933774272,0.023708705815455703,1.0,1.0,1.0,51.229508196721305,0.31495901639344254,1556.07,0.11954381114749983
274,2018-10-15 05:02:00,2018-10-25 03:00:00,train,9.915277777777778,1556.07,1555.97,-0.09999999999990905,0.1379683233627249,0.044058293534005484,0.0910133084483652,0.030329871195060885,0.04293201975505789,3148848.916633417,4710004.906335239,0.025036566085977714,0.03744935124700039,1.0,1.0,1.0,45.651677699155435,0.2806665144944076,1555.97,0.06397401527994147
275,2018-10-25 03:00:00,2018-11-04 00:59:00,train,9.915972222222223,1555.97,1555.84,-0.13000000000010914,0.02867279195960963,0.09106344022186413,0.059868116090736875,0.03293317850546864,0.055391267517835234,2070027.774160058,2711468.1093706284,0.01645883576496826,0.021558941793516962,1.0,1.0,1.0,24.055809477988934,0.14789511667067595,1555.84,0.01331146930318669
276,2018-11-04 00:59:00,2018-11-13 22:57:00,train,9.915277777777778,1555.84,1555.54,-0.2999999999999545,0.02027065643065732,0.020311616993948033,0.020291136712302676,0.033597365920697925,0.06015112538183364,1444408.9521091145,1619291.7114564227,0.011484526930978092,0.0128750235466043,1.0,1.0,1.0,14.669209329617134,0.1,1555.54,-0.03839037520532942
277,2018-11-13 22:57:00,2018-11-23 20:56:00,train,9.915972222222223,1555.54,1555.99,0.4500000000000455,0.012113153798388622,0.0049024264696043195,0.008507790133996471,0.03208214717096381,0.06190373828170555,1107999.2056202511,1282227.840684977,0.008809725734437873,0.010195021393694655,0.9999999999999998,0.9999999999999998,0.9999999999999998,15.39195616370885,0.1,1555.99,-0.04868075169107183
278,2018-11-23 20:56:00,2018-12-03 18:54:00,train,9.915277777777778,1555.99,1556.01,0.01999999999998181,0.011890035249871847,0.02518404543090873,0.01853704034039029,0.03264296354416164,0.05950710923749616,1112586.8009995539,1271520.5909084107,0.00884620180487838,0.010109887818306518,1.0,1.0,1.0,36.33588895752334,0.22339304531085347,1556.01,-0.03871265297115364
279,2018-12-03 18:54:00,2018-12-13 16:53:00,train,9.915972222222223,1556.01,1556.34,0.32999999999992724,0.002928285856658242,0.0017423237091356983,0.00233530478289697,0.03090155481256781,0.0692980881645267,1030019.026913488,1069844.9540279147,0.008189703640880083,0.008506360451839983,1.0,1.0,1.0,100.54293183189222,0.6181379449024733,1556.34,-0.053029323260220945
280,2018-12-13 16:53:00,2018-12-23 14:51:00,train,9.915277777777778,1556.34,1556.32,-0.01999999999998181,0.004590587469716204,0.0013419976825504718,0.002966292576133338,0.03077091706915891,0.07015040747676496,968427.1282255391,1009155.7578360038,0.007699985117480632,0.008023819335580853,1.0,1.0,1.0,246.9135802469136,1.5180246913580246,1556.32,-0.05210356494844729
281,2018-12-23 14:51:00,2019-01-02 12:50:00,train,9.915972222222223,1556.32,1555.99,-0.32999999999992724,0.00138515796994972,0.0015537519111864897,0.001469454940568105,0.03127952584712354,0.07510001527451954,888929.8705685298,947394.3043172876,0.007067900696259281,0.007532752678041565,0.9999999999999998,0.9999999999999998,0.9999999999999998,123.31976815883584,0.7581699346405227,1555.99,-0.05557413570197829
282,2019-01-02 12:50:00,2019-01-22 08:47:00,train,19.83125,1555.99,1555.71,-0.2799999999999727,0.010201069520166335,0.001099725407682093,0.005650397463924215,0.06157768729227325,0.1476204127605333,1932317.3208587412,1936175.366684762,0.015363896961586557,0.015394572367693107,1.0,1.0,1.0,94.58053532582996,0.5814811311832025,1555.71,-0.10491075117774287
283,2019-01-22 08:47:00,2019-02-11 04:44:00,train,19.83125,1555.71,1555.63,-0.07999999999992724,0.004566982224128413,0.0013017015919284,0.0029343419080284064,0.06853238228672447,0.17113232776509854,1536939.137373476,1643798.3624771812,0.012220236442501996,0.013069876460818806,1.0,1.0,1.0,116.48223645893998,0.716132789749563,1555.63,-0.12989959703120266
284,2019-02-11 04:44:00,2019-03-12 22:40:00,train,29.747222222222224,1555.63,1555.11,-0.5200000000002092,0.02872693097970704,0.016089934832510026,0.02240843290610853,0.10962071382517374,0.2647580623212255,2390816.3921410977,2509254.014137372,0.01900943302966604,0.019951133132999697,0.9999999999999999,0.9999999999999999,0.9999999999999999,25.35496957403651,0.15588235294117644,1555.11,-0.19418655160311796
285,2019-03-12 22:40:00,2019-04-01 18:37:00,train,19.83125,1555.11,1555.42,0.3100000000001728,0.03400896078451434,0.010609852647954991,0.02230940671623467,0.07581753571324885,0.1908131658589792,1509307.5626874103,1600631.4269123643,0.012000537192394134,0.012726655219148958,1.0,1.0,1.0,23.491272992083434,0.14442434635532894,1555.42,-0.1293171335628469
286,2019-04-01 18:37:00,2019-04-21 14:34:00,train,19.83125,1555.42,1555.86,0.4399999999998272,0.09456722409146961,0.044418332358094954,0.06949277822478228,0.07773275698760303,0.16743698428069106,1722445.1179900167,1700468.9453973807,0.013695198521030585,0.013520465495725378,1.0,1.0,1.0,108.1081081081081,0.6646486486486486,1555.86,-0.07974794681734804
287,2019-04-21 14:34:00,2019-05-01 12:32:00,train,9.915277777777778,1555.86,1555.37,-0.4900000000000091,0.019929818791682468,0.00790035267024345,0.01391508573096296,0.04020756011334404,0.08955754861859519,831336.9919862215,804697.6860768278,0.006609978468523667,0.0063981687689975975,1.0,1.0,1.0,246.9135802469136,1.5180246913580246,1555.37,-0.06832480144171138
288,2019-05-01 12:32:00,2019-05-11 10:31:00,train,9.915972222222223,1555.37,1555.32,-0.049999999999954525,0.12865161002105852,0.05933891644170664,0.09399526323138258,0.03842322310825648,0.06568077580527797,980625.645721643,951631.6418708268,0.007796975794876704,0.00756644384090663,1.0,1.0,1.0,181.6200508536143,1.1166000726480205,1555.32,0.030837696545663016
289,2019-05-11 10:31:00,2019-05-21 08:29:00,train,9.915277777777778,1555.32,1555.02,-0.2999999999999545,0.15049515995449522,0.04696000999752825,0.09872758497601174,0.035393987555760356,0.05801604940643052,1426712.6668591204,1204045.7162592027,0.0113438233828347,0.009573393625341518,1.0,1.0,1.0,91.9371150133309,0.5652293831019584,1555.02,0.046266421092043944
290,2019-05-21 08:29:00,2019-05-31 06:28:00,train,9.915972222222223,1555.02,1555.36,0.33999999999991815,0.09409240576901766,0.06797714171810046,0.08103477374355905,0.03535857729033701,0.05822403018160209,1365677.5051054694,1268358.6243087742,0.010858531486884546,0.010084746953238246,0.9999999999999998,0.9999999999999998,0.9999999999999998,89.95232526760817,0.553026895745255,1555.36,0.02596695260322652
291,2019-05-31 06:28:00,2019-06-10 04:26:00,train,9.915277777777778,1555.36,1555.49,0.13000000000010914,0.10858670312090574,0.053074956811989864,0.08083082996644779,0.036385041742110685,0.054241482823902905,1577076.6535449908,1673558.5160572794,0.012539370704818247,0.01330650008791667,1.0,1.0,1.0,176.772140710624,1.0867951210889162,1555.49,0.02397727639497493
292,2019-06-10 04:26:00,2019-06-29 00:23:00,train,18.83125,1555.49,1555.39,-0.09999999999990905,0.17402457734347812,0.13134288020569276,0.15268372877458544,0.07243756758885901,0.12049634742679415,3553282.2267822013,3677929.6881393297,0.02825222411371711,0.029243298784601492,1.0,1.0,1.0,220.40996253030636,1.3550804496363233,1555.39,0.03620460492079799
293,2019-06-29 00:23:00,2019-07-09 22:22:00,train,10.915972222222223,1555.39,1555.3,-0.09000000000014552,0.05336697425612888,0.03762734750777544,0.04549716088195215,0.04159799121759719,0.08028141373289388,1227826.8215511031,1402719.9304218206,0.009762477709716968,0.011153056614628454,1.0,1.0,1.0,167.6445934618609,1.0306789606035207,1555.3,-0.030353048343086164
294,2019-07-09 22:22:00,2019-07-19 20:20:00,train,9.915277777777778,1555.3,1555.37,0.06999999999993634,0.060690709702546246,0.04981776330114293,0.055254236501844585,0.0375867869638566,0.0653022000124603,1107260.153368225,1257271.3966893936,0.008803849513939931,0.00999659216577398,1.0,1.0,1.0,123.07692307692305,0.7566769230769229,1555.37,-0.010800885674938476
295,2019-07-19 20:20:00,2019-07-29 18:19:00,train,9.915972222222223,1555.37,1555.41,0.040000000000190994,0.04950210900499978,0.03711727058384074,0.043309689794420264,0.039148664486636134,0.07278754013297734,1042326.8219194105,1198858.2437049735,0.008287563186128732,0.009532147918462061,1.0,1.0,1.0,128.4356537374775,0.7896223991780117,1555.41,-0.029595971717764763
296,2019-07-29 18:19:00,2019-08-08 16:17:00,train,9.915277777777778,1555.41,1555.49,0.07999999999992724,0.0654365227546687,0.06834050909467806,0.06688851592467339,0.03789946953184949,0.06671169823081215,995488.0291062165,1086486.6058533108,0.00791514692777464,0.008638678586732215,1.0,1.0,1.0,187.65246762994929,1.1536873709889282,1555.49,0.0012591255621575217
297,2019-08-08 16:17:00,2019-08-18 14:16:00,train,9.915972222222223,1555.49,1555.26,-0.2300000000000182,0.07125414465359321,0.0411963212230773,0.05622523293833525,0.037597120574192476,0.06676540816685461,1003146.7618698849,1097474.1355380514,0.007976041678221236,0.008726040673754086,1.0,1.0,1.0,212.53985122210406,1.3066950053134956,1555.26,-0.010222353591530883
298,2019-08-18 14:16:00,2019-08-28 12:14:00,train,9.915277777777778,1555.26,1555.27,0.009999999999990905,0.12713556884582675,0.0662944634753722,0.09671501616059948,0.03775722638755729,0.06072885202778543,1526209.0588134716,1581387.6609839345,0.012134921354961211,0.012573647618541262,1.0,1.0,1.0,221.38587558113795,1.361080363072836,1555.27,0.03806958243519052
299,2019-08-28 12:14:00,2019-09-07 10:13:00,train,9.915972222222223,1555.27,1555.3,0.029999999999972715,0.08426445980792201,0.05407367348638714,0.06916906664715458,0.03885106138121549,0.07094591065214183,1221598.5041636804,1303788.0552332224,0.009712956222975912,0.01036644712756001,0.9999999999999998,0.9999999999999998,0.9999999999999998,221.38587558113795,1.361080363072836,1555.3,0.0017775447606527342
300,2019-09-07 10:13:00,2019-09-17 08:12:00,train,9.915972222222223,1555.3,1554.82,-0.4800000000000182,0.10129093584917523,0.09100779540982383,0.09614936562949952,0.03546959011209266,0.056825741630105966,1274912.4960622084,1456019.1095472157,0.010136856929810038,0.01157683954478187,1.0,1.0,1.0,46.630916297505244,0.2866868733970622,1554.82,0.04386420888978039
301,2019-09-17 08:12:00,2019-09-27 06:10:00,train,9.915277777777778,1554.82,1555.37,0.5499999999999545,0.11665597292855165,0.07446180459979442,0.09555888876417304,0.0327443443321775,0.04788034434741984,1676048.8281205501,1732188.9588142533,0.013326300613187169,0.013772672010926718,1.0,1.0,1.0,44.62691895751518,0.2743662977508033,1555.37,0.05225576546584582
302,2019-09-27 06:10:00,2019-10-17 02:07:00,train,19.83125,1555.37,1555.48,0.11000000000012733,0.2661211112072785,0.2753736783632663,0.2707473947852724,0.06279703379810528,0.0918588351890825,4651453.591838687,5600733.048986087,0.03698380847450653,0.04453155004361999,1.0,1.0,1.0,167.6445934618609,1.0306789606035207,1555.48,0.21239953479131332
303,2019-10-17 02:07:00,2019-10-26 00:06:00,train,8.915972222222223,1555.48,1555.42,-0.05999999999994543,0.10461364371047256,0.043154228117827334,0.07388393591414995,0.029483027899864473,0.041165507575673645,2523429.6054426236,3792246.172966303,0.020063843567167238,0.03015223163684744,1.0,1.0,1.0,70.10164738871366,0.4309849281458115,1555.42,0.04017000431150292
304,2019-10-26 00:06:00,2019-11-05 22:04:00,train,10.915277777777778,1555.42,1555.83,0.4099999999998545,0.12426542861386751,0.07176258632774705,0.09801400747080728,0.03358755466348171,0.05022063760223744,3967767.203881275,5796738.902261509,0.031547803163562656,0.046089996837572624,1.0,1.0,1.0,73.05135510263716,0.4491197311710132,1555.83,0.06929847464989716
305,2019-11-05 22:04:00,2019-11-15 20:03:00,train,9.915972222222223,1555.83,1555.6,-0.2300000000000182,0.009126933304527109,0.02217547783956337,0.01565120557204524,0.03287183714535225,0.06258354131817945,2081934.525078696,2251060.9137408575,0.01655350659997373,0.017898234187332888,1.0,1.0,1.0,166.83350016683346,1.0256923590256921,1555.6,-0.03954553372084914
306,2019-11-15 20:03:00,2019-11-25 18:01:00,train,9.915277777777778,1555.6,1555.82,0.22000000000002728,0.020137654171541043,0.01081598789801426,0.015476821034777651,0.032229903462313,0.05604331023102385,1416365.1224254258,1431116.3381198533,0.011261549832435602,0.01137883706861615,1.0,1.0,1.0,169.34801016088062,1.041151566469094,1555.82,-0.04051609255929115
307,2019-11-25 18:01:00,2019-12-05 16:00:00,train,9.915972222222223,1555.82,1555.82,0.0,0.003915488741872111,0.011497063984169291,0.007706276363020701,0.03299989103653769,0.06815907181084332,1240017.2970634396,1358847.8968355132,0.009859404445125543,0.010804229123284673,0.9999999999999998,0.9999999999999998,0.9999999999999998,241.25452352231608,1.483232810615199,1555.82,-0.052116620524055204
308,2019-12-05 16:00:00,2019-12-15 13:58:00,train,9.915277777777778,1555.82,1555.77,-0.049999999999954525,0.008071837993812002,0.0020430480280470807,0.005057443010929541,0.03144993205288955,0.06654782173665227,975743.6080717689,1078180.0736284743,0.007758158607551633,0.00857263316870855,0.9999999999999998,0.9999999999999998,0.9999999999999998,231.21387283237,1.4215028901734106,1555.77,-0.051477080477900485
309,2019-12-15 13:58:00,2019-12-25 11:57:00,train,9.915972222222223,1555.77,1555.66,-0.10999999999989996,0.009889259811837792,0.0010284782301111055,0.005458869020974449,0.029175404121375623,0.06103941201792286,1031361.643857884,1121178.5026949693,0.008200378817348208,0.00891451461155259,1.0,1.0,1.0,246.79170779861798,1.5172754195459033,1555.66,-0.044042228287522606
310,2019-12-25 11:57:00,2020-01-04 09:55:00,train,9.915277777777778,1555.66,1555.06,-0.6000000000001364,0.011000045736544466,0.009119085421167118,0.010059565578855793,0.03219915019673597,0.06606851136137055,1108204.3935524204,1188664.9180278776,0.008811357188140419,0.009451100564744196,1.0,1.0,1.0,17.785682525566916,0.10934637616718539,1555.06,-0.047532716181271466
311,2020-01-04 09:55:00,2020-01-14 07:54:00,train,9.915972222222223,1555.06,1555.27,0.21000000000003638,0.0013014266279096462,0.0018451718995140835,0.0015732992637118649,0.03146532098185089,0.07995120453730717,915224.1115049929,967538.8271394352,0.007276966776695499,0.007692922216263299,1.0,1.0,1.0,17.089927196910143,0.10506887240660355,1555.27,-0.05594439379462475
312,2020-01-14 07:54:00,2020-01-24 05:52:00,train,9.915277777777778,1555.27,1555.12,-0.15000000000009095,0.007067850848433451,0.0021237071707867075,0.00459577900961008,0.030416980679967495,0.0739726763093329,817945.9284520897,885866.9259884502,0.0065035058316934855,0.0070435471574179075,1.0,1.0,1.0,127.79552715654951,0.7856869009584664,1555.12,-0.04954735592655971
313,2020-01-24 05:52:00,2020-02-22 23:48:00,train,29.747222222222224,1555.12,1555.32,0.20000000000004547,0.02137217415780051,0.014398341408026602,0.017885257782913555,0.10387757746224183,0.24387699564384974,2662497.8953215512,2792188.1645268695,0.02116957855865112,0.022200748704197103,1.0,1.0,1.0,121.5953307392996,0.7475680933852139,1555.32,-0.18129992575081907
314,2020-02-22 23:48:00,2020-03-03 21:46:00,train,9.915277777777778,1555.32,1555.1,-0.22000000000002728,0.007377992010708676,0.005961212206867272,0.006669602108787974,0.03729465279909016,0.08874286122674954,801947.8899845971,788160.214656235,0.006376305080580401,0.006266678974765325,1.0,1.0,1.0,125.18778167250876,0.7696544817225838,1555.1,-0.0680841929724075
315,2020-03-03 21:46:00,2020-03-13 19:45:00,train,9.915972222222223,1555.1,1555.06,-0.03999999999996362,0.002890704914671815,0.004328722563740964,0.0036097137392063897,0.036458142655442366,0.09142554620738269,687009.4893204999,702013.9889303019,0.005462427362013993,0.005581728464103537,0.9999999999999998,0.9999999999999998,0.9999999999999998,191.82812200268557,1.1793592940725108,1555.06,-0.06942099973338307
316,2020-03-13 19:45:00,2020-03-23 17:43:00,train,9.915277777777778,1555.06,1555.24,0.18000000000006366,0.002812694005099178,0.0020741242890790694,0.002443409147089124,0.039266354045354515,0.10272307941266848,709413.6971463214,723768.8610084369,0.005640563704749316,0.0057547019242143345,0.9999999999999998,0.9999999999999998,0.9999999999999998,252.20680958385879,1.5505674653215638,1555.24,-0.0791357879329313
317,2020-03-23 17:43:00,2020-04-02 15:42:00,train,9.915972222222223,1555.24,1555.28,0.03999999999996362,0.01816580023063907,0.005342986205720438,0.011754393218179754,0.038884773571234814,0.09787634280356271,863109.6450722569,803063.710084212,0.006862603522877132,0.006385176990412754,1.0,1.0,1.0,246.79170779861798,1.5172754195459033,1555.28,-0.06687751989996282
318,2020-04-02 15:42:00,2020-04-12 13:41:00,train,9.915972222222223,1555.28,1555.09,-0.19000000000005457,0.013300517577610688,0.03202619802051765,0.022663357799064164,0.04016556676034313,0.0963414299121112,915436.1230101897,841843.7792591917,0.007278652484775302,0.006693518162194416,1.0,1.0,1.0,264.2007926023779,1.624306472919419,1555.09,-0.05787939443549939
319,2020-04-12 13:41:00,2020-04-22 11:39:00,train,9.915277777777778,1555.09,1554.95,-0.13999999999987267,0.019660843649107657,0.004027528975857073,0.011844186312482366,0.040383728701460876,0.09286277278528177,892463.4988284393,919224.6211576355,0.007095996651255779,0.0073087749157798795,1.0000000000000002,1.0000000000000002,1.0000000000000002,264.2007926023779,1.624306472919419,1554.95,-0.07089088078062439
320,2020-04-22 11:39:00,2020-05-02 09:38:00,train,9.915972222222223,1554.95,1554.2,-0.75,0.03450136718109117,0.02753813779357231,0.03101975248733174,0.04018667692666785,0.09027068102279243,912389.6992065145,923981.4081522119,0.007254430302985724,0.007346596232425951,1.0,1.0,1.0,60.32454605779093,0.37087530916329864,1554.2,-0.04793468405513701
321,2020-05-02 09:38:00,2020-05-12 07:36:00,train,9.915277777777778,1554.2,1554.33,0.12999999999988177,0.11712213341499067,0.05704190010072228,0.08708201675785648,0.03769449611140683,0.07064969878695579,958281.1305277124,916308.919379258,0.0076193140695532515,0.007285592107650934,1.0,1.0,1.0,25.65615619467891,0.15773404828488594,1554.33,0.024848962049021386
322,2020-05-12 07:36:00,2020-05-22 05:35:00,train,9.915972222222223,1554.33,1554.89,0.5600000000001728,0.21433954397671595,0.10998652400379265,0.16216303399025428,0.03720560060775677,0.059116189318405746,1342856.7224046884,1259471.689689511,0.010677082948276125,0.010014086743178111,1.0,1.0,1.0,35.48616039744499,0.2181689141234918,1554.89,0.11494310340278363
323,2020-05-22 05:35:00,2020-06-11 01:32:00,train,19.83125,1554.89,1554.44,-0.4500000000000455,0.5307645976250787,0.19232357557341595,0.3615440865992473,0.06322149876430307,0.09080346378735446,3423902.972295749,4484279.399374057,0.027223526852951808,0.03565460284148888,1.0,1.0,1.0,48.816206980717595,0.3001220405174518,1554.44,0.31327621913331305
324,2020-06-11 01:32:00,2020-06-20 23:30:00,train,9.915277777777778,1554.44,1554.84,0.3999999999998636,0.10203885116003882,0.05966298341159677,0.0808509172858178,0.03544311924819402,0.056281516364015384,1632165.213133315,2770187.85708974,0.012977381037873222,0.02202582378221945,0.9999999999999998,0.9999999999999998,0.9999999999999998,37.536128523704065,0.23077211816373258,1554.84,0.030425233915921363
325,2020-06-20 23:30:00,2020-06-30 21:29:00,train,9.915972222222223,1554.84,1555.01,0.17000000000007276,0.06636949353442816,0.043535525355455844,0.054952509444942,0.03809696212185874,0.0675528086283304,1575486.0447154432,2629225.1896489053,0.012526723739488297,0.020905026553620937,0.9999999999999998,0.9999999999999998,0.9999999999999998,63.38742393509127,0.3897058823529411,1555.01,-0.008178394340449036
326,2020-06-30 21:29:00,2020-07-10 19:27:00,train,9.915277777777778,1555.01,1554.91,-0.09999999999990905,0.08356124625640908,0.06377672007009438,0.07366898316325174,0.03463411311249323,0.056654258379990476,1481877.6725261165,1740152.405930935,0.011782441540320557,0.01383598955180834,1.0,1.0,1.0,65.85446163977609,0.40487323016134336,1554.91,0.021102228711795804
327,2020-07-10 19:27:00,2020-07-20 17:26:00,train,9.915972222222223,1554.91,1554.88,-0.029999999999972715,0.03393340336589487,0.04575256388260877,0.039842983624251815,0.039495441020248864,0.07252915874550009,1294797.8276209498,1458281.8242879729,0.01029496563267035,0.01159483043880077,1.0,1.0,1.0,49.95504046358278,0.3071235887701069,1554.88,-0.03382503604868645
328,2020-07-20 17:26:00,2020-07-30 15:24:00,train,9.915277777777778,1554.88,1555.13,0.25,0.13869118273753422,0.06177858994026666,0.10023488633890046,0.03748305988832813,0.05783301331524402,1582392.76015139,1795171.3385805786,0.012581639183838674,0.014273446279562523,1.0000000000000002,1.0000000000000002,1.0000000000000002,78.58546168958743,0.4831434184675835,1555.13,0.04369568580652419
329,2020-07-30 15:24:00,2020-08-09 13:23:00,train,9.915972222222223,1555.13,1555.07,-0.060000000000172804,0.09596424330828153,0.043820293320188865,0.0698922683142352,0.038250060783136176,0.0633547584693753,1814994.642129151,2190750.9270965112,0.014431061796367583,0.017418708174417676,1.0,1.0,1.0,194.51468585878234,1.1958762886597938,1555.07,0.007334084733232472
330,2020-08-09 13:23:00,2020-08-19 11:21:00,train,9.915277777777778,1555.07,1554.71,-0.35999999999989996,0.06256107071091199,0.05250519653315949,0.05753313362203574,0.03606100857433073,0.061214050100637955,1920097.458448377,2264251.9241896896,0.015266736570313882,0.018003116197739442,1.0,1.0,1.0,128.4356537374775,0.7896223991780117,1554.71,-0.00026315537352199214
331,2020-08-19 11:21:00,2020-08-29 09:20:00,train,9.915972222222223,1554.71,1554.94,0.2300000000000182,0.1451953672354459,0.11553857262106708,0.13036696992825647,0.033578557758574844,0.045096127661026705,2319227.8450436397,2779995.653680041,0.018440230937772438,0.0221038057857998,1.0,1.0,1.0,139.6258028483664,0.8584194359117565,1554.94,0.09375915533979498
332,2020-08-29 09:20:00,2020-09-08 07:18:00,train,9.915277777777778,1554.94,1554.98,0.03999999999996362,0.11030524288093091,0.0668940167202216,0.08859962980057626,0.035884542403173215,0.05744213463948185,2325878.27336978,2538236.1893224637,0.0184931086377497,0.02018157103699184,1.0,1.0,1.0,163.34531198954585,1.0042469781117278,1554.98,0.03737007739969445
333,2020-09-08 07:18:00,2020-09-18 05:17:00,train,9.915972222222223,1554.98,1555.07,0.08999999999991815,0.1172606773599993,0.16180571974135075,0.13953319855067503,0.0351396298218487,0.05037734641379186,2643331.358470337,3180118.608743961,0.021017185008112723,0.02528519208669763,0.9999999999999998,0.9999999999999998,0.9999999999999998,163.34531198954585,1.0042469781117278,1555.07,0.10107127990171776
334,2020-09-18 05:17:00,2020-09-28 03:15:00,train,9.915277777777778,1555.07,1554.92,-0.14999999999986358,0.12487350925327578,0.10167022936335282,0.1132718693083143,0.035486081520581365,0.0525515426905884,2376389.721994324,3285123.2571857534,0.018894726262179567,0.026120086325719594,0.9999999999999998,0.9999999999999998,0.9999999999999998,204.03999183840028,1.254437869822485,1554.92,0.06976937918643811
335,2020-09-28 03:15:00,2020-10-08 01:14:00,train,9.915972222222223,1554.92,1555.14,0.22000000000002728,0.10638593584644353,0.027335911541162442,0.06686092369380299,0.03191877751749934,0.04877765752528749,2738407.2305966006,3676914.5769972405,0.021773135331133026,0.029235227613876445,1.0,1.0,1.0,212.35931195582927,1.3055850499044384,1555.14,0.02767232896247916
336,2020-10-08 01:14:00,2020-10-17 23:13:00,train,9.915972222222223,1555.14,1555.13,-0.009999999999990905,0.12005136921334503,0.05629555995383952,0.08817346458359228,0.03243183116254305,0.04869959276200246,2906400.579232316,3852536.3413957385,0.023108854092647818,0.030631600074705723,1.0,1.0,1.0,105.99957600169597,0.6516853932584268,1555.13,0.051547007974012654
337,2020-10-17 23:13:00,2020-11-06 19:10:00,train,19.83125,1555.13,1554.78,-0.3500000000001364,0.20918536278984856,0.1436989623938049,0.17644216259182674,0.057618282618106545,0.08490786676978286,5889097.4171035355,7999220.240323197,0.046824341393842214,0.06360197376419811,1.0,1.0,1.0,42.81921726470839,0.26325254774342716,1554.78,0.1259040939224514
338,2020-11-06 19:10:00,2020-11-16 17:08:00,train,9.915277777777778,1554.78,1555.32,0.5399999999999636,0.05310953863726868,0.005284313598986324,0.0291969261181275,0.03126798543676756,0.0490470589079905,2776316.3488206333,3227648.8522198778,0.022074551552998596,0.02566310608427986,1.0,1.0,1.0,54.2505289426572,0.3335322519394564,1555.32,-0.01574537613630296
339,2020-11-16 17:08:00,2020-11-26 15:07:00,train,9.915972222222223,1555.32,1555.15,-0.16999999999984539,0.051404550441677334,0.036677719915262974,0.04404113517847016,0.027083902139882522,0.041977871205154164,1847145.5101703198,2529852.69530814,0.01468669404603896,0.020114913694109407,1.0,1.0,1.0,231.00023100023108,1.4201894201894205,1555.15,0.011818627732158402
340,2020-11-26 15:07:00,2020-12-06 13:05:00,train,9.915277777777778,1555.15,1555.04,-0.11000000000012733,0.017981408030364368,0.012437614805005456,0.015209511417684911,0.030779254024086974,0.0515495157514491,1863408.7673030808,2325612.0015072254,0.014816003556516504,0.018490991504390757,1.0,1.0,1.0,206.8680182043856,1.2718245759205626,1555.04,-0.03354022176897244
341,2020-12-06 13:05:00,2020-12-16 11:04:00,train,9.915972222222223,1555.04,1554.98,-0.05999999999994543,0.0048482377344278875,0.021307628196933635,0.013077932965680761,0.031689601677217204,0.060254272819847784,1306031.5767356253,1641218.655081722,0.010384285415724141,0.013049365151321634,0.9999999999999998,0.9999999999999998,0.9999999999999998,112.44799280332846,0.6913302597548633,1554.98,-0.04099900738696115
342,2020-12-16 11:04:00,2020-12-26 09:03:00,train,9.915972222222223,1554.98,1554.86,-0.12000000000011823,0.0038386563571206358,0.0004344273275189289,0.002136541842319782,0.030030500002967763,0.06331425827748795,1106490.4247846613,1285957.335990648,0.008797729385264064,0.010224674691823551,0.9999999999999998,0.9999999999999998,0.9999999999999998,85.40438978563498,0.5250661884020837,1554.86,-0.04993858549832103
343,2020-12-26 09:03:00,2021-01-05 07:01:00,train,9.915277777777778,1554.86,1554.92,0.060000000000172804,0.015478967406219055,0.003985603911357356,0.009732285658788205,0.029289124023499643,0.05798673267619234,1065337.4870416143,1201193.2156588673,0.008470521483991526,0.009550713331151048,1.0,1.0,1.0,123.07692307692305,0.7566769230769229,1554.92,-0.03914293391165447
344,2021-01-05 07:01:00,2021-01-15 05:00:00,train,9.915972222222223,1554.92,1554.77,-0.15000000000009095,0.016380708978291966,0.0016329745427013389,0.009006841760496652,0.03071545762667061,0.060726403993695,1246689.566898264,1433852.4987170715,0.009912455807412452,0.011400592340916527,1.0,1.0,1.0,120.83131947800867,0.7428709521507972,1554.77,-0.04350150855143818
345,2021-01-15 05:00:00,2021-01-25 02:58:00,train,9.915277777777778,1554.77,1554.67,-0.09999999999990905,0.004646145839167997,0.014879704671361559,0.009762925255264777,0.031871595688455816,0.0701985386992326,1129962.096027331,1177653.9921737083,0.008984353152797416,0.009363552454271354,1.0,1.0,1.0,78.95775759968416,0.4854322937228582,1554.67,-0.04693188977206681
346,2021-01-25 02:58:00,2021-02-04 00:57:00,train,9.915972222222223,1554.67,1554.56,-0.11000000000012733,0.0019007199127857569,0.0013504047251840453,0.001625562318984901,0.034458963520862515,0.08672120681900762,939240.925873852,916217.4453448819,0.007467924989058217,0.007284864795618047,1.0,1.0,1.0,62.837752921955506,0.3863265049641824,1554.56,-0.0650328344256287
347,2021-02-04 00:57:00,2021-02-13 22:55:00,train,9.915277777777778,1554.56,1554.75,0.19000000000005457,0.012889435216198657,0.002445450774503484,0.0076674429953510715,0.03424452425694406,0.07306023741786427,828237.1541701421,880121.9325867936,0.006585331590762043,0.006997868590178847,1.0,1.0,1.0,85.2587603376247,0.5241708585557165,1554.75,-0.05746914118756218
348,2021-02-13 22:55:00,2021-02-23 20:54:00,train,9.915972222222223,1554.75,1554.94,0.19000000000005457,0.009257875391216672,0.0027470027527994167,0.0060024390720080445,0.034405109768152274,0.07879507343380812,941652.05177982,1062128.2049861092,0.007487095903473165,0.0084450044127066,1.0,1.0,1.0,207.46887966804985,1.2755186721991705,1554.94,-0.059291655819876304
349,2021-02-23 20:54:00,2021-03-05 18:52:00,train,9.915277777777778,1554.94,1554.59,-0.3500000000001364,0.000698271232869872,0.00040745016907551163,0.0005528607009726917,0.03737949081088954,0.09412724537797464,758805.4766939227,856465.8413769159,0.006033278816044547,0.006809778495483151,1.0,1.0,1.0,160.97875080489376,0.9896973599484868,1554.59,-0.07524296369769148
350,2021-03-05 18:52:00,2021-03-15 16:51:00,train,9.915972222222223,1554.59,1554.59,0.0,0.005069681558811949,0.006917230033166422,0.005993455795989186,0.03664024967812945,0.09250001476363892,799502.6493076759,840169.0334857869,0.006356862918881099,0.006680202222197558,0.9999999999999998,0.9999999999999998,0.9999999999999998,158.60428231562253,0.9750991276764472,1554.59,-0.06673594232906525
351,2021-03-15 16:51:00,2021-03-25 14:49:00,train,9.915277777777778,1554.59,1554.79,0.20000000000004547,0.04033466532291473,0.025380950188604437,0.03285780775575958,0.03679183304454576,0.0764959250021675,799049.8047403174,876670.265284961,0.006353262341896457,0.006970424308539087,0.9999999999999998,0.9999999999999998,0.9999999999999998,212.35931195582927,1.3055850499044384,1554.79,-0.03576569576317689
352,2021-03-25 14:49:00,2021-04-04 12:48:00,train,9.915972222222223,1554.79,1554.55,-0.2400000000000091,0.0038301704671741313,0.0030523178531431305,0.0034412441601586307,0.03904760743916515,0.09625009970351833,811316.9623399263,910288.8277482636,0.006450798778245418,0.0072377262284190474,0.9999999999999998,0.9999999999999998,0.9999999999999998,220.9944751381215,1.358674033149171,1554.55,-0.07670223731522259
353,2021-04-04 12:48:00,2021-04-14 10:46:00,train,9.915277777777778,1554.55,1554.49,-0.05999999999994543,0.06494245713305519,0.023564810519651244,0.044253633826353216,0.03754801882934418,0.07556323184726195,749325.6298885341,841549.876208723,0.005957904348322605,0.006691181332660595,1.0,1.0,1.0,236.1832782239017,1.4520547945205475,1554.49,-0.024868879884061536
354,2021-04-14 10:46:00,2021-04-24 08:45:00,train,9.915972222222223,1554.49,1554.4,-0.08999999999991815,0.11744596240220455,0.08673063307603981,0.10208829773912217,0.038310377312949374,0.06685353158436232,1143907.481374527,1151010.4719337763,0.00909523321439554,0.009151709246511697,1.0,1.0,1.0,140.66676044450693,0.8648192432128285,1554.4,0.04126210389087723
355,2021-04-24 08:45:00,2021-05-04 06:43:00,train,9.915277777777778,1554.4,1554.23,-0.17000000000007276,0.0957324546484984,0.04796916614042909,0.07185081039446375,0.03618529385373656,0.06254005369040544,988490.9366796983,979363.4048503621,0.007859512894010481,0.0077869396903105835,1.0,1.0,1.0,65.34239414532148,0.4017250392054364,1554.23,0.011833137154883312
356,2021-05-04 06:43:00,2021-05-14 04:42:00,train,9.915972222222223,1554.23,1554.55,0.31999999999993634,0.13083000583416785,0.04830905589674835,0.0895695308654581,0.0354233419335785,0.055751155703221165,1559998.1258112148,1643750.4335928133,0.01240357896009553,0.013069495377218838,1.0,1.0,1.0,78.69058860560278,0.4837897387472459,1554.55,0.03695092678311955
357,2021-05-14 04:42:00,2021-05-24 02:41:00,train,9.915972222222223,1554.55,1554.53,-0.01999999999998181,0.11656197582130387,0.04163192623145708,0.07909695102638048,0.03851107859394347,0.06355438651042676,1268552.2688203824,1384924.3015518417,0.010086286624953348,0.011011563183206183,1.0,1.0,1.0,212.53985122210406,1.3066950053134956,1554.53,0.014633652390146336
358,2021-05-24 02:41:00,2021-06-03 00:39:00,calibration,9.915277777777778,1554.53,1554.4,-0.12999999999988177,0.07464011956192976,0.08929683749114271,0.08196847852653623,0.03708591005103292,0.06308004051672868,1554332.2669236811,1851623.1055555725,0.012358529593095979,0.014722295504139084,1.0,1.0,1.0,129.36610608020698,0.7953428201811125,1554.4,0.02378483023196152
359,2021-06-03 00:39:00,2021-06-12 22:38:00,calibration,9.915972222222223,1554.4,1554.27,-0.13000000000010914,0.16356697827569747,0.07028436989329259,0.11692567408449503,0.036459651978148266,0.055496968576875055,1567476.3867228734,1791710.3750044466,0.012463038774929422,0.014245928083044021,1.0,1.0,1.0,55.25472427892585,0.3397060448668361,1554.27,0.06620823717417362
360,2021-06-12 22:38:00,2021-06-22 20:36:00,calibration,9.915277777777778,1554.27,1554.3,0.029999999999972715,0.11216291657596367,0.11437717600277328,0.11327004628936849,0.034357826211995755,0.049186008765602,2290720.7128217486,2731659.5691260006,0.018213570110692124,0.021719484528313595,0.9999999999999998,0.9999999999999998,0.9999999999999998,35.21870817778404,0.21652461787701624,1554.3,0.07133573297880468
361,2021-06-22 20:36:00,2021-07-02 18:34:00,calibration,9.915277777777778,1554.3,1554.72,0.42000000000007276,0.13201846475939322,0.09011231701888738,0.1110653908891403,0.034629293092683845,0.05107158248567302,2658346.092044715,2970289.2967681456,0.02113656748067675,0.023616834672562183,0.9999999999999998,0.9999999999999998,0.9999999999999998,55.47542438699655,0.34106290913125475,1554.72,0.068735145301649
362,2021-07-02 18:34:00,2021-07-12 16:33:00,calibration,9.915972222222223,1554.72,1554.6,-0.12000000000011823,0.07723450763719994,0.05241840377371712,0.06482645570545853,0.0358587458409936,0.06111628209436956,2936255.763412244,4185427.7058726894,0.02334623331010769,0.0332784265394982,0.9999999999999998,0.9999999999999998,0.9999999999999998,156.98587127158555,0.965149136577708,1554.6,0.01515024177929164
363,2021-07-12 16:33:00,2021-07-22 14:32:00,calibration,9.915972222222223,1554.6,1554.79,0.19000000000005457,0.043719541668434544,0.039322016086826755,0.04152077887763065,0.038487559038573545,0.07010799255843762,1643299.231066265,2357626.155178614,0.01306590785613632,0.018745536735140445,1.0,1.0,1.0,154.5833977430824,0.9503787293244705,1554.79,-0.025894742405340718
364,2021-07-22 14:32:00,2021-08-01 12:30:00,calibration,9.915277777777778,1554.79,1554.65,-0.13999999999987267,0.05130649064059943,0.02883649950012615,0.040071495070362784,0.03708498104547131,0.06717293457737275,1253605.3109756757,1478517.4289025713,0.009967443038687093,0.01175572417033133,1.0,1.0,1.0,208.15986677768527,1.279766860949209,1554.65,-0.02626328570382753
365,2021-08-01 12:30:00,2021-08-11 10:29:00,calibration,9.915972222222223,1554.65,1554.67,0.01999999999998181,0.10940074781971587,0.09703108905286538,0.10321591843629062,0.03624422430656179,0.05699264692724883,1691884.566856024,1983939.5012866566,0.013452210915608047,0.015774346038694893,1.0,1.0,1.0,226.24434389140265,1.3909502262443434,1554.67,0.051508087108941954
366,2021-08-11 10:29:00,2021-08-21 08:27:00,calibration,9.915277777777778,1554.67,1554.63,-0.03999999999996362,0.068413328950261,0.09565190529895093,0.08203261712460597,0.03837576378493091,0.06324356794218852,1583916.7925001555,1608091.448975032,0.012593756798124795,0.012785970016498624,1.0,1.0,1.0,236.2948960302458,1.452741020793951,1554.63,0.019190824170369658
367,2021-08-21 08:27:00,2021-08-31 06:26:00,calibration,9.915972222222223,1554.63,1554.28,-0.3500000000001364,0.1282199781295174,0.09368149045056784,0.11095073429004262,0.0340586874854761,0.049997706790460006,1955174.6713246075,2313335.407713881,0.01554563625128892,0.01839338004066058,1.0,1.0,1.0,59.676553082293964,0.36689144834994325,1554.28,0.06815977538121218
368,2021-08-31 06:26:00,2021-09-10 04:24:00,calibration,9.915277777777778,1554.28,1554.99,0.7100000000000364,0.13615114816800877,0.11346672956535962,0.1248089388666842,0.03563907988992765,0.050874440858152306,2677341.3842063965,3882113.769139335,0.021287599460971588,0.030866770844711258,1.0,1.0,1.0,60.00240009600384,0.36889475579023157,1554.99,0.08471474376092396
369,2021-09-10 04:24:00,2021-09-20 02:23:00,calibration,9.915972222222223,1554.99,1554.75,-0.2400000000000091,0.11396687508549126,0.08583213785536416,0.09989950647042771,0.035934134980245974,0.05617658265701091,2831154.400448539,3883385.5956563517,0.022510570091822682,0.030876883164954693,1.0,1.0,1.0,135.98041881969,0.836007614903454,1554.75,0.054806792160914525
370,2021-09-20 02:23:00,2021-09-30 00:21:00,calibration,9.915277777777778,1554.75,1554.92,0.17000000000007276,0.08225952258381933,0.06663329874845254,0.07444641066613593,0.036393863182945754,0.06058135967495245,1729213.220390405,2464968.7971574827,0.01374901185012646,0.019599020411524868,0.9999999999999998,0.9999999999999998,0.9999999999999998,137.64624913971096,0.846249139710943,1554.92,0.019107599191313863
371,2021-09-30 00:21:00,2021-10-09 22:20:00,calibration,9.915972222222223,1554.92,1554.85,-0.07000000000016371,0.038227451985382487,0.013582844893519743,0.025905148439451114,0.035170057598246436,0.06044354984901168,1573409.6204394577,1946809.5735623052,0.01251021404499847,0.015479125177405623,0.9999999999999998,0.9999999999999998,0.9999999999999998,158.93197711379526,0.9771137952956132,1554.85,-0.0354887657818434
372,2021-10-09 22:20:00,2021-10-19 20:18:00,calibration,9.915277777777778,1554.85,1554.71,-0.13999999999987267,0.03744152509380103,0.04732658590875721,0.04238405550127912,0.035235069215810384,0.06075304551974823,1155070.8665281178,1581860.5751934475,0.009183993532067407,0.012577407769686312,1.0,1.0,1.0,90.25270758122741,0.5548736462093861,1554.71,-0.017679367693775212
373,2021-10-19 20:18:00,2021-10-29 18:17:00,calibration,9.915972222222223,1554.71,1554.91,0.20000000000004547,0.07815648380998931,0.04524993764982864,0.061703210729908975,0.03356915762360771,0.049248790340983555,1937050.824005287,2147124.721914396,0.01540153314785153,0.01707183527005165,1.0,1.0,1.0,97.99118079372857,0.6024497795198432,1554.91,0.011690148935343266
374,2021-10-29 18:17:00,2021-11-08 16:15:00,calibration,9.915277777777778,1554.91,1554.97,0.05999999999994543,0.03933084532492765,0.03764594454324491,0.03848839493408628,0.03121341886789639,0.05551808972566808,1840600.871403504,2082215.2481640917,0.014634657481144184,0.01655573863531917,1.0,1.0,1.0,184.60402436773123,1.1349455418128116,1554.97,-0.008512394855035993
375,2021-11-08 16:15:00,2021-11-18 14:14:00,calibration,9.915972222222223,1554.97,1555.07,0.09999999999990905,0.021938397240806446,0.00803831797872974,0.014988357609768093,0.031210712408011983,0.058660275344685396,1098432.923024207,1366683.8196430248,0.008733664013868226,0.010866532715616004,1.0,1.0,1.0,258.2644628099174,1.5878099173553721,1555.07,-0.03823687616329356
376,2021-11-18 14:14:00,2021-11-28 12:13:00,calibration,9.915972222222223,1555.07,1554.72,-0.34999999999990905,0.01692652659198301,0.016778332226544585,0.0168524294092638,0.031190050871381204,0.05943818366791264,1139669.1627627301,1563811.8534278823,0.009061534251114972,0.012433901991157528,1.0,1.0,1.0,225.42831379621276,1.3859332732191159,1554.72,-0.03535560351488795
377,2021-11-28 12:13:00,2021-12-08 10:11:00,calibration,9.915277777777778,1554.72,1554.47,-0.25,0.002061261041810112,0.0,0.001030630520905056,0.031777583685094306,0.06971189581381458,990380.0422813229,1084345.952905831,0.007874533213654472,0.008621658208681172,1.0,1.0,1.0,118.63803535413453,0.7293866413572191,1554.47,-0.05713262393538581
378,2021-12-08 10:11:00,2021-12-18 08:10:00,calibration,9.915972222222223,1554.47,1554.45,-0.01999999999998181,0.009463599457333795,0.0,0.004731799728666898,0.030846302027523278,0.06368524238522418,1027260.4277111653,1077663.568521115,0.008167769958743463,0.008568526425388526,1.0,1.0,1.0,110.31439602868174,0.6782129067843353,1554.45,-0.05004504601447142
379,2021-12-18 08:10:00,2021-12-28 06:08:00,calibration,9.915277777777778,1554.45,1554.39,-0.05999999999994543,0.015057660418864074,0.023962181446868364,0.01950992093286622,0.02970761435544339,0.06038950919614736,1122481.3347345337,1141171.2280217847,0.008924873457378815,0.009073477204593979,1.0,1.0,1.0,165.23463317911435,1.015862524785195,1554.39,-0.029200580398048716
380,2021-12-28 06:08:00,2022-01-07 04:07:00,calibration,9.915972222222223,1554.39,1554.05,-0.3400000000001455,0.007592824859667423,0.0022916004290756443,0.004942212644371533,0.030516131365180343,0.06433312006004344,1007179.4849011335,1017315.416577268,0.008008105946578145,0.008088696959348557,0.9999999999999998,0.9999999999999998,0.9999999999999998,33.177399555422845,0.20397465246673963,1554.05,-0.049007363068918786
381,2022-01-07 04:07:00,2022-01-17 02:05:00,calibration,9.915277777777778,1554.05,1554.43,0.38000000000010914,0.0166641542645454,0.01777564494351356,0.01721989960402948,0.030500810304377308,0.06448324212560114,1020192.723483566,1118314.6987903735,0.008111574489016189,0.008891744444544594,1.0,1.0,1.0,32.441200324412,0.19944849959448496,1554.43,-0.034323952964326644
382,2022-01-17 02:05:00,2022-01-27 00:04:00,calibration,9.915972222222223,1554.43,1554.52,0.08999999999991815,0.0022940462310464585,5.91626890365917e-05,0.001176604460041525,0.031944789619948025,0.0762163331044223,875933.2565131144,974016.6684599718,0.006964564335796409,0.007744427673212783,1.0,1.0,1.0,180.63583815028906,1.110549132947977,1554.52,-0.057823847272732126
383,2022-01-27 00:04:00,2022-02-05 22:02:00,calibration,9.915277777777778,1554.52,1554.47,-0.049999999999954525,0.014415577294700022,0.0015821144280624211,0.007998845861381223,0.031899639821886434,0.07279762087852382,846651.5470140097,1004033.1930102722,0.0067317448279717714,0.007983089711459586,1.0,1.0,1.0,197.16088328075705,1.2121451104100942,1554.47,-0.04964163657566146
384,2022-02-05 22:02:00,2022-02-15 20:01:00,calibration,9.915972222222223,1554.47,1554.53,0.05999999999994543,0.019807316226487768,0.0007923357759877702,0.010299826001237768,0.0320248905675215,0.06915904917835528,982052.2222397549,1183191.0746360105,0.007808318535737893,0.009407577917118633,0.9999999999999998,0.9999999999999998,0.9999999999999998,193.7608990505716,1.1912420073629142,1554.53,-0.04674556051484319
385,2022-02-15 20:01:00,2022-02-25 17:59:00,calibration,9.915277777777778,1554.53,1554.32,-0.21000000000003638,0.0005077085531849987,0.007511369479854043,0.004009539016519521,0.03533916441820616,0.09027770115654989,871228.8221289888,1019181.7989961272,0.0069271592758924135,0.008103536606473142,1.0,1.0,1.0,216.16947686986597,1.329009943795936,1554.32,-0.06455961168902999
386,2022-02-25 17:59:00,2022-03-07 15:58:00,calibration,9.915972222222223,1554.32,1554.51,0.19000000000005457,0.0013234494085862844,0.0015085999222173505,0.0014160246654018173,0.035754895707668675,0.09300657406282738,707748.0923510697,794549.1610509532,0.005627320444868169,0.006317477626230049,1.0,1.0,1.0,224.71910112359555,1.3815730337078653,1554.51,-0.0695641005925337
387,2022-03-07 15:58:00,2022-03-17 13:56:00,calibration,9.915277777777778,1554.51,1554.43,-0.07999999999992724,0.015113379845936198,0.009663706554644469,0.012388543200290331,0.03529792475305938,0.07924387410282381,795268.6019708568,825188.3106628993,0.006323197916600595,0.006561090169856876,1.0,1.0,1.0,264.2007926023779,1.624306472919419,1554.43,-0.05530767525397579
388,2022-03-17 13:56:00,2022-03-27 11:55:00,calibration,9.915972222222223,1554.43,1554.19,-0.2400000000000091,0.010593518171521822,0.02207308812702103,0.016333303149271425,0.03739148414117182,0.08867886605331217,778833.1451826678,834668.2004273634,0.006192519242924925,0.0066364649791473595,1.0,1.0,1.0,235.84905660377353,1.4499999999999995,1554.19,-0.056957701969894386
389,2022-03-27 11:55:00,2022-04-06 09:53:00,calibration,9.915277777777778,1554.19,1554.33,0.13999999999987267,0.0210717973054268,0.0009222031153864564,0.01099700021040663,0.03943572609695513,0.08710402781086099,725738.2588123645,759611.0355070194,0.005770360648901682,0.006039683831653171,1.0,1.0,1.0,235.84905660377353,1.4499999999999995,1554.33,-0.06955797834923916
390,2022-04-06 09:53:00,2022-04-16 07:52:00,calibration,9.915972222222223,1554.33,1553.81,-0.5199999999999818,0.026165776025895864,0.0008421686712335687,0.013503972348564717,0.0381836849091815,0.08387911060512775,771076.4616641572,844253.2612567863,0.006130845683900431,0.0067126760058582036,0.9999999999999998,0.9999999999999998,0.9999999999999998,137.64624913971096,0.846249139710943,1553.81,-0.06260013426196155
391,2022-04-16 07:52:00,2022-04-26 05:50:00,calibration,9.915277777777778,1553.81,1554.0,0.19000000000005457,0.06437008231149946,0.023315661545637297,0.04384287192856838,0.03929901732301725,0.08996738559060218,832783.0884641868,843985.0509037257,0.006621476413009356,0.006710543459519167,1.0,1.0,1.0,129.36610608020698,0.7953428201811125,1554.0,-0.030592583350903542
392,2022-04-26 05:50:00,2022-05-06 03:49:00,calibration,9.915972222222223,1554.0,1554.01,0.009999999999990905,0.11215489247246559,0.05485575972299044,0.08350532609772801,0.03617936753078088,0.06309010809245628,1054818.8722286727,1057734.535354248,0.008386887749293732,0.008410070250093408,1.0,1.0,1.0,212.53985122210406,1.3066950053134956,1554.01,0.02569254900868613
393,2022-05-06 03:49:00,2022-05-16 01:47:00,calibration,9.915277777777778,1554.01,1554.13,0.12000000000011823,0.05567571977512086,0.03691606209415249,0.04629589093463667,0.038980831411821744,0.0768789358374272,991720.744040151,1045290.8457734528,0.007885193162440574,0.00831113020413018,1.0,1.0,1.0,162.65452179570593,1.0,1554.13,-0.026118672007860083
394,2022-05-16 01:47:00,2022-05-25 23:46:00,calibration,9.915972222222223,1554.13,1553.94,-0.19000000000005457,0.14179978296585846,0.1226317737654312,0.13221577836564483,0.03357542993260592,0.05459124594006516,1029314.5962727257,1113985.698078591,0.008184102697564807,0.008857324465918668,0.9999999999999998,0.9999999999999998,0.9999999999999998,140.98406880022554,0.8667700549837866,1553.94,0.09045582684438443
395,2022-05-25 23:46:00,2022-06-04 21:44:00,calibration,9.915277777777778,1553.94,1554.26,0.31999999999993634,0.11779807595579013,0.09562465025575535,0.10671136310577273,0.030417134216990036,0.04128026871923169,1650327.4500948587,1824394.876647651,0.013121789378189223,0.014505803265068387,1.0,1.0,1.0,186.39328984156572,1.145945945945946,1554.26,0.07253701188650952
396,2022-06-04 21:44:00,2022-06-14 19:43:00,calibration,9.915972222222223,1554.26,1554.21,-0.049999999999954525,0.18551490968473527,0.11380321846676547,0.14965906407575036,0.03150618053467563,0.04248210944239142,1999624.3800189712,2675247.649934928,0.01589905684995604,0.021270952134331937,1.0,1.0,1.0,178.6671431123816,1.098445595854922,1554.21,0.12211542823932918
397,2022-06-14 19:43:00,2022-06-24 17:42:00,calibration,9.915972222222223,1554.21,1554.32,0.10999999999989996,0.21838055622225888,0.1212356546737516,0.16980810544800526,0.03123333852597809,0.046492853132822046,2429577.9903841065,4903706.396361385,0.019317627338666665,0.038989475998738844,1.0,1.0,1.0,164.41959881617893,1.010851693521868,1554.32,0.1537286014009222
398,2022-06-24 17:42:00,2022-07-04 15:40:00,calibration,9.915277777777778,1554.32,1554.49,0.17000000000007276,0.06937180538052186,0.04227922221378536,0.055825513797153614,0.03598425862117245,0.061638166687820684,1876258.372922679,3805815.7107568467,0.014918171049715186,0.03026012332636437,1.0,1.0,1.0,220.40996253030636,1.3550804496363233,1554.49,0.003035955013050134
399,2022-07-04 15:40:00,2022-07-14 13:39:00,calibration,9.915972222222223,1554.49,1554.5,0.009999999999990905,0.0854440995686389,0.03548053852790912,0.060462319048274,0.03703708688307478,0.061336316138559895,1556138.886809675,2196017.745109309,0.012372894067024529,0.017460584758760507,0.9999999999999998,0.9999999999999998,0.9999999999999998,246.79170779861798,1.5172754195459033,1554.5,6.844624923230125e-07
400,2022-07-14 13:39:00,2022-07-24 11:37:00,calibration,9.915277777777778,1554.5,1554.31,-0.19000000000005457,0.057567834173048726,0.0628434297971014,0.060205631985075066,0.03641926743586239,0.061540396077612004,1614654.708251069,1984007.6520842896,0.0128381546334664,0.015774887907166173,1.0,1.0,1.0,236.2948960302458,1.452741020793951,1554.31,0.0008569110579409595
401,2022-07-24 11:37:00,2022-08-03 09:36:00,calibration,9.915972222222223,1554.31,1553.77,-0.5399999999999636,0.06764927347437864,0.05303557544822839,0.06034242446130352,0.03746659371642798,0.06407881200809491,1516192.7442606315,1919798.322927227,0.01205528142053456,0.015264358137292097,1.0,1.0,1.0,124.30080795525171,0.7642013673088874,1553.77,-0.002334022662918149
402,2022-08-03 09:36:00,2022-08-13 07:34:00,calibration,9.915277777777778,1553.77,1554.31,0.5399999999999636,0.09131249378410065,0.05315603945996845,0.07223426662203455,0.03528047953002664,0.058369250067136794,1355268.7621300584,1708950.8156853006,0.010775771345551867,0.013587905030494559,1.0,1.0,1.0,125.72290671360324,0.7729444304752326,1554.31,0.01738872600351831
403,2022-08-13 07:34:00,2022-08-23 05:33:00,calibration,9.915972222222223,1554.31,1554.29,-0.01999999999998181,0.10279525253546433,0.07830045073179905,0.09054785163363169,0.03487229599312405,0.05357635450016581,2252355.636897757,2587821.9340934753,0.017908528559257033,0.020575828369988673,0.9999999999999998,0.9999999999999998,0.9999999999999998,231.00023100023108,1.4201894201894205,1554.29,0.04284232896599223
404,2022-08-23 05:33:00,2022-09-02 03:31:00,calibration,9.915277777777778,1554.29,1554.41,0.12000000000011823,0.1507870670075588,0.08858128002866605,0.11968417351811243,0.03549842534832943,0.05142859967409225,2383823.757912839,2752572.3244676082,0.018953834443133012,0.021885762299973032,1.0,1.0,1.0,226.24434389140265,1.3909502262443434,1554.41,0.07545754957776113
405,2022-09-02 03:31:00,2022-09-12 01:30:00,calibration,9.915972222222223,1554.41,1554.52,0.10999999999989996,0.14782041447693667,0.12344201033749107,0.13563121240721387,0.03286852225449216,0.04461243592830734,3281686.35428302,5648472.976990047,0.026092759436137553,0.04491113124743617,1.0,1.0,1.0,246.79170779861798,1.5172754195459033,1554.52,0.11143758676443515
406,2022-09-12 01:30:00,2022-09-21 23:28:00,calibration,9.915277777777778,1554.52,1554.43,-0.08999999999991815,0.22326264682804145,0.11110900595033558,0.16718582638918852,0.032737368930889875,0.04445153968936756,3403025.0606457917,5615429.639971649,0.027057526124241008,0.04464840295755466,1.0,1.0,1.0,165.78249336870027,1.0192307692307692,1554.43,0.14849382382040352
407,2022-09-21 23:28:00,2022-10-01 21:27:00,calibration,9.915972222222223,1554.43,1554.82,0.38999999999987267,0.16709048306011484,0.08572806720244244,0.12640927513127864,0.030891995092500495,0.04106644036943934,3163606.0009560594,6219851.932557734,0.025153899983748583,0.04945417772567173,1.0,1.0,1.0,158.60428231562253,0.9750991276764472,1554.82,0.10849505788764455
408,2022-10-01 21:27:00,2022-10-11 19:25:00,calibration,9.915277777777778,1554.82,1554.79,-0.029999999999972715,0.1041779361165428,0.06265860632597046,0.08341827122125663,0.031265919339861586,0.05061278352126967,2557536.0463221013,6126544.109651322,0.02033502461892424,0.04871228520037625,1.0,1.0,1.0,149.29829799940282,0.9178859361003284,1554.79,0.05696328070018511
409,2022-10-11 19:25:00,2022-10-21 17:24:00,calibration,9.915972222222223,1554.79,1555.06,0.2699999999999818,0.1116009255345909,0.06690659392000675,0.08925375972729883,0.03273215952689334,0.04721215423399788,2685310.725203796,6365721.902048249,0.02135096386422673,0.05061399301938657,0.9999999999999998,0.9999999999999998,0.9999999999999998,157.77847901546224,0.9700220889870618,1555.06,0.06015244895411101
410,2022-10-21 17:24:00,2022-10-31 15:22:00,calibration,9.915277777777778,1555.06,1554.83,-0.2300000000000182,0.022901936940805407,0.0006843981137684721,0.01179316752728694,0.03430940633043329,0.05792843280021085,2596302.6075193877,3586277.0716214413,0.020643258388482053,0.028514566841229556,1.0,1.0,1.0,214.68441391155008,1.3198797767282098,1554.83,-0.04397497298998155
411,2022-10-31 15:22:00,2022-11-10 13:21:00,calibration,9.915972222222223,1554.83,1554.84,0.009999999999990905,0.07420302834519636,0.050171182544156354,0.06218710544467636,0.030070045646638777,0.04589414968826616,1896674.127172058,2813256.6146587413,0.015080497154902266,0.022368264408513486,1.0,1.0,1.0,181.38944313440956,1.11518229639035,1554.84,0.024937440803301597
412,2022-11-10 13:21:00,2022-11-20 11:19:00,calibration,9.915277777777778,1554.84,1554.46,-0.37999999999988177,0.017506426690181542,0.006990806277545317,0.012248616483863429,0.03227034368943802,0.05735087924323088,1859206.9950902143,2547360.0333165913,0.01478259517444712,0.020254114918633947,1.0,1.0,1.0,60.13952369497235,0.36973779167668996,1554.46,-0.04073639501616564
413,2022-11-20 11:19:00,2022-11-30 09:18:00,calibration,9.915972222222223,1554.46,1554.61,0.14999999999986358,0.07832385621684457,0.05019159678760242,0.06425772650222349,0.028908973585367162,0.043394567628061126,1518236.0999839506,2472848.235674279,0.01207152818624434,0.019661669998205285,0.9999999999999998,0.9999999999999998,0.9999999999999998,48.046893768317894,0.29539230288761836,1554.61,0.0297166368171106
414,2022-11-30 09:18:00,2022-12-10 07:17:00,calibration,9.915972222222223,1554.61,1554.36,-0.25,0.007933030966289355,0.004509951505499648,0.006221491235894502,0.029585404270709905,0.05763804043202276,1607449.9251708116,2702969.7090363023,0.012780869246806166,0.02149137082799,1.0,1.0,1.0,67.5219446320054,0.4151249155975692,1554.36,-0.03919254975403387
415,2022-12-10 07:17:00,2022-12-20 05:15:00,calibration,9.915277777777778,1554.36,1554.29,-0.06999999999993634,0.004290038288695576,0.013646186821872812,0.008968112555284194,0.030965435487469287,0.05826448095094982,1134287.5832002433,1546954.1702794912,0.009018745195199518,0.012299866186526924,1.0,1.0,1.0,71.40307033202428,0.4389860764012853,1554.29,-0.04392775616375937
416,2022-12-20 05:15:00,2022-12-30 03:14:00,calibration,9.915972222222223,1554.29,1554.56,0.2699999999999818,0.0035568154798334196,0.0030861381036767005,0.0033214767917550602,0.029909324373929836,0.06433002108321793,1074563.9119014624,1233762.4453638827,0.008543880988323625,0.009809671983492746,1.0,1.0,1.0,113.7915339098771,0.6995903504779244,1554.56,-0.0483654292084057
417,2022-12-30 03:14:00,2023-01-09 01:12:00,calibration,9.915277777777778,1554.56,1554.65,0.09000000000014552,0.0038679189879666244,0.002401500583946079,0.0031347097859563515,0.030689005917376697,0.06446754902239861,946046.6070869375,1113449.8054979178,0.007522037108109545,0.008853063572377497,1.0,1.0,1.0,195.88638589618023,1.204309500489716,1554.65,-0.051319299990556684
418,2023-01-09 01:12:00,2023-01-18 23:11:00,calibration,9.915972222222223,1554.65,1554.56,-0.09000000000014552,0.0052400967127059815,0.0008128486212195192,0.0030264726669627503,0.031971255658907856,0.06790413765504931,927876.5521324547,1138897.5589214936,0.007377566606761984,0.009055399212224645,0.9999999999999998,0.9999999999999998,0.9999999999999998,166.63889351774702,1.0244959173471087,1554.56,-0.055206334755797434
419,2023-01-18 23:11:00,2023-01-28 21:09:00,calibration,9.915277777777778,1554.56,1554.7,0.14000000000010004,0.0008004993258656851,0.0031729482574497474,0.001986723791657716,0.033136973920775165,0.08209928599823808,921925.0533759332,1035691.0640888247,0.007330246110963928,0.008234802131580064,1.0,1.0,1.0,183.5199119104423,1.1282804184253992,1554.7,-0.06025623881740972
420,2023-01-28 21:09:00,2023-02-07 19:08:00,calibration,9.915972222222223,1554.7,1554.47,-0.2300000000000182,0.0019074986695396205,0.0,0.0009537493347698102,0.033440024336709714,0.08865712281800729,785021.6748748443,861987.4164037057,0.006241724376837435,0.006853680658374062,1.0,1.0,1.0,246.42681123706265,1.5150320354854612,1554.47,-0.0629369089656054
421,2023-02-07 19:08:00,2023-02-17 17:06:00,calibration,9.915277777777778,1554.47,1554.25,-0.22000000000002728,0.0009272189184876508,0.004129907193289092,0.0025285630558883714,0.035526225428480426,0.08950590397330145,807838.7634014668,915352.6610824787,0.006423143542986935,0.007277988877176423,1.0,1.0,1.0,207.9002079002079,1.2781704781704781,1554.25,-0.06718744858519243
422,2023-02-17 17:06:00,2023-02-27 15:05:00,calibration,9.915972222222223,1554.25,1554.36,0.10999999999989996,0.0026563782604040855,0.0016128780966423954,0.0021346281785232404,0.036457129281154035,0.09412606572071158,765502.7318045334,823203.9338001631,0.00608652883680157,0.006545312346347802,0.9999999999999998,0.9999999999999998,0.9999999999999998,224.71910112359555,1.3815730337078653,1554.36,-0.07073930948328075
423,2023-02-27 15:05:00,2023-03-09 13:03:00,calibration,9.915277777777778,1554.36,1554.13,-0.22999999999979082,0.008001515515748637,0.012170650206840402,0.010086082861294522,0.036689750527614313,0.08683510750412962,792678.906076297,823080.4825401856,0.006302607188330262,0.0065443307827000525,1.0,1.0,1.0,229.93791676247412,1.4136583122556907,1554.13,-0.06217334316389576
424,2023-03-09 13:03:00,2023-03-19 11:02:00,calibration,9.915972222222223,1554.13,1554.26,0.12999999999988177,0.11406777226108039,0.031004128181217974,0.07253595022114918,0.03469151561571736,0.06354827444662901,909492.4897307465,1025109.1296215749,0.007231394527556226,0.008150664940936431,1.0,1.0,1.0,212.35931195582927,1.3055850499044384,1554.26,0.017265394364001978
425,2023-03-19 11:02:00,2023-03-29 09:00:00,calibration,9.915277777777778,1554.26,1553.94,-0.31999999999993634,0.030747340018444595,0.013377016913963181,0.02206217846620389,0.03708904508354317,0.07216443272198532,944792.1665862086,1084417.9798379522,0.007512063024459002,0.008622230896381904,1.0,1.0,1.0,58.50348095711695,0.35967940092435496,1553.94,-0.04855673273897982
426,2023-03-29 09:00:00,2023-04-08 06:59:00,calibration,9.915972222222223,1553.94,1553.79,-0.15000000000009095,0.008423649750365178,0.0,0.004211824875182589,0.04122946398051473,0.09480315404580254,909771.2906066746,967670.7036126587,0.007233611279372463,0.007693970768964448,1.0,1.0,1.0,47.691720717283474,0.2932086989698588,1553.79,-0.08216146819428646
427,2023-04-08 06:59:00,2023-04-18 04:57:00,calibration,9.915277777777778,1553.79,1553.82,0.029999999999972715,0.016402039957043108,0.008523861919105065,0.012462950938074088,0.03906114144984288,0.09483790910415042,878135.364154614,899568.7079138225,0.006982073341453558,0.007152490322921384,1.0,1.0,1.0,89.88764044943821,0.5526292134831461,1553.82,-0.06626651877280207
428,2023-04-18 04:57:00,2023-04-28 02:56:00,calibration,9.915972222222223,1553.82,1553.88,0.060000000000172804,0.09661574814782857,0.02808889466850793,0.06235232140816825,0.03877256047408473,0.0787382548277394,918415.279612188,941215.3790105458,0.007302339823584225,0.007483623908806121,0.9999999999999998,0.9999999999999998,0.9999999999999998,76.09770945894529,0.4678487177535956,1553.88,-0.007120991729279866
429,2023-04-28 02:56:00,2023-05-08 00:54:00,calibration,9.915277777777778,1553.88,1554.21,0.32999999999992724,0.0501749007156911,0.02931409086978764,0.039744495792739365,0.040733749640111366,0.08124107186497397,1049756.3432906421,1048717.5366383926,0.008346635471818733,0.00833837589757806,1.0,1.0,1.0,96.11687812379856,0.5909265667051135,1554.21,-0.039001137761365136
430,2023-05-08 00:54:00,2023-05-17 22:53:00,calibration,9.915972222222223,1554.21,1554.07,-0.14000000000010004,0.11700508971235553,0.053583285177617235,0.08529418744498637,0.03892213578933753,0.0713890518784315,1079403.5353985261,1034540.4960509263,0.008582360939799047,0.008225653940136171,1.0,1.0,1.0,217.0138888888889,1.3342013888888888,1554.07,0.019472857164769052
431,2023-05-17 22:53:00,2023-05-27 20:51:00,calibration,9.915277777777778,1554.07,1554.23,0.16000000000008185,0.039890935676477085,0.04390424921368897,0.04189759244508303,0.038240754327146353,0.0741600054889269,1091595.8395652329,1041246.9908799945,0.008679302214878212,0.00827897742609521,1.0,1.0,1.0,217.0138888888889,1.3342013888888888,1554.23,-0.02903746187907824
432,2023-05-27 20:51:00,2023-06-06 18:50:00,calibration,9.915972222222223,1554.23,1554.13,-0.09999999999990905,0.1377738726344092,0.030950921214748364,0.0843623969245788,0.03870128327135053,0.06349783620327798,1273411.6369218212,1170487.211317861,0.010124923566206735,0.009306569224122294,0.9999999999999998,0.9999999999999998,0.9999999999999998,235.84905660377353,1.4499999999999995,1554.13,0.01949564452156549
433,2023-06-06 18:50:00,2023-06-16 16:48:00,calibration,9.915277777777778,1554.13,1554.08,-0.0500000000001819,0.05450865712020026,0.03803931025322436,0.04627398368671231,0.03962691563087469,0.07060994277512987,1433352.3900385357,1279337.7094502556,0.011396615965957984,0.010172041897513362,1.0,1.0,1.0,241.25452352231608,1.483232810615199,1554.08,-0.02731438964633008
434,2023-06-16 16:48:00,2023-06-26 14:47:00,calibration,9.915972222222223,1554.08,1554.22,0.14000000000010004,0.09490443616136186,0.09691392945015705,0.09590918280575945,0.036865859913939716,0.06387941973744135,1234766.012779303,1254026.7831378288,0.009817651369796477,0.009970794172996969,1.0,1.0,1.0,236.1832782239017,1.4520547945205475,1554.22,0.038732618831379
435,2023-06-26 14:47:00,2023-07-06 12:46:00,calibration,9.915972222222223,1554.22,1554.23,0.009999999999990905,0.11811001980366134,0.08224588010322985,0.10017794995344559,0.03550821701002078,0.05505959042063974,1405465.40723773,1485661.9190713349,0.011174885960385864,0.011812530166743539,1.0,1.0,1.0,216.16947686986597,1.329009943795936,1554.23,0.04854049409757603
436,2023-07-06 12:46:00,2023-07-16 10:44:00,calibration,9.915277777777778,1554.23,1554.27,0.03999999999996362,0.06417334279955834,0.06387573164588058,0.06402453722271946,0.036484631766080335,0.0613114850124696,1660838.8397385306,1785621.9554984702,0.013205365665409323,0.014197518927395009,1.0,1.0,1.0,224.71910112359555,1.3815730337078653,1554.27,0.004460309923952813
437,2023-07-16 10:44:00,2023-07-26 08:43:00,calibration,9.915972222222223,1554.27,1554.19,-0.07999999999992724,0.09062226372353328,0.038103459661793626,0.06436286169266346,0.037459888271790635,0.06405845534668167,1161873.6477678306,1469328.5475290122,0.0092380825933675,0.011682663175073644,0.9999999999999998,0.9999999999999998,0.9999999999999998,258.13113061435206,1.5869901910170363,1554.19,0.0008931918368870057
438,2023-07-26 08:43:00,2023-08-05 06:41:00,calibration,9.915277777777778,1554.19,1554.3,0.10999999999989996,0.09647335393700841,0.1062098312928101,0.10134159261490924,0.03538472443810282,0.057286706522569675,1337638.0856453774,1594749.2073087208,0.010635589454125606,0.012679885563399227,1.0,1.0,1.0,216.16947686986597,1.329009943795936,1554.3,0.050622720800100676
439,2023-08-05 06:41:00,2023-08-15 04:40:00,calibration,9.915972222222223,1554.3,1554.27,-0.029999999999972715,0.04527805684877099,0.02563344376607817,0.03545575030742458,0.03847230339668461,0.06644291298168677,1240340.8426203905,1359820.1045294716,0.009861976962871834,0.010811959167762357,1.0,1.0,1.0,207.9002079002079,1.2781704781704781,1554.27,-0.03619159770464024
440,2023-08-15 04:40:00,2023-08-25 02:38:00,calibration,9.915277777777778,1554.27,1554.17,-0.09999999999990905,0.07188237902051536,0.03555786283864551,0.05372012092958043,0.03528518345964207,0.060948637778248986,1131305.6244543286,1320539.385187593,0.00899503557648349,0.010499637315636424,1.0,1.0,1.0,236.1832782239017,1.4520547945205475,1554.17,-0.005476299253736987
441,2023-08-25 02:38:00,2023-09-04 00:37:00,calibration,9.915972222222223,1554.17,1554.05,-0.12000000000011823,0.05172141083090917,0.10893464604994883,0.08032802844042901,0.036864232486140805,0.05851586582560245,1301833.9174376745,1439770.1245054107,0.010350909735530527,0.011447643512009309,0.9999999999999998,0.9999999999999998,0.9999999999999998,141.5227851684121,0.8700820832153975,1554.05,0.02118886703205779
442,2023-09-04 00:37:00,2023-09-13 22:35:00,calibration,9.915277777777778,1554.05,1553.58,-0.4700000000000273,0.10873299405422766,0.05370332913413003,0.08121816159417884,0.03668923579735027,0.05840077819463757,1497355.3256530906,1495934.4684683038,0.011905504696295545,0.011894207429977767,1.0,1.0,1.0,38.36415253587048,0.2358628097905317,1553.58,0.02293318388624824
443,2023-09-13 22:35:00,2023-09-23 20:34:00,calibration,9.915972222222223,1553.58,1554.19,0.6100000000001273,0.05939982887253649,0.03425135059691546,0.046825589734725975,0.03905085033717914,0.06796886695301108,1338230.2124585896,1725908.2559752474,0.010640297467270332,0.01372273400632303,1.0,1.0,1.0,41.95686833934716,0.2579508265503063,1554.19,-0.02347551418663083
444,2023-09-23 20:34:00,2023-10-03 18:32:00,calibration,9.915277777777778,1554.19,1554.13,-0.05999999999994543,0.1792437825433427,0.11789622748483666,0.14857000501408968,0.03496897212843892,0.05235592471784446,1619790.1136524482,1868846.1039563967,0.01287898635328336,0.01485923593827142,1.0,1.0,1.0,156.03058199407084,0.9592760180995474,1554.13,0.10780918121422531
445,2023-10-03 18:32:00,2023-10-13 16:31:00,calibration,9.915972222222223,1554.13,1554.43,0.2999999999999545,0.2126537243796406,0.092767150019741,0.1527104371996908,0.033735565240951636,0.04667854253603818,2427364.928102153,2759588.46301324,0.019300031232425484,0.021941547769843684,1.0,1.0,1.0,174.94751574527646,1.0755773268019597,1554.43,0.11926010502451441
446,2023-10-13 16:31:00,2023-11-02 12:28:00,calibration,19.83125,1554.43,1554.4,-0.029999999999972715,0.19260379964048613,0.0980141326280014,0.14530896613424377,0.05801546355999266,0.08572079464729307,4509677.273393856,7156873.497339036,0.035856541889113906,0.056904456526508995,1.0,1.0,1.0,241.48756339048546,1.4846655397247046,1554.4,0.0856658041598035
447,2023-11-02 12:28:00,2023-11-12 10:26:00,calibration,9.915277777777778,1554.4,1554.04,-0.36000000000012733,0.047798728820646674,0.00628945518617432,0.027044092003410496,0.0280735476553588,0.04188170300273725,2230094.2705214964,4532018.518670348,0.01773152795198773,0.03603417761525283,1.0,1.0,1.0,112.18308279111508,0.6897015929997755,1554.04,-0.0043904461748741005
448,2023-11-12 10:26:00,2023-11-22 08:25:00,calibration,9.915972222222223,1554.04,1554.37,0.32999999999992724,0.027978623987842576,0.0008675236525283326,0.014423073820185454,0.032062877464259606,0.05266126719320203,1824091.6665205345,2595051.8242380735,0.014503392434766118,0.02063331338346246,1.0,1.0,1.0,113.31444759206798,0.6966572237960339,1554.37,-0.03742104585439762
449,2023-11-22 08:25:00,2023-12-02 06:23:00,calibration,9.915277777777778,1554.37,1554.48,0.11000000000012733,0.015453707895575498,0.014180050809165347,0.014816879352370423,0.03173640334797359,0.05671499328649981,1613543.5612898676,2165828.458636655,0.012829319879859009,0.01722054908671905,1.0,1.0,1.0,258.2644628099174,1.5878099173553721,1554.48,-0.03739359833639735
450,2023-12-02 06:23:00,2023-12-12 04:22:00,calibration,9.915972222222223,1554.48,1554.32,-0.16000000000008185,0.003706172969292331,0.005274056735373739,0.004490114852333036,0.030755350131434152,0.06219790166308963,1129416.300122136,1477039.7451221962,0.008980013517708007,0.011743975074518536,0.9999999999999998,0.9999999999999998,0.9999999999999998,258.2644628099174,1.5878099173553721,1554.32,-0.048743225860700304
451,2023-12-12 04:22:00,2023-12-22 02:21:00,calibration,9.915972222222223,1554.32,1554.13,-0.1899999999998272,0.00485713371859181,0.0027155957159175946,0.0037863647172547026,0.030203171927968564,0.06836181700682528,1110968.018630744,1448385.8794405062,0.008833330831126213,0.01151614756651432,1.0,1.0,1.0,258.2644628099174,1.5878099173553721,1554.13,-0.048000870066200324
452,2023-12-22 02:21:00,2024-01-01 00:19:00,calibration,9.915277777777778,1554.13,1554.11,-0.020000000000209184,0.004483347381597759,0.000516340880405216,0.002499844131001487,0.03140741114903502,0.06664724318442942,1063313.920112223,1118654.1157692857,0.008454432059411807,0.008894443156311407,1.0,1.0,1.0,188.67924528301887,1.16,1554.11,-0.054197305435964495
453,2024-01-01 00:19:00,2024-01-10 22:18:00,calibration,9.915972222222223,1554.11,1553.9,-0.209999999999809,0.0018970591464815415,0.0014064461472816246,0.001651752646881583,0.03208376722412465,0.07439800391906606,1067800.4631110793,1117125.7098862093,0.008490104660181914,0.008882290767959046,1.0,1.0,1.0,113.12217194570137,0.6954751131221719,1553.9,-0.057217407983533405
454,2024-01-10 22:18:00,2024-01-20 20:16:00,test,9.915277777777778,1553.9,1554.22,0.31999999999993634,0.0008323453362839395,0.0006683803353888699,0.0007503628358364047,0.033321712001975756,0.08092114860534509,926987.4599098456,918723.0186944897,0.007370497415201126,0.007304786663707479,1.0,1.0,1.0,134.91635186184567,0.8294657312466271,1554.22,-0.0626351516922026
455,2024-01-20 20:16:00,2024-01-30 18:15:00,test,9.915972222222223,1554.22,1554.2,-0.01999999999998181,0.0038264106409503593,0.0003378265428349046,0.002082118591892632,0.03250463974133568,0.07863895333187372,877236.109838301,861320.7159789777,0.006974923350865079,0.0068483797088254575,0.9999999999999998,0.9999999999999998,0.9999999999999998,264.2007926023779,1.624306472919419,1554.2,-0.05881794835209672
456,2024-01-30 18:15:00,2024-02-09 16:13:00,test,9.915277777777778,1554.2,1554.11,-0.09000000000014552,0.007442930136797861,0.0030203203325175603,0.00523162523465771,0.03387026446169319,0.08017620457541227,981721.905403253,948335.2968270002,0.007805692179400915,0.007540234529911745,0.9999999999999998,0.9999999999999998,0.9999999999999998,264.2007926023779,1.624306472919419,1554.11,-0.05896119506789909
457,2024-02-09 16:13:00,2024-02-19 14:12:00,test,9.915972222222223,1554.11,1554.16,0.0500000000001819,0.004722348677365403,0.005897585534416244,0.0053099671058908235,0.03558692163340551,0.08932292660360519,892118.5108697395,884988.3179828671,0.007093253644507748,0.007036561326094197,1.0,1.0,1.0,264.2007926023779,1.624306472919419,1554.16,-0.06422540949151763
458,2024-02-19 14:12:00,2024-02-29 12:10:00,test,9.915277777777778,1554.16,1554.0,-0.16000000000008185,0.0005009717820960586,0.0021290323180747912,0.001315002050085425,0.03663568743207915,0.10874485770556017,787296.2741840883,801044.5258827938,0.006259809765318346,0.006369122412998281,1.0,1.0,1.0,235.29411764705875,1.446588235294117,1554.0,-0.07230523334395153
459,2024-02-29 12:10:00,2024-03-10 10:09:00,test,9.915972222222223,1554.0,1553.76,-0.2400000000000091,0.011183583906379267,0.002597407149233548,0.006890495527806408,0.03751880175705315,0.08367132954675299,789721.169079545,823279.4011300588,0.0062790901572675915,0.006545912388725919,1.0,1.0,1.0,199.92003198720514,1.229108356657337,1553.76,-0.06838162015074149
460,2024-03-10 10:09:00,2024-03-20 08:07:00,test,9.915277777777778,1553.76,1553.68,-0.07999999999992724,0.007481310835928331,0.006113213038846329,0.006797261937387329,0.039419036055599016,0.09590533868884406,898653.6072828751,915549.6437009916,0.007145214337941282,0.007279555090251981,1.0,1.0,1.0,199.92003198720514,1.229108356657337,1553.68,-0.07389051812436673
461,2024-03-20 08:07:00,2024-03-30 06:06:00,test,9.915972222222223,1553.68,1553.6,-0.08000000000015461,0.009453866876697236,0.00584882695540789,0.007651346916052562,0.041508283421122075,0.09946587397245686,1009848.8607283302,1005765.824255384,0.00802933021172243,0.007996865900098465,1.0,1.0,1.0,221.38587558113795,1.361080363072836,1553.6,-0.07886451251073244
462,2024-03-30 06:06:00,2024-04-09 04:04:00,test,9.915277777777778,1553.6,1553.48,-0.11999999999989086,0.03008289686298793,0.008145886671592766,0.01911439176729035,0.039987898321886844,0.09203285466236538,931064.4774795432,936994.8829926153,0.007402913870394714,0.007450066653356248,1.0,1.0,1.0,131.71759747102215,0.809799789251844,1553.48,-0.061172419877219684
463,2024-04-09 04:04:00,2024-04-19 02:03:00,test,9.915972222222223,1553.48,1553.51,0.029999999999972715,0.006566299868826957,0.005660096949568726,0.006113198409197841,0.04131785199556335,0.1024075111011457,951809.7662778149,938206.3309709157,0.0075678601119330115,0.007459698902527755,1.0,1.0,1.0,111.64452383610585,0.6863905325443787,1553.51,-0.08030747547657838
464,2024-04-19 02:03:00,2024-04-29 00:01:00,test,9.915277777777778,1553.51,1553.57,0.05999999999994543,0.058128012672719734,0.015525822597723641,0.03682691763522169,0.04019291821754117,0.09484787777590109,950828.8468379135,983912.1330857823,0.0075600608001742346,0.007823106727246421,1.0,1.0,1.0,181.6200508536143,1.1166000726480205,1553.57,-0.04099144169873726
465,2024-04-29 00:01:00,2024-05-08 22:00:00,test,9.915972222222223,1553.57,1553.53,-0.03999999999996362,0.04225689345450668,0.012704765319460316,0.0274808293869835,0.04124339421215183,0.08411334730583672,990215.2497699107,954959.791912501,0.0078732229448192,0.007592906034129768,0.9999999999999998,0.9999999999999998,0.9999999999999998,202.38818053025707,1.2442825339000203,1553.53,-0.05512741456283553
466,2024-05-08 22:00:00,2024-05-18 19:58:00,test,9.915277777777778,1553.53,1553.87,0.33999999999991815,0.08439173495755768,0.023616638637556718,0.054004186797557203,0.040747643586666146,0.07830261060866338,1148970.2412343665,1109639.7514688633,0.009135487327934854,0.00882276975009035,0.9999999999999998,0.9999999999999998,0.9999999999999998,202.38818053025707,1.2442825339000203,1553.87,-0.022224734908937713
467,2024-05-18 19:58:00,2024-05-28 17:57:00,test,9.915972222222223,1553.87,1553.72,-0.14999999999986358,0.04802169604661291,0.010281300590666837,0.029151498318639873,0.04027006515028931,0.0746895952737028,1125767.8872562577,1050923.3124848271,0.008951004907817903,0.008355914069212269,1.0,1.0,1.0,246.9135802469136,1.5180246913580246,1553.72,-0.049945518863327196
468,2024-05-28 17:57:00,2024-06-07 15:55:00,test,9.915277777777778,1553.72,1553.6,-0.12000000000011823,0.09463874985039213,0.04041144504480485,0.06752509744759848,0.03510553005732597,0.06696676169654785,1165551.6672120383,1107110.0368410468,0.00926732660580455,0.008802655934173863,1.0,1.0,1.0,252.46149962130775,1.5521332996718,1553.6,0.010450491634780842
469,2024-06-07 15:55:00,2024-06-17 13:54:00,test,9.915972222222223,1553.6,1553.5,-0.09999999999990905,0.3263511953267097,0.20307601295438257,0.2647136041405461,0.026967246677712314,0.034037303375702356,1628287.572895611,1693338.4250405298,0.012946549836174055,0.013463770573590918,1.0,1.0,1.0,180.63583815028906,1.110549132947977,1553.5,0.2665937899645867
470,2024-06-17 13:54:00,2024-06-27 11:53:00,test,9.915972222222223,1553.5,1553.81,0.30999999999994543,0.3126961693175181,0.15767477271850164,0.23518547101800985,0.029994931478096398,0.03875293614557491,1916110.5213220231,2957305.5483172927,0.015235036346680633,0.02351360060680045,1.0,1.0,1.0,174.94751574527646,1.0755773268019597,1553.81,0.2272467559720245
471,2024-06-27 11:53:00,2024-07-07 09:51:00,test,9.915277777777778,1553.81,1553.72,-0.08999999999991815,0.1358119941688628,0.10146824710545509,0.11864012063715895,0.03476100266991192,0.0526594204453981,2084215.2776403495,3444245.1304617617,0.016571640913098113,0.027385267794082544,1.0,1.0,1.0,221.38587558113795,1.361080363072836,1553.72,0.07872292960547418
472,2024-07-07 09:51:00,2024-07-17 07:50:00,test,9.915972222222223,1553.72,1553.67,-0.049999999999954525,0.07386414978666027,0.05434938182950712,0.0641067658080837,0.037001174382022425,0.061715356173906645,1892866.4568943891,3179396.126123304,0.015050222285874128,0.02527944761169837,1.0,1.0,1.0,122.29423994129874,0.7518649871591047,1553.67,0.007582765846510797
473,2024-07-17 07:50:00,2024-07-27 05:48:00,test,9.915277777777778,1553.67,1553.72,0.049999999999954525,0.07487313892230893,0.04001300954470653,0.05744307423350773,0.038088546321925085,0.06250997451962934,1387652.9970175375,1956157.9267000284,0.011033259100083783,0.015553454136121718,1.0,1.0,1.0,109.40919037199122,0.6726477024070019,1553.72,-0.007461787458227821
474,2024-07-27 05:48:00,2024-08-06 03:47:00,test,9.915972222222223,1553.72,1554.05,0.32999999999992724,0.09120008758289411,0.04714185087677923,0.06917096922983668,0.03568586267467217,0.055945989843757905,2128003.8807985703,2103505.6547376723,0.01691980504729721,0.01672501912012143,0.9999999999999998,0.9999999999999998,0.9999999999999998,179.43656917279742,1.1031760272743585,1554.05,0.013899770885707638
475,2024-08-06 03:47:00,2024-08-16 01:45:00,test,9.915277777777778,1554.05,1553.9,-0.14999999999986358,0.08378720006968186,0.02933275705324558,0.05655997856146372,0.03674599136906109,0.06049993822199961,1661410.12959801,2062355.8766473539,0.013209908003482628,0.01639783634131632,0.9999999999999998,0.9999999999999998,0.9999999999999998,231.21387283237,1.4215028901734106,1553.9,-0.004114769875050259
476,2024-08-16 01:45:00,2024-08-25 23:44:00,test,9.915972222222223,1553.9,1554.0,0.09999999999990905,0.054734021209003815,0.0354057579274785,0.04506988956824115,0.03836584190255509,0.06484373433520135,1734970.6632540433,2224619.9026795486,0.013794789403307969,0.017688001134448187,1.0,1.0,1.0,216.6377816291161,1.3318890814558055,1554.0,-0.0218299620313918
477,2024-08-25 23:44:00,2024-09-04 21:42:00,test,9.915277777777778,1554.0,1553.93,-0.06999999999993634,0.1353114816209004,0.06973454251070828,0.10252301206580433,0.037416015248025264,0.05715951478866317,1884131.2720744866,2423273.2114109867,0.014980768641762635,0.019267497904198034,1.0,1.0,1.0,192.1598770176787,1.1813989239046885,1553.93,0.048624613453632684
478,2024-09-04 21:42:00,2024-10-04 15:38:00,test,29.747222222222224,1553.93,1554.24,0.30999999999994543,0.4133992487853904,0.21819482008003072,0.31579703443271057,0.10322760231005448,0.1519269268837377,7912722.704503697,9457642.038473165,0.06291422997935674,0.07519791713821392,0.9999999999999999,0.9999999999999999,0.9999999999999999,219.63540522732265,1.3503184713375795,1554.24,0.18970843505181526
479,2024-10-04 15:38:00,2024-10-14 13:36:00,test,9.915277777777778,1554.24,1554.21,-0.029999999999972715,0.06693691101711884,0.05163925710429403,0.05928808406070643,0.033697937013188295,0.0539036641084208,2625947.0828290996,3230440.681191347,0.020878962255141128,0.025685303977032257,1.0,1.0,1.0,264.2007926023779,1.624306472919419,1554.21,0.012041984835171313
480,2024-10-14 13:36:00,2024-10-24 11:35:00,test,9.915972222222223,1554.21,1553.87,-0.3400000000001455,0.13595262395710658,0.06616896461520996,0.10106079428615829,0.030418140261816426,0.044987680182509315,2548981.500431888,3925235.161795342,0.020267007238863703,0.031209629973724593,1.0,1.0,1.0,140.4494382022472,0.8634831460674157,1553.87,0.07284547077524348
481,2024-10-24 11:35:00,2024-11-03 09:33:00,test,9.915277777777778,1553.87,1553.76,-0.10999999999989996,0.04192577829082732,0.02479835365861564,0.03336206597472147,0.03126225214457078,0.05124294369482214,2187576.2536656307,2963076.6976261665,0.017393466277058366,0.023559487140225543,1.0,1.0,1.0,96.4506172839506,0.5929783950617283,1553.76,-0.011742387070777897
482,2024-11-03 09:33:00,2024-11-13 07:32:00,test,9.915972222222223,1553.76,1553.77,0.009999999999990905,0.03806156033981869,0.02684247147185847,0.03245201590583858,0.03222362667870678,0.051505570175396524,1748900.573471521,2314231.5237333407,0.013905546421813795,0.018400505078582655,0.9999999999999998,0.9999999999999998,0.9999999999999998,69.44444444444444,0.4269444444444444,1553.77,-0.017814034001009928
483,2024-11-13 07:32:00,2024-11-23 05:30:00,test,9.915277777777778,1553.77,1554.07,0.2999999999999545,0.09083605576012488,0.05948315273769838,0.07515960424891162,0.02625045111719284,0.03748269418616764,2033565.998299669,2671702.390746751,0.016168927393652454,0.021242763701572322,0.9999999999999998,0.9999999999999998,0.9999999999999998,90.3750564844103,0.5556258472661545,1554.07,0.0510474192197511
484,2024-11-23 05:30:00,2024-12-03 03:29:00,test,9.915972222222223,1554.07,1554.13,0.060000000000172804,0.0075651349453903435,0.0007297378021431418,0.004147436373766742,0.031225874521216845,0.06289969290622564,1719492.0686557502,2437017.6663396615,0.01367171876167409,0.01937678036367704,1.0,1.0,1.0,264.2007926023779,1.624306472919419,1554.13,-0.047403819523612625
485,2024-12-03 03:29:00,2024-12-13 01:27:00,test,9.915277777777778,1554.13,1554.23,0.09999999999990905,0.004662724339521435,0.0,0.0023313621697607177,0.03074731791292395,0.06322126818757556,1297411.7033795374,1632481.5635299527,0.010315748615564422,0.01297989634674368,1.0,1.0,1.0,264.2007926023779,1.624306472919419,1554.23,-0.05072715922392904
486,2024-12-13 01:27:00,2024-12-22 23:26:00,test,9.915972222222223,1554.23,1553.87,-0.36000000000012733,0.0027751954973105355,2.14210496160197e-05,0.0013983082734632776,0.02956866839434312,0.06392161660645408,1215194.8492750744,1428288.6782793952,0.00966204062395702,0.011356354283846666,1.0,1.0,1.0,246.42681123706265,1.5150320354854612,1553.87,-0.048946338499801276
487,2024-12-22 23:26:00,2025-01-01 21:25:00,test,9.915972222222223,1553.87,1553.94,0.07000000000016371,0.025707390958603606,0.03263375317321803,0.029170572065910817,0.029310041304683274,0.05499405094377316,1172859.0307382415,1250048.1610222328,0.009325427611817138,0.009939160062194743,1.0,1.0,1.0,179.43656917279742,1.1031760272743585,1553.94,-0.016389755985316452
488,2025-01-01 21:25:00,2025-01-11 19:23:00,test,9.915277777777778,1553.94,1554.02,0.07999999999992724,0.008796099569045458,0.0036264930558924497,0.006211296312468953,0.030190021641712965,0.06125516550459588,1057524.1953045018,1190023.134130294,0.008408397831792175,0.00946189977045634,1.0,1.0,1.0,182.48175182481754,1.121897810218978,1554.02,-0.045985623066991714
489,2025-01-11 19:23:00,2025-01-21 17:22:00,test,9.915972222222223,1554.02,1553.99,-0.029999999999972715,0.00047081660227024804,9.758979301949162e-06,0.00024028779078609858,0.032547275145465814,0.07856166431488981,1092287.9667092694,1085723.318503678,0.00868480533282396,0.00863260967244715,1.0,1.0,1.0,236.2948960302458,1.452741020793951,1553.99,-0.06035589679369119
490,2025-01-21 17:22:00,2025-01-31 15:20:00,test,9.915277777777778,1553.99,1553.86,-0.13000000000010914,0.004629176327607336,0.001739812713509984,0.00318449452055866,0.03276605996172023,0.08011790972287504,896570.5439720392,932660.8285412133,0.007128651856341252,0.007415606492336911,1.0,1.0,1.0,252.20680958385879,1.5505674653215638,1553.86,-0.058085733845893835
491,2025-01-31 15:20:00,2025-02-10 13:19:00,test,9.915972222222223,1553.86,1553.64,-0.2199999999997999,0.005120135278170095,0.005555373508448861,0.005337754393309478,0.032460554744196866,0.08102322666592007,884198.6068860263,845578.5842483828,0.0070302823160215185,0.006723213677732232,0.9999999999999998,0.9999999999999998,0.9999999999999998,258.13113061435206,1.5869901910170363,1553.64,-0.054943255599869054
492,2025-02-10 13:19:00,2025-02-20 11:17:00,test,9.915277777777778,1553.64,1553.62,-0.020000000000209184,0.02998343014548164,0.011580492123472952,0.020781961134477295,0.03147847093549807,0.06348775336605857,927990.5530375314,977725.1416096591,0.007378473030432786,0.007773913823723138,0.9999999999999998,0.9999999999999998,0.9999999999999998,246.9135802469136,1.5180246913580246,1553.62,-0.03356709899781422
493,2025-02-20 11:17:00,2025-03-02 09:16:00,test,9.915972222222223,1553.62,1553.46,-0.15999999999985448,0.013001074806271678,0.007063051822541939,0.010032063314406809,0.03541652093812668,0.07473573558468621,954092.6781268173,1076548.0255832707,0.007586011593597975,0.00855965671927543,0.9999999999999998,0.9999999999999998,0.9999999999999998,170.38677798602833,1.0475379110581022,1553.46,-0.05758246840608118
494,2025-03-02 09:16:00,2025-03-12 07:14:00,test,9.915277777777778,1553.46,1553.66,0.20000000000004547,0.006073631187956067,0.0,0.0030368155939780334,0.03864027096947248,0.08871138361737037,903484.7300589989,904777.3723178626,0.007183626699999991,0.007193904526658683,1.0,1.0,1.0,162.65452179570593,1.0,1553.66,-0.07597197542230275
495,2025-03-12 07:14:00,2025-04-01 03:11:00,test,19.83125,1553.66,1553.21,-0.4500000000000455,0.03265628123575775,0.015377333670668895,0.024016807453213322,0.0777490410257313,0.1818012021777921,1755617.1250993144,1707736.7847356973,0.013958949869597793,0.013578252244062155,1.0,1.0,1.0,208.15986677768527,1.279766860949209,1553.21,-0.1327703700804681
496,2025-04-01 03:11:00,2025-04-11 01:10:00,test,9.915972222222223,1553.21,1553.43,0.22000000000002728,0.057035339656654284,0.014688960533526665,0.03586215009509048,0.03668028596687903,0.07144513250977262,1021595.3081499337,946387.7708744276,0.008122726470143386,0.007524749708789279,1.0,1.0,1.0,229.93791676247412,1.4136583122556907,1553.43,-0.031698679847629835
497,2025-04-11 01:10:00,2025-04-20 23:08:00,test,9.915277777777778,1553.43,1553.3,-0.13000000000010914,0.02578404930116986,0.019975448216175456,0.022879748758672654,0.04022226257939568,0.09678888986504325,992007.9390216735,917377.5059471382,0.007887476655972597,0.007294088462647199,1.0,1.0,1.0,224.71910112359555,1.3815730337078653,1553.3,-0.05755176618419217
498,2025-04-20 23:08:00,2025-04-30 21:07:00,test,9.915972222222223,1553.3,1553.36,0.05999999999994543,0.05947328285329039,0.00677870227825023,0.03312599256577031,0.03821280939790247,0.08141017559323743,915418.2611963203,917759.3134215092,0.0072785104651055125,0.0072971242221635466,1.0,1.0,1.0,216.16947686986597,1.329009943795936,1553.36,-0.03957890088410196
499,2025-04-30 21:07:00,2025-05-10 19:05:00,test,9.915277777777778,1553.36,1553.41,0.0500000000001819,0.0756290363165053,0.031184168236795314,0.05340660227665031,0.039377582524988845,0.07227022020461395,1014044.1871071708,975108.7588290483,0.00806268734282556,0.00775311090744254,1.0,1.0,1.0,181.6200508536143,1.1166000726480205,1553.41,-0.019252460027473592
500,2025-05-10 19:05:00,2025-05-20 17:04:00,test,9.915972222222223,1553.41,1553.21,-0.20000000000004547,0.06342482530553241,0.01600461459592418,0.0397147199507283,0.040109135202147726,0.0723062095581088,1011416.8119683568,997001.4802818145,0.008041797026066286,0.007927180410923228,0.9999999999999998,0.9999999999999998,0.9999999999999998,151.12588786459122,0.9291219585915067,1553.21,-0.037329368186149306
501,2025-05-20 17:04:00,2025-05-30 15:02:00,test,9.915277777777778,1553.21,1553.36,0.14999999999986358,0.03382984903903572,0.04020723713681457,0.037018543087925154,0.03972350227665582,0.07820474879206654,1061971.5202899755,1008277.1656538344,0.008443758609286598,0.008016833630069447,0.9999999999999998,0.9999999999999998,0.9999999999999998,200.6018054162488,1.2332998996990976,1553.36,-0.03927991662738118
502,2025-05-30 15:02:00,2025-06-09 13:01:00,test,9.915972222222223,1553.36,1553.39,0.03000000000020009,0.13496907285775642,0.09865122065387874,0.11681014675581758,0.035104814113590024,0.05851382367915596,1164881.0715156258,1175953.4893615397,0.00926199468486623,0.009350031719500197,0.9999999999999998,0.9999999999999998,0.9999999999999998,258.13113061435206,1.5869901910170363,1553.39,0.06811740232850882
503,2025-06-09 13:01:00,2025-06-19 10:59:00,test,9.915277777777778,1553.39,1553.49,0.09999999999990905,0.17895017516574893,0.10348910217107253,0.14121963866841075,0.03401388880499292,0.04996144117589395,1766959.045881155,1600103.6646250002,0.01404912972792522,0.012722458969746364,1.0,1.0,1.0,252.46149962130775,1.5521332996718,1553.49,0.1012264334398397
504,2025-06-19 10:59:00,2025-06-29 08:58:00,test,9.915972222222223,1553.49,1553.41,-0.07999999999992724,0.15066124150452165,0.08250784608970232,0.11658454379711199,0.03179665333793011,0.049856019301389866,1823868.599110025,2149588.3005187474,0.01450161882094319,0.017091423237009996,1.0,1.0,1.0,252.46149962130775,1.5521332996718,1553.41,0.08097412073171438
505,2025-06-29 08:58:00,2025-07-09 06:57:00,test,9.915972222222223,1553.41,1553.49,0.07999999999992724,0.04792843725157332,0.029023910313487236,0.03847617378253028,0.03803593377274382,0.06681412435316451,1554527.3965219904,2289046.577332112,0.012360081072767674,0.018200259023074757,1.0,1.0,1.0,246.9135802469136,1.5180246913580246,1553.49,-0.028313086850257504
506,2025-07-09 06:57:00,2025-07-19 04:55:00,test,9.915277777777778,1553.49,1553.31,-0.18000000000006366,0.02421519100158899,0.010491428124714843,0.017353309563151918,0.040608032694034506,0.07794708970872295,1129654.9332703087,1359520.3587084035,0.008981910895048968,0.010809575882232676,1.0,1.0,1.0,236.1832782239017,1.4520547945205475,1553.31,-0.06369858654093491
507,2025-07-19 04:55:00,2025-07-29 02:54:00,test,9.915972222222223,1553.31,1553.31,0.0,0.05243069897583883,0.041579639816578653,0.047005169396208746,0.038576335537195874,0.07303926448685805,1021212.5335458979,1102943.703204881,0.008119683020958082,0.008769529324997066,1.0,1.0,1.0,231.21387283237,1.4215028901734106,1553.31,-0.02388705553749816
508,2025-07-29 02:54:00,2025-08-08 00:52:00,test,9.915277777777778,1553.31,1553.24,-0.06999999999993634,0.05505491034972049,0.045977045798306804,0.050515978074013645,0.03666575871725068,0.06423889350668605,1112870.8761978524,1295835.3939995507,0.00884846049294627,0.010303215345468322,1.0,1.0,1.0,236.2948960302458,1.452741020793951,1553.24,-0.013433184223929556
509,2025-08-08 00:52:00,2025-08-17 22:51:00,test,9.915972222222223,1553.24,1553.28,0.03999999999996362,0.036980629233890165,0.07814500535043777,0.05756281729216397,0.03976705679693113,0.07222495456856726,1041086.5299427642,1153070.6747011705,0.00827770159770028,0.009168089963434607,0.9999999999999998,0.9999999999999998,0.9999999999999998,236.2948960302458,1.452741020793951,1553.28,-0.01499089979038918
510,2025-08-17 22:51:00,2025-08-27 20:49:00,test,9.915277777777778,1553.28,1553.44,0.16000000000008185,0.07461291885153432,0.019961844810239424,0.04728738183088687,0.03799358092426772,0.06489310046400196,1021153.5344945589,1162162.0038090001,0.008119213918220234,0.00924037531850998,0.9999999999999998,0.9999999999999998,0.9999999999999998,246.79170779861798,1.5172754195459033,1553.44,-0.02161790995608487
511,2025-08-27 20:49:00,2025-09-06 18:48:00,test,9.915972222222223,1553.44,1553.31,-0.13000000000010914,0.10174229810839402,0.06501408929216144,0.08337819370027773,0.03621050776691271,0.05930331826209755,1383949.5831923545,1453649.9227671374,0.011003813176372383,0.011558002089267213,0.9999999999999998,0.9999999999999998,0.9999999999999998,241.25452352231608,1.483232810615199,1553.31,0.026750234350044574
512,2025-09-06 18:48:00,2025-09-16 16:46:00,test,9.915277777777778,1553.31,1553.52,0.21000000000003638,0.14344650257303962,0.11949472453246403,0.13147061355275183,0.03295309972013971,0.0480284901455823,1592179.3281424085,1572981.8227102372,0.012659452398365337,0.012506812615967538,1.0,1.0,1.0,241.25452352231608,1.483232810615199,1553.52,0.09295834061921081
513,2025-09-16 16:46:00,2025-09-26 14:45:00,test,9.915972222222223,1553.52,1553.64,0.12000000000011823,0.14094869572978916,0.13639467216929646,0.1386716839495428,0.03371401658177017,0.048284715333330834,2257164.9284179052,2586474.443890686,0.017946767340525603,0.020565114446137282,1.0,1.0,1.0,264.2007926023779,1.624306472919419,1553.64,0.10239596886729223
514,2025-09-26 14:45:00,2025-10-06 12:43:00,test,9.915277777777778,1553.64,1553.56,-0.08000000000015461,0.129240344156684,0.11398521973427632,0.12161278194548017,0.03374483408995543,0.048479228864371754,2122423.5100262584,2543766.587918215,0.016875435398157418,0.02022554335627109,1.0000000000000002,1.0000000000000002,1.0000000000000002,252.20680958385879,1.5505674653215638,1553.56,0.0822806795391917
515,2025-10-06 12:43:00,2025-10-16 10:42:00,test,9.915972222222223,1553.56,1553.73,0.17000000000007276,0.0933430752857498,0.08974137867492198,0.09154222698033589,0.03069951729364227,0.043427477807795406,2556337.2604805436,3601279.422505332,0.02032549304667682,0.02863385085875274,1.0,1.0,1.0,241.48756339048546,1.4846655397247046,1553.73,0.05984534155280644
516,2025-10-16 10:42:00,2025-10-26 08:40:00,test,9.915277777777778,1553.73,1553.57,-0.16000000000008185,0.10431694106278636,0.052416689069181,0.07836681506598367,0.031822655077956716,0.049249898961137996,3097862.3746639225,4037886.0716157714,0.024631170984049634,0.03210531980294006,1.0,1.0,1.0,220.9944751381215,1.358674033149171,1553.57,0.0425518414299871
517,2025-10-26 08:40:00,2025-11-05 06:39:00,test,9.915972222222223,1553.57,1553.51,-0.05999999999994543,0.02338615750642949,0.025769463686633787,0.024577810596531642,0.03265049833483355,0.05866191831509413,1757364.240309466,2185984.5393832913,0.013972841220557095,0.017380810522249275,1.0,1.0,1.0,204.03999183840028,1.254437869822485,1553.51,-0.028692065147001136
518,2025-11-05 06:39:00,2025-11-15 04:37:00,test,9.915277777777778,1553.51,1553.47,-0.03999999999996362,0.021097276168842476,0.009572663088280638,0.015334969628561557,0.03126721290290582,0.05697281981195988,1401876.645372164,1582341.829604128,0.011146351636894045,0.012581234233951879,1.0,1.0,1.0,195.88638589618023,1.204309500489716,1553.47,-0.037297060834591216
519,2025-11-15 04:37:00,2025-11-25 02:36:00,test,9.915972222222223,1553.47,1553.47,0.0,0.021039616714448803,0.02331702549867714,0.022178321106562968,0.03151127038134497,0.056121849317255564,1223758.84568214,1645114.1425995582,0.009730133145282182,0.01308033825713253,0.9999999999999998,0.9999999999999998,0.9999999999999998,215.51724137931035,1.325,1553.47,-0.02984569237105729
520,2025-11-25 02:36:00,2025-12-05 00:34:00,test,9.915277777777778,1553.47,1553.28,-0.19000000000005457,0.006075704888817041,0.004394108211330697,0.005234906550073869,0.031830919202391166,0.06275506731981281,995616.6729875179,1187222.2088656577,0.007916169778067248,0.009439629552879523,0.9999999999999998,0.9999999999999998,0.9999999999999998,162.31131309852296,0.997889952929719,1553.28,-0.05205538620898909
521,2025-12-05 00:34:00,2025-12-14 22:33:00,test,9.915972222222223,1553.28,1553.61,0.32999999999992724,0.01486138241178489,0.015857164811331835,0.015359273611558363,0.030237039273612237,0.05595826930251527,1024524.9947206579,1162310.2394682504,0.008146020471659838,0.009241553943454325,0.9999999999999998,0.9999999999999998,0.9999999999999998,162.31131309852296,0.997889952929719,1553.61,-0.03555428102989744
522,2025-12-14 22:33:00,2025-12-24 20:32:00,test,9.915972222222223,1553.61,1553.63,0.020000000000209184,0.039543780704531364,0.05382373974601616,0.046683760225273756,0.028439006724286734,0.05241450488377698,1041251.0799522101,1082039.3234378218,0.008279009938397154,0.008603318147712664,1.0,1.0,1.0,252.46149962130775,1.5521332996718,1553.63,0.006081761226304824
523,2025-12-24 20:32:00,2026-01-03 18:30:00,test,9.915277777777778,1553.63,1553.58,-0.0500000000001819,0.015394469310702019,0.005561034735634486,0.010477752023168254,0.030143789046834908,0.057532096751977124,968721.3862868883,1122323.2525030612,0.00770232476971367,0.008923616542125,1.0,1.0,1.0,246.9135802469136,1.5180246913580246,1553.58,-0.04109699251687363
524,2026-01-03 18:30:00,2026-01-13 16:29:00,test,9.915972222222223,1553.58,1553.56,-0.01999999999998181,0.002467509873075836,0.0,0.001233754936537918,0.03088453440192644,0.06944054710067371,1007366.9175547569,1061667.3317326652,0.008009596227675574,0.00844133999946462,1.0,1.0,1.0,241.48756339048546,1.4846655397247046,1553.56,-0.054288837863431944
525,2026-01-13 16:29:00,2026-01-23 14:27:00,test,9.915277777777778,1553.56,1553.34,-0.22000000000002728,0.002300393105458954,0.0,0.001150196552729477,0.03209624902465911,0.07580964158347532,1017071.0338878168,1040394.8973868483,0.00808675386728009,0.008272202412235417,1.0,1.0,1.0,246.79170779861798,1.5172754195459033,1553.34,-0.058093511474622724
526,2026-01-23 14:27:00,2026-02-02 12:26:00,test,9.915972222222223,1553.34,1553.14,-0.1999999999998181,0.0038179837957456274,0.00795964514583662,0.005888814470791123,0.032610014352052734,0.07604254699611322,903840.5838236723,939433.1940745641,0.007186456101007174,0.007469453717695509,1.0,1.0,1.0,246.79170779861798,1.5172754195459033,1553.14,-0.05444143206821904
527,2026-02-02 12:26:00,2026-02-12 10:24:00,test,9.915277777777778,1553.14,1552.95,-0.19000000000005457,0.0011194121978743388,0.0,0.0005597060989371694,0.03393922803179008,0.09167137274598304,836901.8981941126,894917.7184707772,0.006654225158576072,0.007115510204904009,1.0,1.0,1.0,211.99915200339203,1.303370786516854,1552.95,-0.06478801123550806
528,2026-02-12 10:24:00,2026-02-22 08:23:00,test,9.915972222222223,1552.95,1552.84,-0.11000000000012733,0.0001844219785049647,0.0006871710461950582,0.00043579651235001144,0.036510078223636416,0.09829099367619236,815961.62782488,830479.4383188041,0.0064877286143347375,0.0066031600406997225,1.0,1.0,1.0,130.85579691180322,0.8045014394137662,1552.84,-0.07285408864315136
529,2026-02-22 08:23:00,2026-03-04 06:21:00,test,9.915277777777778,1552.84,1552.8,-0.03999999999996362,0.002580346764857147,0.007519319012685271,0.005049832888771209,0.03598231300473453,0.09813617068740102,788513.0884305106,822027.1971029721,0.006269484681804171,0.0065359560873258496,0.9999999999999998,0.9999999999999998,0.9999999999999998,139.7233477714126,0.8590191420986445,1552.8,-0.06592370245276302
530,2026-03-04 06:21:00,2026-03-14 04:20:00,test,9.915972222222223,1552.8,1552.76,-0.03999999999996362,0.012957800181865023,0.0010765491261117638,0.007017174653988394,0.03641093821553815,0.0889497835072933,802229.1279946376,847550.9257906427,0.006378541210102867,0.006738895808146956,0.9999999999999998,0.9999999999999998,0.9999999999999998,211.99915200339203,1.303370786516854,1552.76,-0.06483074719689243
531,2026-03-14 04:20:00,2026-04-03 00:17:00,test,19.83125,1552.76,1552.96,0.20000000000004547,0.08578972504775689,0.08145763142447472,0.08362367823611581,0.07010853945597452,0.1539117493084565,1618603.6732405364,1854616.8537153034,0.01286955293981503,0.014746098860740266,0.9999999999999998,0.9999999999999998,0.9999999999999998,216.16947686986597,1.329009943795936,1552.96,-0.03990136540810271
532,2026-04-03 00:17:00,2026-04-12 22:15:00,test,9.915277777777778,1552.96,1552.92,-0.03999999999996362,0.04559516148120747,0.015043992808861407,0.030319577145034436,0.03860577206152658,0.0762320303331735,905747.9943422992,1026816.9036768938,0.007201621963443581,0.00816424348951971,1.0,1.0,1.0,246.9135802469136,1.5180246913580246,1552.92,-0.043672819071861886
533,2026-04-12 22:15:00,2026-04-22 20:14:00,test,9.915972222222223,1552.92,1552.7,-0.22000000000002728,0.02174763848964088,0.016345665063979678,0.01904665177681028,0.038147606662410564,0.08214057608600227,848388.2127994497,911758.2589303515,0.006745553095328375,0.007249409707643727,1.0,1.0,1.0,156.7152483936687,0.9634853471242751,1552.7,-0.0558109649527186
534,2026-04-22 20:14:00,2026-05-02 18:12:00,test,9.915277777777778,1552.7,1552.87,0.16999999999984539,0.07059590143838138,0.0224243475727974,0.04651012450558939,0.0409835986178176,0.08190756062069124,880805.8464378478,991005.8096564204,0.007003306404053811,0.00787950870363696,1.0,1.0,1.0,158.93197711379526,0.9771137952956132,1552.87,-0.03205545292696791
535,2026-05-02 18:12:00,2026-05-12 16:11:00,test,9.915972222222223,1552.87,1552.91,0.040000000000190994,0.036837931846731425,0.014801780412831927,0.025819856129781677,0.04142414429750758,0.08053664964609461,948779.8852375919,1009018.5404266737,0.007543769462014725,0.008022728316980789,1.0,1.0,1.0,252.46149962130775,1.5521332996718,1552.91,-0.057427949817415
536,2026-05-12 16:11:00,2026-05-22 14:09:00,test,9.915277777777778,1552.91,1552.94,0.029999999999972715,0.013802124713324595,0.012385015622373163,0.013093570167848878,0.04183280270667327,0.09586705409938391,1002862.2759963709,979491.0298842705,0.007973779724865794,0.007787954439725455,1.0,1.0,1.0,258.13113061435206,1.5869901910170363,1552.94,-0.07358430366416419
537,2026-05-22 14:09:00,2026-06-01 12:08:00,test,9.915972222222223,1552.94,1552.81,-0.13000000000010914,0.10383760135324596,0.07078828756835168,0.08731294446079882,0.0392451071501032,0.07063463489857916,1043482.4808254122,1003723.4392182237,0.008296751855175416,0.007980626852335403,1.0,1.0,1.0,270.4164413196323,1.6625202812330995,1552.81,0.02075545877741507
538,2026-06-01 12:08:00,2026-06-11 10:06:00,test,9.915277777777778,1552.81,1552.61,-0.20000000000004547,0.1910357453503873,0.0808845893816921,0.13596016736603972,0.03377837129851308,0.0476518481479855,1487237.951461839,1284168.411175685,0.011825061234490251,0.01021045091178886,0.9999999999999998,0.9999999999999998,0.9999999999999998,191.82812200268557,1.1793592940725108,1552.61,0.0947668332283739
539,2026-06-11 10:06:00,2026-06-21 08:05:00,test,9.915972222222223,1552.61,1552.65,0.040000000000190994,0.06941475150958554,0.05555926972515264,0.062487010617369096,0.03777430579464402,0.06363475778611737,1945616.609393517,1725107.30178413,0.015469639893404764,0.013716365602163712,0.9999999999999998,0.9999999999999998,0.9999999999999998,176.4290755116443,1.084685956245589,1552.65,-0.0013967836701936354
540,2026-06-21 08:05:00,2026-07-01 06:04:00,test,9.915972222222223,1552.65,1552.77,0.11999999999989086,0.050758003067525745,0.040546323868809055,0.0456521634681674,0.03899275702053221,0.07368104001713946,1309788.2784827002,1509392.0713280868,0.010414155032859189,0.012001209122430523,1.0,1.0,1.0,231.00023100023108,1.4201894201894205,1552.77,-0.02537927373776524
541,2026-07-01 06:04:00,2026-07-11 04:02:00,test,9.915277777777778,1552.77,1552.72,-0.049999999999954525,0.029906776610319926,0.017759655121131156,0.02383321586572554,0.03946833606254243,0.07541350944437887,1050100.7577670284,1045767.3468024058,0.008349373918796442,0.008314918874154455,1.0,1.0,1.0,241.48756339048546,1.4846655397247046,1552.72,-0.0537574881727771
542,2026-07-11 04:02:00,2026-07-21 02:01:00,test,9.915972222222223,1552.72,1552.74,0.01999999999998181,0.04503959165570287,0.03603187673262571,0.04053573419416429,0.03709598565037272,0.0688373047013506,1084840.1736461935,1178152.8215232678,0.008625587768515493,0.009367518657257436,0.9999999999999998,0.9999999999999998,0.9999999999999998,252.20680958385879,1.5505674653215638,1552.74,-0.026738634774326996
543,2026-07-21 02:01:00,2026-07-30 23:59:00,test,9.915277777777778,1552.74,1552.45,-0.2899999999999636,0.0551104626060255,0.034149026101615,0.04462974435382025,0.03897213266124195,0.07358231357272522,975022.8331035958,1049514.390498723,0.007752427710134339,0.008344711699918286,1.0,1.0,1.0,252.20680958385879,1.5505674653215638,1552.45,-0.028020432625588898
544,2026-07-30 23:59:00,2026-08-09 21:58:00,test,9.915972222222223,1552.45,1552.74,0.2899999999999636,0.02192030602923471,0.02298993972222843,0.022455122875731568,0.039105549176100214,0.07633675087275446,1005748.1275869601,1038122.0685875835,0.007996725193503697,0.008254131101117782,1.0,1.0,1.0,236.2948960302458,1.452741020793951,1552.74,-0.05429789597458716
545,2026-08-09 21:58:00,2026-08-19 19:56:00,test,9.915277777777778,1552.74,1552.68,-0.05999999999994543,0.025118111203916178,0.010251694671454635,0.017684902937685407,0.039251581638730444,0.07920118206456993,902221.1653583582,974642.8424208334,0.007173580069637896,0.007749406395967507,1.0,1.0,1.0,246.79170779861798,1.5172754195459033,1552.68,-0.060505839137533636
546,2026-08-19 19:56:00,2026-08-29 17:55:00,test,9.915972222222223,1552.68,1552.77,0.08999999999991815,0.01895771011447433,0.013342923371777365,0.016150316743125847,0.03942291900248572,0.07948174051170463,923818.2000876932,1000772.697472685,0.007345298561562321,0.007957165440666972,1.0,1.0,1.0,230.5741295826608,1.4175697486741985,1552.77,-0.06272015693681787
