date,p_consensus_mm,evap_original_mm,evap_candidate_mm,qin_total_m3s,qin_depth_m_day
2008-12-01,2.6432113753892743,2.5725347711984226,2.9610488227478124,1.5395529107703319,0.001057624008034958
2008-12-02,0.1098130875788261,3.037429069636924,2.9248634537145843,1.429349457391915,0.0009819177317218848
2008-12-03,0.08984317118062365,3.3454931313954748,3.0554514865480105,1.425640010440224,0.0009793694593467073
2008-12-04,0.9442073825286905,2.918744865504588,3.2028595546326164,1.5545767904503502,0.0010679449367489086
2008-12-05,1.5235224430434862,2.997162412391979,3.1491641411802123,1.6400404551686816,0.0011266557631118238
2008-12-06,0.1962971446546444,2.961427986136228,3.1136451525253643,1.5428588128933702,0.0010598950579151403
2008-12-07,0.8202480494100545,2.960128399765512,3.112310923991677,1.6199936501606735,0.0011128842440477234
2008-12-08,0.02585180218796375,3.0358997269455306,3.200444736951024,1.4614933572645303,0.0010039995711827576
2008-12-09,0.01617046152383965,2.9355123236545366,3.241012177336067,1.5185916375850668,0.0010432242783441979
2008-12-10,0.12742393911056416,2.717890606563711,3.183097548851257,1.4260462994481433,0.0009796485670058009
2008-12-11,1.7919920892808654,2.4044424228331853,2.9742059223338053,1.4117749305475087,0.0009698445893242009
2008-12-12,0.1131013853676732,2.9823688964325914,3.3029497084684465,1.3264836899123316,0.0009112522128363319
2008-12-13,0.03239164834979465,3.247307481701082,3.315185772730857,1.3195183208223886,0.0009064672252449262
2008-12-14,0.0026570597171737,2.721059327788561,3.170584941549794,1.3683080284059268,0.000939984206522001
2008-12-15,0.01863562217294525,2.616704408060216,3.210717086348774,1.3662301754064892,0.0009385567874303941
2008-12-16,0.29039899082846476,2.585412411252436,2.8283204863950853,1.4119968078756755,0.0009699970120096872
2008-12-17,0.035672670623246,2.5605639198389203,3.2272654000543213,1.3449922370827474,0.0009239669975665849
2008-12-18,0.02845759477091975,2.799870650001241,3.26063800129883,1.3930935607311927,0.0009570110809189398
2008-12-19,0.06182824439572765,2.690887812678391,3.2680149523905078,1.2933387889125627,0.0008884827173574415
2008-12-20,0.0179586315043391,2.7911364672766235,3.2237321561797376,1.3147710544728684,0.0009032060038678208
2008-12-21,0.03928272355980995,2.527277117936934,3.1298216575217075,1.3151811050245468,0.0009034876955881437
2008-12-22,0.2398472067933147,2.4371554829039668,2.7642409285550875,1.3787963117995996,0.0009471893244771042
2008-12-23,0.1311349751030399,2.3420545836434563,2.9512069745982155,1.3296529184410928,0.0009134293722931575
2008-12-24,0.0375170663229188,2.317045871200325,3.078364274727504,1.3345667434702646,0.00091680501419918
2008-12-25,0.0919018010536564,2.3883724645879214,3.025465980531283,1.3827369722407814,0.0009498964331844122
2008-12-26,0.31567664738376255,2.1662516615275247,2.9091999946661486,1.3481690406400675,0.0009261493608277159
2008-12-27,0.0297083359802541,2.508800491166668,3.3066449420644375,1.3651802622398854,0.000937835530392988
2008-12-28,0.0277588568870649,2.346354991989929,3.0263740224236946,1.2791246167269936,0.00087871803200455
2008-12-29,0.1854860378783931,2.194383074601355,2.675648947106428,1.2797889447859914,0.000879174404305555
2008-12-30,0.229368277060229,2.0722924694930094,2.622680082514716,1.252404021311075,0.0008603618306533902
2008-12-31,0.5458127327919792,2.135865492538564,2.882121522626142,1.278656081484113,0.0008783961631567733
2009-01-01,0.0728969495307935,2.0624350526371704,2.702766528742331,1.3615323357491396,0.000935329520622769
2009-01-02,0.10205499349895995,2.477322558921924,3.2963554130602715,1.4027889720449895,0.0009636715209086991
2009-01-03,0.0091397264815773,2.3838412352097995,3.2617120322939446,1.3295019809263109,0.0009133256830089311
2009-01-04,0.00307377842410835,2.246217378039763,3.229820372691,1.321497020870305,0.0009078265294044235
2009-01-05,0.0057840211824937,2.4744213485250035,3.4011738488219336,1.312971116732454,0.0009019695037424188
2009-01-06,0.0035404663472902,2.270278971367492,3.16875344615864,1.2938586162719325,0.0008888398222620257
2009-01-07,0.00021755690227105,2.229745233012923,3.053043057865742,1.2759869375998214,0.0008765625459857245
2009-01-08,0.0009332165130418,2.0456513530522025,2.8518261654388413,1.2656107188433834,0.0008694344128811984
2009-01-09,0.00064646497958785,2.2149051700943945,3.2001930959693086,1.179390388960249,0.0008102037815549457
2009-01-10,0.08201670171257636,2.009313165387506,2.971595409504726,1.1776452341719796,0.0008090049155797014
2009-01-11,3.125362923216281,1.723327673971653,2.5435496126527823,1.3339100882955603,0.0009163539129262655
2009-01-12,0.0685285948868279,2.0566251069805737,2.9033430807306315,1.1627428231449721,0.0007987674319768275
2009-01-13,0.5609545353540679,1.942965595808845,2.924063483748227,1.2324725293501353,0.0008466695279943682
2009-01-14,0.2859024268816536,1.7433325627476846,2.5156427408235613,1.2292344169715779,0.0008444450475180434
2009-01-15,0.2102863816720135,2.1936866465962366,3.249498156434611,1.265781911711203,0.0008695520169503693
2009-01-16,0.24866268644722575,1.8653645272818788,2.6290659323324648,1.2760556622487302,0.0008766097576392646
2009-01-17,0.11363188097360905,1.875639000929905,2.5878701715462107,1.3077816886615121,0.0008984045312900902
2009-01-18,0.1137563424755744,2.221805491607707,3.1297433096049594,1.327908143719265,0.0009122307674115011
2009-01-19,0.17421235817844322,2.2111374630846763,3.2009254125970217,1.2691014974926451,0.0008718324670697666
2009-01-20,1.0606949736793905,2.2809905947328226,2.9225457891354134,1.3325266436204604,0.0009154035303236684
2009-01-21,0.01710711035712535,2.510218292404458,3.1475977614767023,1.319862669131648,0.0009067037816090831
2009-01-22,0.36850329579247904,2.313986173822939,3.196940557872421,1.3955811572923453,0.000958719980838504
2009-01-23,0.2103643737760254,2.46761415847042,3.416500731205731,1.3143805337334824,0.0009029377285089678
2009-01-24,0.0621534525859421,2.4338903841698354,3.392260093932437,1.2266653688543596,0.0008426801929634784
2009-01-25,0.03869125798633855,2.2182059050960974,3.205834582313131,1.2193528808998508,0.0008376567457243151
2009-01-26,0.00823500162977085,2.399937772890154,3.4537220797802695,1.2225428142195374,0.0008398481287156558
2009-01-27,0.00148204396604525,2.462537731579146,3.3591301853093256,1.167984438152974,0.000802368255199308
2009-01-28,0.5328166427704987,2.1517925494786594,3.2963954736295173,1.0893333458570895,0.0007483374499646381
2009-01-29,0.16986753060939094,2.1308257945814844,3.3044343985995166,1.057355233191639,0.0007263695010555585
2009-01-30,0.14365594275338944,2.13599325785506,3.3533737976368974,1.054489591879105,0.0007244008963851052
2009-01-31,0.03444731848931025,2.071542465679131,2.827978134089571,1.0587714274961972,0.0007273423816146254
2009-02-01,0.546807288672616,1.9613749868401027,3.1418553702817955,1.1185021431151343,0.0007683754883131717
2009-02-02,0.19596708526262185,1.949636505255364,3.1895013964556096,1.0312434157857262,0.0007084315108840482
2009-02-03,0.0508255716874321,1.997148622894472,3.0687945949093214,1.0307997569091145,0.000708126731310706
2009-02-04,0.0281992718245112,2.200093345579214,3.162391608188796,1.1395738055648166,0.0007828510519265338
2009-02-05,0.0164811630094159,2.6035006693204923,3.410483833313225,1.141503996775026,0.0007841770320534487
2009-02-06,0.0031271734497367,2.5616530712380827,3.337388029210713,1.1906798733030048,0.000817959299144308
2009-02-07,0.00038631322019945,2.567786581200862,3.457459531640699,1.1922681621380045,0.000819050403186162
2009-02-08,0.1803134577850003,2.2492461708433424,3.3597163974448545,1.142588423171429,0.0007849219985848092
2009-02-09,0.0102542323573442,2.181958056519872,3.704053198823802,1.0894487289735484,0.0007484167145051648
2009-02-10,0.02334368499842555,1.89975589453075,3.566904468244234,1.2077245762996809,0.0008296684693670385
2009-02-11,0.00139178887464615,2.0090546299212995,3.6059957281975237,1.2202222575781418,0.000838253979921694
2009-02-12,0.0091284231978465,1.869282996726077,3.1891041422099358,1.0943227210486155,0.0007517649924354009
2009-02-13,0.1108128759138836,1.9072039167861587,3.4343945336225072,1.0858039477461054,0.0007459128654310528
2009-02-14,0.7175372353369716,1.712958862778202,3.033751496250597,1.0106104161120468,0.0006942572946814093
2009-02-15,0.6368844461243114,2.037775896866622,3.444035191628307,1.046431606383164,0.0007188653159855719
2009-02-16,1.6866021539922902,1.9725373016405168,2.9958427716147176,1.1646509542303398,0.0008000782574978242
2009-02-17,0.0181484203516947,2.3375178118576625,3.5330107100238735,1.0898016390791176,0.0007486591525517673
2009-02-18,0.0025282337059908,2.34530068691149,3.7891713514938576,1.1237040958656332,0.000771949064823016
2009-02-19,0.00082433070367645,2.197435311014616,3.6246681213984853,1.123903575704376,0.0007720861011438189
2009-02-20,0.1095294901273672,2.075743167397549,3.251238999581826,0.9743376604761377,0.0006693390622973547
2009-02-21,0.0900130418452352,2.069938554081868,3.5605903303226167,0.915325498620842,0.0006287995792386161
2009-02-22,0.1056157563706,2.052052321126541,3.511027276074715,0.9154546671896361,0.0006288883139475595
2009-02-23,0.17577755569264544,2.1723855325175805,3.1216678103423035,0.9287856042516055,0.0006380462447907984
2009-02-24,1.6851353401075617,2.030915369025686,3.1652861628531257,1.0006588945856971,0.000687420915100614
2009-02-25,0.43219236328242383,2.158906973745054,3.6583000799834338,1.0016220062207088,0.0006880825422395583
2009-02-26,0.005688526971923,2.2293566726148133,3.894622348950666,0.9480424666442038,0.0006512750983387072
2009-02-27,0.0051695394712605,2.156749209564812,3.9250632631815443,0.9855734127692655,0.000677057667673249
2009-02-28,0.08742382958859635,1.9101392929833607,3.600122508335337,0.9797051275988823,0.0006730263419300583
2009-03-01,0.02488122662631025,2.085149119644846,3.3765047439309215,0.9460475435877793,0.0006499046494870329
2009-03-02,2.4853676249277856,2.163044176995754,3.6216865722262117,1.1077747910190179,0.0007610061377438431
2009-03-03,0.0584761693588047,2.338364589352346,3.849446339816942,0.9418925568372634,0.0006470503054046239
2009-03-04,0.03937847011806105,2.465604463397281,3.869381217190008,0.9652408323729577,0.0006630898299834901
2009-03-05,0.00238873277794285,2.3862171389392577,3.8321586524173354,0.9673924061970164,0.0006645678929428498
2009-03-06,0.0020492751131752,2.3472041576960176,3.8451873762632998,0.9504290648107631,0.0006529146155653171
2009-03-07,0.00202182175000785,2.19684033407023,3.9128409300296823,0.9516672375116239,0.0006537652009303038
2009-03-08,0.0956206631780696,2.045204131312886,3.9791334512391026,0.9497773040020323,0.0006524668765665548
2009-03-09,0.08379041934484815,2.026261886386888,3.8426011433156555,0.9103418725966177,0.0006253759862633996
2009-03-10,2.1116982811341076,2.03597391628074,3.8454168150921917,1.069519640702959,0.0007347260631051575
2009-03-11,0.3717344183966799,1.9999893276758915,3.836194517718231,0.8862659730854721,0.000608836607096961
2009-03-12,0.4960297975388448,2.187664174086592,3.686928943597119,0.8890399471091637,0.0006107422392480858
2009-03-13,0.13797710142135636,2.173153788177217,3.50318902936261,0.8751480080604461,0.0006011989178375013
2009-03-14,2.3084849387850244,1.9925479093441936,2.9614612082977354,0.9208087347942228,0.0006325663885363826
2009-03-15,0.27140198433272505,2.251386513860056,3.8788090453354522,0.8938932492321155,0.0006140763038375987
2009-03-16,0.06110318396140605,2.2297401003552344,3.9864101240208503,0.8773414777245786,0.0006027057619098639
2009-03-17,0.2304972962682601,1.9612967245932509,3.148772845047394,0.9381193766285507,0.000644458250303783
2009-03-18,0.04436527573424455,2.11037908190315,3.644549378475864,0.8938166977375276,0.0006140237153893805
2009-03-19,0.1170780547708431,2.145488903015903,3.6923134674453544,0.9336971471686045,0.0006414203189581572
2009-03-20,0.8891128274865701,1.8787473155821368,3.131800188348846,0.9429950267518284,0.000647807667260539
2009-03-21,0.06801844098142724,1.966594339797264,3.4666613607388426,0.9724818077102871,0.0006680641503233586
2009-03-22,0.1495619937823723,1.972692603274132,3.3309445297650333,0.9124381227248497,0.0006268160435988473
2009-03-23,0.26542784514257606,2.094679339557222,3.7497910824976457,0.8989578212961954,0.000617555504174217
2009-03-24,0.5740387700041123,2.0774384548386005,3.5055184553352214,0.9204489148634941,0.000632319203659107
2009-03-25,0.635323608310104,2.104767025520268,3.620433373288042,0.9533370359185206,0.0006549122994621944
2009-03-26,0.06285963474579576,2.2202695537786643,4.26976840823116,0.9465543523297,0.0006502528110144398
2009-03-27,0.0064709826051473,2.2535002351088345,4.184253802686284,0.9593452248515077,0.0006590397346519064
2009-03-28,0.0073726723932131,2.177803131782068,3.944619851440508,0.9263929261483147,0.0006364025508405374
2009-03-29,0.2342314422641774,1.8739476815939569,3.647080432735171,0.9165676579274605,0.000629652903275285
2009-03-30,0.4805991646560552,1.973262285145949,3.9470606229605174,0.8922458808956535,0.0006129446140525122
2009-03-31,1.5197227926044938,2.1781432897644835,3.830505632354341,0.8963133910617607,0.00061573886449659
2009-04-01,1.2467197311920415,2.6139864493576788,4.106094055999449,0.8956507057109477,0.0006152836206839937
2009-04-02,0.1445184468535151,2.3233877761708017,4.276141055611283,0.943032247924464,0.0006478332370253136
2009-04-03,0.38091305442392154,2.138184381115345,4.059300427393196,0.9476840217207295,0.0006510288580477937
2009-04-04,0.1673635932429986,2.229243445834768,4.332392628024323,0.9263919506181533,0.0006364018806822647
2009-04-05,0.8148341374143396,2.311334470814129,4.195038074649425,0.9441659842661251,0.0006486120779247294
2009-04-06,0.0056015023542725,2.4557779567063776,4.383016272443311,0.9374963765009493,0.0006440302689805361
2009-04-07,0.13398882220736155,2.1225950915500595,3.6038617672760154,1.0018620009714843,0.0006882474110196092
2009-04-08,0.939328378050406,2.509408933949205,4.104658025145072,0.9460124781590938,0.0006498805606499619
2009-04-09,4.844746224927248,3.378738878425818,3.8184633522520324,0.9314389075939884,0.0006398689800120903
2009-04-10,1.2830515425646567,3.674349984023113,4.206516569293164,0.9964347593543086,0.0006845190682055519
2009-04-11,0.155898335662249,3.0974709615750338,4.096978930722349,0.96599146494405,0.0006636054907463299
2009-04-12,0.8132620099580513,2.90880964806952,4.10539768469906,0.9789103783672892,0.0006724803744210366
2009-04-13,0.1333624022289165,3.039226734668885,4.339085410315112,0.9497430368783665,0.0006524433361397063
2009-04-14,0.37302531897506486,2.713655587285757,4.077763051790093,0.9589937453883732,0.0006587982794112702
2009-04-15,0.5385615966229667,2.6895560701193983,4.141826147536857,0.965723043450266,0.0006634210936956586
2009-04-16,0.26536348364974854,2.612044503608812,4.1780077288900905,0.9647953726945315,0.0006627838133164309
2009-04-17,0.5086846917509426,2.307952439179245,3.772050614307665,0.9164406073383354,0.0006295656235511822
2009-04-18,0.4706132153294718,2.310439080836996,3.836076472956565,0.9260331576064935,0.000636155401265811
2009-04-19,0.3828839451125317,2.6219971414086745,4.197715955981859,0.927645311576335,0.0006372628998981899
2009-04-20,0.19655825363829116,2.4272893478784003,3.890385772007231,0.9164631485799926,0.0006295811086690893
2009-04-21,0.6975181643477028,2.481874111260242,3.539095519019108,0.9223470280133342,0.0006336231471762111
2009-04-22,0.31609251018798057,2.503823147093043,3.822060386524098,0.92227798346627,0.0006335757157627871
2009-04-23,0.7576810429272072,2.581897889795884,3.844362316982564,0.9066870245932291,0.0006228652216335771
2009-04-24,9.300243935558598,2.8873707373877333,4.001711368627417,0.9392034819187352,0.0006452029962453583
2009-04-25,11.411815694372027,3.64189718787656,3.5578136872531765,0.9937428778821588,0.0006826698310329848
2009-04-26,4.156702873207279,3.730130467346613,3.6704291135522458,0.9848348260161153,0.0006765502820051869
2009-04-27,1.4846764962497674,3.966901337130453,4.013453555368555,0.9888055946705225,0.0006792780740998103
2009-04-28,5.01021061370006,3.654005200846527,3.7424299739010536,1.1245902244182229,0.0007725578070265918
2009-04-29,2.0442531483557387,3.4634206039866187,3.52184921914161,1.060057532033794,0.0007282258946308325
2009-04-30,11.868968468929129,3.2565269761400915,3.2971500094795165,1.138398841004742,0.0007820438885490158
2009-05-01,6.326168594786517,3.559108657401381,3.5835946021505842,1.0090767137448209,0.0006932036898111833
2009-05-02,4.544404948474987,3.8361856458296497,3.680918569397333,1.024188567187608,0.0007035850537092259
2009-05-03,5.186983984108795,4.004178012802711,3.8713819357181376,1.0523447453228068,0.0007229274548452772
2009-05-04,7.023553080180772,3.653561031065665,3.687523237408912,1.0794019845123823,0.000741514919789058
2009-05-05,17.19614074431371,3.763582983963179,3.6012406516478634,1.2031066080614705,0.0008264960716904751
2009-05-06,10.558465988300608,3.496488481184937,3.422221817469393,1.1736119756524546,0.0008062341949302065
2009-05-07,7.9170366556878555,3.692665597420716,3.6803486931224394,1.1193714076317125,0.0007689726454590122
2009-05-08,12.110416524801327,3.8186068124238464,3.683268040331722,1.2132201110696688,0.0008334437274105063
2009-05-09,11.334491878934207,3.6125284824105015,3.5590266996316995,1.2272512731895417,0.0008430826906541815
2009-05-10,12.56030263166613,4.004110895276172,3.678978052782648,1.4273633930727068,0.0009805533685416383
2009-05-11,5.787297173638132,3.8038753005029,3.587676280977644,1.4071396674798236,0.0009666603106484596
2009-05-12,17.607102886283318,3.856594101597729,3.5100430393872886,1.4675796950391,0.001008180692147398
2009-05-13,18.87284695516462,3.86019553238363,3.56244917777569,1.5777811552141192,0.0010838855991929706
2009-05-14,25.840948027505256,3.68634739964178,3.4393929570140522,1.6345845296418744,0.0011229077153618347
2009-05-15,19.960697998352675,3.5220723388329995,3.289330670704956,1.9474332463912845,0.001337824858775598
2009-05-16,9.492137961611402,3.932256712442453,3.6239282572387097,1.9454881878277734,0.0013364886652486255
2009-05-17,6.423976347141235,4.050062479703699,3.8160663586507777,1.9504342457717998,0.0013398864501445774
2009-05-18,9.840138533869858,3.7246864707581375,3.351274215184635,1.9819720248715904,0.0013615519038634445
2009-05-19,10.153636838006149,3.810016740286023,3.379735900658684,2.035677803372583,0.001398446069900542
2009-05-20,10.951768328603197,3.8831512975677422,3.4768317312583936,1.8788660697769715,0.0012907213837062123
2009-05-21,10.419971489793532,4.216047364892517,3.8545086852141313,1.8951740673685067,0.0013019244606872783
2009-05-22,10.27565240935379,3.985489921494169,3.62821329192491,1.953398825399427,0.0013419230222987237
2009-05-23,13.702396804441985,4.298826311371492,4.073742085955364,2.2427879918466886,0.001540724198899212
2009-05-24,11.492727897240023,4.088967998622315,3.832616975450262,2.2812339926237906,0.0015671353817499842
2009-05-25,18.852652984876453,4.056831104537123,3.8703764913025642,2.5244622322083097,0.0017342254660316287
2009-05-26,7.985608439536264,4.2637284361081615,4.081471693458784,2.5650385713306236,0.0017621001237414797
2009-05-27,4.051713291047538,4.570845677477419,4.119832383117002,2.5748477169647783,0.0017688386956011518
2009-05-28,4.5637656603558145,4.522398422515311,4.134134724289927,2.573437861333909,0.0017678701695098174
2009-05-29,3.625191727117314,4.358473000648603,3.771659112572937,2.5886677079716676,0.001778332590989521
2009-05-30,2.4867739426185724,4.584346517703239,4.002167171111687,2.1256369690647063,0.001460245162814587
2009-05-31,2.3465603817672753,4.38998630078666,3.786086030276905,2.1110827934117187,0.0014502469058660452
2009-06-01,12.747014408742452,3.817382471485776,3.5184692391314947,1.9765137439887845,0.0013578022380586066
2009-06-02,19.067073846182872,3.4543889587486287,3.2107257583912,2.0241987929860663,0.0013905603539317495
2009-06-03,13.147229340308543,3.7258959408868657,3.351237342317787,2.3127700089981027,0.0015887996245323693
2009-06-04,21.635407027683446,4.089162466124237,3.5986116675298883,2.518311556478795,0.0017300001469330354
2009-06-05,15.872246694395647,3.6108417501976624,3.3591080352819462,2.9147546692786106,0.002002343988436606
2009-06-06,8.646159569206468,4.5007294999183145,4.005768665704071,2.930650181288376,0.0020132637009089263
2009-06-07,2.7620842229849685,4.470210723693947,4.197835902627871,3.0679777737269536,0.0021076034002545023
2009-06-08,11.325386190400826,4.400674253702164,3.857881577909492,2.9868793189206775,0.0020518913346167333
2009-06-09,4.344979235108303,4.32189187197906,3.972871661768116,3.1198772802160635,0.002143256714722652
2009-06-10,3.399329180774638,4.396364358804903,3.9823629903668296,2.683172676755793,0.0018432545064140935
2009-06-11,1.145846856292641,4.654567834072927,4.14923304896976,2.475679960065136,0.001700713592666198
2009-06-12,1.3664990437345845,4.817552086585689,4.172258176478097,2.25046061896594,0.0015459950503192911
2009-06-13,1.6305549063322795,4.628521546012183,4.090795989654774,2.0203060709066345,0.0013878861773581395
2009-06-14,1.6596917637695197,4.3293333406309324,3.747641801597172,1.882279465918254,0.0012930662785667262
2009-06-15,13.452556150264744,3.90078822920805,3.500231810337807,1.9436921238776723,0.0013352548262942742
2009-06-16,16.42769951568678,3.9217057837553546,3.3910387637654007,1.9701382376113912,0.0013534224674375782
2009-06-17,18.600429098863962,3.6245626804784687,3.2517650845718107,2.1316027867375373,0.0014643434902927822
2009-06-18,13.327168090024504,3.5078609266396654,3.1547798075760705,2.322269327216319,0.0015953253547864351
2009-06-19,7.186515200011619,3.819207469157964,3.320355920482516,2.7106024691603325,0.0018620979035974617
2009-06-20,16.562186163075445,3.4416252251963675,3.116363991207794,2.808093543942521,0.0019290711791097547
2009-06-21,20.91124539484025,2.197567306420611,1.9053646885871824,3.022550078023956,0.002076396014480956
2009-06-22,21.876445186760616,3.4804140819846867,3.0337179385286195,3.4755643157589393,0.00238760242412
2009-06-23,13.321269060864534,3.153980013117271,3.028291006113434,3.4780464463242384,0.0023893075690738187
2009-06-24,12.981399424149442,3.814942626790567,3.6235049069907324,3.792407706299455,0.002605263781698918
2009-06-25,9.4666045069504,3.856215141969213,3.620869446435919,3.8657821169400775,0.002655669674036914
2009-06-26,7.590756359150486,3.779416577171656,3.5746981329085648,3.7493400823003595,0.0025756776903136766
2009-06-27,11.048167495309446,4.1448096409248345,3.6988540189689125,4.060445303199207,0.0027893971073897706
2009-06-28,7.351246181563376,4.243804894285485,3.884295853213403,3.9605051059470275,0.0027207413624379677
2009-06-29,16.17902548635437,3.729595055110356,3.4427557869822367,4.573648688349807,0.0031419515518281253
2009-06-30,13.355612900195023,3.5660614740378254,3.3142207478255514,5.148087734717797,0.0035365729528474017
2009-07-01,19.66915775909379,4.080392948254357,3.8614161647837815,5.578362513983285,0.003832158075917594
2009-07-02,9.390230995243884,3.840793175766593,3.5967164819094966,4.6274747215087615,0.0031789283290002144
2009-07-03,12.394037474772466,4.198103800486282,3.6309335682272867,4.214696910306763,0.0028953630679057355
2009-07-04,0.6797331256368825,5.113105503698463,4.057519243322261,4.0697716821883025,0.002795804033879855
2009-07-05,0.8203883136659338,4.749152235891256,3.9631573043244206,3.677183923553954,0.0025261086983784818
2009-07-06,4.182055832119561,4.455260894106346,3.9256831973984045,2.971113270032394,0.0020410605592017083
2009-07-07,3.656610499111496,3.781689287005168,3.227037703372996,2.743275523813678,0.0018845432556054843
2009-07-08,16.643583955093423,3.81568313926126,3.53361881337961,2.752202228461653,0.001890675618502718
2009-07-09,13.25253158877381,3.446082766671022,3.14575013297529,2.928380176833009,0.0020117042798630195
2009-07-10,4.077232444558736,4.119531689195751,3.559690442226767,3.875323337041418,0.002662224189555367
2009-07-11,2.9027951277447404,5.083733198343174,4.06611598956915,3.5909939660691594,0.002466898931926337
2009-07-12,7.393029241407401,4.130309618574984,3.2847508307181172,3.697775190087023,0.0025402542452374875
2009-07-13,7.551510323733382,4.271569599494926,3.57204816858125,3.8363051723389545,0.00263541994823953
2009-07-14,0.32549960407752726,5.155082889489102,4.255089863162748,3.891491120115135,0.002673330943610938
2009-07-15,0.636423876313469,4.829160536049928,3.8775741361496316,3.012947348312233,0.0020697992438115363
2009-07-16,0.3239213845230907,5.054113466299009,4.24831147948804,2.634957778731737,0.0018101324010687926
2009-07-17,0.2853584585528847,4.813206592961302,3.9282039055434668,2.3499064715846494,0.0016143111961907743
2009-07-18,0.3475945117031935,5.328581016670473,4.324770094675804,2.284901482117573,0.0015696548306826613
2009-07-19,0.2797536781987441,4.851039983875296,3.9593028383118574,2.0287815155818256,0.001393708538970102
2009-07-20,1.4225377702788242,5.057635275394645,4.084062646128224,1.7229077675229516,0.0011835829777688083
2009-07-21,2.289379562793866,4.973619958261224,4.082311456970883,1.675512701478629,0.0011510240709847624
2009-07-22,7.105382779127424,3.850963709502136,3.3833151372123647,1.5637161358585345,0.001074223377102468
2009-07-23,5.2592397983557975,3.737487665682674,3.38780701491306,1.5359672822329553,0.0010551607949823277
2009-07-24,1.9742013936770604,4.505072352931696,3.8219776347098433,1.8021359742569192,0.00123801024231373
2009-07-25,4.932836599156797,4.354040223089132,3.57991409555718,1.8445485283001828,0.0012671463214211321
2009-07-26,11.453489893180787,3.758238184411162,3.4281927162807015,1.8587663734044708,0.0012769135299526618
2009-07-27,1.2847388808445954,5.36403759649442,4.391556097278376,2.037866745519751,0.0013999498037123837
2009-07-28,0.29897703238048845,4.947803581475342,4.009740160660828,1.7210373789498654,0.0011822980801563837
2009-07-29,2.5010754652547336,4.401277797057023,3.847236970072298,1.712992179747261,0.0011767712835347329
2009-07-30,7.975799923933951,4.132636028819592,3.4894497292574655,2.010752755770074,0.0013813233529342006
2009-07-31,7.893179635840493,3.968504523478232,3.426639879633965,1.631097917173091,0.0011205125232070848
2009-08-01,8.578737138908686,3.68087785078874,3.186362897966415,2.059349403642706,0.0014147077083146204
2009-08-02,7.006382846234323,3.60248160770556,3.140684166358917,2.197897479222623,0.0015098858408589856
2009-08-03,1.021917169414868,4.178971435561598,3.48212265730794,1.738460890049913,0.0011942674795286038
2009-08-04,0.43929809280770993,4.710692095236396,3.997652871961436,1.7181404143988976,0.0011803079574148425
2009-08-05,0.8287341993842747,4.938264292749492,3.9973769057120623,1.6359893732003024,0.0011238727983184074
2009-08-06,2.0377720145450646,4.712739977730027,4.13041586045866,1.5684782385669798,0.0010774947905874777
2009-08-07,9.618143841078414,3.9822012872960713,3.4693757746337313,1.6525099197973891,0.00113522188972326
2009-08-08,3.5085127857461518,4.137820604147062,3.607810880199508,1.5079316103978258,0.0010359011778514125
2009-08-09,2.8042012462538946,4.31371168081695,3.7022239657623004,1.564545889651686,0.001074793391634775
2009-08-10,2.526447148785767,4.922683508890979,4.085774764406847,1.792674660393587,0.0012315106198457972
2009-08-11,0.6104702797700775,4.842641296130358,3.939910961553258,1.3357194657336953,0.000917596897824531
2009-08-12,6.243960927192897,4.478579995703226,3.9702414327891358,1.3123940729280315,0.0009015730929552509
2009-08-13,6.392710785198874,4.315705449155837,3.745632816546629,1.347872947207364,0.0009259459540328875
2009-08-14,2.6804997129895747,4.440671683642151,3.852733399800457,1.3562025273628422,0.0009316681113472972
2009-08-15,3.880178503572729,4.542502228771281,4.03084382857786,1.2070329612274115,0.0008291933517535848
2009-08-16,4.379771311158434,4.552893713595886,3.996734385099099,1.3327240417339523,0.0009155391365652658
2009-08-17,17.131133402092317,3.1142096030390083,2.7695650548499966,1.218059078592611,0.0008367679445845718
2009-08-18,9.885975092029014,3.685816477881953,3.424883972490558,1.2769374747378086,0.0008772155348441334
2009-08-19,9.652449521800026,3.7401968367257217,3.464359570260791,1.4767921785584746,0.001014509376063069
2009-08-20,14.091609844841471,3.881851144096659,3.5671748004914,1.594359745883978,0.0010952745650343937
2009-08-21,1.7573084850825806,4.372954851025987,3.6433539985948893,1.6203056748576177,0.0011130985951156728
2009-08-22,2.819249539487606,4.128975388761705,3.5155923525177952,1.6033632969714795,0.001101459718997661
2009-08-23,4.001405985154826,4.32814522462659,3.673798578877742,1.6755190705827745,0.0011510284463572531
2009-08-24,0.8050005595605122,4.557345643971837,3.9488278926985525,1.557431773948124,0.0010699062198387366
2009-08-25,1.3817075256186235,4.414806528237375,3.7723987972179436,1.475129727307993,0.0010133673247945505
2009-08-26,0.8577562490365938,3.585578219591293,2.9382885799691416,1.4903833872743628,0.0010238461052755423
2009-08-27,12.80425088174142,3.901641026752686,3.5928632880531746,1.4443005407845073,0.0009921886516958054
2009-08-28,12.152969714168648,3.769337217200477,3.6126211188660937,1.5170076951303324,0.0010421361601276992
2009-08-29,8.223655556579358,4.30148694900665,3.863862378914925,1.6129730262529725,0.001108061298149454
2009-08-30,8.92280954639735,4.774360663511536,4.1524372944826275,1.638688086192171,0.0011257267285282944
2009-08-31,1.83173494314592,4.61047246100103,3.855469893026173,1.5606842264075538,0.0010721405514956877
2009-09-01,4.9649436535513525,4.1430969347164535,3.603867197744238,1.5518875601591366,0.0010660975208535374
2009-09-02,1.7280893398166428,4.141162432359587,3.6893802443644663,1.6087192060836724,0.0011051390586437886
2009-09-03,1.1751840700593534,4.551294719797157,4.050303843683076,1.6016360864717674,0.0011002731801793807
2009-09-04,2.695536983157817,4.303135429101632,3.8997307765397955,1.6535843908877341,0.0011359600172751868
2009-09-05,5.8956896004676675,4.127556788791003,3.734770513034885,1.6421432660194462,0.0011281003274555151
2009-09-06,17.191040521480776,3.6000670580829195,3.3178146541239273,1.5873323133446406,0.0010904469418221909
2009-09-07,3.234384084423779,4.420589997495428,4.101016925123436,1.6277981803206727,0.001118245708672228
2009-09-08,6.947137569058795,4.1479960349140805,3.777659450483289,1.6271604386444882,0.001117807600372774
2009-09-09,8.165599074657115,4.437193518910257,4.121578520543395,1.6314127726263403,0.0011207288189148113
2009-09-10,4.743811301642383,4.504247942354729,4.175985333834447,1.657329549993872,0.0011385328227675165
2009-09-11,8.911824208908174,3.960303103592803,3.5182350945800858,1.6709006678042992,0.0011478557501653133
2009-09-12,4.653261405783574,4.300806982886832,3.8246288800306565,1.8231935855524586,0.0012524761532299628
2009-09-13,4.640309978831462,4.311545690486455,4.01308014028176,1.7568450704072032,0.0012068968282037238
2009-09-14,13.202168458461527,3.9339058363161614,3.6931996321408223,1.854265859568573,0.001273821819724296
2009-09-15,1.131776567023517,4.413279496280295,4.008688929714475,1.873522032562486,0.0012870501996771787
2009-09-16,1.3083454323101011,4.424734997976807,3.991022851629633,1.871621220939619,0.0012857444023947134
2009-09-17,6.685092685065754,3.920536144040717,3.4232839911953765,1.8912618017712686,0.0012992368583369452
2009-09-18,10.05509187274834,3.5358037556781983,3.0834039049733724,1.7521931736391092,0.0012037011227034986
2009-09-19,6.191318068337543,3.9564608787961215,3.535378576638865,1.782629361937173,0.0012246098184890812
2009-09-20,6.611358548508801,4.207916826163107,3.7390666243544466,1.7995740672336995,0.0012362502934641936
2009-09-21,15.642279640928612,3.74929717938395,3.4295982510833234,1.7728857164972605,0.0012179162431848875
2009-09-22,14.07124815628613,4.17486335571031,3.704855890308082,1.8374239350718602,0.0012622519518979782
2009-09-23,10.042766376999296,3.933668936927057,3.575680210528379,1.733834995274076,0.001191089636572157
2009-09-24,9.132002060194573,3.579972036291509,3.209990733313497,2.05997212352202,0.0014151354971161842
2009-09-25,14.32457351805342,3.3248204851321765,2.9897069289783076,2.210433874188009,0.0015184979464883837
2009-09-26,8.315678910067092,3.359162711936144,3.1886253493990204,2.331186125772819,0.001601450912513092
2009-09-27,5.09624383180669,4.060465941528308,3.478673062507673,2.410878822828575,0.0016561972671733233
2009-09-28,8.329433835866853,4.316849731496738,3.6706034084213712,2.4148494381620114,0.0016589249539413038
2009-09-29,10.218016135053162,4.289445727680192,3.685217955948091,2.1736450177361895,0.001493225169216878
2009-09-30,5.766620249271802,3.086820170506964,2.7567933678301877,2.095294972664881,0.0014394011738748966
2009-10-01,5.237268715278976,4.1071059354812585,3.800829709985587,2.089166386898478,0.001435191029880166
2009-10-02,3.509047668308709,4.300099949306117,4.021554785102986,1.9874888122552608,0.0013653417617782821
2009-10-03,0.9507956395199944,4.125828782853705,3.810802105395105,1.9916764132907963,0.0013682185108398251
2009-10-04,0.6389381890640055,4.363085856536599,4.012168316218806,1.8903364391308088,0.0012986011635596874
2009-10-05,3.4349207569865787,4.070672240127421,3.6583827579654757,1.8857624216124373,0.0012954589586333355
2009-10-06,5.93211685291852,3.445749323636192,3.1864324304921023,1.8302783627939494,0.0012573431704333085
2009-10-07,7.717386013329623,4.257399748569901,3.683758095860811,1.853840384968264,0.0012735295321718854
2009-10-08,3.2023277152361236,4.143396499494848,3.488409124767579,1.8372250692070338,0.0012621153373577778
2009-10-09,4.437114491983915,4.589968580612035,3.981673766226407,1.839002312577688,0.001263336247171124
2009-10-10,14.035107830240522,3.2392573146721406,2.9130593519347787,1.8713779733736724,0.001285577299033834
2009-10-11,14.606627067373482,3.530555250567238,3.113623801665336,1.9780792380260417,0.001358877682797567
2009-10-12,5.453060700920521,4.448317484946132,3.928749824080124,2.102236534477643,0.0014441698066221544
2009-10-13,1.940204297556917,4.02975694226871,3.3955546947992645,1.9585554695361411,0.0013454654732282943
2009-10-14,1.138076785683612,4.365249011365258,3.6956298478047995,1.8896771914657449,0.0012981482813281414
2009-10-15,8.38429529745965,3.8503470365756782,3.417143478135869,1.9055053717186952,0.0013090217390196014
2009-10-16,1.742251815453982,3.9526762274664224,3.362247856396566,1.956808762961744,0.0013442655412252101
2009-10-17,1.0817430855794004,4.432084645091925,3.610498965775816,1.976463375912437,0.0013577676367880621
2009-10-18,2.1507142504635643,3.985896892685884,3.2232151766694823,1.9592594010233106,0.0013459490518280515
2009-10-19,2.262657448777164,4.06793577238713,3.369772881315032,1.9252592758157876,0.00132259204445006
2009-10-20,1.783217126772669,4.1627201537632,3.4567953566483807,1.9344949804000182,0.0013289366805006087
2009-10-21,1.7823411119605492,3.960018124476101,3.493532694657575,1.9553572120364164,0.0013432683717893488
2009-10-22,2.1233566716535277,3.6246126971333767,3.500478912187064,1.9405252769859884,0.0013330793029465644
2009-10-23,0.7749208282091835,3.78321152097365,3.5085087855848154,1.9390330574039831,0.001332054195433761
2009-10-24,0.8657213877460371,3.636515518813354,3.257355535351525,1.8341016383933981,0.0012599696394783302
2009-10-25,4.487239652895421,3.936490369880792,3.5442705095185247,1.7186792875453125,0.0011806781461709073
2009-10-26,0.8821467285372261,4.029457196976676,3.5906814061115178,1.6215739860709757,0.0011139698846826134
2009-10-27,7.318212310916208,3.542083022416302,3.2408669549589413,1.6015455575268325,0.0011002109896662026
2009-10-28,18.330935482892173,3.6013481370133458,3.2694496554917976,1.6574147436077495,0.001138591348077519
2009-10-29,3.584164449722211,3.882473699691008,3.7100328388492847,1.844862356898014,0.0012673619117117628
2009-10-30,2.9226797438541694,3.749814505112161,3.435268237886502,1.812317768125091,0.0012450048116880645
2009-10-31,9.359411318287174,3.3603700662213885,3.0407222475258027,1.8368213639910893,0.001261838004681801
2009-11-01,12.89287526442086,3.0226742203377737,2.7671771884607264,1.9064234444880737,0.0013096524258866945
2009-11-02,9.752204895916444,2.359780884710481,2.265600188222246,2.194802228454793,0.0015077595017770067
2009-11-03,7.132821553181737,3.3032372242437225,2.8235384893880378,2.6707641490222587,0.001834730241516444
2009-11-04,5.616479180814466,3.024677570276665,2.6261855094408997,2.7907495689348734,0.0019171564185097643
2009-11-05,24.32727057747413,1.8864341517894383,1.6465916824490932,2.926572071583896,0.0020104621689182524
2009-11-06,7.7660730606149375,2.170586936163044,2.1217756668360406,3.279326598020498,0.0022527933375922
2009-11-07,28.55878156206657,2.6186319518559587,2.5541769206512432,3.3542560258264325,0.0023042674773905048
2009-11-08,5.439773359121712,2.777065567378319,2.8031413285503946,3.610575105839249,0.002480350553745019
2009-11-09,1.2675016542854691,3.271222576230611,3.2160037914413198,3.7691206717920687,0.0025892663277636537
2009-11-10,1.1568098148493986,3.338879581355517,3.099571976350172,3.5237919817559953,0.0024207333006576923
2009-11-11,0.5717985523708075,3.7959160380653314,3.1792945676819753,3.3559938980957353,0.002305461340506254
2009-11-12,0.9803480628446315,3.590453490391246,3.1774769014294693,3.075158835350302,0.0021125365617736033
2009-11-13,1.733901729970199,3.5886899943544983,3.320803467772855,2.726420166314812,0.0018729641597328439
2009-11-14,0.6673293612628622,3.4982715333982863,3.377770284949161,2.657442202744355,0.0018255784870566294
2009-11-15,0.2945463267341895,3.590955210475836,3.5200969710766326,2.2921616357383043,0.001574642325894804
2009-11-16,0.3054679002401964,3.9567480448435344,3.6469165215257373,2.9042544850805956,0.001995130695006468
2009-11-17,0.1268450708862587,4.056788976967181,3.2707227934068426,2.284264809901612,0.0015692174570684525
2009-11-18,0.1262625650594487,4.074059903628063,3.312506396809971,2.5592465535089586,0.0017581211912473089
2009-11-19,0.02869722870770355,4.291931074591894,3.4742304657616354,2.560148208821807,0.0017587405998426024
2009-11-20,0.0178684935254469,4.088408675517625,3.4847034212799426,2.084657757980561,0.0014320937448479008
2009-11-21,0.1761400257721156,3.4938674982426305,3.138731643144957,1.8482376996930412,0.0012696806651306253
2009-11-22,0.03168324890737915,4.407339670262451,3.4765720734796703,1.7481652645742387,0.0012009340769596425
2009-11-23,0.00334574003567285,4.034441747218626,3.409790181606892,1.8010963888662075,0.0012372960801307173
2009-11-24,0.18209658601476236,3.8013290645839017,3.400190583297714,1.6180113751530545,0.0011115224840043247
2009-11-25,0.29798306358617127,3.3478221079689257,3.1875054371193237,1.5701719466211526,0.0010786583142885233
2009-11-26,0.1618081872576999,3.2246094955831106,3.042920925120931,1.5505490939620703,0.0010651780370384263
2009-11-27,0.15934575375925894,3.464815036695624,2.9795879926146096,1.4629601644786923,0.001005007221205049
2009-11-28,2.951041040246014,3.497038054156977,3.1555109305411415,1.4903947481426203,0.0010238539098316164
2009-11-29,3.924879677330873,3.208046517052128,3.108636769704668,1.4951743452703,0.001027137341427637
2009-11-30,0.24941506859160284,3.4373383657562697,3.2537769545497492,1.4151870929138672,0.0009721886366204828
2009-12-01,0.445966436581424,3.2373274345826326,3.2554780542415394,1.4021357915652155,0.0009632228066409686
2009-12-02,0.19275948630184975,3.6416055361451134,3.4708828951952846,1.3788480454995373,0.0009472248638877317
2009-12-03,0.0720991789783458,3.419702303137369,3.295140531061847,1.3132850021750633,0.0009021851330836087
2009-12-04,0.04707792236561545,3.721372292282804,3.423705046140399,1.3715068732533675,0.0009421817114501944
2009-12-05,0.3679611534739555,2.5632202163607034,2.5321319772909705,1.388290469254607,0.0009537115094505689
2009-12-06,0.08529995282150254,3.5875125661952416,3.4368231021443716,1.357002160957003,0.0009322174342584485
2009-12-07,0.0595184595545613,3.5433735663317285,3.3283129711101433,1.3735331148260008,0.0009435736751289375
2009-12-08,0.20959078238100445,3.313029798364353,3.1682860506444643,1.3807736732687128,0.0009485477090754297
2009-12-09,0.24126289255827615,3.3068460321267925,3.3993091454636084,1.2914571424290697,0.0008871900859177198
2009-12-10,0.02954605178579485,3.260136940588418,3.1932125358948893,1.2880469983676277,0.0008848474251328856
2009-12-11,0.00512541029960385,3.5835433197024043,3.2812374477103057,1.349270897977675,0.0009269063018626948
2009-12-12,0.03818972845834145,3.494147025208479,3.2274309780004264,1.3279554746120719,0.0009122632822333069
2009-12-13,0.023372841394712,3.410264560521467,3.1947028246790605,1.3235523627131982,0.0009092384840456414
2009-12-14,0.00559250803137675,3.4147318912666824,3.0687228400217874,1.3130037433705695,0.0009019919172077379
2009-12-15,0.2176993579234717,2.9612420443094005,3.0787621719994385,1.299754051861185,0.0008928897994816441
2009-12-16,0.10519506438269985,3.1520265440486925,3.2113289347327902,1.2321389651004748,0.000846440379937036
2009-12-17,0.8103268210924314,2.8374015543718483,3.1126402145601064,1.3122633889530906,0.0009014833172103603
2009-12-18,3.505119163728252,2.640137425743644,2.90489559024605,1.2737967957822205,0.0008750579880383545
2009-12-19,10.943768402923952,2.846266811563414,2.726458075293606,1.463002999228411,0.0010050366473191915
2009-12-20,25.103380310946918,1.8787028165741808,1.743869534832997,1.592489298275476,0.0010939896268665112
2009-12-21,12.07167760958478,2.9969482681047857,2.4521942059047266,1.9583303515306358,0.0013453108243002855
2009-12-22,0.0522787124684915,3.7582693102339833,3.3016276183436495,2.161611015756298,0.0014849581916303108
2009-12-23,0.0795282887031804,3.6839551242838384,3.1209909144496506,2.2421501300465243,0.0015402860080783948
2009-12-24,0.0,3.871429953596349,3.008844483158787,2.117337807859391,0.001454543902353911
2009-12-25,0.0022738992895109,3.3848996731048486,2.753731390005103,2.132206820985082,0.0014647584426581146
2009-12-26,0.0020911037749734,3.843920868477988,3.338191849928486,1.9835298529528347,0.0013626220823338229
2009-12-27,0.0473848171851647,3.316118329201105,3.1575912977305367,1.8770721543299487,0.0012894890207053157
2009-12-28,0.03856753551526575,3.261427684187072,2.8941662924586185,1.7544316939721194,0.001205238915156167
2009-12-29,0.0891475144118993,3.227303308589739,2.968322957414232,1.6818437238747446,0.0011553732825218886
2009-12-30,0.16080647128722345,2.9727634390749,2.8775728978967456,1.6521408884155628,0.0011349683768713096
2009-12-31,0.1605051152076779,3.285654167138283,3.1680252619275326,1.587776426902304,0.001090752033746991
2010-01-01,0.075998976443276,3.2129924517527453,3.156165677855608,1.483330545553105,0.0010190010267614555
2010-01-02,0.6927791452018933,2.638369991953643,2.633011557701768,1.51599045747343,0.0010414373501288412
2010-01-03,0.19442948346273026,3.1453281118635146,3.1660641235366005,1.4725606569432026,0.001011602454956609
2010-01-04,1.4126701262724257,2.6624959631540253,2.588812077912558,1.551318462294175,0.0010657065686746976
2010-01-05,0.0264266482961328,3.167533602463289,2.9589366546545417,1.5368242766465754,0.0010557495229566998
2010-01-06,0.0269737279946767,3.42090883632518,3.074637093345571,1.6589893898456765,0.0011396730800879895
2010-01-07,0.21152610583530354,3.1881516457473027,3.173413534013516,1.6517597005279319,0.0011347065128855317
2010-01-08,0.9410263334415911,3.0552943262685326,3.239880486280817,1.5935847787987865,0.00109474218723237
2010-01-09,0.12500326614028184,2.902899579645021,2.913190890760135,1.5834973087735273,0.0010878124153457323
2010-01-10,0.02695183051609275,3.296593026821957,3.002577307386309,1.5746543279045142,0.0010817375680285443
2010-01-11,0.00234488299714995,3.804294071375915,3.305831398616419,1.6477915556246319,0.0011319805232246816
2010-01-12,0.0014837019234545,3.467163545483688,3.073508171149468,1.604961616965896,0.0011025577141278
2010-01-13,0.00973118031413435,3.550237039100909,3.3768829408268703,1.410685605077847,0.0009690962572849326
2010-01-14,0.09429167915731194,3.1597148571131464,3.235939507203162,1.4017988881629482,0.0009629913646917288
2010-01-15,0.00656076802916305,2.9646173825624875,3.3788523379088184,1.4470234421935542,0.000994059198580926
2010-01-16,0.0014245377051935,2.983145254438881,3.1894717093789917,1.4949380572003763,0.0010269750190197385
2010-01-17,0.0688908960854861,2.999973480188724,3.5252976221613874,1.484010609895577,0.0010194682093899806
2010-01-18,0.1276719414247248,2.895720758336384,3.408509988393725,1.3651873795889282,0.0009378404197859855
2010-01-19,0.03259203568940375,2.9754646579330823,3.3771618198554876,1.2936638136671315,0.0008887059990525575
2010-01-20,0.34764496575850795,2.6790287064493823,3.137024635402281,1.3169754517040262,0.0009047203548320574
2010-01-21,0.07917522412835015,2.790167189712794,3.5229467698170915,1.1236052068124587,0.0007718811311806983
2010-01-22,0.00042617318740665,2.783852007150599,3.4435305942570666,1.1211373919333363,0.0007701858206491235
2010-01-23,0.02961159398200195,2.602000178459323,3.352906718459622,1.138986130923362,0.0007824473380915837
2010-01-24,0.3087029806234014,2.919457717055829,3.6700116895252943,1.1516518783020682,0.0007911483047252818
2010-01-25,0.01806882732094415,2.51675782865792,3.16906985235898,1.1220436343910762,0.0007708083804674325
2010-01-26,0.0063946389721775,3.0395740453045224,3.4071025469634146,1.1371684610721953,0.0007811986565686385
2010-01-27,0.10469183197401816,2.5272876468341714,3.0042890672898572,1.0712846961207538,0.0007359386001815467
2010-01-28,0.03519603567858285,2.950059577477633,3.3536874624100403,1.004578179980981,0.0006901133398295043
2010-01-29,0.7966845096805825,2.722134377558174,3.394563663684634,1.0571224399415888,0.0007262095794780415
2010-01-30,1.2468160720660344,2.575891836838698,3.1886636014601435,1.0274740690526365,0.0007058420892593449
2010-01-31,0.8721666093766696,1.9575672137900848,2.4742516206735505,1.1454839065167395,0.0007869111037850544
2010-02-01,2.6371872658778464,2.7666835443437816,3.46063878708146,1.1495626032890613,0.0007897130390727114
2010-02-02,0.38224790678286197,2.7380251664329656,3.4076250830236594,0.9890015322136713,0.0006794126769759179
2010-02-03,0.2214850303489568,2.7471541716217183,3.557263507820052,0.9605685443526036,0.0006598801163398661
2010-02-04,0.0022053591986448,2.783333881890743,3.636647404566578,0.9621798578014444,0.0006609870375609827
2010-02-05,0.0008604716275599,2.780828562662593,3.487329375120966,0.989661549172133,0.0006798660876876226
2010-02-06,0.7150578660261564,2.507435435055408,3.415152724758336,0.9909680375317858,0.000680763603742914
2010-02-07,2.1803050253760663,2.656771454762022,3.155479350122558,0.9668496187939216,0.0006641950152166242
2010-02-08,3.3499612126358174,3.3570356550426776,3.5339340362523184,1.0217383888513312,0.0007019018589230739
2010-02-09,0.6640367220294777,3.343093819200584,3.7094981082890652,1.0362182099720467,0.000711849036666811
2010-02-10,0.1729110987419944,2.8806144849271047,3.3036265542141185,1.061435115922997,0.0007291722510594494
2010-02-11,0.08621128915898005,2.883025821247242,3.34403563032421,1.0987384507781126,0.0007547984586724093
2010-02-12,0.4628636019102713,2.8767272515308697,3.5535741250200017,1.1499685804734305,0.0007899919325189186
2010-02-13,1.6450950565640823,2.8964037508552014,3.39989902809753,1.1492807196803283,0.0007895193939761499
2010-02-14,0.4958978792015564,3.06066371880689,3.5540888832236353,1.1558453763132228,0.000794029104821996
2010-02-15,0.8494219715901663,3.187566740026196,3.762750484058112,1.146362267690754,0.0007875145100459661
2010-02-16,2.778743661721281,2.7516906470776017,3.3136134744143964,1.226361376085972,0.000842471359575638
2010-02-17,3.263410088358156,3.063213077771572,3.5398184671157376,1.246610699997211,0.0008563820027014316
2010-02-18,0.5585778051101068,2.918151148960736,3.320512006940613,1.1017406521433972,0.0007568608757667928
2010-02-19,1.4981380646567428,2.768098521261998,3.325576898263806,0.9901312127363395,0.0006801887316563547
2010-02-20,3.821461233376315,2.95445788971198,3.6522064668419985,1.023116299727248,0.0007028484399811898
2010-02-21,0.4461366255123865,3.1664346793656897,3.696581702708803,0.9890737215786658,0.0006794622687794921
2010-02-22,1.0386189458271082,3.087825536421192,3.7575851559238886,1.0853075986442828,0.0007455718893445658
2010-02-23,0.0002665339775805,3.062121205888114,3.836187465665577,0.9759749958229982,0.0006704638597368771
2010-02-24,0.4594022649415319,2.9468082209432414,3.776434049462538,1.098564878656797,0.0007546792201315676
2010-02-25,0.35167250551163687,3.246289182703552,4.001008357254971,0.9468847268575865,0.0006504797678341058
2010-02-26,0.0296031753829422,2.5725572227818274,3.488471929651428,0.9362593779273005,0.0006431804902036953
2010-02-27,1.280896531778993,2.925758785208748,3.749230364197872,0.9630796311147981,0.0006616051532823293
2010-02-28,0.6378026400687568,3.079798515873289,3.826025590055643,0.9149277206701624,0.0006285263184058363
2010-03-01,0.3975333743472701,3.152718214001858,4.02305175941463,0.9121994954566812,0.0006266521142359645
2010-03-02,0.09523044575139955,2.8265471511087537,3.7031170972350016,0.8879357649838882,0.0006099837011577318
2010-03-03,0.42086041450770445,2.827842920334885,3.9472867775312896,0.9109975325499022,0.0006258264038507717
2010-03-04,12.762781066178158,3.120544951211016,3.715563661909629,1.0016452250185341,0.0006880984928170577
2010-03-05,1.8211670849317503,3.1052276773272824,3.694011945612335,0.9283519133707093,0.0006377483129142823
2010-03-06,0.3486146952059205,3.1046250165722893,3.9567655574498355,0.9275524418486563,0.0006371991013415274
2010-03-07,0.2248218011544866,3.280182975291644,3.8086041313288566,0.9051778401466006,0.0006218284597969809
2010-03-08,0.075707018414434,3.3129351644890184,3.8086730514540177,0.9104166787057169,0.0006254273756871586
2010-03-09,0.4479726504911485,2.699204129494382,3.767173855354775,0.9284203944768014,0.0006377953572616334
2010-03-10,0.5049494192592071,3.018279882598394,4.29882411682453,0.9003416067425557,0.0006185061208758592
2010-03-11,0.0008596268701021,2.790043822219708,3.982949195070307,0.923338957297818,0.000634304571126115
2010-03-12,0.26925522780322636,2.6848448239151854,4.100550638157577,0.885204461402411,0.0006081073822467068
2010-03-13,0.3454019144100357,2.475444380813766,3.981783361251547,0.8591662324840561,0.000590219945031585
2010-03-14,0.8442865802329368,2.549812972456166,3.6776046128735205,0.8670342579411537,0.0005956250289108348
2010-03-15,0.5428664940291207,2.8647016110873142,4.161810221687066,0.968090754969931,0.0006650476363950229
2010-03-16,0.7188954775549816,2.537759974611664,3.8177048074297923,0.9908211716552607,0.000680662711544999
2010-03-17,4.457623060029354,2.8098136974150387,3.577352343579206,1.0145550545569835,0.0006969671361510962
2010-03-18,5.76576115132196,3.8580812592104095,3.6885710818379733,1.0582536719203401,0.000726986699959588
2010-03-19,2.70002093503804,4.32567169976071,4.0941063805467195,1.097205783221614,0.0007537455646843241
2010-03-20,0.6531073466888636,3.4881089766083315,3.509572171283957,1.0853414388152547,0.0007455951364684584
2010-03-21,0.797935418056174,3.571399100169565,3.9020398932754214,1.03570610404745,0.0007114972361429568
2010-03-22,0.18127842914583825,3.733282033385993,3.9351122011891126,1.023328447571098,0.0007029941788196141
2010-03-23,0.27226605042969615,4.05778450728434,4.248305187512253,1.010494067966984,0.0006941773671968467
2010-03-24,1.809331051733698,3.3857783136528314,4.04900068430409,1.092317203354622,0.0007503872654038272
2010-03-25,0.869488078417132,3.515732321268392,4.209818514072989,1.0303334498077683,0.0007078063931254766
2010-03-26,0.20467735727087755,3.0387682851410345,3.7557216441580037,0.9749361648415921,0.0006697502158091242
2010-03-27,0.35244212141257836,3.35626458944066,4.300110036118691,0.9753876930701153,0.0006700604013775779
2010-03-28,1.120608006036916,3.0770275476636244,3.9993592402845923,1.016324949080808,0.0006981829975398092
2010-03-29,1.6880971092197559,3.189844131233302,3.559763599944477,1.017708241669908,0.0006991332756641492
2010-03-30,0.9419447970328574,3.288721826285328,3.651464362149021,1.0091140990632916,0.0006932293723389393
2010-03-31,0.7603919193792923,3.561922688497228,3.9700865517249326,1.0114265265778715,0.0006948179366806717
2010-04-01,2.9764554625391715,3.434787370187852,4.076172102407388,1.0564977439825558,0.0007257804331724006
2010-04-02,3.4420973594436104,3.920859594128094,3.829133052450084,1.0533522183860027,0.0007236195568780363
2010-04-03,2.896257788479278,3.916963014758063,3.6159957700797634,1.0861210440268896,0.0007461307005162063
2010-04-04,0.8073172070354376,3.579614674400915,3.628001090045562,1.0652313409824163,0.0007317801372416378
2010-04-05,2.4529722627608024,3.359840339365995,3.5055766028370723,1.049197123542149,0.0007207651385389335
2010-04-06,7.244850222099733,3.3206456447879606,3.243009847575706,1.0665715683380879,0.0007327008309168386
2010-04-07,5.550088940260469,3.673522442413133,3.5935408873115926,1.0997068522567268,0.0007554637197660904
2010-04-08,13.232751705387779,4.0176094095917545,3.730288177293432,1.1197878959996361,0.0007692587597548585
2010-04-09,16.737544818166274,4.54506186742853,3.946107537316655,1.120278891321549,0.000769596057964394
2010-04-10,0.18295836513987146,4.9081311272025925,4.21705222161661,1.0846924369848376,0.0007451492928002701
2010-04-11,0.15915009872826155,4.984691520229519,4.086287933928876,1.055713414880089,0.0007252416239615146
2010-04-12,1.217617770610204,4.776081285961803,4.094066287832414,1.0685879025750293,0.0007340859885702674
2010-04-13,11.507293179818175,4.207193547153708,3.753318597638847,1.0641663411350928,0.0007310485161331956
2010-04-14,11.037852433438855,4.423561320667304,3.8842701306408083,1.0930379964830923,0.0007508824274162294
2010-04-15,16.67256953872002,3.8687260206437344,3.4942767220596913,1.2575484049861108,0.0008638958590347457
2010-04-16,13.736294900230238,4.238871837555596,3.7360871171341423,1.2094768870491654,0.0008308722512606177
2010-04-17,8.742074470547323,4.72116021768511,4.073852333523643,1.3101293896461188,0.0009000173273866953
2010-04-18,5.550064443940453,4.821382793653789,4.197081261496229,1.3020240140338155,0.0008944491914806525
2010-04-19,1.8990070061760955,4.442936904555887,4.052008549610283,1.2546026512833628,0.0008618722196937469
2010-04-20,1.0319398662913293,5.189502030278765,4.39818455454916,1.2411727965931028,0.0008526463355779922
2010-04-21,1.1634717260566219,4.136861623049192,3.814208147674342,1.143459814360991,0.000785520616687522
2010-04-22,2.5574415508854447,4.117080781250987,3.973614255114205,1.1652019517072116,0.0008004567752842735
2010-04-23,0.9821715502788947,4.638532025653288,4.23764477991517,1.1868255181234815,0.0008153114794137616
2010-04-24,1.5946873258146004,4.75734973719302,4.364991252773905,1.1476962223126081,0.0007884308945520341
2010-04-25,3.087277774790779,4.622394829272815,4.347469259021975,1.126240182150218,0.0007736912756442619
2010-04-26,3.5752487152658117,3.812677250123914,3.6779209990939794,1.0443628068147495,0.0007174441163138615
2010-04-27,7.665670078242039,4.089222346331867,3.858688236451692,1.066897590290433,0.0007329247976551913
2010-04-28,14.099524864951873,3.627720010973271,3.474368394459765,1.1345824713606802,0.0007794221636762565
2010-04-29,16.74373931029263,2.216580745605928,2.00956344443292,1.2386476163577302,0.0008509116168665651
2010-04-30,8.464781848049483,4.147056217814955,4.0646893249434015,1.256483082660006,0.0008631640163936114
2010-05-01,15.815567915565541,3.4792687748694604,3.1089702265634895,1.3352367613619514,0.0009172652952347348
2010-05-02,7.1271636732025945,4.237100770329581,4.056405761449419,1.4680631037855696,0.0010085127786202848
2010-05-03,1.0520844245117698,4.295239391166391,4.117170983574786,1.387948842811635,0.0009534768229222014
2010-05-04,1.4699017881199592,4.636415634240386,4.070806049271713,1.3684421893381116,0.0009400763708262132
2010-05-05,3.1784236862877218,4.353955630085226,3.705162036499875,1.3667290388337197,0.0009388994907786704
2010-05-06,0.6274562488800463,4.85628731325141,3.9811695080292804,1.3622653670164435,0.0009358330898483002
2010-05-07,0.8750806465157105,4.7894685719270855,4.0450854376316965,1.313127643260215,0.0009020770325012529
2010-05-08,0.7195759081702009,4.800410328615029,4.113081111673817,1.2940198980151758,0.0008889506177030388
2010-05-09,0.12943162670675315,5.108745588951362,4.237639073919935,1.1567891146647702,0.0007946774231298095
2010-05-10,0.09157723311085646,5.546361288634061,4.3918832954689755,1.124004812000106,0.0007721556472673068
2010-05-11,0.1541024824312586,5.151560180221476,4.177267510724442,1.069903327913024,0.0007349896440461578
2010-05-12,0.5246837644184434,4.398557870276592,3.94448699999404,1.1494340478765763,0.0007896247255827001
2010-05-13,6.444683586210067,4.421006524727695,4.163858772770393,1.1606341056669833,0.0007973188099676184
2010-05-14,21.244024214585885,3.985555642835579,3.771982357778475,1.1760874899419547,0.0008079347947124503
2010-05-15,20.709708229771913,4.051278356469108,3.7325397049160736,1.272660674129317,0.0008742775085057882
2010-05-16,13.37774320844948,4.264487156494302,3.9092966745442133,1.2800734753627394,0.0008793698677851689
2010-05-17,8.142633117466758,4.085934824768716,3.7848326680430873,1.2924872341036273,0.0008878977262189187
2010-05-18,17.085094640119035,3.8436623553763023,3.394463596551042,1.4058486480602133,0.0009657734212642318
2010-05-19,11.410215348992043,4.158224515923607,3.8921811578312653,1.511475925016837,0.0010383360095527925
2010-05-20,14.528450908197936,4.034008618322797,3.7343707943037114,1.555722946340499,0.0010687323094841306
2010-05-21,29.081064032472963,3.823842865288718,3.685234024717567,1.695289831195247,0.0011646103316790121
2010-05-22,9.429702323854007,4.215854990869556,3.8897544871032554,2.097091785180363,0.0014406355270699164
2010-05-23,2.5738400228887994,4.00499537536047,3.6556205454951165,1.9152860554956486,0.0013157407584863166
2010-05-24,13.151045069342537,3.231603504473257,2.847131298342755,1.8765880649480007,0.0012891564666574482
2010-05-25,14.44793321250768,2.882757664244386,2.745450715101553,1.8772907311824234,0.001289639176068708
2010-05-26,30.61054873720235,3.020912672410597,2.9113483240240527,2.0231222951708654,0.0013898208340841437
2010-05-27,27.73581026724523,2.307132554222953,2.216175127305672,2.2582146308117967,0.0015513218104646516
2010-05-28,31.87926817645974,2.265036079751433,2.1019941391950083,2.3379298954139967,0.0016060836683133445
2010-05-29,90.64374887646461,1.4986156567445548,1.6051064330619451,2.6526775398248628,0.001822305314787852
2010-05-30,44.96518241217238,3.640820884895008,3.648992889211283,2.662111656196759,0.0018287862534419972
2010-05-31,8.729370387015116,3.793810393603752,3.6203090130311666,2.8533484891402208,0.0019601598907665984
2010-06-01,4.422487872293178,3.973026244739776,3.760659490854845,2.582115911404826,0.0017738317146010734
2010-06-02,1.5453471685552935,3.920506233090653,3.7373409984651396,2.6700088458160782,0.0018342113721754724
2010-06-03,7.349231702701534,3.654090243537062,3.6234161266783107,2.564085352545175,0.0017614452926763386
2010-06-04,19.736737311746463,2.682743898367647,2.5176206327999195,2.479419483903221,0.001703282526908152
2010-06-05,3.2557111977978783,4.322574555388241,4.169121564012679,2.646644464532324,0.0018181607834586372
2010-06-06,2.831796184518706,4.092771613468795,3.9000393821283863,2.5782307222530774,0.0017711627129098028
2010-06-07,1.1669342786734669,4.5502561641342645,3.871134937270462,2.607575763486505,0.0017913218252781588
2010-06-08,10.50842828259728,4.295768640379503,3.8693660172562514,2.5832174245161923,0.0017745884191635447
2010-06-09,6.714557856081157,3.704113726013724,3.318698832084685,2.407985854511731,0.0016542098897178467
2010-06-10,13.58153609721091,4.022955924822066,3.73350262314585,2.9743864585746254,0.0020433091358897
2010-06-11,10.499535700496196,3.7009177464308096,3.5229678410101894,2.7796598131127226,0.0019095381080777548
2010-06-12,9.48110246682052,3.2196844221886702,2.874860734899129,2.885728297506451,0.0019824037918784875
2010-06-13,24.265703534574385,2.460319562423751,2.1850048746253217,3.264596678793651,0.0022426743503838075
2010-06-14,8.508043016854089,3.77153347870958,3.515394210242052,3.5627744643318606,0.0024475130294845573
2010-06-15,8.576175471489037,4.222364930074988,3.807940333440392,3.479097929336026,0.002390029904545063
2010-06-16,20.797523023789772,3.449209470551072,3.016236963392881,3.39901141322416,0.0023350130086870276
2010-06-17,24.579544871455305,3.12973405945388,2.9260441993344157,3.8372132118565854,0.002636043742580973
2010-06-18,2.6345577622010956,3.1006381827794773,2.722113931403263,4.3162910632383555,0.0029651550279382517
2010-06-19,10.191187432149531,4.230237959709983,3.6691379894680214,4.010386358247049,0.0027550082003064726
2010-06-20,10.606127008003773,4.096520148492443,3.497961333329699,3.8733657554969896,0.0026608793931377907
2010-06-21,2.1605119499547163,4.074296155244777,3.482025568337831,3.556249428354039,0.0024430305367717977
2010-06-22,3.071122574122542,3.65739341307668,3.2225440576352815,3.67624235058408,0.002525461867619182
2010-06-23,5.630413531572994,4.295375870658951,3.8611266935596995,3.2281131655063318,0.002217611334179431
2010-06-24,5.324030765491697,4.088873612354182,3.674590943199065,2.9142638369146883,0.0020020068021740405
2010-06-25,2.7960198116541597,4.088660008809169,3.763189620506849,2.8252288561677754,0.001940842594997979
2010-06-26,26.654505998326982,2.5795739164853893,2.452231152442322,2.6910204691505593,0.0018486456908214067
2010-06-27,53.43228867381485,2.194073194187409,2.1274206347817306,3.1575974126157553,0.0021691692490260098
2010-06-28,19.141488540705645,2.7609257439653017,2.3882788307142437,4.188901045460541,0.002877642127119271
2010-06-29,16.009738306899525,2.831144017162597,2.616755632175681,3.9737500393433387,0.002729840211491329
2010-06-30,26.258734200031896,3.172641540166649,2.826212672797803,4.473924829570524,0.003073444424543955
2010-07-01,3.8104240893373524,3.969421340264444,3.830260442367618,4.890870769706283,0.0033598730579838024
2010-07-02,4.177008232007742,4.386543896924673,4.112008244265251,4.285317468134623,0.0029438771507261778
2010-07-03,13.940311191039253,3.708325906322812,3.514845619466337,4.592323227726609,0.003154780367938133
2010-07-04,9.667290081546655,3.874648129168137,3.6149228489842544,5.015461351328577,0.0034454628349748673
2010-07-05,12.567962421045415,4.114940575616335,3.880000299975487,4.514241985001637,0.003101141031280444
2010-07-06,11.425143007061529,4.177279176117012,3.8192160487868283,4.341372254646282,0.002982385010745319
2010-07-07,27.552591279281064,2.940432510401025,2.68397709225997,5.200146246424691,0.0035723354988557946
2010-07-08,13.584076867660436,3.642847788668722,3.3667948096512816,5.576112253049793,0.00383061221804486
2010-07-09,17.616497052256552,3.7701445588551294,3.439322843825379,4.387057382484517,0.003013769244228849
2010-07-10,14.998094814616474,3.5717477223246417,3.2360485408598003,4.560882056029375,0.003133181280439994
2010-07-11,10.306927407579176,3.992614240463868,3.548263671101235,6.015048767661059,0.004132147678507716
2010-07-12,16.082941090879295,3.5163764210855573,3.300217775419954,5.977032387961135,0.004106031631707419
2010-07-13,19.439976513452866,3.4662689598305967,3.017413393921349,5.8119119929054435,0.003992599158678781
2010-07-14,12.778050174276943,4.198714796019204,3.748300423848611,5.6867325222354825,0.003906604833594225
2010-07-15,1.2482125650216216,4.712733173324355,3.9899131741240135,5.4655780056355425,0.0037546786967234706
2010-07-16,3.535730412157652,4.276584303501744,3.719531355858219,5.22008663114719,0.003586033910559889
2010-07-17,11.646736531564938,3.7728377648247458,3.3884239462944414,5.525527038135295,0.0037958617801931265
2010-07-18,29.491141391538935,2.804189233515112,2.616716249321284,5.559273174290194,0.00381904430514966
2010-07-19,17.245644282797066,2.6551126047176523,2.4781455094910063,6.001811351945503,0.004123053993862539
2010-07-20,6.114305505692727,3.312495390135367,3.2103193290747356,5.422875377549442,0.0037253433459511153
2010-07-21,11.939788758764069,3.3815380035680724,3.3488045479718638,6.455906251700573,0.004435002784025837
2010-07-22,8.321328106277063,3.2303609516260763,3.1690782555425656,6.494452811362616,0.004461483047640375
2010-07-23,4.316560970481937,3.9171868221160167,3.8054162260008204,5.895589330604017,0.004050082835049591
2010-07-24,5.204858332153822,3.93844699314564,3.7763312478520836,5.88505669630649,0.004042847249430554
2010-07-25,5.628723664796903,4.190604910126681,3.7661634621825755,5.955417419595656,0.0040911828341660544
2010-07-26,12.96322734229114,2.9406494462597434,2.8674918635370066,6.015015493533005,0.004132124820237351
2010-07-27,12.75948842018991,3.157218229696538,2.8848979700253192,6.023190255899195,0.004137740622642049
2010-07-28,4.758261309126446,4.58323376454528,3.9865649789780115,5.641825353498759,0.003875755033333011
2010-07-29,1.3642235097971225,4.459619269695126,3.7791093379747913,4.851166895883886,0.0033325977562564026
2010-07-30,12.7826932428572,3.903355853596948,3.3408146158420093,3.857608057084316,0.002650054354234594
2010-07-31,11.570242369353188,3.3793283808548296,3.082131974841183,3.711599621351778,0.002549751190942145
2010-08-01,14.634045958432157,3.775017123547979,3.5050189116863724,3.997182458516883,0.002745937540079977
2010-08-02,12.009918843907887,4.367866843306232,3.816176505308449,4.619783800305025,0.0031736449101244664
2010-08-03,23.371737519290956,2.417277796337729,2.1490350115535732,4.015709852203869,0.002758665271769215
2010-08-04,22.287826198691356,3.604388132046007,3.5239241787253093,4.176286007717545,0.0028689759963965644
2010-08-05,13.763240094580455,3.936601316278376,3.737928740092011,5.134992122240693,0.003527576682528392
2010-08-06,21.003803846021412,3.7261082265225736,3.4698262521372665,5.053576785775654,0.003471646929243989
2010-08-07,16.439084273853133,3.8479882353153183,3.7473204559009683,5.338025637568567,0.00366705426640633
2010-08-08,9.316077762686708,3.9614145100870735,3.7433132853331568,5.431549894806119,0.0037313024641110657
2010-08-09,12.50342286038397,3.898590761612251,3.7147627889763246,5.715934262680339,0.0039266655028669896
2010-08-10,12.94981525995405,3.930401774267085,3.83743610028065,5.564288841526828,0.0038224899094213083
2010-08-11,11.766406385074164,3.764878442482209,3.5571827208781666,5.523690660068378,0.003794600246719471
2010-08-12,9.101502491452496,3.9099744636098985,3.735390267261418,5.428965637823123,0.0037295271615482056
2010-08-13,4.963351444602291,4.255734966336199,4.0435248168096045,4.9361617030331235,0.0033909864923436584
2010-08-14,8.724054216077374,2.95432373373346,2.7267204438689836,4.738806750927131,0.0032554099012491386
2010-08-15,10.158257296960569,3.953435520544061,3.686664725776296,5.312346036534079,0.0036494131951701073
2010-08-16,6.868524918756174,3.7730110371501326,3.4648715782429984,5.4337618528364215,0.003732822009104451
2010-08-17,9.646873192591347,4.013103196528415,3.595303107969615,5.09398323547303,0.0034994048783085776
2010-08-18,14.575261513818356,3.333164484433408,3.0366666892540866,5.0251709711422,0.0034521330357532485
2010-08-19,7.916410120966261,3.794850470852842,3.5048084687928673,5.102935999251021,0.003505555143001417
2010-08-20,5.071614471040981,2.9799244230801616,2.746978582205112,4.906398191595136,0.003370539904220559
2010-08-21,12.568785056485472,3.2426302846821464,3.052219451809333,4.9831887030438375,0.0034232925494393543
2010-08-22,10.742390450639444,2.569234113673813,2.474821248683975,5.291293580143872,0.003634950825510301
2010-08-23,15.877580909008088,2.6198958843869784,2.461299330986502,5.671399843676263,0.003896071769846777
2010-08-24,13.915827241825195,3.427459123523628,3.3135587277257823,6.186885113694029,0.004250193796797043
2010-08-25,23.312709390853723,3.1746654686602684,3.00072342653133,6.737984280118679,0.004628781440743053
2010-08-26,11.251944719343587,3.644612271140615,3.592735900505108,7.06646898782824,0.004854440013901248
2010-08-27,13.389979648823488,3.684161374693669,3.4557248779662726,6.317811101856903,0.004340135797093396
2010-08-28,23.004475088337472,3.394923050685005,3.1132545316148956,6.053865039245871,0.004158813225656701
2010-08-29,23.00298635417202,3.571513880485122,3.396921206339596,6.146930580945994,0.004222746300339778
2010-08-30,9.79328586223816,2.584535109380813,2.4004600704570733,6.31257740113637,0.004336540410735329
2010-08-31,12.1920718253442,3.454990149835064,3.446890432532975,5.7904209728441955,0.003977835509690216
2010-09-01,16.479328711037358,3.260426025192284,3.143107132035528,6.284436010747261,0.004317208168311707
2010-09-02,19.70098772865365,2.953530552814592,2.890887591188932,6.013736083214687,0.0041312459059374175
2010-09-03,25.394096896622912,1.8590878500358727,1.9023437606226934,5.147509987720154,0.0035361760589887993
2010-09-04,32.62325306844704,2.5254966959510616,2.5572515652052266,6.440578307260506,0.004424472972468059
2010-09-05,32.76664466237667,3.2448377332444056,3.4287620267473837,6.026522811708064,0.00414002998275882
2010-09-06,16.8474363666138,3.374911066764522,3.4011745967220577,5.019216526890091,0.0034480425214542727
2010-09-07,8.645852097698747,3.248879470340077,3.2473242269138325,5.1644176828387565,0.0035477911091458102
2010-09-08,6.4684041058474016,3.5879413611662936,3.570900693117489,5.2223392819918635,0.003587581410225785
2010-09-09,9.300704851877892,4.053632270282783,3.9314413493342526,5.078880297263012,0.0034890296388926157
2010-09-10,8.635775899764768,4.112472039636218,4.013584688557144,4.996276269361302,0.003432283292301952
2010-09-11,18.405110038755446,3.834663550840694,3.613245396070553,5.09142738106135,0.0034976490874111523
2010-09-12,5.54457748292489,3.3895126328281227,3.267146655347836,4.8989328814720325,0.00336541147299979
2010-09-13,1.6905925542200586,3.771583969013104,3.3592611888904456,4.587746404785597,0.003151636235775428
2010-09-14,2.323400970439764,3.8341221792581854,3.547934166285196,4.365508014915559,0.0029989655123535365
2010-09-15,7.910209171480898,3.6551822536013145,3.656886056668305,4.240369137076477,0.002912999073256004
2010-09-16,13.752033068544547,3.613980150722466,3.6326998282759697,4.391155001199604,0.0030165841782908943
2010-09-17,9.185195162068394,3.976971007672684,3.806765274361015,5.648513475315312,0.00388034956084315
2010-09-18,10.360875457543024,3.6766751626215712,3.5398926729913227,4.269068710025987,0.0029327147693905165
2010-09-19,6.117558985386255,3.5058461044999687,3.457368037072756,4.636949516207416,0.00318543721237434
2010-09-20,12.550890089203852,3.636272599374297,3.493337186916443,5.612666035833288,0.0038557235071638397
2010-09-21,15.476549191163954,3.344241623953624,3.158662540971897,6.0073971997042115,0.004126891294064116
2010-09-22,11.769806084990272,3.8541919706743935,3.7503721509413475,5.592151595081435,0.0038416307371792638
2010-09-23,7.915786294069079,3.31547704731365,3.129505047313415,6.093811242445747,0.0041862549999786315
2010-09-24,11.212168023331802,2.980369427536916,2.8094522441285954,6.097658862775629,0.004188898193081135
2010-09-25,21.84051103900496,2.133653561487206,1.879360960488543,6.213748670198729,0.004268648207880816
2010-09-26,12.482129902250968,2.701772651659072,2.4261938817078854,6.176156725954115,0.004242823734773281
2010-09-27,18.692784919155983,3.3420101287383366,2.924732082925445,6.720558124276412,0.004616810224516832
2010-09-28,24.408196736759763,2.190681310182064,2.0956213555741456,6.984593008451209,0.004798193813550008
2010-09-29,36.11147706750903,2.159724907396844,2.2408509912175427,7.1987682055595625,0.004945325379345999
2010-09-30,30.127066447645333,2.4628141163297217,2.6244687095370995,6.255541637215307,0.004297358650357021
2010-10-01,7.072886712095097,2.604148645388477,2.7143777117140564,7.310177151214041,0.005021859790608993
2010-10-02,22.70346489139379,2.373674025800635,2.2838872654878237,7.044630605658394,0.004839437738163992
2010-10-03,4.540428999977088,2.586769115812374,2.393948780332719,6.461013581483484,0.004438511357558822
2010-10-04,0.8760614864809056,3.964003080447839,3.3935505261828944,5.567054691602489,0.0038243899606778646
2010-10-05,0.21433753335197475,4.35353636000414,3.5569098160265162,5.415056801252061,0.0037199722320758375
2010-10-06,0.90773173835492,3.736802842468024,3.260038450984401,5.457432459241255,0.003749082964764605
2010-10-07,0.33702808737638407,4.698096335215388,3.9274317276397936,4.676372548776037,0.0032125195850699656
2010-10-08,0.44029961701797626,4.108777642729301,3.5478978505169985,3.9818037705075975,0.002735372869299964
2010-10-09,1.213531985904504,4.006007511334855,3.6313414363445067,4.087601605533068,0.00280805262557094
2010-10-10,0.9559905983468894,4.030558811804188,3.6932207992368693,3.347563534075971,0.002299669947874405
2010-10-11,0.3046380486946368,4.328522072405288,3.9092335800860543,3.3194598293791144,0.002280363594325797
2010-10-12,0.1422541090901891,3.9761326176723015,3.6710601338235054,3.073597002657888,0.0021114636322623957
2010-10-13,0.6997043730878918,3.658488475898118,3.349870811396564,3.3148849918847616,0.002277220826101959
2010-10-14,0.16644541076620106,3.492783678385652,3.1242759370495916,2.9190729199535568,0.00200531048965562
2010-10-15,0.7163752643542342,3.817073769202875,3.372110434734493,2.8415302500259103,0.0019520411354236992
2010-10-16,5.8891055563229235,3.943441704068953,3.432916214615849,2.7227868370903336,0.0018704681778214584
2010-10-17,8.575098410361568,3.693462216086033,3.3828440238204367,2.715300650475785,0.0018653254051133642
2010-10-18,9.238807859708924,3.023844984668351,2.885002819742846,3.0420349629131294,0.0020897815122500945
2010-10-19,6.779199073775414,3.340184845119766,3.3376712206932786,3.4910294934544495,0.002398226510570601
2010-10-20,11.05498550049945,3.7366837394099504,3.600688439573482,3.3535149775640325,0.002303758400743678
2010-10-21,3.874153476813393,4.091405091682644,3.8194032060722987,3.4392990432672166,0.0023626893324186016
2010-10-22,1.447951816005726,4.04968191701823,3.6626528943729615,3.106208098012423,0.002133866420197769
2010-10-23,0.2408964328470991,4.343499165143352,3.8123758374989865,2.9572592119785512,0.0020315432608328443
2010-10-24,1.1257490280561957,3.25309422576407,3.003656295819381,2.8506224610381623,0.0019582871959425716
2010-10-25,5.50446836070101,3.334282339897205,3.193082158823187,2.97461442800269,0.002043465743654547
2010-10-26,6.381054551799162,3.481024734062457,3.3219562302051497,2.7523038457407476,0.0018907454263496907
2010-10-27,5.775395497392246,3.645136760704309,3.5090858510281104,2.8114466867688845,0.0019313746818544297
2010-10-28,1.7180537248612957,3.639980780015066,3.314924046921142,2.557593273088401,0.0017569854400480071
2010-10-29,4.007323039048197,3.6504158644743687,3.0492090748785494,2.6542813174605415,0.0018234070591443968
2010-10-30,0.6410942337718265,4.125411682131206,3.4403163684830265,1.8865859080470688,0.0012960246676891685
2010-10-31,0.1756201093539986,3.989103073685543,3.199543592763899,2.0381801905301424,0.0014001651304906123
2010-11-01,0.29486706075901514,3.9342838957726856,3.5159914894414954,2.3562702762141687,0.0016186829280822469
2010-11-02,0.8344971243655913,3.611401838488481,3.4515572971793116,2.345777494875053,0.0016114747201813196
2010-11-03,10.825604448252417,3.379044581466637,3.1495610431719623,2.558843428825639,0.001757844257378828
2010-11-04,7.338714042356849,2.653645814794211,2.6297224193829765,2.154416760107909,0.0014800159662345816
2010-11-05,1.9531200793505186,4.046197594055591,3.1533421910104424,1.9833620286225473,0.0013625067923430712
2010-11-06,0.1544532462689055,4.127779684794706,3.3281241862228383,2.0016831654443616,0.0013750928321093492
2010-11-07,0.20735437922761374,4.233217414781631,3.3675502875892973,1.8786196400294706,0.0012905520942875586
2010-11-08,0.3736781271783662,4.140242803234792,3.5159915619664392,1.861005136457173,0.0012784514891460582
2010-11-09,3.1299925020834243,3.5552164630750345,3.162592985242406,2.0291098397041942,0.0013939340872262255
2010-11-10,2.265952156055296,3.357108473924738,3.0137757431523466,1.8824160499450269,0.0012931601074600485
2010-11-11,0.5623830376930956,3.390255633351835,3.104822907817588,1.8506752230270982,0.0012713551663317269
2010-11-12,0.00454899479553585,3.7981049520303833,3.3660405737321115,1.835408158243921,0.0012608671771668504
2010-11-13,0.325644555567844,3.139992504928574,2.9959858275654203,1.8059170554304065,0.0012406077251267164
2010-11-14,1.2482890568500369,3.035165979742595,3.00347983800255,1.8599446202937213,0.0012777229481861932
2010-11-15,2.297554667367437,3.630259416927145,3.4399942334311904,2.2485450790062336,0.0015446791351366668
2010-11-16,0.14707908694170266,3.593613829712925,3.492193275216623,2.21183349057576,0.0015194594385445311
2010-11-17,0.09949550697161445,3.561842241715864,3.3626849283800264,2.1440706585516405,0.0014729085226911165
2010-11-18,1.2871795603868763,2.969999703391748,2.8441464781039123,2.175991430407183,0.0014948370802829022
2010-11-19,2.878404812530187,2.515503073568052,2.336986474742427,2.1058141833122748,0.001446627537872152
2010-11-20,9.839652298086275,2.7807908848337,2.6977428119037876,2.3184529476343343,0.0015927036230866383
2010-11-21,4.14610614591806,3.2253842904690915,3.009919035429926,2.5630680605982747,0.0017607464453819745
2010-11-22,0.11820154421120935,3.80494931511466,3.407340974020412,2.5508524140516817,0.0017523546837406798
2010-11-23,0.0263369972873511,3.7840295960011656,3.392867895275575,2.4354675927339957,0.0016730889720300327
2010-11-24,0.075602643889015,3.4841472469909216,3.015787108419155,2.4217126351830744,0.0016636397525627545
2010-11-25,0.37600401510775244,3.538003154610177,3.2447842601369477,2.354347349234183,0.001617361938251041
2010-11-26,0.5702781508079455,3.2896062193077387,3.282159552857607,2.0406281989752286,0.001401846834630355
2010-11-27,0.4128519043096343,3.132272348779144,3.0932629005902292,1.790027626225934,0.0012296921913486577
2010-11-28,0.643214854275956,2.59557723884006,2.6549952265011276,1.775070692144123,0.0012194172521368548
2010-11-29,0.5208296928436429,3.074710015335327,3.267900476806297,1.7874074101058772,0.0012278921859994259
2010-11-30,0.41810282045302255,3.2040135308742324,3.3387239556772923,1.5027088019064287,0.0010323132741092108
2010-12-01,0.120363545498431,3.210562636746704,2.981845857996519,1.3924581437160883,0.0009565745695878988
2010-12-02,0.8037800200873582,2.918686226527902,2.7787351550704398,1.5073620090607944,0.001035509879803233
2010-12-03,5.558221766694838,2.935431799396081,2.8764382570509484,1.6246822336679814,0.0011161051521739174
2010-12-04,2.6059022294377963,3.377131523490975,3.273172865544104,1.441018737396301,0.0009899341568819307
2010-12-05,0.7509855103354455,3.540892477465177,3.341425060876493,1.6048867428453315,0.0011025062779823221
2010-12-06,0.0123526868545791,3.3523946086753096,3.0542156640219718,1.4036910942186107,0.000964291250222533
2010-12-07,0.0342658054653614,3.4988248372517567,3.161381513654871,1.4477118704293934,0.0009945321269388533
2010-12-08,0.9196458573869571,3.010792920516092,3.0896705560100632,1.469293204623269,0.001009357818871356
2010-12-09,0.804003088433043,3.5304653084490254,3.147412338241174,1.3590125472283134,0.0009335985058481854
2010-12-10,0.03150136152895645,3.966193575904055,3.0647915977144735,1.3534946646569894,0.0009298078955741742
2010-12-11,0.0406405302738098,3.2007177320419213,3.095647012464157,1.3293915727862928,0.0009132498361193902
2010-12-12,0.13489036673538546,2.962260454330804,3.190041515295972,1.3087150924761037,0.0008990457500988739
2010-12-13,0.0541325651658345,3.244098759932032,3.0482520982786676,1.258706483535572,0.0008646914222586739
2010-12-14,0.12982236807379136,3.2153476499289426,3.1712643696116465,1.3044070139227355,0.0008960862368046779
2010-12-15,0.7554528519305465,2.677685173793886,2.93479172915482,1.3610202497216026,0.0009349777337675635
2010-12-16,2.0637255707144444,3.4863537250926933,3.4662125483121624,1.361894642042423,0.0009355784135522409
2010-12-17,0.0377986995474552,3.1562472180835583,3.27905754386223,1.4067939523772643,0.0009664228153406666
2010-12-18,0.0733559500700818,3.059207343561878,3.0419931905077977,1.4485160511669168,0.0009950845735932385
2010-12-19,0.5077851267968818,2.7968715453012427,3.0586942406675885,1.3317201342909555,0.0009148494840004656
2010-12-20,0.7367004316114849,2.960774452484645,3.1762829717437255,1.336282900854051,0.0009179839598774749
2010-12-21,0.00776723666215635,3.267169007504324,3.163088526042887,1.3728159331623828,0.0009430809940783166
2010-12-22,0.0232658827183308,3.0769512606832627,3.0906620260444857,1.4985469527541035,0.0010294542157744655
2010-12-23,0.0062135902879796,3.036918791927921,3.1101446489896776,1.4041751762077774,0.0009646237991917943
2010-12-24,0.0059961147516513,3.03762940942321,3.1376567523736028,1.3775217122350403,0.0009463137150123836
2010-12-25,0.07113968349648175,2.5984579569454054,2.987618031308161,1.3398530868404628,0.0009204365643875009
2010-12-26,0.0950088235271535,2.6347899935679515,3.091087648389686,1.3361110856502703,0.0009178659282832421
2010-12-27,0.131955629096432,2.980198587353244,3.3089017841310406,1.2900700734308035,0.0008862372135200877
2010-12-28,0.09495136718852246,2.8720337459833503,3.2067524499494455,1.305365056016255,0.0008967443813294461
2010-12-29,0.1765893787878051,2.7087601836240416,3.21892067269225,1.3245505098924062,0.0009099241794919607
2010-12-30,0.1316470664206747,2.350164219532577,3.3192994452709788,1.2781967989515182,0.0008780806506274244
2010-12-31,0.7267252172552298,2.374117436785232,3.2348518653059934,1.2769994932557045,0.0008772581395984167
2011-01-01,0.10864887234477676,2.5832155850391647,3.2356675291425625,1.217217060594776,0.0008361895049327235
2011-01-02,0.2187420979485509,2.360672753872941,3.0129454295861247,1.1947635253970281,0.0008207646385807683
2011-01-03,0.0112263213508836,2.7457537795664617,3.3185502719169198,1.2144326786896618,0.0008342767228972472
2011-01-04,0.3701680175308988,2.888122388987609,3.0295233671620325,1.2547714955142826,0.000861988210323877
2011-01-05,0.1026792985268027,2.509101508041496,3.2542350685573807,1.1915737626794516,0.0008185733727876648
2011-01-06,0.00724794269559415,2.423609913635111,3.2203852310848826,1.1943665024473213,0.0008204918964097047
2011-01-07,0.0575741046762526,2.724554420067045,3.2481544395817297,1.2381861375240482,0.0008505945955480462
2011-01-08,0.22530851319924794,2.340233855198679,3.213078774710988,1.2084141659496808,0.0008301421955796487
2011-01-09,0.02492227639174655,2.3023336271133985,3.3141131212665766,1.1687813140342664,0.0008029156836492059
2011-01-10,0.0010760627859302,2.398493568737245,3.1271528952318883,1.216175867048785,0.0008354742379980522
2011-01-11,1.3387444630611607,2.456991169697526,3.19218351655368,1.289772942226476,0.0008860330938090763
2011-01-12,0.2003884966204853,2.339543862584627,2.996170518280412,1.0333080788493845,0.0007098498689082199
2011-01-13,0.10784748895225585,2.418873812460164,2.856932321736849,1.06613767328017,0.000732402758777186
2011-01-14,0.0276628866460605,2.344125731629328,2.919679437072837,1.1500313925591736,0.0007900350824291373
2011-01-15,0.10133779831758585,2.5580907799623023,3.1948772752832446,1.1901825914435387,0.0008176176822829111
2011-01-16,0.3562971888681358,2.5084348855536964,3.329402936785827,1.1644780426105041,0.0007999594727005451
2011-01-17,0.4945821958609336,2.3998428490747723,3.3854648082403105,1.1514066769829434,0.0007909798591979511
2011-01-18,0.1852261787495191,2.3610831995528208,3.379934724617628,1.166898244251624,0.0008016220744481221
2011-01-19,0.1215904285674527,2.184971674196869,3.190689254301044,1.1413057580705244,0.0007840408483524951
2011-01-20,0.467766704593181,2.253162556393376,3.3450859973660805,1.1187281524166264,0.0007685307495332473
2011-01-21,0.4570834112380871,2.0309003432621577,2.8650686213574663,1.21536202820413,0.000834915156530467
2011-01-22,0.8103029786357339,2.18885324377803,3.229403279193779,1.2597831709612966,0.000865431072362694
2011-01-23,0.2060472070432244,2.368470797663488,3.3740821259918965,1.1209118637662852,0.0007700308899531449
2011-01-24,1.0792786130876526,2.31384709924715,3.204479797436396,1.1429017131968031,0.0007851372188932479
2011-01-25,0.7941370762448373,2.434620671261799,3.199519282698539,1.1537865288345004,0.0007926147419201784
2011-01-26,0.34017689124793654,2.1332743869995374,2.8661952005229026,1.1758507131102722,0.0008077721365407292
2011-01-27,0.27637901116668917,2.214854928196805,2.9382514642921826,1.2208654737352853,0.0008386958490158913
2011-01-28,1.3234120762999648,2.142192477178257,2.9102607298085275,1.2873514743874601,0.0008843696222237144
2011-01-29,0.2966572552930045,2.422392264481372,3.2769377628532586,1.252001178351899,0.0008600850903204585
2011-01-30,0.224457200297203,2.564051263609432,3.59389801038698,1.2259267774417755,0.0008421728040945329
2011-01-31,0.3771266311365597,2.2850841648020426,3.2387792911279805,1.2240282277523373,0.000840868560688574
2011-02-01,0.0061528504814946,2.290066707828186,3.5188704595711777,1.1263195843790714,0.0007737458224564822
2011-02-02,0.03939261495645785,2.1843071212260434,3.3076476005087163,1.210661331599575,0.0008316859270907471
2011-02-03,0.1494677633471593,2.480904167553164,3.690127020341567,1.1940684382999447,0.0008202871357964158
2011-02-04,0.1317532421085528,2.5342462191399746,3.604723846162749,1.0551062809169,0.0007248245421898717
2011-02-05,0.0693291515138173,2.3644975862604785,3.475888841944689,0.9864968948067943,0.0006776920705359547
2011-02-06,0.3269588443774915,2.314422899413068,3.5585224143647043,1.04412948965513,0.0007172838348270911
2011-02-07,0.10500963054112275,2.2703094142736737,3.5667807712114827,0.9834862497993204,0.0006756238529272584
2011-02-08,0.0851227603161564,2.3442076185261302,3.2245795479380726,1.0097043989389363,0.0006936348896264935
2011-02-09,0.20919910681026885,2.390740366611074,3.5972439522755595,1.0168084985771813,0.0006985151807034147
2011-02-10,0.0509613402475909,2.11810433796222,3.424284358788094,1.0188728485999883,0.0006999333236784527
2011-02-11,0.6350014236442028,2.072424773209909,2.8621414389541178,1.069790765808269,0.0007349123174511763
2011-02-12,0.2044030456828587,2.1457694914977923,3.1982089109379803,0.9753873344320708,0.0006700601550046188
2011-02-13,0.1367623641875805,2.382771001000909,3.3325640147277964,0.939459515580418,0.0006453788832483749
2011-02-14,2.2135855903255695,2.4150074419675724,3.4405629763868615,1.0726167487508103,0.0007368536780795899
2011-02-15,2.8555053155465138,2.42774579418411,3.312710227562977,1.175989766736727,0.0008078676619706863
2011-02-16,0.4571365097072423,2.6395654986336137,3.521550044696016,1.1150200206683405,0.0007659833806610847
2011-02-17,0.21601674078259214,2.378822885785974,3.266530219625749,1.0810477338104623,0.0007426454973461392
2011-02-18,0.2533046052481669,2.3998214238631586,3.408496679829443,1.0809949372786096,0.0007426092278037042
2011-02-19,0.78614067612136,2.5407784997036686,3.3636775327205286,1.077402013410165,0.0007401410030900711
2011-02-20,0.729606762823663,2.658032829750259,3.7143434419441244,1.103750571972338,0.0007582416269254193
2011-02-21,0.38189655665059036,2.5081764299607814,3.6118903675490874,1.0950670972551588,0.0007522763552742763
2011-02-22,1.9590480559210455,2.665315601354909,3.22844737832053,1.0986270514420524,0.0007547219308626328
2011-02-23,1.5176879055696828,2.788832939931193,3.431199661364084,1.0800520992939706,0.000741961528019393
2011-02-24,2.0493388305499387,2.8282068318353506,3.5832721972464947,1.151780340828815,0.0007912365544057376
2011-02-25,6.692467639898818,3.371847120128048,3.4160634446719826,1.2153995430949438,0.0008349409280703121
2011-02-26,1.027130450276466,3.137943472259552,3.270049979590922,1.2626780258567425,0.0008674197458378195
2011-02-27,4.647239579820816,3.103037173883737,3.497384952759611,1.280269398264569,0.0008795044606031547
2011-02-28,8.033041860307222,3.457099330287241,3.4031889600874914,1.3220480863562578,0.0009082050939109539
2011-03-01,0.7325998284171524,3.78720807135233,3.702095449887063,1.3258637635339854,0.0009108263430813098
2011-03-02,0.35241218177087225,3.408291376328438,3.262577332721066,1.282594752536257,0.0008811019052169247
2011-03-03,0.08828949891363586,3.847284969357745,3.706728074349436,1.2453713566262035,0.000855530613123193
2011-03-04,0.15162037968725545,3.696480549482141,3.7313136746614792,1.2046379124817632,0.0008275480292472318
2011-03-05,0.8054003194721868,3.137699774055906,3.491660212220625,1.2486440256540725,0.0008577788329212998
2011-03-06,0.4719605525582441,3.157126819507233,3.335315487211056,1.251051014816815,0.0008594323581153918
2011-03-07,0.507734525469483,3.067719004089796,3.4534100949425866,1.2192776404242822,0.0008376050579045717
2011-03-08,3.997641555902001,3.074239781302101,3.425198396815549,1.1544963233895225,0.0007931023482615467
2011-03-09,26.16429586812203,3.891760850002539,3.5025978912907614,1.2500635700778726,0.0008587540149060046
2011-03-10,2.6994336645660435,3.788630609076285,3.3102805441392498,1.4603585642425496,0.001003220004377485
2011-03-11,0.9787396554472115,3.608510058731045,2.9614365785670715,1.3787801148872212,0.0009471781977121405
2011-03-12,1.309143755648108,3.7449878220339374,3.276587423409883,1.3871747524351032,0.0009529450473912135
2011-03-13,2.1022882472868716,4.014738666063005,3.8449007961746116,1.3564732570705635,0.0009318540940677164
2011-03-14,4.022258332264362,4.088361758745147,3.625729302507082,1.378797790147995,0.000947190340055552
2011-03-15,1.3190800486314662,4.579555980484185,3.9595189567330387,1.3655686523146324,0.0009381023420528285
2011-03-16,0.6855834550248207,3.693776336973006,3.3961610847177193,1.3532265385283693,0.00092962370143
2011-03-17,12.89390256190084,3.6456382339804296,3.403610650202799,1.4513001209246559,0.000996997141193371
2011-03-18,0.03847654386200655,4.400302479474919,3.950651462732701,1.3454019059004452,0.0009242484270477735
2011-03-19,0.0366649409407415,4.590395397121665,4.000391763186139,1.369991953761011,0.0009411410098191249
2011-03-20,0.12734665269981724,3.768421849315766,3.5063334001160222,1.2332816215599292,0.0008472253486743888
2011-03-21,8.366851752879443,3.719694073764068,3.6388997698894654,1.31463647882403,0.0009031135546664243
2011-03-22,0.06831999018302705,4.590575798138286,4.1371013388794315,1.1494960956332836,0.0007896673504231192
2011-03-23,1.2324497065351925,3.2682031046401065,3.354633228419638,1.1988773390848908,0.0008235906980753325
2011-03-24,1.679392184493432,3.230397316338064,3.382439687642278,1.1705057405472659,0.0008041003099569355
2011-03-25,1.8346241883920544,3.314862796145382,3.31762648997786,1.1368490675202896,0.0007809792433311045
2011-03-26,2.198076170210126,3.405747745077463,3.2591873065455834,1.1621894097275594,0.0007983872545158713
2011-03-27,0.13491806506575385,3.9345540975317945,4.15717675931633,1.1308137135504461,0.0007768331466228715
2011-03-28,0.00341867781466525,4.365695451943789,4.179084092114307,1.1278899783807304,0.0007748246333155371
2011-03-29,0.02621795157581365,4.248403285919188,4.071409327963688,1.162162364424677,0.0007983686752507918
2011-03-30,0.4803405169965888,3.656771920595836,3.9906910551614523,1.137186746481535,0.0007812112180647582
2011-03-31,4.437522190152442,3.4672262188603096,3.872745000932392,1.1107085489347504,0.0007630215363597236
2011-04-01,3.1139754385113925,3.885243763735017,3.9152807195969914,1.2683892075681897,0.000871343146488762
2011-04-02,0.7502628355416121,3.755572366993076,3.8129253694487373,1.2548190079294468,0.0008620208498457836
2011-04-03,0.2086535136626309,4.105629636642506,4.065883833393419,1.1363188026463895,0.0007806149681851638
2011-04-04,2.9181545519167225,3.4871124630509582,3.752923100158034,1.1534266762251202,0.0007923675345937058
2011-04-05,1.069607017083706,4.059626634582546,3.920354446047419,1.1536114975414065,0.0007924945009746165
2011-04-06,0.22514877140343095,4.092997712391472,4.007832950536531,1.1406926480462956,0.0007836196612165059
2011-04-07,0.8035990375835738,3.76741935963875,3.803585706427327,1.157190335736488,0.0007949530492775112
2011-04-08,7.563166292856845,3.372739773646228,3.5782626002296145,1.181265172004601,0.0008114916980297172
2011-04-09,2.7592765298347737,3.627826294368117,3.7048048654254675,1.1962695475560154,0.0008217992280260772
2011-04-10,0.838097435137043,3.740527746978489,4.0219453798582885,1.1851610469234515,0.0008141680405039851
2011-04-11,1.742879965032279,3.693260782035659,4.077070459140716,1.1875574798138904,0.0008158143138738978
2011-04-12,1.0951151429196768,3.979906117891826,3.9568752958553746,1.1775285768727957,0.0008089247757160654
2011-04-13,0.4591424330736319,4.038500597166923,4.002482135472535,1.246347073973612,0.0008562008999866428
2011-04-14,0.5574315684116776,4.172484062158376,4.061191809332964,1.2349014281944921,0.0008483381044446538
2011-04-15,4.359180226431347,4.060295593364111,3.7806558434131605,1.2370847783828118,0.0008498379967581692
2011-04-16,0.5660290051880827,4.032635014970655,4.079763753043554,1.2121859212113741,0.0008327332717870934
2011-04-17,0.5717071696573495,3.678734557252653,3.6955917981555904,1.149502866437823,0.0007896720017510369
2011-04-18,6.913727621830484,3.791762958400552,3.514552457338419,1.2001212470991578,0.0008244452234186789
2011-04-19,3.0016356622045697,3.719058973270613,3.5182884458074777,1.280303705712212,0.0008795280287312962
2011-04-20,24.895194932805047,3.509103148012689,3.2288633789288093,1.37987674902378,0.0009479315505737027
2011-04-21,16.902273461783146,3.190517030164319,3.0029847678552546,1.6404852723161532,0.0011269613383805012
2011-04-22,14.651595852492495,3.712927696565055,3.40121850972893,1.4804331950297855,0.0010170106388691538
2011-04-23,6.5573014875177495,3.4610493161346554,3.167828663676905,1.536476678543355,0.00105551073408719
2011-04-24,5.722139366799285,3.9059560870556846,3.6605469880371055,1.5273532985041174,0.0010492432614356026
2011-04-25,9.911838407415962,4.028668945038605,3.8186227100854424,1.6312996502477866,0.0011206511074295044
2011-04-26,11.294093813532658,4.007694327414649,3.7276634441544343,1.6472853403585264,0.001131632769396332
2011-04-27,2.5812125143657765,4.592087871425404,4.275513698516563,1.7637057445075586,0.001211609893658687
2011-04-28,0.7801497639168194,4.321231772742948,3.9358978040107617,1.6568402496222803,0.00113819668893508
2011-04-29,6.00198490945794,3.7046820516370578,3.5552547553171965,1.6114857237363993,0.0011070395685046108
2011-04-30,3.443935287946487,4.296533477462279,3.763035674539705,1.6063421279895476,0.001103506081404921
2011-05-01,0.4683372125285848,4.882504991822801,4.20964933028996,1.4752285947052604,0.0010134352435599468
2011-05-02,1.5728823630682909,4.259595540424052,3.8832606689424005,1.4465672846253548,0.0009937458328029788
2011-05-03,0.4526737762673359,4.658464072384004,4.067848906171036,1.384375039216532,0.0009510217332297714
2011-05-04,1.0258378446918228,4.275112690828984,3.5359298488343898,1.3274477903957775,0.0009119145192827794
2011-05-05,0.5699781988542524,4.421496314138787,3.858099284401982,1.3130441834768747,0.0009020196982778243
2011-05-06,0.240374448576702,4.971304485865104,4.33745490473342,1.2929426454731519,0.0008882105793820492
2011-05-07,1.297426817661332,4.87569355250913,4.190356346441636,1.3827486366930597,0.0009499044462930775
2011-05-08,0.29781431351429133,4.838957059904807,4.357680209366087,1.316498432469675,0.0009043926577512913
2011-05-09,6.594933830090412,3.627479346357223,3.5927539423823904,1.2849045965716965,0.0008826886947904475
2011-05-10,18.203677910769155,3.7232714922424552,3.7239670351924508,1.2659410602433248,0.0008696613469430172
2011-05-11,19.097371072970578,3.980396567056304,3.7557807773226077,1.3332029614087668,0.0009158681391883394
2011-05-12,11.675821183792007,4.092939333801716,3.9689013248881118,1.433676168980339,0.000984890045320039
2011-05-13,23.407789259377598,3.9623822932216255,3.821444447840255,1.5126376501230623,0.0010391340778455323
2011-05-14,7.372065964635558,4.3363419543523625,3.983571660223021,1.6953519146079163,0.0011646529810139458
2011-05-15,9.262748465722272,4.225298299855117,3.824012128413189,1.8440489606840424,0.001266803134317415
2011-05-16,5.596070909854138,4.540321143986227,4.200965686287258,1.707514817502673,0.001173008509439699
2011-05-17,12.783300193610586,4.025759897474359,3.6492696253183308,1.6605305679335576,0.0011407318205411414
2011-05-18,6.341959165651311,3.9927920967174337,3.823515900412278,1.6245469067475362,0.0011160121868727607
2011-05-19,13.399396574735695,4.278028383052319,4.051462638022615,1.57512347176029,0.001082059854974072
2011-05-20,4.403888067393523,4.242223379159056,3.9653356066528587,1.6214224804943926,0.0011138658051579513
2011-05-21,14.944173382013375,4.154415365858052,3.7306474379114998,1.5930793720343988,0.001094394988819051
2011-05-22,12.719386037438532,4.271765066211721,3.7216040446083896,1.617435295380551,0.0011111267354765018
2011-05-23,2.60148069615225,4.567276775089331,4.071066421284447,1.7265938548404776,0.0011861152028163893
2011-05-24,5.206401943904868,4.693173143635688,4.189590373461913,1.6886609466075024,0.0011600564982657885
2011-05-25,6.128524426210694,4.217321962904102,3.8983894631294667,1.5713402271547012,0.001079460885951866
2011-05-26,6.999881920522736,4.156721723912919,3.8257113447040907,1.6815435012133002,0.0011551670390779131
2011-05-27,10.585532414342612,3.729413610149821,3.365629372636156,1.677364730472759,0.001152296356148894
2011-05-28,7.542050275349087,3.7244893067339073,3.6318710250154727,1.6154909944740585,0.0011097910624358644
2011-05-29,32.912460009485805,3.350481343827822,2.9729588914242324,1.6800582805524704,0.0011541467396019196
2011-05-30,17.35331461796536,4.147929560367536,3.7985985670641393,2.0063688097832317,0.00137831172112007
2011-05-31,1.7623919806369865,4.716296802477761,3.989466240034522,1.9348792653392852,0.0013292006720626083
2011-06-01,4.283848767328727,4.228275246905422,3.302938460868656,1.895550292892767,0.0013021829156868495
2011-06-02,5.384793845883815,3.8039885911815774,3.204427110107694,1.819480014206369,0.001249925047526678
2011-06-03,6.085223476103512,4.293120891098606,3.768779908938544,1.808966455648577,0.0012427025663356687
2011-06-04,14.653367347903611,3.85347675327627,3.4738928272062983,1.829375468932002,0.0012567229109940762
2011-06-05,8.453129850423032,3.423024452967157,3.0564642967001054,1.9619259544052157,0.0013477808894061434
2011-06-06,10.700168403124422,3.422497566405997,3.1506936671626447,1.9923683378380745,0.001368693841052792
2011-06-07,12.430032389896025,3.936995302469152,3.6774259613971068,2.170445556025445,0.001491027240523165
2011-06-08,9.295870675171644,3.580183906586103,3.3021010178444157,2.4384784601432954,0.001675157342421728
2011-06-09,15.801605974063605,4.090271987608837,3.837258713306142,2.562897009189966,0.001760628938491
2011-06-10,6.260043639262877,4.011749481625766,3.799487778005952,2.805930550083811,0.001927585270948885
2011-06-11,8.767429251529226,4.248276325725467,3.910196020387899,2.787979204050412,0.0019152532657227925
2011-06-12,5.499463039924886,3.8884966083088224,3.583256729107826,2.6086052159920996,0.0017920290264905572
2011-06-13,8.421396773208468,3.863850098077725,3.5374492567539364,2.62307288744403,0.0018019678577972822
2011-06-14,3.374113405523934,4.846751685118492,4.149019494712713,2.5805861487217965,0.001772780816168905
2011-06-15,6.996414742909039,3.816722197327156,3.3412876606680326,2.375328215362923,0.0016317751276723907
2011-06-16,16.474062431814872,3.4909827209766284,3.0914104240732665,2.2549417416519923,0.001549073439442889
2011-06-17,10.969669095632755,4.226673396039072,3.8077827527797883,2.633803066394888,0.0018093391503261377
2011-06-18,9.236293085633747,3.511422965515845,3.0075330574217416,2.743840298178144,0.001884931237676645
2011-06-19,13.540439982014934,3.454574642584725,3.1269905999277783,2.834982981486349,0.001947543369646343
2011-06-20,20.661901738944582,3.496761744487296,3.301812156045459,2.9410246271295137,0.0020203906160768865
2011-06-21,13.203044771805835,3.950010181610723,3.668916555434694,3.3860902002618625,0.0023261365453019394
2011-06-22,14.798350500618579,3.9404501609734255,3.6692776138157095,3.4883121393151457,0.0023963597744838085
2011-06-23,7.5289092962074085,3.6781544862618585,3.456366351780744,3.4595737259515116,0.002376617396216988
2011-06-24,17.03878678155194,3.712451232415121,3.4648270636744467,3.3906737742958812,0.0023292853152513645
2011-06-25,7.170947832269418,3.4035285918831213,2.8947389126888803,3.543165416494608,0.002434042235709105
2011-06-26,14.827969348766636,2.2565477813624395,2.091033383953916,3.8831756944395788,0.0026676185099751898
2011-06-27,13.254841958500446,2.661583378054777,2.424539758423939,4.474876867159065,0.0030740984441642934
2011-06-28,8.974472504965219,3.6935910461135024,3.5279257334642393,5.335010553473449,0.0036649829992852507
2011-06-29,14.780439146772384,3.6689389775000754,3.4515656766005978,5.344925326796238,0.0036717941340160213
2011-06-30,15.996271045980865,3.909755630760516,3.6909041561612277,5.076137919835608,0.003487145712600751
2011-07-01,13.565062754799833,3.842861981068835,3.5477388567958874,4.572240635474493,0.003140984264172666
2011-07-02,24.632984875771633,3.6084966647788552,3.3866790877187976,4.662520830005843,0.0032030038937147557
2011-07-03,10.585938424010504,3.4421202926345384,3.0466116552839484,6.527076424241099,0.004483894434717587
2011-07-04,8.66126940498513,3.113934767031548,2.9191775371276214,5.505429396675413,0.003782055338099353
2011-07-05,28.875601024649328,3.1066173096514893,3.0347045976404234,5.935554283234528,0.004077537489635551
2011-07-06,8.451951753662875,3.840775764986592,3.6990126919768307,5.065651516317371,0.003479941886060435
2011-07-07,25.37408867366586,4.137811903549458,3.8153609887622832,5.518989119290833,0.003791370437359688
2011-07-08,12.873617214334724,4.143169954879206,3.9061174033144175,5.087943433577183,0.003495255726016289
2011-07-09,18.06247817557597,4.165210543075772,3.9222759704444576,4.552814488232441,0.0031276391173036726
2011-07-10,16.331869509084008,3.9444840449271137,3.517625509766062,6.365414125518399,0.004372837564163073
2011-07-11,7.970244598473069,3.5279447765538463,3.123796811411276,6.439327098574521,0.004423613431794852
2011-07-12,18.218740341427356,3.004176896800308,2.764165864257001,6.393365783452633,0.004392039466409378
2011-07-13,9.23694929924636,2.271022376848791,2.174887305783659,6.864966698905441,0.004716014333986086
2011-07-14,14.095269295515159,3.358879063508472,3.158038341247914,6.064416133638424,0.0041660614927753825
2011-07-15,5.252081356901923,3.389713483803473,3.1339147869185995,6.528060966392831,0.004484570783941644
2011-07-16,4.466719786741059,3.834316296915095,3.550297583786212,6.443402884038833,0.004426413367106266
2011-07-17,21.71449538030457,3.974539837216892,3.694631914904168,6.789013054736636,0.0046638365900393206
2011-07-18,18.43545384070441,3.6409136185847473,3.3462735712244323,6.954708091002257,0.00477766382334893
2011-07-19,6.907546860100526,4.166537875031628,3.71897575010808,7.8910241721445225,0.0054208832668624215
2011-07-20,2.2089771417971646,4.4719051780565735,3.9912851721336744,6.7204427891264595,0.004616730992927774
2011-07-21,4.801527701873893,4.166251051640633,3.826146513830727,7.113770199832396,0.0048869344459371794
2011-07-22,1.1713557725422004,4.579816539140856,3.901294807355495,6.101743043170744,0.004191703895443685
2011-07-23,6.401658402373388,4.777464545994844,4.038805925185845,6.447614020276806,0.004429306284105239
2011-07-24,0.8215392624875082,4.628372655807648,3.780116122163098,4.707520091297123,0.0032339169586393535
2011-07-25,2.9865245758350336,4.529198777812372,3.7895047215023507,4.892464706597287,0.0033609680420609495
2011-07-26,9.8087727285656,4.651810831708217,4.0959782510177805,5.37405749343729,0.0036918070082927715
2011-07-27,17.528990676147856,4.251228881868858,3.881758678146857,4.160322684659428,0.0028580096998853033
2011-07-28,14.777680735957606,3.671180106233008,3.2524844662491206,4.349135256407115,0.002987717946677067
2011-07-29,9.348342766035262,3.5356360768793893,3.3048115008655086,4.606051682631227,0.0031642113809281867
2011-07-30,8.002511313345192,3.96794623952506,3.3231540358641096,3.9741736557615024,0.002730131222531556
2011-07-31,2.924616250153226,3.800601155319815,3.3227945482338934,4.165315466202382,0.0028614395824114324
2011-08-01,25.373443634778347,2.5038788778832,2.3387017910294445,3.8121236121306197,0.002618807983526163
2011-08-02,19.48246282848416,3.527223306674491,3.3526069491077726,6.566262445722693,0.004510813988315501
2011-08-03,3.9585319831580055,3.7784400886471023,3.59781875614427,5.947637547393095,0.004085838308776047
2011-08-04,0.9243787996355912,4.57867907318662,4.118509786937338,6.152489715939517,0.0042265652497191246
2011-08-05,8.042437979514672,4.404172953058475,3.9754694671673443,6.031574890626284,0.004143500600700572
2011-08-06,1.4457985693882214,4.5599871176082525,4.081297514030238,5.600262789842079,0.0038472028706556063
2011-08-07,9.54068110939821,3.8151425528332057,3.5762439684420935,5.136366357626101,0.0035285207386411316
2011-08-08,1.996946209597547,4.213282574881923,3.88910896050819,5.01478037495559,0.0034449950258103124
2011-08-09,4.552099219568996,4.4592660108955,4.115869535400886,4.307554378285232,0.002959153202543087
2011-08-10,6.325625852253735,4.01639177801014,3.5799266395922547,3.960470111504079,0.0027207173223658455
2011-08-11,0.6128631540140225,4.313308573096326,3.878938940744918,3.7937332513914637,0.002606174389124771
2011-08-12,13.103118449488523,3.9670278763919296,3.5434768786985464,3.168328577823271,0.0021765412190819003
2011-08-13,8.233082342504797,4.202138158887318,3.62200387312203,2.3232651432440248,0.0015960094488056274
2011-08-14,13.52671687939957,4.040218881725958,3.305045803643944,2.4372159499367676,0.0016742900379624452
2011-08-15,7.710357537647731,4.003223433521916,3.3569292346886006,2.292823160670102,0.0015750967725363507
2011-08-16,1.2859385004111805,4.456209915803545,3.808690850527534,2.3295773034818814,0.0016003457026384238
2011-08-17,6.123002162330454,4.255805863466875,3.486342244412876,2.2074453745189855,0.001516444942024651
2011-08-18,5.841357227520561,4.340059772504439,3.8245213549306936,2.002141394878665,0.0013754076211935807
2011-08-19,3.7528414175975167,3.938916676053154,3.4604308649564333,1.976273368413884,0.0013576371076644636
2011-08-20,13.050495805186369,2.681392760976101,2.5557108622613804,1.963400629773313,0.0013487939446005744
2011-08-21,8.683056837227046,3.856990317052061,3.5437905540815198,2.150341731791348,0.0014772165510596523
2011-08-22,25.273026781770493,3.669424843535108,3.3326427229451148,2.2851583015286816,0.0015698312574706056
2011-08-23,11.106437852685772,3.824358807611527,3.6536061967931883,2.6221812896765546,0.0018013553584165884
2011-08-24,14.802521833561284,3.758113743421042,3.5014800376821427,3.01019698812918,0.002067909833619791
2011-08-25,18.660852384634296,3.641088382943212,3.4764371624697645,4.576806885597832,0.0031441211331450477
2011-08-26,7.558496681703435,3.83102174011246,3.671559122870787,4.925237026560486,0.003383481586187692
2011-08-27,3.3880395335449807,3.80743874674647,3.620969332312227,4.862304865524218,0.003340249188051939
2011-08-28,14.502085928245986,3.2450301975241858,3.221416593956398,5.117207610787879,0.0035153592873664046
2011-08-29,25.22240197062547,3.025499073465836,2.7638989255323594,4.119683887428689,0.0028300921354364214
2011-08-30,9.74016487213642,3.099753984647897,3.0819356891079073,5.619821009351039,0.003860638746982029
2011-08-31,14.169845705157083,3.450169624188854,3.330380845887871,5.062671459590371,0.0034778946816300237
2011-09-01,11.865360550158881,3.864264815381216,3.793439387652102,5.374903091690343,0.0036923879074663725
2011-09-02,1.3355643926683827,4.253993277305395,4.0502606066397755,4.981150640726277,0.003421892465283854
2011-09-03,8.407627427371434,3.843352553238182,3.5880564714544376,4.618095523851736,0.0031724851177609126
2011-09-04,9.637446281512977,3.482039636048915,3.412470111934831,4.885993250828072,0.0033565223572516933
2011-09-05,10.790361685432377,3.768706611177116,3.5970940003143976,4.969958677599695,0.003414203941676184
2011-09-06,19.92905003389099,3.5105910668178355,3.2327611030369834,4.7860663042621905,0.0032878757151010036
2011-09-07,15.967688464443683,3.026530443727459,2.910116849736821,4.4436275194953225,0.0030526311336916264
2011-09-08,8.220854601573967,3.83422315267664,3.699084090216184,4.46190286179351,0.0030651857140729846
2011-09-09,7.878955666310002,3.896093927323819,3.806693142603396,4.418468325855672,0.0030353475658259524
2011-09-10,7.3110033143128295,4.1478781451313,3.806646154473429,4.413381794770007,0.003031853280338146
2011-09-11,4.101323081076595,4.170064129075914,3.6716430694351447,4.439769172327019,0.0030499805715914325
2011-09-12,13.059329355811645,2.703695248103162,2.2800146919045807,4.260321307319086,0.002926705581238523
2011-09-13,16.8670288362116,2.300268758765676,2.214957667896992,4.509492715065548,0.0030978784335029285
2011-09-14,8.782102975759273,3.831687859398525,3.771260193216328,4.32702884160677,0.0029725315410258804
2011-09-15,10.568471020604923,3.648508289001409,3.55232117840691,4.713166186333113,0.0032377956468091036
2011-09-16,8.628345069518538,4.131390678011022,3.6379407277829046,4.796042203795337,0.0032947288415990867
2011-09-17,3.8202998532124526,4.0690128972648445,3.5310850971284564,4.758760484277814,0.003269117483037315
2011-09-18,15.801496303581205,3.192854755259348,2.8317820814746337,4.768138761119956,0.0032755600617060047
2011-09-19,20.570429369025526,3.0969937426224994,2.991024558720727,5.2625843224456315,0.003615228476260655
2011-09-20,26.835259258876185,2.722799043150341,2.525616921425291,5.760643591336847,0.003957379393269489
2011-09-21,14.847017959698917,3.298734268413196,3.1629594509058383,6.405214805524442,0.0044001793686675025
2011-09-22,12.744823232809866,4.003033196109493,3.7519698911007464,6.664546465040818,0.004578331991568154
2011-09-23,7.844955323337484,3.9789738352402506,3.813216100509492,6.662679226555366,0.004577049257965998
2011-09-24,6.858035557458494,4.101008533038468,3.718509131801086,6.4035519390574205,0.004399037032158393
2011-09-25,11.639881338480654,3.5920910414238016,3.2622368571316094,6.137404407476055,0.00421620212137975
2011-09-26,13.191040523944842,3.970774733277732,3.7851685827829913,5.445399965461224,0.003740817023263495
2011-09-27,15.213373941214652,3.973098714575556,3.8183087981751798,5.79578865199212,0.003981522934977492
2011-09-28,20.02119645733156,3.590266887213569,3.370605541333463,5.764899624217507,0.003960303152837661
2011-09-29,6.059274379349291,3.5454199831504667,3.437629169863093,4.667609948064012,0.0032064999563706023
2011-09-30,8.176724736592844,2.745073331011968,2.6673819334497626,4.866196001840265,0.0033429222752564118
2011-10-01,12.153589966760421,2.588646230807026,2.6501462895086663,4.975511532192277,0.003418018576619327
2011-10-02,18.713898570500255,2.4228191041542577,2.372363938805371,4.718931326310182,0.003241756115076725
2011-10-03,6.960819382177077,3.214740299813028,2.851408765218931,5.2699474162644915,0.0036202866881231777
2011-10-04,13.727154913206567,3.228421993138298,3.057902854713233,4.80178366690738,0.0032986730446115738
2011-10-05,12.304343779890319,3.357014299320827,3.1583814321937047,4.880543228070935,0.0033527783645172044
2011-10-06,8.665863965422407,3.502544852718072,3.239499741758665,5.981786646737043,0.00410929765665962
2011-10-07,13.613310365664905,3.226012862918461,3.0096189803361533,6.12552852473392,0.004208043766693256
2011-10-08,13.64496033425523,3.847982105838956,3.5978816676927505,6.071823764414817,0.004171150300114814
2011-10-09,9.491756371626824,3.1823596332420307,3.103947178189069,6.21776000180173,0.004271403865434281
2011-10-10,9.654156256347486,3.262588215950321,3.235503675905047,6.374755812422392,0.004379255006705054
2011-10-11,11.389534986872384,3.0492946160493952,2.8495613672241076,6.9833805888701015,0.004797360919761285
2011-10-12,57.91981460466826,2.2171907123708605,2.152237975590433,6.380710429836254,0.004383345639960661
2011-10-13,21.114924681497392,1.9353281252891288,1.9569945745284625,6.0668932176071815,0.0041677631708774785
2011-10-14,25.77939231428828,2.15025629375392,2.2162461954781647,6.1454123269740535,0.004221703308027019
2011-10-15,23.011564970231223,1.834582099707008,1.9939697143284867,5.316125447704389,0.003652009530743891
2011-10-16,14.098608735970867,1.7701343123642903,1.9795504612506076,6.404984237464202,0.004400020975724792
2011-10-17,15.74010188476733,2.5558176140522977,2.7490313042108596,6.179961273886453,0.0042454373385051244
2011-10-18,7.569343486373323,2.1633244779337946,2.2288032328892533,6.530814091646139,0.004486462093648933
2011-10-19,31.637254881642235,1.4765306502120572,1.7371665778471836,6.210963660543269,0.0042667349946007675
2011-10-20,2.1427264584841605,3.540521142541033,3.171111500290988,5.220195648242127,0.0035861088018455892
2011-10-21,2.2639624318918035,3.682064039450567,3.4353075793026946,5.977714293938973,0.004106500079481015
2011-10-22,1.133106237412284,3.55431440048316,3.198185728068497,5.255737240249699,0.003610524748012833
2011-10-23,3.3051750045720345,3.766462596622176,3.3622012534670542,6.375285747524708,0.004379619055308378
2011-10-24,3.5379753223518047,3.9888098436578674,3.5869999021438606,5.689423693952247,0.00390845358318736
2011-10-25,0.9460218122499482,4.476108255206669,3.67243855162944,5.388435699528855,0.0037016843797351754
2011-10-26,0.6675723682849521,3.714067834280879,3.2457568899766964,5.68102481630235,0.003902683820692717
2011-10-27,0.931114408159666,3.751972703803107,3.563509451220418,4.1719486419267335,0.00286599636369937
2011-10-28,2.064702581140988,3.3213764598423783,3.2862877313571417,4.511311597048146,0.003099127947721713
2011-10-29,0.3388874592319042,3.796852705760589,3.2779044300923865,3.557182464379964,0.002443671502921435
2011-10-30,0.5778567472489453,3.647206817621024,3.2505709639846803,4.307502408735574,0.002959117501111184
2011-10-31,0.28496683604752815,4.279644649450253,3.6833679198405016,3.99001349765823,0.0027410126914023305
2011-11-01,0.913909716798546,3.5674206482799247,2.9581231536045216,3.8374278071752457,0.002636191162756947
2011-11-02,3.2299675666817964,3.4301682849818804,3.151225356871257,4.02248969273184,0.0027633228071243616
2011-11-03,5.152364346114073,3.3418034334342743,3.083408939459522,3.721329821826829,0.002556435529982015
2011-11-04,2.4198640324096536,3.016946322123295,2.9323824923117074,3.7106677713139167,0.0025491110395286826
2011-11-05,0.7369040139111609,3.53447222558216,3.250924457085469,3.5368778373312506,0.0024297228682946654
2011-11-06,0.6369836704603812,3.556934405776383,3.4349602073774426,3.389891550575811,0.0023287479523713926
2011-11-07,0.6117075758137388,3.403245884362819,3.325960918660451,3.262018375849096,0.0022409031380564676
2011-11-08,0.38325864161811224,3.696888529473524,3.6059997495506586,3.107171680285737,0.0021345283706502957
2011-11-09,0.6736671846987532,3.7420016631969664,3.4812043114323608,2.8139661378747602,0.0019331054648356468
2011-11-10,0.4031467255760433,3.929515195911428,3.348931701076722,2.5250809527935623,0.0017346505074450488
2011-11-11,0.4463738354217803,3.281689412719339,2.785866686534581,2.5312379740241733,0.0017388801857015869
2011-11-12,0.3898780134795665,3.606341372676973,3.231247839373277,2.416074401292126,0.0016597664647502559
2011-11-13,0.36803611888075777,3.792330967725652,3.4600331129158435,2.285420141428958,0.0015700111331753358
2011-11-14,0.5488515896514602,3.85337905066909,3.493796004939059,2.2534174463465666,0.0015480262969256847
2011-11-15,1.484773741247234,3.427407383203098,3.2985303571554487,1.9790766498589805,0.0013595628730843278
2011-11-16,6.605461665850621,2.7219940984931554,2.743884198822367,2.045396113615019,0.0014051222407278176
2011-11-17,7.87017408115528,2.7614239392415536,2.7591933627526966,2.401611754899465,0.0016498310854998312
2011-11-18,11.772889519419214,3.765500782418669,3.297727854379839,2.3914688089319274,0.0016428632034007993
2011-11-19,0.8028376978281705,3.519151385355977,3.1641338267365757,1.9177288888137074,0.0013174189074779703
2011-11-20,0.2631576671203511,3.690932038692218,3.3067197023454056,1.9244951102246424,0.0013220670869317729
2011-11-21,1.1198802354653603,3.258255914198698,3.0821833083114027,1.8575901351608177,0.0012761054915949323
2011-11-22,0.3666814640121643,3.869561057563354,3.5064887981442032,1.826891593520088,0.0012550165673859872
2011-11-23,0.1490077472979993,3.937410686714623,3.3984217141049173,1.760783752182889,0.0012096025776306084
2011-11-24,0.4780448397693262,4.134376212238857,3.445133784680168,1.770293306144765,0.001216135339515844
2011-11-25,0.12028993684063645,4.032063289141318,3.363054555344471,1.7383974333360035,0.001194223886779285
2011-11-26,0.067121138067393,3.679353021737028,3.3500969551151942,1.621654941639016,0.0011140254985895761
2011-11-27,0.0925181424982518,3.3985588142063667,3.2549170458306906,1.6273450330093915,0.0011179344108452843
2011-11-28,0.0367671511192518,3.6652477491666176,3.0892040280580177,1.61641049651659,0.0011104227311682705
2011-11-29,0.0468489657885012,3.694594081325096,3.2814081780449116,1.8033783493925652,0.0012388637146180936
2011-11-30,0.1588593625286227,3.2900690626653346,3.0891745151687426,1.7032852854693807,0.0011701029551129402
2011-12-01,2.292617680197852,3.323949280787598,3.22930593598988,1.6785132068684678,0.0011530853229978185
2011-12-02,1.198535199539998,3.430750481400952,3.4164453616894384,1.636829620564421,0.0011244500216010653
2011-12-03,0.16275550496332886,3.601540167581156,3.1610203291523593,1.6259462146602282,0.001116973467016329
2011-12-04,0.00203286594424475,3.581959942729559,3.27166412714495,1.5134006558239854,0.0010396582385560336
2011-12-05,0.00278646086129345,3.26232449670752,3.227100889099377,1.4736310415705784,0.001012337775238117
2011-12-06,0.05937941998565635,3.325467727963348,3.4107075751890745,1.2434461309569902,0.0008542080441654127
2011-12-07,0.3025695477096335,2.6108201754504683,2.6088761675143033,1.256908681045337,0.0008634563889824052
2011-12-08,1.623873837346792,2.702631796734156,2.765772753162695,1.308775671349585,0.0008990873658631164
2011-12-09,0.240946550567363,2.9317445950790297,3.0858986596637115,1.121654046509095,0.0007705407459520219
2011-12-10,0.1546374456653464,2.7371234608747024,2.9240300284008693,1.1494848125977333,0.0007896595993356457
2011-12-11,0.0918355049952021,2.992950065147713,3.0564258835222744,1.1409095914612406,0.0007837686944601351
2011-12-12,0.0907305303646348,2.837720487624612,3.0958547334431215,1.1865241810896854,0.0008151044704313335
2011-12-13,0.04433957670947695,2.4833478605435406,2.685072593094966,1.2204275235771422,0.0008383949911510304
2011-12-14,0.01678237845850255,2.9372794834791494,3.047119429255684,1.3997068319200021,0.0009615541884224234
2011-12-15,0.02679323734885435,2.711729814280879,3.070951127151297,1.2609453593216557,0.000866229458896327
2011-12-16,0.42063489321161585,2.4735964211678425,2.92838153689413,1.4235551344859751,0.0009779372157079451
2011-12-17,0.10591812085054365,2.819316669352877,3.1849257320476654,1.358315435257096,0.0009331196120395413
2011-12-18,0.10676687959488325,2.6613177658149763,2.885441251083135,1.3372462049403753,0.0009186457192243653
2011-12-19,0.2855555692704296,2.741220759429153,3.0548636790825396,1.3912750786995778,0.0009557618414537928
2011-12-20,1.2430739596398759,2.558315398034161,3.0575524522393076,1.380568587233076,0.0009484068214752148
2011-12-21,0.2316501036027696,2.6063451089770067,3.2174370748882586,1.324464380305693,0.0009098650111983135
2011-12-22,0.7999112366786519,2.6001142766039123,3.2213030815690975,1.3802688142461257,0.0009482008869433511
2011-12-23,0.8264655965678696,2.585351131664746,3.1007275930722438,1.3811198839825158,0.0009487855448524241
2011-12-24,1.3885807949377793,2.779054800511736,3.0411911669251936,1.3687760149586685,0.0009403056984370595
2011-12-25,0.2690855215077956,2.427533342411956,2.812158717995495,1.384603297314895,0.0009511785393019553
2011-12-26,0.0636360609010062,2.7139357133012902,3.056338730116961,1.4196343650948045,0.0009752437715209597
2011-12-27,0.8056568431080228,2.598559969515375,3.023131228114453,1.5196819905368586,0.0010439733162310933
2011-12-28,0.36353188890012234,2.3320906405779653,2.8144886909933415,1.2867235591804909,0.0008839382643968706
2011-12-29,0.12249665179543055,2.650616221660253,3.159506691702549,1.3224435921501632,0.000908476793844113
2011-12-30,0.7089752179679735,2.9392547068373007,3.3519931536065237,1.396077165364363,0.000959060722648334
2011-12-31,0.02543399695876985,2.6116401259028588,3.1107661633790578,1.2488386707194128,0.0008579125479061562
2012-01-01,0.07137571988338945,2.310952726802685,2.9496611182717327,1.237838806101918,0.0008503559898799851
2012-01-02,0.459817886352499,1.8564580347050323,2.327421420500423,1.2278665857380755,0.0008435053908544941
2012-01-03,0.7459874388824197,2.78812139670446,3.0920920145066875,1.2833331643111945,0.0008816091706805057
2012-01-04,0.0006781701975792,2.920828377875926,3.092941346350001,1.14268576361808,0.0007849888683835741
2012-01-05,0.1135666873810271,2.450055193545785,3.0123247492492427,1.1191432601586893,0.0007688159153829272
2012-01-06,0.11696098908147436,2.5306370278651067,3.3287363034033124,1.0851248306717767,0.0007454463335456905
2012-01-07,0.0155168537330836,2.2769418160078048,3.198509142692137,1.1094223112661636,0.0007621379318867499
2012-01-08,0.1129699025767991,2.3424819536749943,3.2598050217291434,1.1491154711372358,0.0007894058734694853
2012-01-09,0.5085109629209823,2.1770458179645846,3.1802639179640777,1.0744465239360705,0.0007381106755830206
2012-01-10,0.3843874339889703,2.2251537655948264,3.145396727244896,1.1440927711815967,0.0007859554379429908
2012-01-11,0.04565615848354015,2.4343418447847127,3.3953537249263674,1.1191114624366842,0.000768794071356679
2012-01-12,0.12397886114345415,2.311893742001179,3.3552473755779535,1.1480150152357418,0.0007886498951766564
2012-01-13,0.0643927904258743,2.3607067175937964,3.2123733095133966,1.1161148553470575,0.0007667354973521966
2012-01-14,0.03342921518134415,2.289901099345083,3.0785561366298113,1.1459654653314273,0.0007872419194134954
2012-01-15,0.12948031455792106,2.2078186112230784,2.9233766202856355,1.103514281471816,0.000758079302847777
2012-01-16,0.1940656693151994,2.316792648905444,3.0939218111405324,1.0719870520619572,0.0007364210964312085
2012-01-17,0.2118349222404848,2.3791533519432435,3.3909916079809985,1.0452925228555923,0.0007180828017390727
2012-01-18,0.0814240317172574,2.509087727502576,3.4042133878728387,1.0267024377026994,0.0007053120030016158
2012-01-19,0.12870158070186716,2.518027329156064,3.3858346622766575,1.040057545664824,0.0007144865384864498
2012-01-20,0.01665656010442155,2.5527756908783887,3.344482498659537,1.057290460585078,0.0007263250043297347
2012-01-21,0.04720583069610795,2.3527583762313244,3.355657267260923,1.040388647943762,0.0007147139952480006
2012-01-22,0.0476323872753121,2.210947133817968,3.267775728391858,1.0372848845450136,0.0007125818082586401
2012-01-23,0.1323996849722969,2.025674002989488,3.1163244652100888,1.0170820185336402,0.0006987030802361972
2012-01-24,0.5899789369108237,2.053236318863992,3.1332965704303306,0.9861512520695841,0.0006774546249408609
2012-01-25,0.4013667483403037,2.0023107578207964,3.0060197890477083,0.9879277800802029,0.0006786750433245569
2012-01-26,1.1370477728685522,2.3354359864102325,3.3962921575634604,1.0714394132140546,0.0007360448859163101
2012-01-27,0.7445131947179688,2.254467574147888,2.908840077212478,1.151358370591781,0.0007909466742397223
2012-01-28,0.17474763742029026,2.4976289366239337,3.442337715925733,1.148052192489681,0.0007886754347706801
2012-01-29,0.6407262203467823,2.0352343998299864,2.533315409536132,1.1548587707205618,0.0007933513380794827
2012-01-30,0.8461325999006966,2.4906852335300087,3.222705040805476,1.2548023059655666,0.0008620093761264607
2012-01-31,2.000131807700461,2.328899508505088,2.8556221043534267,1.243185381404914,0.0008540289174953055
2012-02-01,0.7797903495534162,1.981070688502356,2.711002557313055,1.2136135146001592,0.0008337139831553927
2012-02-02,2.044651221437928,1.7449515592147105,2.3289855360969933,1.2582485234145353,0.0008643768181841126
2012-02-03,1.937243769191306,2.2773962295382555,3.109966125026572,1.228271570444845,0.0008437836025000764
2012-02-04,1.936910407192011,2.8612940998725587,3.512322128956072,1.2373990503681405,0.0008500538916419443
2012-02-05,4.0681326024003575,3.0663778213065243,3.3342147087469933,1.2565049407588949,0.0008631790322141091
2012-02-06,0.6377079180474144,3.1250625925448503,3.235805149313996,1.1490003799202888,0.0007893268094546629
2012-02-07,0.28718645649517566,2.75703454725636,3.1493596399955273,1.1197324582715973,0.0007692206757944343
2012-02-08,2.5829835977761273,2.808745523138327,3.0414998011018826,1.1246714580406736,0.0007726136119481132
2012-02-09,0.26158750002690945,2.54932116304954,3.077240105365946,1.1873339010176354,0.0008156607223338133
2012-02-10,2.1898835360007896,2.57753316428046,3.376120018202754,1.301914013622683,0.0008943736246879209
2012-02-11,0.05836671272548715,2.670928434106181,3.436896623741261,1.1888366159623596,0.0008166930398278435
2012-02-12,0.3590658050912535,2.2488583812224925,2.855467254687137,1.1937904624665243,0.0008200961752175217
2012-02-13,0.6216641981782884,2.448551259347035,3.2330954191848895,1.145954629725998,0.0007872344756963205
2012-02-14,5.359262295352822,2.577805784602824,3.231439089956744,1.2131380294174012,0.0008333873399194041
2012-02-15,0.8664676307992455,2.89693409113747,3.4899896429594928,1.121793041310171,0.0007706362309708101
2012-02-16,0.40416268705299346,2.907225219964164,3.6342613796096397,1.0436359654583345,0.0007169447993607387
2012-02-17,0.7502584713380849,2.783703533884643,3.577531985746746,1.1288705416894882,0.000775498249200698
2012-02-18,0.7966046472129042,2.575303373561204,3.452255810644261,1.0219326683012895,0.000702035322741762
2012-02-19,0.21876056847601025,2.4060716119308925,3.1967821597924293,1.0049819725337568,0.0006903907325031135
2012-02-20,0.4214281423934328,2.605184525296117,3.402026326209955,1.0210417541404841,0.0007014232929771633
2012-02-21,0.0528501771405879,2.8809029712800203,3.754633812987153,1.0053946509774738,0.0006906742295018981
2012-02-22,0.05181503842866715,2.661429799288052,3.788516519421051,0.9588029069379155,0.0006586671794500747
2012-02-23,0.12687025380081474,2.393748391560227,3.68618099747654,0.9655881148870218,0.0006633284020532614
2012-02-24,0.09697401029297735,2.591476214995311,3.945141010021213,0.921978622069561,0.0006333700639803617
2012-02-25,0.02620297629469255,2.4110163860725904,3.6376892206863136,0.9292132892039219,0.0006383400507849157
2012-02-26,0.04073091428369405,2.491372675789875,3.60030759833296,1.021141312748696,0.0007014916865825501
2012-02-27,0.02423269971454295,2.2815236618892505,3.16794706457159,1.0217623201607677,0.0007019182989734462
2012-02-28,0.07086004390929206,2.304365744216825,3.3406211810781246,1.0467957156611833,0.0007191154475083585
2012-02-29,0.04187624378269855,2.5160705932698773,3.897617669490454,1.0096178902305675,0.0006935754608882963
2012-03-01,0.0019501299943571,2.5224215598652333,3.9067441293280547,0.989546125710881,0.0006797867954315028
2012-03-02,0.0231766296393678,2.178493866418995,3.7988353306122473,0.9828014755672528,0.0006751534347540004
2012-03-03,0.02071046190233285,2.093551963197122,3.7772090754889582,0.9848618777565875,0.0006765688656926864
2012-03-04,0.1534125420486546,2.1062028493674703,3.3405950390773236,0.9759415396664144,0.0006704408764186866
2012-03-05,0.0374716143973976,2.1395424467161632,3.3768049794166695,0.9425622097391972,0.0006475103357037978
2012-03-06,0.08299133712700014,1.727356364563951,2.556701867592114,0.9787304142125248,0.0006723567447560002
2012-03-07,0.644965953294898,2.38456781218739,3.8128223441539686,1.0608289129398922,0.0007287558088415894
2012-03-08,0.02632839268039085,2.435677932450743,3.981102938867183,0.8763393474244849,0.0006020173301858591
2012-03-09,7.970076482455e-05,2.4081160183388923,3.983969639616678,0.8997260814764636,0.0006180832745453324
2012-03-10,0.0887134509675097,1.9828490114181367,3.1299480756472584,0.8920786654900311,0.0006128297423736877
2012-03-11,0.07814128678546305,2.20716491942238,3.9354679723100423,0.8564087331979413,0.0005883256305025215
2012-03-12,0.0524113236404744,2.105371731031513,3.573018259592593,0.8843828982810586,0.0006075429944460799
2012-03-13,0.062072560909908,2.139105052586588,3.543470059266337,0.9083520040719228,0.0006240090097146707
2012-03-14,0.0187122802015509,2.1584294688461374,3.731319749431806,0.9102352911018802,0.0006253027681577678
2012-03-15,0.12168048351449025,2.0220118796845856,3.5441064826243807,0.937582729738961,0.0006440895909155301
2012-03-16,0.0180251525769307,2.486044946757639,4.075118764990885,0.870847598072403,0.0005982446726044018
2012-03-17,0.11420958093755375,2.420569383451399,4.081616588338655,0.8861808718613798,0.0006087781452558099
2012-03-18,0.2264685044689849,2.150886113824096,3.9266921896409492,0.8951456366935593,0.0006149366542921485
2012-03-19,0.36097123043205886,2.071420273920889,3.7042127528459905,0.9183508771994581,0.000630877918343271
2012-03-20,5.883978698177197,2.6137552369469024,3.042485223963673,1.0257232278276338,0.0007046393168824646
2012-03-21,0.8545062451992395,2.5930268367301945,3.465588322424254,1.0079652427950734,0.000692440144529652
2012-03-22,0.8187462135918973,2.536592544990993,3.78098231550209,1.0022851191825322,0.0006885380798073529
2012-03-23,1.4240698139937138,2.770180591920433,3.7996150935811794,1.0160944716503588,0.0006980246668568896
2012-03-24,4.283350838184275,2.8468096592043426,3.634331768235058,1.1193430549017587,0.0007689531680330122
2012-03-25,5.28185000388196,2.8227107075408844,3.3327246171947342,1.0867858745054284,0.000746587417963497
2012-03-26,5.189359792085514,3.1810984938800035,3.515090508476571,1.2862719037406982,0.0008836279914383106
2012-03-27,0.7982537268267436,2.9544410907613883,3.4796330071055293,1.1023018964177322,0.000757246432778024
2012-03-28,1.6475407412897023,3.324863475333663,3.8760774700421563,1.1209858088498283,0.0007700816878796627
2012-03-29,1.3618138397791641,2.813716505304311,3.598274095423636,0.97687450560478,0.0006710817944203943
2012-03-30,1.2263665197680638,2.973224587521259,3.551849800545867,0.990355515613518,0.0006803428206170625
2012-03-31,6.7605219429701275,3.20657366794082,3.9153029617202155,1.002720726382811,0.0006888373281344906
2012-04-01,7.548090068820644,3.5414561680414263,3.577300419306691,1.0049676363267765,0.0006903808839837282
2012-04-02,0.94988951733368,4.012660404561826,4.032775743681343,1.0280176488647887,0.0007062155113454539
2012-04-03,2.0535227916746286,3.442009610617549,3.945882139144729,1.0252108470657624,0.0007042873275541216
2012-04-04,8.243124868777773,3.836749060843045,4.097632581231146,1.014520832788424,0.0006969436268817671
2012-04-05,7.337767594980802,3.739492613886121,3.8080968963517043,1.0023534414607675,0.0006885850150450053
2012-04-06,4.736794054460927,3.696779956111419,3.7363331034821567,1.0046268030216767,0.000690146742315917
2012-04-07,0.5018405015636267,4.3346198103159015,4.107428073044374,1.0023039557774913,0.0006885510199505069
2012-04-08,3.373449762584744,4.640126652779189,4.099449741837576,1.1841259094352308,0.000813456933888876
2012-04-09,1.869783395849125,3.788123293068919,3.393496251606973,0.9998696947966916,0.0006868787598825964
2012-04-10,3.237873987746174,3.59459616815732,3.2358873746283963,0.9939912228432711,0.0006828404361426305
2012-04-11,4.376454612740653,3.535645050643648,3.471665065543766,1.0472753438834832,0.0007194449368810762
2012-04-12,8.55411646212692,3.509561278846109,3.505171411957938,1.0798829399969923,0.000741845320948876
2012-04-13,8.014647542895029,3.570743596043892,3.5185896743710656,1.0333199816160783,0.0007098580457313283
2012-04-14,7.006477845497985,3.697807980480877,3.591358202150781,1.1212622354064656,0.000770271584154557
2012-04-15,9.170771595710892,3.961245439895532,3.6542843073356766,1.1463403352199286,0.0007874994431343073
2012-04-16,6.224468553731291,3.496586167018727,3.203424762923889,1.209211352059387,0.0008306898371466251
2012-04-17,15.087272692405103,3.61876859206636,3.377356834229965,1.2127011820636553,0.000833087239646178
2012-04-18,13.497286566231484,3.720375983999791,3.4715851230650103,1.3993556125383533,0.0009613129118495168
2012-04-19,5.937917807877519,4.173032368340021,4.031654676492696,1.5109493609985751,0.0010379742767772672
2012-04-20,10.033079242474646,4.105793221136412,3.8463785035242846,1.5592084514103417,0.0010711267408909401
2012-04-21,4.884305004532801,4.548403209212713,4.113963819207386,1.5457814791185729,0.001061902836891506
2012-04-22,7.85411405965351,4.330737382096859,3.8207683089049844,1.5137769729736053,0.00103991675649932
2012-04-23,7.813243891442447,4.834659888822822,3.9891334305933883,1.5379056366262938,0.0010564923829570786
2012-04-24,0.23620397511923155,5.1140590821669205,3.869140515813823,1.489793895304201,0.0010234411429934241
2012-04-25,0.2178795175622964,5.298676494809305,4.030556256755635,1.4392530282283813,0.0009887211706999454
2012-04-26,0.44625548335945625,4.922259811433368,3.9553631652725314,1.4184086155414972,0.0009744017204642233
2012-04-27,0.6685805619486662,4.532772167481956,3.9525637085793095,1.3335148181605616,0.000916082374883299
2012-04-28,0.24114932905219946,4.417606076708073,3.954849381351427,1.302588210095343,0.0008948367762760407
2012-04-29,0.00581098640558035,5.045617662216848,4.368886320239163,1.2954091581107126,0.0008899049953149841
2012-04-30,0.5782881103085408,3.9427390084066793,3.74524711050683,1.3390735943861605,0.0009199010778004632
2012-05-01,1.3384065243978243,3.853570682669177,3.8458509473965723,1.3781945523635692,0.0009467759348351148
2012-05-02,0.7620838850781839,4.128789698535745,4.127611181513918,1.385994899570432,0.000952134525903517
2012-05-03,0.5166019713976449,4.095654536076977,4.072249943269376,1.3514469415734236,0.0009284011747789123
2012-05-04,0.4743207214115822,4.126485382042199,4.071106780303879,1.3108736722282683,0.0009005286259085822
2012-05-05,6.724364984607366,3.899714416675717,4.012883223720333,1.2717909439722035,0.0008736800314796723
2012-05-06,6.630694353999841,4.083751636919906,3.877990664474363,1.1975836605300916,0.0008227019819495899
2012-05-07,12.214454601016133,3.953842744934109,3.8713739269623186,1.217944331580857,0.000836689117027797
2012-05-08,7.733987635261288,3.510537669925246,3.2954950352009598,1.339088661397403,0.0009199114283591922
2012-05-09,9.651476281597727,3.875885967094944,3.4886679884158256,1.3550322226213805,0.0009308641491173353
2012-05-10,1.3776178754505162,4.4188732385162535,4.0266781131164,1.3501029360578714,0.0009274778856277339
2012-05-11,5.394197986099069,3.862053130339596,3.6541080628520874,1.341468921844457,0.0009215465917735636
2012-05-12,2.693845233404279,4.215036779258713,3.883657002430846,1.334054063379354,0.0009164528192412833
2012-05-13,5.128613488772682,4.113240169096055,3.8417259030794715,1.4127627885261191,0.0009705232164161302
2012-05-14,5.023799895371173,3.735489105745051,3.2900491263815517,1.3049670342196515,0.0008964709529822525
2012-05-15,5.6519079835427695,3.487689088307973,3.1848763323260596,1.296216098613471,0.0008904593378405336
2012-05-16,16.180062228644132,3.2731852922301043,3.166451738267194,1.4067517927123212,0.0009663938529883482
2012-05-17,17.47125035286576,3.4338781605338866,3.217749439309416,1.5019876065974322,0.001031817835811546
2012-05-18,16.580052964235264,3.177264895398764,2.9742269956345444,1.4155707780892366,0.0009724522161637119
2012-05-19,24.927162187721834,3.176049666405747,3.0288385132245113,1.561183130325561,0.0010724832826598432
2012-05-20,14.640436844684107,2.41943297022714,2.4413555059987986,1.9471743378223842,0.0013376469968025284
2012-05-21,14.905834371784335,2.0887913784622434,2.142529769648413,2.039913173520712,0.0014013556348269817
2012-05-22,23.487742494927065,2.874987373227576,2.829095229624402,2.1460956611862816,0.0014742996352587639
2012-05-23,14.836547786932897,3.533867045623565,3.556678428285257,2.3689314740831016,0.0016273807693470619
2012-05-24,10.412006430933939,3.7733454266834623,3.821022097797512,2.357779830618214,0.0016197199440678516
2012-05-25,7.805601819933026,3.599349081861318,3.45927930981342,2.3740250387788766,0.001630879886701876
2012-05-26,25.308624555446553,3.6408299529097503,3.4856066601473237,2.28213014677632,0.0015677510112226606
2012-05-27,33.15101197733513,3.6998412565457577,3.3656005316070416,2.4787482762942004,0.0017028214285745322
2012-05-28,12.443751659140839,3.8275861031156966,3.4680688458312696,2.6574485183437564,0.0018255828256730584
2012-05-29,10.571503249904719,4.23227572305636,3.9018696337390026,2.501439648705468,0.0017184096815468907
2012-05-30,2.5595441076990264,4.711630201449627,4.189658990570143,2.7350522920597933,0.0018788941562691112
2012-05-31,0.587872218104483,4.561661082874235,4.142167298995441,2.4921792079384724,0.0017120480525235273
2012-06-01,3.7058374029760364,4.417402010034022,4.072450230109032,2.3720575983122187,0.0016295283175174976
2012-06-02,13.026031220345152,3.7531110731242654,3.625436982795444,2.211137799531055,0.0015189815208673226
2012-06-03,8.483990439195011,3.97088832348125,3.71660992962577,2.4831031560921617,0.0017058130928390136
2012-06-04,6.846122553901509,4.347919101473807,4.0625449489100385,2.298277585197108,0.0015788437891470948
2012-06-05,11.161573134836342,3.5502751194911903,3.279831352506252,2.1980469042338053,0.0015099884911012227
2012-06-06,7.4502583001025755,4.267138035210747,4.039844102251644,2.428899047002197,0.0016685765894966197
2012-06-07,7.777123586121987,4.354287099451032,3.972303775520997,2.5167077389565877,0.001728898375175711
2012-06-08,7.59803066367275,4.142176690567316,3.942777122839153,2.5694477282125106,0.0017651290746407006
2012-06-09,3.0124745429319444,4.407218986511946,4.015318640243491,2.3761215154842237,0.0016323200996886135
2012-06-10,8.151720528974957,4.032412376957682,3.7054064789540773,2.389881035220358,0.0016417724532323999
2012-06-11,12.294054028711773,3.7856335203781546,3.414780595358145,2.3239350093334203,0.0015964696255578237
2012-06-12,1.36412168806419,4.825601958083453,3.9761307183720502,2.410486500463717,0.0016559277541549268
2012-06-13,8.625114651236405,4.710632317266578,3.7423374498334034,2.548435634440191,0.0017506944328188956
2012-06-14,12.34245504835991,3.3253922612816864,2.7456710043893553,2.595918105543451,0.0017833133841055433
2012-06-15,1.8678453707751927,3.7235337977280034,3.268285259728628,2.46486146205935,0.001693281627748492
2012-06-16,4.504915784609755,4.137474784745769,3.868554197686198,2.227212183180344,0.0015300241124813685
2012-06-17,16.19640017741368,3.101100633959214,2.73163569237791,2.0255363624987837,0.0013914792217531598
2012-06-18,13.031948004530474,3.571008845658951,3.2612141974499727,2.279960571832236,0.0015662605820649217
2012-06-19,12.553024651691008,2.93634448912934,2.4997763726313984,2.3675882288542645,0.001626458002488737
2012-06-20,4.868963817140104,3.9993609680345297,3.7236823148665525,2.426764890938532,0.0016671104919860791
2012-06-21,11.607047111314087,3.141101818742617,3.0951922144647415,2.260346019854752,0.0015527860071197469
2012-06-22,13.555440053055957,2.6563368282419844,2.5873954394267495,2.3574896880980543,0.0016195206253611504
2012-06-23,7.04144052204272,3.817137035239316,3.5371698603497403,2.560698834694491,0.0017591188623487638
2012-06-24,9.84870066218813,4.167866337993287,3.898971871448954,2.58357914445213,0.001774836909284122
2012-06-25,1.770352054823663,4.454797334285329,4.1819140532082635,2.6209510145556085,0.0018005101984384557
2012-06-26,9.91636632537075,4.015381364902645,3.7421668613695434,2.3486906309798092,0.001613475952267278
2012-06-27,4.687070508228389,4.331236789849672,4.086883398807186,2.464825845604864,0.0016932571603741774
2012-06-28,6.3699704185996024,4.460897347786006,3.99923166235291,2.329852562180206,0.001600534796631707
2012-06-29,2.168208103894171,4.898718909694339,4.10456787256387,2.355457957942519,0.0016181248912000765
2012-06-30,7.541958093506452,4.407122458840879,3.851437173506236,1.7804426052952131,0.0012231075860499835
2012-07-01,12.59565697062485,3.738570943998739,3.1687613725600774,1.8938258776092896,0.0013009982970934454
2012-07-02,6.051848346790306,4.251984857009983,3.494387367107416,2.053405522355557,0.0014106244504374663
2012-07-03,2.211494758131514,4.190702863535996,3.675602376081195,1.8017549298799003,0.0012377484769151895
2012-07-04,11.403827081173883,4.382940352691487,3.6203361703186,1.7250427734600782,0.001185049659115455
2012-07-05,0.6911667355460277,4.458495212070273,3.6028829786626537,1.6152299853002345,0.001109611757413853
2012-07-06,5.228929269045906,4.729540951511668,3.7088993340881062,1.5063963466083774,0.001034846500333655
2012-07-07,3.1153632925684214,4.537929662568799,3.671152850667709,1.512633307223552,0.0010391310944113453
2012-07-08,4.881278366651298,3.034700784915307,2.7299050928888513,1.419068776613473,0.0009748552301773401
2012-07-09,2.6508125468526935,4.563584665753471,3.8311078059521186,1.4141338244138382,0.0009714650745754602
2012-07-10,8.079833190049229,4.029291846484303,3.5085128980268254,1.4429342786716568,0.0009912500729683642
2012-07-11,11.007748339460303,4.284629457682934,3.804152891175866,1.456132663653782,0.0010003169447379086
2012-07-12,7.2385417447391145,3.9585132685395696,3.500555212757979,1.4405005924823402,0.0009895782077639676
2012-07-13,1.4819962933138384,4.656303135636639,4.047171077666035,1.4016715270330076,0.0009629038716359375
2012-07-14,7.386860056019253,4.908491895689052,4.1367510454473555,1.4415744492806475,0.0009903159133167524
2012-07-15,2.004743500960412,4.738022241818098,3.9799366960261433,1.4033133375251625,0.0009640317433583052
2012-07-16,0.5182861540568069,4.651504512844322,4.051596491433273,1.3756067405251526,0.0009449981901993575
2012-07-17,4.791222358348487,4.707903889571772,4.048698915230773,1.4655539608709485,0.0010067890770394366
2012-07-18,9.572278184378956,4.04402860927541,3.4879738096707245,1.5737501028348717,0.0010811163940918575
2012-07-19,3.9459273717911505,4.028947547870476,3.4439015220455724,1.2990412752818177,0.000892400144584154
2012-07-20,1.6152354407995213,4.418646829685206,3.703549681578318,1.27378223006081,0.0008750479818498368
2012-07-21,4.90721664947039,4.12327961798112,3.46788307973227,1.3641279783176086,0.0009371126447216457
2012-07-22,8.912156731436765,3.9743842376559,3.57525790230392,1.3277169588468243,0.0009120994294693935
2012-07-23,14.889883836768352,4.15162735588299,3.683635190578332,1.2909051684287074,0.0008868108972906123
2012-07-24,2.7289420889005584,4.843942551054124,4.105098789874262,1.496127255892906,0.0010277919607946813
2012-07-25,3.416734618088918,5.111613811679043,4.357262499480517,1.7844511793990654,0.0012258613492890137
2012-07-26,2.1828353877734976,5.031660657638036,4.314385201589257,1.5495374346775797,0.0010644830592044438
2012-07-27,4.965972756807096,4.34158717187866,3.7631997158079997,1.5945040236621624,0.001095373679290855
2012-07-28,3.760497109375338,4.685410069969465,3.852955091790492,1.691651569650308,0.001162110961419946
2012-07-29,1.7750701911682043,4.445950574150524,3.4607961817263435,1.8225623770757426,0.0012520425330312804
2012-07-30,0.7994487767818363,4.461345523212419,3.7686488162416087,1.397885768358575,0.0009603031755281934
2012-07-31,4.51037666979407,4.9072825405778655,4.213538506859441,1.3492142338478907,0.0009268673754031785
2012-08-01,6.215009488097577,4.436447547100114,3.8574132619761525,1.2361240701620835,0.0008491780206885904
2012-08-02,11.942364074152167,3.951487489249142,3.500513239107708,1.5205422291975415,0.0010445642729002749
2012-08-03,14.067483639828744,3.8824853907446313,3.648153682543344,1.4448382782401457,0.0009925580602683356
2012-08-04,14.67139737365654,4.221612533257306,3.7285246089950603,1.9510237302308016,0.0013402914072667667
2012-08-05,9.075115306899528,4.646683084629924,3.9376077361516426,2.4140310739445847,0.00165836276368619
2012-08-06,0.33114874802568156,5.599695956733838,4.372700567606758,1.9001651189588689,0.0013053531547908585
2012-08-07,4.511499368953244,4.242271638601558,3.642444744042135,1.715515269563927,0.0011785045661948264
2012-08-08,13.462824201634508,3.3021190045577176,2.9135152299781373,1.8807454608280234,0.0012920124657353998
2012-08-09,11.947569580422053,3.229594570592583,2.8474464459637776,2.0719125613202927,0.0014233381990782642
2012-08-10,16.334313564505266,3.219558658496849,3.0735511116189462,2.257752881997638,0.0015510046036781102
2012-08-11,27.927577717221737,2.869578859549955,2.7356525085624077,2.339396894469155,0.0016070914501243143
2012-08-12,12.209966785720292,4.134909726685716,3.776030723835462,2.5335113657880184,0.0017404419337209572
2012-08-13,1.0322668618045254,4.858035162110426,4.211129231814892,2.46359081750048,0.001692408735247209
2012-08-14,0.8959958678019472,5.088981693070606,4.103531578443707,2.6496794655315115,0.001820245732860957
2012-08-15,4.723881199925584,3.636418962387902,3.1804939269966925,2.6829520248831757,0.0018431029255776925
2012-08-16,11.055148452796988,3.987062273556639,3.61180664416957,2.733642021227931,0.0018779253449478673
2012-08-17,14.604031444922212,3.940308218147752,3.6942985509817556,2.9604535980702646,0.002033737702737305
2012-08-18,21.498174097214804,4.238753680197289,3.923530740060817,2.932806579897492,0.0020147450783425565
2012-08-19,8.872970304482068,4.2979611965666304,3.842548955997974,2.5498449781233514,0.001751662607218395
2012-08-20,3.0585062098464704,4.30532662504661,3.9883238429121404,2.4678138244207566,0.0016953098070283323
2012-08-21,13.108388278631436,3.9963016165084944,3.7287579913493145,2.8473330079570416,0.0019560274460323477
2012-08-22,14.996493700682635,3.908329626535725,3.588099299153134,2.858852453218379,0.001963940939477363
2012-08-23,13.24487246076888,3.732389474917032,3.4401732671354637,3.0633284623735073,0.0021044094708521192
2012-08-24,14.405941602102661,4.303059446438509,3.9779471072425223,3.169942020146592,0.0021776496027722477
2012-08-25,8.724589236489535,4.388372629471953,4.031229149273769,3.44284336458853,0.0023651241687242504
2012-08-26,7.19952834414479,4.50382402923923,4.054817462990526,3.5149308111522575,0.0024146459575698103
2012-08-27,12.451067628012254,4.17405893102825,3.8560816166448424,3.0518005243288866,0.0020964901431344183
2012-08-28,15.671244542757146,3.751942378310664,3.4953296012801034,3.270725669107948,0.0022468847722901066
2012-08-29,14.999270490130652,3.56177543010403,3.2475727786009183,3.6540740994236334,0.0025102329823503376
2012-08-30,15.898634516609125,4.055883618803314,3.7823341007617595,4.193465479187467,0.0028807777482849424
2012-08-31,14.20953687291519,4.301468789015177,3.5906221563929797,3.915386518383403,0.0026897463241498452
2012-09-01,6.690720659649705,3.9410140624151633,3.514588605690031,4.0043832530626,0.002750884257490726
2012-09-02,0.7089867254984318,4.8237113764519135,3.991737969563566,3.6409128117107605,0.0025011915952278738
2012-09-03,4.551511121305545,4.922825951723456,4.202066446500742,2.8012031942210864,0.0019243377274445566
2012-09-04,2.4206839126075317,4.102717770349816,3.591041546992255,2.565179600795574,0.0017621970065098001
2012-09-05,6.906294656189398,4.233670501616714,3.860030084826039,2.4516049858320077,0.0016841748491364034
2012-09-06,18.73142877965935,3.912442025135864,3.6698936974647296,2.826614148054224,0.0019417942465761704
2012-09-07,30.017247278498907,3.725105490037089,3.4257307969700004,2.6609406029349327,0.0018279817770022915
2012-09-08,13.650087178141584,3.8847499878479614,3.6488944172197306,3.2238360397967027,0.0022146730845069183
2012-09-09,11.32145955081162,3.524400618911352,3.1828027701930477,3.5512950418482667,0.002439627030418146
2012-09-10,7.097476063914938,4.343659104220249,3.8612560082364595,4.4518741857103805,0.003058296331759377
2012-09-11,1.8532706201145985,4.705655032299191,3.956392832118146,4.295638794848917,0.0029509675747391778
2012-09-12,1.1607852322111527,5.22461159100459,4.22971684601849,3.8499967146011147,0.0026448256034152526
2012-09-13,0.18883076195422446,4.824423542690318,3.9849722501826204,3.431228618143343,0.0023571452063893203
2012-09-14,8.18393463022078,4.4096254361841325,3.7906668978405214,3.4740078393124456,0.002386533174179815
2012-09-15,5.054928412770933,4.438108454680464,3.7521864156238207,2.817747516234329,0.0019357031518060428
2012-09-16,13.056461379242478,4.0982218625385,3.606752761388101,2.7966090463183066,0.0019211816935827436
2012-09-17,8.884379397454394,3.6286440043746913,3.2882642090390695,2.6190075255416576,0.0017991750831422375
2012-09-18,2.3911680462858813,4.050195721931768,3.7066162514008396,2.656642405681565,0.0018250290518477157
2012-09-19,10.498633557524899,4.110391330018666,3.756754338666118,2.650413208728636,0.0018207497911596894
2012-09-20,4.3137907481657685,4.073056655154781,3.6131609708427743,2.300683971178101,0.0015804968999744607
2012-09-21,7.361734249248581,3.9811947799925127,3.6138289304693245,2.081784232432938,0.001430119723958065
2012-09-22,17.707604955601415,4.018492253072317,3.5745741361711074,2.197461736633232,0.0015095864995238232
2012-09-23,3.767023677174152,4.475994510048966,3.753023028091609,2.819609366628857,0.0019369821839606682
2012-09-24,13.311829395118595,4.22224619603152,3.7477608385368066,2.9645402108809833,0.0020365450760922075
2012-09-25,26.59857481589471,3.893606280860065,3.522214306478809,2.811476229423292,0.0019313949767207792
2012-09-26,7.0709294976032355,4.135878019411864,3.750557819189257,3.417700495813274,0.002347851815522516
2012-09-27,15.965360945282383,3.8747445641861873,3.4312812571228575,3.114383705590925,0.0021394828032365106
2012-09-28,6.499983681236912,4.070110216506758,3.5725816520995317,3.2643302200823756,0.0022424913017024513
2012-09-29,2.229209661844154,4.531807956280984,4.022886395708208,3.2999647106635326,0.0022669710662425796
2012-09-30,8.665663554374229,3.647763057616676,3.4289479281302726,3.0973418441248213,0.002127775585055137
2012-10-01,7.559002439340722,3.668884254710855,3.441947992896084,3.112140705563007,0.002137941933375557
2012-10-02,22.1367981314428,3.496349720511183,3.2940112025120003,3.2808499670618874,0.002253839843795397
2012-10-03,18.1946918402368,3.72570543110652,3.3904188545985727,3.4954301887648622,0.0024012496486386587
2012-10-04,4.15594817529055,3.907811689776837,3.362343242071623,3.930285162473248,0.002699981219986393
2012-10-05,7.262988167062597,4.308495583495136,3.73720659485383,4.265242521805057,0.002930086299466939
2012-10-06,12.207238058980035,4.058421294701703,3.662949059804907,3.5675502076115873,0.002450793813609296
2012-10-07,15.52544383238116,3.672027570637995,3.357051692172842,3.0960946225735047,0.0021269187834169583
2012-10-08,34.864523441486476,2.728018166871157,2.444600058956543,3.2641998400632826,0.002242401734765585
2012-10-09,8.659915962542916,3.228537692795436,2.976908613193156,4.676197772442528,0.0032123995192735503
2012-10-10,10.952030514030465,2.5914185273095227,2.3583664666306907,4.4221635116474,0.003037886041236665
2012-10-11,8.504773990761768,3.4164717304320624,3.2097515357679276,4.63458656401668,0.003183813939182962
2012-10-12,2.0190836437190693,4.129180521744194,3.552280924679599,4.968701226716877,0.003413340112811784
2012-10-13,11.472691618941369,4.44582659323056,3.819637837661854,5.252193698484458,0.0036080904472374745
2012-10-14,0.36240092525940243,4.368334163561796,3.4864189800714978,4.674309753393611,0.003211102510083549
2012-10-15,0.5585688311348654,4.362952643062913,3.778142604597202,3.9090241047383727,0.0026853755478205886
2012-10-16,0.38888059279015014,4.477007104496042,3.7526263431484157,3.9291525443491016,0.0026992031472669346
2012-10-17,2.9394826415620177,3.195325992554171,3.151588748753608,3.815071800596956,0.0026208332954725053
2012-10-18,1.5603139063381213,3.418309664382483,3.3085213055427745,3.4924765582088453,0.002399220598149354
2012-10-19,2.379574441375666,3.453751539533533,3.288229153743355,3.4012169650712045,0.0023365281528357484
2012-10-20,4.034285969750421,3.247243880196818,2.9705048948397628,3.4773363783983693,0.002388819774935351
2012-10-21,6.783489424709902,2.8234004900881806,2.7186334748556873,3.6137732266843603,0.0024825475613065814
2012-10-22,4.605847255108952,2.515263043145936,2.4571165485710456,3.3120654432833385,0.002275283885661767
2012-10-23,2.234082902167662,3.9077324490821694,3.394792386586752,3.5135096941514017,0.0024136696952745578
2012-10-24,1.764717607338433,3.6247328617074897,3.0267294254817427,3.3050722399680916,0.0022704797768406068
2012-10-25,7.271140717723369,3.734389551648452,3.346149645925225,3.099775288235724,0.002129447283959343
2012-10-26,6.050215694283763,3.333321434651753,3.1517833813492055,2.930899281850751,0.0020134348250926684
2012-10-27,8.823149486219023,2.99290363560231,2.875820324853684,3.2436981612167775,0.002228317731805117
2012-10-28,3.8795951099248445,3.7437606687572873,3.2187322486773393,3.109151806336811,0.002135888654428723
2012-10-29,0.3974602043600941,3.7454000385046826,3.134392954209079,2.3704990988111594,0.001628457677803007
2012-10-30,1.5489818335801515,3.657441853032819,3.2245648768077917,2.110741729893543,0.001450012606049154
2012-10-31,4.456479921141132,3.44927634366534,3.117637353590391,2.040490380356331,0.0014017521576114096
2012-11-01,5.280470858035569,3.440224717324839,3.1171567254066983,2.1103176163950272,0.001449721253530495
2012-11-02,0.8334887753494551,3.742492963011995,3.2554691951756083,2.0763718489266973,0.001426401588194853
2012-11-03,0.9707806748066112,3.783618973002579,3.39800757302271,1.9982018076843344,0.0013727012497728114
2012-11-04,4.031564811034184,3.90267608716036,3.5027897852505587,1.95507317845829,0.0013430732497320208
2012-11-05,4.575558007990272,3.276534846586081,3.061688650674155,1.9197229622509642,0.0013187887726682302
2012-11-06,2.660518741395402,3.115492391257865,2.809234441807413,1.9253414644868556,0.001322648505459683
2012-11-07,1.0803788478253535,3.653146769039934,3.23414917170369,1.9548481413497574,0.001342918656377666
2012-11-08,1.5418756706945098,4.260795645409393,3.508781354718534,2.1769364664471174,0.0014954862900614688
2012-11-09,4.321706721701258,4.222621917596813,3.5175355650185915,1.8228764802865374,0.0012522583119723052
2012-11-10,0.0994617953081281,4.13933196736062,3.505382164232287,1.5299213491146144,0.0010510074307346958
2012-11-11,0.2491815957951099,3.761271442131716,3.4212714402775246,1.4855393074540248,0.0010205183761153515
2012-11-12,0.1560251084342188,3.997029639192654,3.553587557529409,1.4072539955986778,0.0009667388504391013
2012-11-13,0.1794871613741816,3.7918327420975495,3.3423340429601756,1.4400758317955724,0.000989286410647511
2012-11-14,1.240148755330774,3.680167192558073,3.0798072023640053,1.5460927785761276,0.0010621166897430024
2012-11-15,0.3191860485342723,3.757008346593196,3.105506757799515,1.4610255546755908,0.0010036782056449952
2012-11-16,0.2143010151926896,3.3531606023233405,2.9165204643829337,1.3511562543911213,0.0009282014819065984
2012-11-17,0.03225486693619455,4.307774786947625,3.5307581395422263,1.3652111071564133,0.0009378567198721008
2012-11-18,0.0558604928557299,3.935750464447112,3.290687502421895,1.384128615667986,0.0009508524480696031
2012-11-19,0.061672924407977,3.830434601134133,3.4688468363138765,1.3059881430065792,0.0008971724223246278
2012-11-20,0.01785512371411985,4.136742793956507,3.481361289066761,1.3498232607517033,0.0009272857575649771
2012-11-21,0.0,3.9680354252432055,3.25812156038069,1.3080353778554994,0.0008985788077181772
2012-11-22,0.10309200701702065,3.2539831484008204,2.8961906193520397,1.2726005976299979,0.0008742362378566576
2012-11-23,0.06308139495129855,3.514994200204035,3.4752096252868867,1.2322971227055664,0.0008465490291942509
2012-11-24,0.09121233480459286,3.4710676217608243,3.2831939328546516,1.268661237849352,0.0008715300226618749
2012-11-25,0.02348685114068835,3.829342995228735,3.3115461266259008,1.2741584246464563,0.0008753064155955619
2012-11-26,0.009092551760568,3.453878171448029,3.3617186809738913,1.2900146680750009,0.0008861991517983627
2012-11-27,0.0340233821282176,3.2917637510567035,3.1953257817263987,1.277833271530956,0.0008778309188222517
2012-11-28,0.1553805023857501,2.5243150408972395,2.8795584717534712,1.2495710222355434,0.0008584156501641961
2012-11-29,0.2785225087325579,2.746678585279254,2.981426304568865,1.2357263433623555,0.0008489047949948916
2012-11-30,4.841855449522304,2.5818615091092387,2.8252675529845446,1.2950476731320337,0.0008896566666025897
2012-12-01,0.9205110521181414,2.603189215402711,2.8362511191622755,1.097120071825785,0.0007536866836745474
2012-12-02,1.970161556742412,2.77704140810395,2.9751151885970826,1.2060873609430467,0.0008285437543569948
2012-12-03,1.262086097806427,2.673999539785739,2.9460325169218615,1.2468519299945897,0.000856547720056711
2012-12-04,1.4246679127510653,2.437056665265642,2.7093058243918895,1.235082246508048,0.0008484623208896824
2012-12-05,1.1479388116104876,2.366050600200431,2.7098282941853413,1.2159770492816855,0.0008353376564994643
2012-12-06,0.36044221482287564,2.612499906769339,2.7299285368902533,1.2778782278124257,0.0008778618023614024
2012-12-07,0.38378529906105,2.716956882997964,3.0955023024475024,1.2902472893948234,0.0008863589552652678
2012-12-08,0.1525206142648831,2.737556048229618,3.196351856643147,1.2322317011470405,0.0008465040866590148
2012-12-09,0.0034498360717276,2.9434857572114184,3.2374237700945145,1.2084928972400806,0.0008301962814784365
2012-12-10,0.00216877836485905,3.0385442405594048,3.114514288157061,1.2388304809511452,0.0008510372390409394
2012-12-11,0.7661678975217558,2.718924939325703,2.9964855674973503,1.3654297533008506,0.0009380069228368728
2012-12-12,0.13420092924070676,2.5868118176712795,3.2208968166176093,1.1137860646802595,0.0007651356920440044
2012-12-13,0.20137703084143646,2.53077429011592,3.0535034858885357,1.0825196273629625,0.0007436566415215071
2012-12-14,0.0364602443205614,2.929806272382649,3.1594334121062073,1.0610936498112293,0.0007289376746735328
2012-12-15,0.00735217541859045,2.883656007935825,3.3605699072857824,1.1068346203505612,0.0007603602703211297
2012-12-16,0.11989199016143355,2.6377442933452886,3.216374408647279,1.102448840790606,0.0007573473789004401
2012-12-17,0.0790504684374631,2.446420533873308,3.2719097677721476,1.0242953010228038,0.0007036583764679196
2012-12-18,0.024209607322261,2.6492535721312565,3.3710337430672417,1.0120814106363687,0.00069526782125294
2012-12-19,0.0033906173292202,2.6021842193018205,3.1014975184794076,1.1102748942397165,0.0007627236293417469
2012-12-20,0.0108256785475781,2.644872320033163,3.177668059858726,1.1113007748452035,0.0007634283767720886
2012-12-21,0.01714057818530635,2.5896023708119293,3.0082922155519642,1.0820390949177165,0.0007433265309763116
2012-12-22,0.9293164845719929,2.395794214121678,2.9164905945039123,1.305439334621874,0.000896795408375049
2012-12-23,0.031203262801809,2.852330902051404,3.3513461710285015,0.9933607080172498,0.0006824072924599698
2012-12-24,0.14733362228543306,2.4422432573937125,3.2093540136998633,1.0233886285029747,0.0007030355212105988
2012-12-25,0.05790159536217805,2.4711216207255013,3.3601793404236777,0.9859363830225699,0.0006773070167221916
2012-12-26,0.00043213361777815,2.391751058476356,3.087815908059621,1.0201240338954627,0.0007007928482831198
2012-12-27,0.00067553118404015,2.64260440579205,3.1510536275864,1.0127798512228179,0.0006957476277780986
2012-12-28,0.0569931587673992,2.27255346876526,3.2776973391623723,1.0067890830540287,0.0006916321601007241
2012-12-29,0.0018350026006355,2.363918850751112,3.1690444737853034,0.9675012294809732,0.0006646426510865554
2012-12-30,0.0758834425519309,2.148181585016729,2.8103782872357446,0.9987498301485431,0.0006861094483965502
2012-12-31,0.07030084902994906,2.442592903524382,3.213301611808932,0.9581781112239073,0.0006582379646159306
2013-01-01,0.2235888644303752,2.2683708719257423,3.254249053218228,0.9824506666053031,0.0006749124401264068
2013-01-02,0.1093392203949744,2.1310152140914065,3.0472546010893655,0.957404474431244,0.0006577065006826705
2013-01-03,0.1069509003624097,2.292691673252789,3.366928979043676,0.9564553086018734,0.0006570544538697771
2013-01-04,0.7063506295702521,2.0801221822447573,2.7204135802837484,0.9782295511545096,0.0006720126677248122
2013-01-05,0.06098642141023875,2.2569960606241306,3.0688192956644977,1.0644400628876327,0.0007312365542934839
2013-01-06,0.07293614268759815,2.0449294854038578,2.879909969735901,1.0989242811498365,0.0007549261182423938
2013-01-07,0.3093409164759966,2.0456825611445137,3.0476412278747924,1.1042671699305866,0.0007585965133338848
2013-01-08,0.1710199644806397,2.099556722206992,3.0878400770392274,1.0481402501591408,0.0007200391000536675
2013-01-09,0.17371296040373974,2.130149635222723,3.208613161443427,1.102528848228016,0.0007574023414717387
2013-01-10,0.04596558507449865,2.198369913186565,3.3799380635874887,1.0405665710632293,0.000714836222786539
2013-01-11,0.013088985695357,2.284003897709053,3.285267502256199,1.0570613708152283,0.000726167626925624
2013-01-12,0.23537484186251795,2.0507005894777093,3.1193321332058326,1.004818070191031,0.0006902781367933932
2013-01-13,0.3364617220186794,2.169651426630508,3.4433215841386606,1.0222144640882656,0.0007022289075075625
2013-01-14,0.14644307474055404,2.167506915026729,3.256567360773761,1.0095555133736949,0.0006935326099665042
2013-01-15,0.03903929915043775,2.494342968596296,3.4082865766024435,1.0132454285152008,0.0006960674646077233
2013-01-16,0.15274835670338646,2.1004433748448084,3.084888971287453,1.0019855266286206,0.0006883322692272626
2013-01-17,0.6586310983907016,2.104447235227091,2.662625284622897,0.9836669720117606,0.000675748003353869
2013-01-18,0.0314157245294103,2.74608441265891,3.170317691212828,1.0524663905184648,0.0007230110212355519
2013-01-19,0.0238476608381392,2.3779113989444784,3.1002421163658926,1.1027535030178421,0.0007575566721852711
2013-01-20,0.01571085266388175,2.2199356954027207,3.241076944956317,1.1093000099686443,0.000762053914775311
2013-01-21,0.03699235630894195,2.130691640200429,3.113589329986165,1.0613510353681221,0.0007291144903856702
2013-01-22,0.02426772435570325,2.239877997065286,3.2736654783026813,1.0781914798085777,0.0007406833414602935
2013-01-23,0.20589604718198495,1.9788317802469173,2.9806560344744026,1.0300768201822692,0.0007076300967142248
2013-01-24,1.704562584456918,2.3360239960074325,3.058919770816748,0.9964843674246127,0.0006845531473760558
2013-01-25,7.358825469905316,3.668569074704042,2.9849685031733966,1.1287185429377709,0.0007753938308803642
2013-01-26,0.6937959769270645,3.217303660565646,3.229815991892888,1.2682995875947545,0.0008712815804101676
2013-01-27,0.375522546639164,3.108465611155099,3.3991404738496347,1.3387558824154684,0.0009196828197558755
2013-01-28,0.0396332676373869,3.013806177964546,3.591987020223499,1.2885846553155167,0.0008852167783991463
2013-01-29,0.1198988772072473,2.8267271647399124,3.5849075785155953,1.3126721879782297,0.0009017641491716551
2013-01-30,0.1797050454910992,2.608617192603916,3.596238147502615,1.2004177294690348,0.0008246488974010067
2013-01-31,0.8203313157887282,2.2714666951939746,2.9471959901391602,1.3133677869419822,0.0009022420035921703
2013-02-01,0.04239504066266095,2.5190145103181005,3.2040347382521084,1.1003636080781554,0.0007559148901801116
2013-02-02,0.23385744809243125,2.315372881187225,3.042922290171372,1.04424194019634,0.0007173610847814565
2013-02-03,0.19740154059785486,2.426725245954702,3.2615776186115717,0.9233327965913197,0.0006343003389161965
2013-02-04,0.33245604081053737,2.308846469712963,3.2021093363266115,0.9323477688973657,0.0006404933388942705
2013-02-05,0.6305408387955176,2.126595232233175,2.992027829513413,0.9020962076127799,0.0006197114760097335
2013-02-06,1.5233419789989255,2.514487704322841,3.66210587189885,1.055913665530985,0.0007253791898058132
2013-02-07,0.0090141226353817,2.4062417204752187,3.5666750927520603,0.9830816612326809,0.000675345913417378
2013-02-08,0.00265459199732855,2.481501327434596,3.5745523954956986,0.9069338018559628,0.000623034749784171
2013-02-09,0.02390576418816155,2.5942556306042457,3.4912832688534845,0.9232561289955065,0.0006342476707101197
2013-02-10,0.008207186366396,2.4854094453002635,3.6463234864219456,0.9199149474929909,0.00063195238501546
2013-02-11,0.0409503589862285,2.2403704518481047,3.5749743010899233,0.9246476950191896,0.0006352036324215471
2013-02-12,0.0104256946665443,2.1766239000838987,3.5558056308891617,0.9198439267931181,0.0006319035960477491
2013-02-13,0.34690086260414515,1.95244716170466,3.3107635455065223,0.946910271907154,0.0006504973164727527
2013-02-14,3.5324343966828415,2.5855034156854217,2.7227602553482466,0.9947039143245071,0.000683330032580404
2013-02-15,0.2089072280675635,2.567709649643041,3.3169758437615773,0.9539678116297798,0.000655345622364737
2013-02-16,0.14669094724953616,2.5689532320569453,3.366128148036164,0.9792231605634141,0.0006726952458668918
2013-02-17,0.28859317102687587,2.85930104719836,3.6612385314228613,1.1001374601207385,0.0007557595337078144
2013-02-18,0.0558760436902056,2.961390851445713,3.682828936332278,1.0367337152596732,0.0007122031724452235
2013-02-19,0.00525712577842805,2.500189616828901,3.7805236970395426,1.1133669831263602,0.0007648477963116603
2013-02-20,0.01892243757661035,2.3515558998079693,3.435404468815863,1.0864356733532714,0.0007463468408819483
2013-02-21,0.30858211077241804,2.304193648425016,3.791040901749389,1.0663189601683414,0.00073252729711811
2013-02-22,1.972418932483747,2.3305234651034934,3.8657309480621596,1.0787582775137845,0.0007410727135023534
2013-02-23,0.01278512852629565,2.397010486259878,3.891276521330172,0.896801750426777,0.0006160743518873621
2013-02-24,0.03128153737188445,2.234636546363399,3.926175628469237,0.9230140061255768,0.0006340813399797236
2013-02-25,0.18067610023565606,2.1030049464357043,3.8830733846622425,0.9450719270522654,0.0006492344318781563
2013-02-26,0.4549616316110715,2.16647177634323,3.7776972177263897,0.9099059258457906,0.0006250765046758075
2013-02-27,0.2186203161398297,2.2104213678790816,4.049971836360033,0.9462167452337096,0.0006500208856499364
2013-02-28,0.12024074125473985,2.109500446946298,3.7173531573666327,0.9457839185303408,0.0006497235474359661
2013-03-01,2.9128598402181627,1.8901072193326915,2.9786691407708226,1.106066476792106,0.0007598325800655003
2013-03-02,4.818784804555269,1.894948409796784,2.641235957965514,1.075193798185357,0.0007386240292853211
2013-03-03,0.02399184717117815,3.244057128375227,3.734071381569319,0.9507998626912233,0.0006531693419457875
2013-03-04,0.0096072459029593,2.9317398330334123,3.6296777282194106,0.9882520044341366,0.0006788977751698292
2013-03-05,0.8021831921377554,2.1361134016621177,3.3831578654689096,0.9971680285237648,0.0006850228008623144
2013-03-06,0.02365243680276755,2.1715332685265287,3.5430487057750897,0.9570365380594379,0.0006574537400678654
2013-03-07,0.04411460656040115,2.426186378399872,3.7409602055647233,0.9949363957426557,0.0006834897399392976
2013-03-08,0.21496249766308925,2.311707260230905,3.871168112817381,0.9806506852450726,0.0006736759100355751
2013-03-09,0.076902611740253,2.424630778961484,3.979197779515985,0.9362842911945427,0.0006431976048279278
2013-03-10,0.0407764428689032,2.1248209541008567,3.9851662328450272,0.899067436285574,0.0006176308061944311
2013-03-11,0.102033411460205,1.8634048768192992,3.715291465751946,0.8996383385385064,0.0006180229979305634
2013-03-12,0.0814866077208975,1.9376369250705068,3.807377512471371,0.8632200505399917,0.0005930047894303512
2013-03-13,0.1081615864764364,1.9342718361581368,3.623809787679008,0.9701052584374795,0.0006664315363679592
2013-03-14,0.27196882299565495,2.1076959040252365,3.454531668108143,0.980139965845213,0.0006733250620102282
2013-03-15,0.17554303344437885,2.425462321424617,3.8058130718141894,0.9314102787389422,0.0006398493128969119
2013-03-16,1.1840435478404132,2.275961468804557,3.9255404166085004,0.9104528367294219,0.0006254522151023461
2013-03-17,0.7537526291812363,2.4234762001546235,4.095730365194699,0.9035391193846022,0.0006207027106212104
2013-03-18,1.6348043242613202,2.5529888679000257,4.072478653607799,0.9097873376643156,0.0006249950383572941
2013-03-19,5.534284389334805,2.77341068219106,4.0072514329560756,0.9713248728254504,0.0006672693727607452
2013-03-20,3.9268361119818826,3.624655257616557,3.88121462994043,1.0312736547539725,0.000708452284095915
2013-03-21,10.619234165262055,3.4747423131280866,3.543072401653503,1.0479592309361065,0.0007199147455902011
2013-03-22,1.2082168745134967,3.551350027086345,3.940670967085049,0.987917486668868,0.000678667972077524
2013-03-23,1.3601911377232032,3.2874669106501453,3.8179279055941695,0.9879218659627373,0.000678670980513481
2013-03-24,2.9742148993740773,3.6899594248210175,4.00032614941677,1.0018521204758912,0.0006882406234325913
2013-03-25,0.9674768683476892,3.555415123924741,3.519075292455256,0.9545782336562947,0.0006557649629315725
2013-03-26,2.9435897001402105,3.338931704269112,3.696245502620372,1.09787114983956,0.0007542026504423788
2013-03-27,0.12421140990414159,3.232440784234892,3.4131462070765615,0.892900107872525,0.0006133940472305491
2013-03-28,0.11692680099296555,3.795289230016963,4.0774361172736935,0.8706932370890101,0.0005981386315058477
2013-03-29,0.0053744017391199,3.834242176098388,4.149726499840554,0.8782703440426773,0.0006033438636025071
2013-03-30,0.00042617315898495,3.7713236939066177,4.121956329849819,0.8641387563033859,0.0005936359111442518
2013-03-31,0.00132342498253455,3.493245543295432,4.172988275262768,0.8600591231286023,0.0005908333325778106
2013-04-01,0.003531402676633,3.152269855665609,4.196029992681833,0.8491228695373744,0.000583320473308652
2013-04-02,1.2512822630679423,2.93753728490981,4.021066009058765,0.8871407791773894,0.0006094375711292553
2013-04-03,1.5474544713468534,3.0993620551943675,4.0991233117102235,0.8885409035596123,0.0006103994121614893
2013-04-04,3.1102251714641405,3.1477969601482,3.8260962708959885,0.888468478921015,0.0006103496587324138
2013-04-05,0.6188388229642896,3.2618344517018945,3.776363558591395,0.9090448491084232,0.000624484972274531
2013-04-06,0.9005861001705435,3.3993910180203506,4.129364651533402,0.9458510342824873,0.0006497696538284719
2013-04-07,3.9841462654356863,3.299167362164776,3.7261662433131972,0.9887668309785342,0.0006792514446731761
2013-04-08,1.6107708598284374,3.4848525696857413,3.99797002290277,1.0435146729738791,0.0007168614752718705
2013-04-09,2.261271256178299,3.506423824021072,3.9453465728526393,1.0229092589260227,0.0007027062095190297
2013-04-10,0.7026818285010326,3.6661686802260567,4.205029166050767,1.0157710582380737,0.0006978024921028032
2013-04-11,0.8384017320360186,3.526265802433775,4.288743626942052,1.0037620996308676,0.00068955271851878
2013-04-12,1.286901639672912,3.330329498579633,4.001946530535038,1.0065098750519086,0.0006914403530610233
2013-04-13,1.8419139726186495,3.45052320328038,4.06293606484501,1.0037824890709666,0.0006895667254172817
2013-04-14,1.077632396441284,3.5989698298965576,4.184756115488083,1.0210421885171581,0.0007014235913801579
2013-04-15,1.7359606384897297,3.192147696917912,3.9619209567116935,1.0297576890968472,0.0007074108637828384
2013-04-16,0.6159664273420704,3.3509514828118308,4.173842538318208,0.985968066710766,0.0006773287824108307
2013-04-17,0.7340790863486653,3.115468235178428,4.02870254820462,0.9898756208741223,0.0006800131481555551
2013-04-18,3.126548171861299,3.343503116302537,3.633414542626486,1.0453447170692671,0.000718118657508028
2013-04-19,19.95666177846191,4.628902000069977,4.209665890067296,1.080578856406874,0.0007423233934448113
2013-04-20,2.4248535191111826,3.4517340656005704,2.957485797529082,1.1143406716592448,0.0007655166894438956
2013-04-21,1.0814295187376004,4.047575659129776,3.9872262499386335,1.0838651913815938,0.0007445810013148581
2013-04-22,2.174079823037991,4.184287353730274,3.928943781461032,1.1570562825461923,0.0007948609589885586
2013-04-23,1.7436449050155782,4.46316138018517,4.170821024621022,1.1128194651246683,0.0007644716688142748
2013-04-24,7.606003599552544,3.81048141913185,3.79336820128065,1.1345547631987531,0.0007794031290480422
2013-04-25,0.4079656371932343,4.191522907440137,4.111715318575543,1.0137487573399628,0.0006964132355424409
2013-04-26,0.19575122668440584,4.400482532243991,3.9501096433143625,0.9770680339475416,0.0006712147422522668
2013-04-27,0.5614270479970866,4.122600617529393,4.145041834240192,0.9660345898358428,0.0006636351161788726
2013-04-28,8.002502731763803,3.518044331956073,3.140759777425554,0.9801648784604781,0.0006733421761865731
2013-04-29,20.33633004557254,3.9556447462870463,3.6081489435200877,1.0574585846697673,0.0007264405002422509
2013-04-30,29.29033253971415,3.700543176638375,3.299233526564071,1.203745250434769,0.0008269347987402723
2013-05-01,5.105672075884108,4.13222651286482,3.942934250477421,1.2673088062194353,0.0008706009450374431
2013-05-02,7.702646486784176,3.949423703983248,3.883394775538062,1.2780818031888714,0.000878001652186678
2013-05-03,10.80978957555186,4.123806710615371,3.7222806365977092,1.2288954364318059,0.0008442121786412342
2013-05-04,5.399578662862253,4.291993695252142,3.819918405745434,1.2377600942690394,0.000850301917347897
2013-05-05,13.090975836184755,4.208317766122609,3.8970399016748605,1.2882141898415649,0.0008849622803714018
2013-05-06,15.442662595093125,4.247391588449171,3.895981220382519,1.4150965781179305,0.0009721264558272179
2013-05-07,20.14255939404928,4.006663520259727,3.661805077304059,1.4901075480024326,0.0010236566124466103
2013-05-08,5.370281387654623,4.874560555465532,4.288702567254769,1.5472108667320235,0.0010628847808352296
2013-05-09,3.0565733682037397,5.1506036743969,4.3033909687036545,1.611657971261653,0.0011071578970899803
2013-05-10,1.004243791563393,4.880320208105634,4.338839107545782,1.4575036302854876,0.0010012587553205545
2013-05-11,4.758548238435056,4.695945091091902,4.178892205006081,1.3229545139171413,0.0009088277808892503
2013-05-12,5.5053963157107635,4.08370318178784,3.565065806537718,1.337554181550963,0.0009188572893854115
2013-05-13,4.0359094718016,4.904032045077551,4.083680702634533,1.348947824860881,0.0009266843608808151
2013-05-14,0.07871858658324415,5.596637676308638,4.336372326457293,1.199391225251566,0.0008239437215690173
2013-05-15,0.0858732257964885,5.51134252866433,4.3540031483734225,1.1202385550231198,0.0007695683482070252
2013-05-16,0.0977135261444862,5.090373088997082,4.371280650425785,1.1009691830779593,0.0007563309009933663
2013-05-17,1.84813147049289,4.278046578188039,4.001137739125632,1.1160678558364698,0.0007667032101794625
2013-05-18,0.9300708719405671,4.476962209316562,4.124631532747056,1.0663245419146072,0.0007325311316007161
2013-05-19,2.695928013038472,4.10398626923689,3.905684354623122,1.0567603133346064,0.0007259608099873578
2013-05-20,3.9302105188982783,4.126082165693901,3.8543801454994413,1.0514244176107705,0.0007222952189041153
2013-05-21,10.535977472821845,4.184504402210332,3.7437807119147957,1.0817162978422104,0.0007431047796260395
2013-05-22,19.61090805299459,3.494872182837686,3.1736224517295044,1.1567707528239957,0.000794664809127719
2013-05-23,12.096279272392966,3.752410728931683,3.4659116535247088,1.2428469447807617,0.0008537964222712714
2013-05-24,20.533459621737613,3.327538813648052,2.972744498965355,1.387240453192137,0.0009529901817269669
2013-05-25,3.727467335507149,3.563416723999008,2.989476639029009,1.5838880094957397,0.0010880808143470774
2013-05-26,25.756394294532846,2.727874327853552,2.340815742260581,1.7277892512768585,0.0011869364022447368
2013-05-27,19.93703925961321,2.9800365891429004,2.634515637301677,2.0946373048282996,0.0014389493769353986
2013-05-28,3.8804091105259024,3.417938890168842,2.928534774535989,2.1120140800078144,0.0014508866702128897
2013-05-29,14.377094501690411,2.7741576747818635,2.5053965683389445,2.153611880568097,0.0014794630395251933
2013-05-30,8.736404848412024,3.99359861647592,3.7674057141083486,2.163365023100147,0.0014861631390303942
2013-05-31,7.71340496574858,3.676040388809878,3.5134044935006545,2.1869513469605164,0.0015023661952563298
2013-06-01,9.037183271326064,3.654732752278269,3.41383186316923,2.067337667208666,0.0014201953919601553
2013-06-02,15.326869158797209,3.5524876312213745,3.262842982564716,1.9670842280815193,0.0013513244597777154
2013-06-03,16.449953764060655,3.1449530037250977,3.0861539116650754,1.937986079016817,0.001331334954496724
2013-06-04,12.874696336811246,3.4503222205141,3.3609103830640907,2.0415551367475473,0.0014024836114732296
2013-06-05,7.892961895236107,2.558931628462586,2.353135725933175,2.0663015469024613,0.0014194836101802707
2013-06-06,5.664137734997155,4.077573803670411,3.922392730251192,2.069268695815244,0.0014215219473518097
2013-06-07,15.214254148523615,3.5279594125357128,3.6020504115580736,2.0182716887223813,0.0013864886213374712
2013-06-08,12.750571400590331,3.842348904599712,3.6960193839759645,2.154917405804924,0.0014803598939456585
2013-06-09,11.070713206168243,3.9597980360185816,3.750928569847639,2.1904897600151374,0.0015047969727701985
2013-06-10,6.547020077153396,4.352587808760629,3.9260897848307903,2.1952425212265467,0.0015080619689430996
2013-06-11,6.98975640597444,4.344574351496291,3.7297983457060377,2.192247041741561,0.0015060041695672329
2013-06-12,1.13040557703064,4.686082951328357,4.0257032298577435,2.034495739469869,0.0013976340294998544
2013-06-13,2.0723760326070195,4.364017774167232,3.7901783738758565,1.9349040816744372,0.00132921772009757
2013-06-14,1.4504624546906344,4.313761055290597,3.729353477305726,1.885693043571935,0.001295411298120499
2013-06-15,2.567660779169861,4.246528861056982,3.6431620002947547,2.073438130746539,0.0014243862168760511
2013-06-16,7.196720222197971,4.439693642380818,3.7666323437530487,2.0868010082218715,0.0014335660897699745
2013-06-17,4.486874115455643,4.017668348093283,3.4793859734574326,2.568991472353273,0.0017648156413399283
2013-06-18,14.582225370280597,3.6862634552089983,3.277384866567427,2.529437461477297,0.0017376432907023809
2013-06-19,12.341097469024067,3.2290178814369352,3.062125224964802,2.5152519622869134,0.0017278983027875431
2013-06-20,22.196536366949985,3.477068867144617,3.246670997730208,3.147907980300544,0.0021625129164185974
2013-06-21,18.637074574383483,3.644360799668277,3.226410433884453,3.545149734982274,0.0024354053995584673
2013-06-22,1.9464144963731815,3.6528626781142286,3.2494725671436777,3.65927464053717,0.0025138055891103716
2013-06-23,6.640423314166274,4.351847869780165,3.818304404929515,3.412358600940908,0.002344182103214554
2013-06-24,6.503522138236249,4.3197454801580095,3.5724704384040185,3.530391101572064,0.00242526668661705
2013-06-25,6.725813014642437,4.288860923398165,3.696918882875666,3.6277598826831334,0.0024921559502569988
2013-06-26,8.428306642403989,4.329480632570912,3.7276524057450517,2.9483340543816254,0.002025411960710602
2013-06-27,9.995016366884697,4.2572033720963205,3.836931901174473,2.773382640922454,0.0019052258899236705
2013-06-28,14.425192905629146,3.9256086395686016,3.44935897250917,2.571503768080306,0.0017665415088028817
2013-06-29,20.405328939855426,3.176598193037673,2.9942360203783425,2.513818309933191,0.00172691342910255
2013-06-30,9.872173324313295,3.3601893808558514,3.1214442279622925,2.5992566500733973,0.0017856068582837047
2013-07-01,28.707576316249934,3.177922262169587,2.974281937129152,2.8532003602392386,0.0019600581309109502
2013-07-02,11.812442478918014,3.4502952904352604,3.233909145237511,3.049911883186666,0.002095192706586053
2013-07-03,6.752934528805357,3.970655657376576,3.708579537021922,3.3124168372456473,0.0022755252821660484
2013-07-04,31.26451063294131,4.107182703298832,3.7557499380717125,3.361839801892277,0.0023094772909556553
2013-07-05,6.550809460961293,4.503515074556729,4.0338601222730315,3.2425427420077426,0.0022275239954636953
2013-07-06,6.705986611265344,4.15924532054628,3.7448394532075895,3.2400245547746818,0.002225794080723006
2013-07-07,2.264914579988335,4.576029982833163,3.799506055908267,3.012109570477015,0.002069223717016889
2013-07-08,1.450523447775678,4.561502719697372,3.827382717369434,2.7501597610428696,0.0018892725081824278
2013-07-09,6.003778559801438,4.386819959785885,3.6595198886444766,2.553618963036486,0.001754255215125645
2013-07-10,14.990767785363033,4.03082944248287,3.499100892630162,2.358435287375105,0.0016201702220657475
2013-07-11,10.997955375111687,3.9770587109425466,3.6050654220632166,2.579965661793981,0.001772354561334181
2013-07-12,11.686686474321055,3.5484248211553027,3.325294431549049,3.5690674357411605,0.002451836101200893
2013-07-13,17.049627088259548,3.217013356296624,2.9477650136136515,3.2966752225667455,0.0022647112922777038
2013-07-14,9.23880824829042,4.326073756348821,3.84926769232512,4.11739701308333,0.0028285211253112805
2013-07-15,6.665350701968494,3.593733999079436,3.355666455476907,5.049498995152845,0.0034688456164523006
2013-07-16,4.760296432297699,4.503041579297027,3.9738174561371884,5.099312003182366,0.003503065572671992
2013-07-17,4.126048421640954,4.433742519883411,3.979461776167485,3.9570913763758924,0.002718396238521723
2013-07-18,8.202438778979326,4.441790124577172,3.8313862318661127,4.009997267130925,0.002754740907053446
2013-07-19,10.08215374046526,4.199353494804424,3.537524040424371,3.1217219360200157,0.002144523934739042
2013-07-20,4.922894061419587,4.633774436166826,3.9014263125443116,2.4806764691670593,0.0017041460359070839
2013-07-21,5.899276932103879,4.462729512488607,3.643905038286381,2.28893268941072,0.0015724241422047087
2013-07-22,4.066036862252513,4.702474681523151,3.7203937373460816,2.436171481527241,0.0016735725213004183
2013-07-23,12.540687047863297,3.900909987254321,3.4492521638834064,2.1734237673858163,0.0014930731772452455
2013-07-24,13.688605111265076,4.422475310684681,3.745425339522951,2.295577302546382,0.00157698878063137
2013-07-25,0.2908983448332492,5.117527408905544,4.273830203722381,2.197638443641111,0.001509707891632281
2013-07-26,0.09341879932790505,5.504868678608029,4.343814244209796,2.07284493024885,0.0014239787069531735
2013-07-27,0.16213226328583155,5.472662751634781,4.270062394747102,1.9045155484996021,0.0013083417618698068
2013-07-28,7.315356564850982,4.87680296456732,3.9757060991361888,1.7756968650221503,0.00121984741303899
2013-07-29,4.412668858265853,4.247605842162773,3.64228369888249,1.6544582442972156,0.0011365603268448708
2013-07-30,8.734828269281596,4.155759256345893,3.5965069556725524,1.5400102821822057,0.001057938207685001
2013-07-31,4.787005181363245,4.821130174402257,4.019151471468588,1.560847274376295,0.001072252560277585
2013-08-01,1.0787693346023466,4.940368599333445,4.104252557789152,1.5124349889266089,0.0010389948560329094
2013-08-02,5.708195109630166,4.645938120820714,3.980919033708378,1.5468981824532695,0.001062669976655502
2013-08-03,5.141455056954016,4.38990411835868,3.6740357919903386,1.5065906667210294,0.0010349799920863238
2013-08-04,3.8149573714001104,4.816488846880903,3.8664384280331503,1.2912316731153448,0.0008870351956521093
2013-08-05,12.228865692811725,4.246180189380464,3.509626649016034,1.3864258580074573,0.0009524305806777794
2013-08-06,6.0632350653861815,5.2420199660210525,4.37099470060418,1.4666162638899096,0.0010075188455123496
2013-08-07,0.6789269018803107,5.145875257831291,4.249738930059337,1.2466950547120395,0.0008564399517144009
2013-08-08,0.7166653554901155,5.047418259397328,4.243880014320727,1.2428360324281453,0.0008537889258312137
2013-08-09,1.715638861699129,4.871309514430641,4.241678742388382,1.2086753998441946,0.000830321654977645
2013-08-10,7.486600969399605,4.310505042942066,3.7903318710193736,1.2214080836873829,0.0008390686048389113
2013-08-11,16.893243075039706,4.055022234081149,3.4235593955062193,1.3246955425631486,0.0009100238123356607
2013-08-12,23.004625878935002,3.543279057058728,3.151193432842362,1.4005228088079174,0.0009621147386578998
2013-08-13,12.466981839841342,3.602813943696575,2.9507442510657333,1.7308562238733356,0.0011890433151201096
2013-08-14,2.459774863861151,4.146126803413264,3.5838667936999435,1.7184285051855328,0.0011805058666457028
2013-08-15,9.58713298310702,3.455270527451464,3.1711822976352004,1.683827199870019,0.001156735867605706
2013-08-16,11.32670839921207,3.1104824149511487,3.007808932207684,1.7124167692995498,0.0011763759948118081
2013-08-17,25.646452768903018,3.8815454362634414,3.726961760062604,2.495240790499094,0.0017141512626152636
2013-08-18,11.789512412692257,3.835645753500494,3.6007048108199804,2.4925748769482023,0.0017123198645807797
2013-08-19,9.05556835783937,4.290990699178461,3.887065427934595,2.659919619308167,0.0018272803936409765
2013-08-20,3.9601237260436672,4.581288208523653,3.9726457477291155,2.481729557410453,0.0017048694741215167
2013-08-21,4.699797859724745,4.226035159720206,3.666333751841316,2.17437718885486,0.001493728147547586
2013-08-22,2.6882025448010114,4.260975289227215,3.542319344735798,2.396169887212136,0.0016460926950395847
2013-08-23,5.076448750176447,3.6671392453473386,3.2623524643955375,2.2816340242687128,0.001567410190799211
2013-08-24,28.010627399651057,2.601101320383888,2.345257910839928,2.507100403882683,0.001722298440768576
2013-08-25,8.50739248057319,3.831577343517982,3.6411522636068385,2.4218236193249925,0.0016637159951473272
2013-08-26,13.582719500732802,4.541006646922584,4.089177925310807,2.6444084916884294,0.0018166247410501732
2013-08-27,0.915672335935223,4.693033312659832,4.085922786872274,2.126614211589106,0.0014609164974262443
2013-08-28,17.53146271072704,3.795447097979422,3.140871361817695,2.1252848355241887,0.001460003258243539
2013-08-29,15.849992266666863,3.8532723766938486,3.51590140972046,2.060388659533999,0.0014154216441419857
2013-08-30,15.331284700360285,3.407127204739312,3.211956711496779,2.082873872728664,0.001430868272272852
2013-08-31,37.38160583418581,2.5221289201011787,2.3298749071082794,2.5573583443764702,0.0017568240514759246
2013-09-01,10.874793625641068,3.53355620513266,3.4316472831601934,2.7653006204946315,0.0018996737982884327
2013-09-02,12.674157938404175,3.786121249058337,3.5669032540293073,2.982704624639675,0.002049023452086093
2013-09-03,8.533361256973027,3.574341078693012,3.427594536989879,3.1568694436809723,0.0021686691574623203
2013-09-04,16.854815502734965,3.068545992976601,2.985305127502916,3.402582536990191,0.0023374662574219014
2013-09-05,19.745911049363613,3.501126293482747,3.239315335878902,3.5675474611129987,0.002450791926851897
2013-09-06,4.632816887416895,4.085493203744573,3.8663235284947004,4.070912848272992,0.0027965879787770257
2013-09-07,9.10296053701988,3.7231415024548,3.496809486821439,4.1956623014815735,0.0028822868955077356
2013-09-08,23.18011787376787,3.507845324190976,3.274655679142691,6.0603650256649155,0.004163278510117267
2013-09-09,24.111874071678702,3.197207490995041,3.133534086681322,5.769056924146485,0.0039631590860002884
2013-09-10,20.013257169407055,2.593133543453485,2.633032406649237,4.681350861876185,0.003215939528234892
2013-09-11,13.523878519523993,3.3966694282779977,3.3093602201739136,4.474023511631929,0.003073512215989494
2013-09-12,20.602621168608515,2.4043574232742264,2.118302735853825,4.628622407339631,0.003179716752756175
2013-09-13,15.85015723481477,2.5526176048618443,2.557436821704342,4.85952663391812,0.0033383406310767715
2013-09-14,6.3601585099853,2.67772866799584,2.711612578959816,4.742955986250474,0.0032582602942835413
2013-09-15,8.297225727927874,3.2553818719030243,3.2154113010249668,4.749388263571942,0.0032626790647421145
2013-09-16,22.514653233344994,3.454972502630121,3.5029285218761923,4.668110466784704,0.003206843796852973
2013-09-17,31.28354910848656,3.641486423502246,3.5324211155564496,5.0678866946752485,0.0034814773826822095
2013-09-18,11.677519156558414,2.954777454762475,2.8857086297813694,4.942312264913184,0.003395211733231288
2013-09-19,5.760518159055422,3.240156589686155,3.229848895107562,5.114998595147046,0.0035138417637012387
2013-09-20,20.630434729929803,3.21506585855529,3.0114020408395783,6.3261544048013665,0.004345867381528488
2013-09-21,7.825958467943138,3.2864046501919097,3.148633693555342,5.440488699196213,0.0037374431391472753
2013-09-22,12.594726582027716,3.610886333072575,3.578244953558878,5.944628517354541,0.004083771200599764
2013-09-23,9.950321144226775,2.796131593541052,2.568097468109338,5.195136854742405,0.0035688942056908944
2013-09-24,14.490697560823076,3.2467916232452287,3.2481469077663574,5.404545908317123,0.0037127515820831627
2013-09-25,5.735698497023882,3.79990599570256,3.8878634750344414,5.332835206651375,0.0036634886050304427
2013-09-26,1.6649679294405308,4.060828819468387,3.748035548416114,4.988932110741505,0.003427238088320474
2013-09-27,8.085746527366613,3.704983315320356,3.4747948834032885,5.583712132346761,0.003835833094018925
2013-09-28,7.22558180213332,3.6415853905036255,3.4014849281516133,4.642523043647859,0.0031892660489081263
2013-09-29,8.109056107426298,3.70658452480418,3.3777255696467336,4.571108830069367,0.0031402067497653913
2013-09-30,4.540796858853948,3.745657889456784,3.501583680056746,4.0432218800224025,0.002777565162073114
2013-10-01,11.561330136617968,3.63055456471254,3.4613192751773285,3.9802859469497194,0.002734330172668011
2013-10-02,10.59441051023849,3.865446171708928,3.5718796028890574,4.188813927613987,0.0028775822799224655
2013-10-03,2.8124288843732312,3.987588072243573,3.5407204618501686,3.935801704328976,0.0027037709092313233
2013-10-04,11.160096500640124,3.61244565780126,3.426892518239391,3.7224691112279444,0.0025572181856571073
2013-10-05,1.8831990454761287,3.971305631874305,3.658126063042692,3.843689088799758,0.002640492464596479
2013-10-06,8.010212743119911,3.655063797516899,3.664105670534385,3.922664449992682,0.002694746032276121
2013-10-07,13.666023073593049,3.540206970535156,3.240378289492062,4.0660362521327755,0.0027932379119366443
2013-10-08,18.079359335311306,3.322167801279351,3.2990593221879942,4.140787665485696,0.0028445897614531616
2013-10-09,17.641254639811493,3.8097654557171854,3.5554879463900333,4.2173549150534555,0.002897189032842638
2013-10-10,8.869707270403069,3.7738678395415866,3.4514095731358614,4.446578348381409,0.0030546582595225706
2013-10-11,1.703738688303676,4.1176694402180445,3.677574083010036,4.241878502454956,0.0029140359593870413
2013-10-12,2.564916403175014,3.9564205308031055,3.5221695750587734,4.3039394037736205,0.002956669829737146
2013-10-13,1.5626488326503736,4.054505181519593,3.564610213038807,4.611162523655191,0.0031677223665723822
2013-10-14,3.636855191197644,3.745866524084355,3.1990984398230995,4.172108113830503,0.002866105915838081
2013-10-15,5.491412407955827,3.691818615450408,3.2137164176941515,4.497862490032797,0.003089888837869394
2013-10-16,4.577689520700842,3.108936796479221,3.0806046756544436,4.456019786343898,0.003061144227877179
2013-10-17,2.3625484397917216,3.264653839899377,3.1929440235841544,3.6756075082247084,0.002525025751058399
2013-10-18,6.943652875886868,3.674305413129195,3.447067621863079,3.1167002063010876,0.0021410741657343878
2013-10-19,18.04054448785974,3.520689571618165,3.342244457296939,3.37827835968155,0.0023207700586505998
2013-10-20,25.805605796340267,3.440984076697309,3.1863679166246857,3.9883318545431115,0.0027398574559316597
2013-10-21,10.257339192866457,3.0661309713028104,2.9122067442089086,4.220035240542102,0.0028990303314211465
2013-10-22,3.0713309277039373,3.913816983139024,3.6664954388350472,4.8486666149598285,0.003330880142581929
2013-10-23,20.238539282966663,3.359659538982919,3.2357142801779872,4.653639318902772,0.0031969025773491257
2013-10-24,16.746680773641692,3.379803615754813,3.1013253067035693,4.7449137578461125,0.0032596052212602697
2013-10-25,5.273753132002793,3.577060489491983,3.152538843410796,5.310618250047765,0.0036482262606673047
2013-10-26,19.16808984244979,2.4504875189163062,2.353513378137566,4.942299019647232,0.003395202634153779
2013-10-27,17.983435211431903,2.798999055076269,2.682841370909606,5.302472351175049,0.003642630286566941
2013-10-28,16.18698414488272,2.808034985516329,2.7034223820539154,5.3691596545478095,0.0036884423483575634
2013-10-29,3.141554188153314,3.7764321795407545,3.3430631978031684,5.998517488986213,0.004120791214505913
2013-10-30,6.992684467952275,3.5987869831597625,3.2658394624186977,4.894516687914826,0.0033623776881278604
2013-10-31,1.3917754370675155,4.012810881049924,3.7533542900347854,5.059934381821585,0.0034760143960355008
2013-11-01,2.4905204491770365,3.4524400855892217,3.3630124322811765,4.969474972270748,0.003413871651460544
2013-11-02,1.6987554196782622,3.6129156921512577,3.2436306457840813,4.580811464384699,0.003146872151728059
2013-11-03,20.064188171954598,3.0737116151708173,2.7617737615095073,4.525358469401094,0.0031087777033971097
2013-11-04,5.936566963919646,3.5944711432934424,3.1871132455112656,3.5663701785339788,0.0024499831710689014
2013-11-05,10.705434008404906,3.632271229441231,3.258489487121347,4.054975791150758,0.002785639726130441
2013-11-06,0.8489557497743943,3.847918721590045,3.527648500641821,3.64740398114225,0.002505650822697705
2013-11-07,1.0448906391818,3.306153117747751,3.078959443462081,3.211399242769052,0.0022061293995010423
2013-11-08,3.256521900509004,3.0643464270563823,2.7556709192010906,3.118390571488525,0.0021422353929920375
2013-11-09,2.651892902908397,3.0329459575268456,2.6418019028420687,2.6270649492822398,0.0018047102776336608
2013-11-10,2.4144976809021643,3.176330627097172,2.91027710884315,2.698733679388012,0.0018539444215562076
2013-11-11,6.738958191573375,2.79819681173379,2.624447911175362,2.442522071849217,0.0016779351753818269
2013-11-12,7.857253300751893,3.412395186952314,2.9734963845167908,2.566189211995424,0.0017628905773746093
2013-11-13,2.8468131733688633,3.188570550008714,2.9325499903309513,2.878060047773854,0.001977135947584169
2013-11-14,1.2683498204912989,3.4641744920386457,3.1233300706583065,2.7553155497541897,0.0018928143714618906
2013-11-15,9.252297977527794,3.2822131490778963,3.102133070698278,2.6627606330115885,0.0018292320799252703
2013-11-16,17.758064965554745,3.3114193475407454,3.1341321212260715,3.3657189868934503,0.0023121421679859594
2013-11-17,3.882004287588564,3.579383273489173,3.3762476406622217,2.824894409342173,0.001940612840638974
2013-11-18,0.444494590393266,3.751614175762464,3.4759292153549293,2.4273283538758115,0.0016674975731483669
2013-11-19,8.358388041375958,3.7061811071751865,3.3367434711663595,2.4584633780574503,0.001688886347015693
2013-11-20,5.1647962569624335,3.860199441382498,3.3578640344751065,2.349942417768324,0.0016143358900785815
2013-11-21,4.541546459932038,3.305054502961055,3.0332681355462103,2.22377997011147,0.0015276662909885588
2013-11-22,0.493690684616668,3.542864293428729,3.167261809562632,2.063654793554597,0.0014176653745974173
2013-11-23,4.797908749693594,2.6924819142380363,2.754526748397822,2.0157389164598354,0.0013847486871442299
2013-11-24,1.7030431951917369,3.1376525393877284,2.7726052180964533,1.8291750643037132,0.001256585239372194
2013-11-25,5.823025429598526,3.4164794533805822,3.007581072262776,1.8555057069078273,0.001274673555512732
2013-11-26,5.244060477414578,3.455306070267285,3.3137670059959343,1.888327605319608,0.0012972211584607947
2013-11-27,1.007906011982965,3.075876185354197,2.589064128892729,1.8430085725426448,0.0012660884206701479
2013-11-28,4.335942064242987,4.114307536652525,3.013910777510316,1.919481698972435,0.001318623032449856
2013-11-29,0.0732137244361146,4.091439054604767,3.1104176646327373,1.7529386767718766,0.0012042132597049387
2013-11-30,0.01746092508993215,4.213426174279654,3.3023445471929276,1.6942303341100693,0.0011638824907935913
2013-12-01,0.08177010288164915,3.717249928690864,3.2409846952687484,1.6353672957210035,0.0011234454508252739
2013-12-02,0.39132252514464577,3.357975577574549,3.045655641493647,1.6020016152366288,0.0011005242868445952
2013-12-03,0.8038334510020492,3.4842949558694816,3.4029034982777366,1.543443062639971,0.0010602964189559791
2013-12-04,0.15006838030921454,3.574084742937244,3.421899601821442,1.4641613350179368,0.0010058323872588833
2013-12-05,0.2414113315254692,3.366298872919986,3.2907731330099597,1.447674423119919,0.0009945064018252446
2013-12-06,0.14295345958570915,3.4818892522138354,3.261683172238929,1.4511809496840886,0.0009969152743317584
2013-12-07,0.5623701835693504,3.149229313500903,2.9788210673653133,1.3751142908465317,0.0009446598928929024
2013-12-08,1.3610030605391825,2.7946544400580864,2.7227103965918102,1.404372592192394,0.0009647594177102873
2013-12-09,1.530766295311541,3.455030514601471,3.3640786310094546,1.7814577095186688,0.0012238049304477458
2013-12-10,3.4370684954190116,3.1341165056576763,2.8549690941725547,1.498086902417975,0.0010291381757884476
2013-12-11,0.1476586171222599,3.410796947157455,3.1625035262116534,1.3263117349068263,0.0009111340852027494
2013-12-12,1.8069742269315203,2.544534173003345,2.105375194809796,1.3077372769864215,0.0008983740218782445
2013-12-13,0.8646987748697738,2.9709325707158136,2.968053641370525,1.389164008854116,0.0009543116034427576
2013-12-14,0.7551209020096485,3.324773454140891,3.2770140032140023,1.4083704615656927,0.0009675058271390302
2013-12-15,3.647483385541428,3.069465468744675,2.9916264170811004,1.4647262200159994,0.0010062204453318148
2013-12-16,1.226142589415702,2.811474513939836,2.5545153014617044,1.39332834754827,0.0009571723720137595
2013-12-17,0.883664948606982,2.6902610813083823,2.34710094267958,1.444784878235945,0.0009925213761595422
2013-12-18,1.5746874725748772,2.6686920378657497,2.556662073946368,1.4925300621165236,0.0010253208027897562
2013-12-19,0.19920038543062465,3.2434435265768147,3.1009399296461493,1.3900150124960664,0.0009548962159470474
2013-12-20,0.28770957808502806,3.355429403956718,3.278161092689007,1.3798533228616328,0.0009479154575434926
2013-12-21,0.4373962407409845,3.114579723090394,3.141736805892454,1.39767789003635,0.0009601603697156766
2013-12-22,0.1922878057018475,3.1286892409262284,3.1767835569852627,1.4702432151892109,0.001010010445991475
2013-12-23,0.347285186037969,2.724531089078705,2.614946057942115,1.3845805256300496,0.0009511628958768887
2013-12-24,0.15951130233739366,2.8374628283684085,2.6193306919607515,1.2428023863176254,0.0008537658120206952
2013-12-25,0.4408460715643972,2.807607110685592,2.812881489493056,1.2005510327827082,0.0008247404725485091
2013-12-26,1.0345381531126392,3.2599987997314024,3.1035894586564226,1.3601080944641262,0.0009343511120434166
2013-12-27,0.0172615204114659,3.450394205519,3.2550965090991215,1.1397103495220453,0.0007829448532933507
2013-12-28,0.0613932953077156,3.1948386840075003,3.108236485187803,1.1525465491038187,0.0007917629151830321
2013-12-29,0.10925405507022275,2.987007361295191,3.0003763481767756,1.1780021966886536,0.0008092501375041716
2013-12-30,0.02601016176892125,3.0321760373078224,3.220935729055493,1.1412783919283769,0.0007840220486810191
2013-12-31,0.0434723422194244,3.064535298635529,3.070569207330207,1.1924112802452032,0.0008191487207854461
2014-01-01,0.19251441979911105,2.74641221504192,2.9619437265914517,1.173091861360831,0.0008058768929122668
2014-01-02,0.10960674058919935,3.027269688609023,3.1540674200939773,1.1828829375281658,0.0008126030516214798
2014-01-03,0.1128180233883219,2.715306943617953,2.774502847692663,1.1653491057178533,0.0008005578654211857
2014-01-04,0.16962094658071425,2.839648081740528,3.065502916135122,1.1491152234495745,0.0007894057033159199
2014-01-05,1.6122043046672516,2.653358318071372,2.911616084850939,1.1478134726426203,0.0007885114418090355
2014-01-06,0.060375455210958,2.7567806332587788,3.0368444441877824,1.1836910462712882,0.0008131581966910972
2014-01-07,0.03558774685733285,2.6126082149521155,2.5516011577142814,1.2335051369139796,0.0008473788966316914
2014-01-08,0.11638300312522415,2.8748389023578182,2.8364584577366805,1.312534910289378,0.0009016698437544904
2014-01-09,0.2764327844051725,2.594356755781951,2.8907011037240045,1.2591667345597468,0.0008650076001110132
2014-01-10,0.37069672012413324,2.7847541504144977,3.260340903425094,1.2757319654337589,0.0008763873881965235
2014-01-11,0.02943515678480265,2.888294400113729,3.2453593933737186,1.269119091365538,0.0008718445535022858
2014-01-12,0.04769038753667425,2.8109187004675587,2.9968622316966576,1.2715609617913624,0.0008735220410175218
2014-01-13,0.054529963543608,2.8981094170317023,3.366983212706297,1.260516028861002,0.000865934522490185
2014-01-14,0.38204267998747804,2.433464733011522,2.970337632728852,1.2099983053792904,0.0008312304491116378
2014-01-15,0.03625727193833825,2.8761168366767738,3.092838529848,1.1476498404732922,0.0007883990316998684
2014-01-16,0.01278344294288735,3.643744612371431,3.2308559788400517,1.1914966823583841,0.0008185204210524322
2014-01-17,0.00332715831322355,2.979511907883308,3.163047883216045,1.193793840121643,0.0008200984955594336
2014-01-18,0.0066921677229539,2.920571781733228,3.2749794913589425,1.1536618302936104,0.0007925290779785954
2014-01-19,0.0250078047118922,2.766147469957943,3.1721081747232174,1.1506372757471166,0.0007904513049578665
2014-01-20,0.0089224205208493,2.8549899278435458,3.3224544575315402,1.182984539582504,0.0008126728490095281
2014-01-21,0.0493096634219132,2.546292983672836,3.3713657837138795,1.215931071867836,0.0008353060714747637
2014-01-22,0.12862458921792064,2.6735418354756937,3.1444097958483797,1.2768659319291873,0.000877166387204276
2014-01-23,0.14200827298022595,2.8010431419911046,3.437955276606541,1.1684946791943633,0.0008027187746075614
2014-01-24,0.14119935336663136,2.549342618613004,3.337985109610281,1.0592639301041087,0.0007276807152818239
2014-01-25,0.11058955845128185,2.240501136533392,3.0593361952189815,1.1199798446600338,0.0007693906223950618
2014-01-26,1.005993299857122,2.3850630521518696,3.276203728341633,1.1521265857041272,0.000791474413650605
2014-01-27,0.0966714621612588,2.2795822640711614,3.389561229099494,1.0228640404718818,0.0007026751458755712
2014-01-28,0.05200909784763935,2.4967125391725,3.405777496338484,1.0476588397527435,0.0007197083863770139
2014-01-29,0.1211728424687031,2.171994658190227,3.1529889492184022,1.1304451240174844,0.0007765799373070737
2014-01-30,0.143110371224386,2.4835937920044056,3.3171478284279474,1.0826553098003897,0.0007437498510515519
2014-01-31,0.0067726119354924,2.6569299704968725,3.6440850165213243,1.1039637886948563,0.0007583881000495793
2014-02-01,0.01321933146194885,2.548096609648516,3.505392767888517,1.0663663620252835,0.0007325598606900254
2014-02-02,0.33622582347569746,2.119525676788076,3.068174327751941,1.0668412171456583,0.0007328860710931452
2014-02-03,0.1088285361309206,2.149160243698601,3.1540489226846895,0.9660125048015662,0.000663619944460963
2014-02-04,0.1010219750232598,2.472542142447589,3.4510775800761664,1.0003421101038021,0.0006872032942114058
2014-02-05,0.00698121441572105,2.390417135376516,3.4587739557294475,1.0257739182566137,0.0007046741395990413
2014-02-06,0.303590890678288,2.197248781320366,3.3094421524017865,1.0515804004922396,0.0007224023741951936
2014-02-07,0.28383427690495977,2.112462117430941,3.0058658335823942,1.0234527322683105,0.0007030795584637197
2014-02-08,0.09026871173564645,2.41828050406883,3.1438041930660416,1.131743674432258,0.000777472000246061
2014-02-09,0.7167902414063989,2.3043147227559144,3.1161159089927732,1.0964267369864593,0.0007532103846356849
2014-02-10,0.13645394588620954,2.538429916633444,3.559668117881987,1.0998801732809937,0.0007555827858112257
2014-02-11,0.4870919575908302,2.3307116162255537,3.3082990683325337,1.0662571967842418,0.0007324848676326508
2014-02-12,0.7893583952460042,2.48578647918373,3.422151537627421,1.0904247344250557,0.0007490871992869907
2014-02-13,0.5712400578659559,2.6220708524753973,3.4852595094176078,1.1491893787197665,0.0007894566456339971
2014-02-14,1.1923731295347872,2.627035912036845,3.5201512367036396,1.0983781598957039,0.0007545509502662703
2014-02-15,0.737686508807919,2.8727171690192064,3.7523385020573796,1.1888761722509662,0.0008167202137432097
2014-02-16,0.0365037438595077,2.560719040958898,3.351590203989673,0.9560405905919989,0.0006567695557537465
2014-02-17,0.06841733401989784,2.5811579899533337,3.6168412584687437,0.9584947340773948,0.0006584554744715505
2014-02-18,0.08092597760831174,2.4103733445765325,3.2222545228631376,0.9544809477377968,0.0006556981305919189
2014-02-19,0.14390251490301034,2.211579467500616,3.3614398779556276,0.9313433105379201,0.0006398033078673475
2014-02-20,1.014348922353085,2.314267739953912,3.5754928330100806,0.9415996452516894,0.0006468490844378307
2014-02-21,0.19675768271598135,2.558943785177496,3.7707444754289723,0.9263779688011387,0.000636392275617543
2014-02-22,0.264731551758176,2.243442925757139,3.1938705047828324,0.9169010851438427,0.0006298819571951023
2014-02-23,0.847937170116323,2.364098349998276,3.58268139143777,0.8809394338012637,0.0006051774435909134
2014-02-24,0.2403367368246306,2.5711902537052467,3.822591212160137,0.9169307849051783,0.0006299023599889274
2014-02-25,1.8873236623516951,2.6444255807285244,3.8618647617023436,1.033787680001219,0.0007101793396843866
2014-02-26,0.9500023495169488,2.366053930117939,3.4991307449189817,0.9421233899608185,0.0006472088804374232
2014-02-27,0.6017447488635121,2.5043612862034585,3.548891782107184,0.9599463607277474,0.0006594526959281019
2014-02-28,3.147022611063322,2.8174026121623417,3.3411247491780203,0.9907386543663237,0.0006806060247853253
2014-03-01,2.118160210128101,3.4626121800488714,3.823722230939815,0.9818781663121913,0.0006745191505873685
2014-03-02,0.12548511563386575,3.256688939206187,3.8226744456293473,1.0351981570120932,0.0007111482926440714
2014-03-03,0.2141735438187858,3.128654964900804,3.9404210868226777,1.02863868875537,0.0007066421460480556
2014-03-04,10.800556661691937,3.0062329295645656,3.7216071754712354,1.2106539957683686,0.0008316808876074346
2014-03-05,2.3794765486700533,3.2005913421434973,3.5433137620435255,1.0119591198909412,0.0006951838113904533
2014-03-06,0.7627092166253151,2.9402518665695987,3.6142336815096208,0.9940028458374202,0.0006828484207708762
2014-03-07,14.68732697179086,2.9477078250352147,3.3936037694824304,1.078438396822318,0.0007408529656153953
2014-03-08,3.992610505050226,3.7537203098473175,3.7565414036765956,0.9926645841531473,0.0006819290774495661
2014-03-09,11.370257756955754,3.278750897501796,3.600928228178968,1.1199268392684356,0.0007693542093726074
2014-03-10,0.9601804689028955,3.6885541772683945,3.8171930455233114,1.0492123189510845,0.0007207755773028043
2014-03-11,1.1283206285375265,3.180235114721757,3.624134185905171,1.0393942591236207,0.0007140308816751278
2014-03-12,2.462453456470938,3.4467516463780288,3.690921707801235,1.053752116749131,0.0007238942743668992
2014-03-13,0.5457293389069278,3.029718550998801,3.1672861581636877,1.0033482545517038,0.0006892684200784544
2014-03-14,0.5077962822145304,3.2591543114052417,3.4408643094567206,0.9954323942404637,0.0006838304751719493
2014-03-15,0.6432890288151939,3.294894002109613,3.792893584639917,1.00873016096228,0.0006929656190438181
2014-03-16,0.8276884311240904,3.3142054844871294,3.837120675002558,1.0075369828838137,0.000692145943556981
2014-03-17,1.0067457673687996,3.3920485267533853,3.8758558568724855,0.948504601865016,0.000651592570574361
2014-03-18,4.997823646112037,3.5587783957197376,4.073623047972752,1.0757933271170725,0.0007390358866416082
2014-03-19,0.22030558507397485,3.378802678015844,4.0110359421988475,0.9152614287240957,0.0006287555652521417
2014-03-20,0.0639848589487803,3.627664269799587,4.012517727624286,0.8761931013372791,0.000601916863763544
2014-03-21,0.0123959869894446,3.4433134382600232,4.093760538476082,0.9099195085820823,0.0006250858355847333
2014-03-22,0.0329409356321048,3.2014509728481904,4.143403414220986,0.9059125037157424,0.0006223331503620907
2014-03-23,0.0319169094147564,3.0853078424240463,4.162673277128022,0.8983168781216666,0.0006171151965469667
2014-03-24,0.06828827334567544,3.102077701565128,4.12711917245098,0.9040887916862188,0.0006210803180543
2014-03-25,0.24640841453070725,2.900511374629996,4.168508930918868,0.9062702617332475,0.0006225789187703951
2014-03-26,0.06432861958727824,2.7286753675055344,3.7616125244533167,0.9120723298467744,0.0006265647554962336
2014-03-27,5.8954690126926845,2.872762597752272,4.3339747947235985,1.1088347463295851,0.0007617342934155693
2014-03-28,0.17550283242731904,2.622242729414389,4.144479836715993,0.8690606206178376,0.0005970170757842186
2014-03-29,0.0301102894656661,2.7584162257982365,4.322552872283012,0.8633469125997574,0.0005930919396407652
2014-03-30,0.1099130326707268,2.661427232160475,3.857685800070653,0.8910773122454303,0.0006121418444621546
2014-03-31,0.1691773712282531,2.775977057361685,3.997290020098557,0.8440439987448329,0.0005798314501992014
2014-04-01,0.4453881105366539,2.7845721583219176,4.113699899085393,0.8582318722438942,0.0005895780691887768
2014-04-02,2.2887680833402597,2.695381662154995,3.8949754858621097,0.8577680951842418,0.0005892594690619265
2014-04-03,4.004433844486307,2.885034350969064,3.7137708371893523,0.8673449857476504,0.0005958384890561898
2014-04-04,16.924831745397114,3.810455540185523,3.3192868476340807,0.9173186581475224,0.0006301688166013035
2014-04-05,1.1973858441435048,3.661011738661121,3.5178984481483595,0.9816456155750531,0.0006743593956085282
2014-04-06,2.308197400833664,3.579820578160662,3.643997228141671,0.9967763446077585,0.0006847537264380245
2014-04-07,3.3477243490157305,3.7016059474869416,3.5124510706323147,1.0214662316019814,0.0007017148955268442
2014-04-08,2.4315655307481534,3.239725650915969,3.3767014740491943,1.0064505240750508,0.0006913995808228066
2014-04-09,3.345982367991912,5.803586699477498,4.200563385754799,1.1543635019414245,0.0007930111041404076
2014-04-10,0.00042617315898495,5.329758296265406,4.1908969835033965,0.9723731328362482,0.0006679894941325581
2014-04-11,0.10170230239408104,4.35797372708292,4.251092637661594,1.0035324188442947,0.0006893949351049301
2014-04-12,0.0301164764562574,4.076328608614758,4.155803315281297,0.9607192618674836,0.0006599836544911392
2014-04-13,0.3029871738361531,4.078743793230063,4.313239949458923,0.9632684019496573,0.0006617348328572029
2014-04-14,1.214229595378292,3.3162166572161547,3.8113625265424336,0.9040574544104397,0.0006210587903400015
2014-04-15,1.3691771641296957,3.8224734393097015,4.008542141047169,0.9083747387907143,0.0006240246277452311
2014-04-16,1.1722674435602887,3.250919199368148,3.3347165998956965,0.9040154550831022,0.0006210299381345316
2014-04-17,6.835329335717649,3.477302403868165,3.801990154089644,0.9752232870087428,0.0006699474596291277
2014-04-18,0.59853456592658,3.490695360837118,3.794949247955679,0.8941459839302376,0.0006142499245573072
2014-04-19,0.2743309398867049,3.602949015821744,3.8009725729032753,0.9100866148498581,0.0006252006322893197
2014-04-20,0.1354963354140162,3.361764384711587,3.6479141913305115,0.9403762679084723,0.0006460086630141687
2014-04-21,0.17716926019351234,3.285855490164783,3.9868810793525697,0.9373783557807028,0.0006439491924898842
2014-04-22,1.5948159080222377,3.059709936661541,3.8591106319255077,0.9320067397509328,0.0006402590626896764
2014-04-23,3.0946745350531595,3.170935250179743,3.5199879410590262,1.0051339653284403,0.0006904951467311541
2014-04-24,4.4334727796342275,3.2244521220363227,3.6104024876520957,0.9696598058737061,0.000666125524588441
2014-04-25,2.219256598712124,3.683185501193458,4.129626786736902,1.0171285272018085,0.0006987350302157609
2014-04-26,4.146092330867603,3.663837583815459,4.047817561783783,0.9419873192946168,0.000647115404206527
2014-04-27,7.805502741638934,3.599439351460026,3.921114737800861,0.9684996602505689,0.0006653285413504743
2014-04-28,7.2756927489362955,3.88292371060565,3.920287118327644,1.0612040034461223,0.000729013484119782
2014-04-29,8.444272958739857,3.7441862991485455,3.924255607747521,1.082413657909999,0.0007435838438691573
2014-04-30,11.604632285049869,3.9012924269621294,4.003592491925319,1.0808200800052374,0.0007424891064041705
2014-05-01,23.035572923498872,3.6184750058038055,3.171156439056434,1.081579476809756,0.0007430107879173326
2014-05-02,13.303495551417726,3.3681030667947662,3.1257181387302215,1.2332484938218873,0.0008472025909693175
2014-05-03,11.992184833176816,2.947291018246429,2.765090757197837,1.1735702381229478,0.0008062055225715408
2014-05-04,9.262916903315393,2.9341015488701654,2.484474153278448,1.5208290603646533,0.0010447613168124833
2014-05-05,9.546938956261,3.768455420060029,3.5227215739627753,1.41449036360242,0.0009717100056869611
2014-05-06,4.834211508999121,3.824360864348774,3.862073841003417,1.4599998141061608,0.0010029735544149821
2014-05-07,18.26220333984329,3.863598220050336,3.7980689219032713,1.5695988513630226,0.0010782646160273923
2014-05-08,20.526952107089816,3.813706662691172,3.63369627705506,1.6534345034550875,0.0011358570493640737
2014-05-09,18.49062430436011,3.5344605241450084,3.2583417438849587,1.5866956844158684,0.0010900095979449076
2014-05-10,6.678387596765546,3.48898829927422,3.238337147946157,1.6703706182398874,0.0011474916229301604
2014-05-11,24.315808116781987,3.164721597752839,3.044529898100972,1.587450338391753,0.0010905280212852625
2014-05-12,17.014633774857227,2.96726094887913,2.8904341853198283,1.8615715102048092,0.001278840569942717
2014-05-13,9.952663562145238,2.891592424215931,2.844068428104743,1.8054427182589552,0.0012402818705380752
2014-05-14,5.805099857230851,3.90096515893144,3.632451032253013,1.872946153929137,0.001286654589325574
2014-05-15,14.216519183390158,3.527155457508605,2.9911744352189666,1.7989487521891026,0.0012358207218664105
2014-05-16,1.0670977099861612,4.111904521531859,3.4348190880701646,1.7326502853967989,0.0011902757784708867
2014-05-17,1.5447299619643586,4.19414553018111,3.579951654855822,1.5382445478781803,0.0010567252042353087
2014-05-18,10.142247006978067,3.7949714301662016,3.463314996402551,1.484209073747643,0.0010196045477601683
2014-05-19,8.730345820387225,4.075826655300158,3.6933566495014047,1.464315405073621,0.0010059382284993308
2014-05-20,13.732653411185183,3.675025296724988,3.392215864857603,1.5965600752098523,0.0010967861214767531
2014-05-21,21.25802969992659,3.400662028123697,3.086532915532701,1.7074955485178422,0.0011729952722584207
2014-05-22,12.981983454434923,3.8256013772321,3.645670368396869,2.1151416752123096,0.0014530352288967443
2014-05-23,9.125450818416935,3.873419513411526,3.4503641669992455,2.2666976724082257,0.0015571493909204953
2014-05-24,6.079865032570481,3.969533588596672,3.7510972266767872,2.359310512353843,0.0016207714738599988
2014-05-25,16.970367189816177,3.943360366700393,3.639425911987465,2.5960118529346303,0.001783377785589187
2014-05-26,12.637314903797144,4.073523328436689,3.742173440575664,2.701529419120368,0.001855865006058677
2014-05-27,12.069621921919344,3.912681924565784,3.613426888417527,2.8279265306305232,0.0019426958117713064
2014-05-28,18.637005299258558,3.796148420619822,3.522610860106481,2.9067263950212423,0.001996828818715396
2014-05-29,11.623473348924126,3.486839901834829,3.229998623601113,2.9972081816004605,0.0020589869355989486
2014-05-30,6.494051613384404,3.4746002121532973,3.2258202345671445,3.2140857302984243,0.0022079749312060417
2014-05-31,9.089798151563349,3.696306363406301,3.4799988337816434,3.236253860960922,0.002223203733696618
2014-06-01,17.878282662004036,3.323746115084272,3.1638905920731326,3.1982531028600922,0.00219709841843931
2014-06-02,37.84363771024826,1.781908862331106,1.7441259202954331,3.394780638508279,0.0023321066006767536
2014-06-03,38.77890124031947,2.9775717808492805,2.8644128982568855,3.744712639478789,0.0025724987838989214
2014-06-04,16.590224940972277,2.7549977990995145,2.5736500741965003,3.5281364202396026,0.0024237177920704593
2014-06-05,4.743196221531303,3.347564513410089,3.3577855864534483,3.0999056638878777,0.00212953684789626
2014-06-06,13.124620367613977,3.462387811980413,3.40451706616337,3.101418719458109,0.0021305762690719617
2014-06-07,8.981490266068429,3.403766389048018,3.316356040168031,3.2529185463131016,0.0022346518438534782
2014-06-08,9.466267193942905,3.4310502842017554,3.167027313084821,3.3508032013853977,0.002301895496538907
2014-06-09,7.280566828123419,3.670647022303187,3.601822933693298,3.4032773553875018,0.002337943575618034
2014-06-10,6.843925591189002,3.897494746701181,3.842145221726581,3.345461867249318,0.0022982261694389845
2014-06-11,11.037848086894883,3.912107639596199,3.6937468166045235,3.519357908859318,0.0024176872332467604
2014-06-12,15.537062271997954,4.066179166220474,3.875872275107286,3.3851884771357796,0.0023255170901211046
2014-06-13,33.57242570909634,3.991312328182916,3.7237147297892443,3.510251926144191,0.0024114317120049146
2014-06-14,12.148542436153585,4.021072678753586,3.678003550643946,3.725836506098024,0.0025595314791036754
2014-06-15,18.393810333736788,3.994786492061656,3.6985306770571373,3.8806026780289247,0.0026658509293289267
2014-06-16,6.543901079617071,3.8559008485559327,3.153229764748373,4.060269164312393,0.0027892761055624614
2014-06-17,7.115381562659043,4.081831222614129,3.7983407975928367,4.151659422445983,0.002852058313582992
2014-06-18,3.7126257670315974,4.731448594078192,4.138040645321259,4.192373132334365,0.0028800273406511022
2014-06-19,7.599653954111284,4.326414825685489,3.8575299718261626,4.073792183250398,0.0027985659905608207
2014-06-20,24.457248105157735,4.070591352445491,3.5725633759072246,4.181840472060107,0.002872791737186875
2014-06-21,18.870280558247256,4.249101269057286,3.7752941752424913,4.1753128881231785,0.0028683074941070414
2014-06-22,15.154941385561441,4.422836943400152,4.065389515511189,4.166230824745983,0.002862068404691524
2014-06-23,40.187160365844875,4.1936098575579255,3.8200843487881446,3.833970487983732,0.002633816094154365
2014-06-24,5.854695665999875,4.290848027109639,3.685992721776569,3.9305990895937315,0.00270019687795896
2014-06-25,8.561715859943504,4.841362400136978,4.118405301085245,3.867652511163461,0.0026569545755309137
2014-06-26,1.979777770653604,4.823082251279371,4.036547391926491,3.655845291669202,0.0025114497352327187
2014-06-27,9.203689302188948,4.288914227637735,3.7213355492799383,3.761893996634911,0.002584301831193896
2014-06-28,9.54485540096144,4.491393537441105,3.813103205686592,3.974551503284502,0.002730390791792804
2014-06-29,1.5387325603221156,4.958995677032356,4.106500479181934,3.599853338072877,0.002472985039433065
2014-06-30,1.9430417769979489,4.439140388847521,3.8137971668042243,3.5063033676665794,0.002408719177597141
2014-07-01,6.19131801150572,4.296335506717806,3.72506702759483,3.141487967194497,0.0021581025710869406
2014-07-02,6.61502407342118,4.690059888820399,4.014010063371222,3.248007951111203,0.002231278420736328
2014-07-03,9.820461676368883,4.387095578551599,3.889716655253087,3.2100417969324337,0.00220519687727568
2014-07-04,15.099490255998047,4.30879064581611,3.6656488866305934,3.1639335403109743,0.002173521967741657
2014-07-05,3.5293411768194805,4.3179445035793975,3.509472876953842,2.6691016871170503,0.001833588182928466
2014-07-06,7.4352122548707875,4.124438374161107,3.5641554528135613,2.6866782360449797,0.0018456627144333804
2014-07-07,3.8869530506684167,5.180036255332609,4.247472072161003,2.6973011616511733,0.0018529603273170182
2014-07-08,0.22838613593128446,5.270578363338425,4.386269934072029,2.204261770613101,0.0015142579071397945
2014-07-09,0.2800210748078688,5.144412394478841,4.227247240186085,2.1456789950899755,0.001474013398869157
2014-07-10,0.14399893032338976,5.751293005603869,4.431307305907472,1.9388773073501984,0.0013319472000879156
2014-07-11,0.0499194523073592,5.267372600874811,4.049095234616454,1.7429111363567609,0.0011973246575592282
2014-07-12,1.225526759652,4.685563067258631,3.8970769330103026,1.8048757025398143,0.0012398923487273593
2014-07-13,4.368949733858132,4.295630271883608,3.5172450597457465,1.8857382536308394,0.0012954423559966965
2014-07-14,9.263686411010031,3.317659180835018,2.952324458411452,1.7868528981825818,0.0012275112538997779
2014-07-15,15.61823063595979,4.280027268872968,3.8136680698855687,1.7229982654759655,0.0011836451469915195
2014-07-16,5.70533239304728,4.384444122351259,3.9394006640333576,1.776228680814147,0.0012202127536164612
2014-07-17,4.540929759876336,4.68610802195698,4.249434292404358,1.7879013018767782,0.0012282314739775276
2014-07-18,3.558383405599934,5.005406380325913,4.207991371454584,1.883618181088575,0.0012939859334185648
2014-07-19,1.9416164279542674,5.047340950837573,4.191825110246122,2.2583680510359017,0.0015514272052914201
2014-07-20,2.112912636393114,4.58296146691101,3.6666818739408997,1.9775200933753492,0.0013584935681611686
2014-07-21,2.0561665733292473,4.8866858226638525,4.075838070953222,1.7784463205359216,0.0012217362017516388
2014-07-22,2.6521182480396552,4.898278988373832,4.009449803827817,1.8419674438161893,0.0012653731982644409
2014-07-23,1.0031593592251795,4.88617249139893,3.954503131398454,1.5819045159939082,0.0010867182172368105
2014-07-24,0.9859515526136415,4.916837688145671,3.9612769346441383,1.5836158995553318,0.0010878938834505897
2014-07-25,0.6751661405885646,4.765129328655849,3.9781020902541946,1.4092988867898175,0.000968143625814107
2014-07-26,9.755260354356947,4.120230858452223,3.5499396397256042,1.5149877808289756,0.001040748543083593
2014-07-27,0.6248514888396677,4.378358291950889,3.6846964240851534,1.443978621907744,0.000991967503640209
2014-07-28,8.606730039115028,4.499040176615912,3.910007505520999,1.4864254167528983,0.0010211271050922352
2014-07-29,13.815929484560868,3.891288647891421,3.252757729256314,1.4725747280153239,0.0010116121213367575
2014-07-30,0.15162836063716364,5.3262604723203655,4.338899073612512,1.4084432770542035,0.0009675558490695967
2014-07-31,0.0778202552992703,5.336384252224942,4.368583118650188,1.3941263796709609,0.0009577205947648169
2014-08-01,0.35622407915232895,4.860862862721316,4.219480345323799,1.407291330817344,0.0009667644985498809
2014-08-02,4.720777616274651,4.932216886194554,4.222489972329064,1.4730810764261448,0.0010119599666313026
2014-08-03,3.043553062977542,4.211778805222152,3.787234141336757,1.4204643909121184,0.0009758139729252369
2014-08-04,3.433248482260416,3.345121251735485,2.953431581882784,1.3796469210953064,0.0009477736660780351
2014-08-05,11.449165918966399,3.703494645706274,3.3419316952609064,1.3770109526352865,0.0009459628393709848
2014-08-06,15.877942651346942,4.974187567421134,4.2907537726679115,1.3852428250033475,0.0009516178745351771
2014-08-07,0.9878728816784365,4.2493881148128025,3.71709995304871,1.2351408678319655,0.0008485025918794771
2014-08-08,14.513998218759259,4.164449447257953,3.677951198648777,1.2509797534491833,0.0008593834038165655
2014-08-09,3.316615984533909,4.066245941889327,3.584429886663338,1.2117358137243832,0.0008324240622230001
2014-08-10,8.814854717968014,3.79735316384718,3.452907413218117,1.2048641022579825,0.0008277034144477195
2014-08-11,6.530911153538895,4.440096516871432,3.8405231603998033,1.2618310837367122,0.0008668379234702387
2014-08-12,5.036810395718959,3.787862704060396,3.3620140091482784,1.2232293380283075,0.0008403197487926037
2014-08-13,2.8728265243076194,4.606672155305002,3.977878809294163,1.2951025309448445,0.0008896943521796498
2014-08-14,2.113982457462666,4.966767613438964,4.231223048833478,1.2237896047440804,0.0008407046342521153
2014-08-15,0.9354634501310736,5.10063323098048,4.181698726056732,1.2144485013703958,0.0008342875925769436
2014-08-16,0.5789913922402842,4.528447317908396,3.7936232857556242,1.1750725229027625,0.0008072375445559249
2014-08-17,10.451495325021607,4.431042911270778,3.850673777946901,1.3313384366048084,0.00091458726979928
2014-08-18,1.2711688301429716,4.738838506118102,4.096231210116079,1.1397517501850793,0.0007829732942354365
2014-08-19,9.368524817287021,4.447583053229093,3.879142285071273,1.3977873693977985,0.0009602355785638053
2014-08-20,8.01445855515021,4.12957923244014,3.5963400811641613,1.1659001511865348,0.0008009364161764857
2014-08-21,11.476172444238916,4.549200503606075,3.629415581194756,1.220222707213393,0.0008382542888068472
2014-08-22,3.3759301958740893,3.977164170045029,3.5531520658032343,1.1548497714552948,0.0007933451558697421
2014-08-23,0.7734560434855074,4.484391891066861,3.900714480427997,1.1244322197228758,0.0007724492628135204
2014-08-24,1.0556467580345443,4.678303106667196,4.151300163477044,1.1089966808996263,0.000761845537327882
2014-08-25,12.860812119103926,4.064587865018416,3.7237972796864445,1.157948457618394,0.0007954738549592848
2014-08-26,9.366073891597141,4.652765430957334,4.131569161576229,1.2161007804353234,0.0008354226558766951
2014-08-27,5.266159303854472,3.800447378467328,3.4622931011198372,1.1540370205376371,0.0007927868217734902
2014-08-28,5.067561435123129,3.970274514012282,3.5763548592783994,1.153043539808713,0.0007921043320304748
2014-08-29,15.84717534367476,3.6730631390398,3.2350313536469057,1.2140644623611971,0.000834023769961099
2014-08-30,7.073628660220096,3.8344352897480265,3.554591154854893,1.1988229878997854,0.0008235533605354333
2014-08-31,17.071131581035754,3.29297800559557,3.0405970291640254,1.4171213079115792,0.0009735173809617591
2014-09-01,28.227776290692205,3.066423737266665,2.6607797325804787,1.5108830487465619,0.0010379287223638621
2014-09-02,4.76627163822102,3.986672178792605,3.6985717697956924,1.5359792528384502,0.00105516901840854
2014-09-03,11.178213608341359,4.426771836390473,4.093126581987976,1.467720584283285,0.0010082774785885014
2014-09-04,5.605360792400633,4.199996940459334,3.702767295661518,1.7950486371819663,0.0012331414665860052
2014-09-05,14.325931644501722,3.771992005714524,3.2804498831170483,1.7971352864920065,0.001234574928463937
2014-09-06,11.607402069821802,3.028098811710167,2.6848903732863345,1.623726511726236,0.0011154486015198123
2014-09-07,17.306604359419744,3.3911819023433214,3.1782261397116525,1.6473170322545336,0.001131654540723477
2014-09-08,18.406509909523514,3.5453132269057366,3.233457744091314,1.7615701028294288,0.00121014277557814
2014-09-09,15.20094092216315,3.810156123172716,3.6166860492976753,1.798344693933228,0.0012354057530081172
2014-09-10,12.619346712033991,3.5818029693479603,3.3660246741161473,2.110902033265439,0.0014501227293800903
2014-09-11,22.81860321731162,3.1664351010966665,2.9653493572258167,2.092620654169518,0.0014375640019102039
2014-09-12,18.206245572010364,3.290714462020947,3.1619479117150586,2.8393798813359292,0.0019505639003532184
2014-09-13,11.482662219606988,3.2084219974000807,3.0191519281284034,2.9786582766351333,0.0020462437393756502
2014-09-14,7.35611628655314,3.5943040531607884,3.3387663346235508,3.4996985018260918,0.0024041818443012986
2014-09-15,32.11830975094972,2.2752934852758777,2.1365117902916784,3.692444443967144,0.002536592191768794
2014-09-16,13.063433796177065,2.941612628692726,2.6794173290021357,4.345386238596411,0.002985142490377116
2014-09-17,8.69133216344217,3.270591694644396,3.179940396048681,4.231747105956205,0.002907076011406664
2014-09-18,3.6770533917232817,4.192696143849075,3.9746469273194127,4.850207943342487,0.003331938986282825
2014-09-19,6.718830654137946,3.9681900918841566,3.7265607898438735,4.207778355096865,0.0028906102399647703
2014-09-20,11.249476452810057,3.944055808270365,3.8043269378352225,4.028803561371487,0.00276766023457499
2014-09-21,20.31039128566843,3.7791083205817184,3.6356554329458532,4.278881576797362,0.0029394558975534076
2014-09-22,17.993430291219866,3.674957555388044,3.463915296790217,4.7107068415501185,0.003236106154964858
2014-09-23,21.22008336795988,3.306203116031801,2.998860802399678,5.448879948304672,0.003743207661075961
2014-09-24,18.751178871296588,3.242967111149589,2.980069953553934,5.408370328144487,0.003715378837176463
2014-09-25,21.411433899249108,3.26227859192964,3.0928166735698217,5.4010902511701175,0.0037103776552524304
2014-09-26,14.408431896291678,2.288925110827333,2.2585674900994555,5.51383746442744,0.003787831413902607
2014-09-27,11.876202396737444,3.3945607366503614,3.2694929300618476,5.500851619404032,0.0037789105503419603
2014-09-28,9.656409394202642,3.4349253433109554,3.3801027151001146,5.599362550351976,0.0038465844346856222
2014-09-29,12.321655458734444,3.632944086838137,3.433639035497826,5.458636063051895,0.003749909802398694
2014-09-30,11.8461144785566,3.63001444314704,3.59101303052264,5.410829300288605,0.0037170680730296214
2014-10-01,21.599618624905254,3.769630559050761,3.74321710928444,5.518388536146882,0.00379095785579304
2014-10-02,13.225358135495128,4.034040175461391,3.7622165549802746,5.521905708466398,0.003793374041595744
2014-10-03,1.4808017318939353,4.675089852887607,4.076014872322085,4.424105180016302,0.003039219905807494
2014-10-04,1.015866607921773,4.563849285168264,3.9536889311676586,3.967844826595707,0.00272578351767408
2014-10-05,6.098410766107069,4.242528138896307,3.6862596373414664,3.9118559193414213,0.0026873209146147637
2014-10-06,3.6619467663598764,4.33684684221168,3.911883436868412,3.6921205042541527,0.0025363696554628196
2014-10-07,2.2190960224391203,4.636188855596002,3.9905311518165356,3.518023816311989,0.0024167707539902664
2014-10-08,4.745635212758896,4.125709218128008,3.5468456597230285,3.5522408000846606,0.002440276736322769
2014-10-09,10.132478271394534,3.0334569572904,2.5661641124301413,3.2802639101426543,0.0022534372412842912
2014-10-10,8.677053287756113,3.931724314624205,3.286513036109651,3.361267130923108,0.00230908388416758
2014-10-11,4.97918821381219,3.373385334345888,2.9056463863341104,3.557325088194836,0.0024437694809575717
2014-10-12,12.417272287786837,3.0869490292888155,2.7862476337582245,3.198844155534216,0.0021975044528755364
2014-10-13,19.970950632685103,2.827227336081388,2.7117024058416184,3.319569995275623,0.002280439274801732
2014-10-14,17.20291176147094,2.365358256915421,2.4014056460324036,3.478175143494924,0.002389395979947217
2014-10-15,29.597643011715874,2.288266339085318,2.2604568563008867,3.9243090090999315,0.00269587579220986
2014-10-16,40.80127038755522,2.4660314085029107,2.403623094269019,4.387324925222036,0.003013953037601844
2014-10-17,4.794449820276575,3.258876849962702,3.306219598410424,5.374700227930104,0.003692248546498855
2014-10-18,8.47597460511181,3.3286742548143584,3.3022300787659606,5.718304176527984,0.003928293558495808
2014-10-19,12.65900806083598,3.030244439942555,2.875762526636807,5.731860465855632,0.003937606299196363
2014-10-20,3.6337809308736833,3.440645968263544,3.2473439407363736,5.978212971517988,0.004106842655157463
2014-10-21,6.583693886544184,2.4994365267110528,2.261261260116329,6.301002877066891,0.004328589079896472
2014-10-22,4.457356706728305,3.0952316619404696,2.931999527319989,6.558628269475528,0.004505569551424709
2014-10-23,11.676299223680372,3.0249725207750324,2.936175512846269,5.7524365887087665,0.003951741442827681
2014-10-24,18.71956471245529,2.8881757659118747,2.961027616586864,6.148887450348259,0.004224090607538281
2014-10-25,8.737345133933776,3.2146023722176995,2.894490729027568,6.49780983343163,0.004463789215301685
2014-10-26,1.7040461930844983,4.040470289299664,3.6340226361341292,6.3528493061931535,0.004364205931900202
2014-10-27,5.836693342698505,3.7777331365371447,3.1385187421119536,6.133667057881421,0.004213634680774071
2014-10-28,0.0332991622937891,4.324515982759449,3.690387996393604,4.755226188492648,0.0032666895339569435
2014-10-29,1.439171619214857,3.3643860321996755,3.1799613487793232,3.1759671517534978,0.0021817886770414425
2014-10-30,6.660977103269746,3.0685550697774056,2.9469550812960144,2.7983365711012205,0.0019223684483036135
2014-10-31,18.718269962778983,2.5430921222343663,2.3794026422408603,2.961719017666609,0.002034607005855093
2014-11-01,4.954928497672573,3.06397355057772,2.569691374582565,3.200934165316968,0.0021989402232916117
2014-11-02,0.1045516268773512,3.7621722634926464,3.1107722241691054,2.744957683032497,0.0018856988456230242
2014-11-03,0.0431606088714377,4.17761855293864,3.51363449550573,2.6315930922504887,0.0018078209681994294
2014-11-04,0.37872268229140416,3.835537809539925,3.369586332884322,2.4727366163220847,0.001698691608891056
2014-11-05,0.3620301560181569,3.493306655947944,3.328428708807772,2.444976402732649,0.0016796212228361363
2014-11-06,0.5484374383269138,3.7997154188286486,3.664628108606023,2.3260253534917945,0.0015979056256793438
2014-11-07,3.2477145640309444,4.001194170291183,3.3713501947122033,2.374493120145132,0.00163120144375081
2014-11-08,0.68349463539977,2.915642938319447,2.7897626344082918,2.255522356961989,0.0015494723037410816
2014-11-09,0.23107064793745066,3.1939213392588326,2.9847780269179753,2.241386360492432,0.001539761322624999
2014-11-10,0.915320779866216,3.4619923217755653,3.191229136054309,2.1633222638352163,0.0014861337647719066
2014-11-11,3.2201812806629326,3.756284030828478,3.5483761089385784,2.4989956699401104,0.0017167307456692814
2014-11-12,2.107188049301235,3.5651006247036765,3.438535665267275,2.848321028863574,0.0019567061850505906
2014-11-13,3.858342894559046,3.2801634854098745,3.1671264160671058,2.7220848287947983,0.0018699859203933416
2014-11-14,0.4289320119568269,3.407826211054268,3.0043812077374525,2.7745411062954686,0.001906021718883108
2014-11-15,0.1955095428851627,3.452369706037472,2.9971622955327115,2.441953911010962,0.0016775448669106075
2014-11-16,4.276902975431592,3.678313823094142,3.402469767159414,2.509813121590823,0.0017241619917742475
2014-11-17,4.78940047341881,3.336148916409825,3.281709902209546,2.4577807509048037,0.0016884174038178821
2014-11-18,14.878370594742924,3.449672721262453,3.113383442273347,2.6121557570592384,0.0017944681355642697
2014-11-19,0.8810055560208494,3.016630991954695,2.6974239841727226,1.858934836302823,0.0012770292586194159
2014-11-20,0.7621567344378859,2.261627984662919,2.075091456582322,1.8266419712933055,0.001254845084835347
2014-11-21,2.5041757199237935,2.9898188683950373,2.927956673816648,1.920130381600209,0.001319068656835955
2014-11-22,13.505616687262172,3.5011758285017107,3.2432298194501032,2.03439816076894,0.0013975669960279592
2014-11-23,0.20463290646058294,3.562718118647974,3.455715892198456,1.8972701038487068,0.0013033643712533059
2014-11-24,1.412667596096118,3.3686418840294228,3.400764385792432,1.8522667672447262,0.0012724485067181707
2014-11-25,3.021215771796628,3.518336674591485,3.3202818559368215,1.8675164412833265,0.001282924548993237
2014-11-26,1.768245191453014,3.107661629769804,2.784608123056205,1.7748952572418386,0.0012192967339245834
2014-11-27,0.0333720399114328,3.5637558428299063,2.8364049676762253,1.8368835812425977,0.0012618807459597713
2014-11-28,0.0034879668964536,3.802017160207289,2.8580622007031176,1.7803339527816346,0.00122303294522011
2014-11-29,0.0258873937264928,3.773394414570381,3.1875486575462073,1.730821020912787,0.0011890191318030118
2014-11-30,0.4388200224058918,3.570824802420254,3.2719845429855163,1.600366968475025,0.00109940133637785
2014-12-01,0.7194798867407228,3.170508712427898,3.0862546572131384,1.5409739164292728,0.0010586001938418476
2014-12-02,0.32963781376899925,3.1527452015894664,3.0154704375034296,1.5610360908814882,0.0010723822712265293
2014-12-03,0.00158794492636495,3.9419348097660327,3.3107269884704933,2.152944435082247,0.0014790045256508398
2014-12-04,0.1205617105061153,3.5251419892211926,3.0311477987414275,2.155112077287154,0.0014804936270780798
2014-12-05,1.3277932329571813,3.2951808702296503,3.1606487378333448,2.2648309461327947,0.001555867009190375
2014-12-06,0.7627416229575208,3.05024218804636,3.0312462214627987,1.635673226326147,0.0011236556154454887
2014-12-07,0.18319269800059454,3.205240386223508,3.028622933527323,1.615233822248199,0.0011096143932753787
2014-12-08,0.0037064912638173,3.5917487196739293,3.1119029012286217,1.6109453305671206,0.0011066683355410608
2014-12-09,0.02502549313713775,3.1127712016807,2.6518640351696954,1.5942577642464042,0.0010952045068847048
2014-12-10,0.01523834502372555,3.300710276925799,2.997219980933446,1.6820854652897674,0.0011555393512048652
2014-12-11,0.16530202432995994,3.0307868275133254,2.837093611819203,1.5541681204872098,0.001067664193449113
2014-12-12,0.0235978162045581,3.270898569426396,3.163140723354451,1.4417179864056522,0.000990414518767976
2014-12-13,0.0246869927250501,3.1675333844092046,3.04863382239024,1.410936932653542,0.0009692689113561741
2014-12-14,0.9321953543738863,2.621900599360415,2.852270312641764,1.3839439396443236,0.0009507255815001158
2014-12-15,0.27133911004606276,3.075734992538728,3.302618594901116,1.2608998286492612,0.0008661981807688334
2014-12-16,0.0581509767937541,3.178985448359267,3.3162530646573094,1.2976141418827842,0.0008914197492142209
2014-12-17,0.03716839357115385,3.351034523078958,3.3184633758151865,1.245102828206029,0.0008553461426174836
2014-12-18,1.0319455629134096,2.8849605360670627,3.1666435336423135,1.3210746430059586,0.0009075363692113766
2014-12-19,0.4764408371538154,2.6922286144660634,3.1716948636441202,1.1122007785825867,0.0007640466507874334
2014-12-20,0.14228629743620164,2.9101362164367126,3.1489472073795124,1.1184093454876014,0.000768311739287022
2014-12-21,0.26098600048687637,2.8579524673495955,3.1584307812801815,1.1205652586448478,0.0007697927832306182
2014-12-22,0.3247247392582481,2.806189656896616,3.277820203560705,1.1762840444375589,0.0008080698214153223
2014-12-23,0.1265139959586423,2.92015325686995,3.365098765076328,1.2217809490904574,0.0008393247515418265
2014-12-24,0.03891862890548715,2.842338877134217,3.069186409829723,1.2280603306000266,0.0008436384874281808
2014-12-25,0.0285896548643846,2.7904808249701567,3.118630089784229,1.2508552375376165,0.0008592978653355337
2014-12-26,2.177551920089172,3.262923300381283,3.3215513609014384,1.379944792523031,0.000947978294299037
2014-12-27,0.0017004576391871,3.074477770961629,3.247349398423987,1.1071137643770994,0.0007605520334116354
2014-12-28,1.725551935689754,2.69061887770968,3.100287664930406,1.2606788825844015,0.0008660463978316951
2014-12-29,0.0495818706666633,2.5330536462059867,3.1047300329025402,1.0539649660834716,0.0007240404951070362
2014-12-30,0.01563228418851665,2.8998957352639274,3.4229306031776154,1.0732212203540599,0.0007372689308944166
2014-12-31,0.01108345366826875,2.7792073752711914,3.0833630365227127,1.0417054110994375,0.0007156185697621961
2015-01-01,0.13076892117241096,2.539930468198314,3.146548976261141,1.022865827250651,0.0007026763733359009
2015-01-02,0.00602575917423405,2.854912120075721,3.284209497992817,0.9864092567544153,0.0006776318659742505
2015-01-03,0.01177093697678475,2.717276624568433,3.1170175896000956,0.9772732689282834,0.0006713557321730435
2015-01-04,0.1399024913328895,2.3808429755692218,3.0086369720073263,0.976573845101319,0.0006708752501928438
2015-01-05,0.8007839162109861,2.551544285147718,2.8158769309003473,1.0992306113823382,0.0007551365573939256
2015-01-06,0.10827096092777175,2.6948695218008445,3.3270148664212624,0.9703851846096582,0.0006666238367677066
2015-01-07,0.01337451726247295,2.7503413811172672,2.9280599430959064,0.995423309927833,0.0006838242345373679
2015-01-08,0.0224074649778515,2.671335943643879,3.124422474290155,1.035167346521562,0.0007111271268145262
2015-01-09,0.01369576585820395,2.61696196587734,3.177276607126978,1.0468724674236702,0.0007191681735342698
2015-01-10,0.00976700478236865,2.384704216599056,2.905009233951352,1.0509719761086795,0.0007219844059456939
2015-01-11,0.0966612639394469,2.391415953278337,3.137536372900912,1.0347983191285803,0.0007108736167027855
2015-01-12,0.01252111475058735,2.344325601760662,3.253961950611213,1.00195156522203,0.0006883089388183462
2015-01-13,0.17178050085571925,2.2476749929182525,2.9824951408266496,1.0937511398824116,0.0007513723343073893
2015-01-14,1.08909463577661,2.2309560641825303,3.042332591136545,1.0467351949291903,0.0007190738716854739
2015-01-15,0.2495263927898529,2.340146754972164,3.1773467329424574,0.995210408015888,0.0006836779776780848
2015-01-16,0.22432427233529126,2.165330898201997,3.064274334390178,1.0290895161408409,0.0007069518501595663
2015-01-17,0.5072622398635281,2.271496270676216,3.142825519648259,1.0055356740565768,0.0006907711078833446
2015-01-18,1.036460587445655,2.393727410444112,2.9867975397688378,1.0945365551430948,0.0007519118896745122
2015-01-19,0.03073039506659555,2.5715121414710485,3.2595228076946685,0.9843828228840814,0.0006762397701930876
2015-01-20,0.03805812811059095,2.496691064439446,3.411211623598519,1.0737038024026364,0.0007376004494520775
2015-01-21,0.17099273649533936,2.169995733231664,3.1591748527783086,1.0611734868522493,0.0007289925201879172
2015-01-22,0.1583849675250101,2.329707481957474,3.4526007783056123,1.0907733732723273,0.0007493267031146464
2015-01-23,0.14134666420787725,2.178796209190456,3.212336965599111,1.0808100997732275,0.0007424822503013982
2015-01-24,0.2691831446123368,2.001926076868437,2.8229852901269092,1.0938237803777155,0.0007514222360231743
2015-01-25,0.1610242654129742,2.4343022364183726,3.414690425791046,1.0348070448187467,0.0007108796109751111
2015-01-26,0.0622759239291245,2.5697608740351727,3.447309784583,0.9949230186649471,0.0006834805503112938
2015-01-27,0.0024787882777168,2.623859257796719,3.5023029339197564,1.029199035316096,0.0007070270863585171
2015-01-28,0.0035089486970296,2.861380064300873,3.553306766339813,1.0302698170779554,0.0007077626794588164
2015-01-29,0.00320201229749445,2.7830645499517743,3.2134587764798868,1.0160656523029705,0.0006980048688795154
2015-01-30,0.0117399237839811,2.5711362114364653,3.165340331456495,1.022524678251605,0.0007024420147963638
2015-01-31,0.0364185035793178,2.479617152439741,3.408124752227864,1.0282047767012426,0.0007063440622325464
2015-02-01,0.0488603887498126,2.318895081661987,3.5611794239625087,0.988949502806364,0.0006793769344237087
2015-02-02,0.1744029663151638,2.043182688476086,3.353718230080937,1.0137384597409427,0.0006964061614186009
2015-02-03,0.0398859752060417,2.307663617358506,3.2417983090644475,0.8986696001467053,0.0006173575053882113
2015-02-04,0.00493160946797415,2.341523054047882,3.4761287939697296,0.8813806834042347,0.0006054805680696977
2015-02-05,0.0242303316162507,2.1936323215760045,3.6693486668257105,0.8648023795020545,0.000594091799228572
2015-02-06,0.07677520425610025,2.112374355853575,3.194499885890239,0.859690306313991,0.0005905799671267299
2015-02-07,0.2091982816496528,2.1564345471369264,3.2295942363343277,0.8408549471452531,0.0005776406729216018
2015-02-08,1.294691290881125,2.4353758141232293,3.2074511517586664,0.851819462359808,0.0005851729470293982
2015-02-09,2.3679627729506683,2.88073143220505,3.5554255791864415,0.9747233291509947,0.000669604004441806
2015-02-10,0.7964491294649003,2.445273849742541,3.260567167859792,1.0808686505093992,0.0007425224727996509
2015-02-11,1.2700715842376713,2.755103544148379,3.3695500530233433,1.115697208726681,0.0007664485873736601
2015-02-12,1.3878311895598143,2.7042488818333243,3.3360805305335264,1.186408834764833,0.0008150252311654732
2015-02-13,0.25109560777167755,3.025229886097524,3.4461244749972306,1.1705200596890561,0.0008041101467530766
2015-02-14,0.009223713973865,2.830223848094356,3.4132114825493525,1.1544683958339943,0.0007930831629168888
2015-02-15,0.00037451627732955,3.012726745547449,3.643211070055762,1.2012992005530359,0.0008252544400714184
2015-02-16,0.0142087312750308,2.5757777793764256,3.679566464536272,1.1889690682911795,0.0008167840303757487
2015-02-17,0.2827797142328164,2.398035699089488,3.7530286492824456,1.2074501520707916,0.000829479948627784
2015-02-18,0.06099435960694285,2.137183239699484,3.46885797167434,1.1311633881933763,0.0007770733620092844
2015-02-19,0.4511898594795329,2.2650978106232187,3.5047678137233285,1.1102146532549675,0.000762682245696344
2015-02-20,0.9592378383065816,2.189093500241561,3.158883737307093,0.837568535391215,0.0005753830123065992
2015-02-21,2.7711202625170634,2.4332199629083098,3.6321314779080995,0.9464948980257447,0.000650211967793785
2015-02-22,0.08064667668387646,2.5168288511896626,3.786880696171105,0.9162589196826957,0.0006294408098957217
2015-02-23,0.0119018104841124,2.471981105262072,3.5933844003031883,0.9037119051000193,0.0006208214089261483
2015-02-24,0.0983521353568112,2.286173063002872,3.6270467848850103,0.9249366884337525,0.0006354021617291581
2015-02-25,0.0248839448855228,2.340098564220692,3.849445256362541,0.8991943043578184,0.0006177179605352271
2015-02-26,0.26273665585772954,2.013796832616957,3.3935752810718123,0.9577998691682196,0.0006579781243232422
2015-02-27,0.35516605470465734,1.998817223071489,3.3783642574994475,0.915300753246486,0.0006287825799514701
2015-02-28,0.364630697422555,2.108795979694427,3.43231011152648,0.9155889878791693,0.0006289805880000018
2015-03-01,0.05720627220187265,2.2659609102249454,3.452725217456224,0.8565358953841854,0.0005884129868903046
2015-03-02,0.1209983374814438,2.161895284368489,3.362238464108775,0.8752425225503998,0.0006012638462936673
2015-03-03,0.0389878862819793,2.292505274550737,3.7803014098066816,0.8458332410486447,0.0005810606028989656
2015-03-04,0.0858674531542013,2.168306894760138,3.855175402650293,0.8733978852906612,0.0005999966390165631
2015-03-05,0.1231780898373087,2.135034891781533,3.9916171218001915,0.8374416109009787,0.0005752958192084325
2015-03-06,0.452844381412091,2.143111563963404,3.0440450066477007,0.9091874268441816,0.0006245829186557788
2015-03-07,0.0628797475036114,2.5346332004431185,3.5755864405398095,0.8974088494750104,0.0006164914096735382
2015-03-08,0.00377390635790305,2.601622686901898,3.764703784853416,0.9075701611541221,0.0006234719084337772
2015-03-09,0.0038450534981715,2.519061049289912,3.8962565748298523,0.8606911386969687,0.000591267507222852
2015-03-10,0.0174354588801013,2.418261240228474,4.02367150682225,0.8998640833327688,0.0006181780774425636
2015-03-11,0.365442397919528,2.245314745152589,3.9272923859499427,0.9145450506432199,0.0006282634362373714
2015-03-12,0.2247518640439268,2.1702050060468308,3.7426851158003203,0.9002674507348515,0.0006184551780511343
2015-03-13,0.7910123590130748,2.032258081382482,3.4202589267583297,0.9177632858895538,0.0006304742617544521
2015-03-14,0.29590303773951754,2.523821221079876,3.674951408802609,0.9373846770639264,0.0006439535350109187
2015-03-15,0.18933958673963894,2.309358124437504,3.541735950946873,0.905790106872969,0.0006222490676140934
2015-03-16,0.11335794780409555,2.302403262246074,3.67372375038694,0.9034748251812431,0.0006206585425432091
2015-03-17,0.1922911507211579,2.4108841518454547,3.7445982463290806,0.9544014555765814,0.0006556435219990191
2015-03-18,3.744116550703542,2.4174631375174074,3.4884939708007736,0.9867148721340215,0.0006778418140445215
2015-03-19,4.925592922165888,2.7931626066629414,2.673873824572402,0.9633253692239556,0.000661773967567383
2015-03-20,1.64462281949889,2.5594643106297505,2.9575968935221226,0.9968001480983039,0.0006847700786808734
2015-03-21,1.2935665188481835,2.869422816692198,3.4399243026147404,1.033651322984016,0.000710085666739437
2015-03-22,1.362704033218404,2.812072399869484,3.354018817518504,1.1355399348644495,0.0007800799107282216
2015-03-23,0.9078572120578944,3.1460001074276085,3.7777502023148535,1.1275612307096856,0.0007745987940949101
2015-03-24,0.409109733219172,2.8742923062633388,3.3883188522122345,1.118889090224308,0.0007686413087014408
2015-03-25,1.3213977473268785,2.6950511928027945,3.4991285481809156,1.1339132644002767,0.0007789624397247667
2015-03-26,1.1895408761064965,2.960291731859818,3.763918630894077,1.157006753409804,0.0007948269340431508
2015-03-27,2.1490735464328825,2.9427236741597205,3.5196679613922215,1.1419636458001239,0.0007844927963515202
2015-03-28,6.8182642963869,2.972960420988028,3.3404887163374064,1.3330006148578493,0.0009157291335272178
2015-03-29,6.376108364563125,2.936936657728809,3.5473555771506655,1.1572492810907204,0.0007949935428658523
2015-03-30,17.636951847758468,3.411290814898793,3.0863335578233757,1.0186016518428629,0.0006997470201099097
2015-03-31,2.893991336359905,3.861975647656065,3.6164525460704335,1.1349715190629568,0.0007796894271053468
2015-04-01,0.9113651094965245,3.7199943070819104,3.883041207110673,1.1201344376650024,0.0007694968228850776
2015-04-02,0.4794142309463252,3.448989404458073,3.787844238136926,1.1060337622181249,0.0007598101061910312
2015-04-03,2.1197639938565134,3.868401151207975,4.15435979748753,1.1777182779512656,0.0008090550943387879
2015-04-04,0.191885576648901,3.632671799587397,3.7652263044850107,1.0030330848122129,0.0006890519084660507
2015-04-05,0.0319934524659234,4.148883492674672,4.129313843625348,0.9092845471601023,0.0006246496372317154
2015-04-06,0.10090208201833695,3.481407799178137,3.93186926142496,0.9367906303249053,0.0006435454437470925
2015-04-07,0.03234183936544385,3.5422144107852853,3.9912743423505583,0.8442625868636062,0.0005799816133021832
2015-04-08,0.1006779390016028,2.958708830133056,3.4559284001394195,0.9044354899836212,0.0006213184887857588
2015-04-09,0.1228487894952693,3.1873911673500244,4.133595208215292,0.8761427675993453,0.0006018822860823998
2015-04-10,0.15453085635579475,3.004504188792988,3.9904238644402024,0.8026333215300101,0.0005513836286888199
2015-04-11,0.17130165914442924,3.02803323653688,4.084267270940794,0.8593600522173767,0.0005903530930395272
2015-04-12,1.6898297740462023,2.984227624595625,4.116682947162046,0.9291029779151976,0.0006382642704291411
2015-04-13,3.821534002315212,3.364029877194512,3.7366787754787567,0.9814510382817164,0.0006742257271808882
2015-04-14,8.862162504455826,3.786985973282805,3.9789968281396186,1.0542379485000786,0.0007242280253669936
2015-04-15,3.18001465817479,3.4235729412599047,3.6228621468779836,1.035827817243574,0.0007115808492473945
2015-04-16,3.395934377293255,3.529469940274647,3.777963942588211,1.1272415297359601,0.0007743791696683387
2015-04-17,1.6613423943184185,3.418045075319541,4.021833488826104,1.0020263429698653,0.0006883603087588166
2015-04-18,4.245427781022938,3.311202776702968,3.7117249893087463,1.121950166732023,0.0007707441711508849
2015-04-19,2.2006120078152516,3.5895797604532023,4.056178518186802,1.0249800446613992,0.0007041287736244327
2015-04-20,8.576716098673876,3.656476843098936,3.9097149892238128,1.1296461329410812,0.0007760310557852382
2015-04-21,2.927116812676279,3.6909577371249065,4.033076666757519,1.0105739581763782,0.0006942322492362175
2015-04-22,0.39307622689047655,3.6525366800688666,4.114344894286024,0.9371526600089353,0.0006437941466547827
2015-04-23,0.6788799772438423,3.636180554192329,4.117967907954839,0.9301485378274266,0.0006389825369188969
2015-04-24,1.7004510567310096,3.758147473911888,4.427404109792658,0.995011382194363,0.000683541253252707
2015-04-25,0.5177420482297708,3.3010333651871666,4.236399997409171,0.9359412642182594,0.0006429619561776069
2015-04-26,3.122092700597025,3.1010626094802367,4.013080647183262,0.9035882441131335,0.0006207364577512502
2015-04-27,0.9086429101059342,3.947845903763589,4.49364062697827,0.9407720916686337,0.0006462805813800585
2015-04-28,6.489451870010606,3.2989507793460047,3.957173904995674,0.9291366741663322,0.0006382874186846712
2015-04-29,11.622345889906061,3.9358020514109215,3.782420586332518,1.037163227722111,0.0007124982338808174
2015-04-30,15.734083889750998,3.522242025646348,3.2255695706898817,1.0752616980575374,0.0007386706743434144
2015-05-01,16.674840169316337,3.9840118870088,3.6655612507151556,1.1687655154205072,0.0008029048305027576
2015-05-02,21.904228998624266,3.747765387777451,3.2896449235071423,1.1267941425534147,0.000774071828867099
2015-05-03,29.305460984319417,4.326527215393442,3.8879366382992395,1.3164624413465127,0.000904367932991482
2015-05-04,9.068458496638431,4.403638413038559,3.8312772808818143,1.3880547460564663,0.0009535495750916649
2015-05-05,2.434531440814609,4.884760647909925,4.218410061236268,1.3703035127994319,0.0009413550409944416
2015-05-06,0.426387696117807,4.961189273968467,4.267569877308199,1.4220244857077529,0.0009768857085564909
2015-05-07,0.323846547671044,5.089334689087106,4.2584034727634705,1.3129803517345813,0.0009019758478959038
2015-05-08,0.23133382068850025,4.856872241337038,4.081744095463278,1.15930215837503,0.0007964038044335104
2015-05-09,0.7981168262749962,4.476834512691095,4.060872977732011,1.159248999297441,0.000796367285833656
2015-05-10,1.416584097858523,4.322877759193781,4.008185022596674,1.1677530166936487,0.0008022092759984992
2015-05-11,2.4047440048359485,4.518333542932266,4.179146368914273,1.1923835219363588,0.0008191296517078905
2015-05-12,1.6826969548915474,3.836368827235536,3.5552254544780046,1.1125449692094331,0.000764283098828775
2015-05-13,2.2985941464765074,4.120810681835814,3.7464053777040305,1.176588426160633,0.000808278922002693
2015-05-14,3.5595071938689147,4.16048639174391,3.7879079933238917,1.1614511790941513,0.0007978801134907742
2015-05-15,1.9045861875395016,4.541212673687198,4.030201816302906,1.0772811711564616,0.0007400579882954463
2015-05-16,9.074998455255928,3.684694835625423,3.355027509872144,1.115777396884517,0.0007665036740941582
2015-05-17,13.31826307110709,4.241806664224554,3.912309716508078,1.1607084707178787,0.0007973698963983837
2015-05-18,1.5194878480548923,4.739976653391512,4.280442707418972,1.1233618274563626,0.0007717139372841673
2015-05-19,15.317738227129855,4.544334288041138,3.956145831845313,1.1852127347031784,0.0008142035483688846
2015-05-20,10.320127902686362,4.146188776301121,3.8369000839971066,1.1965723872811416,0.0008220072693097768
2015-05-21,15.420300020412746,4.220310661711732,3.7645167087997953,1.2522731325472345,0.0008602719142250223
2015-05-22,16.71255706090163,4.121111388802273,3.5975144094342704,1.4427984867606574,0.0009911567882334483
2015-05-23,18.00901213074637,3.996050528427953,3.432016151196341,1.5938711693592513,0.0010949389284617898
2015-05-24,18.38307078931447,4.049856833934681,3.6855436761140123,1.5609465016429236,0.0010723207262618162
2015-05-25,11.259108712422416,4.339482942771799,3.987873033718388,1.5804893250708791,0.0010857460259690226
2015-05-26,5.160951625881638,4.338601257453958,4.0015337652602945,1.6254205029228228,0.0011166123197307138
2015-05-27,8.710894436630772,4.448930060372754,3.8677515208581066,1.778076796219674,0.0012214823502693793
2015-05-28,1.139370782704099,4.898331136846879,4.133008619659012,1.4957045797392399,0.0010275015956863348
2015-05-29,2.4379606290888085,4.458298750931004,3.801034425953237,1.4520346648143991,0.0009975017495425307
2015-05-30,5.456029121786895,4.23749014783146,3.6335260143217,1.4267675263357686,0.000980144026996982
2015-05-31,3.8802222166401057,4.247387380724194,3.6343115349244512,1.394590641630806,0.0009580395280027165
2015-06-01,8.552765246643801,4.17574409133472,3.84854717314376,1.3265234952817941,0.000911279557862344
2015-06-02,15.531781278977396,4.2624037311848495,3.8670578950566843,1.2444598966815892,0.0008549044690569238
2015-06-03,14.974679285760566,4.27874813725338,3.794081373296172,1.3257567798391816,0.0009107528486769921
2015-06-04,58.62328496057874,4.14356066466758,3.553265559376476,1.4550505596889143,0.0009995735736433346
2015-06-05,24.487612373988284,3.2882192483615915,3.0221725533907233,1.9623581114060986,0.0013480777675557519
2015-06-06,14.244351362538312,3.345555710521611,3.142465658953847,2.1616562388474434,0.001484989258459244
2015-06-07,4.586772548739083,4.303330528401286,3.7885854185738594,2.1873286103602263,0.0015026253632434091
2015-06-08,16.25685225571158,3.380003698349102,2.9063565861384393,2.380639170522157,0.00163542358537898
2015-06-09,17.301010640773807,3.5981961013190134,3.2950926469942665,2.3021933289423715,0.0015815337808747787
2015-06-10,7.664638547998301,3.566432261031192,3.2534996396484943,2.5704283547794455,0.0017658027339822221
2015-06-11,14.64481627993558,2.0560275549212816,1.900915135045186,2.6512069901932636,0.0018212950938435077
2015-06-12,17.803349223860913,3.320062231099933,3.186323274168433,2.9062643933870245,0.0019965114382494947
2015-06-13,27.63725025575706,3.3409359216319454,3.24855945319992,2.997122709712996,0.00205892821912382
2015-06-14,12.158362755976702,3.555177375482552,3.463408663495958,3.301097404384,0.002267749190894312
2015-06-15,5.807920365657518,3.7251853801016135,3.3909511948672773,3.4489036133689743,0.002369287367377589
2015-06-16,11.497900433311141,4.183621677740973,3.803020782329842,3.3012387413843443,0.002267846284929692
2015-06-17,4.468191897640085,4.316457016888756,3.941196246234661,3.27527118293108,0.002250007396082097
2015-06-18,1.6971933251050322,4.7899438882978265,4.254686594622549,3.3502318083729894,0.002301502967666584
2015-06-19,5.729669685419557,4.436296733546727,3.789025308751827,3.4252694607486105,0.0023530514543108846
2015-06-20,2.319063600139789,4.401511156461865,3.7717846416779803,3.022292284701374,0.0020762189186467254
2015-06-21,0.08574563939616366,5.225240367130851,4.227921127410717,2.6084304403994683,0.0017919089612031013
2015-06-22,0.6872134524280692,5.624999438362966,4.4528864760799625,2.33417853598904,0.0016035066033986886
2015-06-23,0.0895781771600962,5.300701125389154,4.140026999106859,1.8558981158552426,0.0012749431280105984
2015-06-24,1.4380886383011922,4.937605475479702,4.031174973082336,1.5908931771628896,0.001092893142298431
2015-06-25,2.1091071252051408,4.488072582515754,3.868030835949586,1.6106751499472063,0.0011064827300265455
2015-06-26,1.5092973128565035,4.920520048946347,4.13837319616631,1.608526570932813,0.0011050067244064168
2015-06-27,0.2399425584605992,5.3577101581744335,4.50705915738328,1.6370074349807202,0.0011245721744639757
2015-06-28,0.2193743519574455,5.17230222599124,4.323152950127332,1.5562890467877661,0.0010691212025321062
2015-06-29,3.118442283434174,4.3180198544447865,3.5942001018606846,1.405534786998623,0.0009655578086720286
2015-06-30,17.396757005053956,4.3882582525165175,3.8281795562299568,1.5487798808928643,0.0010639626437874174
2015-07-01,2.643721659514978,5.320164894183544,4.1910590576390465,1.4852701666831205,0.0010203334849441172
2015-07-02,0.1317270518748176,5.1975641096103455,4.232845253381257,1.3497234318043512,0.0009272171782451772
2015-07-03,1.2237812639309746,4.714420450273039,4.110845405619731,1.2678040508513744,0.0008709411623881589
2015-07-04,1.8568979549030447,5.178044070881085,4.256118567283144,1.3417014000795524,0.0009217062969458005
2015-07-05,1.4725923103607315,4.113745447535765,3.4655537248831925,1.236134801957355,0.0008491853930914803
2015-07-06,2.279567284567962,4.372901075533999,3.707823413292011,1.1713569892678857,0.0008046850908224961
2015-07-07,1.5164312287157435,4.599929593925207,3.6525833841330724,1.2478513610829571,0.0008572342975078913
2015-07-08,0.3611077821602708,4.259281764589698,3.4229038389445217,1.1004036788378169,0.000755942417520771
2015-07-09,8.480812345344434,3.482345667368961,2.9539068858219153,1.1676320485879672,0.0008021261747475579
2015-07-10,13.04892098898555,3.3112737409272084,2.625488968124061,1.2088682628046945,0.0008304541457130127
2015-07-11,17.970352629309605,3.2964852218409137,2.872282552798522,1.4439732538812227,0.0009919638159762872
2015-07-12,0.2730686300387312,5.348440767689185,4.369662719155414,1.35262163979789,0.0009292081551923168
2015-07-13,0.9000570987641712,4.502003974126298,3.706541367288393,1.3009153238258668,0.0008936875564805191
2015-07-14,2.057456470470691,4.509883306562696,3.9715529371933207,1.2872013037193273,0.0008842664597388079
2015-07-15,11.34728319118644,4.0393288903845725,3.6101258348920826,1.424012945894042,0.000978251717621414
2015-07-16,12.25493121194675,3.650070425269944,3.315082336860617,1.4331118841568655,0.0009845023995480096
2015-07-17,11.512314398347666,3.9948353856980914,3.573730436029268,1.5856825382918671,0.0010893135986993507
2015-07-18,9.267225345844205,4.20088435029595,3.6612771623929476,1.9435511558330938,0.0013351579857198005
2015-07-19,11.489095480312306,4.255071657791248,3.894293390188799,1.426265882245711,0.0009797994134215587
2015-07-20,18.854374389720594,4.265158245496541,3.782082235818533,1.8562197724848273,0.0012751640959107026
2015-07-21,9.621857327977597,3.748135763423368,3.3167897210132864,1.7657804746984496,0.0012130351674798923
2015-07-22,8.410078013760723,4.133376478190385,3.6890104302970186,2.0504710798737382,0.001408608581546402
2015-07-23,0.9375445995232293,4.450190468095435,3.912933350786949,1.7652277631558955,0.0012126554721846971
2015-07-24,7.902214052240302,4.289042057651599,3.6343733426735794,1.5533818553115248,0.001067124054217347
2015-07-25,2.886074641725655,5.208223754632739,4.305622969683805,1.6555448133194723,0.0011373067652922192
2015-07-26,0.1989605735160239,5.477506277593904,4.40908945635573,1.4053786343566788,0.0009654505367608893
2015-07-27,2.2549404871453103,5.212217743474971,4.142854947174482,1.4599591217019443,0.0010029456000242346
2015-07-28,9.628807072554762,4.606674493994967,3.7976257716865907,1.4273453827872564,0.0009805409960469027
2015-07-29,0.5690562556923762,4.785483865160017,4.082844553328944,1.190875592575489,0.0008180937520753936
2015-07-30,2.9381303762738553,4.350415881448401,3.782971736947634,1.1144794173053072,0.0007656120033010936
2015-07-31,7.262202951470924,5.41562797089537,4.316242914590655,1.1929092991462216,0.000819490843971007
2015-08-01,0.44551376730746667,4.616804903382707,3.8055149082508044,1.0910145289007647,0.0007494923693808226
2015-08-02,5.541805466747854,4.43158340903948,4.072350665668112,1.0470832658051261,0.0007193129853348406
2015-08-03,10.050951063032286,4.426106799387504,3.904316577803463,1.090909376650167,0.0007494201331205726
2015-08-04,2.1749233681551865,5.446152946884596,4.5414512620233145,1.1603301804013846,0.0007971100229520524
2015-08-05,0.5200218990777411,5.340043151843814,4.277213080204511,1.0263176963226597,0.000705047697879286
2015-08-06,0.6927354922232053,4.646747286781337,3.8812366463829466,1.013553308618096,0.0006962789684710462
2015-08-07,1.0453475614215941,4.868760214572196,3.940700000877937,1.0762929111572612,0.0007393790850281257
2015-08-08,8.878494275619538,4.409469400514972,4.034741784681209,1.1163231424522833,0.0007668785839856665
2015-08-09,1.3249162360898015,4.49696608769546,4.027497868627686,1.0443362039268258,0.0007174258409738233
2015-08-10,6.789338519022503,4.632479078288144,4.014459032527736,1.1157477125731574,0.0007664832819139763
2015-08-11,7.045733839366704,4.141751466731112,3.570019839804077,1.1014982522522783,0.0007566943547316279
2015-08-12,15.823806652252056,3.563570623856364,3.004110311240405,1.1227769272200279,0.0007713121293775177
2015-08-13,8.02231970611792,4.620891966174899,3.7303430434543077,1.1316621533181126,0.000777415997826866
2015-08-14,2.3217885867967825,4.710038512063375,4.122659084970793,1.1406488917968376,0.0007835896020612767
2015-08-15,11.51462511438263,4.188953699163876,3.5290975364366064,1.1963818337079895,0.0008218763650502528
2015-08-16,8.30587098295163,3.921762624784257,3.413525579335664,1.1426818273506711,0.0007849861642927405
2015-08-17,13.902567459674003,4.127132731903582,3.6463463202570257,1.2282996890027353,0.0008438029190572977
2015-08-18,5.777028949565061,4.48769434254559,4.0213228227255,1.2792050878113037,0.0008787733130865599
2015-08-19,2.191333081622357,4.2234507811097615,3.912279874245861,1.2163628522099328,0.0008356026908717356
2015-08-20,2.1888794949499633,4.560218861176414,4.034259006306193,1.1926952145952214,0.0008193437746762116
2015-08-21,5.8299383152971345,4.737618914445923,4.1465539759566195,1.1884316095708123,0.0008164148132855068
2015-08-22,5.8750565579797245,4.85391425141365,3.840759103571446,1.1842528719105736,0.0008135441530816058
2015-08-23,0.7686486720093809,4.269737295014065,3.4680445379549365,1.2241446705890604,0.000840948553223303
2015-08-24,0.7130571335684582,5.384582463862762,4.299529339334773,1.1871105428945212,0.0008155072823891758
2015-08-25,1.103996295026343,4.766179419619449,3.9032212551393393,1.1362606008515908,0.0007805749853985643
2015-08-26,6.044432259481788,4.382212063230536,4.028101367461064,1.1865771524255369,0.0008151408600585704
2015-08-27,3.387495118079009,4.479421512742957,3.959608731856135,1.2189746831598034,0.0008373969358750657
2015-08-28,18.946402783194525,3.7463632209376647,3.3242756203557113,1.3694050401832885,0.0009407378188108144
2015-08-29,5.0586422640950515,4.268893369794608,3.7414867735560993,1.3353537114096514,0.000917345636207314
2015-08-30,9.688563912504852,4.4523455269673065,3.8526730224951677,1.4511113843366938,0.0009968674851450294
2015-08-31,5.215421699652948,4.340957610597947,3.8689071698702455,1.3437962266545034,0.0009231453763453056
2015-09-01,30.51055262383302,4.168116931658155,3.821953445272419,1.4740245004028238,0.0010126080689735549
2015-09-02,17.751803651411812,4.227521814929887,3.7287661610170533,1.3255099248613973,0.0009105832671386239
2015-09-03,12.823809634759947,4.090903434697954,3.7339651493176764,1.3080951236655824,0.0008986198511942938
2015-09-04,8.720127357144252,3.839390040063787,3.341234858295986,1.5563425747725852,0.0010691579745595243
2015-09-05,8.697172505499244,4.0736789942925125,3.6576422021730077,1.5801325587579143,0.001085500938830276
2015-09-06,12.604974378322268,3.862409386783839,3.4835652000266055,1.6934010898848053,0.001163312826318257
2015-09-07,11.392173053171302,4.137236985983407,3.6082009939963045,2.054894334874506,0.0014116472174060374
2015-09-08,4.609598987927858,3.836696146385135,3.3755645173721196,2.1248105198066503,0.0014596774183930556
2015-09-09,7.027275783223397,3.7703725076432297,3.453950132627397,2.0359445151347084,0.0013986292924198045
2015-09-10,9.312045591981384,3.234849432818783,3.0891186906138772,1.9242217508650765,0.0013218792977239613
2015-09-11,7.522614892952205,3.918506810521488,3.6507733461918876,1.9787609418151655,0.001359345991673931
2015-09-12,4.422350451596747,4.05046068719791,3.8673704827919684,1.9222090634965483,0.001320496645353437
2015-09-13,12.045608824829124,4.230795468892231,3.81516836436501,1.9063297282321219,0.0013095880457919642
2015-09-14,11.981935492431779,4.001982863129822,3.6285866241550186,1.9111792161319603,0.0013129194901312028
2015-09-15,9.99094034036386,3.976141675303516,3.5873609289081734,1.937037118430861,0.0013306830486795452
2015-09-16,8.13339703958598,4.125418048831243,3.7778854410370215,1.9370719875588585,0.0013307070026642711
2015-09-17,7.495632393614814,4.667100832057959,4.081258974570604,1.9434727861952386,0.0013351041482648376
2015-09-18,13.470844071104528,4.035774308478853,3.760035447429551,1.8594138930141897,0.0012773583553822533
2015-09-19,11.362538476316804,3.636221701716989,3.4480059364624034,1.9068453814446291,0.0013099422831900768
2015-09-20,16.36140319916435,3.607191096697367,3.411855907594862,2.159234325447868,0.0014833254807879127
2015-09-21,18.088988881229994,3.187356705219832,2.913954911769002,2.192779379172026,0.0015063698684937828
2015-09-22,14.500048715627052,2.2455476357012123,2.1250193847004626,2.229146615675091,0.0015313530062362078
2015-09-23,19.056068494078822,3.2054445551353705,2.928923887439577,2.635525732205704,0.0018105225670873245
2015-09-24,22.028640906863558,2.4433042007413777,2.3503525685850457,3.005903520894176,0.0020649603578377735
2015-09-25,13.626382286354477,2.471976335229125,2.3372142100689084,3.188344850877575,0.0021902917636624194
2015-09-26,6.874958682632774,3.4413993531138374,3.3470152522441112,3.2978654212723275,0.002265528921029889
2015-09-27,7.053618808654594,3.5341030855760565,3.4881815245549284,3.2455962867097816,0.0022296216838015833
2015-09-28,37.86831864254337,2.7033121166926515,2.666965894988702,3.6213740659982268,0.0024877690967817986
2015-09-29,20.629597158037686,3.500925000808098,3.2523891297879186,3.8755719998026237,0.002662395012983595
2015-09-30,11.09824775134837,3.827461024736714,3.6394984965451602,3.8240336382724935,0.002626989793645094
2015-10-01,6.2567473619580145,3.7173172435044326,3.4038321039253523,3.8322768297538174,0.0026326526046810037
2015-10-02,3.161921096647715,3.5283796562722167,3.3131501742605773,3.7672325066365575,0.002587969218203058
2015-10-03,3.5607214177238027,3.482137228430954,3.3353874583907435,4.047859050772302,0.002780750751266016
2015-10-04,0.9609317633852134,3.988498183666996,3.77996190596862,3.797254684183206,0.002608593501736734
2015-10-05,9.794590028023581,3.547354157228106,3.5132429125116507,3.8251678095204653,0.0026277689333113474
2015-10-06,5.5076228496203985,3.7502085472142417,3.542505156752888,3.7162173918696406,0.0025529234527911023
2015-10-07,6.624534743681719,4.203534255356977,3.8148199221959147,3.214920263817629,0.0022085482292585126
2015-10-08,3.3003469746963114,4.195607351985845,3.739776339948238,3.018097813446969,0.0020733374499627743
2015-10-09,2.7881535415304164,3.967329155251153,3.4663872081393214,2.943211988763559,0.0020218932641263535
2015-10-10,1.3544687406254778,4.139408745561722,3.5114782986725697,2.8661410765848454,0.001968947992501635
2015-10-11,0.6704339555883088,4.202909397814379,3.6237461342905504,2.7144138024347635,0.0018647161686440612
2015-10-12,2.1208932680695964,4.2071637592085125,3.7247413152583313,2.88611863955517,0.0019826719444825214
2015-10-13,1.1812012216137417,3.885445857538776,3.5409556338881325,2.674549407758455,0.00183733059418248
2015-10-14,1.845420578133481,3.990102209483064,3.39448392348372,2.5972889912621526,0.001784255139103522
2015-10-15,6.457955819062745,3.248128479292319,2.784059105716908,2.4955793929842938,0.0017143838717805756
2015-10-16,16.814625091003272,2.2760934162865785,2.139483423579522,2.4291936146054645,0.0016687789480950316
2015-10-17,23.390714250538583,2.194676816616827,2.1931695730936163,2.5169254286853544,0.0017290479211132593
2015-10-18,22.14635213746925,2.179541714540579,2.221814938997701,3.2695677244469166,0.002246089301043282
2015-10-19,25.778704120776645,1.894044074809776,1.9719017273796489,3.5278075905135475,0.0024234918964806435
2015-10-20,9.915222685523002,2.8682853179899124,2.8633952672183414,3.176457755950705,0.0021821257065607128
2015-10-21,9.052363064441867,2.596540150502585,2.7591367587512945,2.9673486149181083,0.0020384743605702835
2015-10-22,5.80516433398879,3.638061007091817,3.58910515045861,3.177636736505134,0.002182935628798947
2015-10-23,1.207130243857974,4.192281860257555,3.957378271227593,3.368327582549236,0.0023139341904448913
2015-10-24,2.8362938063881202,3.370059666896357,3.2461665431461895,3.508688456438159,0.0024103576579172854
2015-10-25,10.071793102776125,3.5662524646553844,3.4188121884732343,3.5962094368088766,0.0024704817948659214
2015-10-26,18.972607470527088,2.23917397311018,2.241307389453131,3.725408128873348,0.002559237197540409
2015-10-27,4.90570606385864,3.518061813024571,3.3391418118437675,4.030511253472554,0.002768833364872614
2015-10-28,1.6294177653552329,3.6009022547491214,3.4704985075371186,3.756029268886404,0.002580272949286677
2015-10-29,4.764985022522246,3.4520796334009947,3.4292780807462417,3.7769167591565243,0.002594621992455464
2015-10-30,1.5176597258408357,4.004825521611943,3.7553130783754254,3.5880639772735403,0.0024648861225764008
2015-10-31,0.7165399668657972,3.934907571989309,3.749925046865241,3.5750389825832096,0.0024559383644365855
2015-11-01,0.6460288529944052,3.76290863852686,3.656415012325634,3.291283964123151,0.002261007668762346
2015-11-02,1.9279186783409894,3.644529611869087,3.369197561847108,3.1764970724808537,0.002182152715769625
2015-11-03,0.99140158750341,3.9039207302915706,3.489297269168067,2.76013036129006,0.001896121994239176
2015-11-04,0.7938928557071712,3.996526355987757,3.40708650628688,2.540414156127735,0.0017451839316962416
2015-11-05,2.0064914585725258,3.763487623240895,3.1948127096776164,2.530389634059499,0.001738297403059082
2015-11-06,2.7807763091973374,3.567873931603305,3.417321960298082,2.55246342990216,0.0017534614005211627
2015-11-07,6.306480419543205,3.572705562831914,3.402448905465719,2.472435902268113,0.0016984850278760036
2015-11-08,10.952756418119911,3.76999213665366,3.3651244310523323,2.5009512024570153,0.001718074134469954
2015-11-09,6.255101922498271,3.7362399474297536,3.23057976969848,2.264271284323305,0.0015554825392822894
2015-11-10,1.6580452231456657,3.5295669775373124,3.06146931803596,1.8866304338851219,0.0012960552555273477
2015-11-11,3.756765440913953,3.344524006389631,2.8729142422275404,1.8869042225110702,0.001296243339627546
2015-11-12,20.67425572752276,2.50555517704675,2.509679727609291,1.8659747376528206,0.0012818654475089744
2015-11-13,8.527634564197635,3.096442410840588,2.9107507748844643,2.2117745474570505,0.001519418946491923
2015-11-14,16.731224446163754,2.345537756430704,2.3695685421038535,2.3211184111389582,0.0015945347119536138
2015-11-15,13.308662162688478,2.3475444386833018,2.475183591785878,2.734732952517627,0.001878674780134555
2015-11-16,2.721708090237812,3.415902312142108,3.123066033969655,2.8725678296847414,0.0019733629679952423
2015-11-17,3.2093925487433665,3.364256889068906,3.381416741505201,2.775470058038494,0.0019066598792599656
2015-11-18,1.640989622468605,3.3141698713828114,3.1399250995606756,2.7713910350978708,0.0019038577199050333
2015-11-19,0.4907575495017818,3.544593645230984,3.2423408954430806,2.739988002354494,0.0018822848326582513
2015-11-20,5.731951106678356,2.828452935822525,2.769694309075164,2.6607072486994974,0.0018278214700456115
2015-11-21,20.160716600877986,1.9709312853820329,2.0417642675584613,2.5017246775064756,0.0017186054872907648
2015-11-22,3.9379892039831215,2.954229854660725,2.787756727510437,2.826036615285789,0.0019413974998862382
2015-11-23,16.639602626837327,3.1656854918568462,2.8762443005426808,3.4608351748259567,0.0023774839715748003
2015-11-24,1.8603649878558817,3.3189200246658683,2.898151531582499,2.930161705154809,0.0020129281333018645
2015-11-25,0.5360815169267344,3.41128791949199,3.0343382360088413,3.357412191007782,0.0023064356627420877
2015-11-26,0.24606551928791395,3.424084952219324,3.089165850104892,2.6019842300095863,0.0017874806191685477
2015-11-27,0.6765892137133698,3.178705514838367,3.001369729304172,2.31735576790118,0.0015919498954175236
2015-11-28,0.10531451602844785,3.8375922504294895,3.235421315878067,2.2103717460344408,0.0015184552664178714
2015-11-29,0.22150442845410145,4.010428522759809,3.3630805989707278,2.0265594797655853,0.0013921820708574903
2015-11-30,0.6837133554440219,4.064522102142893,3.1611299407756923,1.9437446365455109,0.0013352909008311372
2015-12-01,0.00185146288847225,3.871126453460899,3.24422540404825,1.7062900015548879,0.001172167099740338
2015-12-02,0.15063945771012074,3.457641014174317,3.0862126519300945,1.6620755910765623,0.0011417932024251809
2015-12-03,0.0649195285849465,3.700527669238901,3.1790680654028995,1.6126510082862255,0.0011078400820221826
2015-12-04,0.02844850330753585,3.718815641685375,3.2282698757799206,1.7692288710119002,0.00121540410634832
2015-12-05,0.05233363211666125,3.6478197972064974,3.0438890516607513,1.628582310903299,0.0011187843815062815
2015-12-06,0.29062239033537657,3.415115192008571,2.921820062246714,1.616612180604009,0.001110561281737985
2015-12-07,0.5138209584851208,3.0608467764091736,2.8630725386192513,1.5068233025961322,0.0010351398055522447
2015-12-08,0.7688998485408564,3.34271633323429,3.1568859421107125,1.5020782332613427,0.00103188009345456
2015-12-09,0.3092997159211554,3.2948358359828105,3.2061763184296237,1.4984275806101621,0.0010293722108986087
2015-12-10,0.5243469623694906,3.147354687358002,3.1561204985845586,1.490965967239217,0.0010242463192292944
2015-12-11,0.31180805039446724,3.2121427005754333,3.224014765037256,1.4890133167189463,0.0010229049102688794
2015-12-12,0.3199584263924042,3.459719464176464,3.4221075331067516,1.6312413049782113,0.0011206110260802852
2015-12-13,2.3197348212851323,3.0822229897523523,3.159727213924744,1.5770980077995416,0.0010834162985917182
2015-12-14,0.7466857439744577,3.438156608517696,3.4103068264727723,1.7038640798443445,0.001170500568486534
2015-12-15,1.484878471079618,2.9743347224327343,3.061292143831877,1.8523670215270827,0.0012725173782296248
2015-12-16,10.120600343448466,2.9441485433850447,3.1122166577350154,2.008027230755913,0.0013794510037155989
2015-12-17,0.5506219216174073,2.886232113270776,3.0793539770653937,1.7114000040598727,0.0011756775093485967
2015-12-18,0.8687144614999615,2.8961940666925847,2.661999556397093,1.723878838639332,0.0011842500728189416
2015-12-19,0.16602054621711196,3.224091715375872,2.8207969886376496,1.7133270264434175,0.0011770013125921228
2015-12-20,0.4551832533823279,3.097811231380057,3.025306333875606,1.7741797270890236,0.0012188051874094906
2015-12-21,0.05206899417734975,3.675879605472293,3.4242886064721834,1.781584085581944,0.0012238917467939886
2015-12-22,0.03297312267672735,3.742577806019303,3.3977385639961355,1.8017138775964312,0.0012377202752988125
2015-12-23,0.0356399813094645,3.222888597569989,3.143305794504726,1.754347184270205,0.001205180859671986
2015-12-24,0.24354006214571314,3.276446934846928,3.277138238844778,1.5569706234100604,0.0010695894240488925
2015-12-25,0.16951895286652555,3.3080734433941736,3.2554455984450352,1.4506827850110162,0.000996573051005421
2015-12-26,0.02219142773748535,3.597763815885138,3.269875468001206,1.3865323406867154,0.0009525037309003117
2015-12-27,0.0032880140107049,3.3678410839973143,3.328356815465528,1.3097719708788356,0.0008997717920325308
2015-12-28,0.06575001395378545,3.283441918191227,3.2743243553462604,1.3388778416589764,0.0009197666018870602
2015-12-29,0.0033964691603375,3.514513018737527,3.455651020684066,1.2853566816911195,0.0008829992629252821
2015-12-30,0.02129721626204855,3.277318574500943,3.232609043456406,1.234974995987478,0.0008483886431845281
2015-12-31,0.0090591775614442,3.348421946001809,3.295960664653501,1.2205665032432722,0.0008384904657725905
2016-01-01,0.019959084267846,3.2687487286766337,3.2632633359779586,1.2315155209060706,0.0008460120935539834
2016-01-02,0.2681249513020851,2.7614267236244823,2.590936662799985,1.2158168040233985,0.0008352275730907342
2016-01-03,0.317171867777103,2.7264174158600243,2.926445821640079,1.162722480934965,0.0007987534575239005
2016-01-04,0.20081526879380945,2.752998212790101,2.9592792465465396,1.1710726962776108,0.000804489790557252
2016-01-05,0.7623042051284791,2.9935133707346986,3.16963532727397,1.2176811385587603,0.0008365083117713039
2016-01-06,0.7880445128398332,2.8496466794308426,2.9959608164823597,1.1614173670220271,0.0007978568856698985
2016-01-07,0.5754073286183705,3.000326443457174,3.238698095721524,1.1628327789635502,0.0007988292287703804
2016-01-08,0.17948122897643035,2.915632091526512,3.276585238727223,1.2963914993076469,0.0008905798325529196
2016-01-09,0.04217446637599455,3.2091123781983275,3.411360946111011,1.177054929986201,0.0008085993953312218
2016-01-10,0.0916988781651345,2.6323431000548,2.940995522305413,1.2053163440762347,0.0008280140902296786
2016-01-11,0.5198118003727438,2.711735986888818,3.0882899586953214,1.2087838386857979,0.0008303961490216501
2016-01-12,0.504601229218635,2.635582418885485,3.0150362543899623,1.2430375370161024,0.0008539273530904926
2016-01-13,0.4398081511189092,2.761598658072244,3.0210029772144726,1.2872495787548908,0.0008842996231567349
2016-01-14,0.10554229592227,2.870814338019741,3.3344979142708335,1.2569565255437645,0.0008634892566349785
2016-01-15,0.1743465750753471,2.8328418924982817,3.4599479157214823,1.2785915493078726,0.0008783518315989519
2016-01-16,0.0749197029740283,2.6056602058890657,3.320895641176514,1.2853065902918988,0.0008829648517231459
2016-01-17,0.5944390495252523,2.323694931308054,2.7834923699313903,1.269831021264181,0.000872333626756979
2016-01-18,0.23046402359704005,3.1765282623738207,3.3207584566583845,1.2152455583420836,0.0008348351454301982
2016-01-19,0.06431287466320836,3.334391730363077,3.495840704988141,1.1529723148850366,0.0007920554027674896
2016-01-20,0.0249207352078799,2.9068722167590675,3.2043444832593324,1.212126106925198,0.0008326921812700733
2016-01-21,0.0534761677429572,2.262944570466185,2.720339825595998,1.1773718537694082,0.0008088171119160124
2016-01-22,0.7853677071388141,2.487015209957881,3.238115204813678,1.1657545250071433,0.0008008363756111727
2016-01-23,1.0663810414226904,3.0582186240402547,3.4653831250401916,1.3214846834616774,0.0009078180539960954
2016-01-24,0.4493369067285322,2.9666460219828177,3.281184867742552,1.2513400447672578,0.0008596309125219931
2016-01-25,0.19239995590345677,2.797542555228924,3.5015301805928067,1.2442531042050777,0.0008547624091859642
2016-01-26,0.1055754540871029,2.661731365691123,3.5258879787931483,1.2205448569808373,0.0008384755954770163
2016-01-27,0.15106618632315325,2.5759376178129765,3.504881723413078,1.1947697537162691,0.0008207689172384961
2016-01-28,1.9163000366991776,2.3404611889624367,2.947427885034391,1.1978332353489771,0.0008228734319325088
2016-01-29,0.995093360364295,2.843810229420048,2.8626810662367053,1.2563650208336028,0.000863082911664334
2016-01-30,0.3549291878251231,2.7256464381186265,3.426114571386779,1.2507749720896477,0.0008592427255191664
2016-01-31,0.2036487130930657,2.699131868127894,3.567447560422536,1.2534845553020375,0.000861104123225698
2016-02-01,0.24061531926106386,2.547943381525538,3.40870968893394,1.211618075319286,0.0008323431796738993
2016-02-02,0.3125637211899041,2.394101887583528,3.31784097670796,1.159408298007532,0.0007964767189938042
2016-02-03,0.6083611993022074,2.7478574208058992,3.599191544205356,1.2659062643801773,0.0008696374432889187
2016-02-04,0.3590956822684775,2.334294714493674,2.9513058754250325,1.2664420258400513,0.0008700054944150467
2016-02-05,0.07634013247117855,2.9028503026167893,3.430069969637214,1.2295842344384205,0.0008446853610199533
2016-02-06,0.03045495869156495,2.9400042106443776,3.231914665561702,1.120501210314084,0.0007697487840592895
2016-02-07,1.0121689739970074,3.029810472377169,3.4929019370833823,1.317849282154537,0.0009053206486296572
2016-02-08,0.05936173534920925,3.100613077805341,3.471405665380091,1.1444570557265294,0.0007862056898685867
2016-02-09,0.0474403821365253,2.996421861582105,3.4354194480046996,1.1426479815292099,0.0007849629132871412
2016-02-10,0.00139557292894955,3.142664009324989,3.3755939796810925,1.1480697385189296,0.0007886874883361336
2016-02-11,0.00093943514433875,3.1112724528560105,3.445428029418978,1.1627111393499858,0.0007987456662148269
2016-02-12,0.00964786288668725,2.709809935126153,3.479100393993344,1.0808918279313673,0.000742538394953249
2016-02-13,0.0344060381776435,2.373429061605325,3.2618483008481083,1.069471801493238,0.0007346931990857579
2016-02-14,0.10739678379601925,2.5752655887021003,3.1132112597299018,1.0846857262298628,0.0007451446827244982
2016-02-15,0.20724714002155034,2.28578542913494,3.5242352848463936,1.1321633953826244,0.0007777603352234932
2016-02-16,0.0835923485725346,2.360872461062762,3.692959406056199,1.1061453387378581,0.00075988675572037
2016-02-17,0.00691366078101205,2.5002959521413874,3.589554834089965,1.0700813946686047,0.0007351119702581493
2016-02-18,0.03086663079711625,2.137388231306246,3.236648782908996,1.044137120821124,0.0007172890771960334
2016-02-19,0.6068445025840128,2.2239326898768983,3.3406338155848037,1.109582913207238,0.0007622482603252394
2016-02-20,0.02060929761513665,2.518317261215549,3.5814161454791504,0.9149721536757158,0.0006285568424710332
2016-02-21,1.7269579804142792,2.4357318389349287,3.6565512866698167,1.0813047086009155,0.0007428220308747642
2016-02-22,0.07269948053835384,2.355568668458413,3.8062303337895225,0.9698244336078424,0.0006662386186190474
2016-02-23,0.00573664673605665,2.2089761732973634,3.684509980176521,1.0358108994753672,0.0007115692272773454
2016-02-24,0.0664273982550233,1.9484896318248988,3.225408704589449,1.0493957883190912,0.000720901614938137
2016-02-25,0.2832776607970243,2.166773722943168,3.4343690204537745,1.051222448061026,0.0007221564722308391
2016-02-26,0.07281917498707575,2.4017985226461853,3.638795128923727,0.9959975628737117,0.0006842187280932551
2016-02-27,0.01645609092340325,2.477567202026603,3.6366901365621134,1.0403579519973678,0.0007146929081066437
2016-02-28,0.03223112684021135,2.269294371710224,3.4347602915004107,1.0101525574604415,0.0006939427603131283
2016-02-29,0.8587912376298716,2.480454784442589,3.83710195021549,0.9704744855434164,0.0006666851836761642
2016-03-01,0.6163335280033558,2.366198673301199,3.6796812899956874,0.9411385434003843,0.0006465323220942451
2016-03-02,0.15631567936000856,2.383994813976525,3.807529622715642,0.9624881231781656,0.0006611988060952017
2016-03-03,7.360528849400065,2.409269716942086,3.247698114069507,1.145622144501123,0.0007870060688947843
2016-03-04,6.202512094809889,3.204828848675737,3.2382380778261175,1.0304783168131524,0.000707905912162331
2016-03-05,5.466499979688821,3.368105815234714,3.715443250316265,1.0469187153451966,0.0007191999443891627
2016-03-06,3.8128285672663043,3.4948927382291592,3.5847977294711852,1.1112953395500202,0.0007634246428967302
2016-03-07,0.519619452707968,3.346230432161132,3.622385282259703,1.1448311935995674,0.000786462710717998
2016-03-08,0.03141506744595995,3.427845012160149,3.989927796021193,1.2945308040000572,0.0008893015939063762
2016-03-09,0.5770524871866922,3.042233162152216,3.5702877531898185,1.8582338728724097,0.0012765477189804898
2016-03-10,0.01954974708655325,2.916590908884133,3.5678219333221812,1.1982648478375992,0.0008231699360194686
2016-03-11,0.39834816956348384,3.004641418295752,3.7732146327467224,1.133464233483181,0.0007786539697300377
2016-03-12,0.32955429382662565,2.6926130789618035,3.7565783460393747,1.0523725208838555,0.0007229465357745498
2016-03-13,1.2197970398269504,2.538142931099668,3.438942250340614,0.9629129048466919,0.0006614906176254606
2016-03-14,0.8745572502551394,2.954514912053253,3.611834818247313,1.0028220212196837,0.0006889069144738862
2016-03-15,0.19194926444474086,3.267602963088716,4.259760026353138,0.9099152695589025,0.0006250829235102899
2016-03-16,1.1090933871864346,2.6107530906719774,3.559411439726552,0.9352835736671848,0.0006425101436339729
2016-03-17,1.829609601269481,2.8328619798322685,3.602249380275934,0.904466054919822,0.0006213394859272691
2016-03-18,0.9785904678132888,2.8533207214282474,3.6660079541134767,0.922379824913962,0.0006336456776064747
2016-03-19,0.3498057618881261,3.365283857513456,4.378296450557253,0.967278707193642,0.0006644897853345842
2016-03-20,0.6274778031157391,2.8955357550207275,3.8740538293209648,1.0223025181701428,0.0007022893978683338
2016-03-21,0.6380134663335095,2.78085981867888,3.4485922937265703,1.0439706442665677,0.0007171747130844514
2016-03-22,0.6629074269071187,3.3795450131950413,4.025388073877002,1.184677417645924,0.0008138358025332578
2016-03-23,1.1330872621882648,2.8668778228028766,3.862227736354,0.9723215368148381,0.0006679540493027114
2016-03-24,1.5173859168549872,2.5495846634395227,3.7980023982873012,0.9279819878990945,0.0006374941858510118
2016-03-25,0.34483894070281507,2.9912273372374925,4.033153354065354,0.9313615235913403,0.0006398158196572458
2016-03-26,1.0419626868813976,2.713318088285204,3.8895113193586153,0.9454046373258534,0.0006494629932810188
2016-03-27,0.5352343360719305,3.0947847077766784,4.120817660040256,0.974388156618414,0.0006693737515451299
2016-03-28,0.2093854684567983,2.9967462190300687,4.257257147878834,0.9725792948870121,0.0006681311209210292
2016-03-29,2.488745181576875,3.0613628792772984,3.8508908064645,0.9762358724313975,0.0006706430736906476
2016-03-30,7.198665840313042,3.671450929406321,3.804632774182691,1.0389722230631235,0.0007137409562904816
2016-03-31,4.584923831170668,3.7827302444579263,3.885282070882105,1.0635272854485276,0.0007306095051502964
2016-04-01,1.2692013387796197,3.606154017092894,4.103442389933793,1.0767490084507045,0.0007396924093992278
2016-04-02,1.1067309765212836,3.909571026811316,4.390408015367134,1.116055146020367,0.0007666944789390133
2016-04-03,0.2613812825078219,3.352292140827579,3.634005611712373,1.0993599805853447,0.0007552254299322079
2016-04-04,0.16075558658765154,3.576091596118684,4.122092598185176,1.043712558510458,0.0007169974163576654
2016-04-05,0.06445363848937385,3.493282732299784,3.8691149471262123,1.0467838357500179,0.000719107286386273
2016-04-06,0.1632472330418915,3.304318410678292,3.928236935251093,1.0913148502513494,0.0007496986806211067
2016-04-07,0.0855637084353652,3.4977066271505475,4.367803244436877,1.0596190698306387,0.0007279246850072924
2016-04-08,0.09133150920432595,3.2645632508075058,4.122303350476692,1.0765468828146263,0.0007395535554995922
2016-04-09,0.04222622048517955,3.373885716552852,4.364892769375505,1.0821609610368568,0.0007434102491340099
2016-04-10,0.0865330767801818,3.389875759972869,4.258991422032874,1.1776585151374168,0.0008090140391816237
2016-04-11,0.0083760564466283,3.1884303524144526,4.301320637708389,1.1374909924396523,0.0007814202253859105
2016-04-12,0.06038770894768805,2.886727213456997,4.30734556359295,1.188964428688491,0.0008167808431158911
2016-04-13,0.0712262469744805,2.7951900423927745,4.256172418935082,1.4689951338443723,0.0010091530537024232
2016-04-14,0.4438810702892794,2.530683934254057,4.113426844032585,1.2926384160762165,0.0008880015834379035
2016-04-15,0.5876141809067235,2.78960706947266,4.228762953541785,1.294725994434678,0.0008894356835426268
2016-04-16,1.7876251279990012,2.878785047098662,3.9418444575801184,1.2254672331638177,0.0008418571117544235
2016-04-17,5.205316615488972,3.457853811797822,3.8703349502487363,1.2402115437216292,0.0008519859853506302
2016-04-18,1.8651020410485626,3.036600071936846,3.694097278615967,1.2781359508778098,0.0008780388499311662
2016-04-19,1.1256407837720515,3.1238278441169456,3.9462616303624096,1.2325187239598356,0.0008467012622257278
2016-04-20,10.771365235788686,3.438860930400177,3.687522319077267,1.2564031621028462,0.0008631091135062886
2016-04-21,9.430896076976552,4.488947556879672,3.793832316055842,1.290189693431204,0.0008863193886654688
2016-04-22,6.779818504032597,4.16575102327235,3.8537473277086134,1.3398339996459914,0.0009204234520904322
2016-04-23,3.7566881998776656,4.1746478152379884,3.9225988963342884,1.2629720495331413,0.0008676217307757288
2016-04-24,9.768956835627229,3.934084451365993,3.6528877406951,1.2137388077780515,0.0008338000555937319
2016-04-25,7.551494143644537,4.002956339632565,3.9738561988977774,1.2370418174682365,0.0008498084839727728
2016-04-26,18.140012720134155,3.656497572614184,3.559624156759661,1.271971355081308,0.0008738039681881611
2016-04-27,8.630704586721038,4.207966425080702,3.94797526229054,1.199520196351693,0.0008240323206232511
2016-04-28,12.089721941903193,3.747025739535767,3.494459065216911,1.1681634379367254,0.0008024912223720527
2016-04-29,7.760172004831334,4.023291648239359,3.8256003323064522,1.2773090390771922,0.0008774707877575687
2016-04-30,6.030322804148689,4.2782285279477765,4.074545325686315,1.2910831307355526,0.0008869331517496362
2016-05-01,2.163193883677178,4.566763833606069,4.351238625222669,1.2794466296854885,0.0008789392446913112
2016-05-02,0.9971424905129446,4.16478436555247,3.9226224548353996,1.1797673711379262,0.0008104627563514099
2016-05-03,0.7824962722243188,4.132200910280081,3.901723400285778,1.221962152391817,0.0008394492324612625
2016-05-04,3.388883367716862,4.32723552534935,4.06044384581188,1.259565846761688,0.0008652817775320811
2016-05-05,8.408402169348639,3.639889134199552,3.3385324239566003,1.3137592601012078,0.0009025109332332381
2016-05-06,4.311328879992324,4.191120020169796,3.8193591492678816,1.2381334765635261,0.0008505584191388142
2016-05-07,15.743374775894017,4.670085858291663,3.797278289137372,1.2106215252917332,0.0008316585814200981
2016-05-08,5.431952468968021,3.984996766222586,3.5058147164598554,1.2509750645789135,0.0008593801827114425
2016-05-09,3.62757671349658,3.749565452203078,3.4216094314623273,1.2862384832394032,0.0008836050326141722
2016-05-10,1.705408908690209,4.311463661415193,4.058473674691095,1.335269601348876,0.0009172878552639174
2016-05-11,2.1250481057535113,4.428557142628098,4.058178995876277,1.345361962656959,0.000924220987306681
2016-05-12,1.1949723033205317,5.071688160670866,4.368029786819937,1.3584038333445287,0.0009331803387212156
2016-05-13,1.0768793001728592,4.323313980783444,3.727105836438875,1.3615577825801386,0.0009353470017883754
2016-05-14,0.9596586816116774,4.448479070211562,3.9094101958687735,1.2523305540682064,0.0008603113609882565
2016-05-15,1.5194488892504254,4.67127703424179,4.261052171165947,1.1686979509203292,0.0008028584158345905
2016-05-16,9.962373444192227,4.016185494053527,3.803561325773312,1.2618399417935307,0.000866844008674255
2016-05-17,12.946077503644142,4.174320876285255,3.8402558367926707,1.2690987349473855,0.0008718305692888138
2016-05-18,16.855549489048144,4.410371451125853,4.271369272826451,1.3577354325032969,0.0009327211685480229
2016-05-19,19.044105152942024,4.172438572721611,3.7091180667975356,1.4011673184144562,0.0009625574963107976
2016-05-20,15.48169853604147,4.078831167421967,3.872893517635452,1.3887490547115615,0.0009540265431110671
2016-05-21,11.809436702218223,4.268012678100509,3.8820107047617607,1.5518775190463248,0.0010660906229275856
2016-05-22,1.3481529150942129,4.133145959079777,3.7332535841083327,1.5030718135411258,0.0010325626515858572
2016-05-23,5.501159303495438,4.504468663408714,4.227789039516955,1.4936851426435547,0.0010261143064673858
2016-05-24,2.8722906133352626,4.687696799163038,4.265511152392523,1.4574702423336219,0.0010012358188568413
2016-05-25,2.9922475677980294,5.156404925845756,4.421459361241277,1.516942698306464,0.0010420915093716982
2016-05-26,0.7422112222396694,4.990913139218481,4.307378727014639,1.3131922763580997,0.000902121433389042
2016-05-27,8.340867775320877,4.103307801540015,3.576601219624938,1.3002731659569597,0.0008932464143967665
2016-05-28,5.623056143982293,4.110623939413302,3.6410054918238113,1.2725414263195,0.0008741955890435303
2016-05-29,2.986289420217838,4.64980431958573,3.962902719898256,1.2726356889505122,0.0008742603444805935
2016-05-30,1.2322275757176187,4.54015470082723,3.829243397419519,1.257074610175677,0.0008635703770309174
2016-05-31,4.616474470130576,4.409766736828545,3.6911488789604765,1.3330712863931136,0.0009157776826299197
2016-06-01,10.054727195314264,4.655692383717254,4.065985697593193,1.354518115626766,0.0009305109739218621
2016-06-02,25.254830955720646,4.37066677357126,3.697195356018708,1.3044733230493817,0.0008961317890710549
2016-06-03,9.968382200593565,4.113757027565514,3.602050353723659,1.5434035037162301,0.0010602692432303592
2016-06-04,10.251075500466511,3.5278500883646733,3.173046872806865,1.5066730160667927,0.001035036563474365
2016-06-05,15.847514084935554,3.468308292687144,2.951965036327473,1.6410624589568263,0.0011273578472916419
2016-06-06,8.691834960929196,3.1018993445060263,2.593010012487488,1.7082738344881079,0.0011735299300292001
2016-06-07,11.17706988504098,3.519231703541342,3.2078136050740693,1.8071167843906488,0.0012414319008615094
2016-06-08,17.893894846160954,3.982561367274762,3.7406537553122323,1.8366475082681948,0.0012617185713156719
2016-06-09,22.78405094273776,3.260586065708261,3.074845129179355,1.9916643957997318,0.0013682102552047136
2016-06-10,11.839902284310547,3.7354436314842094,3.3989568667509045,2.2832949418926085,0.001568551188514919
2016-06-11,17.882286405285626,4.086346328769704,3.6960976245234116,2.250889463524873,0.001546289652926366
2016-06-12,10.692484496967229,3.110539331060944,2.750760975926583,2.2599841304738906,0.0015525374005958827
2016-06-13,19.78852925973229,3.558305537050164,3.056702617058554,2.4920097279973907,0.0017119316251806836
2016-06-14,2.879052892163447,4.5448924841336895,3.9943867521856538,2.7747834513890655,0.0019061882022741135
2016-06-15,2.566615723361692,4.476147791687048,3.996836115086274,2.8106041914857136,0.0019307959143226975
2016-06-16,11.328009794536378,4.105855975983789,3.6733969570095413,2.772755552914725,0.0019047951003564622
2016-06-17,13.828565974496861,3.992222343758388,3.397901576664926,2.644207366762978,0.0018164865746069913
2016-06-18,33.2041799612694,4.162090910378185,3.5541759376943083,2.622681333610008,0.0018016988727351888
2016-06-19,8.381766468221056,4.3646780938536285,3.9917855223673824,2.9692063420578347,0.0020397505601796686
2016-06-20,21.334416371201584,4.243231117310032,3.7752825096993723,2.912504764986066,0.002000798375564889
2016-06-21,7.557944870138504,4.795245655315512,3.8533880678366326,2.885260681684689,0.001982082554643851
2016-06-22,7.786123052826095,4.299533176419564,3.392838141269661,2.8247422442449177,0.0019405083080445327
2016-06-23,12.790762816149972,4.02667430448338,3.574900290799246,2.8505800729950472,0.001958258076701694
2016-06-24,5.6594631942115186,4.051940253653004,3.6592318508502633,2.8445264578064235,0.0019540994351154883
2016-06-25,6.345029120707028,4.6559566788464855,4.042566896528415,2.7096228947814653,0.0018614249670757623
2016-06-26,2.513046760884612,4.774359397519872,3.8764470847770145,2.729390045823436,0.0018750043727370986
2016-06-27,3.6736456102928337,4.624932414914385,3.709248122500209,2.665406184718086,0.0018310494900186265
2016-06-28,1.0692832154339138,4.27929980050945,3.5103704502940567,2.4235665945105453,0.0016649133638046523
2016-06-29,15.100172637643217,4.181292634872691,3.5191410542976884,2.2311490988533205,0.0015327286486517206
2016-06-30,10.217895746460385,4.349747457019155,3.6740517844599148,2.1961158895543087,0.0015086619452770317
2016-07-01,3.5024551108519146,4.497678090992351,3.765716774727965,2.2070923885585483,0.0015162024518681606
2016-07-02,5.585527688529269,4.32426199527844,3.700788063448328,2.2270439353914453,0.001529908531587985
2016-07-03,1.2020113347546773,4.75125687554683,3.9229937821285006,2.158297713948641,0.001482682058401547
2016-07-04,3.110024492052241,4.6316672421634,3.878287052147344,2.0123911179142056,0.0013824488557508735
2016-07-05,2.67165052204408,5.230565427596431,4.2478994354365245,1.9451710425189732,0.0013362707964827804
2016-07-06,1.0246316753750266,4.773922326078392,3.9167324385118043,1.617188150193895,0.0011109569545738453
2016-07-07,7.386147900935228,5.054619571427283,4.182355579428183,1.5851494118642162,0.0010889473577567646
2016-07-08,9.011241577286569,4.196171947526482,3.4930892674722323,1.5158323561026452,0.001041328739502811
2016-07-09,12.458671290140558,3.5245372118239846,2.949467904468343,1.5015108967548951,0.001031490351273141
2016-07-10,2.973181548597064,4.545077275785124,3.6973090896382166,1.42452269346864,0.0009786018980336368
2016-07-11,1.2920510361983486,4.886277675737291,4.1186561217192,1.4571129830109282,0.0010009903930360514
2016-07-12,15.590566020366927,4.2527182383932445,3.5817977298915014,1.5943329032688505,0.0010952561250093717
2016-07-13,11.716691350770242,4.680678725249003,3.837457224877337,1.4369661355311758,0.0009871501479676679
2016-07-14,1.366230626895293,4.969196202389986,3.985179896024529,1.3131734736533134,0.0009021085165273617
2016-07-15,4.379843751338459,4.6945528844515225,3.989602456619006,1.3101387072435704,0.0009000237282805476
2016-07-16,8.917131124236915,4.453424888297174,3.890045485511432,1.3559468874566305,0.0009314924948417975
2016-07-17,8.203711721878403,4.864292042761224,4.009339160245503,1.3485873492328466,0.0009264367255602922
2016-07-18,0.7078192424485052,4.776208700634553,3.9005570599126567,1.319399556887822,0.0009063856381896147
2016-07-19,2.3725079644094405,4.611376624260462,3.697376932270805,1.260771698025742,0.0008661101590953654
2016-07-20,23.33921170045026,2.900023959053115,2.3399928046195746,1.2369955490324895,0.0008497766990252612
2016-07-21,9.037715715277468,4.017724564513048,3.6855959892581867,1.4730000509472454,0.0010119043046977975
2016-07-22,9.60898507341688,4.795956621058349,4.165627187001945,1.5353409551102002,0.0010547305281189577
2016-07-23,9.334201046548126,4.301791053782912,3.5940074423908297,1.6384800207494885,0.0011255837941699595
2016-07-24,18.301552728878068,3.808884508428555,3.0983794806267895,1.6486011687381195,0.0011325367017490143
2016-07-25,0.930113866596706,4.92171850295076,4.058671040159131,1.8089086167795376,0.0012426628328675521
2016-07-26,0.896406867367939,4.545956961075754,3.898283702619521,1.6613374772867648,0.0011412861416679372
2016-07-27,0.43854446471453123,4.6576174123030585,4.067019396258693,1.574383559544769,0.0010815515587554111
2016-07-28,12.297177034439263,4.960996528534702,4.109024117533107,1.645239856112262,0.0011302275866112701
2016-07-29,7.682282402456858,4.396844482749036,3.7504504153629425,1.5707327408887548,0.0010790435621594054
2016-07-30,2.475635603780815,4.111511134390765,3.386322062986259,1.3949186443697554,0.0009582648554786266
2016-07-31,0.8474740702175497,4.875379750316589,3.9626848029864568,1.2262355760479433,0.0008423849389404651
2016-08-01,3.565201954432342,4.547896336502113,3.8313587493377703,1.1998411650784793,0.0008242528159559562
2016-08-02,4.308359506692,4.675558630830734,4.050311876930499,1.1425231251385897,0.0007848771409078012
2016-08-03,8.19027805784631,4.293828082029703,3.5523359303687263,1.218922089883344,0.0008373608059626374
2016-08-04,17.736317357138603,2.464012605478384,2.1458187316050887,1.1674410001144464,0.0008019949305071811
2016-08-05,7.3040487365973865,3.610764098182755,3.3272490859557458,1.2459357816696763,0.0008559183552219133
2016-08-06,7.3660690564345845,3.951702264535335,3.766391293234595,1.3561161177094634,0.0009316087506567356
2016-08-07,9.332133658572308,3.521250556886044,3.399053534825081,1.3060170850682884,0.0008971923046028474
2016-08-08,9.96683611741581,4.502770166658823,4.244275794051417,1.4856337106822493,0.001020583228138239
2016-08-09,15.11440966096597,3.933366519074702,3.5998487139878614,1.6128805441045375,0.0011079977658474361
2016-08-10,0.8537887911915862,5.014166688006596,4.33144541647124,1.7895896884806632,0.0012293913420110465
2016-08-11,0.3987844911854147,5.04560886976496,4.16112197513635,1.752276833282301,0.0012037585942243048
2016-08-12,8.802734870169926,4.805577743165899,4.073938531366386,1.718565642748824,0.001180600075801053
2016-08-13,6.112253249302498,4.139128824021814,3.8151979718332987,1.5491697713730388,0.001064230486178187
2016-08-14,17.093338306726586,3.084076697080305,2.8114126788734253,1.5860775488387637,0.0010895849584135263
2016-08-15,14.286981027749851,3.337356446416311,3.125841704970888,1.8078601537536902,0.0012419425720308407
2016-08-16,14.063088229383794,4.098336658029982,3.757087441652909,1.886499728781424,0.0012959654652676714
2016-08-17,9.86831149805692,4.240450829484757,3.8282043386898743,1.9391734296986278,0.0013321506267469304
2016-08-18,13.12373450411066,4.06893459827628,3.478969207375504,2.0271104849217525,0.0013925605939193722
2016-08-19,1.5143127143869348,4.522048932137559,3.9986982965134854,2.0796208043939832,0.0014286335175291416
2016-08-20,2.110825856821507,4.1252875981746975,3.6088842911194576,1.957042814556345,0.0013444263272455134
2016-08-21,8.574456686901291,4.514754875235606,3.919848926026287,2.058495240499939,0.0014141209253335032
2016-08-22,8.193182490100108,4.256325361748605,3.6433066580430937,1.9072452756262734,0.0013102169978063927
2016-08-23,5.315811060604318,5.545838066659498,4.4117364695420935,1.8021667049557393,0.001238031353328901
2016-08-24,0.25015222878026794,5.193160573662758,3.9780591794225133,1.6701558364100353,0.0011473440746269147
2016-08-25,1.4123405730822152,4.701590942662996,3.967500353462745,1.4093263152729165,0.000968162468311839
2016-08-26,10.345367290300159,3.8630166450454686,3.291352979460937,1.4269325530294072,0.0009802573951001095
2016-08-27,10.755654210020634,3.961281686395049,3.5183052758368265,1.4133512197059541,0.0009709274499689469
2016-08-28,9.67433019489276,3.479132084511412,3.18637795317924,1.3823381838914726,0.0009496224782398285
2016-08-29,18.959158293232438,3.985687593512531,3.796185247998642,1.5410250602598181,0.0010586353280309158
2016-08-30,20.723771965649647,3.965084619922356,3.7134528206511326,1.5868471623219707,0.0010901136584608273
2016-08-31,22.15654373837449,3.772011668921335,3.407767433173202,1.8964596265175329,0.0013028075990388394
2016-09-01,13.381865946631647,3.714153496788154,3.627806353839761,2.292002823483718,0.001574533226914155
2016-09-02,15.026139465222705,4.0713659316735855,3.780917251077613,2.4043109965738103,0.0016516853788978072
2016-09-03,28.783525075001798,3.316760770848746,2.931826998045516,2.5885176321915244,0.0017782294936896535
2016-09-04,25.57726198068159,2.731659063050208,2.6116483380059456,2.6000991966273688,0.0017861856610368503
2016-09-05,2.456114087106802,4.376819930766192,3.8018305693144816,2.5980055811567135,0.0017847474136275746
2016-09-06,1.8903221359320443,4.47573808483511,3.870700779503435,2.4608591724361797,0.0016905321817483176
2016-09-07,7.1987163679484265,4.720669332412462,3.8294465775293265,2.5070385937467283,0.0017222559791660757
2016-09-08,1.1744581709677813,4.642165522370648,3.847716030301352,2.034323600145021,0.0013975157752447308
2016-09-09,4.422297190890433,4.333898410725041,3.7393850501630874,1.8426655758388508,0.0012658527928160667
2016-09-10,10.902877793735236,4.006901278286713,3.757351925311011,1.7996505249908092,0.001236302817517738
2016-09-11,10.038145450369782,4.49897995854426,3.9601835466341093,1.8197990420242454,0.0012501442095165364
2016-09-12,13.968310752587058,3.6267812098624064,3.366256141418358,1.945033797772165,0.0013361765136957547
2016-09-13,7.664811430311705,2.843910475991552,2.6927316626734443,2.004514464258054,0.0013770378445725998
2016-09-14,17.302601019695842,3.720188102849455,3.531941873889183,2.0016147594125204,0.0013750458393356267
2016-09-15,28.89138458152547,3.448324522409288,3.2632832056918994,2.582097469033242,0.0017738190452768713
2016-09-16,13.618495280490288,3.876323113617317,3.675049840210151,2.8561571654533005,0.0019620893622896173
2016-09-17,18.324709593349542,3.865677960804867,3.583328333414744,3.199686808441785,0.00219808332869023
2016-09-18,2.056268556329364,3.970425572776672,3.398227211319687,3.241205684704048,0.002226605479513634
2016-09-19,5.774251687249395,4.11328152109634,3.7094144028991143,3.2226394085988868,0.002213851036836637
2016-09-20,6.599005747770007,4.443202255610026,4.005403357145905,3.180131282693461,0.002184649302891906
2016-09-21,11.253049792082463,4.134456948960267,3.4976276320964375,3.142702225901337,0.0021589367282966966
2016-09-22,4.729987861968651,4.177883213088812,3.673238369032305,2.998426489088142,0.0020598238741926967
2016-09-23,45.89028652160455,2.800036646668539,2.4671663745415415,2.752787893736582,0.0018910779519666111
2016-09-24,10.074065861306824,3.581137262208077,3.3071049252940674,3.3127324396260143,0.0022757420909890087
2016-09-25,3.059918868178605,4.164849242633194,3.864275554183774,3.3960333456535774,0.0023329671707439698
2016-09-26,8.056179530967846,3.984001833357645,3.752661980754242,3.314423943954427,0.00227690410080037
2016-09-27,13.024657831066797,3.663733074406408,3.4640501845853544,3.694898430732567,0.0025382780028249488
2016-09-28,3.6033038541728395,4.145567117683832,3.763688432024936,4.331248167667177,0.0029754300841730464
2016-09-29,1.6438265939723975,4.632133566399023,4.003216300981803,3.8387746075096354,0.0026371163718600025
2016-09-30,2.151415437713679,3.969728590450913,3.4229155701988336,3.7742223087430746,0.0025927709905017226
2016-10-01,3.220900696680717,4.33267248350341,3.7903131059570887,2.938068171784805,0.0020183596250473654
2016-10-02,2.507895654204739,4.078851064657521,3.55311940664329,2.6477483204584944,0.0018189190974605544
2016-10-03,12.163605222880744,4.161409472992347,3.739588781188045,2.4004519054876314,0.0016490343057496333
2016-10-04,3.0349181084711265,3.9900803944897896,3.7418518603485906,2.442809032869528,0.0016781323084990637
2016-10-05,3.0808471078630095,4.112033454595871,3.7107610995928924,2.3426456742949475,0.0016093232587984692
2016-10-06,2.4488288557470157,3.6839636483614697,3.265187662111867,2.313595806185837,0.0015893669210022764
2016-10-07,2.3305792946824004,3.784377091144105,3.4478153548957247,2.2673145325622452,0.0015575731542766796
2016-10-08,6.341530186739595,3.4819327480132545,3.0004738654538268,2.232753360475605,0.0015338307254917094
2016-10-09,2.62464665851405,3.9140221169202447,3.3231152342397143,2.0525791089986956,0.0014100567306789163
2016-10-10,10.771450680818111,3.466426731945107,3.0182552106969807,2.1560452456404855,0.0014811346841324476
2016-10-11,3.5606680808057583,3.5891689433625187,3.1294328991563654,1.82346713271278,0.0012526640714509358
2016-10-12,1.5643425653850032,3.640187570368344,3.2108303358621533,1.8900418388781808,0.0012983987825322004
2016-10-13,0.7710370482297547,4.395203341412044,3.6719235476557004,2.1397791788474883,0.0014699604122797407
2016-10-14,3.614266547480125,3.2220536860514364,2.752182523347053,2.0526204177365415,0.0014100851084713141
2016-10-15,6.782755638633397,3.092691308689364,2.9376524475715193,2.041252337991491,0.0014022755983339812
2016-10-16,6.588624732833191,3.7460393938483545,3.3387716267490526,2.1597866897833513,0.0014837049375628652
2016-10-17,17.806955872950805,2.325262978200131,2.185353409599724,2.2196613103481613,0.0015248369023939026
2016-10-18,14.772490906625459,2.6447397798913217,2.6013362627994976,1.8011386363548103,0.001237325102815104
2016-10-19,7.214150187837776,2.6954162217306026,2.5723630604135637,1.967154576361143,0.0013513727868140475
2016-10-20,7.672881374981552,3.105344535945875,2.9356488971511654,1.9990552665628993,0.0013732875489467639
2016-10-21,8.307174629137453,3.234477048359594,2.89696488781824,2.189152508665969,0.0015038783235170527
2016-10-22,4.353656582700316,3.356729504711428,2.867542931590507,2.132618836995132,0.0014650414845859857
2016-10-23,0.8547264602846396,3.427132333135216,3.040092671959563,2.0783349101189965,0.0014277501489566773
2016-10-24,0.6420583593088407,3.762777780516531,3.2438033041783054,1.997359639203589,0.0013721227067439777
2016-10-25,5.246067055324814,3.317279142917072,2.9364931410033908,1.834362163836345,0.0012601486121925753
2016-10-26,2.793342082536096,4.347591908524008,3.524785099237355,1.9713788973774486,0.0013542747613374537
2016-10-27,3.1177552257926036,4.021878136996033,3.301817018100335,1.9107810994934475,0.0013126459966306262
2016-10-28,0.8104909611288825,3.889738205072708,3.326024492012746,1.7004288377897794,0.0011681406661766473
2016-10-29,0.30443641778531316,3.477171598574208,3.2010253934765514,1.4927638885478325,0.001025481434130021
2016-10-30,0.24060848699222054,4.035147442921716,3.7120868396097317,1.4919917352683028,0.0010249509893232199
2016-10-31,1.0252375432236123,3.759243227637295,3.436681060976586,1.3596578051523336,0.0009340417775714528
2016-11-01,3.4135100567240664,2.974875133938282,2.8938412894010064,1.5259712272258588,0.0010482938223130651
2016-11-02,9.024311827099464,3.086496206035592,2.93201859981826,1.8473473720739075,0.0012690690383015475
2016-11-03,10.847952582093711,2.6777509310782777,2.716867181709542,1.8978357263296868,0.0013037529359536052
2016-11-04,3.246852001884604,3.389507939473536,2.955124061577834,2.1674145538144507,0.0014889450381614735
2016-11-05,4.73582587913576,2.747209329720376,2.4509359535847177,2.023794591726016,0.0013902826804892087
2016-11-06,5.893461922152479,3.2911792375134565,2.948436483748222,2.104167615108728,0.0014454963977529943
2016-11-07,12.885827053637874,3.294046292493622,3.082614541511985,2.0678909111855694,0.0014205754530208572
2016-11-08,1.9169150725452884,3.703580928030288,3.421645880431989,1.550377922056716,0.001065060447369804
2016-11-09,4.982622292744257,3.7130646417189017,3.3415887561134823,1.6677118425721715,0.001145665128394972
2016-11-10,7.0786401286137846,3.437122007381446,3.1963936500778214,1.624613620748775,0.0011160580172751384
2016-11-11,0.41895974870077834,3.658735753223939,3.3939042935274304,1.5156427167411362,0.0010411984632776828
2016-11-12,1.6330192404995252,3.396280219308764,3.073235060601749,1.4363396107851987,0.0009867197453434138
2016-11-13,6.854459965716629,3.547304013574665,3.1714781715705187,1.4939419019918996,0.0010262906919941172
2016-11-14,3.76251411347426,3.502303891772114,3.1568103516106047,1.4401957143375865,0.0009893687661506518
2016-11-15,1.4097502661691323,3.2469585049085925,2.9959762108915693,1.2234694642833361,0.0008404847079119046
2016-11-16,2.106865935037031,3.240837640485265,2.947058509642998,1.2152438700695805,0.0008348339856405482
2016-11-17,5.338027904193833,3.1274345241755404,2.906325732362277,1.2879881443717385,0.0008848069943048278
2016-11-18,4.7618414327013205,3.342651447367505,3.1533753027471723,1.3220903781706748,0.0009082341470457685
2016-11-19,3.247250082369042,3.371603499401495,3.037618243333281,1.33422010711806,0.0009165668860221069
2016-11-20,0.0492462674299603,4.132074404565385,2.9206700570061463,1.2823832374553952,0.000880956601066599
2016-11-21,0.0131688347239057,4.1440323787528905,3.301032591279676,1.2183070242793659,0.0008369382754054005
2016-11-22,0.0306205275538301,4.151460524539801,3.302197030876993,1.174494787405646,0.0008068406585978199
2016-11-23,0.039985414372258,3.780012400772928,3.391529403944416,1.1318102584110428,0.0007775177413271375
2016-11-24,0.13093497402816096,3.0586549957917035,2.797098272007579,1.0984106829485438,0.0007545732925717913
2016-11-25,0.536841859539418,3.442659153000773,3.234313114562039,1.06914741592713,0.0007344703564928363
2016-11-26,1.93986133834915,2.924663600181173,2.598544156416528,1.1297639498954166,0.0007761119922951737
2016-11-27,1.0796866308403528,2.963373039754852,3.0240014228223098,1.1816513811879024,0.0008117570114863224
2016-11-28,2.804080708270872,2.807676264182321,3.034108104852894,1.1665637631499244,0.0008013922965425257
2016-11-29,6.107359972886823,2.444620671527105,2.8044768371996556,1.10673023980663,0.0007602885641988776
2016-11-30,0.5241431819556307,2.915779286819809,3.2385258741339036,1.1065337706220455,0.0007601535961019697
2016-12-01,0.1617235919055563,3.302759531642571,3.295678771997585,1.0607611624803193,0.0007287092664252173
2016-12-02,0.4668652883126852,3.045131626505386,3.1521236545229767,1.0476889880558833,0.0007197290973048288
2016-12-03,1.8205929349178316,2.820943969447249,2.9160003229287144,1.0670144559633266,0.0007330050806649552
2016-12-04,0.2103014334940363,3.1092459588322794,3.184714649596463,1.1090505673227642,0.0007618825555910537
2016-12-05,2.8003015437818153,3.12349354084677,3.3900160208678125,1.2550089866873384,0.0008621513592254594
2016-12-06,0.620090903924792,2.84020113399313,3.1567697591189767,1.099185118326922,0.0007551053051081025
2016-12-07,0.48352995989574854,3.20759542944552,3.319124352291387,1.120238350045233,0.0007695682073937197
2016-12-08,0.29568238045614575,3.23980974311434,3.1988427809137976,1.0754190476019494,0.0007387787684885777
2016-12-09,0.3196583680022855,3.2950508876305915,3.0776887121995915,1.064857396689074,0.0007315232493753358
2016-12-10,0.0119249711712271,3.594138395156245,3.2134430985751252,1.049478068229339,0.0007209581386261818
2016-12-11,0.197116465705501,3.564282596801404,3.1704508056983367,1.0635690081643956,0.0007306381673324623
2016-12-12,2.2739059123436896,3.184120254639032,2.9848480576556,1.0516496450617165,0.0007224499430176696
2016-12-13,2.495352759771658,2.463280728907926,2.5704900649496505,1.0881747362989735,0.0007475415219546101
2016-12-14,7.700796465012563,2.924892049774809,3.0167233878351816,1.1258647818212633,0.0007734333875276866
2016-12-15,6.61227827936251,2.8468543227512777,2.6728038003087633,1.381524979652831,0.000949063832726442
2016-12-16,0.0955964940909469,3.484705012566434,3.258467816481747,1.404265794026197,0.0009646860507582366
2016-12-17,0.37298150884553055,3.187983300006513,3.2864024931049753,1.3544996365484432,0.0009304982793812951
2016-12-18,0.3555545701068228,3.131508721776729,3.2533579314455854,1.3882712341586942,0.000953698295549902
2016-12-19,0.0593294717026411,3.243646733814253,3.0449368793764826,1.378323103259283,0.0009468642452222474
2016-12-20,0.4719821017356926,3.5556389216979007,3.1983410928912828,1.475698152467908,0.0010137578148463643
2016-12-21,0.1440702066526615,3.3898975526016226,3.0384162133675625,1.398368204102035,0.0009606345935788807
2016-12-22,0.02136445802026985,3.6715680675814326,3.1660052880488276,1.370521527180253,0.0009415048099576517
2016-12-23,0.04834101033452105,3.439735546931752,2.8448002959863183,1.4370711422739626,0.000987222284268668
2016-12-24,0.308462894289981,3.112872236601587,3.0734477681027697,1.4673498047679705,0.0010080227648243034
2016-12-25,0.7107009353786556,2.894950267822061,2.995032389106199,1.2571051441980217,0.0008635913529355893
2016-12-26,0.36969945780408936,2.9824950091706954,3.18774028030788,1.2706929451556965,0.0008729257411262796
2016-12-27,0.6607680975629378,2.810822395642973,2.9695689075559324,1.2179779238489632,0.0008367121938502856
2016-12-28,0.0990162045529947,3.085937245555644,3.039191245327801,1.194268055636939,0.0008204242665741554
2016-12-29,0.08469526088871634,3.019574657402051,3.0890519228748854,1.2337763423135986,0.0008475652061373532
2016-12-30,0.065413272009338,3.108434454181693,3.076840880099554,1.2522710777279709,0.0008602705026293765
2016-12-31,0.16355583659572084,3.393106248811219,3.3821319668256358,1.2778235264352853,0.000877824224250685
2017-01-01,0.0070968601307462,3.0032528043560065,3.2393881905021154,1.184659423594014,0.0008138234411904493
2017-01-02,0.0024718862233392,3.0153837209922063,3.30012037140171,1.2148394362277959,0.0008345561524217346
2017-01-03,0.0850622831116413,2.618168357689426,3.1399893385281654,1.2635886918442734,0.0008680453444807603
2017-01-04,0.00287873048721075,3.249176240352016,3.2759253747627053,1.2228135289099407,0.0008400341011196539
2017-01-05,0.7962609905159239,2.717282468098412,3.1766247555239477,1.3165762259960376,0.0009044460994359358
2017-01-06,0.5941131595921624,2.5335683584801125,3.1877847663706325,1.0630149026742002,0.0007302575144394601
2017-01-07,0.14850027713518066,2.577762919802404,3.1234602596917633,1.0467925247065408,0.0007191132554237507
2017-01-08,0.5024788470797845,2.522605948955281,2.6046644049364156,1.0501599149792626,0.00072142654571208
2017-01-09,0.0019276379463358,3.329416789676784,3.1200932683830205,1.0682973012976975,0.0007338863547119429
2017-01-10,0.000356411731445,3.3728447415279685,3.061213701554261,1.1379037843898436,0.0007817038003600422
2017-01-11,0.2886098050459789,3.1029394049817256,3.1410484371322074,1.1300840712518199,0.0007763319055113082
2017-01-12,0.5436302816240904,2.796211779935487,3.173636968721923,1.128636991330224,0.0007753378075131698
2017-01-13,0.042893731281094,2.887068191738112,3.2061642158926444,1.111003100540693,0.0007632238839684811
2017-01-14,0.0695822500039171,2.63731016044219,2.775281142357829,1.1867026975101747,0.0008152271055488517
2017-01-15,0.0679296410512768,2.7805994213662566,3.182917451440422,1.1536429764306817,0.0007925161259728942
2017-01-16,0.1431680576265172,2.6238496642157205,3.304402702251118,1.1924699838595274,0.0008191890483061396
2017-01-17,0.0883166021179792,2.606514686363945,3.4056195702316043,1.1522634645396121,0.00079156844506816
2017-01-18,0.0537396844498292,2.428603614161293,3.3220475402724183,1.125898632337274,0.0007734566417582926
2017-01-19,0.3746521078803739,2.3328382418032474,3.3766538942615147,1.164799291414972,0.0008001801604377323
2017-01-20,0.4929544585748568,2.3898606014471526,3.3541032009765233,1.1244498949051356,0.0007724614051029953
2017-01-21,1.1261687206669901,2.675112905571841,3.4369710248489755,1.1343952929986654,0.0007792935780797065
2017-01-22,1.109649716319597,2.910853746166616,3.45873256527983,1.1980397697839014,0.0008230153145370842
2017-01-23,0.1932037031922563,2.81318804923298,3.2593224069324993,1.1640508795288533,0.000799666025215019
2017-01-24,1.2936698987552473,2.9607759916429663,3.103531870587685,1.172124639278559,0.000805212442026457
2017-01-25,0.14090200640120595,2.848661819386646,3.353489210977602,1.2548498785715054,0.0008620420569975198
2017-01-26,0.5619990656449095,2.6654383498299903,3.119035029952692,1.2514844930543636,0.000859730143912674
2017-01-27,0.01350084821315,2.893892207900206,3.4564819944512646,1.2073428584993537,0.0008294062413480494
2017-01-28,0.0440863633646564,2.591549770309116,3.482501321287956,1.2114267100254787,0.0008322117177880366
2017-01-29,0.02181626996335615,2.581568673655621,3.340918668104266,1.175729466464677,0.0008076888439417038
2017-01-30,0.08999732474073775,2.557211964491812,3.206226506998216,1.1580962770223973,0.000795575402200327
2017-01-31,0.5081408244317936,2.6583929496655943,3.3750864237395897,1.1012058710451798,0.0007564934981180212
2017-02-01,0.1225067248263705,2.506365863794835,3.4664651647952636,0.8892362279795286,0.0006108770779790989
2017-02-02,0.0456796649752321,2.450378940761805,3.4598235088654516,0.8756786944517482,0.0006015634825525248
2017-02-03,0.01532310910189865,2.648637484676025,3.3802337810858676,0.9138413439304712,0.0006277800120505105
2017-02-04,0.1391353632543068,2.1481427202707297,2.83812597862923,0.9063250551682928,0.0006226165601219727
2017-02-05,0.23966133768720954,2.241601547670405,3.1917310465608377,0.9246650357183007,0.0006352155449317102
2017-02-06,0.0871627908934458,2.222743198454482,3.367799061873555,0.9016427519320851,0.0006193999663427857
2017-02-07,0.0858023775312138,2.382263675408748,3.6142270359669357,0.8340422447182171,0.0005729605624843282
2017-02-08,0.22045382599450405,2.271276623917996,3.676396169803729,0.8679988686651171,0.0005962876858763307
2017-02-09,1.885713017060683,2.2814455162574045,3.467359535018407,0.9432237141021407,0.000647964768215194
2017-02-10,0.1860421987994866,2.2813810808759816,3.1640186012736087,0.9077880522164923,0.0006236215926811238
2017-02-11,0.11812060125447416,2.567094164432424,3.6127673982254573,0.9375668962275738,0.0006440787137955186
2017-02-12,0.0446980512376387,2.8274498359135656,3.6534716520226356,0.9460724350065401,0.000649921749102052
2017-02-13,0.08530901866858985,2.304658011771343,3.1808444131058446,1.0071154610087205,0.000691856371401395
2017-02-14,0.13867735646722454,2.282035505913492,3.40815345621517,0.9795516847278858,0.0006729209315455938
2017-02-15,1.158941447683714,2.420881951601592,3.433202699099599,0.9849709721836425,0.0006766438101030985
2017-02-16,1.6801750278167646,2.221449168868632,3.195961009466264,1.0927822602493376,0.0007507067447367637
2017-02-17,1.130082676756894,2.193012678960584,3.005938983294784,1.1039611305994799,0.0007583862740223826
2017-02-18,2.155940571994725,2.6837600767292966,3.2722271357986688,1.119596469815396,0.0007691272560392002
2017-02-19,1.3397313948015412,2.6616120709371507,3.292858591953057,1.113473472673451,0.0007649209512521759
2017-02-20,1.094821533811236,2.5465733692765644,3.3493865264393206,1.2128057253549323,0.0008331590575706936
2017-02-21,0.435368899526742,2.722410243931091,3.6434655550120723,1.2040901071152952,0.0008271717043393616
2017-02-22,1.7833053541735557,2.5770911279152027,3.2068269661713917,1.2092594999784114,0.0008307229132395225
2017-02-23,8.517646998120165,3.6788858716115738,3.8351877701941275,1.2606578342583854,0.0008660319382994712
2017-02-24,4.595272786161298,3.5407629541375423,3.651675691766924,1.3360313164571342,0.0009178111293782016
2017-02-25,3.929385783037478,3.632747584164756,3.529529818358107,1.3670212865488904,0.0009391002556875577
2017-02-26,1.1397138426467417,3.281115402513876,3.1739013906563054,1.3698505670260994,0.000941043881617675
2017-02-27,0.2209471120101996,4.064937528721209,3.9059669998511635,1.3418702637453483,0.0009218223009270739
2017-02-28,0.20743804511189726,3.503709811857848,3.529098778594208,1.2959136607983512,0.0008902515726562579
2017-03-01,0.1672049878789468,3.236629864389451,3.4937097014988105,1.2859181378864595,0.0008833849655195205
2017-03-02,0.06162150414051395,3.426627229618014,3.7185807299545037,1.2683642690036554,0.0008713260144860923
2017-03-03,0.02657814368379345,3.553856776046405,3.4280860455695015,1.305693014716395,0.0008969696785520913
2017-03-04,0.27034825796941686,3.008084980320461,3.1976152433997127,1.2613378812130873,0.0008664991089831497
2017-03-05,0.0764778468048191,3.269797654288916,3.3184475882019924,1.1253969474972092,0.0007731120001889073
2017-03-06,0.12289756016612845,3.0738823722862665,3.2766064883184653,1.1756667715717832,0.0008076457745392547
2017-03-07,0.05946902631690935,3.021240497956861,3.7167752285142512,1.1938223576168694,0.0008201180861739486
2017-03-08,0.7090533593448346,2.672769081352301,3.3310111358815946,1.0983772417939142,0.0007545503195594671
2017-03-09,0.06085193331000325,3.178106624102715,3.796217958850298,1.0928067509612998,0.0007507235690789242
2017-03-10,0.0559155694263488,3.043610854218131,3.918763763785743,1.150623540928612,0.0007904418695732851
2017-03-11,0.5839896181678605,2.4917999004520235,3.4708785378757914,1.0830058400271534,0.0007439906541969154
2017-03-12,2.6364760233239086,2.655475831704013,3.408214068069541,0.9693850854222057,0.00066593680035365
2017-03-13,1.1739911731990702,2.282182902487483,2.6228129545808687,0.9537526662262219,0.0006551978242978897
2017-03-14,6.193922776064551,2.6684595067469377,2.968704582817956,1.1257593990964767,0.0007733609929389806
2017-03-15,5.708357681095786,2.904907982368309,3.1721902971872473,1.4855685656374251,0.0010205384755591438
2017-03-16,1.2013610094614944,2.9357456750720488,3.314138247917863,1.1278195721625262,0.0007747762664772383
2017-03-17,1.2396268290953234,3.4486918197385656,3.857172593473511,1.275494241832235,0.0008762240796239573
2017-03-18,0.1296021381495902,3.2349420738555046,3.707983068474495,1.1460303412926398,0.000787286487140686
2017-03-19,0.0124427243120277,3.53379347114017,4.186995556030842,1.0991628647117475,0.0007550900175804642
2017-03-20,0.2896097113069502,3.1482865179267487,3.646013015971768,1.1417579458292053,0.0007843514869972436
2017-03-21,6.87957913198694,3.0729701202586424,3.404101838526838,1.2119216758061953,0.0008325517435768089
2017-03-22,5.279415975030101,2.663500948871389,2.4908313339167676,1.138715273194668,0.0007822612674248176
2017-03-23,0.673495597281137,3.6405696442564808,3.722117797381447,1.1340187647394142,0.0007790349151108006
2017-03-24,1.868121052432388,3.570741117575668,3.8579845833241984,1.121612737429291,0.0007705123679247097
2017-03-25,2.285232345070644,3.500553379937572,3.617194438776581,1.1360454609217043,0.0007804271910919555
2017-03-26,0.5717779822742929,3.4776580580677936,4.046926644528991,1.2434971518857487,0.0008542430939248524
2017-03-27,2.8141798987336735,3.3269313980360384,3.8794212873429594,1.2561032304507902,0.0008629030699765308
2017-03-28,3.5384032262238576,3.209244118009792,3.346899874824297,1.301518063203155,0.0008941016193110647
2017-03-29,3.127616700962021,3.674006237333727,3.9418967043459725,1.3404626607140557,0.0009208553223001862
2017-03-30,20.457232541767674,3.812958387335312,3.9451747567717113,1.4846377162545952,0.0010198990115639424
2017-03-31,1.0081321921079485,3.505268038328781,3.5603720253502256,1.366592029472135,0.0009388053696938257
2017-04-01,2.336791178021639,3.649724497240976,3.9835293725265624,1.3037335281656972,0.0008956235734556432
2017-04-02,0.42674394885377315,4.634509931796105,4.463180184716903,1.3461360411679089,0.0009247527546863904
2017-04-03,0.1660358371315448,4.233266683822533,4.302787065885946,1.232875196498579,0.0008469461475509041
2017-04-04,2.0008179617763084,3.6977411049704094,4.044169336802902,1.2009622376488174,0.0008250229572462258
2017-04-05,1.2422660060325785,3.7388701062157472,4.065617930021213,1.179395425495782,0.0008102072414950749
2017-04-06,0.24949098030960454,3.6396348551810296,3.843937189371084,1.1779242827726606,0.0008091966131156705
2017-04-07,0.26673762375040766,3.9950148929325833,4.215704153878947,1.0723615521300747,0.0007366783660971492
2017-04-08,0.17816564429931,4.042430247274415,4.1373743702364765,0.9760265938123472,0.0006704993059186357
2017-04-09,1.0504293490310552,3.761587578221824,4.044153258373099,0.993451441827354,0.0006824696237090195
2017-04-10,0.808660108349704,3.552706063905568,3.8558540917449498,1.0609127743028601,0.0007288134189374821
2017-04-11,0.3955175023442885,3.7089301485689696,3.8702870984419953,1.0594772833138353,0.0007278272821683658
2017-04-12,0.1472368477398385,3.5339732771007726,3.694662996013926,1.0448216403137414,0.0007177593203713704
2017-04-13,0.0974327910635181,3.201404492982614,3.5409823459683776,1.0428993687547472,0.0007164387807935928
2017-04-14,3.66601045625827,2.987362952394919,3.559982844297509,1.1671484143658213,0.0008017939333800347
2017-04-15,0.2795066680103062,3.0277353946253736,3.7791615827973946,0.9260989884489671,0.0006362006249661347
2017-04-16,1.4506523466633787,2.81587984623774,3.3289574302925304,0.9326229471156283,0.0006406823776003044
2017-04-17,3.017552109659411,3.123412927130228,3.667833088303543,1.0072013512942533,0.000691915375302723
2017-04-18,5.576148212584526,3.714537942913037,3.8760063519701027,0.938405010690702,0.0006446544718428613
2017-04-19,0.5488079724446381,3.5597198590073944,3.9210682761064004,1.0520978397006064,0.0007227578385158018
2017-04-20,0.928435312329156,3.5472687359381707,3.9239303598720254,1.0435572646708609,0.0007168907344164934
2017-04-21,0.649708886661394,3.292543196165695,3.898202670471394,1.0947990024151248,0.0007520921826243681
2017-04-22,2.715302206333056,3.162482727836581,3.679176854240235,1.0451072434970272,0.0007179555206976477
2017-04-23,2.6926386195200327,3.412287353216886,3.5382083227592687,1.131478035886812,0.00077728951499261
2017-04-24,9.594223431518987,3.1547276399020068,3.2819821098416804,1.198954719196588,0.0008236438557572171
2017-04-25,4.337056470577264,4.190035066910816,4.204287969235656,1.2949233273692269,0.0008895712450083581
2017-04-26,1.4160227163362826,4.334590110231325,4.547002841943819,1.3009669227887095,0.0008937230033310369
2017-04-27,2.1682210560182766,4.028615532171359,4.172711410393768,1.2932666920479803,0.000888433189098716
2017-04-28,1.369744591606584,3.79934969580194,4.166344222815129,1.2229961086131946,0.0008401595275835256
2017-04-29,5.369609949384741,3.860842895024738,4.119975708297924,1.2973658123635108,0.0008912491547126289
2017-04-30,2.7944234425064636,3.9285283765754,4.245550011123235,1.2049023705930655,0.0008277297035798748
2017-05-01,27.016845880571076,3.746898667519437,3.6293425236289836,1.2719275739198628,0.0008737738919191869
2017-05-02,7.63813665152777,4.287638563317715,4.188062111862648,1.1624535742202682,0.0007985687271418556
2017-05-03,12.64781259526383,3.732957022574509,3.6684913437500626,1.169059427283117,0.000803106738628141
2017-05-04,14.81827750532634,3.9586403086065847,4.131555591663612,1.1390212041346026,0.0007824714322750231
2017-05-05,27.385861131777627,3.4237272340938527,2.899291739836773,1.1438275823790898,0.0007857732616486711
2017-05-06,8.447742543827644,3.628018051769272,3.3312842460782637,1.249455489689978,0.0008583362829706139
2017-05-07,2.457324201299252,4.313635227700144,4.005683702549249,1.2222523368653093,0.0008396485799885722
2017-05-08,0.7870644842167458,4.412474724149418,4.174132686085329,1.2010926026516024,0.0008251125138673646
2017-05-09,1.5081162479513475,4.20106156836192,3.9962755720008913,1.0583457998305572,0.0007270499889111883
2017-05-10,5.4073736265348415,3.509331919495688,3.4742132101171004,1.1282313106287025,0.0007750591177412729
2017-05-11,8.116798563559534,3.357457874844404,3.2189847331091346,1.1465535016565334,0.0007876458817136398
2017-05-12,6.588219706334694,3.1372417989754044,3.0972194020118824,1.1243331597998292,0.0007723812117890216
2017-05-13,14.633969182011622,3.5550022013741027,3.445268944020462,1.1880140806219777,0.0008161279841435864
2017-05-14,18.821267787138815,3.346661615343589,3.2340667382495507,1.1919575696849387,0.0008188370360243198
2017-05-15,11.18916106647111,3.868451149492025,3.870162481055938,1.2141589068204668,0.0008340886503084069
2017-05-16,6.340709631157781,3.6626862782160687,3.5277499048535663,1.31744815686325,0.0009050450882800731
2017-05-17,2.115158579388983,3.4571336230860568,3.4948665820748337,1.3480445282068496,0.0009260638247361994
2017-05-18,9.313747887956303,3.768084093123216,3.993929204969357,1.3575476975494518,0.0009325922005905434
2017-05-19,5.122890233408294,4.010394674056493,3.889674110109504,1.3696988189856008,0.0009409396355279947
2017-05-20,2.6307067934498956,3.8499166617109273,3.7831463295521424,1.386948430574965,0.0009527895714532637
2017-05-21,8.019018615504507,4.121135011328127,3.7098340625885555,1.5409681558598418,0.0010585962365134002
2017-05-22,6.36555775572123,3.749970774011332,3.3785452217642358,1.3225694669427643,0.0009085632658333055
2017-05-23,2.1932191098840526,3.937825890446456,3.963874129219887,1.294517342382251,0.0008892923462020075
2017-05-24,15.958695174631405,3.886779392454422,3.7397703287517206,1.4362072962958177,0.0009866288494868303
2017-05-25,12.102735161685915,3.724367404116979,3.5531497101857545,1.413793609946804,0.0009712313580297676
2017-05-26,11.540882928585203,3.69204530303924,3.717420377212144,1.4416673059287357,0.0009903797028881511
2017-05-27,10.7867602298526,3.5350658534666586,3.1600869734927834,1.563123035780151,0.0010738159361644674
2017-05-28,12.775825328772086,3.3268171169285505,2.914879344708048,1.742775128566235,0.0011972312245219264
2017-05-29,6.201855238374968,3.2378425310472894,3.0372652284651305,1.783470984913461,0.0012251879867736584
2017-05-30,3.8726209422736573,3.875303595753364,3.511888455871506,1.8742728635979842,0.0012875659967787694
2017-05-31,14.236363095408453,4.043684799486123,3.6452168667526945,1.8292031612788864,0.0012566045411027732
2017-06-01,4.343874126821426,3.954164616725253,3.717901662510963,1.817876821634389,0.0012488237050903332
2017-06-02,6.849732466696806,3.692016126124722,3.55820630459391,2.046199039721621,0.0014056738254905627
2017-06-03,5.621744010483689,3.759693692232232,3.7352429557629865,1.9526170947048536,0.001341385998111627
2017-06-04,13.713464290688414,3.71030368562628,3.544243678014319,1.9985491202430472,0.0013729398424823032
2017-06-05,15.67760527712595,3.7604399268255024,3.709572488140715,2.0819579123137184,0.0014302390365262406
2017-06-06,7.503890520320031,4.061031473183919,3.9433653303109635,2.211742374683125,0.0015193968448169038
2017-06-07,11.1562172475744,3.852417042373488,3.633519933335589,2.1677053703872313,0.0014891448199209414
2017-06-08,14.860479378157915,3.685073751323628,3.428300896046164,2.1680517351282176,0.0014893827615097242
2017-06-09,13.860091723088583,3.700624617842213,3.3252712737987733,2.194896917254302,0.001507824549978307
2017-06-10,6.4013973342784976,3.156840404268757,2.802740424311202,2.382779982800864,0.0016368942554980891
2017-06-11,5.452299993292724,3.482790435400774,3.2945034736075693,2.365589321666477,0.0016250848166652113
2017-06-12,7.133179365301251,3.771126065818564,3.438208451214778,2.2509781727676237,0.0015463505933618722
2017-06-13,14.364709043205204,3.325434240287307,3.2246303501822755,2.2240480670051808,0.0015278504650492774
2017-06-14,14.80836809334476,3.748161868411109,3.3712264687379867,2.362201088026932,0.0016227572076451214
2017-06-15,10.391538348926721,3.24097081002864,3.117781902813632,2.4298930682990156,0.0016692594505926292
2017-06-16,38.31671559482897,2.555752490163105,2.394372341352281,2.4595129375093028,0.0016896073610622863
2017-06-17,17.12792221685799,2.8354244875381376,2.8061217806116217,2.9315673578176042,0.002013893772087469
2017-06-18,24.68881436051322,2.8510781741456657,2.6719165110468026,3.013066355378739,0.002069880997890777
2017-06-19,34.68690113115839,2.62638289596419,2.5413598892953444,3.299880810800166,0.002266913429698134
2017-06-20,19.640189463817265,2.4392726938168345,2.4077458140473165,3.766127131357466,0.0025872098604538844
2017-06-21,8.12864319614535,2.4743767928070106,2.4775273797667903,3.845123278463722,0.0026414777073965616
2017-06-22,7.273931772135347,3.677867863352824,3.548141976981699,4.354959732683172,0.0029917191770996742
2017-06-23,16.38439619891055,3.593657440529884,3.307867593470529,4.189346970504641,0.0028779484634777848
2017-06-24,8.707734483786204,3.9417995251779088,3.7106073016190853,4.015367393916894,0.002758430013790408
2017-06-25,13.739869745231967,3.6110665559717554,3.423805451024593,3.9840221342156155,0.0027368968147907227
2017-06-26,9.628481965116372,4.168553873704903,3.715869524253209,4.206339307758531,0.0028896216600965024
2017-06-27,9.109978388126875,4.147761437473228,3.843044858197668,4.169527167895525,0.002864332887860168
2017-06-28,8.657297911184166,4.00520813065113,3.582657656200128,4.14911296217733,0.002850308976163802
2017-06-29,14.016380807986351,3.385952256913864,3.179918803097982,3.964596967391758,0.0027235523414379254
2017-06-30,3.704018983618279,4.82646078606157,4.05152731269331,4.185372270791533,0.0028752179708705456
2017-07-01,1.2437387997442217,4.588271949702225,3.883832582504473,3.544857883566296,0.0024352049068945532
2017-07-02,8.010691242791097,3.2818901870163293,3.0167027529395494,3.5582903933945498,0.002444432615005877
2017-07-03,7.886613563273023,5.167234734525044,4.2416615262648865,3.7843024855530096,0.0025996957521808067
2017-07-04,4.320337196267884,4.503413259273788,3.7499396737650814,3.45988793491963,0.002376833247809939
2017-07-05,16.570578030518767,3.878786761352016,3.4308572227718486,3.559200684060231,0.0024450579558146137
2017-07-06,9.783548046202124,4.390013763620351,3.8395907707337473,3.3567828437203446,0.0023060033211213947
2017-07-07,5.354071151966794,4.200384894619163,3.6403518997220004,3.8508439697288526,0.0026454076408091985
2017-07-08,12.017328629186132,3.9850240597249,3.547921585112527,3.3881032485677647,0.002327519445624989
2017-07-09,4.251853232216058,4.474396033829165,3.871880486442886,4.068428236932226,0.002794881129609162
2017-07-10,1.5530037280428237,4.687548822708951,3.990152020079503,3.1465773791592024,0.002161598835647254
2017-07-11,6.099133904441781,4.8420562793853765,4.102091325304151,3.4387447112563154,0.0023623085239130605
2017-07-12,7.655015376040776,4.634961246242859,3.859189239228038,2.9155463811103566,0.002002887869348293
2017-07-13,14.463492166125915,3.485860790271395,2.815079661209436,2.621288595117143,0.0018007421055746295
2017-07-14,14.464523963992267,3.561500411985465,3.2107872558264723,2.8066471970965057,0.0019280775847112833
2017-07-15,6.801888840303253,4.198248524499953,3.627620976057202,2.851676635374197,0.001959011380268193
2017-07-16,7.80518588327786,4.448005495078568,3.9224900282158637,3.5952232837584113,0.0024698043390055397
2017-07-17,8.435168379807575,4.458213253761442,3.811252890973072,3.639551533123899,0.0025002564400246866
2017-07-18,10.6485652192627,3.9545232637771,3.4715752882715347,2.970603419353013,0.0020407103079597704
2017-07-19,4.391369613007786,4.354345882199642,3.659790415853717,2.650832760607964,0.0018210380099906822
2017-07-20,0.6792928016657741,4.775412157050128,3.9648415352200166,2.260710660253015,0.0015530365035052913
2017-07-21,6.209282133153132,3.932128245039726,3.325649173489841,2.2011894694333844,0.0015121473336967832
2017-07-22,7.361314096308745,4.850165884922647,3.9796031628046955,2.0629506874192716,0.0014171816760199178
2017-07-23,4.234175645591132,4.474135646101336,3.916020935984888,1.9955799946507056,0.0013709001473946167
2017-07-24,2.3527121872671066,4.551746142871588,3.9657952489336425,1.9216743668240113,0.0013201293257024296
2017-07-25,5.452148829503613,4.98673064301931,4.090659745593124,1.916055182748134,0.0013162691245085375
2017-07-26,2.0640207305822473,4.402929218885318,3.6795649162307638,1.7186588366229236,0.0011806640970360228
2017-07-27,17.322351537655486,4.993060566996117,4.093168440316816,1.8533093992795324,0.0012731647618490227
2017-07-28,4.6805242967712,4.292256350582705,3.760632883041616,1.6153632782907736,0.0011097033254696895
2017-07-29,15.873433735993608,3.7457964927801535,3.4158734225213525,1.7046863467036988,0.0011710654397328424
2017-07-30,3.647643054224377,4.011810966487814,3.634658034179154,1.760662941964587,0.0012095195848432878
2017-07-31,18.126158473078334,3.9748016930158094,3.556098746230339,1.667645084546682,0.0011456192677493306
2017-08-01,11.855949192981114,4.307905023543749,3.886779789853788,1.7756913097393543,0.0012198435967359482
2017-08-02,9.42934982465329,3.891685105361824,3.563355915054275,1.7790661839977107,0.0012221620282849822
2017-08-03,3.8206822331378785,4.575611503497661,3.9777063945693225,1.7679645398761605,0.0012145355509684365
2017-08-04,3.3587559955402266,4.154150071513951,3.679301354592798,1.8818942244086927,0.0012928016298712813
2017-08-05,4.288375130030788,3.594094059888536,3.2855032746811372,2.448965439363377,0.0016823615644509483
2017-08-06,9.486759548949088,4.15757861576246,3.5482210377405474,2.0842037097989685,0.001431781828151633
2017-08-07,11.968081416140631,3.924594795903252,3.667911553690718,2.27791350080317,0.001564854309210415
2017-08-08,10.970875829199446,3.6519351183703592,3.37093121169173,2.3785628145803903,0.0016339971947184997
2017-08-09,1.9143427381843967,4.512708356179054,4.047790724391909,2.401432524021657,0.0016497079595728008
2017-08-10,23.0249364803571,3.928093142219616,3.5228190296388027,2.4749917391299223,0.0017002408067172243
2017-08-11,13.02345714235808,3.707681004577804,3.286701992337231,2.134692395110385,0.0014664659532284113
2017-08-12,2.7302138926611614,4.745439944172191,3.9294200798507166,2.0930279169537687,0.0014378437785227448
2017-08-13,1.709294895979203,4.492441002170892,3.873441510225568,2.052354640866137,0.001409902528193005
2017-08-14,13.862316389088821,3.1210251622170366,2.814290873030852,2.0446076842896166,0.0014045806147938527
2017-08-15,5.622887333236535,4.567097404438166,4.099711005619261,2.0591738097652295,0.0014145870808914354
2017-08-16,1.3800942969169616,4.771563342706928,4.057343038649954,2.031884652790587,0.0013958402957868071
2017-08-17,2.665035581480802,4.603853024299517,3.9884128302117507,2.0674266258189933,0.0014202565037032759
2017-08-18,0.436043410905771,5.170493663047436,4.236147352207876,1.7838419016957934,0.001225442794835943
2017-08-19,0.5834481805102902,4.7057600137593925,3.846493890553153,1.7152376158133025,0.0011783138268765948
2017-08-20,2.149880756695929,4.464882382033569,3.8129688264123476,1.6701102266572618,0.0011473127421737094
2017-08-21,5.5976333490714225,4.3755264874503,3.788911451228519,2.102671411959209,0.0014444685536556862
2017-08-22,6.272726781368798,3.9223982436553695,3.646910489587784,2.1059108625146954,0.001446693953417108
2017-08-23,9.84616738475087,4.019743036063417,3.676990983815176,2.1389231967412536,0.0014693723797284273
2017-08-24,8.64069603739955,3.908188559920056,3.5878633155948676,2.2224564494666548,0.0015267570742937026
2017-08-25,4.7369592900456405,3.785828101300151,3.4476748679604237,2.3385858411366063,0.001606534282215177
2017-08-26,6.737560251982229,4.194626507970726,3.785868860554347,2.513318842090811,0.0017265703105402406
2017-08-27,2.3170786071082383,4.204666889775832,4.007787125278744,2.6094382666901548,0.0017926013058919405
2017-08-28,3.3382791804983816,4.682874474770311,4.242699686752067,2.699814208418525,0.0018546867107208443
2017-08-29,5.26396796559153,4.295526958177725,3.9993371532337467,2.6892896670961544,0.001847456684718993
2017-08-30,12.036092313540072,4.083601474333842,3.7787059290059064,2.6547025292507613,0.0018236964182815122
2017-08-31,11.632056995894466,3.800615847212986,3.4923329298672288,2.869692821505036,0.0019713879285842024
2017-09-01,14.483306166484521,3.990611323438214,3.5644182243359395,2.8826202465597017,0.0019802686594796713
2017-09-02,14.380639254155652,3.973073865195951,3.581782864054257,3.383047034808144,0.0023240459871783706
2017-09-03,15.79197626638555,3.985222782875774,3.797090938304465,3.492852082906914,0.0023994785717035647
2017-09-04,15.659810677616063,4.223030751433678,3.8841827886899054,3.445385982830234,0.0023668708667928143
2017-09-05,3.6214518911459033,4.411226884489096,4.0590216509607195,3.5744165600931574,0.002455510779932009
2017-09-06,14.162059804923889,4.240609407520775,4.015401141641896,3.6221751750765416,0.0024883194333037545
2017-09-07,2.5797319943408175,4.387274595364085,3.976164510177052,3.5643454789749898,0.0024485922667046123
2017-09-08,10.692705930191796,4.1725959718278505,3.7969640567509115,3.1720217510853086,0.002179078311948562
2017-09-09,14.192115381308271,4.072455885799324,3.684820651196348,3.138803491930384,0.0021562584217443364
2017-09-10,9.264941742818248,4.01032868593829,3.7413014404183067,3.544731733028607,0.0024351182454772336
2017-09-11,39.01465897065593,2.9682651718065625,2.7224811942389224,3.8702373302378765,0.0026587302642327466
2017-09-12,18.957565602276407,3.2752147311820785,3.0598827750722037,3.868287114219774,0.002657390527698088
2017-09-13,9.695110542037911,3.767639975259991,3.693175035423019,4.407415440635151,0.0030277545843275587
2017-09-14,21.023805449520026,3.7337400316297495,3.7090774634663664,4.353060300836292,0.002990414327679539
2017-09-15,6.810167666424297,4.079983020952135,3.9163799652692237,4.306888958450543,0.002958696080226818
2017-09-16,2.297005660486836,4.44628301477555,4.0060531476786245,4.266406872786947,0.0029308861716529555
2017-09-17,11.828423757451496,3.971972643345032,3.4824415619065823,3.9844751188523855,0.002737208000865438
2017-09-18,8.31800585871013,3.1892721689790235,2.96186255281629,3.913119498414093,0.002688188953351178
2017-09-19,12.460716014110236,3.770624715547312,3.4571254688666126,3.7423558941208674,0.002570879774604778
2017-09-20,2.1041337783949086,3.8714387676140256,3.6657769019877624,3.7573131138057003,0.0025811549100167967
2017-09-21,13.54711430642267,3.5790275593845764,3.5128454554572928,3.7021567603178656,0.0025432642449826157
2017-09-22,4.824294847543564,3.681810908211239,3.468374350385245,3.5091371278563677,0.002410665880947684
2017-09-23,12.593869280317417,2.9240651511448217,2.701969534282152,3.3459043110286526,0.002298530114279046
2017-09-24,19.377851248334732,2.599241844606849,2.5208178579198393,3.550849135039485,0.002439320706586718
2017-09-25,11.843888597041945,2.4892855060205346,2.347801055282128,3.8208837378118785,0.0026248259119579097
2017-09-26,16.602490540151614,2.6515539764310034,2.357509427010707,3.9482541200470354,0.0027123253237820136
2017-09-27,7.275256879097073,3.325635875618376,3.169217788773588,4.113661288063015,0.0028259548007366184
2017-09-28,17.49024859753103,3.24947598564405,3.3034874595715884,4.872065339838047,0.003346954324258625
2017-09-29,17.34519406945045,2.859692407155324,2.905819414070124,4.1678823123481274,0.0028632029242814517
2017-09-30,35.543902914692666,2.1094131917655976,2.1200755216229386,4.475095912068455,0.0030742489210679375
2017-10-01,11.012348220969812,2.743847934947721,2.8042669024273863,4.808801095415403,0.0033034937953716373
2017-10-02,9.532016868641804,3.170625953639556,3.0497759208060833,5.034954102206724,0.0034588537364288858
2017-10-03,10.679659551357435,3.349150924769265,3.1488105431692452,5.2925321549086455,0.0036358016870804404
2017-10-04,13.24039603804058,3.723825949466249,3.4937335791641337,5.296605202363471,0.0036385997414662
2017-10-05,16.32179047772847,2.5295195366235173,2.528329557508938,5.4569281407199295,0.0037487365139397466
2017-10-06,9.919569085305909,2.938616163804999,2.8234468364018124,4.626581026917515,0.003178314389168111
2017-10-07,3.53975719029209,3.5128696273699225,3.258927543263076,4.521095538528637,0.003105849205127409
2017-10-08,2.146096200598749,3.6063129345903984,3.5284079497914353,4.101420023427961,0.0028175454402812744
2017-10-09,8.064720237931336,2.970455533874383,3.0861267531891334,4.075763631166229,0.002799920312735646
2017-10-10,15.875856302437883,3.30889399609118,3.168272749935452,4.341214871463857,0.002982276893491908
2017-10-11,11.048200196216328,3.8712747430182857,3.47036593050521,4.863189899461289,0.0033408571782893802
2017-10-12,9.251152329342142,4.065885068768856,3.569615277335895,4.645390641194953,0.0031912359974496617
2017-10-13,5.069361234764989,3.9293527655865774,3.483147873555302,4.340489632605678,0.0029817786774042343
2017-10-14,6.248650825519878,3.796692421631073,3.2665311898983105,4.127640682015815,0.0028355582008918376
2017-10-15,3.4323223999681827,3.7828416117877546,3.518644239189785,4.396108344682914,0.0030199869681212035
2017-10-16,0.7644628680488063,3.828775633676025,3.393788299023132,5.360147220140407,0.0036822510918353432
2017-10-17,1.387055417600545,3.494267216939511,3.2020694288119245,4.260281256890626,0.002926678067864754
2017-10-18,2.271242429564934,3.899123327164412,3.529699243163417,3.8212515244635727,0.002625078569719748
2017-10-19,3.9659912980613337,3.548309209358784,3.244639867494348,3.2755092897542015,0.0022501709679157433
2017-10-20,6.182435131632117,3.448209854715071,3.170041424986302,2.826876033181843,0.0019419741533506498
2017-10-21,7.302587014122243,4.137907435999318,3.6869234176913928,3.1550304059545256,0.0021674057968869447
2017-10-22,10.735058723840893,3.1136416544176084,2.9754847350167086,2.987610952234765,0.002052393943492754
2017-10-23,10.379215629515887,2.8256473089943728,2.729649404283,3.78406062925399,0.002599529604576169
2017-10-24,10.50789960503844,1.8748596332980063,1.8673524939499502,4.393991306020132,0.0030185326297220275
2017-10-25,3.0256072369824443,2.6981448826554204,2.4143738133665984,4.067039358574299,0.0027939270142388443
2017-10-26,0.9382987644826071,3.192146355046621,2.739365100667272,4.430717915201281,0.0030437626450933505
2017-10-27,6.513342627786372,3.0751928358017686,2.9059973708881586,4.337208275721834,0.0029795244893246913
2017-10-28,8.243157771433328,2.3514369620876088,2.530811408287515,5.279857736596016,0.0036270947637902185
2017-10-29,11.00403326151522,2.875434368126746,2.7141447171445856,4.6748510475256495,0.0032114743619799328
2017-10-30,3.29853934371951,3.802180885278187,3.515335582167043,4.473199251257109,0.003072945975261304
2017-10-31,0.3676182166869198,3.9619960259857048,3.560846724176229,4.837928949779576,0.0033235037072509768
2017-11-01,2.3568976446631034,3.441203467860997,3.3092393802800757,4.399890272216792,0.0030225850323569283
2017-11-02,0.8304821522194643,3.912571930257831,3.588544738130887,3.923756447009631,0.002695496199583622
2017-11-03,2.082323201508959,3.747965493534994,3.5029001233442645,3.546281393816239,0.0024361828132760045
2017-11-04,4.79202058988399,3.365715007149131,3.1574389172327106,3.1863004301833056,0.002188887311503837
2017-11-05,0.2686869881229012,4.476375031200323,3.7014696366706983,3.012338734785799,0.002069381145626883
2017-11-06,0.4711890376746182,4.074623773919217,3.5371497329843344,2.7661390713109624,0.0019002497873997547
2017-11-07,0.462918468221316,3.8005277653437233,3.353266667373319,2.5089420907545055,0.0017235636212227818
2017-11-08,1.8587521675188925,3.5220170233839574,3.083080008309212,2.4354763070162577,0.0016730949584654899
2017-11-09,0.19066549875679756,3.971847849314965,3.420402655821164,2.2261197241696054,0.0015292736277987906
2017-11-10,0.05626808820008005,3.850388192087668,3.08482095023576,2.251043229466924,0.0015463952852503952
2017-11-11,0.20610165411081,3.645100665964046,3.0544921618241085,2.28057060787274,0.0015666796574716128
2017-11-12,0.5326345575203012,3.736521906537319,3.374146059951209,2.0897794416540814,0.0014356121790483631
2017-11-13,1.5224449553784132,3.682993141547689,3.1723407998121873,2.08953298055641,0.0014354428680931368
2017-11-14,0.5876183203113222,3.4616661599899547,2.926589565360513,2.066236865601323,0.0014194391761783757
2017-11-15,1.460238877076801,3.4181625090258305,3.0929082194713424,1.7849948638438313,0.0012262348432544089
2017-11-16,12.273381412423033,3.358250922374875,3.2175266660427253,2.1066242542785796,0.0014471840309268449
2017-11-17,0.548680870164014,3.533332388988644,3.273462982791373,1.723384279060109,0.0011839103260777087
2017-11-18,5.284458805388528,3.6215226223459074,3.3543144627719297,2.0153063178167074,0.0013844515056004097
2017-11-19,0.2013507354581751,3.670739294325303,3.295963657206218,1.719589093942401,0.0011813031543024843
2017-11-20,0.2847067743386454,3.19382543300197,2.773732381391911,1.7753578082313746,0.0012196144917801604
2017-11-21,0.37429301034316464,3.523539354797856,3.1060619165195824,1.8573449606559116,0.0012759370644881193
2017-11-22,1.1401723233238503,3.455926323913383,3.3414661544012594,1.8271340126815112,0.0012551831016592396
2017-11-23,1.9420192329992814,3.267268467323909,2.9074417158222077,1.7950537086690808,0.0012331449505367622
2017-11-24,0.4230998149968265,3.685002736779214,3.378262628366573,1.6475972947189013,0.0011318470721452894
2017-11-25,0.4963958191773904,3.722117247305952,3.494791772177246,1.6407107148147433,0.0011271162102249649
2017-11-26,1.2129520227426525,3.3559904123878503,3.282041080896503,1.6452754245488264,0.0011302520209987962
2017-11-27,0.2163666240719465,3.6415745748612727,3.0608898562947666,1.7493313796846588,0.001201735161045993
2017-11-28,0.0300057066016094,3.805162557632396,3.5332874450341722,1.694792962768203,0.0011642689988325733
2017-11-29,0.01547285584417905,3.457752935824785,3.231825759635557,1.736039668636294,0.0011926041772296716
2017-11-30,0.0622970622351658,3.3586464684910267,3.1695774482700956,1.64137021984789,0.0011275692692602189
2017-12-01,0.0731690593485562,3.0567237618499106,2.8467475831448947,1.612674464760618,0.0011078561958759434
2017-12-02,0.2469254679990674,2.957459373038588,2.886907547878828,1.5560016165998707,0.0010689237471116228
2017-12-03,0.2757168525691726,2.8825918001667508,2.911556622756219,1.4697943374009939,0.0010097020811914278
2017-12-04,0.01544479923812675,3.4365060756791315,3.282802099191122,1.5309566929349099,0.0010517186790933942
2017-12-05,0.0338516311007142,3.375171500020125,3.368139534527834,1.6402565135999179,0.0011268041883997209
2017-12-06,0.00837443721548005,3.324517410721368,3.196197575557753,1.6211442240507945,0.0011136746518087672
2017-12-07,3.201866967600349,2.99560316913405,3.264879355223463,1.618516083775867,0.0011118692028165296
2017-12-08,1.373207050248733,3.138715757526726,3.0751024791441193,1.521378120957864,0.0010451385040213044
2017-12-09,4.8071004258287005,2.4465457775900026,2.386082241590217,1.7275484440709494,0.001186770975333784
2017-12-10,0.0036544982298781,3.753167862235528,3.029335049864642,1.5322733775484956,0.001052623199651666
2017-12-11,5.870990317911673,3.593920854656713,2.596538888877765,1.6371471777490294,0.001124668173312524
2017-12-12,0.02370202385827215,3.4474871595794307,3.034071257274575,1.2061685993106106,0.0008285995625382584
2017-12-13,1.1802432109263654,3.284700232434948,3.216947754053827,1.346166390320196,0.0009247736035911976
2017-12-14,0.18613077396325126,2.8863680272604344,3.1837822901781907,1.178673347759831,0.000809711196998087
2017-12-15,0.1124093823428833,2.746492205746791,3.1376705240475777,1.1541857190153595,0.0007928889729102892
2017-12-16,0.3761237202281619,2.737962596092891,3.005743094045418,1.132169004988577,0.0007777641888448203
2017-12-17,0.0227078431664609,3.144288873283982,3.4246000553122853,1.140066569923359,0.0007831895654081117
2017-12-18,0.3035403634725928,2.9308776184277514,3.0594308640216497,1.1711551551571795,0.0008045464371915426
2017-12-19,0.25580989941066934,2.854225954191046,3.1548471816314203,1.0871349966979729,0.0007468272538340212
2017-12-20,0.045380892158577,3.210367110923674,3.5617819880053774,1.0205994782051564,0.0007011194634406099
2017-12-21,0.006444266586729,3.06552999827046,3.206396426251364,1.010210944490177,0.0006939828703502527
2017-12-22,0.01530417303176265,3.0380733595525222,3.252369181904739,0.9612171339943498,0.0006603256768475139
2017-12-23,0.0134212161543223,3.0172530507371724,3.3949942549851557,0.9618259962645783,0.0006607439459112631
2017-12-24,0.0312595434908597,2.4983446676073213,2.7885934880457093,1.0855158347086302,0.0007457149409145715
2017-12-25,0.0165177359275981,2.7829216526402725,3.1111234211357,1.0869381294358254,0.0007466920122704565
2017-12-26,0.0362629417172914,2.5644332927685256,2.9101573205269773,1.0889785179449558,0.0007480936944457675
2017-12-27,0.0501325525314416,2.584113665148744,3.055624571257191,1.1410994059699349,0.0007838990910058231
2017-12-28,0.0062546473216709,2.697900198016629,3.0069147004888697,1.1490930324012156,0.0007893904587696989
2017-12-29,0.17309921243787904,2.3770200976811187,2.855312842259134,1.1593598116508683,0.0007964434104049855
2017-12-30,0.6444332286791785,2.528080915613659,2.9572567820430047,1.1417845122230654,0.000784369737267018
2017-12-31,0.2063416570782866,2.503460329057933,3.202211437911052,1.0729594620250347,0.0007370891112265484
2018-01-01,0.15737269437698265,2.4838530455315,3.1122619538155525,1.0674188366891775,0.0007332828773948074
2018-01-02,0.310576015690343,2.1830192466760074,2.636133817896714,1.1333624236593618,0.0007785840296109474
2018-01-03,0.48767973114712915,2.26583240448304,2.8311777031523406,1.1699539861414527,0.0008037212721843168
2018-01-04,0.04990868282040045,2.5197181157371604,3.009437319478918,1.1481241797720003,0.0007887248877498674
2018-01-05,0.25230398572667456,2.4457816897186984,3.049784920627401,1.1859303944162953,0.0008146965578243454
2018-01-06,1.1587871293848888,2.5373716322676394,3.1836263052824485,1.1999541747465816,0.0008243304500127587
2018-01-07,0.05276599308851705,3.0125217419596924,3.3074738502084053,1.1004640323372261,0.000755983878460176
2018-01-08,0.00560078336200145,2.625697153407959,3.2589018917715724,1.1334620369263027,0.0007786524607651471
2018-01-09,0.0033338485000889,2.6351117431529603,3.3160430913401746,1.0736850924017296,0.0007375875962750214
2018-01-10,0.208231898763413,2.377685862329771,3.338496846005441,1.0421207386359117,0.0007159038866036636
2018-01-11,0.00398410654800085,2.4637120766293634,3.4094124116750075,1.0493939383734052,0.0007209003440841393
2018-01-12,0.0953904172056951,2.303227699181228,3.0307680200394405,1.0771258992281012,0.0007399513214065989
2018-01-13,0.02298210942107315,2.718821530570604,3.3630487851866535,1.051252447107134,0.0007221770806238084
2018-01-14,0.038046338558968204,2.8923182423972555,3.2600001763446715,1.020931075097981,0.0007013472599862094
2018-01-15,0.0011857617678003,2.8870975914991126,3.1880951063426344,1.016338248909444,0.0006981921341001506
2018-01-16,0.5130424348922289,2.1413719955684805,2.6405399740730138,1.070817875480582,0.0007356179092114358
2018-01-17,0.3792584103256139,2.2440168928310253,3.078335891569023,0.9844715409731336,0.0006763007167057227
2018-01-18,0.11990399995729731,2.333252159575093,2.8290203242061125,0.994015643486564,0.0006828572123498381
2018-01-19,0.04383268294165565,2.066195607792401,2.984650898260803,1.0093879040906093,0.0006934174677063579
2018-01-20,0.34793343005213073,2.2328580237643902,3.3104974741682622,1.0548799375529982,0.0007246690514795186
2018-01-21,0.1350964066503796,2.0431115477318724,3.3011467678687834,1.0314308088466642,0.0007085602439719471
2018-01-22,0.18741675546807315,2.038979760689044,3.3260133371932903,1.0164849342378592,0.000698292902267242
2018-01-23,0.14572033092539885,2.004821143411803,3.0140281636286277,0.9823541223422386,0.0006748461172805075
2018-01-24,3.4050533806559566,2.395102007419996,3.0466511239630227,0.9787549855050629,0.00067237362445446
2018-01-25,0.6395244428533108,2.7744285842183323,3.1238397989770754,1.102946388295857,0.0007576891782520637
2018-01-26,0.4551980906448888,2.672436056054784,3.0627397891589583,1.1237751894819703,0.0007719979038820246
2018-01-27,0.25049450178177657,2.3603743153079506,3.0037496545161737,1.1951347776141703,0.0008210196770761255
2018-01-28,0.1202761883653055,2.422753125620849,3.1822620566885504,1.1746642933383735,0.0008069571037960998
2018-01-29,1.9037024886728355,2.4162925584928656,3.0762255684882813,1.2021683507458287,0.0008258515186804452
2018-01-30,0.9120720813188692,2.673836790766458,2.89300840189627,1.3197928389056748,0.000906655810459174
2018-01-31,0.0117516371438686,2.500605280630891,3.0648292316025634,1.3019601127222793,0.0008944052933068692
2018-02-01,0.0425282292195259,2.609056601137894,3.4724038675985276,1.3115449266342702,0.0009009897563902437
2018-02-02,0.01322016217737595,2.7417548074295963,3.5922322696993456,1.2412248401528285,0.0008526820878524639
2018-02-03,0.6329962549046201,2.0226418994379904,3.0109603838740195,1.2303932211483468,0.0008452411092249119
2018-02-04,0.0082344187369273,2.621625185070326,3.756293840864124,1.0277472687549682,0.0007060297687877018
2018-02-05,0.0214500913474679,2.4211177806885944,3.500176434118477,1.0057231897752277,0.0006908999252332008
2018-02-06,0.04173389808182925,2.255380280654539,3.401867506056456,0.8999669656753548,0.0006182487543480214
2018-02-07,0.00794111123215885,2.390911471974073,3.600302442581367,0.8719757420874837,0.0005990196717528711
2018-02-08,0.40077599814919646,1.9511506161101384,2.895934801653884,0.8785648505998459,0.0006035461802641861
2018-02-09,0.05255119418198205,2.1922903704116727,3.3285108010611038,0.8203226961805653,0.00056353566788583
2018-02-10,0.4243282822678263,2.252104085922803,3.3466859012168024,0.882182892805593,0.0006060316604786773
2018-02-11,0.4991757598765388,2.068047564297812,3.4104645674229146,0.8486638133237461,0.0005830051162532533
2018-02-12,0.1078017732745386,2.1811779013373225,3.4012065704580006,0.832955286270279,0.0005722138565138913
2018-02-13,0.2478334253540994,2.197578233086838,3.2552149183051213,0.84527264007684,0.0005806754878161642
2018-02-14,0.04494335282190285,2.4203113895261064,3.5032120225028995,0.8637868473446728,0.0005933941608537786
2018-02-15,0.04105497993064705,2.317132963439511,3.414946807370499,0.9510871336142414,0.0006533666879563524
2018-02-16,0.00125509534370165,2.642155439620055,3.6139666504360743,0.9244711640004409,0.0006350823612120386
2018-02-17,0.02387363071716635,2.109105246681497,3.2777583348176953,0.9256186606559639,0.0006358706550105373
2018-02-18,0.03302119807759515,2.074350197168505,3.1698586668127997,0.9315719206395774,0.0006399603557546274
2018-02-19,0.2866083682435252,2.007999464607515,3.2558117770871142,0.9942030781643827,0.0006829859740272137
2018-02-20,2.105886636049417,2.228268645032857,3.494488997224406,0.991297597991479,0.0006809900013235572
2018-02-21,0.4434720819128369,2.294822909116847,3.508719799052825,0.9732421084471293,0.0006685864528093502
2018-02-22,0.0847521678030776,2.3510611726300183,3.6138508390728994,0.9651406743739473,0.00066302102461564
2018-02-23,0.04501612167800095,2.35363021077617,3.493333786018522,0.9822286847104064,0.0006747599456068944
2018-02-24,0.8139604156258586,2.1512738587159035,3.1449528028604545,1.0599482114135002,0.000728150794832841
2018-02-25,1.743689064539494,2.499091061148441,3.5934879849558072,1.1446482779526026,0.0007863370534714547
2018-02-26,0.08489163670625754,2.616035613817631,3.690068054150786,1.0661847504008204,0.0007324350992655712
2018-02-27,0.15891204272715226,2.508547680219236,3.772509057055288,1.006737443586666,0.0006915966854248864
2018-02-28,0.02145072120311565,2.273977998529096,3.6781099682220693,0.9366050058206311,0.0006434179256015149
2018-03-01,0.0065749532975634,2.190707117242429,3.8266923886661015,0.9447303509336681,0.0006489997799210377
2018-03-02,0.03237753568067785,2.163131054375788,3.816070845271494,0.9467044349882626,0.0006503559130395634
2018-03-03,0.0221112605410623,2.3698701761266787,3.810239524814765,0.9493392879246857,0.0006521659734172922
2018-03-04,0.00154593157522875,2.4354315648817075,3.956988446672553,0.9279505237515313,0.0006374725709798227
2018-03-05,0.00085101221434605,2.4019736528243247,3.792655753290909,0.928147787129188,0.0006376080846621758
2018-03-06,0.07527270458165815,2.3880893792669524,3.9506696542372057,0.9207319987001059,0.0006325136732741445
2018-03-07,0.10309884033931055,2.3556087113354565,3.974607063751364,0.8983809905595928,0.000617159239757882
2018-03-08,0.2376087047791201,2.493959016088352,3.743605763278957,0.8665125704991524,0.000595266646188493
2018-03-09,0.0899980268933157,2.5026187089816583,3.9848527977903556,0.8200511895407583,0.0005633491514377158
2018-03-10,0.1738427357035681,2.1260429882982783,3.9061542721884925,0.9003078084252043,0.0006184829025040762
2018-03-11,0.0262257363387634,2.178119089754736,4.06299852649191,0.8976649383803439,0.0006166673346271902
2018-03-12,0.07491815023724865,2.3284653500425367,4.020442994041476,0.9542924270533489,0.0006555686228624421
2018-03-13,1.0522073312512312,2.1621273729892687,3.650452839565618,0.9847765362363403,0.0006765102387757001
2018-03-14,3.7949774701255086,2.49247422592002,3.772047127119907,1.0307924436961189,0.0007081217073653867
2018-03-15,0.650436229068087,2.35150878255353,3.8399604641370018,0.993712551807266,0.0006826489979816155
2018-03-16,0.6042195272251584,2.522152636078782,4.062439551981302,1.012116378998864,0.0006952918434086178
2018-03-17,0.6351056077847745,2.337251436827932,3.6693217656565817,1.0016651643653371,0.0006881121905157441
2018-03-18,0.4490919782843493,2.485653551656428,4.181877450478501,0.995980018014025,0.0006842066753312535
2018-03-19,0.8997745197018726,2.4488827718444184,3.992917736688502,0.9493430330996012,0.0006521685462336451
2018-03-20,0.6648789369221618,2.419673058956759,3.73487181508506,0.9347051599217105,0.0006421127917407631
2018-03-21,0.70170294516096,2.6743300307037288,3.868734426916582,1.00530788492988,0.0006906146239798173
2018-03-22,0.09876698120340525,2.726218620024456,3.8641144164056445,0.8748655327589046,0.0006010048662667516
2018-03-23,0.13710868961815156,2.519429862614255,3.410964446008712,0.850737620775619,0.0005844297561820265
2018-03-24,1.7204359573210704,2.399776762712421,3.9895467558076088,0.969779844507797,0.0006662079873218865
2018-03-25,0.06197974096496115,2.36254087194008,4.037556337312083,0.8504353624469804,0.0005842221142992693
2018-03-26,0.04896837350226255,2.3672683044667413,4.146044960547818,0.9067584938459395,0.0006229143187428574
2018-03-27,0.21679804331576685,2.158744076960185,3.8248448324220035,0.9003389190321791,0.0006185042745040969
2018-03-28,4.268138741392568,2.296814597555233,4.147083504602511,0.9861113458161902,0.0006774272106107882
2018-03-29,8.675464341044615,3.287805767496649,3.716627333264869,0.9173113982788375,0.0006301638293018331
2018-03-30,1.1236213492636005,3.4115163547084326,3.8612843896386195,0.8871555590542879,0.0006094477244357993
2018-03-31,4.961629826392496,2.8083209414833816,3.218647847498999,0.9001141129280007,0.0006183498398424048
2018-04-01,2.8584004648232497,3.817785366743445,3.4467957599096177,0.9125348435119263,0.0006268824877111429
2018-04-02,1.9200609835356075,3.379505878477318,3.406206949025295,0.910713466245658,0.0006256312593116391
2018-04-03,4.878841429999926,3.574024106329547,3.5264635555536414,0.9175698739021779,0.0006303413938550384
2018-04-04,9.50360447292791,3.4849844221185458,3.2234471925968395,1.0006530298414118,0.0006874168862073466
2018-04-05,8.50805611120564,3.4193884178766054,3.2538109170351706,1.0883953895182514,0.000747693103716124
2018-04-06,8.668543528974437,3.698105225738899,3.633058206718999,1.1252470949507505,0.0007730090562434987
2018-04-07,7.964042055310352,3.9259462887309424,3.7113815866053597,1.095125907053011,0.0007523167557396848
2018-04-08,6.8531684860078785,4.061466619679082,3.744651530084712,1.2128183942818325,0.0008331677607215578
2018-04-09,2.6805344595210676,3.844287223302429,3.801169825332361,1.100923796067324,0.0007562997215569435
2018-04-10,6.319813023367409,3.816044909358792,3.4571572924655327,1.1247736260060597,0.000772683798099098
2018-04-11,14.991112364166149,3.209112680918101,2.8580993560908667,1.1948134201592218,0.0008207989146995051
2018-04-12,3.8639104103725552,3.4189733107914546,3.1171658497492643,1.1446380557045248,0.0007863300311113218
2018-04-13,3.263544207348019,3.6315336227608688,3.540031813591923,1.1450263731707206,0.0007865967928913912
2018-04-14,8.00755813107091,4.108910431277076,3.913163724754458,1.1603496178640988,0.0007971233758722918
2018-04-15,11.062059129425425,3.359423703506053,3.11791586461897,1.2278200073228682,0.0008434733929609272
2018-04-16,0.6404133305216456,4.734980849801574,4.022502129293287,1.168310925042807,0.0008025925413349649
2018-04-17,0.3640579983030416,4.650635866841259,4.006644185686518,1.1700174483840937,0.0008037648687316982
2018-04-18,6.020428129158084,3.650785522059399,3.472004247728267,1.163150738608547,0.0007990476569593579
2018-04-19,1.1742080400245272,4.327652882465112,4.047754715198389,1.1058638605622424,0.000759693389143498
2018-04-20,0.2543276082976199,4.427637617338584,3.7998906113691646,1.1100069782661444,0.0007625395795674236
2018-04-21,1.2583506166727345,4.299114232221506,4.034935140131809,1.0997373765595069,0.0007554846889937298
2018-04-22,2.119882674456461,4.156816849807727,4.068722176306434,0.9873062376675251,0.0006782480634052173
2018-04-23,1.7260398114120739,4.365057694864672,4.1506453385271636,1.0682446833537038,0.0007338502078537012
2018-04-24,0.3374400808796469,4.366129055286968,4.15447433741137,0.9591983971747245,0.0006589388686960021
2018-04-25,3.573324862430537,4.08375542131644,4.003482943257569,1.036677160705675,0.0007121643212607961
2018-04-26,14.45520101500932,3.6155970968421087,3.5036537995833785,1.0285063796446956,0.0007065512538864729
2018-04-27,18.298240556238625,3.711757099169657,3.4965385720829283,1.0129717017277404,0.0006958794229886044
2018-04-28,1.5975967925477441,4.418424494392006,4.103720441428204,1.0605627588414024,0.0007285729694195529
2018-04-29,4.440434420596883,4.465517388276538,4.167725532383475,1.1301785411828322,0.0007763968033568952
2018-04-30,1.2934467612856253,3.800884102459991,3.3496064165903223,1.0685908252186114,0.0007340879963336886
2018-05-01,9.331635405161341,3.7447432699848098,3.539781355061981,1.1391598399794238,0.0007825666707022518
2018-05-02,1.8360731007372604,4.003248993773812,3.8631300751558495,1.0182376447530055,0.0006994969587871485
2018-05-03,0.9693094498489372,4.260260062244296,4.033778851559726,1.0230888933933995,0.00070282961269929
2018-05-04,0.6142305877461859,4.30292651731374,4.307040953954901,1.0026339400742605,0.0006887777086937752
2018-05-05,1.9850632167168865,3.563732070940999,3.4473509720596667,0.9362922457116943,0.0006432030693288574
2018-05-06,2.154687449514928,3.7302815125325424,3.431404348119782,0.9617163532376495,0.0006606686246301417
2018-05-07,4.0063267844673245,3.5391097016134143,3.4769574988532765,0.9548597659932304,0.0006559583667155531
2018-05-08,14.186507630488979,3.8900315445267934,3.3457251091244626,0.9809236942091051,0.0006738634585327716
2018-05-09,10.553386970375051,3.853281677938601,3.677252506194068,1.039401738140778,0.0007140360195226462
2018-05-10,16.477358162868917,4.0759568423748425,3.7592217326126223,1.2525136140467077,0.0008604371173859866
2018-05-11,6.683817059330016,4.2229527431838925,3.944478573080856,1.2942266978366876,0.0008890926826197807
2018-05-12,5.636873189242148,3.9873296038709305,3.793128116317093,1.411057478295667,0.0009693517223880547
2018-05-13,7.766631682523631,3.999254953812674,3.9413527470699785,1.3517778584212805,0.0009286285041551931
2018-05-14,7.777035316969166,3.496027788016338,3.3044904654581875,1.3702633612736586,0.0009413274581700255
2018-05-15,2.036719058621407,4.002143057002519,3.7635526711661695,1.3745106722657487,0.0009442452260774485
2018-05-16,11.403237214745296,4.059227976602971,4.008709880551556,1.3565660981992946,0.0009319178729778092
2018-05-17,17.34301820997268,3.932548431267461,3.7005426863666715,1.4201051255455521,0.0009755671690159474
2018-05-18,7.3570941756552495,3.9370851167901,3.7757766568125297,1.4036663514850847,0.0009642742527495533
2018-05-19,17.694374247741774,3.9831969254421735,3.7732616531906804,1.416100660136713,0.0009728162283200444
2018-05-20,16.923918680017316,4.078714999707342,3.8407390555170484,1.4845795692791852,0.0010198590664365237
2018-05-21,8.146155256523048,4.081719873655159,3.7332779917040373,1.6677084814991079,0.0011456628194444058
2018-05-22,9.450009829116045,4.117697054012256,3.6992829677998014,1.671198183602986,0.0011480601340804484
2018-05-23,6.474090781339372,4.211783455445161,3.779290620229646,1.6233045519325116,0.0011151587285280194
2018-05-24,13.606584465331498,3.623150980761386,3.380778702060664,1.5091530707982606,0.0010367402823961971
2018-05-25,18.801437583561306,4.027928515636134,3.706095284282746,1.5839542009984917,0.0010881262858095705
2018-05-26,11.24186379376063,3.9820646664277866,3.7318457142237937,1.7779298526467069,0.0012213814046964735
2018-05-27,11.58750249887129,3.475444199673921,3.07816151660946,1.8900908060070276,0.0012984324213962566
2018-05-28,3.7537205957936997,4.252449388888953,4.0205836531340555,1.888495530085697,0.0012973365174477555
2018-05-29,18.456621869325485,4.295927274326824,3.904504837852665,1.901307504833276,0.001306137937644868
2018-05-30,10.268375874286985,4.2029490580983575,3.8566445722737965,2.0882420554867833,0.0014345560435243547
2018-05-31,13.48505101726167,3.918983334576389,3.725595115269478,2.155084851929876,0.0014804749241213427
2018-06-01,13.932992850462535,3.928959013424546,3.4000118708173757,2.359605641243475,0.0016209742180443368
2018-06-02,11.213993599108463,4.0417720785757485,3.5233100900689385,2.5538413265316633,0.0017544079717924442
2018-06-03,12.002098682515651,2.95059172529248,2.6215462866446404,2.4923541078009204,0.0017121682031804048
2018-06-04,18.43348129890973,3.5729616134400337,3.2900472298888745,2.6224969288458664,0.0018015721925123864
2018-06-05,14.361376765788567,4.150217485264276,3.8449401193166897,2.915870529446517,0.0020031105489717663
2018-06-06,12.04637291293656,3.2789688669209007,3.1068707735927528,3.0297694503793706,0.002081355494257594
2018-06-07,14.243915847311678,3.762119537535704,3.508744446513042,3.138825771288035,0.0021562737269562393
2018-06-08,14.376037415116265,3.242685788632155,2.76616825287742,3.170696415637659,0.002178167848541733
2018-06-09,8.951241270175606,3.60889823653609,3.3306766703506363,3.702311236866333,0.0025433703654707098
2018-06-10,7.922023823787101,3.2749031271025104,2.9956015314744966,3.6729409354422167,0.0025231939001527193
2018-06-11,7.808404283540833,3.757775686106184,3.522295493287312,3.5371262117164446,0.002429893493617721
2018-06-12,17.596173010633912,3.5466116678934565,3.377561937326342,3.3404019874082485,0.0022947501925107156
2018-06-13,13.512503747174865,3.349105385811057,3.072195374197467,3.4910249243914344,0.002398223371769261
2018-06-14,9.712613403283013,3.524322453311183,3.348318327081252,3.847273655569356,0.002642954948248329
2018-06-15,11.984637815170819,3.639772191714004,3.412008630204628,3.5407118715179227,0.002432356728147798
2018-06-16,12.692867349767841,3.852389590722056,3.6460093982587605,3.730845834182719,0.0025629727285790484
2018-06-17,13.907642526506683,3.638746932557885,3.3642909338601052,3.707661892259675,0.0025470460959786585
2018-06-18,9.606915823291635,3.5441749845831105,3.5658645328006653,3.6348474562531305,0.002497024888449316
2018-06-19,11.084479552723135,4.059207008266582,3.97835250494239,4.05235849472476,0.0027838417265184006
2018-06-20,10.927427152209818,3.902365471912137,3.457142701939507,4.04818972144701,0.002780977911529154
2018-06-21,12.877039168826892,3.5677480201458955,3.333604406198868,3.854619048533499,0.0026480010001852135
2018-06-22,9.222726955361988,4.074669041308235,3.687165835243201,3.8144961710593797,0.002620437856241794
2018-06-23,3.865604878573879,4.5831095583826365,4.083441706024552,3.7520499807106567,0.002577539304551171
2018-06-24,2.594548806962294,4.303747378321648,3.835480837517214,3.7255761464736254,0.0025593526203015124
2018-06-25,4.809355021849168,4.609822198160721,4.101004468741457,3.2905852336805306,0.0022605276631151934
2018-06-26,6.000800344753197,4.494967469450336,3.833184701806456,3.2045601795564287,0.0022014311800403552
2018-06-27,16.121278899064936,4.067048684439875,3.366842635152783,3.1161362680626055,0.0021406867580552524
2018-06-28,1.7585426619649147,4.6891347963624925,3.775593973502719,3.1036042756705644,0.002132077676854073
2018-06-29,2.811231005340272,5.4083430802523065,4.2234432201329355,2.818778107526642,0.0019364111353287895
2018-06-30,1.2314757609622315,5.30261762750113,4.257598279566798,2.649844854447425,0.0018203593497992966
2018-07-01,4.894591006319834,4.5597441909806005,3.79347055644252,2.7449620670697517,0.0018857018573175362
2018-07-02,4.696248243535554,5.225830752958462,4.294947898836415,2.566683731353837,0.001763230296485422
2018-07-03,0.22833074547837556,5.25822791096788,4.066943095848888,2.1753083779589337,0.0014943678449205046
2018-07-04,1.364856121775112,4.809220420519341,3.6031105120500313,1.8087133986162742,0.0012425287241826038
2018-07-05,4.9588885263810525,3.1991616917029666,2.7800465161276735,1.6072941810243928,0.0011041601116363801
2018-07-06,5.506940977775479,3.667987282443824,3.183284826175361,1.593757838733807,0.0010948610739174758
2018-07-07,7.152061309795181,5.391840073783238,4.259508032245184,1.6265876148976945,0.0011174140886313175
2018-07-08,1.7113951276840988,5.250872935505512,4.048726421479014,1.5975242944877275,0.0010974485095312052
2018-07-09,2.761206107838805,4.33958984438592,3.687337996164079,1.4964052287278293,0.0010279829193137033
2018-07-10,4.2023662451031365,4.953169155271651,3.967659611658417,1.5862146466516713,0.0010896791402616236
2018-07-11,5.235030521536165,4.669909355890383,3.775305819675847,1.5074017746907586,0.0010355371975294709
2018-07-12,0.39974341339112235,4.654020697236265,3.8710042409218586,1.4011701856329242,0.0009625594659989238
2018-07-13,7.625556727812812,4.969140714414635,4.0309967805266655,1.4800141508833933,0.0010167227688345805
2018-07-14,2.538768553535307,5.110852616019611,4.049354786949005,1.513880338291505,0.0010399877651934963
2018-07-15,0.26664178479552836,4.764174943467152,3.7771683894779233,1.2795257966926432,0.0008789936299136866
2018-07-16,0.31292592392189345,5.28376706513236,4.377101096210618,1.1659641981150786,0.0008009804143845335
2018-07-17,0.6343657077374067,4.662748601121467,3.6870919059602847,1.1527616636704927,0.0007919106920659185
2018-07-18,4.500149876664586,4.393569882288193,3.7542251859659066,1.1525264819859293,0.0007917491297096628
2018-07-19,2.645847888188643,5.398081046869375,4.443425240182414,1.287231171806764,0.0008842869781673246
2018-07-20,2.693919144126787,5.072822222425436,4.109960312265887,1.1716627166541322,0.0008048951158377755
2018-07-21,1.1839008036676324,4.907409432080557,4.1091713065327715,1.0924766614226782,0.0007504968080378421
2018-07-22,7.092444093519794,4.634830517627261,3.9539521569083917,1.1579262801002703,0.0007954586197079061
2018-07-23,0.5011279051588972,5.332722368539914,4.448613981685035,1.0936553664295037,0.0007513065409836139
2018-07-24,1.0400375798579147,4.987691599383669,4.201421031385141,1.0748816523612008,0.00073840959500682
2018-07-25,0.5061365075990825,4.944239121639707,4.249086807808696,1.075633491969381,0.0007389260849658466
2018-07-26,2.451214096238157,4.5432466278763215,3.971799296234068,1.1281606281451266,0.0007750105611174282
2018-07-27,11.540830658385328,4.641346949732529,4.161990786248417,1.1070700490517156,0.0007605220023699469
2018-07-28,1.6129100594988623,4.556730314514138,3.9646730164277466,1.1000095427844463,0.0007556716585559049
2018-07-29,2.1660001874967545,4.035515012618915,3.6793493536176762,1.0886302952152402,0.0007478544764776716
2018-07-30,4.980326989604923,3.67088318605928,3.5243030477064394,1.0969856648654572,0.0007535943503568061
2018-07-31,21.280713273634035,4.22618673766099,3.7721443095017855,1.1090043150962314,0.000761850781778758
2018-08-01,20.361227266571273,4.389826038222932,3.787898063378788,1.3136045153875173,0.0009024046285241432
2018-08-02,6.110471723467393,4.741632483426744,3.904113024121826,1.499690858439394,0.0010302400426903367
2018-08-03,2.1752087856231634,4.4585277492541495,3.7275707831262705,1.5868947290940125,0.0010901463353241844
2018-08-04,2.8766980141749645,4.191671831191456,3.478672242019867,1.5954646591907924,0.0010960336054232683
2018-08-05,10.138385471169816,3.7864034230250536,3.2352282454283374,1.5421056893854879,0.0010593776859577496
2018-08-06,8.698987355381114,4.335596546447655,3.5975907206633915,1.6778777710201078,0.0011526487987289283
2018-08-07,10.291117234589732,4.482933399978368,3.663230677207962,1.6304373384853916,0.0011200587266052147
2018-08-08,1.965490707857086,4.495005775882031,3.860547709158467,1.6368544099536366,0.0011244670511250236
2018-08-09,8.05012965645217,4.300108574024094,3.9371098507529005,1.6294756249380535,0.0011193980599081483
2018-08-10,0.6923390804801143,5.026670538630229,4.110363956201454,1.633678383135873,0.001122285221459326
2018-08-11,0.4237750212321172,5.538412863404632,4.330926787335029,1.5782349508219244,0.0010841973423790592
2018-08-12,2.3918845699592697,4.8707018128722455,4.114318700526173,1.5345469886410905,0.0010541850983429293
2018-08-13,14.995144084681996,4.49834196424147,3.9142919651199475,1.5123156900450063,0.001038912901485955
2018-08-14,4.703151435024086,4.378320360124929,3.6800069268997766,1.5307225154995303,0.0010515578066244687
2018-08-15,1.5133896935931088,4.674284671006747,3.925544718927716,1.4700619660987568,0.001009885933616384
2018-08-16,2.486184071306212,4.276063944984669,3.497968749876942,1.5500452903802127,0.0010648319399606456
2018-08-17,10.530032287211926,4.081549635716102,3.6238916144356943,1.4430786867871783,0.000991349276762441
2018-08-18,14.442046874019095,4.062102661079905,3.694300720470298,1.503852426424534,0.0010330989078721454
2018-08-19,18.086468428889596,4.2121540387616365,3.7843597916037286,1.646845433640685,0.0011313305674370295
2018-08-20,10.615759591204927,4.221357615252456,3.772876689823867,1.6338900305410509,0.001122430616512259
2018-08-21,7.879325612481418,4.612885237436608,4.005909372421071,1.7399010435617306,0.001195256819302962
2018-08-22,2.155096109399134,4.361979521197581,3.818874428157926,1.5652822664025423,0.0010752992591013728
2018-08-23,1.771036567885302,4.318492404004722,3.460502851171837,1.5292605883750585,0.0010505535090689756
2018-08-24,4.516427086190454,4.545544314087971,3.783592071820534,1.4984599242627072,0.0010293944299618184
2018-08-25,4.8056283783312645,4.72457924423225,3.9533309695167196,1.5626126873078876,0.0010734653429546116
2018-08-26,10.926577925107043,3.767221374517086,3.1813475119044603,1.5567632790546864,0.0010694469850546626
2018-08-27,3.318224396192394,4.379012067618542,3.7360639230261534,1.6067280391064342,0.0011037711900993552
2018-08-28,3.7431524155884994,4.313071860610724,3.853569973853922,1.6272373989644209,0.001117860469671034
2018-08-29,14.143534801414047,3.957787913623335,3.466175054912021,1.7337144560208098,0.0011910068299292198
2018-08-30,4.193637758748044,4.322392223834173,3.7042311328877897,1.779641593830398,0.001222557316585405
2018-08-31,8.288503277856414,4.605257982710828,3.98204805407504,1.9425209650848483,0.001334450277358121
2018-09-01,5.186711577760076,3.938501624080575,3.4473767322356506,1.8890476322129355,0.0012977157940939623
2018-09-02,11.558959575894253,3.724676881969537,3.385410575376118,1.7456507328009614,0.0011992066734038567
2018-09-03,11.759572646442042,3.6734931049533,3.315386865469946,1.8122912992105804,0.0012449866283835106
2018-09-04,21.436600949831757,3.817239231517856,3.456203260733803,1.865258445189866,0.0012813733773109996
2018-09-05,5.193518969227253,4.582791475780424,4.014036315995099,2.4055005328372205,0.0016525025525732358
2018-09-06,14.692593756975038,4.517788517945423,3.85772693323521,2.0947191470548416,0.001439005599948623
2018-09-07,1.339751201926236,4.3570664415765386,3.8983530173142293,2.1241076181552625,0.0014591945472578092
2018-09-08,6.35642199335476,4.071583196610264,3.801261573476745,1.9936583551846774,0.001369580042044654
2018-09-09,16.156272616721104,3.814322413879848,3.5415619278543486,2.017894677863788,0.0013862296268381273
2018-09-10,15.466297019999967,3.888786958904352,3.650724553224613,2.1883220623593993,0.001503307833249997
2018-09-11,19.070389624649142,3.582976141858264,3.391608211784969,2.275438454583084,0.0015631540309770093
2018-09-12,25.97171838842872,2.9666161909060453,2.9665285619231003,2.5485879894614607,0.0017507990958851092
2018-09-13,6.250274451884793,3.794227745927116,3.6883530750112516,2.3671846245576957,0.0016261807391411698
2018-09-14,4.844122486789107,4.039956421286226,3.6859700860683264,2.3911140142214022,0.0016426194706903804
2018-09-15,2.3339812802067654,4.236670979338587,3.8212221932728023,2.3646204986301957,0.0016244192659747867
2018-09-16,12.226059649729683,4.389904714213433,3.975495654955625,2.2597788400276553,0.0015523963725720714
2018-09-17,10.154689056656785,4.538223264007279,4.0096369259276265,2.1202208032137766,0.0014565244287005669
2018-09-18,0.9599291580346194,4.295087384306036,3.7704927341714862,1.9376969889760365,0.001331136358809967
2018-09-19,2.164745084159337,3.916821730088309,3.3597268938909464,1.7408428873610557,0.0011959038361135025
2018-09-20,8.936332672251185,3.6363976130559146,3.4126602833061845,1.5542655448956515,0.0010677311209269641
2018-09-21,10.875343401416096,4.385626247060032,3.6348778631081875,1.6329729985096264,0.001121800644599123
2018-09-22,2.9972807035265525,3.703617632203764,3.2879615308467556,1.6876428929033866,0.0011593571276683836
2018-09-23,20.181876008165098,3.2424642424870727,2.900518610481509,1.601870306652915,0.0011004340820132928
2018-09-24,20.16151489287693,3.5663336542583552,3.2598222439743894,1.7761549301391546,0.0012201620892424501
2018-09-25,9.288627374078287,3.706342454418208,3.1894814621164875,1.9918000966390412,0.0013683034773762674
2018-09-26,8.482873768471531,3.028715791350061,2.5307796322075644,1.9769585654913917,0.0013581078163191242
2018-09-27,17.620825920229006,3.1517955720565234,2.97860378779108,2.1097270987416414,0.0014493155866365415
2018-09-28,8.603622267397784,3.948021104230225,3.506910161343032,2.5336325128137513,0.0017405251578842976
2018-09-29,2.906946005256012,3.5175888049919446,3.0906998386157363,2.1911435066623692,0.0015052460759770114
2018-09-30,8.43078618586389,4.023792410643187,3.4459555940201674,2.1450640823576133,0.0014735909733298704
2018-10-01,2.3241799169956687,4.310449761039807,3.8240591642011625,1.7648178155341638,0.0012123738511739823
2018-10-02,12.352865137464297,3.834435372816249,3.390659491503116,1.5903595829691757,0.0010925265800153993
2018-10-03,6.051952220016435,3.281542267746214,2.9269784552855085,1.6936847181464005,0.0011635076699359863
2018-10-04,8.523070680784095,3.141891352647012,2.7900969280820758,1.5846568461905612,0.001088608980765401
2018-10-05,20.46030733056276,3.265149244402837,2.9553396786499215,1.711649107678543,0.0011758486356319162
2018-10-06,21.71624672552837,2.218650333666424,2.109227984382243,1.9478122036623864,0.0013380851903985861
2018-10-07,8.490610499654945,2.837212864903807,2.8804685749521077,2.3016377053413266,0.0015811520850877842
2018-10-08,8.265368134135239,2.75002411482009,2.7520748361321186,2.512173519320403,0.0017257835101318504
2018-10-09,22.923275011432786,1.916165206434388,1.8843129400290728,3.3180164402387593,0.0022793720317772826
2018-10-10,15.056279026079226,2.951624426243133,2.8728734507940996,4.0387392838684955,0.002774485760723845
2018-10-11,12.062356671849015,2.8765171216752883,3.0333131922344116,4.448205841967095,0.0030557762959843924
2018-10-12,14.868695307508641,3.045673844744779,3.1001176831316237,4.575035702912279,0.0031429043868300937
2018-10-13,7.703483239166612,3.281688665105334,3.1970599529167654,4.393778573228372,0.003018386489042946
2018-10-14,11.125395289579497,3.608787580877287,3.505279020187524,4.688959058140537,0.003221166117701697
2018-10-15,5.923827260582414,3.682218231644169,3.387663498871024,5.144290411776877,0.003533964312455452
2018-10-16,8.053350864313183,3.112948775981548,3.0535543171427633,5.257027616655375,0.0036114111956668873
2018-10-17,16.74113189118612,2.1273124784128945,2.139386711065575,4.790340648709129,0.0032908120541342827
2018-10-18,8.893062963418652,2.7904900375555552,2.7763550573621596,5.6803730170069135,0.0039022360552548093
2018-10-19,33.98460285516659,2.18450453365621,2.1741892075332583,5.820190993858857,0.003998286569685976
2018-10-20,9.467611551817647,3.0938254958449978,3.1240153089445184,5.821783057792778,0.003999380267101026
2018-10-21,7.607421386343757,3.129981903880068,3.083881418454812,6.0192947874813365,0.004135064559421066
2018-10-22,0.4555942941182269,4.275761575056287,3.6750765159192045,5.729968996543145,0.003936306919784748
2018-10-23,0.5725149569998476,3.750528076321756,3.3522552282803844,5.3134203269251765,0.0036501511985873834
2018-10-24,0.491188820544859,4.344936819686387,3.8144311385403418,5.458669297836144,0.003749932633641113
2018-10-25,0.522878568190411,4.153481339572531,3.6762488805694553,4.459668300039779,0.003063650641038697
2018-10-26,3.858892108994081,3.383157449721728,3.2473903237848356,4.041642614727508,0.002776480256917045
2018-10-27,4.740664411750405,3.8580870955517934,3.483360303501992,3.8630226744172007,0.0026537740245658435
2018-10-28,10.631884612981498,3.2115346843162693,2.80698932110545,4.048830643643098,0.0027814182047448807
2018-10-29,6.039397167772641,4.359803497184253,3.5913077529994895,4.062241672195492,0.002790631155901173
2018-10-30,0.4746526019626044,3.75874966820686,3.1794070277592588,2.4093388575587453,0.0016551393598876966
2018-10-31,0.6659478269015877,3.930300293653232,3.67514601220023,2.1717524474712793,0.0014919250334858752
2018-11-01,10.438165549222935,3.5324188885414785,3.364130405635713,2.2376131561742985,0.0015371692509617509
2018-11-02,6.945031046976057,3.5343065787598777,3.375316107099148,2.3235340195759098,0.0015961941583156444
2018-11-03,14.98660608657935,2.949957561712731,2.864861866473972,2.229056715936441,0.0015312912479677864
2018-11-04,15.360551522337504,3.294590703254857,3.1375309279795816,2.2817942996450435,0.0015675202948980818
2018-11-05,2.2454456363390496,3.6134343357887726,3.3080790554331037,2.353134354118908,0.0016165286490886033
2018-11-06,0.4653215203337979,3.648744730716556,3.4287623351054943,1.9908113994190892,0.0013676242737521611
2018-11-07,0.7186763601766856,3.86481126690504,3.5467365726076596,1.9016867417091947,0.0013063984613474948
2018-11-08,0.39298113043451427,3.6667380889312176,3.309735610782727,1.8833792280079857,0.0012938217802328851
2018-11-09,0.4897148030495359,3.823689415117992,3.4610836794918054,1.7919057930374158,0.001230982432364099
2018-11-10,0.17402806218158634,3.989446770054757,3.4266837209061802,1.7127521440890043,0.00117660638665254
2018-11-11,0.1297315489752627,3.8687083910109146,3.231209897645876,1.7073778101819626,0.0011729143897568702
2018-11-12,0.703738944898378,4.122404627642541,3.6716035341084843,1.7242538887783878,0.001184507720366166
2018-11-13,0.25129737412336556,3.644976970990465,3.351102955343576,1.5562841726057848,0.0010691178541237165
2018-11-14,0.1552361277138892,3.5739778437193226,3.009295487329146,1.5160448933255701,0.001041474745832307
2018-11-15,0.012746318361727,4.14720838362316,3.2767678150537445,1.5779740684034356,0.0010840181244339416
2018-11-16,0.10617062776612245,3.554271232164233,3.0640723617286096,1.5035085214845654,0.0010328626560886255
2018-11-17,3.1794757781241096,3.2615416018710843,3.053563993798637,1.6807304094845883,0.001154608470855279
2018-11-18,1.1824459537198309,3.5040416047104843,3.2929764300412763,1.4753837538222343,0.0010135418329509506
2018-11-19,0.3870920994939369,3.4942238425474943,3.3486652553296588,1.4356060589821544,0.0009862158185263428
2018-11-20,0.9190474631548754,3.39699198298578,3.321773117217211,1.4024726304092332,0.000963454204240739
2018-11-21,1.6434335598712515,3.2239964992242447,3.1105330899917294,1.4184727249635034,0.0009744457616032972
2018-11-22,0.4812938207009243,3.743292345293186,3.474687762456965,1.4527179001813593,0.0009979711105642796
2018-11-23,0.4928263853181082,3.531183049044417,3.420230564775145,1.5014540801119045,0.0010314513200418904
2018-11-24,0.1619271231147478,3.573006410375365,3.3451519504356177,1.4775323510845986,0.0010150178511068562
2018-11-25,0.2926285562343499,3.2266399065930376,3.3539189881077562,1.471461851006885,0.001010847610137512
2018-11-26,0.6024692903558352,3.2438392564015364,3.268322499643533,1.457100271449853,0.001000981660596862
2018-11-27,0.33008647798265034,3.3956450844697947,3.191133684434761,1.51580867859591,0.0010413124738068427
2018-11-28,0.1876315990075634,3.0477152287474425,2.9543418063409894,1.4857279982997489,0.0010206480007402265
2018-11-29,4.571706014985383,3.004062931991053,3.277364675870967,1.528659865314868,0.0010501408313843095
2018-11-30,1.4765752015941551,3.227170706945464,3.2760664343204757,1.3927730071882127,0.0009567908708043379
2018-12-01,10.242267829299042,3.3001006639995465,3.4741388106817728,1.6601673271674058,0.0011404822856584547
2018-12-02,0.5446940366542974,3.133227435255337,3.366132781762655,1.4644063486511176,0.0010060007038519246
2018-12-03,0.0813739057981743,3.2575868044566128,3.4277618431854213,1.3602328143920133,0.0009344367906771881
2018-12-04,0.1253733197346023,3.318827236662292,3.2128346701884083,1.3404099440196282,0.0009208191076035293
2018-12-05,0.0614822741540382,3.3319101430871885,3.050896102386752,1.3522041140465495,0.0009289213282469736
2018-12-06,0.14856941972787105,3.494135529045687,3.1664686453622415,1.3421963540300668,0.0009220463146075993
2018-12-07,0.0042188535230243,3.527865200391356,3.208286250861947,1.2909182816055074,0.000886819905627064
2018-12-08,0.30593358708695734,3.050748099082535,3.155612249362057,1.2180639081338203,0.0008367712623261673
2018-12-09,0.12858385921134005,3.002669584760075,3.2858674821147114,1.0772618906788987,0.0007400447432190255
2018-12-10,0.02249528367973315,3.130403934382094,2.811366916771867,1.1087519843631244,0.0007616774385701992
2018-12-11,0.07833366635324206,2.884876924705904,2.9471729284786337,1.1575267915203156,0.0007951841837270833
2018-12-12,0.18114843254023924,3.0107620287220125,3.1470724955454727,1.267149436435009,0.0008704914630514812
2018-12-13,1.7937796149471739,2.6501113809261785,3.1096859416970366,1.3347116462341713,0.000916904557801005
2018-12-14,1.090124674614862,2.562572704356541,3.0318104484725006,1.1568009026878656,0.000794685521127706
2018-12-15,0.1748822156147121,2.8551839240930503,3.00223733711689,1.1604381367096372,0.0007971841855109538
2018-12-16,0.00475082609668,3.1825747280213887,3.1097956983803483,1.1719363292332663,0.0008050830789993974
2018-12-17,0.12145441058336075,2.929873137509588,3.1185330900015624,1.2264082213985,0.0008425035408191969
2018-12-18,0.3364271533325245,2.746236186289256,3.130598627643889,1.1867735779103248,0.0008152757981351042
2018-12-19,0.1104923019482791,2.8344957528581545,3.1757415703049423,1.1620806076396095,0.0007983125109331499
2018-12-20,0.1828295684596489,2.70147754061539,3.118187667192653,1.144644701370336,0.0007863345964729033
2018-12-21,0.3571409326616588,2.870807136643812,3.191526901098945,1.1740259317325403,0.0008065185696246441
2018-12-22,0.051737244527503154,3.3568222040556512,3.0721299123027945,1.1621577645779382,0.0007983655153020105
2018-12-23,0.00734992363756855,2.724205100618137,3.067874835985715,1.1943405927762614,0.0008204740972876599
2018-12-24,0.371161084022154,2.19005403407621,2.6619959349150264,1.186092413008045,0.0008148078594569062
2018-12-25,0.6291642253253648,2.31646632417832,2.8089393972375545,1.1500421331351944,0.0007900424608641234
2018-12-26,0.0276474342842096,2.837777362200296,3.3272687816552677,1.0879149654288691,0.0007473630676079693
2018-12-27,0.00594879527509155,2.57607802707146,3.2479213554076014,1.1215565293084422,0.0007704737547288654
2018-12-28,0.09911342229278335,2.272165358053779,3.2506548770038153,1.1090773194372534,0.0007619009334450083
2018-12-29,0.01010897625934025,2.52676435377238,3.402246998914358,1.0623779733162688,0.0007298199641768755
2018-12-30,0.0077843267642027,2.7708918843450308,3.3157777205341463,1.0765393398468415,0.0007395483737200215
2018-12-31,0.00340066366770825,2.5751268583801963,3.166302604923087,1.0639466890994953,0.000730897622153108
2019-01-01,0.0032277372034704,2.7650774601930004,3.26923514234278,1.0621136775892235,0.0007296384013970653
2019-01-02,0.5780498813054782,2.319036851162618,3.10358478477572,1.1037664788004597,0.0007582525544117016
2019-01-03,0.08645137423716524,2.287429671951827,3.151127821845019,0.9838142190070343,0.0006758491573682734
2019-01-04,0.1199423167247109,2.260954315753376,3.304542334483195,0.9842677446574591,0.0006761607151022062
2019-01-05,0.05095685939232645,2.508779565961856,3.2738806088641335,0.9806380088932407,0.0006736672017840184
2019-01-06,1.003763836180326,2.319209023632787,2.9296593906542308,1.0160421397652624,0.0006979887165120352
2019-01-07,1.4899914412192832,2.5555494298925225,2.6001323601913233,1.1175016179080866,0.0007676881592371685
2019-01-08,0.0734323804517151,2.8145733915627207,3.294697441287678,1.1065362347903998,0.0007601552889074544
2019-01-09,0.19672753518024466,2.398459443672341,2.8170002377691006,1.1752373025470768,0.0008073507429440045
2019-01-10,0.5398782044036254,2.1662454186310893,2.623576331892931,1.1701003851568093,0.00080382184366342
2019-01-11,0.35722732652993616,2.559740972540648,3.1996790021413526,1.204190998475644,0.0008272410135031855
2019-01-12,0.31360309079008286,2.430097925225927,3.214038661930762,1.2497376023629139,0.0008585300854270156
2019-01-13,0.0545821457718571,2.563921926386565,3.240412865313739,1.1984291333553314,0.0008232827949582622
2019-01-14,0.0130022978934886,2.4464567148767253,3.012379632827323,1.2541454688477482,0.0008615581498643989
2019-01-15,0.0325154839003679,2.4041553765957087,3.0167522880688145,1.2196202392869846,0.0008378404124544444
2019-01-16,0.0607676931749283,2.2764076769518096,3.158285106579619,1.2117350153339064,0.000832423513754071
2019-01-17,0.09467383366048295,2.317501370208802,3.139271631206511,1.2365116722440088,0.0008494442910223611
2019-01-18,0.0457686869045975,2.384090701862531,3.444216033345826,1.1032954525074443,0.0007579289742915097
2019-01-19,0.12214519653471695,2.218535150789479,3.3122619013197574,1.1306479107674492,0.0007767192453709756
2019-01-20,0.5687546724679475,1.9037888120176147,2.789812190418579,1.0869847334200855,0.0007467240277291515
2019-01-21,0.01372758863262675,2.5685990970473136,3.4073261641217205,1.0661443131493153,0.0007324073201566419
2019-01-22,0.39219297788155427,2.4486755581626967,3.2915237361233873,1.0937958762504671,0.0007514030667730012
2019-01-23,0.2748009577486982,2.177830196048036,3.4468317190279723,1.0210949025678768,0.0007014598042606707
2019-01-24,0.02630108409941015,2.214421118780536,3.484503667969457,0.9858676411157158,0.0006772597932129908
2019-01-25,0.0286815771489322,2.304491869734655,3.4675580664090635,1.0217707671443292,0.000701924101783176
2019-01-26,0.17618824596570015,2.285902423538128,3.3688064351205487,0.9879184752503367,0.0006786686512016307
2019-01-27,0.15635658842017966,2.289338876839926,3.666746140160845,0.9411326862576891,0.0006465282984230289
2019-01-28,0.6797748400036847,2.2883133253475614,3.5078631987548934,0.9974456321689689,0.0006852135057597114
2019-01-29,0.1640802818173549,2.109649688593315,3.217863509559827,0.8975480857872757,0.0006165870606028513
2019-01-30,0.0216676430268721,2.2774751643182176,3.1977206079222893,0.8995757084949212,0.0006179799730775319
2019-01-31,0.09591406233054915,2.237831971625675,3.63102770973391,0.9552598111819922,0.0006562331850689682
2019-02-01,0.2157242230535577,2.045324967621377,3.3056674758459472,0.9146687078437576,0.0006283483848111685
2019-02-02,0.0364947137558644,2.1791594433654136,3.494172480861134,0.8961397457879104,0.0006156195757022777
2019-02-03,0.23310743336203166,2.255334899046716,3.5794369824175485,0.9317217259111994,0.0006400632672237229
2019-02-04,0.1491578303230694,2.097105353393338,3.511443260936781,0.9038163504134081,0.000620893159542963
2019-02-05,0.0189621441870986,2.0818846127718027,3.551855338196842,0.95177083256466,0.0006538363674452305
2019-02-06,0.003494547171986,2.257603941897432,3.618088122061548,0.94221504897903,0.000647271847275091
2019-02-07,0.04396188966626765,2.2688665935261687,3.6844282477625803,0.9802627349225584,0.0006734094004715676
2019-02-08,0.03233768368349325,2.146363152929072,3.2461114869381187,0.9901718163659214,0.0006802166250617445
2019-02-09,0.07192651717425559,2.203622796152611,3.1985975253720222,0.9824208458047069,0.0006748919541824495
2019-02-10,0.18023173758950964,2.322148236144161,3.585999342263054,0.9479273822742013,0.0006511960390275183
2019-02-11,0.3879718239224802,2.447311049183482,3.4516571298235097,0.9289933887271641,0.0006381889861336326
2019-02-12,0.03904923535943305,2.260962132153646,3.7265406096945313,0.9285949589293605,0.0006379152775025582
2019-02-13,0.4057313439216782,2.104268848614873,3.3952900330971105,0.9698333094041157,0.0006662447160095062
2019-02-14,0.20219527729943995,2.280091433937616,3.7477745080133356,0.941815332054447,0.0006469972544287525
2019-02-15,0.6945511563551855,2.151214925006774,3.788086783851305,1.0036112936277801,0.0006894491195789155
2019-02-16,1.0143287722180685,1.884130529394792,3.3401277605333903,1.0143751001534262,0.0006968435131848296
2019-02-17,1.6889072008954924,2.67503529908471,3.6768792469381686,1.0337873753172901,0.0007101791303761937
2019-02-18,0.26153315677851463,2.5138833965805856,3.8530959795327515,1.0353111344525137,0.0007112259045614788
2019-02-19,0.5428224482353518,2.5883316107119847,3.8999911959712947,1.040867834923971,0.0007150431815014002
2019-02-20,1.4982281269227786,2.403505350979074,3.596519360338935,1.0429586279862793,0.0007164794900056812
2019-02-21,1.1328326250286795,2.6635681382838903,3.3222120585649306,1.0584314302106077,0.0007271088142656953
2019-02-22,0.6284219625523233,2.583373765306193,3.5634978191153603,1.050410580164952,0.0007215987447424016
2019-02-23,2.2943449339508,2.6652339133426017,3.326025221818186,1.0701290730599087,0.0007351447238003984
2019-02-24,0.6861500510493651,2.9738311804383737,3.6253118645571027,1.0752255878178831,0.000738645867754354
2019-02-25,1.9751436220402636,2.838773847003284,3.3814420303021575,1.2144459177160392,0.000834285817688366
2019-02-26,1.214389721673682,3.2946662721743305,3.8897879990917095,1.1377822468324132,0.0007816203079138149
2019-02-27,0.2269121981589779,2.868184487544652,3.86341590527662,0.93389681752209,0.0006415574861565443
2019-02-28,0.7399409847553375,2.656329386447449,3.8067606660168902,0.92109473076858,0.0006327628586976649
2019-03-01,3.0051955693843673,2.709541373165711,3.385048412479086,0.9222517685647836,0.0006335577069571225
2019-03-02,0.3925228302412957,3.0786330519343115,3.865215495412714,0.9225096166034042,0.000633734840379535
2019-03-03,0.3366717432927513,2.659462852400327,3.694679889339278,0.9058973400519307,0.0006223227334061128
2019-03-04,0.5145736485520528,2.519032682290566,3.561551972422175,0.9125950106905971,0.0006269238206541114
2019-03-05,0.04010442420712465,2.483415976486218,3.56758921580209,0.8966692747708471,0.0006159833453144723
2019-03-06,2.4081554014473303,2.438501962085173,3.605034793277409,1.043318452706434,0.0007167266781731407
2019-03-07,0.04865764600335015,2.885996271404046,3.9450620375040995,0.891668315663406,0.0006125478450609707
2019-03-08,0.03289185446486535,2.6036314594385246,4.0234943779475,0.9162946726268307,0.0006294653710340954
2019-03-09,0.0221948220385497,2.438958402799752,4.000398945826541,0.856749123457644,0.0005885594678122004
2019-03-10,0.02497211308258395,2.2209243957547544,3.941103618212392,0.8533931595865717,0.0005862540270993067
2019-03-11,0.02195214453834365,2.2148373369031664,3.886490920741166,0.8506349634344064,0.0005843592338453742
2019-03-12,0.00381465848294105,2.235601319073609,3.7814521374687713,0.9020790349649913,0.0006196996789454977
2019-03-13,0.39817958464765796,2.1157231250551,4.004253921096252,0.9488703275257188,0.000651843812500772
2019-03-14,0.6935842164780378,2.296795977493604,4.108632567360128,0.9252868988852249,0.0006356427451990413
2019-03-15,0.4207359718076506,2.209989636765848,3.8916110047077592,0.8751524254964931,0.0006012019524759243
2019-03-16,0.1511185996510747,2.302478813593425,3.8996258603226184,0.8707063117041377,0.0005981476133516538
2019-03-17,0.06952681935851845,2.5033907881757407,3.802503930105315,0.8841250293396599,0.0006073658466641219
2019-03-18,0.07103824056577135,2.4496643192184315,3.9729207466433816,0.9093448649998767,0.0006246910736740824
2019-03-19,4.2385269204603615,2.280390623311543,3.3324671033006523,0.9787991080522805,0.0006724039352446294
2019-03-20,1.141422992878984,3.0723521549823354,3.869033904296474,0.9536488539100378,0.000655126508530073
2019-03-21,0.25712168291824555,2.7097340730717003,3.575424083543297,0.9424883174801167,0.0006474595740660101
2019-03-22,0.34523910251101375,2.483078221891134,3.386322885378375,0.9382134709298188,0.0006445228901036523
2019-03-23,3.57328336970606,2.861909266388744,3.522797356572763,0.9552896952793121,0.0006562537144957666
2019-03-24,2.533376400699179,3.937462959790005,4.1758862779231976,0.9856070285889782,0.0006770807606749441
2019-03-25,0.0135336409915577,3.6462330903161457,4.0366262711572904,0.9389709851838824,0.000645043278364375
2019-03-26,0.01805081426790605,3.47034344976803,3.9318077381285694,0.969822743204655,0.000666237457365685
2019-03-27,2.153961017200444,2.937679044026914,3.545443074328931,1.1163367705730771,0.0007668879460723055
2019-03-28,0.040840600356843,2.794443620097269,3.7674408371684116,0.8902852365099753,0.0006115977135601643
2019-03-29,0.6694921746200895,2.727369158041518,3.9479593510116926,0.9128217906203979,0.0006270796112713874
2019-03-30,2.9885102178052185,3.207683452208547,3.7443011073810837,0.903856753290617,0.0006209209150378414
2019-03-31,1.466555990547095,2.906274797289439,3.7975730669182273,0.8887727292631931,0.0006105586690652769
2019-04-01,1.3730876131960854,3.656883195272646,4.247579669028572,0.8860600491819852,0.0006086951439081142
2019-04-02,0.15013141498031424,3.274078164601101,4.090723903910166,0.863642513714438,0.0005932950082287306
2019-04-03,0.19679308111422336,2.885451292743712,3.7403181153097305,0.8607693533841693,0.0005913212382316309
2019-04-04,0.627927579231328,2.801236221295227,3.855843538747678,0.8728655153417798,0.0005996309177508927
2019-04-05,1.7882967350195091,3.0346552850950133,3.9997549587615167,0.886376721010967,0.000608912687408345
2019-04-06,3.2685534668646663,3.375230911371536,3.526816789812318,0.9236477476443887,0.000634516700297966
2019-04-07,6.545472210658388,3.5611881665233684,3.730348315431532,1.021548414638789,0.000701771352665909
2019-04-08,21.09713157099253,3.6243602240499664,3.3392456987274244,1.0312888957379323,0.0007084627541683815
2019-04-09,3.2205832774501206,3.772506087788383,3.663914954836863,1.061111699471019,0.0007289500742171905
2019-04-10,6.331621815829049,4.145898582257241,4.073357409499919,1.0695885143765766,0.0007347733771339446
2019-04-11,6.244323218567246,4.5745771531635455,4.211617320527921,1.1362375401053895,0.0007805591433975165
2019-04-12,0.3790222447943759,4.745380143837854,4.4928293551377765,1.0877951251384022,0.0007472807411303009
2019-04-13,6.131232187291359,5.160112175163948,4.429890408275353,1.2252998582947876,0.0008417421305292967
2019-04-14,0.00042617318740665,5.012645074653585,4.173943677470895,1.0418097871247944,0.000715690272780331
2019-04-15,0.30097557714218554,4.41645729989708,4.091319334109497,0.9882011433154214,0.0006788628351948192
2019-04-16,0.5011322963702861,4.078553973554951,4.019485576925357,0.9473823359006897,0.0006508216094602814
2019-04-17,3.1320554575124344,3.6735607903789393,3.8357733265863723,0.9935408541714369,0.0006825310471528358
2019-04-18,5.97597974449198,3.8143686317610297,3.657478557337064,1.046665081315707,0.0007190257058573355
2019-04-19,2.2709512577193744,3.2715018300298047,3.2221689062646264,0.9320672307386322,0.0006403006180791749
2019-04-20,0.9574653833621788,4.420431289265945,3.9948808454347127,0.9634466828177005,0.0006618573061576633
2019-04-21,0.1066198939478833,5.012470700076779,4.333659037732774,0.8721067203210657,0.0005991096496441128
2019-04-22,0.2235067623576666,4.221362449184034,4.1648540179036235,0.8573175535442178,0.0005889499612484727
2019-04-23,0.36444241508479924,4.143172348681741,4.357142744659082,0.8606342654571725,0.0005912284371113914
2019-04-24,3.195161432988544,3.367368761277526,3.6284479149397897,0.9511354979425124,0.0006533999127155369
2019-04-25,4.489681909552746,3.853563994079777,3.7824794807822246,0.990016313737979,0.0006801097996896031
2019-04-26,0.703508324392876,3.839678104685724,3.988984512693083,0.9750837365607109,0.0006698515928985086
2019-04-27,0.21990488313688014,3.779373936815184,3.9535906072880276,0.9472050802499722,0.000650699840451599
2019-04-28,0.3072848486263821,3.919390426376774,4.27113659232885,0.9401747259167701,0.0006458702100597038
2019-04-29,0.31971928574729436,3.9759200524800735,4.2441895485917165,0.9503128057273997,0.0006528347492633167
2019-04-30,1.5810509557122585,3.5969132611825168,4.016281469637043,0.9572409495336865,0.0006575941642658067
2019-05-01,4.727714116049144,3.741523145504717,4.01569365419271,1.0373425003900703,0.0007126213885163558
2019-05-02,6.05304140511917,3.307879921592018,3.2233869352589837,1.0313004199822629,0.0007084706709586349
2019-05-03,9.052967872224679,3.834912911261948,3.8120872880518335,1.0458079420957223,0.0007184368784055848
2019-05-04,9.69463210791183,3.8222115531589327,3.681452610284756,1.07955478339481,0.000741619887773806
2019-05-05,7.820539171761327,3.8079366768433953,3.800884063926699,1.091221566438895,0.0007496345976013399
2019-05-06,9.332416321293827,4.210823880090006,4.138334361417568,1.1216998677045027,0.0007705722236596091
2019-05-07,7.53835711250127,4.663391345488882,4.312564646223661,1.1904111653488574,0.0008177747053044548
2019-05-08,8.193557003932604,4.013635890676575,3.965680742165736,1.12477952737274,0.0007726878521507889
2019-05-09,11.421818796874287,4.370562663528666,4.121452380523141,1.1257216464105098,0.0007733350580414092
2019-05-10,14.04673525256677,3.99805925144314,3.755517707247293,1.1621102740061526,0.0007983328907858121
2019-05-11,19.585828966278267,4.119957748506583,3.8641594029496424,1.2460877443407314,0.0008560227487559767
2019-05-12,16.74029063140749,4.6929797879699775,4.238602496159704,1.2998437830218836,0.000892951441942361
2019-05-13,8.564652246891084,4.754379593749654,4.230606213435172,1.3787095818005946,0.0009471297437192603
2019-05-14,13.0860854643371,3.901869615325849,3.8052503384141456,1.4718937239272198,0.0010111442931327963
2019-05-15,2.4724257876672295,3.40074911956415,3.1316589263413257,1.3930574833523075,0.0009569862969041852
2019-05-16,6.330142691838397,3.5862507399229098,3.3518770225141394,1.3795501017118608,0.0009477071542331619
2019-05-17,11.935348995881432,2.7922386531981656,2.5723480991424035,1.462648017908537,0.0010047927864140702
2019-05-18,14.028214948850007,3.4653929646860164,3.2645453936051565,1.424289899847188,0.0009784419762009784
2019-05-19,6.57161397292949,4.213413463244104,3.8120754630924596,1.4708829885591295,0.00101044995000007
2019-05-20,5.743653691249298,3.999183611787766,3.4737253098635876,1.4249280760931133,0.0009788803830360578
2019-05-21,6.370313931284092,4.083295001314496,3.7977300298833123,1.4989908726698473,0.0010297591746734102
2019-05-22,7.51099742604115,4.448246960024994,4.07257786241844,1.4486871575659388,0.0009952021182610886
2019-05-23,5.2515109828369155,4.386240582893991,3.8297507863974,1.4487582618176844,0.0009952509646262856
2019-05-24,10.25532828084388,4.3031405889162375,3.7399676398536146,1.4208083123989588,0.0009760502360759326
2019-05-25,5.425997461400905,4.269638845591612,3.611527012741053,1.4570139874117634,0.0010009223862000188
2019-05-26,3.182838092995479,4.553244674440927,3.8419096026098334,1.4086953488220662,0.0009677290143772483
2019-05-27,6.670489837554781,4.260145515158747,3.6058793379162086,1.45595293062715,0.0010001934738505666
2019-05-28,14.303643387969014,3.677103745129669,3.4110297850838185,1.414197523284719,0.0009715088336789355
2019-05-29,12.038427586925026,4.029360898541955,3.596626912478726,1.5443147190781656,0.0010608952192760874
2019-05-30,8.099572101483565,2.835094463080168,2.420872709209396,1.6373772725954365,0.001124826241172344
2019-05-31,15.503691992542588,3.169435387122641,2.8692285209373933,1.7633761935667513,0.0012113835026172164
2019-06-01,4.6542756079715,3.00457202038675,2.7711114910509558,1.7941606135816528,0.0012325314225447627
2019-06-02,5.069530010525783,3.82897872749339,3.759043014796189,1.833783430543919,0.0012597510407807474
2019-06-03,9.907455828500668,4.015079482201339,3.8856313074081603,1.9610245657899938,0.001347161664023658
2019-06-04,8.153529665730302,3.6916242581736256,3.659316953542017,1.8761797190229796,0.0012888759459615605
2019-06-05,8.68262250109122,4.170419972575242,4.035514161229683,1.8057867994915349,0.001240518243429026
2019-06-06,10.651571781521525,4.341408895491583,4.106661878541083,1.9670060432701943,0.0013512707492927152
2019-06-07,9.464270417073855,4.334637523016942,4.044025694545789,2.2221105383728945,0.001526519444346172
2019-06-08,3.3892214241773013,4.233377650188439,3.9212360284207755,2.174518691913977,0.0014938253556600748
2019-06-09,6.636340462473988,3.680172509723064,3.423476981302889,2.055200386376144,0.0014118574650783086
2019-06-10,15.67599131155935,4.190192812667141,3.696866500027063,2.1214294865136374,0.0014573547557826055
2019-06-11,5.025962506012327,4.472190272989547,3.78306799718216,2.128165885804615,0.0014619824483860916
2019-06-12,16.723183302172863,3.966236554923281,3.326978304722125,2.178212584441084,0.0014963629426390207
2019-06-13,11.470152568360607,3.524343726763544,3.2069332253621745,2.160895035212293,0.0014844663357107587
2019-06-14,10.356863114904517,3.543420285018445,3.2664407773736737,2.2576897480800664,0.0015509612326796353
2019-06-15,8.036351152440778,4.335649373843679,3.931860998052469,2.4771030859814926,0.001701691235022668
2019-06-16,6.446835478551897,4.357677674333135,4.088220224566738,2.5468680720554393,0.0017496175671908242
2019-06-17,7.7745894407667695,4.498359656974188,4.00547052618983,2.6716182722450803,0.0018353169970738248
2019-06-18,1.1670540099153288,5.162887675384153,4.453947323846431,2.4333000472589585,0.0016715999370531447
2019-06-19,2.168269027289314,4.562122035631032,4.04062715429596,2.4364904581804616,0.0016737916481417818
2019-06-20,8.441021896643282,3.885373676844312,3.634110024049288,2.186298537504924,0.0015019177358704414
2019-06-21,18.97950213730516,3.9543110739893415,3.4753001383898194,2.185094352779213,0.0015010904991661284
2019-06-22,25.470489161207567,3.860303297428027,3.542763157750875,2.296381286213252,0.0015775410919044684
2019-06-23,4.98693654859706,4.330257066456828,3.8836858892596613,2.522904235995168,0.0017331551720599706
2019-06-24,1.7137665465599827,5.155046481645537,4.2967710116593345,2.425219230454262,0.0016660486722688101
2019-06-25,1.949069358875617,4.949395031241723,4.105801848477155,2.117831170677984,0.0014548828269585578
2019-06-26,6.586558262128679,4.900427142998418,4.125234804549119,1.976462437868289,0.0013577669923814913
2019-06-27,2.0528760452058004,5.666452197207851,4.267428316471752,1.95865952788202,0.0013455369580107062
2019-06-28,0.4856047184055895,5.147554887711082,3.9313129306270636,1.8526422899038402,0.0012727064788716847
2019-06-29,4.279688658184642,4.780975489926686,3.6087546459262225,1.7054654866574621,0.0011716006841631925
2019-06-30,14.37858311483575,3.898452606378044,3.234665745012888,1.628133938429855,0.0011184763638414524
2019-07-01,3.52079362960985,4.221991603909696,3.4661907516360695,1.7382735210633575,0.0011941387629790417
2019-07-02,0.27277279728272774,5.646688512192583,4.486856438281606,1.6262553765103007,0.0011171858513993002
2019-07-03,0.89053524654889,5.477943617409641,4.27600507731915,1.679552051058984,0.0011537989759998109
2019-07-04,0.2344971519493934,5.822740552713695,4.419671415225149,1.5237588400494262,0.0010467739825099024
2019-07-05,0.2002635079212092,5.529918062531008,4.213681596383992,1.3905739889697368,0.0009552802150511668
2019-07-06,0.1493967801556448,5.047454931621487,3.8086534102130636,1.277313339384546,0.0008774737419322951
2019-07-07,2.8088964649170594,4.203311007910793,3.5104665334393417,1.223614003595859,0.0008405840018341592
2019-07-08,12.673763142538096,4.038393717118592,3.4586005432587745,1.290692105425163,0.0008866645297665109
2019-07-09,6.605894335224334,3.9210418969277767,3.4037274549580094,1.2648734691319767,0.000868927945718397
2019-07-10,8.587078058017942,4.329288637946084,3.999663837551079,1.3145026783802014,0.0009030216380062766
2019-07-11,2.7176714893957348,4.874762723551454,4.082706001009315,1.3316644777611846,0.0009148112497301928
2019-07-12,8.27170665072285,4.365673220011935,3.841733968997218,1.386370949902181,0.000952392860551391
2019-07-13,13.529168743829871,4.392805988508985,3.865080142517798,1.459256940592347,0.0010024632238783398
2019-07-14,2.8437601327271045,4.869013626166775,4.109159574765129,1.6128700503808258,0.001107990556992155
2019-07-15,7.517648779974569,5.014105707943747,4.120531894295494,1.6088932691296247,0.0011052586344342814
2019-07-16,3.783418586221882,4.057395130581195,3.293041280619891,1.5273406906101996,0.0010492346002124613
2019-07-17,2.067188264993274,4.802074019779575,3.913952802004134,1.506501660792395,0.0010349188478370273
2019-07-18,3.828634988923187,3.675360266138412,2.9905603078234075,1.4141027002622224,0.0009714436932707006
2019-07-19,1.957447473182772,4.582917703536065,3.704712304563473,1.5393448824045275,0.0010574810991472623
2019-07-20,2.4021911226427806,4.611401420923696,3.988461508966601,1.3900276225866697,0.000954904878679242
2019-07-21,6.02108347644967,4.534714877618218,3.8461182381087085,1.3558859773497929,0.0009314506515307474
2019-07-22,13.40891605125428,4.393805779267493,3.728375217048261,1.4126782958262616,0.0009704651726118232
2019-07-23,6.551937723778382,4.759900672057736,3.98446446116601,1.466900929624139,0.0010077144018408653
2019-07-24,2.7587685339294876,4.891607986274295,4.23267487760628,1.349557621117033,0.0009271032715632635
2019-07-25,6.872214266697939,4.380903688401598,3.7390003692064,1.3567863617960672,0.0009320691870810225
2019-07-26,3.2695174122097406,5.504692573975741,4.235119264252637,1.5302346893955272,0.001051222685567095
2019-07-27,0.4880955053289164,5.272809904081488,3.967504695862697,1.354191034573303,0.0009302862796146409
2019-07-28,1.0342376680460026,5.033072539466222,3.9193795989894897,1.375410955195807,0.0009448636918893037
2019-07-29,0.26686981344803756,4.982173621756749,3.854284532132735,1.3742538965770723,0.0009440688293254278
2019-07-30,2.3377055278563956,4.879440324729241,3.87305540603595,1.4338768458790747,0.0009850279039830807
2019-07-31,3.2619712122551077,4.740614698813209,3.923780947542981,1.2769754370220658,0.0008772416137290808
2019-08-01,1.2362896330401585,4.629440496214003,4.0922123189094215,1.1805565081690885,0.0008110048684567803
2019-08-02,13.463100156437598,4.172841379319927,3.7136774219460884,1.2226035729879063,0.0008398898680619791
2019-08-03,18.969922231050408,4.075384502319897,3.670736603880098,1.2411111430932078,0.0008526039815794956
2019-08-04,10.150232879363017,4.492768712699617,3.9686554851649767,1.2274184097579948,0.0008431975081743719
2019-08-05,7.666658570109256,4.273262672049616,3.8801768104370797,1.2599221763433142,0.0008655265646502532
2019-08-06,2.3425006296479274,4.554541668124613,3.865752470165229,1.3079879417677265,0.000898546220630767
2019-08-07,1.6532245166703194,4.649080845685501,3.8857509364033342,1.2495090126063595,0.0008583730515161759
2019-08-08,8.465658763443637,3.6348100770808007,3.1142839341938338,1.252349652241451,0.0008603244808273943
2019-08-09,5.189328695296071,4.336690368836884,3.862844798051881,1.3041974858108767,0.0008959422976390216
2019-08-10,6.145240654501311,4.1976944410831605,3.6465352178592,1.4029409413530496,0.0009637759190021745
2019-08-11,0.902949830732505,4.940212755360182,4.0549235158401515,1.304698523590841,0.0008962864946986457
2019-08-12,0.8627172489186375,4.774656710670191,3.9228224184762133,1.1557877959489247,0.0007939895489384359
2019-08-13,0.4285580233684747,5.066793992648965,4.175958105282316,1.243911534192209,0.0008545277614232873
2019-08-14,0.8363991042864262,5.146324116174342,4.223026591670096,1.2442502500650248,0.0008547604484822941
2019-08-15,12.399110484016832,4.44741247902348,3.8124288337742267,1.2701592236076842,0.0008725590913548852
2019-08-16,2.9186666765789306,4.677215894591543,3.9717978933259843,1.293343316967362,0.000888485827987438
2019-08-17,11.17493601456422,3.826308736695843,3.0773048691889255,1.2794317905133512,0.0008789290506508193
2019-08-18,21.27260482391246,3.545788659891482,3.109036605969707,1.3472425957500456,0.0009255129225793428
2019-08-19,33.10299805780646,4.137609594087812,3.6578779740964182,1.5741212714329176,0.0010813713751435484
2019-08-20,10.057261396763097,4.1862557583055615,3.7358585574139327,1.8710359340210279,0.0012853423288496208
2019-08-21,13.576000372037473,3.8597237799591415,3.5568070443435733,1.8460844202494477,0.0012682014304647555
2019-08-22,12.041591233224787,4.197744927393021,3.904655757594269,2.0212435626873932,0.001388530204469991
2019-08-23,6.126894081802813,4.214454119574554,3.7584431144610644,2.0095558500980752,0.001380501116708863
2019-08-24,1.0801422577617021,4.744346020343885,4.031795767772827,2.027979009941399,0.0013931572430542806
2019-08-25,1.294924833261124,4.787247142343946,4.00326874200964,1.9266320909871069,0.0013235351249207762
2019-08-26,6.167402872094632,4.287376967106993,3.831728327840024,1.8682939018578968,0.001283458639743359
2019-08-27,3.5990546955594946,4.793582524062737,4.095887798436523,1.7986022754123592,0.001235582703312617
2019-08-28,2.0433154518388235,4.68903839089756,3.7667893450706726,1.595315755382432,0.001095931313230835
2019-08-29,2.8158884270664566,5.370481597901822,4.220033982558876,1.6787672596479126,0.00115325984919758
2019-08-30,2.3247240097095303,5.252481134701041,4.104511833080459,1.4811970776816978,0.0010175354020171639
2019-08-31,2.813722667431903,4.550056054383056,3.9131323933297484,1.3564643168040524,0.0009318479523882495
2019-09-01,20.31779334534813,4.269107565200708,3.857855659370455,1.3825254683507298,0.000949751136721818
2019-09-02,19.644098881510526,4.122733185626886,3.7665991248348427,1.5058946125462824,0.0010345018249502966
2019-09-03,8.117449913176713,4.169357841511738,3.8305997352243484,1.5854608320187753,0.001089161293523274
2019-09-04,4.215421743812126,4.65794266912428,3.900512852496642,1.6603894036564573,0.0011406348451611507
2019-09-05,1.7389723011793854,5.024175506283243,4.172834291160141,1.5323400566311638,0.0010526690060660932
2019-09-06,4.2875881372379325,4.513223109188559,3.698214867084405,1.5011189608910886,0.0010312211037687051
2019-09-07,4.443598187249074,4.366020151249438,3.617603078252725,1.465449419584271,0.0010067172604920174
2019-09-08,14.238757621889617,3.845932278430686,3.3328242847891967,1.5173867122470712,0.0010423965328627412
2019-09-09,7.9704568988014,4.228189836797747,3.8643578221982704,1.5856238118025705,0.0010892732554642767
2019-09-10,10.024565997170916,4.0583851863829805,3.5854636806883367,1.6048840358246617,0.0011025044183450008
2019-09-11,2.5284432296483024,4.389405036488897,3.824661551615393,1.6213220323347834,0.0011137968004589752
2019-09-12,2.2320637712092974,4.396984085287279,3.8666809591907665,1.6636361083779903,0.0011428652283045112
2019-09-13,10.217893989332351,3.842491182094475,3.4765479585021164,1.7690923489659847,0.00121531032003388
2019-09-14,18.396851148130725,4.532794621461558,4.033267576810903,1.7968884483864875,0.0012344053585162799
2019-09-15,14.703167599237952,3.534901657942076,3.0837122668514776,2.011828835818738,0.001382062585789449
2019-09-16,9.82154402748618,4.146345905435638,3.4789585028651246,1.8127916790534746,0.0012453303734612405
2019-09-17,10.137477719997229,2.915186598245214,2.474651598865324,1.8351315257624585,0.001260677139428134
2019-09-18,13.418415126529311,3.4600424310304287,3.4648085332560026,1.9325887212737547,0.0013276271409561294
2019-09-19,2.3892164610180413,4.488970784032733,3.9691659666277546,2.0541976528038557,0.0014111686189254443
2019-09-20,2.113555522510937,3.963921700746434,3.3476482517482538,1.9259488076504183,0.001323065730945346
2019-09-21,12.242458819127004,3.1730178408133027,3.032269260741659,1.9179305750629192,0.001317557459532768
2019-09-22,8.170804359380329,3.440630296325091,3.1150198795898167,2.0177232471999362,0.0013861118594106264
2019-09-23,13.313661013182864,3.347090490187932,3.0944274524087794,1.8644822422787024,0.001280840150535739
2019-09-24,11.292312108869316,3.5960620011987348,3.5801160058714525,2.013521984152129,0.0013832257249800743
2019-09-25,14.357792225190831,3.1252592797255336,3.0221071702920153,2.24900727224889,0.0015449966472314868
2019-09-26,8.389780046194927,3.858360025782528,3.525580460490029,2.248455756475325,0.001544617773391652
2019-09-27,12.442586918288336,4.102666914226618,3.7520006214437163,2.3993467044448735,0.0016482750676952936
2019-09-28,22.791279727217628,2.4981920736782754,2.169611587663615,2.6780839969042716,0.001839758744792312
2019-09-29,20.60903262762708,3.096718893835312,2.990181840421809,2.8090686920824393,0.0019297410749457165
2019-09-30,9.146611132729602,4.2157632100681806,3.8050988544345095,2.9508136599967822,0.0020271153711037765
2019-10-01,14.463026478781906,3.575323667140809,3.2405856665770885,2.982402423950369,0.0020488158497997287
2019-10-02,9.996054460941714,3.4604170974695463,3.211902273751452,2.978021922130621,0.002045806584019127
2019-10-03,17.25466843646616,3.5506192208179885,3.3250219422022274,3.0484031716296345,0.0020941562696096083
2019-10-04,21.19559384873821,3.23709389626162,3.032973012236726,3.1859656930344715,0.0021886573577019823
2019-10-05,11.693542122853865,3.4166947853836147,3.35017870928158,3.1108607337467786,0.002137062633344372
2019-10-06,20.12784229034896,3.675268015682085,3.617516864498233,3.288500544599808,0.002259095547852615
2019-10-07,25.336014828291518,3.2023609820338,3.004917692291185,3.637374042941409,0.0024987605733492704
2019-10-08,15.758642897875488,3.5491464603660345,3.357479588164351,3.778579755872866,0.002595764418441724
2019-10-09,6.153743952672459,3.902453679981199,3.605153367441973,4.054422205725621,0.0027852594305056346
2019-10-10,2.074040852097747,4.1086660693263815,3.6605567464519226,3.80188132993532,0.0026117718605900586
2019-10-11,1.8946662184903773,4.265625792592252,3.6969372523706507,3.506003753697388,0.002408513352305433
2019-10-12,2.086653742255751,4.3188482786546345,3.6356907477704774,3.4544959401317272,0.002373129118449401
2019-10-13,13.40623847396901,3.6984024558209945,3.1658162034110826,3.214126801638058,0.002208003145913399
2019-10-14,5.12290212323818,3.2216873823459014,2.5734033664896456,3.2572735966188553,0.002237643625251404
2019-10-15,18.837051140695706,2.115266505424348,1.9852238982313588,3.019315269925831,0.002074173803940461
2019-10-16,23.075180665033912,2.363415435755284,2.283466685704748,3.877612267175847,0.0026637966119423804
2019-10-17,5.432036369726874,3.435676395861148,3.3717837259727568,4.617586521070177,0.0031721354489978796
2019-10-18,9.010704758762575,3.7687920268759214,3.5966298479775576,4.424202906125865,0.0030392870405444444
2019-10-19,10.03155732823998,3.90110410810616,3.6481984976218587,4.55049081073978,0.0031260428245838993
2019-10-20,2.049054900612022,3.530782939767142,3.2706587056274494,4.586328765180725,0.003150662362340897
2019-10-21,3.9453962578168253,3.5066438262154374,3.3613191647012663,4.639196463738489,0.003186980794044728
2019-10-22,16.09146445604591,3.1305378259800207,2.933579911325787,4.7131629251334655,0.003237793406468406
2019-10-23,13.828556809752378,3.1225201434185843,2.833072922278518,5.195576414865583,0.003569196169550659
2019-10-24,6.200684321824429,3.547256495356304,3.366901663876597,5.528244236303566,0.003797728409132767
2019-10-25,7.706988253349614,3.514927538753987,3.3855785129189813,6.019588006310688,0.004135265991454588
2019-10-26,15.976293083859474,3.294549445505054,3.042609615044505,5.905569952204385,0.00405693920545805
2019-10-27,6.6391081880898035,2.1104401450342216,2.0988425845145686,6.118199106746423,0.004203008689058527
2019-10-28,13.938309338935362,3.563232486668215,3.389530526259834,5.486910940953718,0.003769333746508716
2019-10-29,21.58180886368575,2.9801627745656987,2.847114935180988,5.908373592157397,0.004058865217161478
2019-10-30,17.303907390121655,2.989562912836134,2.8978403243077437,5.913298306938383,0.004062248339981524
2019-10-31,13.780079976772413,3.629925796573609,3.415360120232391,6.850040040057025,0.0047057601928991565
2019-11-01,5.524661236517982,3.729182324255616,3.1102903334600818,7.071349462369188,0.004857792745079891
2019-11-02,1.8431106087069569,3.4161120394363,3.049333661190529,6.945464505828018,0.0047713137735830545
2019-11-03,0.918344647254584,3.482087489735099,3.1101127191768527,6.307461649729554,0.004333026051813894
2019-11-04,0.3450599864354886,3.832622752309256,3.325206844842271,5.767960871585032,0.003962406132662374
2019-11-05,0.25003363679698576,4.326580319151054,3.6043401636267927,5.266075166363665,0.0036176265752867983
2019-11-06,0.09085770255501024,4.270691189780756,3.452493682201174,3.66022019092325,0.002514455152228423
2019-11-07,0.0833046732799471,4.141731992025268,3.412038107388114,2.9501736153222105,0.002026675680717492
2019-11-08,0.7241628437364906,3.615967019606464,3.224448999505444,2.8908362537964316,0.0019859127958019537
2019-11-09,0.14856010545359294,4.118372138276518,3.463250518136882,2.901563374544666,0.0019932819874426268
2019-11-10,0.0486649380641784,4.080048838940228,3.2918808422878425,2.7557964571554456,0.0018931447395899698
2019-11-11,2.6493890234751616,3.68642095894925,3.3290243463876554,2.647749165843798,0.0018189196782134383
2019-11-12,2.0568707136971747,3.7004411728544655,3.3913379945637847,2.2002930196114896,0.0015115315011086324
2019-11-13,2.4710839071676705,3.818742482799968,3.216555121480647,2.321380197010699,0.0015947145505424535
2019-11-14,2.895220979539427,3.384431974249884,3.2892126757635007,1.8222993433187304,0.0012518618371848479
2019-11-15,5.342183445255057,3.100239599082064,3.0059793316848484,1.7708798396876946,0.0012165382694523082
2019-11-16,3.173141711195045,3.143494283400259,2.8897325397941094,1.7863691185778334,0.0012271789126590189
2019-11-17,1.89992902510976,3.3886671061491787,3.157367070053286,1.7109204802069662,0.0011753480916743412
2019-11-18,3.6886084240621706,3.609988796101375,3.4472500092550034,1.6203592465019578,0.0011131353971357966
2019-11-19,3.9256199816365447,3.459540237297223,3.3108840855173454,1.6161776434036486,0.001110262768466846
2019-11-20,0.765140524603695,3.3913965059019384,3.2786846307383217,1.655060638819943,0.0011369741527712735
2019-11-21,0.3823570421202109,3.0981276534165465,3.1342103889961868,1.690845606577199,0.0011615572903575574
2019-11-22,0.4608837893639263,3.3782059318780595,3.3411149353681893,1.6481328023003587,0.0011322149488649995
2019-11-23,0.0771831842190614,3.716325344227089,3.408326071856336,1.6244498546299224,0.0011159455151468975
2019-11-24,0.05620926456598825,3.54929747120645,3.1357837725827324,1.6594797548002096,0.0011400099452551333
2019-11-25,0.22447712308265974,3.630547828997899,3.505841663393924,1.6792372217208729,0.001153582698232356
2019-11-26,0.4562686351108729,3.491438800663932,3.456094952683182,1.7910356034896688,0.0012303846397511919
2019-11-27,0.0299142004064515,3.731922520481141,3.438457701723501,1.7212488741555438,0.0011824433706530888
2019-11-28,0.35721272653838687,3.343531128664472,3.2134404691843113,1.7289499615257273,0.0011877337733626689
2019-11-29,0.2882208681024375,3.431471697283241,3.2053625748230417,1.598549937926461,0.0010981530940355109
2019-11-30,1.2892767317350757,3.7027990372011215,3.599183233018849,1.873730908873531,0.0012871936910763542
2019-12-01,2.45672996863682,3.4956437867856867,3.275559111734675,1.5877064455283874,0.0010907039587632397
2019-12-02,0.1695124735735705,3.407863289833477,3.0216155901038593,1.3122176910938383,0.0009014519242307994
2019-12-03,0.0479093218752371,3.753374611054696,3.3860529204365752,1.3214312403102073,0.0009077813402464969
2019-12-04,2.5266159643253805,3.3174910124129333,3.284245784412888,1.450699727229463,0.0009965846897720093
2019-12-05,0.0429781182552488,3.6655988873303658,3.368779342251852,1.384788982155717,0.0009513060988968272
2019-12-06,0.04811073760430155,3.530398173350362,3.4170036924048652,1.407697523339965,0.0009670435399266356
2019-12-07,0.040319404767676,3.184232983808472,3.15522766058266,1.3002932643765464,0.0008932602213734086
2019-12-08,0.1386516179576337,3.0798926721063427,3.096578330494975,1.286575722181844,0.0008838367050688663
2019-12-09,0.346574607680593,3.0818750377341875,3.2376746629361457,1.2346240236675863,0.0008481475363352108
2019-12-10,2.4841315222266873,2.8698018857471217,3.078541207776988,1.2310127767824366,0.0008456667242903914
2019-12-11,0.26186069129407985,3.165897872541771,3.1768039768009935,1.2658166412216185,0.0008695758750222457
2019-12-12,0.7238857115803284,2.9571671901497587,2.9365487499548735,1.164709275830874,0.0008001183225871631
2019-12-13,0.3307043049070481,3.0171897559463474,3.0665632132047804,1.180616798837208,0.0008110462862330823
2019-12-14,0.14132546515194935,2.9620921405393306,3.1695883135757024,1.1682626195517527,0.0008025593569950818
2019-12-15,0.9065348305618047,3.153374021646038,3.4238247598400973,1.336435241570169,0.0009180886131165032
2019-12-16,0.5370856520219688,2.610541071014329,2.875969139044441,1.2451303936893874,0.0008553650792300474
2019-12-17,0.3574160650919229,2.6815687737541074,3.003144164050448,1.2886516910663979,0.0008852628298333209
2019-12-18,1.135987459551388,2.273140561417077,2.354259243865097,1.2150698923020695,0.0008347144684336392
2019-12-19,0.0511269639429874,3.217950116644899,2.9940516000992536,1.37562175962409,0.0009450085078438529
2019-12-20,0.1716980751648169,2.9352101054854094,2.9893717622287648,1.3479334223098007,0.0009259874985097145
2019-12-21,0.2651214024521679,2.6305160592238246,2.872641366430871,1.3301552361278106,0.0009137744486081167
2019-12-22,0.26407482075032884,2.3121446631465425,2.702716701902297,1.3320104894193028,0.0009150489487622466
2019-12-23,0.1036901966274091,2.736992578902386,3.147681275599936,1.2916726962825134,0.0008873381645766808
2019-12-24,1.373564514553567,2.808103415361042,3.1826797290925923,1.3165384225330103,0.0009044201296561349
2019-12-25,1.647106842370373,2.9455919759619604,3.256649727789995,1.3558792161700617,0.0009314460068147677
2019-12-26,1.5205407422672341,2.6639195959408024,3.030241215005038,1.4120883836457432,0.0009700599216585212
2019-12-27,0.965571878858088,3.120232397438016,3.5393250353083436,1.4179263367404669,0.0009740704102280062
2019-12-28,0.2207579822319048,3.063555044085299,3.4947068469708142,1.4075949492395134,0.0009669730747737454
2019-12-29,2.0304944039765194,3.2655959142177124,3.547642053072447,1.4676735684484554,0.001008245180201531
2019-12-30,0.21873142552782374,2.842289890046032,3.218557695756829,1.3248712904314033,0.0009101445455456248
2019-12-31,0.02131685992861765,3.049177055344574,3.183150333243986,1.332128676158234,0.0009151301393024682
2020-01-01,0.0977265435796663,3.069492874069596,3.389698157326072,1.4061890123866427,0.0009660072407585746
2020-01-02,2.8130503634470205,2.756960065412378,3.184925273116243,1.5511693521422651,0.001065604134730792
2020-01-03,1.1183093772014632,2.305193003075354,2.826088557840661,1.2973400017118852,0.000891231423613794
2020-01-04,0.5471542783397547,2.2582200884588994,2.782480485219171,1.1131560197272268,0.0007647028711491802
2020-01-05,0.01853519055066615,3.155021452205974,3.2842424371246604,1.1262178657894795,0.0007736759450124118
2020-01-06,0.00254943527238925,2.985071499494909,3.1201374064887206,1.1647580171969303,0.0008001518063593446
2020-01-07,0.0027940955211122,2.7129914967812865,3.127112515642925,1.184250032936452,0.0008135422027964496
2020-01-08,0.9147835573083678,2.6297069978972143,3.0387312527346912,1.3141126973320467,0.000902753733398178
2020-01-09,0.0438203891383896,2.814865799694231,3.320179079384171,1.1591371531701828,0.0007962904510925005
2020-01-10,0.0551281301991608,2.730836360164204,3.4350944289743808,1.1151499828217941,0.0007660726605375129
2020-01-11,0.0029700467966842,2.717510968012221,3.37013154868003,1.0935067437322878,0.0007512044419056188
2020-01-12,0.15586488089471495,2.2824797539701795,2.9810714667475566,1.0641246279952532,0.0007310198605294575
2020-01-13,0.01746647656017125,2.544436218795298,3.1572593875328807,0.9906754449533242,0.0006805626019238866
2020-01-14,0.1163966314768096,2.252342886296237,3.0336803592587573,1.01233626030616,0.0006954428948910886
2020-01-15,1.0842395960390439,2.4881771810378366,3.239945438946037,1.115643185432039,0.0007664114750841072
2020-01-16,0.0821441710613816,2.469519666822605,2.990422578130904,1.0194231696900444,0.0007003113768086176
2020-01-17,0.8660454859469743,2.3457314251997152,3.10367742518354,0.9925127140499912,0.0006818247475067126
2020-01-18,0.3701729190814697,2.2861671891210418,2.9695656008429916,0.9846492658173145,0.0006764228080354295
2020-01-19,0.2171977612718308,2.257162494198332,3.177970971871633,0.9863228492103545,0.0006775725067327235
2020-01-20,0.1550733096704204,2.017892566453634,2.6984474586362452,0.9698813229704373,0.0006662776998063591
2020-01-21,0.13774126814115184,2.4542889252662867,2.997608530983218,1.0268496908927605,0.0007054131612716427
2020-01-22,0.7045948390060056,2.493286060447298,3.1220409301549146,1.0979025748417683,0.0007542242384219511
2020-01-23,0.778358612352212,2.669063285728006,3.334543057544789,1.1107388513220773,0.0007630423531384868
2020-01-24,0.4996158003704831,2.332529503577365,3.0586286454701215,1.104778182192739,0.0007589475625463357
2020-01-25,0.5434240336990526,2.277314236409975,3.0376552073830347,1.096425279778072,0.0007532093835797522
2020-01-26,1.9282472149939265,2.546542208309494,3.2005392416028853,1.20617768162308,0.0008286058017987923
2020-01-27,2.539558019374251,2.641492342739326,3.224582918442938,1.3748197371861748,0.0009444575438728274
2020-01-28,0.5682578345855754,2.639581974896109,3.3741665241307306,1.387963855811605,0.0009534871363768996
2020-01-29,0.7543221389391758,2.6853414472850683,3.5961551270643515,1.3393373089908658,0.0009200822413676616
2020-01-30,0.8250222296024942,2.659351282991073,3.5107334009044577,1.3302045232813071,0.0009138083073189548
2020-01-31,1.8249281069733072,2.896796358432972,3.5413439493381533,1.3140626520611665,0.0009027193538847483
2020-02-01,0.39677777421724386,2.77116376504072,3.2410970950813116,1.3189641157397176,0.0009060865039350529
2020-02-02,0.066842753737383,2.5866655752663443,3.1855056960979167,1.2816254039498958,0.000880435993490268
2020-02-03,0.1356693038786667,2.972164698501036,3.6259915474493774,1.265167653493933,0.0008691300410421865
2020-02-04,0.5013961070250074,2.508559458334747,3.420353053917725,1.1338648802342401,0.0007789292013376667
2020-02-05,0.1259240466672813,2.5307650399900727,3.540857566473442,1.1120668102977889,0.0007639546188258644
2020-02-06,0.23386991725080106,2.801880794761009,3.8574459516923065,1.1148505717011457,0.0007658669745963186
2020-02-07,0.07880347466182545,2.501899325392668,3.5666675876926655,1.0568520709678195,0.0007260238445704032
2020-02-08,1.77612574466784,2.3634777904374724,3.4481092557906523,1.1896292894017424,0.0008172375813334701
2020-02-09,0.03991157174314885,2.6890126282211844,3.5203203787567383,0.928217075427288,0.0006376556835248285
2020-02-10,0.0028501601816246,2.670555613538822,3.6033491396454136,0.9502031095338593,0.0006527593914584198
2020-02-11,0.0486067072400105,2.434287828874118,3.65543407609389,0.9041213168826071,0.0006211026618323707
2020-02-12,0.23057336300167766,2.124705497258524,3.524404093848484,0.9077277787081809,0.0006235801866930653
2020-02-13,0.1470429845167065,2.4809668073830022,3.7332574966064382,0.8674329871092734,0.0005958989431998189
2020-02-14,0.0357598653856318,2.189924220009795,3.226277697656035,0.8788074905358784,0.0006037128662025912
2020-02-15,0.483142788474788,2.330109047324846,3.155566858345765,0.9529887132346622,0.0006546730128287732
2020-02-16,2.0800146603276515,2.565639818767741,3.7326241547567256,0.9616219448012904,0.0006606037690294306
2020-02-17,0.0021335893592956,2.61771420055224,3.7420163880990414,0.9019604133218028,0.0006196181896398486
2020-02-18,4.293349145002677e-05,2.6146268198908804,3.7503256660966664,0.9284144328834839,0.0006377912618361534
2020-02-19,0.0012988189026592,2.4816015556352418,3.7651854923230843,0.9099676759819015,0.0006251189250603187
2020-02-20,0.0041662994931942,2.458370789105958,3.83299842124372,0.9244004945331648,0.0006350338135299789
2020-02-21,0.02329907222816535,2.294434786424373,3.5527750542548393,0.9140313967713193,0.0006279105723228273
2020-02-22,2.1274878400139134,2.196791174455736,3.429453333768123,1.0390232143173315,0.0007137759856644465
2020-02-23,0.10663385454393814,2.3264116519745794,3.910253557183515,0.934068280561494,0.0006416752758250225
2020-02-24,0.4071623520787057,1.997922505627468,3.4286342263077088,0.9077408543353448,0.0006235891692341082
2020-02-25,1.0805663647470922,2.477260916709491,3.8899683017790947,0.9095844419687449,0.000624855655451217
2020-02-26,2.3431823042724713,2.8253547698706645,3.7147418368443423,0.9340690885281286,0.0006416758308724681
2020-02-27,0.35622000285323646,2.5464028773404417,3.556821015708256,0.9419757483156225,0.0006471074553110422
2020-02-28,0.02553970332207105,2.7739344105622883,3.6613249705511635,0.8679681661851685,0.0005962665942466293
2020-02-29,1.2586584860327619,2.759468128288079,3.8074581993067307,1.018335752731557,0.0006995643558559794
2020-03-01,0.43531857922155687,2.703220222471202,4.003207164708177,0.8734265133143416,0.0006000163055606195
2020-03-02,0.03621929270526015,2.350962208024838,3.9196738888598155,0.8575949952054709,0.0005891405548680344
2020-03-03,0.6641775109460196,2.033719626026896,3.720173689499489,0.9579443857442955,0.0006580774026262792
2020-03-04,0.3459634927083861,2.487851456159128,4.275232798945334,0.8596999954038999,0.000590586623224115
2020-03-05,0.00772278877310645,2.2505693989095006,3.8857527367416105,0.8033307713108884,0.0005518627545619842
2020-03-06,0.3732709963111224,1.9992881056758391,3.203304202205039,0.8345204806214476,0.000573289095378016
2020-03-07,0.06995743493262391,2.298605494124505,3.5999598420604517,0.7973974057622574,0.0005477867206635846
2020-03-08,0.2080745274265477,2.0936661436642625,3.160219463789157,0.8112360591860207,0.0005572934365402893
2020-03-09,0.29444853752162436,2.0015843413885217,3.136544273286211,0.7832447452300659,0.0005380642918651323
2020-03-10,0.07479687702185495,2.237546353522644,3.7005380084479627,0.7977061006762662,0.0005479987842762933
2020-03-11,0.09654960748446169,2.342617656799164,4.085381900186375,0.8230863333765174,0.0005654341989642292
2020-03-12,0.13223419647024576,2.3747157548293862,3.8248995174855502,0.7825294173794243,0.0005375728843252148
2020-03-13,2.3634104789320447,2.146335401752801,3.937369619672066,0.9032124187892443,0.0006204782776766376
2020-03-14,0.25884993947730084,2.156228381392784,3.8985681878596044,0.8274843715331682,0.0005684555116519498
2020-03-15,0.1255737723044629,2.4297837819744346,4.1089905181139255,0.8282712858158168,0.000568996096799607
2020-03-16,0.04823121208678385,2.3162296787862817,3.806483027158093,0.8043441181978921,0.0005525588917253549
2020-03-17,0.0362990216359317,2.321851827159499,3.9672371775150976,0.8314214455672195,0.0005711601566113363
2020-03-18,0.0585069033516039,2.199896681561785,3.8710282182229787,0.8869800143569782,0.0006093271307978287
2020-03-19,0.2146732822381409,2.222213890933868,3.961486167565609,0.8877103319500877,0.0006098288358152785
2020-03-20,0.9955101558182216,2.3409998999656167,4.098014406804372,0.8988103673098977,0.0006174542079635459
2020-03-21,0.11244229531075255,2.4393723804765663,3.946273944761256,0.8246105146659798,0.0005664812631560837
2020-03-22,0.0931100846359292,2.526242711691516,3.91240256092786,0.8215538395370879,0.0005643814243142594
2020-03-23,0.1106644397022801,2.37609857156566,4.0621103588303455,0.8206838450462985,0.0005637837656992939
2020-03-24,0.06067979039295255,2.394035698184632,4.051991489104237,0.8602968133232184,0.0005909966182008911
2020-03-25,0.24547498181181135,2.363611047042735,4.081256591138955,0.8998243677254634,0.0006181507940803057
2020-03-26,0.0316247944664178,2.5274855464914143,4.189587780266083,0.8777796428104342,0.0006030067674232449
2020-03-27,1.9135083335905847,2.2570102157687857,4.074733343503263,0.9888504675179272,0.0006793089003224052
2020-03-28,0.6630458474295423,2.3613094150905027,4.224399813686544,0.9393289038711012,0.0006452891571476755
2020-03-29,0.0907801819603814,2.1523168729059083,3.8645159676670775,0.9077965456884128,0.0006236274274268813
2020-03-30,0.7825533299931194,2.403397029217837,3.583787264176719,0.9590273891441606,0.0006588213916041623
2020-03-31,1.4049235972947665,2.608476473437064,3.893880834887621,0.9329485157801001,0.0006409060329442685
2020-04-01,3.9928142084912923,3.233639187919133,3.6770808590571793,1.0038421847128336,0.0006896077344294253
2020-04-02,3.882826375998552,2.99996975330096,3.3325705506123646,1.0856017011270593,0.0007457739284199564
2020-04-03,5.8465046585574125,3.378650119231046,3.9431620504758556,1.1425533146673823,0.0007848978801563316
2020-04-04,2.3860218916116285,3.290966861620929,3.9163260175411994,0.9095326338199372,0.0006248200648965777
2020-04-05,6.928504509267214,3.3742461535651525,3.939435720619201,0.9966806767851076,0.0006846880056788845
2020-04-06,3.6793079799271755,3.4092864242109178,4.051585697375534,0.9907543936316819,0.0006806168371613049
2020-04-07,0.0740148676095662,3.606410939917352,4.3752867718473,0.9103755622077481,0.0006253991299574576
2020-04-08,0.01874167473398055,3.194123099192236,4.253719849918033,0.971551022888937,0.0006674247306798454
2020-04-09,0.34991259435846717,2.7070424533856468,4.1336831896872495,0.992829551920453,0.0006820424050721724
2020-04-10,1.5279118921376609,2.7107994230288384,3.805258134803102,0.9600941023568343,0.000659554189740244
2020-04-11,0.26463819460026394,2.896676110790637,4.099835400526583,0.9519157364606525,0.0006539359118247624
2020-04-12,0.4297001181099501,2.8797555179694605,4.37570562906906,0.9503614308584785,0.000652868153185756
2020-04-13,0.08850438616513015,3.068594682936143,4.505614902759715,0.9359605762559856,0.0006429752229348585
2020-04-14,0.3682416743929554,2.478833215256856,4.000374085818628,1.0354226129332529,0.000711302486741139
2020-04-15,0.4991193565532719,2.4953575710579114,3.819516910268048,1.0092041943703673,0.0006932912649566649
2020-04-16,2.4518537553951743,2.6835619015092,4.029906045631976,1.0814016123436092,0.0007428886006717646
2020-04-17,3.0231020211612574,3.0540550953515293,3.934266611358889,1.1069973247944627,0.0007604720431123605
2020-04-18,0.6672102488849053,2.8066864967231173,3.86952269561791,1.1474918044737117,0.0007882904659817817
2020-04-19,1.7200251769651476,3.478995636968169,4.324735927631513,1.2025580778866465,0.0008261192488622585
2020-04-20,2.070355353738514,3.51636311579272,3.9718684194830245,1.0811267961825777,0.0007426998106875623
2020-04-21,0.38779141762853764,3.182389115272521,3.9985237539463374,1.0982172164552906,0.0007544403872285689
2020-04-22,0.789572294692846,3.072571871230318,4.219990383529064,1.0965223409495812,0.0007532760615253544
2020-04-23,0.5562768141225125,3.3373602867241483,4.586521561277317,1.0758330795255557,0.0007390631952851078
2020-04-24,1.8095869360080177,3.57111544535203,4.3388036104403955,1.0886497568484343,0.0007478678460022639
2020-04-25,0.780182391815793,3.1974426946741743,4.10239816779714,1.091778934173677,0.0007500174915528797
2020-04-26,7.440881655790285,3.05710480217766,3.866874982277659,1.2226277312890472,0.000839906464048451
2020-04-27,0.5771552744496177,3.2033106243464697,4.095704310717641,1.0712838018882085,0.0007359379858721571
2020-04-28,0.4210965787771432,3.08502381939064,4.01241358242666,1.0163157638278246,0.000698176687562408
2020-04-29,9.427828529421168,3.048075233645239,3.783327521477136,1.0351922012085661,0.0007111442011959936
2020-04-30,2.471685514183596,4.025733585614795,3.8907914235665144,1.0587097134846999,0.0007272999860465777
2020-05-01,5.519101968655146,3.692257318703224,3.7443605527280606,1.02629936120609,0.0007050351022358765
2020-05-02,4.010215841433877,4.055754918969312,3.9710727922255797,1.1043823298538562,0.0007586756245477711
2020-05-03,0.9789106894409075,3.8779812991159046,4.016813473131825,1.025284217159515,0.0007043377304808944
2020-05-04,1.0289804888325818,3.4267458486439435,3.709335603821967,1.0228661907222565,0.0007026766230293628
2020-05-05,9.167597053673589,3.0137308047346343,3.4781607002573987,1.0033662627713367,0.000689280791154039
2020-05-06,9.228914344274921,3.852718778107935,3.7269164813162274,1.0816484891761504,0.0007430581972236574
2020-05-07,4.484134739116449,3.801472218288668,3.919593328082209,1.1495805427018329,0.000789725362880165
2020-05-08,8.462956680847567,3.883331055604369,3.6925273704174075,1.0601039467889775,0.0007282577800951551
2020-05-09,23.042980194008152,3.9999810036265417,3.9773431949824904,1.0211620897644749,0.0007015059597332482
2020-05-10,20.57333483295141,4.077477577920384,3.870117271523537,1.1262595940454139,0.0007737046110004275
2020-05-11,4.367128032844182,4.27796723285936,3.821727928663443,1.1014917016407078,0.0007566898546692944
2020-05-12,10.567957709149306,3.857030952588925,3.4889446192202183,1.1133749661926542,0.000764853280424945
2020-05-13,13.807475683015234,4.098344444078402,4.0111106832771375,1.1451594803375442,0.0007866882332922304
2020-05-14,19.059109558849826,4.184892164674264,3.7467160089295515,1.3429788109616836,0.0009225838376965053
2020-05-15,5.175751413038594,3.9120007954908473,3.8813236843317243,1.308298705680436,0.0008987597055799449
2020-05-16,11.402504709847882,4.049446604711421,3.956369865179952,1.418617334907491,0.0009745451040471275
2020-05-17,22.19979792317529,3.806114347737864,3.5969191897563397,1.4193206640073717,0.0009750282688259275
2020-05-18,29.158584076007767,4.346018296061004,3.8963766885145192,1.548312196849486,0.0010636413596866946
2020-05-19,11.779575877754542,4.174207861968165,3.740642417209983,1.760996141253234,0.001209748482183982
2020-05-20,20.551685621427474,3.824796321551039,3.2516248357661364,1.65607641071596,0.001137671955838904
2020-05-21,9.38634604376773,4.109439320261646,3.8417833300915047,1.7962193632912709,0.0012339457182823075
2020-05-22,53.39075240074577,4.028858530684974,3.8627322909110076,1.8072356593984933,0.0012415135642206395
2020-05-23,8.359622101810592,4.328081007299252,4.092971705604896,2.1854030288766357,0.0015013025498524396
2020-05-24,9.36285894307774,4.48783613920314,4.165223801945112,2.1215087797444583,0.001457409227716635
2020-05-25,2.414276314346041,4.623673616638519,4.252876379559853,2.1460939963963352,0.0014742984916008854
2020-05-26,12.378841838901803,4.293608843424001,4.047652084619745,1.9418586578493144,0.0013339952932987262
2020-05-27,18.6678190636407,3.645319106635569,3.196071462649668,1.9159086535880046,0.0013161684636241043
2020-05-28,8.123905113027217,4.054708452655665,3.573398344928692,2.0970817053881317,0.0014406286025724305
2020-05-29,10.322012518433143,3.1841505929112026,2.624432522508391,2.066833921605026,0.0014198493347115707
2020-05-30,15.310231236941952,2.91416572173658,2.649673219530686,2.119236936421873,0.0014558485434272863
2020-05-31,36.575660843029674,2.517670444109019,2.1847464378866173,2.46605790601107,0.0016941035467866459
2020-06-01,14.215172583900557,2.9525515698471567,2.623444017035088,2.668032577205072,0.001832853738335996
2020-06-02,25.16781495568034,2.459912445862645,2.2968652390491147,2.7892328048943216,0.0019161144497326023
2020-06-03,24.655553512692208,2.000546959863008,1.8362017577980914,3.1043962211100697,0.0021326217182468794
2020-06-04,51.12590742058846,1.897482965045687,1.8739982713912267,3.1131885015625707,0.0021386617359863726
2020-06-05,50.35147334906132,1.7665197184600103,1.882406932899693,3.393901907712695,0.0023315029404975497
2020-06-06,24.028577770441395,3.0195576907175483,2.8998012259725137,3.394460085840767,0.0023318863911635703
2020-06-07,0.36196854751474045,4.022648756106354,3.932424972338004,3.172483908556113,0.002179395799469255
2020-06-08,3.2711490480765146,4.233356023696131,4.100100049388788,2.8375200725742515,0.0019492862707355914
2020-06-09,3.7096113068263703,3.914648433747872,3.817537877184985,3.601937229675582,0.0024744166068535445
2020-06-10,1.7887127271694103,4.23852813479652,3.945891990821706,3.195644465444702,0.002195306367292854
2020-06-11,5.993691946319117,4.50932776226341,4.095703228882687,2.8768415964588288,0.0019762989101855992
2020-06-12,3.1429368606079127,4.987348843921826,4.060772412659748,2.9371025341350214,0.0020176962626164098
2020-06-13,2.2132103660778286,4.230562075940607,3.5729195347160947,3.0049996261491803,0.00206433941082364
2020-06-14,5.210442844872105,3.769787404635094,3.4624656039988384,3.112407874731824,0.002138125470118705
2020-06-15,5.302846947727173,4.0634435067978885,3.536369806923206,3.311597751386202,0.002274962596165762
2020-06-16,12.587198251792314,3.682161133423269,3.396028675060851,3.319533714743563,0.002280414351227191
2020-06-17,21.53365071171815,3.103424491453437,2.851039710314735,3.337027625091984,0.0022924321126496575
2020-06-18,13.112689968689242,2.7649992490650552,2.7176996581167536,3.431028489827513,0.0023570077245853313
2020-06-19,11.3887837343485,4.013273342613189,3.7825191292238594,3.4526403774044607,0.002371854405722711
2020-06-20,0.7643192910210075,4.959117395940715,4.319255915039182,3.5366584649215596,0.002429572166408704
2020-06-21,2.1318210930837216,4.614984056725459,4.0796262005647215,3.4563595398607534,0.00237440935234133
2020-06-22,9.467321184492496,4.031080596858243,3.551061645230956,3.4943492857600287,0.002400507102565528
2020-06-23,8.634866836746518,4.574641083745768,3.9418150848421445,3.5675825209322483,0.002450816011835464
2020-06-24,9.297901631200517,4.072372174596552,3.7686360915698414,3.335126189841777,0.002291125886954993
2020-06-25,5.342551193210388,5.305142770481408,4.286958423669356,3.3169002730198045,0.0022786052603077926
2020-06-26,0.35385713108950273,5.181520774730484,4.163704218207548,3.28407807174418,0.0022560574493018775
2020-06-27,0.32256960255408573,5.2337792540675165,4.226370992205491,2.8632436657180325,0.0019669575631552677
2020-06-28,3.752972917807549,4.005655982590714,3.1410318566279836,2.5474068761712507,0.001749987708525054
2020-06-29,5.820652922623015,3.986241458076504,3.587999137318437,2.3696452574870466,0.0016278711159010957
2020-06-30,10.961507465898084,4.280223309878727,3.641640435752438,2.3711125318568986,0.0016288790868445259
2020-07-01,1.578745438888761,4.800223735022147,3.9064640811306774,2.2398499146873947,0.001538705833100031
2020-07-02,7.309253871061054,4.144980844531983,3.6279209284293663,1.9350486037241938,0.001329317002160852
2020-07-03,10.587421624630107,3.5465926979868123,3.08040669220503,1.778936258305417,0.001222072773456214
2020-07-04,14.266354133948873,3.4049986566115003,3.0813045531718726,1.9609873310960915,0.001347136084970202
2020-07-05,17.449495936487274,3.779753223924193,3.4321322025340333,2.1425232293139485,0.0014718454878963594
2020-07-06,5.948929633175182,4.154446660213518,3.8390803802176072,2.222627267584792,0.00152687442092173
2020-07-07,0.4721868201757992,4.656611685361553,3.9399365551189294,2.2614273708291557,0.0015535288609337605
2020-07-08,1.208574212384674,4.385332068936392,3.79862028428805,1.8852889396532362,0.0012951336915483789
2020-07-09,2.246295730265339,4.678927575226868,4.015213800869269,2.001941111586732,0.0013752700329259253
2020-07-10,14.131360300143367,2.2169682301108056,1.8893579502333098,1.8057196812116028,0.001240472135300012
2020-07-11,3.4961769526143436,4.757905550665297,4.070710357349423,1.9312454280979714,0.0013267043411597736
2020-07-12,0.4005356996666305,5.066027010968323,4.142649565833122,1.84990367914121,0.0012708251401590247
2020-07-13,3.789721448713019,4.692171980654038,3.9603766362308424,1.6912064871126498,0.00116180520383663
2020-07-14,11.62674750431145,4.876215723351181,4.088407905296881,1.7627828905033747,0.001210975922234965
2020-07-15,6.60105564471717,4.908212160253913,4.031644739072428,1.8063057425001643,0.0012408747408127073
2020-07-16,1.1736832457064805,5.484818663818706,4.262165954862484,1.6791906306695468,0.0011535506916581764
2020-07-17,1.3266824031945985,4.995738648958057,3.91632571716162,1.6043377626213335,0.0011021291459846006
2020-07-18,2.146083955493462,4.322731510398984,3.6354567480617277,1.4915245871932,0.001024630073415699
2020-07-19,2.5253592718015656,4.497549820077921,3.9985547415547686,1.5747906685412292,0.0010818312297206187
2020-07-20,5.61388970863147,4.7716646843412525,4.172637994775453,1.5757945090891687,0.0010825208363306367
2020-07-21,12.023455894322193,4.27757259809746,3.8763639470576665,1.4271755255579812,0.0009804243095190394
2020-07-22,17.171361313486067,3.921226292407687,3.5199584610959995,1.4603189421675296,0.0010031927852689397
2020-07-23,18.057378324053232,4.055917195937442,3.6670357620255145,1.5406180687187232,0.0010583557377538179
2020-07-24,2.789676889749137,4.642431336689874,4.053431732272342,1.8835733323588757,0.0012939551237640683
2020-07-25,11.857300587316313,4.508833081411969,3.9569103491768574,1.9968467621281956,0.0013717703764639906
2020-07-26,4.4549092518209,3.965904037619894,3.53328261094869,2.0977502445006704,0.0014410878677336243
2020-07-27,7.896893737740314,3.974651055183664,3.7320028072379583,2.378774662758513,0.0016341427276960765
2020-07-28,8.71651918816658,4.28651875495195,3.7880778161730415,2.8306500505945733,0.001944566783584091
2020-07-29,10.193345348867341,4.328329668829208,3.71904405789744,2.8848297282136177,0.001981786503281041
2020-07-30,8.630685510458907,4.481548160685173,3.8887359372898804,2.8764994985033345,0.0019760638997430875
2020-07-31,3.9057969262854324,5.157779197737344,4.247081165374006,3.259827238205673,0.0022393978960083497
2020-08-01,2.641892503994869,5.134002882252427,4.121692548933133,2.926486249853712,0.002010403212112274
2020-08-02,0.5260614317236388,4.67911430061068,4.059676064917514,2.601749988309729,0.0017873197025519646
2020-08-03,4.038590980412136,4.392381422029965,4.054612735853761,2.2339555812105383,0.0015346566129966646
2020-08-04,10.830157543189515,4.684251905650565,4.010467392418892,2.293919883947175,0.0015758501866346179
2020-08-05,8.465608568417965,4.628824833684679,3.8662296874731217,2.2422867653854404,0.0015403798722215317
2020-08-06,7.427649604529883,3.741613482995723,3.215156035060834,2.2157387989132062,0.001522142261478103
2020-08-07,16.214634067816625,3.617799646775422,3.1496133299003897,2.330470145987327,0.0016009590571146146
2020-08-08,10.734237518367975,4.254095634927984,3.8618326722416922,2.638262271284378,0.0018124024826188304
2020-08-09,3.613408070584194,4.924931227170429,4.071156953605108,2.837805904260101,0.0019494826280358807
2020-08-10,18.582381488504456,3.847680519467562,3.255247731825181,2.78741765726595,0.001914867500896701
2020-08-11,5.755745337153752,4.166374411146391,3.686955335752939,2.853959314722596,0.0019605795085635073
2020-08-12,0.8548262594213508,5.186421626549387,4.192413594910149,2.9392965144062133,0.0020192034574596234
2020-08-13,1.1903748200520712,4.40294190036775,3.645773336494907,2.799148446976212,0.001922926181273314
2020-08-14,0.8205066860823454,4.681716514128304,3.9909652490432497,2.6966292036384067,0.0018524987134798312
2020-08-15,4.683882015160943,3.961882750482952,3.249610717570008,2.71105869997225,0.0018624113196915194
2020-08-16,8.828992111866302,4.454767087867443,3.7799127093988254,2.700791199767452,0.0018553578727829201
2020-08-17,3.0961281413892943,3.878429880298636,3.3008966731480855,2.47039274651707,0.0016970814446932879
2020-08-18,6.0055713233793035,4.044922842687287,3.492309924929759,2.0025925164220513,0.001375717527382247
2020-08-19,12.933133173619964,3.824306855626775,3.5228231635308824,2.09338830728848,0.0014380913552494606
2020-08-20,20.143632054377456,3.3834534801069904,3.29040774569018,2.641676204531288,0.0018147477464538703
2020-08-21,9.472556036995943,3.67086741348048,3.5364344363042934,2.8311195068182275,0.0019448892851164415
2020-08-22,13.565785284282233,3.120865211159144,3.0271466676954804,3.013874373573527,0.0020704360807565613
2020-08-23,8.544128369276876,3.644059370647266,3.3576524175420452,3.169876384811481,0.0021776045133792793
2020-08-24,13.52617742763085,3.3083341737784204,3.199590741964505,3.229989855034177,0.0022189005603478803
2020-08-25,13.687965114892712,3.507182002067565,3.2978583596065376,3.3197451066396844,0.0022805595707535084
2020-08-26,9.150134429779108,3.669319068933127,3.5202237027524905,3.5103490568234346,0.002411498437700125
2020-08-27,30.275239135388798,3.345169631786657,2.818009857818078,3.6267578040662123,0.002491467554037694
2020-08-28,2.432601760836409,4.433415309361487,4.163203663243419,4.241795315051531,0.002913978812279974
2020-08-29,7.076343525944369,4.127757047106533,3.8859654604630514,3.8244906693786134,0.0026273037595158795
2020-08-30,3.752023932124177,4.575112197183929,4.126487698354229,3.4794793556700574,0.0023902919323359542
2020-08-31,0.4013312056685811,4.981772925410784,4.128308690760807,3.9150079014866717,0.0026894862263532513
2020-09-01,0.49821484711204966,4.750883753058433,4.051311854858543,3.4091417218956077,0.002341972209364558
2020-09-02,3.9702047650991856,4.891408831008916,4.310162059181038,2.83328839992095,0.0019463792458707966
2020-09-03,22.039075908990107,3.0548827847270985,2.5257892998226894,2.155310360410285,0.0014806298412932226
2020-09-04,8.820452911557553,4.128465195718393,3.9907709620359655,2.3601770492930316,0.0016213667572467037
2020-09-05,14.527611397659387,3.24224510532045,2.8936206930596198,2.2855524996069114,0.0015701020590445825
2020-09-06,12.86358644895429,3.1359244943125173,2.977879165552924,2.6358099721981136,0.0018107178309447166
2020-09-07,13.773656192603116,3.5611980005229724,3.3525815571450264,2.976939895610082,0.0020450632661263503
2020-09-08,11.93109052952555,3.971882025498776,3.7902698699815542,3.2542611755307806,0.0022355741875316804
2020-09-09,14.510174098286925,3.5906719414462978,3.135178728839845,3.5853629512008136,0.0024630306033533458
2020-09-10,12.555409178005007,3.84785277979835,3.712481574820721,3.9541767943593293,0.0027163940131402246
2020-09-11,16.74272078782389,4.226690778064686,3.7295245606364356,4.031635958822743,0.0027696060017673926
2020-09-12,21.459544395437405,3.8746574935127898,3.610191780335473,3.21076175249316,0.0022056914639056137
2020-09-13,20.463346644887835,3.517689226485955,3.4050702821422583,3.5153033187510605,0.002414901858472542
2020-09-14,14.586754921644614,3.5878993302430344,3.302108981637706,3.7938599766475045,0.0026062614453553658
2020-09-15,15.95886351196008,3.895451024008554,3.8568991192848547,4.306559467912246,0.002958469730679956
2020-09-16,4.462360113409618,3.584377235999749,3.3943924961239103,3.7041342333495444,0.0025446227062208846
2020-09-17,8.691246722795952,3.6477167319065513,3.5693245846746744,3.607376064947752,0.002478152914140779
2020-09-18,8.17996171440233,3.722769401545795,3.575295575730469,3.785493905048366,0.002600514219576837
2020-09-19,11.149035341315733,4.012120548974383,3.7604000349437725,3.8211892829441725,0.002625035811770506
2020-09-20,18.890315836459038,3.119287341449723,2.990056650304246,3.7681023328807854,0.002588566761237973
2020-09-21,2.2773176844078,4.332667662351556,3.775249259351539,3.7930759716697056,0.0026057228588078443
2020-09-22,5.479108964474513,4.414237677846519,3.9406872817178193,3.7516702582677977,0.00257727844727946
2020-09-23,8.184086980547454,4.260899058956889,3.9251174398292847,4.083542313119027,0.0028052640204618267
2020-09-24,7.7968552229424315,3.853280111623363,3.413258502888369,3.628059928565608,0.00249236207225943
2020-09-25,18.850203002508536,3.282632379222335,2.987559954848048,3.298889422362762,0.0022662323772930162
2020-09-26,22.3878456119866,3.6849485723042976,3.5705676011388205,4.13579315676219,0.002841158692408788
2020-09-27,11.549311347969724,4.062455944640252,3.8172451021968077,4.220260397638944,0.0028991850072036633
2020-09-28,2.426254406860228,4.4205245461257405,3.823057573830259,4.205666762031194,0.0028891596425180497
2020-09-29,4.705998455688271,4.232020909685519,3.6771159535320495,4.033850399240312,0.0027711272520820783
2020-09-30,7.9409299689677,3.5570916930600154,3.081702626111484,4.1306314646275135,0.0028376127736647622
2020-10-01,1.929509125994982,3.864893005237521,3.500350014853497,4.455459768080196,0.003060759513096358
2020-10-02,11.171542333902147,2.784633508996837,2.6064089922895413,4.210369312983592,0.0028923901458359096
2020-10-03,11.260558736843976,1.9742809763213367,1.9541247483202009,4.460724352993823,0.0030643761159152923
2020-10-04,15.138774277378818,3.1876060792195453,2.8549377862801766,4.654657398246554,0.0031976019655601674
2020-10-05,1.5363815794882603,4.494239993099488,3.7988387904408016,4.428165963692012,0.003042009535366064
2020-10-06,5.104520622953912,3.889162733186018,3.6624114244312795,4.1342092343542145,0.0028400705879637763
2020-10-07,5.692496747193878,3.522082632104028,3.3236061602425226,4.195065827729402,0.0028818771369628713
2020-10-08,5.497544875974646,3.11340328855488,2.9953782542991956,4.234350517395503,0.0029088644724733362
2020-10-09,18.334438382396,3.3579191167425138,3.1245294172291223,4.581262835821903,0.0031471822295858504
2020-10-10,13.697923751658266,3.4092297493184613,3.3777728264668707,4.64772853042581,0.0031928420531827143
2020-10-11,7.817141753605695,3.950639770048356,3.7753411161651327,5.396986108129375,0.0037075582391856406
2020-10-12,3.527388290666948,4.364255087299984,3.760417718278952,5.101745120368398,0.0035047370469891833
2020-10-13,1.457166936256463,4.081336421154019,3.4804651706138325,4.245928558155523,0.0029168182191670286
2020-10-14,5.448676100199242,3.915503852733924,3.261591282245726,4.020271317890486,0.002761798853985354
2020-10-15,10.636124928635494,3.5697665212493823,3.3510984000528365,3.6421986537082107,0.002502074927887329
2020-10-16,5.816490343611889,3.5794214433375395,3.0927041760883753,4.716859865252916,0.0032403330870466084
2020-10-17,16.7704508244568,2.5985262134650764,2.446306693759132,4.3621849183462125,0.002996682650434227
2020-10-18,3.0833281459355195,3.6547294854606616,3.2379179421447644,4.171837875996511,0.0028659202710193095
2020-10-19,8.15636587698992,3.3943503088674043,3.145329743596733,4.089969706325522,0.00280967943568836
2020-10-20,11.030847166962682,2.8353066432831326,2.7352861378186364,4.444440840851849,0.0030531898596612844
2020-10-21,6.561499572815789,3.5427012680478613,3.339370485852802,4.351059381307192,0.0029890397594413724
2020-10-22,5.988071751471331,3.243138581533528,3.135757999337214,4.557511598995538,0.0031308658833840704
2020-10-23,11.533222728690099,3.141663919041639,3.0641483116568473,5.063231531126164,0.003478279433007081
2020-10-24,7.381579737719822,3.100064287591553,3.0870149891901413,4.633737835858859,0.0031832308898640804
2020-10-25,8.545871269176633,2.4028673167396373,2.3204534280869504,5.228509537930973,0.003591820180307196
2020-10-26,8.868329821983005,3.3259644056470687,3.2451733545704564,5.173126857693098,0.0035537740359758577
2020-10-27,17.8871230840689,3.0700049169783323,3.009209219119232,5.238675898490216,0.003598804147487912
2020-10-28,5.935727470894053,3.332385307698675,3.27071658012155,5.122906494737324,0.0035192742398449934
2020-10-29,23.57936533698463,2.6228383269742466,2.5728653239305252,5.164081842373653,0.0035475603974006805
2020-10-30,6.5099845621178005,4.192866069483562,3.5295862635430613,5.941733746459268,0.004081782584830093
2020-10-31,2.6604660506684596,3.565960935928809,3.0880843940108376,4.880115171566752,0.0033524843032787417
2020-11-01,5.564084332662488,3.414724587652941,2.9878118403995866,5.000105337074927,0.00343491374034566
2020-11-02,0.950947973860844,4.035864586064888,3.3342646828016744,4.771695195949601,0.0032780032196075815
2020-11-03,0.6911650529549428,3.542762704985936,2.9094521536467477,4.370942189548066,0.0030026986179291794
2020-11-04,0.863585576989976,2.839678767461516,2.367808823954766,4.075082733596803,0.0027994525577066374
2020-11-05,21.020551818141175,1.6565056498550634,1.7303023229584253,3.6197148560651056,0.002486629272195477
2020-11-06,23.894829553664497,1.405337435635858,1.7879589566606868,3.183917754394252,0.002187250488826138
2020-11-07,3.4068891870957096,2.3760627715578417,2.6520959811317963,3.312816585729271,0.0022757998966924466
2020-11-08,7.508095615826178,2.638155944313132,2.6781856475399026,3.2220509093098846,0.002213446756494983
2020-11-09,6.993413710124988,2.8918604454341925,2.960094051850854,4.313905226693056,0.0029635160339212857
2020-11-10,1.8169576869172117,3.5201187803063343,3.496082281381004,3.933058019719931,0.002701886084947142
2020-11-11,1.5141297495090302,3.4876524999507708,3.363083659976186,3.8680757962844514,0.002657245358980493
2020-11-12,0.32156539203572715,3.7071326113342735,3.566281282674379,4.259099879339479,0.002925866498965819
2020-11-13,0.3508935226970434,3.980012965990841,3.5015706846864734,4.215503590462911,0.0028959172315814225
2020-11-14,0.3482720685023185,3.704047661217163,3.2653067947382497,3.83855773739258,0.002636967388969698
2020-11-15,1.2364659517490697,3.458717948154867,3.236957910824406,3.387211596448827,0.0023269069089065647
2020-11-16,1.2440172042047,3.4618978356658188,3.0652558239270444,3.313627564820876,0.002276357013600411
2020-11-17,1.5596199277048548,3.558602211214155,2.9425340872996264,3.0066410637303904,0.002065467026368019
2020-11-18,23.972819975226894,2.4491789100586243,2.029258808207957,3.0149488288400366,0.002071174197438015
2020-11-19,6.710401057276882,1.9477061674918967,1.992318883388383,2.872646564093872,0.0019734170560364995
2020-11-20,1.2376852474122677,3.119234075549332,3.012103008037249,2.7517562263222786,0.0018903692291821965
2020-11-21,3.4876648687579834,2.668810899706484,2.5284370475259434,2.620167197270558,0.0017999717408298977
2020-11-22,2.76288186322968,3.077685908856922,2.756925875313578,2.837506064300215,0.0019492766474957348
2020-11-23,1.2257050013562623,3.158915919726187,2.872585042091064,2.967578144441296,0.0020386320400709863
2020-11-24,0.7174127366126096,2.9716081941247907,2.7971559650904814,2.9582255683660597,0.002032207117013815
2020-11-25,0.6209520746080855,3.5239906444838898,3.40350577506385,3.1191645958273013,0.0021427671231571822
2020-11-26,2.206939366833015,2.970532197057945,2.9722011173834444,3.467435178794165,0.002382017964918628
2020-11-27,4.809377012974737,3.2517920738632444,3.1095077038697316,3.0135205154532123,0.002070192991453904
2020-11-28,5.479477136516072,3.1467395871366484,3.093668050924306,3.015725815416171,0.0020717079625662493
2020-11-29,0.4689576963719945,3.624878506660206,3.5137473121573315,3.0975274389718543,0.0021279030828271306
2020-11-30,0.13155677505664176,3.56422074052855,3.1869812225766285,2.949159604024719,0.0020259790871251944
2020-12-01,0.2906373214762575,3.2941679954273217,2.934189249370771,2.7505338317225774,0.001889529482872153
2020-12-02,0.8155199818004274,3.541544132496951,3.241854944302188,2.7398193379719977,0.0018821689655782827
2020-12-03,0.419900130277968,3.393626204766909,3.204743032110435,2.3070182273300466,0.0015848483329992528
2020-12-04,0.8361984459199797,2.9699814427599285,2.8503467814068175,2.2703305138923944,0.0015596450377697614
2020-12-05,0.8599807672252315,3.028980710289696,2.844345839144567,2.260894358139282,0.0015531626981254193
2020-12-06,0.5155237879904024,3.117176657782206,3.117999291054106,2.2541839350510733,0.0015485528503491513
2020-12-07,0.2491761823256674,3.061863035442848,2.899591843855042,2.279979260966606,0.001566273420907329
2020-12-08,0.3836953159466411,3.2809972882871463,3.066511665490724,2.174274194642006,0.0014936573937908034
2020-12-09,4.674091964282163,3.942488889189159,3.370570415112595,2.285607899802739,0.0015701401172215684
2020-12-10,2.838055835898267,3.567237064312652,3.1961189885327923,1.931717139077975,0.001327028391638205
2020-12-11,1.421389256135758,3.1852843351726063,3.2135718216765174,1.76711367484416,0.001213951033684785
2020-12-12,2.83807592498275,3.502610360797796,3.326899944518764,2.0229470698742897,0.0013897004598643447
2020-12-13,0.12073047444072055,3.602227383799608,3.361634647065623,1.6082534336562386,0.0011048190877625747
2020-12-14,0.07577099373774165,3.4295635722820386,3.179254618217984,1.5954721752455998,0.0010960387687144774
2020-12-15,0.08195861662845055,3.480695100184882,3.3104792123800237,1.57818947178482,0.0010841660997233716
2020-12-16,0.3480650854548714,2.9350232866498454,2.9205800206148136,1.5759571585174605,0.001082632571327889
2020-12-17,0.06041601806312715,3.430433101683702,3.1458683450943017,1.5012559132032408,0.0010313151856623996
2020-12-18,0.20847076075355214,3.126590223551615,2.963387001166347,1.56399047335745,0.0010744118382609818
2020-12-19,0.06016086959511705,3.882189799662469,3.4374964441270306,1.5678753218003825,0.0010770806058961046
2020-12-20,0.21765983979516668,3.616115385842211,3.1498455802021557,1.6280229131759116,0.0011184000930142225
2020-12-21,0.06681359634009665,3.1726370880294006,3.082401001585142,1.5172050240909059,0.0010422717188634354
2020-12-22,0.38925215969238386,2.7060618561789984,2.7442374315462237,1.530053929123888,0.0010510985089950222
2020-12-23,0.09250318303725805,2.8928355713203984,3.010958478057219,1.392850025441383,0.0009568437799008944
2020-12-24,0.19792707098282905,3.0492238371311906,3.2603336912964114,1.405410002475976,0.000965472085663706
2020-12-25,0.39451418224556956,2.482083447974041,2.500403983555643,1.4067397358042784,0.000966385570275023
2020-12-26,0.6928329405159521,3.1992890033391705,3.0807511799789937,1.3819128988941687,0.0009493303209386672
2020-12-27,2.6483413117461057,3.066559006678864,3.0814687022704064,1.2668924672861714,0.0008703149333984671
2020-12-28,0.27140892691919033,3.110901728962544,2.957080849880625,1.292259677695128,0.0008877414021854105
2020-12-29,0.02270075394562025,3.189179937692286,2.9811070287846206,1.3069951916573839,0.0008978642327995385
2020-12-30,0.00314897058549985,3.412652001149097,3.2133907532115726,1.3588072158783282,0.0009334574497247957
2020-12-31,0.41047017318865786,2.551213454768241,2.656318371304263,1.4308137378744605,0.0009829236459597153
2021-01-01,2.8706403422135542,2.5776977751461554,2.983474515275563,1.4179710644520434,0.0009741011367468915
2021-01-02,0.7370416311416169,2.707110390412154,2.885293119002802,1.4736769022965035,0.0010123692801019153
2021-01-03,0.9222008313441232,2.4831730546509627,2.581608013926169,1.4668283307956738,0.0010076645287488766
2021-01-04,0.7303555042677393,2.878811790274,3.1163893943993615,1.5648695955859067,0.001075015767342151
2021-01-05,2.3409407118887686,3.2476049234474,3.126072466029873,1.5828661118019416,0.0010873788030507097
2021-01-06,2.6144917587875147,3.224306588906213,3.2111788371607277,1.593227029579221,0.001094496424867971
2021-01-07,1.6215305105797597,2.7209332589807684,2.892821648504385,1.605201720280362,0.0011027226574876622
2021-01-08,1.5059056479337565,2.802481853257782,2.718815698828717,1.6819660558511482,0.0011554573207087477
2021-01-09,0.44878873353465093,2.7314880383592324,2.793433771488069,1.6850218776326904,0.0011575565733280152
2021-01-10,0.6421702197092496,3.434251305386808,3.4340437335420173,1.805612518926215,0.0012403985182096286
2021-01-11,0.0865701656182881,3.2399352703812188,3.2641399112422596,1.7069721918833085,0.0011726357428537637
2021-01-12,0.0567727902506915,2.947195296496869,3.032326609359669,1.7016746487043748,0.0011689964987521505
2021-01-13,0.16707958421613164,3.021142249016369,3.187450421799739,1.7521757325614444,0.0012036891412364537
2021-01-14,0.15599526089211135,3.016022204918273,3.2819230527603027,1.622550974505066,0.001114641044742289
2021-01-15,0.2447827423620797,2.868603688934705,3.298528778578549,1.5408703915600954,0.0010585290755410054
2021-01-16,0.40885090418990644,2.422049579308025,2.7946404745428843,1.4380182965434594,0.000987872949203744
2021-01-17,3.5687441160964863,2.789934432552568,3.1650049673715843,1.4772525823663682,0.0010148256588729762
2021-01-18,4.637498746655603,2.9726162022474907,3.1673992394256607,1.6053822273302283,0.0011028466601044106
2021-01-19,0.66497456761617,2.696954811352912,2.917520621345573,1.3546270615659484,0.0009305858163258166
2021-01-20,0.0783839801367928,2.915140134354296,3.158414717904791,1.3179463097287925,0.0009053873034950121
2021-01-21,0.0122479110393884,3.034321466655715,3.25673563953124,1.3279977744266298,0.0009122923408639645
2021-01-22,0.02572804331575,3.241933518014273,3.5372244612786856,1.3046733679210716,0.000896269213551567
2021-01-23,0.010206127299617,3.043703099882061,3.347931357880601,1.2619307040581411,0.000866906359470648
2021-01-24,0.15754525178942594,3.162453074877248,3.512249735393378,1.1946307768285789,0.0008206734445256358
2021-01-25,0.0401199324053311,2.593240016946764,3.261350756548832,1.035017891810634,0.0007110244561695061
2021-01-26,0.37236575089633844,2.822468354403461,3.5820930297800673,1.1210112209650867,0.0007700991451966566
2021-01-27,0.04457660129299365,2.834500987753656,3.425054347281225,1.0129338482438062,0.0006958534188460273
2021-01-28,0.0214291093733879,2.846200838621137,3.3184473110621506,1.0579697584412966,0.00072679166040652
2021-01-29,0.04557765843824245,3.496385467003897,3.7102243603173055,1.0677901920797521,0.0007335379867670396
2021-01-30,0.03309922377831015,3.0080782901335947,3.4316151281281613,1.0738029412176688,0.0007376685546728679
2021-01-31,0.0073321968265511,2.9504125599156725,3.5924390439017895,1.0867458514014887,0.0007465599233608065
2021-02-01,0.00493387917625595,2.836891443598025,3.272098037839608,1.0470352582504727,0.0007192800056678131
2021-02-02,0.6904204609482443,3.01536179018266,3.6460985351566504,1.1851151759216207,0.0008141365285809655
2021-02-03,0.28708800392131334,2.656073828657536,3.4955616936932565,1.006545974280494,0.0006914651520858288
2021-02-04,2.111463697269687,2.6992965780364715,3.2114644520473425,0.968594005764624,0.0006653933537255586
2021-02-05,0.37566668144491117,2.6906544892165307,3.5724603355127607,1.014759991046069,0.0006971079210175746
2021-02-06,0.5928883552755118,2.9608305203400898,3.830698132551062,0.9667060389512385,0.0006640963804197107
2021-02-07,0.03135050163697095,2.77900422474379,3.4948778693441978,1.0244970847908652,0.0007037969955150732
2021-02-08,0.22141528598346144,2.817077968767996,3.662328229692886,1.0899359407105365,0.0007487514135118895
2021-02-09,0.2968006359865082,2.5697994400550632,3.429571572859474,0.9884410275390321,0.0006790276280462142
2021-02-10,0.4266517162825757,2.4761757198369727,3.3210940217878315,0.9663432563105947,0.0006638471602547141
2021-02-11,0.8653520451496899,2.246864176775436,3.0075969414713173,0.9791595743777547,0.0006726515641745886
2021-02-12,2.297638119856983,2.759756959693612,3.200757065320492,0.9751986433451537,0.0006699305302140517
2021-02-13,0.556934114948105,3.031552826752487,3.8129064655420657,1.3104534722119952,0.0009002399618280701
2021-02-14,0.0276777415857547,2.9184559398485703,3.6360851614982637,1.2527034825125478,0.0008605675509985221
2021-02-15,0.0004289477172163,2.842217852324759,3.538227303474844,1.2101083091711424,0.0008313060182268165
2021-02-16,1.0215749858173673,2.871817887615329,3.5596127269971554,1.2031005088659812,0.0008264918817366683
2021-02-17,0.3855073367194908,2.6198503534161,3.5998779223825483,1.2131196408360791,0.0008333747075474059
2021-02-18,0.810143585372708,2.757854314798914,3.575915122976777,1.1866001440861762,0.0008151566546000288
2021-02-19,0.8088878737714646,2.2832725195479333,2.87893908645561,1.1784848158816401,0.0008095816815788639
2021-02-20,0.171406351119331,2.7450496893165246,3.402155289104962,1.2059909028865152,0.0008284774907322488
2021-02-21,0.969866191645634,2.8016173095469514,3.361988556834763,1.272594699292626,0.0008742321858860053
2021-02-22,0.26542777296820447,2.940740080080658,3.625729733986191,1.2739130130285403,0.0008751378255996334
2021-02-23,1.7412963423821608,2.7906690447832463,3.5075236399800898,1.420917807198174,0.0009761254555293173
2021-02-24,0.0082847401371549,2.948956419498137,3.5991395139950453,1.0874565183360763,0.0007470481289992604
2021-02-25,0.05917387214164995,2.614466711482605,3.494837108136591,1.1045139041492416,0.000758766011914562
2021-02-26,0.01423192008891265,2.6137148801678247,3.7808530118317076,1.1020471874774889,0.00075707145581661
2021-02-27,0.05389085451324355,2.483647292732272,3.927438157837766,0.981869909595882,0.0006745134784852048
2021-02-28,0.03673573551979585,2.354352961823114,3.8270572541343815,0.9590748068415661,0.0006588539660579734
2021-03-01,0.0064619996841742,2.61483885871812,4.004346714353213,0.9473900689016792,0.0006508269217866349
2021-03-02,0.01530820826519005,2.4657020853324374,3.8337168645221147,0.922744909656854,0.0006338964792426825
2021-03-03,0.0191645866090601,2.450556743500265,3.6126678470599787,0.9499622188378377,0.0006525939071924081
2021-03-04,0.06528368173083215,2.6198590787744243,3.8975643071114856,0.9413787290533401,0.0006466973220180376
2021-03-05,0.06285073109891785,2.748938299728299,3.751142622712142,0.932216336901462,0.000640403049282709
2021-03-06,0.04008510126053365,2.387313764881004,3.8640502321846686,1.0014799164593986,0.0006879849310812757
2021-03-07,0.05012321477844275,2.464531787461881,3.537168772321053,1.0359886967190208,0.0007116913683431932
2021-03-08,0.09562073604453795,2.444951826990878,3.7826711802664144,1.0284847706843603,0.0007065364092162577
2021-03-09,0.04911003554460315,2.4945197273908413,3.7100938047715624,0.9450425216612115,0.000649214231307376
2021-03-10,0.36821747469701666,2.325954334251263,3.168548010310221,0.9864763377694388,0.0006776779485034548
2021-03-11,3.7115186464017325,2.211512212592016,3.599729520853518,1.0259862083642677,0.0007048199761681858
2021-03-12,0.0804342252823746,2.593401346617661,4.030178481202908,0.9441478044373226,0.0006485995889590893
2021-03-13,0.2224935382436753,2.310858521048191,3.6711774878504166,0.9578341935154002,0.0006580017040608299
2021-03-14,0.385431520966891,2.39173500154864,3.9293621019853813,0.9372902958803105,0.0006438886981319777
2021-03-15,1.3915416921952901,2.6649635893773564,3.624843715723666,0.9429894356981328,0.0006478038263840237
2021-03-16,1.7340906378631695,2.5990701050499188,3.7380073047547593,0.9727541160858959,0.0006682512175385339
2021-03-17,6.192203713898589,3.220351555865533,3.9232582258965696,1.0484220901059194,0.0007202327151558514
2021-03-18,0.090025142934229,2.7817563700136665,3.7150794625384185,0.9347730400917309,0.0006421594232640975
2021-03-19,1.5216725401743987,2.6886105420799544,3.13277881937,0.9507608380528647,0.0006531425332572754
2021-03-20,1.6823942892626675,2.8480841565755792,3.338195813237561,0.9534538898752053,0.0006549925744232945
2021-03-21,9.576334165227541,2.96594398367773,3.593269597597835,1.0515465582917625,0.0007223791256770953
2021-03-22,3.1881540131916517,3.309931685927597,3.644616686620704,0.9998544506285221,0.0006868682876226787
2021-03-23,5.130323389330982,3.9700919460332726,4.074149688352904,1.053797216080715,0.0007239252561769402
2021-03-24,2.1893837873665394,3.575882165953133,3.8826122229724693,1.169036003474092,0.0008030906472144514
2021-03-25,1.8444028843896065,4.097204831928833,4.32480086318232,1.1845840363321998,0.0008137716525332118
2021-03-26,0.1193290266405529,4.023694376561849,4.259530542421927,1.1319399606927172,0.000777606842679898
2021-03-27,0.04144853453050175,3.616402604605996,4.059479493250352,1.1067802143040204,0.000760322895093165
2021-03-28,0.02529021822862305,3.554796121094382,4.003696905052331,1.1424819280704348,0.0007848488398289383
2021-03-29,0.5212274974890336,2.8907284779573184,3.085802578809805,1.0935824740314808,0.0007512564662186526
2021-03-30,0.04685755884254845,3.44862282119602,3.877851364556351,1.028518238964452,0.0007065594008629137
2021-03-31,0.04726156229864655,3.547460752128788,4.435328933260276,0.9689601001616063,0.0006656448489620958
2021-04-01,0.01153385828598715,3.3412769382522405,4.1622820602247055,0.9703094325941293,0.0006665717975362389
2021-04-02,0.0300966517021073,3.084910210816264,3.768544411444284,1.0201958621276206,0.000700842191999892
2021-04-03,0.329779398402002,2.836410250150524,3.639389253307214,1.035326871922894,0.0007112367157043655
2021-04-04,2.9300242188606136,2.9880479137903624,3.9391216872827215,1.0957262228126907,0.0007527291536218214
2021-04-05,1.4235613662320619,2.578656401606612,3.264317173309008,0.9071277246247728,0.0006231679685742257
2021-04-06,1.612094605931082,2.54885336674916,3.3895493952374083,0.8865004515086952,0.0006089976863349866
2021-04-07,6.623163030294121,2.4762117730431243,3.5890350950855394,0.9044393902931055,0.0006213211681746387
2021-04-08,2.8424059099950676,3.414172786216078,3.8796144152702188,0.9734934044580942,0.0006687590851966235
2021-04-09,1.7897158247733405,3.697222213725692,4.113874222607788,0.9560558755317323,0.0006567800560224352
2021-04-10,3.0952826908744666,3.5461261317351163,4.1386992490359695,0.9476278386554777,0.0006509902620643499
2021-04-11,1.9847022998678134,3.5353064821397253,3.9957990591137453,0.9899808660316526,0.0006800854482399203
2021-04-12,2.0747053132605906,3.685334198956424,4.005290064392686,1.0697432252246084,0.0007348796585784064
2021-04-13,10.024281336942174,3.615998575147593,3.8140224352888,1.0959994961398771,0.0007529168837281178
2021-04-14,25.448270294595144,3.655652502810465,3.387256568034613,1.1097661548936733,0.0007623741415505555
2021-04-15,23.27094445139459,4.244075957078672,3.890174740225779,1.2762630672335362,0.0008767522382839908
2021-04-16,6.536145688506748,3.909614404398265,3.8170774868957675,1.2839326703339584,0.0008820210122990698
2021-04-17,6.035403025343806,4.143398499522057,4.043694816533624,1.2631979715367727,0.0008677769320249437
2021-04-18,15.261543966406853,3.777058276716831,3.6049660985128695,1.287835897390154,0.0008847024054584504
2021-04-19,4.5410720232382324,4.132888875710004,3.9273365132076483,1.394967214542309,0.0009582982216463028
2021-04-20,7.678358919586228,3.953568765967062,3.6715431715652604,1.4752706740492085,0.0010134641507342898
2021-04-21,14.067521413002678,4.033714738126531,3.638784494811511,1.5742314273352527,0.0010814470487538032
2021-04-22,6.935063412645062,4.826667582804711,4.165649469673484,1.4881978622884542,0.0010223447189450779
2021-04-23,1.339622164872648,4.857383343338404,4.295553831705867,1.2187159705176485,0.0008372192084974543
2021-04-24,6.55742864158462,4.054066542165408,3.8068143206053526,1.227030802000109,0.0008429312339413964
2021-04-25,0.2116350132959176,4.704158250753662,4.166346768118846,1.1352215050596015,0.0007798611595543418
2021-04-26,0.19000295556020985,4.543680579467049,4.02576030767062,1.0617277113909953,0.0007293732548634968
2021-04-27,0.5297326087941104,4.333530669300266,4.153889863994118,1.0423461253993953,0.0007160587201598771
2021-04-28,8.278032902300207,3.795487521053332,3.6844892942601004,1.0582274560007365,0.0007269686904545093
2021-04-29,5.59400057557268,3.742054800501359,3.4289602892729807,1.0139614188864248,0.0006965593272782628
2021-04-30,7.7188690724442,4.023075598974172,3.737887820712722,1.036480003266644,0.000712028880354918
2021-05-01,11.609379770283741,3.898898753022862,3.569872205726572,1.0731755127090128,0.0007372375311923249
2021-05-02,20.097956699970975,2.7890216597510857,2.51203793877371,1.266300252532524,0.0008699081006504737
2021-05-03,10.107648389480069,3.7996976430277054,3.507490258339578,1.4516218646332217,0.0009972181689139727
2021-05-04,11.958978309396654,3.717930560953928,3.5004714901613836,1.4881914801922655,0.0010223403346474656
2021-05-05,21.4273595890344,3.350420260728428,3.2097886744780224,1.7449179042340814,0.0011987032434270864
2021-05-06,26.937611675912592,2.785871891659488,2.6706924456685384,1.8540889067023778,0.0012737002587189746
2021-05-07,13.482642465635724,2.963826012371131,2.7216973828219206,2.129557793242072,0.0014629386446379507
2021-05-08,4.468932159973459,3.996763161925109,3.697580897972106,2.1897648886360734,0.0015042990091290191
2021-05-09,3.8858044089385553,4.161820913893435,4.026852746554283,2.2060223959381156,0.0015154674008829863
2021-05-10,1.7324198018151125,4.3896753388883525,3.9280943452481467,2.032566490611541,0.001396308696738786
2021-05-11,0.11778466696281185,4.819448243372947,4.173912699819888,1.93242707279298,0.001327516093578067
2021-05-12,4.483886634335633,4.361367711755823,4.038213073677623,1.8000441747252427,0.0012365732423969228
2021-05-13,3.9514298643064905,4.0526179210195,3.722901123517656,1.7391065148974663,0.0011947110033166978
2021-05-14,2.397621684603022,4.2166234214517,3.639742439020929,1.657984222545092,0.001138982562040995
2021-05-15,2.2977273822343416,4.157249295786918,3.5053961961475726,1.667065121202706,0.0011452208513311106
2021-05-16,3.1981755037249666,4.418405645892766,4.080496172610182,1.549542432792048,0.0010644864927505204
2021-05-17,4.65298095160068,3.410873639095402,3.3458446723700095,1.505511309170849,0.001034238507691511
2021-05-18,3.3472336730070813,4.201158310892142,4.006596191889691,1.5251873272035887,0.001047755307866662
2021-05-19,1.4027548554491047,4.454017008173936,4.173624841366337,1.5527451162027575,0.0010666866346499026
2021-05-20,2.4929151493883435,4.28090948375073,4.205905335044248,1.4622396155557376,0.0010045122269540887
2021-05-21,18.202412201356065,4.192106051955173,3.943719792861478,1.5539972786460743,0.0010675468305241377
2021-05-22,29.199986313570932,4.646328771502854,4.120611644686369,1.6921574038893288,0.0011624584534947763
2021-05-23,11.45629139929903,4.224073561946789,3.78292558290632,1.9772650057665948,0.0013583183310665007
2021-05-24,8.214137071736637,4.202845410522119,3.7475652910681343,1.8801408931970864,0.001291597146952598
2021-05-25,18.629874804060115,4.014660215315187,3.5852899140762817,1.9052127918549886,0.0013088207459352073
2021-05-26,15.565787392584308,3.338615727925587,3.1626879496408153,2.157338694124545,0.0014820232422068911
2021-05-27,1.003536892540459,4.413149186999475,3.8670686441890214,2.488348928810543,0.0017094167722766231
2021-05-28,6.23746189882109,4.428657185522709,4.087583938111767,2.4482860166919926,0.0016818948226301038
2021-05-29,8.406178671753658,4.09773872178016,3.6842759105597733,2.4262606844661514,0.0016667641181352904
2021-05-30,14.297003427529777,3.950565114879332,3.490549562844393,2.24865795713094,0.0015447566788273292
2021-05-31,8.447444437303217,4.019903287444883,3.5522184456138373,2.249626980028887,0.0015454223668163777
2021-06-01,1.2847766460412453,4.973166994431007,4.279778700090537,1.997211912454616,0.0013720212231540017
2021-06-02,0.6910645839076098,4.580678710614941,3.9434554548188965,1.7924234093278115,0.0012313380183344431
2021-06-03,4.04672710054611,4.20495689691621,3.856056345897038,1.7547659064492045,0.001205468508525175
2021-06-04,4.422046384721432,4.156904542694063,3.7761489437433484,1.6890285271959078,0.0011603090144686845
2021-06-05,19.15853930449005,4.342523000105628,3.9842275893269803,1.70385276405143,0.0011704927948957904
2021-06-06,11.549754415281313,4.519376518783091,4.042045013843703,1.8583668632752144,0.0012766390791681525
2021-06-07,16.360659350355125,3.6636030303049134,3.559816710851824,1.7784701680059543,0.0012217525842070005
2021-06-08,15.519742299753434,4.148066660475568,3.699988454909011,2.0225558507535486,0.0013894317047396564
2021-06-09,9.46245197029727,3.886737994926361,3.4209863953830806,2.3428725741050664,0.0016094791317697206
2021-06-10,19.88587606311875,3.347271105264973,2.947998896208131,2.4177733178436998,0.001660933566523779
2021-06-11,6.761986096249086,3.972445696106701,3.739998458867926,2.6609878308706367,0.0018280142210958337
2021-06-12,10.4633177764831,4.093680617848402,3.750383535359927,2.710592914643598,0.0018620913399475776
2021-06-13,25.81136309493011,3.505618736390696,3.3065415457600085,2.6621354215467736,0.0018288025794835116
2021-06-14,14.016979581883842,3.227108567122428,3.033747323778937,3.014980256241667,0.0020711957870659142
2021-06-15,15.320436300075706,3.702804283278884,3.3302086865573357,3.115046404191413,0.002139938056151213
2021-06-16,11.795540118070056,3.568782196356237,3.214668957624643,3.441466061237189,0.002364178005016245
2021-06-17,11.678416123239442,3.9397096229432784,3.4808025639774933,3.609794097086459,0.0024798140255090245
2021-06-18,9.26276528065556,3.5632443222924937,3.433694209901843,3.5655332336502754,0.0024494082164855198
2021-06-19,5.026951909358358,4.337591355535526,3.816494204656031,3.2692846617543654,0.0022458948459535433
2021-06-20,5.948890772619839,3.736714410753745,3.490620826945811,3.2716061620439,0.0022474896430038404
2021-06-21,8.588488116970264,3.868386261229041,3.757014772189455,3.0962169763236753,0.0021270028365617043
2021-06-22,6.086664668432393,4.1140337869218255,3.821906346092661,2.814773261944608,0.0019336599334659626
2021-06-23,8.691141150433864,3.696810120259816,3.2853754035435054,2.8284041358496173,0.0019430239114050006
2021-06-24,10.433049808658597,4.229794527159598,3.7710736993216845,3.1812851992210462,0.0021854420069388437
2021-06-25,1.3431098720897885,4.5624834694620064,3.9145553033291325,2.760435119754674,0.0018963313536360326
2021-06-26,18.005669352793944,4.325284904562333,3.767021587419104,2.4764302996420304,0.0017012290521513194
2021-06-27,10.2043878780159,3.524000491263221,3.110128965411531,2.6004970611972507,0.001786458981374274
2021-06-28,21.77693052884917,3.605403729728831,3.387024277013179,3.2235135724500186,0.0022144515596698865
2021-06-29,16.594575010622396,3.771515160568992,3.504889306507033,4.074753888806408,0.002799226651768098
2021-06-30,5.493552047522975,3.682320455079626,3.390306361745572,4.50981362088651,0.003098098885621328
2021-07-01,8.978208450177252,3.744157908985944,3.4596218700097032,4.637227814546564,0.0031856283945044376
2021-07-02,11.223325480436129,3.483347946180488,3.2288310627192036,4.766255333550981,0.0032742662067170606
2021-07-03,0.838199682097779,4.561985062521533,4.122685899186574,4.817075382286259,0.0033091779679536673
2021-07-04,4.125892387720357,4.010604766371626,3.616682535658758,4.626775832308275,0.0031784482142914443
2021-07-05,20.03175426754601,2.6358708269625746,2.4387427920399727,4.660770163166917,0.0032018012411355774
2021-07-06,6.16092750282204,3.79349742209344,3.6941070555279083,6.214720475371899,0.004269315807204676
2021-07-07,14.808310074021673,4.023655410376769,3.812624726895074,5.764318901460556,0.003959904214726819
2021-07-08,1.2403990604166486,4.950579211090278,4.191795593114574,5.1947042019807155,0.0035685969869693394
2021-07-09,2.0210537941737585,4.544395269701453,3.7077417742989045,4.555411261644024,0.0031294230182558934
2021-07-10,0.5350658620715827,4.991790180703175,4.004288138027146,4.504694615734034,0.0030945822914798487
2021-07-11,8.551233597303737,4.559095992066133,3.611558657678229,4.104539710906344,0.002819688566608159
2021-07-12,5.761135891911524,3.4116696403401794,2.7952345984786,4.235039282856876,0.0029093376324945065
2021-07-13,6.599165484848221,4.417385182329047,3.632632095544243,3.715440265891797,0.0025523895918983168
2021-07-14,11.237504768895867,3.926217389863311,3.608768055956379,5.412356154062706,0.003718116973133639
2021-07-15,5.974085886970553,5.359279536554274,4.220421705426424,3.4037232281286376,0.002338249876046071
2021-07-16,0.7385618179576474,5.441368371407992,4.2750276313970295,2.477052247125131,0.001701656310341189
2021-07-17,2.7268315720823586,4.648455650278881,3.9881781632712165,2.102779235698362,0.001444542625143822
2021-07-18,3.378608958283106,4.896831283374573,4.146920218207443,2.0170382647921037,0.0013856412982272224
2021-07-19,5.315337405351737,4.9934815152150485,4.024460733142242,2.073741685836418,0.0014245947495926414
2021-07-20,0.7090786053426884,4.662350396822187,3.7734904042596478,1.8725123083516275,0.0012863565511773924
2021-07-21,1.1467556013864677,4.591619896208851,3.8523334700256373,1.7499023999844403,0.0012021274338765656
2021-07-22,3.1483423101982053,4.283699504935261,3.463991264695413,1.8960559129877523,0.001302530260651521
2021-07-23,2.4848934488471057,4.638507003747376,3.7708482010368805,1.7692757062436288,0.0012154362806666894
2021-07-24,1.83901629937582,4.348549428739382,3.741559521680717,1.7103942565695234,0.0011749865927296402
2021-07-25,0.909290714114965,4.685894334545011,4.192693295986959,1.5641917800274796,0.0010745501295569232
2021-07-26,0.675104626197929,4.7826195530286695,4.065587896671423,1.5492982163527278,0.0010643187238043705
2021-07-27,4.627303742536909,4.72445723698131,4.156549827319561,1.6495880046325526,0.001133214626701539
2021-07-28,4.952931718152062,4.4073177306668425,3.7019959204015724,1.5561388393945912,0.001069018014818261
2021-07-29,15.990842707447804,3.329181842390915,2.7594791864322517,1.582168889330556,0.0010868998333319556
2021-07-30,1.1190215090510853,4.3431061206586765,3.589439763740333,1.9486908991478855,0.0013386888263208817
2021-07-31,0.9633785131441585,4.483519952686737,3.9079319300042976,1.9405040044464297,0.0013330646893867498
2021-08-01,10.114302063413534,4.00036100080911,3.518483313089516,2.1011153751330762,0.0014433996057207426
2021-08-02,0.4838097702669357,4.705383177162955,3.9961074446354243,1.9650778538623894,0.001349946144340546
2021-08-03,10.594886374004084,4.133033843337212,3.7981375729155165,1.9454299754591586,0.0013364486751981498
2021-08-04,18.320020603963663,3.971194111986492,3.7507656812809187,2.0822428578034793,0.0014304347850379313
2021-08-05,20.732922150649614,3.609779256509416,3.3489640159115646,2.0814211875676865,0.0014298703236530817
2021-08-06,14.871375310820847,3.9937851230069152,3.795531745933697,2.1960096450136777,0.0015085889586481814
2021-08-07,10.797741736900274,3.721684599247334,3.3416889730216837,2.4939779595893268,0.0017132837378430296
2021-08-08,5.405451102243692,4.306650886673154,3.719742061726456,2.5762793355978606,0.0017698221721845842
2021-08-09,11.91138997717781,3.908330303062501,3.2990436112706587,2.9123109256085704,0.002000665214062022
2021-08-10,4.811178339726506,4.514893202197388,3.8380144281831696,2.7920064303028074,0.0019180198423961402
2021-08-11,1.008930998121235,4.512782191049378,3.8238727268542405,2.0849600317593837,0.0014323013973444442
2021-08-12,12.715456864042938,4.057583336815827,3.633653218707088,2.3670526524524123,0.0016260900784915992
2021-08-13,14.633808147889495,4.461140367066677,3.95015954318698,2.4709840447553724,0.0016974876478243158
2021-08-14,1.1287765504195522,4.975123632871778,4.268868287362199,1.8437584087220118,0.0012666035343371377
2021-08-15,7.721262540143117,4.454740775209144,3.866095759138785,1.8478965513609917,0.0012694463070492938
2021-08-16,12.012609841135104,4.498128694566815,4.124406174429195,1.7700308067278325,0.001215955010744094
2021-08-17,2.90064670456751,4.37571536302311,3.889094050512906,1.7170511613412485,0.0011795596751203298
2021-08-18,6.019741002481691,4.501933415658376,3.971063357371685,1.6101654088422344,0.0011061325540587506
2021-08-19,9.05981199464459,4.042712545044734,3.8296569812234096,1.6005534451784889,0.001099529439957235
2021-08-20,10.617173044594924,3.786613861191539,3.619509216623837,1.6094211665061882,0.0011056212831846597
2021-08-21,13.221603129138092,3.425185685245701,3.038125406905242,1.7070333604537298,0.0011726777637210961
2021-08-22,4.512873042050694,3.9908087079127297,3.5421959608894222,1.8235698724756815,0.0012527346504086737
2021-08-23,19.887462119281242,3.2226671784234395,2.838974114175408,1.9999692944172085,0.0013739154570855275
2021-08-24,17.334977961256982,3.4682198985133126,3.160022415571245,2.0472956081407387,0.0014064271332063277
2021-08-25,8.603258150107834,3.847481930503816,3.2567974308209164,2.853614411997103,0.0019603425713329865
2021-08-26,5.2411637283720935,3.977181110371345,3.4764635633304053,3.343063380547042,0.002296578485165496
2021-08-27,3.3659302794486203,4.269019933816805,3.815403906094124,3.3811047612653455,0.0023227117068722737
2021-08-28,13.16380279319997,4.14964104611203,3.8860498364817437,3.263232630436791,0.0022417372924365014
2021-08-29,15.529522824949979,3.611270735267148,3.477844984832641,3.0539605255009974,0.002097973995414536
2021-08-30,11.889619272114619,4.095811623677382,3.742158304930652,2.9953123568179607,0.00205768456411761
2021-08-31,10.653116612045116,3.609705078982673,3.3363415279293904,3.3857800812408785,0.0023259235033729177
2021-09-01,14.441061619170064,3.967256769282331,3.6547892573887952,3.894539677562434,0.0026754252058630384
2021-09-02,13.500366844059094,3.8845439714668752,3.6091307862278543,4.102527561908355,0.0028183062840811154
2021-09-03,14.985478349031133,3.4616168645908663,3.2702254606906145,4.535326229625289,0.003115625238448159
2021-09-04,17.861743285491883,3.7733654309492266,3.7138929939724292,4.864456251883475,0.0033417271222289276
2021-09-05,18.46655999574105,3.8926154598721503,3.6594148187902538,4.902056502765315,0.003367557301732712
2021-09-06,2.6970981337472137,4.3357257982061,4.016273587634402,4.912213637445768,0.003374534931027386
2021-09-07,14.683472871895487,3.615016922814769,3.4485297789853626,4.245310963142338,0.002916393950985911
2021-09-08,10.571453878201751,3.726723616683974,3.4641018810722364,5.591327949834777,0.003841064919024606
2021-09-09,3.8811147432753383,4.312402920200015,3.9180796228412347,4.646218078003822,0.0031918044202872723
2021-09-10,32.30781614108699,2.8496293724861195,2.4143184882941497,4.143777574118588,0.002846643733830373
2021-09-11,11.542336262886463,3.5740173426592534,3.1894619223876997,4.744003430010755,0.0032589798549171444
2021-09-12,1.7652710975777837,4.115922449996908,3.8608179676203895,4.5877392861361574,0.003151631345489099
2021-09-13,2.933396127780142,4.173016283456652,3.8287966511625204,4.40189567773282,0.003023962682325798
2021-09-14,1.276358266790736,4.350951195440509,4.002157293561864,4.028172979543363,0.0027672270448640107
2021-09-15,26.94101662975045,3.636814337575211,3.4926907076999405,3.8513623193036435,0.002645763730522659
2021-09-16,4.41065123709949,3.978782108190948,3.7914717988935824,4.386599617566186,0.0030134547742523532
2021-09-17,18.660025768502628,3.304544234038115,3.1772392815937684,4.873420726489289,0.00334788543188896
2021-09-18,3.138639712485978,4.581919122857919,3.9768227478801,5.536097070965287,0.003803123057417514
2021-09-19,2.452631596551351,4.879334247407487,4.234167332658641,4.7154418438846974,0.00323935895135277
2021-09-20,3.972217400878274,4.695490319729107,4.116746967412858,4.408359324652979,0.0030284030027034857
2021-09-21,1.2576107412713056,4.402585636734912,3.8721173311690236,3.152008746908669,0.002165330012983295
2021-09-22,5.628487982339202,4.203480509418107,3.63926501572604,3.0987979970334667,0.002128775915907542
2021-09-23,5.93473090165303,3.976423490639157,3.5906330252601975,2.8302477542855584,0.001944290418782478
2021-09-24,3.6259497145254884,3.941636360018781,3.5049319349425017,2.844523463120531,0.0019540973778612854
2021-09-25,3.2708457321056876,4.135522894772156,3.6236865631864013,2.481170036418904,0.0017044851009508889
2021-09-26,6.835364470300146,4.200614589437409,3.6466252740505163,2.3736198766607894,0.0016306015531803468
2021-09-27,21.805957920211497,3.591471469096878,3.246188094815777,2.406673032897893,0.0016533080229178497
2021-09-28,15.636985448200884,4.048860099128293,3.7260971410113997,2.6546402095678143,0.001823653606636393
2021-09-29,6.853492124342712,4.14321922951124,3.7836344729810123,2.6758392608960966,0.0018382166823679952
2021-09-30,1.3187304746996829,3.9827279725765377,3.6173627705560003,2.854376088853556,0.0019608658191694935
2021-10-01,2.366183204865556,4.203647725750559,3.75082968613807,2.8731566991934763,0.0019737675026661075
2021-10-02,1.6707784499073401,4.517501009241591,3.99147680100517,2.7782162502381844,0.0019085464261793682
2021-10-03,1.6668064292138758,4.520738494181511,3.8961187571802416,2.577648189638979,0.0017707625314845176
2021-10-04,1.8105046507322564,4.205079972871786,3.594326859222324,2.310403048255932,0.0015871735975933254
2021-10-05,0.9832807523717204,3.869132531765292,3.37511387284528,1.8565268813333755,0.001275375069946757
2021-10-06,3.2094901793205928,3.785460484477708,3.3913487249809187,1.816542572586931,0.0012479071183232157
2021-10-07,6.507479371242949,3.3610316654779084,2.7762737750738364,1.801745294556068,0.0012377418577533932
2021-10-08,3.87655083155878,4.268983894987846,3.6277879972991167,1.810487334086027,0.0012437473615729722
2021-10-09,2.7022304757790545,3.810785865765799,3.44113958795759,2.0364632293396276,0.0013989856326225955
2021-10-10,2.4253234437381708,4.258696637619574,3.821843482781592,1.9887650044904592,0.001366218465357205
2021-10-11,1.107136146454531,4.098936184557031,3.770038421540471,1.9595151048336903,0.0013461247122336872
2021-10-12,4.117453356733391,4.21372181568199,3.82043579921851,2.0624798267624165,0.0014168582096865134
2021-10-13,0.6179527457848218,4.000642382432778,3.710979929588649,1.9453155833808562,0.0013363700914693962
2021-10-14,5.79601239833308,3.9726205938535633,3.7378199524242106,1.9991643021650736,0.0013733624529463494
2021-10-15,1.6225632996146153,3.963346843085352,3.4265600349427254,1.4846980283369111,0.0010199404440511181
2021-10-16,3.5560951733995543,4.157452567721722,3.6837600630698333,1.75397964233864,0.0012049283700251133
2021-10-17,3.1156677080487016,3.875784558367055,3.317867478039075,1.6279322896431512,0.0011183378375222092
2021-10-18,5.470607207685322,4.022878626645838,3.4314449044357755,1.7986517227564371,0.0012356166720693025
2021-10-19,16.986312268771165,3.0781090775533464,2.69007029299867,1.8285504352855781,0.0012561561390528261
2021-10-20,9.411483524267755,3.3665657303843965,3.139530392013786,1.7076159567079552,0.0011730779888651293
2021-10-21,11.433472229008729,3.3455272916046264,3.261884858265318,1.8568769462430639,0.001275615553434052
2021-10-22,5.363928841822851,3.623159125440884,3.4266974979437372,1.888788311619779,0.0012975376490732997
2021-10-23,3.775766407541271,3.8940453691021455,3.561691115850729,2.316316823666962,0.0015912361736886817
2021-10-24,7.058865335828232,3.760010599898331,3.5185992475937686,2.5384607730182798,0.001743842019470298
2021-10-25,8.987689387964235,3.679266133174735,3.482408940877709,3.080359453852882,0.0021161092216974557
2021-10-26,1.8693387686796914,3.7724402418446377,3.5482370269098227,2.929918911937368,0.0020127613420639944
2021-10-27,2.292233454903544,3.531874207009787,3.454466042457462,2.895255505903095,0.0019889486818003292
2021-10-28,4.73304746600708,3.3791924229348607,3.209832325191512,3.049051079276026,0.0020946013616080835
2021-10-29,5.458954902760295,3.775877928390051,3.3487429800545643,3.027590535705204,0.0020798586490015872
2021-10-30,7.486462495100108,3.061941963832948,2.645755531038671,2.835041778512897,0.0019475837613382708
2021-10-31,10.195297043010907,3.2078632661564783,2.954417883694574,2.5347390019321345,0.001741285280805728
2021-11-01,2.1802522122789645,3.7729429012391313,3.3697742521220517,2.681258095168296,0.0018419392496027732
2021-11-02,1.831803751412141,3.5399966306128188,2.949787643254589,2.687806094666618,0.0018464375175256086
2021-11-03,1.0525861574361473,3.4919762297007884,3.0654424844914,2.577049485725687,0.001770351240889714
2021-11-04,3.848343731653636,3.797009403579334,3.3557484925456804,2.2453415025616787,0.001542478379751364
2021-11-05,4.615461810861495,3.438448305776914,2.916119013895787,2.466273739255525,0.001694251817378368
2021-11-06,2.4308627897439137,3.8989909108261713,3.1412313134004344,2.2176563777834732,0.0015234595773275987
2021-11-07,2.1652202698128793,4.4685184594569645,3.5876117038525255,1.8646018351329803,0.0012809223070325952
2021-11-08,2.040829945795681,4.389852298963591,3.588743742837187,1.8739057684000655,0.001287313814023739
2021-11-09,0.5457685444344401,4.574632090013187,3.518417589519077,1.73970759337899,0.0011951239251645443
2021-11-10,0.332837189093751,4.298828076571226,3.3283110402869336,1.6811807715355385,0.0011549178552967363
2021-11-11,0.13945750385759415,3.924359366182704,3.3359307173633606,1.4958569105959285,0.0010276062421522478
2021-11-12,0.507418024215888,3.728207896461975,3.3205746018116535,1.5048288899407163,0.001033769707329871
2021-11-13,1.2666289191121305,3.608008406538753,3.0980925968992326,1.4821055300974872,0.001018159480006543
2021-11-14,1.2120646189252477,3.3937366759184093,3.0094786493188437,1.4981354725282263,0.0010291715419133238
2021-11-15,1.5587230795549905,3.374254073001968,2.973711872213225,1.5113545566609874,0.0010382526333426836
2021-11-16,1.4210362185324446,3.123184718753932,2.6846209322092123,1.5365323768799635,0.0010555489970774338
2021-11-17,3.2048137308177886,3.038934199538842,2.9041226615514204,1.5310552162497755,0.0010517863614850965
2021-11-18,6.981794098556561,3.20946453554527,3.167640134694263,2.077759883702205,0.0014273551240508112
2021-11-19,3.3136553871551433,3.29441670408252,2.9756553990679295,2.0347441607919134,0.0013978046870670375
2021-11-20,0.62951908587886,3.5503464982578112,3.166263736373456,2.159117563224274,0.0014832452688445358
2021-11-21,1.5981578884798904,3.789050952654402,3.248919546827002,2.2154620342224627,0.001521952132915805
2021-11-22,2.5161266803087043,3.4789038441858,3.2664767193109325,2.046552471613849,0.001405916621988046
2021-11-23,2.1937262227752417,3.598059679335223,3.0695198017661807,1.9799128017769363,0.001360137282925398
2021-11-24,1.7481210526526678,4.230749913959366,3.4077998382424393,2.0529845350142213,0.0014103352454896136
2021-11-25,1.276360025013422,3.848940816965101,3.4294593674021807,1.5684255395963322,0.0010774585880664953
2021-11-26,0.3187108982999779,2.844816822188029,2.6356640879735664,1.3039721228698962,0.0008957874804481118
2021-11-27,0.2974141893760216,3.2714337492313743,2.966971058467551,1.2627631447075611,0.0008674782197879723
2021-11-28,0.2346348546687925,3.6013494517277183,3.407019885453088,1.2380601641447355,0.0008505080558329104
2021-11-29,0.0495902988963437,3.904414174704466,3.3231620192952165,1.2124273728313417,0.0008328991413900606
2021-11-30,0.0323617654980765,4.044847072487118,3.180005510553463,1.2845203507574032,0.0008824247301060637
2021-12-01,0.00456529784726095,3.888363272629001,3.278003355425134,1.2301470626628803,0.0008450720061546702
2021-12-02,0.0110989535152202,3.6706730977378106,3.2451220846290476,1.2095136829758084,0.0008308975288948863
2021-12-03,0.00677318602642995,3.513750295102034,3.0386937763888064,1.2566879775413047,0.0008633047726768604
2021-12-04,0.4675386925864244,3.021187707302552,2.886503376546891,1.2505720226461825,0.0008591033056899911
2021-12-05,0.07663117300360815,3.2432164907404326,3.2342755063025193,1.230122285061266,0.00084505498472842
2021-12-06,0.12885615035263756,3.4509954029953,3.371804997881744,1.3623356902159283,0.0009358813996553726
2021-12-07,0.0102984118802773,3.43059901608151,3.3300184199691993,1.3263357912757605,0.0009111506111650291
2021-12-08,0.30100335387791005,2.7744776168342926,2.868787593865722,1.3664327210907423,0.0009386959298898
2021-12-09,0.18880724881880254,3.1575992987786723,3.319675032961466,1.2823511292828804,0.0008809345437706995
2021-12-10,0.0391409937962871,3.5339261933931154,3.347422804826704,1.245640239490921,0.0008557153271210588
2021-12-11,0.0351499695652347,3.17052108879436,3.348210136859444,1.2478928986778692,0.0008572628325178333
2021-12-12,0.37216648178280526,2.6398905925133223,2.764614714965944,1.199426746006002,0.0008239681232004339
2021-12-13,0.0854821239729486,3.322014880668544,3.2452306834599804,1.1814542963777062,0.0008116216204741497
2021-12-14,0.3228704641324991,2.758591447031928,2.851053855483296,1.291424552593259,0.0008871676977344167
2021-12-15,1.29136294637451,2.743768489777429,2.937130249458746,1.2349012778289807,0.0008483380011483178
2021-12-16,1.010599780961948,2.987637664598779,2.9575677852515105,1.2786035007766983,0.0008783600418788799
2021-12-17,1.0047526802758622,3.223895763029468,3.262224182595147,1.2741454965560228,0.0008752975344075723
2021-12-18,0.6117974607654132,3.0826193633558003,3.4137624536269655,1.3238305131379693,0.0009094295645632547
2021-12-19,0.474902013664998,2.9098702543518966,3.084713969137545,1.4140310136720646,0.0009713944468574889
2021-12-20,6.315705988363708,2.713524750841216,2.9374310897102114,1.5160124238251542,0.0010414524403156023
2021-12-21,5.9356413234189445,2.098390370077017,2.348069991544084,1.3341307087645782,0.0009165054721893899
2021-12-22,1.1024043346861836,3.00843061281825,3.0802772255303412,1.3128525901988706,0.0009018880797740512
2021-12-23,4.62062418266477,2.659285249345094,2.5902072077848173,1.3764873316774182,0.0009456031283845824
2021-12-24,0.5895316968599854,3.6178669088726174,3.3369934966917034,1.349124713527897,0.0009268058777833371
2021-12-25,0.0566478122159915,2.9438182928856618,2.9592146149429155,1.2257869044783491,0.0008420767158060696
2021-12-26,0.00413810370500705,3.37171176605016,3.243629897885072,1.258238896078303,0.0008643702045095443
2021-12-27,0.00588922500732435,3.1341152700178623,3.0957644375183175,1.2436568414044693,0.000854352795558131
2021-12-28,0.0032081944430953,2.767970325428462,3.0489553277718713,1.1908114932762073,0.0008180497178903101
2021-12-29,0.1963087521743194,2.7193969553320527,3.212540364519812,1.1949180495858562,0.0008208707917962788
2021-12-30,0.1977103283741846,2.7813553733441267,3.3199982257548926,1.214823539898924,0.0008345452321481039
2021-12-31,0.097129801892049,3.0055192281615057,3.4272193926773555,1.133745439770676,0.0007788471495283963
2022-01-01,0.1131458498305773,2.742430794262048,3.156289821799974,1.131092612199342,0.0007770247411467214
2022-01-02,0.28235678070609815,2.7512953429775213,3.1735333647628314,1.1410253284691811,0.0007838482021128826
2022-01-03,1.198619231677464,2.3867595177239656,2.4427356978101766,1.1706687690896949,0.0008042123053935726
2022-01-04,0.5522168351495731,2.2419941217013943,2.3962907481303413,1.2347949842677792,0.0008482649808438906
2022-01-05,0.05424442488578745,3.0952960701649737,3.386949665096399,1.2056149706929598,0.0008282192372415657
2022-01-06,0.7449367716225765,2.7947006659265954,3.219321517683662,1.244215132108975,0.0008547363235605903
2022-01-07,8.763335973934506,2.882528738605936,2.981876862466434,1.265638512559903,0.0008694535062827035
2022-01-08,1.1786330865414376,3.1531791236270763,3.1036175848252032,1.4850217183253247,0.0010201628088042304
2022-01-09,0.29361442522090686,3.043279010246589,3.242869392211987,1.3059467408333623,0.0008971439803450943
2022-01-10,0.1477620324124506,3.040554891715839,3.124273425833631,1.2893335811452324,0.0008857312666848062
2022-01-11,0.0787341612189758,3.1596229501119715,3.1656772192647167,1.2794527181986266,0.0008789434273066816
2022-01-12,0.4882656140045278,2.804203904641227,2.9238084348195867,1.318375117384872,0.0009056818807509973
2022-01-13,3.677416304972666,2.8031411186167348,3.040491223896773,1.5172988644991745,0.0010423361842468687
2022-01-14,1.0641700636714693,2.639095875631066,2.915030527068584,1.204572414920455,0.0008275030345004955
2022-01-15,1.969001519674317,2.972030646357794,3.2524768446789,1.2337703786743806,0.0008475611093064044
2022-01-16,1.0346762299230945,2.693419038009787,2.983024819108616,1.1600445528403067,0.0007969138058790054
2022-01-17,0.3161749015776334,3.055962858526723,3.215677616970746,1.1646112213250635,0.000800050962252409
2022-01-18,0.0388186180592774,2.9772159133879645,3.3003506622617946,1.1309158473424459,0.000776903309297824
2022-01-19,0.02741703754019365,3.100498240779747,3.3331868004856733,1.2219332103661653,0.0008394293502078134
2022-01-20,0.0087129466504702,3.080387355353984,3.38981739359502,1.1923066506428677,0.0008190768435679714
2022-01-21,0.0026763590351352,3.086270353921384,3.346978982718464,1.1162122934040444,0.0007668024342061655
2022-01-22,0.04743760766835825,2.5769462233878944,3.1113157418094533,1.081410665738681,0.0007428948200669638
2022-01-23,0.07805663383027495,2.368765697841681,2.960958748354008,1.0701988798540394,0.0007351926788533752
2022-01-24,0.2811504664285324,2.2431031192172046,3.0348798431329866,1.1522908341159537,0.0007915872470988185
2022-01-25,0.18518244669332212,2.687902538837485,3.6627177507730186,1.083632462522951,0.000744421123972195
2022-01-26,0.21823733968350326,2.08349189741815,2.8582838776576533,1.1577433950327785,0.0007953329834684905
2022-01-27,0.0669027092377774,2.727852479313496,3.513918318449764,1.1449201920943926,0.0007865238498605034
2022-01-28,0.0422376234549696,2.6641984631532667,3.366113436441211,1.1532363023289143,0.0007922367537665436
2022-01-29,0.31304682760275493,2.0860886859418395,2.5850644471045534,1.1680711160402855,0.0008024278001580716
2022-01-30,0.1450054244765703,2.5536592995450795,3.3169363677525068,1.0609535880107452,0.0007288414566600015
2022-01-31,2.2567426696858446,2.781813817280848,3.1041600138732712,1.1219172989092379,0.0007707215919993492
2022-02-01,1.8850530655367306,2.89958002170353,3.2409194173708022,1.1522217535528012,0.0007915397909434844
2022-02-02,0.5836571993283914,3.0106258359745683,3.5992736098182267,1.2493604218082268,0.0008582709743518391
2022-02-03,0.24508611134309866,2.7816565323934146,3.4554478240496165,1.233558841688752,0.0008474157901081988
2022-02-04,0.07698826018414415,2.4601165588632044,3.015814718770213,1.2061897575833591,0.0008286140976003993
2022-02-05,2.597132381544254,2.586091625764583,2.9538000571579612,1.2346808466229298,0.0008481865719028475
2022-02-06,0.30131827982135556,3.13619217846549,3.292536943178606,1.3173771244368517,0.0009049962912566112
2022-02-07,1.2558328737756725,2.5896591535333298,2.991207699253686,1.3376590052373631,0.0009189292999324814
2022-02-08,2.882545479931309,2.836817846750109,2.9409248738128175,1.3738165750682076,0.0009437684033226774
2022-02-09,1.642734000542176,3.024237629786568,3.0662391432660594,1.3789501733614677,0.0009472950224889148
2022-02-10,1.019058220726473,3.411059483476814,3.5979293915427326,1.4241261984187388,0.0009783295185129923
2022-02-11,1.3189383847942484,3.169382794554094,3.4628118941628654,1.432925843623391,0.0009843745956035698
2022-02-12,0.729604194493482,3.1162748116469503,3.4402874423153786,1.4297098264020374,0.0009821652937992847
2022-02-13,0.2444175390392469,2.941746250318929,3.2507457637577364,1.379109750668453,0.0009474046470362913
2022-02-14,0.593768852341632,2.8621911767736,3.054261467988357,1.3743983683247039,0.0009441680768327456
2022-02-15,0.11844642139026265,2.8648127427909325,3.2203944702128813,1.3729675084534971,0.0009431851214946502
2022-02-16,0.06442639727535215,3.112093896938945,3.71668614162903,1.3761330463891555,0.0009453597456310968
2022-02-17,0.00347001525999955,2.9601724834323546,3.7633658923760476,1.3552987777205483,0.0009310472640141161
2022-02-18,0.0114719516008223,2.7380823804701384,3.598139462725081,1.3262093558532873,0.0009110637540409002
2022-02-19,0.05007523660755125,2.455910437741984,3.083991904320273,1.2693327157760526,0.0008719913066951654
2022-02-20,1.6704295298141,2.516046418819583,3.039698243924035,1.3733702630878692,0.0009434618011512436
2022-02-21,2.1160995632447137,2.8875518916094896,3.7375880055027406,1.2333716049896226,0.0008472871644359019
2022-02-22,0.0211677405888598,2.7316862439311795,3.8402181806413864,0.9556576333384623,0.0006565064762697236
2022-02-23,0.00758727506290845,2.6131146355798887,3.6910692450721663,0.978676836788886,0.0006723199387656813
2022-02-24,0.027826940880427,2.393200686824465,3.616600308083326,0.973557504199515,0.0006688031196854425
2022-02-25,0.02312214327508825,2.355121396398923,3.6264391570725736,0.9697024459270076,0.0006661548169523214
2022-02-26,0.04582438823694295,2.4757077462178865,3.64101593767611,0.9320771094248426,0.0006403074044232042
2022-02-27,0.24542464530349614,2.294240003422951,3.599326024227236,0.9394557731465375,0.0006453763123150262
2022-02-28,0.0367496271110115,2.325919266681524,3.1483574891486135,0.8866959345427864,0.0006091319769777907
2022-03-01,0.7358629099462893,1.9591355913575887,2.8979337605431175,1.0510913203378536,0.0007220663916449913
2022-03-02,0.0500415804523551,2.240863338745428,3.6157728877529176,0.8764355322929648,0.0006020834061390806
2022-03-03,0.0550079335643848,2.2707921788288123,3.776620685389458,0.9302984619424453,0.0006390855300296356
2022-03-04,0.0051021486299118,2.417515755645407,3.8937803331239285,0.9336811094297531,0.0006414093015403567
2022-03-05,0.01709530988328465,2.4259447912473115,3.8714097303755484,0.9169438279493928,0.0006299113201465177
2022-03-06,0.07322782509757104,2.2928327047242103,3.85525515326523,0.8890407082979337,0.0006107427621606223
2022-03-07,0.21929441984546375,2.1614428341235348,3.827417120226076,0.8978987005546358,0.0006168279218249227
2022-03-08,0.472269012987307,2.1124737573656573,3.5953708078031688,0.8506547619468721,0.0005843728347953388
2022-03-09,6.39031799149384,2.3663388181790896,3.1769598642054997,0.9117719917126078,0.0006263584327261614
2022-03-10,1.6893145686868134,2.672569089813564,3.461906510156204,0.9453858264582258,0.0006494500708117255
2022-03-11,0.8105892042652668,2.293561537323542,3.337051445386977,0.9394294980601019,0.000645358262164211
2022-03-12,0.3559521665600231,2.573261334597553,3.6394271846142767,0.9692574195026242,0.000665849097917045
2022-03-13,0.7473425009442447,2.709815463955366,3.473968374468874,0.9580238030047957,0.0006581319597647638
2022-03-14,0.25345660522900665,2.6201095917672683,3.5668398377036357,1.020650075220053,0.000701154221984675
2022-03-15,0.7379265249695622,2.794247104644162,3.826190673039653,1.026151546075558,0.0007049335579305733
2022-03-16,0.25877604578612873,2.579223804693432,3.6603728449998076,1.0488410017400038,0.0007205204941586732
2022-03-17,1.0321077080437908,2.728149839589056,3.9250604442967405,0.9991775206016429,0.0006864032581695313
2022-03-18,1.446951142357308,3.0765578879193622,4.011727617344998,0.9759723684112764,0.0006704620547883779
2022-03-19,0.14708742724270674,2.862129298136226,3.862436273805276,0.9547279604968435,0.0006558678205210087
2022-03-20,0.2080156872764202,2.630302161745101,3.6784679400333458,1.0018793899056249,0.0006882593566657072
2022-03-21,3.636200575544102,2.7379878296630262,3.8257049366640543,1.1028764012581502,0.0007576410993774683
2022-03-22,0.8870386648847519,2.3557976316373104,3.8496456619953783,0.9544906058757517,0.0006557047654262936
2022-03-23,0.9672436664643465,2.493437255795016,3.9488806111620214,0.9134015687234179,0.0006274779004349472
2022-03-24,3.3649040188135473,2.575272948227146,3.717983377582231,0.9914842781227551,0.0006811182446513957
2022-03-25,0.2975631240035432,2.476443229866171,3.6714742474289133,0.912542725857352,0.0006268879026323862
2022-03-26,4.658233853075622,2.6444508190910567,3.498087304583503,0.9808149967246815,0.0006737887868093542
2022-03-27,0.578322418711362,2.4414420092724405,3.384969478697338,0.9127824139926863,0.0006270525607773562
2022-03-28,0.8604318850731976,2.670407118707078,3.8934717355443778,0.9019037333446214,0.0006195792522936732
2022-03-29,1.9447292346565508,2.690146659623902,3.739708742246881,0.9119589482607385,0.0006264868659436098
2022-03-30,2.0262806022964663,3.3260368666967848,3.9225287554057995,0.9100477151673361,0.000625173909441503
2022-03-31,0.6147239606437715,2.925526317189836,4.00114203991456,0.8869298787389311,0.0006092926892187616
2022-04-01,0.3055230687362762,2.951874429644381,4.107523421310805,0.878444772147034,0.0006034636901765424
2022-04-02,0.41221402552851405,2.648525706797481,3.763350746461371,0.8791120442323417,0.0006039220849302243
2022-04-03,0.1783999107509296,2.866829625661541,4.15843085266073,0.8319290117733715,0.0005715088384926398
2022-04-04,1.0225260764926956,2.7347040589496268,4.18234433489915,0.8510811957980285,0.0005846657813226499
2022-04-05,3.0586129344881714,3.610564602657156,4.187606657459204,0.8855061707887382,0.0006083146470235109
2022-04-06,0.6857344069813534,3.2607790587492302,4.3112111565930284,0.9599684280112141,0.0006594678554517682
2022-04-07,0.2691072963520751,3.136149393538361,4.074141513423486,0.946191306697606,0.0006500034101826601
2022-04-08,3.6096844189571886,3.150035390761357,3.1680168941156928,0.9840322340624377,0.0006759989267949003
2022-04-09,1.7610463418965645,3.5249610842041044,3.61908830109222,1.0072775211391676,0.0006919677015697231
2022-04-10,1.2183988891784774,3.2335297055989765,3.6173699191069653,1.0294057602328188,0.0007071690998180452
2022-04-11,0.31175837046261756,3.39479943159105,4.17215812781129,0.9896840780116813,0.0006798815642856744
2022-04-12,0.36206172041056645,2.8112430579155228,3.712839506718963,0.9764542437946089,0.0006707930878894347
2022-04-13,0.8468859242738624,2.895674117925492,3.826399849040228,0.977015111429308,0.0006711783861611849
2022-04-14,4.24827678739309,3.7725084648175264,4.043413347360524,1.002268256790098,0.000688526495878703
2022-04-15,0.37091377849441065,3.515473313751035,4.08088890698019,0.9788702652861192,0.0006724528180068435
2022-04-16,0.3126924994424529,3.389934143355024,4.068421298838349,0.9628563338315002,0.0006614517551327154
2022-04-17,0.28239604764283294,3.450502425042424,4.227114034839431,0.9334400569150165,0.0006412437061100217
2022-04-18,0.4832774579115641,3.45646543747795,4.264530319613133,0.9310421722716183,0.0006395964354318823
2022-04-19,0.5861115760349807,3.4470989642022607,4.097014791197612,0.9233748942571919,0.00063432925867712
2022-04-20,0.750653095533427,3.153124559785704,3.9884874269925144,0.9510900710802552,0.0006533687059023141
2022-04-21,2.5074676326602043,3.077846535642857,3.8992948621763905,0.9779585874642637,0.0006718265242658216
2022-04-22,6.375614334770301,3.37489340358492,3.841198982323048,1.0274532213276613,0.000705827767533672
2022-04-23,6.2217864157070375,3.103126709446899,3.8905745248918953,1.0171986211967705,0.0006987831825665975
2022-04-24,6.777063888559384,3.8491514260604287,3.756487762717115,1.040789455759634,0.0007149893375020464
2022-04-25,17.787129414959033,3.900194955960964,3.6721937453716436,1.0518570289903577,0.0007225924091974787
2022-04-26,7.657398382390712,4.326963992102478,3.814920684835758,1.0980533330709004,0.0007543278045426238
2022-04-27,3.892610185484303,3.7832257887396463,3.406196720180905,1.0495639232671212,0.0007210171183134235
2022-04-28,9.666219616817205,3.8431944400647184,3.609778190509231,1.1415883495201955,0.0007842349797133251
2022-04-29,26.939704434469935,3.3524368888032376,2.9046720760490605,1.2048791042871252,0.0008277137203658076
2022-04-30,17.63684712202727,3.5848177819293934,3.4931714040076813,1.367675983252483,0.00093955001155295
2022-05-01,2.860266397078655,4.172944782483895,3.8506919455967448,1.2891325680032217,0.0008855931770333018
2022-05-02,1.2471037781054528,4.398317636976317,4.042863434479228,1.301083652299254,0.0008938031928015865
2022-05-03,2.6885151262450995,4.024296838432346,3.795053474782102,1.2779918217560196,0.0008779398377969315
2022-05-04,8.670026539710346,4.526037807491692,4.222470507327336,1.3420942391542559,0.0009219761649274685
2022-05-05,2.6688428651022735,3.5298412472431395,3.408971338567894,1.2373294723531367,0.0008500060937529697
2022-05-06,9.048512708576808,3.848864253623152,3.5076602886166905,1.2563426441828418,0.000863067539615151
2022-05-07,8.552188960860835,4.145834727554645,3.943130394844684,1.2589819030103533,0.0008648806267002824
2022-05-08,12.936823965896085,4.234660074983821,4.073949876994265,1.2869527845115896,0.0008840957349272587
2022-05-09,5.697425974935504,4.093287208342788,3.8579180839328027,1.3924487305825624,0.0009565681030637941
2022-05-10,5.099599503105102,4.765528286160265,4.036599336234473,1.330739331668612,0.0009141757037144636
2022-05-11,2.996068961484654,5.540036074785232,4.281105590721699,1.2105175923344407,0.0008315871827756673
2022-05-12,0.4327530760196634,5.279572110297238,4.097886997351852,1.1642439871456283,0.0007997986840214859
2022-05-13,0.4120293448249029,4.8368998146639886,4.104620149271662,1.1194353567437434,0.0007690165764702189
2022-05-14,1.631596934893038,4.174964336317358,3.685651979105361,1.0689599713448126,0.0007343415880113843
2022-05-15,0.6174351233844695,4.179673133606465,3.6610165896049325,1.1225500266441932,0.000771156255880244
2022-05-16,4.177631760824064,4.355741233451493,3.890793142987058,1.1694243848509005,0.0008033574528990841
2022-05-17,4.122125191509957,4.711490702746663,4.182659500713719,1.1737943407206013,0.0008063594739465687
2022-05-18,9.602479116545346,3.974389318395949,3.746342609633411,1.0799795883526908,0.0007419117153031127
2022-05-19,19.56321766580588,3.7650420693089584,3.585520591236891,1.1197056981932407,0.0007692022924695556
2022-05-20,8.388889434178008,3.667315425060524,3.4033757974534167,1.136070271544948,0.0007804442352030175
2022-05-21,15.752636538478063,3.761765213226372,3.648945390514425,1.2212157504514853,0.0008389364780075402
2022-05-22,25.60822650977533,3.210158711922312,2.924285771754915,1.2614276539440346,0.0008665607800013086
2022-05-23,19.695079770466396,2.754509202995391,2.431353336439024,1.4389929939690733,0.0009885425354132778
2022-05-24,17.785067656625877,3.181310079026948,2.8763792023718704,1.5676598334499467,0.0010769325722356318
2022-05-25,7.907726646056021,3.410187972418798,3.2060520863824236,1.8297665976172002,0.0012569916039924156
2022-05-26,19.884276132319954,3.164600131244081,2.9136217042418027,1.9264343761474192,0.0013233993010983304
2022-05-27,13.5672519284861,2.731067946381982,2.535848503136699,1.9584056777149608,0.0013453625709992257
2022-05-28,14.827302983938278,3.2345435995845,3.1385101140158604,2.167623972097064,0.0014890889018779228
2022-05-29,5.909768381699344,3.814807428465597,3.5609102860359894,2.234175472048734,0.0015348076710265614
2022-05-30,10.948067204858784,3.315578005556177,3.04994612865951,2.1340754676795384,0.0014660421436551811
2022-05-31,10.912092175411932,2.5971202007263234,2.457242228205423,2.1598072355684055,0.0014837190518653912
2022-06-01,7.478336182343998,4.208167666636446,3.8760970967933313,2.2004483077948596,0.0015116381791641558
2022-06-02,5.715394837349528,3.055320214000922,2.552288690806641,2.197829572193209,0.0015098391908841
2022-06-03,6.850764593730014,3.458756707468124,3.373551059475176,2.214064497066004,0.0015209920692255921
2022-06-04,11.640619888243354,3.3419931013501327,3.2333173120267444,2.103711313134607,0.0014451829327727602
2022-06-05,8.416710108579993,3.244264318893694,3.2632997894695905,2.124313515758919,0.001459335992379507
2022-06-06,16.352045862450183,2.39838079723496,2.410876076717763,2.282679291213397,0.0015681282560295578
2022-06-07,27.932149176173148,3.5672862287195435,3.266459799739626,2.2500057027079285,0.0015456825372820629
2022-06-08,14.669934794209277,3.3904827290931863,3.2386567194321194,2.690699744639737,0.0018484253632573213
2022-06-09,12.55390259299011,3.424048057947417,3.2677171954338364,2.8841643887310537,0.0019813294361641334
2022-06-10,10.244640405427425,3.68539541145055,3.4426137511733494,3.31140186556922,0.00227482802882389
2022-06-11,6.894004916488844,4.002130795653597,3.529297532163292,3.2926805741805185,0.0022619670955648947
2022-06-12,9.269482562256506,3.953061092127351,3.469460995935363,3.6650575922591813,0.002517778293481699
2022-06-13,16.762899906551013,3.716380245932482,3.4354424947864137,4.5264282434335605,0.0031095126042192866
2022-06-14,30.995789261282575,2.4041431312214447,2.284752108631714,4.549328462410675,0.003125244328156813
2022-06-15,10.095596620669552,4.330434716637302,3.7942126710933732,6.419006817316993,0.004409654043223251
2022-06-16,6.003253295280364,3.4346167376747365,2.9041654581584315,5.331339974144849,0.003662461427734078
2022-06-17,38.63116632052828,2.5139522561436043,2.2746976176999505,5.264514552974147,0.003616554483397999
2022-06-18,22.81670559967066,2.6300300430270043,2.6617438716311295,5.288458357757206,0.0036330031176768913
2022-06-19,27.628292354543014,3.608587766657257,3.462790095979333,5.728483532901438,0.003935286453388601
2022-06-20,24.419747562316218,3.446446939357149,3.304934384459542,5.724183292364428,0.003932332324562984
2022-06-21,23.422757092286837,2.6436508153956613,2.525077548147305,5.62883109125922,0.003866828387411915
2022-06-22,7.343574298477202,4.113854417868125,3.5489587150856794,6.417118129916013,0.004408356574896586
2022-06-23,0.667662901951526,3.997620520234671,3.470632293325168,5.981102653850931,0.004108827775246246
2022-06-24,4.403338323103436,4.384258881811928,3.902862487245796,5.641890042314619,0.0038757994724972814
2022-06-25,5.41158873394695,4.386589871991049,3.7763132552912575,5.506090650341965,0.003782509598390282
2022-06-26,17.265808204694515,3.4192314428975408,3.04635967229138,5.821203217262135,0.003998981935051669
2022-06-27,2.5519615697578018,4.105964419951161,3.5807020989762726,4.960975360237336,0.003408032687640183
2022-06-28,0.7659522429724709,4.786881611811871,4.242146343170081,5.029279802993672,0.003454955672884259
2022-06-29,1.5555749869057387,4.988105758372854,4.216051048636937,4.326971690863266,0.0029724922802781754
2022-06-30,3.0131250301884918,4.396602350061897,3.6903740330778243,3.746662274689785,0.0025738381214375243
2022-07-01,0.5728055323798018,4.758197455595074,4.0399961349906945,4.1773673236502065,0.0028697188261380124
2022-07-02,2.642506506696574,4.141606535845616,3.533366644615816,3.7202084909671402,0.0025556652112551557
2022-07-03,16.85834054307678,2.9825909385908123,2.6230501218886975,3.018990120430353,0.002073950436552298
2022-07-04,6.176641230719748,3.639541782029804,3.38767332561417,3.4622010092392417,0.002378422256486209
2022-07-05,4.240794811198427,4.461518648570949,3.963769879261642,3.384297417304797,0.002324904960285716
2022-07-06,11.1530945360248,4.0200407661523165,3.6298845365512777,3.007741247794899,0.0020662228179174624
2022-07-07,6.152664625601692,4.524491826395024,3.9100993464084004,3.1449813313330357,0.0021605024014246187
2022-07-08,0.3537004574276881,4.630375962614962,3.8187589464493397,2.4771434038971063,0.001701718932151626
2022-07-09,0.4580017320304102,4.7086909338256815,3.996917696239432,2.176518999734114,0.0014951995036735903
2022-07-10,1.6331601373333602,4.682145503191453,3.9479397602309603,2.1100846709287118,0.0014495612273852326
2022-07-11,10.012238559258464,4.048406780660664,3.634406916749477,2.2024379261919034,0.0015130049838831235
2022-07-12,10.19642293647057,3.482456095388885,3.17651252340286,2.2677323339316935,0.0015578601705629191
2022-07-13,1.684752410936896,4.252356662387811,3.694698953482535,2.113617402692567,0.0014519881020325816
2022-07-14,21.859906370095445,3.839323769992866,3.670897343325113,2.3387502204120634,0.001606647205562553
2022-07-15,5.688141959105767,4.606996412112619,3.810869403179758,2.5370351393889408,0.0017428626543945652
2022-07-16,5.4202101528274556,3.9141880233307234,3.2666149365317314,2.5639862266601714,0.0017613771963380682
2022-07-17,0.5293345833254884,4.8422238391729815,4.035611271624523,2.5017739885587336,0.001718639362419294
2022-07-18,0.3803885233545385,4.5760195705509314,3.8549121118070366,2.0531767797116602,0.0014104673114978727
2022-07-19,4.959663220910865,3.727622952401689,3.3809103242099825,2.2368995777570864,0.0015366790452270992
2022-07-20,5.783032340930214,4.998239627871566,4.219094393546501,2.411962749995462,0.0016569418907498442
2022-07-21,1.6009368778560886,4.250285529577866,3.709512011101706,2.200152949649475,0.0015114352774883888
2022-07-22,6.251274723112155,4.211181518342186,3.7217375036399467,2.3908279489277695,0.0016424229529089552
2022-07-23,18.425616521119167,3.382875445086388,3.019806270861339,2.0311584333510098,0.0013953414060708217
2022-07-24,3.594728526569191,4.334343312943984,3.7541744781539608,2.1227949084196425,0.001458292757314599
2022-07-25,0.43828532125212216,4.967167213923373,4.03887743816108,1.9839701406100423,0.001362924545986385
2022-07-26,2.4737376207620603,4.545026275091271,3.787762098483391,1.9791592370806683,0.0013596196078855826
2022-07-27,11.090471294563576,4.041989828343304,3.63634465377351,1.9199196169714612,0.0013189238682224237
2022-07-28,20.46902238985863,3.5483465964488983,3.3000637536973696,2.2724906016432267,0.001561128949526714
2022-07-29,5.037318889947477,4.201909750827794,3.6535507689154594,2.59024931853373,0.0017794191072697328
2022-07-30,0.9241967013522404,4.59505329595473,4.053430286208606,2.0035773479385175,0.0013763940753906965
2022-07-31,8.044369592736476,4.159122483411846,3.642145537057748,2.460065002103555,0.001689986611924522
2022-08-01,4.4758041906767625,4.766861537525728,3.8688013910037897,2.4685119055521154,0.0016957893666192476
2022-08-02,3.9977798039332715,4.647870039276613,3.9109560329245348,2.4274729268855695,0.0016675968902195534
2022-08-03,3.841646475203456,5.252381085416567,4.094030020248612,2.5479217332617994,0.0017503413990126377
2022-08-04,0.909597173248301,4.76476954500707,3.7803576854840415,2.0134194131758134,0.0013831552619733665
2022-08-05,3.691590307965662,4.077511737330803,3.5096460683231956,1.90771658640611,0.0013105407733600056
2022-08-06,6.4043331585682886,3.7941795807350975,3.264956260627572,1.7605697698406888,0.001209455578550016
2022-08-07,8.046842076679459,4.3573324420005335,3.6255070773633946,1.660375090301748,0.0011406250123405504
2022-08-08,4.407347580402076,3.900368421579716,3.2788120015609725,1.791876120636769,0.001230962048366199
2022-08-09,8.940783502809353,3.524282455961915,3.206367030294024,1.6998403752892122,0.0011677364111074813
2022-08-10,11.548942865589915,3.84432732848064,3.5159266698707135,1.8867135382454494,0.0012961123455864421
2022-08-11,14.76276558489649,4.192411212656347,3.9373277864756044,2.375692562512704,0.001632025422605531
2022-08-12,8.056970629245184,3.813880532468776,3.5151135811481895,2.359897170572685,0.0016211744894448596
2022-08-13,10.023243248482709,4.007358203033436,3.774599545574578,2.5205381373654525,0.0017315297373648336
2022-08-14,8.971288649601275,3.8242459546384846,3.6279147545791552,2.50470003771339,0.0017206494653608721
2022-08-15,16.160558482745003,3.057934718420585,2.8883759441900794,2.7757810893821424,0.0019068735479257143
2022-08-16,10.121056574720889,3.5734818737129608,3.351234682308695,2.981566768304487,0.0020482417808818294
2022-08-17,12.63543990192927,3.4029063845363225,2.9915815197787454,3.0908034667692403,0.002123283927239106
2022-08-18,17.433814962426815,3.391448630412999,3.258825799289011,3.2007664869283636,0.0021988250335581664
2022-08-19,3.383956256687833,4.417793536127432,3.9416492598030386,3.5351974101249137,0.002428568468114754
2022-08-20,1.2625938635883776,4.29870064911875,3.7734020266896726,3.207376916972346,0.0022033661892852884
2022-08-21,4.714251861549556,4.05353387277797,3.6842754172347028,3.1634416474142664,0.0021731840529267124
2022-08-22,6.634981944113035,4.317670225087508,3.8713117327736435,3.0725978590805583,0.002110777252322177
2022-08-23,10.23468862830127,4.214404282634551,3.8883142384108114,2.999103128255485,0.0020602887038345704
2022-08-24,5.423429063908822,4.216124183030265,3.808695638735433,2.7444919467075803,0.0018853788995430941
2022-08-25,12.108378261107367,3.71664817290026,3.399988996939506,3.1132284403821275,0.0021386891726883663
2022-08-26,8.944213146324001,4.047069637868457,3.9385646648119677,3.2465853182549216,0.0022303011170964875
2022-08-27,17.440370386665364,3.756126868945913,3.5842048337782577,3.235127268417117,0.0022224298003596958
2022-08-28,16.91999379064893,3.789355590185519,3.7342357825179797,2.8008810841974867,0.0019241164480771477
2022-08-29,11.887055245706259,3.8457006570686607,3.5927164636213478,2.779963244786413,0.0019097465560113387
2022-08-30,10.929681342778816,3.872912143889055,3.5688992202311023,2.942088261385385,0.0020211212990673233
2022-08-31,10.465008583141095,3.706031256893691,3.3985280352334737,3.924666094366705,0.0026961210984597543
2022-09-01,15.325148868957829,3.308023565718792,3.073609116970366,4.072077310881074,0.002797387927646695
2022-09-02,16.19473100497157,3.069134889167333,2.7970193155678533,4.734982601465209,0.0032527828318883205
2022-09-03,21.946580313561725,2.626092906395935,2.5438590535446153,5.644817862945986,0.003877810792387161
2022-09-04,24.87183388323006,3.2035946569646714,3.0799339607667804,6.524007914756167,0.004481786466048603
2022-09-05,7.556815595320767,3.948130996300365,3.742280940639415,8.914418521591486,0.006123922718180046
2022-09-06,12.265590691567901,4.1183641972739125,3.83992003675407,6.9410893229986375,0.004768308161780093
2022-09-07,8.958956200723044,3.781983769446049,3.7321244534383133,7.578482864486037,0.0052061773037417
2022-09-08,4.455941530057874,4.151527348132629,3.9727873225746952,6.158618782949655,0.004230775724313033
2022-09-09,3.106806542093663,3.213517658578593,3.0475403020583554,6.027111944082663,0.004140434698010194
2022-09-10,14.557532325453478,3.1847972263091635,3.085003692107576,6.341305425711379,0.0043562756522339445
2022-09-11,23.66354164904947,3.400120109409145,3.2091459703479184,6.775041271073196,0.004654238417911459
2022-09-12,6.813769872826864,3.794677012422688,3.659971702468015,6.876393718995742,0.0047238643342707495
2022-09-13,9.511235302027082,3.973982665099933,3.787421477347627,5.289730875868967,0.003633877297249573
2022-09-14,21.665806857506375,3.3051652081412994,3.1209571222849912,6.269565925298585,0.004306992891355632
2022-09-15,14.029524778471776,3.70429571650884,3.563236976725862,6.2761310795246965,0.004311502944032232
2022-09-16,11.9600388457621,3.710304040263693,3.506350307466562,6.902840540220192,0.004742032461437741
2022-09-17,24.641684922108617,2.8983927164130927,2.762452914588261,6.951023522357239,0.0047751326415811845
2022-09-18,17.68624168332568,3.861772410865509,3.5673299868385593,6.6410956831679275,0.004562222048387604
2022-09-19,9.232456347484053,4.072171540077822,3.6062961908541196,6.705915717845217,0.0046067513558227455
2022-09-20,11.104643651635016,3.400948283615591,3.0149395290231533,6.540499026629079,0.0044931153367317525
2022-09-21,41.89733667111748,2.578048263940046,2.4311873400309967,7.128385699410583,0.0048969748304768575
2022-09-22,20.937011804338592,2.1609638244118123,2.1277579506711897,7.191036109731775,0.004940013674809775
2022-09-23,13.179846816018355,3.114062217647277,3.14582055133361,6.778564220529434,0.004656658572423814
2022-09-24,9.566498997824006,3.573895848993576,3.442562388910096,7.633688931116399,0.005244102120127669
2022-09-25,15.357121066552313,3.361981978726224,3.33574050847081,6.6113928659592025,0.00454181715527451
2022-09-26,15.720786227679596,3.1801253768070694,2.9857850772772765,7.588634168073759,0.005213150927260657
2022-09-27,17.26038547653754,3.022333732478665,2.916269809302166,7.622178336728716,0.005236194706952063
2022-09-28,15.882502617268559,3.350936686284648,3.2088698110004454,7.657515148629827,0.005260469975682731
2022-09-29,4.435873876498561,3.966048470096053,3.6132079672614377,6.780163450452445,0.00465775719264603
2022-09-30,6.58475324716043,3.750779787413968,3.4497861750273278,7.430778122054714,0.005104708831561797
2022-10-01,7.332523720700269,3.30780208267361,2.9227059780834828,7.313753368192115,0.005024316538218962
2022-10-02,3.663468198598352,3.664335930052231,3.3570020896698987,8.307247877945478,0.005706815748226837
2022-10-03,8.344683185107488,3.669749280057631,3.389174310875459,7.947622809135512,0.005459764734907437
2022-10-04,2.710985188724089,4.087574971683234,3.711517747332865,7.622947754166861,0.005236723272322627
2022-10-05,6.528353713130274,4.607863509372567,3.9272256884820878,6.559166011481661,0.004505938963123284
2022-10-06,3.862027299081852,3.865108084840952,3.350364776727664,7.327613791699336,0.0050338382094523544
2022-10-07,3.921538442223729,3.7157767369231376,3.264749756121395,6.380874147710776,0.004383458108946578
2022-10-08,2.209461931503453,3.4780835710453126,2.929746906138221,6.601913897687146,0.004535305404787861
2022-10-09,7.532396923062163,3.734241748519408,2.9592019348086627,5.986260515670101,0.0041123710626850335
2022-10-10,38.46443461675835,1.6640140507274388,1.5766332812441397,7.305707130507512,0.005018789028193122
2022-10-11,6.676953778497134,3.240305668391658,3.0774781863839955,7.530810781981974,0.005173428095438042
2022-10-12,2.3758603844568693,3.739938634331139,3.6149833954062625,8.381534084607983,0.005757848015505524
2022-10-13,4.254366154554369,3.6391325184746326,3.519896563201028,7.6869890505929686,0.005280717611284348
2022-10-14,12.944514886806179,3.090316898590449,3.1223821918400096,6.605031488235918,0.004537447090590629
2022-10-15,11.255969056522922,3.5029115190483484,3.433643363368414,7.194522936925397,0.004942409014473677
2022-10-16,4.575808635502241,3.5227428799044618,3.256455273127798,7.282655397923617,0.0050029532192144436
2022-10-17,11.181462215191205,3.229767775824405,3.118764765211769,7.749655589067065,0.005323767535146652
2022-10-18,7.616765733842261,3.676394989480796,3.553510559604237,7.110693548424167,0.004884820884025189
2022-10-19,10.506121973330787,3.5970209958750643,3.476771789774178,7.507229983810571,0.005157228835185127
2022-10-20,19.358529518024895,2.6852003415314862,2.5819523715777057,7.568379358235813,0.005199236515477253
2022-10-21,5.392066852844743,3.698641143573087,3.401498490603819,7.1068547879565145,0.004882183777366962
2022-10-22,1.438982823087257,3.657306798479774,3.3381891042580825,5.451791500417131,0.0037452078050094623
2022-10-23,1.8144870665711028,3.763611476363592,3.5670833722711124,5.349379878472274,0.0036748542696986917
2022-10-24,0.99958499852012,3.94308883025859,3.7648141297171844,4.733096324403518,0.00325148701938828
2022-10-25,1.7293344838810092,3.572920675982129,3.3703396799554075,4.12352387677435,0.0028327300862948544
2022-10-26,0.935756232378618,3.31757118283271,3.2269907145497108,4.037751789069244,0.0027738073831246137
2022-10-27,0.6804108023008865,3.4729808107286844,3.313282780632613,4.035900710312818,0.002772535750743639
2022-10-28,0.5638716023025144,4.309215898406702,3.7129302979770844,3.546286559362914,0.002436186361842695
2022-10-29,1.500553452787001,4.391004147701361,3.6534108071581066,3.39073725909916,0.002329328927297189
2022-10-30,0.20608094167042815,3.833120902856464,3.263509668312335,3.048399714094112,0.002094153894392393
2022-10-31,0.689211393197617,3.8200436067315353,3.3789142240642884,2.8684172122617193,0.0019705116255022068
2022-11-01,0.11743579574576005,4.303204203998961,3.700552553289136,2.7451341081966523,0.0018858200441137852
2022-11-02,2.0761394556508477,3.2120793131315897,2.9570769861676873,2.7859695911830054,0.0019138727254370013
2022-11-03,10.331339494477163,2.8823209729997714,2.6994812186283674,2.8052628638616968,0.0019271265916963552
2022-11-04,5.113122490379732,2.998440802787426,2.8881698294433322,2.732428139738824,0.001877091446874727
2022-11-05,14.80946627433001,3.1486522729027744,3.05476423179616,2.684066460783943,0.0018438685076865124
2022-11-06,11.48651131669008,2.8224736859456447,2.7417383529836776,3.055253911210009,0.002098862510364513
2022-11-07,11.276289216580128,3.0734716350688736,3.053854700420306,3.7252678548495086,0.0025591408337361657
2022-11-08,4.832152281932583,3.2684587894285526,2.9122993884531354,4.195590196098167,0.002882237361396849
2022-11-09,0.7401715551513756,3.376016431643051,3.0022841824122297,4.420219287098985,0.0030365504206516045
2022-11-10,2.079196242331231,3.649490391819596,3.3156919904109086,4.278318418989821,0.00293906902600557
2022-11-11,1.8970690629062688,3.921316458969849,3.626960975156218,3.786303619557848,0.002601070467757001
2022-11-12,0.320711490241401,3.8129894915923455,3.4330896427714808,3.672510498689461,0.0025228982037589997
2022-11-13,0.17494902674162235,3.5220295043844305,3.023353850517714,3.31256525709255,0.002275627241892314
2022-11-14,0.3904012231024836,3.628609213166541,3.153252457976435,3.2493017632888233,0.002232167228656709
2022-11-15,0.325345276099331,3.912865657097377,3.580618513087326,3.034194405887568,0.0020843952983118853
2022-11-16,0.5204392741628971,3.572487186857757,3.048322532998938,2.7399796099201956,0.0018822790673221348
2022-11-17,3.8949273091324113,3.69030341432521,3.2456816708960834,2.826843301494371,0.0019419516677197555
2022-11-18,0.4140165437940132,3.746969094196428,3.314535043154674,1.98840093909789,0.0013659683639823306
2022-11-19,2.4627666760183096,3.374861192284072,3.105047712915291,1.9941698746469385,0.0013699314396874891
2022-11-20,1.9624448712039773,2.988842489296894,2.689434279345192,2.0795395246083936,0.0014285776808950084
2022-11-21,5.173492487292258,2.688405145515606,2.1944230037557984,2.0816831267143168,0.0014300502675369084
2022-11-22,11.07509435440604,2.95120324958659,2.7824777200831114,2.6465309524890643,0.0018180828042860392
2022-11-23,0.19662166025172445,3.692068265012976,3.2946515462424886,2.8591785315272733,0.001964164944930877
2022-11-24,1.3842284935007374,3.1457043318381435,3.0191045877616114,2.872332897825988,0.0019732015772613927
2022-11-25,0.5503445368299722,3.352254049255038,3.217542182028694,2.8647928767490094,0.001968021821985485
2022-11-26,4.973448360698328,3.2024800403628304,3.101547196415387,2.969950689177891,0.00204026190303705
2022-11-27,12.792457662960047,2.6776567756439564,2.666646198085693,2.8789516659418597,0.0019777484609793806
2022-11-28,17.054403517200512,2.7976587397169395,2.7653683783304315,3.333392888708571,0.0022899351640647257
2022-11-29,9.919893746508869,3.192808528592104,3.1384501605229116,3.6234777509757574,0.002489214261622847
2022-11-30,0.2597266593580188,4.061239997586347,3.3741194890706008,3.591376515507125,0.002467161731254
2022-12-01,1.13513718871495,3.6025720202774574,2.998828522095217,3.685388099097644,0.002531744706703001
2022-12-02,0.0724484974680644,3.6139684101474017,3.0159435167565136,3.5623889534259603,0.002447248195722374
2022-12-03,1.5053774045248864,3.127733688788747,2.809451926686582,3.594695482994924,0.0024694417566252795
2022-12-04,0.28853793828197044,3.546784742133082,3.0973812976898087,3.688274805210971,0.0025337277822233277
2022-12-05,0.8867689627507139,3.6107751127096015,3.1309178606625294,3.7726484455031946,0.00259168979638607
2022-12-06,0.06950854306585015,4.0795611965232,3.268376638450802,2.6254348836631243,0.00180359047426647
2022-12-07,0.24332763630366444,3.4134877401549453,2.8944276709203516,2.5444150531121643,0.0017479324209977818
2022-12-08,0.198271388766247,3.2870144204685454,2.6792666514505443,2.481507255310889,0.0017047167596315562
2022-12-09,1.6139334861839458,2.956008604099881,2.6854921578773023,2.4414470656950136,0.0016771966802580042
2022-12-10,0.16178617804917445,3.3610220631108483,3.0930997051095974,2.2685881019399536,0.001558448056035716
2022-12-11,0.7425308982300082,3.1577596867434674,3.0609185683718723,2.27952364164394,0.0015659604248869875
2022-12-12,0.34756289372970434,3.131230700422417,3.134157256289146,1.8017759248982268,0.001237762899826722
2022-12-13,6.555598913657737,3.101469948887825,3.122528813887818,1.998536034378387,0.0013729308529084252
2022-12-14,0.4512527012477318,3.1604251127824265,3.1607956433741426,1.7072459772640098,0.0011728238247245802
2022-12-15,0.12852417802919244,3.1960851698155364,3.1175894589562065,1.6611681049092843,0.0011411697882178751
2022-12-16,0.05473000588744275,3.561695394670114,3.3095194444505776,1.61441540057574,0.0011090521635504806
2022-12-17,0.0066957066249982,3.649342941730499,3.3480205668302125,1.7051216748556859,0.001171364496362656
2022-12-18,0.4612750163160163,2.782733620529416,2.634660271857979,1.7084177266876066,0.0011736287794053368
2022-12-19,0.10329353052548185,3.387033062352836,3.227447423062155,1.518625518805386,0.00104324755366769
2022-12-20,0.0181035152645918,3.5464981791290167,3.1788259490015305,1.5067315321463912,0.0010350767621646513
2022-12-21,0.421515046220037,3.1465809739563824,3.0407790066921434,1.483749000549905,0.0010192884920689495
2022-12-22,0.03722614859859935,3.535989148775515,3.165320087923963,1.3014909915195365,0.0008940830219232563
2022-12-23,0.0134110833852209,3.5335445556131484,3.276346319982947,1.3609847012223624,0.0009349533130763465
2022-12-24,0.23522941619069915,3.148261719666051,2.8304540320116143,1.4524413701927985,0.000997781143234935
2022-12-25,0.31787593275000026,3.0854017925840096,3.078023389213282,1.4516752353377573,0.0009972548328948257
2022-12-26,0.08914227770961825,2.7837646409460244,2.737633994521255,1.4620891381975825,0.0010044088537828665
2022-12-27,0.14048616171492584,3.199340178156799,2.932015740162366,1.4521996778811044,0.0009976151082843874
2022-12-28,0.15249879039969655,2.901210508742218,2.799698360252858,1.4266067604544859,0.00098003358593677
2022-12-29,1.8683406178763735,2.9056778618519545,3.1773010057653757,1.538385040987161,0.0010568217185440941
2022-12-30,0.2346156787503857,2.46020526134794,2.882187202242701,1.2833963378000584,0.000881652568863203
2022-12-31,0.0553915957302831,3.159541611145946,3.4297785956003457,1.3280300575428914,0.000912314518340668
2023-01-01,0.19744025285816594,2.618279346419853,3.0469084616755566,1.3687825072266786,0.0009403101584192178
2023-01-02,1.5063566937268749,2.6609438294177394,3.1404673151173084,1.3794802017128938,0.0009476591351514195
2023-01-03,0.23533023972451214,2.972682493884199,3.3596281964726384,1.351361494553666,0.0009283424753871093
2023-01-04,0.06812083469895194,2.906928423594038,3.298979011071355,1.2833822912859842,0.0008816429193536538
2023-01-05,0.1753902251217828,2.888330014016779,2.7934958729579313,1.3176706105255747,0.000905197906888842
2023-01-06,0.0077060191476743,3.32329124308113,3.160131569238366,1.2229784343742838,0.0008401473859421016
2023-01-07,0.3849472723520489,2.884300027879699,2.830985610711122,1.2487484971708798,0.0008578506015390316
2023-01-08,0.2909884636336698,2.694138009452595,2.9849648670014544,1.2120959485385934,0.0008326714634152378
2023-01-09,0.20060911642859006,2.5123465194416394,2.9954776006900747,1.282523049701069,0.0008810526476438924
2023-01-10,0.7356729430764681,2.6584853734469647,3.012146088827199,1.275572081858529,0.0008762775532525795
2023-01-11,0.37916663452650634,2.7267348195392622,3.170087675951681,1.3198176148286307,0.0009066728307322389
2023-01-12,0.2958040690851457,2.863437590695675,3.3342039029491657,1.3289639755428075,0.0009129560903784572
2023-01-13,0.25629166825079414,2.611418192372314,2.989684814770107,1.3880577326683132,0.0009535516267992547
2023-01-14,0.08526261685029515,2.919569680240408,3.1864880769953396,1.3731102575098917,0.0009432831855677398
2023-01-15,0.07601125371678905,3.2626679838087096,3.2994709879622977,1.3962378354553453,0.0009591710979036482
2023-01-16,0.11842484759744011,2.6700968588949987,3.3655387896052837,1.3282581017662072,0.0009124711774874795
2023-01-17,0.5431463593362543,2.5578885064436374,3.351476315053438,1.3105346149703598,0.0009002957043288469
2023-01-18,0.3583059698338542,2.8012507718126733,3.5368048972238624,1.2865127685188433,0.0008837934578995631
2023-01-19,0.0574927936457447,2.897337882573466,3.349346683339358,1.2427899387567949,0.0008537572609412982
2023-01-20,0.00248255258088215,2.943053858364273,3.3034723768982466,1.2897123730220055,0.0008859914846871375
2023-01-21,0.05582217920701735,2.716177913135055,3.5044092602384787,1.1950783724139802,0.0008209809284930261
2023-01-22,0.1359640734068934,2.6320031657176,3.369305147927724,1.2255115989735879,0.0008418875896582491
2023-01-23,0.0035967760843029,2.814816274260064,3.4395293109968184,1.1730107895353497,0.0008058211991401306
2023-01-24,0.00177994876533665,2.934304094756754,3.4335792923497834,1.1863119882016921,0.0008149587006490116
2023-01-25,0.0432390559394003,2.657751464899981,3.393899110820872,1.1967763281202197,0.0008221473701962867
2023-01-26,0.01243482340845765,2.6295428127561595,3.2030429682829107,1.1939054396596442,0.0008201751609015922
2023-01-27,1.6355538547471096,2.243514028960906,2.904701529187267,1.3232088732784175,0.000909002517701004
2023-01-28,0.0296912090265121,2.9844050798852693,3.5351360336426745,1.0406606763841477,0.0007149008701565585
2023-01-29,0.0036921925524307,2.9574981595087624,3.4393151141169023,1.0361022917963356,0.0007117694045575527
2023-01-30,0.00065745218966235,2.8181449058074284,3.5409503273529497,1.0130453669985129,0.0006959300286926255
2023-01-31,0.0050645025122847,2.707785399595521,3.5569060708864093,0.9966458318754748,0.0006846640683314067
2023-02-01,0.1416141419745839,2.62396147643978,3.48721718360939,0.9882204633661792,0.0006788761074567694
2023-02-02,0.0111156068110344,2.7819092355119017,3.656137479860981,1.0114423276528288,0.0006948287915178851
2023-02-03,0.23679033969728655,2.285873113235213,2.8142496584988423,1.0493051539086848,0.000720839351973526
2023-02-04,0.3056000298333209,2.3044531263960573,3.0205572164173864,0.9648606260916441,0.000662828640330111
2023-02-05,0.1733816527555507,2.4945522717633133,3.4795388865811026,0.9531307624063896,0.0006547705961033001
2023-02-06,0.0164053234595589,2.5797172387228,3.2851418738888056,0.9632360232939274,0.0006617125897479155
2023-02-07,0.07012130414073715,2.6440755168605423,3.4372011280162904,1.1002439234830188,0.0007558326706601958
2023-02-08,0.1497588847222986,2.406839901137312,3.5306887175111488,1.0953442346749573,0.0007524667398896105
2023-02-09,0.7485098348332252,2.375772775599724,3.5183089490350725,1.145698601117321,0.0007870585921645586
2023-02-10,0.0304208879404991,2.5199516876049564,3.501883105402723,1.0816199211444846,0.0007430385718922117
2023-02-11,0.01470611789197995,2.6138615211404828,3.672210534039519,1.0824580524948832,0.0007436143415405734
2023-02-12,1.4275312794682824,2.378081235120881,3.500434546868334,1.1181052027524385,0.0007681028028767646
2023-02-13,0.0188762504179318,2.5117581959424053,3.5796440032139936,1.0271704358073734,0.0007056335028524852
2023-02-14,0.0025129555450566,2.409739256876411,3.6274622113003434,1.0465501470195757,0.0007189467496421352
2023-02-15,0.05640284352639515,2.187419067716824,3.6057228280469578,1.0358494693701965,0.0007115957235714795
2023-02-16,0.05849968937306035,2.122828067563104,3.6859743995691074,1.015824154328253,0.0006978389674323054
2023-02-17,0.01000037886470705,2.30136926335444,3.6588184238299095,1.0142235322702555,0.0006967393908575184
2023-02-18,0.18654025566432914,2.4502249642260896,3.5641582239563867,0.9968494367900672,0.000684803938448452
2023-02-19,0.05716250689430025,2.3550240284608326,3.3435186112301496,0.9470129470557306,0.0006505678510424992
2023-02-20,0.0009086002207538,2.5636633581723096,3.607142823037523,0.9298669873587673,0.0006387891206789972
2023-02-21,0.1570045483732104,2.2951539184124963,3.4390405784671616,0.9182582601057075,0.0006308142933381023
2023-02-22,0.2421670236688541,2.048664783825698,3.583798282060526,0.8867805091811292,0.0006091900770712378
2023-02-23,1.3883808794999044,2.5647527731533324,3.7587851780565438,0.9370386800003606,0.0006437158460048594
2023-02-24,0.0288536653692075,2.5806788244886936,4.018464221435143,0.9932517736513485,0.0006823324580064921
2023-02-25,0.00471882838073675,2.579284944502864,3.9379769538465723,1.016545793317804,0.0006983347105244356
2023-02-26,0.0161402527606719,2.370422666870045,3.732185450862254,0.9944205828033622,0.00068313539281395
2023-02-27,0.079361516713197,2.2735753836266785,3.850844278834234,0.9804873633100653,0.0006735637130475443
2023-02-28,0.09087411367675105,2.2128928360077165,3.9546534564312252,0.9638702202036799,0.0006621482629052869
2023-03-01,0.1170589190699839,2.2328608185308467,3.868412733120428,0.9513015757776542,0.0006535140029195303
2023-03-02,0.00847090757731505,2.2449602067828383,3.9865017034342483,0.9573983892892356,0.0006577023203831594
2023-03-03,0.0008390861248282,2.4132615396206623,3.9525312806676474,0.941124321857555,0.0006465225523454937
2023-03-04,0.7615957183027613,2.1156498724610686,3.553530886147727,0.9399842752577735,0.0006457393764989395
2023-03-05,0.1439016906106459,2.385009867722236,3.942228051936946,0.9022996924474039,0.00061985126363565
2023-03-06,0.04531739725663775,2.364498125405193,3.8895065639962882,0.9342216375834101,0.0006417806272338923
2023-03-07,1.7587987074760898,2.052642472126676,3.3700522926920895,1.058058776920221,0.0007268528132774676
2023-03-08,6.2472222546371,2.5451919742848714,3.0759526484013735,1.0000909161915843,0.0006870307319627327
2023-03-09,1.6230235560770208,2.479426832757827,3.0633292750396013,0.944857704986561,0.0006490872681151218
2023-03-10,4.451962207164896,2.600170019375061,2.9642480608809225,1.0090348741197868,0.0006931749473161293
2023-03-11,2.969879171159813,2.8533280370229823,3.2779476490423223,0.981980667667011,0.0006745895657663174
2023-03-12,3.9518623546870253,3.257010502686427,3.3411729951418674,0.9915598113290554,0.000681170133567865
2023-03-13,5.057317134832744,3.3578210115739453,3.7203674547040575,1.192113852200087,0.00081894439715423
2023-03-14,7.763683906613096,3.312160256981697,3.4555756147619396,1.2964797567497446,0.0008906404626157108
2023-03-15,14.519980863318855,3.65913679701872,3.769466615356954,1.3218819565368143,0.0009080909679953944
2023-03-16,17.553234070971296,4.363257952328407,3.8288732976598476,1.2696962782396428,0.0008722410625737866
2023-03-17,5.331384489597579,4.053216771818505,3.7550423129898958,1.3385768342745925,0.0009195598193633203
2023-03-18,6.686871708187322,3.645093916670945,3.5613181322761913,1.3998250120381333,0.0009616353744143653
2023-03-19,7.633457004086455,3.885631462300314,3.523561452688564,1.375719072568581,0.0009450753587495063
2023-03-20,1.4188321577772387,3.829021105865468,3.378080658215382,1.359273886890254,0.0009337780379050485
2023-03-21,7.267218818976261,3.701072940235481,3.2452292065305466,1.4232824202184686,0.0009777498696579127
2023-03-22,1.452562730930163,3.882538932207876,3.539557880674621,1.3268404709920074,0.0009114973101193404
2023-03-23,1.007695300036171,4.372798967116079,3.773061280233398,1.3887365364215014,0.0009540179434429333
2023-03-24,1.010364488061852,4.078407195998967,4.0122492947254695,1.228532346418667,0.0008439627473210849
2023-03-25,2.062771595063753,4.029754643515391,3.833381696474972,1.1987724921782548,0.0008235186715766973
2023-03-26,2.332520105315278,4.269678165615371,4.043501018645534,1.212349821196465,0.0008328458658771931
2023-03-27,0.7239911277134669,4.091521903974728,3.9183355258475103,1.116989506108403,0.0007673363546773158
2023-03-28,0.643648680037536,4.000360099039653,3.9229938361968335,1.132837245580616,0.0007782232489319012
2023-03-29,0.049030067632334,4.5046329659635065,4.050540625271724,1.1206636173966038,0.0007698603525726848
2023-03-30,0.05819999307751855,4.6428449022205065,4.030272718962065,1.1392947904036212,0.0007826593773624305
2023-03-31,0.04267694482876955,4.572989848820976,4.2255597093345525,1.0316373093027358,0.0007087021032341288
2023-04-01,0.09059384818075915,4.278579408120791,4.1233149950604515,1.1277698087935593,0.0007747420806214799
2023-04-02,0.03611267189620635,4.697301921851639,4.254299126950686,1.1485167248605141,0.0007889945537723497
2023-04-03,0.19220286671228196,4.1195129277583975,4.237591900259945,1.1844542685863575,0.000813682506208645
2023-04-04,0.3309741514011272,3.825642881790372,4.2389152774552805,1.1384536446883908,0.0007820815369410589
2023-04-05,0.38717672433288797,3.80731670914368,4.306904046129272,1.1218289748690118,0.0007706609161857567
2023-04-06,2.0698222246525426,3.796444661071841,4.017545324432994,1.1436234093204212,0.0007856330012346696
2023-04-07,0.7732855597045626,4.0415790839373145,4.113311306989637,1.1351865210473118,0.0007798371266477518
2023-04-08,0.6878185711242077,4.068356844409661,3.952822971763302,1.1297029925023054,0.0007760701164999538
2023-04-09,0.09241659271614915,4.250276265074826,4.0507078060849615,1.0398070753546262,0.0007143144733294085
2023-04-10,0.08530548766992585,4.023955304233125,3.948635613093113,1.0297124738169643,0.0007073798023199946
2023-04-11,0.1238224230561846,3.837900042156873,3.9144626551563304,1.0227348714777964,0.0007025864108744661
2023-04-12,0.27105377161499256,3.3403838438334947,3.7430906000039057,1.0177876774908816,0.0006991878455530903
2023-04-13,0.4427797555616748,3.094884984700032,3.6485351663853334,1.0300668581472825,0.0007076232531122304
2023-04-14,2.583895643335118,3.4984071135175885,4.290150516121579,1.1635563142931447,0.0007993262745879597
2023-04-15,2.0134782639460846,3.401695712314564,4.140115646989164,1.0110497833048642,0.0006945591260041367
2023-04-16,3.6113782009082738,3.750629769398561,4.133112869509739,1.0836321309731312,0.0007444208962079871
2023-04-17,2.2560282539177443,3.4322481918728576,3.5679796051886115,0.9998293886712601,0.0006868510708531197
2023-04-18,2.4005336841185776,3.902589622725243,3.983949981536277,1.030339317628699,0.0007078104241323018
2023-04-19,0.8541417109835564,3.913505670596968,4.1428544504883025,1.0503986236233416,0.0007215905309776315
2023-04-20,10.568187424073365,3.8422622005447207,4.046658203005016,1.165780509188466,0.0008008542259194042
2023-04-21,2.4459762866153523,3.577638759340063,3.8924396175757168,1.0319532529277045,0.0007089191464813044
2023-04-22,1.114446548409568,3.857913318427206,4.007756795264669,1.0375774557867417,0.0007127827954200085
2023-04-23,1.6189160166573335,3.5665304516641805,3.991377713788041,1.0320901046063047,0.0007090131592429413
2023-04-24,13.98100140835772,3.5710409866713024,3.6554901370153927,1.0723540057036933,0.0007366731819416324
2023-04-25,7.2099074071802765,4.023384504135231,3.8341115842153743,1.1540523263880176,0.0007927973364071298
2023-04-26,14.319411661474401,3.959375886505352,3.677085092737876,1.1843861219607554,0.0008136356916387793
2023-04-27,7.595589061748512,4.146322916304984,3.914039981768976,1.2045055419357145,0.0008274570948814958
2023-04-28,6.048984034628563,3.88290209689307,3.6694358212986327,1.1680915159410823,0.0008024418142427408
2023-04-29,7.549691013332233,4.20913188103235,4.014317334750927,1.176813700451803,0.0008084336782939951
2023-04-30,5.852197856971904,4.101474434744381,3.834839962553697,1.202367434335108,0.0008259882827904376
2023-05-01,2.1987362154459076,4.4490191678150754,4.205498546567737,1.2543028757669321,0.0008616662834242103
2023-05-02,8.70266343360104,4.120214382988459,3.8166497798151706,1.2345660262939906,0.0008481076939794926
2023-05-03,6.709694333367386,4.507715814614326,4.088139737357212,1.3537323050277787,0.0009299711469698663
2023-05-04,3.104640777222545,4.834704560357086,4.168273426553793,1.4236552430624996,0.0009780059871241152
2023-05-05,0.28439325072746385,5.168018708449644,4.394393360115306,1.1528608760838162,0.0007919788478463999
2023-05-06,0.0175860513928901,5.243431596248371,4.402529781111337,1.1391590624821513,0.0007825661365862914
2023-05-07,0.0084545278010452,5.258589236969911,4.427529840327731,1.1334468999424934,0.0007786420621374845
2023-05-08,0.18065517726481015,4.910059540019742,4.2834306677539065,1.1121400875423293,0.0007640049579681741
2023-05-09,4.531036147532855,4.37470599146333,4.097495774741256,1.1856108792099371,0.0008144770610140618
2023-05-10,14.812082278743532,4.1237742564997175,4.0043416974032375,1.1422804391203774,0.0007847104233124004
2023-05-11,18.671685558515467,4.109020015036314,3.71632006059633,1.1404800480450021,0.0007834736117602623
2023-05-12,12.2493055863247,4.111805891595769,3.8277075391331694,1.181840586549748,0.0008118869895674504
2023-05-13,10.484373065086665,4.306285088565552,3.9056253266426713,1.1800934255825979,0.0008106867454109602
2023-05-14,9.785664896460718,4.5788923939801816,4.054017161587016,1.2589044018614475,0.0008648273858696753
2023-05-15,3.05159415783187,4.120718952952077,3.6801790370768974,1.284334326474095,0.0008822969373249726
2023-05-16,9.399621882719908,3.990263945709013,3.5446697994103307,1.281779626553933,0.0008805419395265946
2023-05-17,2.23912476304496,4.5456506709662445,4.162656533174231,1.3089943652026386,0.0008992376016021943
2023-05-18,1.012009250616741,4.2948378761191925,3.8841892317068165,1.263108398100754,0.0008677153979160781
2023-05-19,1.438569104599936,4.915160345836937,4.188337979778354,1.3326856353516288,0.0009155127525990357
2023-05-20,2.463092077083174,5.101675653309397,4.219554123596792,1.370010205739713,0.0009411535483494569
2023-05-21,0.9789133593706847,3.9678140116877865,3.4218567132587863,1.1557415320147764,0.0007939577670833799
2023-05-22,0.8277661727770804,3.719831331222483,3.3944954071652456,1.1320679563125606,0.0007776947716101236
2023-05-23,6.67742033047614,4.213164645162495,3.9217268384005863,1.1520496941500729,0.0007914215915923217
2023-05-24,5.072428298799158,4.490375774393359,4.025311621874277,1.133904941011783,0.0007789567218209275
2023-05-25,3.1741137771686017,4.248692829794479,3.8649294083699424,1.1453931226391592,0.0007868487381412368
2023-05-26,13.58045062137499,4.570123283464084,4.166945668754117,1.249265119622765,0.0008582055047738483
2023-05-27,7.561033615453061,3.976084807916428,3.406881353784967,1.2159293214066906,0.0008353048689634894
2023-05-28,6.731258226191305,4.074975905706707,3.699657952258043,1.2502944780367402,0.0008589126413482895
2023-05-29,9.418369063993218,4.172396303775942,3.778173277797634,1.2756003217534317,0.0008762969531644788
2023-05-30,16.360645535200934,4.284987616708972,3.9351986345259187,1.3296865925415746,0.0009134525053318919
2023-05-31,14.823649329228097,4.053496215716133,3.7859984539842135,1.4137239731151818,0.0009711835197356421
2023-06-01,6.108692169462674,4.570752816789147,4.133378176676052,1.4429826879304206,0.0009912833285933716
2023-06-02,5.651959795395188,4.806291013253184,4.294321234539759,1.4414057060532905,0.0009901999920728657
2023-06-03,3.2650159482890104,4.4638838708451845,4.00298745677283,1.4169277901792257,0.0009733844404189003
2023-06-04,7.999683052993424,4.511626959677728,4.244654684479968,1.3552521260886399,0.0009310152158229981
2023-06-05,7.112406983687425,3.991147299579905,3.6312499730270535,1.3600253617270346,0.0009342942772776957
2023-06-06,7.516457405024249,3.958549930380201,3.5025263357795415,1.4040840114976767,0.000964561171928117
2023-06-07,10.253729533244037,3.964827550131041,3.6311938134615214,1.441321803361029,0.0009901423535850593
2023-06-08,6.646634117570633,4.412416780869099,4.020816240120972,1.50837406174738,0.0010362051278919745
2023-06-09,4.272879223931776,4.842814072442607,4.2697459179586215,1.5955871891414994,0.0010961177796121933
2023-06-10,7.133982882192243,4.1703667889443405,3.6020971092239455,1.5978823459943912,0.0010976944795572504
2023-06-11,2.7408269654228734,4.48529256146727,4.106090830477447,1.5673761050764916,0.0010767376598442304
2023-06-12,1.6744142828790276,5.232017458533137,4.36888298681812,1.4670132103777311,0.0010077915351565235
2023-06-13,3.4781008015920025,5.112172893566394,4.162659707926743,1.5617424787458505,0.0010728675372794901
2023-06-14,1.8050012667343704,4.392982086751412,3.7234062682713236,1.3815184660763817,0.0009490593581060618
2023-06-15,1.8401536541450545,4.549474091992729,4.00782015446185,1.3845315633182185,0.0009511292603219693
2023-06-16,6.871621017264792,4.867858016195725,4.257409308541981,1.4279058646943024,0.0009809260293359922
2023-06-17,3.2951834776385884,5.162564857094508,4.23398481463789,1.4189152908569975,0.0009747497903319121
2023-06-18,7.023049103723226,5.304974847270326,4.2559000133043465,1.3693193651007576,0.0009406789627471213
2023-06-19,9.599520085821274,4.36658668211992,3.6177141688630807,1.3332170667615366,0.0009158778291182059
2023-06-20,7.729752865747306,4.123022370871099,3.71510423952398,1.2762289306245027,0.0008767287875165543
2023-06-21,27.527901110640677,3.420700750427119,2.9529507982051513,1.363944418396758,0.0009369865448793821
2023-06-22,7.694893760788234,4.352164211943363,3.858714730514156,1.5094259289300858,0.0010369277272764524
2023-06-23,12.600723523359527,3.7014108409986894,3.20913172525502,1.4585240998694324,0.001001959785550759
2023-06-24,10.408760008307013,3.938078988937735,3.532663576260142,1.6201257501125366,0.0011129749925238384
2023-06-25,7.402824140787499,4.605199403639109,3.9182607188060263,1.7216412659231595,0.001182712931348978
2023-06-26,0.91739270600227,4.665803949398151,3.7245386289183235,1.6469655064413118,0.0011314130536418012
2023-06-27,5.85203220494693,3.412616205933676,2.976169464637561,1.6400498075356513,0.0011266621878912324
2023-06-28,10.618072148667068,3.78459820197975,3.5189711244391986,1.6015024359676437,0.0011001813665230534
2023-06-29,7.971904673449197,4.108753323708349,3.6694167161650904,1.6598898763757388,0.0011402916857665884
2023-06-30,8.111873447357445,4.648093087039569,3.9682089857102163,1.7748950752919355,0.0012192966089307723
2023-07-01,5.826956258213674,4.735281712520949,4.207702643768888,1.710858248802153,0.0011753053406734996
2023-07-02,7.587835694055643,3.628806068081136,3.0534218401093325,1.728778666638714,0.0011876160992095482
2023-07-03,14.591740140487797,3.779093172612056,3.4599857773954654,1.5905792939340049,0.0010926775144779997
2023-07-04,20.559139814805572,3.71274378272109,3.3868924232123763,1.7466080404652464,0.0011998643133990401
2023-07-05,17.7270014015618,4.086140344337933,3.6399026392811042,1.9586059340969775,0.0013455001407806223
2023-07-06,1.8405867339914193,4.846199858920907,4.1305424379143485,2.1635966495360113,0.0014863222590435826
2023-07-07,18.667535158312873,4.203166976398557,3.669177772046359,2.0938571332412996,0.001438413423805743
2023-07-08,11.594939417263825,3.1235157224584507,2.737474970128518,2.028616287149458,0.0013935950322788676
2023-07-09,9.472178359027746,3.667037974001511,3.2652108544100136,2.2394372222574512,0.0015384223264931524
2023-07-10,0.9262290761614341,4.571623547485109,3.892143568744418,2.232916920727903,0.0015339430861961584
2023-07-11,6.0090096830762025,4.7410501967508525,4.121787431528162,2.3605953203805345,0.001621654096214345
2023-07-12,1.3904416858824882,4.697893468238171,3.862339821818597,2.0147405280162047,0.001384062825956906
2023-07-13,6.832668971187835,3.917006004160817,3.3988250466767846,2.009921420348543,0.001380752251873373
2023-07-14,2.2720951024952605,5.257247263441058,4.3583587448855035,2.1208454272036525,0.00145695352556568
2023-07-15,3.0688434566511824,4.825357855720953,3.9011631890008323,1.835077141641388,0.0012606397792622717
2023-07-16,6.549539179380517,3.568907638158694,3.007066653877283,1.605980008999332,0.0011032573171467146
2023-07-17,4.865053762833454,4.817942257229348,3.8770205400542865,1.728546234586422,0.001187456425763432
2023-07-18,1.3664846384077327,4.872187940119471,3.9130180825290086,1.8220486519896835,0.0012516896201948688
2023-07-19,0.7348475229961773,4.979892359091221,3.987008367620347,1.7947508558490965,0.0012329369002573106
2023-07-20,3.136254651607219,4.218751610948435,3.598283809501132,1.5653782046233509,0.0010753651656154688
2023-07-21,3.4247277781129064,4.740173963583866,4.138239725591614,1.5586295000345805,0.001070729019662779
2023-07-22,12.517641139318117,3.488679898912358,3.0812342277762594,1.5400814169375099,0.0010579870750051748
2023-07-23,20.02557058429701,3.9447699705423154,3.504876090944681,1.6754858034222917,0.0011510055928733878
2023-07-24,9.08419602066463,4.346025319319493,3.8698675539434477,1.8558286970893048,0.0012748954395206801
2023-07-25,5.518587897185174,5.259863103342148,4.291455561596932,1.896801262064088,0.0013030422918210798
2023-07-26,0.1901405300959931,5.454139528383931,4.230914633134022,1.8745241606526966,0.0012877386298830642
2023-07-27,0.420207554540856,5.318823163469496,4.3208961281418645,1.7129381675364699,0.0011767341788594338
2023-07-28,5.33301274428769,4.6626218366173084,3.843144287319484,1.6488059389078389,0.0011326773723593646
2023-07-29,33.8122048318283,2.2904981761582923,2.003762766516338,1.5812254728761486,0.001086251736157265
2023-07-30,14.447960858001935,3.8912841254656767,3.615288526617786,1.9910139606516022,0.0013677634268927283
2023-07-31,7.551233973551215,4.501193661185215,4.001733408150002,1.8721041738112527,0.00128607617569605
2023-08-01,5.888891094933071,4.303635347244772,3.871918400526547,2.0025532865788156,0.0013756905777244945
2023-08-02,21.675242551168086,3.0150979942615,2.576031487634948,1.9849630740362358,0.0013636066597497874
2023-08-03,6.172589954354328,3.82669444322126,3.6013529655317664,1.9214282668335418,0.001319960262816395
2023-08-04,4.492604269535042,3.848037757554554,3.60455410468863,1.9721886729904992,0.001354831051493831
2023-08-05,5.122817009981359,5.367596747152393,4.4951428531190665,2.0713629410138736,0.001422960627364226
2023-08-06,0.42214317448552235,5.175496008259916,4.317371284324176,1.7518903724783375,0.001203493107912287
2023-08-07,3.5675890479368206,4.602228834471102,3.888413469180902,1.7971045933410332,0.0012345538432429455
2023-08-08,2.2267557770991684,4.5450341681699,3.8518909460339654,1.6544175553020868,0.0011365323747960585
2023-08-09,2.9015065315044715,4.649818938794206,4.232025091621045,1.5097872998459791,0.0010371759776313318
2023-08-10,6.4798406346872905,4.153760830595399,3.7385079574566507,1.4237274439023493,0.0009780555868105507
2023-08-11,2.336810850784914,3.6557741019088863,3.2600736162235826,1.5058302192504436,0.0010344575887989054
2023-08-12,1.76419533683764,4.595568962714684,4.127287626416955,1.4904137221821565,0.0010238669443948345
2023-08-13,6.74500410710546,3.860723762413548,3.3337300660692546,1.428273941962545,0.0009811788867421793
2023-08-14,4.225585343333741,4.789871163666248,3.8624544237287237,1.397503905631797,0.0009600408479493302
2023-08-15,5.60604718530256,3.749370939972113,3.1740607646984373,1.4665559839279423,0.0010074774350908341
2023-08-16,2.8659035359585188,4.1385099905228335,3.5221491943818313,1.6455911757732529,0.0011304689320729034
2023-08-17,2.395353840397396,4.335007910643853,3.745188054087077,1.7030076225686237,0.0011699122095088581
2023-08-18,3.0108400673236484,4.272956014522967,3.7393615336223758,1.5436511761904186,0.0010604393863628224
2023-08-19,0.6221906546498233,5.1636456761119405,4.137537915767773,1.5390033381893855,0.0010572464691068055
2023-08-20,0.7858855045759456,4.779440425911449,3.9438805903571446,1.4733153314928327,0.0010121208924304742
2023-08-21,5.942407505625802,3.8022366464201935,3.2814821968607886,1.4497377603974164,0.0009959238490763838
2023-08-22,7.5953359113256855,5.012454362793813,4.250870903363573,1.5204334686837728,0.001044489557877697
2023-08-23,5.9480056967270265,3.947153411115525,3.40468965196026,1.529533877807639,0.0010507412502391668
2023-08-24,19.695844376329685,2.4892280619482845,2.2760711899986257,1.515847022320909,0.0010413388147294787
2023-08-25,3.120346771198521,4.063051038998376,3.892283057336627,1.6633601141722325,0.0011426756290409549
2023-08-26,2.2178642171865173,4.185269527635689,4.029265942447548,1.6844279733781569,0.0011571485799465114
2023-08-27,10.614249082283362,4.48002040667354,4.151408657532524,1.797587156286299,0.0012348853486772381
2023-08-28,12.038929905776953,3.693946020591423,3.3317364497566206,1.7860955832140122,0.0012269910025418673
2023-08-29,2.977800011201009,3.3773191873859587,3.2536722799438844,1.587858607913336,0.0010908084894944124
2023-08-30,13.505039010565431,3.675142541131577,3.4580978732547094,1.6502828679058161,0.0011336919757260278
2023-08-31,16.24176002399912,3.2949559997581903,3.144570486511919,1.7696703479951994,0.001215707387030176
2023-09-01,8.374432150915881,4.403667915836104,3.9898662116274566,1.6902245864883638,0.001161130669258127
2023-09-02,9.231955017067621,4.529523378873874,3.9910561783855556,1.6545072965421244,0.0011365940241809616
2023-09-03,2.1217538423587885,4.599992316823267,3.955153090419721,1.5261377858867728,0.0010484082428291101
2023-09-04,8.806175599743781,4.242642927997927,3.6658588083810697,1.4151432245816582,0.0009721585004679595
2023-09-05,15.29707771862634,4.140494180456647,3.7920187618178796,1.4277398833983672,0.000980812005451371
2023-09-06,13.320418070720049,3.7200240510967952,3.4649192013039536,1.65272150532659,0.0011353672422693597
2023-09-07,1.4147091586123206,4.115855050517652,3.7565818975619973,1.5495694576081298,0.0010645050579418177
2023-09-08,7.794013086898774,4.316604689824336,3.88311058188821,1.6211921519113188,0.0011137075767284562
2023-09-09,9.361620320637611,4.0231711330214965,3.6243770883927953,1.6031226612443763,0.0011012944098872076
2023-09-10,4.783396136302142,4.486519507073365,3.837727227641769,1.8887725002024822,0.0012975267871312274
2023-09-11,6.128932715545192,3.945130041734943,3.4629999044429827,1.9280514670313695,0.0013245101912340808
2023-09-12,5.670235561448767,4.68402470447647,4.160731079870313,2.2177230656913864,0.0015235053898046895
2023-09-13,9.424138997872829,3.534137963047363,3.3317704577277487,2.1747525608665264,0.0014939860162110827
2023-09-14,5.253372426947204,4.302659488920487,3.973661687402518,2.2107990481095383,0.001518748809387486
2023-09-15,4.823060671518059,4.311901493250404,3.902800216285726,2.2248496394205644,0.0015284011198691005
2023-09-16,1.712979662581946,4.821439738517969,4.066645647537924,2.2136449373837332,0.0015207038450342255
2023-09-17,0.5661917237112865,4.569754569981356,4.064525998819599,2.152078241207067,0.0014784094779382254
2023-09-18,6.456722202885065,4.247079743152264,3.6396342936682404,2.0323840212987068,0.0013961833461096308
2023-09-19,3.439940239538149,4.776918280575789,4.083672250501889,1.9727604946899169,0.0013552238748605295
2023-09-20,1.8791197324645617,4.500137564548855,3.95261826257573,1.8478815635615429,0.001269436010906554
2023-09-21,11.455364761324244,4.127789441317217,3.585307168677674,1.8051022762438824,0.0012400479976740991
2023-09-22,9.804399375866428,4.750945507093472,4.01773309588095,1.9519541224635337,0.0013409305572143542
2023-09-23,1.0247489916864028,4.865982972315512,4.16314585242037,1.675680207462551,0.0011511391422816602
2023-09-24,4.943439135358325,3.9894676513292566,3.713708251031074,1.4745874596775712,0.0010129948041356616
2023-09-25,16.80872586650833,3.842329711846586,3.4577627959471346,1.6144724494781015,0.0011090913543365505
2023-09-26,9.075928815448973,4.275346528674839,3.882221042009968,1.546537587164667,0.001062422259131965
2023-09-27,11.118679080941007,4.013897069149985,3.6393538117882582,1.6697494220977827,0.0011470648808877188
2023-09-28,24.586324984525017,3.334798575354992,3.1518419184918613,1.7536940155988288,0.0012047321535162503
2023-09-29,35.5748846330539,3.740349311643563,3.4604713748122315,2.137277066544688,0.0014682415405061703
2023-09-30,11.845984314445598,3.078278154134751,2.9349762188482638,2.961989728989332,0.0020347929759456014
2023-10-01,17.090989349514015,4.005214389522224,3.5724832286738555,3.0831024831125773,0.0021179935957774242
2023-10-02,6.6733258316152355,4.190516966438213,3.8063906836825003,2.982240899137083,0.0020487048873773076
2023-10-03,13.862754344937752,4.033334272886479,3.5665920781860017,2.805923868893661,0.0019275806811832098
2023-10-04,11.673190870089902,3.755839321104168,3.4786869780693497,2.799072491904562,0.0019228740025487331
2023-10-05,2.5969085559882186,4.229171898081822,3.946407182005822,3.1192992341181203,0.002142859615391632
2023-10-06,4.7137150273654855,3.7924807397313214,3.554744075500559,2.7198000061814738,0.0018684163197430176
2023-10-07,15.85415653116821,4.107589552284411,3.850359938822223,2.7175824717977632,0.0018668929439717482
2023-10-08,46.941679724714476,3.1998628114652066,2.958713409947298,2.813364735701685,0.0019326923206219732
2023-10-09,23.256854526653314,3.5099650143708,3.4524458032269507,3.2235040308101137,0.002214445004865976
2023-10-10,9.302746993189896,3.2594915500188675,3.0526201246866083,3.472870028876829,0.0023857515345071002
2023-10-11,7.049010083915891,3.4871356574559704,3.298037600080441,3.718327816713396,0.0025543732477064274
2023-10-12,9.883932785461319,3.44125004277579,3.197706012997147,3.740231069080879,0.002569420087211481
2023-10-13,26.5631535827527,3.269723310625728,3.100073990757753,4.325089108534218,0.002971199005942247
2023-10-14,7.28230363417694,3.412321372849046,3.3350925212225206,4.371845779333975,0.0030033193554460957
2023-10-15,9.049604401002236,3.07654331903106,2.9182107677121145,4.366387835480054,0.0029995699211694095
2023-10-16,9.193476642322867,2.739535440174834,2.3826517766635034,4.418195060877649,0.003035159841455266
2023-10-17,2.5930496771716283,3.5997342955685294,2.75091349596644,4.329500994108667,0.0029742298313666917
2023-10-18,0.2764817993649143,4.031034041911773,3.357631463947256,4.293866119354639,0.0029497498029119884
2023-10-19,3.057747383637333,4.093281353630547,3.527953522187256,4.3927432354067815,0.0030176752448051675
2023-10-20,1.6564528781224463,3.732985665136709,3.485680014620362,4.196180977503219,0.002882643209479829
2023-10-21,7.048135029911731,2.7326907751695164,2.4401208905219924,4.093641911218501,0.002812202123950692
2023-10-22,6.894622499422463,3.695936989371456,3.394275553183852,4.141612197928282,0.0028451561890832752
2023-10-23,8.095333085498593,3.625173702369577,3.515118040076388,4.025344487678626,0.002765283960685643
2023-10-24,8.872439296431944,3.482967234930698,3.2307022782949883,3.9856793696342767,0.002738035282948251
2023-10-25,8.634809580008234,3.538957070143922,3.3258026925536295,3.7858148623693517,0.0026007347070741193
2023-10-26,4.692763987224998,3.59075137543433,3.2986910298212018,4.202465335597034,0.0028869603641216803
2023-10-27,5.917125634870358,3.3640576794896893,2.9952311060430077,4.172492185993687,0.002866369761229662
2023-10-28,3.3706815690252463,3.438403190147151,2.893202488181776,4.1853691903308095,0.0028752158546917544
2023-10-29,5.322099050769819,2.98710934351331,2.821361050209439,4.067842109998439,0.0027944784790002795
2023-10-30,11.542421658257808,3.194546699204433,2.847966442798521,3.8479123028004802,0.0026433936786352985
2023-10-31,10.564824596888073,2.2677026527708537,1.6825281550969415,3.850347017839465,0.0026450662506267773
2023-11-01,20.67054226878487,2.6286540259040034,1.8674899090003292,4.221509493617542,0.002900043096513919
2023-11-02,4.411468109210992,2.095223628112321,1.8832044107927803,4.883769081999753,0.0033549944238274523
2023-11-03,0.760501506369097,2.9380234760291377,2.66379674267768,4.556392370616123,0.003130097008994459
2023-11-04,1.1767220779931784,2.144617439083129,2.0428168517774528,4.445571876346508,0.0030539668451644935
2023-11-05,7.546513165826968,2.1085814727824923,2.1119393755351217,6.053292845193682,0.004158420146495461
2023-11-06,4.704744282658582,2.3218663025960504,2.447846924413163,7.771583205065007,0.0053388311116929045
2023-11-07,6.245380696996154,3.019744376164715,2.9667974572933193,6.1303408684266145,0.00421134969414057
2023-11-08,1.7618283365350396,3.1203126501272824,3.0599484593378343,6.306500806432882,0.004332365982951427
2023-11-09,0.6732548405353134,3.596935004289829,3.526609849012356,4.664269495484815,0.0032042051714231377
2023-11-10,0.7368418712354238,4.188132662434725,3.7745535809668933,4.55629001156581,0.0031300266915741913
2023-11-11,1.0218700420083688,3.291416126519033,3.1515333130641254,4.013682061483248,0.0027572722438749513
2023-11-12,0.6819979749351587,3.5773768244665853,3.272712290057223,3.701379991390008,0.002542730629371843
2023-11-13,1.2870893882443004,3.4658649112026034,3.054193734611398,3.167205875008381,0.0021757699578653427
2023-11-14,2.207245404641853,2.839353546583274,2.844384402983184,2.8789773900052102,0.0019777661325948172
2023-11-15,2.750716806989149,2.9888156981975813,2.797290840175319,2.983104524143547,0.0020492981703586106
2023-11-16,0.36878750404943517,3.6544607701435,3.3785709428749793,3.103039235679885,0.0021316895123061307
2023-11-17,0.7875068607853789,3.7319343313447,3.5540280940929354,3.033614271387208,0.0020839967643146596
2023-11-18,2.2531777990416035,3.491673544272908,3.3943681591269703,3.1372204356522273,0.002155170912303033
2023-11-19,3.0875850440022874,3.622119100109432,3.463377832038807,3.113269970077471,0.002138717702271555
2023-11-20,0.568056529530858,3.729840321226707,3.5017061209130533,2.804832602705537,0.0019268310159319265
2023-11-21,0.290481659243447,3.434154840016907,3.240711192214786,2.7415037384904535,0.0018833260952975683
2023-11-22,1.245838167265472,3.289637929803051,2.806587415885122,2.7951573112353825,0.0019201843976364558
2023-11-23,0.494809975241273,3.3923592226736337,3.1543028605196692,2.9018328307957857,0.0019934670953387604
2023-11-24,1.930005127608429,3.232245385410395,3.271653598081291,2.8955541439231474,0.0019891538366459405
2023-11-25,6.62326007345035,3.239648405456113,3.131535865367216,2.601277670834168,0.001786995235430326
2023-11-26,0.5431756619921273,3.984040714877037,3.601031795059381,2.6440644938306193,0.0018163884254350441
2023-11-27,0.2485449368552819,3.5325535812685147,3.032032756334946,2.5201669719993296,0.001731274758533371
2023-11-28,0.5637430446429694,3.4551914041705345,3.0720065357858055,2.4970855597487356,0.001715418560565244
2023-11-29,0.2273994221138511,3.5238156405055503,2.9454668569843103,2.376160181624264,0.0016323466621001544
2023-11-30,0.05985459705773185,3.839405304648455,3.4735291346564288,2.1667913452051897,0.0014885169136179405
2023-12-01,3.315682143662144,3.57411242142882,3.3272004223723877,2.1852932469540782,0.0015012271331544275
2023-12-02,0.0055446632934884,3.5855167107672576,3.4037792140911467,1.7457514636930855,0.001199275872331101
2023-12-03,0.02673706662798005,3.55484663695736,3.1572128680378095,1.7776514622606459,0.0012211901593330667
2023-12-04,0.0603629937507276,3.48516971058185,3.193828131436625,1.7803439778076595,0.0012230398320949494
2023-12-05,0.4587713609326159,3.3802548982522502,3.2393352860044393,1.685067928631171,0.001157588208903023
2023-12-06,0.24380536165286504,2.976810810432528,2.6148540429946605,1.5798571436982844,0.0010853117374217363
2023-12-07,1.965733398969793,3.275878815296686,2.917015230341968,1.8286413479753585,0.0012562185931865387
2023-12-08,1.5338425718290822,3.272793041685945,3.101887488568523,1.848338402354938,0.0012697498446645993
2023-12-09,0.051557052861356,3.766090871117638,3.532664381566659,1.67898062660237,0.001153406425526316
2023-12-10,0.04818415943254975,3.419820497237388,3.210065255601526,1.7032653481703168,0.0011700892588209857
2023-12-11,0.08846535813538604,2.9624963313417823,2.776789020231365,1.6438208916766244,0.001129252803060033
2023-12-12,0.04718798252428015,3.063560458695705,2.8208057445896557,1.582737107751652,0.0010872901813607596
2023-12-13,0.0544059746363158,2.877989299850951,2.8097159384356454,1.8316048331960486,0.0012582544135178388
2023-12-14,0.101025880456544,2.996784273860896,2.9580170578461384,1.767889021078269,0.0012144836719500869
2023-12-15,0.6869283537989828,2.894207395894348,3.0473316448031893,1.7081577936955543,0.001173450213686061
2023-12-16,2.109442749704601,2.6354569347501826,2.9347990649736735,1.6455658176705237,0.0011304515118608033
2023-12-17,0.5302467845055089,3.216124500753438,3.2827278976452674,1.659373825678138,0.0011399371753088266
2023-12-18,0.2419730581134304,3.452531341623074,3.3456922380579437,1.7371449160717347,0.0011933634471543125
2023-12-19,0.01771610683887735,4.141640370171741,3.060321549207976,1.8609079196845644,0.001278384704307437
2023-12-20,0.0012533116172635,3.899648563543376,3.0747550060655557,1.5909603208107752,0.0010929392678544246
2023-12-21,0.0044525334192999,3.631444091990105,3.0686428198259343,1.5345192983405396,0.001054166075984914
2023-12-22,0.00324329774739675,3.453539745118565,3.2026508997717005,1.3566109918061755,0.0009319487134615056
2023-12-23,0.15971676194590806,2.6168496983755203,2.803254097403676,1.3392585629119436,0.0009200281453096281
2023-12-24,0.00469101150912215,2.9093262341710555,3.399872724851786,1.3259149550265545,0.0009108615100126764
2023-12-25,0.1481096775719485,2.6883388778408843,3.2120636356110803,1.39519956249677,0.0009584578373198769
2023-12-26,0.1464157120338647,2.766925817607914,3.223557214125109,1.2973089977976742,0.0008912101249083171
2023-12-27,0.1443396135014088,2.9500773508823754,3.3219895750121053,1.3107824311061937,0.0009004659461523029
2023-12-28,0.15221992395754336,2.7184479767664325,3.188478550030932,1.2472723028733128,0.0008568365028882423
2023-12-29,0.787288200947229,2.6457904555274125,3.0913803372560573,1.2579439558067809,0.0008641675898998638
2023-12-30,0.9039606872033994,2.523654241971097,2.840656115601348,1.261419760231526,0.00086655535727124
2023-12-31,0.04998617235514845,3.182849785277866,3.3939337173092126,1.2704711552971013,0.000872773378529614
2024-01-01,0.0144488942868107,3.017842454123303,3.271618054584203,1.3670715871732295,0.0009391348106207126
2024-01-02,0.05123325675151375,2.6281231017479767,3.1062730435908685,1.3841786546643653,0.0009508868232726498
2024-01-03,0.16529009022185234,2.654111014413895,3.3751095193473493,1.3684156447524498,0.0009400581355379793
2024-01-04,1.153606298879927,2.409886298014257,2.925213638636522,1.3289872047993336,0.0009129720481407524
2024-01-05,2.6824646094242048e-05,2.687089085278595,3.3014829935661085,1.3666253405768705,0.0009388282533659983
2024-01-06,0.0007766635787633,2.8215204876740536,3.2594247246468027,1.2960966903330173,0.0008903773081400389
2024-01-07,0.00414428127952985,2.753537953360003,3.213441082465519,1.3045604587132955,0.0008961916485078216
2024-01-08,0.0025626095153492,2.908337860500782,3.269313470057302,1.3072111307068472,0.000898012576075945
2024-01-09,0.24811596541208444,2.6185336494003626,3.300727244982677,1.245450525823966,0.0008555849998504466
2024-01-10,0.01263326361536425,2.651325783230633,3.3409836429545643,1.0537789009945098,0.0007239126742937557
2024-01-11,0.0119751852842792,2.455368390431433,3.307786321550954,1.100697462030802,0.0007561442372542046
2024-01-12,0.0529909509635094,2.565192228812552,3.434824640418596,1.13820825237301,0.0007819129602053595
2024-01-13,0.00323803766309495,2.486014278608776,3.2530196557926163,1.13252641621956,0.0007780097190217857
2024-01-14,0.0145271624670229,2.511756673557476,3.4096059506623204,1.1243906909624501,0.0007724207338725904
2024-01-15,0.23061398457458093,2.5033641073015698,3.3555114863176123,1.0826498560286055,0.0007437461044833547
2024-01-16,0.0031481463215571,2.508685228416431,3.409809940578613,1.0261932666422038,0.0007049622186362917
2024-01-17,0.00679652180716745,2.634414068325766,3.182526726355643,1.0541168475184435,0.0007241448328344877
2024-01-18,0.0203498078430982,2.6482152584844343,3.555126829111554,1.044124500081429,0.0007172804071482505
2024-01-19,0.1333865814716084,2.4627393325647,3.6034297758924962,1.028978967421819,0.0007068759066967095
2024-01-20,0.3226282120275764,2.216377263604368,3.047468290167713,0.9791518505860215,0.0006726462581747019
2024-01-21,0.12418636684761244,2.2658341600979783,2.9395010721460313,0.9382901996642325,0.0006445756003100079
2024-01-22,0.14527400063721868,2.3962291625310788,3.2449692242322885,0.9489472876801905,0.0006518966816853658
2024-01-23,0.2970008943109197,2.276240057259236,3.3957545969532754,0.9402368354926818,0.0006459128773679551
2024-01-24,0.2113859685166622,2.3503348720140163,3.505796197246021,0.9596259833927971,0.0006592326068628263
2024-01-25,0.36342941209521584,2.4089921285010125,3.4480062515111842,0.9745506252245831,0.0006694853623233203
2024-01-26,0.0797745294063823,2.4257529427906053,3.4877049525395827,1.0468993511640534,0.0007191866418110377
2024-01-27,0.1749553770389197,2.2765209380773697,3.3641699601414072,1.0616830421161925,0.0007293425684888211
2024-01-28,0.29589890227305615,2.355721270374788,2.833510251238589,1.0854107488617775,0.0007456427502715875
2024-01-29,0.2743491700392954,2.243436785098517,3.1578131923170543,1.0689757187787414,0.0007343524059989127
2024-01-30,0.0863702268065811,2.5689246909338244,3.4893546346458364,1.0416098180499218,0.0007155529003698279
2024-01-31,0.1075875032724695,2.394078424804257,3.4206359812093887,1.059604023781685,0.000727914348848991
2024-02-01,0.1820750743876481,2.1696516494769886,2.9750443751941082,1.075238357911159,0.0007386546404033088
2024-02-02,0.28065689938142074,2.218793407497899,3.4974333974724456,1.088022632196932,0.0007474370312619458
2024-02-03,1.3621520842557082,2.9130325929020526,3.815091484118893,1.0883424653880522,0.0007476567465176728
2024-02-04,0.0475971663488539,2.483445369857355,3.3929170661698334,1.1094706842846307,0.0007621711626158232
2024-02-05,0.6824957772348185,2.3907712975430653,3.410846517320455,1.1291861285311817,0.0007757150473490825
2024-02-06,2.3086826278812325,2.7239912622456486,3.2481802049663586,1.151474285129144,0.0007910263038495511
2024-02-07,0.23852737900397564,2.8848893018710986,3.4862709853067915,1.1100132745190867,0.000762543904893449
2024-02-08,0.0002685662017122,2.801769153465793,3.443610485569625,1.1579837935213684,0.0007954981296036115
2024-02-09,0.0013161124204978,2.61210062737556,3.4693828979786208,1.120647033960654,0.0007698489602782898
2024-02-10,0.0006077373391436,2.345605870775917,3.5397592038967676,1.1304163207760418,0.0007765601503939732
2024-02-11,0.0,2.4329738141920925,3.4978406471572923,1.1460619635787295,0.000787308210648026
2024-02-12,0.38478399652146633,2.381819923365198,3.504835297461277,1.138779632080756,0.0007823054799378016
2024-02-13,0.14928564091710456,2.260652280494085,3.4642194822664454,1.0634824660502347,0.0007305787156455456
2024-02-14,1.6208988306221048,2.572615226765848,3.754574546677796,1.16096588194598,0.000797546729745827
2024-02-15,0.02748451572335675,2.522405529295703,3.8461634918761893,0.9149942940497195,0.0006285720522055798
2024-02-16,0.0216962760042776,2.4836239377819456,3.766023691208237,0.9309475604355815,0.0006395314401020452
2024-02-17,0.19141213638749796,2.3005460524743047,3.8383375881222883,0.9270593100526254,0.0006368603354420516
2024-02-18,2.7775742548492364,2.162401645890028,2.869841308165038,0.9212863269594637,0.0006328944792024939
2024-02-19,0.22951587880044974,2.9119171599951765,4.022849963510339,0.9219625895737993,0.0006333590501643974
2024-02-20,0.04489968816530495,2.8813526163749894,3.8907209139007812,0.9046635867362016,0.0006214751840185085
2024-02-21,0.00447098526177295,3.0580381599237336,3.72131257345791,0.9782941637473606,0.0006720570545262936
2024-02-22,0.01187636088543925,2.7948011904571524,3.639634356281162,0.9673988530999862,0.0006645723217606648
2024-02-23,0.9200079085604214,2.187422361691349,3.2262030844753045,1.0884144952918475,0.000747706228776462
2024-02-24,0.16217852190858734,2.731748798296597,3.651255788857762,0.915982535153053,0.0006292509424920392
2024-02-25,0.0004794138282685,2.8393105555830545,3.73220961038276,0.9054451225977053,0.0006220120743614672
2024-02-26,0.0755491106671186,2.4630371425268884,3.5833189584863097,0.8961117994770215,0.0006156003774732818
2024-02-27,5.667517989126372e-07,2.575257165264818,3.764619079028695,0.8859981362480347,0.0006086526116866519
2024-02-28,0.00037822878790145,2.3121930416002487,3.796598234815065,0.8992150902621144,0.0006177322397920544
2024-02-29,0.00284504829099205,2.40777748258302,3.9198596987704457,0.894292943032852,0.000614350880798588
2024-03-01,0.01892585738028445,2.223347157949189,3.920807323230487,0.931060083697372,0.0006396087400131426
2024-03-02,0.21183675163491525,1.9737541488664128,3.5953563752450974,0.9828879932374861,0.0006752128696487143
2024-03-03,1.4531323648170542,2.188572186439923,3.201167942082834,0.9601373673470212,0.0006595839114159389
2024-03-04,0.24919700552120955,2.2539788103098526,3.7423138776648575,0.8816550597069843,0.0006056690558852146
2024-03-05,0.1009796779508249,2.253720274843646,3.977647022769474,0.8809577616898369,0.0006051900342689188
2024-03-06,1.753428518818005,2.124235288784752,3.647665642268228,1.004793849246696,0.0006902614977730343
2024-03-07,0.6326013041298763,2.3892782716396845,3.991235216298474,0.9396582814444749,0.0006455154290912191
2024-03-08,1.6696215531633414,2.756653922269725,3.979616610749196,0.9860567644637005,0.000677389714953198
2024-03-09,0.740045481570344,2.652290336289292,3.882549179903503,1.0669501805192907,0.0007329609254740139
2024-03-10,0.14027407910507494,2.605486098887785,3.8961197210574996,1.0725595912417072,0.0007368144126841337
2024-03-11,0.07685144294183485,2.882629626559966,4.238649766763762,1.0613354328119513,0.0007291037719245654
2024-03-12,0.0285201582085171,2.756705363864146,4.127223524861387,1.0795921864779168,0.0007416455825053034
2024-03-13,0.16090399098437194,2.422414095449304,4.0705168337026745,1.08049424021151,0.0007422652648030093
2024-03-14,0.6497162845796836,2.3432009251178028,4.012026894819574,1.0509382806293623,0.0007219612582203777
2024-03-15,3.523778510549179,2.6843060194602555,4.215921284391344,1.1489431571124131,0.0007892874992010217
2024-03-16,0.7020290055499934,2.4171650464012324,3.954514280327171,1.0352562302187047,0.0007111881870946656
2024-03-17,1.0157343786101884,2.53791045589216,3.822724126840474,1.04808276294484,0.0007199996081612004
2024-03-18,0.37311848424582883,2.4870909657808564,3.807578466444783,1.0589670859554376,0.0007274767927689419
2024-03-19,0.1516505374172207,2.3648819021918968,3.50775948653689,1.0380076412914048,0.0007130783192142591
2024-03-20,0.10056141284685804,2.5790479963910524,4.180244999410663,1.11198193553779,0.0007638963125583609
2024-03-21,0.4664717340937204,2.6430334403829754,4.177423741751377,1.157457469823564,0.0007951365619206164
2024-03-22,1.6716323561149784,2.7624740453810777,4.403530910691048,1.1987398777446727,0.0008234962664955055
2024-03-23,0.9092374638770504,2.5440909656956414,3.9602193064251905,1.191233893012571,0.0008183398931087393
2024-03-24,2.464013983563854,2.963421457346471,4.33960352407844,1.2479970470833086,0.0008573343791683062
2024-03-25,0.0949881301996643,2.756870650457886,4.27982382686808,1.1171061826108752,0.0007674165077330016
2024-03-26,0.15335986917873595,2.624483799839818,4.266935276581409,1.1595730548917345,0.000796589901746409
2024-03-27,0.6706610807116615,2.503549999606957,4.23658879788476,1.1830303462439729,0.0008127043167327603
2024-03-28,0.6714197032243064,2.5219031806083123,3.5039463701190505,1.17675899808221,0.0008083960995014944
2024-03-29,0.3557805550586739,2.9898757869010315,4.511444157880129,1.1779769279882806,0.0008092327787086542
2024-03-30,0.5005768065574464,2.6302657618888654,4.1793763068168435,1.1607286465828097,0.0007973837565775205
2024-03-31,0.5261813282111094,2.689132083520472,4.140483423229171,1.1612514605056437,0.0007977429131564571
2024-04-01,1.0499774808539746,2.4872603027491897,3.9129846800083246,1.1159241759779879,0.000766604506674868
2024-04-02,0.2954525175217354,2.674252222935904,4.244665178357597,1.0863641274109435,0.0007462976910893339
2024-04-03,0.4906681578727775,2.429762105960686,4.011861165748072,1.0100869756381021,0.0006938977076817366
2024-04-04,0.8409328168332254,2.347860788035097,3.6285261925765555,1.0383017548749538,0.0007132803659155284
2024-04-05,5.805290352097199,3.0844520176816763,3.918130640305407,1.070249047299586,0.0007352271422969249
2024-04-06,4.383217534291562,4.156394506202401,4.095569847951052,1.1622011360849596,0.0007983953101513915
2024-04-07,0.3441011504216222,3.687521660026309,4.193062948520519,1.061561423418364,0.0007292590203017145
2024-04-08,4.340936659535811,3.4200289289868,4.033226126060644,1.081311716280331,0.0007428268449282071
2024-04-09,3.920381713341067,4.003096447768741,4.0855276148574236,1.1324434409568116,0.0007779527176486326
2024-04-10,0.4690341821847364,4.0891339361833765,4.381569797669432,1.1523157959371937,0.0007916043950781072
2024-04-11,0.3164417974426046,3.513565869270273,3.897957342205693,1.121772541731323,0.0007706221484104818
2024-04-12,0.4159811296921292,3.643906409301081,4.029482398619941,1.265585615408808,0.000869417167618041
2024-04-13,0.397035962032027,3.6011971629146444,3.9108548712127775,1.1055897325590522,0.0007595050719019013
2024-04-14,0.3844208389433911,3.228302689598263,4.217382908728979,1.0573377738590073,0.0007263575070479306
2024-04-15,0.0041960281419826,3.5291545222454275,4.436588314318838,1.0585069400703162,0.0007271606871437967
2024-04-16,0.0332925219705948,2.999800953879876,4.412317423312329,1.0484266503825999,0.0007202358479212581
2024-04-17,0.2487546272643854,2.505586321240428,3.9918616882107445,1.0347641247593922,0.0007108501262559552
2024-04-18,0.5382368497639946,2.584542908208959,4.281915981557534,0.9893611188153181,0.0006796597015635167
2024-04-19,0.5819667494419312,2.8134619850684506,4.269232528760338,0.991048819439931,0.000680819098351038
2024-04-20,3.363196058473796,2.92215609881471,4.003489489994262,1.0279290897741362,0.0007061546740596753
2024-04-21,1.7011419679860922,3.326272611118099,4.140105577095199,1.0578624119437863,0.0007267179167682527
2024-04-22,1.3005676313266135,3.620511825047881,4.161790768647794,1.0679609336334481,0.0007336552807977254
2024-04-23,0.980938772949568,3.515266727074648,3.9612919977423133,1.1989280641452662,0.0008236255445825794
2024-04-24,1.7224710449476326,3.484172038063024,4.094360230583394,1.3164650817289505,0.0009043697468504517
2024-04-25,2.447394122068503,3.2298330402905906,4.251992313083527,1.390338754669647,0.0009551186165497139
2024-04-26,0.5880402174533738,2.991813388341594,4.007402111548932,1.1604528263810376,0.0007971942768491822
2024-04-27,3.1563259108433046,3.1156017130327065,3.851726651618618,1.1021794071023265,0.0007571622865042619
2024-04-28,21.02914892271317,4.428309029827653,3.813517078005775,1.1585562877350644,0.0007958914149662842
2024-04-29,7.82769148685331,4.251352506553944,3.849238501378745,1.1553419836407146,0.0007936832900259024
2024-04-30,8.151027630756099,4.382657054907564,4.081286215684363,1.0678945926958285,0.0007336097066782188
2024-05-01,1.6662917391869498,4.219302893208905,3.9857756165144944,1.1577558062766207,0.0007953415095992688
2024-05-02,3.132663074171523,4.48259262697161,4.2295688219455565,1.085366027442619,0.0007456120280753938
2024-05-03,1.5510906971250087,4.788155061245528,4.4322190690929215,1.0793278935179706,0.0007414640216264028
2024-05-04,0.10608314289257455,4.880916997374996,4.456363535004707,1.055589243410189,0.0007251563221009806
2024-05-05,1.0710834817975503,4.047627011266111,3.91625623144304,1.103822269648852,0.0007582908809546061
2024-05-06,1.6662261005530494,4.0589758254089245,3.9941823440949284,1.1226302717650671,0.0007712113817325419
2024-05-07,0.9535254515202924,4.351457041779319,4.334572241219697,1.1741176084617524,0.0008065815486292073
2024-05-08,1.4842717952651,4.418259019297301,4.327205146981095,1.1473439927127382,0.0007881889239912585
2024-05-09,1.1931328647857944,3.891146090041405,4.133779058389622,1.206479944806801,0.0008288134470168371
2024-05-10,2.262168366130425,4.1834221103294125,4.45846657303497,1.2713818608686789,0.0008733990043655391
2024-05-11,2.4111762708895665,4.036159139593,3.9916388591217857,1.2882557769504985,0.0008849908493959057
2024-05-12,2.6798384661483476,3.984947495584218,4.047418008279317,1.2765167493746585,0.0008769265098669834
2024-05-13,7.224191304833348,4.303682907795977,4.212425192320068,1.324869117528841,0.000910143052830499
2024-05-14,6.917464324230918,4.264849860310605,4.1870424546364475,1.3592187871942196,0.0009337401861618874
2024-05-15,9.335276359475245,4.900034001068329,4.378729846723834,1.3788221238939105,0.000947207056567018
2024-05-16,6.162954296095891,4.654204895429147,4.354600785664694,1.3137240332566873,0.0009024867335086092
2024-05-17,9.249000959632433,4.04268676594002,3.616871722727432,1.297349995019926,0.0008912382886993847
2024-05-18,7.747265231595102,3.99719370931617,3.613306966500965,1.2390518352931368,0.0008511893024515148
2024-05-19,8.520431661471603,3.848782091962229,3.5292707785001647,1.2054730230397852,0.000828121723707064
2024-05-20,3.4546690773745476,4.191460718894393,3.815819987119577,1.2089454884213655,0.0008305071972617157
2024-05-21,0.7513092841530715,4.93113075480453,4.414989529838487,1.2243015775201047,0.0008410563433071246
2024-05-22,1.231413466236775,4.509015813929957,4.1596395129271375,1.2082460644621886,0.0008300267151906902
2024-05-23,4.257878783841075,4.24661289734405,3.999695961526427,1.2293150943805926,0.0008445004703385799
2024-05-24,3.776107003819637,4.347694103205082,4.106300105773929,1.2654406521330879,0.0008693175824465198
2024-05-25,1.718301952243056,4.477673128732891,4.171413531359054,1.2593829682496964,0.0008651561457960863
2024-05-26,2.701317745192931,4.3996003477180805,4.255917929746515,1.2229250507888085,0.0008401107131124518
2024-05-27,0.7498812792813996,4.470808756590452,4.124940453903072,1.2267556556714319,0.0008427422171424959
2024-05-28,0.9201788557020434,4.925256330634932,4.124578562603051,1.2092913368173435,0.0008307447841378586
2024-05-29,1.6782470411208834,5.107852615141285,4.290170852574715,1.349405423551192,0.0009269987166639341
2024-05-30,0.7112603556041228,4.797371197012645,3.870372277242411,1.2872179678296294,0.0008842779074539237
2024-05-31,4.996474983440613,4.017962451136031,3.562391412806491,1.3523599146219791,0.0009290283582995865
2024-06-01,8.510851742388631,3.74651162231766,3.394789679785691,1.2886937832519625,0.0008852917458294471
2024-06-02,6.948730545568457,4.365372672792057,3.8457571131351846,1.3133317997545122,0.0009022172815360567
2024-06-03,3.717599790468531,4.405921317100218,4.039078689264565,1.2412689911761958,0.0008527124182048447
2024-06-04,5.0289523472737745,3.9758221406048713,3.618626070978424,1.2462151166918662,0.0008561102495203725
2024-06-05,7.110879992606428,3.317825381179208,3.0121487435893584,1.2559276694111177,0.0008627824651118753
2024-06-06,16.721020748192135,3.0390632228596752,2.5951275213117078,1.2956780901709313,0.0008900897431085988
2024-06-07,17.89689019133659,2.9457863691817217,2.7704245706104556,1.3251507673136829,0.0009103365372974652
2024-06-08,18.576369696672,3.1089903986461684,2.789540033573867,1.4099083331039521,0.0009685622960974912
2024-06-09,13.548555729951865,4.080403370920116,3.9697608111299143,1.4337561964520498,0.0009849450216542666
2024-06-10,37.42248113450239,3.4024414221403125,3.063613752599876,1.4772205198073187,0.0010148036329120803
2024-06-11,44.76574229191405,2.9977634509204285,2.661591713987421,2.02987361628736,0.0013944587775083716
2024-06-12,11.483148642379891,3.568557261986144,3.393359069246903,2.1288213369352333,0.0014624327225189167
2024-06-13,14.807601436973592,2.507794082107256,2.2781014769953254,2.087237017971013,0.0014338656146354102
2024-06-14,10.027609166258925,2.7118715654106533,2.646697417619951,2.2127765762880154,0.0015201073085098554
2024-06-15,39.99976097266524,2.742884533661921,2.482387737130958,2.178412318388755,0.001496500153524596
2024-06-16,26.934847137471024,1.616442470618014,1.6700974575553107,2.5517557949277907,0.0017529752777431908
2024-06-17,70.99807059823982,1.980075982477561,1.8630264539457464,2.8363934043514996,0.0019485122854096331
2024-06-18,22.100899417754892,2.7223749838667195,2.477433805541655,3.0118430690775773,0.002069040639010119
2024-06-19,22.798092706273554,2.9703982870891616,2.602778312877491,2.9835398777224253,0.002049597244455892
2024-06-20,40.26010673178584,2.358352955539374,2.2578924197375336,3.0646761683009567,0.0021053353020688767
2024-06-21,33.95933949188702,2.634633150379817,2.360952394408062,3.5696135469125414,0.002452211262250486
2024-06-22,5.133109024307225,3.885581795490423,3.5858483346926358,3.474677467307677,0.002386993187368874
2024-06-23,22.531610571709628,3.446298014008365,3.2864880657368016,3.556810214896569,0.0024434157793358
2024-06-24,19.73767701514427,3.35301208672454,3.206411276842342,3.6883649962109386,0.0025337897405790337
2024-06-25,15.150588688891123,3.817454195305015,3.72766493524544,3.9690999378917518,0.0027266457393165886
2024-06-26,16.0936678435774,4.106467302192137,3.77586492093197,3.96711363380894,0.002725281211426353
2024-06-27,15.232139882025596,4.420585518201261,3.897034595101871,3.5317073896001383,0.002426170934733656
2024-06-28,4.846408963463538,3.68727699216091,3.3909883818385906,3.808876573806159,0.0026165773712081746
2024-06-29,24.305694956732708,2.828418221292733,2.3954740709734943,3.935940693086036,0.002703866390098064
2024-06-30,19.324395369422113,3.696198928238597,3.540030345171314,4.218932145727004,0.0028982725402783905
2024-07-01,18.831633765764547,3.2302292733170463,3.1871375796426817,4.137910490177962,0.0028426132332939166
2024-07-02,7.455067130300586,4.277305751815311,3.7821059437648823,4.230647020515511,0.002906320287608652
2024-07-03,9.216417611541303,4.571734850916302,3.9440296851927754,4.334683055945689,0.002977789743450008
2024-07-04,0.6212194448368425,5.086006655790691,4.167348325137516,3.929905005343343,0.002699720064098472
2024-07-05,6.973213238502082,4.146657265901669,3.832998397267527,4.147199460461932,0.002848994461190355
2024-07-06,16.993342373405426,3.439897628210318,3.1344022036222654,3.7336740429015083,0.0025649156182451327
2024-07-07,5.805350784366666,3.7709111906907578,3.4575265500409325,3.906171933649609,0.0026834161967665277
2024-07-08,12.296974716908794,3.3518259084462403,2.9344260766751766,4.16618023727577,0.0028620336527043536
2024-07-09,16.930095430048254,3.5099338909441773,3.4174059638472443,4.138518065582902,0.002843030618322038
2024-07-10,11.961905566462935,4.434216567866288,3.9162140260518177,4.052495048610711,0.0027839355347059353
2024-07-11,0.57501005415847,4.692341757724205,4.030251107092678,3.512154285354912,0.0024127385724311396
2024-07-12,3.2034233185006817,4.490703983331422,3.7699934833452393,3.7218598227695647,0.002556799623815619
2024-07-13,4.3454341636937714,4.827506535911796,3.874793688796715,3.744489643571521,0.002572345592785079
2024-07-14,0.7538853657261662,4.65135672089754,3.9276277215238924,3.5720170633069115,0.002453862401762878
2024-07-15,2.983369398312855,4.427411924970958,3.78478684941498,3.3062902889745103,0.0022713165378659274
2024-07-16,6.609439637895694,4.493900544391897,3.8972280116646965,3.235932008847668,0.0022229826315054344
2024-07-17,3.1388632537324352,5.160305809587444,4.319838919603459,3.2035892662464565,0.0022007641933982176
2024-07-18,0.8341581676774744,4.7218016601178805,4.04573569397405,2.623137917167244,0.00180201253115409
2024-07-19,4.219572904954501,4.3259503601013485,3.918988809742701,2.3722771026862195,0.0016296791100587529
2024-07-20,9.277814822091695,3.1417029099874387,2.802389152755744,2.1009683033472606,0.0014432985720696772
2024-07-21,12.53426733899276,4.160198122646347,3.6638100274306926,2.068450255524884,0.0014209597048370037
2024-07-22,7.59758816176813,4.421589405660871,3.8830320356222527,2.2366221374700355,0.0015364884525515708
2024-07-23,3.308255086122567,4.936106089266148,4.191455734873138,2.131578029805867,0.0014643264830661278
2024-07-24,0.3779552582504008,4.788555971651912,4.046242845987056,2.136889894193886,0.0014679755653840482
2024-07-25,5.089455865969625,4.286194916680379,3.877576042509343,2.018352843013907,0.0013865443717611637
2024-07-26,9.649076774453377,4.352764943758374,3.8887793797442893,2.232349590595542,0.0015335533483935345
2024-07-27,10.098855265881323,4.170509659098925,3.561290088954656,2.3260028078422548,0.001597890137533361
2024-07-28,9.198214293429515,3.9069246992749993,3.4076358378502216,2.326846274045934,0.0015984695720566804
2024-07-29,12.98934264139594,3.5187636444578354,3.2453972757455185,2.3595130543866056,0.0016209106138109464
2024-07-30,4.134372748561706,4.269736100109629,3.583565471413306,2.467106661564995,0.0016948240085808664
2024-07-31,0.839102586383027,4.689159846224057,3.8980755656587256,2.4874244610110066,0.0017087816922266913
2024-08-01,9.401834080157979,3.5196739515708204,3.0415929514436195,2.4908435118681633,0.001711130471697617
2024-08-02,6.173455567507897,4.027111076400016,3.516798379210803,2.516996199318046,0.00172909653829275
2024-08-03,2.4915540651632546,4.188667890163679,3.747772320514481,2.5391874771712577,0.0017443412421690122
2024-08-04,12.027686510490387,4.375419178482394,3.926514991404017,2.5266073708678913,0.0017356991082371456
2024-08-05,4.100486501974676,4.417653638856745,3.9710878416833237,2.4677625817029347,0.0016952746049068422
2024-08-06,0.9935470825096346,4.808124572543449,4.1029029079245145,2.537173481975427,0.0017429576913626213
2024-08-07,3.1655475067520604,4.866544932037541,4.139433364758117,2.5925509181271322,0.0017810002331731273
2024-08-08,4.677639867972711,4.75734190162316,4.004554129193542,2.5799292325503584,0.0017723295355995148
2024-08-09,6.117556267436575,3.7981963638171536,3.4469165823401755,2.2366871160792448,0.0015365330907946787
2024-08-10,10.684059004927256,3.8796526940593794,3.5527596152060963,2.272000264661402,0.0015607921035759333
2024-08-11,3.078404850190206,4.552424612964661,3.960070763171292,2.488362715942562,0.0017094262435989297
2024-08-12,3.814368691611419,4.183250563267113,3.60750649484659,2.4314725876425825,0.001670344530272077
2024-08-13,7.603948532865148,3.692416820074488,3.120628663762995,2.2335127312106087,0.0015343523890959418
2024-08-14,9.685707075783297,3.704034808007154,3.2498883187173693,2.272703416625953,0.0015612751466683816
2024-08-15,6.695022349650005,4.417154776638511,3.90281926305638,2.4473789830540302,0.0016812717192960817
2024-08-16,2.753814718779819,4.807651301727697,4.18681126914149,2.441766091420953,0.0016774158408107685
2024-08-17,2.667746064133342,4.315173414761063,3.8436832374800565,2.4159387446766845,0.0016596732729590963
2024-08-18,18.987659664016377,4.391762654027081,3.9306886761321755,2.4872778239862905,0.0017086809572427089
2024-08-19,0.9170315686875304,4.999780915613648,4.085220813883276,2.756112175694102,0.0018933616282099898
2024-08-20,4.553659896515975,4.482986747349515,3.9828157819949292,2.695515330279792,0.0018517335178196233
2024-08-21,3.8622566834042003,4.6060361186965775,3.936444779039534,2.6516381194842187,0.0018215912659889997
2024-08-22,4.105234194233818,4.5219769822769065,3.7826924695518365,2.5406788620298926,0.0017453657762533411
2024-08-23,1.3281370944686524,4.300430318017972,3.614611257771048,2.5159896487892626,0.0017284050700118651
2024-08-24,3.4370297326021655,4.136823501923533,3.6510636620034917,2.72407377345548,0.0018713522622768024
2024-08-25,2.687985446268847,4.246901160850482,3.6981892691448697,2.7272734529885234,0.0018735503406075251
2024-08-26,9.026121306152847,3.4401743636046427,3.1924079304997455,2.4666321462537395,0.0016944980316158313
2024-08-27,4.391332597965748,4.5517334518043615,3.923727219395699,2.7955992215538754,0.0019204879760058428
2024-08-28,12.029238394497844,4.2139009515056784,3.957874476319819,2.5595721181074595,0.0017583448437980798
2024-08-29,11.506645140426045,4.107145373717487,3.764518632857903,2.7066285099411043,0.0018593679196860253
2024-08-30,16.835077467402833,4.094774785290247,3.761601645429389,2.7585589716559413,0.0018950424994122073
2024-08-31,15.907479581849095,4.182479970514979,3.7433989012333893,2.866602022120967,0.0019692646474616486
2024-09-01,8.981994518063987,4.034217153907488,3.8687265273917086,2.9901821159139614,0.002054160251371283
2024-09-02,10.234841749849165,4.278043163604843,4.071742580131772,2.9350447316869253,0.002016282617617479
2024-09-03,8.371524856315585,4.340708246183028,3.7417091783778327,3.1068364270763453,0.00213429806233121
2024-09-04,5.760984274642558,3.9998920758991257,3.70420331558556,3.1312637949271114,0.002151078889096783
2024-09-05,10.785579269902689,3.673991674835287,3.404378798459059,3.0933087923502516,0.0021250050064328674
2024-09-06,18.840367775770076,3.5528733984504925,3.241274894581724,3.169983783828018,0.002177678293096452
2024-09-07,26.836602437729837,3.020971708357539,2.7480666061641554,3.454932430859157,0.0023734289737316625
2024-09-08,7.770883343989429,3.9627769703163698,3.8025839152879493,3.9269889495985204,0.0026977168263124128
2024-09-09,15.41169685067822,4.063603049703263,3.8373971097863224,3.7457170435434923,0.002573188777627079
2024-09-10,9.465418755791745,3.7601412869798176,3.4783993948284317,3.5676555792013125,0.0024508662005485677
2024-09-11,1.9058551039543241,4.584497891967129,4.190431968327378,3.7982187522133732,0.0026092557858888085
2024-09-12,6.509217060555583,4.32875717145041,4.244431727029715,3.7605884815242767,0.0025834049837298043
2024-09-13,4.740747830252771,4.451491988198528,3.9740209142957674,3.710000811981463,0.002548652859626289
2024-09-14,2.139593434763145,4.54727170819586,4.078091348192526,3.620009257527732,0.0024868315166605395
2024-09-15,8.654123170238314,3.865229949917433,3.7595045371458853,3.1693550834540467,0.0021772463958847866
2024-09-16,11.30760014601425,3.749499964890411,3.4743644562796048,3.280222961056551,0.002253409110561231
2024-09-17,6.893658478132454,4.678470491532294,4.15842207091274,3.2804639843881445,0.0022535746859436725
2024-09-18,7.057010174664709,4.203582337480773,3.7823503176122495,3.3095673629010345,0.0022735677836896668
2024-09-19,2.9195605986395936,4.301257663938388,4.00989505073429,3.264856278007942,0.0022428526868083502
2024-09-20,5.856463676224492,4.169440663724781,3.7784164318499394,3.2166163957696265,0.0022097134181004673
2024-09-21,15.877565208299798,3.928975269236757,3.563843317856512,3.197432140942283,0.0021965344436464434
2024-09-22,7.173923207439998,3.535909667662241,3.199579623914619,3.5173507435597067,0.002416308374362397
2024-09-23,10.764305771433284,3.3409308920108027,3.0820011900811086,3.52514169537532,0.0024216605110950755
2024-09-24,19.12177917473176,3.299504422660962,3.005807858649164,3.6272868515564967,0.0024918309928797116
2024-09-25,11.24107061308612,3.524823590320748,3.21187018735088,3.8880365513291815,0.0026709577644497195
2024-09-26,2.629288550511028,4.171197430436751,3.794594169005863,4.0324280002209285,0.002770150109080768
2024-09-27,10.893136677715226,3.592127928507114,3.4344144910938192,3.8760474936826963,0.0026627216621943625
2024-09-28,32.211383236787675,3.1999849792614605,2.8268970117189527,3.8367724757268205,0.0026357409708419916
2024-09-29,8.66707927076968,3.712831608995821,3.454389834206462,4.334071867876253,0.0029773698766359887
2024-09-30,9.882779011158982,3.688103931526276,3.291167381584814,4.096970132901745,0.002814488506660657
2024-10-01,13.100160900933137,2.6558251751149093,2.377289058768639,4.19047133819736,0.002878720868412594
2024-10-02,6.932432229796072,2.967312174815665,2.6745761702274784,4.1251261103109975,0.0028338307699043506
2024-10-03,15.763655157018476,2.9133988199292284,2.647592751473957,4.640019027045119,0.00318754586894091
2024-10-04,5.974929962416983,3.6923208259570046,3.6024003657172887,4.463892069730459,0.003066552236818889
2024-10-05,6.213811258483036,3.367475903310252,3.374706047182914,4.109212691085992,0.0028228987557432595
2024-10-06,5.180962620548596,4.014987339573955,3.811078366206414,4.018773004432921,0.0027607695601733675
2024-10-07,8.104195181149262,4.075335736480728,3.8543337661690713,4.22454360044473,0.002902127431648443
2024-10-08,10.346038562582097,3.387934162471552,3.217841168184965,4.176822583933514,0.0028693446072342813
2024-10-09,4.098445352401798,3.9381152098777976,3.6956352496979674,3.6705381117502913,0.002521543236504931
2024-10-10,3.971993482501631,3.719266198933329,3.2463547892006197,3.8540588032522898,0.0026476161294505672
2024-10-11,5.884886644505783,4.055020037565642,3.5078383332783454,3.623008048518336,0.00248889159093571
2024-10-12,1.5713354594469002,3.7704563242787454,2.9115414243338327,3.1833800961666467,0.0021868811346807526
2024-10-13,8.8472072248262,3.658891053260089,3.0012833509238392,3.1663942065632695,0.0021752123673933884
2024-10-14,5.269908178679767,3.705841264692271,3.2143901009127362,3.1878815568602845,0.0021899734953703476
2024-10-15,11.652320073233057,3.808309788948268,3.363598457374402,3.4585693607864894,0.0023759274292116774
2024-10-16,22.09611280997546,3.608838709368408,3.3797822873259102,4.074332976283624,0.0027989374982182167
2024-10-17,11.480956094920533,3.240144022422528,3.0012097424036526,4.553873579009349,0.003128366679068202
2024-10-18,7.0302725134622275,3.483984479600784,3.238833665843049,4.099121832625053,0.002815966656108806
2024-10-19,6.82551377267219,3.0592226137376777,2.835602678284425,4.719803376550201,0.003242355185926194
2024-10-20,30.505155972934016,2.272485911935619,2.3214111776484554,4.823014246171072,0.0033132577790345916
2024-10-21,5.122547094447298,3.457331204048868,3.1086735750797323,5.657680028756992,0.0038866466922525575
2024-10-22,3.0741575013282816,3.176391404281861,2.9520626852566156,5.203299756590835,0.0035745018602961606
2024-10-23,0.8451501281322455,3.706172097467947,3.175488847088064,5.157789513312501,0.003543237766957145
2024-10-24,0.300393215223168,3.912782199092938,3.4157520382271884,4.7697410266439295,0.003276660767289779
2024-10-25,0.6558917784723524,3.586092160289426,3.1490579196704527,4.420820227130961,0.003036963247389004
2024-10-26,3.0268295222366834,3.6503759174452735,3.264039169352988,3.9790734835164168,0.0027334972487542213
2024-10-27,2.166459902379771,3.9054702545674345,3.3717366056142968,3.631330167694617,0.0024946086227941077
2024-10-28,3.041595865752567,3.739206113183222,3.1810046932773344,3.41159115892346,0.0023436548948953403
2024-10-29,5.447954141089525,3.78528727205729,3.3387182207512747,3.213270508513675,0.002207414899702485
2024-10-30,1.9225337776928793,3.893140339217505,3.5476007795075253,3.118549963827875,0.0021423448904725165
2024-10-31,3.5204623452916586,3.023843266593858,2.8533151455463153,2.985466354465457,0.002050920672861696
2024-11-01,6.285416784237441,2.829564249663779,2.631687310423065,2.933660067140765,0.0020153313970021638
2024-11-02,5.044099262041121,3.2783388264004403,2.973498403629987,2.985909341963686,0.0020512249912193886
2024-11-03,5.265953913120956,3.182816925405894,2.976544402982909,2.8838183750057604,0.0019810917357119956
2024-11-04,8.194286393478155,3.047251672920089,3.1616896941430577,3.113480411366692,0.002138862268761089
2024-11-05,2.6999892822583034,3.651539753566578,3.443452090369696,3.1504876181053816,0.002164285045752604
2024-11-06,4.503214735527761,3.6167339925010458,3.4024596766466257,2.945160089280544,0.0020232315473788583
2024-11-07,1.0805778395219081,3.788146968311144,3.491672209245472,2.3438954283481337,0.0016101818001850899
2024-11-08,1.0944617857347843,3.702670803028407,3.4121215652212333,2.308279592510799,0.0015857148508621533
2024-11-09,1.1787798517666388,3.4959759175023426,3.295354058984307,2.618363027405847,0.0017987323333693661
2024-11-10,1.066723101646128,3.644347241975839,3.206636720264013,2.7162574916281583,0.0018659827246296644
2024-11-11,2.5583308285930424,3.5545394985934986,3.2024024060832543,2.581104889854233,0.0017731371748700463
2024-11-12,4.424526391911772,3.177649077143053,2.966297889136044,2.5644929744535654,0.0017617253159957704
2024-11-13,7.902741059071373,2.687168313992269,2.7060932155235573,2.2532386534797713,0.0015479034718983242
2024-11-14,2.1168530997026016,3.382985140668232,3.068593288269983,2.5196197878678084,0.0017308988603942008
2024-11-15,1.9231625935940972,2.5938182883923093,2.4871175043311915,2.8184652056996358,0.0019361961817003144
2024-11-16,3.5832366919062,2.588930287387216,2.559056355804923,2.8422163270053664,0.001952512448543084
2024-11-17,10.97594278329862,2.190143070431302,2.1541439784532024,2.809867407434031,0.0019302897670533535
2024-11-18,18.62172601215386,2.3186700530414104,2.3213690092121775,2.9738156091296415,0.0020429169804309535
2024-11-19,20.59418749863314,3.0282693883119784,3.0868187600355004,3.399999431777459,0.0023356917460886735
2024-11-20,5.406902192172856,2.5061388654989,2.6243717986215818,3.763223958708035,0.0025852154729456484
2024-11-21,2.4633527896906857,2.662206534296274,2.3549501739029264,3.615371164453285,0.0024836452938599334
2024-11-22,3.744227926651505,3.713876643181359,3.073279191193553,3.7490949829278803,0.002575509314820457
2024-11-23,1.3433638352517616,3.310342391195674,2.8977618959768483,3.861100028696905,0.002652453227951122
2024-11-24,1.4219927143449338,3.762073399527814,3.358823729235857,3.8647902728050667,0.002654988308581997
2024-11-25,0.12166718624628585,3.803987610337562,3.4345183761491733,3.721393128322481,0.002556479019536156
2024-11-26,0.1333145932717757,3.5213633068225394,2.9234991011036575,3.618117071000349,0.002485531644545044
2024-11-27,0.04919329546328065,4.0149434827472605,3.601532770722654,3.287008212345126,0.0022580703629372575
2024-11-28,0.0126350358819638,3.916995728461913,3.4252380671555067,2.3785083215781477,0.0016339597597547265
2024-11-29,0.0067850686332583,4.300332118598921,3.3242545345042704,2.444094287463141,0.001679015237630718
2024-11-30,6.39753112662e-05,4.224533239127126,3.0631295045535833,1.9994561752871063,0.0013735629605216347
2024-12-01,0.0368221264443803,3.5525779311719323,2.8560737813427677,1.8428744519833957,0.001265996284100862
2024-12-02,1.326963010467294,3.023457492974876,2.5130507646255653,1.8169108650460308,0.0012481601235586949
2024-12-03,0.01715422182708895,4.387880349611644,3.390286601397061,1.7693782880911326,0.0012155067511415588
2024-12-04,0.03050801632220315,3.9337950081310487,3.0576070169580443,1.8293605135596402,0.0012567126371277166
2024-12-05,0.2856852416116153,3.303294955061088,2.9405414226551945,1.8543019312333096,0.0012738465998136117
2024-12-06,0.633932491597917,2.8626905917150074,2.7746262205310988,1.7836507206976524,0.0012253114595553564
2024-12-07,0.05896471268971295,3.42300927943804,3.164626864901852,1.81689183668588,0.0012481470516789378
2024-12-08,0.2947323867734873,3.1539738069625503,3.001936982394308,2.1209936358961174,0.0014570553402355453
2024-12-09,0.0267806754401115,3.357517525815688,3.253517535551184,2.057668686539171,0.0014135531089845303
2024-12-10,0.0431599749913149,3.382674650022341,3.404268960505057,1.9767328505824269,0.0013579527573373753
2024-12-11,0.458608501260113,3.157442596966264,3.1455073209208892,1.95739905908067,0.0013446710559320179
2024-12-12,0.4824093804618365,2.905899644421979,2.9230719418304174,1.8780183949549742,0.001290139057995625
2024-12-13,0.03171825899677045,3.1216148691216725,3.0354120102704525,1.7689195413952674,0.001215191606715044
2024-12-14,0.03173729052012065,3.301192338595975,3.034566781136294,1.9018782167032688,0.0013065299985939606
2024-12-15,0.3410539818259905,2.637008768162893,2.562450357762395,1.8622765651879125,0.0012793249203485381
2024-12-16,0.05680280218153785,3.4975728617524204,3.402157258114858,1.6154658819736922,0.0011097738109447962
2024-12-17,0.2577581548048099,3.249884498390285,2.9578396668492326,1.687244861156838,0.0011590836924858933
2024-12-18,0.05871988377574355,3.0997023242006576,3.096146993295904,1.5423563810605379,0.0010595499031854215
2024-12-19,0.26230650172917275,2.477088844080937,2.6261525756959934,1.732342762623416,0.0011900645200816024
2024-12-20,0.27444300530909677,2.312236959130645,2.535538915936341,1.5046662409953262,0.0010336579726643572
2024-12-21,0.0614162796459721,3.127399383122373,3.30863331429129,1.5010209353238406,0.0010311537633138255
2024-12-22,0.02485528710054755,3.37991005011018,3.270377236927206,1.5586205606778307,0.0010707228786082895
2024-12-23,0.0416494995406725,3.2335329252913416,3.2836625633234493,1.4547158314307143,0.0009993436259490634
2024-12-24,2.1902341739634235,3.263782688271171,3.279034874843612,1.6102109501719286,0.0011061638395074712
2024-12-25,7.659376856839397,2.7745783306645486,2.7457163297983262,1.3779196187479283,0.000946587064163322
2024-12-26,1.8378171871893028,2.638633009908948,2.5152911335595936,1.3998551476301684,0.0009616560766100544
2024-12-27,0.4651463852019938,2.73226665677966,3.0844620139882903,1.4165202168631015,0.0009731044504808139
2024-12-28,0.2578655018201209,2.850373150975688,3.2408187560567794,1.3999463316150629,0.0009617187171149036
2024-12-29,1.6569118402376903,2.319880682930325,2.5765184674832735,1.393800603490158,0.0009574967968637168
2024-12-30,7.310590390664078,2.2667258559353964,2.5612143672623437,1.5631555101544208,0.0010738382450293548
2024-12-31,6.556174053909444,2.857158033218791,3.1151764475662556,1.4899814329120737,0.0010235699753804817
2025-01-01,1.3382691163135725,3.229681423211896,3.17240304988204,1.485097892631726,0.0010202151381361305
2025-01-02,1.2527790489033317,2.5608387550476484,2.545799501546039,1.4130744561665443,0.0009707373221975782
2025-01-03,2.0154944652445614,2.96204629566642,2.775904362447429,1.4193982251685544,0.0009750815508830651
2025-01-04,1.3851506125100566,3.157856935670353,2.941317810237444,1.4936210189355543,0.001026070255514287
2025-01-05,0.30960796934458246,3.3888417315281174,3.3782672296700746,1.4462045686134322,0.0009934966584098
2025-01-06,0.1778211682062881,3.1579135394755817,3.264725861733086,1.3929870693963975,0.000956937924750328
2025-01-07,0.0942901996797553,3.142938702359259,3.129446091286622,1.3686206723874066,0.0009401989830187798
2025-01-08,0.330183496503806,2.639947724281004,2.782552451676319,1.3157220574678725,0.0009038593127552214
2025-01-09,0.3239572763851945,2.749629315519209,3.067643518274431,1.3109296219018212,0.0009005670615593333
2025-01-10,0.06883406246782495,3.1603766528579635,3.3991388290522164,1.3260102606036754,0.0009109269819206294
2025-01-11,0.135120056761232,2.955534616820706,3.174379146005921,1.395417781504931,0.0009586077468555779
2025-01-12,0.0239826521579029,3.0608981972365394,3.3369519179500626,1.4146537659579816,0.0009718222579213613
2025-01-13,0.0327288657114396,2.973089055325932,3.316745175862889,1.3734355012801487,0.0009435066177196855
2025-01-14,0.02917629210564585,2.97310875048206,3.287463099300984,1.3422754133609882,0.0009221006258598185
2025-01-15,0.00207011376944475,3.258241556974617,3.24074186503259,1.2949429022358683,0.0008895846923207365
2025-01-16,0.0444474455536133,3.0847753783109666,3.270635271113146,1.2405874299981139,0.0008522442072977423
2025-01-17,0.0052798775800173,3.345464003203664,3.320149540387856,1.2475911833239122,0.0008570555636414568
2025-01-18,0.0006133642040852,2.9751909449440945,3.2631557090510883,1.2152815613970445,0.0008348598783867746
2025-01-19,0.0162691637444296,2.8489343646281164,3.3328566188179285,1.2124190809824749,0.0008328934451529445
2025-01-20,0.0451803015701562,2.688716078659529,3.1226355006770774,1.1343212707175694,0.0007792427271209191
2025-01-21,0.020104542224398,2.905146468839709,3.3793197894705505,1.1363975421546977,0.000780669059729394
2025-01-22,0.14342266464497005,2.622206268854452,3.310557030108253,1.1114038768618797,0.0007634992045866773
2025-01-23,1.2605868297025118,2.782702390871316,3.011811322968236,1.0378073482456716,0.0007129407242460525
2025-01-24,0.25298139048117363,2.7863516409978857,3.0284960691978977,1.0401296541929914,0.0007145360747576882
2025-01-25,0.578526046950347,2.3930604149480423,2.795389275522368,1.1848687376630593,0.0008139672333154832
2025-01-26,0.02321830561140655,3.090503924297837,3.5897387369140934,1.0743385290808631,0.0007380364865435841
2025-01-27,0.4657917503733584,2.5532525400175854,3.2650791625831492,1.110805734141736,0.0007630882995137632
2025-01-28,0.0469159749727518,2.9038599808900067,3.5445813394823547,1.0627811179405022,0.0007300969117441313
2025-01-29,0.0598117760343011,2.8286912313967587,3.6840065158416975,1.1014249881178797,0.0007566440245955697
2025-01-30,0.20156543997094795,2.5409964323810605,3.4517241658460267,1.0920572976002507,0.000750208718395974
2025-01-31,0.2287059178380581,2.611553470570576,3.3662659326952005,1.0408391650428528,0.0007150234862026118
2025-02-01,0.7417007773880666,2.434626526772772,3.212550236197577,1.0064221469359167,0.0006913800866284743
2025-02-02,0.01772551198715025,2.519340196857628,3.1979070661517177,0.9569539604059605,0.0006573970118396675
2025-02-03,0.1920449606774072,2.50868769729986,3.4472318250223726,1.0033348191911449,0.0006892591904119814
2025-02-04,0.983514534775178,2.461315176607865,3.214819585594377,1.088059621233004,0.0007474624415562658
2025-02-05,0.18798055227579905,2.534889842912325,3.4575501778828706,0.9551367982482679,0.0006561486790860328
2025-02-06,0.5331599810050942,2.497500416504836,3.1330530536247125,0.9653846597205301,0.0006631886348084107
2025-02-07,0.1466838042712511,2.772834041758119,3.5519020022189207,0.9720574406347647,0.0006677726236053404
2025-02-08,0.200911880430176,2.388811375511296,3.097161620482229,0.951430405873062,0.0006536025051079952
2025-02-09,2.1032774300398263,2.2210372631049893,3.0363151947878575,0.9688109153256087,0.0006655423637125912
2025-02-10,0.2670338745756346,2.7250424530644666,3.4179147051511762,0.979235710912559,0.0006727038675585998
2025-02-11,0.22589382207205605,2.5945004318580414,3.771228973232756,0.9569802174169485,0.0006574150495732237
2025-02-12,1.383016784951741,2.585437992271388,3.2073619733928855,0.9720487742812847,0.000667766670095436
2025-02-13,1.1135261005080435,2.5442090807211035,3.241231712455601,1.0511457530801842,0.0007221037852121168
2025-02-14,0.4036588309570616,2.594856943098084,3.1840292535467563,1.054873376398972,0.0007246645441748523
2025-02-15,0.5483590467365772,2.368881132319493,3.020635564206039,1.1356836820822906,0.0007801786605065589
2025-02-16,7.833133032033892,2.41018447379612,2.970731436406053,1.1419860594977516,0.0007845081938507254
2025-02-17,2.027904093220254,2.602257177962141,2.6320949330024765,1.2835315765054425,0.0008817454735634112
2025-02-18,0.25809940276587606,3.035805925349889,3.399770880109383,1.2866413593305528,0.0008838817957077186
2025-02-19,6.236544813671205,2.996030583095899,3.2550492377603906,1.3923005531407397,0.0009564663098621287
2025-02-20,1.3463213962839975,2.672406161079378,2.711731038099779,1.2872280496831645,0.0008842848333674597
2025-02-21,3.1354754969253524,3.0428764384757496,3.1485387939649057,1.4326557793189703,0.0009841890699941085
2025-02-22,0.772919978684463,2.8837897405859025,3.1748923745768782,1.4498221655382673,0.0009959818327304308
2025-02-23,0.07539929539012324,3.465429595376063,3.7992295379296537,1.4163257792199058,0.0009729708779883904
2025-02-24,0.1526513719576449,3.0990662835985683,3.659982287645789,1.344929685723792,0.0009239240267673979
2025-02-25,0.4933850884530298,2.943796257442103,3.5641090023249786,1.2797607393840227,0.0008791550280892069
2025-02-26,3.5144985671830717,3.389035982573421,3.665353664361513,1.2255331535273997,0.0008419023969529088
2025-02-27,1.0067649291912304,3.083360882229963,3.6834534892386244,1.148955759217823,0.0007892961564476418
2025-02-28,0.05094362410908535,3.5409926194026684,3.8563184726500146,1.0766525303488363,0.0007396261320039713
2025-03-01,0.11021109684458315,3.30291968477989,3.8668682838725386,1.0185930261465586,0.0006997410945301952
2025-03-02,0.0167063690603506,3.411895788784297,4.0427073082353395,0.9965159723263115,0.0006845748589408708
2025-03-03,0.03143301549947485,3.3676048395691978,4.029686941455447,1.019099748081211,0.0007000891964237625
2025-03-04,0.7241108430290312,2.6499132360579325,3.5103969385725042,1.0978457561453958,0.0007541852057800923
2025-03-05,0.41411482367666946,3.2156993040741515,4.09795819814979,1.0538981453670033,0.0007239945913946814
2025-03-06,0.08605853822178125,3.0102475241184443,3.7388458425143107,1.0455605182927026,0.0007182669061023257
2025-03-07,0.27193484978037874,2.7233200726030624,3.7542570694404174,1.1153451113099133,0.0007662067076184822
2025-03-08,0.8868821466576092,2.9520648587527045,4.06185368266739,1.0756878704759976,0.000738963441274757
2025-03-09,0.27069834993073644,2.706554058562217,3.975649582775448,1.0648802065410785,0.00073153891902003
2025-03-10,0.12728664560509886,2.60494918343619,3.68359373994987,1.0451114712522618,0.0007179584250313701
2025-03-11,0.14221317092136085,2.896395717199579,4.124560502977253,1.0336112701086944,0.0007100581516847514
2025-03-12,0.2383211822468539,2.6599688720641783,3.9208325753843942,1.0258179998179375,0.0007047044222332019
2025-03-13,0.7035494834235364,2.803072616087327,4.102187667629815,1.005617554431851,0.0006908273571035377
2025-03-14,0.554290420235001,2.74753240040962,4.084593684689299,1.0007000625033957,0.0006874491961540382
2025-03-15,0.8355830182529405,3.2973813139042765,4.424084252995296,1.000148997896098,0.0006870706322511161
2025-03-16,0.20489098940754444,2.8116766053473974,4.136930914977356,0.9516301177256967,0.0006537397008149812
2025-03-17,0.1572434427807711,2.441324681797629,3.4408320822938174,0.9443236799868658,0.0006487204098820482
2025-03-18,0.2026214173107166,2.6752957483149724,3.9573064300441505,0.9620439704015892,0.0006608936872282523
2025-03-19,3.1475555662561083,2.5717433347122345,3.605218822946319,1.0312223920850698,0.0007084170682686653
2025-03-20,0.1968038927629112,2.8701001869300526,4.079570406952525,1.037004946606249,0.0007123894997756214
2025-03-21,0.18056864818955085,2.612797954753936,3.338653878583388,0.9916162673722771,0.0006812089170785144
2025-03-22,0.09511138465551805,2.9673416848018075,4.157404946319165,1.020916465308275,0.0007013372235241708
2025-03-23,0.4155455017732335,2.6867016606786858,4.099840761295436,1.0107884660585116,0.0006943796093460714
2025-03-24,1.830847585640886,2.660725620378761,3.8836633269774268,1.010486128846411,0.0006941719132728784
2025-03-25,0.0704861678735268,3.102304365990705,4.208057871835637,0.981801240896585,0.0006744663052672731
2025-03-26,0.11134897297688325,3.073355798029674,4.052956479304829,0.9863978410576771,0.0006776240237527495
2025-03-27,0.32605794772126845,2.7762938731735,3.8382939707493646,0.9214643825082045,0.0006330167977157419
2025-03-28,1.7059626165765398,2.5634135760200776,3.466630849400505,0.9352488235062446,0.0006424862713758411
2025-03-29,2.2715679381045986,3.2585640429913694,3.885031175789432,0.9813362369438873,0.0006741468623038233
2025-03-30,2.4796577582612533,3.011292266766469,3.8205018762262584,1.0275926601928353,0.0007059235576104077
2025-03-31,7.9409367481597855,3.4991085919109057,3.933618895662666,1.107421953220924,0.0007607637493701822
2025-04-01,3.1641106951033224,3.4296904526024705,3.7283600098833163,1.0635041241259624,0.0007305935940564774
2025-04-02,4.203115017528341,3.449456056972924,3.688620517601412,1.0740403640210734,0.0007378316566066689
2025-04-03,2.037398284529413,3.974668559415417,3.961872701930842,1.068650884527229,0.0007341292551733529
2025-04-04,1.8291252773876996,3.944243090371018,4.146247228979824,1.0576238912890836,0.0007265540606454387
2025-04-05,3.434369126832684,3.734531119868389,3.6052884387569373,1.0566634802105805,0.0007258942887031418
2025-04-06,3.6445766137353353,3.793933265083701,3.6127398589665054,1.049504632284815,0.0007209763872895605
2025-04-07,5.564764777626523,3.5768326685011487,3.457889329565041,1.0838009873436896,0.0007445368951776638
2025-04-08,4.7266582502297405,3.523020922025829,3.1864180179351185,1.136664187878788,0.0007808522368826213
2025-04-09,6.583390707273804,4.075892306353073,3.6132298819853235,1.2624946521130613,0.0008672937738933649
2025-04-10,1.0719441183639438,4.146927831882985,4.00731524172745,1.1850455374647562,0.0008140886891703502
2025-04-11,0.4604164127922314,3.816681041815166,3.4319369547966234,1.1649893552690764,0.0008003107282758067
2025-04-12,0.0110453403159214,4.896653671533279,4.195156029911047,1.1391919636124126,0.0007825887386190064
2025-04-13,0.01008149940599575,4.7472091551429205,4.163150127146498,1.1414678878986062,0.0007841522264008872
2025-04-14,0.33671562957313383,4.232025562304728,4.347278377711056,1.1527169594371682,0.0007918799816758475
2025-04-15,0.07763027198404615,3.998095092985072,4.249939098264901,1.01669787150282,0.0006984391834129256
2025-04-16,0.0276347337926436,3.7283651741608135,4.024481230536777,0.9910081338220406,0.0006807911486222812
2025-04-17,0.06136113241162225,3.6859383717128176,4.264044954246598,1.048341449960533,0.0007201773179342455
2025-04-18,2.529244491621119,3.4457380678920044,4.263126999516636,1.167091044217468,0.0008017545219081596
2025-04-19,10.957628360729583,3.6485928244965455,3.735686732983896,0.9391711828101523,0.0006451808077824375
2025-04-20,8.74620751066442,3.8440370274065496,3.8534445056205606,0.9479835245707544,0.0006512346070041598
2025-04-21,9.975397537153952,3.99007945358242,3.6563367239241233,0.9818886648409186,0.0006745263627435427
2025-04-22,1.3485059168652271,4.036052248362407,3.985521280777015,1.031491650048827,0.0007086020399476715
2025-04-23,5.279457202327108,3.9800593516059335,3.773972361187526,1.050296878418145,0.000721520635249485
2025-04-24,3.8099140497554496,3.966713201184318,3.956383769125168,1.0680122947848802,0.0007336905642793485
2025-04-25,6.44665592974657,3.5438179254122906,3.348857633311116,1.0618221581378324,0.0007294381367822908
2025-04-26,3.5080092265367333,4.242126490460713,3.8187222755452916,1.1299045576447213,0.0007762085853582247
2025-04-27,0.36305310295232374,4.566057857547729,4.184383714163664,1.124015975475825,0.000772163316220969
2025-04-28,0.2098628498976109,4.559854817885017,4.104677258117506,1.1114375943139359,0.0007635223674065679
2025-04-29,0.6167956821198733,3.845845878692935,3.8005881923248506,1.096887555451377,0.0007535269523018127
2025-04-30,1.423526715046341,3.756270246295895,3.9144973942237375,1.0595129122492262,0.0007278517581166664
2025-05-01,4.801752434478434,3.83733864394408,3.7892292579212237,1.0765795872813233,0.0007395760224306777
2025-05-02,11.131428047198265,3.8005840784101705,3.9127286150084224,1.0976458890449643,0.0007540479034227949
2025-05-03,9.637421642430533,4.115532713065221,3.999529108146519,1.1336407757726414,0.0007787752486821676
2025-05-04,4.691944999406633,4.087971798168242,4.008955570366457,1.2012328599051534,0.0008252088661509522
2025-05-05,3.3226194390236703,3.887410373083519,3.9453281957261805,1.1124826577104592,0.0007642402928057857
2025-05-06,1.9064613855470922,4.206506249464499,4.264641316944733,1.1217222453033315,0.0007705875963600846
2025-05-07,4.692903657868159,4.13345059581216,3.9873792167381565,1.1489563658757356,0.0007892965732023817
2025-05-08,2.188114680269668,4.507633295919792,4.214855981988388,1.1448871679798753,0.0007865011633415061
2025-05-09,3.7049051727921043,3.7067422170453983,3.743680097859178,1.1463596247201333,0.0007875126944089968
2025-05-10,9.002238476587312,4.117072400146549,3.824453613429089,1.226433697254916,0.0008425210419243439
2025-05-11,5.570229294516903,3.846434528075197,3.310181789392787,1.1410260178968294,0.0007838486757278052
2025-05-12,1.7082698558528417,4.415121827255392,4.050648410726112,1.1386528520132881,0.0007822183860534953
2025-05-13,3.4777454328961968,4.452268008340795,4.215119490724424,1.1411497417094698,0.0007839336700620036
2025-05-14,6.265592318211062,4.327664863458781,4.148454781759645,1.1351960428757526,0.0007798436678418146
2025-05-15,5.581095113183946,4.059463479008212,3.8614487196809706,1.15620743434244,0.0007942778272019307
2025-05-16,5.203982654353374,3.98487124534557,3.992303076826149,1.170879901927505,0.0008043573469550483
2025-05-17,3.0567187573263173,4.148409468653783,4.068099336503205,1.1594212938150137,0.0007964856467012577
2025-05-18,2.1661266318984564,4.086501137585112,4.1839949838827,1.1852642048271969,0.0008142389067112173
2025-05-19,3.278390123051722,4.361330615404489,4.30437268763994,1.201685909763202,0.0008255200970306167
2025-05-20,2.19707042714523,4.693570143445738,4.487386089897848,1.2074583032560893,0.0008294855482334906
2025-05-21,0.7163256890431265,4.357867816696343,4.147616076237847,1.2103957957306093,0.0008315035123727809
2025-05-22,1.2256759985945531,4.519509531774815,4.128437875352982,1.1671192839978914,0.0008017739217414155
2025-05-23,2.6147983649977076,4.056134387390691,3.6381052650319496,1.1985277022237448,0.0008233505086438066
2025-05-24,5.583011766013251,4.165796686034159,3.807933939266186,1.2785524864227005,0.0008783249966360922
2025-05-25,5.45886781457251,4.423997564621488,4.124318461693623,1.2412457746865477,0.0008526964692129898
2025-05-26,6.149992949927049,4.0433556656153495,3.9488363967926254,1.1960121400881247,0.0008216223972617792
2025-05-27,7.182388482029905,4.073976473579276,3.9091445704042993,1.0883346819001642,0.0007476513995084217
2025-05-28,0.9509372631947336,4.609941869916628,4.177957499407689,1.1149029763781881,0.0007659029749469305
2025-05-29,5.509651340770731,4.2360449348788825,4.07311079321253,1.1088754562244512,0.0007617622598218381
2025-05-30,1.583974750945744,4.247817215645497,3.9459279396133686,1.1447952381262583,0.000786438010448507
2025-05-31,1.005133620760389,4.181704084559841,4.0288115802536275,1.136547417225494,0.0007807720191483078
2025-06-01,1.528074554263842,4.298649710726064,4.026064384981124,1.1473494282820174,0.0007881926580549122
2025-06-02,13.477375360895163,4.0200139822416,3.9408252421813605,1.1311550353017255,0.0007770676238377123
2025-06-03,22.329380185600193,3.487411522231421,3.239790177236658,1.273631020031679,0.0008749441053568979
2025-06-04,18.30643630628397,3.41115688576042,3.119231774795972,1.362575169961326,0.0009360459146430673
2025-06-05,11.676941747145266,3.2313991350794327,2.7025737244352395,1.358784848896566,0.0009334420843179081
2025-06-06,25.87985461344897,3.635064748277181,3.1220262076697916,1.5764624704371553,0.0010829797045859124
2025-06-07,9.791771747704146,3.722450418771592,3.389056710841002,1.5641693462399446,0.0010745347182565892
2025-06-08,10.760935182338507,4.570484873047978,3.9743569593785413,1.7140383291836652,0.0011774899550088945
2025-06-09,2.696455997201346,4.3222844851479625,3.849529007815713,1.6928785789687806,0.0011629538778953855
2025-06-10,12.944880055368069,4.0083434800162125,3.509686532569068,1.6603875297424473,0.001140633557841675
2025-06-11,19.891520702058685,4.228259328957232,3.6490764790390076,1.7038903326730255,0.0011705186033469778
2025-06-12,9.599809527953452,3.974623895868481,3.5726164020425037,1.8330324745616353,0.0012592351578446792
2025-06-13,7.370247449527607,4.424521696352836,3.8633299935531715,1.966781022042753,0.0013511161668481662
2025-06-14,7.055856162616422,4.567914921950107,4.035163164775662,1.8507456047632769,0.0012714035163516508
2025-06-15,7.8317734903515355,4.073148687557025,3.415301525158381,1.7128207135344473,0.001176653491686223
2025-06-16,14.284329944527215,3.61822912626058,3.139662619080593,1.8050664713771907,0.001240023400866576
2025-06-17,35.547858966266524,3.506920079175083,2.862925414262737,1.86120876841486,0.0012785913778408516
2025-06-18,20.9252842391172,3.0404929731418195,2.6220248385816634,2.3423054722424643,0.0016090895507811793
2025-06-19,9.907538704010484,3.5347297147082526,3.457764837008842,2.2042551535799983,0.0015142533614479752
2025-06-20,10.788852671336585,3.451644884674821,3.0391996597934696,2.308409899706799,0.0015858043677718647
2025-06-21,12.869008079179425,3.0007816253686848,2.5153715283030857,2.539568058444222,0.0017446026894297588
2025-06-22,2.8328148951636454,4.524508109364154,3.8383198254918853,2.8193014606635263,0.0019367706623306723
2025-06-23,4.975437847415599,3.931772545312322,3.259470100352003,2.5386793241909635,0.0017439921571924882
2025-06-24,3.4427613339698304,4.728357446592423,3.8199188824134267,2.5152382955275367,0.0017278889141574237
2025-06-25,2.5718070761601095,4.046825224798857,3.349644683993712,2.386922990435686,0.0016397403703080485
2025-06-26,23.210874817853117,3.3127233836525103,2.843933666671272,2.1583191421327075,0.0014826967788842006
2025-06-27,25.73207460962037,3.0050335809792914,2.793370467555838,2.3941033924657265,0.001644673078707472
2025-06-28,23.3542690568709,3.1035531833001104,3.05762918689996,2.889620083126325,0.00198507732513409
2025-06-29,3.8360200407228313,4.1287137302498165,3.7590909791671963,3.034784738155851,0.0020848008378521548
2025-06-30,1.918855295695582,4.040694565513838,3.7243761417848025,3.0904019544521057,0.0021230081010150427
2025-07-01,3.087441452291827,4.511867471735791,4.01811724888138,3.0413436145463457,0.0020893065778548486
2025-07-02,1.1452262429736757,4.5859986072722485,3.8486371706176135,3.057540678261371,0.002100433446782082
2025-07-03,0.7067553748244859,4.815215913428706,4.078748995694157,2.989203576659815,0.002053488025947428
2025-07-04,2.3433822117938825,4.642361294203415,4.0005372113662965,2.750443074529348,0.001889467135559638
2025-07-05,1.6385869943393208,5.072651669785611,4.422002509466039,2.5078173889184456,0.0017227909867420983
2025-07-06,10.68562569032568,3.5482523243995723,3.150103528370436,2.103862390263677,0.0014452867179675733
2025-07-07,10.934113464473086,3.7072582128833136,3.2319617191839987,2.2227449812316067,0.0015269552864626765
2025-07-08,3.4702713781831784,4.958868109801622,4.045072164365145,2.270136675951196,0.0015595118772535844
2025-07-09,0.4940731392195987,4.881601410040931,4.0117096794515135,1.930859983021397,0.0013264395526202488
2025-07-10,0.3911147092451566,4.897480555786072,4.157314025484062,1.878968310490819,0.0012907916198330823
2025-07-11,6.901941040748314,4.385541068584903,3.8185450640214667,1.7292451866374985,0.0011879365836485638
2025-07-12,1.7372744303259007,4.628240025408988,3.8128383557319396,1.6608117718529682,0.0011409249987127015
2025-07-13,5.280807726254202,4.65677150303105,4.055504600347041,1.6119690793702777,0.0011073716184908323
2025-07-14,1.182400385063346,4.822612484504899,4.054552078782521,1.491256479674981,0.00102444589205628
2025-07-15,0.20739965674851016,5.461546474201908,4.303326745359669,1.4893320139380357,0.0010231238451478594
2025-07-16,0.2925500052110266,5.658115021481881,4.417912309222446,1.492164232627058,0.0010250694895362791
2025-07-17,0.2748585844325278,5.138643256086684,4.190656665305165,1.3879187540460936,0.0009534561528948278
2025-07-18,0.3323812355021647,5.074720083708727,4.125567570230243,1.3389452877447803,0.000919812935208309
2025-07-19,1.9602744258720575,4.997851478820907,4.011644069400103,1.3807555081977962,0.0009485352302479891
2025-07-20,1.8243574626542494,4.978986702999979,4.041471573657596,1.3900344466903862,0.0009549095666220034
2025-07-21,0.28893910028922215,4.771537155449697,3.890141273270899,1.2625413510408499,0.0008673258545752519
2025-07-22,0.4780890346595804,4.764490867094305,4.122893517685402,1.2407042204428416,0.0008523244386281427
2025-07-23,1.5020042039507804,4.895389711046607,4.166610262231401,1.2441709546004174,0.0008547059750137239
2025-07-24,2.0312978852192263,5.116858756038686,4.383329881309981,1.197078163162457,0.0008223547212947148
2025-07-25,9.129638379241829,4.424431195121585,3.8719722682837006,1.196041127526458,0.0008216423107123
2025-07-26,19.328237861553585,3.992071789793197,3.535942034400998,1.23370995355064,0.000847519599163356
2025-07-27,6.759739876014763,4.485434350137492,3.5984310650937315,1.3141323559471931,0.0009027672382431222
2025-07-28,3.887798908568411,4.251755882648826,3.4100550710373465,1.4162437678306856,0.0009729145387657727
2025-07-29,1.7907000426362762,3.7389218473350105,3.026270749773671,1.4317521022289141,0.0009835682725020131
2025-07-30,4.763969758963211,3.860195152186765,3.4592053119761395,1.470830961939069,0.0010104142093626106
2025-07-31,10.683631525780413,4.4923300725467,3.7751410985245295,1.6747693328017141,0.0011505134002867783
2025-08-01,4.144553165901944,5.312925947456274,4.266939430652021,1.565793954200305,0.001075650772385357
2025-08-02,2.1238084517934523,4.088460308009213,3.4041989062331206,1.467721112142571,0.0010082778412110849
2025-08-03,4.202280627004149,4.728473002477637,3.853730783592979,1.5869050721251072,0.0010901534406584183
2025-08-04,1.3748206313403557,4.478332426839894,3.778765663456568,1.4401856415736538,0.0009893618464813841
2025-08-05,13.551751496211082,3.4769413797871738,2.957414682129275,1.5384890626094103,0.0010568931780985374
2025-08-06,6.6249978067887705,4.710631778121864,4.128361256109949,1.4637705399849703,0.0010055639234690422
2025-08-07,1.4331383487799203,5.164770407867371,4.2359141548708905,1.4755546593308055,0.001013659239613434
2025-08-08,1.071760817518774,4.771033563933896,4.028983260808312,1.5320984688158685,0.0010525030429012568
2025-08-09,8.308280115338718,4.441205937715685,3.9969578975940787,1.5038667148576579,0.001033108723572407
2025-08-10,5.295094875445904,4.616291696720119,4.025371993431868,1.4508466153499977,0.0009966855972508531
2025-08-11,4.256175741833453,4.819475872343085,4.252392362834193,1.2872928203891076,0.0008843293287876194
2025-08-12,8.665677052296024,4.550593119996439,3.9390621609517518,1.3648177080598622,0.0009375864671731899
2025-08-13,1.7825480819018835,4.595395955568624,4.090646672378266,1.2745284996775974,0.0008755606454014822
2025-08-14,10.128545604665689,5.013948617947142,4.226667189562637,1.3409905956561674,0.0009212179968569043
2025-08-15,6.433418556451883,5.062608998013248,4.0944754205043985,1.3143608848511559,0.000902924230350162
2025-08-16,9.339048236091983,4.065423889171914,3.467901887535779,1.238719776516726,0.0008509611886065447
2025-08-17,2.4377810253853216,4.486078072952723,3.9808374759131993,1.1485644766743264,0.0007890273577535326
2025-08-18,1.1533228185939801,4.344880325307568,3.931479547516151,1.2457668605875403,0.0008558023117974357
2025-08-19,4.663176573910761,4.629571938896823,4.104168169296617,1.3227116403005965,0.0009086609344197467
2025-08-20,8.471186998292135,4.158217882446778,3.9571902362673486,1.2007410315019653,0.0008248709956410099
2025-08-21,15.467207680919861,4.229662745814022,3.7742544580475865,1.21254425287118,0.0008329794342694598
2025-08-22,4.407478037611342,4.389208461929554,3.789416203329119,1.3076623869184072,0.0008983225747773745
2025-08-23,3.587375649086389,4.186762329095122,3.831301428910146,1.3641320025348656,0.0009371154092312347
2025-08-24,0.9984470533261375,4.614287943421108,3.9737631787325163,1.44374324984253,0.0009918058104984862
2025-08-25,5.456312540604831,3.623256416700616,3.072734048926908,1.451072186934819,0.0009968405577734625
2025-08-26,0.8993241277300892,5.124442386369046,4.315787874869663,1.52561847532999,0.0010480514929515079
2025-08-27,2.3827907241126893,4.2576257851914106,3.519569043248352,1.524072999388268,0.0010469898000091146
2025-08-28,2.7637452329546575,4.090116681981557,3.5141449454124953,1.5203120999136521,0.001044406181382997
2025-08-29,19.68138124093885,3.7397790562815167,3.2379609814020123,1.5141005807017824,0.0010401390647422598
2025-08-30,12.264227932370408,3.813831581323573,3.2704593514769784,1.7537812398450994,0.001204792073806286
2025-08-31,16.22232770148884,3.989048722307128,3.718598702691316,1.8914275701276697,0.0012993507359388618
2025-09-01,4.768348449329448,4.853880095198163,4.129909496046781,1.873673867165103,0.0012871545052322883
2025-09-02,0.7449003680936543,4.033162407129748,3.4397092237930984,1.6561510274406042,0.0011377232151615505
2025-09-03,15.686095446018804,3.792204595399353,3.4497466899889915,1.633985656711775,0.0011224963086578464
2025-09-04,4.835469079434594,4.491130672043788,4.046347441445347,1.8637806550438059,0.001280358182362923
2025-09-05,1.0187410163225072,4.536032036911715,4.075033226385766,1.6859952239154645,0.0011582252313452823
2025-09-06,6.481157258584986,4.170651518856376,3.6533182736243517,1.569309719731317,0.0010780659917689894
2025-09-07,5.191899459704535,4.0848174924749765,3.6200099883660135,1.542652138266362,0.0010597530790030507
2025-09-08,3.0907893217063567,4.216374201607438,3.565002974233782,1.5554184574634509,0.0010685231352853793
2025-09-09,12.109416043000609,3.47292368934453,3.0298753217899295,1.527001394907379,0.001049001514828636
2025-09-10,24.00972103719254,3.895358736810514,3.5726090229311716,1.6935275009569914,0.001163399666714511
2025-09-11,14.62625597329774,3.851881162878478,3.5562046598875403,1.9048230001422,0.0013085529713944984
2025-09-12,15.490452419334606,3.6584771418781057,3.319018452766416,1.8086194752026463,0.0012424642017771221
2025-09-13,11.049461414161858,2.9132590927886515,2.745229496667995,1.9034606296099483,0.00130761706605947
2025-09-14,11.361974110939276,3.852932654819604,3.448960879274641,1.99694874076269,0.0013718404325506594
2025-09-15,20.680301119497184,3.4764127495920683,2.9882667515843777,2.17354372420226,0.001493155583772563
2025-09-16,17.829793595389827,3.503377348868301,3.315678555892345,2.5189922372773976,0.0017304677530473656
2025-09-17,30.671697252000893,3.476587856606953,3.1973649607611914,2.5061635705121708,0.0017216548659636762
2025-09-18,18.75813241035219,3.489178428058968,3.276063920263774,2.6601899585554327,0.00182746610812745
2025-09-19,10.81930510566156,3.72871154628528,3.490245621930939,2.893324104499424,0.001987621870308899
2025-09-20,13.977153697901262,3.143345782178651,2.9464660535128413,2.9013769987482223,0.0019931539531831627
2025-09-21,10.228382403552862,3.175596256882565,2.953282034337974,2.989148509235046,0.0020534501963736023
2025-09-22,9.93124608602384,3.5118599467005067,3.3478395907832064,3.209143825953743,0.0022045799997010684
2025-09-23,19.38084973351135,3.376687501475701,3.2595534648584836,3.39402460010007,0.0023315872262753127
2025-09-24,9.196366810892929,4.297832565423657,3.9782773590820217,3.451688201876849,0.0023712002913426075
2025-09-25,4.947040847592977,4.386193264358856,3.8606802215123004,3.2994145315382304,0.002266593110637697
2025-09-26,8.766602719273521,4.176367812280386,3.913114053729082,3.0465782754034803,0.0020929026237963004
2025-09-27,10.43855884998067,3.539439092676186,3.399798027498089,3.14488238488581,0.002160434428354409
2025-09-28,2.611471377671418,4.045554743456698,3.7473930897141607,3.008716605156249,0.0020668928574819104
2025-09-29,16.539024445826495,3.614787314259679,3.40294862888091,2.585259286629835,0.0017759911136584065
2025-09-30,7.085257124670051,3.772455579114001,3.4216697999407906,2.759247293546405,0.0018955153547142356
2025-10-01,10.07675032989816,3.4723754007350114,3.3079602377665847,2.618070853550883,0.0017985316192000978
2025-10-02,9.171185376154334,3.762366044084265,3.2853458052211826,2.69951914754539,0.0018544840132616817
2025-10-03,13.289432598910432,3.708925235562832,3.473076759688214,2.8360785277816913,0.0019482959751955008
2025-10-04,16.249291618016706,3.4917020877922287,3.2741561389847393,3.0988668722624393,0.0021288232310048083
2025-10-05,22.9746108778999,3.576397190531828,3.389345031914712,3.5907564773071154,0.002466735784681043
2025-10-06,18.492401768930623,2.9538604111361155,2.896912347940586,3.6351854910998695,0.0024972571076650133
2025-10-07,15.23935348105214,3.063268529803941,2.7997340420813814,4.643119595769318,0.003189675861290205
2025-10-08,1.3730751428642234,3.602288754442851,3.5425885146991996,4.430690507735608,0.003043743817033923
2025-10-09,5.135063335352447,3.559380065247187,3.4851349641318583,4.054032667300326,0.0027849918299653986
2025-10-10,9.931914754202218,2.9289441584173344,2.6469426233175266,4.491132743635548,0.003085265715592839
2025-10-11,5.485633731246158,3.431040885511588,3.349864551933112,4.4198297154704465,0.0030362827973017936
2025-10-12,6.1755237413703945,3.9788884682641528,3.6134585006017725,4.445066856742424,0.003053619912718021
2025-10-13,7.743555125665262,3.133831727022934,2.89966547810611,4.359048876552078,0.002994528289211255
2025-10-14,12.060762082439583,2.6833272920873523,2.541553829420481,3.8035104389587517,0.002612891006806362
2025-10-15,12.916482694520354,3.345628144414409,3.0061211749422574,3.710786070238963,0.002549192307137206
2025-10-16,15.222876271606259,3.5765008964155696,3.257949447340451,3.6229127269261987,0.002488826108025949
2025-10-17,26.891839008969164,3.559743894478162,3.2702593865927967,4.195550220335956,0.0028822098993164236
2025-10-18,11.679535199663837,3.263884561062881,3.0591056618020755,5.385717560616072,0.0036998171045339004
2025-10-19,8.640227003539334,3.025241546000564,2.944929364132827,5.529905866300288,0.0037988698962260065
2025-10-20,4.294421177072731,3.3122286732479496,3.0917691444585875,5.1367502291213025,0.0035287844461801745
2025-10-21,5.41501572797743,3.990800560837034,3.5058690793912293,4.846912380234873,0.003329675038978238
2025-10-22,5.573899565158217,3.414659805621435,3.0426636785615164,4.526287335213904,0.0031094158047426357
2025-10-23,1.743519497827601,3.5740366392476584,3.139256288490388,4.792436423524624,0.0032922517849449592
2025-10-24,1.8577572462704748,3.348795415939025,2.9974954992149376,4.522392647135735,0.0031067402775902643
2025-10-25,2.430933144513601,4.067791656209204,3.6256040874430546,4.2532280548347945,0.0029218327418122463
2025-10-26,3.887049861626274,3.9278970644721447,3.7114778837579254,4.258839624176566,0.0029256877119253817
2025-10-27,0.3529767203676152,4.324003276103663,3.8528978726519134,3.728117087527752,0.002561098166195418
2025-10-28,2.300435623329655,3.8907063140902887,3.492345219749811,3.359511475531369,0.002307877804610879
2025-10-29,2.940266440595373,3.3913385985646,3.319062189499763,3.1343885566083785,0.0021532255012400724
2025-10-30,2.8521817832182466,4.0722563096017,3.5157831924826137,2.332872280716126,0.0016026092474665922
2025-10-31,3.631004400391002,3.660720482302468,3.206047637887495,1.9908244582392465,0.0013676332447473238
2025-11-01,7.6583281843886635,3.638821646034411,3.329576222760123,1.9045844609524205,0.001308389102538675
2025-11-02,1.0213247432303953,3.871004390298656,3.442123295586399,2.0145612515825713,0.0013839396687344689
2025-11-03,0.47816329826861653,3.4674688819061013,2.682297163264548,1.8889883693345324,0.0012976750823765891
2025-11-04,0.5223201552140373,3.360552469661418,2.66995590617928,1.754231259174826,0.0012051012228091354
2025-11-05,1.2177429667774384,3.015219662050951,2.7760155915133344,1.7025292095863145,0.001169583554967461
2025-11-06,1.8099792583053427,3.725981608186537,3.437927243102561,1.8168832004088822,0.0012481411188306228
2025-11-07,2.1604404592951987,3.753164317458868,3.591813705748795,1.7724801827881351,0.0012176376543921036
2025-11-08,1.027295859059025,3.756951956049655,3.480454394082905,1.7824094706404814,0.0012244587601442124
2025-11-09,1.0614929072350296,3.957805041651885,3.6053090171711495,1.765439912948299,0.0012128012123617162
2025-11-10,3.6921546506611858,3.1423672313257214,2.6627106917019523,1.6222326430084482,0.0011144223611030445
2025-11-11,1.034435270688874,3.5614801161821874,2.8219910898971285,2.091834965096001,0.001437024258442351
2025-11-12,1.416395297228258,3.914452859202135,3.1826030355262724,2.368060568679213,0.0016267824849636955
2025-11-13,1.287346293648152,3.851937958379605,3.3162741950147514,1.7086332463586151,0.0011737768345820494
2025-11-14,0.7217880780908159,2.9204324355882494,2.6374276359816387,1.7985945238622678,0.0012355773782436188
2025-11-15,1.264885956130756,2.827572480553368,2.723388077876911,1.8547724610036693,0.001274169838838491
2025-11-16,5.9448753425802785,3.298897963930976,3.266050333803736,1.8914524963502555,0.0012993678594630045
2025-11-17,3.794617414887844,3.135957955630372,3.138369413033721,2.27887677103057,0.0015655160452972986
2025-11-18,4.413515781381261,3.2220932544811305,3.1780129703550246,2.454457557171085,0.0016861344751497316
2025-11-19,4.009905204382949,3.2464312820808763,3.194872330842304,2.370783131056878,0.001628652798945013
2025-11-20,0.05668702167237835,3.8717506177033294,3.406004080824316,1.8629533407850147,0.001279789843713328
2025-11-21,0.49329354112175705,3.886963036326663,3.4276318343550125,1.8619079103831913,0.0012790716661931123
2025-11-22,0.0349921017495437,3.746317055772856,3.1043148628202637,1.5460495782201624,0.0010620870124689675
2025-11-23,1.4390069557404472,3.509854440981487,3.1726888569305527,1.6827012096521061,0.0011559623480475627
2025-11-24,0.9512939220510187,3.2708591783154075,3.066111360983184,1.4455968591988442,0.000993079181321302
2025-11-25,0.17134830290666955,3.4835233862669965,3.3018481492347567,1.3653020617783573,0.0009379192028118794
2025-11-26,0.3383715334064582,3.5618503863953603,3.35924464652407,1.393175221097052,0.0009570671789996446
2025-11-27,0.2991993618870322,3.3194539672335672,3.0202632007261077,1.3869943882852231,0.0009528211429422221
2025-11-28,0.8877622092002928,3.4102146029727947,2.9971907701171836,1.462499541232038,0.001004690787647675
2025-11-29,1.7847197242011703,3.287831068160348,3.0671049492156413,1.4250579212550605,0.0009789695825430328
2025-11-30,0.7222229905486192,3.302673866739098,3.245654792254411,1.3515627487330582,0.0009284807306236481
2025-12-01,0.07133291296239165,3.639873146761599,3.5599929812192346,1.3511256546038108,0.0009281804608234814
2025-12-02,0.2087537102899264,3.1337137869199805,3.1452686595612036,1.37795835891874,0.0009466136774316542
2025-12-03,0.6389333135983145,2.96054339902172,2.985116360003061,1.3189854860905532,0.0009061011846881116
2025-12-04,0.1280909503201473,3.3738569398035216,3.4310257693196067,1.422463184138121,0.0009771870804606317
2025-12-05,0.115804527574706,3.296375424021257,3.214975357397166,1.4307223774986182,0.0009828608842798808
2025-12-06,0.263239721900194,3.281062770807416,3.2948223493962567,1.4060873381391699,0.0009659373937761333
2025-12-07,1.3770562246262523,2.8297283014164374,3.026161160351595,1.358211452315298,0.0009330481790573408
2025-12-08,2.8442860331946376,2.777352649558777,2.864735993450583,1.4194306745009346,0.0009751038425449691
2025-12-09,3.061176745599125,2.485100080867779,2.735643842633972,1.3712130692996656,0.0009419798774548072
2025-12-10,5.307281519193064,2.849330077679448,2.8704903862131985,1.5902092300324653,0.0010924232923177626
2025-12-11,0.4302914195261116,3.0004684190308963,3.074974759836899,1.2310942053988208,0.0008457226631665589
2025-12-12,0.4139850008241929,2.886609981031402,3.0057809126222352,1.2925410701840967,0.0008879347098982743
2025-12-13,0.452192074651702,3.3072719604454264,3.392638414057316,1.199180809780741,0.0008237991728159023
2025-12-14,1.1672137841626054,2.8562359655624188,3.0148738675327746,1.2641300504139446,0.000868417240643753
2025-12-15,0.9698189100066567,2.76576834099805,2.6911966212072707,1.2199048458909492,0.0008380359281623441
2025-12-16,0.390941849039104,2.8901858116287618,2.9012007170330034,1.2518211378679756,0.0008599614082197112
2025-12-17,16.512715734134684,2.7911320127431773,2.846378290073945,1.216084763294716,0.0008354116526092348
2025-12-18,19.193556717402217,2.438391900683656,2.3976581376150325,1.3340806328292951,0.0009164710716104881
2025-12-19,7.91045674593883,3.333708631612782,3.137022019150784,1.3866214518868725,0.0009525649474678046
2025-12-20,0.28333129998337214,3.2354618037697795,3.0049364667275302,1.2865725809182107,0.0008838345471204055
2025-12-21,0.3422464044270754,3.170860709229526,2.9665261575489836,1.2612777064438685,0.0008664577708257155
2025-12-22,0.1776649640222771,3.1832419088234927,2.9007012673465518,1.2249442253237808,0.0008414978219605205
2025-12-23,0.5192246562313674,2.900324951167223,2.7959157773253636,1.2175935313663488,0.0008364481284094184
2025-12-24,0.3661758443708077,3.069544163904765,3.056870619071887,1.2253183022678407,0.0008417548009536569
2025-12-25,0.724286968114569,3.019585799726164,2.958974553910311,1.2393639900958189,0.0008514037428979785
2025-12-26,3.0779665140012993,3.132863810499987,2.8155251258731493,1.2133748922389762,0.0008335500571634535
2025-12-27,1.336923774426558,3.078803606970335,2.9125613420600778,1.2426869072977127,0.0008536864815975382
2025-12-28,1.0184911739230773,3.124246956048914,3.1778165940329015,1.255885255566386,0.000862753328146106
2025-12-29,0.9883910071992555,3.417067121120096,3.1571516467839023,1.236888174749722,0.0008497029362994035
2025-12-30,0.3853887791959957,3.2350799455395287,2.8769839781844526,1.3835088292466282,0.0009504266744605922
2025-12-31,0.03043223109367855,3.458399663473229,3.1171826328020282,1.367317693081316,0.0009393038775719623
2026-01-01,0.01606273473335705,3.559720482019065,3.1674400267049285,1.4241224567741657,0.0009783269481218725
2026-01-02,1.9448087806917531,2.9233116289124688,3.056031467359028,1.4828340144948418,0.0010186599256766663
2026-01-03,1.170302261681634,2.9675412609994307,3.194690206461078,1.254330583189512,0.0008616853175445165
2026-01-04,0.09360959941895095,3.1432346129345854,3.167796294364623,1.3393556341559276,0.000920094830174701
2026-01-05,0.19359034621899576,3.2662369005739897,3.1824407432479447,1.2394473611157406,0.0008514610161437543
2026-01-06,0.1943355892482456,2.964452866746008,3.088985066793776,1.1950903391387475,0.0008209891492533019
2026-01-07,0.0174524035707346,3.693103031486938,3.31311413678459,1.200644498970998,0.0008248046808546889
2026-01-08,0.015129628058522,3.173834917424678,3.180296929852451,1.2233824352410294,0.0008404249217207994
2026-01-09,0.16455323295249755,2.9759663324898966,3.0640007738977886,1.2028471930914415,0.0008263178618358953
2026-01-10,0.00595314169420795,3.131260817445572,3.258571174549073,1.2381321512804326,0.000850557508711373
2026-01-11,0.0893434787082434,2.6515320048860787,2.855821574165846,1.276558315219772,0.0008769550642839175
2026-01-12,0.1173442059842438,2.692490876820034,2.8888902717378144,1.234890833193525,0.0008483308260151115
2026-01-13,0.1081078069049332,3.0721405402822723,3.134076178437509,1.2376382406453483,0.0008502182077741758
2026-01-14,0.04623192987425615,3.1867761182475767,3.384723945401723,1.2380659152754099,0.0008505120066772316
2026-01-15,0.0705647330703527,2.788883762507609,3.2537277217753378,1.2615851443533963,0.0008666689709162236
2026-01-16,0.08065883339386315,3.137036265028996,3.3808684926834256,1.2492411018442218,0.000858189005321943
2026-01-17,0.24688635427694305,2.892054245195401,3.33683589509603,1.217937065329363,0.0008366841253435396
2026-01-18,0.0016831156265112,3.0556485251767973,3.26057792500511,1.2092009214179598,0.0008306826716268723
2026-01-19,0.0205388353373951,2.700622947519169,2.9297139232198717,1.1822200848650686,0.0008121476928706522
2026-01-20,0.04707378032023525,2.4952728071251618,3.0209734599166342,1.2339101022227132,0.0008476570949514385
2026-01-21,0.4618032220399605,2.503385217812417,3.068790970346595,1.2451098285996463,0.000855350951665814
2026-01-22,0.1189719533690464,2.7970932072625967,3.5255306954742505,1.1393908279780225,0.0007827253521292928
2026-01-23,0.03641527623067005,2.5947765098951794,3.243622003910582,1.12496918293064,0.0007728181395023242
2026-01-24,0.089958842996382,2.651878222855093,3.4614794384211796,1.1246879983816358,0.000772624974637619
2026-01-25,0.2576686855794292,2.430981209607057,3.433797853889353,1.0976177828868472,0.0007540285953838244
2026-01-26,0.154609717490096,2.4971242716111,3.263024755672937,1.0922283785110605,0.000750326245554231
2026-01-27,0.0712918044045288,2.330089101366584,2.9478795177706623,1.0628253514296653,0.0007301272987478976
2026-01-28,0.0522516693402318,2.398817953342127,3.2692853722086004,1.1312739231974054,0.0007771492960503763
2026-01-29,4.0475703955727,2.7563237005247263,3.57430686089126,1.2724175246886613,0.0008741104725538709
2026-01-30,1.0195853613332455,2.791167380636491,3.394275647646294,1.0436914291824164,0.0007169829011796198
2026-01-31,0.08510055083818405,2.503494343098963,3.2204778478450233,1.0173225309274452,0.0006988683046205873
2026-02-01,0.04041274914586145,2.5051799147528806,2.9988915703208505,1.0327520331155788,0.0007094678831294109
2026-02-02,0.10785416382050225,3.118439518413658,3.389412994096394,1.0628366596268768,0.0007301350671206341
2026-02-03,0.04024866137670535,2.9246758735110894,3.156776100112275,1.03130728763944,0.0007084753888212421
2026-02-04,0.25582669384731843,2.3521798915240923,3.1887934175208734,1.076295448668315,0.0007393808282177181
2026-02-05,0.013953503570229,2.715163584638828,3.532222144272025,1.040466460954194,0.0007147674503175826
2026-02-06,0.0043222284138269,2.802755059051371,3.4780127560135914,1.0286487731800293,0.0007066490737278726
2026-02-07,0.0610172071240165,2.4694749553516946,3.5789300576397687,1.0141240638415678,0.0006966710592026037
2026-02-08,0.0482440787041373,2.662209057493541,3.3235204952800497,1.011887052227084,0.0006951343031916995
2026-02-09,0.07928832853114436,2.617671149647052,3.2657694741665297,1.0762448125815767,0.0007393460428325373
2026-02-10,0.0026141441911203,2.738237249190516,3.6294093923271102,1.0412120480951312,0.0007152796450299701
2026-02-11,0.0010660285094597,2.4735551913736926,3.599045441656782,1.0614132245496004,0.0007291572123804204
2026-02-12,0.0026434837055068,2.616520801728422,3.5843999777734674,1.0708074659680165,0.0007356107582065407
2026-02-13,0.00105389036494315,2.427725599819913,3.4532998785471785,1.0698886524715574,0.0007349795624834425
2026-02-14,0.17078300522940573,2.347498198437599,3.731468405012746,1.0609739202514015,0.0007288554242643006
2026-02-15,0.0112340442392057,2.3109893455117376,3.6999615827063472,0.9505741163721368,0.0006530142613862816
2026-02-16,0.0065710618708194,2.4236821702092017,3.7714337025755973,0.9800425656269167,0.0006732581511502394
2026-02-17,0.00044862074872505,2.5114767192695195,3.6522479806124246,0.9664460304488801,0.0006639177628272501
2026-02-18,0.21331411863956465,2.322987376154748,3.804128306153562,0.9558263958634707,0.0006566224107704847
2026-02-19,0.00528210503768825,2.228444893437072,3.737741201271801,0.8793242934115081,0.0006040678933827964
2026-02-20,0.00728313442692995,2.339713304186972,3.7593200461592993,0.9131981814339758,0.0006273381798194761
2026-02-21,0.00321337996097655,2.3380922485865,3.6221417017952624,0.9012577875830649,0.0006191355080478397
2026-02-22,0.0432720793917113,2.209141465482233,3.5704425869026055,0.9381691474424934,0.0006444924412740035
2026-02-23,2.9898936654736343,2.032999754412097,2.7884227470774166,1.0199168151450875,0.0007006504955755392
2026-02-24,1.1648867428371483,2.6260282106275823,3.6375412686699145,1.029596630925368,0.0007073002219285346
2026-02-25,0.3308093430804043,2.365643008393244,3.6361632178603274,0.9440212345161304,0.0006485126394386075
2026-02-26,0.0757726742717871,2.359062308640464,3.8309723944112704,0.9347763234661994,0.0006421616788381937
2026-02-27,0.3689650682576602,2.2102624120423977,3.794979348508517,0.9473946290508348,0.0006508300544644361
2026-02-28,0.0415489665094416,2.4707931282372564,3.865263822913047,0.9233180128711591,0.0006342901829694533
2026-03-01,0.00050446692707195,2.4120024226503656,3.774357339211248,0.958465032527051,0.0006584350704487334
2026-03-02,0.00942394929725555,2.3457502697052925,3.7143544306757668,0.9591776338594121,0.00065892460495709
2026-03-03,0.00597064475657465,2.240414534716214,3.7240146227490833,0.9531821424169357,0.0006548058925405362
2026-03-04,0.1281277443797886,2.224416420100126,3.3750298853010383,0.8840079239247844,0.0006072853989592222
2026-03-05,1.1553318407255018,2.472172848286034,3.693608898009327,0.866122821097445,0.0005949989007141547
2026-03-06,2.449323111700971,2.685618800099933,3.8032205079577426,0.9361914736502824,0.0006431338421196183
2026-03-07,1.4825940064150203,3.1033806689722563,3.922641549310011,1.0161135103815402,0.0006980377458612155
2026-03-08,0.27940381938041553,2.521091640813478,3.6112410801238184,1.007720626987685,0.0006922721012303093
2026-03-09,0.03119399259887705,2.490017936911632,3.5603909739614155,1.0187452567837014,0.0006998456721484599
2026-03-10,0.00237710502926545,2.6778796245224177,3.838514792850528,1.0355256677130695,0.0007113732821055037
2026-03-11,0.19507370825288226,2.4385761667688346,4.111291805697955,1.0256219603413719,0.0007045697493320707
2026-03-12,0.30583370074399746,2.441849040369125,3.9211019423401337,1.0041763550585083,0.0006898372988554911
2026-03-13,0.9145498544131092,2.2650738390510834,2.804959750394006,1.0587995508091104,0.0007273617014383966
2026-03-14,0.594089922733209,2.385444215484488,3.665983495816966,1.0549983495243256,0.0007247503967472507
2026-03-15,2.2213261976613405,2.703925530788829,3.580634446439807,1.0266738669986262,0.0007052923758343111
2026-03-16,3.835620656941769,3.3425840846299613,3.6749138634715988,1.0634202080944715,0.0007305359464050437
2026-03-17,20.744655690717902,3.318674434263956,3.4164691557354705,1.2229151325697976,0.0008401038996106425
2026-03-18,1.4553699731216745,3.199910716270296,3.3932192764317968,0.9894363372147457,0.0006797113742176515
2026-03-19,2.2617463980438397,2.9489595848766648,3.159881854277438,1.008278099198939,0.0006926550669538709
2026-03-20,2.861695090893124,3.331418331284364,3.364855111312438,1.0462145669989245,0.0007187162168140818
2026-03-21,7.159882047777518,3.532339421006664,3.13805352000385,1.0355587047730435,0.0007113959775176191
2026-03-22,1.163363279036716,3.362731057607392,3.3808083534137645,1.0866279190021018,0.000746478907543783
2026-03-23,1.1542026751752585,3.249400856826409,3.485916949056588,1.0865634566041074,0.0007464346239214032
2026-03-24,0.2973480618953061,3.7774040761498,3.9910411113798903,1.07386504807589,0.000737711220114152
2026-03-25,0.0530975990086443,3.426943522259772,3.4233832592297815,1.0303620383538703,0.0007078260325496891
2026-03-26,0.2484426728582904,3.0573266630235096,3.194821690409723,1.056566348390464,0.0007258275622241876
2026-03-27,0.39043744381605067,3.1612529235653977,3.700452000785412,1.0167075724678505,0.0006984458476681425
2026-03-28,1.181303107769126,3.2702183796613644,3.426180702787672,1.093241092359973,0.0007510219478405156
2026-03-29,0.26267854237976146,3.325496896091804,3.5915561300291903,1.0932938091683768,0.0007510581626154708
2026-03-30,0.6771716485198946,3.1524096003783098,3.6034244298597393,1.0853084837103302,0.000745572497356862
2026-03-31,22.675154755009633,3.037826679678918,3.6249007560683952,1.3039957187851396,0.0008958036900933137
2026-04-01,6.89571927761366,3.528878015288716,3.8451023902658177,1.1615018070940026,0.0007979148933205202
2026-04-02,7.523211246956968,4.387983569865775,4.064964383919966,1.1073780220399336,0.0007607335700425401
2026-04-03,6.304505017568482,3.681404343574575,3.717763371439203,1.1055875811475395,0.0007595035939504446
2026-04-04,8.285830820846886,3.7562516637747128,3.5876844714732483,1.1510472010330142,0.000790732910624572
2026-04-05,3.8694606113889414,3.916760317112222,3.612233425366776,1.326249420649575,0.0009110912772849111
2026-04-06,2.737182138699448,3.67542654659286,3.6679746341213693,1.230716406510955,0.0008454631273161049
2026-04-07,4.18281540444161,3.414298134566785,3.289037855569958,1.2595359596181464,0.000865261246012625
2026-04-08,4.406783325726084,3.889448860880646,3.819230337951274,1.3281972935162973,0.0009124294041489075
2026-04-09,0.23351739042574862,4.889376812948371,4.500130567676022,1.2352227880379694,0.0008485588684621178
2026-04-10,0.22615064223062115,4.728793607478384,4.398062686058971,1.1864321215054239,0.0008150412284174972
2026-04-11,0.1338869205469946,4.854882520976545,4.193675209784857,1.1180343293186203,0.0007680541150761612
2026-04-12,0.01496419674046275,4.836075201208861,4.167769633196043,1.0317129469925177,0.0007087540639274353
2026-04-13,0.1128374470435108,4.619005407761035,4.2862946792847865,1.0538112538756044,0.0007239348996966862
2026-04-14,0.1531772085467088,4.112738259711765,4.118222555075029,1.0107721130522318,0.0006943683753495494
2026-04-15,1.040767227754749,3.4363620273935043,3.469049621346611,0.9732443384773296,0.000668587984769351
2026-04-16,1.1304626793878976,3.8094586032997073,4.191413672888626,1.112362299199961,0.0007641576103273964
2026-04-17,1.1012207965339649,3.904237705849967,4.062142794858383,1.1181610910775284,0.000768141196383068
2026-04-18,1.9283435957611728,3.529115361169518,3.6759517954368266,1.057229544913665,0.000726283157195998
2026-04-19,2.3027330148315706,3.718219198267364,3.6550032259512357,1.0822188730313649,0.0007434500328370035
2026-04-20,2.218055700523347,3.609435749439904,3.6055390994957457,1.0940644857576196,0.0007515875929828921
2026-04-21,2.3298585758516106,3.823564091528005,3.849365745916239,1.0990221888799512,0.0007549933777469013
2026-04-22,7.98061805879022,3.3005424495626685,3.476311357842344,1.039839383555472,0.0007143366680384256
2026-04-23,15.161558388243424,3.7453513173945567,3.8394839127867377,1.0495389002765276,0.0007209999283127295
2026-04-24,14.633769438504052,3.8882036266870816,3.618523496442037,1.2351322126405668,0.0008484966460375684
2026-04-25,5.4485528271578065,4.313580434622425,4.21819649014947,1.254420299936849,0.0008617469501037111
2026-04-26,1.508968917134216,4.584528325288517,4.22966171547316,1.3447850050295644,0.0009238246357203973
2026-04-27,0.2642117734634243,4.915482494788401,4.338385913775589,1.178515053589794,0.0008096024539250871
2026-04-28,0.8012581853065033,4.720506898892683,4.102541594188631,1.125421857399794,0.000773129112501727
2026-04-29,1.0928381560265583,4.434489136271013,3.934513003896637,1.090652402948777,0.0007492436003400996
2026-04-30,1.3004520961800332,4.226863957737057,4.1818967298700525,1.0790696604899412,0.00074128662372848
2026-05-01,4.0266987865842045,4.932611993806337,4.611426617441168,1.0755032280767847,0.0007388365978041997
2026-05-02,1.3441348607855468,4.546377628939435,4.435228205303261,1.1521833152294472,0.0007915133850347796
2026-05-03,4.407526292144701,4.06121176717033,4.018953043335641,1.1492876449620717,0.0007895241514250059
2026-05-04,1.8902836561274228,4.439851915300864,4.132538826618781,1.1236307518162354,0.0007718986797878886
2026-05-05,1.4914326560706548,4.261746213453508,4.395024543271166,1.1305893655008836,0.0007766790266301688
2026-05-06,2.4632741973551022,4.094380105799305,4.2291554674171365,1.1493735750545049,0.0007895831826724118
2026-05-07,4.747207064637038,4.093786878079993,4.1723097970049094,1.1230857466747093,0.0007715242785457175
2026-05-08,2.7741460305287293,4.38033871426156,4.296840384505866,1.2309719930963112,0.0008456387071918684
2026-05-09,3.491022001310531,3.847582158704462,4.010441468329168,1.2085163791775175,0.0008302124128245012
2026-05-10,2.2063751739080972,4.428282483939344,4.108036002527058,1.2091608728895806,0.0008306551595583984
2026-05-11,1.5546846819603306,4.459801716266735,4.1291598375421446,1.2687238304771717,0.0008715730218114625
2026-05-12,0.6956368378073002,4.820342955225838,4.241160534882258,1.196298712856344,0.0008218192636621462
2026-05-13,0.19554480731385035,4.580835175203674,4.090410512954509,1.1620265106669225,0.0007982753480291174
2026-05-14,0.11520921979266165,4.684320812338827,4.327232372375579,1.1356857096685107,0.0007801800533939677
2026-05-15,0.13018627339458896,4.623113159333095,4.458654858181895,1.1516120831548735,0.0007911209667216432
2026-05-16,0.37318991167832355,4.127676190575186,4.4245242731116425,1.1281454221810003,0.0007750001151024762
2026-05-17,0.9693441238620337,3.834954196168669,4.356242074002111,1.142489217505611,0.00078485384743965
2026-05-18,3.3657352317362985,3.9320513590096806,4.104229638561539,1.21156668460946,0.0008323078758865973
2026-05-19,0.31736541368288207,3.9121839752992673,4.319420674337647,1.1279532518799382,0.0007748681002021679
2026-05-20,3.3118047357903637,3.336275895773138,3.82696671785453,1.2264722207350636,0.0008425475063330643
2026-05-21,2.2719263352903663,3.6414838435949433,4.147276133214213,1.0487185923940807,0.0007204364028214087
2026-05-22,3.0813270307552303,3.7621398588984336,4.064774040205945,1.0387067657433309,0.0007135585955333052
2026-05-23,6.413857546761253,3.787458337536705,4.093698351274414,1.0787178459940576,0.0007410449383309738
2026-05-24,10.674781660580944,4.09718583486527,3.9243437761766726,1.2180969676280446,0.000836793973149901
2026-05-25,12.162991165474251,4.04108515948594,3.882517634583718,1.2850824230733149,0.0008828108559555888
2026-05-26,9.609090633057532,4.0709078455692085,3.8989626276711804,1.2014581472131098,0.0008253636313843738
2026-05-27,5.035946514785992,4.469505051154114,4.105603321660742,1.1176272349781928,0.0007677744541791831
2026-05-28,17.035936330947944,3.7627237598135377,3.4871231339038786,1.1491403498346047,0.0007894229643453116
2026-05-29,7.101990601938356,4.314143221831752,3.8315171317047376,1.147340511428626,0.0007881865324595157
2026-05-30,13.27174041490946,4.421243382582688,4.013219346714099,1.1502365047814012,0.0007901759880187092
2026-05-31,2.5398641232746524,4.858939320577459,4.416639518592282,1.2489154667818898,0.0008579653043647553
2026-06-01,4.355836813574457,4.065540953863597,3.8041937712928844,1.1754423598200823,0.000807491610785204
2026-06-02,5.155460225788065,3.711051261292109,3.409900804772793,1.1942441719938384,0.0008204078592690437
2026-06-03,2.695666051905759,4.503535218600753,4.183835237594656,1.211239787735414,0.0008320833081047926
2026-06-04,19.499968924899893,4.0836477473275945,3.7030260672720288,1.3141994631825944,0.0009028133387848944
2026-06-05,12.016022894706317,3.22244793502534,2.914007029100304,1.403547116299781,0.0009641923419599354
2026-06-06,18.895100045759182,4.002437930822526,3.6071902889062244,1.4592263929526634,0.0010024422386189882
2026-06-07,13.226305735677347,3.506232494740758,3.200758057890212,1.4827517588890948,0.0010186034186850425
2026-06-08,18.772377185592628,3.617120857189184,3.3949893871099825,1.6585926131158903,0.0011394005070622002
2026-06-09,12.329085940339148,3.664736060895295,3.4630066622368645,1.7107215284366402,0.001175211418119788
2026-06-10,22.769308973836363,3.135865595747636,3.0144467245378515,1.9101446247791203,0.0013122087586937743
2026-06-11,20.07244057225313,2.791949883295067,2.391085694937592,2.2270144457124252,0.0015298882731140458
2026-06-12,6.380635807201184,3.433299188599579,2.884940083415688,2.2074129298205505,0.0015164226535461203
2026-06-13,15.237519539854821,4.603575540492455,4.242448289730239,2.1341030399699203,0.001466061084943954
2026-06-14,1.27975697185626,4.162715592199544,3.7117588856512853,2.2672900281605726,0.0015575563205301223
2026-06-15,3.1003014208962987,4.500835966222998,4.1660389567727645,1.9956956272382245,0.0013709795833138476
2026-06-16,13.216547177582525,4.0738181112011445,3.6262103569272646,1.9993098756742875,0.0013734624573289215
2026-06-17,4.450052140195443,4.494086971049601,3.8656015850562517,2.1998794566777655,0.001511247396493273
2026-06-18,1.9928645606183044,4.581270100449821,4.078490333018955,1.929145922280364,0.0013252620472690105
2026-06-19,1.3935350162803004,4.944804527095519,4.384252163940531,1.7409380135299262,0.0011959691847736793
2026-06-20,0.9036274808621125,4.97837309081804,4.09784062586316,1.6651495833607035,0.001143904937603282
2026-06-21,8.630742444644003,4.576828381874141,3.9544697545727856,1.5967156059359497,0.0010968929661514355
2026-06-22,16.430048638527254,4.132218449656079,3.5190513793856333,1.7806642634526002,0.0012232598581720972
2026-06-23,4.880279208778329,4.425941382600298,3.6295250649419715,2.0558323569166443,0.0014122916087906344
2026-06-24,3.6468707006501155,4.888073149844877,3.9847635123984695,1.9872092832540118,0.0013651497342223632
2026-06-25,3.4649758181650494,4.963125411331602,3.9323151783126615,1.8156031345304335,0.0012472617541816765
2026-06-26,1.0674118808970603,4.655093072848091,3.809967622335398,1.7257706295650845,0.0011855496731686674
2026-06-27,4.456063750428021,4.934667608034549,4.052157204903607,1.8426859369726,0.0012658667802690042
2026-06-28,2.314316064357384,5.558043005868256,4.2645283550326525,1.828888909774868,0.0012563886602890084
2026-06-29,0.33688473820020953,5.327408174835593,4.012487927083685,1.5921949599408103,0.001093787425768355
2026-06-30,1.6125131221787468,4.911835257468767,4.163733300038826,1.4189598167069413,0.0009747803781782597
2026-07-01,6.800198658197006,4.489399826610988,3.9625520603461184,1.436334448521429,0.0009867161990319748
2026-07-02,0.44318802283309217,4.993585413593421,3.9844704281712304,1.3560379524048278,0.0009315550535722122
2026-07-03,0.39594645695069236,4.70591858380808,3.77263558196878,1.280752124082917,0.0008798360779260875
2026-07-04,1.3384256999644029,5.584914339498632,4.420067527344326,1.2834218766326106,0.0008816701132309578
2026-07-05,1.5277050422308587,5.181414731754243,4.230723062616321,1.1702859247255486,0.0008039493034609795
2026-07-06,3.8403703467187538,4.435683932877425,3.6895029905101997,1.1392026434580071,0.0007825960753341163
2026-07-07,0.8836450025823799,5.053991149938433,4.112965999122558,1.1166190703437082,0.0007670818770588884
2026-07-08,0.957372194191195,4.59974089487237,3.9480615130208476,1.125583398303499,0.0007732400859777556
2026-07-09,2.8161288263029576,4.17028474869082,3.6235872266767353,1.1512351669996213,0.0007908620372804904
2026-07-10,5.226448760197538,4.84867959792884,4.172089721921606,1.2134994532351946,0.0008336356266162106
2026-07-11,7.870766047873169,3.9067403868633113,3.2925127238881076,1.153726259352442,0.000792573338698028
2026-07-12,8.577116994563756,3.951081648264496,3.22204934552336,1.2104961036005635,0.0008315724206972146
2026-07-13,5.5863911682331135,3.6043809586257294,2.9451848532948635,1.4473357341057675,0.000994273733217288
2026-07-14,2.534699356931732,4.403313331938578,3.7359020712162945,1.315688554260672,0.0009038362971147496
2026-07-15,3.1937761249402943,4.6401455539948016,3.7417055070055256,1.3396500431928464,0.0009202970798430621
2026-07-16,6.271928789369145,4.244205444463327,3.641065701831537,1.3603557351983204,0.0009345212333715106
2026-07-17,2.3202130008629562,5.501627415661441,4.2812639501132495,1.5284528683265857,0.0010499986310202511
2026-07-18,2.1447361823453863,5.385182952862968,4.1836171251761725,1.5286955588356281,0.0010501653517007096
2026-07-19,1.6984742517105653,4.767236757486752,3.902931570647198,1.4201090245041692,0.0009755698474768244
2026-07-20,1.6323777538097064,5.269221328901796,4.355031999801868,1.4175304252129712,0.0009737984315687422
2026-07-21,0.33299088810361277,5.175181027936333,4.142033337853359,1.2838353057427176,0.0008819541259137378
2026-07-22,0.9090527673107672,4.705794503845237,3.8868066231930114,1.1137005615855105,0.0007650769541304612
2026-07-23,0.33686394503130085,4.905795982014867,4.147196446543601,1.0648638119760967,0.0007315276564739981
2026-07-24,5.48876248185058,4.933246962508861,4.181239049936568,1.1678636391529338,0.0008022852701185775
2026-07-25,3.0766543303367495,4.155689876807748,3.45372393300783,1.31521499620409,0.0009035109777533067
2026-07-26,10.169688864226352,4.021417602775284,3.6551217654928934,1.1535482900557272,0.0007924510794371856
2026-07-27,16.987040422594195,3.9107112436016975,3.390999865990132,1.3505853380127315,0.000927809280466725
2026-07-28,1.2555498636905988,4.752817915155077,4.085067283468362,1.203498764551535,0.0008267654707581507
2026-07-29,3.73380248338149,4.545155029239112,4.078620502868386,1.2636944014297535,0.0008681179636123933
2026-07-30,2.368963905465437,4.885898900616077,4.302357457983807,1.3391599887164276,0.0009199604279645332
2026-07-31,0.4976313529024406,5.073366591652559,4.113198869065812,1.3129715864264708,0.0009019698264073076
2026-08-01,2.1325075541602345,4.937360641477857,4.2461197925421335,1.3212764628611844,0.0009076750130492672
2026-08-02,0.31997100851293797,5.03102313139273,4.25324558862655,1.2124606989787905,0.0008329220353961
2026-08-03,1.8010825964570907,5.090363778966266,4.408849540528433,1.334559821625606,0.0009168002591114921
2026-08-04,4.450427800817489,4.298116227429789,3.85773756413916,1.0953042265210393,0.0007524392555571106
2026-08-05,1.3713500919126143,4.348148139733597,3.5698591960889248,1.1699346006872924,0.000803707954992304
2026-08-06,2.544404703413841,3.915382647410828,3.3086317713955995,1.1049712138581196,0.0007590801691766043
2026-08-07,2.696383181172111,4.4417132257674,3.565016723261108,1.278245090694624,0.0008781138255229031
2026-08-08,5.212432476696899,4.36399805824405,3.7523942280655684,1.1247754712464062,0.0007726850657206766
2026-08-09,1.5594030910790968,5.457577465731478,4.400312399073744,1.1579791407402722,0.000795494933290606
2026-08-10,0.6012866577859275,5.280246067549362,4.139037646615696,1.1165240029176287,0.0007670165687531455
2026-08-11,0.9481052739392,4.571325695190074,3.862772528196912,1.0677844560738994,0.0007335340463129912
2026-08-12,4.765377906434116,4.628957017591642,4.11706315818506,1.040332077933712,0.0007146751334457559
2026-08-13,2.080711197076041,5.314884296782941,4.506526396580737,1.1047132030122733,0.0007589029239107928
2026-08-14,0.26189973561882357,4.754346902410326,4.008250135832553,1.16653578708051,0.000801373077870367
2026-08-15,1.131902362835682,4.548471853117848,3.96070331074854,1.1540405521622337,0.0007927892478875486
2026-08-16,0.25286737378441526,5.159002655276815,4.287124412727328,1.1278238378157428,0.0007747791968456721
2026-08-17,0.833900824799069,4.329011523153627,3.513776415469509,1.1522352439065673,0.0007915490583885458
2026-08-18,3.6995854120787355,4.015165969799712,3.4812026963945617,1.1828628310339786,0.0008125892390978433
2026-08-19,3.5845285462277934,4.33242527247242,3.6148342792671895,1.2878487041150637,0.0008847112032721755
2026-08-20,2.017672756474991,4.890501340228177,4.415211271162569,1.3213451446008462,0.0009077221952255158
2026-08-21,0.8896762591899698,4.432282623024992,4.017263155481494,1.1648840815064818,0.0008002384085406697
2026-08-22,1.6604273827764338,4.410998803111334,4.0978565383115395,1.1581676999729376,0.0007956244675014853
2026-08-23,1.659569452573397,4.293058802394474,3.9601643798969093,1.1458634212260685,0.00078717181835042
2026-08-24,1.6232016755411676,4.115749696847915,3.6450982024664267,1.1138161180113482,0.000765156337729033
2026-08-25,2.8686136022123376,3.9404246470480393,3.5558468469504976,1.2237700513507928,0.0008406912016912498
2026-08-26,2.735418715531474,4.162390028664884,3.7420945543679816,1.1166241405518658,0.0007670853601310423
2026-08-27,0.6082321696684734,4.359186587034122,4.17056005080652,1.1655767088246278,0.0008007142215349276
2026-08-28,0.7376870018349835,4.459195890133214,4.164314674082712,1.1253996488774978,0.0007731138559514655
2026-08-29,0.9945233135488291,4.53010480291822,4.074859413544071,1.1109452768238652,0.0007631841609094535
