path,size_bytes,sha256
.gitattributes,406,467a9420fd4cd597d1725964bb562fe70b00a213ddf73cfb1eb8d09804157f72
.gitignore,156,714e2a963fb6b186957a51a493f3607069146099e6f28614f1bebd6e5b0e4e59
AUTHORS.md,509,27aa774a9b740988bfe5a4f81f6bdd60c12945304bb47792b6d8ec968de5d2b2
CITATION.cff,515,658a4146e323aab16b369c25295b3388e6ececdcf7a61b811eae82558303defc
LICENSE_NOTICE.md,689,d32b8292163a91265f40e5f092fc10f13a37edd90a656f7c7bdd9d0ecba3821e
PACKAGE_INDEX.md,1292,c299c24f5e7b7830eca357bea7e3c15b37b931b3d79de4d227633f6ee9ee418f
README.md,6004,5b4c2adbbee50479509dfc9773b39e68eea045eb354046e56f605fef9b858cba
VERSION.txt,6,59854984853104df5c353e2f681a15fc7924742f9a2e468c29af248dce45ce03
codemeta.json,748,4bb0f47c9836123cea97fa42b1d815f860140b98cd35f7cd4fb1b3f9754ff8fc
config/balance_hidrico.json,2840,c3d30b52ed6560edd5cd211134ce12f375d17615d5ca85aeefca083e82694a49
config/cmip6_local.json,1160,4037acfde0d95cbe9078b4f434478dfb1f74cc8336d07d11449b72d31989bbcb
config/datasets_procesados.json,1973,04df03696e97eef1250184e96f63d9fe73302a5764e5e6ef71cff148bd0f173d
config/ml_residual.json,2445,aaf9b2fb571b41711890d99dfea71b9fac74f1acffc678d3a39105e3e75fc311
config/modelo_caudales.json,35070,227741affe650adfa4f93cb5e804dc178897bd1fd484f0ca0f57e1ed9f776c49
config/rutas.json,942,59f1c03965931d0cc6a3a0c22e914f7288257226d9879581e18190905b4c80d3
config/validacion_final.json,2008,ccc6904bc73f30677b6796e6ff58aa857d2cd3a8763e2c265c8a2b88e206cb71
data/cmip6/procesados/cmip6_diario.parquet,73255838,00cdcddb4ae1cb5dcca27bb1009dd41efeb170628f3c208bbd70563c17d72ce4
data/cmip6/raw/ATITLAN_CMIP6_ACCESS_CM2_ssp245.csv,5788928,c1742bc64c660a8f7eec3b0eb333a84fedfb9472ea53c04d11fe71c6ec7c3aa8
data/cmip6/raw/ATITLAN_CMIP6_ACCESS_CM2_ssp585.csv,5779280,a5670a94d265683296ab46e2b70e6d4d644d952573457e901428e0764f875b39
data/cmip6/raw/ATITLAN_CMIP6_ACCESS_ESM1_5_ssp245.csv,5929019,93f87c4cf152f77e7f141408f7258bb17bf2918f918dbb278648562a436158d0
data/cmip6/raw/ATITLAN_CMIP6_ACCESS_ESM1_5_ssp585.csv,5926534,ca8e9b0e7246c4b6a4dbd9c6fa45a6ebc5663fd0de532cbb937966450b7291d5
data/cmip6/raw/ATITLAN_CMIP6_CMCC_ESM2_ssp245.csv,5765858,a9ddce45b5941126e6c21fe340f8ae6ee4e6f6f750e6a9f7cb8b230cda944529
data/cmip6/raw/ATITLAN_CMIP6_CMCC_ESM2_ssp585.csv,5745404,87706484f72912f7cc77d61757742939ec65b52e3d702ef797f81cf63bba371a
data/cmip6/raw/ATITLAN_CMIP6_CNRM_CM6_1_ssp245.csv,5834894,b7b161540ce752fab70c6376c45a5305cd9680225fe15538f48137e4aee7fec5
data/cmip6/raw/ATITLAN_CMIP6_CNRM_CM6_1_ssp585.csv,5834679,3d228a555e3e98a231e5badf8be48ba8589800281b97693eb483091d1380f91c
data/cmip6/raw/ATITLAN_CMIP6_CNRM_ESM2_1_ssp245.csv,5856196,6cabcf92acac632aa77adb0574ff8b77c9a2499ed32fcc6f2199aeb108070b06
data/cmip6/raw/ATITLAN_CMIP6_CNRM_ESM2_1_ssp585.csv,5849904,aa7d2fb63162da6b472fc873d77334d9c087f7c645514edd9723db5b45291702
data/cmip6/raw/ATITLAN_CMIP6_CanESM5_ssp245.csv,5750559,e883c189873ba7e132ac467acfa017c2ae32bf2c6dd192498b2f6d307e908a1d
data/cmip6/raw/ATITLAN_CMIP6_CanESM5_ssp585.csv,5743490,ccd8f49ad8bdca27039080ef245fb037c1f0e65e7cb16258d6b871ea7f84d25d
data/cmip6/raw/ATITLAN_CMIP6_EC_Earth3_ssp245.csv,5737200,c8d9eea606ab533de68856a8939cf9d4a15f41ef530a3f0227ac16e9020026da
data/cmip6/raw/ATITLAN_CMIP6_EC_Earth3_ssp585.csv,5738797,b6cfdc2ecc4302ff26cae0061caa864e2f9167686ce879d63285f450433fa6df
data/cmip6/raw/ATITLAN_CMIP6_GFDL_ESM4_ssp245.csv,5714589,4fec956f3fbdee5c42d32ebdecdad11a14eac77dd7f2fded6ce5785f4ed5dd0e
data/cmip6/raw/ATITLAN_CMIP6_GFDL_ESM4_ssp585.csv,5702307,64b54b1c8eacaa62451ef27b21a003e394cee41a01a55c705500dd373e4d04dd
data/cmip6/raw/ATITLAN_CMIP6_GISS_E2_1_G_ssp245.csv,5871977,ecea67f20400b40193deeec7a582da25221c20be62a5aa6f054b44765de16f1b
data/cmip6/raw/ATITLAN_CMIP6_GISS_E2_1_G_ssp585.csv,5870627,0b40b5debac04a4b76527abc66da5edfe369f3f5f62655ee4b2dbfcf7af38469
data/cmip6/raw/ATITLAN_CMIP6_HadGEM3_GC31_LL_ssp245.csv,5912439,4e39833d58bd8b9f174ac49c361e966f378315d12e3bfc86bf161fa61ea93e90
data/cmip6/raw/ATITLAN_CMIP6_HadGEM3_GC31_LL_ssp585.csv,5906220,79011337877c596fb2dd9f6f848e3a6c057b4dec93c4bf929f93f5e6e0911b53
data/cmip6/raw/ATITLAN_CMIP6_IPSL_CM6A_LR_ssp245.csv,5866171,5afa15b125f461a5e369ef4d6a24a8c55a4c38ef6d75831290db2240f135149a
data/cmip6/raw/ATITLAN_CMIP6_IPSL_CM6A_LR_ssp585.csv,5850500,dea17aab33d39f02c1bc8d1d4cef1b11ad97df55ebe56c3255f0738a37c9a03b
data/cmip6/raw/ATITLAN_CMIP6_MIROC6_ssp245.csv,5694962,7f83193f298c91f8c84eca7abe4eab3a6dd70757c3558c3d4e25030ebbfaea33
data/cmip6/raw/ATITLAN_CMIP6_MIROC6_ssp585.csv,5692240,a3a6cb863dfee3981aaac8ddbf55683f13a4c3cf1fd167e7ccd38b01e18e6139
data/cmip6/raw/ATITLAN_CMIP6_MPI_ESM1_2_HR_ssp245.csv,5846378,598a10fa5c568cbcd34462c45c031cdd0e8a088d43eb0253aff5d9b018aaff5f
data/cmip6/raw/ATITLAN_CMIP6_MPI_ESM1_2_HR_ssp585.csv,5837483,f18996ed67032414368c3969786ed1d85567ada40eda0f3a34aa526dfa230b26
data/cmip6/raw/ATITLAN_CMIP6_MRI_ESM2_0_ssp245.csv,5768661,751f77105227826af7a1e43dbe4c7393a8aae186f85cf66e188e46a849ccd226
data/cmip6/raw/ATITLAN_CMIP6_MRI_ESM2_0_ssp585.csv,5754614,3986ce75e5c39f518dd8db7900c77a896f9d27664cfa897a978953c29d770df0
data/cmip6/raw/ATITLAN_CMIP6_UKESM1_0_LL_ssp245.csv,5792826,8aa38d5e3682b9732f058b846e8bd3dc358d9752f68cb8dec53f38d449648342
data/cmip6/raw/ATITLAN_CMIP6_UKESM1_0_LL_ssp585.csv,5780499,936d453e5feae27461b200a9190e0751d15e7e3c3bece1d027a30a2994fbe206
data/evaporation/procesado/atitlan_era5_longwave_1981_2026.csv,505275,506060e19dd1a4d08ae7bbbc167134c6c69ba95d841074d4b65d608c55c95bc8
data/evaporation/procesado/manifest_paso11b1.json,991,2fd6de91616512af090669463ae4be1295660211d8bf66337e93a85fa27df1c7
data/evaporation/raw/ATITLAN_ERA5_LONGWAVE_2015_2026.csv,171943,a586e66107b288db8b26434d0609d33fd973821e700e721092f976b4235a1c3f
data/external/batimetria_amsclae.tif,40533590,07ff0fd1b9f57977860b0a34d6bb9656f7b2507e5ce7917d62781d5cc4863b04
data/external/sentinel_16A1/atitlan_16A1_v5_costa_moderna_2024_2026_01_ocurrencia_agua_pct.tif,628605,2f56e01d095f5e205461565a2a46055b7d2adeec394495bac6fefdeaacefd472
data/external/sentinel_16A1/atitlan_16A1_v5_costa_moderna_2024_2026_02_mascara_referencia_50pct.tif,45239,16dd5f45c4a404a4576d0b41cdb76b74bdae456cf979a0e3a75a04a4d0204264
data/external/sentinel_16A1/atitlan_16A1_v5_costa_moderna_2024_2026_03_franja_litoral_20_80.tif,40368,13934d6a7799d24e362f5c1021d68850c16a2f84e19ab1a39928958c5593b3ac
data/external/sentinel_16A1/atitlan_16A1_v5_costa_moderna_2024_2026_04_meses_validos.tif,105405,4b2c57b534a5f190070babb10b9071d74d4ced8cec1003a68252bf746c0f5317
data/external/sentinel_16A1/atitlan_16A1_v5_costa_moderna_2024_2026_05_inventario_mensual.csv,1974,e233c35af40a500f1f61970dcb091432a2c01c007ed3751d02286d36ebc8ec18
data/external/sentinel_16A1/atitlan_16A1_v5_costa_moderna_2024_2026_06_parametros.csv,638,4b98acd7426338d1731fcc9719d9a58511206d78261860160298a4e0ddc87aed
data/processed/chirps_diario_cuenca_real.csv,648046,042a7472855e35d8bf6d0f1de28ee98715c29c6906fee2997a0463bc2d99a01b
data/processed/chirps_diario_cuenca_real.pkl,325445,26df6f8879254199d1231d516e93688cf82f6640999233696086abd819c83125
data/processed/clima_diario_features.csv,32004152,dbbad709b9306864f73269f96075ea8b004ccfb4d348b1f1b9093b9682477372
data/processed/clima_diario_features.pkl,14998841,8350f119da86dcff33dc55737b6f9e3b5a8790a0aa0585aa660d8d5861e7454b
data/processed/clima_diario_limpio.csv,4447092,6d6c34e0f84f5318cf0bd7b9974f6008000a36092acdc154d8fcae66a3e5dd2b
data/processed/clima_diario_limpio.pkl,2128478,d5af48fb5f6b723fc0067fed5543c9803bcd61691754572913e11e6e4fd5b3b1
data/processed/era5_diario_cuenca_real.csv,2618683,54f16a6626c887078e527c1883379ed7638ab541fc657c41fa661917f078b4b6
data/processed/era5_diario_cuenca_real.pkl,1155638,5e9279af658ca4a6bf6b37d1989b2c37055100e246993827f2d3eaa6a8247838
data/processed/features_autoregresivas_unicas.csv,5957,33eff06f23d99ee22ba34dcabf7e66b4cf2786d1d736d0d281d4545955163a9f
data/processed/features_autoregresivas_unicas.pkl,6836,1b31769dad16076e9fdff1020ee742e0a9a9c957e25237a214de6f0f59cfe40d
data/processed/lake_legacy.csv,60584,48afdd66c2a6beb534e31d1b1ff6652d73120e5be933a2e5721790e0a438aecd
data/processed/lake_legacy.pkl,38474,9ebc44271b4cafadb1167435e7910a4e3467c13a01067aee1364087cd5426c88
data/processed/limnology.csv,5203373,36b904bc57c6a78a6ffee97473c15abe2bf10523c602a4cc4d7cdeda3e01e3d3
data/processed/limnology.pkl,5865705,303e11e309c11088711ef0f0df384e6fff0003ec311f1923134c33e543f3b1e5
data/processed/matriz_modelo_autoregresiva.csv,2886095,8eb9f1c5699668721edfc2a09c012ed226175bde5b7d891ab35ca9aa86c6eb4f
data/processed/matriz_modelo_autoregresiva.pkl,1346305,4cf57c2e0c17de5937072d490661e5ed875a3268af332b1cd407051e5f234eeb
data/processed/nasa_nivel_final_original.csv,136188,1192bd508ccc71b1df816cb90f34d6a95e066551239a5e2a6d99632dd7568667
data/processed/nasa_nivel_final_original.pkl,137486,99046002c008cc74624e37e64e1943df3641c5add440567a93b0a284d76f6294
data/processed/nivel_canonico.csv,152307,fe43a0f8e0523fac895e9e6daaa7816fa80a6f4b28a0399a1cf60293e8658ee3
data/processed/nivel_canonico.pkl,153466,c831b5a1c6a29946d1d617d316bf2a5b8a90fcb0514095c12a60c05ae5250da8
data/processed/nivel_qc.csv,150639,0c268267817d671afd4a5be9e5903c1c7bb93cc7f6920887b0eae3186c8ba52b
data/processed/nivel_qc.pkl,151119,0203f109e9739f2b2e385a92ebc08b018d43420804e46bcb34bd03743af85b39
data/processed/rivers_clean.csv,78905,aa07d1e1ab8d3f2b6e78abee80aa613aa024f3a1142a4c52c8beb8d7e7fd4b3e
data/processed/rivers_clean.pkl,54964,463bb0d0b85573d1c08df2c3e7807e7caeb52eb5031d11321a9dd1b202a7f945
data/processed/rivers_monthly.csv,10596,253c95f8b07ff8ce1c894ccee8c234b487552527db4b772346f284bd8c9bf9bc
data/processed/rivers_monthly.pkl,8888,1c31868b46e24d52648589ed8cdbc8dbf6cd15c08753c24e59c8219bdfc1fa94
data/processed/weather_clean.csv,91584,4fe6841f870d6736f113ce1fdf94fc3038235638ae23b9a375f7dbce20a0f765
data/processed/weather_clean.pkl,103703,01b677524421fd41a98477d5cc6b2e6d45ad35a8a4587b7224f7f8cd31dd5fd9
data/processed/weather_monthly_basin.csv,17193,7121e4dbc2dd142de21202c3689d347553928099016f08bc9569c4653e8487b6
data/processed/weather_monthly_basin.pkl,16239,8be29cde81f4c7d7680f5db9d567c770ef5741e9c4b30674e72fa130eaf82fda
data/reference_1981_2014/procesado/atitlan_chirps_v2_1981_2014.csv,434689,6fcff15f1e03dfc1acde99c9632036d9a440289f091a7c1a40a32eca3cc55c7a
data/reference_1981_2014/procesado/atitlan_era5_land_1981_2014.csv,4437154,f5bf2fcf85a7742970deb8979c3af3969a9b1ddfaff6beec40b5e8e6eb66425a
data/reference_1981_2014/procesado/atitlan_referencia_1981_2014.csv,4819520,c9d392aa7d92b4e67c5375859448a0dea5393067240b69547da0484e215dd7d6
data/reference_1981_2014/procesado/manifest_paso08.json,5517,27202f956271a0755d6e02e24f020ec01a4492c8d74856ddd05b3f8c309497ed
data/reference_1981_2014/raw/ATITLAN_CHIRPS_V2_1981_1989.csv,111745,d82fd293d37c24ebe519eb3da1d7765d44dab896c1257cf6fc7a4532aad26f01
data/reference_1981_2014/raw/ATITLAN_CHIRPS_V2_1990_1999.csv,125986,b911b2119a9a2afd2f2de931acc06b790927f10bdcdc6c7ce8891db44fb003ba
data/reference_1981_2014/raw/ATITLAN_CHIRPS_V2_2000_2009.csv,123800,50187aeedc977cf8f8a0e98e0384df207c7cca1327b6daf5cd3f041d395e1e5d
data/reference_1981_2014/raw/ATITLAN_CHIRPS_V2_2010_2014.csv,62345,66ea8b8544b66c27a7e7f7c22f3491b54b2d73994d35a9a91fce6bc6159f3ed7
data/reference_1981_2014/raw/ATITLAN_ERA5_LAND_1981_1989.csv,1188438,9664876428c4376de05db8e44f210cb962fa534d462ba424ad76bdaf73cdd306
data/reference_1981_2014/raw/ATITLAN_ERA5_LAND_1990_1999.csv,1320092,77842532bec2e2c0a3e70217969e49be2e8907a6e26b837dfa1c7dfdf80f26ff
data/reference_1981_2014/raw/ATITLAN_ERA5_LAND_2000_2009.csv,1321279,b3e7b40421f1130efd653049302efb035102007c801d32371aa213efc98695d0
data/reference_1981_2014/raw/ATITLAN_ERA5_LAND_2010_2014.csv,659841,258d1c44366276b23fb87505dfabe012b6e3a51150168d987a266e64443a7498
data/source/README.md,780,887b57896d972190102da1179d376e70b1296db64d6ede5e6fd38bd010856097
docs/ARCHITECTURE.md,2795,e31c924e4398222085267f1018f8451f24316ccd1dc74cf3bf47ab5dca031cd0
docs/DATA_SOURCES.md,1880,042416611a8410e2a534e8eb8f8170afc47951d93523748407d753e4b8830cfa
docs/PUBLICATION_CHECKLIST.md,1060,7e178ef145b4d26d1f13e9258f4d0142d4ad8672d8ff701a0a1514aa2da7ad25
docs/REPRODUCIBILITY.md,3731,7e885b9c893178fb207e37f9ece4c80f0eaba438dcb66b05287310847c620b66
docs/SCIENTIFIC_DECISIONS.md,2186,d16864908cbb9c6f26d473541297e08de01496d355f171c4d55a2fcf67acf076
docs/report/Oscilacion_del_lago_modelamiento.docx,7463275,3083e8ad125316d9f4af6c83fe8977eb53ce3279adcb7394529192d517335bc8
environment.yml,292,3e8c5d1a94c26632cbd2de869c276669b5ba8ace2b732b16e20bf87b65f8daf0
models/caudales/la_catarata_desarrollo_rf_log.joblib,741409,e32fb825afdabd2991f261c4646934dd14d32ee8fc38c6fb69b1a593d1574c73
models/caudales/la_catarata_desarrollo_rf_log_meta.json,6757,f02afaa7490d62942629038eeae56e430d95e6b4af6d5e55262e427e316809db
models/caudales/la_catarata_desarrollo_rf_log_preprocessor.joblib,8370,fea9a774b0c255fcb8fa5c3d07240856815ed3627a7c934515bd6f42e5af816e
models/caudales/la_catarata_final_rf_log.joblib,1022065,7ffcd0c4a23bb4c086bb57c85dc6ecb0e72ebb0fe84c561876bf79e01cc36759
models/caudales/la_catarata_final_rf_log_meta.json,6745,303fa94c6b259062e1d603cf887d0c380d38ec4d3b8163f39a9a221885793648
models/caudales/la_catarata_final_rf_log_preprocessor.joblib,8370,51b48532840fbdc2dbd215251ca22bdecb04c2a0ff02a878755714a4ad900353
models/caudales/quiscab_desarrollo_xgb_tweedie.json,508322,e62aa80a32e2ce46f348f9c9a7ac02d90dc4a80a0eaf6ef3d15c43355d38b609
models/caudales/quiscab_desarrollo_xgb_tweedie_meta.json,6945,5015b60305a3baaa7f3c5794a958fe5a6fa1834ffc6e6315c04b8d3585c8e2ae
models/caudales/quiscab_desarrollo_xgb_tweedie_preprocessor.joblib,8370,86c27c3969611effb4397563b4f6df3723c1a1dd94f79d76ae0eaba2e07e1996
models/caudales/quiscab_final_xgb_tweedie.json,514778,692d0f6643d2280983f2d0c187df1df97ce076e043c4f26d0d29fd5c284906a3
models/caudales/quiscab_final_xgb_tweedie_meta.json,6928,86493be2d61c6958e417681da58721c0b1eb2a0a105e935c40469e2b401df872
models/caudales/quiscab_final_xgb_tweedie_preprocessor.joblib,8370,6811d66667e4310670677fabaf7eda4adce28f4c4a299ab2587dccf611642808
models/caudales/san_buenaventura_desarrollo_rf_log.joblib,571009,63cf0230271a95d60f02f1dd45e3c61fab20edc8c14b42cf7f4f7681f7857f05
models/caudales/san_buenaventura_desarrollo_rf_log_meta.json,6771,1e072f320daf4b8651fcb9f2440b40832c6586911e2c8ca705e364359f7eaba5
models/caudales/san_buenaventura_desarrollo_rf_log_preprocessor.joblib,8370,0e5134e4f5ddedaa3e63857f791b59d2f21fab8d237feec599a67b9aebb6208e
models/caudales/san_buenaventura_final_rf_log.joblib,804145,a3fe4c77df82b428ebd4114e03a24fc04c2e367b179143cb2c2c202cab04d4f4
models/caudales/san_buenaventura_final_rf_log_meta.json,6760,05495048681eef598cd5e30b0ef435a32a59a803e1ac32a991e9cf8b6bbd4449
models/caudales/san_buenaventura_final_rf_log_preprocessor.joblib,8370,8c88ba7b6446725d957109c83afc414a15694003ba749edae5b62ee04657d5bb
models/caudales/san_francisco_desarrollo_rf_log.joblib,1485265,0c72fbbeca093f077dc8d48c0959a57e311c2ffbe8fb09055c8470cfdff69fce
models/caudales/san_francisco_desarrollo_rf_log_meta.json,6767,34fb2cdd214575c0caf3b0995d92c88c021779bc4aa393c60e4e3639459996e9
models/caudales/san_francisco_desarrollo_rf_log_preprocessor.joblib,8370,fd6d2c40a2e3d788fb0fbbdbf6f90cc7adfaf445060dc490e091551149306da8
models/caudales/san_francisco_final_rf_log.joblib,2078113,66d57a7f8688f254ab041ab0c8970ff9c516c30eb224cdb157f69f02e0bdff19
models/caudales/san_francisco_final_rf_log_meta.json,6750,d29d28838774f7b7600842889476184afb82b889069fcd7d7dc334ee341309cc
models/caudales/san_francisco_final_rf_log_preprocessor.joblib,8370,6d50cce95df9e7a373f1b70088297075c64fe09bb86f343e22a8cbb52fed58cd
models/caudales/tzununa_desarrollo_xgb_tweedie.json,521643,3279f5423f82a4d7e46ab942a1b06eb330b672c9cea8249798550bce3f6c742b
models/caudales/tzununa_desarrollo_xgb_tweedie_meta.json,6946,2a8336d2bd8a6b43fe841080aad45d37b15c9dc7a26cad283b7401feb4eaa1e0
models/caudales/tzununa_desarrollo_xgb_tweedie_preprocessor.joblib,8370,5bdb74c00a5223b75724ead34e890e6839e62473ec557b8ae28bece9516fa0d8
models/caudales/tzununa_final_xgb_tweedie.json,545149,17221fb1df76278097086a150ebba082f0d2dd10130e71be1c17724e91e06f5e
models/caudales/tzununa_final_xgb_tweedie_meta.json,6931,d744a8160204d98f86c5296047602d494876e4af78f7a2434053929443dfd9e8
models/caudales/tzununa_final_xgb_tweedie_preprocessor.joblib,8370,094380c2a92b83eda85be4f25316456cce55ae4d1aa531a96f659cec0d9db11b
models/caudales_future_compatible/La_Catarata_future_compatible_72f.joblib,1115265,01edf2c0f4733b6d30c65501eb53eba8b645ddce43ba5f3ff7d3a83c795d510d
models/caudales_future_compatible/Quiscab_future_compatible_72f.joblib,823386,4b274fa54603c533188c24953ce93217cf07d016922f42ab1933eb8a98bd445e
models/caudales_future_compatible/San_Buenaventura_future_compatible_72f.joblib,891313,bdb65e348d4c80224eea865d1cf6b118c37ff68a8c7ea5743829e1d934e119c4
models/caudales_future_compatible/San_Francisco_future_compatible_72f.joblib,2304097,cf23d6d374023343112c196536df234a035b72fd9c0b5f132ff61cec6fb82352
models/caudales_future_compatible/Tzununa_future_compatible_72f.joblib,759765,5265248fd78ebb2e8b5c68790e444510109001ab60fb3b9d6816ce0f9ed3b8c8
models/nivel/random_forest_residual_final.joblib,1632049,b25087661f8d797c872cd893e2096bfae24221a4b181aaf14a4a565f58a43bed
models/nivel/xgboost_residual_final.json,385544,fe8de5a1cb03109e06b58e41119661a43d036b0f9272a7475da9b46c84b03a1d
outputs/area_futura_acotada_16C4/16C4_limites_area_futura.csv,3821,b09d46de4806cb888e182bdebc98962f1172c31e22ad88c1fcfa43a3bb553dbd
outputs/area_futura_acotada_16C4/16C4_limites_area_p50.png,66401,4e68a5171b4dcd099765d11236193b0dabd426d6a90eb057bceda962a1273e9f
outputs/area_futura_acotada_16C4/16C4_metadata.json,2863,699571096ef9648a2deb362ec069e3f8725bdccf71ebf42183e7c5b555effbf5
outputs/area_futura_acotada_16C4/16C4_resumen_p50_area_volumen.csv,1141,c9d57ef22502b56c37b2a8dc62dcb6d78e2906792a10627005f286ff6c399943
outputs/area_futura_acotada_16C4/16C4_ssp245_2030_p50_clases_area_acotada.tif,17210,9b5f250c95ad83afd9f41c25119d445f3e4ed824cde11c145fbc3784160f843f
outputs/area_futura_acotada_16C4/16C4_ssp245_2050_p50_clases_area_acotada.tif,17208,0b043a613e2c956c90bff88bfaffe2e6f30197214329a12d491ba663a3a3d921
outputs/area_futura_acotada_16C4/16C4_ssp245_2090_p50_clases_area_acotada.tif,17194,db08b4593bac82cda4692fe2fa4593479e7652b670d20e4a1d354477b8eeb24f
outputs/area_futura_acotada_16C4/16C4_ssp585_2030_p50_clases_area_acotada.tif,17210,a26fa2ff455f28677e9192afd5dd0327b3c5e79453195fd729ea396cd3400c97
outputs/area_futura_acotada_16C4/16C4_ssp585_2050_p50_clases_area_acotada.tif,17210,0e84c46191b961d3b07b5cbcea6de11c476c5cdddf244cdf1903a07b92518cab
outputs/area_futura_acotada_16C4/16C4_ssp585_2090_p50_clases_area_acotada.tif,17174,0281dd887ccf8f00bcac82636bb4433e30a991898d9fe98664fdbe8bc1cac642
outputs/balance_hidrico/balance_componentes_intervalos.csv,278422,7425fd79f20f5808cd93283bab8897f717162135a623700f4e9dfe061edcd03f
outputs/balance_hidrico/balance_componentes_intervalos.pkl,129964,bba7b122c710c7246d9f99fab7eb54e2dfd017c4ae23b35ca304ca04afd2102f
outputs/balance_hidrico/metricas_balance_hidrico.csv,2322,42afc0412ae99a32b1aa00eb2528ae385a9b2a4abf3ec7e962eb81b603c7f853
outputs/balance_hidrico/parametros_balance_desarrollo.json,460,bacc02b22a733ead6952d0d3a6aa15e4eca198f5bf72ed261ade6ec012258b5b
outputs/balance_hidrico/parametros_balance_final.json,465,8c9e135288035a8830cf5f066c2fb6efaa8fea725cb725be15063d54c69dbff4
outputs/balance_hidrico/trayectorias_balance.csv,12107,6f50d8c728cad5bd8efa8a03d4ba0e95a07468f13922694b394ff1662265033f
outputs/caudales/caudal_diario_estimado_desarrollo.csv,842012,5a86ccd2083d5041238e14d8d84837c7b5aa69a7c2805893c0f33d87ab8e0e72
outputs/caudales/caudal_diario_estimado_desarrollo.pkl,364074,e5857f3c193cf74c97edb3424decd2fa3ee71de9eea661323ccc79d2ae3c43e0
outputs/caudales/caudal_diario_estimado_final.csv,838751,5bf07d6d08aca28df1ebfffdeb227dcf4f3746c01e1f19d1d42c479c28ff93b8
outputs/caudales/caudal_diario_estimado_final.pkl,364076,595aefd3af3ad9a9efe16fff17001b3f38722d1e8521b2123a50302cd8b224fc
outputs/caudales/caudal_estimado_mensual.csv,33568,569a03755252be3016d11751043736b76763ca5cafbd12eddd8cbbe612c6c28d
outputs/caudales/caudal_estimado_mensual.pkl,18159,14239334b84a30ded4e0678f305fc0195ca94006ff4df7c67717ff01c75273b6
outputs/caudales/clima_diario_features_modelo_caudal.csv,9879289,ace776bbd5e580045237a5fb43cb1d7fda896a08f5f5ba4cfcc3daa49350a672
outputs/caudales/clima_diario_features_modelo_caudal.pkl,17491893,15b44070e716d3d227cc97d3a21a5eaa373247f19bebf58b86b58afefe1b7686
outputs/caudales/figuras/validacion_caudal_total.png,324699,0c4563988b080b9bbab2d6b1b94b2b6a43924ecd34aabe5bf418e7b0abc2861f
outputs/caudales/metricas_caudal_por_rio_validacion_temporal.csv,2006,57ca19b02764aa6be109ac591938f069c6c721b2f97bebb0cf433835ece83b60
outputs/caudales/metricas_caudal_total_validacion_temporal.csv,451,e960656b3b6d97aa9f70b7ab58bd9b976588399c01d765f0e85bcc8163dfa6b8
outputs/caudales/optuna/optuna_la_catarata_rf_log_trials.csv,1518,39d03d73c492bc6e1592195f464196ebea099d25119b3a181bfc4803740ac0e7
outputs/caudales/optuna/optuna_la_catarata_xgb_loghuber_trials.csv,5051,68421dfaf03dc37fb8ffacb67dd944e7c5e0aa00d49f2711df74ce1dbbb5a2f2
outputs/caudales/optuna/optuna_la_catarata_xgb_tweedie_trials.csv,5153,cf6032080abd6d4852fe79df15d690efb69bda5bf514a0ebf15cd3e783f6e9ca
outputs/caudales/optuna/optuna_quiscab_rf_log_trials.csv,1517,9ef96fc41173d73f477119a9256a27405baabb515aee76b55c473fe932e35da1
outputs/caudales/optuna/optuna_quiscab_xgb_loghuber_trials.csv,5087,ba506cf409a5eb5b169a0eae85703a40766fa070b47b311dff32a27dbc3ce68b
outputs/caudales/optuna/optuna_quiscab_xgb_tweedie_trials.csv,5135,30b6fc032f5f64cd97610aabec96e496c6107eb641b1cf2d372be24864bd10df
outputs/caudales/optuna/optuna_san_buenaventura_rf_log_trials.csv,1514,d7c20604cd7404cfbac843c87895070e848ff5344d32de201982760e0657c04a
outputs/caudales/optuna/optuna_san_buenaventura_xgb_loghuber_trials.csv,5089,2cd828f6679fc93db492b848a361c796c4d8fc0b1523326d13117ad8539b99e1
outputs/caudales/optuna/optuna_san_buenaventura_xgb_tweedie_trials.csv,5160,0ff0bd93a026af093d732e98fca68d206067354480d3088ef7722d9673d7e746
outputs/caudales/optuna/optuna_san_francisco_rf_log_trials.csv,1521,69e198260213b018dc24ac86969ab95de8f9f15a2e85b95e6b3041c63239ecde
outputs/caudales/optuna/optuna_san_francisco_xgb_loghuber_trials.csv,5065,b4d67eb9d57d7286d9da736fa398fa8bf0d51b01150527eb681346fb3aa341a2
outputs/caudales/optuna/optuna_san_francisco_xgb_tweedie_trials.csv,5152,882fe432ff371f2d56f0fdc5d20ec522c1ff5103bcb6e48c5b9dc8dbf9048648
outputs/caudales/optuna/optuna_tzununa_rf_log_trials.csv,1517,01e38527c3bd3572b380bf813660cb929ad31f5cad520008685d6b33b5cd605a
outputs/caudales/optuna/optuna_tzununa_xgb_loghuber_trials.csv,5091,0d058d18486cb411d377d2e4a02c84d4dc5ecced12d21f8563db3e4585c868e8
outputs/caudales/optuna/optuna_tzununa_xgb_tweedie_trials.csv,5160,0b4431d1acb9d4bad858c08d3fc2fbf690b99c4c165f1c65cd4c61803244620d
outputs/caudales/predicciones_caudal_por_rio_validacion_temporal.csv,13247,dd84293a9cd7c3fda00ef13b0df23dd356232298f8e2e1c8b8b81ef120887166
outputs/caudales/predicciones_caudal_total_validacion_temporal.csv,1542,c64aa779be7ddb8194a95d8887012e2ba80a3e67dea1e3381b0333eca8e856ba
outputs/caudales/seleccion_modelos_por_tributario.csv,748,0b0effac67cdb4b8fd417280a1d70135d722dbf6b07175793d3264fd3d44c432
outputs/caudales_future_compatible/10a_auditoria_predictores.csv,47042,bea27a086697a49d89e8c6308bcca39af6da2d0094b0c940d4e2a787ffeac37b
outputs/caudales_future_compatible/10a_features_future_compatible_strict.json,8882,b88caf52b998a38e7727e9bc198419592bf6a92bf2139fbb80cefcb7ae5086b1
outputs/caudales_future_compatible/10a_resumen_por_tributario.csv,932,c8a9e5357209910663f66cf7a40d06e9a73b083f7d66c65af2ee7b741d927bdd
outputs/caudales_future_compatible/10b0_candidatos_targets.csv,37903,5cfc6e05240b822f48abf6dec97aaca46e48081eea52d7a4f8d8b6e3746011e0
outputs/caudales_future_compatible/10b0_diagnostico_split.txt,18306,fe48f3837f2fe0b5b855af30cb42d2d4fc53e4c6da045a8254d77ef14c7a8697
outputs/caudales_future_compatible/10b_metricas_validacion_72f.csv,2245,04928aad7b5dbc55ee3570e899f739946a989c10ba8c4caf25abbb2182aa4881
outputs/caudales_future_compatible/10b_predicciones_holdout_72f.csv,14036,dde038074994eedff8246a9482f2b8356609d3de1a3b79f13a16d305235e7094
outputs/caudales_future_compatible/10c_comparacion_caudal_total.csv,2945,61bb20d44d2e3dc93fe91ddfabf95c0ff5d43be2162bdcbcd235403a79bf9c4d
outputs/caudales_future_compatible/10c_resumen_validacion_total.csv,641,c2021ed687acfee8bdbd9165e175b374e04e31f9b0bffe2e9c18a40f599e6d0a
outputs/caudales_future_compatible/10c_validacion_mensual_por_rio.csv,8107,961aec66ab0e74ed857ed048abc964fe5d818841def5e5d72df42e11e33dfc46
outputs/caudales_future_compatible/10d_comparacion_correcciones_interna.csv,575,6816727d5fca5a5c3032cafb4bbc74a892f907be7d3a527666bea4d39934026d
outputs/caudales_future_compatible/10d_holdout_total_corregido.csv,1827,33996195a51554d5f7a3b32847cea941fb46ce93e66a8a04ae66db0116cc0130
outputs/caudales_future_compatible/10d_oof_development_por_rio.csv,10973,9dd85fd8cd5695cf6c5ef081a05c6453c4d5fc8ec84fe4d0319ac5bf32284650
outputs/caudales_future_compatible/10d_oof_development_total.csv,1363,1ca7a5d5a254a4aa7cc6d592e2367542f11cfdc5607866eea5d3d816040aeec8
outputs/caudales_future_compatible/10d_parametros_correccion_caudal_total.json,772,883ef4e2a649535896ebd83932062110c28fe3b76c7f5230f21e047e0d2969d6
outputs/caudales_future_compatible/10d_resumen_calibracion_sesgo.csv,539,30a2d1863cf3b7dee8bdeb877874df46b95e72a3c1c30ac3dacb0ca0edd3f987
outputs/caudales_future_compatible/caudal_diario_cmip6_future_compatible.pkl,64084494,d07ed58d8077d7bbb420659a43d926416f6e7fb4a5a322ed0ad1510ea23a62f4
outputs/caudales_future_compatible/manifest_paso10a.json,42906,63d810376c57f908b336a38da50ec842e52fc16632ae81a824a29f79020acf5b
outputs/caudales_future_compatible/manifest_paso10b.json,18569,68d93bb589d6ec6b57533f2f675cd8b1bce20d1181a7e8b7d798d5430dcbea2e
outputs/caudales_future_compatible/manifest_paso10c.json,4662,d865e610155c08b9088adb1d056e9284a77bb924ea101611ed13b78f6cea078a
outputs/caudales_future_compatible/manifest_paso10d.json,4537,a5ec56de6af4e5d5a685f89dfa16ed27d4fbb4aba874ed27fac706c2ed7557dc
outputs/caudales_future_compatible/parametros_armonizacion_cmip6_future_compatible.json,68721,78c4f1d3c3a3d6a3f6dc075238f5e11a6939ae73c9ff73659c973fe6b9271cb2
outputs/compatibilidad_cmip6/09_anomalias_fisicas_cmip6.csv,1556,9d64072ddb3e8af58b668180f17c0957d2627f7475a5f33cb49fe696093e4f18
outputs/compatibilidad_cmip6/09_cuantiles_por_modelo.csv,107174,993ec30d6ef7efaea1d747949ee00fc27ec16605387253f9905ca0e64fb7e3a4
outputs/compatibilidad_cmip6/09_diagnostico_precipitacion.csv,13062,63de969ca21bcaf07612b71be594766f869ace30e287fa27f85a400f63bbfcdc
outputs/compatibilidad_cmip6/09_metricas_globales_por_modelo.csv,36232,110ccf1bc9349b81a9232a3aa76393560b31c65fa03a0c3794d0d6613885cb8a
outputs/compatibilidad_cmip6/09_metricas_mensuales_por_modelo.csv,229815,3babc7794417b47dbc93c82ac9f7d1d08da3217d89153a290c6e4882b6d89feb
outputs/compatibilidad_cmip6/09_qc_fechas_por_modelo.csv,762,35360389b57593dc332f0bfef2d09563077b38993d98b987fadc8d35dc5084b5
outputs/compatibilidad_cmip6/09_resumen_ensemble.csv,1809,c0a96a05936b86b149ab06cd709dc302cece6b4f2ad3ecf6f4b7f30da0ab7d07
outputs/compatibilidad_cmip6/manifest_paso09.json,10647,3c666681caa092d5fe3b78783adf1976ec7c7575bc5934d3e6ac96c7d29387b7
outputs/consistencia_costa_hipsometria_16C3/16C3_auditoria_consistencia_area_volumen.csv,1778,85ecbc5c543b73d9a16d8c9e5e3fed94ad7d2c5c5decadee174c9801d30b9ec4
outputs/consistencia_costa_hipsometria_16C3/16C3_comparacion_perdida_area.png,75695,87cc581640ef7e86dcc7fd66df2d473c64f803d690b69e5d4268a684e5fa2460
outputs/consistencia_costa_hipsometria_16C3/16C3_metadata.json,1638,b80c4e92f2158f251df6c1d03ae99be74cbf77412fbab092e033227a5dc52ceb
outputs/consistencia_costa_hipsometria_16C3/16C3_resumen_clases_espaciales.csv,1276,918bc6c3f38f9730bb770d33c54d6118a62faa901ad1bd5fc224fedbeebe4aba
outputs/costa_actual_maestra_16B4/16B4a_agua_actual_sin_batimetria_AMSCLAE.tif,6872,49271a60031e313a7925b275404d8254cfc4226381ff905036453723cbdf177a
outputs/costa_actual_maestra_16B4/16B4a_clases_cobertura_lago_actual.tif,13471,e1c3c8f94f8e4cc99341f3441040bea153fa09a67e15b9f862b7c3bb48a72ad2
outputs/costa_actual_maestra_16B4/16B4a_componentes_agua_actual_sin_batimetria.csv,5303,015252b9106b1c66b7919dae4fd1660b7b43284541a614caecc6ac9d35141df2
outputs/costa_actual_maestra_16B4/16B4a_corredor_litoral_Sentinel_20_80.tif,10691,7650f5f6fb93eb61b791f917dea4cb4a80c04603a4bc8c90ce7f482b73012650
outputs/costa_actual_maestra_16B4/16B4a_mapa_agua_actual_sin_batimetria.png,97152,b0e923beb212e0cfd1976ed3edf78fe4444208617bc5eb3892e66516f15a4bd2
outputs/costa_actual_maestra_16B4/16B4a_mascara_lago_actual_Sentinel_50pct.tif,11068,1f4c04855989cc1b19b2247202997c9a32a32800867181f0da91011091d070ce
outputs/costa_actual_maestra_16B4/16B4a_metadata.json,2139,c4ea015617ba172f45aa550641c70565d6accbafa22af58ee0706846fc7fad29
outputs/costa_actual_maestra_16B4/16B4a_resumen_global.csv,340,c8c9ddef2cdde6426c0bbd0b29692a51060c7a4028f999cd9ad7d03954182b8f
outputs/costa_actual_maestra_16B4/16B4a_resumen_sectores.csv,767,ce896f69cf174bbfb8c191921b82ebec60a907954a6149fe0da3897b9639d4b3
outputs/costa_actual_maestra_16B4/anclaje_AMSCLAE_16B4d0/16B4d0_distancia_transicion_m.tif,45373,c773f5eabc4bc3bb104dc956ea2eca825f28ca845b4b2e9091ec9fe30f5d6a94
outputs/costa_actual_maestra_16B4/anclaje_AMSCLAE_16B4d0/16B4d0_fraccion_compatible_local.tif,63663,3264d62c534798697397591b5afd80f50129c19c1df822638981dd9816920bc2
outputs/costa_actual_maestra_16B4/anclaje_AMSCLAE_16B4d0/16B4d0_mediana_abs_residual_local_m.tif,62914,5746c1f7daf7cc51ac528eb36376e091e7252d0740667b53e227eb147cd7d213
outputs/costa_actual_maestra_16B4/anclaje_AMSCLAE_16B4d0/16B4d0_metadata.json,2459,5500dcccf20cc04cf6488cde15442f71e69bc36b45c33e545c31bccf4501b569
outputs/costa_actual_maestra_16B4/anclaje_AMSCLAE_16B4d0/16B4d0_residual_directo_Sentinel_menos_AMSCLAE_m.tif,44485,5e6a006ba7ae27bc0a6e016da2c2f20e32d148b2d13b2c5a522e8f058ccc428b
outputs/costa_actual_maestra_16B4/anclaje_AMSCLAE_16B4d0/16B4d0_resumen.csv,445,85a30f3d6438731ba0e993fd6a3c2f681b264a59c589a1e611cc84b66bc1725d
outputs/costa_actual_maestra_16B4/anclaje_AMSCLAE_16B4d0/16B4d0_resumen_sectores.csv,1003,41d5776b3aa5f1558893d706fe8c6c42686dd216cbe23becb718b4a688676a3d
outputs/costa_actual_maestra_16B4/anclaje_AMSCLAE_16B4d0/16B4d0_soporte_extrapolacion_AMSCLAE.png,138270,8313c22f3b1922a55f51fe9b09d10e1075d92729dd15a37f83ac33247820d626
outputs/costa_actual_maestra_16B4/anclaje_AMSCLAE_16B4d0/16B4d0_soporte_extrapolacion_AMSCLAE.tif,15606,9c0eb5316c44f9c609dbc7ebcf377639404e3e5cf4e0d99d1be0d2e374d788e3
outputs/costa_actual_maestra_16B4/auditoria_niveles_historicos_16B5a/16B5a_candidatos_imagenes_historicas.csv,2683,97122d38d5aeaa3485f98412bb3474db2f31074503a2de8c135592674032fa42
outputs/costa_actual_maestra_16B4/auditoria_niveles_historicos_16B5a/16B5a_metadata.json,2031,30f248eb58a5fa78001b59dc48c487d94a02e05ad566818de9081d9c630617b8
outputs/costa_actual_maestra_16B4/auditoria_niveles_historicos_16B5a/16B5a_resumen.csv,289,a0bbb7df63ecc5b19e2d6426951e42280b7c704ea73a53faf348b1fb94db5868
outputs/costa_actual_maestra_16B4/auditoria_niveles_historicos_16B5a/16B5a_serie_nivel_y_rango_observado.png,188992,9f5f52f1526f70b9742921bca97d2466b7f6945745d1883cf5bcee43e46fd2aa
outputs/costa_actual_maestra_16B4/auditoria_niveles_historicos_16B5a/16B5a_todos_los_niveles_ordenados.csv,11057,c3ae68bfd6f85512e07adf6093fc037f1ef92c705d0166bf317aedf43c6d79b1
outputs/costa_actual_maestra_16B4/auditoria_niveles_historicos_16B5a/16B5a_ventanas_busqueda_satelital.csv,3591,d242b0c1474e132c6d1aaf2d5ec7bcfb7ac491fac61b6f8eddcd741b40df0b1f
outputs/costa_actual_maestra_16B4/capacidad_espacial_16B6/16B6_capacidad_espacial_costera.tif,16285,df92814d82092671264095331b6fd4443de43cbc5cc996348a8235a63da12d80
outputs/costa_actual_maestra_16B4/capacidad_espacial_16B6/16B6_dominio_costero_evaluado.tif,12457,fba23516dbdf1f6e888dcf4c0f96b2c8d9859338835956318dc2955a5366982e
outputs/costa_actual_maestra_16B4/capacidad_espacial_16B6/16B6_mapa_capacidad_espacial.png,147155,ba9a42f3dc3b0025b31c1d4e2f8175ad004ba497499df33016f67ffde9ece079
outputs/costa_actual_maestra_16B4/capacidad_espacial_16B6/16B6_metadata.json,2473,f49187e75be789c4b259e20f2f23f6ffd776fc76559d5e5fee0a0516f9c83b03
outputs/costa_actual_maestra_16B4/capacidad_espacial_16B6/16B6_nivel_umbral_con_fuente_m.tif,34473,60936dcf8542860bb5d3401fd65a18045853baf6c2cae0c29abd357c4e5cd7d4
outputs/costa_actual_maestra_16B4/capacidad_espacial_16B6/16B6_procedencia_umbral.tif,12319,2eedcfa0fca10aa540eda1474e0d11f2af7e8d04b009446d00b50b80f6028509
outputs/costa_actual_maestra_16B4/capacidad_espacial_16B6/16B6_resumen_global.csv,472,d0c3424371eb7fc60b873a4834299175579b673d6be4dcc8ede7a18478b137f1
outputs/costa_actual_maestra_16B4/capacidad_espacial_16B6/16B6_resumen_profundidad.csv,349,b21821f282951b34b6bbee40df13ba3203b8e2d0345ed9e7f34b4b2ce06a8a0a
outputs/costa_actual_maestra_16B4/capacidad_espacial_16B6/16B6_resumen_sectores.csv,652,6e023f3aeeb61a1a985976628237a53fc1375edcdb114c3853f72b85dd117314
outputs/costa_actual_maestra_16B4/corredor_directo_16B4c2/16B4c2_agua_actual_sin_AMSCLAE_con_transicion_directa.tif,6475,945b8436b81c1a13a69ce980c80cf51d45788f0f881900168b9a33ae380a84b2
outputs/costa_actual_maestra_16B4/corredor_directo_16B4c2/16B4c2_agua_actual_sin_AMSCLAE_sin_transicion_directa.tif,6771,e0042e1592d2926fcda159430d3850b4def2cce348699498dabb23a9bbe4988d
outputs/costa_actual_maestra_16B4/corredor_directo_16B4c2/16B4c2_clase_temporal_exacta.tif,18966,bbef7e4b1c549efb7ee32af793e267a289cf697d3265eaf5a5fa98bd555f3fd1
outputs/costa_actual_maestra_16B4/corredor_directo_16B4c2/16B4c2_consistencia_transicion_por_fecha.png,213932,ac40f0085c45cbb7ddc5798d2225540f8f89e0be413ceef9607d6627bae48663
outputs/costa_actual_maestra_16B4/corredor_directo_16B4c2/16B4c2_corredor_transicion_directa.png,126908,b04dec1180f3b2ffcb94369bd82390aab5884c14985b50e71911d7637d10836e
outputs/costa_actual_maestra_16B4/corredor_directo_16B4c2/16B4c2_corredor_transicion_directa.tif,12143,eab8e180b07ea79e781e53a5973c7d6707096417a939769160aebba9642996eb
outputs/costa_actual_maestra_16B4/corredor_directo_16B4c2/16B4c2_curva_cambio_area_corredor.csv,1935,693504a481956360973703e2e6c36508ab0bbb206a3c568cb9f319dea8330d94
outputs/costa_actual_maestra_16B4/corredor_directo_16B4c2/16B4c2_estado_transicion_Hanchor.tif,12686,691ca830b8f1378b37e636889b8fb2cf5f430ee879824e1dc337f0906b788227
outputs/costa_actual_maestra_16B4/corredor_directo_16B4c2/16B4c2_estado_transicion_Hmax.tif,12129,f4b3052e671ee5692e6db45239fe976222b4fa67a34b3aab5a7e248d40439909
outputs/costa_actual_maestra_16B4/corredor_directo_16B4c2/16B4c2_estado_transicion_Hmin.tif,12137,feac570d48b0dfa9ce9363498b3ead2ca488e772fdcaa290e661a25dede80fbc
outputs/costa_actual_maestra_16B4/corredor_directo_16B4c2/16B4c2_metadata.json,2596,675a08132971bd520366ce5f5a624d969c9a93250c26b4eeb9601cee7774e1c4
outputs/costa_actual_maestra_16B4/corredor_directo_16B4c2/16B4c2_nivel_umbral_directo_m.tif,33066,6445728f37987797a7a26e7f31039ea5e863697eaa4a9442d41714b75202667e
outputs/costa_actual_maestra_16B4/corredor_directo_16B4c2/16B4c2_resumen.csv,395,52d6237ca64fecabf63977c44b9f5d3f927c4a3a8c35c088addb819e000a19db
outputs/costa_actual_maestra_16B4/corredor_directo_16B4c2/16B4c2_validacion_interna_por_fecha.csv,3283,b5f4f5a0ce52c3cb2317a3fead58a78fb172ae3703866c094c81741ecabd1b8b
outputs/costa_actual_maestra_16B4/superficie_litoral_16B4b/16B4b_agua_actual_sin_AMSCLAE_con_soporte.tif,6771,399d4db04f0b87c48e4e2dfc17d3933fe3a71c69c6ec6a41faff041d07c3a478
outputs/costa_actual_maestra_16B4/superficie_litoral_16B4b/16B4b_agua_actual_sin_AMSCLAE_sin_soporte.tif,6171,7f41b773a9c517a7e14ecc8c01a09c72d81380edc8a66ab286605e28d28e1d44
outputs/costa_actual_maestra_16B4/superficie_litoral_16B4b/16B4b_dispersion_local_m.tif,126427,4d2e1f62ecde24cb0e7ad68f3e8c9d6edb0db4791943320adb3a88ef719c02eb
outputs/costa_actual_maestra_16B4/superficie_litoral_16B4b/16B4b_distancia_restriccion_estable_m.tif,52748,0406ae13c3b6bf566a5808db2354963718460fd929ba740ac4422072ac05750f
outputs/costa_actual_maestra_16B4/superficie_litoral_16B4b/16B4b_metadata.json,2267,254396dae60076342408101b288e7c4326bbc85f37700fb7068c6b49e573ca87
outputs/costa_actual_maestra_16B4/superficie_litoral_16B4b/16B4b_resumen.csv,445,37b343ea51d4cdf2d39d875a5de7a37b989e00c7ad50678cd0c26b52f7d58dc6
outputs/costa_actual_maestra_16B4/superficie_litoral_16B4b/16B4b_soporte_agua_actual_sin_AMSCLAE.png,54884,9c21cf6f70adf9e2ab26a8d9be4f76f081fff7d62c6e13c3afc1bbdd5e018c93
outputs/costa_actual_maestra_16B4/superficie_litoral_16B4b/16B4b_soporte_superficie_litoral.tif,22115,50ee9dd47d0a0e70177479de4d7de5186912b9550eaec9dac18414f309c83f66
outputs/costa_actual_maestra_16B4/superficie_litoral_16B4b/16B4b_superficie_litoral_Z.png,215996,ef5196c139b217b384e42dee933857423e56ed9a1e921bbab8d6b4b399e40575
outputs/costa_actual_maestra_16B4/superficie_litoral_16B4b/16B4b_superficie_litoral_Z_absoluta_m.tif,102456,15615b5c2035fce1a4f1419e16d91fdf4c77b2bafc5aec29ce571c700a3dcad9
outputs/costa_actual_maestra_16B4/superficie_litoral_16B4b/16B4b_validacion_cruzada.csv,358548,18be976e66992f34c9a7a8cc2347fc4d9ee2977a3e0dd9a31530a816c7c096c3
outputs/costa_futura_16B7/16B7_metadata.json,3799,33bb06fb3193bb4ccb9614cf8e24d573880fb4207372d32be97d2abce0042869
outputs/costa_futura_16B7/16B7_niveles_ensemble_2030_2050.csv,633,5d93f7682b52be92da231b300efebe8b6ef07e2ad83260fef290fe2bb71e978f
outputs/costa_futura_16B7/16B7_resumen_espacial_2030_2050.csv,1180,a1033e213345e5da183c8acee8c7a60885e2c66a9111911cf27ba90c52e57e32
outputs/costa_futura_16B7/16B7_ssp245_2030_cambio_mediano_vs_2026.tif,16757,fb3a7472f4aace7720300433b79f1b3b2acc5068a45c34982164d4664c646842
outputs/costa_futura_16B7/16B7_ssp245_2030_estado_mediano_p50.png,147732,f8666eca6a1fb6456b0de67530a4b9918e27a054381a48f5748623d1acf1c4b8
outputs/costa_futura_16B7/16B7_ssp245_2030_estado_mediano_p50.tif,16319,a616078e0e32ce1e610fcf8bee75eb7bec04080aeb941b6c36f99120bbc5b490
outputs/costa_futura_16B7/16B7_ssp245_2030_robustez_p05_p95.tif,16442,49e8cbb2d800bd92a0deff02a7edd89f17ed2069e6f2a70047e23040189cf230
outputs/costa_futura_16B7/16B7_ssp245_2050_cambio_mediano_vs_2026.tif,16761,cf5c189cc30fa11a89e3d145c19455b128e69085ca0672aa664ead1d0523217d
outputs/costa_futura_16B7/16B7_ssp245_2050_estado_mediano_p50.png,147555,723b578f0ac4d3b20cfc45fcba46e3743a441ad3c599162ec9aaf0f87d7977f7
outputs/costa_futura_16B7/16B7_ssp245_2050_estado_mediano_p50.tif,16327,ea7298873351b22cbe7b2415150fede0f47713a709f8dbc9b1d03eb4b2161f37
outputs/costa_futura_16B7/16B7_ssp245_2050_robustez_p05_p95.tif,16308,f906fc0288659cfa71037a5c3590d71f1c5bf21b6b8541871e8526b7949418ec
outputs/costa_futura_16B7/16B7_ssp585_2030_cambio_mediano_vs_2026.tif,16753,802ed0b46aef17189000fe1ffe5dc3b9eab34c83c35b68df24470d65a9d2996a
outputs/costa_futura_16B7/16B7_ssp585_2030_estado_mediano_p50.png,147177,425f7f1d5c7e32f05bde23b04f545562e729e3774947a5a7d597e9a1ce4306f8
outputs/costa_futura_16B7/16B7_ssp585_2030_estado_mediano_p50.tif,16313,5e844111cc8576188a3d5ada0ccab833d918f1e5595c40cf006cbd2de32035bd
outputs/costa_futura_16B7/16B7_ssp585_2030_robustez_p05_p95.tif,16754,c2a6646741362c4200fc35c96d4db649e0016d8939d5799b2d7f998c00f10baa
outputs/costa_futura_16B7/16B7_ssp585_2050_cambio_mediano_vs_2026.tif,16779,804b6e70039f9dc4b585ed4d199ad87c2edcc0e9202be9743a83e2021f003522
outputs/costa_futura_16B7/16B7_ssp585_2050_estado_mediano_p50.png,146721,0b188fa96a435c01960802520cce483a90cf4c8f943638ecf3d4602a1a3e7de2
outputs/costa_futura_16B7/16B7_ssp585_2050_estado_mediano_p50.tif,16339,a2cc7d43a8a791f9d8028d0ac647e4a70f23855ab574bd300320c2a29ef41227
outputs/costa_futura_16B7/16B7_ssp585_2050_robustez_p05_p95.tif,16742,69813ba4e1860eb79c21ba3bd362aa666291309a6d643e9cefb1abc784091396
outputs/costa_future_compatible/capacidad_espacial_costera.tif,16285,df92814d82092671264095331b6fd4443de43cbc5cc996348a8235a63da12d80
outputs/costa_future_compatible/consenso_exposicion_2030.tif,16717,b1fe9ca1bb7365c69b6acb7ae4489d012992d6921a8d1061fa452b8e0dda444c
outputs/costa_future_compatible/consenso_exposicion_2050.tif,16751,bc5f3941c1e06f4d450256601f26602eeae1ecb1cf500dc25247346bb3da487a
outputs/costa_future_compatible/dominio_costero_evaluado.tif,12457,fba23516dbdf1f6e888dcf4c0f96b2c8d9859338835956318dc2955a5366982e
outputs/costa_future_compatible/exposicion_litoral_ssp245_2030.tif,16755,a8807236f4e0be89c62608fe0ad045b9b0b65d4a4d3764e08556415e0ba8a570
outputs/costa_future_compatible/exposicion_litoral_ssp245_2050.tif,16763,0c8341bc6746735b1b4c0944edea7f6dcdbdc608db8455ac632ff35a345c76b9
outputs/costa_future_compatible/exposicion_litoral_ssp585_2030.tif,16749,ec34e38407bed7bc785f96175c6b34f333485cd7b731dcf1ba103de15f40aa8a
outputs/costa_future_compatible/exposicion_litoral_ssp585_2050.tif,16775,b666d1138c7e3e6962289a6543773a2c9d67aae7b8b996b1a6d2ccb20b5c7098
outputs/costa_future_compatible/manifiesto_costa_future_compatible.csv,3280,c888f947025a15b7e4ba348458a467148dc7cb86ccaba42ab5cce3ed094f04b4
outputs/costa_future_compatible/mascara_lago_actual_2024_2026.tif,11068,1f4c04855989cc1b19b2247202997c9a32a32800867181f0da91011091d070ce
outputs/costa_future_compatible/nivel_umbral_costero_m.tif,34473,60936dcf8542860bb5d3401fd65a18045853baf6c2cae0c29abd357c4e5cd7d4
outputs/costa_future_compatible/niveles_ensemble_2030_2050.csv,633,5d93f7682b52be92da231b300efebe8b6ef07e2ad83260fef290fe2bb71e978f
outputs/costa_future_compatible/parametros_costa_future_compatible.json,3172,5368a789143063951fd70237c50150bebb8f4444cfe020fb3c37efffca4781bc
outputs/costa_future_compatible/procedencia_umbral_costero.tif,12319,2eedcfa0fca10aa540eda1474e0d11f2af7e8d04b009446d00b50b80f6028509
outputs/costa_future_compatible/resumen_exposicion_2030_2050.csv,1114,0ee5cab498ede82365b522667177174d790361d212484f83e63f7bd9367eded5
outputs/costa_future_compatible/resumen_exposicion_sectores.csv,2634,1c600eb6a9408ece91afd2c563a97ac5c4a2b1128350c9412725d27f745b80b5
outputs/evaporacion_future_compatible/11a_indices_evaporativos_1981_2014.csv,5425190,7f594a82ee2c81a82e4f62028a545991525e38261c59a445ec2b5929414f8d03
outputs/evaporacion_future_compatible/11a_parametros_candidatos.json,2546,ae0128aff439858d0661b20e6adc39dbf17a8b761975bba0fb4c3d819ecb7350
outputs/evaporacion_future_compatible/11a_predicciones_validacion_2005_2014.csv,1188874,a7c71d270f1b1054a66646418d17d19045d6fccc234df9b2d438f9646b1c8060
outputs/evaporacion_future_compatible/11a_ranking_evaporacion_future_compatible.csv,12165,05b7e13e50505379733797585dca71f1f216483ec59329c789cccbd65b2e0e4c
outputs/evaporacion_future_compatible/11b0_busqueda_longwave.csv,919,6fab20f799225be8e861cf73ca82ec6974adb9e50579abb3e48ff926cd3ea58d
outputs/evaporacion_future_compatible/11b2_auditoria_reconstruccion_paso03.txt,4830,6fdd9e1998764b7ddd67f40912c5fcd5271cc9a5c0cfef0bc924f2bb1dc7db2e
outputs/evaporacion_future_compatible/11b2_coincidencias_paso03.csv,21116,0de6b2349cf9f789b439662b8acfbf5c2eb63d081fa62055942ffdff6faba963
outputs/evaporacion_future_compatible/11b2_predicciones_frozen_con_forzantes_v3.csv,9554,ab5b79be453ad39ed150f7016f024e3a67fc9b2ff048b2c0c7c0b7353324de17
outputs/evaporacion_future_compatible/11b3_logica_exacta_paso03.txt,12839,d4efea391530831062712bdad2b3afad91f95e2c5a880018c6733bef522b6d3c
outputs/evaporacion_future_compatible/11b_v3_forzantes_diarios.csv,698609,34c4f0c43fd8de5fc9bdf59300ce0c03c3ff1193b8b4b62989de7ba9f821f17d
outputs/evaporacion_future_compatible/11b_v3_metricas_balance_evaporacion.csv,893,a554bdc7e5fc30c626e402f5c503029433ec0fafd8ae0b656dc3bc13cfe98e74
outputs/evaporacion_future_compatible/11b_v3_parametros_balance_recalibrado.csv,417,705fc82ad31688c0296ccb02b884c4a087853fa3aa18681ecf17d5de4df6a957
outputs/evaporacion_future_compatible/11b_v3_predicciones_test_evap_future_compatible.csv,9557,f83d3a0e35377e7acf9e4efd91484ba557e19b55b437e1a48336cf9329da4b68
outputs/evaporacion_future_compatible/11b_v3_predicciones_test_evap_original.csv,9562,83f408ae92347a3df7f3356fca266efcd34c97deb13a3f420a3203928edd83e5
outputs/evaporacion_future_compatible/11b_v6_evaporacion_diaria_candidate.csv,315292,74bc1b6c627f42529b42aea73340204daceacf29dd8658db30911a23750a6562
outputs/evaporacion_future_compatible/11b_v6_intervalos_candidate.csv,203682,2140794a94dddb887a18f8263eb3249ca52d61fecee96a8160a5fbd622080260
outputs/evaporacion_future_compatible/11b_v6_metricas_test.csv,537,7aa8e8f1e71e81141b5c53e2b8c76b82bded2b099748325bd26dbb42302e5f91
outputs/evaporacion_future_compatible/11b_v6_parametros_recalibracion_exacta.csv,587,f49753a884685873ffc7c5f75ab5f9885a977531002d5a957ad86b2266d549cb
outputs/evaporacion_future_compatible/11b_v6_predicciones_test_evap_future_compatible.csv,6185,094fbae349bc05fee5f85ec7359265ddcd12a7793a35e10687292a3155b9bf75
outputs/evaporacion_future_compatible/11b_v6_predicciones_test_evap_original.csv,6180,0761087b8f099e29520a5f8d09967bd421e78fc627e3ecb4c88325aec643d1cc
outputs/evaporacion_future_compatible/11c_catalogo_candidatos.csv,1310,29204fa8edcd3289134d0a59106068a4135e35f05cf73bae4dc7279e5386d0f1
outputs/evaporacion_future_compatible/11c_evaporacion_diaria_candidatos.csv,2107471,4eeae6f6f668fafb636ac70873df880833c5a9730f7f7d8759442476455f7a2b
outputs/evaporacion_future_compatible/11c_intervalos_ganador.csv,215118,8eb9d1b357685449ba983c0c14243734d2c48d6b30a89a7b5e8da1f577cf25b3
outputs/evaporacion_future_compatible/11c_metricas_test_ganador.csv,509,3d22282d23985eb26f55b4d9e08848a5dcd7dc656ef394b4f6e7e4c579d68bad
outputs/evaporacion_future_compatible/11c_parametros_ganador_final.csv,314,f637bb33f82863c08d34c47db3a5076e6efa8a1068566ad19c3ab9895f95116d
outputs/evaporacion_future_compatible/11c_predicciones_test_baseline_original.csv,6180,0761087b8f099e29520a5f8d09967bd421e78fc627e3ecb4c88325aec643d1cc
outputs/evaporacion_future_compatible/11c_predicciones_test_ganador.csv,6189,be9da8fa17191f29f96bfb63ab48c1faba5df0ecd6de9cf6b6cf424cd25ba4cd
outputs/evaporacion_future_compatible/11c_ranking_calibration_evaporacion.csv,5863,4fe958db2ce6738a3e47f2713b3d595b256aa755aa808a077cbd20f2a6282a0c
outputs/evaporacion_future_compatible/evaporacion_diaria_cmip6_future_compatible.pkl,22578955,80f7d4f53b8792e2a6979288ae13ca97f7a30e6451e49fc11945732c83540999
outputs/evaporacion_future_compatible/manifest_paso11a.json,3614,4d6bb7e65c273a55576e810a6c2efa150965da252fb7d11426443b4caa86a375
outputs/evaporacion_future_compatible/manifest_paso11b_v3.json,4636,52cd494c765350526fe90c713b4ac8d1636c6e37ff2020c9ba76be37145955a4
outputs/evaporacion_future_compatible/manifest_paso11b_v6.json,4861,79d4372e86a9fd9c70429acbe55cead82f39323ea6e7726b32e93cf2a8eaa2e9
outputs/evaporacion_future_compatible/manifest_paso11c.json,7077,5b872dc1cacc8c97b343ad593a5da7ebf14c3aa298e76f3490105e78a6a0f859
outputs/evaporacion_future_compatible/parametros_evaporacion_cmip6_future_compatible.json,32158,c35880a291c48785b109cf397f0ab42d2044ef30e81fd352974022e52f37994e
outputs/exposicion_litoral_16B8/16B8_consenso_nueva_exposicion_2030.tif,16717,b1fe9ca1bb7365c69b6acb7ae4489d012992d6921a8d1061fa452b8e0dda444c
outputs/exposicion_litoral_16B8/16B8_consenso_nueva_exposicion_2050.tif,16751,bc5f3941c1e06f4d450256601f26602eeae1ecb1cf500dc25247346bb3da487a
outputs/exposicion_litoral_16B8/16B8_metadata.json,2680,73a6f54121b75f692308fb8f49c9749e5c45fc4f17cd2da919d343f0457fbf1a
outputs/exposicion_litoral_16B8/16B8_resumen_exposicion.csv,1114,0ee5cab498ede82365b522667177174d790361d212484f83e63f7bd9367eded5
outputs/exposicion_litoral_16B8/16B8_resumen_sectores.csv,2634,1c600eb6a9408ece91afd2c563a97ac5c4a2b1128350c9412725d27f745b80b5
outputs/exposicion_litoral_16B8/16B8_ssp245_2030_clases_exposicion_litoral.png,146067,1b859218c2051309434fb1da34bfc632041165e1253c68f000e156d97fd1904e
outputs/exposicion_litoral_16B8/16B8_ssp245_2030_clases_exposicion_litoral.tif,16755,a8807236f4e0be89c62608fe0ad045b9b0b65d4a4d3764e08556415e0ba8a570
outputs/exposicion_litoral_16B8/16B8_ssp245_2050_clases_exposicion_litoral.png,145885,3c9cf973fd070596621da7edb81f163dfe405055c856b136e95fca1170b10e3d
outputs/exposicion_litoral_16B8/16B8_ssp245_2050_clases_exposicion_litoral.tif,16763,0c8341bc6746735b1b4c0944edea7f6dcdbdc608db8455ac632ff35a345c76b9
outputs/exposicion_litoral_16B8/16B8_ssp585_2030_clases_exposicion_litoral.png,146240,c88a8fdb86fb3654058f109019effbeda94c40e52e8305f38684472980143e76
outputs/exposicion_litoral_16B8/16B8_ssp585_2030_clases_exposicion_litoral.tif,16749,ec34e38407bed7bc785f96175c6b34f333485cd7b731dcf1ba103de15f40aa8a
outputs/exposicion_litoral_16B8/16B8_ssp585_2050_clases_exposicion_litoral.png,146251,5fe05fcd55089109ba19d3c7ea0c36900e5e038dc4039fd0a5c42bc4f0c66b8a
outputs/exposicion_litoral_16B8/16B8_ssp585_2050_clases_exposicion_litoral.tif,16775,b666d1138c7e3e6962289a6543773a2c9d67aae7b8b996b1a6d2ccb20b5c7098
outputs/figuras/balance_hidrico_calibration.png,367756,ceddedf42ef9bee5f107f8cc0e5c19df787b394441bf0a8afa4d051ac604b1e0
outputs/figuras/balance_hidrico_test.png,326009,796b6f7d055ceb7acac3194c1ada50a22c2d0902bffc2508522ab057d393958d
outputs/figuras/ml_residual_test_comparacion.png,360450,5716142fb48ad43ba1393a24df6c3e6cb0f7062eb01aa195ec242ac8631f324e
outputs/figuras/ml_residual_xgb_importancia_top25.png,312578,41aece1af421e5cf8b1c80392a6b1f27054d5ac1f4503ebbfd29d5d3b38994e9
outputs/figuras/validacion_final_error_anual.png,73082,e806ea89fc01310dd6714ad7d73ab89d8078086fd11cec9d2f3c5a0ecf62f9e1
outputs/figuras/validacion_final_horizontes.png,146462,4bef0ef5cc64c39aa3f43a7030cf5fb357328b905b1ef607c5c33fc504fc6b37
outputs/figuras/validacion_final_residuos_nivel.png,254507,dfea94a1d8aba0aef9251f0ae163ded139c66d2ef6116cda95e852ad5f66bb8d
outputs/figuras/validacion_final_sensibilidad_parametros.png,267696,52db1fd3bc2857f598f959a43a5cf0cd74c1c9364c5ffd7d65534dd8b3970d35
outputs/figuras/validacion_final_trayectoria_test.png,340943,3ac961911cb574c70de4da4853f6ef29ceb4bbe77500f913d7aeb3fcf6d64deb
outputs/hidromorfologia_future_compatible/area_acotada_ssp245_2030_p50.tif,17210,9b5f250c95ad83afd9f41c25119d445f3e4ed824cde11c145fbc3784160f843f
outputs/hidromorfologia_future_compatible/area_acotada_ssp245_2050_p50.tif,17208,0b043a613e2c956c90bff88bfaffe2e6f30197214329a12d491ba663a3a3d921
outputs/hidromorfologia_future_compatible/area_acotada_ssp585_2030_p50.tif,17210,a26fa2ff455f28677e9192afd5dd0327b3c5e79453195fd729ea396cd3400c97
outputs/hidromorfologia_future_compatible/area_acotada_ssp585_2050_p50.tif,17210,0e84c46191b961d3b07b5cbcea6de11c476c5cdddf244cdf1903a07b92518cab
outputs/hidromorfologia_future_compatible/consenso_exposicion_2030.tif,16717,b1fe9ca1bb7365c69b6acb7ae4489d012992d6921a8d1061fa452b8e0dda444c
outputs/hidromorfologia_future_compatible/consenso_exposicion_2050.tif,16751,bc5f3941c1e06f4d450256601f26602eeae1ecb1cf500dc25247346bb3da487a
outputs/hidromorfologia_future_compatible/exposicion_litoral_ssp245_2030.tif,16755,a8807236f4e0be89c62608fe0ad045b9b0b65d4a4d3764e08556415e0ba8a570
outputs/hidromorfologia_future_compatible/exposicion_litoral_ssp245_2050.tif,16763,0c8341bc6746735b1b4c0944edea7f6dcdbdc608db8455ac632ff35a345c76b9
outputs/hidromorfologia_future_compatible/exposicion_litoral_ssp585_2030.tif,16749,ec34e38407bed7bc785f96175c6b34f333485cd7b731dcf1ba103de15f40aa8a
outputs/hidromorfologia_future_compatible/exposicion_litoral_ssp585_2050.tif,16775,b666d1138c7e3e6962289a6543773a2c9d67aae7b8b996b1a6d2ccb20b5c7098
outputs/hidromorfologia_future_compatible/limites_area_futura_p50.csv,1118,aa07e5085ca8c58fed6d550dec0073f3c58d301179701c0b470b23469c2ae569
outputs/hidromorfologia_future_compatible/manifiesto_hidromorfologia_future_compatible.csv,3641,84ff50a0dda2012bac9b122a27556ed3a2a27d2ae0d77f3995800cd730512cd0
outputs/hidromorfologia_future_compatible/mascara_lago_actual_2024_2026.tif,11068,1f4c04855989cc1b19b2247202997c9a32a32800867181f0da91011091d070ce
outputs/hidromorfologia_future_compatible/parametros_hidromorfologia_future_compatible.json,2339,79d57b3cf09b5436694ec090d5b1aba28a8427afce75b73b682305749e388718
outputs/hidromorfologia_future_compatible/resumen_area_futura_p50.png,50426,aa4c4bc0d666416b552fec85a999e073af926019058753a860eca22a23333fd4
outputs/hidromorfologia_future_compatible/resumen_hidromorfologico_cuantiles.csv,3337,a22fb3895bc520daf82d08d3b54b1575fc3391cdad673b21b1b0ce14632e8087
outputs/hidromorfologia_future_compatible/resumen_hidromorfologico_final.csv,2451,550e0ce84f593634a089834be6b6db444116d4a3826af81c9590e3eb9978db7a
outputs/hidromorfologia_future_compatible/resumen_perdida_almacenamiento_p50.png,94831,4a5c58294639c3024bb4e7dd77458ed8a802821e8620ba741b805dfc88a5e99b
outputs/hipsometria_future_compatible/ancla_area_volumen_referencias.csv,724,0aa251798ff02eea82caa664d48e985f6e5779630e2c37d8bb35655b593b4957
outputs/hipsometria_future_compatible/area_futura_p50.png,107674,2d4e9f080cb57b465867409c2c31623cde754e2b32fa69bdd136986e02c6dfc5
outputs/hipsometria_future_compatible/area_volumen_horizontes_cmip6.csv,17098,768efc91a7075801f6950d66c9cbede04d6593ef53ceee0d64bcd75e8dcb1368
outputs/hipsometria_future_compatible/curva_hipsometrica_relativa_frozen.csv,949675,f7017bb694b13643765edad7ae2b695c5ad89e8074888a2d62d02bd95908b37c
outputs/hipsometria_future_compatible/manifiesto_hipsometria_future_compatible.csv,2153,b972a3843a5d891de38224e0d11eaedd6c1a411bfbeff8d07b08dcf6b293bfd7
outputs/hipsometria_future_compatible/parametros_hipsometria_future_compatible.json,3216,13923b1fb2e98aa42c1951da1c3240739b0bf3c25335e19b0a56c56dafbeee8d
outputs/hipsometria_future_compatible/resumen_horizontes_area_volumen.csv,2326,66f2d635bd6ad7d1c72e8c164a963679d1f69cb373e2eeeae92e4b6d6dcd6814
outputs/hipsometria_future_compatible/volumen_futuro_p50.png,101780,c396ed9376d011609f93b73a0536e7abb53265823919fcdf55acef2d3204f35b
outputs/hipsometria_total_16C1/16C1_area_vs_nivel_relativo.png,84780,79f7d356d387b4b35b8a3db51ecd8dca8ea03ca96b842fcd352ff5b07c4853da
outputs/hipsometria_total_16C1/16C1_area_vs_volumen.png,62926,573374f4adc1744149aa04d769e66b162dd0baf01f3a090f2826ea4170ceea58
outputs/hipsometria_total_16C1/16C1_bandas_profundidad.csv,1722,468da43e375f93f64e66770e8eb1dde8c072e670a0de591df86cac5efe13a713
outputs/hipsometria_total_16C1/16C1_comparacion_morfometria_publicada.csv,385,591f48151bfd967d7eee3a38a05725a2a53e6b246a57ff194a73cf4dc66f527b
outputs/hipsometria_total_16C1/16C1_curva_hipsometrica_total.csv,949675,f7017bb694b13643765edad7ae2b695c5ad89e8074888a2d62d02bd95908b37c
outputs/hipsometria_total_16C1/16C1_diagnostico_fisico.csv,622,fab85ca5456e65539f2e33a25e234994a6a0897779578cca8e0962f7aa940ee0
outputs/hipsometria_total_16C1/16C1_distribucion_profundidad.png,54162,b0dc724f21f92554524e84871e3f067f2cb440c87557feb8d736af7c2d63aa83
outputs/hipsometria_total_16C1/16C1_hipsometria_futura_2030_2050_2090.csv,17544,6de06dd487103b5778b7dad69e234d056dcc40664c1551af36017917efcda6e4
outputs/hipsometria_total_16C1/16C1_metadata.json,3197,bea1985f9b4be3015df5bc98c4cd86b0a17ca5566d688e40c6eb824f1f1ce571
outputs/hipsometria_total_16C1/16C1_niveles_relativos_clave.csv,2514,2768bd5ba61df18d1f0af236c3aea0cb9b639d1a93c67d20c28eb64cc54bc842
outputs/hipsometria_total_16C1/16C1_percentiles_profundidad.csv,155,13909f3ec1fb9e5eff60c0462552b22b8d16868d2d167909b0cb0b950e7f56e3
outputs/hipsometria_total_16C1/16C1_referencias_verticales.csv,843,ced698a681fcfb0ac74f231445a1d716c5d9e18f167811b6971d9744dc6b97a8
outputs/hipsometria_total_16C1/16C1_sensibilidad_referencia_vertical.png,94397,ec7857856d52ef05af4fc10521e231b5c746a1a3e01990ec535fdd6f9c91ec98
outputs/hipsometria_total_16C1/16C1_volumen_vs_nivel_relativo.png,81306,1e37124419b49be74e9d06bc0f68af260ada14f85c0593fa170886024aef6bf4
outputs/ml_residual/features_residuales_train.csv,3673,56181bc9112aa200c9feaa13def1ad8ea66c24f8efb122901989d54ac6329da2
outputs/ml_residual/features_residuales_train_cal.csv,3688,bf9ffa0288560a583ba50e295d437d3b7754799397b4a0536c1e617a4065ec14
outputs/ml_residual/importancia_rf_residual.csv,4056,805afe13c01e0a5386337ca722740fffc66415d3c51997cf03621aea26a5831a
outputs/ml_residual/importancia_xgb_residual.csv,2838,430c45b3bc3432157534c92cb8b4b9ca51836452c3a529a0edc4c3014071d6d4
outputs/ml_residual/metricas_test_ml_residual.csv,1381,c3df0bc07ffa2ef018727fad1732a902d214b8b9f7e7354f7506090245549f72
outputs/ml_residual/optuna_rf_residual_trials.csv,5954,9d57394737ca19ed42e2fad3f4eaa1ab1e55c66cb39f5ecf8084f2d1a864eb24
outputs/ml_residual/optuna_xgb_residual_trials.csv,16521,2721dc701820b0e14be3ed49e5260ee744f1df40255957ab70e32b4142304d32
outputs/ml_residual/predicciones_test_ml_residual.csv,24466,78c0c4f087b3375a9e91ad921f31dde259d514197a98c6649909f1a77ea73f3f
outputs/ml_residual/seleccion_corrector_residual.csv,712,46400bed2e88fb601d3d52541ec5b6b370879fde4339deacfac8acbb01a2b022
outputs/nivel_future_compatible/nivel_diario_cmip6_future_compatible.pkl,140109546,098a54579cb0db03a64ee9d0821dcbe48e043c8f384d3b998aa97480a3f1b9ad
outputs/nivel_future_compatible/parametros_nivel_cmip6_future_compatible.json,26475,6eca7905db119762937ed82ac2a51917c8920896910c2102f23a1aa79f7962a5
outputs/nivel_future_compatible/resumen_ensemble_nivel_cmip6_future_compatible.csv,5571,f83c3e793f7f08167613508d1d09c5d7ed51aba2fda411eea7fd34b7643ad9f8
outputs/nivel_future_compatible/resumen_horizontes_nivel_cmip6_future_compatible.csv,16332,cf5088adeaf716e093eaa1df93de5dda4cc2e89cb778462ecd2f2ccc8c247788
outputs/productos_qgis_anuales_final_18D/18D_cartografia_anual_estilizada.qgz,139406,d7f16800c0fab572930f6f737cbfe2f21450ab722ee40d88d8b4dde70ca11a8a
outputs/productos_qgis_anuales_final_18D/18D_manifiesto.csv,59990,74bb9fe00943b063466cdaa3a90add90b84448a278071a9d8478fcb25f29cd4a
outputs/productos_qgis_anuales_final_18D/18D_metadata.json,1100,193b361a9f9fa6790aeb46ed2d85ceeb849689852b035df5ec0b92933659c124
outputs/productos_qgis_anuales_final_18D/LEEME_QGIS_18D.txt,1192,63f2bd1c4cc57b582cbde8cdc58e0ca122a42546d2998e9d9a3582936a138d93
outputs/productos_qgis_anuales_final_18D/estilos_qml/18D_consenso_escenarios.qml,730,338678eb57b1834c33a2ff45ba4ee1b2e1f08c9a8ba5522e8b706d5e6391d0dd
outputs/productos_qgis_anuales_final_18D/estilos_qml/18D_estado_p50.qml,838,c14a83fd5100490fd219ccee0f9e805f2caa719f531c3c6a8296d3e566bb5546
outputs/productos_qgis_anuales_final_18D/estilos_qml/18D_robustez_p05_p95.qml,715,f08b88efce5423a985fbb96a766476443bb986b48f2e19741c286d2e10986fa3
outputs/productos_qgis_anuales_final_18D/rasters_anuales/consenso/18D_consenso_ssp245_ssp585_2027.tif,17522,abcf931bed8356c4fe17df5af3d8ca48b23ab40925f15f7ebdbd5a7881f46189
outputs/productos_qgis_anuales_final_18D/rasters_anuales/consenso/18D_consenso_ssp245_ssp585_2027.tif.aux.xml,468,d1fae596d836b7f8df71b5ad48d51ac9792024189776ca982ee57d206c168cf3
outputs/productos_qgis_anuales_final_18D/rasters_anuales/consenso/18D_consenso_ssp245_ssp585_2028.tif,17202,fef47c04c5f5dfa89accf70dac16f0a6ec78dc820b9aee57c77ce1ca8d8fdc56
outputs/productos_qgis_anuales_final_18D/rasters_anuales/consenso/18D_consenso_ssp245_ssp585_2028.tif.aux.xml,468,0e3abc18082dd0b997c0a58e23696443a11d60cea473dcd642e243df4c02ce50
outputs/productos_qgis_anuales_final_18D/rasters_anuales/consenso/18D_consenso_ssp245_ssp585_2029.tif,17202,4b38c432de6ac54b459ef77b05aeb6587823470eec6d53a649f46f3174891a4b
outputs/productos_qgis_anuales_final_18D/rasters_anuales/consenso/18D_consenso_ssp245_ssp585_2029.tif.aux.xml,468,22260ed53dbc69c7a04c0b8f58714c3e3a4e3c382c16809130455e52c8f9cb3f
outputs/productos_qgis_anuales_final_18D/rasters_anuales/consenso/18D_consenso_ssp245_ssp585_2030.tif,17204,34a7487555a62fb90bca6f9a90e10373de441f60a018431f47b1000821fa574a
outputs/productos_qgis_anuales_final_18D/rasters_anuales/consenso/18D_consenso_ssp245_ssp585_2030.tif.aux.xml,467,17442bba0a31c6124e0e99b80efcf148c1d40fdaaefb095154cab38a5ed34e73
outputs/productos_qgis_anuales_final_18D/rasters_anuales/consenso/18D_consenso_ssp245_ssp585_2031.tif,17218,ab79784357efd0315c02757c010f334c58fa335e737ac0399b8e90a748315437
outputs/productos_qgis_anuales_final_18D/rasters_anuales/consenso/18D_consenso_ssp245_ssp585_2031.tif.aux.xml,468,3843a29ac075726d0b17849f52c2132ce4b0de795bae8f7b19868816c54e3078
outputs/productos_qgis_anuales_final_18D/rasters_anuales/consenso/18D_consenso_ssp245_ssp585_2032.tif,17218,6555f5b6f4a737c52ef886ca850ed014a42f78d789a8ea96e9a2b2c19c3f1163
outputs/productos_qgis_anuales_final_18D/rasters_anuales/consenso/18D_consenso_ssp245_ssp585_2032.tif.aux.xml,468,fc19d6bb77f7138988e6b68ca54d4a6013b102665572cd19acfddd4cf785a224
outputs/productos_qgis_anuales_final_18D/rasters_anuales/consenso/18D_consenso_ssp245_ssp585_2033.tif,17218,566bdbf3ae953907f14639537d858462f3cd44047774062159f0acf88078766e
outputs/productos_qgis_anuales_final_18D/rasters_anuales/consenso/18D_consenso_ssp245_ssp585_2033.tif.aux.xml,468,28cc5f84c1c7c87f051ac411769342e4062437accf8c88eb4b58351bef97d0df
outputs/productos_qgis_anuales_final_18D/rasters_anuales/consenso/18D_consenso_ssp245_ssp585_2034.tif,17220,7f657105882e5b359941324eba7655b939f7264c978d0b57a8c7072b46252490
outputs/productos_qgis_anuales_final_18D/rasters_anuales/consenso/18D_consenso_ssp245_ssp585_2034.tif.aux.xml,468,2272cddd6aa8d6cbefae616407b3aab81be2943b7dfb8d49d4d4e102e4ea67b5
outputs/productos_qgis_anuales_final_18D/rasters_anuales/consenso/18D_consenso_ssp245_ssp585_2035.tif,17226,dfce82a482d40a743ee99a3a996026749f232b1772e93361e836e813ad18afe4
outputs/productos_qgis_anuales_final_18D/rasters_anuales/consenso/18D_consenso_ssp245_ssp585_2035.tif.aux.xml,467,f9d50b1dff300303806c02e7005da9fca85c676bb91100370339e1390b7d7956
outputs/productos_qgis_anuales_final_18D/rasters_anuales/consenso/18D_consenso_ssp245_ssp585_2036.tif,17228,4abc47bacc3c047ab20454eac60c69c3c468affca972e58ce7263000af18195e
outputs/productos_qgis_anuales_final_18D/rasters_anuales/consenso/18D_consenso_ssp245_ssp585_2036.tif.aux.xml,468,a8d34d4ffb473dcc73ab2e72df64966d4484e2e36531ddc68f1e26e2fd5f9c23
outputs/productos_qgis_anuales_final_18D/rasters_anuales/consenso/18D_consenso_ssp245_ssp585_2037.tif,17220,8f0c9f9b450a88d88ee6b9cb8fe76005865decbd0093beedb796c4d19b53757a
outputs/productos_qgis_anuales_final_18D/rasters_anuales/consenso/18D_consenso_ssp245_ssp585_2037.tif.aux.xml,468,e25000ceaad4ef160e91fa2ec8784d8af79e51dea12451727a89bf70238299fb
outputs/productos_qgis_anuales_final_18D/rasters_anuales/consenso/18D_consenso_ssp245_ssp585_2038.tif,17224,b6974fd4b2794b8bdc41aa39ba00cc8bbc43583fa4dce96ef1970cfb2a5013a6
outputs/productos_qgis_anuales_final_18D/rasters_anuales/consenso/18D_consenso_ssp245_ssp585_2038.tif.aux.xml,468,4b3ea1b26a210d06138a06e8a56eb093265f01902db40ea605089382a90b27f9
outputs/productos_qgis_anuales_final_18D/rasters_anuales/consenso/18D_consenso_ssp245_ssp585_2039.tif,17230,dc42149086d83e0d354ec8538c2bdff45da3e6eb6892a2c8ac9039cb68c05eda
outputs/productos_qgis_anuales_final_18D/rasters_anuales/consenso/18D_consenso_ssp245_ssp585_2039.tif.aux.xml,468,d4ecddde71bd7c50a3c4cadb6d6cdde8e6ca5773fbe7faebc9b755f68b77e5be
outputs/productos_qgis_anuales_final_18D/rasters_anuales/consenso/18D_consenso_ssp245_ssp585_2040.tif,17236,80a275de933b5fd5555d672f77438e4bfafda88034aa09d99c8c174d96b7ba78
outputs/productos_qgis_anuales_final_18D/rasters_anuales/consenso/18D_consenso_ssp245_ssp585_2040.tif.aux.xml,468,3089198d3b64f01ded15ce9bc0b39ed9a6c9c499f00feb6e482ce22a8312ff92
outputs/productos_qgis_anuales_final_18D/rasters_anuales/consenso/18D_consenso_ssp245_ssp585_2041.tif,17236,243d95545772e9a2b109b9ad30d5b1f305fccc7b3640fbf5000d828597ced6de
outputs/productos_qgis_anuales_final_18D/rasters_anuales/consenso/18D_consenso_ssp245_ssp585_2041.tif.aux.xml,468,fcee17fdcc78aeca31d2db349a587742770632aca607a19f371b500538851258
outputs/productos_qgis_anuales_final_18D/rasters_anuales/consenso/18D_consenso_ssp245_ssp585_2042.tif,17228,f07796fbe378ad1dbfb80d3bef30a939571de26bfa6334431db8e60e735289fe
outputs/productos_qgis_anuales_final_18D/rasters_anuales/consenso/18D_consenso_ssp245_ssp585_2042.tif.aux.xml,467,4def015e59f36d54f87fd155974a3a62be75ef6bccdadf7f13ac442021ffe7b8
outputs/productos_qgis_anuales_final_18D/rasters_anuales/consenso/18D_consenso_ssp245_ssp585_2043.tif,17224,468b44ad25dbfc163690db27c833d97282b17ec7f9124bd4c499c44d7fd16507
outputs/productos_qgis_anuales_final_18D/rasters_anuales/consenso/18D_consenso_ssp245_ssp585_2043.tif.aux.xml,468,cb067aa56d6b0a4b141e3352ce584ea2d9aacf0639eb00562a5c4dbbda0ce2c7
outputs/productos_qgis_anuales_final_18D/rasters_anuales/consenso/18D_consenso_ssp245_ssp585_2044.tif,17224,96b0c9b27263bf42b08e9024eed258e67cd8a6d9f8ea3b09f11a51a324810475
outputs/productos_qgis_anuales_final_18D/rasters_anuales/consenso/18D_consenso_ssp245_ssp585_2044.tif.aux.xml,468,5804d46a2db13614d904c5c0aed666416d6612477b15f5b4cb91d6bb85a24bbc
outputs/productos_qgis_anuales_final_18D/rasters_anuales/consenso/18D_consenso_ssp245_ssp585_2045.tif,17212,c473a83b9374bcb1a829135b22b2bbfaed9b35304986f75e6c6f76387c15e8d1
outputs/productos_qgis_anuales_final_18D/rasters_anuales/consenso/18D_consenso_ssp245_ssp585_2045.tif.aux.xml,468,b89d1a9f0d693a33b03f2e30bacbeb77982b3691af58e38099269f2da5cc8994
outputs/productos_qgis_anuales_final_18D/rasters_anuales/consenso/18D_consenso_ssp245_ssp585_2046.tif,17210,5172610361c470d8db195d735a37bd2ee9617cf02a4efa7b295c32a09316096a
outputs/productos_qgis_anuales_final_18D/rasters_anuales/consenso/18D_consenso_ssp245_ssp585_2046.tif.aux.xml,468,f0c38e4bb70545295845b1002d371d07066058dd04ecf745843c4e79b356d18f
outputs/productos_qgis_anuales_final_18D/rasters_anuales/consenso/18D_consenso_ssp245_ssp585_2047.tif,17216,5ca6b06d68a4ed9c54121080367a6bf4da8a9effd37167638da284bf94e9179f
outputs/productos_qgis_anuales_final_18D/rasters_anuales/consenso/18D_consenso_ssp245_ssp585_2047.tif.aux.xml,468,a31c0dcec8798162c97937e0913e790998d03b7fb32817b9687b4ae263a2fef0
outputs/productos_qgis_anuales_final_18D/rasters_anuales/consenso/18D_consenso_ssp245_ssp585_2048.tif,17230,bdf88740dab5eb338ed86422d06276e9e06512405a314f978f05cb5fb1e6b5e4
outputs/productos_qgis_anuales_final_18D/rasters_anuales/consenso/18D_consenso_ssp245_ssp585_2048.tif.aux.xml,468,a723186435ace7650d9246fba9968ed4873f9b0331db5e4ed0c05e0cdaa469b7
outputs/productos_qgis_anuales_final_18D/rasters_anuales/consenso/18D_consenso_ssp245_ssp585_2049.tif,17232,6bdbf4fb89f1c7613dd2448cb322f40910d448ae33da92931eacc6486a0f3e64
outputs/productos_qgis_anuales_final_18D/rasters_anuales/consenso/18D_consenso_ssp245_ssp585_2049.tif.aux.xml,468,c2138a9f0b07e0e7372b786049dc51848290b1e0f2ea674f67217c9555d54acd
outputs/productos_qgis_anuales_final_18D/rasters_anuales/consenso/18D_consenso_ssp245_ssp585_2050.tif,17232,19ff7b1dea0b56c8060538b62b032e61c70c670d0edc15c57c2d1c96e0b0a0b9
outputs/productos_qgis_anuales_final_18D/rasters_anuales/consenso/18D_consenso_ssp245_ssp585_2050.tif.aux.xml,468,82cb7b29bac7188e91560bd278b77617263ae55a0d5ab76b71b5edc69df323ed
outputs/productos_qgis_anuales_final_18D/rasters_anuales/ssp245/18D_ssp245_2027_ancho_incertidumbre_m.tif,29916,bdda0fbbd3dc82dd0d4a2bf873ef276c22d2b0f7e86a4c93f352dbdc59968c20
outputs/productos_qgis_anuales_final_18D/rasters_anuales/ssp245/18D_ssp245_2027_ancho_incertidumbre_m.tif.aux.xml,490,4ff1165eb74541007e7bdcfcfaff79b091c665a6e80c28eb512c5002455ea569
outputs/productos_qgis_anuales_final_18D/rasters_anuales/ssp245/18D_ssp245_2027_delta_nivel_vs_2026_m.tif,29938,6108d550ea9307d22cfd60ce2d40ebc4451a5f3ef924b5f3dbc34cc843f745e7
outputs/productos_qgis_anuales_final_18D/rasters_anuales/ssp245/18D_ssp245_2027_delta_nivel_vs_2026_m.tif.aux.xml,496,442bfd42037917031a1a8178ed12eab724bde5f1d355ab2ed5d9f92cc0b702eb
outputs/productos_qgis_anuales_final_18D/rasters_anuales/ssp245/18D_ssp245_2027_estado_p50.tif,17505,c0591451820d50d67f1a673decd9cca797d7dd00597f97117801546e6660196b
outputs/productos_qgis_anuales_final_18D/rasters_anuales/ssp245/18D_ssp245_2027_estado_p50.tif.aux.xml,462,56484b305369ce912fa41680fee9b65dcaafb14dc13e30d95228d261fddb66c5
outputs/productos_qgis_anuales_final_18D/rasters_anuales/ssp245/18D_ssp245_2027_nivel_p50_m.tif,29906,d2a449d5a1335a3ecd714b2153f7fef6c8ad3e6270e47066ca7bd72bef2fee15
outputs/productos_qgis_anuales_final_18D/rasters_anuales/ssp245/18D_ssp245_2027_nivel_p50_m.tif.aux.xml,477,ac2f5602a74668dd80e67e633401b9e8ac67c092a83c685965f0f02dd3fce0b8
outputs/productos_qgis_anuales_final_18D/rasters_anuales/ssp245/18D_ssp245_2027_robustez_p05_p95.tif,17203,2493b20a4daf96bb348abe42c50885689dd024c61b8cc8e4e5fac13873721071
outputs/productos_qgis_anuales_final_18D/rasters_anuales/ssp245/18D_ssp245_2027_robustez_p05_p95.tif.aux.xml,469,41164f78bb7f119fa84c00712781c4a415a086382017ae0625e94a7682c2c38d
outputs/productos_qgis_anuales_final_18D/rasters_anuales/ssp245/18D_ssp245_2028_ancho_incertidumbre_m.tif,29934,8a95e86029bc85aac0d1b1131fc8ad247ea753d640c92a16ee76efcb70cf227a
outputs/productos_qgis_anuales_final_18D/rasters_anuales/ssp245/18D_ssp245_2028_ancho_incertidumbre_m.tif.aux.xml,487,69febc002f1d206f3fa342c8971bdebc98ef40d9eb80330cf7dbf30f9f0ea347
outputs/productos_qgis_anuales_final_18D/rasters_anuales/ssp245/18D_ssp245_2028_delta_nivel_vs_2026_m.tif,29924,677820a75b88bb28ca0bc60037c6fadd73942ea5a4c909ebf2a2b56d4c6262d8
outputs/productos_qgis_anuales_final_18D/rasters_anuales/ssp245/18D_ssp245_2028_delta_nivel_vs_2026_m.tif.aux.xml,493,9387bd9624a30e46ba5636b69e5b0647be7fade498409942141da2262aed668d
outputs/productos_qgis_anuales_final_18D/rasters_anuales/ssp245/18D_ssp245_2028_estado_p50.tif,17207,72164711f06ce537dce3f5c7030439ba49382df031efe75a560a61af5c21388e
outputs/productos_qgis_anuales_final_18D/rasters_anuales/ssp245/18D_ssp245_2028_estado_p50.tif.aux.xml,463,99e6f21c3ac3f6eed6d919d03e24a785d780a60fc2502f4c6f2086b952a4286e
outputs/productos_qgis_anuales_final_18D/rasters_anuales/ssp245/18D_ssp245_2028_nivel_p50_m.tif,29922,df64576f2e6e0b55ecd7526817e61e309eacc275421d3f67c34aff53e599c1a1
outputs/productos_qgis_anuales_final_18D/rasters_anuales/ssp245/18D_ssp245_2028_nivel_p50_m.tif.aux.xml,477,00fbf4e627e83c78079212e77d0048fdb6f98a0670c036cfc41fac0676807b3b
outputs/productos_qgis_anuales_final_18D/rasters_anuales/ssp245/18D_ssp245_2028_robustez_p05_p95.tif,17213,ed982fe8683be5fe85198c85fbfa9233468b2eb95f17d6b0c58eed7a30dd4f78
outputs/productos_qgis_anuales_final_18D/rasters_anuales/ssp245/18D_ssp245_2028_robustez_p05_p95.tif.aux.xml,469,ae05c370097c874666ed758200edbbcf20e477d9f20f01d04ea7c462c3eb6b56
outputs/productos_qgis_anuales_final_18D/rasters_anuales/ssp245/18D_ssp245_2029_ancho_incertidumbre_m.tif,29914,0118d46e13b8c5ebd2f6a762ffcfe190ba2cda0cec972d2c947ba9fb409c0438
outputs/productos_qgis_anuales_final_18D/rasters_anuales/ssp245/18D_ssp245_2029_ancho_incertidumbre_m.tif.aux.xml,484,15821923bd157259df73546453de0adfab051fa4bb1d0fdbd5f2fbad8156961f
outputs/productos_qgis_anuales_final_18D/rasters_anuales/ssp245/18D_ssp245_2029_delta_nivel_vs_2026_m.tif,29914,de8f0c99a00f1f83d4f2f8cc52093cf3b178c86fc88a2e60b32bccf8fbe645e4
outputs/productos_qgis_anuales_final_18D/rasters_anuales/ssp245/18D_ssp245_2029_delta_nivel_vs_2026_m.tif.aux.xml,493,2b8a70ed677fb7f7d06b321b8b7ea72038ef8c4be8203351086b06d0057a9a6b
outputs/productos_qgis_anuales_final_18D/rasters_anuales/ssp245/18D_ssp245_2029_estado_p50.tif,17207,9d9b322500a190d9d0c0ea1ea6ab0d2c342e3995337b5a18fa866fc54edcab54
outputs/productos_qgis_anuales_final_18D/rasters_anuales/ssp245/18D_ssp245_2029_estado_p50.tif.aux.xml,463,614a37548c42daba281399d700a0ecaa18d617c96bbe281d8a28518f9b2dd53a
outputs/productos_qgis_anuales_final_18D/rasters_anuales/ssp245/18D_ssp245_2029_nivel_p50_m.tif,29914,3805aa2f26fcea96b94f5d39c683b851b35ef5740692971c94ffd77dab0fca0a
outputs/productos_qgis_anuales_final_18D/rasters_anuales/ssp245/18D_ssp245_2029_nivel_p50_m.tif.aux.xml,477,30b923c9fd7d6d81bad4f0907d840b0ef4e386a61c456de92b9f5e0726a92143
outputs/productos_qgis_anuales_final_18D/rasters_anuales/ssp245/18D_ssp245_2029_robustez_p05_p95.tif,17213,7e5b098fa0ec061fffcc8c58da8398e8117b46c2d8bb88f513646ea281564066
outputs/productos_qgis_anuales_final_18D/rasters_anuales/ssp245/18D_ssp245_2029_robustez_p05_p95.tif.aux.xml,469,de3e560b60007e597a16207b328c46586396b3fd89f346d2324b9d41ee795872
outputs/productos_qgis_anuales_final_18D/rasters_anuales/ssp245/18D_ssp245_2030_ancho_incertidumbre_m.tif,29916,b2db8fb746d06658a6a0e46d77da33f078047c149487bd1ebbf29cefa0c1e459
outputs/productos_qgis_anuales_final_18D/rasters_anuales/ssp245/18D_ssp245_2030_ancho_incertidumbre_m.tif.aux.xml,484,582f891d5624c53d5f8000584134de4aef4bc21e0414dc2b38317e8c8b5b570d
outputs/productos_qgis_anuales_final_18D/rasters_anuales/ssp245/18D_ssp245_2030_delta_nivel_vs_2026_m.tif,29926,fc27216667f03d4f01d16bce57b4f3175e365a366f880b621feff8f9b0750823
outputs/productos_qgis_anuales_final_18D/rasters_anuales/ssp245/18D_ssp245_2030_delta_nivel_vs_2026_m.tif.aux.xml,493,018c61ebfa2bfd8ba7b19a9c31618502d73ba51e1f562715c354e3559e7ad4ba
outputs/productos_qgis_anuales_final_18D/rasters_anuales/ssp245/18D_ssp245_2030_estado_p50.tif,17207,f7057d771aa959b096dd8e06e0012da2d2ecd2d0307badd5a76720d3e15ef7d5
outputs/productos_qgis_anuales_final_18D/rasters_anuales/ssp245/18D_ssp245_2030_estado_p50.tif.aux.xml,463,1a84aa6fdb7c6568f8640525ff32c6baceede88cad97e729500c61e0a3abbe65
outputs/productos_qgis_anuales_final_18D/rasters_anuales/ssp245/18D_ssp245_2030_nivel_p50_m.tif,29914,6ee1431f402823d46a3effc985188d3da89f9a0262af5b4f617f0ad56610cc07
outputs/productos_qgis_anuales_final_18D/rasters_anuales/ssp245/18D_ssp245_2030_nivel_p50_m.tif.aux.xml,477,b4ba33bd8714b58d8a93ba96d35d7ea185443beff681b161450cd464236464eb
outputs/productos_qgis_anuales_final_18D/rasters_anuales/ssp245/18D_ssp245_2030_robustez_p05_p95.tif,17211,36d5a02579f938548f2643703d28f6651139411f13b4699e198a60864e574b8a
outputs/productos_qgis_anuales_final_18D/rasters_anuales/ssp245/18D_ssp245_2030_robustez_p05_p95.tif.aux.xml,469,b97eab78dfbb477505cf7a228784e79c4c856b4d67705a9d208e3913e995d045
outputs/productos_qgis_anuales_final_18D/rasters_anuales/ssp245/18D_ssp245_2031_ancho_incertidumbre_m.tif,29938,69d4ab3ef87edafbea9d6d21a74e8c9f2840f336b00e0ddf2227c908306ee8bd
outputs/productos_qgis_anuales_final_18D/rasters_anuales/ssp245/18D_ssp245_2031_ancho_incertidumbre_m.tif.aux.xml,487,221a82dccc8906825d553d7a765b8188723d917465b0ee8b6a050fcc44efd516
outputs/productos_qgis_anuales_final_18D/rasters_anuales/ssp245/18D_ssp245_2031_delta_nivel_vs_2026_m.tif,29932,7aced5ff2eeab2831d1e3c1e3bd5d80c1693fdd4bd80a392793b9e3e8c02c009
outputs/productos_qgis_anuales_final_18D/rasters_anuales/ssp245/18D_ssp245_2031_delta_nivel_vs_2026_m.tif.aux.xml,493,16786d49aa9d4b32567a48207e42b515e087a6db59c28ac13a39bbdd1e1b6452
outputs/productos_qgis_anuales_final_18D/rasters_anuales/ssp245/18D_ssp245_2031_estado_p50.tif,17217,7b8f40e37e7debe8f5f3c0b1565d1a928499078c9bdf319c4b3191289c81e0c7
outputs/productos_qgis_anuales_final_18D/rasters_anuales/ssp245/18D_ssp245_2031_estado_p50.tif.aux.xml,463,ca83e037a548c7c526e1103b195f7aea4555a397fa1b2e13a55a56a10a3c7c9a
outputs/productos_qgis_anuales_final_18D/rasters_anuales/ssp245/18D_ssp245_2031_nivel_p50_m.tif,29898,28a78426b675d4b16b8a2e0e09caa5ea7084151df14a54c797e326fcfbafe7f2
outputs/productos_qgis_anuales_final_18D/rasters_anuales/ssp245/18D_ssp245_2031_nivel_p50_m.tif.aux.xml,468,b52b18c672b7d959a042b3d9eeac8b8e4296a774b1f1328b4e2f0689a468fce9
outputs/productos_qgis_anuales_final_18D/rasters_anuales/ssp245/18D_ssp245_2031_robustez_p05_p95.tif,17215,6bd2e3b11e57ec730c62948ada122b8ed060b976171b1731aeebc938191872b6
outputs/productos_qgis_anuales_final_18D/rasters_anuales/ssp245/18D_ssp245_2031_robustez_p05_p95.tif.aux.xml,469,3bb238e2f5d2a167268b64a74164e5632da1e34d86814af0d4a11e379228a1b2
outputs/productos_qgis_anuales_final_18D/rasters_anuales/ssp245/18D_ssp245_2032_ancho_incertidumbre_m.tif,29924,64e03874c7707dae6beebbe69aeaf7f14841e081e14a2ff103c1a7601234808a
outputs/productos_qgis_anuales_final_18D/rasters_anuales/ssp245/18D_ssp245_2032_ancho_incertidumbre_m.tif.aux.xml,487,b6161fb63c49f0457b0cca5f74a3641e0582b2a05c514fc73d883a9aa7e98857
outputs/productos_qgis_anuales_final_18D/rasters_anuales/ssp245/18D_ssp245_2032_delta_nivel_vs_2026_m.tif,29926,abcae37f1e00d89025c0dfcab0f3ec20872baca3b065f00d7d202b02ec80add2
outputs/productos_qgis_anuales_final_18D/rasters_anuales/ssp245/18D_ssp245_2032_delta_nivel_vs_2026_m.tif.aux.xml,493,ca5480f7ac5c41e8de2df2ac7d68b43aa690566ca043960fdcecb895883bff4b
outputs/productos_qgis_anuales_final_18D/rasters_anuales/ssp245/18D_ssp245_2032_estado_p50.tif,17217,7741797126902e2f4ed1369eae4c2eb4ae22c7e9de0c7acf3d9193ba18078cbd
outputs/productos_qgis_anuales_final_18D/rasters_anuales/ssp245/18D_ssp245_2032_estado_p50.tif.aux.xml,463,ef42ff22d550c1ee3ab0bf075989f86fb6050c6f13b8ce1149872e27afca6419
outputs/productos_qgis_anuales_final_18D/rasters_anuales/ssp245/18D_ssp245_2032_nivel_p50_m.tif,29890,7c39ef4fdd19f3d6a1193776d9934533718ac55c88cc7e716d709bb855cc5879
outputs/productos_qgis_anuales_final_18D/rasters_anuales/ssp245/18D_ssp245_2032_nivel_p50_m.tif.aux.xml,477,8edfc77b1809e8730b8671f33807544b48fd0f6dd7e6a077c20004c4e8c2c113
outputs/productos_qgis_anuales_final_18D/rasters_anuales/ssp245/18D_ssp245_2032_robustez_p05_p95.tif,17211,35b5ee9226a00d6f5d86dcbb543e555384873be3dfbdb636c145c4b8a1b8eaf2
outputs/productos_qgis_anuales_final_18D/rasters_anuales/ssp245/18D_ssp245_2032_robustez_p05_p95.tif.aux.xml,469,f0f5ccaa68afa10ea76d1b9593766bf7475147b115211943468fc0be487deb7f
outputs/productos_qgis_anuales_final_18D/rasters_anuales/ssp245/18D_ssp245_2033_ancho_incertidumbre_m.tif,29924,71ab35ba2cafe3179b56117b0a41c4077d2e3fb88ea26f7970ae3ab6741c17b4
outputs/productos_qgis_anuales_final_18D/rasters_anuales/ssp245/18D_ssp245_2033_ancho_incertidumbre_m.tif.aux.xml,484,7896d5e12823d008be8a4a88dde2b36157e1d5f7b5dfd5ee0b07a88c63cf2963
outputs/productos_qgis_anuales_final_18D/rasters_anuales/ssp245/18D_ssp245_2033_delta_nivel_vs_2026_m.tif,29932,b5f450ac28329dcbd6d9257915e80e045b4a7ecf18597d0a85ffd629f4164da0
outputs/productos_qgis_anuales_final_18D/rasters_anuales/ssp245/18D_ssp245_2033_delta_nivel_vs_2026_m.tif.aux.xml,493,c0389f1615931fd1f5e91f7a6d3cacb3b3a364173d11c7b8f2b8587ed4a36bf9
outputs/productos_qgis_anuales_final_18D/rasters_anuales/ssp245/18D_ssp245_2033_estado_p50.tif,17217,1a06f51d83685391649a6432df3b9d24e160ff742e3825062ebbeac56e5e08b9
outputs/productos_qgis_anuales_final_18D/rasters_anuales/ssp245/18D_ssp245_2033_estado_p50.tif.aux.xml,463,5326e2455fb4ea9d8fb281d69811fb5a60ac78117efcc95fb2a7cd9dbcf15626
outputs/productos_qgis_anuales_final_18D/rasters_anuales/ssp245/18D_ssp245_2033_nivel_p50_m.tif,29898,758d97b91d663bd4034f4573719b7b1adef059924d1257fbf42d28485ae2f529
outputs/productos_qgis_anuales_final_18D/rasters_anuales/ssp245/18D_ssp245_2033_nivel_p50_m.tif.aux.xml,477,bd1bac0d9e5b66cc2c36d95656062a187381f418dfa7f6d09bd471c65059419d
outputs/productos_qgis_anuales_final_18D/rasters_anuales/ssp245/18D_ssp245_2033_robustez_p05_p95.tif,17205,740f7e232fa204bd45c7f2cc95dc5d366f189267b8845a09f8eddd6f5b23f1b4
outputs/productos_qgis_anuales_final_18D/rasters_anuales/ssp245/18D_ssp245_2033_robustez_p05_p95.tif.aux.xml,469,0e58d1a9a7e4270fb6bbdfe59b0ff2644d092179345ad84822b327c116b5352e
outputs/productos_qgis_anuales_final_18D/rasters_anuales/ssp245/18D_ssp245_2034_ancho_incertidumbre_m.tif,29914,0f318af9bef81c1af4f8a7399f557620d3e64e16139e3ca4cc0bed14cff4312d
outputs/productos_qgis_anuales_final_18D/rasters_anuales/ssp245/18D_ssp245_2034_ancho_incertidumbre_m.tif.aux.xml,487,f9cae424fee62777e6df41dc7a4eeea8dc8b799aaddf45771382fa643119802c
outputs/productos_qgis_anuales_final_18D/rasters_anuales/ssp245/18D_ssp245_2034_delta_nivel_vs_2026_m.tif,29932,093c313bebfbf66de04ff9d7aeb5e9cd5efa7623fb45682e20c04180de7857b0
outputs/productos_qgis_anuales_final_18D/rasters_anuales/ssp245/18D_ssp245_2034_delta_nivel_vs_2026_m.tif.aux.xml,493,f6dd08ed542e0c45d22add1e9e9f90f560f00b7eea8fabecde2f772af49b5ab6
outputs/productos_qgis_anuales_final_18D/rasters_anuales/ssp245/18D_ssp245_2034_estado_p50.tif,17209,934d290a53996ec6a6d1e5439c23f6aadca0d617c88345b05035adb8cd34cf49
outputs/productos_qgis_anuales_final_18D/rasters_anuales/ssp245/18D_ssp245_2034_estado_p50.tif.aux.xml,463,4f7cd3c498cb6db0c9916566d22cb8df2961b085263f0ceea98ac70816a886ae
outputs/productos_qgis_anuales_final_18D/rasters_anuales/ssp245/18D_ssp245_2034_nivel_p50_m.tif,29916,21947f3b260fd0555571280cf450a07d317563a129c8daf5a6566a160a6ab2c6
outputs/productos_qgis_anuales_final_18D/rasters_anuales/ssp245/18D_ssp245_2034_nivel_p50_m.tif.aux.xml,477,b7602b040b1610815213311472ef30c23f7d09812538eb91cd0ca7b54968a155
outputs/productos_qgis_anuales_final_18D/rasters_anuales/ssp245/18D_ssp245_2034_robustez_p05_p95.tif,17205,12ee06f41554945936ece5e8569cd2bc4057260d655da236f956823761af6c56
outputs/productos_qgis_anuales_final_18D/rasters_anuales/ssp245/18D_ssp245_2034_robustez_p05_p95.tif.aux.xml,469,a5866f8570b2a316a6269bcb278bddd211b3d3547be3d37ec948be6bce4f36b3
outputs/productos_qgis_anuales_final_18D/rasters_anuales/ssp245/18D_ssp245_2035_ancho_incertidumbre_m.tif,29914,b5d00d14147720cdd9893e36a206425b32ca6f17287281ab562cd57801d86ca9
outputs/productos_qgis_anuales_final_18D/rasters_anuales/ssp245/18D_ssp245_2035_ancho_incertidumbre_m.tif.aux.xml,487,8e8baf1faa8b1fa528d3f2ecf605c22f02fd89f31028121532bdcff2debfc0a2
outputs/productos_qgis_anuales_final_18D/rasters_anuales/ssp245/18D_ssp245_2035_delta_nivel_vs_2026_m.tif,29932,bfcffe886e2cadf4000a455ff07602a62dd9156281bcc4e8c8e832d4481467a6
outputs/productos_qgis_anuales_final_18D/rasters_anuales/ssp245/18D_ssp245_2035_delta_nivel_vs_2026_m.tif.aux.xml,493,a4b6b1a8d4e0bb0999df11d7d318117c33f1b7418f265a712182eca38103b4ce
outputs/productos_qgis_anuales_final_18D/rasters_anuales/ssp245/18D_ssp245_2035_estado_p50.tif,17217,9c9ffb2acf25d8b8f55fada5d502310fccea4179cf028147e68d88f2406688bf
outputs/productos_qgis_anuales_final_18D/rasters_anuales/ssp245/18D_ssp245_2035_estado_p50.tif.aux.xml,463,a173991491180eb45f7a6c4010599bcf7dd94c753e196b03e2ed6bc7f9d0048d
outputs/productos_qgis_anuales_final_18D/rasters_anuales/ssp245/18D_ssp245_2035_nivel_p50_m.tif,29914,f4db54f03451770c848b55ff019861613d55be327d41dbb390a77dea1aa4426c
outputs/productos_qgis_anuales_final_18D/rasters_anuales/ssp245/18D_ssp245_2035_nivel_p50_m.tif.aux.xml,477,141341c8849f1e2338d2ad171ff22fae2fb2014da5de0ba75f5b62c40d3db885
outputs/productos_qgis_anuales_final_18D/rasters_anuales/ssp245/18D_ssp245_2035_robustez_p05_p95.tif,17211,354c2d612d03409cb68a986ecb1a1ecd1f926d713078bfbf1e3817d99f4b5f40
outputs/productos_qgis_anuales_final_18D/rasters_anuales/ssp245/18D_ssp245_2035_robustez_p05_p95.tif.aux.xml,469,749ed64e5c45223eab2c0695a511bd0c3010535fb3d094425d9835cf0f25d030
outputs/productos_qgis_anuales_final_18D/rasters_anuales/ssp245/18D_ssp245_2036_ancho_incertidumbre_m.tif,29922,fbde9abb5a33b0bba97eae00a51cbc1d280871cce476f57bc8bae2930075043b
outputs/productos_qgis_anuales_final_18D/rasters_anuales/ssp245/18D_ssp245_2036_ancho_incertidumbre_m.tif.aux.xml,487,e8332198bb24e31b3d66c7e792c4d220f9ace65b457985ebd3af9021b2c672de
outputs/productos_qgis_anuales_final_18D/rasters_anuales/ssp245/18D_ssp245_2036_delta_nivel_vs_2026_m.tif,29936,514c84d8f8ef79d6796b5715178e20fc9913c4487f580fb9d05e6ee35de4b5f3
outputs/productos_qgis_anuales_final_18D/rasters_anuales/ssp245/18D_ssp245_2036_delta_nivel_vs_2026_m.tif.aux.xml,493,02a6c860c10d2be4550cc90e438e629de3b0552fe4b2a6077818ebdeca29c4e4
outputs/productos_qgis_anuales_final_18D/rasters_anuales/ssp245/18D_ssp245_2036_estado_p50.tif,17217,04e8483adf31e5114284c7edff69318cf55a2594d67dcc86c47f3977d72caa29
outputs/productos_qgis_anuales_final_18D/rasters_anuales/ssp245/18D_ssp245_2036_estado_p50.tif.aux.xml,463,8d70ef95c33ff60defb6324899d0b1202f6ded8263b2c0819553cb1ac8ce01e8
outputs/productos_qgis_anuales_final_18D/rasters_anuales/ssp245/18D_ssp245_2036_nivel_p50_m.tif,29914,313b149270125e28ab65a428cbb751fec3984a45c1e65577ba241d023509e998
outputs/productos_qgis_anuales_final_18D/rasters_anuales/ssp245/18D_ssp245_2036_nivel_p50_m.tif.aux.xml,477,d9691cb7bd3d8eebceab617df739459ae4f182aa08c6d076c5eb52a83327a7c5
outputs/productos_qgis_anuales_final_18D/rasters_anuales/ssp245/18D_ssp245_2036_robustez_p05_p95.tif,17215,e69986e108f21044dfb697d9c1d7cf3347c76af3ef1e2b923a394cf2493f342e
outputs/productos_qgis_anuales_final_18D/rasters_anuales/ssp245/18D_ssp245_2036_robustez_p05_p95.tif.aux.xml,469,b2d725a158781ba8981d3841d48602f721c5338961d4b383f216ad47be571c10
outputs/productos_qgis_anuales_final_18D/rasters_anuales/ssp245/18D_ssp245_2037_ancho_incertidumbre_m.tif,29924,bbfb63e5cabe2b33b3bc3ec3fb454e2e0b57afca49668da4efb6daa388895bd3
outputs/productos_qgis_anuales_final_18D/rasters_anuales/ssp245/18D_ssp245_2037_ancho_incertidumbre_m.tif.aux.xml,487,cc22a4006b29fad234c513ad528288a6b586d885c4cc494f89e402d82a0143b8
outputs/productos_qgis_anuales_final_18D/rasters_anuales/ssp245/18D_ssp245_2037_delta_nivel_vs_2026_m.tif,29926,7c8e964e81c02e96d96080f63f85c7ddd1fa716695fa7f039a52fef1cd32edbf
outputs/productos_qgis_anuales_final_18D/rasters_anuales/ssp245/18D_ssp245_2037_delta_nivel_vs_2026_m.tif.aux.xml,490,551651790ef51417026bec09a6222c7e6b6affdd11b0d25e03dbf8575d04c46c
outputs/productos_qgis_anuales_final_18D/rasters_anuales/ssp245/18D_ssp245_2037_estado_p50.tif,17217,112deafb1dada64c3976bb7cd4878e32f0cd270087ab7da72afa797eb43edf63
outputs/productos_qgis_anuales_final_18D/rasters_anuales/ssp245/18D_ssp245_2037_estado_p50.tif.aux.xml,463,b163e459b61bdc52b2799cef79266d2c1fc65a52e18fe09d234c8d80d8f6275e
outputs/productos_qgis_anuales_final_18D/rasters_anuales/ssp245/18D_ssp245_2037_nivel_p50_m.tif,29914,7f693ed6e820723d8969acad18ff129a6133e73f790c29f909ef4e7c1ca1402e
outputs/productos_qgis_anuales_final_18D/rasters_anuales/ssp245/18D_ssp245_2037_nivel_p50_m.tif.aux.xml,477,6ce3a9c53797e1d4b524130d819b86f63c21d51fa2ab7f2804d4c07d1d419aec
outputs/productos_qgis_anuales_final_18D/rasters_anuales/ssp245/18D_ssp245_2037_robustez_p05_p95.tif,17217,7ed1cf18349b76c1546248c02e7fe089f7b0b8bc52bd3bb4a3f022a4689ce562
outputs/productos_qgis_anuales_final_18D/rasters_anuales/ssp245/18D_ssp245_2037_robustez_p05_p95.tif.aux.xml,469,62043607a778d4d3771decb0d3751adddd57eeabbff272783c2faf1fcc8a2cb6
outputs/productos_qgis_anuales_final_18D/rasters_anuales/ssp245/18D_ssp245_2038_ancho_incertidumbre_m.tif,29914,300f7b36add9e17a348121ffa4c97d9a9832276ab766e0ec78ae883298504901
outputs/productos_qgis_anuales_final_18D/rasters_anuales/ssp245/18D_ssp245_2038_ancho_incertidumbre_m.tif.aux.xml,487,a2c9f42f273dcf6fcd64af0223fa7e71976b0dcaba8b0386c16ff1f901df9e46
outputs/productos_qgis_anuales_final_18D/rasters_anuales/ssp245/18D_ssp245_2038_delta_nivel_vs_2026_m.tif,29932,b027206290f75ac59580b04e8dfc7b570426fb679808c592a9b783f59122712e
outputs/productos_qgis_anuales_final_18D/rasters_anuales/ssp245/18D_ssp245_2038_delta_nivel_vs_2026_m.tif.aux.xml,484,35bedfbcbe4a67201f7b08b442eb7c8350c590f25fc67954118e13e70d726b3f
outputs/productos_qgis_anuales_final_18D/rasters_anuales/ssp245/18D_ssp245_2038_estado_p50.tif,17215,bd478c34aa7e94bfab012357a71f033d3f05d0861c89a1b717ba3f65a758e57a
outputs/productos_qgis_anuales_final_18D/rasters_anuales/ssp245/18D_ssp245_2038_estado_p50.tif.aux.xml,463,b4b7c45e1226278618c565f3b3672fcd523c5cd409e5b670d1421150995a9ec8
outputs/productos_qgis_anuales_final_18D/rasters_anuales/ssp245/18D_ssp245_2038_nivel_p50_m.tif,29922,fcb964c79f0047e86f97a492f7ccf44d41e0087b31440dacd0e01ba268eeda6a
outputs/productos_qgis_anuales_final_18D/rasters_anuales/ssp245/18D_ssp245_2038_nivel_p50_m.tif.aux.xml,465,cfa4227bc0ba240990fa36bc54b718ec0bb4085007ce03d5c9e35d5316497ded
outputs/productos_qgis_anuales_final_18D/rasters_anuales/ssp245/18D_ssp245_2038_robustez_p05_p95.tif,17213,f7f20797d4bf416ca7f44cfbb804efc00a06c4af8fb711e059166ea483402574
outputs/productos_qgis_anuales_final_18D/rasters_anuales/ssp245/18D_ssp245_2038_robustez_p05_p95.tif.aux.xml,469,358024d0ade9e7ea1d9190c9071fe3a80248ace578c4ae7a8a1297eccea9781e
outputs/productos_qgis_anuales_final_18D/rasters_anuales/ssp245/18D_ssp245_2039_ancho_incertidumbre_m.tif,29932,e6eaf6e9018f4b2132e8e129868b2f64205b46a1cca11e287156a2590b769ca1
outputs/productos_qgis_anuales_final_18D/rasters_anuales/ssp245/18D_ssp245_2039_ancho_incertidumbre_m.tif.aux.xml,487,3d417f66fa64dcba337a07391c6f7a966b30332d54be7b4a4b246c491fc25375
outputs/productos_qgis_anuales_final_18D/rasters_anuales/ssp245/18D_ssp245_2039_delta_nivel_vs_2026_m.tif,29932,c7aeebcd337824971a0ef63aad5233dca9cc0e44d4dbc220fb45836d28e64d02
outputs/productos_qgis_anuales_final_18D/rasters_anuales/ssp245/18D_ssp245_2039_delta_nivel_vs_2026_m.tif.aux.xml,493,072eccf7261824467632be23dd056b6a5cc59cd2224cca23c38ec081eb8d36ac
outputs/productos_qgis_anuales_final_18D/rasters_anuales/ssp245/18D_ssp245_2039_estado_p50.tif,17217,643e3358bf9ddd3d8e5cc58df2a4d920805762e2503ca47f12844449a98411a8
outputs/productos_qgis_anuales_final_18D/rasters_anuales/ssp245/18D_ssp245_2039_estado_p50.tif.aux.xml,463,9543f5a9f9d6490b0b8d9763f7dcc17e1f8f8a9aa7dabc0d9dca167cdfe085d1
outputs/productos_qgis_anuales_final_18D/rasters_anuales/ssp245/18D_ssp245_2039_nivel_p50_m.tif,29914,4b2911c27d21b406476d1af5b96eb9ab135cd58ce1c9cb1c8a814e6cd4b544b6
outputs/productos_qgis_anuales_final_18D/rasters_anuales/ssp245/18D_ssp245_2039_nivel_p50_m.tif.aux.xml,477,bd3f2a1f6adddfe168b74ef4010911db2fe4240a7f9bf7b4f06dfd74f5b82b13
outputs/productos_qgis_anuales_final_18D/rasters_anuales/ssp245/18D_ssp245_2039_robustez_p05_p95.tif,17215,b95c95c7f36e9936954139316ce1a2b979c5199011b8079a2ef439614275eb98
outputs/productos_qgis_anuales_final_18D/rasters_anuales/ssp245/18D_ssp245_2039_robustez_p05_p95.tif.aux.xml,469,ef802446fedec02783ee4b309c1354b1e4d144b1e181b7267e1d9504fed9d297
outputs/productos_qgis_anuales_final_18D/rasters_anuales/ssp245/18D_ssp245_2040_ancho_incertidumbre_m.tif,29932,65361b8b54a8de4bed67b17a56f074c768622cdeb474a51e7d2345d36a9154f1
outputs/productos_qgis_anuales_final_18D/rasters_anuales/ssp245/18D_ssp245_2040_ancho_incertidumbre_m.tif.aux.xml,487,4dfd93b1019cedaface47aaac62fec11a6dfae71b4c83f9287739541dc350472
outputs/productos_qgis_anuales_final_18D/rasters_anuales/ssp245/18D_ssp245_2040_delta_nivel_vs_2026_m.tif,29932,ba1281dd9592b9f4277db84ffbd51464d1e21ae8ef716d7e774bb00aadda52b0
outputs/productos_qgis_anuales_final_18D/rasters_anuales/ssp245/18D_ssp245_2040_delta_nivel_vs_2026_m.tif.aux.xml,493,9d9e2ca68c7472b3276fef2bb6a7fdd9102546296a6d567f955f4f9efeb92b76
outputs/productos_qgis_anuales_final_18D/rasters_anuales/ssp245/18D_ssp245_2040_estado_p50.tif,17217,e4596ee9c63c1163532a753963df345357e317a0c86a709c59ca036e6f91a6dd
outputs/productos_qgis_anuales_final_18D/rasters_anuales/ssp245/18D_ssp245_2040_estado_p50.tif.aux.xml,463,76d7e4f454f316346993647de72e5bbca8e809f66cd89e37a11e947d4c74176a
outputs/productos_qgis_anuales_final_18D/rasters_anuales/ssp245/18D_ssp245_2040_nivel_p50_m.tif,29894,0cbe385ae64056de71a90bd06374247d657fe4d4fee53ecdb5b9c72c33d72df3
outputs/productos_qgis_anuales_final_18D/rasters_anuales/ssp245/18D_ssp245_2040_nivel_p50_m.tif.aux.xml,477,304774f210274ac3e6c3b94d962613c056fcf38a400984d989c739f071ccb181
outputs/productos_qgis_anuales_final_18D/rasters_anuales/ssp245/18D_ssp245_2040_robustez_p05_p95.tif,17217,3ef30445791d250929a499c8c1ad8065604e81fe110d80521d2a6a31bec726f8
outputs/productos_qgis_anuales_final_18D/rasters_anuales/ssp245/18D_ssp245_2040_robustez_p05_p95.tif.aux.xml,469,edbfa76eb24a949ea378b664eba51f868d3697f31cb60e7a2cf79d7f7bfd8fc7
outputs/productos_qgis_anuales_final_18D/rasters_anuales/ssp245/18D_ssp245_2041_ancho_incertidumbre_m.tif,29938,ae284ead6737b4df1d38d29211831b477012b901e162195dfb8a42c92fa44987
outputs/productos_qgis_anuales_final_18D/rasters_anuales/ssp245/18D_ssp245_2041_ancho_incertidumbre_m.tif.aux.xml,487,7d16396262c351ac987c84dba2d1cb7718567e962c44b2c1cbade057752272a8
outputs/productos_qgis_anuales_final_18D/rasters_anuales/ssp245/18D_ssp245_2041_delta_nivel_vs_2026_m.tif,29924,515c872ee1d542409f2f2adf78a932057b0ae0848964d42bdc12c4c9f9479c1c
outputs/productos_qgis_anuales_final_18D/rasters_anuales/ssp245/18D_ssp245_2041_delta_nivel_vs_2026_m.tif.aux.xml,493,6874d3acb649771a858cdc00c45db3cb4d6a0f374d98b7f476daca5071b5b14d
outputs/productos_qgis_anuales_final_18D/rasters_anuales/ssp245/18D_ssp245_2041_estado_p50.tif,17217,76970e27b78494eb96d9ac3119f7509dc3ce3c6c753b503c26363653ce8f9591
outputs/productos_qgis_anuales_final_18D/rasters_anuales/ssp245/18D_ssp245_2041_estado_p50.tif.aux.xml,463,3c33066d6bc510686167478b7d046b20292b1919aaa09b0c2d304ba76490c1dc
outputs/productos_qgis_anuales_final_18D/rasters_anuales/ssp245/18D_ssp245_2041_nivel_p50_m.tif,29904,b9d6ffd1a2235dc4f7c3e981bc52e39717cf628cb59cf4c495db918f005ac674
outputs/productos_qgis_anuales_final_18D/rasters_anuales/ssp245/18D_ssp245_2041_nivel_p50_m.tif.aux.xml,477,4a6241693df17b0f8a217ffbc9d4620c9cf6a8bb6c351e391c1471171be4f8ad
outputs/productos_qgis_anuales_final_18D/rasters_anuales/ssp245/18D_ssp245_2041_robustez_p05_p95.tif,17207,385c121863f7b8a93718c495a91521ec5478ef5f1211e9ec8c558768b17d1b07
outputs/productos_qgis_anuales_final_18D/rasters_anuales/ssp245/18D_ssp245_2041_robustez_p05_p95.tif.aux.xml,468,49d0ad7629c45fcc8c09870e048eb8e08b0bf23fb50b34904e4a24aec091bd79
outputs/productos_qgis_anuales_final_18D/rasters_anuales/ssp245/18D_ssp245_2042_ancho_incertidumbre_m.tif,29920,0f4753ed12227a8f5e5e8328605f595e32abcc3ece3424c8582ac9f07526ee58
outputs/productos_qgis_anuales_final_18D/rasters_anuales/ssp245/18D_ssp245_2042_ancho_incertidumbre_m.tif.aux.xml,487,ad4eec6c35a0f4b2aecfb92dbdf45d837fcf73a0b07b7303b5b1c95b7013b3f1
outputs/productos_qgis_anuales_final_18D/rasters_anuales/ssp245/18D_ssp245_2042_delta_nivel_vs_2026_m.tif,29926,cc81a4d889790a7f9b1d4d2d5480583e85041909611a19432cdcbc59d2b43cca
outputs/productos_qgis_anuales_final_18D/rasters_anuales/ssp245/18D_ssp245_2042_delta_nivel_vs_2026_m.tif.aux.xml,493,615ae65a6507a67ce5fb90927baaf5994a4600693645d42fd1e0065e1fd54e9b
outputs/productos_qgis_anuales_final_18D/rasters_anuales/ssp245/18D_ssp245_2042_estado_p50.tif,17217,50627bade814cbf0abd2199408ffb83f29a231be297f0e2530032ae7611e3ace
outputs/productos_qgis_anuales_final_18D/rasters_anuales/ssp245/18D_ssp245_2042_estado_p50.tif.aux.xml,463,4e2a00d99ec98b973e12104e0b091c48f93520dbab481c0a6468a65b3c258965
outputs/productos_qgis_anuales_final_18D/rasters_anuales/ssp245/18D_ssp245_2042_nivel_p50_m.tif,29906,999458c8eda22cbe3438cfdcbb832bc44d6d7c23d67caa1cd3ad8994539b4be2
outputs/productos_qgis_anuales_final_18D/rasters_anuales/ssp245/18D_ssp245_2042_nivel_p50_m.tif.aux.xml,477,ceaefa9acc0249664b2f9576bd463335edcd6e3ff4e24fd5daad79963728022c
outputs/productos_qgis_anuales_final_18D/rasters_anuales/ssp245/18D_ssp245_2042_robustez_p05_p95.tif,17207,79995a57ec3af00ee1e96d4889b0cd98afc3141d50f669179a6aaf0e630511a7
outputs/productos_qgis_anuales_final_18D/rasters_anuales/ssp245/18D_ssp245_2042_robustez_p05_p95.tif.aux.xml,469,dd23d067f67dea75b036a52f62cee3cf97a9b7a58e4cb6ed2fda4611cc2be6dc
outputs/productos_qgis_anuales_final_18D/rasters_anuales/ssp245/18D_ssp245_2043_ancho_incertidumbre_m.tif,29924,3404ca294067d39bb332fc2c2ab46e8d4729d48c19c7e12c59cc362e4b745b9a
outputs/productos_qgis_anuales_final_18D/rasters_anuales/ssp245/18D_ssp245_2043_ancho_incertidumbre_m.tif.aux.xml,487,133ebf2ef58603a15548a87f7d450d83703eb687b666519e25de6f31fce2ac01
outputs/productos_qgis_anuales_final_18D/rasters_anuales/ssp245/18D_ssp245_2043_delta_nivel_vs_2026_m.tif,29932,cb75cfa3fd3373ac2eadf58e5a05c571ef32b8c60d2915b5e8b640641fce168f
outputs/productos_qgis_anuales_final_18D/rasters_anuales/ssp245/18D_ssp245_2043_delta_nivel_vs_2026_m.tif.aux.xml,490,bb3b0cf484ebcf342f6e11c3393e88c7cda10587f9f4e503ed9fd46849af501e
outputs/productos_qgis_anuales_final_18D/rasters_anuales/ssp245/18D_ssp245_2043_estado_p50.tif,17215,5145cbaec55e35e6e8acf370d52e8fd7c07d2ea40ab02d03088c7962303e91b1
outputs/productos_qgis_anuales_final_18D/rasters_anuales/ssp245/18D_ssp245_2043_estado_p50.tif.aux.xml,463,beda2630dddc920337a4c8739c0489f0f50bf747b08cdaf5eddc7b57f99b9baf
outputs/productos_qgis_anuales_final_18D/rasters_anuales/ssp245/18D_ssp245_2043_nivel_p50_m.tif,29914,33e65e522bd7c1a983b3b2c72a8a1d6cfb96612969bcd6fae7c1a23c1da085ca
outputs/productos_qgis_anuales_final_18D/rasters_anuales/ssp245/18D_ssp245_2043_nivel_p50_m.tif.aux.xml,477,7d254c56ab5c082f29374ce10c7c4e4e2bc0e745a102d8ea7290d1e3d86d07df
outputs/productos_qgis_anuales_final_18D/rasters_anuales/ssp245/18D_ssp245_2043_robustez_p05_p95.tif,17207,87127a06d661bf25179d9354f72135e11530b4696d750a9d862fad9fc694c473
outputs/productos_qgis_anuales_final_18D/rasters_anuales/ssp245/18D_ssp245_2043_robustez_p05_p95.tif.aux.xml,469,105fda4be9bb145e27747fdd0ad231459b416c707e7acef46f9ccac2265361d5
outputs/productos_qgis_anuales_final_18D/rasters_anuales/ssp245/18D_ssp245_2044_ancho_incertidumbre_m.tif,29932,90e6928b0ff457d07f191f09bdff52236ae050baf6cff13830ce32150b414f0b
outputs/productos_qgis_anuales_final_18D/rasters_anuales/ssp245/18D_ssp245_2044_ancho_incertidumbre_m.tif.aux.xml,487,3e1aea612e4c4acb06321010b353ab85d5ca6d72785d7dc2b70765516df8ccd0
outputs/productos_qgis_anuales_final_18D/rasters_anuales/ssp245/18D_ssp245_2044_delta_nivel_vs_2026_m.tif,29936,53cc251f05618406c309f4a117de14ee1529dd097945de6f452d8d6ac62a7c44
outputs/productos_qgis_anuales_final_18D/rasters_anuales/ssp245/18D_ssp245_2044_delta_nivel_vs_2026_m.tif.aux.xml,490,a6f7851f2b93a9ab11a9f8e5228784e4666c846ff5c93284d1acc7b9fffff7dc
outputs/productos_qgis_anuales_final_18D/rasters_anuales/ssp245/18D_ssp245_2044_estado_p50.tif,17209,922fde470a89f5ab6c9676c71816565cf8918a986737147b76bcfca087d2a497
outputs/productos_qgis_anuales_final_18D/rasters_anuales/ssp245/18D_ssp245_2044_estado_p50.tif.aux.xml,462,3bf11efa968c5727991739b27ac1b7751840d3dd16b61b860dfafa187bbf389b
outputs/productos_qgis_anuales_final_18D/rasters_anuales/ssp245/18D_ssp245_2044_nivel_p50_m.tif,29922,d0c7bb32ddba286b82532df7a019754c1aacead49379fe71e2e0c2a3a52d17c6
outputs/productos_qgis_anuales_final_18D/rasters_anuales/ssp245/18D_ssp245_2044_nivel_p50_m.tif.aux.xml,477,c50d9f561ddbfa5b44012b6a534f7f9d3702ff33fd03f1dfb32f5e8a62fd2db6
outputs/productos_qgis_anuales_final_18D/rasters_anuales/ssp245/18D_ssp245_2044_robustez_p05_p95.tif,17207,7747393eb877ded6223339193a10668d4c5f842279e2276bf332fefb7cda64a1
outputs/productos_qgis_anuales_final_18D/rasters_anuales/ssp245/18D_ssp245_2044_robustez_p05_p95.tif.aux.xml,469,b4222db5e0d4a25b01a9c27e5168685acaf7ab5d7d8a87d15e048bf18bdf8a0f
outputs/productos_qgis_anuales_final_18D/rasters_anuales/ssp245/18D_ssp245_2045_ancho_incertidumbre_m.tif,29920,4b4f3a1e291f020126fc70fb83fb73cb1a1840ec0ecc3eb9163c5cc93bf3dd48
outputs/productos_qgis_anuales_final_18D/rasters_anuales/ssp245/18D_ssp245_2045_ancho_incertidumbre_m.tif.aux.xml,487,0bd007ab6fc96b87b506ac8b7899a7e3f8399badd7ad2ad410a13bd8eaa76016
outputs/productos_qgis_anuales_final_18D/rasters_anuales/ssp245/18D_ssp245_2045_delta_nivel_vs_2026_m.tif,29932,9ed9acaf6d6b3c5515ea3a569e47a49083da099c503f08142cca26cda1fcd956
outputs/productos_qgis_anuales_final_18D/rasters_anuales/ssp245/18D_ssp245_2045_delta_nivel_vs_2026_m.tif.aux.xml,490,1d4182d2edb33363d0aaababaa305e9c68b51e2aac85dc31a8fb139b5fb2c2a4
outputs/productos_qgis_anuales_final_18D/rasters_anuales/ssp245/18D_ssp245_2045_estado_p50.tif,17205,02a4eaaf3e7897dd4abdaebf9bbe8aee582aa883afca2f0a2805ad1a1c7431f9
outputs/productos_qgis_anuales_final_18D/rasters_anuales/ssp245/18D_ssp245_2045_estado_p50.tif.aux.xml,463,552f3ab7c7c5f5b35a1fe34a01595ab67d1927988697005e7d568aea2796e9e3
outputs/productos_qgis_anuales_final_18D/rasters_anuales/ssp245/18D_ssp245_2045_nivel_p50_m.tif,29914,baac32afbdfe6f7df06b2b9be1c4bf3f39aaa4650c4a0836b1681a2b8d95435d
outputs/productos_qgis_anuales_final_18D/rasters_anuales/ssp245/18D_ssp245_2045_nivel_p50_m.tif.aux.xml,477,9db90f356845bb777b182cd3d227f5fb05766f0145f944c509337fd867bb8e72
outputs/productos_qgis_anuales_final_18D/rasters_anuales/ssp245/18D_ssp245_2045_robustez_p05_p95.tif,17207,7dc9e2de6060d827d96028a044e343ec4ae0f9af1d81dbfabdf2b411f97e69f8
outputs/productos_qgis_anuales_final_18D/rasters_anuales/ssp245/18D_ssp245_2045_robustez_p05_p95.tif.aux.xml,468,97ef7f3b9b0c294e8c5bb0569533957653c6fd71570828e6dc194917e320d953
outputs/productos_qgis_anuales_final_18D/rasters_anuales/ssp245/18D_ssp245_2046_ancho_incertidumbre_m.tif,29916,225e0d08e811bb263a1ba1d9ad45fa64c123932846cb10f737acf958584b4630
outputs/productos_qgis_anuales_final_18D/rasters_anuales/ssp245/18D_ssp245_2046_ancho_incertidumbre_m.tif.aux.xml,481,0c83ca6b8d73b66e87f25138c81674112af261017cc4e0d9f6598744e777fb1c
outputs/productos_qgis_anuales_final_18D/rasters_anuales/ssp245/18D_ssp245_2046_delta_nivel_vs_2026_m.tif,29914,dd767e22e23270ec0ab72a5c6089d62d370b61c9c5c76428cd5924087ea2b7bb
outputs/productos_qgis_anuales_final_18D/rasters_anuales/ssp245/18D_ssp245_2046_delta_nivel_vs_2026_m.tif.aux.xml,490,f80864614a586cce245fe0c43278992d1bc2314579baa6428be891e92a0d305b
outputs/productos_qgis_anuales_final_18D/rasters_anuales/ssp245/18D_ssp245_2046_estado_p50.tif,17205,0d9d7955b5bb3c71f742617cefeb048b4a74256f559ffd84e3ef966e90c6ba62
outputs/productos_qgis_anuales_final_18D/rasters_anuales/ssp245/18D_ssp245_2046_estado_p50.tif.aux.xml,463,d2c062c7314d5a71fa2ef46216613d1deb484608249d8d9a6a630eda1609e370
outputs/productos_qgis_anuales_final_18D/rasters_anuales/ssp245/18D_ssp245_2046_nivel_p50_m.tif,29916,889dcb0afd61dd9cafb008e241e7102c48e5fd6c6c45cce52892c56177dc72bc
outputs/productos_qgis_anuales_final_18D/rasters_anuales/ssp245/18D_ssp245_2046_nivel_p50_m.tif.aux.xml,477,e57efeec15f024bccc06c3288b6da6dcec511d7678f01b7de47e70b6cf94b514
outputs/productos_qgis_anuales_final_18D/rasters_anuales/ssp245/18D_ssp245_2046_robustez_p05_p95.tif,17543,7383923017f4911ced7fec51a74fde5755d143fed626639251444cd29a8c0804
outputs/productos_qgis_anuales_final_18D/rasters_anuales/ssp245/18D_ssp245_2046_robustez_p05_p95.tif.aux.xml,469,ba0bcfa81c3f3dfb6c3fea3c49e3ae9b98abe26f5d29d835841feb1ff6efb9af
outputs/productos_qgis_anuales_final_18D/rasters_anuales/ssp245/18D_ssp245_2047_ancho_incertidumbre_m.tif,29924,4c2c1b7a19d6acf4340be339c5359f1a3a8d719ad9e2026dbd79820ced4e7282
outputs/productos_qgis_anuales_final_18D/rasters_anuales/ssp245/18D_ssp245_2047_ancho_incertidumbre_m.tif.aux.xml,487,18aaabac21c4646f15a109600aeb4c45c22744a69a3abd58cbeb90b6fb3b6313
outputs/productos_qgis_anuales_final_18D/rasters_anuales/ssp245/18D_ssp245_2047_delta_nivel_vs_2026_m.tif,29932,85681076e61ffb0451e39434e685d553913bb7b17e230761d03284d37bf989f3
outputs/productos_qgis_anuales_final_18D/rasters_anuales/ssp245/18D_ssp245_2047_delta_nivel_vs_2026_m.tif.aux.xml,490,36dbc5499dade5441869e3816614421f24e87e426ed846c7ed5121fb551b229a
outputs/productos_qgis_anuales_final_18D/rasters_anuales/ssp245/18D_ssp245_2047_estado_p50.tif,17207,49256ef33c1cda309b6b69ca8f07e307483fee97e04a90b8517263325c63ebbc
outputs/productos_qgis_anuales_final_18D/rasters_anuales/ssp245/18D_ssp245_2047_estado_p50.tif.aux.xml,463,09147a1b7d4606ec653fa794e93e3878065d7a7cba220f3324a55a0a2eae7bc2
outputs/productos_qgis_anuales_final_18D/rasters_anuales/ssp245/18D_ssp245_2047_nivel_p50_m.tif,29914,6487dad15590611cfef33e9ea55c6380bd5a585f7b8038789a0854be4ac1884a
outputs/productos_qgis_anuales_final_18D/rasters_anuales/ssp245/18D_ssp245_2047_nivel_p50_m.tif.aux.xml,477,ee17e9d59fdda0a5f81d6e3b5807f2df284b3e5b20254d3a4decd07bfa922ed9
outputs/productos_qgis_anuales_final_18D/rasters_anuales/ssp245/18D_ssp245_2047_robustez_p05_p95.tif,17237,f54539f3ebc3717dc721f4694c17f40783e936861a67a63adfc9787a094b22c2
outputs/productos_qgis_anuales_final_18D/rasters_anuales/ssp245/18D_ssp245_2047_robustez_p05_p95.tif.aux.xml,469,1f4fb46fdde33d461f14ede5745dfc009f2c547d5d0ec5b12dd9c2f3886a8887
outputs/productos_qgis_anuales_final_18D/rasters_anuales/ssp245/18D_ssp245_2048_ancho_incertidumbre_m.tif,29924,90988f85235ecddfff0e59409c338ac32b91806898215cd569be60876286adc6
outputs/productos_qgis_anuales_final_18D/rasters_anuales/ssp245/18D_ssp245_2048_ancho_incertidumbre_m.tif.aux.xml,487,0410d0ff872bd44b034ceec410dbbece5498bc428617430f01afead6118a0622
outputs/productos_qgis_anuales_final_18D/rasters_anuales/ssp245/18D_ssp245_2048_delta_nivel_vs_2026_m.tif,29932,76792347ade1ed735ab2ebb10fac1132c4e96217e8fb326d9c46245378d8d39c
outputs/productos_qgis_anuales_final_18D/rasters_anuales/ssp245/18D_ssp245_2048_delta_nivel_vs_2026_m.tif.aux.xml,487,e64e1e0abd9586aea6a5fe0f3aebe28c6cb3b7164df85f3afd13b94d04b7d6b3
outputs/productos_qgis_anuales_final_18D/rasters_anuales/ssp245/18D_ssp245_2048_estado_p50.tif,17207,c049d7b80b70b29bb3740fd58e5deb2d5dbca0a4ec2cc7f229400f705c498241
outputs/productos_qgis_anuales_final_18D/rasters_anuales/ssp245/18D_ssp245_2048_estado_p50.tif.aux.xml,463,49fcfc5d546d6e02355254fa618433ca12c2055078fd4082b24154ef56ab45e7
outputs/productos_qgis_anuales_final_18D/rasters_anuales/ssp245/18D_ssp245_2048_nivel_p50_m.tif,29914,3be70bf2fde32461f37e127d312aa6b9c5c2ac85fc4ca5e4c21290ad3fe69b80
outputs/productos_qgis_anuales_final_18D/rasters_anuales/ssp245/18D_ssp245_2048_nivel_p50_m.tif.aux.xml,477,61ed85e6b8620fe565643a63a44840c2a8c6342541d44788e13c60315df8800f
outputs/productos_qgis_anuales_final_18D/rasters_anuales/ssp245/18D_ssp245_2048_robustez_p05_p95.tif,17237,79fc7a44edca71e6704b79a6ade06a3241981017215c6145373dc6c813951ca8
outputs/productos_qgis_anuales_final_18D/rasters_anuales/ssp245/18D_ssp245_2048_robustez_p05_p95.tif.aux.xml,469,79841481dc22b4eb8b0ac2686ca6e73eb7f5e02565d4f10bec40378f2657ff33
outputs/productos_qgis_anuales_final_18D/rasters_anuales/ssp245/18D_ssp245_2049_ancho_incertidumbre_m.tif,29932,1710f2bbd74ae452c99f9315cefdec3dbdd32872c4e6debf6c9de992b2109f42
outputs/productos_qgis_anuales_final_18D/rasters_anuales/ssp245/18D_ssp245_2049_ancho_incertidumbre_m.tif.aux.xml,487,dbfb7994e1da9b458feebb1bdc92d4f69841f8a63f2c11e340e34f6731e33f43
outputs/productos_qgis_anuales_final_18D/rasters_anuales/ssp245/18D_ssp245_2049_delta_nivel_vs_2026_m.tif,29922,74e4f81c6b9598c525906a7ef32a33d3c0de0b547123102328022c0bdb51e684
outputs/productos_qgis_anuales_final_18D/rasters_anuales/ssp245/18D_ssp245_2049_delta_nivel_vs_2026_m.tif.aux.xml,490,88456b6981cdce330f03098fb56f9821f179e77ee3b0ee6cd295e8c999b110a2
outputs/productos_qgis_anuales_final_18D/rasters_anuales/ssp245/18D_ssp245_2049_estado_p50.tif,17205,aff66f1a9282f10f11d6a830b4eab052001a54ccf49703406760532f054a2133
outputs/productos_qgis_anuales_final_18D/rasters_anuales/ssp245/18D_ssp245_2049_estado_p50.tif.aux.xml,463,ecce5a72a996dc0d156fb407b14c510301afefc630556f5ae92dcad19f910ac9
outputs/productos_qgis_anuales_final_18D/rasters_anuales/ssp245/18D_ssp245_2049_nivel_p50_m.tif,29914,4f77ed02d3abfe303078fada0b114d9d10e2d68b5e2fcfccb42e922b4798addd
outputs/productos_qgis_anuales_final_18D/rasters_anuales/ssp245/18D_ssp245_2049_nivel_p50_m.tif.aux.xml,477,6279139d9dd81004bc4236b01729d9f99755416d67e7224352c36a0d600983b4
outputs/productos_qgis_anuales_final_18D/rasters_anuales/ssp245/18D_ssp245_2049_robustez_p05_p95.tif,17243,dd45e445da05a2b125f6417701a79ef3da62a8908dcf5aa77823584e7c62c7eb
outputs/productos_qgis_anuales_final_18D/rasters_anuales/ssp245/18D_ssp245_2049_robustez_p05_p95.tif.aux.xml,469,511c4ebfbd107a04f9a5a21532d691fb95dd1a30032de167d69886e8ce088bc0
outputs/productos_qgis_anuales_final_18D/rasters_anuales/ssp245/18D_ssp245_2050_ancho_incertidumbre_m.tif,29936,ffc6078e642afbdbd3899bc0683614f5320a9acb4ea2fef0a03c884e000f498a
outputs/productos_qgis_anuales_final_18D/rasters_anuales/ssp245/18D_ssp245_2050_ancho_incertidumbre_m.tif.aux.xml,487,f33e5564e7e39a47471bef6370b93b8c045ce6cb58db35c8a0ffe90c3a84ec5e
outputs/productos_qgis_anuales_final_18D/rasters_anuales/ssp245/18D_ssp245_2050_delta_nivel_vs_2026_m.tif,29910,92f432fc78cbea311e814329a8b25b6a345c226bf11da9055aa4c7f3447739d6
outputs/productos_qgis_anuales_final_18D/rasters_anuales/ssp245/18D_ssp245_2050_delta_nivel_vs_2026_m.tif.aux.xml,490,8f0fc339714b0064c2d8dbb24d0a165222c88c9208aeb48e3d9ec3155e7a9564
outputs/productos_qgis_anuales_final_18D/rasters_anuales/ssp245/18D_ssp245_2050_estado_p50.tif,17205,710ddaeb1a8526ccaccf6c9f6843e4cd50f29f4a61af74d4bbcc6fc70d6699ef
outputs/productos_qgis_anuales_final_18D/rasters_anuales/ssp245/18D_ssp245_2050_estado_p50.tif.aux.xml,463,64a850a4c7905af623b662022797bdaaf3a5b8edc2e94d4dc9100683b36e1587
outputs/productos_qgis_anuales_final_18D/rasters_anuales/ssp245/18D_ssp245_2050_nivel_p50_m.tif,29898,1aa966354941ee34422df033805e1ac7e200a37f7c9eb13bc2cd116c903ed175
outputs/productos_qgis_anuales_final_18D/rasters_anuales/ssp245/18D_ssp245_2050_nivel_p50_m.tif.aux.xml,477,9b10ca53c7d1f20f910514ec5499d2130a9bd4b0c02b493fb3a35156096940a6
outputs/productos_qgis_anuales_final_18D/rasters_anuales/ssp245/18D_ssp245_2050_robustez_p05_p95.tif,17249,6be875e044522d05378d609b92a26cd461bfc911e7d19e35effb91484e2b442f
outputs/productos_qgis_anuales_final_18D/rasters_anuales/ssp245/18D_ssp245_2050_robustez_p05_p95.tif.aux.xml,468,580e38ee26aaa423faefd49e66ae99adfa7d757270aa7cf4b935cd8fef95423f
outputs/productos_qgis_anuales_final_18D/rasters_anuales/ssp585/18D_ssp585_2027_ancho_incertidumbre_m.tif,29898,781f5afc5d501016644634d59153582b0c97db6f152348d2526839a779818758
outputs/productos_qgis_anuales_final_18D/rasters_anuales/ssp585/18D_ssp585_2027_ancho_incertidumbre_m.tif.aux.xml,490,33c83745292731d7a3ca2de8313f9ae423584b4d07e0d496184e50d36ff043a2
outputs/productos_qgis_anuales_final_18D/rasters_anuales/ssp585/18D_ssp585_2027_delta_nivel_vs_2026_m.tif,29926,1cf3d76d392e8cc5547c774dca04604e437263f1dbd2e94f16098d81a2cc6d81
outputs/productos_qgis_anuales_final_18D/rasters_anuales/ssp585/18D_ssp585_2027_delta_nivel_vs_2026_m.tif.aux.xml,487,98e41a2bee2f54131100617137ee9f392645dc015e1c1f628860e01ed7c214c0
outputs/productos_qgis_anuales_final_18D/rasters_anuales/ssp585/18D_ssp585_2027_estado_p50.tif,17207,22cd3a52935a92f245ce3102dc4e424dd5382fe16a97c9e97413eae6402c223d
outputs/productos_qgis_anuales_final_18D/rasters_anuales/ssp585/18D_ssp585_2027_estado_p50.tif.aux.xml,463,497f8765c1525cb5bfe289f8b914529faef2ee31305b987996629739c257f650
outputs/productos_qgis_anuales_final_18D/rasters_anuales/ssp585/18D_ssp585_2027_nivel_p50_m.tif,29906,ea4fd385910febcf7b8c73d960fd66a840735e4a963913000379f9f7a89af1bc
outputs/productos_qgis_anuales_final_18D/rasters_anuales/ssp585/18D_ssp585_2027_nivel_p50_m.tif.aux.xml,477,9f8e6112ac44a553ce740e60330279c0b7e8256f1e7f107f98e3d1c1cac75936
outputs/productos_qgis_anuales_final_18D/rasters_anuales/ssp585/18D_ssp585_2027_robustez_p05_p95.tif,17201,a5fb2e2ae5e13b5697bd967839aa6deb7dfdd1cb04c7a4010e0d4743405818d7
outputs/productos_qgis_anuales_final_18D/rasters_anuales/ssp585/18D_ssp585_2027_robustez_p05_p95.tif.aux.xml,468,97f5e9b9331695dd153a6d7df50ccbb9e4d12146b13458cc357cd4a5b1da0d19
outputs/productos_qgis_anuales_final_18D/rasters_anuales/ssp585/18D_ssp585_2028_ancho_incertidumbre_m.tif,29914,4d8b1559e6cdd8e98015617456989da7b2b0dfae0f2b7e852867ff41b94c5dc9
outputs/productos_qgis_anuales_final_18D/rasters_anuales/ssp585/18D_ssp585_2028_ancho_incertidumbre_m.tif.aux.xml,487,898577839ecd1745d3beb710be1516e9b1a8c3c72a275328882e94f3e1a7475e
outputs/productos_qgis_anuales_final_18D/rasters_anuales/ssp585/18D_ssp585_2028_delta_nivel_vs_2026_m.tif,29924,b0deef1bebe7b59c77c17e45811a77c80ffce70659a63545c6c915efed628714
outputs/productos_qgis_anuales_final_18D/rasters_anuales/ssp585/18D_ssp585_2028_delta_nivel_vs_2026_m.tif.aux.xml,490,b617806c614a0a321f19a4b9cf9a153c96ff10e92eacf3a37916f6bea70cf7af
outputs/productos_qgis_anuales_final_18D/rasters_anuales/ssp585/18D_ssp585_2028_estado_p50.tif,17207,bc7d5447f49b76652ae1922dbf60b0d8a2ae4ad717004e55fec7df2b11a2eedc
outputs/productos_qgis_anuales_final_18D/rasters_anuales/ssp585/18D_ssp585_2028_estado_p50.tif.aux.xml,462,b7a5164ce4dd6ee9e6c13352da96c839ca06776ac7e8c0c0b4d59694ee4eb9ba
outputs/productos_qgis_anuales_final_18D/rasters_anuales/ssp585/18D_ssp585_2028_nivel_p50_m.tif,29916,36c3d30add26977ccd19caf3d103e2007a6f3f8773bdea078d96ed5855cd3341
outputs/productos_qgis_anuales_final_18D/rasters_anuales/ssp585/18D_ssp585_2028_nivel_p50_m.tif.aux.xml,477,859c3b6457af64ef423990df7c2df70f113cd2d446faafcfca94dc5897f312dc
outputs/productos_qgis_anuales_final_18D/rasters_anuales/ssp585/18D_ssp585_2028_robustez_p05_p95.tif,17215,72ba5b1f2bc32a48a52b4e83927aba86cc7825f751e9da70fa07d5de9b36dd4d
outputs/productos_qgis_anuales_final_18D/rasters_anuales/ssp585/18D_ssp585_2028_robustez_p05_p95.tif.aux.xml,469,a522518c4ce7d95f8bf57969b78a8a6558a71aae60db64ab5dc077da3ae6ebe7
outputs/productos_qgis_anuales_final_18D/rasters_anuales/ssp585/18D_ssp585_2029_ancho_incertidumbre_m.tif,29920,70c27eb50395b5c9df647e5f2626aeb0d52b9520ee2a19c8613e3ae8f192d4c2
outputs/productos_qgis_anuales_final_18D/rasters_anuales/ssp585/18D_ssp585_2029_ancho_incertidumbre_m.tif.aux.xml,487,35a61c6f1384e6690e201ba6533c2eacdab28da91bd7ce1615d042a96cfdc16f
outputs/productos_qgis_anuales_final_18D/rasters_anuales/ssp585/18D_ssp585_2029_delta_nivel_vs_2026_m.tif,29936,744d70a8902b3757e82ea5dd517ea37af8b860842c217e3682fc532fefcf7b7e
outputs/productos_qgis_anuales_final_18D/rasters_anuales/ssp585/18D_ssp585_2029_delta_nivel_vs_2026_m.tif.aux.xml,493,2b3294883a8bbedab813c37006849ac9e3771fed121d6b562eba006c12479df2
outputs/productos_qgis_anuales_final_18D/rasters_anuales/ssp585/18D_ssp585_2029_estado_p50.tif,17207,7ad08005f24d873b98429c5518ccc25903d1dc7fae007c161e723f4f175c00ac
outputs/productos_qgis_anuales_final_18D/rasters_anuales/ssp585/18D_ssp585_2029_estado_p50.tif.aux.xml,463,19c1fc033ca5cae5afa03022e18491548d461b4f207904bb5ba455be120b9006
outputs/productos_qgis_anuales_final_18D/rasters_anuales/ssp585/18D_ssp585_2029_nivel_p50_m.tif,29916,3326309d41ab66129e3c4ab433d3ae70117d550ce6ed5222eb359b8d33359b0d
outputs/productos_qgis_anuales_final_18D/rasters_anuales/ssp585/18D_ssp585_2029_nivel_p50_m.tif.aux.xml,477,6571c1bf54f66903ea9ea46df0ef3297c13ce28a7de62e971fa03609d4c6f646
outputs/productos_qgis_anuales_final_18D/rasters_anuales/ssp585/18D_ssp585_2029_robustez_p05_p95.tif,17217,a8b11e36b238ab8863fba55463992c3e5cbdbc9bc4a3b065a43702a863a0214e
outputs/productos_qgis_anuales_final_18D/rasters_anuales/ssp585/18D_ssp585_2029_robustez_p05_p95.tif.aux.xml,469,e790955a5f446b9140bffc1ce380f49c9782f5449303c7ff5c428206202a18be
outputs/productos_qgis_anuales_final_18D/rasters_anuales/ssp585/18D_ssp585_2030_ancho_incertidumbre_m.tif,29914,d785310c18c412ea4cdc8c83b482ef67482672e7c0fe326adbbd79f73250fbcb
outputs/productos_qgis_anuales_final_18D/rasters_anuales/ssp585/18D_ssp585_2030_ancho_incertidumbre_m.tif.aux.xml,487,93b7356608e35c685fd03776a05c325b476d8e9233a204d7de699aebbef5c389
outputs/productos_qgis_anuales_final_18D/rasters_anuales/ssp585/18D_ssp585_2030_delta_nivel_vs_2026_m.tif,29926,63a4030ce8b07a4dd3d65733da15115d600e99ade1877d597006a3a2bc4d79e8
outputs/productos_qgis_anuales_final_18D/rasters_anuales/ssp585/18D_ssp585_2030_delta_nivel_vs_2026_m.tif.aux.xml,493,eb8fa8a2b88ca02b4f239c9a2b7c5b8e54cf2adaa35a5f6efc3fc1f2a776b554
outputs/productos_qgis_anuales_final_18D/rasters_anuales/ssp585/18D_ssp585_2030_estado_p50.tif,17207,e38d53a6ca3fe80d83f8e326016fbdc48eacb7327ff5131b3a7f096facfbd397
outputs/productos_qgis_anuales_final_18D/rasters_anuales/ssp585/18D_ssp585_2030_estado_p50.tif.aux.xml,463,f8a5b9c75be925c9d8da54d7232b1180c613ed8dff9d8b976f3b6f5cc52b87fc
outputs/productos_qgis_anuales_final_18D/rasters_anuales/ssp585/18D_ssp585_2030_nivel_p50_m.tif,29914,f5c04ae04e41b862fd2e9f45d1cf257326795c0a8eeeb54263811c20c83391a3
outputs/productos_qgis_anuales_final_18D/rasters_anuales/ssp585/18D_ssp585_2030_nivel_p50_m.tif.aux.xml,477,5861cd2dcde354ad0f18429ece5120ae3b06f39bc8c351bd5bdc9ff9ee4fbe63
outputs/productos_qgis_anuales_final_18D/rasters_anuales/ssp585/18D_ssp585_2030_robustez_p05_p95.tif,17211,72d7e791852eb04607db13cb9cc9589211260fa2e58caaf6493203373cb50a6c
outputs/productos_qgis_anuales_final_18D/rasters_anuales/ssp585/18D_ssp585_2030_robustez_p05_p95.tif.aux.xml,468,f104a8eac8db6d4c24d2dc9ed0ad3c6a3208eb9614f7add9948171980717b7b8
outputs/productos_qgis_anuales_final_18D/rasters_anuales/ssp585/18D_ssp585_2031_ancho_incertidumbre_m.tif,29932,d6668ea6e28ae59794f61cf341dea34651315e902535e0a7a2976275c274a0e4
outputs/productos_qgis_anuales_final_18D/rasters_anuales/ssp585/18D_ssp585_2031_ancho_incertidumbre_m.tif.aux.xml,487,107d77061cf0f28ce41b1ebe2145c5fb1e11db87946950b2abf25335aeab80b7
outputs/productos_qgis_anuales_final_18D/rasters_anuales/ssp585/18D_ssp585_2031_delta_nivel_vs_2026_m.tif,29928,a03f7419ab2ce023f1330f246658e04f04de94637fc3de9bb43eb114a0bd8d90
outputs/productos_qgis_anuales_final_18D/rasters_anuales/ssp585/18D_ssp585_2031_delta_nivel_vs_2026_m.tif.aux.xml,493,9280b4eb1702ac2cb22394ee02782f6f5c326c05a60b8ea0bbf085d940032612
outputs/productos_qgis_anuales_final_18D/rasters_anuales/ssp585/18D_ssp585_2031_estado_p50.tif,17217,65707a6cef1d29458ea8d930fd5e46cbc0bbcada6cd2650b30a98ed27eef1635
outputs/productos_qgis_anuales_final_18D/rasters_anuales/ssp585/18D_ssp585_2031_estado_p50.tif.aux.xml,463,dcd6dfeea27e0ebffb61d056a5791365b622cf21443cc498f1e5c891097898ed
outputs/productos_qgis_anuales_final_18D/rasters_anuales/ssp585/18D_ssp585_2031_nivel_p50_m.tif,29900,61bff8a5cb93da59e3167be3cd3b131bc6906855da55c130ebaec0693a37c83f
outputs/productos_qgis_anuales_final_18D/rasters_anuales/ssp585/18D_ssp585_2031_nivel_p50_m.tif.aux.xml,477,13b3a57aff1e535e20ab38743183a784aa26944fa5edd33aa8a8cf1144dcf00d
outputs/productos_qgis_anuales_final_18D/rasters_anuales/ssp585/18D_ssp585_2031_robustez_p05_p95.tif,17211,f51512c7e2cba0695a340fafd217ddeb1569f2392307fe25a40d7dde91b2e246
outputs/productos_qgis_anuales_final_18D/rasters_anuales/ssp585/18D_ssp585_2031_robustez_p05_p95.tif.aux.xml,469,f542ab6e5936db65178afe73e422eed61f3b7efa300f7cae9f04aa53d93edc1c
outputs/productos_qgis_anuales_final_18D/rasters_anuales/ssp585/18D_ssp585_2032_ancho_incertidumbre_m.tif,29936,d0f7d2bfc871bbd159d01870601ab08e50810785aba3f7e9d15c9113ace5e7e9
outputs/productos_qgis_anuales_final_18D/rasters_anuales/ssp585/18D_ssp585_2032_ancho_incertidumbre_m.tif.aux.xml,487,f8fb75e32a78745d5cd1e398de13a237e71547ebc83a1483f221662e63f7d54f
outputs/productos_qgis_anuales_final_18D/rasters_anuales/ssp585/18D_ssp585_2032_delta_nivel_vs_2026_m.tif,29908,93af2efc47afc4d81707a8c0f8e8aa5a5e8682838574dc8f68b626e0f2845861
outputs/productos_qgis_anuales_final_18D/rasters_anuales/ssp585/18D_ssp585_2032_delta_nivel_vs_2026_m.tif.aux.xml,487,a83b06c87983cd38d85ed5175da9aa8829f9f67a190f3d899e9f6ac0c8e6a752
outputs/productos_qgis_anuales_final_18D/rasters_anuales/ssp585/18D_ssp585_2032_estado_p50.tif,17217,545292e640b451da032b8438f98f3b8674cdb1fcc5ae0074357fe2fe173f45e9
outputs/productos_qgis_anuales_final_18D/rasters_anuales/ssp585/18D_ssp585_2032_estado_p50.tif.aux.xml,463,dff91419e58c856c41cedb39961839cb7268e19973f881d14c22f5d283678fbf
outputs/productos_qgis_anuales_final_18D/rasters_anuales/ssp585/18D_ssp585_2032_nivel_p50_m.tif,29904,e180b47b7adca8848cca2f2b59a36b301ac61e27c4b8d0d0459bb991eef44ad4
outputs/productos_qgis_anuales_final_18D/rasters_anuales/ssp585/18D_ssp585_2032_nivel_p50_m.tif.aux.xml,471,169fa3e95cde66000364c11b53f97032ade9442ad5fe81f43f4b3b5261f852ce
outputs/productos_qgis_anuales_final_18D/rasters_anuales/ssp585/18D_ssp585_2032_robustez_p05_p95.tif,17207,be739854616e6bfee7e3fb72c22604276091e80d74eadfdb95378eea88e4e2f1
outputs/productos_qgis_anuales_final_18D/rasters_anuales/ssp585/18D_ssp585_2032_robustez_p05_p95.tif.aux.xml,469,4f2e5df6922452c57afada072a8f2a4dcad1ec71dbb1a570978bdd37ceff9519
outputs/productos_qgis_anuales_final_18D/rasters_anuales/ssp585/18D_ssp585_2033_ancho_incertidumbre_m.tif,29924,99888f9b1f534e01f6c5e71579fba8aa3ab0c7664906281739e0839adfc664d8
outputs/productos_qgis_anuales_final_18D/rasters_anuales/ssp585/18D_ssp585_2033_ancho_incertidumbre_m.tif.aux.xml,484,627f7da32d5f2ae0cb8bc7cd2adc24bd0b802d3656b2595fb64c02388e4e4dcc
outputs/productos_qgis_anuales_final_18D/rasters_anuales/ssp585/18D_ssp585_2033_delta_nivel_vs_2026_m.tif,29914,455dd8d28719e7aa8f6306ed46c2a29df5146da32fef6c1909649089c45fd477
outputs/productos_qgis_anuales_final_18D/rasters_anuales/ssp585/18D_ssp585_2033_delta_nivel_vs_2026_m.tif.aux.xml,493,4a765703865a15aa29c58617e4210c234e645c86b2d74142e59abf0ca6808699
outputs/productos_qgis_anuales_final_18D/rasters_anuales/ssp585/18D_ssp585_2033_estado_p50.tif,17217,48e0f677d09872c7f46f635ea7e93161812d3fa1e9657e9539146f631ce704c3
outputs/productos_qgis_anuales_final_18D/rasters_anuales/ssp585/18D_ssp585_2033_estado_p50.tif.aux.xml,463,73153f618e7c9d02a521ae9e6242a7e35caa7a424551c11325a5fea260d9f3ff
outputs/productos_qgis_anuales_final_18D/rasters_anuales/ssp585/18D_ssp585_2033_nivel_p50_m.tif,29914,87b6d99ab39224131d30bae471810c50abde6294c03cc2da84693f61f5d5a7ba
outputs/productos_qgis_anuales_final_18D/rasters_anuales/ssp585/18D_ssp585_2033_nivel_p50_m.tif.aux.xml,471,29949bc20fb379280ed183bc9ae04654971207673f9a2759f50d97132326f3e2
outputs/productos_qgis_anuales_final_18D/rasters_anuales/ssp585/18D_ssp585_2033_robustez_p05_p95.tif,17211,51042dd41b1706b913cef983ede35381897f304f077768c2b0706196094f5a30
outputs/productos_qgis_anuales_final_18D/rasters_anuales/ssp585/18D_ssp585_2033_robustez_p05_p95.tif.aux.xml,469,77a41dbf4ef41272f25d081e044e02d7345800bf029a07d7cd0aff17bb1137f9
outputs/productos_qgis_anuales_final_18D/rasters_anuales/ssp585/18D_ssp585_2034_ancho_incertidumbre_m.tif,29924,e9ef6b43cec9438b7c6a729388ccafe495f7eb1779149748273bea9db5dc599a
outputs/productos_qgis_anuales_final_18D/rasters_anuales/ssp585/18D_ssp585_2034_ancho_incertidumbre_m.tif.aux.xml,487,6bb2e37bcd1cd84606e9857d6917bb3278db897c4c713bc536d47a73be7e5842
outputs/productos_qgis_anuales_final_18D/rasters_anuales/ssp585/18D_ssp585_2034_delta_nivel_vs_2026_m.tif,29924,2ee87ce6a3f6faa177e87199bd9ee6cef676e74a9973066c10dc64cc250ed372
outputs/productos_qgis_anuales_final_18D/rasters_anuales/ssp585/18D_ssp585_2034_delta_nivel_vs_2026_m.tif.aux.xml,490,5b76b7b26727ca22c7360686702e2f59ef249991cee55e553c61770a3b2b03ff
outputs/productos_qgis_anuales_final_18D/rasters_anuales/ssp585/18D_ssp585_2034_estado_p50.tif,17215,9431e25be9d2e08e653ba5fd10a028b579cb96815c9841a96c1b9c3af82581e8
outputs/productos_qgis_anuales_final_18D/rasters_anuales/ssp585/18D_ssp585_2034_estado_p50.tif.aux.xml,463,aa8c5e750904301a468e8eee8c7931513ac079adbcf09e91a95fce57d6f0b63a
outputs/productos_qgis_anuales_final_18D/rasters_anuales/ssp585/18D_ssp585_2034_nivel_p50_m.tif,29922,84fcdcc45d149fe874b9f32d161af34fc42da3c6b248828900a739643289a748
outputs/productos_qgis_anuales_final_18D/rasters_anuales/ssp585/18D_ssp585_2034_nivel_p50_m.tif.aux.xml,474,03a7880e6dcf0323e49f3ef9dd03e24f0174103b11c08348733f4e62b6bdd542
outputs/productos_qgis_anuales_final_18D/rasters_anuales/ssp585/18D_ssp585_2034_robustez_p05_p95.tif,17207,290eda82d77d2fdc8fda12cd4a0c3d0f24a0d5e35816ea4b86a3e283ae8bd4cc
outputs/productos_qgis_anuales_final_18D/rasters_anuales/ssp585/18D_ssp585_2034_robustez_p05_p95.tif.aux.xml,469,28fc0a27120de3ef0babd002d496218b5cdbe6af765a766d871429860a980fa3
outputs/productos_qgis_anuales_final_18D/rasters_anuales/ssp585/18D_ssp585_2035_ancho_incertidumbre_m.tif,29936,36bb087d6cc45e7530107adddb9794dca0be83ac66f80616f147c7a1ee1ad012
outputs/productos_qgis_anuales_final_18D/rasters_anuales/ssp585/18D_ssp585_2035_ancho_incertidumbre_m.tif.aux.xml,487,8df5a7974b1728eff566d9d00a40e29ba9d9c640877554bab9466420dfd1bec4
outputs/productos_qgis_anuales_final_18D/rasters_anuales/ssp585/18D_ssp585_2035_delta_nivel_vs_2026_m.tif,29914,934214982b8f840927ad397c1ae0f78766cb0a2c7cd2e82d351a05a8bec249b7
outputs/productos_qgis_anuales_final_18D/rasters_anuales/ssp585/18D_ssp585_2035_delta_nivel_vs_2026_m.tif.aux.xml,490,b0024f9c3fa58cdfb10449c27025b3fcd199a4a3b36b7dfac63d8cd1a96f88db
outputs/productos_qgis_anuales_final_18D/rasters_anuales/ssp585/18D_ssp585_2035_estado_p50.tif,17213,5aa6eecaf912fdcabd6ae7f3f6e1c43d167c5dbd34800cd4ac83c95b3aeb5347
outputs/productos_qgis_anuales_final_18D/rasters_anuales/ssp585/18D_ssp585_2035_estado_p50.tif.aux.xml,463,32ceda19f918fcb56c95d2298a2582d7510460d018447a4cb3fc5f059ed8e32a
outputs/productos_qgis_anuales_final_18D/rasters_anuales/ssp585/18D_ssp585_2035_nivel_p50_m.tif,29922,cb7a75b0b2955f164159664fdfb6be070cc889874e17093b6185a0487b832bb9
outputs/productos_qgis_anuales_final_18D/rasters_anuales/ssp585/18D_ssp585_2035_nivel_p50_m.tif.aux.xml,477,6330f8c685799222978f0c00968c956348e7c98173440bbf6ce854ac447c7c82
outputs/productos_qgis_anuales_final_18D/rasters_anuales/ssp585/18D_ssp585_2035_robustez_p05_p95.tif,17209,005c015fdafa158adaf2e98df8dfb1c2048a9bb9d5f7d49d5dfe9f8bf5826afa
outputs/productos_qgis_anuales_final_18D/rasters_anuales/ssp585/18D_ssp585_2035_robustez_p05_p95.tif.aux.xml,469,917050388f83d144e476d80a1d1cce6ef406cb7de29bd2fd9c0648b6b698f150
outputs/productos_qgis_anuales_final_18D/rasters_anuales/ssp585/18D_ssp585_2036_ancho_incertidumbre_m.tif,29936,14f50bd6d55f558aba16539a7ec8ce6c0e2f3c685518e633842365f3ebbc3459
outputs/productos_qgis_anuales_final_18D/rasters_anuales/ssp585/18D_ssp585_2036_ancho_incertidumbre_m.tif.aux.xml,487,1d7747744b242657270f122942bf202cf281ae3661c6f5bea8cc0e8c0c35fd69
outputs/productos_qgis_anuales_final_18D/rasters_anuales/ssp585/18D_ssp585_2036_delta_nivel_vs_2026_m.tif,29914,f3b868a83be23279f9f7a78c5661ee652c9c75b8292df643dd47295989f98357
outputs/productos_qgis_anuales_final_18D/rasters_anuales/ssp585/18D_ssp585_2036_delta_nivel_vs_2026_m.tif.aux.xml,490,4d7204266381efdef19e64955d9e972d05fea5c452aebb40f8ca4a93ac4546dd
outputs/productos_qgis_anuales_final_18D/rasters_anuales/ssp585/18D_ssp585_2036_estado_p50.tif,17213,6eff6246e5922269c4af08c526795ba0535793d6c55d4b6b1be08a07aecc76a7
outputs/productos_qgis_anuales_final_18D/rasters_anuales/ssp585/18D_ssp585_2036_estado_p50.tif.aux.xml,463,7bebaf15f025880fd32cdd0e85e2be699be5abe2713de9b09a94fc7883e2d459
outputs/productos_qgis_anuales_final_18D/rasters_anuales/ssp585/18D_ssp585_2036_nivel_p50_m.tif,29922,0590a28ee6e80aa8326b8596d6f7d4a92ed97d6853e2a41d4e706130bc53dc7e
outputs/productos_qgis_anuales_final_18D/rasters_anuales/ssp585/18D_ssp585_2036_nivel_p50_m.tif.aux.xml,477,f71aca2c1628e6cc1b08dfc4ac7b7e0764bf24a459165859961c31161ad67087
outputs/productos_qgis_anuales_final_18D/rasters_anuales/ssp585/18D_ssp585_2036_robustez_p05_p95.tif,17217,a78eb2705486af345ef34e5d5ce9a32bdd3e57153e69eb53d2689fa58e532af2
outputs/productos_qgis_anuales_final_18D/rasters_anuales/ssp585/18D_ssp585_2036_robustez_p05_p95.tif.aux.xml,469,212dbda7e398869b0d837a01ac3efcd0d4228851f4b7bc9f53aa09e8941ce41f
outputs/productos_qgis_anuales_final_18D/rasters_anuales/ssp585/18D_ssp585_2037_ancho_incertidumbre_m.tif,29936,890be4d0d69f6bf93ae571be0d6519c01d90b1a46c234ceaa9f187b67901279b
outputs/productos_qgis_anuales_final_18D/rasters_anuales/ssp585/18D_ssp585_2037_ancho_incertidumbre_m.tif.aux.xml,487,6d20fad2381eb3132c6029b112a649fa4f62ada69dc5fa06322eba281e7812df
outputs/productos_qgis_anuales_final_18D/rasters_anuales/ssp585/18D_ssp585_2037_delta_nivel_vs_2026_m.tif,29926,3d1348ee2f0bbfc4a3bb0dd0694b1963e7c6405eceb44cbe31f5c8a199037d68
outputs/productos_qgis_anuales_final_18D/rasters_anuales/ssp585/18D_ssp585_2037_delta_nivel_vs_2026_m.tif.aux.xml,490,1f728b15378a91c064d31f8338af253ffc8f4142b6c598b38042ee214c2a1317
outputs/productos_qgis_anuales_final_18D/rasters_anuales/ssp585/18D_ssp585_2037_estado_p50.tif,17217,7e979aede2057c44b24b862a96ce91f20c58d30c5987d7cb12886fa5baedd551
outputs/productos_qgis_anuales_final_18D/rasters_anuales/ssp585/18D_ssp585_2037_estado_p50.tif.aux.xml,463,6900ac5bd20910b3d2e6ef7b8956b5573729d46b8d74abb40065dbef22d1a2ce
outputs/productos_qgis_anuales_final_18D/rasters_anuales/ssp585/18D_ssp585_2037_nivel_p50_m.tif,29922,5ccb6becc8f1137e216e85e0ee51c9ef7a3b4d813a87fc529932fe095aac9637
outputs/productos_qgis_anuales_final_18D/rasters_anuales/ssp585/18D_ssp585_2037_nivel_p50_m.tif.aux.xml,477,8bfdba2b3dad55d4e3c5159c70028d5a2b84f7092cf48a95e37e1e57d08bec15
outputs/productos_qgis_anuales_final_18D/rasters_anuales/ssp585/18D_ssp585_2037_robustez_p05_p95.tif,17213,61aeb5eb127e477205427d607c8f3fcabc4dee69bd885c7fdde64978adf52f94
outputs/productos_qgis_anuales_final_18D/rasters_anuales/ssp585/18D_ssp585_2037_robustez_p05_p95.tif.aux.xml,469,36b8b3fba13c1b36cdad0903327f278e3d36a32878972abca78132a3a7c5bf92
outputs/productos_qgis_anuales_final_18D/rasters_anuales/ssp585/18D_ssp585_2038_ancho_incertidumbre_m.tif,29932,7149cc59d249af341d8683f3753f46bff4ac5de5de308376770b49dfee31d1f3
outputs/productos_qgis_anuales_final_18D/rasters_anuales/ssp585/18D_ssp585_2038_ancho_incertidumbre_m.tif.aux.xml,484,310510359d07367715c73927fdcef213d5aa8b75d1f97b2cc6e75779b0cda2c6
outputs/productos_qgis_anuales_final_18D/rasters_anuales/ssp585/18D_ssp585_2038_delta_nivel_vs_2026_m.tif,29932,0ff6dd3dd510a92f25979dfdda75eb7f3b9029f82800f511404aa5c13f722abf
outputs/productos_qgis_anuales_final_18D/rasters_anuales/ssp585/18D_ssp585_2038_delta_nivel_vs_2026_m.tif.aux.xml,484,76a687bed54b5fa27d0fd24d459154066fbbba030683bf8728add06d7b477865
outputs/productos_qgis_anuales_final_18D/rasters_anuales/ssp585/18D_ssp585_2038_estado_p50.tif,17211,ff47dad108d2a90530cb7bf9be870b37141a9e4543a12f514c2133f217573198
outputs/productos_qgis_anuales_final_18D/rasters_anuales/ssp585/18D_ssp585_2038_estado_p50.tif.aux.xml,463,85bf9e4a89a2d32d71637c171b3db5041a8fd1a0c58933e560143bd68b16d376
outputs/productos_qgis_anuales_final_18D/rasters_anuales/ssp585/18D_ssp585_2038_nivel_p50_m.tif,29914,a5b373817132736ef4d510d4de3b7ae396cdf36e73afb73b9c32180181f21a62
outputs/productos_qgis_anuales_final_18D/rasters_anuales/ssp585/18D_ssp585_2038_nivel_p50_m.tif.aux.xml,477,0d30bd15bec0295454410e616c535b18561fc5c5ce5636af15d1758edbedd162
outputs/productos_qgis_anuales_final_18D/rasters_anuales/ssp585/18D_ssp585_2038_robustez_p05_p95.tif,17215,a42a6eb93e9f0ec2682c3cd22c48dfbb9ebd375af1cbe45d7e7832ee0876368e
outputs/productos_qgis_anuales_final_18D/rasters_anuales/ssp585/18D_ssp585_2038_robustez_p05_p95.tif.aux.xml,469,5cd46a1baae85fbcbd402d6aa8518dc8b8cff4e67413ad7e4406e7b276747f7e
outputs/productos_qgis_anuales_final_18D/rasters_anuales/ssp585/18D_ssp585_2039_ancho_incertidumbre_m.tif,29916,d16fe2f7c3af7bafaef125579e9a844af1a633f3795077dec899b0478b8ca954
outputs/productos_qgis_anuales_final_18D/rasters_anuales/ssp585/18D_ssp585_2039_ancho_incertidumbre_m.tif.aux.xml,487,787d8d95ae18a69f17ea06de0715e069832a7cc2a9ffab4546ed55491708084e
outputs/productos_qgis_anuales_final_18D/rasters_anuales/ssp585/18D_ssp585_2039_delta_nivel_vs_2026_m.tif,29926,51058198c2da29ed28fa29069f7e6233d880fa88492e2de16648b8b7808744d5
outputs/productos_qgis_anuales_final_18D/rasters_anuales/ssp585/18D_ssp585_2039_delta_nivel_vs_2026_m.tif.aux.xml,490,51addc570cc108f17db75efa3a83529df9ffde589a0aca43f3d69d202ae84337
outputs/productos_qgis_anuales_final_18D/rasters_anuales/ssp585/18D_ssp585_2039_estado_p50.tif,17201,11e2c5fdf60384bd46c97e20850f7ca1bf4af28168fa0655d152d2d750cc7b0b
outputs/productos_qgis_anuales_final_18D/rasters_anuales/ssp585/18D_ssp585_2039_estado_p50.tif.aux.xml,463,c4442b493a5f638a07c638fbcadc9f70b62e271ea41ae79a1ebe0c9b3c4cd75e
outputs/productos_qgis_anuales_final_18D/rasters_anuales/ssp585/18D_ssp585_2039_nivel_p50_m.tif,29922,076412cadc358509d95e32e1fd4c02d7286332d33f1da7f4adaa0ebc1dfb5bbe
outputs/productos_qgis_anuales_final_18D/rasters_anuales/ssp585/18D_ssp585_2039_nivel_p50_m.tif.aux.xml,477,1f1914b856336d78dbb009cdb0ae6cbe0a27c13cd3116d4033c2dccec6839db2
outputs/productos_qgis_anuales_final_18D/rasters_anuales/ssp585/18D_ssp585_2039_robustez_p05_p95.tif,17209,81ba80f9020a77267a0e97958e52771f3179cca20f3092eeff9c8c45318ccd65
outputs/productos_qgis_anuales_final_18D/rasters_anuales/ssp585/18D_ssp585_2039_robustez_p05_p95.tif.aux.xml,469,76b6863c9124a560c4b8a155f4cf9de80eee9a7e7f04a7f794d1faae4cac93e2
outputs/productos_qgis_anuales_final_18D/rasters_anuales/ssp585/18D_ssp585_2040_ancho_incertidumbre_m.tif,29908,15a65561cc1a6f7d8bf96ace4f2d0e1a2ec2f28ce74d7883d41a1ba5831ae95c
outputs/productos_qgis_anuales_final_18D/rasters_anuales/ssp585/18D_ssp585_2040_ancho_incertidumbre_m.tif.aux.xml,487,eafcfd3868d34e8cd5417a3e767172cd225f82815a0cdc8d9a632d7c76867805
outputs/productos_qgis_anuales_final_18D/rasters_anuales/ssp585/18D_ssp585_2040_delta_nivel_vs_2026_m.tif,29932,6ff79b92e94ba0a8027070529c095441d18ebe02d12650833504f93587f470be
outputs/productos_qgis_anuales_final_18D/rasters_anuales/ssp585/18D_ssp585_2040_delta_nivel_vs_2026_m.tif.aux.xml,490,0b7cd2843482aa445908a6f409d791558a69f7047e073588c2410743e022db7b
outputs/productos_qgis_anuales_final_18D/rasters_anuales/ssp585/18D_ssp585_2040_estado_p50.tif,17205,df2a7909f0b793c09861d60440c88ee26903cfe25e6fbd2b7bc3a123b5e502d2
outputs/productos_qgis_anuales_final_18D/rasters_anuales/ssp585/18D_ssp585_2040_estado_p50.tif.aux.xml,463,cdbfed1facd062192e26383565c8740b9d747653bff6edbc262d913bbf1fc168
outputs/productos_qgis_anuales_final_18D/rasters_anuales/ssp585/18D_ssp585_2040_nivel_p50_m.tif,29922,6abdb4a0cec7457673de25fbfcdaccf848018ec8d61339a85de548e9502d36c8
outputs/productos_qgis_anuales_final_18D/rasters_anuales/ssp585/18D_ssp585_2040_nivel_p50_m.tif.aux.xml,477,d13749abcfb33093eb231f609946737c238de20b56ee13603ad2b675db376b3e
outputs/productos_qgis_anuales_final_18D/rasters_anuales/ssp585/18D_ssp585_2040_robustez_p05_p95.tif,17211,c9c6397719083d2c7d16cd26f3d2edf10a91f28a676cfda78b71cd477ef34f1a
outputs/productos_qgis_anuales_final_18D/rasters_anuales/ssp585/18D_ssp585_2040_robustez_p05_p95.tif.aux.xml,469,93e7ec9dde8553a3b30d0bd324df2858e09c1f1b7ef80a3d0caddf8e8d91b161
outputs/productos_qgis_anuales_final_18D/rasters_anuales/ssp585/18D_ssp585_2041_ancho_incertidumbre_m.tif,29932,c278de3340fc05dbfcef683196b1cf351daa48fb4bf7760e90e354cc280dfb94
outputs/productos_qgis_anuales_final_18D/rasters_anuales/ssp585/18D_ssp585_2041_ancho_incertidumbre_m.tif.aux.xml,487,e7f7a950b31236840c92d436589c0d8ca9842f05edf5fea57cb4119f5814626c
outputs/productos_qgis_anuales_final_18D/rasters_anuales/ssp585/18D_ssp585_2041_delta_nivel_vs_2026_m.tif,29914,11513abf3d68c5661be41f64d2ba980d3188323156be9393ab60cfc3ce2719b0
outputs/productos_qgis_anuales_final_18D/rasters_anuales/ssp585/18D_ssp585_2041_delta_nivel_vs_2026_m.tif.aux.xml,490,b733bae8cf588560b99a5464b5b1b58d986212ccf2d0fc5de562e4db874f8c28
outputs/productos_qgis_anuales_final_18D/rasters_anuales/ssp585/18D_ssp585_2041_estado_p50.tif,17205,29985eae4575bac61a27a1b6cf363cf31d8992b4617e05fa372c3ed5c3e6a927
outputs/productos_qgis_anuales_final_18D/rasters_anuales/ssp585/18D_ssp585_2041_estado_p50.tif.aux.xml,463,21bfc232368509274197d62a329ae4161be2acd6911b9d834f6a03109e6e47d9
outputs/productos_qgis_anuales_final_18D/rasters_anuales/ssp585/18D_ssp585_2041_nivel_p50_m.tif,29922,54397a2bb0dbe908d550e6d9af63a5392a1a08964106de1de1dc2895644d45ac
outputs/productos_qgis_anuales_final_18D/rasters_anuales/ssp585/18D_ssp585_2041_nivel_p50_m.tif.aux.xml,477,75301cd4458023776637af53d7ccb9ca3d2bf30fbd1d8d2a70379f51a1eb532f
outputs/productos_qgis_anuales_final_18D/rasters_anuales/ssp585/18D_ssp585_2041_robustez_p05_p95.tif,17545,e62707cb909e6fead27077efcd1915466eb07019dd811c66b1527f132e8270ec
outputs/productos_qgis_anuales_final_18D/rasters_anuales/ssp585/18D_ssp585_2041_robustez_p05_p95.tif.aux.xml,469,659c53bafa099525dc188a54a51684585246441dc287e26cd002e8787d75b9e3
outputs/productos_qgis_anuales_final_18D/rasters_anuales/ssp585/18D_ssp585_2042_ancho_incertidumbre_m.tif,29924,44380f0b682a8934a30931fb72643324085489587fccdfde53185c996fe350b3
outputs/productos_qgis_anuales_final_18D/rasters_anuales/ssp585/18D_ssp585_2042_ancho_incertidumbre_m.tif.aux.xml,487,179fb1a21a6109618e6e51b8ad593a5fe43cf99ef02c1a413fdadbff96bd1a1d
outputs/productos_qgis_anuales_final_18D/rasters_anuales/ssp585/18D_ssp585_2042_delta_nivel_vs_2026_m.tif,29924,b12535a4ecb866a0b0a4bd7146a318c4aeb9810d57c620c864fc4a933b6e465d
outputs/productos_qgis_anuales_final_18D/rasters_anuales/ssp585/18D_ssp585_2042_delta_nivel_vs_2026_m.tif.aux.xml,490,51208e26d4fbf28131a7d217246edff353af2b389666bfea268241f625bc1a3f
outputs/productos_qgis_anuales_final_18D/rasters_anuales/ssp585/18D_ssp585_2042_estado_p50.tif,17205,b5ea224c047db2ece70004b34faa21ae45779f91e092fe78fdab3c2eafe964da
outputs/productos_qgis_anuales_final_18D/rasters_anuales/ssp585/18D_ssp585_2042_estado_p50.tif.aux.xml,463,2f43b7262fe4411088f49e9401b638dd1aee80122ba4161f6e7f567eaff63cef
outputs/productos_qgis_anuales_final_18D/rasters_anuales/ssp585/18D_ssp585_2042_nivel_p50_m.tif,29922,e6aa376b4f13cd24b6a1b573b33ca4bf98fdb057d56a2b853d777b89ea834a82
outputs/productos_qgis_anuales_final_18D/rasters_anuales/ssp585/18D_ssp585_2042_nivel_p50_m.tif.aux.xml,477,e10377b76007a3dc69cb546176022f2685739657dcaa8b2876bc615c80ceebfd
outputs/productos_qgis_anuales_final_18D/rasters_anuales/ssp585/18D_ssp585_2042_robustez_p05_p95.tif,17205,6aacf5066583e4f3f59716f22b0d085a3b0047b4b90ab454878447ceba76c18a
outputs/productos_qgis_anuales_final_18D/rasters_anuales/ssp585/18D_ssp585_2042_robustez_p05_p95.tif.aux.xml,469,0c722895d6bed31e9b39350860ccb6697adb8903d11cec7f6f9329ed0907aa42
outputs/productos_qgis_anuales_final_18D/rasters_anuales/ssp585/18D_ssp585_2043_ancho_incertidumbre_m.tif,29936,8c23271e18b22a9f87f259a263964e611c51d7acf91327820f69699b53c03c10
outputs/productos_qgis_anuales_final_18D/rasters_anuales/ssp585/18D_ssp585_2043_ancho_incertidumbre_m.tif.aux.xml,487,045f96024822e06a06c3e4f0f7ca05a808061f95a3c44b94028e215a0ff0a0c4
outputs/productos_qgis_anuales_final_18D/rasters_anuales/ssp585/18D_ssp585_2043_delta_nivel_vs_2026_m.tif,29924,cfe119cee30da6fa181a10a37401df32c9238aff24504fc238f02ed7db015059
outputs/productos_qgis_anuales_final_18D/rasters_anuales/ssp585/18D_ssp585_2043_delta_nivel_vs_2026_m.tif.aux.xml,487,07a0e9984ecf277c76a15d4fad3d76dfb776136da9c592b10314216214a6e9c5
outputs/productos_qgis_anuales_final_18D/rasters_anuales/ssp585/18D_ssp585_2043_estado_p50.tif,17203,61c915486145c9b0fb8cc5d864a434670afa2b969981aa8560c8ef5ec68ca029
outputs/productos_qgis_anuales_final_18D/rasters_anuales/ssp585/18D_ssp585_2043_estado_p50.tif.aux.xml,463,31a27b88bccb53e1e06cc065e86f353969b27a3f22953bd1ce62370972b93d7b
outputs/productos_qgis_anuales_final_18D/rasters_anuales/ssp585/18D_ssp585_2043_nivel_p50_m.tif,29904,8d23b6d744772ec08deec020e649626a3162483b027da091e53a117922e73e61
outputs/productos_qgis_anuales_final_18D/rasters_anuales/ssp585/18D_ssp585_2043_nivel_p50_m.tif.aux.xml,477,a0c553433c37918c8a706d412e2313c13ed2bf2a92127897e39f9642442d7a02
outputs/productos_qgis_anuales_final_18D/rasters_anuales/ssp585/18D_ssp585_2043_robustez_p05_p95.tif,17419,ce8756dada16ba5503aebd206c2146400038f11afd3877b95e1c3dbdc75f5243
outputs/productos_qgis_anuales_final_18D/rasters_anuales/ssp585/18D_ssp585_2043_robustez_p05_p95.tif.aux.xml,469,7f73b57f8f7576f33dcb77176ff794f2d412969747f9da8061f17831ba88e67b
outputs/productos_qgis_anuales_final_18D/rasters_anuales/ssp585/18D_ssp585_2044_ancho_incertidumbre_m.tif,29920,03e60a3926d196f5ca839e4d6ef636f1102f63bc0e7c76ab7d45d181880ace53
outputs/productos_qgis_anuales_final_18D/rasters_anuales/ssp585/18D_ssp585_2044_ancho_incertidumbre_m.tif.aux.xml,487,d6b1522aed193d5eb41d405d8f77134adc5457109b1d78371726451f36a8c70c
outputs/productos_qgis_anuales_final_18D/rasters_anuales/ssp585/18D_ssp585_2044_delta_nivel_vs_2026_m.tif,29932,a86d778429dcdca41311bcb9333c8784d383394c5f092f1553237f98476a6ce8
outputs/productos_qgis_anuales_final_18D/rasters_anuales/ssp585/18D_ssp585_2044_delta_nivel_vs_2026_m.tif.aux.xml,490,439359e0b35de7c53bd9c85cbdc5fbd4d59beacf6a02c4814514e94eeecad406
outputs/productos_qgis_anuales_final_18D/rasters_anuales/ssp585/18D_ssp585_2044_estado_p50.tif,17201,53155a8b4d8a729f91007aa4866eca52241673d1e1b2cdb9c25fe2e01a859ed4
outputs/productos_qgis_anuales_final_18D/rasters_anuales/ssp585/18D_ssp585_2044_estado_p50.tif.aux.xml,463,04ec2ae1526ce321490d1a2fd66420f437feabe3f0e5271f66c2b8668a3f5518
outputs/productos_qgis_anuales_final_18D/rasters_anuales/ssp585/18D_ssp585_2044_nivel_p50_m.tif,29916,cb1f2ed1776d6817acd1b24330b9aed86a003f76d14ce6e95c8af9c1dda9ba11
outputs/productos_qgis_anuales_final_18D/rasters_anuales/ssp585/18D_ssp585_2044_nivel_p50_m.tif.aux.xml,477,b3abc4494a4a7909584e650726b0cfeb87c28d55b809e0a71fe177a7ed31f46c
outputs/productos_qgis_anuales_final_18D/rasters_anuales/ssp585/18D_ssp585_2044_robustez_p05_p95.tif,17421,c703a90da5df04ce88e0f88a0570bd50fc8f88dff488b5fdad78dcb127f52d86
outputs/productos_qgis_anuales_final_18D/rasters_anuales/ssp585/18D_ssp585_2044_robustez_p05_p95.tif.aux.xml,469,fd4511004a98ed0f57b368311a87633e062ca1848212afc597ba39ae4da890f7
outputs/productos_qgis_anuales_final_18D/rasters_anuales/ssp585/18D_ssp585_2045_ancho_incertidumbre_m.tif,29914,44542a768c090200e2f723eddb862bdade77cda931b522c9412f4d61a6317732
outputs/productos_qgis_anuales_final_18D/rasters_anuales/ssp585/18D_ssp585_2045_ancho_incertidumbre_m.tif.aux.xml,487,857ea1d85f51d1613daf903b4452191d66f5cc2cafd6c1733add29e7fd067631
outputs/productos_qgis_anuales_final_18D/rasters_anuales/ssp585/18D_ssp585_2045_delta_nivel_vs_2026_m.tif,29916,30808ab97382c0f3504e6f4b7573b8c53b6ea36da6b7de2a7639bdc337bb31c1
outputs/productos_qgis_anuales_final_18D/rasters_anuales/ssp585/18D_ssp585_2045_delta_nivel_vs_2026_m.tif.aux.xml,490,c6462d1734cd066b62a91ca4895b7e606ece9943535627683d48606586518a5b
outputs/productos_qgis_anuales_final_18D/rasters_anuales/ssp585/18D_ssp585_2045_estado_p50.tif,17205,6e4447b4b929db04e5e69f25992e659f74df9648a3adcc7592636333fa4ad079
outputs/productos_qgis_anuales_final_18D/rasters_anuales/ssp585/18D_ssp585_2045_estado_p50.tif.aux.xml,463,d9f6ba698930a8da5a6da6a6974cfff479633789cf1f43a9247200d43bdee20a
outputs/productos_qgis_anuales_final_18D/rasters_anuales/ssp585/18D_ssp585_2045_nivel_p50_m.tif,29914,9240fc4c6c62c0b92d2c82102c3add7552ee44e2925fd64f62b68a33a500e92a
outputs/productos_qgis_anuales_final_18D/rasters_anuales/ssp585/18D_ssp585_2045_nivel_p50_m.tif.aux.xml,477,19e8f0fd03624ca1f66a97e3f5765558c8cdc0b722559e2d900e65f34f527c17
outputs/productos_qgis_anuales_final_18D/rasters_anuales/ssp585/18D_ssp585_2045_robustez_p05_p95.tif,17239,8319eb52140013dfb4971267acbb55897ec18808a4a2674ea426cdbec2cc3dfb
outputs/productos_qgis_anuales_final_18D/rasters_anuales/ssp585/18D_ssp585_2045_robustez_p05_p95.tif.aux.xml,469,3682b80ab456624dd2181f70d3e20eb15f4bb2891b53070f7f3c677be79d39f4
outputs/productos_qgis_anuales_final_18D/rasters_anuales/ssp585/18D_ssp585_2046_ancho_incertidumbre_m.tif,29932,d04cac6cb64e04ebc507524949305991b101a217bfd643a848d1bddd031a0720
outputs/productos_qgis_anuales_final_18D/rasters_anuales/ssp585/18D_ssp585_2046_ancho_incertidumbre_m.tif.aux.xml,484,d58362c5e7ab53b21a116acc72c55d17e4715e54a7ca59da2a30c467611e6011
outputs/productos_qgis_anuales_final_18D/rasters_anuales/ssp585/18D_ssp585_2046_delta_nivel_vs_2026_m.tif,29924,999aeb21833658aa43b2a5ce079432e29e5ddec7238d99fa69b626138f248ba3
outputs/productos_qgis_anuales_final_18D/rasters_anuales/ssp585/18D_ssp585_2046_delta_nivel_vs_2026_m.tif.aux.xml,490,d1b7b756dded165e64381946d79dcbe8827e4a7ecc0d60e07af56497507d8173
outputs/productos_qgis_anuales_final_18D/rasters_anuales/ssp585/18D_ssp585_2046_estado_p50.tif,17199,41a60f1c6e4af537ebc815a439cb8c4c25fc8857c8d00824c0f6182d2369cfe2
outputs/productos_qgis_anuales_final_18D/rasters_anuales/ssp585/18D_ssp585_2046_estado_p50.tif.aux.xml,463,00b59fc830cef9a9acdd4740b5c276ec857e9d65328cc216534bc0fd98fdfd94
outputs/productos_qgis_anuales_final_18D/rasters_anuales/ssp585/18D_ssp585_2046_nivel_p50_m.tif,29904,57afdea799f1ecd193d8fd6f88ef804f1d53c251500ce4ccab6c6817ba15361f
outputs/productos_qgis_anuales_final_18D/rasters_anuales/ssp585/18D_ssp585_2046_nivel_p50_m.tif.aux.xml,477,fb799fca73df538bf4ba483d3c7ba4bfa7206c0b0080c3f2db788045c37af008
outputs/productos_qgis_anuales_final_18D/rasters_anuales/ssp585/18D_ssp585_2046_robustez_p05_p95.tif,17227,a3eff9911822e7989076d819eda4c2f31318c6ef4486d15b5e12c579c9b5ee58
outputs/productos_qgis_anuales_final_18D/rasters_anuales/ssp585/18D_ssp585_2046_robustez_p05_p95.tif.aux.xml,469,a2d81974540f4e4604098bcf1a251e68765ce9514a0b4415518a88af4b787853
outputs/productos_qgis_anuales_final_18D/rasters_anuales/ssp585/18D_ssp585_2047_ancho_incertidumbre_m.tif,29924,edbfdde78be962ec6d9854e983553008a87fb0d0e0702dec3ccc53a150ebb57e
outputs/productos_qgis_anuales_final_18D/rasters_anuales/ssp585/18D_ssp585_2047_ancho_incertidumbre_m.tif.aux.xml,487,b916894f264ae66d10ee56d2eecd524e2a6f7998d64d310556e29b793b6ea6a5
outputs/productos_qgis_anuales_final_18D/rasters_anuales/ssp585/18D_ssp585_2047_delta_nivel_vs_2026_m.tif,29936,b22739eba214248de61f3b4b23af139f5c3715ce60723c9075a4abc2b77055fc
outputs/productos_qgis_anuales_final_18D/rasters_anuales/ssp585/18D_ssp585_2047_delta_nivel_vs_2026_m.tif.aux.xml,490,ded80bfe33f6cc7daec6491b52e44a9423193b0b585baf8faa1573837a92ccb1
outputs/productos_qgis_anuales_final_18D/rasters_anuales/ssp585/18D_ssp585_2047_estado_p50.tif,17205,030c7566901a34353dfa47ab8bdf1395919b911e40775efadaef67cde2953569
outputs/productos_qgis_anuales_final_18D/rasters_anuales/ssp585/18D_ssp585_2047_estado_p50.tif.aux.xml,462,add937f1b820b3c2ee3f494ff40b3ddb89e2e11ad5a7808f9c9f59a43e3ae4f5
outputs/productos_qgis_anuales_final_18D/rasters_anuales/ssp585/18D_ssp585_2047_nivel_p50_m.tif,29914,786977eff1bddb2d7e4319f5fcec69eb99515d2c84d7faff5f23196718a638ee
outputs/productos_qgis_anuales_final_18D/rasters_anuales/ssp585/18D_ssp585_2047_nivel_p50_m.tif.aux.xml,477,ebed13246461f459ef64ab47b57dc90c42e10e501e11d619cbb2b7dad4bf4a5c
outputs/productos_qgis_anuales_final_18D/rasters_anuales/ssp585/18D_ssp585_2047_robustez_p05_p95.tif,17231,f977005b59d42826b8018433666e60d05994c845a8dafeb89abaff1ebc396c3a
outputs/productos_qgis_anuales_final_18D/rasters_anuales/ssp585/18D_ssp585_2047_robustez_p05_p95.tif.aux.xml,469,6d5c3e32a83efb290434793c0a0ae9f8e5c4f8adc08879fcd87cd2f30a816aa0
outputs/productos_qgis_anuales_final_18D/rasters_anuales/ssp585/18D_ssp585_2048_ancho_incertidumbre_m.tif,29932,21cfc29fee169c13a35868c90d949dce338f0f6c773626e2e54a87a2d11ebee8
outputs/productos_qgis_anuales_final_18D/rasters_anuales/ssp585/18D_ssp585_2048_ancho_incertidumbre_m.tif.aux.xml,487,9d24ae0836c55f7f24c09eec896cef7f1ee119f6ee5c399f2828c02d3b50e33b
outputs/productos_qgis_anuales_final_18D/rasters_anuales/ssp585/18D_ssp585_2048_delta_nivel_vs_2026_m.tif,29928,730a593045e0b188dd040d1058fe8babef3f3df14ac026e2aa8b6af6fbfc78db
outputs/productos_qgis_anuales_final_18D/rasters_anuales/ssp585/18D_ssp585_2048_delta_nivel_vs_2026_m.tif.aux.xml,487,cebd69d618d0a856abb15bca064258f23c36b250363114fe0fb202c0a4dc70c3
outputs/productos_qgis_anuales_final_18D/rasters_anuales/ssp585/18D_ssp585_2048_estado_p50.tif,17211,29d1edea698f9c3de34bf38be31e23c49a44f695cd348bac917f2afaedd84358
outputs/productos_qgis_anuales_final_18D/rasters_anuales/ssp585/18D_ssp585_2048_estado_p50.tif.aux.xml,463,487d5486c09318c236d478504121c89fc39c45b2e39f6823ce27dcc60a422f3b
outputs/productos_qgis_anuales_final_18D/rasters_anuales/ssp585/18D_ssp585_2048_nivel_p50_m.tif,29914,2028a767b8b1c0a6ec17821dd16cdffd9560290682b9e6a0e0d0bf5a9f101c87
outputs/productos_qgis_anuales_final_18D/rasters_anuales/ssp585/18D_ssp585_2048_nivel_p50_m.tif.aux.xml,477,4c4da0324747a9f9e2d42901f8690c7343dc3a4c2f84f0b151e5831394ac80b6
outputs/productos_qgis_anuales_final_18D/rasters_anuales/ssp585/18D_ssp585_2048_robustez_p05_p95.tif,17223,06b8f5995f2823d861c9cf9e8c1ff6c0d48cbdd6a68217f4c5fc1fed6cdfcb54
outputs/productos_qgis_anuales_final_18D/rasters_anuales/ssp585/18D_ssp585_2048_robustez_p05_p95.tif.aux.xml,468,3870d331580eefa3c91d4726829a7a12552d1a3686c292c1341525c368196862
outputs/productos_qgis_anuales_final_18D/rasters_anuales/ssp585/18D_ssp585_2049_ancho_incertidumbre_m.tif,29914,ecde89468342a30fd172ca1f7ab12531cd628d1d26a2bb2b4b18825e605749ff
outputs/productos_qgis_anuales_final_18D/rasters_anuales/ssp585/18D_ssp585_2049_ancho_incertidumbre_m.tif.aux.xml,487,edf531b4c1dc4f3c0a6eb0b2578bb6312102bce30d2bc5f3e152db3ead53a5b7
outputs/productos_qgis_anuales_final_18D/rasters_anuales/ssp585/18D_ssp585_2049_delta_nivel_vs_2026_m.tif,29932,d2168ac2917df204923d8dce2b6fd8bacd406f0a98f1253bbd5fbc3241707e76
outputs/productos_qgis_anuales_final_18D/rasters_anuales/ssp585/18D_ssp585_2049_delta_nivel_vs_2026_m.tif.aux.xml,490,3ef122d1a602510e469f13a2693c298b0101f86822be85d9741bacac7b0ea59e
outputs/productos_qgis_anuales_final_18D/rasters_anuales/ssp585/18D_ssp585_2049_estado_p50.tif,17207,301427177978884dd942bb92f1b9091438defd0e3f32259e45b84bf2233f9a98
outputs/productos_qgis_anuales_final_18D/rasters_anuales/ssp585/18D_ssp585_2049_estado_p50.tif.aux.xml,463,47099b8ae87c04c9ceed5992ae16a9fa959140bbb18be16258cb9451844c5050
outputs/productos_qgis_anuales_final_18D/rasters_anuales/ssp585/18D_ssp585_2049_nivel_p50_m.tif,29916,ea7525e7b37ed54034487e8c227f36e8b07d00c6d92d6c9c2635634e20ffeff1
outputs/productos_qgis_anuales_final_18D/rasters_anuales/ssp585/18D_ssp585_2049_nivel_p50_m.tif.aux.xml,477,42b7b467712c0024e9e807789f9300d2967515a3a3680ecfc7afa8ac1380f2db
outputs/productos_qgis_anuales_final_18D/rasters_anuales/ssp585/18D_ssp585_2049_robustez_p05_p95.tif,17403,38d538275a57052ef141c3fa74f6cc69e766a9f1040c3cddcd0d6b0eaa6f3587
outputs/productos_qgis_anuales_final_18D/rasters_anuales/ssp585/18D_ssp585_2049_robustez_p05_p95.tif.aux.xml,468,b208de538e81410e191e1cc5fdf12e0d8dbc07e96657ecddf3faaf92f9214516
outputs/productos_qgis_anuales_final_18D/rasters_anuales/ssp585/18D_ssp585_2050_ancho_incertidumbre_m.tif,29926,e3580ebd01df4e0167d76062e7644f1fe3c456aba754b201ea1b44309916c6f6
outputs/productos_qgis_anuales_final_18D/rasters_anuales/ssp585/18D_ssp585_2050_ancho_incertidumbre_m.tif.aux.xml,487,c7ada8cbb444dcd8966950724ab641c72f741ed166720b645d95f89cc084de34
outputs/productos_qgis_anuales_final_18D/rasters_anuales/ssp585/18D_ssp585_2050_delta_nivel_vs_2026_m.tif,29920,dd260a14c84613bd21c31ad7b36ef5dc6f563746b62432e101a368db66ad93bf
outputs/productos_qgis_anuales_final_18D/rasters_anuales/ssp585/18D_ssp585_2050_delta_nivel_vs_2026_m.tif.aux.xml,490,269e5d5d4301d6e47a2d4a7e7f2f6c712a5b3a7e372ce77388387503cde1b40a
outputs/productos_qgis_anuales_final_18D/rasters_anuales/ssp585/18D_ssp585_2050_estado_p50.tif,17207,cc1d1c5f10cf9a69903064d5011968ce2d592f551d4e8dd439d35a8000aaf604
outputs/productos_qgis_anuales_final_18D/rasters_anuales/ssp585/18D_ssp585_2050_estado_p50.tif.aux.xml,463,1bd39a5b6d404010e1312f30eaeb23be1d249a1bf8056648e5a8735d10c06640
outputs/productos_qgis_anuales_final_18D/rasters_anuales/ssp585/18D_ssp585_2050_nivel_p50_m.tif,29922,ba1d3d690859d16b60318ac19af33071521b16e357e420f4fe8bcc9647f05d4b
outputs/productos_qgis_anuales_final_18D/rasters_anuales/ssp585/18D_ssp585_2050_nivel_p50_m.tif.aux.xml,477,ddb27008988fbec92dc544c5577c7c582e23b7d67503e7254c7bae767b6bfa6a
outputs/productos_qgis_anuales_final_18D/rasters_anuales/ssp585/18D_ssp585_2050_robustez_p05_p95.tif,17203,46210256cb765d7ef90a75b7d4d749e753193bf10159d64733c83d113c72f382
outputs/productos_qgis_anuales_final_18D/rasters_anuales/ssp585/18D_ssp585_2050_robustez_p05_p95.tif.aux.xml,469,a36bdde00389f523a0b84fdf679245d5477d95e0bc95764d7a87019215715dc1
outputs/productos_qgis_anuales_final_18D/stacks_multibanda/consenso/18D_consenso_ssp245_ssp585_2027_2050.tif,394326,49a549dc66afa087479733ea3ad29c381d9b0fee944e80d2adfebfad1063148e
outputs/productos_qgis_anuales_final_18D/stacks_multibanda/consenso/18D_consenso_ssp245_ssp585_2027_2050.tif.aux.xml,3018,5a0a6d8e1f011d4050afdebeeccc720c5563be600b44779a58d44f07a2d43d48
outputs/productos_qgis_anuales_final_18D/stacks_multibanda/ssp245/18D_ssp245_ancho_incertidumbre_m_2027_2050.tif,698480,2303ab376931f6f7ba4c52fa51324583344a20fa948658c83b92bf123fc543f1
outputs/productos_qgis_anuales_final_18D/stacks_multibanda/ssp245/18D_ssp245_ancho_incertidumbre_m_2027_2050.tif.aux.xml,3057,0e3f73ac9451ea392feab5ac82e3208afbfd2515e57c31451ef768560d22f606
outputs/productos_qgis_anuales_final_18D/stacks_multibanda/ssp245/18D_ssp245_delta_nivel_vs_2026_m_2027_2050.tif,698564,194db89887cfee3fa1f3057dc9d557a3f43ab2eb60937056b4f5d4ffe7b9ca53
outputs/productos_qgis_anuales_final_18D/stacks_multibanda/ssp245/18D_ssp245_delta_nivel_vs_2026_m_2027_2050.tif.aux.xml,3078,1eed75d3caa077f541748ca0d8c6c48a4d709e2107d2b4d3083a20abac461a85
outputs/productos_qgis_anuales_final_18D/stacks_multibanda/ssp245/18D_ssp245_estado_p50_2027_2050.tif,394214,10cc6dfc393f0e2c482059a8764c812070693b730de75c7dcde0788abfc49fff
outputs/productos_qgis_anuales_final_18D/stacks_multibanda/ssp245/18D_ssp245_estado_p50_2027_2050.tif.aux.xml,3017,3f91174ffa9b0cf79a97cada637225811e72f99faaea7bd713127c580bcbe627
outputs/productos_qgis_anuales_final_18D/stacks_multibanda/ssp245/18D_ssp245_nivel_p50_m_2027_2050.tif,698382,61d1f99189e4317f1f97a2ebf7c55e77ae1fd532c781c2249513a2aff29d51d6
outputs/productos_qgis_anuales_final_18D/stacks_multibanda/ssp245/18D_ssp245_nivel_p50_m_2027_2050.tif.aux.xml,3057,0aedd0e00b133e26b539f9f8a0ec64e2079f55d27aa7593465a607306a4784df
outputs/productos_qgis_anuales_final_18D/stacks_multibanda/ssp245/18D_ssp245_robustez_p05_p95_2027_2050.tif,394196,b804edcd3ef858a2596b297a5d8263a82d62255d5544db0a1835a32e2289a1a1
outputs/productos_qgis_anuales_final_18D/stacks_multibanda/ssp245/18D_ssp245_robustez_p05_p95_2027_2050.tif.aux.xml,3018,68f8c39326ab4d597868421d3e399d5ac9dd000a545e0aa8d52a1769091d494c
outputs/productos_qgis_anuales_final_18D/stacks_multibanda/ssp585/18D_ssp585_ancho_incertidumbre_m_2027_2050.tif,698478,05df4e3ce4a1106c49768ee5bce7d02a04d442aa6998c14b57dc2bd83e3803b6
outputs/productos_qgis_anuales_final_18D/stacks_multibanda/ssp585/18D_ssp585_ancho_incertidumbre_m_2027_2050.tif.aux.xml,3060,73ec9c17fad0a5eb54b2f5dd2df6638f7c5c0d196431c413147f6f21957f75f8
outputs/productos_qgis_anuales_final_18D/stacks_multibanda/ssp585/18D_ssp585_delta_nivel_vs_2026_m_2027_2050.tif,698472,1162acb000689f696cc50a544d6bb9aa9fd3313a935ff52432d4f48c545709b8
outputs/productos_qgis_anuales_final_18D/stacks_multibanda/ssp585/18D_ssp585_delta_nivel_vs_2026_m_2027_2050.tif.aux.xml,3066,8e6a4ca20dcb3405fd42eee9db4920c53bdc7326702d71161dcd0fa81c5f46e7
outputs/productos_qgis_anuales_final_18D/stacks_multibanda/ssp585/18D_ssp585_estado_p50_2027_2050.tif,393840,e1e1a84c77d6b0a23b6d581db3e5fbea0449604159577b2d31df69d216ae7215
outputs/productos_qgis_anuales_final_18D/stacks_multibanda/ssp585/18D_ssp585_estado_p50_2027_2050.tif.aux.xml,3017,b243d897a7131d85aa56a60e7510ae62ec0384a72b9a56a9158ef3cc1af94ebe
outputs/productos_qgis_anuales_final_18D/stacks_multibanda/ssp585/18D_ssp585_nivel_p50_m_2027_2050.tif,698496,74254ad876545da3b2c1a2e6864b9ad4d1dbf301e87e47ff79872d71ada65385
outputs/productos_qgis_anuales_final_18D/stacks_multibanda/ssp585/18D_ssp585_nivel_p50_m_2027_2050.tif.aux.xml,3057,0891c7f0a986cc8c3583313cedaf465512368b535be970c90c6b6be91ee3d164
outputs/productos_qgis_anuales_final_18D/stacks_multibanda/ssp585/18D_ssp585_robustez_p05_p95_2027_2050.tif,394760,93b732bf16029b11e0519a939b7ea2ef8e02c23771c74399c7e61d4a959e2dc1
outputs/productos_qgis_anuales_final_18D/stacks_multibanda/ssp585/18D_ssp585_robustez_p05_p95_2027_2050.tif.aux.xml,3017,d65a758e6ba05cf8980dd05605235fd4af5637525fabb385ea30115ebaaf4e2b
outputs/productos_qgis_anuales_final_18D/tablas/18D_consenso_anual_ssp245_ssp585_2027_2050.csv,1236,d79cae3e8f87a02519a7f1507de4ebb4136ddb0d8efe65d707b09841965e6be9
outputs/productos_qgis_anuales_final_18D/tablas/18D_niveles_anuales_ensemble_2027_2050.csv,7453,7544e8bf03284a7270b5561d74278d7e7d1493ce9828f85af79317763d603966
outputs/productos_qgis_anuales_final_18D/tablas/18D_resumen_hidromorfologico_anual_2027_2050.csv,13719,09728d0ea37708851cafdb1ee01ee65080b5c818755f463708926b7c2ee2e52b
outputs/productos_qgis_anuales_final_18D/vectores_anuales/consenso/18D_consenso_ssp245_ssp585_2027.geojson,768291,be9e6998da582c96345d5932e85dcd089647ecb02a60d95d892bcb2a93454a6d
outputs/productos_qgis_anuales_final_18D/vectores_anuales/consenso/18D_consenso_ssp245_ssp585_2028.geojson,711018,7036ebbff43c489b8ef294a92e82d0c701925deec6048373047c86e7c224f01c
outputs/productos_qgis_anuales_final_18D/vectores_anuales/consenso/18D_consenso_ssp245_ssp585_2029.geojson,710874,88c199000ceb3e9a0baedd6bf109bf83cacd897a7f496b366120e710233a6329
outputs/productos_qgis_anuales_final_18D/vectores_anuales/consenso/18D_consenso_ssp245_ssp585_2030.geojson,711159,e4456c9f7c64a46ac8c13b787e85c000f06ea1cb370f8036b671d3a2145aef6c
outputs/productos_qgis_anuales_final_18D/vectores_anuales/consenso/18D_consenso_ssp245_ssp585_2031.geojson,712297,17762271f3e823ba6b30b9bed7b0d6e1fc41d9468d54491bf76f0e9dbf714803
outputs/productos_qgis_anuales_final_18D/vectores_anuales/consenso/18D_consenso_ssp245_ssp585_2032.geojson,712297,3ac575105d244a59a6f6556f625b8d15c472ba8d6574cd6578cb782e4aafbdf7
outputs/productos_qgis_anuales_final_18D/vectores_anuales/consenso/18D_consenso_ssp245_ssp585_2033.geojson,712297,790e3e1b80865f9b64ed7b1e19392f1dbcf44fc6f4ea6d6aef9a8083188c50e5
outputs/productos_qgis_anuales_final_18D/vectores_anuales/consenso/18D_consenso_ssp245_ssp585_2034.geojson,713373,02bc451410148eb2303878fa018b18480ec0caf7a544b10c8a43e100a18493fc
outputs/productos_qgis_anuales_final_18D/vectores_anuales/consenso/18D_consenso_ssp245_ssp585_2035.geojson,713781,f4090f23268388fcad43dd2522bffb7d5dc356a6d05e2136e9e3b92fa3c513b5
outputs/productos_qgis_anuales_final_18D/vectores_anuales/consenso/18D_consenso_ssp245_ssp585_2036.geojson,713508,533b6daa52b724495042f33d9243d5b6e4e0e30e7bd3e4578085ea51720e6cae
outputs/productos_qgis_anuales_final_18D/vectores_anuales/consenso/18D_consenso_ssp245_ssp585_2037.geojson,712944,43f9e7c55517ac4583972cdf6493f355ca0eb66349302cdd0e9bc350bec3b00c
outputs/productos_qgis_anuales_final_18D/vectores_anuales/consenso/18D_consenso_ssp245_ssp585_2038.geojson,714054,4109577f00979c8a0d2043220bf7668b7202cf0c7b6a92d3e16fa2fc9ec7da5f
outputs/productos_qgis_anuales_final_18D/vectores_anuales/consenso/18D_consenso_ssp245_ssp585_2039.geojson,716246,60978b310f560a0dd6250d7253c5eddea15ee54b78a07372d588cdc2c29c5910
outputs/productos_qgis_anuales_final_18D/vectores_anuales/consenso/18D_consenso_ssp245_ssp585_2040.geojson,715881,1f6af9966439f377aca45c6d56e7af2f5d0edc3100186393cdb442dcd016496e
outputs/productos_qgis_anuales_final_18D/vectores_anuales/consenso/18D_consenso_ssp245_ssp585_2041.geojson,715881,803f6a5373c9182941577778a7cb9c9bd4ae45d551211ce68fccba2725e491b1
outputs/productos_qgis_anuales_final_18D/vectores_anuales/consenso/18D_consenso_ssp245_ssp585_2042.geojson,716154,04c3032ae1d1a28000f9d0ec52f900f670a7c0048470edc7c03d3263c38c5f11
outputs/productos_qgis_anuales_final_18D/vectores_anuales/consenso/18D_consenso_ssp245_ssp585_2043.geojson,716427,37a6adc755a6587af0370c21729ffd65b962fb90e6bae53f3bdbd647640e4da7
outputs/productos_qgis_anuales_final_18D/vectores_anuales/consenso/18D_consenso_ssp245_ssp585_2044.geojson,715581,74d3c058aa2585c4544fa6f05312bc0f58fdb2892723b68e1eb542241621f7a9
outputs/productos_qgis_anuales_final_18D/vectores_anuales/consenso/18D_consenso_ssp245_ssp585_2045.geojson,713137,340fbbe469ad61a1ec72835700710af5e8bdfb02b13edd53df64a8925d9a5f92
outputs/productos_qgis_anuales_final_18D/vectores_anuales/consenso/18D_consenso_ssp245_ssp585_2046.geojson,712254,983e46cd7d90667eeddb7762c9d1b384f3c8e8c1bbe4be5e5430b9b015ebfa8a
outputs/productos_qgis_anuales_final_18D/vectores_anuales/consenso/18D_consenso_ssp245_ssp585_2047.geojson,715013,e124763aa8648e9b1d5a570bfa9954a43da610831c8960250d09c2b1a99c728c
outputs/productos_qgis_anuales_final_18D/vectores_anuales/consenso/18D_consenso_ssp245_ssp585_2048.geojson,716362,af568d149db67b8b1af7a8325d7be983da294892aa6d6afa9c34c78853eb3f65
outputs/productos_qgis_anuales_final_18D/vectores_anuales/consenso/18D_consenso_ssp245_ssp585_2049.geojson,715856,38fdef59e2a7d3127a4062bee47abfb3982f172583d87a9639c475265f940b9f
outputs/productos_qgis_anuales_final_18D/vectores_anuales/consenso/18D_consenso_ssp245_ssp585_2050.geojson,715902,38aadd0da5442e0aa6397dba86bf83838b8f2a034cb284a0da99908e77154d5b
outputs/productos_qgis_anuales_final_18D/vectores_anuales/ssp245/18D_ssp245_2027_estado_p50.geojson,912136,cb29bd577532721794297612510800d664cb5660ba72d6538e40480f8fc2ca3b
outputs/productos_qgis_anuales_final_18D/vectores_anuales/ssp245/18D_ssp245_2028_estado_p50.geojson,843713,ab9ee89eaf36396afcdde8ab590e51eeac34465bd2965dc32ca18b477f5d25fe
outputs/productos_qgis_anuales_final_18D/vectores_anuales/ssp245/18D_ssp245_2029_estado_p50.geojson,842605,8419cfbee35e19f496bc09b23974b3419834f100b0e9844b11e720d2c8e3ff06
outputs/productos_qgis_anuales_final_18D/vectores_anuales/ssp245/18D_ssp245_2030_estado_p50.geojson,842233,922147f23cb3aad4c2296b5e553569d1934eb870958ba709c9e7ae48479c5985
outputs/productos_qgis_anuales_final_18D/vectores_anuales/ssp245/18D_ssp245_2031_estado_p50.geojson,843721,b01711f1f0e51e16b0b56a5d275109544d469bd975cc82abb2e6adc115f96b15
outputs/productos_qgis_anuales_final_18D/vectores_anuales/ssp245/18D_ssp245_2032_estado_p50.geojson,842792,4c67d1b7183ab738e404870bd2fe90d594e0401b25119a926e9a07b5f43ece1e
outputs/productos_qgis_anuales_final_18D/vectores_anuales/ssp245/18D_ssp245_2033_estado_p50.geojson,843721,ceb144ea9e5748f778cc5fc495a7576f216545db37f199ffdfa4de253933cb22
outputs/productos_qgis_anuales_final_18D/vectores_anuales/ssp245/18D_ssp245_2034_estado_p50.geojson,843349,e9fbf175fac3acd537f7bde9ae1b8b2c25e5cbd267fc998b787897a3ff166063
outputs/productos_qgis_anuales_final_18D/vectores_anuales/ssp245/18D_ssp245_2035_estado_p50.geojson,844139,650059daf7f96389b9f6a5d506de2e20c4b959f40ee650ff153c2888a27d94e6
outputs/productos_qgis_anuales_final_18D/vectores_anuales/ssp245/18D_ssp245_2036_estado_p50.geojson,843721,f0e051f7044e11f2ed523220c565137d46ead7599fe3572e8f635fab5c4a842e
outputs/productos_qgis_anuales_final_18D/vectores_anuales/ssp245/18D_ssp245_2037_estado_p50.geojson,842792,25ad08af5b50700619eb33556cace49e063d620ea3986cf6bafcf2264baf376d
outputs/productos_qgis_anuales_final_18D/vectores_anuales/ssp245/18D_ssp245_2038_estado_p50.geojson,843117,1cd1a2b99c7cf37058586272727d408aeee2fe73f503125968935b9b045dc2ff
outputs/productos_qgis_anuales_final_18D/vectores_anuales/ssp245/18D_ssp245_2039_estado_p50.geojson,844139,4a968783ea85f4116acc5f5013214b3ba916d90e9f0a1240b58a047680b56565
outputs/productos_qgis_anuales_final_18D/vectores_anuales/ssp245/18D_ssp245_2040_estado_p50.geojson,843721,748440c18669c4b906b0fd02036be9f287a4f64ac8f010a997248b0fefc8c64a
outputs/productos_qgis_anuales_final_18D/vectores_anuales/ssp245/18D_ssp245_2041_estado_p50.geojson,843721,21c0f42025e99f5447bd187cafd6f3ae137214c90961eee3048db640d1c783a3
outputs/productos_qgis_anuales_final_18D/vectores_anuales/ssp245/18D_ssp245_2042_estado_p50.geojson,844139,de80a87e7ddc1f72a75f25c44a655efd385a0d1094e26b8fae45dfe9a660ab09
outputs/productos_qgis_anuales_final_18D/vectores_anuales/ssp245/18D_ssp245_2043_estado_p50.geojson,844465,11ecba15931815db7916973c6be3d9dda8637978c631cbef88fa9343e032a261
outputs/productos_qgis_anuales_final_18D/vectores_anuales/ssp245/18D_ssp245_2044_estado_p50.geojson,843626,3a6b53e4180367efd0045006e37c452151139ac7d33a85064e887dd3b06231ab
outputs/productos_qgis_anuales_final_18D/vectores_anuales/ssp245/18D_ssp245_2045_estado_p50.geojson,843533,33657b07105ed08237eddb69ba2d976a4f3a0a857fb323051e4729d3f9314790
outputs/productos_qgis_anuales_final_18D/vectores_anuales/ssp245/18D_ssp245_2046_estado_p50.geojson,843533,c8bffb0722e54cff614d3769274ec17db71adba5511bf4fe4c377510d395bae5
outputs/productos_qgis_anuales_final_18D/vectores_anuales/ssp245/18D_ssp245_2047_estado_p50.geojson,843859,88ec608401c4f8b0e0835142c9e8bc32a1cd62245a831a3f19c78692ac8e0cb6
outputs/productos_qgis_anuales_final_18D/vectores_anuales/ssp245/18D_ssp245_2048_estado_p50.geojson,842513,0e91d25a1c5866c00e474c594b79930e3aeaaa3daa0f55894607bf3cfa3b7065
outputs/productos_qgis_anuales_final_18D/vectores_anuales/ssp245/18D_ssp245_2049_estado_p50.geojson,843533,776226e35ed2aa484567cb5a5d7d4d4e84b8a3666964ab2d9ab334460d9a2214
outputs/productos_qgis_anuales_final_18D/vectores_anuales/ssp245/18D_ssp245_2050_estado_p50.geojson,843533,921038ab100305d485d6a92f1797dfe2411cbdbf5dbf09a8dc5f85efacf85422
outputs/productos_qgis_anuales_final_18D/vectores_anuales/ssp585/18D_ssp585_2027_estado_p50.geojson,843713,6766e859dcac90348375e7237bc0dc900b9228e86be105b7f19fdec53de83716
outputs/productos_qgis_anuales_final_18D/vectores_anuales/ssp585/18D_ssp585_2028_estado_p50.geojson,843713,21366de5f1f6da693aa382fbf197acf515db716b70525d814d08b7a91c981176
outputs/productos_qgis_anuales_final_18D/vectores_anuales/ssp585/18D_ssp585_2029_estado_p50.geojson,842605,566937e0315aff54e3c69cb9b91ac6b74b7b32400987e0aa15e2559e06a5944d
outputs/productos_qgis_anuales_final_18D/vectores_anuales/ssp585/18D_ssp585_2030_estado_p50.geojson,842605,c0275288387b20905ff1456970f9590773622c4262c7646fb701ca8bf14236cf
outputs/productos_qgis_anuales_final_18D/vectores_anuales/ssp585/18D_ssp585_2031_estado_p50.geojson,844139,710c711a42cdd0db196e972b9c2c3e068442029ce3df38dd16765eb2a6a7b87a
outputs/productos_qgis_anuales_final_18D/vectores_anuales/ssp585/18D_ssp585_2032_estado_p50.geojson,843721,0cc229b88fbf87d9e08020bcf54818eb04e32aff07ed0eef37c5116cd01fcd7d
outputs/productos_qgis_anuales_final_18D/vectores_anuales/ssp585/18D_ssp585_2033_estado_p50.geojson,844139,8923b1d9ecaf9ba718d77a1fb7a033e9b4af01d8b2d492ca343e5f5b5bf81675
outputs/productos_qgis_anuales_final_18D/vectores_anuales/ssp585/18D_ssp585_2034_estado_p50.geojson,844465,6075dedbca296e864c500b53948771e3a714c56cf81444b022d7e81823d234fe
outputs/productos_qgis_anuales_final_18D/vectores_anuales/ssp585/18D_ssp585_2035_estado_p50.geojson,844465,47ab192dcc9170492ec11a108233fb2be82632e02b171ca1d19080639f8d7143
outputs/productos_qgis_anuales_final_18D/vectores_anuales/ssp585/18D_ssp585_2036_estado_p50.geojson,844373,b4155eeeb8a9d1163bd891b2a1752c31ac51dd20848761e62fd3276e8b03b45c
outputs/productos_qgis_anuales_final_18D/vectores_anuales/ssp585/18D_ssp585_2037_estado_p50.geojson,844373,15e5ad90976f00a2ea9f5f55fac4547fb322145864acae842f6a11110b30f3c6
outputs/productos_qgis_anuales_final_18D/vectores_anuales/ssp585/18D_ssp585_2038_estado_p50.geojson,844837,65ab21a59f40a3c28ff267f93bf196b2fec8395fe8335b659e796d2164d66d13
outputs/productos_qgis_anuales_final_18D/vectores_anuales/ssp585/18D_ssp585_2039_estado_p50.geojson,845021,371ed82e3793ed29c0522cfb7bd6bfe4c9ae4d45f316ec1f2eb495a0d8489bf1
outputs/productos_qgis_anuales_final_18D/vectores_anuales/ssp585/18D_ssp585_2040_estado_p50.geojson,844557,a69f796062772ec7776307d6d44c2bdb761ffc6e76109a3a9c643d4e22c2ee10
outputs/productos_qgis_anuales_final_18D/vectores_anuales/ssp585/18D_ssp585_2041_estado_p50.geojson,844557,a079311f411c309ab7a089308ae3db2fd74ff203ac9283f2fc414c3b94273d0e
outputs/productos_qgis_anuales_final_18D/vectores_anuales/ssp585/18D_ssp585_2042_estado_p50.geojson,843209,36cf767ee9f16e5a8b04877a7004d4d17add00598ce4bb7ce2a3135ac86f5c89
outputs/productos_qgis_anuales_final_18D/vectores_anuales/ssp585/18D_ssp585_2043_estado_p50.geojson,843345,a0fca43117374ab380a00084602785118a4b936a1c45f590fcc5433f85fafc00
outputs/productos_qgis_anuales_final_18D/vectores_anuales/ssp585/18D_ssp585_2044_estado_p50.geojson,840379,32288539de43bfec12f363c9a79efeefe6636f3874f4dd6a4acc5f978dfca6db
outputs/productos_qgis_anuales_final_18D/vectores_anuales/ssp585/18D_ssp585_2045_estado_p50.geojson,841906,935d6c7d8777158e08dc7e3af3729f2028b9a87d5bed56fdc1f0f5d01c9c9d08
outputs/productos_qgis_anuales_final_18D/vectores_anuales/ssp585/18D_ssp585_2046_estado_p50.geojson,842418,54b858f348824113967346a6105f227ada8c86b4b70405b5153a52779c327f63
outputs/productos_qgis_anuales_final_18D/vectores_anuales/ssp585/18D_ssp585_2047_estado_p50.geojson,839704,683d19429af8be7c63a9398574ce09837ca97e9ad03b4586a059a8f5376a7b11
outputs/productos_qgis_anuales_final_18D/vectores_anuales/ssp585/18D_ssp585_2048_estado_p50.geojson,838222,7a07710b744429d357ee73f81f6f389251be6d871300f1b77309e1cf11ac198d
outputs/productos_qgis_anuales_final_18D/vectores_anuales/ssp585/18D_ssp585_2049_estado_p50.geojson,839557,9c31d7db89f848ea7c5fc69b9fb209a036b2cc79bf90a54b0f3f14e6d65a644e
outputs/productos_qgis_anuales_final_18D/vectores_anuales/ssp585/18D_ssp585_2050_estado_p50.geojson,839370,c5f3da4c2c6e0a0cc5e8356ea0fb34ffc0fa9617b42ed20c118cd275e8f7393b
outputs/validacion/bootstrap_skill.csv,559,65254177007390db74000788a4253818318f7412f793224ab7dbc0937ebc5f4d
outputs/validacion/diagnostico_residuos.csv,734,aaddd8ed97dfa134b8792c04566621b147e37cc23c0cef6172b866866fcb0dde
outputs/validacion/metricas_globales_test.csv,1766,477a002ddf85ecf0c5f3c9571bfdb70270504647a5b25e40649ef12649469c41
outputs/validacion/metricas_por_ano.csv,587,616ac489d5c67a761ce16e04fdb6d467c62a0e8b93e801ba99d7315d9d4a3fc0
outputs/validacion/metricas_por_estacion.csv,448,6387323a550a4a6d6723ae370e7fdcd1d2a99e22a3890cf8acc0d652af2f8c42
outputs/validacion/metricas_por_horizonte.csv,1540,d3c10b73849c6f80a943d5f8acbad14ec958e84a9da054a931fb9fea8b713951
outputs/validacion/metricas_por_regimen.csv,711,d3c6bd174f5bf6f20db845754b41b658f3f79ba4eab2cb1563ea862d42faa22b
outputs/validacion/predicciones_rolling_horizontes.csv,58044,37254874973e5755bf146214b8332defff0b655ad6f9ea1818b2d9a63e348a2e
outputs/validacion/predicciones_validacion_test.csv,17099,4117764c57cee0d82c1d21857fdc9802ad7b2aff6f3004ab2a3f9d78863acf86
outputs/validacion/reporte_validacion_final.md,1702,ad4a4fe43857c947fd00b3ece1255082583007b72c40b75824697b541ccd48b0
outputs/validacion/resumen_validacion.csv,1173,355579dc05a5865414c277338d501de4807caaec1f4ebb6fa7723c580595d3e4
outputs/validacion/sensibilidad_monte_carlo.csv,285376,e4f06362a77b4dfc763ef154a38dcf16acb12b3d22a4f2b100de6973374fe6ad
outputs/validacion/sensibilidad_monte_carlo_resumen.csv,247,ae25d03ea42afc60f8f16b3d767c65ef7c566d3312b90e464d6f7cbc42871456
outputs/validacion/sensibilidad_parametros.csv,2845,8e11573ca2860e557267ff32aa05e4edd83693b3111083c50190447d552f62a4
outputs/validacion/tendencias_test.csv,215,186a3cf86d3351b4943b78c5cf1975ae44451adfec34485392c9f1214b8e04e2
qgis/18e_qgis_cargar_y_estilizar_tiffs_18D.py,11652,9316f072fb938bf77b8a9f16ff705f0adb5fb40cadf800bb3d45a4e247c36fdd
requirements.txt,164,5a87b7435797b54de1b6527944e18a61d313717668fba652e4e687ccf1553dc7
src/01_preparar_datos.py,22478,a874982830554d2a5238169929641522d02eec12b6659252ba2b741bd47337f9
src/02_modelar_caudales.py,37556,ff753e198402a4dd2a593cf56c705e7e922621819559f8933ef03fb5af3f2122
src/03_balance_hidrico.py,26342,3a1a174a9100f946da09b17c33d910ad4fca5ee13554a2321524b2474620da70
src/04_ml_residual.py,33020,4a0d4584e1346b71ba77261e2946db7a8f840aa13d4b736844cfdbffa1bf6004
src/05_validar_modelo.py,51926,5209844918115273e4310acca037f976dfe6cf4b4c218d2b2b28d6d1636856db
src/06_preparar_cmip6.py,41837,53558d5f01ffcd4f89a38d197ddfee871312a7932d85c06f903cded706ab5d3f
src/08_preparar_referencia_1981_2014.py,9823,58d01e469c3f89f3aa03ccd6e09d38a4b9a207e7b9c045337f4e4dee3fadb557
src/09_validar_compatibilidad_climatica.py,19207,d0b904d7a2b39ad2fd358e97d40e3ed69537c054411434546ea4cf7d119e678f
src/10a_auditar_caudales_future_compatible.py,15685,de8d1a0e8233970aca775abeec2ffa046fc83cb898c4352029d59bd12182f375
src/10b_reentrenar_caudales_future_compatible_CORREGIDO.py,19888,1986d7d8bcf305dc86accfc213a720159d5f1713380ec842add34e762074ab71
src/10c_validar_caudal_total_future_compatible.py,16909,4ec6745d9bb706705d3d6ec865e02a83775c0e1c8b23d6a5a72cfc241375d83a
src/10d_calibrar_sesgo_caudal_total.py,34407,b645a686b73edc5141966833ff555a2a922e5c5335f46320f5cf5bf0600b1cf0
src/11a_diagnosticar_evaporacion_future_compatible.py,28002,903280c69e689964de4045429b91816ae176e83415c79513a1676f37949c0c0d
src/11b_recalibrar_balance_con_evaporacion_future_compatible_v2.py,37941,4627123bba99e3a6ff435d993bcdb6e6cdec9af08cde8f2ef32a4d772dcf8dcd
src/13k_congelar_rama_future_compatible_caudales.py,22655,8f6b14dcb29ab57cbce0fdec4e199bbbd8ec1e6e814f009a0c5a44c64a76612d
src/14d_congelar_rama_future_compatible_evaporacion.py,15841,4da851d2f1fc5608be358f569f469d477e670463196f8d416aee2400d21a67f6
src/15a0_preflight_fuentes_climatologias.py,17915,b2591ce4685e55453e5af64e7549c35f11594abc6e7b3e1160e98d7c823ac46d
src/15b2_sensibilidad_orden_termico_q.py,21173,c6bec710d830d41a9b63f7f30819d4964f498e1352ce52610a00ec7cdccb06cc
src/15b_auditoria_termica_rlds_e14d_v2.py,19072,be16674bd50fe6a0016319f1413c4098df9098f0ca4b7d6b7fb37062457e01ff
src/15c_congelar_rama_future_compatible_nivel.py,41026,1513cf1cac306b65f8c6fd7798a9a781a3afc22b877d9996ff86ac72cec216a9
src/16b4a_mascara_maestra_lago_actual_CON_LIMPIEZA.py,25693,ccbec9e2627242401b4099d93e76ab37cf03d3a4e650685343d5b0dd20ebdb4b
src/16b4b_superficie_litoral_observacional.py,41748,eb077b3f8ffab37cb1dbbe0d897e4716a15bef5812f1f90f3baa0c197cf172b9
src/16b4c2_corredor_directo_observado.py,37516,f9df6a9dba410f8f00fab06daf5d6b397e4aaec4a0698d37a9055323f41bf687
src/16b4d0_auditar_soporte_AMSCLAE_extrapolacion.py,30355,9569b6c8dd93a67fad278874cc42368b3ac468f64027b54690e652b37a1b33cc
src/16b5a_auditar_niveles_historicos_para_extender_costa.py,19817,09273bde4bb0a7c3d941fcab607ef932ddc31922f91b4b9a2696210e0b7cb1ab
src/16b6_mapa_capacidad_espacial_costera.py,27766,91d257665fd082d8524425beffe6500c5787353786043288ededd261ccf0d9e8
src/16b7_aplicar_niveles_futuros_2030_2050.py,33646,b395b85e92e075b86ca76e03798e70cf9b5b6e845b28aafbbeda64fa076bd646
src/16b8_zonas_nueva_exposicion_litoral.py,26066,ffdeab7545c72e59e8865ef8c4a7357a45a3b3c23b23ee846d60aef4589a9643
src/16b9_congelar_rama_costera_future_compatible.py,19548,8956e6336c755bdec737c9b7b6b9e0c75be3e079b8a658ac2b1d546997bc1cfb
src/16c1_hipsometria_total_completa.py,31529,28064b7c53aa3f94d8fcdf4a86cee10802dd33457036417f227a9f747f2783d9
src/16c2_congelar_hipsometria_future_compatible.py,24041,ef7167df49c4a0be68b2cee8fbc53681e615e5d37d3ab333418ac68963c2dc01
src/16c3_auditar_consistencia_costa_vs_hipsometria.py,13952,e57ada16c4c2dfb0bb1f6848e4b326a80d606ce262016102c75b7ffc76fddf3e
src/16c4_area_futura_acotada_y_volumen_retenido.py,19210,9c41220ade9b7c8dc218160ca358435cef1abb8ef8d61d116345c19b9b10f881
src/16c5_integrar_y_congelar_hidromorfologia_final.py,17555,83647c5fbec1412da6a2bf576826289a979e8efc5c0e4ffc26b09d9673d684b7
src/18d_productos_qgis_anuales_finales_validados.py,28255,9aa6a63d57a42172540fbcd0b7502004251ce5130994347c909d299a4a029765
studies/caudales.sqlite3,352256,5fa17063540c2bf75bdf249e6405d7d4d41cbc5e4adf5879372cf416f18fa0cd
studies/ml_residual.sqlite3,208896,a29616be36afe7a331b51aa073ef9456e3d2b8c8812c29d917482da976c1a9de
tools/run_final_products.py,707,91de74972458a7aa4f348224097111680edcafd6044cc59db5d223b68935cfd6
tools/run_pipeline.py,1893,1353b46e7b8d02b6dd93e9f3eb661e2ddb7abdd13941d13694d806cf75b437bc
tools/verify_repository.py,2590,0c472969cc605ea71078b0cc46bd02c414beeff616e99e1565cb4292bb002b41
