date,year,month,doy,longwave_mj_m2
2015-01-01,2015,1,1,31.65784308426483
2015-01-02,2015,1,2,29.772551813413585
2015-01-03,2015,1,3,28.44669154858125
2015-01-04,2015,1,4,30.531462308684436
2015-01-05,2015,1,5,30.18787916509028
2015-01-06,2015,1,6,31.2175932699914
2015-01-07,2015,1,7,29.313364430782457
2015-01-08,2015,1,8,30.50912689681857
2015-01-09,2015,1,9,29.96317191229579
2015-01-10,2015,1,10,30.038900815133285
2015-01-11,2015,1,11,30.359345255374027
2015-01-12,2015,1,12,30.862492429062772
2015-01-13,2015,1,13,30.702720272570936
2015-01-14,2015,1,14,31.669043900257954
2015-01-15,2015,1,15,31.50529568873603
2015-01-16,2015,1,16,32.059192344797935
2015-01-17,2015,1,17,31.165674455717966
2015-01-18,2015,1,18,30.41386610318143
2015-01-19,2015,1,19,29.700145499570073
2015-01-20,2015,1,20,29.049133130696475
2015-01-21,2015,1,21,30.03039282459157
2015-01-22,2015,1,22,30.233125722269993
2015-01-23,2015,1,23,28.95843738091143
2015-01-24,2015,1,24,31.18453426827172
2015-01-25,2015,1,25,30.52093049871024
2015-01-26,2015,1,26,29.5494595305245
2015-01-27,2015,1,27,28.83652895700774
2015-01-28,2015,1,28,27.902638171969045
2015-01-29,2015,1,29,26.564015535683573
2015-01-30,2015,1,30,27.069272584694758
2015-01-31,2015,1,31,28.82718083061049
2015-02-01,2015,2,32,28.185268253654343
2015-02-02,2015,2,33,29.439035082545136
2015-02-03,2015,2,34,28.142023803955286
2015-02-04,2015,2,35,28.611333872742904
2015-02-05,2015,2,36,30.508289271711092
2015-02-06,2015,2,37,31.00576155889939
2015-02-07,2015,2,38,30.66877880653482
2015-02-08,2015,2,39,31.201546055030096
2015-02-09,2015,2,40,30.848142133276006
2015-02-10,2015,2,41,31.47031174634565
2015-02-11,2015,2,42,31.65211806018916
2015-02-12,2015,2,43,30.885916107480654
2015-02-13,2015,2,44,30.518178337919174
2015-02-14,2015,2,45,29.117284034393805
2015-02-15,2015,2,46,28.066209113499564
2015-02-16,2015,2,47,28.002127755803954
2015-02-17,2015,2,48,29.321595099742044
2015-02-18,2015,2,49,30.659712061049014
2015-02-19,2015,2,50,30.99835039122958
2015-02-20,2015,2,51,30.6648746311264
2015-02-21,2015,2,52,30.78801413327601
2015-02-22,2015,2,53,29.915252169389507
2015-02-23,2015,2,54,29.2650741539123
2015-02-24,2015,2,55,31.168354944969902
2015-02-25,2015,2,56,29.21170716680997
2015-02-26,2015,2,57,30.09216367411866
2015-02-27,2015,2,58,30.79853839810834
2015-02-28,2015,2,59,30.745410892519345
2015-03-01,2015,3,60,30.111400966466032
2015-03-02,2015,3,61,30.501790257093724
2015-03-03,2015,3,62,30.305528847807395
2015-03-04,2015,3,63,29.50784909544282
2015-03-05,2015,3,64,29.91953903095443
2015-03-06,2015,3,65,30.90922224849527
2015-03-07,2015,3,66,29.46376838177128
2015-03-08,2015,3,67,28.95691696130697
2015-03-09,2015,3,68,27.835333903697332
2015-03-10,2015,3,69,27.87364649699054
2015-03-11,2015,3,70,29.571767672398963
2015-03-12,2015,3,71,31.312259665520205
2015-03-13,2015,3,72,32.217686197764394
2015-03-14,2015,3,73,31.564641098022356
2015-03-15,2015,3,74,30.085568243336205
2015-03-16,2015,3,75,31.000344319862418
2015-03-17,2015,3,76,29.068323460877043
2015-03-18,2015,3,77,31.663922132416165
2015-03-19,2015,3,78,32.65778153138435
2015-03-20,2015,3,79,32.11638533276011
2015-03-21,2015,3,80,31.78433006018917
2015-03-22,2015,3,81,31.648374175408428
2015-03-23,2015,3,82,31.257689390369734
2015-03-24,2015,3,83,30.08551736543422
2015-03-25,2015,3,84,31.593913797076524
2015-03-26,2015,3,85,31.72197518400688
2015-03-27,2015,3,86,31.090801677558037
2015-03-28,2015,3,87,32.50186811006018
2015-03-29,2015,3,88,31.99697671023216
2015-03-30,2015,3,89,33.10806476354256
2015-03-31,2015,3,90,31.64889758985382
2015-04-01,2015,4,91,30.880193091143596
2015-04-02,2015,4,92,31.613684715391233
2015-04-03,2015,4,93,32.13547843336199
2015-04-04,2015,4,94,30.62256786070507
2015-04-05,2015,4,95,29.419706680997415
2015-04-06,2015,4,96,31.034661688736026
2015-04-07,2015,4,97,30.116534181427348
2015-04-08,2015,4,98,30.819497305245054
2015-04-09,2015,4,99,30.763855381771283
2015-04-10,2015,4,100,30.98760574548582
2015-04-11,2015,4,101,30.850096286328462
2015-04-12,2015,4,102,31.247198911435945
2015-04-13,2015,4,103,31.52240272398968
2015-04-14,2015,4,104,32.680075277730005
2015-04-15,2015,4,105,32.13937942992262
2015-04-16,2015,4,106,31.946887335339632
2015-04-17,2015,4,107,31.824673316423052
2015-04-18,2015,4,108,32.645874720550296
2015-04-19,2015,4,109,30.643461859845228
2015-04-20,2015,4,110,31.410873928632842
2015-04-21,2015,4,111,31.302158041272573
2015-04-22,2015,4,112,31.157305099742047
2015-04-23,2015,4,113,30.54114376010318
2015-04-24,2015,4,114,31.38639696904557
2015-04-25,2015,4,115,31.022588376612212
2015-04-26,2015,4,116,31.538498670679278
2015-04-27,2015,4,117,31.680548858985382
2015-04-28,2015,4,118,32.244510129836634
2015-04-29,2015,4,119,33.08920967583835
2015-04-30,2015,4,120,33.46118552794498
2015-05-01,2015,5,121,32.87213609028375
2015-05-02,2015,5,122,33.384862409286335
2015-05-03,2015,5,123,33.12982525967326
2015-05-04,2015,5,124,32.73175022957868
2015-05-05,2015,5,125,31.60912361306965
2015-05-06,2015,5,126,29.963173912295783
2015-05-07,2015,5,127,29.988694815133282
2015-05-08,2015,5,128,29.58729340412726
2015-05-09,2015,5,129,31.495827398108343
2015-05-10,2015,5,130,31.782823059329324
2015-05-11,2015,5,131,31.737644642304385
2015-05-12,2015,5,132,32.711469558899395
2015-05-13,2015,5,133,32.429195994840924
2015-05-14,2015,5,134,32.34659012123818
2015-05-15,2015,5,135,31.29502625279449
2015-05-16,2015,5,136,31.561705398108337
2015-05-17,2015,5,137,31.90708641960447
2015-05-18,2015,5,138,31.925978086844367
2015-05-19,2015,5,139,32.56276184694755
2015-05-20,2015,5,140,32.34639246431643
2015-05-21,2015,5,141,32.12538090885641
2015-05-22,2015,5,142,33.119894239036974
2015-05-23,2015,5,143,32.89587506190886
2015-05-24,2015,5,144,32.522882464316424
2015-05-25,2015,5,145,32.30506473516766
2015-05-26,2015,5,146,32.08916323129837
2015-05-27,2015,5,147,32.14569733533964
2015-05-28,2015,5,148,31.251078905417025
2015-05-29,2015,5,149,31.269030011177993
2015-05-30,2015,5,150,31.839254252794497
2015-05-31,2015,5,151,31.271476194325025
2015-06-01,2015,6,152,32.03402043078246
2015-06-02,2015,6,153,32.86386851418744
2015-06-03,2015,6,154,32.73960215993121
2015-06-04,2015,6,155,33.32312777987962
2015-06-05,2015,6,156,33.21114585038693
2015-06-06,2015,6,157,33.28224549957008
2015-06-07,2015,6,158,32.54721163198625
2015-06-08,2015,6,159,32.69933016509028
2015-06-09,2015,6,160,33.17588438607051
2015-06-10,2015,6,161,32.972560283748926
2015-06-11,2015,6,162,32.593323246775576
2015-06-12,2015,6,163,33.26797301289767
2015-06-13,2015,6,164,33.204651815993124
2015-06-14,2015,6,165,32.629909309544274
2015-06-15,2015,6,166,33.07919402837489
2015-06-16,2015,6,167,33.394978369733444
2015-06-17,2015,6,168,33.08129876956147
2015-06-18,2015,6,169,32.118900291487535
2015-06-19,2015,6,170,33.0749926938951
2015-06-20,2015,6,171,32.47681295958728
2015-06-21,2015,6,172,31.44845467239897
2015-06-22,2015,6,173,30.66463879965606
2015-06-23,2015,6,174,30.665766671539117
2015-06-24,2015,6,175,31.766424699054166
2015-06-25,2015,6,176,32.72737557523646
2015-06-26,2015,6,177,33.00873030352537
2015-06-27,2015,6,178,32.00891360447119
2015-06-28,2015,6,179,30.819207508168528
2015-06-29,2015,6,180,32.42985378761822
2015-06-30,2015,6,181,32.70168177214101
2015-07-01,2015,7,182,31.829479995700773
2015-07-02,2015,7,183,31.21530962080826
2015-07-03,2015,7,184,32.607403460017196
2015-07-04,2015,7,185,32.07568028374892
2015-07-05,2015,7,186,32.328184153052455
2015-07-06,2015,7,187,33.27230803095443
2015-07-07,2015,7,188,31.72857534823732
2015-07-08,2015,7,189,31.364974200343937
2015-07-09,2015,7,190,32.61699539122958
2015-07-10,2015,7,191,33.54177469733448
2015-07-11,2015,7,192,33.62346758383491
2015-07-12,2015,7,193,31.4658247850387
2015-07-13,2015,7,194,30.809072232158208
2015-07-14,2015,7,195,30.796915370593293
2015-07-15,2015,7,196,30.862623447119514
2015-07-16,2015,7,197,32.29188181427343
2015-07-17,2015,7,198,32.62434056749785
2015-07-18,2015,7,199,32.95425895700774
2015-07-19,2015,7,200,32.243885777300086
2015-07-20,2015,7,201,31.946983090283748
2015-07-21,2015,7,202,31.735707970765258
2015-07-22,2015,7,203,32.12069963284608
2015-07-23,2015,7,204,32.64094624333621
2015-07-24,2015,7,205,32.513109206362856
2015-07-25,2015,7,206,32.266848474634564
2015-07-26,2015,7,207,30.710823722269993
2015-07-27,2015,7,208,30.720307982803096
2015-07-28,2015,7,209,31.2672749200344
2015-07-29,2015,7,210,32.609657670679276
2015-07-30,2015,7,211,32.48522713241617
2015-07-31,2015,7,212,31.55088271883061
2015-08-01,2015,8,213,31.062070351676695
2015-08-02,2015,8,214,32.00203242046431
2015-08-03,2015,8,215,32.354348717970765
2015-08-04,2015,8,216,32.09067827515047
2015-08-05,2015,8,217,31.335377514187446
2015-08-06,2015,8,218,32.54773614875323
2015-08-07,2015,8,219,30.433352952708514
2015-08-08,2015,8,220,32.81238671023216
2015-08-09,2015,8,221,32.07697454514188
2015-08-10,2015,8,222,31.247250846087702
2015-08-11,2015,8,223,32.45167050558899
2015-08-12,2015,8,224,33.072114129836635
2015-08-13,2015,8,225,32.55746453310404
2015-08-14,2015,8,226,31.882169919174547
2015-08-15,2015,8,227,32.783551533963895
2015-08-16,2015,8,228,32.31815388650043
2015-08-17,2015,8,229,32.55998006964746
2015-08-18,2015,8,230,32.02669940412726
2015-08-19,2015,8,231,31.648448903697332
2015-08-20,2015,8,232,30.706775558039553
2015-08-21,2015,8,233,31.23981102837489
2015-08-22,2015,8,234,32.000391030094576
2015-08-23,2015,8,235,31.934319207222703
2015-08-24,2015,8,236,30.7113353972485
2015-08-25,2015,8,237,30.386374122957864
2015-08-26,2015,8,238,31.736029949269128
2015-08-27,2015,8,239,32.30902226827171
2015-08-28,2015,8,240,33.23750931298366
2015-08-29,2015,8,241,32.8425189561479
2015-08-30,2015,8,242,32.24950094153053
2015-08-31,2015,8,243,32.86653738005159
2015-09-01,2015,9,244,32.51119012037834
2015-09-02,2015,9,245,32.67109211092003
2015-09-03,2015,9,246,32.35011269905417
2015-09-04,2015,9,247,32.42895915477214
2015-09-05,2015,9,248,32.4498085227859
2015-09-06,2015,9,249,32.975028732588136
2015-09-07,2015,9,250,32.76236446259673
2015-09-08,2015,9,251,32.77110650902837
2015-09-09,2015,9,252,32.81858716423044
2015-09-10,2015,9,253,33.091760984522786
2015-09-11,2015,9,254,32.48337600257954
2015-09-12,2015,9,255,31.910163232158208
2015-09-13,2015,9,256,31.948620374032675
2015-09-14,2015,9,257,33.0092108478074
2015-09-15,2015,9,258,32.97211086930353
2015-09-16,2015,9,259,31.53705815305245
2015-09-17,2015,9,260,31.84855618142734
2015-09-18,2015,9,261,32.154918740326735
2015-09-19,2015,9,262,32.35775422699914
2015-09-20,2015,9,263,32.61114537575237
2015-09-21,2015,9,264,33.16417078245916
2015-09-22,2015,9,265,34.048114272570935
2015-09-23,2015,9,266,33.21903931126397
2015-09-24,2015,9,267,34.030307579535695
2015-09-25,2015,9,268,33.672321597592436
2015-09-26,2015,9,269,33.04552542304385
2015-09-27,2015,9,270,33.38920905846948
2015-09-28,2015,9,271,33.58897618400688
2015-09-29,2015,9,272,33.22742224247635
2015-09-30,2015,9,273,32.37186057265693
2015-10-01,2015,10,274,32.44848495098882
2015-10-02,2015,10,275,32.54306294496991
2015-10-03,2015,10,276,33.055190133276014
2015-10-04,2015,10,277,32.21536325709373
2015-10-05,2015,10,278,33.09793677472055
2015-10-06,2015,10,279,33.37274909372313
2015-10-07,2015,10,280,32.939397631986246
2015-10-08,2015,10,281,32.80538433104041
2015-10-09,2015,10,282,32.36555613585554
2015-10-10,2015,10,283,32.9075933043852
2015-10-11,2015,10,284,32.23472838091144
2015-10-12,2015,10,285,31.24570742046431
2015-10-13,2015,10,286,32.16067871195185
2015-10-14,2015,10,287,32.112861923473766
2015-10-15,2015,10,288,32.55451134995701
2015-10-16,2015,10,289,33.88606304127257
2015-10-17,2015,10,290,33.90740001031814
2015-10-18,2015,10,291,33.86878603869304
2015-10-19,2015,10,292,33.88571332588135
2015-10-20,2015,10,293,33.158599518486675
2015-10-21,2015,10,294,32.3921139449699
2015-10-22,2015,10,295,33.31421861650903
2015-10-23,2015,10,296,32.15425121668099
2015-10-24,2015,10,297,32.288436529664665
2015-10-25,2015,10,298,32.43337791315563
2015-10-26,2015,10,299,33.16283459931213
2015-10-27,2015,10,300,33.077315747205496
2015-10-28,2015,10,301,32.3494751616509
2015-10-29,2015,10,302,32.40865182373173
2015-10-30,2015,10,303,31.997735475494412
2015-10-31,2015,10,304,31.04796616766982
2015-11-01,2015,11,305,31.285857335339642
2015-11-02,2015,11,306,32.217191981943245
2015-11-03,2015,11,307,32.464277785898545
2015-11-04,2015,11,308,31.250938196904556
2015-11-05,2015,11,309,31.076695481513333
2015-11-06,2015,11,310,31.33312950128976
2015-11-07,2015,11,311,32.085362078245915
2015-11-08,2015,11,312,32.82004422012037
2015-11-09,2015,11,313,32.718765987962165
2015-11-10,2015,11,314,32.77496398796217
2015-11-11,2015,11,315,32.64465612295787
2015-11-12,2015,11,316,33.161810171109195
2015-11-13,2015,11,317,33.211545504729145
2015-11-14,2015,11,318,33.61532286070508
2015-11-15,2015,11,319,33.792886212381774
2015-11-16,2015,11,320,32.96847943766122
2015-11-17,2015,11,321,31.919910145313843
2015-11-18,2015,11,322,31.663874006878764
2015-11-19,2015,11,323,31.13080007566638
2015-11-20,2015,11,324,33.50921896302666
2015-11-21,2015,11,325,34.08597749097163
2015-11-22,2015,11,326,32.84014160619088
2015-11-23,2015,11,327,33.356075186586416
2015-11-24,2015,11,328,33.00897099140155
2015-11-25,2015,11,329,32.504438694754946
2015-11-26,2015,11,330,32.222828190025794
2015-11-27,2015,11,331,32.76510397248495
2015-11-28,2015,11,332,31.11948116680997
2015-11-29,2015,11,333,30.84328822699914
2015-11-30,2015,11,334,29.314333361135
2015-12-01,2015,12,335,28.04007106362855
2015-12-02,2015,12,336,29.81984492175408
2015-12-03,2015,12,337,30.406921080825455
2015-12-04,2015,12,338,30.529112551160786
2015-12-05,2015,12,339,30.80539337145314
2015-12-06,2015,12,340,32.015510497850386
2015-12-07,2015,12,341,32.04586575150473
2015-12-08,2015,12,342,32.047667052450564
2015-12-09,2015,12,343,31.255568895098882
2015-12-10,2015,12,344,31.43824023817713
2015-12-11,2015,12,345,32.17617304987102
2015-12-12,2015,12,346,31.70456473602751
2015-12-13,2015,12,347,32.04554098624247
2015-12-14,2015,12,348,30.989829417884778
2015-12-15,2015,12,349,32.48415789767842
2015-12-16,2015,12,350,33.03593525365435
2015-12-17,2015,12,351,32.50735565606191
2015-12-18,2015,12,352,31.614241834909713
2015-12-19,2015,12,353,31.970410521066206
2015-12-20,2015,12,354,33.072556288908
2015-12-21,2015,12,355,31.233675973344795
2015-12-22,2015,12,356,29.34278184092863
2015-12-23,2015,12,357,29.37163080825451
2015-12-24,2015,12,358,29.42929987790198
2015-12-25,2015,12,359,30.7597191177988
2015-12-26,2015,12,360,29.08233770937231
2015-12-27,2015,12,361,28.69020797420465
2015-12-28,2015,12,362,29.421562739466893
2015-12-29,2015,12,363,30.365514481513326
2015-12-30,2015,12,364,29.90449096388649
2015-12-31,2015,12,365,30.147361387790195
2016-01-01,2016,1,1,31.506006165090287
2016-01-02,2016,1,2,30.693634149613068
2016-01-03,2016,1,3,32.22619512381772
2016-01-04,2016,1,4,31.877131450558895
2016-01-05,2016,1,5,31.204718516766977
2016-01-06,2016,1,6,30.672486459157355
2016-01-07,2016,1,7,30.533379711092007
2016-01-08,2016,1,8,29.84983329062769
2016-01-09,2016,1,9,28.593877110060188
2016-01-10,2016,1,10,29.5999091255374
2016-01-11,2016,1,11,31.296585348237322
2016-01-12,2016,1,12,30.936464797936374
2016-01-13,2016,1,13,31.688688618228717
2016-01-14,2016,1,14,30.734613301805673
2016-01-15,2016,1,15,30.550740228718826
2016-01-16,2016,1,16,30.6823987300086
2016-01-17,2016,1,17,31.42590631212381
2016-01-18,2016,1,18,28.894138767841792
2016-01-19,2016,1,19,29.661772619948405
2016-01-20,2016,1,20,29.510026275150473
2016-01-21,2016,1,21,30.57581816766982
2016-01-22,2016,1,22,31.3036773516767
2016-01-23,2016,1,23,30.375682774720552
2016-01-24,2016,1,24,28.81234747893379
2016-01-25,2016,1,25,29.268950510748066
2016-01-26,2016,1,26,29.709335041272567
2016-01-27,2016,1,27,30.259372649183145
2016-01-28,2016,1,28,33.43981788907996
2016-01-29,2016,1,29,32.65959914531385
2016-01-30,2016,1,30,30.746372374892516
2016-01-31,2016,1,31,31.31357316852967
2016-02-01,2016,2,32,30.72998495528805
2016-02-02,2016,2,33,30.79452486070507
2016-02-03,2016,2,34,31.225189852966466
2016-02-04,2016,2,35,31.074831363714534
2016-02-05,2016,2,36,31.43295486328461
2016-02-06,2016,2,37,28.766336815133283
2016-02-07,2016,2,38,29.537009109200344
2016-02-08,2016,2,39,26.98619240670679
2016-02-09,2016,2,40,28.208625799656065
2016-02-10,2016,2,41,26.9200912527945
2016-02-11,2016,2,42,26.724784465176267
2016-02-12,2016,2,43,28.441738334479794
2016-02-13,2016,2,44,30.781608738607044
2016-02-14,2016,2,45,29.354193118658642
2016-02-15,2016,2,46,29.68239332674119
2016-02-16,2016,2,47,31.70280742562339
2016-02-17,2016,2,48,29.637054523645745
2016-02-18,2016,2,49,31.93487946431643
2016-02-19,2016,2,50,32.02689768959588
2016-02-20,2016,2,51,29.764605069647466
2016-02-21,2016,2,52,30.177045998280303
2016-02-22,2016,2,53,29.86766547205503
2016-02-23,2016,2,54,29.23966509028375
2016-02-24,2016,2,55,30.134861997420465
2016-02-25,2016,2,56,31.32398528976784
2016-02-26,2016,2,57,30.364788739466896
2016-02-27,2016,2,58,30.215958919174543
2016-02-28,2016,2,59,30.869961144453992
2016-02-29,2016,2,60,31.638949023215822
2016-03-01,2016,3,61,31.39871936543422
2016-03-02,2016,3,62,31.324848072227002
2016-03-03,2016,3,63,31.017939177987962
2016-03-04,2016,3,64,32.68079624763542
2016-03-05,2016,3,65,31.89497298710232
2016-03-06,2016,3,66,31.47422045485812
2016-03-07,2016,3,67,31.793365704213244
2016-03-08,2016,3,68,29.903169590713667
2016-03-09,2016,3,69,29.646482996560618
2016-03-10,2016,3,70,29.611871905417026
2016-03-11,2016,3,71,29.218376713671542
2016-03-12,2016,3,72,31.309051109200343
2016-03-13,2016,3,73,32.801081650042995
2016-03-14,2016,3,74,33.143211346517624
2016-03-15,2016,3,75,30.986997227858986
2016-03-16,2016,3,76,31.460399550300952
2016-03-17,2016,3,77,32.4970526122098
2016-03-18,2016,3,78,32.46091906792777
2016-03-19,2016,3,79,31.40686879707653
2016-03-20,2016,3,80,32.35799101547722
2016-03-21,2016,3,81,32.63073346947549
2016-03-22,2016,3,82,31.111056455717975
2016-03-23,2016,3,83,31.398170909716253
2016-03-24,2016,3,84,32.24439562940671
2016-03-25,2016,3,85,31.278267562338776
2016-03-26,2016,3,86,31.40628065950129
2016-03-27,2016,3,87,31.506235679277733
2016-03-28,2016,3,88,31.564582964746347
2016-03-29,2016,3,89,31.133621884780737
2016-03-30,2016,3,90,31.858829398108337
2016-03-31,2016,3,91,32.375704190885635
2016-04-01,2016,4,92,32.65803509028375
2016-04-02,2016,4,93,32.05345622269991
2016-04-03,2016,4,94,33.07066558297507
2016-04-04,2016,4,95,32.489984177987964
2016-04-05,2016,4,96,31.525852337919176
2016-04-06,2016,4,97,32.24126110232158
2016-04-07,2016,4,98,31.385612409286324
2016-04-08,2016,4,99,30.728848554600177
2016-04-09,2016,4,100,30.907262514187444
2016-04-10,2016,4,101,29.493733455717972
2016-04-11,2016,4,102,29.13008930954428
2016-04-12,2016,4,103,29.430605722269995
2016-04-13,2016,4,104,29.24982550816853
2016-04-14,2016,4,105,31.24154347635426
2016-04-15,2016,4,106,30.183211409286322
2016-04-16,2016,4,107,31.774663972484948
2016-04-17,2016,4,108,31.81587030266552
2016-04-18,2016,4,109,32.36768552966466
2016-04-19,2016,4,110,32.77393525021496
2016-04-20,2016,4,111,31.711909393809115
2016-04-21,2016,4,112,31.87257142992262
2016-04-22,2016,4,113,31.689253150472908
2016-04-23,2016,4,114,32.04482380911436
2016-04-24,2016,4,115,32.77150849441101
2016-04-25,2016,4,116,32.43880151934652
2016-04-26,2016,4,117,32.40809787618229
2016-04-27,2016,4,118,32.50094388564059
2016-04-28,2016,4,119,32.45700460361135
2016-04-29,2016,4,120,32.71222309114359
2016-04-30,2016,4,121,32.929933882201205
2016-05-01,2016,5,122,32.288582878761815
2016-05-02,2016,5,123,31.992752291487527
2016-05-03,2016,5,124,32.368834385210654
2016-05-04,2016,5,125,32.66768142218401
2016-05-05,2016,5,126,33.4749224144454
2016-05-06,2016,5,127,32.85613749613069
2016-05-07,2016,5,128,32.42882190283749
2016-05-08,2016,5,129,33.08803327773001
2016-05-09,2016,5,130,33.19351193895099
2016-05-10,2016,5,131,32.660716812553744
2016-05-11,2016,5,132,32.1662270361135
2016-05-12,2016,5,133,31.201988344797932
2016-05-13,2016,5,134,32.02904156749785
2016-05-14,2016,5,135,32.42580494239037
2016-05-15,2016,5,136,32.16982339466896
2016-05-16,2016,5,137,32.4517099922614
2016-05-17,2016,5,138,32.324673865864135
2016-05-18,2016,5,139,32.38557043508169
2016-05-19,2016,5,140,32.979487244196044
2016-05-20,2016,5,141,32.50100199484093
2016-05-21,2016,5,142,33.52925489509889
2016-05-22,2016,5,143,32.87963399656062
2016-05-23,2016,5,144,32.19024517540842
2016-05-24,2016,5,145,31.92428404127257
2016-05-25,2016,5,146,31.677603723129835
2016-05-26,2016,5,147,31.24963089767842
2016-05-27,2016,5,148,31.4737581160791
2016-05-28,2016,5,149,31.791675940670682
2016-05-29,2016,5,150,32.36525330008598
2016-05-30,2016,5,151,31.527085435941526
2016-05-31,2016,5,152,31.3310741616509
2016-06-01,2016,6,153,31.978321809974204
2016-06-02,2016,6,154,32.270136942390366
2016-06-03,2016,6,155,32.66612062424764
2016-06-04,2016,6,156,32.943847842648324
2016-06-05,2016,6,157,33.14336452880482
2016-06-06,2016,6,158,33.15202388736027
2016-06-07,2016,6,159,32.63590001805675
2016-06-08,2016,6,160,32.694402438521074
2016-06-09,2016,6,161,33.20619999914015
2016-06-10,2016,6,162,32.492296516766984
2016-06-11,2016,6,163,32.47998122699914
2016-06-12,2016,6,164,32.580104316423046
2016-06-13,2016,6,165,32.80172046517627
2016-06-14,2016,6,166,31.157795938091137
2016-06-15,2016,6,167,31.7907480816853
2016-06-16,2016,6,168,32.28487261478934
2016-06-17,2016,6,169,31.953622005159065
2016-06-18,2016,6,170,33.17558342992261
2016-06-19,2016,6,171,32.2762690816853
2016-06-20,2016,6,172,32.86694877644023
2016-06-21,2016,6,173,32.527474144454
2016-06-22,2016,6,174,31.297653884780743
2016-06-23,2016,6,175,32.691595975064494
2016-06-24,2016,6,176,32.715686155632
2016-06-25,2016,6,177,32.25027551160791
2016-06-26,2016,6,178,32.50047153912296
2016-06-27,2016,6,179,32.31260843078246
2016-06-28,2016,6,180,32.60589050644884
2016-06-29,2016,6,181,32.88830294754944
2016-06-30,2016,6,182,32.42260343250216
2016-07-01,2016,7,183,32.89144321324162
2016-07-02,2016,7,184,33.06715813069648
2016-07-03,2016,7,185,31.563262165950132
2016-07-04,2016,7,186,31.744049704213236
2016-07-05,2016,7,187,31.443379460877043
2016-07-06,2016,7,188,32.109352085124684
2016-07-07,2016,7,189,32.579250081685295
2016-07-08,2016,7,190,32.83442578761823
2016-07-09,2016,7,191,33.38335297592433
2016-07-10,2016,7,192,32.120101075666376
2016-07-11,2016,7,193,32.014269782459166
2016-07-12,2016,7,194,32.207229920894235
2016-07-13,2016,7,195,32.48783056749785
2016-07-14,2016,7,196,31.967999747205504
2016-07-15,2016,7,197,31.009657410146172
2016-07-16,2016,7,198,32.244069677558045
2016-07-17,2016,7,199,32.344510630266555
2016-07-18,2016,7,200,32.23296024075666
2016-07-19,2016,7,201,31.577514709372313
2016-07-20,2016,7,202,33.3149473061049
2016-07-21,2016,7,203,32.2670351539123
2016-07-22,2016,7,204,32.04692005503009
2016-07-23,2016,7,205,31.794206436801367
2016-07-24,2016,7,206,32.940321711951846
2016-07-25,2016,7,207,31.332413095442817
2016-07-26,2016,7,208,31.50939089681857
2016-07-27,2016,7,209,32.424215251074806
2016-07-28,2016,7,210,31.24466657351677
2016-07-29,2016,7,211,31.772841791057616
2016-07-30,2016,7,212,32.71582614101462
2016-07-31,2016,7,213,31.039511196904552
2016-08-01,2016,8,214,31.759131784178845
2016-08-02,2016,8,215,32.009817946689594
2016-08-03,2016,8,216,32.51629177644024
2016-08-04,2016,8,217,33.22239466466036
2016-08-05,2016,8,218,32.51809487618229
2016-08-06,2016,8,219,31.610493744625966
2016-08-07,2016,8,220,32.21093086156492
2016-08-08,2016,8,221,32.4506538194325
2016-08-09,2016,8,222,31.94410505674978
2016-08-10,2016,8,223,32.2663080455718
2016-08-11,2016,8,224,30.910185589853825
2016-08-12,2016,8,225,31.484745445399827
2016-08-13,2016,8,226,31.67455320894239
2016-08-14,2016,8,227,32.85951957437662
2016-08-15,2016,8,228,32.75310835941531
2016-08-16,2016,8,229,32.940413174548574
2016-08-17,2016,8,230,32.677548428202925
2016-08-18,2016,8,231,32.841359116079104
2016-08-19,2016,8,232,32.147346575236455
2016-08-20,2016,8,233,32.22495210490112
2016-08-21,2016,8,234,32.390273880481516
2016-08-22,2016,8,235,33.03870685468616
2016-08-23,2016,8,236,31.94336339380911
2016-08-24,2016,8,237,30.65965036973345
2016-08-25,2016,8,238,31.39728819862425
2016-08-26,2016,8,239,31.938188510748063
2016-08-27,2016,8,240,32.24390415821153
2016-08-28,2016,8,241,32.8993365950129
2016-08-29,2016,8,242,32.28077259673258
2016-08-30,2016,8,243,32.66783892949269
2016-08-31,2016,8,244,33.3141221349957
2016-09-01,2016,9,245,32.7164545305245
2016-09-02,2016,9,246,32.234713561478934
2016-09-03,2016,9,247,33.26919892175408
2016-09-04,2016,9,248,32.40582165348237
2016-09-05,2016,9,249,31.699109673258814
2016-09-06,2016,9,250,32.1238892433362
2016-09-07,2016,9,251,32.45943574118658
2016-09-08,2016,9,252,30.794576903697333
2016-09-09,2016,9,253,32.20946475838349
2016-09-10,2016,9,254,32.12479248495271
2016-09-11,2016,9,255,32.01144782287188
2016-09-12,2016,9,256,32.44184340584695
2016-09-13,2016,9,257,32.90027425021496
2016-09-14,2016,9,258,32.917979620808254
2016-09-15,2016,9,259,32.937622798796205
2016-09-16,2016,9,260,32.421081163370594
2016-09-17,2016,9,261,33.17347208512468
2016-09-18,2016,9,262,32.55242295528805
2016-09-19,2016,9,263,32.24720625107481
2016-09-20,2016,9,264,32.603269470335334
2016-09-21,2016,9,265,32.16037438950989
2016-09-22,2016,9,266,32.15279282373173
2016-09-23,2016,9,267,33.408818221840065
2016-09-24,2016,9,268,32.484059186586414
2016-09-25,2016,9,269,31.540097946689592
2016-09-26,2016,9,270,31.623902746345653
2016-09-27,2016,9,271,32.41050342648323
2016-09-28,2016,9,272,32.53124250214961
2016-09-29,2016,9,273,31.932197994840934
2016-09-30,2016,9,274,32.226214643164234
2016-10-01,2016,10,275,31.648725748925198
2016-10-02,2016,10,276,32.2012433877902
2016-10-03,2016,10,277,31.956623570937232
2016-10-04,2016,10,278,31.828876042132414
2016-10-05,2016,10,279,31.35702618744626
2016-10-06,2016,10,280,31.904378339638864
2016-10-07,2016,10,281,32.168583829750645
2016-10-08,2016,10,282,33.275521019776434
2016-10-09,2016,10,283,32.08549506448839
2016-10-10,2016,10,284,33.17496966552021
2016-10-11,2016,10,285,32.98788957695616
2016-10-12,2016,10,286,32.9262290094583
2016-10-13,2016,10,287,31.792760009458295
2016-10-14,2016,10,288,31.521111398968188
2016-10-15,2016,10,289,32.87974870593293
2016-10-16,2016,10,290,32.746248052450554
2016-10-17,2016,10,291,32.96774802149613
2016-10-18,2016,10,292,33.41514056147893
2016-10-19,2016,10,293,33.19502265004299
2016-10-20,2016,10,294,32.4704147738607
2016-10-21,2016,10,295,32.974879491831466
2016-10-22,2016,10,296,31.44918450558899
2016-10-23,2016,10,297,32.7381553250215
2016-10-24,2016,10,298,31.924769752364575
2016-10-25,2016,10,299,32.3897938288908
2016-10-26,2016,10,300,31.15797642132416
2016-10-27,2016,10,301,29.98786304213241
2016-10-28,2016,10,302,30.726616301805677
2016-10-29,2016,10,303,31.39492317282889
2016-10-30,2016,10,304,30.96507253568357
2016-10-31,2016,10,305,31.23525926913155
2016-11-01,2016,11,306,32.81057330352536
2016-11-02,2016,11,307,33.00067428804815
2016-11-03,2016,11,308,33.27647426827172
2016-11-04,2016,11,309,33.135436062768704
2016-11-05,2016,11,310,32.99657167067927
2016-11-06,2016,11,311,32.88069404901118
2016-11-07,2016,11,312,32.64128202063629
2016-11-08,2016,11,313,32.553075030954425
2016-11-09,2016,11,314,30.73701516509028
2016-11-10,2016,11,315,31.81596178503869
2016-11-11,2016,11,316,31.774269327601026
2016-11-12,2016,11,317,32.536054113499574
2016-11-13,2016,11,318,31.888703292347383
2016-11-14,2016,11,319,31.171958533104043
2016-11-15,2016,11,320,32.35157615735168
2016-11-16,2016,11,321,31.48141723645744
2016-11-17,2016,11,322,32.45640610404127
2016-11-18,2016,11,323,30.955736944110058
2016-11-19,2016,11,324,31.54735482803095
2016-11-20,2016,11,325,27.634165786758384
2016-11-21,2016,11,326,28.49721666981943
2016-11-22,2016,11,327,27.494615433361997
2016-11-23,2016,11,328,28.841557646603615
2016-11-24,2016,11,329,30.969803113499566
2016-11-25,2016,11,330,31.452666423903697
2016-11-26,2016,11,331,33.40329870593293
2016-11-27,2016,11,332,32.94648864144454
2016-11-28,2016,11,333,31.228153318142738
2016-11-29,2016,11,334,32.43513157867584
2016-11-30,2016,11,335,31.040254731728286
2016-12-01,2016,12,336,30.24765537489252
2016-12-02,2016,12,337,31.064338153052454
2016-12-03,2016,12,338,32.237842751504736
2016-12-04,2016,12,339,30.275704908856405
2016-12-05,2016,12,340,30.6405438288908
2016-12-06,2016,12,341,30.89170804987102
2016-12-07,2016,12,342,31.88375199914015
2016-12-08,2016,12,343,31.251420140154774
2016-12-09,2016,12,344,30.56458722269992
2016-12-10,2016,12,345,30.18747233877902
2016-12-11,2016,12,346,29.264502834909717
2016-12-12,2016,12,347,30.670439782459155
2016-12-13,2016,12,348,32.94187188134136
2016-12-14,2016,12,349,32.27385974290628
2016-12-15,2016,12,350,32.548848538263115
2016-12-16,2016,12,351,31.101934420464318
2016-12-17,2016,12,352,31.535566163370596
2016-12-18,2016,12,353,30.168100416165085
2016-12-19,2016,12,354,31.017140640584696
2016-12-20,2016,12,355,31.966664608770422
2016-12-21,2016,12,356,31.15522330180567
2016-12-22,2016,12,357,28.9266508005159
2016-12-23,2016,12,358,27.881682110920035
2016-12-24,2016,12,359,30.88600015047291
2016-12-25,2016,12,360,31.52273751934652
2016-12-26,2016,12,361,31.687002895098885
2016-12-27,2016,12,362,32.21592912983663
2016-12-28,2016,12,363,31.376073243336194
2016-12-29,2016,12,364,31.24711339122958
2016-12-30,2016,12,365,30.33056407738607
2016-12-31,2016,12,366,29.298203744625972
2017-01-01,2017,1,1,28.256938390369736
2017-01-02,2017,1,2,28.181891578675838
2017-01-03,2017,1,3,29.24700227257094
2017-01-04,2017,1,4,27.519353137575237
2017-01-05,2017,1,5,29.187907722269998
2017-01-06,2017,1,6,30.46771682975064
2017-01-07,2017,1,7,30.313671620808254
2017-01-08,2017,1,8,31.374259984522787
2017-01-09,2017,1,9,29.02264820206363
2017-01-10,2017,1,10,26.670620061908856
2017-01-11,2017,1,11,27.156773401547724
2017-01-12,2017,1,12,29.547891024075668
2017-01-13,2017,1,13,28.68524328718831
2017-01-14,2017,1,14,28.76056916509028
2017-01-15,2017,1,15,29.1284056938951
2017-01-16,2017,1,16,28.523528822871885
2017-01-17,2017,1,17,29.62027484866724
2017-01-18,2017,1,18,30.10653151676698
2017-01-19,2017,1,19,30.461465092003444
2017-01-20,2017,1,20,29.683240294067065
2017-01-21,2017,1,21,31.026174603611345
2017-01-22,2017,1,22,29.86511400601892
2017-01-23,2017,1,23,29.314941061049005
2017-01-24,2017,1,24,27.438576050730866
2017-01-25,2017,1,25,26.830018274290627
2017-01-26,2017,1,26,28.14964631986242
2017-01-27,2017,1,27,28.188422970765263
2017-01-28,2017,1,28,28.71772692433362
2017-01-29,2017,1,29,30.063198242476357
2017-01-30,2017,1,30,30.163743263112647
2017-01-31,2017,1,31,28.528925700773858
2017-02-01,2017,2,32,29.952739392949265
2017-02-02,2017,2,33,30.26601019260532
2017-02-03,2017,2,34,28.87223752020636
2017-02-04,2017,2,35,31.12479978159931
2017-02-05,2017,2,36,31.581889076526227
2017-02-06,2017,2,37,31.575772528804823
2017-02-07,2017,2,38,29.746739402407563
2017-02-08,2017,2,39,30.800945285468607
2017-02-09,2017,2,40,31.21354509286329
2017-02-10,2017,2,41,31.462605022355973
2017-02-11,2017,2,42,31.197346506448838
2017-02-12,2017,2,43,28.21863722527945
2017-02-13,2017,2,44,29.437210098882204
2017-02-14,2017,2,45,28.89498241874463
2017-02-15,2017,2,46,30.607051755803948
2017-02-16,2017,2,47,30.218169522785896
2017-02-17,2017,2,48,31.735748372312983
2017-02-18,2017,2,49,31.99148042476354
2017-02-19,2017,2,50,31.147778221840063
2017-02-20,2017,2,51,30.341570674118657
2017-02-21,2017,2,52,30.518574034393808
2017-02-22,2017,2,53,30.459243633705935
2017-02-23,2017,2,54,31.021234458297506
2017-02-24,2017,2,55,31.05393809286328
2017-02-25,2017,2,56,30.187056220120375
2017-02-26,2017,2,57,30.560262831470332
2017-02-27,2017,2,58,29.2074711083405
2017-02-28,2017,2,59,29.10013460705073
2017-03-01,2017,3,60,29.544493198624245
2017-03-02,2017,3,61,30.122285858985386
2017-03-03,2017,3,62,29.141879927773005
2017-03-04,2017,3,63,31.934348065348235
2017-03-05,2017,3,64,28.73240072656922
2017-03-06,2017,3,65,28.87495700429923
2017-03-07,2017,3,66,30.107759932932073
2017-03-08,2017,3,67,31.299936822012032
2017-03-09,2017,3,68,29.85511832760103
2017-03-10,2017,3,69,29.86688864918315
2017-03-11,2017,3,70,31.314074754084267
2017-03-12,2017,3,71,31.87619235597592
2017-03-13,2017,3,72,32.75278521840069
2017-03-14,2017,3,73,32.370556601031815
2017-03-15,2017,3,74,32.459742753224425
2017-03-16,2017,3,75,32.36400965348238
2017-03-17,2017,3,76,30.69801768099742
2017-03-18,2017,3,77,30.31660929406707
2017-03-19,2017,3,78,30.40792295012897
2017-03-20,2017,3,79,28.775776766981938
2017-03-21,2017,3,80,32.35054019862425
2017-03-22,2017,3,81,33.0454547850387
2017-03-23,2017,3,82,31.013770917454853
2017-03-24,2017,3,83,29.489701601031815
2017-03-25,2017,3,84,29.96976153826311
2017-03-26,2017,3,85,30.49652904041273
2017-03-27,2017,3,86,30.17820239294926
2017-03-28,2017,3,87,31.134712135855548
2017-03-29,2017,3,88,30.558613399828026
2017-03-30,2017,3,89,31.47303269647464
2017-03-31,2017,3,90,31.27075722355976
2017-04-01,2017,4,91,31.21049989939811
2017-04-02,2017,4,92,29.550592141874464
2017-04-03,2017,4,93,28.728810273430785
2017-04-04,2017,4,94,30.01478349699054
2017-04-05,2017,4,95,30.55212318400688
2017-04-06,2017,4,96,31.37402698710232
2017-04-07,2017,4,97,31.722926198624243
2017-04-08,2017,4,98,29.24244382803095
2017-04-09,2017,4,99,29.370100610490113
2017-04-10,2017,4,100,30.35857507308685
2017-04-11,2017,4,101,29.541321508168526
2017-04-12,2017,4,102,29.4661217566638
2017-04-13,2017,4,103,31.051642720550305
2017-04-14,2017,4,104,31.563595055889937
2017-04-15,2017,4,105,31.758723622527945
2017-04-16,2017,4,106,31.5755725133276
2017-04-17,2017,4,107,30.80617434823732
2017-04-18,2017,4,108,31.140503737747206
2017-04-19,2017,4,109,30.69441832502149
2017-04-20,2017,4,110,30.873898570077383
2017-04-21,2017,4,111,30.4656432527945
2017-04-22,2017,4,112,32.13041977558039
2017-04-23,2017,4,113,31.611819223559756
2017-04-24,2017,4,114,33.20139044196045
2017-04-25,2017,4,115,31.428267251074807
2017-04-26,2017,4,116,31.441240478073947
2017-04-27,2017,4,117,31.770088123817704
2017-04-28,2017,4,118,31.452091364574375
2017-04-29,2017,4,119,31.047164012037832
2017-04-30,2017,4,120,32.277689214101464
2017-05-01,2017,5,121,32.49173791315564
2017-05-02,2017,5,122,32.34689656319862
2017-05-03,2017,5,123,32.42765752192606
2017-05-04,2017,5,124,31.52894290111779
2017-05-05,2017,5,125,32.6635445210662
2017-05-06,2017,5,126,32.816316391229584
2017-05-07,2017,5,127,32.40817607480654
2017-05-08,2017,5,128,31.64809926655202
2017-05-09,2017,5,129,31.477785404987106
2017-05-10,2017,5,130,33.27814831470336
2017-05-11,2017,5,131,33.935644914875326
2017-05-12,2017,5,132,32.82737323559759
2017-05-13,2017,5,133,32.63196601891659
2017-05-14,2017,5,134,33.24303712381771
2017-05-15,2017,5,135,32.527460165950124
2017-05-16,2017,5,136,33.006457564058465
2017-05-17,2017,5,137,33.04697959415304
2017-05-18,2017,5,138,32.65099886758384
2017-05-19,2017,5,139,33.30419354772142
2017-05-20,2017,5,140,32.83316555116079
2017-05-21,2017,5,141,32.60895057265692
2017-05-22,2017,5,142,33.28653378675838
2017-05-23,2017,5,143,31.708379185726574
2017-05-24,2017,5,144,31.841380707652615
2017-05-25,2017,5,145,32.91680256749785
2017-05-26,2017,5,146,33.17541330610489
2017-05-27,2017,5,147,32.71033125451418
2017-05-28,2017,5,148,33.200534883061046
2017-05-29,2017,5,149,33.09993558985383
2017-05-30,2017,5,150,32.22356456233878
2017-05-31,2017,5,151,32.92089383404987
2017-06-01,2017,6,152,32.69731829406707
2017-06-02,2017,6,153,32.16525427171109
2017-06-03,2017,6,154,32.714655889079964
2017-06-04,2017,6,155,32.67406637919174
2017-06-05,2017,6,156,32.79554125967326
2017-06-06,2017,6,157,32.45163389595873
2017-06-07,2017,6,158,32.4095524239037
2017-06-08,2017,6,159,32.95686277644024
2017-06-09,2017,6,160,33.37048204815134
2017-06-10,2017,6,161,32.278979281169384
2017-06-11,2017,6,162,32.81748085812554
2017-06-12,2017,6,163,32.510535280309554
2017-06-13,2017,6,164,32.906380170249356
2017-06-14,2017,6,165,32.534790328460886
2017-06-15,2017,6,166,32.782029014617365
2017-06-16,2017,6,167,33.96877166723989
2017-06-17,2017,6,168,33.55837054256233
2017-06-18,2017,6,169,33.74503259329322
2017-06-19,2017,6,170,33.70777195442821
2017-06-20,2017,6,171,33.66213428374893
2017-06-21,2017,6,172,33.448290297506446
2017-06-22,2017,6,173,33.14739234909717
2017-06-23,2017,6,174,32.26414598022356
2017-06-24,2017,6,175,32.17774586672399
2017-06-25,2017,6,176,32.914379024075664
2017-06-26,2017,6,177,32.41750901031814
2017-06-27,2017,6,178,32.08929355460017
2017-06-28,2017,6,179,32.11850624505589
2017-06-29,2017,6,180,32.61424429062769
2017-06-30,2017,6,181,31.138575782459153
2017-07-01,2017,7,182,31.36303599828031
2017-07-02,2017,7,183,33.01163171281169
2017-07-03,2017,7,184,32.49457071625107
2017-07-04,2017,7,185,31.124958722269994
2017-07-05,2017,7,186,32.86898233447979
2017-07-06,2017,7,187,32.471010732588134
2017-07-07,2017,7,188,32.725134828890795
2017-07-08,2017,7,189,32.94558956319862
2017-07-09,2017,7,190,32.6159070171969
2017-07-10,2017,7,191,31.815056055030094
2017-07-11,2017,7,192,31.832937512467755
2017-07-12,2017,7,193,32.14004431900258
2017-07-13,2017,7,194,33.02157958899399
2017-07-14,2017,7,195,32.83992189509888
2017-07-15,2017,7,196,32.476574417884784
2017-07-16,2017,7,197,32.35180145485813
2017-07-17,2017,7,198,32.210184934651764
2017-07-18,2017,7,199,32.81382006362855
2017-07-19,2017,7,200,32.73583596130696
2017-07-20,2017,7,201,31.91926057781599
2017-07-21,2017,7,202,32.53265253654342
2017-07-22,2017,7,203,32.85727173172828
2017-07-23,2017,7,204,31.489464863284606
2017-07-24,2017,7,205,32.849797446259664
2017-07-25,2017,7,206,32.347660351676694
2017-07-26,2017,7,207,32.515899442820285
2017-07-27,2017,7,208,31.555286112639724
2017-07-28,2017,7,209,32.384236906276875
2017-07-29,2017,7,210,32.222650560619094
2017-07-30,2017,7,211,32.54031379363715
2017-07-31,2017,7,212,32.96379441788478
2017-08-01,2017,8,213,31.93805814359414
2017-08-02,2017,8,214,32.1323328916595
2017-08-03,2017,8,215,31.961698257953575
2017-08-04,2017,8,216,32.8030373860705
2017-08-05,2017,8,217,33.21737388306105
2017-08-06,2017,8,218,32.81985740928633
2017-08-07,2017,8,219,32.50896535855545
2017-08-08,2017,8,220,32.69790057523645
2017-08-09,2017,8,221,32.25756561134996
2017-08-10,2017,8,222,32.36377293207222
2017-08-11,2017,8,223,32.769163800515905
2017-08-12,2017,8,224,31.994880129836638
2017-08-13,2017,8,225,32.10832941530524
2017-08-14,2017,8,226,33.08001077730008
2017-08-15,2017,8,227,32.128844797076525
2017-08-16,2017,8,228,32.1108541177988
2017-08-17,2017,8,229,31.714006209802232
2017-08-18,2017,8,230,31.312257284608773
2017-08-19,2017,8,231,30.786563053310402
2017-08-20,2017,8,232,31.87492001461737
2017-08-21,2017,8,233,32.98249938005159
2017-08-22,2017,8,234,32.591453228718834
2017-08-23,2017,8,235,32.138407747205505
2017-08-24,2017,8,236,32.59407835425623
2017-08-25,2017,8,237,32.102030626827165
2017-08-26,2017,8,238,32.16979289681857
2017-08-27,2017,8,239,30.882627795356836
2017-08-28,2017,8,240,30.31956154428203
2017-08-29,2017,8,241,30.449657742046433
2017-08-30,2017,8,242,31.968417135855546
2017-08-31,2017,8,243,32.64717502923473
2017-09-01,2017,9,244,33.030765668959596
2017-09-02,2017,9,245,31.759309903697336
2017-09-03,2017,9,246,32.36881590197764
2017-09-04,2017,9,247,32.135598282889084
2017-09-05,2017,9,248,31.74039297764402
2017-09-06,2017,9,249,31.726790056749778
2017-09-07,2017,9,250,32.021165702493555
2017-09-08,2017,9,251,32.32455159157352
2017-09-09,2017,9,252,32.92591469905416
2017-09-10,2017,9,253,32.17311412209802
2017-09-11,2017,9,254,33.44258440326741
2017-09-12,2017,9,255,33.70813356663801
2017-09-13,2017,9,256,32.68345708082545
2017-09-14,2017,9,257,32.271393672398965
2017-09-15,2017,9,258,32.47694869561479
2017-09-16,2017,9,259,31.873557276010317
2017-09-17,2017,9,260,32.563751814273424
2017-09-18,2017,9,261,33.33101344024076
2017-09-19,2017,9,262,32.99768450300945
2017-09-20,2017,9,263,32.019796139294925
2017-09-21,2017,9,264,32.75224279105761
2017-09-22,2017,9,265,32.675762711092005
2017-09-23,2017,9,266,33.014056987102315
2017-09-24,2017,9,267,33.623996115219256
2017-09-25,2017,9,268,32.910131917454855
2017-09-26,2017,9,269,34.20964813155633
2017-09-27,2017,9,270,33.31199000601892
2017-09-28,2017,9,271,33.198858386930354
2017-09-29,2017,9,272,33.329584071367144
2017-09-30,2017,9,273,34.002007275150476
2017-10-01,2017,10,274,33.392267554600174
2017-10-02,2017,10,275,33.30787149957008
2017-10-03,2017,10,276,33.192734043852106
2017-10-04,2017,10,277,33.25806362682718
2017-10-05,2017,10,278,33.27507677987962
2017-10-06,2017,10,279,32.71980764316423
2017-10-07,2017,10,280,32.7885401616509
2017-10-08,2017,10,281,32.33050805073087
2017-10-09,2017,10,282,32.926753749785036
2017-10-10,2017,10,283,32.260722348237316
2017-10-11,2017,10,284,31.595319076526227
2017-10-12,2017,10,285,31.982911996560624
2017-10-13,2017,10,286,32.650648835769566
2017-10-14,2017,10,287,32.81657542046432
2017-10-15,2017,10,288,32.997815156491825
2017-10-16,2017,10,289,32.797165772141014
2017-10-17,2017,10,290,33.1170690533104
2017-10-18,2017,10,291,32.76542066466037
2017-10-19,2017,10,292,32.916254175408426
2017-10-20,2017,10,293,32.693542958727434
2017-10-21,2017,10,294,32.482671504729154
2017-10-22,2017,10,295,33.11005380309544
2017-10-23,2017,10,296,33.41028627515047
2017-10-24,2017,10,297,33.88608081083405
2017-10-25,2017,10,298,33.73176129492692
2017-10-26,2017,10,299,32.700969762682725
2017-10-27,2017,10,300,31.943884262252794
2017-10-28,2017,10,301,33.21784500429923
2017-10-29,2017,10,302,33.15476608684437
2017-10-30,2017,10,303,31.729463424763548
2017-10-31,2017,10,304,31.506156420464315
2017-11-01,2017,11,305,31.832711404127252
2017-11-02,2017,11,306,32.20154634479793
2017-11-03,2017,11,307,32.0952002149613
2017-11-04,2017,11,308,32.98721739036973
2017-11-05,2017,11,309,30.153061833190026
2017-11-06,2017,11,310,30.452614804815134
2017-11-07,2017,11,311,31.123525177987958
2017-11-08,2017,11,312,31.78797548839209
2017-11-09,2017,11,313,31.189869361134996
2017-11-10,2017,11,314,29.64169370851247
2017-11-11,2017,11,315,31.656580510748068
2017-11-12,2017,11,316,31.668734946689593
2017-11-13,2017,11,317,32.15096812123818
2017-11-14,2017,11,318,31.624348779019776
2017-11-15,2017,11,319,31.785576097162508
2017-11-16,2017,11,320,31.99034004987102
2017-11-17,2017,11,321,31.22067992519347
2017-11-18,2017,11,322,30.49428991487532
2017-11-19,2017,11,323,30.071642177987954
2017-11-20,2017,11,324,31.17143308340499
2017-11-21,2017,11,325,28.844447936371456
2017-11-22,2017,11,326,29.530174004299223
2017-11-23,2017,11,327,30.96736066122098
2017-11-24,2017,11,328,30.38438772914875
2017-11-25,2017,11,329,30.556539554600167
2017-11-26,2017,11,330,31.00008177042132
2017-11-27,2017,11,331,30.524753729148753
2017-11-28,2017,11,332,29.501137484952707
2017-11-29,2017,11,333,29.137794668959593
2017-11-30,2017,11,334,30.970385879621666
2017-12-01,2017,12,335,31.0228433516767
2017-12-02,2017,12,336,32.08308641788478
2017-12-03,2017,12,337,31.97753746087705
2017-12-04,2017,12,338,29.99476306964746
2017-12-05,2017,12,339,30.57385154600172
2017-12-06,2017,12,340,30.004306507308684
2017-12-07,2017,12,341,31.602142938950994
2017-12-08,2017,12,342,30.93327928374892
2017-12-09,2017,12,343,31.89024464488391
2017-12-10,2017,12,344,29.024343282889077
2017-12-11,2017,12,345,27.432558954428202
2017-12-12,2017,12,346,27.453140018916596
2017-12-13,2017,12,347,28.826222322441964
2017-12-14,2017,12,348,29.33552896990542
2017-12-15,2017,12,349,29.323248975924333
2017-12-16,2017,12,350,31.829148257953566
2017-12-17,2017,12,351,30.96827632846088
2017-12-18,2017,12,352,30.526409043852105
2017-12-19,2017,12,353,31.51273123473775
2017-12-20,2017,12,354,31.11823079879622
2017-12-21,2017,12,355,28.776990531384353
2017-12-22,2017,12,356,28.419283235597593
2017-12-23,2017,12,357,29.900044665520202
2017-12-24,2017,12,358,30.287225415305247
2017-12-25,2017,12,359,30.243190263972487
2017-12-26,2017,12,360,30.310526183147037
2017-12-27,2017,12,361,30.57541690799656
2017-12-28,2017,12,362,29.676483190885637
2017-12-29,2017,12,363,31.09153401805675
2017-12-30,2017,12,364,31.150570451418748
2017-12-31,2017,12,365,31.54092518056749
2018-01-01,2018,1,1,31.001068213241616
2018-01-02,2018,1,2,31.526061404127255
2018-01-03,2018,1,3,31.39785790455718
2018-01-04,2018,1,4,30.22330057523645
2018-01-05,2018,1,5,30.08179338521066
2018-01-06,2018,1,6,30.318942269131554
2018-01-07,2018,1,7,27.90386221410146
2018-01-08,2018,1,8,27.831625032674122
2018-01-09,2018,1,9,28.582963026655204
2018-01-10,2018,1,10,29.24496318142734
2018-01-11,2018,1,11,28.22836760017196
2018-01-12,2018,1,12,28.40527505245056
2018-01-13,2018,1,13,28.142294816852964
2018-01-14,2018,1,14,27.22211474548581
2018-01-15,2018,1,15,26.533052555460017
2018-01-16,2018,1,16,29.162561127257092
2018-01-17,2018,1,17,30.608114662940668
2018-01-18,2018,1,18,29.56639402837489
2018-01-19,2018,1,19,31.198079513327603
2018-01-20,2018,1,20,29.954282252794496
2018-01-21,2018,1,21,32.07958194067068
2018-01-22,2018,1,22,30.682698058469473
2018-01-23,2018,1,23,30.783350947549437
2018-01-24,2018,1,24,31.369548792777298
2018-01-25,2018,1,25,30.84764911177988
2018-01-26,2018,1,26,30.987999517626825
2018-01-27,2018,1,27,31.67844054686156
2018-01-28,2018,1,28,30.672192322441955
2018-01-29,2018,1,29,32.085054104041276
2018-01-30,2018,1,30,31.975940524505585
2018-01-31,2018,1,31,31.192611011177988
2018-02-01,2018,2,32,30.15740011521926
2018-02-02,2018,2,33,29.27582420550301
2018-02-03,2018,2,34,31.89930474204643
2018-02-04,2018,2,35,29.618200386930347
2018-02-05,2018,2,36,29.043666006018917
2018-02-06,2018,2,37,29.93279782545142
2018-02-07,2018,2,38,28.998167500429922
2018-02-08,2018,2,39,30.86206207652622
2018-02-09,2018,2,40,31.25193950300946
2018-02-10,2018,2,41,28.943413628546864
2018-02-11,2018,2,42,30.682347476354256
2018-02-12,2018,2,43,31.296235966466032
2018-02-13,2018,2,44,31.93799551676697
2018-02-14,2018,2,45,30.914666416165083
2018-02-15,2018,2,46,30.466124713671537
2018-02-16,2018,2,47,27.31155273172829
2018-02-17,2018,2,48,29.644613187446254
2018-02-18,2018,2,49,29.316782880481515
2018-02-19,2018,2,50,30.001150836629403
2018-02-20,2018,2,51,30.258073746345662
2018-02-21,2018,2,52,30.69549832158211
2018-02-22,2018,2,53,29.906021018056745
2018-02-23,2018,2,54,29.262333550300948
2018-02-24,2018,2,55,30.847640258813414
2018-02-25,2018,2,56,28.87883129148754
2018-02-26,2018,2,57,27.893597730008594
2018-02-27,2018,2,58,28.960183238177123
2018-02-28,2018,2,59,28.44237006018916
2018-03-01,2018,3,60,28.127627251074806
2018-03-02,2018,3,61,29.512387524505588
2018-03-03,2018,3,62,29.052059085984524
2018-03-04,2018,3,63,28.760191753224426
2018-03-05,2018,3,64,26.957233435081683
2018-03-06,2018,3,65,28.23031480395529
2018-03-07,2018,3,66,28.161753938950984
2018-03-08,2018,3,67,28.193450628546863
2018-03-09,2018,3,68,27.991372381771285
2018-03-10,2018,3,69,28.75012163370593
2018-03-11,2018,3,70,29.202461853826303
2018-03-12,2018,3,71,28.380772503869302
2018-03-13,2018,3,72,30.336861263972477
2018-03-14,2018,3,73,31.080494200343935
2018-03-15,2018,3,74,31.605501350816855
2018-03-16,2018,3,75,30.742426954428204
2018-03-17,2018,3,76,30.08847742304386
2018-03-18,2018,3,77,30.145338138435076
2018-03-19,2018,3,78,29.85416736285469
2018-03-20,2018,3,79,30.475006047291483
2018-03-21,2018,3,80,29.80900778159931
2018-03-22,2018,3,81,28.692252845227856
2018-03-23,2018,3,82,28.505309721410143
2018-03-24,2018,3,83,30.240651195184867
2018-03-25,2018,3,84,28.87561102063629
2018-03-26,2018,3,85,29.113986188306107
2018-03-27,2018,3,86,30.509186088564057
2018-03-28,2018,3,87,30.02699044282029
2018-03-29,2018,3,88,31.853475719690454
2018-03-30,2018,3,89,30.816880773000854
2018-03-31,2018,3,90,31.662153600171965
2018-04-01,2018,4,91,30.835989407566636
2018-04-02,2018,4,92,30.817083792777296
2018-04-03,2018,4,93,31.549594997420453
2018-04-04,2018,4,94,31.38132707480653
2018-04-05,2018,4,95,31.36090675838349
2018-04-06,2018,4,96,31.29581498710232
2018-04-07,2018,4,97,30.947954900257955
2018-04-08,2018,4,98,30.298370739466893
2018-04-09,2018,4,99,29.817991730008604
2018-04-10,2018,4,100,30.91535696216681
2018-04-11,2018,4,101,32.23535766294068
2018-04-12,2018,4,102,32.170593581255375
2018-04-13,2018,4,103,32.064374975064496
2018-04-14,2018,4,104,31.994703311263972
2018-04-15,2018,4,105,31.679376793637147
2018-04-16,2018,4,106,31.95952441616509
2018-04-17,2018,4,107,30.627635496130694
2018-04-18,2018,4,108,31.79323383490971
2018-04-19,2018,4,109,31.806161080825454
2018-04-20,2018,4,110,31.030428550300947
2018-04-21,2018,4,111,30.8858326483233
2018-04-22,2018,4,112,31.654100704213246
2018-04-23,2018,4,113,31.481495394668958
2018-04-24,2018,4,114,31.009446963886504
2018-04-25,2018,4,115,31.171686924333617
2018-04-26,2018,4,116,31.270150404987106
2018-04-27,2018,4,117,32.42453146861565
2018-04-28,2018,4,118,31.46938024849527
2018-04-29,2018,4,119,31.559023312983662
2018-04-30,2018,4,120,30.6935055399828
2018-05-01,2018,5,121,32.82825094067068
2018-05-02,2018,5,122,32.51560600085984
2018-05-03,2018,5,123,31.340177966466037
2018-05-04,2018,5,124,31.25805597076527
2018-05-05,2018,5,125,31.633855624247634
2018-05-06,2018,5,126,31.347209086844362
2018-05-07,2018,5,127,32.36750758899397
2018-05-08,2018,5,128,32.758643101461736
2018-05-09,2018,5,129,33.198601488392086
2018-05-10,2018,5,130,32.51777813327601
2018-05-11,2018,5,131,31.702294947549447
2018-05-12,2018,5,132,31.7182573327601
2018-05-13,2018,5,133,31.666106138435083
2018-05-14,2018,5,134,32.62506181599312
2018-05-15,2018,5,135,31.931747325021497
2018-05-16,2018,5,136,32.165678694754945
2018-05-17,2018,5,137,32.68718363456578
2018-05-18,2018,5,138,32.48504539982804
2018-05-19,2018,5,139,32.7893830266552
2018-05-20,2018,5,140,32.78483416938951
2018-05-21,2018,5,141,32.19557072141014
2018-05-22,2018,5,142,31.932884174548587
2018-05-23,2018,5,143,32.09362083147033
2018-05-24,2018,5,144,32.40757808770421
2018-05-25,2018,5,145,32.90203220034394
2018-05-26,2018,5,146,33.69565661134997
2018-05-27,2018,5,147,33.608755787618236
2018-05-28,2018,5,148,32.32163998452279
2018-05-29,2018,5,149,31.480188083404986
2018-05-30,2018,5,150,31.571077311263977
2018-05-31,2018,5,151,32.586786341358554
2018-06-01,2018,6,152,31.718860909716252
2018-06-02,2018,6,153,32.333764215821155
2018-06-03,2018,6,154,32.79369429750645
2018-06-04,2018,6,155,32.92690042820293
2018-06-05,2018,6,156,33.164207073946685
2018-06-06,2018,6,157,32.77601533533965
2018-06-07,2018,6,158,32.80743999312124
2018-06-08,2018,6,159,33.60413324505589
2018-06-09,2018,6,160,33.07798501891659
2018-06-10,2018,6,161,33.021726452278585
2018-06-11,2018,6,162,32.299577643164234
2018-06-12,2018,6,163,32.70503354256234
2018-06-13,2018,6,164,32.44089604729149
2018-06-14,2018,6,165,32.72468801719691
2018-06-15,2018,6,166,32.247435687016335
2018-06-16,2018,6,167,32.350276797076525
2018-06-17,2018,6,168,32.44816193293207
2018-06-18,2018,6,169,32.1688292355976
2018-06-19,2018,6,170,31.783885513327597
2018-06-20,2018,6,171,31.745407537403267
2018-06-21,2018,6,172,32.07178686672399
2018-06-22,2018,6,173,32.15347786414445
2018-06-23,2018,6,174,30.792166312983657
2018-06-24,2018,6,175,31.59600500257954
2018-06-25,2018,6,176,31.667618995700778
2018-06-26,2018,6,177,31.682817297506453
2018-06-27,2018,6,178,32.19838001289768
2018-06-28,2018,6,179,31.931464445399833
2018-06-29,2018,6,180,30.771839885640585
2018-06-30,2018,6,181,30.558011936371457
2018-07-01,2018,7,182,31.146192999140155
2018-07-02,2018,7,183,31.66038372742907
2018-07-03,2018,7,184,30.42157280309544
2018-07-04,2018,7,185,29.775176680137573
2018-07-05,2018,7,186,32.84447756319863
2018-07-06,2018,7,187,32.86942266895959
2018-07-07,2018,7,188,32.12826742820292
2018-07-08,2018,7,189,30.537090351676696
2018-07-09,2018,7,190,31.85709008770421
2018-07-10,2018,7,191,32.150411352536544
2018-07-11,2018,7,192,31.133112998280303
2018-07-12,2018,7,193,31.340244062768704
2018-07-13,2018,7,194,32.58966090885641
2018-07-14,2018,7,195,31.397321759243336
2018-07-15,2018,7,196,30.3088270283749
2018-07-16,2018,7,197,31.62516918400688
2018-07-17,2018,7,198,30.967204941530518
2018-07-18,2018,7,199,31.951189989681854
2018-07-19,2018,7,200,31.42946201375752
2018-07-20,2018,7,201,31.083917397248495
2018-07-21,2018,7,202,30.443490887360277
2018-07-22,2018,7,203,32.93872258297507
2018-07-23,2018,7,204,31.018839343938094
2018-07-24,2018,7,205,30.36546678417885
2018-07-25,2018,7,206,30.856126557179707
2018-07-26,2018,7,207,30.853175226999138
2018-07-27,2018,7,208,31.845324298366293
2018-07-28,2018,7,209,31.974006503869305
2018-07-29,2018,7,210,32.31809544024076
2018-07-30,2018,7,211,32.21736927601031
2018-07-31,2018,7,212,32.17225108856405
2018-08-01,2018,8,213,32.6750596921754
2018-08-02,2018,8,214,32.22683599999999
2018-08-03,2018,8,215,32.48687405159071
2018-08-04,2018,8,216,32.621810207222694
2018-08-05,2018,8,217,32.91690353396389
2018-08-06,2018,8,218,32.655852927773
2018-08-07,2018,8,219,31.58042470077386
2018-08-08,2018,8,220,31.83779435769561
2018-08-09,2018,8,221,31.9952634961307
2018-08-10,2018,8,222,31.973194634565772
2018-08-11,2018,8,223,29.940661695614786
2018-08-12,2018,8,224,30.57388008426483
2018-08-13,2018,8,225,31.787993458297507
2018-08-14,2018,8,226,31.57266778761823
2018-08-15,2018,8,227,31.899151820292353
2018-08-16,2018,8,228,31.670995785898533
2018-08-17,2018,8,229,32.35779685210662
2018-08-18,2018,8,230,32.05389228116939
2018-08-19,2018,8,231,32.1971744677558
2018-08-20,2018,8,232,32.43208833877902
2018-08-21,2018,8,233,32.56342171195185
2018-08-22,2018,8,234,32.490139019776436
2018-08-23,2018,8,235,31.970696508168533
2018-08-24,2018,8,236,31.95778403267412
2018-08-25,2018,8,237,31.671458252794494
2018-08-26,2018,8,238,32.72695823817712
2018-08-27,2018,8,239,32.38861105932933
2018-08-28,2018,8,240,31.782156706792776
2018-08-29,2018,8,241,31.939274037833187
2018-08-30,2018,8,242,32.563365494411016
2018-08-31,2018,8,243,31.517374062768702
2018-09-01,2018,9,244,31.75069848925193
2018-09-02,2018,9,245,32.61476676440241
2018-09-03,2018,9,246,32.30805414789338
2018-09-04,2018,9,247,31.872199521926053
2018-09-05,2018,9,248,31.92758402407566
2018-09-06,2018,9,249,32.33647498882201
2018-09-07,2018,9,250,31.725418071367155
2018-09-08,2018,9,251,31.707564197764405
2018-09-09,2018,9,252,32.046493687016344
2018-09-10,2018,9,253,32.21631916938951
2018-09-11,2018,9,254,32.97712834307824
2018-09-12,2018,9,255,32.791505493551156
2018-09-13,2018,9,256,32.62038850644883
2018-09-14,2018,9,257,32.491868306104905
2018-09-15,2018,9,258,32.192447519346516
2018-09-16,2018,9,259,32.24676002407566
2018-09-17,2018,9,260,32.63901995012897
2018-09-18,2018,9,261,32.19027083061049
2018-09-19,2018,9,262,31.841335110060196
2018-09-20,2018,9,263,32.30589678675839
2018-09-21,2018,9,264,32.33225598022356
2018-09-22,2018,9,265,33.039494625967315
2018-09-23,2018,9,266,33.23837701375752
2018-09-24,2018,9,267,33.21595424161651
2018-09-25,2018,9,268,33.22461599484093
2018-09-26,2018,9,269,32.418943670679276
2018-09-27,2018,9,270,32.96359497248495
2018-09-28,2018,9,271,32.60277435855546
2018-09-29,2018,9,272,32.62483377386071
2018-09-30,2018,9,273,33.17689385812553
2018-10-01,2018,10,274,31.911449826311273
2018-10-02,2018,10,275,32.62781921754083
2018-10-03,2018,10,276,32.55966577128117
2018-10-04,2018,10,277,33.23639026397249
2018-10-05,2018,10,278,33.158807676698196
2018-10-06,2018,10,279,32.790909351676696
2018-10-07,2018,10,280,33.0126604144454
2018-10-08,2018,10,281,32.768585110920036
2018-10-09,2018,10,282,34.036397545141874
2018-10-10,2018,10,283,33.43251347807394
2018-10-11,2018,10,284,32.28767132588134
2018-10-12,2018,10,285,32.77016958641445
2018-10-13,2018,10,286,31.917384445399836
2018-10-14,2018,10,287,31.381251896818576
2018-10-15,2018,10,288,32.39507883061049
2018-10-16,2018,10,289,33.07550766895958
2018-10-17,2018,10,290,33.80929463198624
2018-10-18,2018,10,291,33.20856071453138
2018-10-19,2018,10,292,33.78456902063628
2018-10-20,2018,10,293,32.569637483233016
2018-10-21,2018,10,294,32.99022745485812
2018-10-22,2018,10,295,31.121970961306964
2018-10-23,2018,10,296,31.552439037833192
2018-10-24,2018,10,297,31.15226418572657
2018-10-25,2018,10,298,29.77100603525365
2018-10-26,2018,10,299,31.12527249527085
2018-10-27,2018,10,300,32.10217141788477
2018-10-28,2018,10,301,32.75709362854687
2018-10-29,2018,10,302,30.774664846087706
2018-10-30,2018,10,303,30.33034494840929
2018-10-31,2018,10,304,32.48162793293207
2018-11-01,2018,11,305,30.261922560619084
2018-11-02,2018,11,306,31.728781222699915
2018-11-03,2018,11,307,32.78251822613929
2018-11-04,2018,11,308,32.13870134995701
2018-11-05,2018,11,309,32.490034331900254
2018-11-06,2018,11,310,31.05249580481513
2018-11-07,2018,11,311,31.633508925193464
2018-11-08,2018,11,312,31.183014833190025
2018-11-09,2018,11,313,30.66999427773001
2018-11-10,2018,11,314,31.32745277730008
2018-11-11,2018,11,315,30.967415251934646
2018-11-12,2018,11,316,29.396253993981084
2018-11-13,2018,11,317,29.714112320722275
2018-11-14,2018,11,318,30.419473827171114
2018-11-15,2018,11,319,30.22186430352537
2018-11-16,2018,11,320,30.796694049871025
2018-11-17,2018,11,321,32.11985002579535
2018-11-18,2018,11,322,31.78105998882201
2018-11-19,2018,11,323,31.945432684436803
2018-11-20,2018,11,324,32.541759771281164
2018-11-21,2018,11,325,32.79172397764402
2018-11-22,2018,11,326,32.00339252794497
2018-11-23,2018,11,327,31.705813306964746
2018-11-24,2018,11,328,29.18684534049871
2018-11-25,2018,11,329,29.691112968185728
2018-11-26,2018,11,330,30.48157059243337
2018-11-27,2018,11,331,30.780345563198626
2018-11-28,2018,11,332,31.322502417024932
2018-11-29,2018,11,333,31.485136593293205
2018-11-30,2018,11,334,31.22095036027515
2018-12-01,2018,12,335,31.65142428116939
2018-12-02,2018,12,336,30.949510504729147
2018-12-03,2018,12,337,29.769140121238177
2018-12-04,2018,12,338,30.303256241616502
2018-12-05,2018,12,339,30.027764024935514
2018-12-06,2018,12,340,29.950938069647464
2018-12-07,2018,12,341,29.71464799054171
2018-12-08,2018,12,342,29.972375668959586
2018-12-09,2018,12,343,29.93168343766122
2018-12-10,2018,12,344,29.01199796732588
2018-12-11,2018,12,345,31.548505467755803
2018-12-12,2018,12,346,30.57945869733448
2018-12-13,2018,12,347,30.414508431642307
2018-12-14,2018,12,348,31.286811721410146
2018-12-15,2018,12,349,31.128362523645748
2018-12-16,2018,12,350,29.018055984522785
2018-12-17,2018,12,351,30.32391922012037
2018-12-18,2018,12,352,30.61816808426483
2018-12-19,2018,12,353,28.511798180567492
2018-12-20,2018,12,354,28.21019825021496
2018-12-21,2018,12,355,29.708468696474625
2018-12-22,2018,12,356,26.320983307824598
2018-12-23,2018,12,357,28.06158044453998
2018-12-24,2018,12,358,31.53188157867584
2018-12-25,2018,12,359,31.52321846861565
2018-12-26,2018,12,360,29.19748924419605
2018-12-27,2018,12,361,28.17681383490972
2018-12-28,2018,12,362,29.898815916595012
2018-12-29,2018,12,363,29.955372601891657
2018-12-30,2018,12,364,28.321268933791913
2018-12-31,2018,12,365,27.455892947549447
2019-01-01,2019,1,1,28.3857054866724
2019-01-02,2019,1,2,30.52310260705073
2019-01-03,2019,1,3,30.560863679277727
2019-01-04,2019,1,4,31.082938938091146
2019-01-05,2019,1,5,30.473888936371452
2019-01-06,2019,1,6,30.802415580395532
2019-01-07,2019,1,7,31.16484165692175
2019-01-08,2019,1,8,28.917049786758383
2019-01-09,2019,1,9,30.645582493551156
2019-01-10,2019,1,10,31.542478422184004
2019-01-11,2019,1,11,30.706335618228717
2019-01-12,2019,1,12,30.073297547721406
2019-01-13,2019,1,13,29.552121865004302
2019-01-14,2019,1,14,30.10572991917455
2019-01-15,2019,1,15,30.42296081599312
2019-01-16,2019,1,16,30.6420284411006
2019-01-17,2019,1,17,30.422001796216673
2019-01-18,2019,1,18,30.20774044711952
2019-01-19,2019,1,19,28.567041400687884
2019-01-20,2019,1,20,31.4354126672399
2019-01-21,2019,1,21,29.300667678417884
2019-01-22,2019,1,22,28.407043351676702
2019-01-23,2019,1,23,29.53462323043852
2019-01-24,2019,1,24,30.52496307996561
2019-01-25,2019,1,25,29.9743704866724
2019-01-26,2019,1,26,29.161394703353395
2019-01-27,2019,1,27,30.348467578675837
2019-01-28,2019,1,28,30.67328452536544
2019-01-29,2019,1,29,28.811379100601894
2019-01-30,2019,1,30,28.77826016079105
2019-01-31,2019,1,31,29.959760996560625
2019-02-01,2019,2,32,30.109565638865014
2019-02-02,2019,2,33,30.049213046431642
2019-02-03,2019,2,34,29.28056560189166
2019-02-04,2019,2,35,29.675717240756665
2019-02-05,2019,2,36,29.904180448839217
2019-02-06,2019,2,37,29.13508686328461
2019-02-07,2019,2,38,29.007074245055886
2019-02-08,2019,2,39,29.724989172828888
2019-02-09,2019,2,40,30.351232466895958
2019-02-10,2019,2,41,30.878070680137576
2019-02-11,2019,2,42,28.451014585554596
2019-02-12,2019,2,43,28.982384801375755
2019-02-13,2019,2,44,29.78347448581255
2019-02-14,2019,2,45,29.567498602751506
2019-02-15,2019,2,46,30.319250318142732
2019-02-16,2019,2,47,30.713290522785897
2019-02-17,2019,2,48,30.88001536371453
2019-02-18,2019,2,49,30.087760852966465
2019-02-19,2019,2,50,29.971895609630266
2019-02-20,2019,2,51,29.45232750902837
2019-02-21,2019,2,52,31.94159431728288
2019-02-22,2019,2,53,31.751038245055888
2019-02-23,2019,2,54,32.31901982631127
2019-02-24,2019,2,55,31.351336889939812
2019-02-25,2019,2,56,30.554394861564916
2019-02-26,2019,2,57,27.974646570077383
2019-02-27,2019,2,58,28.84726577214101
2019-02-28,2019,2,59,29.08391498796216
2019-03-01,2019,3,60,29.825997538263113
2019-03-02,2019,3,61,29.799776503869303
2019-03-03,2019,3,62,28.883388729148752
2019-03-04,2019,3,63,29.5857843250215
2019-03-05,2019,3,64,29.9956456938951
2019-03-06,2019,3,65,31.65599095012898
2019-03-07,2019,3,66,28.777654745485812
2019-03-08,2019,3,67,29.624395818572655
2019-03-09,2019,3,68,29.120990972484947
2019-03-10,2019,3,69,29.403226415305245
2019-03-11,2019,3,70,29.712295802235598
2019-03-12,2019,3,71,29.940097441100598
2019-03-13,2019,3,72,29.922555893379187
2019-03-14,2019,3,73,31.006504825451415
2019-03-15,2019,3,74,30.984121646603615
2019-03-16,2019,3,75,30.70333789079966
2019-03-17,2019,3,76,29.310879819432497
2019-03-18,2019,3,77,29.277587611349958
2019-03-19,2019,3,78,31.4415407472055
2019-03-20,2019,3,79,31.569224877901974
2019-03-21,2019,3,80,30.552765295786756
2019-03-22,2019,3,81,31.822734458297504
2019-03-23,2019,3,82,32.34924672742907
2019-03-24,2019,3,83,29.79938625193465
2019-03-25,2019,3,84,27.149168546861564
2019-03-26,2019,3,85,27.46241970679278
2019-03-27,2019,3,86,30.76285222012038
2019-03-28,2019,3,87,29.76331156233878
2019-03-29,2019,3,88,30.295202027515046
2019-03-30,2019,3,89,31.13543984694755
2019-03-31,2019,3,90,31.47694720120378
2019-04-01,2019,4,91,29.97758320550301
2019-04-02,2019,4,92,29.75798974118658
2019-04-03,2019,4,93,29.900701662080827
2019-04-04,2019,4,94,30.82805454428203
2019-04-05,2019,4,95,31.144759195184868
2019-04-06,2019,4,96,31.53898013327601
2019-04-07,2019,4,97,32.52615841788478
2019-04-08,2019,4,98,33.34162687618229
2019-04-09,2019,4,99,32.503809898538265
2019-04-10,2019,4,100,31.664845969905425
2019-04-11,2019,4,101,30.922012020636284
2019-04-12,2019,4,102,30.18610250558899
2019-04-13,2019,4,103,28.405027717110922
2019-04-14,2019,4,104,26.564504400687877
2019-04-15,2019,4,105,30.093431527085123
2019-04-16,2019,4,106,31.143063121238182
2019-04-17,2019,4,107,31.518803309544282
2019-04-18,2019,4,108,32.56680489767842
2019-04-19,2019,4,109,32.81272227601031
2019-04-20,2019,4,110,31.392763066208083
2019-04-21,2019,4,111,28.33820076784179
2019-04-22,2019,4,112,28.680553539122958
2019-04-23,2019,4,113,29.413086702493544
2019-04-24,2019,4,114,31.206218539982803
2019-04-25,2019,4,115,32.48140757179707
2019-04-26,2019,4,116,31.57186093379191
2019-04-27,2019,4,117,31.673909093723132
2019-04-28,2019,4,118,30.675490415305244
2019-04-29,2019,4,119,29.86498867411866
2019-04-30,2019,4,120,30.567477038693028
2019-05-01,2019,5,121,32.665831596732595
2019-05-02,2019,5,122,32.52452574634566
2019-05-03,2019,5,123,31.36351354858125
2019-05-04,2019,5,124,31.660432297506446
2019-05-05,2019,5,125,31.992640425623392
2019-05-06,2019,5,126,31.84810595786759
2019-05-07,2019,5,127,31.28518831298366
2019-05-08,2019,5,128,31.569527512467758
2019-05-09,2019,5,129,32.13233512123817
2019-05-10,2019,5,130,32.66549133447979
2019-05-11,2019,5,131,31.75052465864144
2019-05-12,2019,5,132,31.661199289767847
2019-05-13,2019,5,133,31.226292269991397
2019-05-14,2019,5,134,32.576775379191744
2019-05-15,2019,5,135,32.659294916595016
2019-05-16,2019,5,136,33.0156650189166
2019-05-17,2019,5,137,33.33077653396388
2019-05-18,2019,5,138,32.85576345657781
2019-05-19,2019,5,139,31.443518158211525
2019-05-20,2019,5,140,31.50622756921754
2019-05-21,2019,5,141,31.338461921754085
2019-05-22,2019,5,142,31.93612538005159
2019-05-23,2019,5,143,31.900776717970754
2019-05-24,2019,5,144,33.417701331900254
2019-05-25,2019,5,145,33.24337414101463
2019-05-26,2019,5,146,32.514342392949274
2019-05-27,2019,5,147,31.966069073946688
2019-05-28,2019,5,148,32.57834854858125
2019-05-29,2019,5,149,32.8177296844368
2019-05-30,2019,5,150,33.67270812897679
2019-05-31,2019,5,151,32.85126917884781
2019-06-01,2019,6,152,32.44540354256233
2019-06-02,2019,6,153,32.458317306964744
2019-06-03,2019,6,154,32.513727877901985
2019-06-04,2019,6,155,33.03749285296647
2019-06-05,2019,6,156,33.29468606534823
2019-06-06,2019,6,157,32.62517679449699
2019-06-07,2019,6,158,32.55819870679277
2019-06-08,2019,6,159,32.20444868615649
2019-06-09,2019,6,160,32.55327854342219
2019-06-10,2019,6,161,32.544788791917455
2019-06-11,2019,6,162,31.851561834049868
2019-06-12,2019,6,163,32.93619056663801
2019-06-13,2019,6,164,33.09796093809115
2019-06-14,2019,6,165,33.00774120292348
2019-06-15,2019,6,166,32.987042346517626
2019-06-16,2019,6,167,32.64939604815133
2019-06-17,2019,6,168,32.43501794668959
2019-06-18,2019,6,169,32.205286323301806
2019-06-19,2019,6,170,32.354625693035246
2019-06-20,2019,6,171,32.853127732588135
2019-06-21,2019,6,172,32.96618191745486
2019-06-22,2019,6,173,33.277853192605335
2019-06-23,2019,6,174,32.42651267325881
2019-06-24,2019,6,175,31.108345811693894
2019-06-25,2019,6,176,30.6289516844368
2019-06-26,2019,6,177,32.45509453740327
2019-06-27,2019,6,178,32.35307472742906
2019-06-28,2019,6,179,32.06879661392949
2019-06-29,2019,6,180,31.032040340498707
2019-06-30,2019,6,181,32.95821729320722
2019-07-01,2019,7,182,32.79175302837489
2019-07-02,2019,7,183,31.43666123215821
2019-07-03,2019,7,184,31.192199283748927
2019-07-04,2019,7,185,30.22769378589854
2019-07-05,2019,7,186,29.696663670679275
2019-07-06,2019,7,187,29.838495906276872
2019-07-07,2019,7,188,32.472812062768696
2019-07-08,2019,7,189,32.813367130696484
2019-07-09,2019,7,190,32.73449954170249
2019-07-10,2019,7,191,32.16050960877042
2019-07-11,2019,7,192,31.576086931212377
2019-07-12,2019,7,193,31.58414990369733
2019-07-13,2019,7,194,32.25091330094583
2019-07-14,2019,7,195,31.99453529750644
2019-07-15,2019,7,196,31.231352819432498
2019-07-16,2019,7,197,32.48636300859845
2019-07-17,2019,7,198,32.841231960447125
2019-07-18,2019,7,199,33.35052086758384
2019-07-19,2019,7,200,30.955650633705933
2019-07-20,2019,7,201,32.0470014694755
2019-07-21,2019,7,202,31.968074105760966
2019-07-22,2019,7,203,32.117873876182294
2019-07-23,2019,7,204,31.602647437661215
2019-07-24,2019,7,205,31.266172284608768
2019-07-25,2019,7,206,32.060916471195185
2019-07-26,2019,7,207,31.3364542261393
2019-07-27,2019,7,208,30.81134141616508
2019-07-28,2019,7,209,31.916185823731723
2019-07-29,2019,7,210,31.174902868443684
2019-07-30,2019,7,211,30.966977104041277
2019-07-31,2019,7,212,31.789236302665525
2019-08-01,2019,8,213,31.94030002407567
2019-08-02,2019,8,214,32.71077323129836
2019-08-03,2019,8,215,32.64761126999141
2019-08-04,2019,8,216,32.61235450730869
2019-08-05,2019,8,217,32.21102104471195
2019-08-06,2019,8,218,32.0034093233018
2019-08-07,2019,8,219,31.42990727687016
2019-08-08,2019,8,220,32.61248952708512
2019-08-09,2019,8,221,32.3325886749785
2019-08-10,2019,8,222,32.39333955202064
2019-08-11,2019,8,223,32.234712289767835
2019-08-12,2019,8,224,32.30856714101461
2019-08-13,2019,8,225,31.525425398968185
2019-08-14,2019,8,226,30.547369356835762
2019-08-15,2019,8,227,32.1688175760963
2019-08-16,2019,8,228,31.65962239122958
2019-08-17,2019,8,229,32.64615473516766
2019-08-18,2019,8,230,33.55987131212382
2019-08-19,2019,8,231,33.051908501289766
2019-08-20,2019,8,232,32.1861111255374
2019-08-21,2019,8,233,32.09705451590714
2019-08-22,2019,8,234,31.970439040412725
2019-08-23,2019,8,235,31.289241795356837
2019-08-24,2019,8,236,31.313199605331043
2019-08-25,2019,8,237,31.058141218400692
2019-08-26,2019,8,238,30.518382158211512
2019-08-27,2019,8,239,31.30586728288909
2019-08-28,2019,8,240,31.933812209802237
2019-08-29,2019,8,241,30.874987021496135
2019-08-30,2019,8,242,29.194856423043852
2019-08-31,2019,8,243,30.19187349613069
2019-09-01,2019,9,244,31.934195238177132
2019-09-02,2019,9,245,32.65471973086844
2019-09-03,2019,9,246,32.096348036973346
2019-09-04,2019,9,247,31.65741561736887
2019-09-05,2019,9,248,31.555996510748063
2019-09-06,2019,9,249,32.078089737747206
2019-09-07,2019,9,250,32.83860592777301
2019-09-08,2019,9,251,32.28936271883061
2019-09-09,2019,9,252,32.50078144196045
2019-09-10,2019,9,253,32.867214345657786
2019-09-11,2019,9,254,32.82806801719691
2019-09-12,2019,9,255,31.681554651762685
2019-09-13,2019,9,256,32.3852730361135
2019-09-14,2019,9,257,32.59282072226999
2019-09-15,2019,9,258,32.50759275494411
2019-09-16,2019,9,259,32.815215509888226
2019-09-17,2019,9,260,33.298849200343945
2019-09-18,2019,9,261,32.47964657695615
2019-09-19,2019,9,262,32.091730880481514
2019-09-20,2019,9,263,31.028635041272572
2019-09-21,2019,9,264,32.780042730868445
2019-09-22,2019,9,265,32.686913291487535
2019-09-23,2019,9,266,32.933143201203784
2019-09-24,2019,9,267,32.81614821410146
2019-09-25,2019,9,268,32.72657016766982
2019-09-26,2019,9,269,32.402092144453995
2019-09-27,2019,9,270,32.56916029578676
2019-09-28,2019,9,271,33.705162460877055
2019-09-29,2019,9,272,32.58637234823732
2019-09-30,2019,9,273,31.340350540842646
2019-10-01,2019,10,274,31.68175823559759
2019-10-02,2019,10,275,32.17730921582116
2019-10-03,2019,10,276,32.344788059329325
2019-10-04,2019,10,277,33.16954817626827
2019-10-05,2019,10,278,32.64705455631986
2019-10-06,2019,10,279,32.479747846947554
2019-10-07,2019,10,280,33.07827045141874
2019-10-08,2019,10,281,32.63467783490971
2019-10-09,2019,10,282,32.547012463456575
2019-10-10,2019,10,283,32.48099478761823
2019-10-11,2019,10,284,31.94446653912296
2019-10-12,2019,10,285,32.04306626483233
2019-10-13,2019,10,286,32.665112310404126
2019-10-14,2019,10,287,33.392228158211516
2019-10-15,2019,10,288,34.181973208942395
2019-10-16,2019,10,289,34.072520779019776
2019-10-17,2019,10,290,32.63246342046432
2019-10-18,2019,10,291,31.898356904557172
2019-10-19,2019,10,292,31.328022353396392
2019-10-20,2019,10,293,31.322433183147034
2019-10-21,2019,10,294,31.130932846087703
2019-10-22,2019,10,295,31.57949372141015
2019-10-23,2019,10,296,32.30106873688736
2019-10-24,2019,10,297,32.741568096302665
2019-10-25,2019,10,298,32.30933401375752
2019-10-26,2019,10,299,32.880416830610486
2019-10-27,2019,10,300,33.551466665520216
2019-10-28,2019,10,301,31.928141207222705
2019-10-29,2019,10,302,33.08834423645744
2019-10-30,2019,10,303,32.40853777644024
2019-10-31,2019,10,304,32.201343730008595
2019-11-01,2019,11,305,32.55914129406706
2019-11-02,2019,11,306,32.96765653998281
2019-11-03,2019,11,307,32.0778372089424
2019-11-04,2019,11,308,31.749798136715395
2019-11-05,2019,11,309,31.035073394668956
2019-11-06,2019,11,310,31.09575061736887
2019-11-07,2019,11,311,31.373148730868436
2019-11-08,2019,11,312,32.664142685296646
2019-11-09,2019,11,313,31.735792671539127
2019-11-10,2019,11,314,29.254314589853823
2019-11-11,2019,11,315,30.646193146173694
2019-11-12,2019,11,316,31.49070241186587
2019-11-13,2019,11,317,30.45994149011178
2019-11-14,2019,11,318,31.47130549871023
2019-11-15,2019,11,319,31.75843095012897
2019-11-16,2019,11,320,32.76912751074806
2019-11-17,2019,11,321,32.410293490971625
2019-11-18,2019,11,322,31.142076635425628
2019-11-19,2019,11,323,31.195096235597592
2019-11-20,2019,11,324,31.479327449699046
2019-11-21,2019,11,325,31.08422728202923
2019-11-22,2019,11,326,30.120910303525363
2019-11-23,2019,11,327,29.90350451246775
2019-11-24,2019,11,328,29.817496513327598
2019-11-25,2019,11,329,31.298257757523647
2019-11-26,2019,11,330,30.52775368873603
2019-11-27,2019,11,331,29.55004499226139
2019-11-28,2019,11,332,31.976080494411008
2019-11-29,2019,11,333,32.32316147893379
2019-11-30,2019,11,334,30.427358004299233
2019-12-01,2019,12,335,29.377137548581256
2019-12-02,2019,12,336,29.707707441100606
2019-12-03,2019,12,337,29.24404911865864
2019-12-04,2019,12,338,29.747494938950993
2019-12-05,2019,12,339,28.696362721410146
2019-12-06,2019,12,340,29.252544424763542
2019-12-07,2019,12,341,30.70587562424764
2019-12-08,2019,12,342,30.681357018056747
2019-12-09,2019,12,343,30.18120278245916
2019-12-10,2019,12,344,30.02053559587274
2019-12-11,2019,12,345,31.159068047291484
2019-12-12,2019,12,346,32.000328176268276
2019-12-13,2019,12,347,31.42854601117799
2019-12-14,2019,12,348,30.92038089509888
2019-12-15,2019,12,349,30.824469773000857
2019-12-16,2019,12,350,30.25133075580396
2019-12-17,2019,12,351,30.264049349957006
2019-12-18,2019,12,352,32.147361058469464
2019-12-19,2019,12,353,31.122280642304386
2019-12-20,2019,12,354,31.38296167841788
2019-12-21,2019,12,355,31.610501438521066
2019-12-22,2019,12,356,32.37723195012898
2019-12-23,2019,12,357,31.91989494153053
2019-12-24,2019,12,358,31.148837300945832
2019-12-25,2019,12,359,30.958841489251938
2019-12-26,2019,12,360,31.247801129836624
2019-12-27,2019,12,361,31.65064057351677
2019-12-28,2019,12,362,30.93153184350817
2019-12-29,2019,12,363,31.26558760791057
2019-12-30,2019,12,364,30.446967682717112
2019-12-31,2019,12,365,30.02604373086844
2020-01-01,2020,1,1,29.977928036113497
2020-01-02,2020,1,2,29.44060321840068
2020-01-03,2020,1,3,29.930459201203785
2020-01-04,2020,1,4,31.536103129836626
2020-01-05,2020,1,5,29.795467472914872
2020-01-06,2020,1,6,28.38037372914875
2020-01-07,2020,1,7,28.80839527515047
2020-01-08,2020,1,8,30.74535160791057
2020-01-09,2020,1,9,30.380471071367158
2020-01-10,2020,1,10,30.733352379191746
2020-01-11,2020,1,11,29.198677884780743
2020-01-12,2020,1,12,31.52947858985383
2020-01-13,2020,1,13,30.568300691315564
2020-01-14,2020,1,14,31.67425185812554
2020-01-15,2020,1,15,31.27335424247635
2020-01-16,2020,1,16,29.925064761822867
2020-01-17,2020,1,17,32.594949429922615
2020-01-18,2020,1,18,32.02817226827171
2020-01-19,2020,1,19,32.34141683748925
2020-01-20,2020,1,20,31.910048841788473
2020-01-21,2020,1,21,30.544455630266558
2020-01-22,2020,1,22,29.843298207222702
2020-01-23,2020,1,23,29.7035147661221
2020-01-24,2020,1,24,29.544843122098026
2020-01-25,2020,1,25,31.471642224419607
2020-01-26,2020,1,26,32.30624813585555
2020-01-27,2020,1,27,32.108321704213246
2020-01-28,2020,1,28,31.43003232932072
2020-01-29,2020,1,29,31.70390634135856
2020-01-30,2020,1,30,31.294264816852966
2020-01-31,2020,1,31,30.801530128116944
2020-02-01,2020,2,32,31.1096687927773
2020-02-02,2020,2,33,32.04691646775581
2020-02-03,2020,2,34,29.833721441960446
2020-02-04,2020,2,35,30.30089679105761
2020-02-05,2020,2,36,30.36218294411006
2020-02-06,2020,2,37,30.339126871023215
2020-02-07,2020,2,38,29.89940980051591
2020-02-08,2020,2,39,30.911782748925194
2020-02-09,2020,2,40,29.966282601891656
2020-02-10,2020,2,41,28.46020810318143
2020-02-11,2020,2,42,29.436643440240754
2020-02-12,2020,2,43,31.28525112897679
2020-02-13,2020,2,44,29.163950935511604
2020-02-14,2020,2,45,30.757401451418747
2020-02-15,2020,2,46,30.795187679277728
2020-02-16,2020,2,47,30.157983627687017
2020-02-17,2020,2,48,28.767959140154773
2020-02-18,2020,2,49,28.131824778159928
2020-02-19,2020,2,50,29.259298059329318
2020-02-20,2020,2,51,29.77342231814274
2020-02-21,2020,2,52,30.530802905417023
2020-02-22,2020,2,53,31.613606232158215
2020-02-23,2020,2,54,30.996458374892516
2020-02-24,2020,2,55,29.78691689853827
2020-02-25,2020,2,56,31.20564745657782
2020-02-26,2020,2,57,31.180785337919172
2020-02-27,2020,2,58,31.867113760103184
2020-02-28,2020,2,59,30.09329181513328
2020-02-29,2020,2,60,29.964126693035247
2020-03-01,2020,3,61,29.563144608770422
2020-03-02,2020,3,62,29.352277153912297
2020-03-03,2020,3,63,29.887989809114362
2020-03-04,2020,3,64,30.533138144453996
2020-03-05,2020,3,65,29.751015916595016
2020-03-06,2020,3,66,31.906392494411005
2020-03-07,2020,3,67,31.385374277730005
2020-03-08,2020,3,68,31.96415474892519
2020-03-09,2020,3,69,32.7690916560619
2020-03-10,2020,3,70,31.541636795356837
2020-03-11,2020,3,71,31.161933668099742
2020-03-12,2020,3,72,29.56755314101461
2020-03-13,2020,3,73,31.29351464144454
2020-03-14,2020,3,74,31.572057027515044
2020-03-15,2020,3,75,30.3860048460877
2020-03-16,2020,3,76,30.06354408856406
2020-03-17,2020,3,77,29.848801203783314
2020-03-18,2020,3,78,30.74402954686156
2020-03-19,2020,3,79,30.2803351349957
2020-03-20,2020,3,80,30.323930838349096
2020-03-21,2020,3,81,29.879138249355112
2020-03-22,2020,3,82,29.89307286414446
2020-03-23,2020,3,83,30.30721179535684
2020-03-24,2020,3,84,28.79908856233878
2020-03-25,2020,3,85,30.412723115219258
2020-03-26,2020,3,86,29.58409257265692
2020-03-27,2020,3,87,29.82538493379192
2020-03-28,2020,3,88,31.181716283748923
2020-03-29,2020,3,89,30.322479822871877
2020-03-30,2020,3,90,30.403054814273432
2020-03-31,2020,3,91,30.61799429148753
2020-04-01,2020,4,92,30.688671903697337
2020-04-02,2020,4,93,31.221587474634568
2020-04-03,2020,4,94,30.427861030954425
2020-04-04,2020,4,95,30.58073337145314
2020-04-05,2020,4,96,30.892824668099742
2020-04-06,2020,4,97,30.391050081685297
2020-04-07,2020,4,98,29.564653748925195
2020-04-08,2020,4,99,29.26093112897678
2020-04-09,2020,4,100,30.318747081685295
2020-04-10,2020,4,101,31.37377301031814
2020-04-11,2020,4,102,30.933968896818573
2020-04-12,2020,4,103,30.417015648323304
2020-04-13,2020,4,104,29.4127021349957
2020-04-14,2020,4,105,30.18715912983663
2020-04-15,2020,4,106,32.233909804815134
2020-04-16,2020,4,107,31.769405944110062
2020-04-17,2020,4,108,30.31221177214101
2020-04-18,2020,4,109,30.455699407566637
2020-04-19,2020,4,110,31.41471050730869
2020-04-20,2020,4,111,30.60675065262253
2020-04-21,2020,4,112,30.640320190885642
2020-04-22,2020,4,113,31.27451286156492
2020-04-23,2020,4,114,31.52526003267412
2020-04-24,2020,4,115,31.803756182287188
2020-04-25,2020,4,116,31.540481320722268
2020-04-26,2020,4,117,31.444894173688738
2020-04-27,2020,4,118,31.090508155631987
2020-04-28,2020,4,119,29.96316010404127
2020-04-29,2020,4,120,31.957201879621664
2020-04-30,2020,4,121,31.892133140154765
2020-05-01,2020,5,122,32.23084652192605
2020-05-02,2020,5,123,32.183082828030955
2020-05-03,2020,5,124,31.346890111779874
2020-05-04,2020,5,125,31.71606840412726
2020-05-05,2020,5,126,32.095969436801376
2020-05-06,2020,5,127,32.53859779965606
2020-05-07,2020,5,128,32.13748151590713
2020-05-08,2020,5,129,33.328104025795355
2020-05-09,2020,5,130,32.63698019862425
2020-05-10,2020,5,131,33.14175363284609
2020-05-11,2020,5,132,32.90316932244196
2020-05-12,2020,5,133,32.451240715391236
2020-05-13,2020,5,134,32.56569123903697
2020-05-14,2020,5,135,33.26193193895099
2020-05-15,2020,5,136,32.58814185984523
2020-05-16,2020,5,137,32.48679187962167
2020-05-17,2020,5,138,32.471570735167674
2020-05-18,2020,5,139,33.125424689595874
2020-05-19,2020,5,140,33.12867510920034
2020-05-20,2020,5,141,32.676586521066206
2020-05-21,2020,5,142,32.30165842562339
2020-05-22,2020,5,143,32.44984519604471
2020-05-23,2020,5,144,31.636487998280305
2020-05-24,2020,5,145,31.84058614445399
2020-05-25,2020,5,146,32.021942779019774
2020-05-26,2020,5,147,32.60961162682717
2020-05-27,2020,5,148,32.4187545855546
2020-05-28,2020,5,149,32.710215128976785
2020-05-29,2020,5,150,33.49643933361994
2020-05-30,2020,5,151,33.94237754428203
2020-05-31,2020,5,152,33.414652207222694
2020-06-01,2020,6,153,33.894187637145315
2020-06-02,2020,6,154,34.20498637403268
2020-06-03,2020,6,155,33.97333533361995
2020-06-04,2020,6,156,33.77274089939811
2020-06-05,2020,6,157,34.02668651504729
2020-06-06,2020,6,158,34.04906752364574
2020-06-07,2020,6,159,32.17393317626827
2020-06-08,2020,6,160,31.765127874462596
2020-06-09,2020,6,161,31.687283008598456
2020-06-10,2020,6,162,32.26312773602752
2020-06-11,2020,6,163,32.19501295786758
2020-06-12,2020,6,164,31.608195190025796
2020-06-13,2020,6,165,31.153717362854685
2020-06-14,2020,6,166,32.267858730008605
2020-06-15,2020,6,167,33.01475598968185
2020-06-16,2020,6,168,33.05927174634566
2020-06-17,2020,6,169,33.714507239036976
2020-06-18,2020,6,170,33.523599968185735
2020-06-19,2020,6,171,33.04867822699914
2020-06-20,2020,6,172,32.060997153052455
2020-06-21,2020,6,173,31.961946311263972
2020-06-22,2020,6,174,33.19281088134135
2020-06-23,2020,6,175,32.402226506448834
2020-06-24,2020,6,176,31.731782214101464
2020-06-25,2020,6,177,32.053385469475494
2020-06-26,2020,6,178,30.92879410490112
2020-06-27,2020,6,179,30.855502362854686
2020-06-28,2020,6,180,31.782057148753225
2020-06-29,2020,6,181,31.774393138435077
2020-06-30,2020,6,182,32.82331504127257
2020-07-01,2020,7,183,30.27290903783319
2020-07-02,2020,7,184,31.999340594153058
2020-07-03,2020,7,185,32.70712662080825
2020-07-04,2020,7,186,32.980705466036106
2020-07-05,2020,7,187,33.0172115399828
2020-07-06,2020,7,188,32.35728855030094
2020-07-07,2020,7,189,30.427617525365434
2020-07-08,2020,7,190,31.569730108340504
2020-07-09,2020,7,191,31.777230989681858
2020-07-10,2020,7,192,33.22875139380911
2020-07-11,2020,7,193,32.244971513327606
2020-07-12,2020,7,194,30.98584043766122
2020-07-13,2020,7,195,31.148857168529666
2020-07-14,2020,7,196,32.53163404471195
2020-07-15,2020,7,197,31.8770609183147
2020-07-16,2020,7,198,31.464497396388648
2020-07-17,2020,7,199,30.20221831212382
2020-07-18,2020,7,200,32.22450662854686
2020-07-19,2020,7,201,32.256170338779015
2020-07-20,2020,7,202,31.824340758383496
2020-07-21,2020,7,203,31.778945927772998
2020-07-22,2020,7,204,32.06491982975064
2020-07-23,2020,7,205,32.351116512467755
2020-07-24,2020,7,206,31.443860723989683
2020-07-25,2020,7,207,31.353193846947555
2020-07-26,2020,7,208,31.4498598650043
2020-07-27,2020,7,209,31.602217160791056
2020-07-28,2020,7,210,32.44374197248494
2020-07-29,2020,7,211,32.652181166809974
2020-07-30,2020,7,212,32.13705109286329
2020-07-31,2020,7,213,32.14704842132415
2020-08-01,2020,8,214,30.788468349957004
2020-08-02,2020,8,215,31.18693806706792
2020-08-03,2020,8,216,32.8023974694755
2020-08-04,2020,8,217,32.73710849613069
2020-08-05,2020,8,218,32.81347771453138
2020-08-06,2020,8,219,33.26525557265692
2020-08-07,2020,8,220,33.37891031040412
2020-08-08,2020,8,221,32.74365891401548
2020-08-09,2020,8,222,32.545303071367165
2020-08-10,2020,8,223,33.405458980223564
2020-08-11,2020,8,224,33.5647270455718
2020-08-12,2020,8,225,31.42546943938091
2020-08-13,2020,8,226,32.46708606448839
2020-08-14,2020,8,227,31.7132322433362
2020-08-15,2020,8,228,32.92426299226139
2020-08-16,2020,8,229,32.716385290627684
2020-08-17,2020,8,230,32.94146592949269
2020-08-18,2020,8,231,32.95650805417025
2020-08-19,2020,8,232,32.63437600171969
2020-08-20,2020,8,233,32.8110309544282
2020-08-21,2020,8,234,32.7792855855546
2020-08-22,2020,8,235,33.54588461822871
2020-08-23,2020,8,236,32.92896365348236
2020-08-24,2020,8,237,33.344275892519356
2020-08-25,2020,8,238,32.66605612381772
2020-08-26,2020,8,239,32.79491593035254
2020-08-27,2020,8,240,32.99181616337059
2020-08-28,2020,8,241,31.92891309200344
2020-08-29,2020,8,242,31.467635665520206
2020-08-30,2020,8,243,31.555167573516762
2020-08-31,2020,8,244,28.954595881341366
2020-09-01,2020,9,245,30.43436802321582
2020-09-02,2020,9,246,30.469474166809974
2020-09-03,2020,9,247,31.867726223559753
2020-09-04,2020,9,248,32.53206207136715
2020-09-05,2020,9,249,33.05409600859846
2020-09-06,2020,9,250,33.369690146173696
2020-09-07,2020,9,251,32.66940519346518
2020-09-08,2020,9,252,32.56030389079966
2020-09-09,2020,9,253,32.87247152192605
2020-09-10,2020,9,254,32.658755558899394
2020-09-11,2020,9,255,32.2628026577816
2020-09-12,2020,9,256,32.04821391745486
2020-09-13,2020,9,257,32.687197341358555
2020-09-14,2020,9,258,33.262668556319866
2020-09-15,2020,9,259,31.86731036801375
2020-09-16,2020,9,260,32.35182181255374
2020-09-17,2020,9,261,31.75350797162511
2020-09-18,2020,9,262,32.01524226827171
2020-09-19,2020,9,263,31.869738016337056
2020-09-20,2020,9,264,33.49788073258813
2020-09-21,2020,9,265,32.311741233877896
2020-09-22,2020,9,266,31.49933755717971
2020-09-23,2020,9,267,32.14478788478074
2020-09-24,2020,9,268,31.77743053826311
2020-09-25,2020,9,269,33.13830940498711
2020-09-26,2020,9,270,33.06901821152193
2020-09-27,2020,9,271,31.813680121238185
2020-09-28,2020,9,272,30.929404730008596
2020-09-29,2020,9,273,31.388238369733447
2020-09-30,2020,9,274,32.375197920034395
2020-10-01,2020,10,275,32.43507342304385
2020-10-02,2020,10,276,32.75651575924333
2020-10-03,2020,10,277,33.220049704213245
2020-10-04,2020,10,278,33.442002476354254
2020-10-05,2020,10,279,31.419107239036975
2020-10-06,2020,10,280,32.12174193551161
2020-10-07,2020,10,281,32.8926025494411
2020-10-08,2020,10,282,33.29054797850388
2020-10-09,2020,10,283,33.04867341100602
2020-10-10,2020,10,284,32.430452897678414
2020-10-11,2020,10,285,31.862651229578674
2020-10-12,2020,10,286,31.280761286328463
2020-10-13,2020,10,287,31.84159745743766
2020-10-14,2020,10,288,32.79698869991401
2020-10-15,2020,10,289,32.49164991573516
2020-10-16,2020,10,290,32.85089296302665
2020-10-17,2020,10,291,33.59196775150473
2020-10-18,2020,10,292,32.792684767841784
2020-10-19,2020,10,293,32.97358515563199
2020-10-20,2020,10,294,32.56690240068788
2020-10-21,2020,10,295,32.3953653688736
2020-10-22,2020,10,296,32.566710730868444
2020-10-23,2020,10,297,32.42878214875322
2020-10-24,2020,10,298,32.966061161650906
2020-10-25,2020,10,299,33.69163073516767
2020-10-26,2020,10,300,32.72447193809115
2020-10-27,2020,10,301,33.23273255374033
2020-10-28,2020,10,302,32.49584577300086
2020-10-29,2020,10,303,32.74679559759243
2020-10-30,2020,10,304,32.42853342046431
2020-10-31,2020,10,305,31.77003799570078
2020-11-01,2020,11,306,32.35567743680137
2020-11-02,2020,11,307,32.24032509544282
2020-11-03,2020,11,308,32.257961374032675
2020-11-04,2020,11,309,32.86867736543422
2020-11-05,2020,11,310,33.709011991401546
2020-11-06,2020,11,311,34.11429440240757
2020-11-07,2020,11,312,33.58333866294066
2020-11-08,2020,11,313,33.06808530696475
2020-11-09,2020,11,314,33.22351107910576
2020-11-10,2020,11,315,31.60596744282029
2020-11-11,2020,11,316,30.75847601719691
2020-11-12,2020,11,317,30.7342402072227
2020-11-13,2020,11,318,29.739140184006878
2020-11-14,2020,11,319,30.076903418744628
2020-11-15,2020,11,320,30.60626693637145
2020-11-16,2020,11,321,32.14605248409287
2020-11-17,2020,11,322,31.925652311263978
2020-11-18,2020,11,323,33.04334265520207
2020-11-19,2020,11,324,33.714828540842646
2020-11-20,2020,11,325,33.12686993981084
2020-11-21,2020,11,326,33.040340044711954
2020-11-22,2020,11,327,32.81192624935512
2020-11-23,2020,11,328,32.74697816251074
2020-11-24,2020,11,329,32.927163389509886
2020-11-25,2020,11,330,32.488068576956145
2020-11-26,2020,11,331,32.85618783662941
2020-11-27,2020,11,332,32.83751848151333
2020-11-28,2020,11,333,32.41089353740326
2020-11-29,2020,11,334,30.948130930352537
2020-11-30,2020,11,335,30.203111392089426
2020-12-01,2020,12,336,31.036957716251074
2020-12-02,2020,12,337,30.467000418744625
2020-12-03,2020,12,338,31.25796063370593
2020-12-04,2020,12,339,32.08386332330181
2020-12-05,2020,12,340,32.713922957007746
2020-12-06,2020,12,341,31.805132684436796
2020-12-07,2020,12,342,31.39164052020636
2020-12-08,2020,12,343,31.791249147893378
2020-12-09,2020,12,344,29.79653874806534
2020-12-10,2020,12,345,29.217047311263972
2020-12-11,2020,12,346,29.87763967411866
2020-12-12,2020,12,347,28.78085215993121
2020-12-13,2020,12,348,29.086463973344806
2020-12-14,2020,12,349,28.407917820292347
2020-12-15,2020,12,350,30.242416062768704
2020-12-16,2020,12,351,29.648570112639725
2020-12-17,2020,12,352,30.1826272072227
2020-12-18,2020,12,353,31.631640862424764
2020-12-19,2020,12,354,29.966834057609624
2020-12-20,2020,12,355,27.61683645571797
2020-12-21,2020,12,356,30.85570736027515
2020-12-22,2020,12,357,31.90308459759243
2020-12-23,2020,12,358,31.864365095442825
2020-12-24,2020,12,359,29.836716715391233
2020-12-25,2020,12,360,31.409267673258814
2020-12-26,2020,12,361,30.162238893379197
2020-12-27,2020,12,362,30.138347950988823
2020-12-28,2020,12,363,29.945091649183148
2020-12-29,2020,12,364,29.438944113499577
2020-12-30,2020,12,365,27.170560509028373
2020-12-31,2020,12,366,28.08470224677558
2021-01-01,2021,1,1,32.48878977558039
2021-01-02,2021,1,2,31.913458185726576
2021-01-03,2021,1,3,31.69801620894239
2021-01-04,2021,1,4,31.85054941272571
2021-01-05,2021,1,5,31.677814530524504
2021-01-06,2021,1,6,29.490143914875325
2021-01-07,2021,1,7,29.949783701633706
2021-01-08,2021,1,8,31.125859758383488
2021-01-09,2021,1,9,31.57242875236457
2021-01-10,2021,1,10,29.598393963886497
2021-01-11,2021,1,11,29.0261147661221
2021-01-12,2021,1,12,30.905739734307822
2021-01-13,2021,1,13,30.994923613929494
2021-01-14,2021,1,14,30.957034426483236
2021-01-15,2021,1,15,30.503540383490968
2021-01-16,2021,1,16,32.032342360275145
2021-01-17,2021,1,17,30.982021868443677
2021-01-18,2021,1,18,31.476364395528808
2021-01-19,2021,1,19,32.15716316251074
2021-01-20,2021,1,20,31.1477150455718
2021-01-21,2021,1,21,30.46936196130697
2021-01-22,2021,1,22,28.694253515047293
2021-01-23,2021,1,23,28.457638018916594
2021-01-24,2021,1,24,28.288389137575233
2021-01-25,2021,1,25,28.472461539122953
2021-01-26,2021,1,26,29.570266836629404
2021-01-27,2021,1,27,28.326831622527944
2021-01-28,2021,1,28,30.107108806534825
2021-01-29,2021,1,29,29.20750139466896
2021-01-30,2021,1,30,28.836883477214105
2021-01-31,2021,1,31,28.03199373860705
2021-02-01,2021,2,32,28.555799911435944
2021-02-02,2021,2,33,29.0299301805675
2021-02-03,2021,2,34,28.886351260533104
2021-02-04,2021,2,35,29.42295556147894
2021-02-05,2021,2,36,29.175099466036116
2021-02-06,2021,2,37,29.939062680997413
2021-02-07,2021,2,38,28.25194319002579
2021-02-08,2021,2,39,29.650057006018915
2021-02-09,2021,2,40,29.61001819432502
2021-02-10,2021,2,41,30.895410992261393
2021-02-11,2021,2,42,31.031392013757518
2021-02-12,2021,2,43,30.95173728116939
2021-02-13,2021,2,44,30.492401669819426
2021-02-14,2021,2,45,27.312353986242474
2021-02-15,2021,2,46,26.705708234737745
2021-02-16,2021,2,47,28.6387878650043
2021-02-17,2021,2,48,30.532148017196903
2021-02-18,2021,2,49,31.05646509286328
2021-02-19,2021,2,50,32.33159518572657
2021-02-20,2021,2,51,31.536305347377468
2021-02-21,2021,2,52,30.649028546861558
2021-02-22,2021,2,53,30.863968472914877
2021-02-23,2021,2,54,30.403872961306963
2021-02-24,2021,2,55,28.778510519346515
2021-02-25,2021,2,56,30.301234624247638
2021-02-26,2021,2,57,30.45730088907996
2021-02-27,2021,2,58,30.65503398796217
2021-02-28,2021,2,59,30.671600412725713
2021-03-01,2021,3,60,29.263896683576952
2021-03-02,2021,3,61,29.61236983748925
2021-03-03,2021,3,62,29.885449192605325
2021-03-04,2021,3,63,29.698294247635424
2021-03-05,2021,3,64,27.584696553740326
2021-03-06,2021,3,65,28.922324418744626
2021-03-07,2021,3,66,29.144454803095446
2021-03-08,2021,3,67,30.722900068787617
2021-03-09,2021,3,68,29.934337370593287
2021-03-10,2021,3,69,30.411834045571794
2021-03-11,2021,3,70,32.41593312295787
2021-03-12,2021,3,71,30.117090731728293
2021-03-13,2021,3,72,31.02820547205503
2021-03-14,2021,3,73,29.258497805674974
2021-03-15,2021,3,74,30.256370646603617
2021-03-16,2021,3,75,31.008917975924334
2021-03-17,2021,3,76,31.10409416251075
2021-03-18,2021,3,77,29.70255356491832
2021-03-19,2021,3,78,31.130236258813415
2021-03-20,2021,3,79,31.988075397248497
2021-03-21,2021,3,80,31.153897125537405
2021-03-22,2021,3,81,31.385259452278593
2021-03-23,2021,3,82,30.851357951848666
2021-03-24,2021,3,83,31.117906775580398
2021-03-25,2021,3,84,31.341914066208084
2021-03-26,2021,3,85,28.269264142734304
2021-03-27,2021,3,86,29.54568511951848
2021-03-28,2021,3,87,28.610798537403266
2021-03-29,2021,3,88,30.492253607050724
2021-03-30,2021,3,89,29.349236021496125
2021-03-31,2021,3,90,30.04782199570078
2021-04-01,2021,4,91,30.378893469475493
2021-04-02,2021,4,92,31.09833635683577
2021-04-03,2021,4,93,31.175703108340503
2021-04-04,2021,4,94,29.99350301719691
2021-04-05,2021,4,95,31.380872649183146
2021-04-06,2021,4,96,32.261669907136714
2021-04-07,2021,4,97,31.70104447549441
2021-04-08,2021,4,98,31.862680361994833
2021-04-09,2021,4,99,30.78636792605331
2021-04-10,2021,4,100,31.739581051590708
2021-04-11,2021,4,101,30.88871189595873
2021-04-12,2021,4,102,30.507692769561476
2021-04-13,2021,4,103,31.856514496990545
2021-04-14,2021,4,104,31.575793912295786
2021-04-15,2021,4,105,31.1381172244196
2021-04-16,2021,4,106,31.291593587274278
2021-04-17,2021,4,107,32.07789547979364
2021-04-18,2021,4,108,32.96869422527945
2021-04-19,2021,4,109,31.70664571453138
2021-04-20,2021,4,110,33.101391630266555
2021-04-21,2021,4,111,32.370612469475496
2021-04-22,2021,4,112,31.334959861564915
2021-04-23,2021,4,113,29.9795768916595
2021-04-24,2021,4,114,31.564550191745486
2021-04-25,2021,4,115,31.090269026655204
2021-04-26,2021,4,116,30.270423569217535
2021-04-27,2021,4,117,30.457757407566636
2021-04-28,2021,4,118,31.755542456577817
2021-04-29,2021,4,119,32.47732212123818
2021-04-30,2021,4,120,32.145985887360276
2021-05-01,2021,5,121,32.071642366294064
2021-05-02,2021,5,122,32.96457074892518
2021-05-03,2021,5,123,32.29329056835769
2021-05-04,2021,5,124,32.31390780309545
2021-05-05,2021,5,125,32.56188750386929
2021-05-06,2021,5,126,32.73845896302666
2021-05-07,2021,5,127,33.229968454858124
2021-05-08,2021,5,128,32.89834178589853
2021-05-09,2021,5,129,32.43771586672399
2021-05-10,2021,5,130,31.79220135081685
2021-05-11,2021,5,131,30.553708757523648
2021-05-12,2021,5,132,31.492598736887363
2021-05-13,2021,5,133,32.87489509544282
2021-05-14,2021,5,134,31.99637769475494
2021-05-15,2021,5,135,32.66948937489252
2021-05-16,2021,5,136,32.11552190025795
2021-05-17,2021,5,137,31.615560409286324
2021-05-18,2021,5,138,31.565722344797937
2021-05-19,2021,5,139,31.443155901977644
2021-05-20,2021,5,140,30.7228420627687
2021-05-21,2021,5,141,31.67000038865004
2021-05-22,2021,5,142,32.507847660361136
2021-05-23,2021,5,143,32.71220320464316
2021-05-24,2021,5,144,32.99543832072227
2021-05-25,2021,5,145,33.16038101547721
2021-05-26,2021,5,146,33.532550472055036
2021-05-27,2021,5,147,32.289443625967316
2021-05-28,2021,5,148,31.66369420464316
2021-05-29,2021,5,149,31.581800560619087
2021-05-30,2021,5,150,33.00093612123818
2021-05-31,2021,5,151,33.11578770593294
2021-06-01,2021,6,152,32.16555062854686
2021-06-02,2021,6,153,31.587224283748927
2021-06-03,2021,6,154,32.26400425537403
2021-06-04,2021,6,155,32.21288439552881
2021-06-05,2021,6,156,32.939235147033536
2021-06-06,2021,6,157,32.86860767927773
2021-06-07,2021,6,158,32.70308680825451
2021-06-08,2021,6,159,31.69688661134996
2021-06-09,2021,6,160,32.61195507910576
2021-06-10,2021,6,161,32.9070736672399
2021-06-11,2021,6,162,32.56895080309545
2021-06-12,2021,6,163,32.290494307824595
2021-06-13,2021,6,164,32.458535896818574
2021-06-14,2021,6,165,32.97794892691316
2021-06-15,2021,6,166,32.86935336715391
2021-06-16,2021,6,167,32.76933530868444
2021-06-17,2021,6,168,32.29522712725709
2021-06-18,2021,6,169,32.33618483920894
2021-06-19,2021,6,170,32.08412442734308
2021-06-20,2021,6,171,31.84688290197764
2021-06-21,2021,6,172,31.85051679363714
2021-06-22,2021,6,173,31.326502037833198
2021-06-23,2021,6,174,31.508356614789335
2021-06-24,2021,6,175,31.533112255374032
2021-06-25,2021,6,176,31.427022508168527
2021-06-26,2021,6,177,31.8972266044712
2021-06-27,2021,6,178,32.4824429828031
2021-06-28,2021,6,179,32.295398683576956
2021-06-29,2021,6,180,32.741077537403264
2021-06-30,2021,6,181,32.384657980223565
2021-07-01,2021,7,182,32.38403968787619
2021-07-02,2021,7,183,32.65713893121237
2021-07-03,2021,7,184,32.0733828916595
2021-07-04,2021,7,185,32.03572241874463
2021-07-05,2021,7,186,32.97183267669819
2021-07-06,2021,7,187,32.25329098538263
2021-07-07,2021,7,188,31.909674575236455
2021-07-08,2021,7,189,30.923901148753224
2021-07-09,2021,7,190,31.231614746345656
2021-07-10,2021,7,191,31.70292109630266
2021-07-11,2021,7,192,31.335269004299224
2021-07-12,2021,7,193,32.64151429578676
2021-07-13,2021,7,194,32.83292129062769
2021-07-14,2021,7,195,33.46709912123818
2021-07-15,2021,7,196,31.670812509028373
2021-07-16,2021,7,197,29.93575291143594
2021-07-17,2021,7,198,31.627939182287186
2021-07-18,2021,7,199,31.2140644677558
2021-07-19,2021,7,200,32.458004240756665
2021-07-20,2021,7,201,31.23985886242476
2021-07-21,2021,7,202,32.35800525365434
2021-07-22,2021,7,203,32.58887773172829
2021-07-23,2021,7,204,32.665101873602744
2021-07-24,2021,7,205,31.880386246775576
2021-07-25,2021,7,206,31.983740184866726
2021-07-26,2021,7,207,30.846345380911433
2021-07-27,2021,7,208,31.491848842648324
2021-07-28,2021,7,209,31.60477741960447
2021-07-29,2021,7,210,33.15350054256234
2021-07-30,2021,7,211,32.45280363198624
2021-07-31,2021,7,212,32.476103979363714
2021-08-01,2021,8,213,32.98079181513328
2021-08-02,2021,8,214,32.43736136199484
2021-08-03,2021,8,215,32.136877325021494
2021-08-04,2021,8,216,32.64726096044713
2021-08-05,2021,8,217,33.28813211092003
2021-08-06,2021,8,218,32.78248012811694
2021-08-07,2021,8,219,32.98156809114359
2021-08-08,2021,8,220,32.56556512811693
2021-08-09,2021,8,221,32.514959419604466
2021-08-10,2021,8,222,32.15626861306964
2021-08-11,2021,8,223,30.75090344539982
2021-08-12,2021,8,224,32.19598183490971
2021-08-13,2021,8,225,32.709301503009456
2021-08-14,2021,8,226,31.107738657781603
2021-08-15,2021,8,227,31.182856087704213
2021-08-16,2021,8,228,31.435423565778162
2021-08-17,2021,8,229,31.9289186938951
2021-08-18,2021,8,230,32.626527331900256
2021-08-19,2021,8,231,31.781527928632844
2021-08-20,2021,8,232,32.8670150266552
2021-08-21,2021,8,233,32.709007513327606
2021-08-22,2021,8,234,32.59399549269131
2021-08-23,2021,8,235,33.854663480653485
2021-08-24,2021,8,236,33.385029326741176
2021-08-25,2021,8,237,33.27434587618229
2021-08-26,2021,8,238,32.31196871797077
2021-08-27,2021,8,239,31.29288431298367
2021-08-28,2021,8,240,31.930173711092003
2021-08-29,2021,8,241,32.54759729406707
2021-08-30,2021,8,242,31.756834781599306
2021-08-31,2021,8,243,32.55411367325882
2021-09-01,2021,9,244,31.651461008598453
2021-09-02,2021,9,245,32.28181137747206
2021-09-03,2021,9,246,33.059607576956154
2021-09-04,2021,9,247,32.66040170937231
2021-09-05,2021,9,248,31.996936940670672
2021-09-06,2021,9,249,31.88907247377472
2021-09-07,2021,9,250,32.27497273086844
2021-09-08,2021,9,251,32.3725413705933
2021-09-09,2021,9,252,32.68701572656921
2021-09-10,2021,9,253,33.36757974118659
2021-09-11,2021,9,254,33.555798760963015
2021-09-12,2021,9,255,31.40091043422184
2021-09-13,2021,9,256,30.821943858985385
2021-09-14,2021,9,257,30.36820237231299
2021-09-15,2021,9,258,32.278290325021494
2021-09-16,2021,9,259,32.11526347979363
2021-09-17,2021,9,260,31.38123946947549
2021-09-18,2021,9,261,31.59824726483233
2021-09-19,2021,9,262,31.22738622269991
2021-09-20,2021,9,263,31.654624811693896
2021-09-21,2021,9,264,31.604341065348233
2021-09-22,2021,9,265,31.62798330868444
2021-09-23,2021,9,266,31.9958239733448
2021-09-24,2021,9,267,32.77163237145314
2021-09-25,2021,9,268,32.632990784178844
2021-09-26,2021,9,269,32.5951828822012
2021-09-27,2021,9,270,32.71105953482373
2021-09-28,2021,9,271,32.89367968443681
2021-09-29,2021,9,272,31.73126080309545
2021-09-30,2021,9,273,31.65964301461737
2021-10-01,2021,10,274,31.39661399312124
2021-10-02,2021,10,275,31.701674323301802
2021-10-03,2021,10,276,31.666885015477217
2021-10-04,2021,10,277,31.21214662768702
2021-10-05,2021,10,278,32.048966504729144
2021-10-06,2021,10,279,32.914392500429926
2021-10-07,2021,10,280,32.94312991315563
2021-10-08,2021,10,281,32.910088480653485
2021-10-09,2021,10,282,32.560560968185726
2021-10-10,2021,10,283,31.99658993809114
2021-10-11,2021,10,284,31.028539405846946
2021-10-12,2021,10,285,31.314361164230437
2021-10-13,2021,10,286,31.259518147893374
2021-10-14,2021,10,287,31.33172315305245
2021-10-15,2021,10,288,31.002223873602752
2021-10-16,2021,10,289,31.217928711092007
2021-10-17,2021,10,290,32.26787415735167
2021-10-18,2021,10,291,32.12611058985382
2021-10-19,2021,10,292,33.12066419088564
2021-10-20,2021,10,293,33.2169930894239
2021-10-21,2021,10,294,32.42260455374032
2021-10-22,2021,10,295,32.33715946345657
2021-10-23,2021,10,296,31.68842730782459
2021-10-24,2021,10,297,32.002484399828035
2021-10-25,2021,10,298,32.06810403353397
2021-10-26,2021,10,299,32.6666044239037
2021-10-27,2021,10,300,31.50032496990542
2021-10-28,2021,10,301,32.0371059810834
2021-10-29,2021,10,302,32.467265619088565
2021-10-30,2021,10,303,32.479278465176264
2021-10-31,2021,10,304,31.956898182287187
2021-11-01,2021,11,305,32.04665134479794
2021-11-02,2021,11,306,32.49446396732588
2021-11-03,2021,11,307,32.1932898022356
2021-11-04,2021,11,308,31.618233399828032
2021-11-05,2021,11,309,32.48679509028375
2021-11-06,2021,11,310,31.452180073946693
2021-11-07,2021,11,311,30.047012089423905
2021-11-08,2021,11,312,30.220803976784175
2021-11-09,2021,11,313,28.729345606190886
2021-11-10,2021,11,314,27.591341148753223
2021-11-11,2021,11,315,28.28594293895099
2021-11-12,2021,11,316,30.338847892519343
2021-11-13,2021,11,317,31.510098600171972
2021-11-14,2021,11,318,32.08917649871023
2021-11-15,2021,11,319,32.05159819690456
2021-11-16,2021,11,320,32.737300221840066
2021-11-17,2021,11,321,32.22270930524505
2021-11-18,2021,11,322,32.245124729148756
2021-11-19,2021,11,323,32.466239110920036
2021-11-20,2021,11,324,32.13335535683577
2021-11-21,2021,11,325,30.961399203783323
2021-11-22,2021,11,326,31.649334658641443
2021-11-23,2021,11,327,31.794949992261394
2021-11-24,2021,11,328,28.59736508598452
2021-11-25,2021,11,329,29.261873255374034
2021-11-26,2021,11,330,31.627118212381774
2021-11-27,2021,11,331,31.5175512072227
2021-11-28,2021,11,332,31.03374766208083
2021-11-29,2021,11,333,29.329976713671538
2021-11-30,2021,11,334,26.99355097850387
2021-12-01,2021,12,335,27.859832276010312
2021-12-02,2021,12,336,29.744053817712818
2021-12-03,2021,12,337,29.046949022355978
2021-12-04,2021,12,338,31.06359824419604
2021-12-05,2021,12,339,32.22057820120378
2021-12-06,2021,12,340,29.8669028916595
2021-12-07,2021,12,341,30.516417515907143
2021-12-08,2021,12,342,32.01308605760963
2021-12-09,2021,12,343,31.117814225279446
2021-12-10,2021,12,344,28.890178354256236
2021-12-11,2021,12,345,29.08519783748925
2021-12-12,2021,12,346,30.226081995700767
2021-12-13,2021,12,347,30.435327989681856
2021-12-14,2021,12,348,31.607897193465178
2021-12-15,2021,12,349,31.333858384350815
2021-12-16,2021,12,350,31.631984549441103
2021-12-17,2021,12,351,31.213985785038695
2021-12-18,2021,12,352,30.75628535081685
2021-12-19,2021,12,353,30.231287695614785
2021-12-20,2021,12,354,31.592796711092003
2021-12-21,2021,12,355,32.19460598538263
2021-12-22,2021,12,356,31.757556743766116
2021-12-23,2021,12,357,30.91146776526225
2021-12-24,2021,12,358,28.394079174548583
2021-12-25,2021,12,359,28.260461787618222
2021-12-26,2021,12,360,27.575593410146176
2021-12-27,2021,12,361,26.603884039552877
2021-12-28,2021,12,362,28.440074402407568
2021-12-29,2021,12,363,30.03215121410146
2021-12-30,2021,12,364,29.77212228374892
2021-12-31,2021,12,365,30.418058203783318
2022-01-01,2022,1,1,28.065186459157353
2022-01-02,2022,1,2,28.148948343078246
2022-01-03,2022,1,3,31.50677429922614
2022-01-04,2022,1,4,32.17144136457438
2022-01-05,2022,1,5,29.4189471805675
2022-01-06,2022,1,6,28.482116393809118
2022-01-07,2022,1,7,29.392115605331043
2022-01-08,2022,1,8,30.225629517626825
2022-01-09,2022,1,9,30.621694323301814
2022-01-10,2022,1,10,30.60163512897678
2022-01-11,2022,1,11,30.290195667239892
2022-01-12,2022,1,12,30.654148860705074
2022-01-13,2022,1,13,30.72244112811693
2022-01-14,2022,1,14,30.58135200429923
2022-01-15,2022,1,15,29.2421250799656
2022-01-16,2022,1,16,30.137519425623392
2022-01-17,2022,1,17,29.085692721410155
2022-01-18,2022,1,18,29.330023938091134
2022-01-19,2022,1,19,27.416460357695616
2022-01-20,2022,1,20,27.83564613843508
2022-01-21,2022,1,21,27.313062930352537
2022-01-22,2022,1,22,29.60532107566638
2022-01-23,2022,1,23,30.915062448839205
2022-01-24,2022,1,24,31.301005494411
2022-01-25,2022,1,25,29.792755305245052
2022-01-26,2022,1,26,30.587765251074803
2022-01-27,2022,1,27,29.66347420292347
2022-01-28,2022,1,28,28.59578011349957
2022-01-29,2022,1,29,30.478586796216675
2022-01-30,2022,1,30,30.673020972484956
2022-01-31,2022,1,31,30.209178232158212
2022-02-01,2022,2,32,31.08457448237317
2022-02-02,2022,2,33,28.898903971625106
2022-02-03,2022,2,34,28.789716989681853
2022-02-04,2022,2,35,28.90815252622528
2022-02-05,2022,2,36,29.57421381255374
2022-02-06,2022,2,37,30.790544355116076
2022-02-07,2022,2,38,29.790421003439377
2022-02-08,2022,2,39,31.73164313069648
2022-02-09,2022,2,40,31.457408770421324
2022-02-10,2022,2,41,30.14255023215821
2022-02-11,2022,2,42,30.200383724849527
2022-02-12,2022,2,43,29.332845188306102
2022-02-13,2022,2,44,30.969569536543414
2022-02-14,2022,2,45,31.348673875322444
2022-02-15,2022,2,46,30.655577433361994
2022-02-16,2022,2,47,29.86597835597592
2022-02-17,2022,2,48,28.475800795356832
2022-02-18,2022,2,49,28.808818993121243
2022-02-19,2022,2,50,30.55917715047292
2022-02-20,2022,2,51,29.57682826483233
2022-02-21,2022,2,52,28.630613349957002
2022-02-22,2022,2,53,29.08684774032674
2022-02-23,2022,2,54,28.450572376612214
2022-02-24,2022,2,55,29.65202928546862
2022-02-25,2022,2,56,30.31094606706792
2022-02-26,2022,2,57,29.478649904557184
2022-02-27,2022,2,58,30.348641460877044
2022-02-28,2022,2,59,28.715425558899398
2022-03-01,2022,3,60,31.416425808254512
2022-03-02,2022,3,61,30.538625484092858
2022-03-03,2022,3,62,30.458844016337057
2022-03-04,2022,3,63,29.083961331040413
2022-03-05,2022,3,64,28.481820850386928
2022-03-06,2022,3,65,28.522056267411863
2022-03-07,2022,3,66,29.738388461736886
2022-03-08,2022,3,67,30.853790728288907
2022-03-09,2022,3,68,32.13056045141874
2022-03-10,2022,3,69,32.159026807394675
2022-03-11,2022,3,70,30.97245632244196
2022-03-12,2022,3,71,31.54586654686156
2022-03-13,2022,3,72,32.470585791057616
2022-03-14,2022,3,73,31.04670240584695
2022-03-15,2022,3,74,30.541408277730007
2022-03-16,2022,3,75,31.403780404987103
2022-03-17,2022,3,76,29.728637754084268
2022-03-18,2022,3,77,30.868388375752367
2022-03-19,2022,3,78,30.37165295786759
2022-03-20,2022,3,79,31.47743717970765
2022-03-21,2022,3,80,29.720448294926918
2022-03-22,2022,3,81,30.083686645743768
2022-03-23,2022,3,82,30.474287755803957
2022-03-24,2022,3,83,31.496269394668957
2022-03-25,2022,3,84,31.90815627429063
2022-03-26,2022,3,85,30.86648798022356
2022-03-27,2022,3,86,30.826904845227855
2022-03-28,2022,3,87,32.10885025795357
2022-03-29,2022,3,88,32.273828068787616
2022-03-30,2022,3,89,31.54008046431642
2022-03-31,2022,3,90,31.083781680137577
2022-04-01,2022,4,91,29.468975112639722
2022-04-02,2022,4,92,31.354783825451417
2022-04-03,2022,4,93,30.29592850644883
2022-04-04,2022,4,94,30.100180089423908
2022-04-05,2022,4,95,31.633833789337913
2022-04-06,2022,4,96,31.266285999140155
2022-04-07,2022,4,97,30.390622665520198
2022-04-08,2022,4,98,32.7889858822012
2022-04-09,2022,4,99,32.632322121238175
2022-04-10,2022,4,100,32.63374524161651
2022-04-11,2022,4,101,30.377017093723126
2022-04-12,2022,4,102,31.936031195184874
2022-04-13,2022,4,103,30.97291914359415
2022-04-14,2022,4,104,31.41658172312984
2022-04-15,2022,4,105,31.344908759243335
2022-04-16,2022,4,106,29.961761503869305
2022-04-17,2022,4,107,29.82476185984523
2022-04-18,2022,4,108,29.64094494840929
2022-04-19,2022,4,109,29.490882302665522
2022-04-20,2022,4,110,29.061555380051587
2022-04-21,2022,4,111,30.59100157695615
2022-04-22,2022,4,112,30.038657448839203
2022-04-23,2022,4,113,31.082528491831468
2022-04-24,2022,4,114,31.859826423043852
2022-04-25,2022,4,115,31.905341167669814
2022-04-26,2022,4,116,31.24387300601892
2022-04-27,2022,4,117,31.69342132760103
2022-04-28,2022,4,118,32.36700584866724
2022-04-29,2022,4,119,33.40017664488392
2022-04-30,2022,4,120,32.181334892519345
2022-05-01,2022,5,121,32.1239076938951
2022-05-02,2022,5,122,30.430818122098025
2022-05-03,2022,5,123,32.15419645399829
2022-05-04,2022,5,124,32.12701741530525
2022-05-05,2022,5,125,32.04140786070507
2022-05-06,2022,5,126,33.030849252794496
2022-05-07,2022,5,127,32.275219177987964
2022-05-08,2022,5,128,32.40988470163371
2022-05-09,2022,5,129,31.390597662080822
2022-05-10,2022,5,130,31.26746559415305
2022-05-11,2022,5,131,29.590635618228717
2022-05-12,2022,5,132,29.300954355116076
2022-05-13,2022,5,133,29.45859491315563
2022-05-14,2022,5,134,31.20472039638865
2022-05-15,2022,5,135,31.922452404127252
2022-05-16,2022,5,136,32.415422828030955
2022-05-17,2022,5,137,32.0502690799656
2022-05-18,2022,5,138,32.39545791143594
2022-05-19,2022,5,139,32.562433842648325
2022-05-20,2022,5,140,32.963844969045574
2022-05-21,2022,5,141,32.89207520636285
2022-05-22,2022,5,142,32.55558689423904
2022-05-23,2022,5,143,32.96700668099742
2022-05-24,2022,5,144,33.26754896904557
2022-05-25,2022,5,145,32.27185075494411
2022-05-26,2022,5,146,32.81071106362854
2022-05-27,2022,5,147,33.194983675838344
2022-05-28,2022,5,148,33.16987421066209
2022-05-29,2022,5,149,32.527548716251076
2022-05-30,2022,5,150,32.68755624075666
2022-05-31,2022,5,151,32.66753889853826
2022-06-01,2022,6,152,31.512243496990546
2022-06-02,2022,6,153,32.01104966294067
2022-06-03,2022,6,154,32.436940943250214
2022-06-04,2022,6,155,33.47509273602751
2022-06-05,2022,6,156,33.294843656921756
2022-06-06,2022,6,157,33.705021756663804
2022-06-07,2022,6,158,33.22796370507309
2022-06-08,2022,6,159,32.190553234737756
2022-06-09,2022,6,160,32.50325676526225
2022-06-10,2022,6,161,32.75630958469475
2022-06-11,2022,6,162,31.78140683490972
2022-06-12,2022,6,163,32.414261761822864
2022-06-13,2022,6,164,33.32439869733448
2022-06-14,2022,6,165,33.93929654514188
2022-06-15,2022,6,166,32.92285963284609
2022-06-16,2022,6,167,32.451547218400684
2022-06-17,2022,6,168,33.22897066380052
2022-06-18,2022,6,169,33.43203366895958
2022-06-19,2022,6,170,33.334617477214096
2022-06-20,2022,6,171,32.8787907472055
2022-06-21,2022,6,172,33.65731898108341
2022-06-22,2022,6,173,33.0376291100602
2022-06-23,2022,6,174,31.858786330180564
2022-06-24,2022,6,175,31.44906387618229
2022-06-25,2022,6,176,30.876377197764402
2022-06-26,2022,6,177,32.91799576870164
2022-06-27,2022,6,178,32.449202669819435
2022-06-28,2022,6,179,31.66268637317282
2022-06-29,2022,6,180,31.469608347377473
2022-06-30,2022,6,181,32.43094963198624
2022-07-01,2022,7,182,31.82206858383491
2022-07-02,2022,7,183,31.265519645743762
2022-07-03,2022,7,184,33.887420257953565
2022-07-04,2022,7,185,33.12918339380911
2022-07-05,2022,7,186,31.53827499484093
2022-07-06,2022,7,187,32.673607079965606
2022-07-07,2022,7,188,32.633740013757524
2022-07-08,2022,7,189,31.419554832330178
2022-07-09,2022,7,190,31.496691983662938
2022-07-10,2022,7,191,31.621623223559755
2022-07-11,2022,7,192,31.97026464144454
2022-07-12,2022,7,193,32.67617286758384
2022-07-13,2022,7,194,31.95369968959587
2022-07-14,2022,7,195,32.622030385210664
2022-07-15,2022,7,196,32.55714900945831
2022-07-16,2022,7,197,31.725024541702492
2022-07-17,2022,7,198,31.68638563714531
2022-07-18,2022,7,199,31.58519305846948
2022-07-19,2022,7,200,33.05155585640584
2022-07-20,2022,7,201,31.737941586414447
2022-07-21,2022,7,202,31.185238752364572
2022-07-22,2022,7,203,32.18088470679278
2022-07-23,2022,7,204,32.85280985210662
2022-07-24,2022,7,205,32.84365293207223
2022-07-25,2022,7,206,30.034132951848672
2022-07-26,2022,7,207,31.235557251934647
2022-07-27,2022,7,208,32.20335854170249
2022-07-28,2022,7,209,32.777894145313844
2022-07-29,2022,7,210,32.4268603972485
2022-07-30,2022,7,211,31.81253866036113
2022-07-31,2022,7,212,32.43056151418745
2022-08-01,2022,8,213,32.59041683662941
2022-08-02,2022,8,214,32.13373955288048
2022-08-03,2022,8,215,31.673595044711945
2022-08-04,2022,8,216,30.70517955288048
2022-08-05,2022,8,217,31.770653010318142
2022-08-06,2022,8,218,32.947104117798794
2022-08-07,2022,8,219,33.128120766981944
2022-08-08,2022,8,220,32.951195218400684
2022-08-09,2022,8,221,32.49536607308684
2022-08-10,2022,8,222,32.55046463026656
2022-08-11,2022,8,223,32.91582900000001
2022-08-12,2022,8,224,32.313224734307816
2022-08-13,2022,8,225,32.32333531384351
2022-08-14,2022,8,226,31.739021612209804
2022-08-15,2022,8,227,32.423252698194325
2022-08-16,2022,8,228,31.986772857265695
2022-08-17,2022,8,229,32.8485223594153
2022-08-18,2022,8,230,32.76565440154773
2022-08-19,2022,8,231,31.566013835769557
2022-08-20,2022,8,232,30.901808263972484
2022-08-21,2022,8,233,32.17290793207223
2022-08-22,2022,8,234,31.391246885640584
2022-08-23,2022,8,235,32.10866103697335
2022-08-24,2022,8,236,31.666564194325023
2022-08-25,2022,8,237,32.729843834909715
2022-08-26,2022,8,238,32.064474736887355
2022-08-27,2022,8,239,32.23245272570937
2022-08-28,2022,8,240,32.16542757867584
2022-08-29,2022,8,241,31.964022637145316
2022-08-30,2022,8,242,32.368717024935506
2022-08-31,2022,8,243,31.996172945829755
2022-09-01,2022,9,244,33.090528257953565
2022-09-02,2022,9,245,33.135531001719684
2022-09-03,2022,9,246,33.40043322871883
2022-09-04,2022,9,247,33.05150173688737
2022-09-05,2022,9,248,32.180970926053305
2022-09-06,2022,9,249,31.956358720550305
2022-09-07,2022,9,250,32.73387405846948
2022-09-08,2022,9,251,32.421834834049875
2022-09-09,2022,9,252,32.47066618486672
2022-09-10,2022,9,253,32.38884012897678
2022-09-11,2022,9,254,32.81897536543422
2022-09-12,2022,9,255,32.690852285468615
2022-09-13,2022,9,256,31.809358900257955
2022-09-14,2022,9,257,32.9148609733448
2022-09-15,2022,9,258,32.922300375752364
2022-09-16,2022,9,259,32.53683614789338
2022-09-17,2022,9,260,33.590289285468614
2022-09-18,2022,9,261,32.52024976354256
2022-09-19,2022,9,262,32.24806589939811
2022-09-20,2022,9,263,33.410347003439384
2022-09-21,2022,9,264,33.71324683319003
2022-09-22,2022,9,265,33.29216335769562
2022-09-23,2022,9,266,33.186981160791056
2022-09-24,2022,9,267,33.229449955288054
2022-09-25,2022,9,268,32.95044983233018
2022-09-26,2022,9,269,32.80156585984523
2022-09-27,2022,9,270,32.877588825451426
2022-09-28,2022,9,271,33.227212135855545
2022-09-29,2022,9,272,32.76449346603611
2022-09-30,2022,9,273,33.08521981943251
2022-10-01,2022,10,274,32.84676188048151
2022-10-02,2022,10,275,33.13392503525365
2022-10-03,2022,10,276,33.16517628116939
2022-10-04,2022,10,277,32.21498436457437
2022-10-05,2022,10,278,31.208642926053308
2022-10-06,2022,10,279,31.586325012037836
2022-10-07,2022,10,280,32.32817774806535
2022-10-08,2022,10,281,33.183600046431636
2022-10-09,2022,10,282,33.109967908856405
2022-10-10,2022,10,283,33.3673905399828
2022-10-11,2022,10,284,32.97387891401548
2022-10-12,2022,10,285,30.963957259673254
2022-10-13,2022,10,286,31.164945644024073
2022-10-14,2022,10,287,32.53536554256234
2022-10-15,2022,10,288,32.38619881255374
2022-10-16,2022,10,289,32.90508086328461
2022-10-17,2022,10,290,32.86323764488392
2022-10-18,2022,10,291,31.980804087704218
2022-10-19,2022,10,292,31.655670591573514
2022-10-20,2022,10,293,33.18359857437661
2022-10-21,2022,10,294,33.409420753224424
2022-10-22,2022,10,295,32.539942014617374
2022-10-23,2022,10,296,32.11740908598452
2022-10-24,2022,10,297,30.884209453998288
2022-10-25,2022,10,298,31.03998348839209
2022-10-26,2022,10,299,32.237191795356836
2022-10-27,2022,10,300,31.974129117798793
2022-10-28,2022,10,301,31.11920602149613
2022-10-29,2022,10,302,30.092643402407568
2022-10-30,2022,10,303,30.732969082545143
2022-10-31,2022,10,304,31.806814383490973
2022-11-01,2022,11,305,30.63443653396389
2022-11-02,2022,11,306,31.206306847807397
2022-11-03,2022,11,307,32.90880305760963
2022-11-04,2022,11,308,32.55052887360275
2022-11-05,2022,11,309,32.363981319862425
2022-11-06,2022,11,310,33.20046133018057
2022-11-07,2022,11,311,32.99493002321583
2022-11-08,2022,11,312,32.288739981083395
2022-11-09,2022,11,313,30.85190466638005
2022-11-10,2022,11,314,31.261656820292348
2022-11-11,2022,11,315,30.382964908856408
2022-11-12,2022,11,316,29.901093717110914
2022-11-13,2022,11,317,30.436858815133277
2022-11-14,2022,11,318,30.137406035253655
2022-11-15,2022,11,319,31.153583410146176
2022-11-16,2022,11,320,31.83897936027515
2022-11-17,2022,11,321,31.73800290885641
2022-11-18,2022,11,322,31.765489453138436
2022-11-19,2022,11,323,32.54099500859845
2022-11-20,2022,11,324,32.27010073000859
2022-11-21,2022,11,325,32.83205625451418
2022-11-22,2022,11,326,32.77154663198625
2022-11-23,2022,11,327,31.54621166466036
2022-11-24,2022,11,328,32.253634904557174
2022-11-25,2022,11,329,31.91003010490112
2022-11-26,2022,11,330,31.05180133533964
2022-11-27,2022,11,331,31.505722632846087
2022-11-28,2022,11,332,32.03929907480654
2022-11-29,2022,11,333,32.13781804815133
2022-11-30,2022,11,334,29.92675193551161
2022-12-01,2022,12,335,31.518494839208937
2022-12-02,2022,12,336,31.29163591487532
2022-12-03,2022,12,337,31.936550815133277
2022-12-04,2022,12,338,31.609715124677557
2022-12-05,2022,12,339,30.825322319862426
2022-12-06,2022,12,340,28.32486070077386
2022-12-07,2022,12,341,29.79301032244196
2022-12-08,2022,12,342,29.742183549441098
2022-12-09,2022,12,343,31.492578508168528
2022-12-10,2022,12,344,30.4039760266552
2022-12-11,2022,12,345,30.054383357695617
2022-12-12,2022,12,346,30.87201666208082
2022-12-13,2022,12,347,30.273451818572653
2022-12-14,2022,12,348,29.98853992691316
2022-12-15,2022,12,349,29.239691008598456
2022-12-16,2022,12,350,28.731888215821147
2022-12-17,2022,12,351,28.67360064316423
2022-12-18,2022,12,352,30.4793416577816
2022-12-19,2022,12,353,31.082416630266557
2022-12-20,2022,12,354,27.92128275322442
2022-12-21,2022,12,355,31.317522539122955
2022-12-22,2022,12,356,28.100691680137572
2022-12-23,2022,12,357,28.46851152794497
2022-12-24,2022,12,358,29.57348722441961
2022-12-25,2022,12,359,31.46747211006019
2022-12-26,2022,12,360,31.320083743766126
2022-12-27,2022,12,361,28.786326858125538
2022-12-28,2022,12,362,30.16854078675838
2022-12-29,2022,12,363,29.632711865864145
2022-12-30,2022,12,364,29.822714746345653
2022-12-31,2022,12,365,30.212207692175404
2023-01-01,2023,1,1,30.89439888220121
2023-01-02,2023,1,2,30.947333892519346
2023-01-03,2023,1,3,29.32929410146173
2023-01-04,2023,1,4,29.774192928632846
2023-01-05,2023,1,5,28.84235557781599
2023-01-06,2023,1,6,28.206348938091143
2023-01-07,2023,1,7,29.09317250300946
2023-01-08,2023,1,8,31.34621968185727
2023-01-09,2023,1,9,31.54355214961307
2023-01-10,2023,1,10,31.031994480653484
2023-01-11,2023,1,11,31.3758154772141
2023-01-12,2023,1,12,30.04323738693035
2023-01-13,2023,1,13,31.175025258813413
2023-01-14,2023,1,14,30.06247242132416
2023-01-15,2023,1,15,27.188324146173688
2023-01-16,2023,1,16,28.897061970765254
2023-01-17,2023,1,17,29.69837672656922
2023-01-18,2023,1,18,29.667006433361994
2023-01-19,2023,1,19,27.079826849527084
2023-01-20,2023,1,20,27.938308539122957
2023-01-21,2023,1,21,29.900749153052452
2023-01-22,2023,1,22,28.386448939810837
2023-01-23,2023,1,23,29.01825985726569
2023-01-24,2023,1,24,27.873546356835767
2023-01-25,2023,1,25,28.432086767841792
2023-01-26,2023,1,26,29.11176151676698
2023-01-27,2023,1,27,31.41463342046432
2023-01-28,2023,1,28,28.82463484952709
2023-01-29,2023,1,29,27.415248380911436
2023-01-30,2023,1,30,28.018447098022353
2023-01-31,2023,1,31,28.680654462596728
2023-02-01,2023,2,32,28.722231355116072
2023-02-02,2023,2,33,28.95756276956148
2023-02-03,2023,2,34,29.839676315563196
2023-02-04,2023,2,35,31.100667523645747
2023-02-05,2023,2,36,30.449209498710232
2023-02-06,2023,2,37,28.940515818572656
2023-02-07,2023,2,38,28.165659251074807
2023-02-08,2023,2,39,29.881952092003434
2023-02-09,2023,2,40,30.832951260533104
2023-02-10,2023,2,41,28.942272204643167
2023-02-11,2023,2,42,29.68193871023216
2023-02-12,2023,2,43,30.5894793705933
2023-02-13,2023,2,44,29.13230640240757
2023-02-14,2023,2,45,28.18970611865864
2023-02-15,2023,2,46,28.462394830610492
2023-02-16,2023,2,47,28.742503123817713
2023-02-17,2023,2,48,28.929381517626823
2023-02-18,2023,2,49,30.459327582975064
2023-02-19,2023,2,50,30.157223146173685
2023-02-20,2023,2,51,28.530277214961302
2023-02-21,2023,2,52,28.962181803095444
2023-02-22,2023,2,53,30.021825987962163
2023-02-23,2023,2,54,29.43037844453998
2023-02-24,2023,2,55,29.316440190885636
2023-02-25,2023,2,56,29.24852123989681
2023-02-26,2023,2,57,28.871957637145318
2023-02-27,2023,2,58,28.81447648581255
2023-02-28,2023,2,59,29.147500613069646
2023-03-01,2023,3,60,28.491198245055894
2023-03-02,2023,3,61,28.433307177987967
2023-03-03,2023,3,62,27.95110342734308
2023-03-04,2023,3,63,29.52291827601032
2023-03-05,2023,3,64,31.298965432502147
2023-03-06,2023,3,65,30.453452847807398
2023-03-07,2023,3,66,29.899383987962167
2023-03-08,2023,3,67,31.84031047463457
2023-03-09,2023,3,68,31.291080691315564
2023-03-10,2023,3,69,31.44508421324162
2023-03-11,2023,3,70,31.84835301805675
2023-03-12,2023,3,71,32.17774694153052
2023-03-13,2023,3,72,31.696061381771276
2023-03-14,2023,3,73,32.2984730627687
2023-03-15,2023,3,74,30.856512684436805
2023-03-16,2023,3,75,30.364519120378326
2023-03-17,2023,3,76,30.582430888220117
2023-03-18,2023,3,77,30.64461831040413
2023-03-19,2023,3,78,31.122384060189166
2023-03-20,2023,3,79,32.02891003783319
2023-03-21,2023,3,80,32.288775288908006
2023-03-22,2023,3,81,32.62484145485813
2023-03-23,2023,3,82,30.27411876354256
2023-03-24,2023,3,83,30.33150022871882
2023-03-25,2023,3,84,30.469534829750646
2023-03-26,2023,3,85,30.676600788478076
2023-03-27,2023,3,86,29.838631355975924
2023-03-28,2023,3,87,30.418976654342217
2023-03-29,2023,3,88,30.20624815133276
2023-03-30,2023,3,89,29.02491437145314
2023-03-31,2023,3,90,29.969900055030095
2023-04-01,2023,4,91,29.884559518486675
2023-04-02,2023,4,92,28.670015815993125
2023-04-03,2023,4,93,29.015359202923477
2023-04-04,2023,4,94,29.682444326741184
2023-04-05,2023,4,95,29.786928734307825
2023-04-06,2023,4,96,30.941792725709377
2023-04-07,2023,4,97,30.97676489337919
2023-04-08,2023,4,98,29.95864069045572
2023-04-09,2023,4,99,28.311743382631125
2023-04-10,2023,4,100,28.34642826741187
2023-04-11,2023,4,101,28.817080560619093
2023-04-12,2023,4,102,30.572622264832333
2023-04-13,2023,4,103,31.629480617368873
2023-04-14,2023,4,104,30.886831826311262
2023-04-15,2023,4,105,30.631118693035255
2023-04-16,2023,4,106,30.792040483233013
2023-04-17,2023,4,107,31.66478543078246
2023-04-18,2023,4,108,30.839276865864143
2023-04-19,2023,4,109,30.507336766981943
2023-04-20,2023,4,110,30.971693711951843
2023-04-21,2023,4,111,30.684896642304384
2023-04-22,2023,4,112,30.152278551160787
2023-04-23,2023,4,113,30.46785984264832
2023-04-24,2023,4,114,31.09991366208083
2023-04-25,2023,4,115,31.20049628116938
2023-04-26,2023,4,116,31.8838708022356
2023-04-27,2023,4,117,31.647327473774723
2023-04-28,2023,4,118,32.1779474316423
2023-04-29,2023,4,119,31.835840558899402
2023-04-30,2023,4,120,32.808216175408425
2023-05-01,2023,5,121,32.30685463026654
2023-05-02,2023,5,122,31.328560718830616
2023-05-03,2023,5,123,31.75204724677558
2023-05-04,2023,5,124,30.953352711951847
2023-05-05,2023,5,125,31.348266877042125
2023-05-06,2023,5,126,30.43318254342218
2023-05-07,2023,5,127,29.784155210662078
2023-05-08,2023,5,128,30.29178654514188
2023-05-09,2023,5,129,30.381466708512466
2023-05-10,2023,5,130,31.268744435081686
2023-05-11,2023,5,131,32.2842673783319
2023-05-12,2023,5,132,31.95654523215821
2023-05-13,2023,5,133,31.27774135511608
2023-05-14,2023,5,134,31.39339853912296
2023-05-15,2023,5,135,32.39015018572657
2023-05-16,2023,5,136,31.837159349097163
2023-05-17,2023,5,137,30.90924806620808
2023-05-18,2023,5,138,31.70335333361995
2023-05-19,2023,5,139,31.843860270851245
2023-05-20,2023,5,140,31.030448492691317
2023-05-21,2023,5,141,32.73584587790198
2023-05-22,2023,5,142,32.596001187446255
2023-05-23,2023,5,143,33.36640577042133
2023-05-24,2023,5,144,32.56690156663801
2023-05-25,2023,5,145,31.741723126397243
2023-05-26,2023,5,146,31.597069034393808
2023-05-27,2023,5,147,31.895702594153047
2023-05-28,2023,5,148,33.46519643422184
2023-05-29,2023,5,149,32.367256696474634
2023-05-30,2023,5,150,32.71749616852966
2023-05-31,2023,5,151,32.75404337317283
2023-06-01,2023,6,152,31.368012708512463
2023-06-02,2023,6,153,31.60193053654342
2023-06-03,2023,6,154,31.587517520206365
2023-06-04,2023,6,155,32.04036815563199
2023-06-05,2023,6,156,31.724590103181434
2023-06-06,2023,6,157,32.33328342820292
2023-06-07,2023,6,158,32.40376430438521
2023-06-08,2023,6,159,32.08634246087704
2023-06-09,2023,6,160,31.77534347377472
2023-06-10,2023,6,161,32.292321152192606
2023-06-11,2023,6,162,31.70448936457437
2023-06-12,2023,6,163,31.238849711951847
2023-06-13,2023,6,164,31.029866583834906
2023-06-14,2023,6,165,31.44163270335339
2023-06-15,2023,6,166,31.662856414445397
2023-06-16,2023,6,167,32.520321674978504
2023-06-17,2023,6,168,31.892644817712807
2023-06-18,2023,6,169,31.669488719690452
2023-06-19,2023,6,170,32.255661156491826
2023-06-20,2023,6,171,33.379556889079964
2023-06-21,2023,6,172,33.15095577472054
2023-06-22,2023,6,173,31.758752975924335
2023-06-23,2023,6,174,33.40288977300086
2023-06-24,2023,6,175,32.76426756061909
2023-06-25,2023,6,176,32.89727709114359
2023-06-26,2023,6,177,31.64890319260533
2023-06-27,2023,6,178,33.119864801375755
2023-06-28,2023,6,179,33.509238927773
2023-06-29,2023,6,180,33.29099293981084
2023-06-30,2023,6,181,32.81650249183147
2023-07-01,2023,7,182,32.2014468916595
2023-07-02,2023,7,183,32.53673036027515
2023-07-03,2023,7,184,33.09219968701634
2023-07-04,2023,7,185,33.62632179879621
2023-07-05,2023,7,186,33.377807398968194
2023-07-06,2023,7,187,31.65633789423903
2023-07-07,2023,7,188,32.76403247807395
2023-07-08,2023,7,189,33.8031996560619
2023-07-09,2023,7,190,32.787062521066204
2023-07-10,2023,7,191,32.63661325537403
2023-07-11,2023,7,192,32.509566618228725
2023-07-12,2023,7,193,32.96604526311263
2023-07-13,2023,7,194,33.447403547721414
2023-07-14,2023,7,195,32.417892266552016
2023-07-15,2023,7,196,32.166587690455714
2023-07-16,2023,7,197,33.406779191745485
2023-07-17,2023,7,198,32.824561554600166
2023-07-18,2023,7,199,32.52406222098023
2023-07-19,2023,7,200,31.466883472914873
2023-07-20,2023,7,201,33.04265009716251
2023-07-21,2023,7,202,32.8471724144454
2023-07-22,2023,7,203,33.11032261564919
2023-07-23,2023,7,204,33.10490227515047
2023-07-24,2023,7,205,33.21841916079106
2023-07-25,2023,7,206,32.792792023215824
2023-07-26,2023,7,207,30.255200774720546
2023-07-27,2023,7,208,31.33422445915735
2023-07-28,2023,7,209,32.24055
2023-07-29,2023,7,210,33.73951731642304
2023-07-30,2023,7,211,33.60646926225279
2023-07-31,2023,7,212,33.29595311521927
2023-08-01,2023,8,213,32.75196062510748
2023-08-02,2023,8,214,33.44687881083405
2023-08-03,2023,8,215,32.924209714531386
2023-08-04,2023,8,216,33.25332952536543
2023-08-05,2023,8,217,31.809290913155635
2023-08-06,2023,8,218,31.488298631126398
2023-08-07,2023,8,219,32.371292264832334
2023-08-08,2023,8,220,33.05341385812553
2023-08-09,2023,8,221,32.16494782459158
2023-08-10,2023,8,222,31.512922274290624
2023-08-11,2023,8,223,32.47198771109201
2023-08-12,2023,8,224,32.11128424591573
2023-08-13,2023,8,225,32.89749559673259
2023-08-14,2023,8,226,32.85486713413586
2023-08-15,2023,8,227,33.00849706104901
2023-08-16,2023,8,228,32.409425788478075
2023-08-17,2023,8,229,32.68262523817713
2023-08-18,2023,8,230,32.71628577214102
2023-08-19,2023,8,231,31.419155448839206
2023-08-20,2023,8,232,31.097074180567493
2023-08-21,2023,8,233,33.057902950128984
2023-08-22,2023,8,234,32.889137331040416
2023-08-23,2023,8,235,32.12130884952708
2023-08-24,2023,8,236,33.5279871083405
2023-08-25,2023,8,237,32.67680315305245
2023-08-26,2023,8,238,32.80233907566639
2023-08-27,2023,8,239,32.56120176784179
2023-08-28,2023,8,240,33.39943257523646
2023-08-29,2023,8,241,32.804397560619094
2023-08-30,2023,8,242,32.909070768701625
2023-08-31,2023,8,243,32.735781751504724
2023-09-01,2023,9,244,31.897269425623385
2023-09-02,2023,9,245,32.76672836371453
2023-09-03,2023,9,246,32.21353743852106
2023-09-04,2023,9,247,32.49704259587274
2023-09-05,2023,9,248,32.48698523645744
2023-09-06,2023,9,249,32.52477116852967
2023-09-07,2023,9,250,32.076349694754946
2023-09-08,2023,9,251,32.57019036113499
2023-09-09,2023,9,252,32.812930517626825
2023-09-10,2023,9,253,32.97715655202063
2023-09-11,2023,9,254,32.85548905417024
2023-09-12,2023,9,255,32.53174584608771
2023-09-13,2023,9,256,33.33755461822872
2023-09-14,2023,9,257,32.85911899570077
2023-09-15,2023,9,258,33.13040092347377
2023-09-16,2023,9,259,32.28292737575237
2023-09-17,2023,9,260,32.269365312983666
2023-09-18,2023,9,261,32.44688426999141
2023-09-19,2023,9,262,32.069747300945835
2023-09-20,2023,9,263,32.09467195098882
2023-09-21,2023,9,264,33.22667357781599
2023-09-22,2023,9,265,32.73757053568358
2023-09-23,2023,9,266,31.747525912295785
2023-09-24,2023,9,267,32.33386239638865
2023-09-25,2023,9,268,33.135577485812554
2023-09-26,2023,9,269,31.95170055975924
2023-09-27,2023,9,270,32.98710341186587
2023-09-28,2023,9,271,33.618964515047296
2023-09-29,2023,9,272,33.417083408426485
2023-09-30,2023,9,273,33.76677874032675
2023-10-01,2023,10,274,33.29964172398968
2023-10-02,2023,10,275,33.214270944110055
2023-10-03,2023,10,276,33.319868306104894
2023-10-04,2023,10,277,32.91538471195185
2023-10-05,2023,10,278,32.76001683490971
2023-10-06,2023,10,279,33.084399
2023-10-07,2023,10,280,32.929695478933795
2023-10-08,2023,10,281,33.775555646603614
2023-10-09,2023,10,282,33.33397092175408
2023-10-10,2023,10,283,33.75371463284608
2023-10-11,2023,10,284,33.250159460017194
2023-10-12,2023,10,285,33.622798829750636
2023-10-13,2023,10,286,34.22911555631987
2023-10-14,2023,10,287,33.63760667583834
2023-10-15,2023,10,288,33.84194678073946
2023-10-16,2023,10,289,33.15316103525365
2023-10-17,2023,10,290,33.23645214101462
2023-10-18,2023,10,291,32.12213630782459
2023-10-19,2023,10,292,32.31227107910576
2023-10-20,2023,10,293,32.86663789251935
2023-10-21,2023,10,294,34.22483397334479
2023-10-22,2023,10,295,32.895415986242476
2023-10-23,2023,10,296,32.86328961822871
2023-10-24,2023,10,297,32.797145624247634
2023-10-25,2023,10,298,33.03736716680997
2023-10-26,2023,10,299,33.14948180653482
2023-10-27,2023,10,300,33.530362638005165
2023-10-28,2023,10,301,33.38962147635425
2023-10-29,2023,10,302,33.53919437403267
2023-10-30,2023,10,303,33.34699553826311
2023-10-31,2023,10,304,32.70196633018057
2023-11-01,2023,11,305,33.112913916595005
2023-11-02,2023,11,306,32.79839194411006
2023-11-03,2023,11,307,33.22050473602751
2023-11-04,2023,11,308,33.44753996474634
2023-11-05,2023,11,309,33.76789842046432
2023-11-06,2023,11,310,34.06074164918315
2023-11-07,2023,11,311,33.64910329492691
2023-11-08,2023,11,312,33.29655948925194
2023-11-09,2023,11,313,32.505975177128114
2023-11-10,2023,11,314,31.620581658641445
2023-11-11,2023,11,315,32.64746813843508
2023-11-12,2023,11,316,33.25289041530524
2023-11-13,2023,11,317,32.710825521066205
2023-11-14,2023,11,318,33.34417694325022
2023-11-15,2023,11,319,33.89330078245916
2023-11-16,2023,11,320,32.18173942648323
2023-11-17,2023,11,321,32.18542829922614
2023-11-18,2023,11,322,32.032746
2023-11-19,2023,11,323,31.273669169389514
2023-11-20,2023,11,324,30.089661869303526
2023-11-21,2023,11,325,29.684058283748925
2023-11-22,2023,11,326,31.519389498710233
2023-11-23,2023,11,327,31.855828642304385
2023-11-24,2023,11,328,32.00765207652623
2023-11-25,2023,11,329,32.988307959587274
2023-11-26,2023,11,330,31.792141249355115
2023-11-27,2023,11,331,31.954718558899394
2023-11-28,2023,11,332,32.04803445313843
2023-11-29,2023,11,333,31.00162786844368
2023-11-30,2023,11,334,30.96920442046432
2023-12-01,2023,12,335,29.617433065348234
2023-12-02,2023,12,336,29.2387248478074
2023-12-03,2023,12,337,29.794244645743767
2023-12-04,2023,12,338,31.47848449269132
2023-12-05,2023,12,339,32.4925066027515
2023-12-06,2023,12,340,31.566647445399823
2023-12-07,2023,12,341,31.961089890799656
2023-12-08,2023,12,342,31.76629682631127
2023-12-09,2023,12,343,30.371402595012896
2023-12-10,2023,12,344,30.56960637059329
2023-12-11,2023,12,345,31.985256911435936
2023-12-12,2023,12,346,31.87112544282029
2023-12-13,2023,12,347,32.37045676354256
2023-12-14,2023,12,348,32.268094274290625
2023-12-15,2023,12,349,32.027771557179705
2023-12-16,2023,12,350,32.54531576182286
2023-12-17,2023,12,351,31.90093018228719
2023-12-18,2023,12,352,29.557931650042992
2023-12-19,2023,12,353,25.782559291487534
2023-12-20,2023,12,354,25.9700962072227
2023-12-21,2023,12,355,26.80329997162511
2023-12-22,2023,12,356,27.975616040412724
2023-12-23,2023,12,357,30.76218186672399
2023-12-24,2023,12,358,29.975540206362858
2023-12-25,2023,12,359,29.81652920120378
2023-12-26,2023,12,360,29.40032946689596
2023-12-27,2023,12,361,29.058367325021493
2023-12-28,2023,12,362,29.215957185726566
2023-12-29,2023,12,363,31.618746384350818
2023-12-30,2023,12,364,31.91695243766122
2023-12-31,2023,12,365,30.164052950128976
2024-01-01,2024,1,1,28.815550644883924
2024-01-02,2024,1,2,31.13044822441961
2024-01-03,2024,1,3,29.9292791349957
2024-01-04,2024,1,4,31.99153545829751
2024-01-05,2024,1,5,28.730767729148752
2024-01-06,2024,1,6,27.4774976216681
2024-01-07,2024,1,7,28.041149094582977
2024-01-08,2024,1,8,27.574417050730872
2024-01-09,2024,1,9,28.307366995700775
2024-01-10,2024,1,10,28.70253320034394
2024-01-11,2024,1,11,29.144356840928634
2024-01-12,2024,1,12,28.725208171969047
2024-01-13,2024,1,13,27.74671269217541
2024-01-14,2024,1,14,29.756076430782457
2024-01-15,2024,1,15,29.48231962424764
2024-01-16,2024,1,16,29.275746979363717
2024-01-17,2024,1,17,28.94003077128117
2024-01-18,2024,1,18,30.218014145313848
2024-01-19,2024,1,19,30.717003891659502
2024-01-20,2024,1,20,31.652377557179708
2024-01-21,2024,1,21,31.316576207222695
2024-01-22,2024,1,22,30.03797166122098
2024-01-23,2024,1,23,30.720131800515905
2024-01-24,2024,1,24,31.330226385210658
2024-01-25,2024,1,25,30.20068825537403
2024-01-26,2024,1,26,30.421027619088566
2024-01-27,2024,1,27,30.39587100171969
2024-01-28,2024,1,28,30.48266030438521
2024-01-29,2024,1,29,32.2419553061049
2024-01-30,2024,1,30,30.236456611349958
2024-01-31,2024,1,31,31.20104056319863
2024-02-01,2024,2,32,30.938929703353395
2024-02-02,2024,2,33,30.52682285124677
2024-02-03,2024,2,34,31.480135246775586
2024-02-04,2024,2,35,27.85506702321582
2024-02-05,2024,2,36,30.45696532760103
2024-02-06,2024,2,37,29.9076117738607
2024-02-07,2024,2,38,27.17050398194325
2024-02-08,2024,2,39,26.497024455717966
2024-02-09,2024,2,40,26.94093669217541
2024-02-10,2024,2,41,27.271354895098884
2024-02-11,2024,2,42,27.22459580481513
2024-02-12,2024,2,43,28.242817189165944
2024-02-13,2024,2,44,31.73507150816853
2024-02-14,2024,2,45,30.55608770507308
2024-02-15,2024,2,46,30.42070298624248
2024-02-16,2024,2,47,28.89798296904558
2024-02-17,2024,2,48,31.167199908856407
2024-02-18,2024,2,49,32.067685552880484
2024-02-19,2024,2,50,31.211454557179707
2024-02-20,2024,2,51,29.523255993981085
2024-02-21,2024,2,52,27.329664119518487
2024-02-22,2024,2,53,26.47224211177988
2024-02-23,2024,2,54,28.03012846603611
2024-02-24,2024,2,55,26.888369724849525
2024-02-25,2024,2,56,27.095219538263112
2024-02-26,2024,2,57,27.73599922871883
2024-02-27,2024,2,58,26.978711456577813
2024-02-28,2024,2,59,27.51256342476354
2024-02-29,2024,2,60,28.485464063628548
2024-03-01,2024,3,61,29.465404314703353
2024-03-02,2024,3,62,30.791775238177134
2024-03-03,2024,3,63,31.912868539982806
2024-03-04,2024,3,64,31.201266827171107
2024-03-05,2024,3,65,29.476148407566637
2024-03-06,2024,3,66,31.129621007738606
2024-03-07,2024,3,67,31.330848034393807
2024-03-08,2024,3,68,31.22551559157352
2024-03-09,2024,3,69,31.201638784178844
2024-03-10,2024,3,70,30.27184493207223
2024-03-11,2024,3,71,30.85737465520206
2024-03-12,2024,3,72,29.960788317282887
2024-03-13,2024,3,73,30.997923886500427
2024-03-14,2024,3,74,31.742549631986247
2024-03-15,2024,3,75,30.79025281599312
2024-03-16,2024,3,76,32.52357260533104
2024-03-17,2024,3,77,32.256713299226135
2024-03-18,2024,3,78,31.613368658641452
2024-03-19,2024,3,79,31.875125159071363
2024-03-20,2024,3,80,31.427664557179707
2024-03-21,2024,3,81,30.627272498710237
2024-03-22,2024,3,82,31.5576250361135
2024-03-23,2024,3,83,31.575308349957012
2024-03-24,2024,3,84,32.59304051418745
2024-03-25,2024,3,85,30.364854916595018
2024-03-26,2024,3,86,29.591410245915736
2024-03-27,2024,3,87,30.551507137575232
2024-03-28,2024,3,88,32.26538283061049
2024-03-29,2024,3,89,31.15153864144454
2024-03-30,2024,3,90,29.4825812699914
2024-03-31,2024,3,91,28.871344873602748
2024-04-01,2024,4,92,30.480981164230435
2024-04-02,2024,4,93,30.182254178847813
2024-04-03,2024,4,94,30.803387638865004
2024-04-04,2024,4,95,32.91056192261393
2024-04-05,2024,4,96,33.46580021926054
2024-04-06,2024,4,97,32.181667763542556
2024-04-07,2024,4,98,31.367046671539118
2024-04-08,2024,4,99,32.22187145227859
2024-04-09,2024,4,100,32.57231135511608
2024-04-10,2024,4,101,31.120728718830613
2024-04-11,2024,4,102,31.738141199484094
2024-04-12,2024,4,103,31.852896790197768
2024-04-13,2024,4,104,29.81325998108341
2024-04-14,2024,4,105,32.49579181857265
2024-04-15,2024,4,106,29.352765484092863
2024-04-16,2024,4,107,29.752493402407566
2024-04-17,2024,4,108,30.443981814273435
2024-04-18,2024,4,109,32.05040701633706
2024-04-19,2024,4,110,31.885209214101465
2024-04-20,2024,4,111,31.420026828890798
2024-04-21,2024,4,112,31.379586809114357
2024-04-22,2024,4,113,31.146128178847807
2024-04-23,2024,4,114,31.052837166809972
2024-04-24,2024,4,115,29.95517983576956
2024-04-25,2024,4,116,30.69959162510748
2024-04-26,2024,4,117,30.232133940670675
2024-04-27,2024,4,118,31.729371792777297
2024-04-28,2024,4,119,33.447354213241624
2024-04-29,2024,4,120,33.10075363112639
2024-04-30,2024,4,121,32.55667725279449
2024-05-01,2024,5,122,31.99782114961307
2024-05-02,2024,5,123,30.588130222699917
2024-05-03,2024,5,124,30.37299555202064
2024-05-04,2024,5,125,30.382452626827174
2024-05-05,2024,5,126,30.645018642304393
2024-05-06,2024,5,127,31.26925883490972
2024-05-07,2024,5,128,30.210611656921753
2024-05-08,2024,5,129,30.432929466895956
2024-05-09,2024,5,130,31.814816013757525
2024-05-10,2024,5,131,31.724893006878762
2024-05-11,2024,5,132,32.62633077042133
2024-05-12,2024,5,133,32.65226860963027
2024-05-13,2024,5,134,32.56893038950989
2024-05-14,2024,5,135,32.273946471195195
2024-05-15,2024,5,136,32.34169891229578
2024-05-16,2024,5,137,32.2462458383491
2024-05-17,2024,5,138,32.48087260103182
2024-05-18,2024,5,139,33.15653519862425
2024-05-19,2024,5,140,34.0882851693895
2024-05-20,2024,5,141,33.436476987962166
2024-05-21,2024,5,142,31.274407035253656
2024-05-22,2024,5,143,30.93554214015477
2024-05-23,2024,5,144,31.654441436801374
2024-05-24,2024,5,145,32.32010860963027
2024-05-25,2024,5,146,31.829219494411003
2024-05-26,2024,5,147,31.99180228288908
2024-05-27,2024,5,148,31.623515190025795
2024-05-28,2024,5,149,31.39513839036973
2024-05-29,2024,5,150,31.07363496130696
2024-05-30,2024,5,151,31.51028921754084
2024-05-31,2024,5,152,32.38744005674979
2024-06-01,2024,6,153,33.69182200859845
2024-06-02,2024,6,154,33.29672734737748
2024-06-03,2024,6,155,31.90325696904557
2024-06-04,2024,6,156,32.476095322441964
2024-06-05,2024,6,157,33.12242219690456
2024-06-06,2024,6,158,32.99583926569217
2024-06-07,2024,6,159,33.711582999140155
2024-06-08,2024,6,160,33.66865887962167
2024-06-09,2024,6,161,32.98199598108341
2024-06-10,2024,6,162,33.97326501977644
2024-06-11,2024,6,163,34.11057492089424
2024-06-12,2024,6,164,33.46637899914015
2024-06-13,2024,6,165,34.155853600171966
2024-06-14,2024,6,166,33.27630343250215
2024-06-15,2024,6,167,34.34607415821153
2024-06-16,2024,6,168,34.84011228632846
2024-06-17,2024,6,169,34.749980876182285
2024-06-18,2024,6,170,33.801219728288906
2024-06-19,2024,6,171,33.74183402837489
2024-06-20,2024,6,172,34.01222392519346
2024-06-21,2024,6,173,33.78125113069647
2024-06-22,2024,6,174,33.72798623817713
2024-06-23,2024,6,175,33.722642055889935
2024-06-24,2024,6,176,33.40486288478074
2024-06-25,2024,6,177,33.09445642562339
2024-06-26,2024,6,178,32.506902158211524
2024-06-27,2024,6,179,32.75666347119519
2024-06-28,2024,6,180,32.65251669733448
2024-06-29,2024,6,181,33.321671873602746
2024-06-30,2024,6,182,32.88799698366294
2024-07-01,2024,7,183,32.99471557351677
2024-07-02,2024,7,184,32.69877376182287
2024-07-03,2024,7,185,32.907280004299224
2024-07-04,2024,7,186,30.714230739466892
2024-07-05,2024,7,187,31.809778456577817
2024-07-06,2024,7,188,32.95706301375752
2024-07-07,2024,7,189,33.0511511711092
2024-07-08,2024,7,190,33.44521784694755
2024-07-09,2024,7,191,32.76594316251075
2024-07-10,2024,7,192,32.76213977042132
2024-07-11,2024,7,193,32.08115535339638
2024-07-12,2024,7,194,32.77176831814273
2024-07-13,2024,7,195,32.14982117970766
2024-07-14,2024,7,196,32.670638583834915
2024-07-15,2024,7,197,32.392368856405845
2024-07-16,2024,7,198,32.63934479019776
2024-07-17,2024,7,199,31.517864435941533
2024-07-18,2024,7,200,31.64105517196904
2024-07-19,2024,7,201,32.40072594067068
2024-07-20,2024,7,202,33.475038949269134
2024-07-21,2024,7,203,33.01178282803095
2024-07-22,2024,7,204,32.77099704987102
2024-07-23,2024,7,205,32.62918472398968
2024-07-24,2024,7,206,31.477317094582972
2024-07-25,2024,7,207,32.1746606577816
2024-07-26,2024,7,208,33.125753276870164
2024-07-27,2024,7,209,33.15521046947549
2024-07-28,2024,7,210,33.67979227601032
2024-07-29,2024,7,211,33.67213090369734
2024-07-30,2024,7,212,32.49961504213242
2024-07-31,2024,7,213,32.8369444849527
2024-08-01,2024,8,214,33.16761271711091
2024-08-02,2024,8,215,33.3082484600172
2024-08-03,2024,8,216,32.13651544196044
2024-08-04,2024,8,217,31.56446561049011
2024-08-05,2024,8,218,32.28552832674118
2024-08-06,2024,8,219,32.36220816423044
2024-08-07,2024,8,220,31.758511867583834
2024-08-08,2024,8,221,31.949187673258816
2024-08-09,2024,8,222,32.866799916595006
2024-08-10,2024,8,223,32.36116112897678
2024-08-11,2024,8,224,32.88930146517627
2024-08-12,2024,8,225,32.44612277815993
2024-08-13,2024,8,226,33.40973566380051
2024-08-14,2024,8,227,33.25059100171969
2024-08-15,2024,8,228,32.71149161908857
2024-08-16,2024,8,229,31.95338494325022
2024-08-17,2024,8,230,32.74786633791917
2024-08-18,2024,8,231,32.851129772141014
2024-08-19,2024,8,232,31.83736043422184
2024-08-20,2024,8,233,31.80116678159931
2024-08-21,2024,8,234,32.58967268529665
2024-08-22,2024,8,235,32.784969752364574
2024-08-23,2024,8,236,32.05720741100602
2024-08-24,2024,8,237,32.76806514101462
2024-08-25,2024,8,238,31.80856819088564
2024-08-26,2024,8,239,33.377973011177986
2024-08-27,2024,8,240,32.662770755803955
2024-08-28,2024,8,241,32.72964944883921
2024-08-29,2024,8,242,32.41061188822012
2024-08-30,2024,8,243,32.51778815821152
2024-08-31,2024,8,244,32.33424780567498
2024-09-01,2024,9,245,32.6565819088564
2024-09-02,2024,9,246,32.930526576096305
2024-09-03,2024,9,247,32.376133005159076
2024-09-04,2024,9,248,32.47185576784179
2024-09-05,2024,9,249,33.94783065864144
2024-09-06,2024,9,250,33.555153993981094
2024-09-07,2024,9,251,34.39482897678418
2024-09-08,2024,9,252,32.47451748753224
2024-09-09,2024,9,253,32.72659653740327
2024-09-10,2024,9,254,32.97657674548581
2024-09-11,2024,9,255,31.533342815133285
2024-09-12,2024,9,256,31.951115935511606
2024-09-13,2024,9,257,32.48585753396389
2024-09-14,2024,9,258,31.766517050730872
2024-09-15,2024,9,259,31.967265220980234
2024-09-16,2024,9,260,32.94207982717111
2024-09-17,2024,9,261,32.286493363714534
2024-09-18,2024,9,262,32.22581875838349
2024-09-19,2024,9,263,32.275580843508166
2024-09-20,2024,9,264,32.37616722957868
2024-09-21,2024,9,265,32.78946936027515
2024-09-22,2024,9,266,32.83309735597592
2024-09-23,2024,9,267,33.21288764144454
2024-09-24,2024,9,268,33.443631117798795
2024-09-25,2024,9,269,32.75242261392949
2024-09-26,2024,9,270,32.21873169991401
2024-09-27,2024,9,271,32.21574255803955
2024-09-28,2024,9,272,32.99605614101461
2024-09-29,2024,9,273,32.19181191745485
2024-09-30,2024,9,274,33.210427861564916
2024-10-01,2024,10,275,33.81135160361134
2024-10-02,2024,10,276,32.708555449699055
2024-10-03,2024,10,277,33.210029441100595
2024-10-04,2024,10,278,32.50768276096303
2024-10-05,2024,10,279,32.33842470851247
2024-10-06,2024,10,280,32.32465045227859
2024-10-07,2024,10,281,31.48447383061049
2024-10-08,2024,10,282,32.391108809114364
2024-10-09,2024,10,283,32.664925380911434
2024-10-10,2024,10,284,32.828114746345655
2024-10-11,2024,10,285,32.64909708426484
2024-10-12,2024,10,286,31.65816787618228
2024-10-13,2024,10,287,33.14415424591573
2024-10-14,2024,10,288,32.894174114359416
2024-10-15,2024,10,289,33.00820134909716
2024-10-16,2024,10,290,33.574016639724846
2024-10-17,2024,10,291,33.70172705846947
2024-10-18,2024,10,292,33.42505678245916
2024-10-19,2024,10,293,33.18668690025795
2024-10-20,2024,10,294,33.978647133276006
2024-10-21,2024,10,295,32.89195589423904
2024-10-22,2024,10,296,33.14750662338779
2024-10-23,2024,10,297,32.805132375752365
2024-10-24,2024,10,298,32.651626956147894
2024-10-25,2024,10,299,32.78420356319863
2024-10-26,2024,10,300,32.57229574634567
2024-10-27,2024,10,301,33.193954182287186
2024-10-28,2024,10,302,32.95951514875323
2024-10-29,2024,10,303,32.81989577128117
2024-10-30,2024,10,304,31.68078137489252
2024-10-31,2024,10,305,33.15411617454858
2024-11-01,2024,11,306,33.35055711006019
2024-11-02,2024,11,307,32.86093141014617
2024-11-03,2024,11,308,32.89396413757524
2024-11-04,2024,11,309,32.40362410146174
2024-11-05,2024,11,310,32.18020142820292
2024-11-06,2024,11,311,31.72213215735167
2024-11-07,2024,11,312,31.425995067927772
2024-11-08,2024,11,313,31.29691446861565
2024-11-09,2024,11,314,31.631851490111778
2024-11-10,2024,11,315,31.122425999140155
2024-11-11,2024,11,316,32.35229972914875
2024-11-12,2024,11,317,31.87818661994841
2024-11-13,2024,11,318,33.021950687876185
2024-11-14,2024,11,319,32.75219288736028
2024-11-15,2024,11,320,32.72062959415305
2024-11-16,2024,11,321,33.03675832244196
2024-11-17,2024,11,322,33.49245515477214
2024-11-18,2024,11,323,33.30502127429063
2024-11-19,2024,11,324,33.248908272570944
2024-11-20,2024,11,325,32.89999863026656
2024-11-21,2024,11,326,32.88421856405847
2024-11-22,2024,11,327,30.763774644024075
2024-11-23,2024,11,328,31.271750577815997
2024-11-24,2024,11,329,31.645002712811692
2024-11-25,2024,11,330,30.056381036113493
2024-11-26,2024,11,331,29.687248170249354
2024-11-27,2024,11,332,31.147908270851246
2024-11-28,2024,11,333,28.801910463456576
2024-11-29,2024,11,334,27.712210484092864
2024-11-30,2024,11,335,26.83264436715391
2024-12-01,2024,12,336,29.48176206792777
2024-12-02,2024,12,337,32.50422323215821
2024-12-03,2024,12,338,29.957297152192606
2024-12-04,2024,12,339,29.767168125537395
2024-12-05,2024,12,340,30.530751719690457
2024-12-06,2024,12,341,31.834313575236457
2024-12-07,2024,12,342,31.377438330180567
2024-12-08,2024,12,343,32.26243316852967
2024-12-09,2024,12,344,30.814934815133274
2024-12-10,2024,12,345,30.89139428976785
2024-12-11,2024,12,346,30.29691723473774
2024-12-12,2024,12,347,32.765851365434216
2024-12-13,2024,12,348,31.9244957377472
2024-12-14,2024,12,349,30.424223384350817
2024-12-15,2024,12,350,31.667576505589
2024-12-16,2024,12,351,30.858212209802236
2024-12-17,2024,12,352,29.39409059071367
2024-12-18,2024,12,353,31.28923854514188
2024-12-19,2024,12,354,32.100118889939814
2024-12-20,2024,12,355,32.94833757093723
2024-12-21,2024,12,356,31.657706267411868
2024-12-22,2024,12,357,28.963672703353392
2024-12-23,2024,12,358,29.986232838349096
2024-12-24,2024,12,359,29.13110160017197
2024-12-25,2024,12,360,30.62395589853827
2024-12-26,2024,12,361,31.33342482631127
2024-12-27,2024,12,362,31.60058118916595
2024-12-28,2024,12,363,32.03524465864145
2024-12-29,2024,12,364,30.871214710232156
2024-12-30,2024,12,365,31.826997397248487
2024-12-31,2024,12,366,31.238003072227002
2025-01-01,2025,1,1,30.980332576096306
2025-01-02,2025,1,2,31.57705580911436
2025-01-03,2025,1,3,32.49276801977644
2025-01-04,2025,1,4,31.52999406792777
2025-01-05,2025,1,5,29.912515319862425
2025-01-06,2025,1,6,29.904868899398107
2025-01-07,2025,1,7,30.767308561478927
2025-01-08,2025,1,8,31.823636755803946
2025-01-09,2025,1,9,32.639582503009464
2025-01-10,2025,1,10,29.1037770077386
2025-01-11,2025,1,11,29.603060053310404
2025-01-12,2025,1,12,29.50793417712812
2025-01-13,2025,1,13,29.44389726655202
2025-01-14,2025,1,14,31.077745785898536
2025-01-15,2025,1,15,28.47366179879622
2025-01-16,2025,1,16,29.32435328030954
2025-01-17,2025,1,17,27.5649776311264
2025-01-18,2025,1,18,26.83157976784179
2025-01-19,2025,1,19,28.386008773860702
2025-01-20,2025,1,20,30.279427241616514
2025-01-21,2025,1,21,29.03815752880481
2025-01-22,2025,1,22,31.027103773000864
2025-01-23,2025,1,23,30.214771655202064
2025-01-24,2025,1,24,29.467923595872744
2025-01-25,2025,1,25,31.404982797936366
2025-01-26,2025,1,26,29.574395999140155
2025-01-27,2025,1,27,31.23502487532244
2025-01-28,2025,1,28,30.498339329320718
2025-01-29,2025,1,29,30.368098756663805
2025-01-30,2025,1,30,30.360297936371456
2025-01-31,2025,1,31,29.90161663198624
2025-02-01,2025,2,32,31.532704142734307
2025-02-02,2025,2,33,30.484804302665527
2025-02-03,2025,2,34,31.818888678417885
2025-02-04,2025,2,35,30.80570689251935
2025-02-05,2025,2,36,31.438663326741185
2025-02-06,2025,2,37,30.16490814101461
2025-02-07,2025,2,38,30.057810510748066
2025-02-08,2025,2,39,30.6629399372313
2025-02-09,2025,2,40,32.46649778417884
2025-02-10,2025,2,41,30.147516461736885
2025-02-11,2025,2,42,31.363209826311262
2025-02-12,2025,2,43,31.49789089423904
2025-02-13,2025,2,44,31.614800489251934
2025-02-14,2025,2,45,31.382752626827173
2025-02-15,2025,2,46,31.32664371281169
2025-02-16,2025,2,47,31.913637676698198
2025-02-17,2025,2,48,32.17173081513328
2025-02-18,2025,2,49,30.48125082545142
2025-02-19,2025,2,50,31.528230603611345
2025-02-20,2025,2,51,32.34741877128117
2025-02-21,2025,2,52,31.622096827171113
2025-02-22,2025,2,53,32.92865328546862
2025-02-23,2025,2,54,31.083092940670678
2025-02-24,2025,2,55,30.441717204643158
2025-02-25,2025,2,56,31.183977014617366
2025-02-26,2025,2,57,31.689108012037835
2025-02-27,2025,2,58,31.18983087188306
2025-02-28,2025,2,59,29.598000971625105
2025-03-01,2025,3,60,29.228199233018056
2025-03-02,2025,3,61,29.976123013757526
2025-03-03,2025,3,62,29.04143163972485
2025-03-04,2025,3,63,29.668776763542567
2025-03-05,2025,3,64,29.931805108340498
2025-03-06,2025,3,65,29.657307783319
2025-03-07,2025,3,66,28.93105325537403
2025-03-08,2025,3,67,30.611912997420458
2025-03-09,2025,3,68,28.95873775064489
2025-03-10,2025,3,69,30.545560938091146
2025-03-11,2025,3,70,29.9828929733448
2025-03-12,2025,3,71,29.454652321582117
2025-03-13,2025,3,72,30.0089577566638
2025-03-14,2025,3,73,29.41876519690456
2025-03-15,2025,3,74,30.920206664660363
2025-03-16,2025,3,75,29.638161064488393
2025-03-17,2025,3,76,31.669927489251936
2025-03-18,2025,3,77,31.88891569561479
2025-03-19,2025,3,78,31.049352836629403
2025-03-20,2025,3,79,30.683681072227
2025-03-21,2025,3,80,30.63186540326741
2025-03-22,2025,3,81,29.41562945227859
2025-03-23,2025,3,82,29.45876192433362
2025-03-24,2025,3,83,31.016907512467757
2025-03-25,2025,3,84,31.19393896818573
2025-03-26,2025,3,85,30.126979563198624
2025-03-27,2025,3,86,30.32224433361995
2025-03-28,2025,3,87,31.870144280309546
2025-03-29,2025,3,88,32.07469502235597
2025-03-30,2025,3,89,30.7105111349957
2025-03-31,2025,3,90,31.125709076526228
2025-04-01,2025,4,91,31.07587892347377
2025-04-02,2025,4,92,31.88818883319002
2025-04-03,2025,4,93,31.876854364574378
2025-04-04,2025,4,94,31.757031798796216
2025-04-05,2025,4,95,32.4932214239037
2025-04-06,2025,4,96,32.915406962166806
2025-04-07,2025,4,97,33.11731125881341
2025-04-08,2025,4,98,33.30911135683578
2025-04-09,2025,4,99,32.6275941539123
2025-04-10,2025,4,100,31.384032786758386
2025-04-11,2025,4,101,31.763114385210663
2025-04-12,2025,4,102,27.81141889767842
2025-04-13,2025,4,103,27.684927757523646
2025-04-14,2025,4,104,29.82322898882201
2025-04-15,2025,4,105,29.876580380911435
2025-04-16,2025,4,106,30.973982224419608
2025-04-17,2025,4,107,31.58839220034394
2025-04-18,2025,4,108,31.14016775580395
2025-04-19,2025,4,109,31.968801927772997
2025-04-20,2025,4,110,32.37638972226999
2025-04-21,2025,4,111,32.89880266638006
2025-04-22,2025,4,112,31.7378449466896
2025-04-23,2025,4,113,31.778046269991403
2025-04-24,2025,4,114,30.8851117472055
2025-04-25,2025,4,115,31.054730166809975
2025-04-26,2025,4,116,30.29051797678418
2025-04-27,2025,4,117,29.46220215649183
2025-04-28,2025,4,118,28.856177726569218
2025-04-29,2025,4,119,30.324184591573513
2025-04-30,2025,4,120,31.576704226999137
2025-05-01,2025,5,121,31.65526747549441
2025-05-02,2025,5,122,31.65341731384351
2025-05-03,2025,5,123,31.598398985382634
2025-05-04,2025,5,124,31.77392326397248
2025-05-05,2025,5,125,31.650507535683573
2025-05-06,2025,5,126,31.22149253740326
2025-05-07,2025,5,127,31.548271963026657
2025-05-08,2025,5,128,31.421782086844367
2025-05-09,2025,5,129,31.53781040842648
2025-05-10,2025,5,130,33.026263028374885
2025-05-11,2025,5,131,33.7143118288908
2025-05-12,2025,5,132,31.80999894496991
2025-05-13,2025,5,133,32.21256133533964
2025-05-14,2025,5,134,31.28731376526225
2025-05-15,2025,5,135,31.572952061049012
2025-05-16,2025,5,136,31.361006053310405
2025-05-17,2025,5,137,31.232124386930344
2025-05-18,2025,5,138,32.38492980653482
2025-05-19,2025,5,139,32.06029050902838
2025-05-20,2025,5,140,31.45765523817713
2025-05-21,2025,5,141,31.493862374032673
2025-05-22,2025,5,142,31.239626265692173
2025-05-23,2025,5,143,32.25619796302665
2025-05-24,2025,5,144,33.02856987704213
2025-05-25,2025,5,145,32.06945366036113
2025-05-26,2025,5,146,31.94579538950989
2025-05-27,2025,5,147,31.86356449785038
2025-05-28,2025,5,148,32.286221817712814
2025-05-29,2025,5,149,31.87736313585555
2025-05-30,2025,5,150,32.854883095442815
2025-05-31,2025,5,151,31.604161061049012
2025-06-01,2025,6,152,31.48347727687016
2025-06-02,2025,6,153,32.63033985210662
2025-06-03,2025,6,154,32.88959780653483
2025-06-04,2025,6,155,33.33059698366294
2025-06-05,2025,6,156,33.49582966466036
2025-06-06,2025,6,157,33.0809754772141
2025-06-07,2025,6,158,33.39991711607911
2025-06-08,2025,6,159,32.43269309114359
2025-06-09,2025,6,160,31.787787222699915
2025-06-10,2025,6,161,31.726149397248495
2025-06-11,2025,6,162,33.4429138993981
2025-06-12,2025,6,163,32.05183865606191
2025-06-13,2025,6,164,32.79861348495271
2025-06-14,2025,6,165,31.740844577815995
2025-06-15,2025,6,166,32.424347182287185
2025-06-16,2025,6,167,33.64313356577816
2025-06-17,2025,6,168,34.12191466466035
2025-06-18,2025,6,169,33.38164067411866
2025-06-19,2025,6,170,32.606552147893375
2025-06-20,2025,6,171,33.05507037317283
2025-06-21,2025,6,172,33.68178829148753
2025-06-22,2025,6,173,32.27127088134136
2025-06-23,2025,6,174,32.22207317712812
2025-06-24,2025,6,175,31.57088081771281
2025-06-25,2025,6,176,32.050771154772136
2025-06-26,2025,6,177,33.56951740240757
2025-06-27,2025,6,178,33.80100467669819
2025-06-28,2025,6,179,33.82834921496131
2025-06-29,2025,6,180,32.87640812295787
2025-06-30,2025,6,181,32.38847765520207
2025-07-01,2025,7,182,31.951249988822017
2025-07-02,2025,7,183,31.61969740068788
2025-07-03,2025,7,184,31.252235754084264
2025-07-04,2025,7,185,30.949216958727433
2025-07-05,2025,7,186,31.281857931212375
2025-07-06,2025,7,187,32.61772981169389
2025-07-07,2025,7,188,32.171946215821144
2025-07-08,2025,7,189,32.359605492691315
2025-07-09,2025,7,190,31.369139398108345
2025-07-10,2025,7,191,31.41490111006019
2025-07-11,2025,7,192,32.39878875838349
2025-07-12,2025,7,193,31.97856533963887
2025-07-13,2025,7,194,31.80470060705073
2025-07-14,2025,7,195,32.09198182287188
2025-07-15,2025,7,196,30.222587325021497
2025-07-16,2025,7,197,30.14647535769561
2025-07-17,2025,7,198,30.265593963886495
2025-07-18,2025,7,199,31.42983729922614
2025-07-19,2025,7,200,31.852302222699908
2025-07-20,2025,7,201,31.686446042992262
2025-07-21,2025,7,202,31.157556883920893
2025-07-22,2025,7,203,31.251687932932064
2025-07-23,2025,7,204,31.992270735167672
2025-07-24,2025,7,205,31.765038773000857
2025-07-25,2025,7,206,32.26672042820292
2025-07-26,2025,7,207,33.24870006104901
2025-07-27,2025,7,208,32.97625549355116
2025-07-28,2025,7,209,32.774147616509026
2025-07-29,2025,7,210,32.19389449355116
2025-07-30,2025,7,211,33.20488803439381
2025-07-31,2025,7,212,32.61858891831471
2025-08-01,2025,8,213,31.702733089423905
2025-08-02,2025,8,214,32.6042526577816
2025-08-03,2025,8,215,30.998364720550306
2025-08-04,2025,8,216,31.75027054858126
2025-08-05,2025,8,217,32.917427006878754
2025-08-06,2025,8,218,31.897048909716244
2025-08-07,2025,8,219,31.64713597850387
2025-08-08,2025,8,220,30.909263995700773
2025-08-09,2025,8,221,31.472612926053312
2025-08-10,2025,8,222,32.32460114703353
2025-08-11,2025,8,223,32.49044792863285
2025-08-12,2025,8,224,31.76127615047292
2025-08-13,2025,8,225,31.37152199398108
2025-08-14,2025,8,226,31.190693585554595
2025-08-15,2025,8,227,30.869319900257956
2025-08-16,2025,8,228,31.891032495270853
2025-08-17,2025,8,229,31.743711852106614
2025-08-18,2025,8,230,31.92389434479793
2025-08-19,2025,8,231,31.846372438521065
2025-08-20,2025,8,232,31.761485246775585
2025-08-21,2025,8,233,32.92801393723129
2025-08-22,2025,8,234,32.20711850300946
2025-08-23,2025,8,235,32.45310675150473
2025-08-24,2025,8,236,31.80719431126398
2025-08-25,2025,8,237,32.443108050730864
2025-08-26,2025,8,238,32.6113052261393
2025-08-27,2025,8,239,32.81727058297507
2025-08-28,2025,8,240,32.6674776122098
2025-08-29,2025,8,241,32.370717802235596
2025-08-30,2025,8,242,33.33655991057609
2025-08-31,2025,8,243,32.03831950644884
2025-09-01,2025,9,244,31.619262367153908
2025-09-02,2025,9,245,31.70556525365434
2025-09-03,2025,9,246,31.680463072227
2025-09-04,2025,9,247,31.668391662080825
2025-09-05,2025,9,248,31.20413402923474
2025-09-06,2025,9,249,31.914593971625102
2025-09-07,2025,9,250,32.114165377472055
2025-09-08,2025,9,251,32.48807658039553
2025-09-09,2025,9,252,33.30215485382631
2025-09-10,2025,9,253,32.324288079105756
2025-09-11,2025,9,254,32.95155611006019
2025-09-12,2025,9,255,32.692904124677554
2025-09-13,2025,9,256,33.48904125021496
2025-09-14,2025,9,257,32.613231720550296
2025-09-15,2025,9,258,33.3231354411006
2025-09-16,2025,9,259,32.43089097248495
2025-09-17,2025,9,260,33.11087856835769
2025-09-18,2025,9,261,33.65469674118659
2025-09-19,2025,9,262,33.05954066122098
2025-09-20,2025,9,263,32.98767178073947
2025-09-21,2025,9,264,33.04446453138434
2025-09-22,2025,9,265,32.990954721410155
2025-09-23,2025,9,266,33.182949902837485
2025-09-24,2025,9,267,32.23413047635425
2025-09-25,2025,9,268,32.22767247979363
2025-09-26,2025,9,269,31.65479585124677
2025-09-27,2025,9,270,31.68093138349097
2025-09-28,2025,9,271,32.2288202261393
2025-09-29,2025,9,272,32.723740153912296
2025-09-30,2025,9,273,33.0514501083405
2025-10-01,2025,10,274,33.10897040756664
2025-10-02,2025,10,275,32.7983842072227
2025-10-03,2025,10,276,32.39150520464317
2025-10-04,2025,10,277,32.606997177987964
2025-10-05,2025,10,278,32.89607259931213
2025-10-06,2025,10,279,33.057023439380906
2025-10-07,2025,10,280,33.738031592433366
2025-10-08,2025,10,281,31.561351433362
2025-10-09,2025,10,282,32.09068094067069
2025-10-10,2025,10,283,32.791915337059336
2025-10-11,2025,10,284,32.537586021496125
2025-10-12,2025,10,285,32.18360116680997
2025-10-13,2025,10,286,32.960882127257086
2025-10-14,2025,10,287,33.676277775580395
2025-10-15,2025,10,288,33.06788412983663
2025-10-16,2025,10,289,32.931391699914016
2025-10-17,2025,10,290,33.08729590197765
2025-10-18,2025,10,291,32.08916880481513
2025-10-19,2025,10,292,32.653906255374025
2025-10-20,2025,10,293,32.98479710576096
2025-10-21,2025,10,294,32.40333105245056
2025-10-22,2025,10,295,32.78625863370593
2025-10-23,2025,10,296,32.12966690885641
2025-10-24,2025,10,297,32.96510820292347
2025-10-25,2025,10,298,30.849339736027513
2025-10-26,2025,10,299,31.640063141874457
2025-10-27,2025,10,300,31.645566739466894
2025-10-28,2025,10,301,31.38799168959587
2025-10-29,2025,10,302,32.74082588564059
2025-10-30,2025,10,303,32.24646616680997
2025-10-31,2025,10,304,31.596869308684433
2025-11-01,2025,11,305,31.920385460017197
2025-11-02,2025,11,306,31.027100580395533
2025-11-03,2025,11,307,31.262108196044714
2025-11-04,2025,11,308,31.75439685038693
2025-11-05,2025,11,309,32.65628858297506
2025-11-06,2025,11,310,31.973594855546
2025-11-07,2025,11,311,31.721044303525368
2025-11-08,2025,11,312,30.987114190025792
2025-11-09,2025,11,313,31.127410677558036
2025-11-10,2025,11,314,32.52061711521926
2025-11-11,2025,11,315,32.78710405503009
2025-11-12,2025,11,316,30.657492302665524
2025-11-13,2025,11,317,32.013730636285466
2025-11-14,2025,11,318,32.115782635425624
2025-11-15,2025,11,319,32.86131515047291
2025-11-16,2025,11,320,31.933870846947546
2025-11-17,2025,11,321,31.513157103181427
2025-11-18,2025,11,322,32.5943482149613
2025-11-19,2025,11,323,32.340962134995706
2025-11-20,2025,11,324,30.156952147033532
2025-11-21,2025,11,325,29.41793680137575
2025-11-22,2025,11,326,29.311261910576096
2025-11-23,2025,11,327,31.428279556319865
2025-11-24,2025,11,328,31.339851017196903
2025-11-25,2025,11,329,30.679481548581258
2025-11-26,2025,11,330,31.72356819260533
2025-11-27,2025,11,331,31.918973898538255
2025-11-28,2025,11,332,31.055992376612213
2025-11-29,2025,11,333,31.30494028632846
2025-11-30,2025,11,334,31.444836727429067
2025-12-01,2025,12,335,30.900521422184006
2025-12-02,2025,12,336,30.428657236457436
2025-12-03,2025,12,337,32.34317845829751
2025-12-04,2025,12,338,30.510813288908
2025-12-05,2025,12,339,29.269570496990536
2025-12-06,2025,12,340,28.877587122098024
2025-12-07,2025,12,341,31.030149873602753
2025-12-08,2025,12,342,32.77268263886501
2025-12-09,2025,12,343,32.57894424849527
2025-12-10,2025,12,344,32.47729080653482
2025-12-11,2025,12,345,31.947817148753227
2025-12-12,2025,12,346,32.0581341883061
2025-12-13,2025,12,347,31.163142552880487
2025-12-14,2025,12,348,31.98727233963886
2025-12-15,2025,12,349,32.50184599484093
2025-12-16,2025,12,350,32.601195568357696
2025-12-17,2025,12,351,31.271794497850383
2025-12-18,2025,12,352,31.49962951848667
2025-12-19,2025,12,353,30.696785803095445
2025-12-20,2025,12,354,31.856008841788473
2025-12-21,2025,12,355,31.072308626827173
2025-12-22,2025,12,356,31.617721320722268
2025-12-23,2025,12,357,32.089185371453134
2025-12-24,2025,12,358,32.236703220980225
2025-12-25,2025,12,359,31.710828867583835
2025-12-26,2025,12,360,31.80337232416165
2025-12-27,2025,12,361,31.488360319862423
2025-12-28,2025,12,362,30.549049749785038
2025-12-29,2025,12,363,29.914383032674124
2025-12-30,2025,12,364,30.13707523043852
2025-12-31,2025,12,365,30.496660649183145
2026-01-01,2026,1,1,28.30946360361135
2026-01-02,2026,1,2,29.64400388306105
2026-01-03,2026,1,3,30.71340399140155
2026-01-04,2026,1,4,28.869333104041274
2026-01-05,2026,1,5,28.47672301375753
2026-01-06,2026,1,6,29.268697640584698
2026-01-07,2026,1,7,27.635410460017194
2026-01-08,2026,1,8,26.823030015477215
2026-01-09,2026,1,9,27.07531743938091
2026-01-10,2026,1,10,28.531736480653485
2026-01-11,2026,1,11,30.975271024075667
2026-01-12,2026,1,12,31.611306350816857
2026-01-13,2026,1,13,29.48240106018917
2026-01-14,2026,1,14,28.96338515563199
2026-01-15,2026,1,15,31.216142867583834
2026-01-16,2026,1,16,29.03105957437661
2026-01-17,2026,1,17,28.767120908856405
2026-01-18,2026,1,18,28.0636711349957
2026-01-19,2026,1,19,29.820280801375752
2026-01-20,2026,1,20,30.94607166638005
2026-01-21,2026,1,21,31.256888854686157
2026-01-22,2026,1,22,30.905344742906273
2026-01-23,2026,1,23,30.114428951848666
2026-01-24,2026,1,24,29.03390866638005
2026-01-25,2026,1,25,29.938439018916597
2026-01-26,2026,1,26,30.205028291487537
2026-01-27,2026,1,27,31.201252178847806
2026-01-28,2026,1,28,31.70665792347378
2026-01-29,2026,1,29,29.656102123817714
2026-01-30,2026,1,30,29.067021625967325
2026-01-31,2026,1,31,29.417522638005163
2026-02-01,2026,2,32,29.483018355116076
2026-02-02,2026,2,33,27.325034288907997
2026-02-03,2026,2,34,26.159270983662935
2026-02-04,2026,2,35,29.154486581255377
2026-02-05,2026,2,36,28.839574679277728
2026-02-06,2026,2,37,27.961381865864144
2026-02-07,2026,2,38,28.876088421324155
2026-02-08,2026,2,39,27.674836910576094
2026-02-09,2026,2,40,27.781369442820296
2026-02-10,2026,2,41,27.15413603439381
2026-02-11,2026,2,42,27.56835548839209
2026-02-12,2026,2,43,27.5342263061049
2026-02-13,2026,2,44,27.831470535683575
2026-02-14,2026,2,45,28.11027114961307
2026-02-15,2026,2,46,27.988402442820288
2026-02-16,2026,2,47,28.8118974411006
2026-02-17,2026,2,48,27.461765233018056
2026-02-18,2026,2,49,28.631288176268274
2026-02-19,2026,2,50,28.108358902837484
2026-02-20,2026,2,51,27.28847152708513
2026-02-21,2026,2,52,26.451342714531386
2026-02-22,2026,2,53,29.067281051590708
2026-02-23,2026,2,54,31.174269721410145
2026-02-24,2026,2,55,29.72059086328461
2026-02-25,2026,2,56,28.975705918314706
2026-02-26,2026,2,57,28.96275504987103
2026-02-27,2026,2,58,28.55545204385211
2026-02-28,2026,2,59,29.116089316423043
2026-03-01,2026,3,60,28.796846263972487
2026-03-02,2026,3,61,29.212674909716252
2026-03-03,2026,3,62,30.326338461736892
2026-03-04,2026,3,63,29.104308493551166
2026-03-05,2026,3,64,30.394244288048153
2026-03-06,2026,3,65,30.32993847549441
2026-03-07,2026,3,66,30.578661081685297
2026-03-08,2026,3,67,31.18844285296646
2026-03-09,2026,3,68,31.011860055889937
2026-03-10,2026,3,69,29.357604441100605
2026-03-11,2026,3,70,30.763376148753228
2026-03-12,2026,3,71,30.721077597592434
2026-03-13,2026,3,72,31.411413511607915
2026-03-14,2026,3,73,31.21070222184007
2026-03-15,2026,3,74,31.854448613929492
2026-03-16,2026,3,75,31.30936098194325
2026-03-17,2026,3,76,29.739896674118658
2026-03-18,2026,3,77,31.794981995700777
2026-03-19,2026,3,78,32.00920296560619
2026-03-20,2026,3,79,31.860843301805676
2026-03-21,2026,3,80,32.08359611951849
2026-03-22,2026,3,81,31.767215308684435
2026-03-23,2026,3,82,31.506010250214963
2026-03-24,2026,3,83,30.70276363284609
2026-03-25,2026,3,84,30.08300970077386
2026-03-26,2026,3,85,31.02984841960447
2026-03-27,2026,3,86,31.424204066208087
2026-03-28,2026,3,87,31.60109136027515
2026-03-29,2026,3,88,31.507643625967326
2026-03-30,2026,3,89,30.90500074806535
2026-03-31,2026,3,90,32.40834332846087
2026-04-01,2026,4,91,31.28614915477214
2026-04-02,2026,4,92,30.56061945829751
2026-04-03,2026,4,93,30.909286145313846
2026-04-04,2026,4,94,32.15854623989682
2026-04-05,2026,4,95,31.690060076526223
2026-04-06,2026,4,96,32.297847183147034
2026-04-07,2026,4,97,33.09243886586414
2026-04-08,2026,4,98,32.0169270705073
2026-04-09,2026,4,99,31.313601715391226
2026-04-10,2026,4,100,31.367880478073946
2026-04-11,2026,4,101,29.437720653482373
2026-04-12,2026,4,102,29.12020952020636
2026-04-13,2026,4,103,30.0490943783319
2026-04-14,2026,4,104,31.12735433533964
2026-04-15,2026,4,105,31.472219484092857
2026-04-16,2026,4,106,32.1095662244196
2026-04-17,2026,4,107,30.586647321582113
2026-04-18,2026,4,108,31.60688752450559
2026-04-19,2026,4,109,32.17058660791058
2026-04-20,2026,4,110,32.25263243508168
2026-04-21,2026,4,111,31.51714445485812
2026-04-22,2026,4,112,31.539519101461742
2026-04-23,2026,4,113,31.470698635425627
2026-04-24,2026,4,114,31.351836572656918
2026-04-25,2026,4,115,31.439517122957874
2026-04-26,2026,4,116,30.043457040412726
2026-04-27,2026,4,117,30.19042085898538
2026-04-28,2026,4,118,29.687327785898542
2026-04-29,2026,4,119,29.192548436801378
2026-04-30,2026,4,120,29.961521395528806
2026-05-01,2026,5,121,30.67574171969046
2026-05-02,2026,5,122,30.430321228718835
2026-05-03,2026,5,123,32.40704662252794
2026-05-04,2026,5,124,31.69167734307825
2026-05-05,2026,5,125,31.415596461736886
2026-05-06,2026,5,126,31.24718949613069
2026-05-07,2026,5,127,31.534342072227
2026-05-08,2026,5,128,31.51987128374893
2026-05-09,2026,5,129,32.01271159845228
2026-05-10,2026,5,130,31.956719781599308
2026-05-11,2026,5,131,30.610454064488394
2026-05-12,2026,5,132,29.694319274290628
2026-05-13,2026,5,133,29.49406775494411
2026-05-14,2026,5,134,29.504200443680137
2026-05-15,2026,5,135,29.624021300085982
2026-05-16,2026,5,136,29.874035832330176
2026-05-17,2026,5,137,31.329485406706798
2026-05-18,2026,5,138,32.27465405159071
2026-05-19,2026,5,139,31.610947283748924
2026-05-20,2026,5,140,32.30477141788478
2026-05-21,2026,5,141,32.54873325709372
2026-05-22,2026,5,142,32.112534171969045
2026-05-23,2026,5,143,32.222061726569216
2026-05-24,2026,5,144,32.733975839208945
2026-05-25,2026,5,145,32.69225260189166
2026-05-26,2026,5,146,32.18484018658641
2026-05-27,2026,5,147,31.596535021496138
2026-05-28,2026,5,148,31.88505020894239
2026-05-29,2026,5,149,32.68015616509029
2026-05-30,2026,5,150,32.901739402407564
2026-05-31,2026,5,151,31.66525258383491
2026-06-01,2026,6,152,32.38205940412725
2026-06-02,2026,6,153,32.87083793981084
2026-06-03,2026,6,154,32.62711619346518
2026-06-04,2026,6,155,33.38207961134995
2026-06-05,2026,6,156,34.05734996044712
2026-06-06,2026,6,157,33.46423563714531
2026-06-07,2026,6,158,34.21307445141875
2026-06-08,2026,6,159,33.75586644969905
2026-06-09,2026,6,160,32.72820534135855
2026-06-10,2026,6,161,32.84230090627687
2026-06-11,2026,6,162,33.650092045571796
2026-06-12,2026,6,163,33.195380007738606
2026-06-13,2026,6,164,32.794526537403264
2026-06-14,2026,6,165,32.57650678245915
2026-06-15,2026,6,166,32.63247883319002
2026-06-16,2026,6,167,32.420949565778166
2026-06-17,2026,6,168,32.15352720378332
2026-06-18,2026,6,169,31.08030303439381
2026-06-19,2026,6,170,30.56034248581256
2026-06-20,2026,6,171,30.88468572312983
2026-06-21,2026,6,172,31.60962803095443
2026-06-22,2026,6,173,32.424005042132414
2026-06-23,2026,6,174,32.92734922871883
2026-06-24,2026,6,175,33.056493684436795
2026-06-25,2026,6,176,32.188837207222704
2026-06-26,2026,6,177,32.06045713069648
2026-06-27,2026,6,178,33.05664212037832
2026-06-28,2026,6,179,31.306773519346518
2026-06-29,2026,6,180,30.718106308684433
2026-06-30,2026,6,181,31.604447669819432
2026-07-01,2026,7,182,32.92681201891659
2026-07-02,2026,7,183,32.09664430266552
2026-07-03,2026,7,184,31.857525774720553
2026-07-04,2026,7,185,31.144603760963026
2026-07-05,2026,7,186,30.80421850816853
2026-07-06,2026,7,187,33.38131889853826
2026-07-07,2026,7,188,32.329694984522796
2026-07-08,2026,7,189,32.81395949355115
2026-07-09,2026,7,190,33.857359000859844
2026-07-10,2026,7,191,33.10376060017197
2026-07-11,2026,7,192,32.59533147377471
2026-07-12,2026,7,193,33.63570025537403
2026-07-13,2026,7,194,32.98560535683577
2026-07-14,2026,7,195,32.8586816844368
2026-07-15,2026,7,196,32.84985815735167
2026-07-16,2026,7,197,33.35227480051591
2026-07-17,2026,7,198,32.138139689595874
2026-07-18,2026,7,199,31.272029734307825
2026-07-19,2026,7,200,30.41883356835769
2026-07-20,2026,7,201,31.092330972484955
2026-07-21,2026,7,202,30.04356099484092
2026-07-22,2026,7,203,30.667230216681002
2026-07-23,2026,7,204,32.101128742046434
2026-07-24,2026,7,205,30.910172304385213
2026-07-25,2026,7,206,31.65424308598452
2026-07-26,2026,7,207,32.27032829148753
2026-07-27,2026,7,208,33.077654227858986
2026-07-28,2026,7,209,31.70174729320722
2026-07-29,2026,7,210,31.6270774961307
2026-07-30,2026,7,211,32.22110078245917
2026-07-31,2026,7,212,32.255876200343934
2026-08-01,2026,8,213,32.59743443938091
2026-08-02,2026,8,214,31.05093173516767
2026-08-03,2026,8,215,31.22432372398968
2026-08-04,2026,8,216,32.0338580550301
2026-08-05,2026,8,217,31.944468501289766
2026-08-06,2026,8,218,32.59371583576956
2026-08-07,2026,8,219,32.16701920120379
2026-08-08,2026,8,220,32.180575986242474
2026-08-09,2026,8,221,32.30106040928633
2026-08-10,2026,8,222,30.60208306878761
2026-08-11,2026,8,223,30.848178774720555
2026-08-12,2026,8,224,32.76121090197764
2026-08-13,2026,8,225,31.7793312699914
2026-08-14,2026,8,226,31.17443539982803
2026-08-15,2026,8,227,32.73201506620808
2026-08-16,2026,8,228,32.161894355116075
2026-08-17,2026,8,229,30.784148957867583
2026-08-18,2026,8,230,33.13465568529664
2026-08-19,2026,8,231,32.56949053568358
2026-08-20,2026,8,232,32.47799575580395
2026-08-21,2026,8,233,32.19312509544282
2026-08-22,2026,8,234,32.8038418194325
2026-08-23,2026,8,235,33.049500030954434
2026-08-24,2026,8,236,32.43568801633706
2026-08-25,2026,8,237,32.87081568615649
2026-08-26,2026,8,238,32.46279138091143
2026-08-27,2026,8,239,33.14066822871883
2026-08-28,2026,8,240,33.01646245743766
2026-08-29,2026,8,241,31.428581849527088
