n,obs_mean,sim_mean,bias,relative_bias_pct,mae,rmse,pearson_r,model,variable,month
1054,0.3686543253899506,0.8580441068605527,0.48938978147060186,132.7503158827558,0.9850839967363244,2.5106230341385505,-0.024959667539983948,ACCESS-CM2,precip_consensus,1
960,0.6296391970554329,1.1009778438220124,0.4713386467665795,74.8585299280666,1.369263163809426,3.0932601094513155,-0.026119718148561955,ACCESS-CM2,precip_consensus,2
1054,1.5286393068467115,1.2929598127249309,-0.23567949412178082,-15.417600022855769,2.1443458010185883,4.455024888075692,0.016703783079553343,ACCESS-CM2,precip_consensus,3
1020,3.3015951336251543,2.305980211393555,-0.9956149222315998,-30.155572743966754,3.8117706839728416,5.779773564311934,-0.029189879774325796,ACCESS-CM2,precip_consensus,4
1054,8.25663468976617,8.027257046023168,-0.2293776437430011,-2.7781009135272416,7.625678666587828,10.12515429923283,0.0747524271093412,ACCESS-CM2,precip_consensus,5
1020,10.943573573043981,13.461240466864997,2.5176668938210187,23.005893614335374,8.822611621356641,11.169065307242755,-0.02307147270756086,ACCESS-CM2,precip_consensus,6
1054,7.218289280959809,11.082871979359531,3.864582698399722,53.538761720087955,8.124821304396981,10.496357173488905,0.0062218286059181165,ACCESS-CM2,precip_consensus,7
1054,8.047922313901696,10.302900316711536,2.254978002809843,28.01938083963204,7.9659814631617065,10.039608190054112,0.07916355721856402,ACCESS-CM2,precip_consensus,8
1020,11.492642896448613,14.566397056395425,3.073754159946812,26.745407367496338,9.276655700566995,12.176000934705336,-0.022769363565477763,ACCESS-CM2,precip_consensus,9
1054,7.302695459658507,11.512396100541785,4.209700640883279,57.64584685392502,9.395114205148571,12.750737668071356,0.11299393140839979,ACCESS-CM2,precip_consensus,10
1020,2.423605491486269,3.6036660796681015,1.1800605881818327,48.690291894749095,3.981511882546054,7.130748672276374,0.06005320853366124,ACCESS-CM2,precip_consensus,11
1054,0.7674585471686034,1.6538151830742547,0.886356635905651,115.49244440311467,1.9154747105354386,4.728485249242445,-0.013238087134992844,ACCESS-CM2,precip_consensus,12
1054,15.332099226326973,15.991518743923658,0.659419517596685,4.300908230911955,1.5637349249769559,1.9377684433780409,-0.010208032527675657,ACCESS-CM2,tas,1
960,16.029824437417012,16.429977972520525,0.4001535351035163,2.4963064110014392,1.3618343906069001,1.7259044340569152,0.12663528617781913,ACCESS-CM2,tas,2
1054,16.62624387650164,17.289797423252566,0.6635535467509279,3.991000924079718,1.7384625625444978,2.1631022478345194,0.05853090194895922,ACCESS-CM2,tas,3
1020,17.132186214938045,18.459732965174894,1.3275467502368468,7.748846140134297,1.835918006699667,2.237932049702868,-0.09696160196755332,ACCESS-CM2,tas,4
1054,17.043248637548622,18.83835102706701,1.7951023895183909,10.532630413919641,2.00064410254322,2.3947094345582496,-0.056900943687820844,ACCESS-CM2,tas,5
1020,16.62766233701668,18.332487309095292,1.704824972078611,10.25294438583415,1.7329480484124098,2.0225607400990726,-0.027922382273868042,ACCESS-CM2,tas,6
1054,16.56660255028934,17.985460694082143,1.4188581437928007,8.5645692258611,1.4500352455949965,1.6893465739885605,-0.04268039065155743,ACCESS-CM2,tas,7
1054,16.605652794195006,17.867097820355934,1.2614450261609262,7.596479595200867,1.3055123081369697,1.5115672812195204,0.09999641216283532,ACCESS-CM2,tas,8
1020,16.254945785407532,17.7496163365262,1.4946705511186689,9.195174015655418,1.5129061194682083,1.709070725239674,0.1115630473645054,ACCESS-CM2,tas,9
1054,16.055269399064187,17.430438913775774,1.375169514711586,8.56522229886557,1.5550226928997424,1.8368364893611588,0.0976038516581416,ACCESS-CM2,tas,10
1020,15.622706843760522,17.035014606158267,1.4123077623977456,9.040096421970565,1.913517457814351,2.2830887666146267,-0.01708061467481768,ACCESS-CM2,tas,11
1054,15.362106867669596,16.3585290984027,0.9964222307331045,6.486234208083334,1.7675132745295423,2.168862365428607,-0.0859091514304986,ACCESS-CM2,tas,12
1054,11.866369181069388,9.709637452880663,-2.156731728188725,-18.175161207940455,2.5318360261986728,3.158185667826409,0.0010003263771390437,ACCESS-CM2,tasmin,1
960,12.24321210221052,9.989243563493982,-2.2539685387165367,-18.409944383055986,2.528925199575,3.1196421128645375,0.0706193695297321,ACCESS-CM2,tasmin,2
1054,12.879569901170148,10.755756807793544,-2.1238130933766026,-16.489782730894202,2.5467741735940863,3.33145433235583,0.06821896322760143,ACCESS-CM2,tasmin,3
1020,13.75964925672512,12.16702059193287,-1.5926286647922498,-11.574631264774732,2.068110875600542,2.711043312577857,-0.006964528842335893,ACCESS-CM2,tasmin,4
1054,14.386521793153456,13.268386126556928,-1.1181356665965292,-7.772105604626755,1.5558752855281703,2.097383627063864,0.008527709053604856,ACCESS-CM2,tasmin,5
1020,14.484391844133354,13.626504374526284,-0.8578874696070692,-5.922840798832305,1.145227374457268,1.4666761413414688,0.00016166685063252777,ACCESS-CM2,tasmin,6
1054,14.118229145314213,13.114541332164087,-1.003687813150127,-7.109162224380294,1.2396274394788105,1.5523517333358243,-0.050950469213661434,ACCESS-CM2,tasmin,7
1054,14.200022594868791,12.623685032996487,-1.5763375618723066,-11.100951081880106,1.639024976796751,1.9733153450954706,0.07779028106180531,ACCESS-CM2,tasmin,8
1020,14.214839590717506,12.929882006807185,-1.2849575839103209,-9.039550363617305,1.3782310089251566,1.697322305033649,0.05182169208146316,ACCESS-CM2,tasmin,9
1054,13.875989385329087,12.668842913480237,-1.20714647184885,-8.699534413921873,1.593281618355201,2.1276243582484247,0.09897010390679098,ACCESS-CM2,tasmin,10
1020,12.972037244638594,11.605904205070509,-1.3661330395680846,-10.53136846436911,2.145443407524979,2.792162966418047,0.059008878249556855,ACCESS-CM2,tasmin,11
1054,12.298558151070695,10.413298964947668,-1.8852591861230283,-15.329107387754233,2.4199727930547117,3.1047677971055685,-0.004512353016607915,ACCESS-CM2,tasmin,12
1054,20.189968832132156,22.273399693372046,2.0834308612398877,10.319138571051809,2.46578105321398,2.941543653538754,0.021727623080457302,ACCESS-CM2,tasmax,1
960,21.262673748130634,22.870711887859933,1.608038139729294,7.562727805437305,2.1885784398911463,2.6820912459392448,0.04516310164527347,ACCESS-CM2,tasmax,2
1054,21.759423145302176,23.82383760487536,2.0644144595731846,9.48745031422806,2.6186796800380896,3.231812078474523,0.01464602530786696,ACCESS-CM2,tasmax,3
1020,21.73241687884188,24.752445237051337,3.020028358209451,13.896421990458284,3.3300617734137345,3.901396949612961,-0.05839800310853908,ACCESS-CM2,tasmax,4
1054,20.911058339737632,24.40831578359789,3.4972574438602573,16.724440183949756,3.735661728769594,4.420707167146324,-0.03979175730253503,ACCESS-CM2,tasmax,5
1020,20.019818351758104,23.038470612340703,3.0186522605825985,15.0783199304978,3.059693151381632,3.5665025503914203,-0.01473588549069324,ACCESS-CM2,tasmax,6
1054,20.083047578325736,22.856380403923563,2.7733328255978282,13.809322588026419,2.7977806622222716,3.1741468597160427,0.029323026874733656,ACCESS-CM2,tasmax,7
1054,20.16143148016815,23.110510895040903,2.949079414872753,14.627331485731176,2.964575705575979,3.3208062527628903,0.1122720531043757,ACCESS-CM2,tasmax,8
1020,19.65600290681619,22.569350267649614,2.913347360833423,14.82166732801586,2.936957325822581,3.2856703502650295,0.12263042694319425,ACCESS-CM2,tasmax,9
1054,19.456716365238172,22.192034942392493,2.7353185771543256,14.058479991214295,2.752474699057308,3.14072779132639,0.0018118938668089729,ACCESS-CM2,tasmax,10
1020,19.436578471298105,22.464124663093546,3.0275461917954427,15.576538824805015,3.0983556595011925,3.6022407318986205,-0.024824925594640817,ACCESS-CM2,tasmax,11
1054,19.71930387939916,22.303759268722743,2.5844553893235815,13.106220204981845,2.82292678619094,3.344434176950102,-0.05212379573745593,ACCESS-CM2,tasmax,12
1054,68.90529208054431,73.83765086923384,4.932358788689529,7.158171222790883,6.759790007073781,8.313968632159437,0.08352489855322534,ACCESS-CM2,rh,1
960,66.13892313126364,71.38817163966392,5.249248508400286,7.936700901498327,8.008122824172137,9.929179471532056,-0.0015496068562799049,ACCESS-CM2,rh,2
1054,68.50894283634756,68.70309661750684,0.19415378115927787,0.28339917844458284,8.916767038159517,11.094708301993295,0.056294203005765826,ACCESS-CM2,rh,3
1020,74.35235193435855,72.10637706739017,-2.245974866968397,-3.020717984753515,10.334548245008024,12.882121949843372,0.014042171084313278,ACCESS-CM2,rh,4
1054,82.20170000946295,81.64045671094027,-0.5612432985226901,-0.6827636149350688,9.62815252579627,12.509047361113002,8.704622878473583e-05,ACCESS-CM2,rh,5
1020,87.42678449571326,88.72396685053499,1.2971823548217414,1.483735633540709,5.489074459742009,7.016737693491395,-0.02072558239147652,ACCESS-CM2,rh,6
1054,82.67233529844425,87.03273542110699,4.360400122662729,5.274315896511012,6.710582656278591,8.23643207917098,0.06276756091297847,ACCESS-CM2,rh,7
1054,83.63236799241542,87.23393857685399,3.6015705844385657,4.3064314342566385,6.402884135346976,7.799820772084356,0.16208633582532664,ACCESS-CM2,rh,8
1020,88.23264707608286,89.70620862473811,1.4735615486552496,1.6700865240783267,4.765284639611989,6.003130528710984,0.08792817366358453,ACCESS-CM2,rh,9
1054,85.52617495386494,88.82209051282925,3.29591555896432,3.8536922301765784,6.064758056575844,7.445337748390961,0.12176705581862798,ACCESS-CM2,rh,10
1020,79.54019963880404,84.10156911962173,4.56136948081768,5.734671903680256,6.519766135564413,8.007315073720473,0.14153865464431648,ACCESS-CM2,rh,11
1054,74.1133167204031,77.75127022587844,3.6379535054753425,4.908636755793482,6.189052731401943,7.570339050793548,0.17368190409181666,ACCESS-CM2,rh,12
1054,18.404217912734683,19.23429998627141,0.8300820735367275,4.510281705382098,2.276946765529216,2.8928294024977883,0.12033302612769274,ACCESS-CM2,shortwave,1
960,20.46423680803776,21.068676979196265,0.6044401711585068,2.953641402943012,2.630104658838123,3.3152672878465483,0.04709233968540201,ACCESS-CM2,shortwave,2
1054,22.202694948485384,22.922955200319105,0.7202602518337191,3.244021743778692,2.9875594697421217,3.764157370037929,0.0448006265516645,ACCESS-CM2,shortwave,3
1020,22.32553785929223,22.968612389795346,0.6430745305031179,2.880443618228264,2.926265065668785,3.7268082898333623,0.036258850846188996,ACCESS-CM2,shortwave,4
1054,19.96992643498379,21.65048692031354,1.6805604853297498,8.415456565657168,3.7823657893858145,4.948813671064994,-0.01442405279313798,ACCESS-CM2,shortwave,5
1020,18.006273503707448,20.77753359086834,2.771260087160891,15.390525344348985,3.919691818493371,5.174359821698435,-0.010058915029154345,ACCESS-CM2,shortwave,6
1054,19.435099001302003,21.946751048318443,2.5116520470164394,12.923278892729993,3.629142346103701,4.7253720263220735,-0.0006186021325069235,ACCESS-CM2,shortwave,7
1054,19.241940832421548,21.804026056962513,2.5620852245409624,13.315108111256626,3.541050750236613,4.554392949497454,0.08228792124347081,ACCESS-CM2,shortwave,8
1020,17.0613806266916,19.849612751650834,2.788232124959233,16.342359308233213,3.7819948460809756,4.963853524752854,0.10650670686045016,ACCESS-CM2,shortwave,9
1054,16.324083081978984,19.323294707481303,2.999211625502317,18.37292551404192,3.8910972409180924,5.063234529939915,-0.04404988201237147,ACCESS-CM2,shortwave,10
1020,16.878443072645123,19.168478112034883,2.2900350393897666,13.567809717599037,3.0919895202838057,4.075897039908917,0.01791148460889173,ACCESS-CM2,shortwave,11
1054,17.273098846655497,18.552841716801936,1.2797428701464384,7.408878288184106,2.4221626394870914,3.1214861396315494,0.006558434481089105,ACCESS-CM2,shortwave,12
1054,29.56285755839687,27.113995201958907,-2.4488623564379592,-8.283577971448155,2.556094080912478,2.9354161909824166,0.024235155785655937,ACCESS-CM2,longwave,1
960,29.676811075626073,27.588811010697164,-2.0880000649289117,-7.035796600948852,2.231491710264003,2.5847204084683226,0.09328246370981842,ACCESS-CM2,longwave,2
1054,30.114206411355994,28.111337982640052,-2.002868428715942,-6.650908881200553,2.243882282295521,2.648098777886297,0.0649262484627739,ACCESS-CM2,longwave,3
1020,30.91169492617976,28.897884823041604,-2.0138101031381557,-6.514719131213404,2.13400924004431,2.433793677179097,0.04242132289770793,ACCESS-CM2,longwave,4
1054,31.78111136081439,29.217947749796103,-2.563163611018285,-8.065053427233591,2.6045361607983772,2.8163589772995317,-0.03354312322884271,ACCESS-CM2,longwave,5
1020,32.31927905268407,29.136379368130164,-3.1828996845539033,-9.848300388648578,3.1831381993088512,3.29494145766617,-0.0032501568646805244,ACCESS-CM2,longwave,6
1054,31.95423575452316,28.762346843712148,-3.1918889108110107,-9.988938353373683,3.1937752542528064,3.3189197305213343,-0.038126337638986776,ACCESS-CM2,longwave,7
1054,32.04969838689038,28.755438638810034,-3.2942597480803424,-10.278598282933695,3.2944022338380967,3.3939375103639255,0.11666430224536153,ACCESS-CM2,longwave,8
1020,32.315648778700286,28.9759936766401,-3.3396551020601857,-10.334482606028944,3.3396551020601857,3.4356665745946326,0.012025632381791307,ACCESS-CM2,longwave,9
1054,32.00403175713533,28.486762507527676,-3.5172692496076507,-10.990081738134359,3.521557482685685,3.6920879681943517,0.1732928992172479,ACCESS-CM2,longwave,10
1020,30.951772399490835,27.605091712642956,-3.3466806868478822,-10.812565573475645,3.373420430360849,3.6641039434115434,0.08954869869906688,ACCESS-CM2,longwave,11
1054,30.02933934645889,27.186730913282332,-2.842608433176557,-9.466103800621116,2.906825673069524,3.2696738952415467,0.009327456798725974,ACCESS-CM2,longwave,12
1054,1.0443244739342783,3.781932761363574,2.7376082874292957,262.14154276361234,2.754464372075095,3.26636742577593,0.02175385257076137,ACCESS-CM2,wind,1
960,0.9335610295164656,3.3793829247226532,2.445821895206188,261.9884311658759,2.459786406221974,2.934097358422148,-0.015389667013381176,ACCESS-CM2,wind,2
1054,0.8231485131691066,3.1574763465979085,2.334327833428802,283.5852578341766,2.3416033808552315,2.7592191969902875,-0.002482682685038339,ACCESS-CM2,wind,3
1020,0.6684938506913437,2.6914355368089486,2.0229416861176053,302.61186157890864,2.024966119605853,2.2870185899067987,-0.0021380986449919567,ACCESS-CM2,wind,4
1054,0.5677975445639214,2.1698285659740164,1.6020310214100946,282.1482827370243,1.605085474334456,1.7490512016255964,-0.05186707091596595,ACCESS-CM2,wind,5
1020,0.6524367201109273,2.1216873161026126,1.4692505959916853,225.19434463190285,1.4723179509523525,1.6412350202003083,0.07082479113951533,ACCESS-CM2,wind,6
1054,0.9963955983089723,2.3156529901814844,1.3192573918725117,132.4029726858973,1.3349465006142085,1.5488292582954624,-0.05093095433172937,ACCESS-CM2,wind,7
1054,0.858463036495093,2.035757186525209,1.1772941500301155,137.13976024369512,1.188266498906686,1.3623631376829946,0.07040729983932753,ACCESS-CM2,wind,8
1020,0.640677631224259,2.0199795843349015,1.3793019531106425,215.28798351753906,1.3830928822759412,1.5614452196254778,-0.061815210612535254,ACCESS-CM2,wind,9
1054,0.8093463180435,2.527059247207318,1.7177129291638182,212.23460104398671,1.7280498554800467,2.0206246518550155,0.10154305861297609,ACCESS-CM2,wind,10
1020,1.0761163727796093,3.363366829369927,2.287250456590318,212.5467574368698,2.3164694645229496,2.798687657807071,-0.00810837927634398,ACCESS-CM2,wind,11
1054,1.0701987130665158,3.7481978835736554,2.67799917050714,250.23382459820763,2.699642090974195,3.2152587484941844,-0.0587263422337137,ACCESS-CM2,wind,12
1054,0.3686543253899506,1.1897518838953538,0.8210975585054032,222.72831266441074,1.2337491024550062,2.9336943581593142,0.03557875671313959,ACCESS-ESM1-5,precip_consensus,1
960,0.6296391970554329,0.8866186604441175,0.25697946338868444,40.81376518337377,1.1420584370007476,2.6209323044700454,-0.002299717583123625,ACCESS-ESM1-5,precip_consensus,2
1054,1.5286393068467115,1.3201740816381509,-0.20846522520856078,-13.637306346556297,2.184385897758623,4.184871782719802,-0.016287140129386278,ACCESS-ESM1-5,precip_consensus,3
1020,3.3015951336251543,2.173048998483176,-1.128546135141979,-34.18184512232529,3.567600009234434,5.481956990832107,0.02313738500529788,ACCESS-ESM1-5,precip_consensus,4
1054,8.25663468976617,7.940431086350463,-0.3162036034157058,-3.8296910944555886,7.708015130867905,10.245049825949387,0.01790650065009484,ACCESS-ESM1-5,precip_consensus,5
1020,10.943573573043981,14.080443208043848,3.136869634999869,28.664033864829598,9.610605529076558,12.055648502816796,-0.03231954505123553,ACCESS-ESM1-5,precip_consensus,6
1054,7.218289280959809,10.659795735471318,3.4415064545115097,47.67759119310187,8.17435243744234,10.549415747227595,0.005690907488217802,ACCESS-ESM1-5,precip_consensus,7
1054,8.047922313901696,10.858434521054686,2.81051220715299,34.9222084599178,8.191224631523989,10.501982996687014,-0.017915409309370942,ACCESS-ESM1-5,precip_consensus,8
1020,11.492642896448613,14.364148022644574,2.8715051261959608,24.985594280348657,9.888931174338806,12.951099368306359,-0.06148154424811799,ACCESS-ESM1-5,precip_consensus,9
1054,7.302695459658507,11.08067759840448,3.7779821387459718,51.734077637719814,9.11229861043162,12.881301787723636,0.06631783627337896,ACCESS-ESM1-5,precip_consensus,10
1020,2.423605491486269,3.5604381938270633,1.1368327023407938,46.90667298511668,3.881431431209952,7.125671020725932,0.08790868059152235,ACCESS-ESM1-5,precip_consensus,11
1054,0.7674585471686034,1.348765971984894,0.5813074248162906,75.74447205792639,1.634710949338425,3.301657807463725,-0.014778017077072296,ACCESS-ESM1-5,precip_consensus,12
1054,15.332099226326973,15.88628272823162,0.5541835019046508,3.6145311462180874,1.2834889501458617,1.6301808261597548,-0.02915638671555972,ACCESS-ESM1-5,tas,1
960,16.029824437417012,16.232242628524887,0.20241819110787465,1.2627598754942544,1.021767112614997,1.2764455723338939,0.21295783878857694,ACCESS-ESM1-5,tas,2
1054,16.62624387650164,17.214895375182046,0.5886514986804108,3.540495995685287,1.162798323899978,1.484693704288175,0.13649394384699076,ACCESS-ESM1-5,tas,3
1020,17.132186214938045,18.315073582873953,1.1828873679359098,6.904474146472423,1.344571329147058,1.6365432047804807,0.13603980504507351,ACCESS-ESM1-5,tas,4
1054,17.043248637548622,18.622938167792643,1.579689530244023,9.268711404959204,1.6815627518167098,1.9889820588950125,-0.07352395626207649,ACCESS-ESM1-5,tas,5
1020,16.62766233701668,18.217881214121842,1.5902188771051615,9.563694792893402,1.6159914850267065,1.8387058099444773,-0.03749338979405492,ACCESS-ESM1-5,tas,6
1054,16.56660255028934,17.980621795238207,1.414019244948863,8.535360467884026,1.4288666929165255,1.6053079331567728,0.002638452557412684,ACCESS-ESM1-5,tas,7
1054,16.605652794195006,17.850491656059184,1.2448388618641812,7.496476514909135,1.2686152375125779,1.41676657136064,0.1323357087436132,ACCESS-ESM1-5,tas,8
1020,16.254945785407532,17.614319922785352,1.3593741373778183,8.362834028017259,1.3640568659660315,1.5225212925305163,0.08842484946690382,ACCESS-ESM1-5,tas,9
1054,16.055269399064187,17.40684216138859,1.3515727623243996,8.418250287367826,1.4110756942888407,1.5974889914573507,0.11423821764649161,ACCESS-ESM1-5,tas,10
1020,15.622706843760522,16.952683709215226,1.3299768654547013,8.513101338683022,1.546072453219717,1.8249740660688085,0.032718569229457053,ACCESS-ESM1-5,tas,11
1054,15.362106867669596,16.422010761088984,1.0599038934193887,6.899469601074155,1.4132112801363577,1.734035799181052,-0.0124278638695424,ACCESS-ESM1-5,tas,12
1054,11.866369181069388,9.783846791071097,-2.082522389998289,-17.549785938908517,2.3270038689484696,2.863539604272537,-0.041216788741816855,ACCESS-ESM1-5,tasmin,1
960,12.24321210221052,9.851015469806464,-2.3921966324040564,-19.538962589500052,2.488092309845384,2.926437121421938,0.11243688175845865,ACCESS-ESM1-5,tasmin,2
1054,12.879569901170148,10.871384104087747,-2.0081857970824,-15.59202529658968,2.21661914090133,2.6150605966786045,0.10667512625737573,ACCESS-ESM1-5,tasmin,3
1020,13.75964925672512,12.108177981922838,-1.6514712748022824,-12.002277412668167,1.802418134161262,2.1405058887576773,0.12470768691220352,ACCESS-ESM1-5,tasmin,4
1054,14.386521793153456,13.18731241101898,-1.1992093821344778,-8.335644983384249,1.3538521812730193,1.6622977491066742,0.060219054765757125,ACCESS-ESM1-5,tasmin,5
1020,14.484391844133354,13.643012957816666,-0.8413788863166888,-5.808865814807919,1.0347595210936371,1.2733172629145193,0.04585275218512273,ACCESS-ESM1-5,tasmin,6
1054,14.118229145314213,13.128513703146671,-0.9897154421675403,-7.010195343769605,1.1180863624027724,1.3441060942122407,0.12272757230893858,ACCESS-ESM1-5,tasmin,7
1054,14.200022594868791,12.819846225353722,-1.3801763695150724,-9.719536432384283,1.4442762077341014,1.6642098004727215,0.0042651799049684405,ACCESS-ESM1-5,tasmin,8
1020,14.214839590717506,12.887868367081422,-1.3269712236360838,-9.335112191505946,1.3577513997464585,1.5795641414338844,0.22656156188124008,ACCESS-ESM1-5,tasmin,9
1054,13.875989385329087,12.7075153597454,-1.1684740255836847,-8.420833953787094,1.4478924654243432,1.750182190396329,0.08425515409643984,ACCESS-ESM1-5,tasmin,10
1020,12.972037244638594,11.680165450953366,-1.2918717936852278,-9.958896735508254,1.7200994084902181,2.144329351609688,0.09910851642275563,ACCESS-ESM1-5,tasmin,11
1054,12.298558151070695,10.58872251729459,-1.7098356337761047,-13.902732440446677,1.9804030035576212,2.4252430629108273,0.02155494361918676,ACCESS-ESM1-5,tasmin,12
1054,20.189968832132156,21.988718666341462,1.7987498342093047,8.909126354601451,2.175430079573827,2.622703091615159,-0.0035107978750602087,ACCESS-ESM1-5,tasmax,1
960,21.262673748130634,22.61346950635235,1.350795758221712,6.352896979103914,1.8347668894254487,2.2936371257268746,0.14331933981008377,ACCESS-ESM1-5,tasmax,2
1054,21.759423145302176,23.558407060176993,1.7989839148748208,8.267608487880427,2.3971954340467065,2.8968521093816806,0.0010598185719637423,ACCESS-ESM1-5,tasmax,3
1020,21.73241687884188,24.52196910796438,2.7895522291224952,12.835904283790592,3.010073579080798,3.5257924538720915,0.0050890861516250385,ACCESS-ESM1-5,tasmax,4
1054,20.911058339737632,24.058563962538837,3.147505622801207,15.051871462765465,3.3525175423472935,3.974707849902658,0.005189239470369017,ACCESS-ESM1-5,tasmax,5
1020,20.019818351758104,22.792749355328038,2.772931003569932,13.850929887814981,2.8357326997757,3.355255013240573,-0.042613963700090504,ACCESS-ESM1-5,tasmax,6
1054,20.083047578325736,22.83272998384327,2.7496824055175324,13.691559484652505,2.7786195638318314,3.1342776603502744,-0.0024327793313220574,ACCESS-ESM1-5,tasmax,7
1054,20.16143148016815,22.881137338490927,2.719705858322776,13.489646610648764,2.736361113766017,3.042872605705588,0.03993025718830443,ACCESS-ESM1-5,tasmax,8
1020,19.65600290681619,22.340771427316014,2.6847685204998224,13.658771486896834,2.709577049871978,3.10824276548523,-0.08106843008144399,ACCESS-ESM1-5,tasmax,9
1054,19.456716365238172,22.106168356578728,2.649451991340555,13.617158936819001,2.6776806996700726,3.001122367145261,0.01107435233309684,ACCESS-ESM1-5,tasmax,10
1020,19.436578471298105,22.225202155330383,2.7886236840322782,14.347297226979657,2.8819035592927276,3.287017197966884,-0.0009778661283072327,ACCESS-ESM1-5,tasmax,11
1054,19.71930387939916,22.25529862816418,2.535994748765018,12.860467916488586,2.7028376701641736,3.112522350726289,0.02639485984696172,ACCESS-ESM1-5,tasmax,12
1054,68.90529208054431,74.44754656848852,5.542254487944209,8.043292932371282,7.1678265383312425,8.981454333661924,-0.004726499414016302,ACCESS-ESM1-5,rh,1
960,66.13892313126364,71.21681131263465,5.077888181371017,7.677609403003292,7.911049578614182,9.862189644589915,0.053526075505876715,ACCESS-ESM1-5,rh,2
1054,68.50894283634756,69.75773916079267,1.2487963244451088,1.8228223539052442,9.622121291061864,12.099036501184713,-0.09495558054336375,ACCESS-ESM1-5,rh,3
1020,74.35235193435855,71.7839761900976,-2.5683757442609716,-3.4543301959411368,10.565296093957755,12.89598841707974,-0.016918297946751388,ACCESS-ESM1-5,rh,4
1054,82.20170000946295,81.8763484218325,-0.32535158763045424,-0.3957966655105675,9.211145765101628,11.671999108142403,0.07980294589940795,ACCESS-ESM1-5,rh,5
1020,87.42678449571326,88.66450617373417,1.2377216780209233,1.4157236654192762,5.7201302047671865,7.2919654231394135,-0.0590293922475472,ACCESS-ESM1-5,rh,6
1054,82.67233529844425,86.80725638847959,4.134921090035319,5.001577704450222,6.694729935388427,8.199513788694578,0.05104132837765176,ACCESS-ESM1-5,rh,7
1054,83.63236799241542,87.45043775246958,3.8180697600541698,4.565301511491852,6.790449317290125,8.20930856568984,-0.02447861170576237,ACCESS-ESM1-5,rh,8
1020,88.23264707608286,89.32037237930257,1.0877253032197092,1.232792327177678,5.042496707557518,6.169484425325373,-0.04150467702835542,ACCESS-ESM1-5,rh,9
1054,85.52617495386494,88.35797070484357,2.83179575097864,3.3110281764689984,5.826512037632489,7.187350392251432,0.112270501357916,ACCESS-ESM1-5,rh,10
1020,79.54019963880404,84.2190469912467,4.678847352442653,5.8823681279271725,6.6129859632498045,8.046636449108846,0.17930076404496906,ACCESS-ESM1-5,rh,11
1054,74.1133167204031,77.69182764381392,3.5785109234108186,4.828431760665852,6.031752768633644,7.4820780362665165,0.18050707253632484,ACCESS-ESM1-5,rh,12
1054,18.404217912734683,19.229823788993542,0.8256058762588601,4.485960121606619,2.2599850671287305,2.906908925061707,0.07291533967280041,ACCESS-ESM1-5,shortwave,1
960,20.46423680803776,21.27634484787988,0.8121080398421185,3.9684257344165697,2.5418996789597874,3.305500645306422,0.06801435801695252,ACCESS-ESM1-5,shortwave,2
1054,22.202694948485384,22.84164941144771,0.6389544629623275,2.8778239058133592,2.9047062509468553,3.6189185067642042,0.03372055880779603,ACCESS-ESM1-5,shortwave,3
1020,22.32553785929223,23.014563869341682,0.6890260100494542,3.0862683550652785,2.8640625189884505,3.668573936339328,0.017708897226680075,ACCESS-ESM1-5,shortwave,4
1054,19.96992643498379,21.690573363775563,1.7206469287917723,8.616190622402605,3.6318547560043335,4.679611216627237,0.06692974122907702,ACCESS-ESM1-5,shortwave,5
1020,18.006273503707448,20.6407329021022,2.63445939839475,14.630786308184877,3.9336270617741937,5.0991039201703545,-0.003797053306954763,ACCESS-ESM1-5,shortwave,6
1054,19.435099001302003,22.11370004705101,2.6786010457490073,13.782286602036663,3.7335778297071793,4.775390541764568,0.008033583074939373,ACCESS-ESM1-5,shortwave,7
1054,19.241940832421548,21.650038616678884,2.4080977842573326,12.514838317140173,3.4782749738880336,4.474531991469273,0.0024238129829692243,ACCESS-ESM1-5,shortwave,8
1020,17.0613806266916,19.835966400976375,2.774585774284774,16.262375448936915,3.7803529022254727,5.015755131648752,0.0701827650928112,ACCESS-ESM1-5,shortwave,9
1054,16.324083081978984,19.41436601869318,3.0902829367141975,18.930820930002028,3.935281913477936,5.054016471722397,-0.0015706701953568248,ACCESS-ESM1-5,shortwave,10
1020,16.878443072645123,19.147079845117847,2.2686367724727274,13.441031040057865,3.0686418787720027,4.016855445192657,0.039720257944445315,ACCESS-ESM1-5,shortwave,11
1054,17.273098846655497,18.565107376877545,1.29200853022205,7.479888476827741,2.363401315777707,3.0806717406351827,-0.019338993816883872,ACCESS-ESM1-5,shortwave,12
1054,29.56285755839687,27.155001712470256,-2.4078558459266137,-8.144868408509785,2.5408002844591606,2.9233963481964294,-0.029322787441889413,ACCESS-ESM1-5,longwave,1
960,29.676811075626073,27.48186645239658,-2.194944623229492,-7.396160650940784,2.334704067889939,2.7295499935437073,0.03673097284046727,ACCESS-ESM1-5,longwave,2
1054,30.114206411355994,28.255246337272432,-1.85896007408356,-6.17303357986731,2.147213905730798,2.4956842203465595,0.044441157440141404,ACCESS-ESM1-5,longwave,3
1020,30.91169492617976,28.91299615037556,-1.9986987758041992,-6.465833661264105,2.1138110939814325,2.406643917011578,0.050036004685243024,ACCESS-ESM1-5,longwave,4
1054,31.78111136081439,29.26156525003184,-2.5195461107825508,-7.927809956605582,2.5555477796212602,2.7423534001931484,0.09187647312114697,ACCESS-ESM1-5,longwave,5
1020,32.31927905268407,29.175407810649524,-3.143871242034541,-9.727541375256783,3.143871242034541,3.248305586550471,0.05957750044353927,ACCESS-ESM1-5,longwave,6
1054,31.95423575452316,28.757962240778202,-3.196273513744957,-10.002659861118788,3.1976241513465644,3.3109508793710862,0.03243073865658097,ACCESS-ESM1-5,longwave,7
1054,32.04969838689038,28.825632207308907,-3.224066179581472,-10.0595835276261,3.224066179581472,3.3272556893099243,0.025173990061006693,ACCESS-ESM1-5,longwave,8
1020,32.315648778700286,28.96143293925066,-3.3542158394496275,-10.379540458616571,3.3542158394496275,3.444074278118805,0.07177736702259241,ACCESS-ESM1-5,longwave,9
1054,32.00403175713533,28.515316373546536,-3.4887153835887936,-10.900862147816678,3.496404557340034,3.669697282453941,0.11051991198549647,ACCESS-ESM1-5,longwave,10
1020,30.951772399490835,27.63875189657478,-3.3130205029160553,-10.703815148791142,3.3362921773418743,3.6237799761483065,0.12941379308490972,ACCESS-ESM1-5,longwave,11
1054,30.02933934645889,27.26858969984624,-2.7607496466126498,-9.193507771719267,2.81841638374561,3.1775631720752053,-0.008407905847433134,ACCESS-ESM1-5,longwave,12
1054,1.0443244739342783,3.833097052995539,2.788772579061261,267.0408142935818,2.805942246915445,3.341765260624952,-0.08237832677111828,ACCESS-ESM1-5,wind,1
960,0.9335610295164656,3.549887671318238,2.616326641801772,280.2523412054687,2.6275498617507673,3.095230742195656,0.017305536240596747,ACCESS-ESM1-5,wind,2
1054,0.8231485131691066,3.1573211065407008,2.334172593371594,283.56639853300254,2.347356458390891,2.750880189626177,-0.020137483731420033,ACCESS-ESM1-5,wind,3
1020,0.6684938506913437,2.745772599076121,2.077278748384777,310.74014311971524,2.0816287219552656,2.3260018564491984,0.007679933703437619,ACCESS-ESM1-5,wind,4
1054,0.5677975445639214,2.2463126087457943,1.6785150641818727,295.6185845204741,1.6814526621076369,1.8566822457856929,0.0232378377704889,ACCESS-ESM1-5,wind,5
1020,0.6524367201109273,2.2027961546925376,1.5503594345816103,237.62602361161063,1.5521023262181322,1.7322264964202796,0.08132348678659242,ACCESS-ESM1-5,wind,6
1054,0.9963955983089723,2.344758554330328,1.3483629560213548,135.32405786514133,1.356842196383972,1.5649860545372105,-0.036925704564881874,ACCESS-ESM1-5,wind,7
1054,0.858463036495093,2.10546904481342,1.247006008318327,145.26030304223295,1.2633748536854663,1.469421687269733,-0.058571748472892336,ACCESS-ESM1-5,wind,8
1020,0.640677631224259,2.1060055208987873,1.465327889674529,228.71531925883863,1.466641266371974,1.671044135013298,-0.02969153995966558,ACCESS-ESM1-5,wind,9
1054,0.8093463180435,2.610711396114116,1.8013650780706154,222.57036795141104,1.8067365872443444,2.1225778988421506,0.07099304506751955,ACCESS-ESM1-5,wind,10
1020,1.0761163727796093,3.4343411383522318,2.3582247655726225,219.14216949244314,2.3662096053039456,2.820741377946465,0.0357876505664317,ACCESS-ESM1-5,wind,11
1054,1.0701987130665158,3.7652754169462916,2.6950767038797756,251.82955940559697,2.7009827000162723,3.1715551722550694,0.0637083697072986,ACCESS-ESM1-5,wind,12
1054,0.3686543253899506,0.868327480707294,0.49967315531734346,135.5397511717258,1.0146887246260985,2.9595743426878967,-0.023285482925134406,CMCC-ESM2,precip_consensus,1
960,0.6296391970554329,0.8310903083654236,0.20145111130999063,31.994690332510388,1.2136803757368628,3.0102418134120343,-0.030470271891709314,CMCC-ESM2,precip_consensus,2
1054,1.5286393068467115,1.0972341438025075,-0.4314051630442042,-28.221514461387883,2.143749065498655,5.032831615896297,-0.02354864270721916,CMCC-ESM2,precip_consensus,3
1020,3.3015951336251543,2.409632446104842,-0.8919626875203124,-27.01611346697548,3.9411219026030424,6.0412147362636635,0.04387312023439804,CMCC-ESM2,precip_consensus,4
1054,8.25663468976617,8.929331537122502,0.6726968473563323,8.147349042705235,8.417558422932183,11.110346628592053,0.07773560685133066,CMCC-ESM2,precip_consensus,5
1020,10.943573573043981,12.501593662115958,1.55802008907198,14.236849404564408,9.318543516407503,11.735128992170708,-0.03608279128059514,CMCC-ESM2,precip_consensus,6
1054,7.218289280959809,10.073593157540117,2.855303876580308,39.55651769335353,7.99393553154909,10.500792710706396,0.02967630000273156,CMCC-ESM2,precip_consensus,7
1054,8.047922313901696,11.022332955786297,2.9744106418846026,36.95873948418601,8.457500668734758,10.769372540450613,0.06972610259765073,CMCC-ESM2,precip_consensus,8
1020,11.492642896448613,13.673016235973092,2.180373339524478,18.971905410880243,10.170592259690773,13.508805680317199,-0.07243764286288788,CMCC-ESM2,precip_consensus,9
1054,7.302695459658507,11.366190787697716,4.063495328039209,55.64377359684157,9.420136742597975,13.210530319110825,0.0969936859458335,CMCC-ESM2,precip_consensus,10
1020,2.423605491486269,3.556767859031772,1.1331623675455036,46.75523188596982,4.203587508855823,7.820357472971123,0.12759729338964743,CMCC-ESM2,precip_consensus,11
1054,0.7674585471686034,1.4652446507351038,0.6977861035665004,90.92166686277106,1.7889966196915819,4.63302851750926,0.06489451017897534,CMCC-ESM2,precip_consensus,12
1054,15.332099226326973,16.093802732556135,0.7617035062291658,4.968031415562675,1.602187272686468,2.006946673324914,0.02133852836001529,CMCC-ESM2,tas,1
960,16.029824437417012,16.285563502806806,0.25573906538979446,1.595395298234491,1.4111349572469762,1.758179780208002,0.18844576763087204,CMCC-ESM2,tas,2
1054,16.62624387650164,17.50909064696536,0.8828467704637258,5.309959224834174,1.6779822127292559,2.0781836730387795,0.13870934701909568,CMCC-ESM2,tas,3
1020,17.132186214938045,18.642844353347552,1.5106581384095061,8.817661210641758,1.7853903200527326,2.1510933097607023,0.015118374181607042,CMCC-ESM2,tas,4
1054,17.043248637548622,18.75637676403445,1.7131281264858316,10.051652492539331,1.8503090649822738,2.2257119799242857,0.0005106216580501391,CMCC-ESM2,tas,5
1020,16.62766233701668,18.291197251021842,1.6635349140051607,10.004622900609315,1.7060569892283117,2.01602820416837,-0.10522843906829576,CMCC-ESM2,tas,6
1054,16.56660255028934,18.106845128119563,1.5402425778302218,9.297274882732797,1.559308957716091,1.7560329396031618,0.04654098864218719,CMCC-ESM2,tas,7
1054,16.605652794195006,18.010554264360657,1.404901470165652,8.460380856913838,1.4250671552075387,1.6031504469695759,0.17368207282917858,CMCC-ESM2,tas,8
1020,16.254945785407532,17.70103350150604,1.446087716098508,8.896293689251777,1.4672293090832815,1.681732015311866,-0.02097498052595151,CMCC-ESM2,tas,9
1054,16.055269399064187,17.478171710839685,1.4229023117754969,8.862525295641776,1.5244661238503925,1.823534168083599,-0.08346119595233413,CMCC-ESM2,tas,10
1020,15.622706843760522,17.167859757318276,1.545152913557755,9.890430186077941,1.908205920556287,2.2758028385199376,0.021143650324525302,CMCC-ESM2,tas,11
1054,15.362106867669596,16.41185863246986,1.0497517648002619,6.8333840783878586,1.6400434165337776,1.9808348081936504,0.0922012360035419,CMCC-ESM2,tas,12
1054,11.866369181069388,9.784047510259036,-2.0823216708103494,-17.548094442673424,2.509376622923959,3.183805075267185,0.021834882901255195,CMCC-ESM2,tasmin,1
960,12.24321210221052,9.831155870260458,-2.4120562319500616,-19.70117165179686,2.7339720306157926,3.5157401992915474,-0.009857699104363722,CMCC-ESM2,tasmin,2
1054,12.879569901170148,10.996682820740569,-1.8828870804295779,-14.619176687402518,2.4142614183465274,3.113173415217131,0.10446865775011593,CMCC-ESM2,tasmin,3
1020,13.75964925672512,12.44485517023821,-1.3147940864869105,-9.555433150625522,1.8716052064614142,2.4773050594109307,-0.07822136139506304,CMCC-ESM2,tasmin,4
1054,14.386521793153456,13.486867627499192,-0.8996541656542634,-6.253451519340892,1.417839674862354,1.8715250272573547,0.04065812618048924,CMCC-ESM2,tasmin,5
1020,14.484391844133354,13.608172040101657,-0.8762198040316979,-6.049406930306122,1.2149617982634056,1.6097627566170367,0.007282450233935724,CMCC-ESM2,tasmin,6
1054,14.118229145314213,13.170370903975943,-0.9478582413382686,-6.713719061946654,1.1750996490065055,1.5116229033806168,0.047641380009227234,CMCC-ESM2,tasmin,7
1054,14.200022594868791,12.890228850344071,-1.3097937445247223,-9.223884932394538,1.4082854594260514,1.6990303087634129,0.0023345746797973532,CMCC-ESM2,tasmin,8
1020,14.214839590717506,12.902399371417046,-1.3124402193004623,-9.23288800358679,1.4126956675277784,1.7186871477693448,-0.014724464621908432,CMCC-ESM2,tasmin,9
1054,13.875989385329087,12.79269704694625,-1.0832923383828377,-7.806955657721888,1.468215843062428,1.8752746792688575,0.036061617493458695,CMCC-ESM2,tasmin,10
1020,12.972037244638594,11.802330513944682,-1.169706730693912,-9.017139780240436,2.0417136035053645,2.6990968034490654,0.006165285633707795,CMCC-ESM2,tasmin,11
1054,12.298558151070695,10.493492170307324,-1.8050659807633698,-14.677053672395111,2.2845263784059737,2.8996457036410934,0.10114114151259959,CMCC-ESM2,tasmin,12
1054,20.189968832132156,22.40355821686374,2.213589384731582,10.963807835149671,2.5617617880222716,3.13187119330457,0.05043620188675918,CMCC-ESM2,tasmax,1
960,21.262673748130634,22.7399714766956,1.4772977285649636,6.947845534688902,2.0992658368490984,2.568793601742848,0.13792190508190275,CMCC-ESM2,tasmax,2
1054,21.759423145302176,24.02149862824468,2.2620754829425063,10.39584306917109,2.70577556849793,3.3350004829346824,0.018081669537507367,CMCC-ESM2,tasmax,3
1020,21.73241687884188,24.840833599565137,3.108416720723252,14.303134060296468,3.3833096199488852,3.9403810140328397,0.03595457631563344,CMCC-ESM2,tasmax,4
1054,20.911058339737632,24.025885403920572,3.1148270641829416,14.895597408686791,3.3770112386242377,4.054415406405307,0.07000717475476419,CMCC-ESM2,tasmax,5
1020,20.019818351758104,22.97422363516682,2.954405283408714,14.757403046812676,3.009274486230707,3.6037927282660296,-0.09128610202842789,CMCC-ESM2,tasmax,6
1054,20.083047578325736,23.043319786890503,2.960272208564771,14.740154336733191,2.9899488772513028,3.386686109371242,0.055852387893484665,CMCC-ESM2,tasmax,7
1054,20.16143148016815,23.130879556074035,2.9694480759058854,14.728359337117464,3.006981714226434,3.3712032499417983,0.1041542876754261,CMCC-ESM2,tasmax,8
1020,19.65600290681619,22.49966767001586,2.8436647631996697,14.467156810470152,2.8806658199694297,3.310601274879211,0.004484239004834669,CMCC-ESM2,tasmax,9
1054,19.456716365238172,22.163646773919414,2.7069304086812394,13.912575780348554,2.7733195022308634,3.1869259436392308,-0.08033316185550159,CMCC-ESM2,tasmax,10
1020,19.436578471298105,22.53338901818561,3.096810546887505,15.932899668841145,3.161338043963509,3.617666644993648,0.07780943828479878,CMCC-ESM2,tasmax,11
1054,19.71930387939916,22.33022501647226,2.6109211370730963,13.24043258849891,2.8664370422332266,3.3576098506383283,0.0011811406043257097,CMCC-ESM2,tasmax,12
1054,68.90529208054431,73.18324888287141,4.277956802327072,6.208458992273788,6.807466001840192,8.654469710073167,-0.05243552010394105,CMCC-ESM2,rh,1
960,66.13892313126364,70.3630629333642,4.224139802100563,6.386768338693781,8.293267330081004,10.181619042554725,-0.04566502480203224,CMCC-ESM2,rh,2
1054,68.50894283634756,67.3253592304857,-1.1835836058618572,-1.727633731977403,9.534195354010608,12.026317265004309,0.0008422788720844008,CMCC-ESM2,rh,3
1020,74.35235193435855,71.70700720964132,-2.645344724717244,-3.5578494235833564,11.09638022267136,13.650629813126784,0.047340471535723384,CMCC-ESM2,rh,4
1054,82.20170000946295,82.93630715568338,0.734607146220421,0.8936641774268099,9.000983573977193,11.766272882973952,0.14961325978445006,CMCC-ESM2,rh,5
1020,87.42678449571326,88.39526106861898,0.9684765729057366,1.107757283413784,5.862045680139391,7.640673637918167,-0.09630846217858861,CMCC-ESM2,rh,6
1054,82.67233529844425,86.56867688050335,3.896341582059091,4.712993249789586,6.735882389710505,8.171460196975197,0.07156930921405016,CMCC-ESM2,rh,7
1054,83.63236799241542,87.40667004238716,3.774302049971758,4.5129680536058085,6.45747320551463,7.8453389707281085,0.17938856833063463,CMCC-ESM2,rh,8
1020,88.23264707608286,89.67223074882472,1.4395836727418614,1.6315771094349136,5.2376995314064025,6.542882370234669,-0.11509622046025732,CMCC-ESM2,rh,9
1054,85.52617495386494,88.83260909687363,3.3064341430087048,3.865990902542154,6.052649037287006,7.5014109267166935,0.13817357871162894,CMCC-ESM2,rh,10
1020,79.54019963880404,84.00784849720498,4.467648858400934,5.616843908726338,6.895487554082334,8.486588446347511,0.08685198342881963,CMCC-ESM2,rh,11
1054,74.1133167204031,77.60077337870064,3.4874566582975355,4.705573590039389,6.580455354209709,8.194486574785794,0.04880926660636942,CMCC-ESM2,rh,12
1054,18.404217912734683,19.3085544991585,0.9043365864238165,4.9137463526666165,2.3291547121627976,2.98875251257904,0.05339459835624226,CMCC-ESM2,shortwave,1
960,20.46423680803776,21.234162480716392,0.7699256726786323,3.762298491269549,2.6826060098442928,3.3942651710996277,0.021681390119534738,CMCC-ESM2,shortwave,2
1054,22.202694948485384,23.056349541502126,0.8536545930167456,3.844824220651556,3.0416491307923796,3.807364431032962,-0.00919679573348804,CMCC-ESM2,shortwave,3
1020,22.32553785929223,22.959109091836897,0.6335712325446702,2.837876679781617,3.14858246055535,3.9621697500375817,-0.04170665204709623,CMCC-ESM2,shortwave,4
1054,19.96992643498379,21.444424242695487,1.4744978077116924,7.383591584637148,3.6376107387773238,4.651329029990109,0.10464468876887915,CMCC-ESM2,shortwave,5
1020,18.006273503707448,20.880587518945028,2.874314015237581,15.962847696641767,4.00263851045093,5.280092212607565,-0.019293200201319943,CMCC-ESM2,shortwave,6
1054,19.435099001302003,21.946846960066836,2.511747958764832,12.923772390336495,3.6534271572987564,4.733311543658215,0.0033844494454075944,CMCC-ESM2,shortwave,7
1054,19.241940832421548,21.641663025757108,2.399722193335558,12.4713105306517,3.485274444861331,4.479193738975347,0.045951941651119536,CMCC-ESM2,shortwave,8
1020,17.0613806266916,19.899999223070136,2.8386185963785353,16.63768400980206,3.861932644471627,5.134951182823109,0.014596181097751598,CMCC-ESM2,shortwave,9
1054,16.324083081978984,19.338833225049584,3.0147501430705996,18.468113203851193,3.99011067188083,5.067532148910709,-0.02542151336204202,CMCC-ESM2,shortwave,10
1020,16.878443072645123,19.194988797387293,2.316545724742176,13.72487802797759,3.1660912447214162,4.124460109143211,-0.0019332654886943692,CMCC-ESM2,shortwave,11
1054,17.273098846655497,18.465313151052047,1.1922143043965514,6.902144861096501,2.381422495289678,3.071333972172704,0.0030227877934484427,CMCC-ESM2,shortwave,12
1054,29.56285755839687,27.11946245917497,-2.4433950992219016,-8.265084301797792,2.5807203268544554,2.9552563967867895,-0.017287721329016657,CMCC-ESM2,longwave,1
960,29.676811075626073,27.46589315439193,-2.2109179212341434,-7.449984823504157,2.366928651958596,2.8145896238041552,-0.08360767700439847,CMCC-ESM2,longwave,2
1054,30.114206411355994,28.13599169197663,-1.978214719379364,-6.56904150937009,2.233042065602807,2.6236080586985437,0.06945396073940166,CMCC-ESM2,longwave,3
1020,30.91169492617976,28.953333913110423,-1.9583610130693345,-6.335340128537428,2.1210349210203683,2.4193446995421355,-0.05264804380463701,CMCC-ESM2,longwave,4
1054,31.78111136081439,29.265340471053264,-2.5157708897611255,-7.915931136577657,2.5479328467939952,2.75854319903832,0.022209365003014816,CMCC-ESM2,longwave,5
1020,32.31927905268407,29.073924512316744,-3.2453545403673223,-10.041543733314809,3.2453545403673223,3.3602187991813257,-0.005701290965223255,CMCC-ESM2,longwave,6
1054,31.95423575452316,28.77928230596611,-3.1749534485570483,-9.935939238063705,3.1757763292345755,3.290073215723611,0.04488205162050262,CMCC-ESM2,longwave,7
1054,32.04969838689038,28.838237880569874,-3.2114605063205044,-10.02025188366241,3.2114605063205044,3.3203177852947974,-0.005551976119976811,CMCC-ESM2,longwave,8
1020,32.315648778700286,28.927978117640468,-3.387670661059816,-10.483065601618616,3.387670661059816,3.4909209302775124,-0.048364671365665926,CMCC-ESM2,longwave,9
1054,32.00403175713533,28.532412063728973,-3.4716196934063532,-10.847444846171147,3.4779488028664143,3.6505835380578646,0.15839871238946776,CMCC-ESM2,longwave,10
1020,30.951772399490835,27.641413644475687,-3.3103587550151468,-10.695215486495382,3.3384052346144317,3.6320053312031746,0.08181747684030687,CMCC-ESM2,longwave,11
1054,30.02933934645889,27.23502101313127,-2.7943183333276207,-9.30529406953847,2.8459967018296575,3.1970414652641503,0.0632796526569019,CMCC-ESM2,longwave,12
1054,1.0443244739342783,3.7925832260213213,2.748258752087043,263.1613852477805,2.792570158266956,3.3407103952067887,0.010077201838709648,CMCC-ESM2,wind,1
960,0.9335610295164656,3.5598560465167264,2.626295017000261,281.3201209095607,2.6581220244253227,3.209033476247528,0.00864138416451923,CMCC-ESM2,wind,2
1054,0.8231485131691066,3.127989284576844,2.304840771407737,280.00302916592074,2.3199811275389624,2.758962683704801,0.10805570915381119,CMCC-ESM2,wind,3
1020,0.6684938506913437,2.7332956769609327,2.064801826269589,308.8737202495146,2.0692657946981092,2.3360431745420285,0.06030107896610086,CMCC-ESM2,wind,4
1054,0.5677975445639214,2.177472356677462,1.6096748121135407,283.49450037685517,1.611502104741973,1.8145557533697265,-0.0013079033869031888,CMCC-ESM2,wind,5
1020,0.6524367201109273,2.1898641697721546,1.537427449661227,235.6439179879136,1.5478820440189391,1.7864105073405518,0.04683921933277853,CMCC-ESM2,wind,6
1054,0.9963955983089723,2.3483736948104514,1.351978096501479,135.68687966867594,1.3738155596502806,1.6511217077468603,0.06669648148965192,CMCC-ESM2,wind,7
1054,0.858463036495093,2.165854316559736,1.307391280064643,152.29441740467018,1.331927946084572,1.584723038546423,0.05551587518915098,CMCC-ESM2,wind,8
1020,0.640677631224259,2.0574236897027824,1.4167460584785236,221.13243688113317,1.427390055888902,1.6861463685707105,-0.051140683687418434,CMCC-ESM2,wind,9
1054,0.8093463180435,2.562589278175741,1.7532429601322412,216.62456738797562,1.7736763476983142,2.174179092368217,0.08311532667200436,CMCC-ESM2,wind,10
1020,1.0761163727796093,3.2823829860718168,2.2062666132922075,205.02119186175184,2.2615435411201816,2.7455297251349773,-0.01496149996412952,CMCC-ESM2,wind,11
1054,1.0701987130665158,3.7478112344255865,2.677612521359071,250.19769587338777,2.710921042334205,3.2605109449327685,-0.008639104326674531,CMCC-ESM2,wind,12
1054,0.3686543253899506,0.9803554590326448,0.6117011336426942,165.92810432799251,1.0775023649031856,3.197517662375712,0.053244502671695226,CNRM-CM6-1,precip_consensus,1
960,0.6296391970554329,0.8159203500848833,0.18628115302945011,29.585380627605698,1.102939929134979,2.6023578223035035,0.030701089447247792,CNRM-CM6-1,precip_consensus,2
1054,1.5286393068467115,1.2619300964332967,-0.26670921041341505,-17.447491322435297,2.2353548213337624,4.815967150557861,0.004805784726174291,CNRM-CM6-1,precip_consensus,3
1020,3.3015951336251543,2.750664354292448,-0.5509307793327066,-16.686806135668856,3.7771556650165894,5.858503814765463,0.05728713562607535,CNRM-CM6-1,precip_consensus,4
1054,8.25663468976617,8.253330428828432,-0.0033042609377375433,-0.040019463884396714,7.488877680081442,9.943561529656877,0.12424260290488252,CNRM-CM6-1,precip_consensus,5
1020,10.943573573043981,13.589582596221382,2.6460090231774025,24.17865613564298,9.14307932504485,11.530892822418869,0.012462220421861,CNRM-CM6-1,precip_consensus,6
1054,7.218289280959809,11.344060808850454,4.125771527890647,57.157192892968226,8.724380713319139,11.28043353677186,-0.06970631410636342,CNRM-CM6-1,precip_consensus,7
1054,8.047922313901696,11.785009977237772,3.7370876633360774,46.43543411050035,8.189751123138231,10.833743855278877,0.05710713445001199,CNRM-CM6-1,precip_consensus,8
1020,11.492642896448613,14.041744111149569,2.5491012147009546,22.180287316581136,9.42496552823892,12.847733718136507,-0.04953179478530585,CNRM-CM6-1,precip_consensus,9
1054,7.302695459658507,11.763052447265755,4.460356987607246,61.078228063146206,9.529323604182808,13.41232867205162,0.074865406300646,CNRM-CM6-1,precip_consensus,10
1020,2.423605491486269,3.941696307126634,1.5180908156403652,62.63770324721457,4.328055046051702,8.025898136246678,0.08670897795442443,CNRM-CM6-1,precip_consensus,11
1054,0.7674585471686034,1.2799847834054159,0.5125262362368125,66.7822696258558,1.6189256215924714,3.770686533847023,-0.0063223222043613725,CNRM-CM6-1,precip_consensus,12
1054,15.332099226326973,15.927371749397759,0.5952725230707857,3.8825245929052854,1.5077672003384546,1.923604478735297,0.11616800316098921,CNRM-CM6-1,tas,1
960,16.029824437417012,16.30701362248546,0.2771891850684515,1.729209113615949,1.1984470225417718,1.5250805278036927,0.14455642727596407,CNRM-CM6-1,tas,2
1054,16.62624387650164,17.32931058337043,0.7030667068687901,4.228656286357348,1.3249325803019756,1.6827044826401607,0.18332551164472394,CNRM-CM6-1,tas,3
1020,17.132186214938045,18.15442660004845,1.0222403851104032,5.966783061341479,1.4257728986795293,1.7915203623359837,0.07453445027982263,CNRM-CM6-1,tas,4
1054,17.043248637548622,18.680624215164656,1.637375577616038,9.607180018536338,1.840050271593301,2.2711113901221585,0.06616787424126772,CNRM-CM6-1,tas,5
1020,16.62766233701668,18.33159677000098,1.703934432984302,10.247588617378794,1.7526604619391133,2.037468834399457,0.05325790393142341,CNRM-CM6-1,tas,6
1054,16.56660255028934,17.95281502933168,1.3862124790423396,8.367512136748456,1.4177787291534607,1.6521458990204394,0.04465350314397931,CNRM-CM6-1,tas,7
1054,16.605652794195006,17.88770320297156,1.282050408776556,7.720566150972003,1.320772284691503,1.5198629493869302,0.1349800304152954,CNRM-CM6-1,tas,8
1020,16.254945785407532,17.667925378449382,1.4129795930418494,8.692613384846329,1.4288917457045005,1.615468965096891,0.13961876837721615,CNRM-CM6-1,tas,9
1054,16.055269399064187,17.44265170878213,1.3873823097179425,8.641289505854127,1.4775076324639986,1.7374689201279123,0.054825922035330765,CNRM-CM6-1,tas,10
1020,15.622706843760522,17.172618852642152,1.549912008881629,9.920892866914679,1.9023805666980258,2.3215981580246767,-0.0078075387654166295,CNRM-CM6-1,tas,11
1054,15.362106867669596,16.49823633495122,1.1361294672816222,7.395661786943233,1.8282703540102034,2.2289926071090314,0.036674098753620994,CNRM-CM6-1,tas,12
1054,11.866369181069388,9.651398718406924,-2.214970462662464,-18.66594936382093,2.704224429726347,3.3815186386703533,0.048947368901155745,CNRM-CM6-1,tasmin,1
960,12.24321210221052,9.751981877672673,-2.4912302245378473,-20.347848291283412,2.7531706406207963,3.322616644521871,0.042587555995613424,CNRM-CM6-1,tasmin,2
1054,12.879569901170148,10.809533154253103,-2.0700367469170446,-16.07225057048664,2.4138919244623276,2.936221784448388,0.05713738256696586,CNRM-CM6-1,tasmin,3
1020,13.75964925672512,12.052926238618042,-1.7067230181070794,-12.403826480336388,2.023821123085461,2.4654956233787524,0.08297094817486135,CNRM-CM6-1,tasmin,4
1054,14.386521793153456,13.266613149439754,-1.1199086437137016,-7.784429480700929,1.6290725455723218,2.10913671567772,0.05067031708608005,CNRM-CM6-1,tasmin,5
1020,14.484391844133354,13.604457621184599,-0.8799342229487589,-6.075051216631927,1.247644704926547,1.653987311015323,-0.05716124618385515,CNRM-CM6-1,tasmin,6
1054,14.118229145314213,13.124208050256957,-0.9940210950572541,-7.040692460974583,1.2232335174180333,1.547022974478233,0.02922538889229839,CNRM-CM6-1,tasmin,7
1054,14.200022594868791,12.785771965436428,-1.4142506294323647,-9.959495627446447,1.494824828511647,1.7892746167419558,0.09610413800072892,CNRM-CM6-1,tasmin,8
1020,14.214839590717506,12.860403256654942,-1.3544363340625651,-9.528326545077803,1.450690597167325,1.734995114121689,0.050966861220842846,CNRM-CM6-1,tasmin,9
1054,13.875989385329087,12.675340461570784,-1.2006489237583036,-8.652708577506804,1.509380477199996,1.9586206908276507,0.08820403787112031,CNRM-CM6-1,tasmin,10
1020,12.972037244638594,11.888134813364939,-1.0839024312736547,-8.355683928687737,1.971932123429765,2.6770458682335487,0.06538087633130174,CNRM-CM6-1,tasmin,11
1054,12.298558151070695,10.559750867891454,-1.7388072831792414,-14.13830191978938,2.5205262940954385,3.2226345249841772,-0.023861824221409922,CNRM-CM6-1,tasmin,12
1054,20.189968832132156,22.20334510695241,2.013376274820248,9.972161381527135,2.3399601095718556,2.8120594641449745,0.15868507570866036,CNRM-CM6-1,tasmax,1
960,21.262673748130634,22.862044805516334,1.5993710573856972,7.521965846493367,2.0020003678611453,2.4755394978099834,0.2125555610857412,CNRM-CM6-1,tasmax,2
1054,21.759423145302176,23.849087092128403,2.089663946826229,9.60348963698233,2.5884778548376723,3.153540643895933,0.07562791530652636,CNRM-CM6-1,tasmax,3
1020,21.73241687884188,24.25592743331926,2.5235105544773773,11.611734527944758,2.9277506071646373,3.5138994171533926,0.09339616107312886,CNRM-CM6-1,tasmax,4
1054,20.911058339737632,24.09463591851173,3.1835775787740963,15.224373281596614,3.393544984216256,4.146683979650769,0.11090318325177126,CNRM-CM6-1,tasmax,5
1020,20.019818351758104,23.058736163239196,3.0389178114810926,15.17954737693322,3.099014784326504,3.666055821761931,0.038465156983025654,CNRM-CM6-1,tasmax,6
1054,20.083047578325736,22.7814215655517,2.698373987225965,13.436078248094857,2.7366299298017838,3.175629317366481,-0.01119075144416463,CNRM-CM6-1,tasmax,7
1054,20.16143148016815,22.989633736432587,2.8282022562644356,14.027784976708647,2.8523704355780843,3.2087979679605994,0.13533782720674806,CNRM-CM6-1,tasmax,8
1020,19.65600290681619,22.47544754324245,2.8194446364262564,14.343936810512712,2.8508252262611222,3.2409651696306225,0.08740549875398557,CNRM-CM6-1,tasmax,9
1054,19.456716365238172,22.20996322021905,2.7532468549808735,14.15062440803161,2.803987695099659,3.1913095272984173,0.017317253018192705,CNRM-CM6-1,tasmax,10
1020,19.436578471298105,22.457102677743713,3.020524206445607,15.540411142352031,3.083191095080021,3.5826727073802833,0.019429744626743194,CNRM-CM6-1,tasmax,11
1054,19.71930387939916,22.436722296603268,2.7174184172041116,13.780498712446995,2.871973593339154,3.366733785785223,0.07384020063871902,CNRM-CM6-1,tasmax,12
1054,68.90529208054431,73.91412458754927,5.008832507004946,7.2691550326062835,7.074545955025681,8.807000403594458,0.07008201348374775,CNRM-CM6-1,rh,1
960,66.13892313126364,70.78978459507174,4.650861463808088,7.031958253353602,8.072388672572224,10.139352527008775,0.016830244973025585,CNRM-CM6-1,rh,2
1054,68.50894283634756,68.33162308259402,-0.1773197537535365,-0.25882716388882765,10.24628955807199,12.911752904740682,-0.08156541466701062,CNRM-CM6-1,rh,3
1020,74.35235193435855,73.35256990422317,-0.9997820301353941,-1.3446542094835745,10.107538312644815,12.450519186293464,0.18127422524094552,CNRM-CM6-1,rh,4
1054,82.20170000946295,82.85547880621536,0.6537787967524176,0.7953348856254255,8.768248260880394,11.233744542507013,0.17886815503031273,CNRM-CM6-1,rh,5
1020,87.42678449571326,88.63401444714181,1.2072299514285634,1.3808467947117014,5.4795413846939125,7.1414919107695525,0.0592240939949843,CNRM-CM6-1,rh,6
1054,82.67233529844425,87.2360040476768,4.563668749232557,5.520188504120359,7.264966051530709,8.75074800934756,-0.040202223151418304,CNRM-CM6-1,rh,7
1054,83.63236799241542,87.8655812800276,4.23321328761219,5.061692487286858,6.659049812336845,8.052910127160679,0.1769997166726504,CNRM-CM6-1,rh,8
1020,88.23264707608286,89.8360106603593,1.6033635842764604,1.817199911155202,4.91966753172216,6.177069174312115,0.05791083513975501,CNRM-CM6-1,rh,9
1054,85.52617495386494,88.88827328666075,3.362098332795811,3.931075293159568,6.217186036440016,7.6324176716754355,0.10199654222914467,CNRM-CM6-1,rh,10
1020,79.54019963880404,84.34202083492413,4.801821196120074,6.036974030647874,7.089372464017789,8.641627292404182,0.10040653838711824,CNRM-CM6-1,rh,11
1054,74.1133167204031,77.861332889248,3.748016168844902,5.057142676510505,6.920244263456586,8.53475512586947,0.007985602543366527,CNRM-CM6-1,rh,12
1054,18.404217912734683,19.33615488031315,0.9319369675784659,5.063714046406819,2.3413019397758053,2.969991868112629,0.12054813231306154,CNRM-CM6-1,shortwave,1
960,20.46423680803776,21.34375866413179,0.8795218560940294,4.297848311394533,2.5242643635318376,3.2443276794570393,0.1744422240831028,CNRM-CM6-1,shortwave,2
1054,22.202694948485384,22.90580148560562,0.7031065371202303,3.1667621374413133,3.103931124280984,3.8934695736990133,-0.007552219194992918,CNRM-CM6-1,shortwave,3
1020,22.32553785929223,22.680896420046185,0.3553585607539539,1.591713323968355,2.9562347166094964,3.686467756909461,0.07115572871658186,CNRM-CM6-1,shortwave,4
1054,19.96992643498379,21.523712392786067,1.553785957802274,7.780629352145809,3.414303776800344,4.4343901231242295,0.20605450790833882,CNRM-CM6-1,shortwave,5
1020,18.006273503707448,20.848753387280485,2.8424798835730365,15.78605302750609,3.893434028920908,5.142464301920832,0.05083055070689745,CNRM-CM6-1,shortwave,6
1054,19.435099001302003,21.829842854692654,2.3947438533906493,12.321747644456144,3.6581868228496064,4.758475356215795,-0.060468426743551226,CNRM-CM6-1,shortwave,7
1054,19.241940832421548,21.551452474861573,2.3095116424400257,12.002488015910709,3.2657336118551443,4.233854241086463,0.1545840644529294,CNRM-CM6-1,shortwave,8
1020,17.0613806266916,19.832900430184257,2.7715198034926565,16.24440521042456,3.7228444757953687,4.986166596693814,0.07841103714471842,CNRM-CM6-1,shortwave,9
1054,16.324083081978984,19.307969450600893,2.983886368621907,18.279044241792526,3.929626269122979,5.007772635577508,0.014725970187217838,CNRM-CM6-1,shortwave,10
1020,16.878443072645123,19.038424112114463,2.1599810394693417,12.797276562611518,3.0998886872248397,4.024517458027379,0.05939169683868324,CNRM-CM6-1,shortwave,11
1054,17.273098846655497,18.584761780952814,1.3116629342973172,7.593674684211559,2.4937722774473614,3.2230648856326076,-0.054597702755435275,CNRM-CM6-1,shortwave,12
1054,29.56285755839687,27.074543204568567,-2.488314353828304,-8.417029202650733,2.6025711656603256,2.9700710210670707,0.044033323048972256,CNRM-CM6-1,longwave,1
960,29.676811075626073,27.44712215912866,-2.2296889164974147,-7.513236212662638,2.3495287690079985,2.738395349158848,0.052988862153678436,CNRM-CM6-1,longwave,2
1054,30.114206411355994,28.147040839793934,-1.967165571562062,-6.53235069419013,2.2234967268308297,2.619920846409487,0.015688841689607862,CNRM-CM6-1,longwave,3
1020,30.91169492617976,28.91518064579786,-1.9965142803818945,-6.4587667714428845,2.110598984284113,2.3954888833372316,0.08791638963905622,CNRM-CM6-1,longwave,4
1054,31.78111136081439,29.246055076376745,-2.5350562844376427,-7.976613075788555,2.5639282143944992,2.7648392244058435,0.06465987773426164,CNRM-CM6-1,longwave,5
1020,32.31927905268407,29.112248918271042,-3.207030134413022,-9.922963099471376,3.207030134413022,3.324039161993847,-0.03856028713544833,CNRM-CM6-1,longwave,6
1054,31.95423575452316,28.756773299794876,-3.1974624547282846,-10.006380622874635,3.198651378774535,3.3189594138289364,-0.0186592401722042,CNRM-CM6-1,longwave,7
1054,32.04969838689038,28.819612720776885,-3.230085666113494,-10.07836525361727,3.230085666113494,3.3206310766611864,0.16726171242712037,CNRM-CM6-1,longwave,8
1020,32.315648778700286,28.963367352663372,-3.3522814260369143,-10.373554462711118,3.3522814260369143,3.4508331481565926,-0.026496872951532694,CNRM-CM6-1,longwave,9
1054,32.00403175713533,28.494121872598615,-3.50990988453671,-10.967086619498096,3.5174402726805853,3.686741873737104,0.17167172153685062,CNRM-CM6-1,longwave,10
1020,30.951772399490835,27.680703388535328,-3.2710690109555096,-10.568276894570728,3.301795964782769,3.58419191128117,0.10491198834901537,CNRM-CM6-1,longwave,11
1054,30.02933934645889,27.19390820917934,-2.835431137279547,-9.442202855568004,2.913825363572748,3.2689528360251274,-0.04771047416407836,CNRM-CM6-1,longwave,12
1054,1.0443244739342783,3.726012006323061,2.681687532388782,256.78681284620995,2.7144353960367837,3.276829063407505,-0.031011203055722934,CNRM-CM6-1,wind,1
960,0.9335610295164656,3.5123400146016115,2.578778985085146,276.23035918935204,2.604634488979268,3.1107840555958846,-0.03848724648385196,CNRM-CM6-1,wind,2
1054,0.8231485131691066,3.144798005514181,2.3216494923450743,282.0450326037481,2.336918288945911,2.79570063315345,-0.03001213098863102,CNRM-CM6-1,wind,3
1020,0.6684938506913437,2.5753070735489456,1.9068132228576016,285.24020391296216,1.9109571748117198,2.222308826845503,-0.010041941983299819,CNRM-CM6-1,wind,4
1054,0.5677975445639214,2.1101203474133237,1.5423228028494027,271.63252423606974,1.5471574326885373,1.7406862748123269,-0.01914957500086601,CNRM-CM6-1,wind,5
1020,0.6524367201109273,2.1555460806008795,1.503109360489952,230.38393060316915,1.509495475308493,1.7296046187345049,0.056947731208168775,CNRM-CM6-1,wind,6
1054,0.9963955983089723,2.2889870517103024,1.2925914534013299,129.726732594468,1.3191787973231563,1.57483646454196,-0.020918788565694613,CNRM-CM6-1,wind,7
1054,0.858463036495093,2.0369234015970394,1.1784603651019465,137.27560943256555,1.1931581274606933,1.4396804149811009,0.0674473556081894,CNRM-CM6-1,wind,8
1020,0.640677631224259,2.050070761576683,1.409393130352424,219.9847570234723,1.4188634576639074,1.6606998154075303,-0.019714595212218026,CNRM-CM6-1,wind,9
1054,0.8093463180435,2.4228765120394766,1.6135301939959767,199.3621467132262,1.6444968012784866,1.9842796530053866,-0.019045732832331904,CNRM-CM6-1,wind,10
1020,1.0761163727796093,3.3599883258438537,2.2838719530642444,212.2328040753624,2.337021052052247,2.81489283331751,-0.015561130566382248,CNRM-CM6-1,wind,11
1054,1.0701987130665158,3.7448150704213834,2.674616357354868,249.91773253876383,2.7088548712765057,3.2370614351963005,-0.02024819187729346,CNRM-CM6-1,wind,12
1054,0.3686543253899506,0.9271364248853587,0.5584820994954081,151.49207835949403,1.0412660618359464,2.763613626244316,-0.009903007310777241,CNRM-ESM2-1,precip_consensus,1
960,0.6296391970554329,1.0204173216706254,0.3907781246151924,62.06381788851506,1.2225445463680533,2.8812388225971923,0.09412226705218175,CNRM-ESM2-1,precip_consensus,2
1054,1.5286393068467115,1.0963536274456949,-0.4322856794010168,-28.27911577733396,2.034879137854296,4.2033538175808856,-0.010480415997046291,CNRM-ESM2-1,precip_consensus,3
1020,3.3015951336251543,2.3671387595868896,-0.9344563740382651,-28.303178803520684,3.5843032119620015,5.525358376498742,0.11114481241977021,CNRM-ESM2-1,precip_consensus,4
1054,8.25663468976617,8.265126113882495,0.008491424116326573,0.10284364556968248,7.675882817873266,10.241978331117238,0.08520915755815335,CNRM-ESM2-1,precip_consensus,5
1020,10.943573573043981,13.236239791967012,2.292666218923033,20.94988628367509,9.077032225106064,11.233438914900699,0.04164092858520994,CNRM-ESM2-1,precip_consensus,6
1054,7.218289280959809,10.946105998955922,3.7278167179961126,51.64404712664035,7.867310982441594,10.452910685330384,0.06480915883768891,CNRM-ESM2-1,precip_consensus,7
1054,8.047922313901696,11.560328224138752,3.512405910237057,43.64363587568249,8.25813698039244,10.595879459564184,0.02781626985823782,CNRM-ESM2-1,precip_consensus,8
1020,11.492642896448613,13.8491278871113,2.3564849906626866,20.50429141403909,9.45796698852876,12.566985111734379,-0.03856652948969024,CNRM-ESM2-1,precip_consensus,9
1054,7.302695459658507,11.171068271174592,3.8683728115160845,52.97184899583612,9.223617372704181,12.900925414948258,0.09129876313249247,CNRM-ESM2-1,precip_consensus,10
1020,2.423605491486269,3.5514791347699286,1.1278736432836596,46.53701467692229,4.223264694899655,8.51483617228495,0.005426294277465952,CNRM-ESM2-1,precip_consensus,11
1054,0.7674585471686034,1.4148271526236311,0.6473686054550277,84.35225691907071,1.676463836490563,4.120182593718738,0.04291150227068347,CNRM-ESM2-1,precip_consensus,12
1054,15.332099226326973,15.933659913916893,0.6015606875899181,3.92353766245505,1.6277876862766731,2.036346079874128,-0.029908254674711903,CNRM-ESM2-1,tas,1
960,16.029824437417012,16.281730607559144,0.2519061701421319,1.5714842737399508,1.2723802348510347,1.615186540045511,0.02500051446584283,CNRM-ESM2-1,tas,2
1054,16.62624387650164,17.409409493587496,0.7831656170858571,4.7104181972978765,1.514331368983305,1.876797254163619,0.04978308282775565,CNRM-ESM2-1,tas,3
1020,17.132186214938045,18.425892589131365,1.293706374193318,7.551320992911565,1.6535647992117533,2.0150983228812307,0.04466854281393253,CNRM-ESM2-1,tas,4
1054,17.043248637548622,18.620119410728734,1.5768707731801184,9.252172556504604,1.793412334151816,2.1823589409625868,-0.040301322671720104,CNRM-ESM2-1,tas,5
1020,16.62766233701668,18.306648486881407,1.6789861498647285,10.097547784134102,1.7118524002193427,1.995033263363545,-0.036151544532321465,CNRM-ESM2-1,tas,6
1054,16.56660255028934,17.976982650070983,1.4103800997816387,8.513393711838678,1.4473940203101483,1.6560261005376857,-0.005295871173287751,CNRM-ESM2-1,tas,7
1054,16.605652794195006,17.883879541972302,1.2782267477772957,7.697539889694294,1.310928867351601,1.5255249656302836,0.05874267918530759,CNRM-ESM2-1,tas,8
1020,16.254945785407532,17.632974420063363,1.3780286346558324,8.477596005844097,1.4064691840228145,1.5917510100459882,0.06032339074847999,CNRM-ESM2-1,tas,9
1054,16.055269399064187,17.380710003478153,1.3254406044139668,8.255486541329681,1.375627511378632,1.6112347306634327,0.032204388595716386,CNRM-ESM2-1,tas,10
1020,15.622706843760522,17.059804577175036,1.4370977334145156,9.198775524540238,1.8617465276926692,2.2490405496253465,0.012092221753062932,CNRM-ESM2-1,tas,11
1054,15.362106867669596,16.421411333117653,1.059304465448055,6.895567610439034,1.8372443313227955,2.2511198205346,0.018705225184895497,CNRM-ESM2-1,tas,12
1054,11.866369181069388,9.689512368738583,-2.1768568123308025,-18.34475886527766,2.7057891296166168,3.3783804816009337,-0.004609544138216942,CNRM-ESM2-1,tasmin,1
960,12.24321210221052,9.846506397928286,-2.3967057042822355,-19.575791747081706,2.6611365635147215,3.2243479585747092,0.06558625624660853,CNRM-ESM2-1,tasmin,2
1054,12.879569901170148,10.831601548127418,-2.0479683530427293,-15.90090638707326,2.416898391901959,2.9957197804001345,0.08118592179791069,CNRM-ESM2-1,tasmin,3
1020,13.75964925672512,12.125846767149666,-1.6338024895754557,-11.87386727010446,2.0280340574022993,2.5309859504885246,0.02769488691220521,CNRM-ESM2-1,tasmin,4
1054,14.386521793153456,13.151283240917822,-1.2352385522356337,-8.586081959181291,1.6414864227610466,2.183659108760759,-0.002931638859201364,CNRM-ESM2-1,tasmin,5
1020,14.484391844133354,13.581344159791618,-0.9030476843417368,-6.234626169047617,1.2098971682606572,1.6282397412217928,-0.0120474737867266,CNRM-ESM2-1,tasmin,6
1054,14.118229145314213,13.098452765972223,-1.019776379341989,-7.223118203039287,1.2238457342288749,1.5594373792466019,0.03652842434151243,CNRM-ESM2-1,tasmin,7
1054,14.200022594868791,12.810513528721094,-1.3895090661477,-9.785259543529193,1.4755840021340891,1.773094533927473,0.02514985884583531,CNRM-ESM2-1,tasmin,8
1020,14.214839590717506,12.799493523302127,-1.415346067415382,-9.95682053520761,1.478848346839728,1.7475572043257064,0.05267111875468581,CNRM-ESM2-1,tasmin,9
1054,13.875989385329087,12.596113844749805,-1.2798755405792823,-9.22367050765028,1.544788852729576,1.9092707769967805,0.04084425559974328,CNRM-ESM2-1,tasmin,10
1020,12.972037244638594,11.65176642792002,-1.3202708167185735,-10.177821662239275,2.112927509007568,2.871884378894473,0.016012580348643213,CNRM-ESM2-1,tasmin,11
1054,12.298558151070695,10.543782807860032,-1.7547753432106623,-14.268138765989361,2.531233367538111,3.2723047413915283,0.01386263385344344,CNRM-ESM2-1,tasmin,12
1054,20.189968832132156,22.177807034593883,1.9878382024617267,9.845672467300197,2.3956510359498675,2.9169192452056327,-0.01982068294813845,CNRM-ESM2-1,tasmax,1
960,21.262673748130634,22.716955010356823,1.4542812622261858,6.839597312421928,2.0417531302227947,2.5396013419160037,0.041979461540952404,CNRM-ESM2-1,tasmax,2
1054,21.759423145302176,23.987217733967604,2.2277945886654296,10.238298018237707,2.6841541404010107,3.3026035613073237,0.008027518463468247,CNRM-ESM2-1,tasmax,3
1020,21.73241687884188,24.725938670576237,2.993521791734351,13.774454118118664,3.2569085466053824,3.858286628893677,0.0921872738558272,CNRM-ESM2-1,tasmax,4
1054,20.911058339737632,24.088955605538235,3.1778972658006044,15.197209123373701,3.400533796883158,4.119494411247953,0.038079083762797936,CNRM-ESM2-1,tasmax,5
1020,20.019818351758104,23.031953376223157,3.0121350244650524,15.045766008164264,3.067105226394537,3.622330853501729,-0.04310923363563623,CNRM-ESM2-1,tasmax,6
1054,20.083047578325736,22.855512788427514,2.7724652101017773,13.805002449398716,2.7961841429286216,3.1844124750829255,0.07283490174274825,CNRM-ESM2-1,tasmax,7
1054,20.16143148016815,22.957245870553784,2.7958143903856314,13.867142286676133,2.8167071918255604,3.216876451805943,0.04772928959455351,CNRM-ESM2-1,tasmax,8
1020,19.65600290681619,22.466455199109745,2.8104522922935518,14.298188220754485,2.8551572541902126,3.255494341163614,0.03504343518248376,CNRM-ESM2-1,tasmax,9
1054,19.456716365238172,22.165306237202266,2.7085898719640955,13.92110478006107,2.747394917355681,3.1237985827206254,0.057184408046157466,CNRM-ESM2-1,tasmax,10
1020,19.436578471298105,22.467843033633148,3.0312645623350436,15.59566961238212,3.114016980691111,3.5951566493821203,-0.020738549132158744,CNRM-ESM2-1,tasmax,11
1054,19.71930387939916,22.299039963432623,2.5797360840334624,13.082287791753764,2.778946053315018,3.2702352941024317,0.05023000859080066,CNRM-ESM2-1,tasmax,12
1054,68.90529208054431,74.05506099497973,5.149768914435399,7.473691437830008,7.112888654112815,8.828567826072353,0.08618511739016234,CNRM-ESM2-1,rh,1
960,66.13892313126364,71.60198073398003,5.46305760271639,8.259973619277181,8.437091537240692,10.494037892063362,0.041744747641139085,CNRM-ESM2-1,rh,2
1054,68.50894283634756,68.5372054105703,0.028262574222722412,0.041253846655078794,9.578547355912168,12.143517200263425,0.013455625813373525,CNRM-ESM2-1,rh,3
1020,74.35235193435855,71.83495757095712,-2.517394363401447,-3.385762921963667,10.742684001767113,13.073783586411983,0.13942673548415094,CNRM-ESM2-1,rh,4
1054,82.20170000946295,82.53261172707302,0.33091171761005583,0.402560674015211,9.19249820175634,11.749943777547664,0.12963163593807775,CNRM-ESM2-1,rh,5
1020,87.42678449571326,88.62847811207311,1.2016936163598582,1.3745142558900585,5.62856787369705,7.312550811422072,0.017019392985620333,CNRM-ESM2-1,rh,6
1054,82.67233529844425,87.00200095892488,4.329665660480633,5.237139660868041,6.837773399743968,8.315541349794811,0.07501155663466702,CNRM-ESM2-1,rh,7
1054,83.63236799241542,87.91742177681567,4.2850537844002625,5.12367865129548,6.811522188425247,8.308148433427416,0.09864280628205083,CNRM-ESM2-1,rh,8
1020,88.23264707608286,89.81334566353195,1.5806985874490729,1.791512144122843,4.9576890171467065,6.2906473413557205,-0.007122442998001802,CNRM-ESM2-1,rh,9
1054,85.52617495386494,88.80379100251373,3.277616048648782,3.8322958444205115,6.21154044392894,7.663001904569759,0.0823767369654887,CNRM-ESM2-1,rh,10
1020,79.54019963880404,84.09236275041319,4.552163111609148,5.7230974177595035,7.225674584559081,8.809908936802698,0.002475477379113871,CNRM-ESM2-1,rh,11
1054,74.1133167204031,78.00064417014067,3.887327449737573,5.245113323429778,6.65384787422019,8.246588147999287,0.10413431522564966,CNRM-ESM2-1,rh,12
1054,18.404217912734683,19.31954968485377,0.9153317721190881,4.973489101570189,2.33950112756166,2.9860696187151423,0.09870388997974185,CNRM-ESM2-1,shortwave,1
960,20.46423680803776,21.097451724389497,0.6332149163517382,3.09425131409264,2.539757888759525,3.252842748552863,0.14287643228093344,CNRM-ESM2-1,shortwave,2
1054,22.202694948485384,23.012029403653774,0.8093344551683884,3.645208192276674,2.9845090718278016,3.805207908267504,0.017476996238729545,CNRM-ESM2-1,shortwave,3
1020,22.32553785929223,22.964354512921798,0.638816653629568,2.86137184087452,3.0369960875062088,3.822904723671318,-0.004085322635965381,CNRM-ESM2-1,shortwave,4
1054,19.96992643498379,21.60916866603817,1.6392422310543762,8.208554179662439,3.7330968841448118,4.825061703993261,0.021209978880641477,CNRM-ESM2-1,shortwave,5
1020,18.006273503707448,20.902095151082317,2.8958216473748686,16.082292911848896,3.966412112737361,5.2787493933402425,-0.014249342334021994,CNRM-ESM2-1,shortwave,6
1054,19.435099001302003,21.99593415010158,2.560835148799575,13.17634218702986,3.5764000249692245,4.649755071831712,0.0566230017071085,CNRM-ESM2-1,shortwave,7
1054,19.241940832421548,21.490140216029708,2.2481993836081604,11.683849374591547,3.3469002623050854,4.286645730473862,0.09676624939861342,CNRM-ESM2-1,shortwave,8
1020,17.0613806266916,19.884316284189104,2.8229356574975046,16.545763319301226,3.886696755238803,5.049765632688188,0.04472137782755374,CNRM-ESM2-1,shortwave,9
1054,16.324083081978984,19.386312546151817,3.0622294641728374,18.758967647949515,3.920647145154899,5.049663746629875,0.01632562788953648,CNRM-ESM2-1,shortwave,10
1020,16.878443072645123,19.170019815225334,2.2915767425802156,13.576943872827773,3.286610641123296,4.309331938484435,-0.12439871600668674,CNRM-ESM2-1,shortwave,11
1054,17.273098846655497,18.598540699501356,1.3254418528458622,7.673445654498185,2.4938987778244694,3.196005764643906,-0.01674537441551735,CNRM-ESM2-1,shortwave,12
1054,29.56285755839687,27.07450432768288,-2.48835323071399,-8.417160708495894,2.598817220052863,2.9724046599903815,0.022534930592937513,CNRM-ESM2-1,longwave,1
960,29.676811075626073,27.542963285012167,-2.1338477906139057,-7.190286669198298,2.279831339316215,2.6218239020432073,0.10429868020162242,CNRM-ESM2-1,longwave,2
1054,30.114206411355994,28.137565860984125,-1.976640550371868,-6.56381417916589,2.2252032541094184,2.611267025061788,0.05857234138241425,CNRM-ESM2-1,longwave,3
1020,30.91169492617976,28.874093813401227,-2.037601112778531,-6.591683560686425,2.1580788463126592,2.4511276696540545,0.039237426325789984,CNRM-ESM2-1,longwave,4
1054,31.78111136081439,29.210055491524408,-2.571055869289979,-8.08988659993826,2.59526577541655,2.8165510079181733,-0.02195172631486957,CNRM-ESM2-1,longwave,5
1020,32.31927905268407,29.11191363043937,-3.207365422244696,-9.924000523081993,3.207365422244696,3.322264005483586,-0.008670042527761794,CNRM-ESM2-1,longwave,6
1054,31.95423575452316,28.72887206804934,-3.225363686473823,-10.093696845862661,3.225815121343765,3.3306077289433005,0.1266862348226814,CNRM-ESM2-1,longwave,7
1054,32.04969838689038,28.821988646946792,-3.2277097399435877,-10.070951997675746,3.2277097399435877,3.3275001656747083,0.06249626451642323,CNRM-ESM2-1,longwave,8
1020,32.315648778700286,28.94505714198202,-3.3705916367182662,-10.430214970463078,3.3705916367182662,3.465677476395775,-0.011797694548343198,CNRM-ESM2-1,longwave,9
1054,32.00403175713533,28.481727063839248,-3.5223046932960806,-11.005815517323937,3.5341476763318,3.7018097764931714,0.13087265332504114,CNRM-ESM2-1,longwave,10
1020,30.951772399490835,27.61397062839019,-3.337801771100647,-10.783879281677436,3.36432386887719,3.6757325209215352,0.02756084413324027,CNRM-ESM2-1,longwave,11
1054,30.02933934645889,27.217535411694293,-2.8118039347645984,-9.363522461562816,2.8821417199772736,3.2280359703016517,0.022640432260548408,CNRM-ESM2-1,longwave,12
1054,1.0443244739342783,3.8870159175942907,2.8426914436600126,272.2038518307204,2.867321048781581,3.4267087831846506,0.04511241499690263,CNRM-ESM2-1,wind,1
960,0.9335610295164656,3.4741331275006275,2.5405720979841613,272.13776257349144,2.5640979524433973,3.0917450263931703,0.03779781789681547,CNRM-ESM2-1,wind,2
1054,0.8231485131691066,3.1492769986159606,2.326128485446854,282.5891620081171,2.344817343411868,2.770047410141098,0.027826342396734205,CNRM-ESM2-1,wind,3
1020,0.6684938506913437,2.6811617705110034,2.0126679198196595,301.0750088034761,2.016636802891162,2.311728819408177,-0.003986171054550036,CNRM-ESM2-1,wind,4
1054,0.5677975445639214,2.194823137197729,1.6270255926338075,286.550304454626,1.630881439875875,1.8359093471929568,0.017376393771556073,CNRM-ESM2-1,wind,5
1020,0.6524367201109273,2.1383221517252435,1.485885431614316,227.74399199384206,1.4881188400644232,1.729512912900045,-0.0005813766292650885,CNRM-ESM2-1,wind,6
1054,0.9963955983089723,2.3563309830395216,1.3599353847305493,136.48548699317388,1.3806340258597227,1.633229706992148,0.009202629101967048,CNRM-ESM2-1,wind,7
1054,0.858463036495093,2.051381189586984,1.192918153091891,138.95975742441996,1.2245813181435452,1.4612765859458443,0.02183396520022802,CNRM-ESM2-1,wind,8
1020,0.640677631224259,2.0173376156265657,1.3766599844023066,214.87561252476888,1.3834758029653607,1.612143006569886,0.041516386210997264,CNRM-ESM2-1,wind,9
1054,0.8093463180435,2.535203161361292,1.725856843317792,213.24083458980195,1.740986768672933,2.09125874131572,0.006234842192164807,CNRM-ESM2-1,wind,10
1020,1.0761163727796093,3.377976863586761,2.3018604908071514,213.90442047280115,2.3432537567845912,2.8221381156613297,-0.03182684349578725,CNRM-ESM2-1,wind,11
1054,1.0701987130665158,3.791480651869686,2.7212819388031706,254.27819203834486,2.7565911117323916,3.2915620308366154,-0.014456450197086355,CNRM-ESM2-1,wind,12
1054,0.3686543253899506,0.9664987790258709,0.5978444536359204,162.16938537301576,0.9863840704089418,1.7358339968823735,0.05264907193537787,CanESM5,precip_consensus,1
960,0.6296391970554329,1.031929430421019,0.4022902333655859,63.89218384861268,1.2304971578520516,2.172649405599465,0.0038146706974646984,CanESM5,precip_consensus,2
1054,1.5286393068467115,1.0899392010684508,-0.438700105778261,-28.698732514160902,1.8853843989001933,3.4903444128383825,0.014199167444011071,CanESM5,precip_consensus,3
1020,3.3015951336251543,2.4697831947123605,-0.8318119389127941,-25.194244153112255,3.3190271551200166,5.082672976258124,0.12986323997873803,CanESM5,precip_consensus,4
1054,8.25663468976617,8.523886756843783,0.2672520670776149,3.2368159319058303,7.20477594492648,9.82879253580801,0.05204555170700846,CanESM5,precip_consensus,5
1020,10.943573573043981,13.86302694164463,2.919453368600653,26.67733121282978,8.302841302441575,10.474587812882206,0.019204561323915247,CanESM5,precip_consensus,6
1054,7.218289280959809,10.809454011869231,3.591164730909422,49.75091176218291,7.432683039106584,9.433641876305881,0.015862730955860018,CanESM5,precip_consensus,7
1054,8.047922313901696,10.899631957262235,2.8517096433605387,35.43410997437931,7.137911129739515,9.004733776807162,0.06123654918989928,CanESM5,precip_consensus,8
1020,11.492642896448613,14.555807116932518,3.0631642204839045,26.65326198754914,8.467704789844637,11.191206789760447,0.014702061689140507,CanESM5,precip_consensus,9
1054,7.302695459658507,11.285053450195267,3.9823579905367588,54.53271346910287,8.428620367488291,11.537637085388862,0.10241372354560935,CanESM5,precip_consensus,10
1020,2.423605491486269,4.036815343473393,1.6132098519871243,66.56239464937951,4.141844993423718,6.834838730490071,0.047826963357140255,CanESM5,precip_consensus,11
1054,0.7674585471686034,1.360555754846468,0.5930972076778644,77.28068308913714,1.5086525034801903,2.8045543049872044,0.04567871575015938,CanESM5,precip_consensus,12
1054,15.332099226326973,16.042424888759985,0.7103256624330115,4.632931550647029,1.4725912527603744,1.82803670357847,0.1374457925702836,CanESM5,tas,1
960,16.029824437417012,16.45615094172718,0.4263265043101681,2.659583116300585,1.187189686416107,1.5046105646326808,0.21761458122342744,CanESM5,tas,2
1054,16.62624387650164,17.423335008833547,0.7970911323319114,4.794174428407512,1.4026294281443896,1.7613075799931377,0.1211132364369747,CanESM5,tas,3
1020,17.132186214938045,18.574453112770755,1.442266897832712,8.418463818559001,1.726874038446473,2.092017733341916,0.12969883137236213,CanESM5,tas,4
1054,17.043248637548622,18.815425495585163,1.7721768580365458,10.39811655468193,1.8568157793304418,2.209641260145743,0.05879393749811764,CanESM5,tas,5
1020,16.62766233701668,18.34991839188264,1.7222560548659571,10.357776216274566,1.7400842071983322,1.9663302713733826,0.059859445936801293,CanESM5,tas,6
1054,16.56660255028934,18.087261209420596,1.520658659131255,9.179061636296069,1.5239793496471534,1.7000876204816853,0.14725182246368748,CanESM5,tas,7
1054,16.605652794195006,17.940068963688955,1.3344161694939454,8.035915155111695,1.3461455661613742,1.5289799725526323,0.11427508166425772,CanESM5,tas,8
1020,16.254945785407532,17.73115938342579,1.4762135980182587,9.081627324426343,1.4796650755908372,1.642731955597319,0.1383159776036785,CanESM5,tas,9
1054,16.055269399064187,17.49795212997781,1.4426827309136188,8.985727333841613,1.511612534072026,1.7361649563219312,0.14275501995720064,CanESM5,tas,10
1020,15.622706843760522,17.229984790683904,1.6072779469233789,10.288088760785406,1.8805288395494377,2.201271356447586,-0.02302515919862589,CanESM5,tas,11
1054,15.362106867669596,16.47037727073618,1.1082704030665798,7.2143125458852015,1.8075322507509,2.1504292047987557,-0.050981521572678844,CanESM5,tas,12
1054,11.866369181069388,9.701050976709856,-2.165318204359531,-18.24752096718766,2.4084707740472293,3.052320040057841,0.09636537601417842,CanESM5,tasmin,1
960,12.24321210221052,9.97867155561467,-2.2645405465958532,-18.496294335920137,2.391461867021253,2.9235665512657856,0.06154347537691877,CanESM5,tasmin,2
1054,12.879569901170148,10.872762616327115,-2.0068072848430316,-15.581322204406119,2.2409865668394695,2.739637233742528,0.10042156581941307,CanESM5,tasmin,3
1020,13.75964925672512,12.183869506057736,-1.575779750667387,-11.452179639660612,1.8930533609031122,2.330502947329919,0.08235691494708383,CanESM5,tasmin,4
1054,14.386521793153456,13.317988113810124,-1.0685336793433324,-7.427324649463553,1.3890794629373953,1.6992861594485926,0.10848232679196414,CanESM5,tasmin,5
1020,14.484391844133354,13.650835930842593,-0.833555913290762,-5.754856139357891,1.0901442951242735,1.3686730930841897,0.06880085157886413,CanESM5,tasmin,6
1054,14.118229145314213,13.182908247085829,-0.9353208982283845,-6.62491654301286,1.1129697153436957,1.347202304921307,0.11309855184808933,CanESM5,tasmin,7
1054,14.200022594868791,12.787483157281539,-1.4125394375872535,-9.947444999824702,1.4611967274746716,1.7021224687338372,0.13060835140340074,CanESM5,tasmin,8
1020,14.214839590717506,12.914303380904286,-1.3005362098132198,-9.149144466339871,1.3937586568501872,1.6246237851071483,0.06192210912292309,CanESM5,tasmin,9
1054,13.875989385329087,12.671223305933538,-1.2047660793955484,-8.682379655531683,1.489939359355014,1.8180091092717783,0.0914094618116567,CanESM5,tasmin,10
1020,12.972037244638594,11.819211607062162,-1.152825637576433,-8.887005300982322,1.832091403003156,2.3601402241013623,0.019895089320219002,CanESM5,tasmin,11
1054,12.298558151070695,10.50572256764111,-1.7928355834295848,-14.577607890348537,2.300166664517795,2.998084990744997,-0.03425430747067618,CanESM5,tasmin,12
1054,20.189968832132156,22.383798665216514,2.1938298330843553,10.865939671946867,2.4821573533420604,2.939650455290468,0.10392383058637586,CanESM5,tasmax,1
960,21.262673748130634,22.933630211800633,1.6709564636699947,7.858637551718543,2.084287887542589,2.5298468802694205,0.19369135789497854,CanESM5,tasmax,2
1054,21.759423145302176,23.97390721274305,2.2144840674408774,10.177126721849614,2.557864317012824,3.0782186961170206,0.10419062955892677,CanESM5,tasmax,3
1020,21.73241687884188,24.965036768368144,3.232619889526261,14.874645132881911,3.3759458317100983,3.9302581212114984,0.09655972016000919,CanESM5,tasmax,4
1054,20.911058339737632,24.312862983050433,3.4018046433127966,16.267969741389372,3.513343480671165,4.114732984009363,0.04089203817800759,CanESM5,tasmax,5
1020,20.019818351758104,23.049000345440827,3.029181993682721,15.130916477155267,3.0433797877669475,3.448532519952663,0.014765915634442591,CanESM5,tasmax,6
1054,20.083047578325736,22.991614488351384,2.908566910025652,14.482696904849591,2.9099871593119557,3.222072007038198,0.060912191553299896,CanESM5,tasmax,7
1054,20.16143148016815,23.09265505156779,2.931223571399639,14.538767122180511,2.935661157711311,3.212831058845437,0.027075134785963684,CanESM5,tasmax,8
1020,19.65600290681619,22.548015420607783,2.892012513791592,14.713126201200943,2.8958497783792465,3.1724328920083353,0.118019644797544,CanESM5,tasmax,9
1054,19.456716365238172,22.324680749761473,2.867964384523304,14.740228159193792,2.894762564860356,3.2158302489128325,0.049022270501725994,CanESM5,tasmax,10
1020,19.436578471298105,22.640757473853984,3.2041790025558785,16.48530376520473,3.2334137226045248,3.610803246037182,0.011203773751830362,CanESM5,tasmax,11
1054,19.71930387939916,22.435032046928374,2.715728167529217,13.771927164053443,2.8928207495436657,3.3183456257306583,0.013767072877315224,CanESM5,tasmax,12
1054,68.90529208054431,73.8234618091001,4.918169728555755,7.137579103223074,6.867923475361955,8.66258007159639,0.006450739908577522,CanESM5,rh,1
960,66.13892313126364,70.87971420843964,4.740791077175978,7.167929038951986,7.840651200563419,9.853943531107976,0.0031153958853633174,CanESM5,rh,2
1054,68.50894283634756,68.02967566257996,-0.4792671737675909,-0.6995687773382409,9.388172613792209,11.547239616071135,-0.04108469238424995,CanESM5,rh,3
1020,74.35235193435855,72.02989780794294,-2.3224541264156295,-3.123578563413827,9.451169225029982,11.710645672834167,0.15146359700877804,CanESM5,rh,4
1054,82.20170000946295,82.93691586525013,0.735215855787163,0.8944046846993747,8.783378913146901,11.343269126002639,0.07410770630304955,CanESM5,rh,5
1020,87.42678449571326,89.0486114430425,1.6218269473292477,1.855068737440263,5.244676898700829,6.837740971674131,-0.010002717699975485,CanESM5,rh,6
1054,82.67233529844425,86.86292373184627,4.190588433402011,5.068912615416188,6.913544905180241,8.46453775557049,-0.04109723747314078,CanESM5,rh,7
1054,83.63236799241542,87.6666544724986,4.034286480083198,4.823833853956001,6.701112174348187,8.162926320673085,0.03516378176158127,CanESM5,rh,8
1020,88.23264707608286,89.93488392786468,1.7022368517818116,1.9292596427646287,4.7645632047861355,5.957561785181339,0.03651072375353812,CanESM5,rh,9
1054,85.52617495386494,88.9231429260085,3.3969679721435595,3.9718460155338096,6.126799648312225,7.4355396401288845,0.14362823276364925,CanESM5,rh,10
1020,79.54019963880404,83.963984749742,4.42378511093795,5.561697268835854,6.779207931204342,8.32697773956345,0.06056116408557226,CanESM5,rh,11
1054,74.1133167204031,77.86639028261968,3.753073562216577,5.063966542443742,6.374230149783943,7.805164664240523,0.150157296114626,CanESM5,rh,12
1054,18.404217912734683,19.396776617346774,0.9925587046120902,5.393104500926906,2.2731428387816037,2.910845900427576,0.07054216166820254,CanESM5,shortwave,1
960,20.46423680803776,21.169657744108108,0.7054209360703461,3.4470913461736186,2.5155837988246756,3.1960171256092016,0.05142952759451089,CanESM5,shortwave,2
1054,22.202694948485384,22.98801080982798,0.7853158613425952,3.537029460453708,2.8903698764047965,3.612250865575804,-0.008383880738276082,CanESM5,shortwave,3
1020,22.32553785929223,23.075051377209746,0.7495135179175154,3.3572025123934757,2.810713440282212,3.5550499300975487,0.04781525331401017,CanESM5,shortwave,4
1054,19.96992643498379,21.556155411121363,1.5862289761375712,7.9430887304561,3.6242878054364143,4.694847279768893,0.010332453129222903,CanESM5,shortwave,5
1020,18.006273503707448,20.795805490779163,2.78953198707171,15.492000532466378,3.8326647171932864,5.044943638384188,0.0010442203682312582,CanESM5,shortwave,6
1054,19.435099001302003,21.98376277605958,2.548663774757576,13.11371644974299,3.5384366771800733,4.6404434252158335,-0.017643348774962906,CanESM5,shortwave,7
1054,19.241940832421548,21.715775233594133,2.473834401172585,12.856470263146834,3.3491860185861135,4.328513482260897,0.08177093166731071,CanESM5,shortwave,8
1020,17.0613806266916,19.816248687648795,2.7548680609571914,16.146806177264168,3.6318590386558354,4.852294323862317,0.09428868249261754,CanESM5,shortwave,9
1054,16.324083081978984,19.403217460480764,3.079134378501783,18.862525772740042,3.8219257999338354,5.00640420970138,-0.02980550203884685,CanESM5,shortwave,10
1020,16.878443072645123,19.17510910960478,2.2966660369596608,13.607096502175994,3.076223364929402,4.061229003740218,-0.02666484474445445,CanESM5,shortwave,11
1054,17.273098846655497,18.601528799765894,1.3284299531104005,7.69074481020305,2.3031631440607345,3.0013613580783445,0.062496116926804644,CanESM5,shortwave,12
1054,29.56285755839687,27.079919064146793,-2.4829384942500754,-8.398844696746291,2.5947834679654065,2.9368203587524535,0.08979872063048479,CanESM5,longwave,1
960,29.676811075626073,27.54053640164735,-2.136274673978724,-7.1984643785843705,2.287746192457575,2.663446991714622,-0.023562677889878352,CanESM5,longwave,2
1054,30.114206411355994,28.14266907044416,-1.971537340911834,-6.546867993069118,2.200870239741539,2.578205049660786,0.038463287524008,CanESM5,longwave,3
1020,30.91169492617976,28.924382831809947,-1.9873120943698106,-6.4289975011584195,2.109799776486012,2.37820626840321,0.09791399699232575,CanESM5,longwave,4
1054,31.78111136081439,29.27685154124601,-2.5042598195683756,-7.879711288687307,2.543091662446994,2.7469717379817706,-0.03866260942162732,CanESM5,longwave,5
1020,32.31927905268407,29.13388610230552,-3.1853929503785476,-9.856014873308276,3.1853929503785476,3.286592090474092,0.01776895635775186,CanESM5,longwave,6
1054,31.95423575452316,28.752617080569337,-3.2016186739538224,-10.019387409384777,3.2016186739538224,3.3059113023394477,0.06414843385659287,CanESM5,longwave,7
1054,32.04969838689038,28.796733039291734,-3.252965347598644,-10.149753387162104,3.252965347598644,3.3475578714922585,0.04907240720172856,CanESM5,longwave,8
1020,32.315648778700286,28.966870715805246,-3.3487780628950383,-10.362713389502694,3.3487780628950383,3.4337854139481334,0.04306425394930206,CanESM5,longwave,9
1054,32.00403175713533,28.496080332831102,-3.5079514243042236,-10.960967202271702,3.516990407283666,3.6743946081464873,0.14702297946260595,CanESM5,longwave,10
1020,30.951772399490835,27.696361967156612,-3.255410432334224,-10.517686645911677,3.2961092660105047,3.5787303016447725,0.036034401790547184,CanESM5,longwave,11
1054,30.02933934645889,27.213312887553784,-2.8160264589051067,-9.377583790357935,2.8817135780757694,3.2238104161242545,0.005226943657074419,CanESM5,longwave,12
1054,1.0443244739342783,3.7598265605073906,2.715502086573112,260.02474847142236,2.7440771189493467,3.196726854161271,-0.011651623342790282,CanESM5,wind,1
960,0.9335610295164656,3.467459023908079,2.5338979943916136,271.42285445484333,2.549121263275251,2.983787510307749,0.01746903270311193,CanESM5,wind,2
1054,0.8231485131691066,3.0984539572649785,2.2753054440958715,276.41493700037034,2.2840926910869754,2.6426394078188107,-0.002174660708464907,CanESM5,wind,3
1020,0.6684938506913437,2.5983783522009096,1.929884501509566,288.6914366547599,1.9331291864572464,2.1230986504461,0.04134138375408352,CanESM5,wind,4
1054,0.5677975445639214,2.152050524451576,1.5842529798876548,279.0172298304652,1.5853171650545572,1.7289893400696486,-0.01212956966646651,CanESM5,wind,5
1020,0.6524367201109273,2.1666762549969385,1.5142395348860116,232.0898699001124,1.514482340678441,1.6712465724084222,0.03228042583573251,CanESM5,wind,6
1054,0.9963955983089723,2.340979363571558,1.3445837652625852,134.94477168953162,1.349906805738433,1.5183101382603847,-0.01756979691213109,CanESM5,wind,7
1054,0.858463036495093,2.0097115488499635,1.1512485123548704,134.10577548628686,1.1596704253993462,1.3271900781547872,-0.02537469640866867,CanESM5,wind,8
1020,0.640677631224259,2.0298066983004035,1.3891290670761447,216.8218460228873,1.390622204281694,1.5646871440490768,0.03748047269406883,CanESM5,wind,9
1054,0.8093463180435,2.533537124519733,1.724190806476233,213.03498490538172,1.7291047341192383,2.0353930935917246,0.14988833422667502,CanESM5,wind,10
1020,1.0761163727796093,3.291559054125266,2.2154426813456567,205.87389406808921,2.233545997063805,2.668499896382597,0.06179751536175854,CanESM5,wind,11
1054,1.0701987130665158,3.7621110392393575,2.6919123261728424,251.5338780832128,2.713774552484044,3.1764086300562444,-0.050002408044601154,CanESM5,wind,12
1054,0.3686543253899506,1.0937562223309016,0.725101896940951,196.6888347706111,1.2163956993575056,3.1502673320045615,0.035254696566114914,EC-Earth3,precip_consensus,1
960,0.6296391970554329,1.1153153107178282,0.48567611366239516,77.13562242212768,1.4609485486768385,3.26043220051441,-0.04888730143455161,EC-Earth3,precip_consensus,2
1054,1.5286393068467115,1.3042710457417153,-0.2243682611049965,-14.677645674820766,2.2477314049447688,5.103262252730646,-0.03262194143454137,EC-Earth3,precip_consensus,3
1020,3.3015951336251543,2.2468963470072203,-1.0546987866179347,-31.94512785278656,3.6401872498246783,5.575249652469748,0.05693099733814116,EC-Earth3,precip_consensus,4
1054,8.25663468976617,8.176016790786267,-0.08061789897990244,-0.9764014275674049,7.807577893169835,10.261323495440584,0.052181774623624576,EC-Earth3,precip_consensus,5
1020,10.943573573043981,13.93773605027335,2.994162477229369,27.360006831813493,8.935384025923412,11.276304604440574,0.03282747072261335,EC-Earth3,precip_consensus,6
1054,7.218289280959809,10.926235510430228,3.7079462294704175,51.36876737887368,8.521783214707593,10.990881485830544,0.00782831742599101,EC-Earth3,precip_consensus,7
1054,8.047922313901696,10.849708584998139,2.801786271096443,34.81378375455659,7.834420877565665,10.06030322059414,0.09965470133662052,EC-Earth3,precip_consensus,8
1020,11.492642896448613,14.606964156569763,3.1143212601211516,27.098390580668966,9.848376785653365,12.963137394980832,-0.028367537808130724,EC-Earth3,precip_consensus,9
1054,7.302695459658507,11.468873271446549,4.16617781178804,57.04986377705063,9.119511781648212,12.546780275236314,0.07524488790265327,EC-Earth3,precip_consensus,10
1020,2.423605491486269,3.790202691093176,1.3665971996069066,56.38694929548311,4.367653291254657,7.769401077535044,0.0014564846429814076,EC-Earth3,precip_consensus,11
1054,0.7674585471686034,2.176342199604169,1.4088836524355657,183.57781767280875,2.437423942024625,6.373739916926224,-0.0071016176728722616,EC-Earth3,precip_consensus,12
1054,15.332099226326973,16.241505501001612,0.9094062746746443,5.9313878761826,1.6068546182757335,1.980229139622467,0.06633273035275973,EC-Earth3,tas,1
960,16.029824437417012,16.45183723880513,0.4220128013881183,2.6326726349107785,1.3949851333373284,1.74279858541478,0.10110487600961045,EC-Earth3,tas,2
1054,16.62624387650164,17.519947077372375,0.8937032008707395,5.375256176374488,1.631567989568397,2.038694042084166,0.07402137373565962,EC-Earth3,tas,3
1020,17.132186214938045,18.785255595785287,1.6530693808472419,9.648910886842236,1.9122444747941665,2.2704801756791655,0.053254048284698687,EC-Earth3,tas,4
1054,17.043248637548622,19.021737391009225,1.978488753460606,11.608636331818355,2.167724023405152,2.623810505150692,0.09645765519749384,EC-Earth3,tas,5
1020,16.62766233701668,18.549903661666008,1.9222413246493262,11.560502526984878,1.9973681524554041,2.3258082934833886,0.06564505217649437,EC-Earth3,tas,6
1054,16.56660255028934,18.21130120294643,1.644698652657089,9.927796889340863,1.683279337749289,1.9495235661787167,0.11195345132920491,EC-Earth3,tas,7
1054,16.605652794195006,18.213611309975416,1.6079585157804093,9.683199665252054,1.6535375743368623,1.9182769377030378,0.22955633339984727,EC-Earth3,tas,8
1020,16.254945785407532,17.896766329072236,1.6418205436647022,10.100436909107414,1.6836927382099203,1.9458868192570584,0.20801947473360746,EC-Earth3,tas,9
1054,16.055269399064187,17.65062735537949,1.5953579563153033,9.936662641165597,1.7005582202829947,1.9788347199711578,0.11842319826659833,EC-Earth3,tas,10
1020,15.622706843760522,17.19710211153522,1.574395267774699,10.077608723762804,1.9054482790890035,2.3442032658777543,-0.04973727473496182,EC-Earth3,tas,11
1054,15.362106867669596,16.692122093793476,1.3300152261238767,8.657765745159391,1.6991843647487581,2.1084979979206984,0.10773260526877178,EC-Earth3,tas,12
1054,11.866369181069388,10.143767176370526,-1.7226020046988615,-14.51667294699508,2.2941187636344385,2.9675108960181156,-0.015219934792754465,EC-Earth3,tasmin,1
960,12.24321210221052,10.027577814161257,-2.2156342880492637,-18.096838228010682,2.607917743322785,3.325705427395744,-0.025232395974455965,EC-Earth3,tasmin,2
1054,12.879569901170148,11.048824599503174,-1.8307453016669717,-14.214335693776878,2.400000255400243,3.1235453687091495,0.02809038184759247,EC-Earth3,tasmin,3
1020,13.75964925672512,12.572881166316527,-1.1867680904085942,-8.624987950390912,1.8961661583768425,2.4286536652325132,-0.03489360469242214,EC-Earth3,tasmin,4
1054,14.386521793153456,13.725071192335081,-0.6614506008183754,-4.597710345339759,1.6810053900880526,2.173080082818562,0.04730320497145791,EC-Earth3,tasmin,5
1020,14.484391844133354,13.992439615643471,-0.491952228489885,-3.3964299901838233,1.318077688559211,1.7663644187881766,0.07454537022887718,EC-Earth3,tasmin,6
1054,14.118229145314213,13.445233964504247,-0.6729951808099649,-4.766852654699471,1.1851142096253646,1.5779886275007908,0.0702668864643706,EC-Earth3,tasmin,7
1054,14.200022594868791,13.19972223760534,-1.000300357263451,-7.044357504226167,1.3777525301277955,1.7664516180155507,0.17506988813321456,EC-Earth3,tasmin,8
1020,14.214839590717506,13.201095120331818,-1.0137444703856888,-7.131592754994425,1.34869061415946,1.7542753628064576,0.13223166940109704,EC-Earth3,tasmin,9
1054,13.875989385329087,13.014825716494446,-0.8611636688346428,-6.206142458894791,1.4733925519950675,1.9452862065653578,0.13622113548328157,EC-Earth3,tasmin,10
1020,12.972037244638594,12.020961189658337,-0.9510760549802564,-7.331740088653698,2.029067766529916,2.6671422149457213,-0.010259419496674409,EC-Earth3,tasmin,11
1054,12.298558151070695,10.937538566585028,-1.3610195844856667,-11.066497127284618,2.0959174825063616,2.689385862977521,0.03404515583903706,EC-Earth3,tasmin,12
1054,20.189968832132156,22.339243692254175,2.1492748601220164,10.645260911455518,2.3793047002685372,2.8409663129713754,0.1448403165978561,EC-Earth3,tasmax,1
960,21.262673748130634,22.876096365013215,1.613422616882579,7.588051418154443,2.1012040069797497,2.6052757488270566,0.04574517982884241,EC-Earth3,tasmax,2
1054,21.759423145302176,23.991070107267326,2.2316469619651507,10.256002408992904,2.6832449332772477,3.2669080150929575,0.024011686841817387,EC-Earth3,tasmax,3
1020,21.73241687884188,24.99763081492458,3.265213936082698,15.024624064070968,3.4878888270814077,4.059887617829581,0.06405939384862429,EC-Earth3,tasmax,4
1054,20.911058339737632,24.31840323764631,3.4073448979086782,16.29446411822038,3.558204541046079,4.285782189639421,0.08339552121275433,EC-Earth3,tasmax,5
1020,20.019818351758104,23.10736752572098,3.0875491739628758,15.422463479503712,3.132106261820912,3.627986095685693,-0.0061622778772226815,EC-Earth3,tasmax,6
1054,20.083047578325736,22.97736868203956,2.894321103713829,14.41176242014918,2.9260859802840984,3.295800935484401,0.08363687612085785,EC-Earth3,tasmax,7
1054,20.16143148016815,23.227500909689088,3.0660694295209376,15.207597895699449,3.0750950811698616,3.391468581939669,0.15725436504690893,EC-Earth3,tasmax,8
1020,19.65600290681619,22.592437498737855,2.9364345919216674,14.939123716263738,2.9970364631155455,3.3788958039830863,0.08650174656864183,EC-Earth3,tasmax,9
1054,19.456716365238172,22.286429072424674,2.8297127071865065,14.54362932607754,2.862557963842308,3.2061693068718427,0.0017911304249999432,EC-Earth3,tasmax,10
1020,19.436578471298105,22.3732428158031,2.9366643445049974,15.108957313868563,3.0213021679290395,3.4864943039358995,-0.04036256104807834,EC-Earth3,tasmax,11
1054,19.71930387939916,22.4467058426666,2.727401963267441,13.831127000972732,2.8273261189280325,3.286839674139241,0.10273710486826508,EC-Earth3,tasmax,12
1054,68.90529208054431,73.93967062227401,5.034378541729677,7.306229158487457,6.5650533792482015,8.09902707844907,0.07948257490366958,EC-Earth3,rh,1
960,66.13892313126364,71.0724314389333,4.933508307669666,7.459311512947228,7.701189050614874,9.524978860214231,-0.044933124118759396,EC-Earth3,rh,2
1054,68.50894283634756,68.62574250439427,0.1167996680467029,0.17048820666480144,8.709459950854152,10.671743083378093,-0.011322337708242463,EC-Earth3,rh,3
1020,74.35235193435855,71.60177138011888,-2.7505805542396904,-3.699386075464057,9.527457223869714,11.714282126025608,0.061869183317000184,EC-Earth3,rh,4
1054,82.20170000946295,82.1848749272568,-0.01682508220615092,-0.02046804652971172,8.481781840129319,11.004394488294206,0.0995591856327432,EC-Earth3,rh,5
1020,87.42678449571326,88.7052863427684,1.2785018470551504,1.4623686029741128,5.193267155694787,6.63332993704735,0.11551986478684537,EC-Earth3,rh,6
1054,82.67233529844425,87.01630198232797,4.343966683883713,5.254438099761117,6.931537729056152,8.390001603118312,0.022081260181027962,EC-Earth3,rh,7
1054,83.63236799241542,87.48586159002821,3.8534935976128124,4.607658123422122,6.481341552957998,7.8809167573686265,0.13511511675795415,EC-Earth3,rh,8
1020,88.23264707608286,89.86497195366557,1.6323248775827115,1.850023694942713,5.017976955021063,6.3361512043321,-0.04349693993028307,EC-Earth3,rh,9
1054,85.52617495386494,88.83528183766897,3.3091068838040503,3.869115958464259,6.015083264055463,7.372834217983891,0.1358438494910719,EC-Earth3,rh,10
1020,79.54019963880404,84.53292884152253,4.992729202718476,6.27698852327591,6.844042000001672,8.374658568606835,0.07032373145588237,EC-Earth3,rh,11
1054,74.1133167204031,77.88211009834201,3.7687933779389096,5.085177056853233,6.044963103446762,7.482506540210978,0.16065812358341772,EC-Earth3,rh,12
1054,18.404217912734683,19.310311354764256,0.9060934420295714,4.923292292701043,2.295357400193072,2.9149403732571004,0.14674087226722024,EC-Earth3,shortwave,1
960,20.46423680803776,21.299724789598812,0.8354879815610485,4.082673541154943,2.827207753015693,3.56418926574311,0.009181187793286891,EC-Earth3,shortwave,2
1054,22.202694948485384,23.08261921466537,0.8799242661799866,3.9631417187038953,3.120745937800704,3.9678109976443565,0.03502966150075368,EC-Earth3,shortwave,3
1020,22.32553785929223,23.034820624595064,0.7092827653028331,3.1770019149062465,3.0328293775024977,3.8897136643555585,0.034443765136006416,EC-Earth3,shortwave,4
1054,19.96992643498379,21.621660866492878,1.6517344315090867,8.271109244626656,3.6403528458050256,4.69028929857138,0.09043336532510084,EC-Earth3,shortwave,5
1020,18.006273503707448,21.02386688418882,3.0175933804813733,16.758566839829786,4.130602026112983,5.325658659470679,0.019305465270518636,EC-Earth3,shortwave,6
1054,19.435099001302003,22.062880336446852,2.6277813351448454,13.5208024150986,3.783293036898409,4.84212862433067,0.036274707031998976,EC-Earth3,shortwave,7
1054,19.241940832421548,21.729436953355723,2.4874961209341735,12.927469960529592,3.50463247283992,4.489143765094409,0.0849113885775042,EC-Earth3,shortwave,8
1020,17.0613806266916,19.856789522294253,2.795408895602653,16.384423727288446,3.9261853681734267,5.156612363748196,0.023205193796594026,EC-Earth3,shortwave,9
1054,16.324083081978984,19.44234274493,3.1182596629510146,19.102204070459713,3.961043812952671,5.130874118902192,-0.007144713947257777,EC-Earth3,shortwave,10
1020,16.878443072645123,19.03871990740196,2.1602768347568384,12.799029066004298,3.097382103007665,4.113841877622849,-0.012161586975461524,EC-Earth3,shortwave,11
1054,17.273098846655497,18.572147481064466,1.2990486344089687,7.520646097966937,2.4678548241706864,3.2034859023663174,-0.029425929721459375,EC-Earth3,shortwave,12
1054,29.56285755839687,27.28489953625205,-2.277958022144822,-7.705473050584054,2.421497297847522,2.786995643803677,0.017750014331711545,EC-Earth3,longwave,1
960,29.676811075626073,27.582915505100935,-2.0938955705251345,-7.055662298719408,2.2649329413998447,2.7063413475304565,-0.053837156414961826,EC-Earth3,longwave,2
1054,30.114206411355994,28.24425016061016,-1.8699562507458338,-6.20954849416413,2.135845868228279,2.562142121805433,0.05249299881749852,EC-Earth3,longwave,3
1020,30.91169492617976,29.032290493696138,-1.8794044324836228,-6.079913886869774,2.0268312006037212,2.313570489149836,0.01903621933858339,EC-Earth3,longwave,4
1054,31.78111136081439,29.284466204072068,-2.496645156742322,-7.855751576455712,2.5341447776834207,2.740627503591382,-0.03279383003764436,EC-Earth3,longwave,5
1020,32.31927905268407,29.150834746526943,-3.1684443061571232,-9.803573591453578,3.1684443061571232,3.2772977765604394,0.06469924099659026,EC-Earth3,longwave,6
1054,31.95423575452316,28.829128505612402,-3.1251072489107576,-9.779946774250092,3.126702123423567,3.2427480033976357,0.08333488786231723,EC-Earth3,longwave,7
1054,32.04969838689038,28.820912569602143,-3.228785817288237,-10.074309524887575,3.228785817288237,3.3289408381237577,0.06818608403311138,EC-Earth3,longwave,8
1020,32.315648778700286,28.99459291472359,-3.3210558639766967,-10.276927709913883,3.3210558639766967,3.417999393275158,0.03575895365085807,EC-Earth3,longwave,9
1054,32.00403175713533,28.59148128976636,-3.412550467368968,-10.66287676898126,3.416298021924113,3.590727095924685,0.19553458607213925,EC-Earth3,longwave,10
1020,30.951772399490835,27.758952637307328,-3.192819762183511,-10.315466658820592,3.2271090369958433,3.5239434267199767,0.07936059655821426,EC-Earth3,longwave,11
1054,30.02933934645889,27.305166075339095,-2.724173271119796,-9.07170563990791,2.7887935280080454,3.1534211069956952,-0.025892847551002837,EC-Earth3,longwave,12
1054,1.0443244739342783,3.8033073500608876,2.758982876126609,264.18828103613305,2.775543794850963,3.159068022209056,0.08314612079746111,EC-Earth3,wind,1
960,0.9335610295164656,3.47603873599911,2.5424777064826443,272.3418851148394,2.5560766700774122,2.9166978215730497,-0.010155408005988053,EC-Earth3,wind,2
1054,0.8231485131691066,3.109990066897376,2.2868415537282694,277.8163985164683,2.2919384712377107,2.607284618449179,0.01810528862041047,EC-Earth3,wind,3
1020,0.6684938506913437,2.6486930514095963,1.9801992007182523,296.21801287631405,1.9840618597766593,2.1651802935667743,0.011319379424183821,EC-Earth3,wind,4
1054,0.5677975445639214,2.186650518269817,1.6188529737058956,285.11095005689106,1.6208381497794182,1.755895415196166,-0.005893635432239529,EC-Earth3,wind,5
1020,0.6524367201109273,2.067369273616278,1.414932553505351,216.86893301541704,1.4232878667366504,1.5728886900543162,0.08821704922015927,EC-Earth3,wind,6
1054,0.9963955983089723,2.344486885617719,1.3480912873087465,135.29679271934287,1.3545006633301717,1.5289412565275027,0.07377777765452534,EC-Earth3,wind,7
1054,0.858463036495093,2.09707978007054,1.2386167435754474,144.28306064666856,1.2508261329788146,1.4395880203484575,0.06400005607480651,EC-Earth3,wind,8
1020,0.640677631224259,2.051908115223713,1.411230483999454,220.27153988547406,1.4130371234308876,1.5732737868878082,0.020401423177188058,EC-Earth3,wind,9
1054,0.8093463180435,2.5046182569680355,1.6952719389245356,209.4618707876076,1.7096498783777583,1.9800573541011757,0.01328800121615664,EC-Earth3,wind,10
1020,1.0761163727796093,3.3010273176563216,2.2249109448767124,206.75374905130064,2.266331622389286,2.6801528507211057,0.002361056710096472,EC-Earth3,wind,11
1054,1.0701987130665158,3.629271332635561,2.559072619569045,239.12125741922767,2.5806214035870685,3.0049021799868525,0.004455560709368929,EC-Earth3,wind,12
1054,0.3686543253899506,0.8419060432387004,0.47325171784874975,128.372756063057,1.0208234025714131,2.4351981961994884,-0.03753428692884335,GFDL-ESM4,precip_consensus,1
960,0.6296391970554329,0.8792836325697991,0.24964443551436616,39.648807869943916,1.2228988130000602,2.76244500054021,0.015770926508741363,GFDL-ESM4,precip_consensus,2
1054,1.5286393068467115,1.1567187454171448,-0.37192056142956686,-24.33017126824819,2.0113654730591772,3.950208802897577,0.01062921164594377,GFDL-ESM4,precip_consensus,3
1020,3.3015951336251543,2.3552074971333825,-0.9463876364917722,-28.664557530185046,3.61341101756117,5.505071327967547,0.11923145099774275,GFDL-ESM4,precip_consensus,4
1054,8.25663468976617,7.882824227931335,-0.37381046183483396,-4.527394948188272,8.14940710063878,10.900739210953411,-0.006105453335512609,GFDL-ESM4,precip_consensus,5
1020,10.943573573043981,14.209635587713446,3.2660620146694668,29.84456578895192,10.104598489202589,12.604485060790092,-0.017427286039258784,GFDL-ESM4,precip_consensus,6
1054,7.218289280959809,10.101302751547092,2.883013470587283,39.9403980412923,8.534904330992873,11.10076848628543,-0.01144061477970185,GFDL-ESM4,precip_consensus,7
1054,8.047922313901696,11.093459605932427,3.045537292030733,37.84252845942585,8.926342470486617,11.521672583061425,-0.03954394145962049,GFDL-ESM4,precip_consensus,8
1020,11.492642896448613,13.699281353292616,2.206638456844003,19.200443942497202,9.250121816841267,12.164646172451125,0.035508150896456245,GFDL-ESM4,precip_consensus,9
1054,7.302695459658507,10.598618722962165,3.2959232633036564,45.13296879913683,9.321320974281495,13.094595043998252,0.06884413254463706,GFDL-ESM4,precip_consensus,10
1020,2.423605491486269,3.7362048441869615,1.3125993527006925,54.158952738456826,4.458311364869045,8.70834745707628,0.010827253949549602,GFDL-ESM4,precip_consensus,11
1054,0.7674585471686034,1.9189321711140968,1.151473623945493,150.03724021234012,2.2216269036452343,5.232870545516931,0.002194332041502766,GFDL-ESM4,precip_consensus,12
1054,15.332099226326973,15.953506191989122,0.6214069656621536,4.05298032897626,1.6703732869589634,2.0604706409601956,-0.05680947065591568,GFDL-ESM4,tas,1
960,16.029824437417012,16.373565013030863,0.3437405756138502,2.1443814120102695,1.3667775155638036,1.6971809352524578,0.040831701254842215,GFDL-ESM4,tas,2
1054,16.62624387650164,17.39386259534197,0.7676187188403361,4.6169100161295855,1.5816998853137343,1.9545304915202284,0.030066042355240775,GFDL-ESM4,tas,3
1020,17.132186214938045,18.50963682515772,1.3774506102196742,8.040133307789029,1.8291695505787045,2.2785727660791935,0.12260530303282899,GFDL-ESM4,tas,4
1054,17.043248637548622,18.751442548586695,1.708193911038075,10.022701348583794,1.954184082076559,2.4343501936780547,-0.0009719068434566336,GFDL-ESM4,tas,5
1020,16.62766233701668,18.259223765830313,1.6315614288136386,9.812331978749889,1.7125287439412016,2.0064829249214546,0.09221547455024039,GFDL-ESM4,tas,6
1054,16.56660255028934,18.155303154901876,1.5887006046125351,9.589779194556629,1.6531197474854533,1.9225217007559128,0.0450766603982208,GFDL-ESM4,tas,7
1054,16.605652794195006,18.005010465819606,1.3993576716245992,8.426995848749684,1.453194972551948,1.7144307950220696,0.04130862717034673,GFDL-ESM4,tas,8
1020,16.254945785407532,17.757360717714604,1.5024149323070703,9.24281724554151,1.553136734790316,1.8017765141627322,0.0774245186503895,GFDL-ESM4,tas,9
1054,16.055269399064187,17.446163571589807,1.3908941725256192,8.663163089662577,1.6227699061480585,1.9468097110782792,-0.01051334262789734,GFDL-ESM4,tas,10
1020,15.622706843760522,17.03500647075332,1.4122996269927983,9.040044347736385,2.023236941679119,2.4568012516345923,0.02778259970733348,GFDL-ESM4,tas,11
1054,15.362106867669596,16.63723162061907,1.2751247529494687,8.300454904613632,1.8858008144060123,2.2820608564589757,0.03573311046082423,GFDL-ESM4,tas,12
1054,11.866369181069388,9.594588400945533,-2.2717807801238545,-19.14469999591841,2.6942173559691676,3.5221245363448928,-0.11145508528727079,GFDL-ESM4,tasmin,1
960,12.24321210221052,9.7975928558461,-2.4456192463644197,-19.975307345389055,2.7369135070178365,3.346040201466644,-0.06862291419185611,GFDL-ESM4,tasmin,2
1054,12.879569901170148,10.84939030409665,-2.0301795970734977,-15.76279031560712,2.49149347720764,3.117538104686277,0.0667311548162042,GFDL-ESM4,tasmin,3
1020,13.75964925672512,12.26305653232735,-1.4965927243977721,-10.876677860566122,2.2453491365836795,2.8556658498636374,0.0441202248430457,GFDL-ESM4,tasmin,4
1054,14.386521793153456,13.339234032515591,-1.0472877606378648,-7.279645321472136,1.6973579728315618,2.288754985432496,0.06913065878412876,GFDL-ESM4,tasmin,5
1020,14.484391844133354,13.681946867899201,-0.8024449762341543,-5.540066748188468,1.3228137108140843,1.7712501677078465,0.010819965640416087,GFDL-ESM4,tasmin,6
1054,14.118229145314213,13.205325185016903,-0.9129039602973099,-6.466136446016668,1.3479461611719634,1.789241076637553,-0.02640931701504577,GFDL-ESM4,tasmin,7
1054,14.200022594868791,12.900382854806491,-1.2996397400623014,-9.152377972496529,1.4698626279268563,1.864846328288152,0.02294965881401432,GFDL-ESM4,tasmin,8
1020,14.214839590717506,12.958290621966903,-1.2565489687506033,-8.839698546940676,1.4738330616103965,1.881312161934757,0.06986570071096447,GFDL-ESM4,tasmin,9
1054,13.875989385329087,12.703651741986583,-1.1723376433425043,-8.448677862077371,1.7175910480640164,2.2615004024966376,0.041710955791744005,GFDL-ESM4,tasmin,10
1020,12.972037244638594,11.634247887404083,-1.3377893572345114,-10.3128701529702,2.40531366495099,3.1504651629699243,0.04719031742478006,GFDL-ESM4,tasmin,11
1054,12.298558151070695,10.697651372269513,-1.6009067788011802,-13.01702816815,2.323278641853448,3.022410123392534,0.06694486783407838,GFDL-ESM4,tasmin,12
1054,20.189968832132156,22.312423459486375,2.1224546273542173,10.512421514868066,2.501102474612167,2.9732501894742374,0.06331825955076677,GFDL-ESM4,tasmax,1
960,21.262673748130634,22.949537598413652,1.6868638502830176,7.9334512219156945,2.227043217381995,2.7649088108576025,0.06324575250990729,GFDL-ESM4,tasmax,2
1054,21.759423145302176,23.938335148756014,2.1789120034538425,10.013647829282029,2.661185167836297,3.226780285516667,-0.03369826600342155,GFDL-ESM4,tasmax,3
1020,21.73241687884188,24.75621716605499,3.0238002872131067,13.913778223889127,3.2386825545853846,3.8237793537598765,0.16914323962932154,GFDL-ESM4,tasmax,4
1054,20.911058339737632,24.16365065044071,3.252592310703078,15.554412683752705,3.5021710561388666,4.247078501658104,0.031868272160524375,GFDL-ESM4,tasmax,5
1020,20.019818351758104,22.83650109946992,2.8166827477118126,14.069472051250937,2.877505271490933,3.3938170121889684,0.06869986105991142,GFDL-ESM4,tasmax,6
1054,20.083047578325736,23.10528026629109,3.0222326879653583,15.04867563639618,3.0417373871383386,3.422801191755199,0.0958994569526277,GFDL-ESM4,tasmax,7
1054,20.16143148016815,23.109638196920866,2.9482067167527157,14.623002933361787,2.9848865565024636,3.3948015225142676,0.010991614245489592,GFDL-ESM4,tasmax,8
1020,19.65600290681619,22.55643028243748,2.900427375621287,14.755936847239141,2.9253991656805627,3.338460755254424,0.01727975489113861,GFDL-ESM4,tasmax,9
1054,19.456716365238172,22.1886757106692,2.731959345431034,14.04121483886159,2.7662503408504917,3.1533047103074576,-0.009282023763649125,GFDL-ESM4,tasmax,10
1020,19.436578471298105,22.435765030559583,2.9991865592614824,15.43063026082685,3.0894224285685525,3.6119516882723257,0.017958403467761872,GFDL-ESM4,tasmax,11
1054,19.71930387939916,22.57681149573023,2.8575076163310693,14.490915266620135,3.010043470166797,3.530201535361768,-0.0016778473977958996,GFDL-ESM4,tasmax,12
1054,68.90529208054431,73.45208360307282,4.546791522528502,6.598610041756585,6.721766284537688,8.372543440980296,0.04100895962080729,GFDL-ESM4,rh,1
960,66.13892313126364,70.29930979743031,4.16038666616666,6.290375574923838,7.586339795500432,9.351917293613273,0.040812085830692874,GFDL-ESM4,rh,2
1054,68.50894283634756,68.00736215378842,-0.5015806825591235,-0.7321389906092798,9.060326071915886,11.151045012630156,0.0722577109371791,GFDL-ESM4,rh,3
1020,74.35235193435855,71.66999610834256,-2.6823558260160043,-3.6076274068426284,10.261228754852755,12.700916907861455,0.11377816523541591,GFDL-ESM4,rh,4
1054,82.20170000946295,82.0232659714676,-0.17843403799536267,-0.2170685496465664,9.111047714520979,11.86503411109476,0.10783036601830491,GFDL-ESM4,rh,5
1020,87.42678449571326,88.90656791436867,1.4797834186554244,1.6925973283713545,5.75602502903097,7.3273139627533155,-0.018417100475333376,GFDL-ESM4,rh,6
1054,82.67233529844425,86.30957891838203,3.6372436199377796,4.39958978636258,6.984098041270497,8.430518501717957,-0.027847954087769827,GFDL-ESM4,rh,7
1054,83.63236799241542,87.495185296742,3.862817304326577,4.618806566229111,7.059174570827909,8.528799739395414,-0.023707716072574197,GFDL-ESM4,rh,8
1020,88.23264707608286,89.55310654337225,1.3204594672893897,1.4965656262706928,4.927370814205782,6.184748203025757,0.022350088072508312,GFDL-ESM4,rh,9
1054,85.52617495386494,88.46584797387096,2.9396730200060297,3.437161806419808,5.954915919900384,7.308115858958679,0.14349319983346484,GFDL-ESM4,rh,10
1020,79.54019963880404,83.80410994097797,4.263910302173919,5.360698516645099,6.777086366808776,8.38697908140521,0.06549138023667224,GFDL-ESM4,rh,11
1054,74.1133167204031,77.30278183497452,3.189465114571417,4.303498015888108,6.149722755617074,7.596126774078292,0.14034112779326635,GFDL-ESM4,rh,12
1054,18.404217912734683,19.343540099873998,0.9393221871393161,5.103841910551157,2.371373593731791,3.003398728453926,0.11482092276240552,GFDL-ESM4,shortwave,1
960,20.46423680803776,21.30712073094853,0.8428839229107662,4.118814353143654,2.722425694158353,3.4471086115860015,0.041423168294934,GFDL-ESM4,shortwave,2
1054,22.202694948485384,23.038603018179458,0.8359080696940744,3.76489462938416,3.1424724372575152,3.95075314259096,-0.05310158615994366,GFDL-ESM4,shortwave,3
1020,22.32553785929223,23.038396782659756,0.7128589233675252,3.1930201541407546,3.0406551350660247,3.8061497970116775,0.048569160758351576,GFDL-ESM4,shortwave,4
1054,19.96992643498379,21.6250816444139,1.6551552094301105,8.288238891709538,3.858792678233164,4.977417294337616,-0.027427380784924512,GFDL-ESM4,shortwave,5
1020,18.006273503707448,20.669707514740256,2.663434011032806,14.791700295368786,3.908991120914225,5.1525809780367435,0.007232327495108773,GFDL-ESM4,shortwave,6
1054,19.435099001302003,22.187105942632822,2.7520069413308206,14.1599841665147,3.7364365495496124,4.795841339721408,0.06840265193105279,GFDL-ESM4,shortwave,7
1054,19.241940832421548,21.582399015638703,2.3404581832171525,12.163316598882878,3.5037948225028024,4.542771488858228,0.012627058325051484,GFDL-ESM4,shortwave,8
1020,17.0613806266916,19.892057815318093,2.8306771886264936,16.591137907081524,3.864352841481036,5.121618622905861,0.02241820329965141,GFDL-ESM4,shortwave,9
1054,16.324083081978984,19.456400428231483,3.132317346252498,19.188320290469655,3.9629720444970475,5.066672370205094,0.054522877368591884,GFDL-ESM4,shortwave,10
1020,16.878443072645123,19.135435730944558,2.256992658299435,13.372042957903748,3.1618838988008715,4.211150564435123,-0.06246141199152727,GFDL-ESM4,shortwave,11
1054,17.273098846655497,18.64254048812989,1.3694416414743968,7.9281757930746455,2.4504321487372556,3.180292910448242,0.008703270626744966,GFDL-ESM4,shortwave,12
1054,29.56285755839687,27.044351142450843,-2.518506415946027,-8.51915756442389,2.649796508812289,3.0614162683066306,-0.08056030605258702,GFDL-ESM4,longwave,1
960,29.676811075626073,27.471300821933433,-2.205510253692639,-7.43176296156716,2.3823742031623283,2.785865452969184,-0.07296513739760434,GFDL-ESM4,longwave,2
1054,30.114206411355994,28.11836320364173,-1.995843207714262,-6.62758028702903,2.263134385237794,2.6624413915323903,0.017414617987378492,GFDL-ESM4,longwave,3
1020,30.91169492617976,28.882454347897333,-2.0292405782824265,-6.564637051214621,2.1633636145829866,2.4582050497248105,0.061348714277482126,GFDL-ESM4,longwave,4
1054,31.78111136081439,29.21662702628441,-2.5644843345299795,-8.069209114228611,2.5979181404819855,2.8152934128114504,-0.0030192002002712463,GFDL-ESM4,longwave,5
1020,32.31927905268407,29.130886764098477,-3.1883922885855904,-9.86529521091158,3.1883922885855904,3.3103292623078366,-0.03887153326446154,GFDL-ESM4,longwave,6
1054,31.95423575452316,28.701030777986187,-3.2532049765369755,-10.18082548282032,3.254940445603725,3.3775350014094045,0.009287506024803972,GFDL-ESM4,longwave,7
1054,32.04969838689038,28.81375891153153,-3.2359394753588524,-10.096630040931938,3.2359394753588524,3.3446273720529196,0.01163282268708742,GFDL-ESM4,longwave,8
1020,32.315648778700286,28.932045341151802,-3.383603437548486,-10.470479676022064,3.383603437548486,3.4799098506145714,0.030553707626427746,GFDL-ESM4,longwave,9
1054,32.00403175713533,28.44810071758525,-3.555931039550081,-11.110884611459252,3.563495010710879,3.7415035666303016,0.1301707046366481,GFDL-ESM4,longwave,10
1020,30.951772399490835,27.599698290158663,-3.352074109332175,-10.829990819483143,3.384900651495018,3.7049520242942178,0.03979890572434639,GFDL-ESM4,longwave,11
1054,30.02933934645889,27.264649268905647,-2.7646900775532433,-9.206629708552878,2.8314590761132012,3.1905094342703655,-0.009082330827781317,GFDL-ESM4,longwave,12
1054,1.0443244739342783,3.8158865400321766,2.771562066097898,265.39280992396993,2.802737931511401,3.3873835178591456,0.0194081023018168,GFDL-ESM4,wind,1
960,0.9335610295164656,3.5209849549596535,2.587423925443188,277.15637688768294,2.618763713514909,3.115515670921663,-0.03019266719253587,GFDL-ESM4,wind,2
1054,0.8231485131691066,3.170158147713312,2.347009634544205,285.12590340572456,2.359055626989085,2.7938499908544046,0.05805320203214019,GFDL-ESM4,wind,3
1020,0.6684938506913437,2.686169573111919,2.0176757224205755,301.82412603106724,2.0199169411961515,2.3045630273001754,0.09531573263186939,GFDL-ESM4,wind,4
1054,0.5677975445639214,2.1843547509693613,1.6165572064054397,284.7066215559252,1.6205822669327508,1.8040250588834472,0.051634708636560514,GFDL-ESM4,wind,5
1020,0.6524367201109273,2.2061863113242204,1.5537495912132933,238.14563823892752,1.5652430667727506,1.7848682369444022,-0.06273761119901466,GFDL-ESM4,wind,6
1054,0.9963955983089723,2.4281176730967697,1.431722074787797,143.6901244061733,1.4409965741084307,1.6655333692053855,-0.009301940430829287,GFDL-ESM4,wind,7
1054,0.858463036495093,2.140308675233943,1.2818456387388502,149.31867584798186,1.2982707019397017,1.532089257712666,0.04586318100475373,GFDL-ESM4,wind,8
1020,0.640677631224259,2.0105449858792253,1.369867354654966,213.81538669257296,1.3767359008005942,1.5945281724012004,0.01758518189973077,GFDL-ESM4,wind,9
1054,0.8093463180435,2.6659150324537286,1.8565687144102287,229.3911361576669,1.8721266209094833,2.238464985378112,0.001858137065224762,GFDL-ESM4,wind,10
1020,1.0761163727796093,3.528608464381389,2.4524920916017803,227.90212598169023,2.4916189862431986,3.007775700964481,-0.08445625742786611,GFDL-ESM4,wind,11
1054,1.0701987130665158,3.7483533312378565,2.6781546181713414,250.24834971978578,2.708475217204967,3.2235238475277246,0.00951602133826678,GFDL-ESM4,wind,12
1054,0.3686543253899506,1.1077388956945935,0.7390845703046429,200.48173028293192,1.2255345609857529,2.9336990269102423,-0.014685860979998465,GISS-E2-1-G,precip_consensus,1
960,0.6296391970554329,0.9597878421131679,0.330148645057735,52.43457627824098,1.2239921202834978,2.796913883498374,0.03918199705619238,GISS-E2-1-G,precip_consensus,2
1054,1.5286393068467115,1.1920880902244093,-0.33655121662230236,-22.016391644183397,2.0768608533506066,4.09904468048846,0.0006582066873304588,GISS-E2-1-G,precip_consensus,3
1020,3.3015951336251543,2.539574971037903,-0.7620201625872514,-23.08036363473048,3.627988534092753,5.622541854976975,0.059682553680489664,GISS-E2-1-G,precip_consensus,4
1054,8.25663468976617,7.454174579989138,-0.8024601097770322,-9.71897316435297,7.398887793002312,10.036938401924084,0.07006763676054965,GISS-E2-1-G,precip_consensus,5
1020,10.943573573043981,13.19189139224009,2.2483178191961115,20.54464023282238,8.96637091639424,11.429460257938594,-0.038262303064969326,GISS-E2-1-G,precip_consensus,6
1054,7.218289280959809,11.148021091173296,3.9297318102134886,54.44131784215437,8.241539395248491,10.600270671560363,-0.005068604323360517,GISS-E2-1-G,precip_consensus,7
1054,8.047922313901696,11.329798261107612,3.2818759472059185,40.77917031501313,7.936214938871699,10.410145512951166,0.03596352429982722,GISS-E2-1-G,precip_consensus,8
1020,11.492642896448613,13.924816913336562,2.4321740168879478,21.162878189137185,9.041475785652773,11.82488740499207,-0.012909523843764207,GISS-E2-1-G,precip_consensus,9
1054,7.302695459658507,11.868833808929626,4.56613834927112,62.52675295711489,9.377823518268075,13.314685482439367,0.13048403062449557,GISS-E2-1-G,precip_consensus,10
1020,2.423605491486269,3.6291084341769757,1.205502942690707,49.74006483008238,3.946557884428667,6.940818340468979,0.11515398762859091,GISS-E2-1-G,precip_consensus,11
1054,0.7674585471686034,1.162248343232347,0.3947897960637435,51.44118825964575,1.4665459392678948,3.2138818533908338,0.002377328531738379,GISS-E2-1-G,precip_consensus,12
1054,15.332099226326973,15.796128109576086,0.46402888324911246,3.0265189156376033,1.1442024567320346,1.4859165389610172,0.08960037365671189,GISS-E2-1-G,tas,1
960,16.029824437417012,16.331368732626128,0.3015442952091148,1.8811453387177868,1.0394623342985632,1.3527923212082393,0.20808725535772593,GISS-E2-1-G,tas,2
1054,16.62624387650164,17.21438174979556,0.5881378732939212,3.5374067508125138,1.3360114760455928,1.717143379446099,0.11049166905482666,GISS-E2-1-G,tas,3
1020,17.132186214938045,18.351915448232845,1.2197292332948007,7.119518886803155,1.696221913734057,2.1368110683925248,0.05803706012431194,GISS-E2-1-G,tas,4
1054,17.043248637548622,18.78660593093655,1.743357293387928,10.229019892059029,1.956158726429838,2.441841975441791,0.16248392394679753,GISS-E2-1-G,tas,5
1020,16.62766233701668,18.291216487101824,1.663554150085143,10.004738587827351,1.7169420896883665,2.0413467636783764,0.02105673844563719,GISS-E2-1-G,tas,6
1054,16.56660255028934,17.973322819839254,1.4067202695499126,8.491302095765821,1.4565881146257236,1.7134693284566487,0.08110706294792645,GISS-E2-1-G,tas,7
1054,16.605652794195006,17.84731594686967,1.2416631526746635,7.4773522490409015,1.2927340873711493,1.5211291078607219,0.12988544286790507,GISS-E2-1-G,tas,8
1020,16.254945785407532,17.61234422808586,1.3573984426783252,8.350679606061162,1.4058888386834905,1.6011174192995874,0.09893514513639941,GISS-E2-1-G,tas,9
1054,16.055269399064187,17.385746698257613,1.3304772991934237,8.286857517762817,1.3895639729709415,1.6036304599456317,0.12272515638247061,GISS-E2-1-G,tas,10
1020,15.622706843760522,16.988344802292417,1.3656379585318956,8.741365834930912,1.5006241361835302,1.848456485557567,0.09065250132033016,GISS-E2-1-G,tas,11
1054,15.362106867669596,16.28909978422083,0.9269929165512351,6.034282436233685,1.3674136529983245,1.7444296439589455,0.07980711427181006,GISS-E2-1-G,tas,12
1054,11.866369181069388,9.56617290775175,-2.3001962733176367,-19.384162402322502,2.485803435801421,2.9282353110142085,0.07537373673944302,GISS-E2-1-G,tasmin,1
960,12.24321210221052,9.841802452344519,-2.4014096498660034,-19.61421259239989,2.5160144249878615,2.959673166867063,0.0802227690049243,GISS-E2-1-G,tasmin,2
1054,12.879569901170148,10.664142816122958,-2.21542708504719,-17.201095238792966,2.5269016060576273,3.0569693830871896,0.04299861089668994,GISS-E2-1-G,tasmin,3
1020,13.75964925672512,12.131364375030367,-1.6282848816947544,-11.833767353473194,2.15975620983659,2.6423838823528825,0.012380122982311868,GISS-E2-1-G,tasmin,4
1054,14.386521793153456,13.217441057022937,-1.169080736130521,-8.12622225816171,1.8892366069329696,2.4617157052253855,0.12725021224741706,GISS-E2-1-G,tasmin,5
1020,14.484391844133354,13.590983100873968,-0.8934087432593858,-6.168079080387798,1.3338751777773643,1.761751447622689,0.023304129455135388,GISS-E2-1-G,tasmin,6
1054,14.118229145314213,13.144721103441626,-0.9735080418725858,-6.895397658251562,1.2544749864651978,1.6116674087581613,0.10914256726789955,GISS-E2-1-G,tasmin,7
1054,14.200022594868791,12.796551056862288,-1.4034715380065068,-9.883586653683595,1.5341555226748924,1.8606954094278128,0.026793910724039204,GISS-E2-1-G,tasmin,8
1020,14.214839590717506,12.813334056723885,-1.401505533993621,-9.859453742332937,1.4853074700051507,1.7663296278820957,0.1193547752880702,GISS-E2-1-G,tasmin,9
1054,13.875989385329087,12.647026707877117,-1.228962677451968,-8.856757117091306,1.488123805846981,1.8149855791664196,0.090886885559693,GISS-E2-1-G,tasmin,10
1020,12.972037244638594,11.597304242014665,-1.3747330026239293,-10.59766462813783,1.8069599715872933,2.28160469893508,0.09805731414261562,GISS-E2-1-G,tasmin,11
1054,12.298558151070695,10.324391249201435,-1.974166901869259,-16.052019087273177,2.249791627942293,2.7465759885896315,0.07489112408174267,GISS-E2-1-G,tasmin,12
1054,20.189968832132156,22.02608362593959,1.8361147938074374,9.09419330497072,2.2509319676345667,2.7514047425272294,0.054462949738012356,GISS-E2-1-G,tasmax,1
960,21.262673748130634,22.82093523386834,1.558261485737706,7.3286243498643,2.101467732293622,2.5845466299805446,0.16166324491530532,GISS-E2-1-G,tasmax,2
1054,21.759423145302176,23.764620967945742,2.005197822643571,9.215307819759413,2.505399802856561,3.1333010730803137,0.028316508360625457,GISS-E2-1-G,tasmax,3
1020,21.73241687884188,24.572465770185612,2.840048891343726,13.068260687143011,3.146715696972777,3.801263669374229,0.049325129125834144,GISS-E2-1-G,tasmax,4
1054,20.911058339737632,24.355770582710818,3.4447122429731865,16.473160693292805,3.6077602456741857,4.260737679528154,0.136395851400171,GISS-E2-1-G,tasmax,5
1020,20.019818351758104,22.99144971604954,2.971631364291433,14.843448187582927,3.0153053885996726,3.532715646847707,-0.005763746652477013,GISS-E2-1-G,tasmax,6
1054,20.083047578325736,22.80192456550738,2.718876987181644,13.53816932702954,2.7400260579766895,3.120301286207011,0.043882667309013856,GISS-E2-1-G,tasmax,7
1054,20.16143148016815,22.89808073324367,2.736649253075522,13.57368526023281,2.7576049733551975,3.092118541113444,0.0988364217051437,GISS-E2-1-G,tasmax,8
1020,19.65600290681619,22.411354071808127,2.755351164991939,14.017860996736292,2.7770709699917977,3.1323778431712284,0.08393552321419065,GISS-E2-1-G,tasmax,9
1054,19.456716365238172,22.124466849388508,2.6677504841503388,13.711206115522169,2.695167190639751,3.0673633223769463,0.08157111228296042,GISS-E2-1-G,tasmax,10
1020,19.436578471298105,22.379385291777762,2.9428068204796562,15.140559974716146,2.9879610296558075,3.432100436028993,0.10021763310227068,GISS-E2-1-G,tasmax,11
1054,19.71930387939916,22.253808040774963,2.5345041613758035,12.852908890072996,2.7395509163828042,3.273704043000297,0.031613411038673093,GISS-E2-1-G,tasmax,12
1054,68.90529208054431,74.27341291216963,5.368120831625311,7.790578444033649,7.341113177813864,9.135490035719702,0.01218424602827627,GISS-E2-1-G,rh,1
960,66.13892313126364,71.31680190330864,5.177878772044994,7.8287920741748955,8.172928800062245,10.240390819316186,0.004506027864712155,GISS-E2-1-G,rh,2
1054,68.50894283634756,68.78419870636125,0.2752558700136919,0.4017809334340718,10.217442913404595,12.66350548911906,-0.08796860383756834,GISS-E2-1-G,rh,3
1020,74.35235193435855,73.00128417953627,-1.3510677548222911,-1.8171150201342277,10.155723293614361,12.56692854579021,0.10212557459905011,GISS-E2-1-G,rh,4
1054,82.20170000946295,81.42710950699175,-0.774590502471209,-0.9423047240896953,8.889297374834898,11.492316911409883,0.18116821582670994,GISS-E2-1-G,rh,5
1020,87.42678449571326,88.637409189278,1.2106246935647398,1.3847297490668886,5.892875119313265,7.613657363723027,-0.05711107657243668,GISS-E2-1-G,rh,6
1054,82.67233529844425,87.0757499080381,4.403414609593855,5.326345982241437,7.201460818429186,8.66929770284953,0.005440885387141173,GISS-E2-1-G,rh,7
1054,83.63236799241542,87.84741119305025,4.215043200634819,5.039966345347389,6.8216702425954105,8.224589118387913,0.11186897250056002,GISS-E2-1-G,rh,8
1020,88.23264707608286,89.8823585999915,1.6497115239086428,1.8697291519386239,4.836370833711363,6.135485855671411,0.04250074737316301,GISS-E2-1-G,rh,9
1054,85.52617495386494,89.09917222036844,3.5729972665035117,4.1776652217065475,6.28170069909828,7.693085399112302,0.09839842478567581,GISS-E2-1-G,rh,10
1020,79.54019963880404,84.12096304812259,4.580763409318537,5.759054453119315,6.703277631705725,8.265143005105429,0.13324284714449938,GISS-E2-1-G,rh,11
1054,74.1133167204031,77.73464036632349,3.621323645920388,4.886198332726151,6.432135688741619,8.000119845894307,0.11886884379270286,GISS-E2-1-G,rh,12
1054,18.404217912734683,19.262396716354544,0.8581788036198589,4.662946329417494,2.406941860664563,3.0373712075781345,0.10053208147108209,GISS-E2-1-G,shortwave,1
960,20.46423680803776,21.15753572155812,0.693298913520357,3.387856190405543,2.6326941321502617,3.3607658320031253,0.11249773770732971,GISS-E2-1-G,shortwave,2
1054,22.202694948485384,22.961206503019362,0.7585115545339799,3.416303995050492,3.1646905194877677,3.923678143018456,-0.021222156218203503,GISS-E2-1-G,shortwave,3
1020,22.32553785929223,22.90450794243602,0.5789700831437916,2.5933085545028223,2.929834843561185,3.7209754923570784,0.037598512241163104,GISS-E2-1-G,shortwave,4
1054,19.96992643498379,21.696216875569288,1.7262904405854953,8.644450675398277,3.7986595943332913,4.7804305911825535,0.0804251326198229,GISS-E2-1-G,shortwave,5
1020,18.006273503707448,20.774080851935423,2.767807348227972,15.371350144482074,3.9557318886510537,5.157225201402931,0.005338552726521474,GISS-E2-1-G,shortwave,6
1054,19.435099001302003,21.97752902941772,2.5424300281157155,13.081641765474888,3.607178019536112,4.662665128330851,0.03551538060685778,GISS-E2-1-G,shortwave,7
1054,19.241940832421548,21.51726594808401,2.275325115662461,11.824821287407094,3.3872727125359168,4.3874893891699855,0.04288946986284806,GISS-E2-1-G,shortwave,8
1020,17.0613806266916,19.91404302900824,2.852662402316638,16.71999743006614,3.7442056700340896,4.948006497432828,0.10876679476640025,GISS-E2-1-G,shortwave,9
1054,16.324083081978984,19.2857749482647,2.9616918662857143,18.14308253279648,3.865222911347708,4.972186220851697,0.014298337144633596,GISS-E2-1-G,shortwave,10
1020,16.878443072645123,19.17181250403762,2.293369431392501,13.587565046857685,3.053915199044252,4.03769053847557,0.07866795848618513,GISS-E2-1-G,shortwave,11
1054,17.273098846655497,18.683390373187404,1.4102915265319091,8.164670040112558,2.537893033092183,3.2802685760819346,-0.036895354193760985,GISS-E2-1-G,shortwave,12
1054,29.56285755839687,27.11417379202072,-2.448683766376156,-8.282973868609142,2.576468430449052,2.925572312884691,0.10084234980090974,GISS-E2-1-G,longwave,1
960,29.676811075626073,27.587009835880465,-2.0898012397456056,-7.041865901360221,2.256993588048533,2.646337079375501,0.028719213995798715,GISS-E2-1-G,longwave,2
1054,30.114206411355994,28.110199083484233,-2.004007327871761,-6.654690814352838,2.2955532322666303,2.703507435534121,-0.027652503069181687,GISS-E2-1-G,longwave,3
1020,30.91169492617976,28.936327864981994,-1.975367061197762,-6.3903550611350735,2.109406666554377,2.3942087233316114,0.03540155245436021,GISS-E2-1-G,longwave,4
1054,31.78111136081439,29.21484058612068,-2.566270774693708,-8.074830189412067,2.610996196804474,2.8143103397171596,0.023387904915466017,GISS-E2-1-G,longwave,5
1020,32.31927905268407,29.129630385440837,-3.1896486672432265,-9.869182607829028,3.1896486672432265,3.3075727347982307,-0.0066082723244287505,GISS-E2-1-G,longwave,6
1054,31.95423575452316,28.768079397195407,-3.1861563573277563,-9.970998467321353,3.1861563573277563,3.301048118619785,0.07002576920233933,GISS-E2-1-G,longwave,7
1054,32.04969838689038,28.84613840910961,-3.203559977780771,-9.99560101661099,3.203559977780771,3.3064773838421004,0.038758058052418366,GISS-E2-1-G,longwave,8
1020,32.315648778700286,28.973695244032328,-3.341953534667956,-10.341595050601882,3.341953534667956,3.435000360168922,0.018978308896439984,GISS-E2-1-G,longwave,9
1054,32.00403175713533,28.556338178863893,-3.4476935782714357,-10.772685155528158,3.455263698340931,3.6269304668990667,0.1288279302110341,GISS-E2-1-G,longwave,10
1020,30.951772399490835,27.6843793250324,-3.26739307445844,-10.55640055854181,3.295701603669906,3.594626614119226,0.09884798467257097,GISS-E2-1-G,longwave,11
1054,30.02933934645889,27.191261764553992,-2.8380775819048956,-9.451015718864179,2.8992857490425736,3.2390923083838383,0.08370430815022387,GISS-E2-1-G,longwave,12
1054,1.0443244739342783,3.8497613025943247,2.805436828660046,268.63651084333384,2.8241772753328993,3.3644800503869257,0.002459665349373291,GISS-E2-1-G,wind,1
960,0.9335610295164656,3.4081251618898523,2.474564132373387,265.0672054782619,2.4902472485157765,3.018373208221841,0.052301812825480076,GISS-E2-1-G,wind,2
1054,0.8231485131691066,3.0897810175220557,2.2666325043529496,275.36130699264174,2.2788666754952405,2.701724210683931,0.03457220669299986,GISS-E2-1-G,wind,3
1020,0.6684938506913437,2.650986463355824,1.9824926126644802,296.5610843860753,1.9862390237443064,2.2916828529118707,0.041220418614325904,GISS-E2-1-G,wind,4
1054,0.5677975445639214,2.146542390097656,1.578744845533735,278.04714209291603,1.5827072913290965,1.770875909891965,-0.005521524632958648,GISS-E2-1-G,wind,5
1020,0.6524367201109273,2.1288068946791427,1.4763701745682154,226.28557361351503,1.4912155788952512,1.7347544752167137,-0.08080958790851031,GISS-E2-1-G,wind,6
1054,0.9963955983089723,2.3064423075317193,1.3100467092227468,131.47857251136855,1.3359669863295562,1.6058224994939696,-0.07112524816869155,GISS-E2-1-G,wind,7
1054,0.858463036495093,2.0590494750472894,1.2005864385521963,139.85301492466283,1.2328596731040806,1.4807498155960497,0.006676187660054834,GISS-E2-1-G,wind,8
1020,0.640677631224259,2.020559680223031,1.3798820489987718,215.37852763206058,1.3840520021853782,1.6270179659858344,0.028315374334250902,GISS-E2-1-G,wind,9
1054,0.8093463180435,2.502645919694065,1.6932996016505648,209.21817569318392,1.7116678526815348,2.0492831529988065,0.07820303235188648,GISS-E2-1-G,wind,10
1020,1.0761163727796093,3.34335489051366,2.267238517734051,210.68711294465044,2.3013991455536025,2.7906320302990966,0.02524813038156003,GISS-E2-1-G,wind,11
1054,1.0701987130665158,3.794468493919999,2.7242697808534833,254.5573777646808,2.7561181444217837,3.3069192644057632,-0.09447906426722848,GISS-E2-1-G,wind,12
1054,0.3686543253899506,1.0032072501457954,0.6345529247558449,172.1268085176094,1.1150382783858008,2.47342206875442,-0.01035802940984266,HadGEM3-GC31-LL,precip_consensus,1
960,0.6296391970554329,1.0429180112945287,0.41327881423909574,65.63740252700802,1.3065270667541937,3.7626322757772592,0.0363035875090097,HadGEM3-GC31-LL,precip_consensus,2
1054,1.5286393068467115,0.9916588220350533,-0.5369804848116583,-35.12800452052653,1.9412056028916964,3.8140450603758143,-0.0017700071303358134,HadGEM3-GC31-LL,precip_consensus,3
1020,3.3015951336251543,2.429806826622082,-0.8717883070030726,-26.4050639681507,3.77835441378076,5.719992117146936,0.020845469351850852,HadGEM3-GC31-LL,precip_consensus,4
1054,8.25663468976617,7.637386568810143,-0.6192481209560258,-7.5000062885616545,7.690574036173949,10.074266931004525,0.046537796610227236,HadGEM3-GC31-LL,precip_consensus,5
1020,10.943573573043981,13.318395832375833,2.3748222593318538,21.700610348903528,8.713520565967869,11.001294514542343,0.02200110521096826,HadGEM3-GC31-LL,precip_consensus,6
1054,7.218289280959809,10.787434318009474,3.5691450370496645,49.44585757271117,7.910902377935456,10.315864599816695,0.05279986045271541,HadGEM3-GC31-LL,precip_consensus,7
1054,8.047922313901696,10.092386509664113,2.044464195762419,25.403627371388563,7.88149507818518,10.03326654162962,-0.008148973444703122,HadGEM3-GC31-LL,precip_consensus,8
1020,11.492642896448613,14.170889245096374,2.67824634864776,23.304007379150146,9.446771742988705,12.086313480960676,0.017112366632478355,HadGEM3-GC31-LL,precip_consensus,9
1054,7.302695459658507,12.282817799833643,4.980122340175134,68.19567333303554,9.879905679053932,13.524662220806562,0.043281193332795564,HadGEM3-GC31-LL,precip_consensus,10
1020,2.423605491486269,4.471314010462147,2.0477085189758784,84.49017491374504,4.785244661982171,7.998975315034489,0.13287009418180537,HadGEM3-GC31-LL,precip_consensus,11
1054,0.7674585471686034,1.6691893438867442,0.9017307967181408,117.49570058798746,1.9597265067699046,4.82243997573984,-0.004172087854302288,HadGEM3-GC31-LL,precip_consensus,12
1054,15.332099226326973,16.120994669147034,0.788895442820063,5.1453844067578105,1.3583244427977303,1.6809670438246498,0.13673686848752184,HadGEM3-GC31-LL,tas,1
960,16.029824437417012,16.453694048431643,0.4238696110146299,2.6442561031749556,1.2397062398106866,1.5969474764197473,0.11470047916233274,HadGEM3-GC31-LL,tas,2
1054,16.62624387650164,17.429953296299196,0.8037094197975598,4.833980698030455,1.4720400849826127,1.8842908369660016,0.10853609907114495,HadGEM3-GC31-LL,tas,3
1020,17.132186214938045,18.528508715464575,1.3963225005265303,8.150287902597256,1.748337251699593,2.154614902547581,-0.126831019006651,HadGEM3-GC31-LL,tas,4
1054,17.043248637548622,18.842324117749406,1.7990754802007867,10.55594222944783,1.9727438049985782,2.3360817106269933,-0.0683999984882991,HadGEM3-GC31-LL,tas,5
1020,16.62766233701668,18.315753215355333,1.6880908783386561,10.152304299448096,1.7149114332955044,1.9678743688830607,-0.0012606684300212403,HadGEM3-GC31-LL,tas,6
1054,16.56660255028934,18.055546202962073,1.488943652672734,8.987622224610739,1.4948094940837544,1.662569263640242,0.14370268792260327,HadGEM3-GC31-LL,tas,7
1054,16.605652794195006,17.968415421071303,1.3627626268762945,8.206618816892812,1.3723023434211477,1.5300334608626913,0.14605155062924863,HadGEM3-GC31-LL,tas,8
1020,16.254945785407532,17.759937453875416,1.5049916684678832,9.258669258798461,1.5088736411135164,1.653761909880518,0.20012871865176404,HadGEM3-GC31-LL,tas,9
1054,16.055269399064187,17.509864481213814,1.454595082149626,9.059923231399717,1.53046232881676,1.7401875772669653,0.13467991794716183,HadGEM3-GC31-LL,tas,10
1020,15.622706843760522,17.064580723496757,1.4418738797362347,9.229347347781141,1.8087371111203556,2.203305003606713,-0.0344206663512858,HadGEM3-GC31-LL,tas,11
1054,15.362106867669596,16.61413026157971,1.2520233939101157,8.150076058545514,1.671241430415605,2.0677744870200634,0.06266746355572211,HadGEM3-GC31-LL,tas,12
1054,11.866369181069388,9.828456356357806,-2.0379128247115808,-17.17385321166896,2.284078396426736,2.771487279633627,0.07616891192562972,HadGEM3-GC31-LL,tasmin,1
960,12.24321210221052,9.835953706383512,-2.40725839582701,-19.66198392815867,2.598408946363755,3.106715030018502,0.10365465252068337,HadGEM3-GC31-LL,tasmin,2
1054,12.879569901170148,10.651976757081426,-2.2275931440887224,-17.295555373214277,2.5371878493175464,3.129511588435999,0.033261536446941846,HadGEM3-GC31-LL,tasmin,3
1020,13.75964925672512,12.114984987888995,-1.644664268836127,-11.952806631551937,1.9655871016493829,2.504887279533606,-0.07317868584814673,HadGEM3-GC31-LL,tasmin,4
1054,14.386521793153456,13.161873177691676,-1.22464861546178,-8.512471833494807,1.5483846265150036,1.9806731410926992,0.011492599360094531,HadGEM3-GC31-LL,tasmin,5
1020,14.484391844133354,13.563773555953873,-0.920618288179482,-6.3559333252390715,1.1876708205512847,1.4844636040017785,-0.01710282922261271,HadGEM3-GC31-LL,tasmin,6
1054,14.118229145314213,13.115661884148517,-1.0025672611656944,-7.101225308405216,1.1697495608380828,1.4327004615484158,0.07714502352515595,HadGEM3-GC31-LL,tasmin,7
1054,14.200022594868791,12.692596038195948,-1.5074265566728438,-10.615663085054214,1.5559595098030854,1.8193128005239874,-0.02351590062031025,HadGEM3-GC31-LL,tasmin,8
1020,14.214839590717506,12.817715784520663,-1.3971238061968414,-9.828628717760441,1.4608856416465132,1.7132168473675427,0.038313977098944255,HadGEM3-GC31-LL,tasmin,9
1054,13.875989385329087,12.726935988152603,-1.1490533971764851,-8.28087544079102,1.4664333953230186,1.83346887235001,0.1143680307958539,HadGEM3-GC31-LL,tasmin,10
1020,12.972037244638594,11.764884648230607,-1.2071525964079879,-9.30580581632935,1.980005969602851,2.5551298586800835,0.04654396806467013,HadGEM3-GC31-LL,tasmin,11
1054,12.298558151070695,10.612620491730901,-1.6859376593397934,-13.708417187042516,2.1778226948954518,2.7262595259772158,0.0778013169742524,HadGEM3-GC31-LL,tasmin,12
1054,20.189968832132156,22.41353217929178,2.2235633471596206,11.01320841873138,2.4980388401533444,2.965457325279202,0.11568980717438271,HadGEM3-GC31-LL,tasmax,1
960,21.262673748130634,23.071434525800772,1.8087607776701369,8.506741904127457,2.28744297713269,2.7603014690956917,0.10099296105338781,HadGEM3-GC31-LL,tasmax,2
1054,21.759423145302176,24.20792936892943,2.448506223627256,11.252624700925882,2.7301057446823296,3.3520914252104035,0.09159157251183239,HadGEM3-GC31-LL,tasmax,3
1020,21.73241687884188,24.94203225845671,3.2096153796148257,14.768791697253075,3.51687978766484,4.1292533500284385,-0.10378744491726492,HadGEM3-GC31-LL,tasmax,4
1054,20.911058339737632,24.5227757229594,3.611717383221762,17.271805781146693,3.868279559543215,4.505836353380536,-0.0038562808950509423,HadGEM3-GC31-LL,tasmax,5
1020,20.019818351758104,23.06773305410847,3.0479147023503637,15.224487299519883,3.0854090989935727,3.546837515294581,0.03442511030285851,HadGEM3-GC31-LL,tasmax,6
1054,20.083047578325736,22.995431363183748,2.9123837848580156,14.501702361155349,2.918887040081326,3.2390041174032285,0.09824893947576016,HadGEM3-GC31-LL,tasmax,7
1054,20.16143148016815,23.244234977196353,3.0828034970281992,15.290598289415152,3.0939163083165613,3.4049704774310348,0.06447954734388177,HadGEM3-GC31-LL,tasmax,8
1020,19.65600290681619,22.702159393483875,3.0461564866676816,15.49733433144413,3.05826655526191,3.365275593527808,0.1254607531621361,HadGEM3-GC31-LL,tasmax,9
1054,19.456716365238172,22.292792881242313,2.836076516004143,14.576336843102384,2.864500401063966,3.2031888158651927,0.02498169746468514,HadGEM3-GC31-LL,tasmax,10
1020,19.436578471298105,22.364276715381546,2.927698244083443,15.06282727902321,3.0279774715138776,3.4926661764827855,-0.008145543568295426,HadGEM3-GC31-LL,tasmax,11
1054,19.71930387939916,22.615640232208307,2.89633635280915,14.687822503891555,3.061062647366848,3.5597558825541387,-0.008596909424710114,HadGEM3-GC31-LL,tasmax,12
1054,68.90529208054431,73.71868722338765,4.81339514284331,6.98552316884002,6.704769223953988,8.355758152073173,0.09427232068729166,HadGEM3-GC31-LL,rh,1
960,66.13892313126364,70.51885754282576,4.379934411562105,6.622324955109113,7.002969631549566,8.693688141514425,0.24232277832850785,HadGEM3-GC31-LL,rh,2
1054,68.50894283634756,67.4724595900762,-1.0364832462713691,-1.5129167132928825,8.727114481727426,10.88396024786675,0.05956592081516664,HadGEM3-GC31-LL,rh,3
1020,74.35235193435855,71.4779602840043,-2.8743916503542546,-3.8659054832480497,11.07798610758642,13.464407665000087,-0.011335058103146839,HadGEM3-GC31-LL,rh,4
1054,82.20170000946295,80.92925468695442,-1.2724453225085242,-1.5479549965049895,9.864769307691454,12.702371646640673,0.04458517996792549,HadGEM3-GC31-LL,rh,5
1020,87.42678449571326,88.68446260626187,1.257678110548609,1.4385501168812584,5.448165931495988,6.978695230257799,-0.01638348405423213,HadGEM3-GC31-LL,rh,6
1054,82.67233529844425,86.73243394548042,4.060098647036171,4.9110728908036245,6.786211881823743,8.249185994558816,0.03722770995637731,HadGEM3-GC31-LL,rh,7
1054,83.63236799241542,86.9875777906091,3.3552097981936835,4.0118555515467,6.78939273417349,8.206034024551858,-0.06276993539432524,HadGEM3-GC31-LL,rh,8
1020,88.23264707608286,89.4092036805275,1.1765566044446394,1.3334708222344238,5.0002990631228315,6.201350969407499,-0.026643889085269677,HadGEM3-GC31-LL,rh,9
1054,85.52617495386494,88.95005128152266,3.423876327657727,4.003308144558851,6.280652652373831,7.794607428496998,0.024458556575341826,HadGEM3-GC31-LL,rh,10
1020,79.54019963880404,84.56955857660613,5.029358937802093,6.323040375358196,6.884456557361826,8.429235239072314,0.15621108432182632,HadGEM3-GC31-LL,rh,11
1054,74.1133167204031,78.25266439110926,4.139347670706167,5.585160473012026,6.650210760941522,8.144461041879278,0.13625615968677424,HadGEM3-GC31-LL,rh,12
1054,18.404217912734683,19.15305459129658,0.7488366785618974,4.0688318412256175,2.2740533139085604,2.9341302012206256,0.08281328137790935,HadGEM3-GC31-LL,shortwave,1
960,20.46423680803776,21.14550520640889,0.6812683983711312,3.3290681922892364,2.5444092771445868,3.2334106770341307,0.13480711849190993,HadGEM3-GC31-LL,shortwave,2
1054,22.202694948485384,23.04040146764005,0.8377065191546639,3.772994769771452,2.993058289686913,3.7509121028781403,0.06311790166294383,HadGEM3-GC31-LL,shortwave,3
1020,22.32553785929223,22.901765558891334,0.576227699599105,2.5810249375885483,3.0149794333378344,3.775785247529437,0.008011702179418448,HadGEM3-GC31-LL,shortwave,4
1054,19.96992643498379,21.720777747852974,1.7508513128691832,8.767439973148825,3.794543649508653,4.854398133588656,0.026180076327876348,HadGEM3-GC31-LL,shortwave,5
1020,18.006273503707448,20.826075218864894,2.8198017151574413,15.660107098655649,4.005183578041484,5.173410865666297,0.023437688922006032,HadGEM3-GC31-LL,shortwave,6
1054,19.435099001302003,21.947606567964552,2.5125075666625487,12.927680823721195,3.5115083225112675,4.612349514227901,0.05722356737434055,HadGEM3-GC31-LL,shortwave,7
1054,19.241940832421548,21.840524492722608,2.5985836603010606,13.504789786706956,3.554373265527991,4.617087880295819,-0.010116522203477852,HadGEM3-GC31-LL,shortwave,8
1020,17.0613806266916,20.055429087399048,2.994048460707447,17.548688035383382,3.944844431764437,5.133649775096382,0.05599255946611946,HadGEM3-GC31-LL,shortwave,9
1054,16.324083081978984,19.368671897294437,3.0445888153154526,18.650902473514943,3.996248611765997,5.106261612090651,-0.03383803264167557,HadGEM3-GC31-LL,shortwave,10
1020,16.878443072645123,19.242389399067985,2.363946326422862,14.005713182480127,3.1597802174754572,4.118451766434332,0.02540410460627105,HadGEM3-GC31-LL,shortwave,11
1054,17.273098846655497,18.606707217130122,1.3336083704746275,7.7207244763312834,2.422921615307189,3.190319739566316,-0.02673389827511588,HadGEM3-GC31-LL,shortwave,12
1054,29.56285755839687,27.20845036796603,-2.35440719043084,-7.964071760586985,2.4770541939126383,2.8403933537955686,0.041743221607919705,HadGEM3-GC31-LL,longwave,1
960,29.676811075626073,27.56779851906198,-2.109012556564094,-7.1066010131265465,2.2559115517781563,2.6225973185797957,0.08343890166987121,HadGEM3-GC31-LL,longwave,2
1054,30.114206411355994,28.09524791465463,-2.0189584967013636,-6.704339038932865,2.244174698190667,2.665962832348823,0.03265246459763017,HadGEM3-GC31-LL,longwave,3
1020,30.91169492617976,28.93222968629931,-1.979465239880448,-6.403612757590971,2.1237354852689636,2.411423394579253,-0.012065168062806993,HadGEM3-GC31-LL,longwave,4
1054,31.78111136081439,29.22794506082411,-2.553166299990282,-8.033596657473394,2.58228277101088,2.7849094030806207,0.08201308156282709,HadGEM3-GC31-LL,longwave,5
1020,32.31927905268407,29.160640631389565,-3.158638421294501,-9.773232924365558,3.158638421294501,3.2740865100654615,-0.01369536840627101,HadGEM3-GC31-LL,longwave,6
1054,31.95423575452316,28.785242994033638,-3.168992760489526,-9.917285410404318,3.169481642556378,3.2905033979625373,0.05529619834698179,HadGEM3-GC31-LL,longwave,7
1054,32.04969838689038,28.810852844802177,-3.238845542088203,-10.105697417149553,3.238845542088203,3.3436513409096724,0.030218010383675862,HadGEM3-GC31-LL,longwave,8
1020,32.315648778700286,29.01723346679217,-3.298415311908117,-10.206867064609733,3.298415311908117,3.3955532775851904,-0.009594074359095364,HadGEM3-GC31-LL,longwave,9
1054,32.00403175713533,28.59623600458684,-3.407795752548487,-10.648020156987615,3.4156481689469893,3.583741362028057,0.1788387177745123,HadGEM3-GC31-LL,longwave,10
1020,30.951772399490835,27.695578695074246,-3.2561937044165896,-10.520217267009095,3.2897360097189527,3.6028671976019075,0.06538875816647509,HadGEM3-GC31-LL,longwave,11
1054,30.02933934645889,27.275713244216146,-2.7536261022427437,-9.169785823368292,2.8168383525405916,3.170288785675541,0.027687915623632736,HadGEM3-GC31-LL,longwave,12
1054,1.0443244739342783,3.794986428504569,2.750661954570291,263.3915055354143,2.7611684971927986,3.2511352485573224,0.047777369727178484,HadGEM3-GC31-LL,wind,1
960,0.9335610295164656,3.509552731972276,2.57599170245581,275.93179460265554,2.5801841149473668,3.0331467181196103,0.030804232692308618,HadGEM3-GC31-LL,wind,2
1054,0.8231485131691066,3.1606194515356134,2.3374709383665064,283.9670971848429,2.34261513888745,2.6821757750462876,-0.009370322360187271,HadGEM3-GC31-LL,wind,3
1020,0.6684938506913437,2.7038348176401934,2.03534096694885,304.46667008887795,2.0378545715085337,2.265132048328873,-0.038021734390109654,HadGEM3-GC31-LL,wind,4
1054,0.5677975445639214,2.2380031341700035,1.6702055896060821,294.1551272274046,1.6724181594662901,1.8166241254387396,-0.008565981510310917,HadGEM3-GC31-LL,wind,5
1020,0.6524367201109273,2.144795826601149,1.492359106490222,228.7362223016036,1.494756853904067,1.6737328640489697,0.06094075040706384,HadGEM3-GC31-LL,wind,6
1054,0.9963955983089723,2.2909855882849626,1.2945899899759903,129.9273092106285,1.3021777189811412,1.503166713834031,-0.029022783005888717,HadGEM3-GC31-LL,wind,7
1054,0.858463036495093,2.116634826567833,1.25817179007274,146.56097427439227,1.2674986831924038,1.4282722700075836,0.04654054803488459,HadGEM3-GC31-LL,wind,8
1020,0.640677631224259,2.0506736566744395,1.4099960254501804,220.07885974664748,1.4131592056337698,1.6069015423037112,-0.05599823427777001,HadGEM3-GC31-LL,wind,9
1054,0.8093463180435,2.4566968611285813,1.6473505430850814,203.54087074459778,1.6604985746624479,1.9588793154226667,0.029396444264855114,HadGEM3-GC31-LL,wind,10
1020,1.0761163727796093,3.3111634255356055,2.2350470527559967,207.69566464107118,2.2694678871519804,2.758042021282868,0.007140697848171161,HadGEM3-GC31-LL,wind,11
1054,1.0701987130665158,3.6467476009400452,2.5765488878735296,240.75425025421328,2.5932183880504014,3.081128720200653,-0.005688397031139012,HadGEM3-GC31-LL,wind,12
1054,0.3686543253899506,0.9111136026892208,0.5424592772992702,147.1457785624716,0.9856265295830553,1.9878214679569586,0.03978345456928909,IPSL-CM6A-LR,precip_consensus,1
960,0.6296391970554329,0.917179338882192,0.28754014182675897,45.66744624087375,1.1843731711686616,2.482585807644152,0.007905745036045221,IPSL-CM6A-LR,precip_consensus,2
1054,1.5286393068467115,1.381373707320214,-0.1472655995264978,-9.633770299304835,2.1578546269927736,4.094860924825465,0.011484104758824923,IPSL-CM6A-LR,precip_consensus,3
1020,3.3015951336251543,2.5108439766131676,-0.7907511570119866,-23.950579189997203,3.5648336583217635,5.347107307163948,0.07420152690672681,IPSL-CM6A-LR,precip_consensus,4
1054,8.25663468976617,8.326648799415233,0.07001410964906389,0.8479739298123982,7.105213352359324,9.366739896308433,0.11322624452209006,IPSL-CM6A-LR,precip_consensus,5
1020,10.943573573043981,13.712277303643027,2.768703730599049,25.299813741087938,8.602006700902903,10.770187991390866,-0.0077451764762398794,IPSL-CM6A-LR,precip_consensus,6
1054,7.218289280959809,10.998594820672148,3.7803055397123377,52.3712114127085,7.420626884997188,9.598304318715204,0.06509094322272198,IPSL-CM6A-LR,precip_consensus,7
1054,8.047922313901696,11.018024139200218,2.970101825298521,36.905199993892495,7.799364685208628,9.622927945510224,-0.027827675258274374,IPSL-CM6A-LR,precip_consensus,8
1020,11.492642896448613,14.959819985689286,3.467177089240673,30.1686663414216,9.101450241870966,11.804362978232993,0.014919656577694678,IPSL-CM6A-LR,precip_consensus,9
1054,7.302695459658507,10.9768333951239,3.6741379354653936,50.312079365243115,8.544179853082513,11.6197873880697,0.08377747544046618,IPSL-CM6A-LR,precip_consensus,10
1020,2.423605491486269,3.519308003570316,1.0957025120840478,45.209606758734964,3.936746365100614,6.844427415803179,0.03457552377610281,IPSL-CM6A-LR,precip_consensus,11
1054,0.7674585471686034,1.550122562397574,0.7826640152289706,101.98127548601353,1.7144205570069146,3.553150197722894,0.07397890089849833,IPSL-CM6A-LR,precip_consensus,12
1054,15.332099226326973,16.02456665997871,0.6924674336517408,4.516455466598434,1.7264523229736584,2.1336162788568656,0.01872303286917492,IPSL-CM6A-LR,tas,1
960,16.029824437417012,16.26576133443143,0.2359368970144214,1.4718620153050122,1.4178913378636466,1.832490853694453,0.18527546649878596,IPSL-CM6A-LR,tas,2
1054,16.62624387650164,17.506675899650926,0.8804320231492854,5.295435515616524,1.509412417765648,1.904329307832696,0.15127326710316247,IPSL-CM6A-LR,tas,3
1020,17.132186214938045,18.49651660434844,1.3643303894103966,7.963551016161602,1.810270200757363,2.2214868498344074,0.016923427680669897,IPSL-CM6A-LR,tas,4
1054,17.043248637548622,18.821260364375977,1.7780117268273572,10.432352215469958,2.0089420145106542,2.3571082872884372,0.05948796202327141,IPSL-CM6A-LR,tas,5
1020,16.62766233701668,18.352900406091447,1.7252380690747686,10.375710271876432,1.7757359021437356,2.105972611219436,-0.06826163713937923,IPSL-CM6A-LR,tas,6
1054,16.56660255028934,18.081078090701965,1.5144755404126213,9.141738843648245,1.5467030237946164,1.827227924223132,0.118450041875446,IPSL-CM6A-LR,tas,7
1054,16.605652794195006,17.95119422304011,1.3455414288451022,8.102911975345382,1.408746048746749,1.7039499308092438,0.09050776774493705,IPSL-CM6A-LR,tas,8
1020,16.254945785407532,17.618698451517247,1.3637526661097144,8.389770621898899,1.4093067828735726,1.6680080230462355,0.1414728511272325,IPSL-CM6A-LR,tas,9
1054,16.055269399064187,17.43217166405372,1.3769022649895348,8.576014707481583,1.4791961046058075,1.7376625672432366,-0.015334084969168969,IPSL-CM6A-LR,tas,10
1020,15.622706843760522,16.94830719487891,1.3256003511183914,8.485087535568887,1.6893873981080247,2.059341591299864,0.06784526107367635,IPSL-CM6A-LR,tas,11
1054,15.362106867669596,16.437011587997922,1.074904720328326,6.997117840590749,1.7552183735541074,2.168388135150196,0.033094722779320254,IPSL-CM6A-LR,tas,12
1054,11.866369181069388,9.676112242296114,-2.1902569387732727,-18.457684110042905,2.586691671054736,3.4667180099183934,0.0007289877858581401,IPSL-CM6A-LR,tasmin,1
960,12.24321210221052,9.695098358946442,-2.548113743264078,-20.812460994643835,2.753569892310117,3.5341590234946154,0.10847261968145758,IPSL-CM6A-LR,tasmin,2
1054,12.879569901170148,11.00094194335003,-1.878627957820116,-14.586107861019777,2.2440014905742465,2.869618668373775,0.11910105577186114,IPSL-CM6A-LR,tasmin,3
1020,13.75964925672512,12.176777455186759,-1.582871801538362,-11.503722020855458,1.9915848254227944,2.5927389225188526,0.062314773503088144,IPSL-CM6A-LR,tasmin,4
1054,14.386521793153456,13.438069489569342,-0.9484523035841146,-6.592644957695632,1.55024481101462,2.0237236863503316,0.0150712343750908,IPSL-CM6A-LR,tasmin,5
1020,14.484391844133354,13.674866536033274,-0.8095253081000806,-5.588949241441328,1.2346624188692228,1.5381556661507807,0.009082885713011267,IPSL-CM6A-LR,tasmin,6
1054,14.118229145314213,13.210784637378099,-0.907444507936115,-6.427466919513006,1.1979952185250788,1.495085369662199,0.1552744128797849,IPSL-CM6A-LR,tasmin,7
1054,14.200022594868791,12.85174381579149,-1.3482787790773,-9.494905871237863,1.4924802962554689,1.7916793262905852,0.1476095182559585,IPSL-CM6A-LR,tasmin,8
1020,14.214839590717506,12.87625696960275,-1.3385826211147573,-9.416797232019917,1.417209285984287,1.7048098986835778,0.1710166076341005,IPSL-CM6A-LR,tasmin,9
1054,13.875989385329087,12.661836244653538,-1.2141531406755464,-8.750029327344798,1.4784466887600887,1.8565665680234913,0.0737677420849711,IPSL-CM6A-LR,tasmin,10
1020,12.972037244638594,11.503804760496317,-1.4682324841422774,-11.318441787153402,2.0623379597377722,2.7658933215517325,0.03035009603620852,IPSL-CM6A-LR,tasmin,11
1054,12.298558151070695,10.440088276046266,-1.8584698750244275,-15.111282576345193,2.3606366963023024,3.160427918795724,0.05168573668658201,IPSL-CM6A-LR,tasmin,12
1054,20.189968832132156,22.373020880362343,2.183052048230185,10.812557792342291,2.4335461125878153,2.9112445823174316,0.025773143312500642,IPSL-CM6A-LR,tasmax,1
960,21.262673748130634,22.836423858614808,1.573750110484171,7.401468550598118,2.0209102102006766,2.4559471056756963,0.16952001686028104,IPSL-CM6A-LR,tasmax,2
1054,21.759423145302176,24.012409678904866,2.2529865336026895,10.35407289319205,2.5748343874286634,3.094538457799864,0.10580569221361537,IPSL-CM6A-LR,tasmax,3
1020,21.73241687884188,24.816255619282483,3.0838387404405965,14.190040425015692,3.3241679249952916,3.870746022771061,-0.020077505865465365,IPSL-CM6A-LR,tasmax,4
1054,20.911058339737632,24.204451039826797,3.2933927000891603,15.74952662166635,3.4763881932725007,3.9840468698452844,0.11158626883174051,IPSL-CM6A-LR,tasmax,5
1020,20.019818351758104,23.03093422513985,3.011115873381741,15.040675297222716,3.0348822792610344,3.4782110227065597,-0.026561622342739517,IPSL-CM6A-LR,tasmax,6
1054,20.083047578325736,22.951371116834792,2.86832353850906,14.282312120818986,2.877150454699447,3.2033693979613838,0.08532564399397052,IPSL-CM6A-LR,tasmax,7
1054,20.16143148016815,23.0506448911917,2.8892134110235426,14.33039818559275,2.9034908877902765,3.253682184732635,-0.00664956346569356,IPSL-CM6A-LR,tasmax,8
1020,19.65600290681619,22.361139790211997,2.705136883395805,13.762395621429897,2.7171450422863295,3.0972162570971853,0.055676947659736756,IPSL-CM6A-LR,tasmax,9
1054,19.456716365238172,22.202507486753888,2.7457911215157154,14.112304820465031,2.7678376585816498,3.0993848374321304,-0.015435130584553468,IPSL-CM6A-LR,tasmax,10
1020,19.436578471298105,22.392809432252605,2.956230960954504,15.209626351263188,2.9816516004528544,3.3316620770718255,0.09094363326406724,IPSL-CM6A-LR,tasmax,11
1054,19.71930387939916,22.43393525151198,2.714631372112818,13.766365124829813,2.8260310433487317,3.246731729270032,0.00891917552892944,IPSL-CM6A-LR,tasmax,12
1054,68.90529208054431,73.89885173727637,4.9935596567320255,7.246990043805325,6.863484173379024,8.532334103362935,0.049002195680048787,IPSL-CM6A-LR,rh,1
960,66.13892313126364,70.7644366129717,4.625513481708071,6.9936328907683825,8.079136242675023,9.877728427883996,-0.037053388896090604,IPSL-CM6A-LR,rh,2
1054,68.50894283634756,69.35866794186086,0.8497251055132945,1.240312680846786,9.460059611442212,11.613675632035994,-0.05290960762844154,IPSL-CM6A-LR,rh,3
1020,74.35235193435855,72.23260566897808,-2.119746265380484,-2.850947159347275,9.78522740288786,12.161900600600129,0.07950002573800212,IPSL-CM6A-LR,rh,4
1054,82.20170000946295,82.57926321908273,0.37756320961976936,0.4593131402103664,7.751203594449238,10.178484207395089,0.23989266281256277,IPSL-CM6A-LR,rh,5
1020,87.42678449571326,88.89020565882713,1.4634211631138798,1.6738819476834752,5.501702432941088,7.035870588949962,-0.05049966528488536,IPSL-CM6A-LR,rh,6
1054,82.67233529844425,87.06937518990857,4.397039891464309,5.318635158413208,6.665943467135993,8.193531124850162,0.06855000026235757,IPSL-CM6A-LR,rh,7
1054,83.63236799241542,87.8467887869874,4.214420794572,5.03922212863111,7.024112220839996,8.44652507213176,-0.042069714947693966,IPSL-CM6A-LR,rh,8
1020,88.23264707608286,90.34430517586792,2.111658099785041,2.3932843111509077,4.914660050956604,6.2060014451946515,0.027795953099947382,IPSL-CM6A-LR,rh,9
1054,85.52617495386494,88.87211332553453,3.345938371669588,3.912180538267349,6.030589338275235,7.4323338024348535,0.14565761501104119,IPSL-CM6A-LR,rh,10
1020,79.54019963880404,83.804379239558,4.2641796007539545,5.361037085797879,6.559430377269557,8.222469013489512,0.07503036909555402,IPSL-CM6A-LR,rh,11
1054,74.1133167204031,77.7535539503605,3.6402372299574126,4.911718151395685,6.136548547700706,7.696321997343678,0.15490602401461567,IPSL-CM6A-LR,rh,12
1054,18.404217912734683,19.3642450604983,0.9600271477636189,5.216343081328841,2.369960487239211,3.0124147805920134,0.04419706168834643,IPSL-CM6A-LR,shortwave,1
960,20.46423680803776,21.295626356656438,0.8313895486186738,4.062646246803243,2.5502723430946475,3.2433716172602756,0.11267881045250706,IPSL-CM6A-LR,shortwave,2
1054,22.202694948485384,22.857456626571363,0.6547616780859806,2.9490189348867624,2.7758561513512703,3.509646087005619,0.089895271313032,IPSL-CM6A-LR,shortwave,3
1020,22.32553785929223,23.15533305606618,0.8297951967739484,3.716798233501797,2.9583970144369323,3.72003422619294,0.005005327341788053,IPSL-CM6A-LR,shortwave,4
1054,19.96992643498379,21.55593343516226,1.5860070001784699,7.941977179245213,3.6094666569051284,4.637558405066856,0.07209216867347269,IPSL-CM6A-LR,shortwave,5
1020,18.006273503707448,20.807620007086435,2.801346503378986,15.557613866090593,3.943888939306812,5.1080566731955495,0.039524103057516476,IPSL-CM6A-LR,shortwave,6
1054,19.435099001302003,21.872180300734442,2.4370812994324345,12.539587780176312,3.542940254186746,4.558477818512701,0.04290191889302238,IPSL-CM6A-LR,shortwave,7
1054,19.241940832421548,21.592658621851957,2.3507177894304068,12.216635576955856,3.3612583014097117,4.459454132246357,-0.012665024024575639,IPSL-CM6A-LR,shortwave,8
1020,17.0613806266916,19.60008918011363,2.5387085534220275,14.879854151136843,3.712168754821997,4.911966822643798,0.01396235161552646,IPSL-CM6A-LR,shortwave,9
1054,16.324083081978984,19.393157837085703,3.069074755106715,18.800901341251002,3.917097675227584,5.054853772157775,-0.04108477084699216,IPSL-CM6A-LR,shortwave,10
1020,16.878443072645123,19.116634796452168,2.238191723807049,13.26065274014808,3.077377682195221,4.056954887310556,-0.018592133027790607,IPSL-CM6A-LR,shortwave,11
1054,17.273098846655497,18.614979844452645,1.3418809977971493,7.7686176042289645,2.4103072499679477,3.106148131645426,0.006083728914204883,IPSL-CM6A-LR,shortwave,12
1054,29.56285755839687,27.078137307186093,-2.4847202512107756,-8.40487170870608,2.6039252311232906,2.9691110796245783,-0.01641867727960073,IPSL-CM6A-LR,longwave,1
960,29.676811075626073,27.441150819742173,-2.235660255883902,-7.533357442572652,2.35431790922657,2.7037790995169586,0.09011751911210626,IPSL-CM6A-LR,longwave,2
1054,30.114206411355994,28.212675315661137,-1.9015310956948541,-6.3143988246616765,2.130470844154319,2.46308791230399,0.12259476243798978,IPSL-CM6A-LR,longwave,3
1020,30.91169492617976,28.874275840564167,-2.0374190856155914,-6.591094698887115,2.1591625268582995,2.431098970205613,0.05398421398527675,IPSL-CM6A-LR,longwave,4
1054,31.78111136081439,29.24608827847041,-2.5350230823439768,-7.9765086046349545,2.5661199530248076,2.762648474087407,0.010888387468131016,IPSL-CM6A-LR,longwave,5
1020,32.31927905268407,29.12338537573172,-3.195893676952348,-9.888505469885887,3.195893676952348,3.3007352629025895,0.05730342061579316,IPSL-CM6A-LR,longwave,6
1054,31.95423575452316,28.751708545292487,-3.2025272092306727,-10.022230648333847,3.202575450485761,3.3085419495035,0.09365833700294439,IPSL-CM6A-LR,longwave,7
1054,32.04969838689038,28.81158160254918,-3.2381167843411975,-10.103423580627886,3.2381167843411975,3.3334126634471213,0.06294473901728838,IPSL-CM6A-LR,longwave,8
1020,32.315648778700286,28.973846914519235,-3.34180186418105,-10.341125709918224,3.34180186418105,3.4308637732421805,0.026909241648937147,IPSL-CM6A-LR,longwave,9
1054,32.00403175713533,28.48945960752255,-3.514572149612779,-10.981654362435762,3.5206132330440085,3.6917037415353295,0.09849855095355774,IPSL-CM6A-LR,longwave,10
1020,30.951772399490835,27.62985457511527,-3.3219178243755687,-10.732560906367402,3.342431636795109,3.6308487993628304,0.07622984809325574,IPSL-CM6A-LR,longwave,11
1054,30.02933934645889,27.19675766128577,-2.832581685173122,-9.4327139618113,2.901505606024145,3.224772326066392,0.045004365248773846,IPSL-CM6A-LR,longwave,12
1054,1.0443244739342783,3.8839688765959517,2.839644402661673,271.9120803483515,2.845327818113564,3.3331050329672407,0.06753588262763618,IPSL-CM6A-LR,wind,1
960,0.9335610295164656,3.568569598583087,2.6350085690666214,282.2534880693782,2.6490279559846526,3.145811220302484,-0.010549119940638662,IPSL-CM6A-LR,wind,2
1054,0.8231485131691066,3.0824177923407308,2.2592692791716242,274.46678734478655,2.265756683634842,2.654792981417729,-0.006442459738720386,IPSL-CM6A-LR,wind,3
1020,0.6684938506913437,2.6572378749666297,1.9887440242752856,297.496233094525,1.9911646578518405,2.2490284196602066,0.03875301260141692,IPSL-CM6A-LR,wind,4
1054,0.5677975445639214,2.1768107907004777,1.6090132461365563,283.3779859636954,1.61216739451456,1.7736939767826103,0.0624038905302659,IPSL-CM6A-LR,wind,5
1020,0.6524367201109273,2.1620449531465358,1.5096082330356084,231.38002299731758,1.5121619186904203,1.6905302725300058,0.06660692391973666,IPSL-CM6A-LR,wind,6
1054,0.9963955983089723,2.336205651123245,1.3398100528142733,134.4656735826739,1.3448115395428373,1.5177320744328402,0.06871787199548465,IPSL-CM6A-LR,wind,7
1054,0.858463036495093,2.054404090071932,1.1959410535768389,139.3118867947525,1.206751598370077,1.4021624404374964,-0.016378052054780733,IPSL-CM6A-LR,wind,8
1020,0.640677631224259,2.0852709184087104,1.4445932871844513,225.47896426850502,1.4464460460445467,1.664475994252713,-0.0896310068201308,IPSL-CM6A-LR,wind,9
1054,0.8093463180435,2.630875998684192,1.8215296806406922,225.06183571008603,1.8259197243304748,2.15427281738269,0.04884294773190652,IPSL-CM6A-LR,wind,10
1020,1.0761163727796093,3.5384339293144302,2.4623175565348205,228.8151745312315,2.502145582371627,2.971022748715211,-0.04677012054065197,IPSL-CM6A-LR,wind,11
1054,1.0701987130665158,3.8478744827378777,2.777675769671362,259.54766491096706,2.7993124823717084,3.3057041051076963,-0.028373110096064882,IPSL-CM6A-LR,wind,12
1054,0.3686543253899506,1.184155581302637,0.8155012559126864,221.21027741911766,1.325775112260585,4.179073780039577,-0.014584250395630088,MIROC6,precip_consensus,1
960,0.6296391970554329,0.8904208308625101,0.2607816338070771,41.41763013272474,1.2466104294032587,2.9594894367745033,-0.01837740746699599,MIROC6,precip_consensus,2
1054,1.5286393068467115,1.0909499307091297,-0.4376893761375819,-28.632612950431767,2.111156956808432,4.209689812037606,-0.005230731564100839,MIROC6,precip_consensus,3
1020,3.3015951336251543,2.5215736132925954,-0.7800215203325591,-23.625595773037585,3.9748693966132254,5.996986108118538,0.03874473054589726,MIROC6,precip_consensus,4
1054,8.25663468976617,8.320691283023395,0.06405659325722471,0.7758196367415986,8.133958916342385,10.755828795404039,0.055910034896626486,MIROC6,precip_consensus,5
1020,10.943573573043981,13.319754533404696,2.3761809603607165,21.713025863998244,9.469578988638233,12.058577635428328,-0.025033609046256584,MIROC6,precip_consensus,6
1054,7.218289280959809,9.968482159163099,2.75019287820329,38.100341662084226,8.384025181185566,10.92926044289475,-0.06303011924864722,MIROC6,precip_consensus,7
1054,8.047922313901696,11.046937274333624,2.999014960431928,37.26446209913752,8.628827446489753,11.024115902287994,-0.03360515926936598,MIROC6,precip_consensus,8
1020,11.492642896448613,13.987688277453044,2.4950453810044304,21.70993568220443,9.756877618701914,12.645301074905596,-0.04092408775476105,MIROC6,precip_consensus,9
1054,7.302695459658507,11.11903475250091,3.816339292842403,52.25932416221647,9.045974036244365,12.640643237205206,0.07408039644153885,MIROC6,precip_consensus,10
1020,2.423605491486269,3.9379319981010306,1.5143265066147618,62.482384692324885,4.565949627047832,8.912381039083002,0.032824313400005564,MIROC6,precip_consensus,11
1054,0.7674585471686034,1.4902730238764579,0.7228144767078545,94.18286881741628,1.8361668411987877,4.543588419995884,0.034352608569873065,MIROC6,precip_consensus,12
1054,15.332099226326973,15.97372930777137,0.6416300814443964,4.184880830556092,1.3898764475205416,1.7408865775873865,0.09483982287662357,MIROC6,tas,1
960,16.029824437417012,16.42487887311288,0.3950544356958685,2.4644963345557773,1.153199023433616,1.4733230475817367,0.060840468110032145,MIROC6,tas,2
1054,16.62624387650164,17.50942331707797,0.8831794405763342,5.311960098363274,1.4300235803887666,1.7813516194368377,0.07697858988561343,MIROC6,tas,3
1020,17.132186214938045,18.370097472385947,1.2379112574479025,7.22564675586197,1.5168093596480912,1.8423983066843457,0.03283208990826884,MIROC6,tas,4
1054,17.043248637548622,18.532772763671037,1.4895241261224192,8.739672569470075,1.6597820902446596,2.0085342325423245,-0.10422393680825337,MIROC6,tas,5
1020,16.62766233701668,18.272869532000783,1.6452071949841027,9.894398633062957,1.6686885341393962,1.9279266856933812,-0.07053222588983941,MIROC6,tas,6
1054,16.56660255028934,17.988770374651697,1.4221678243623572,8.584547254304224,1.433124800383143,1.61238545522541,0.04050321840240213,MIROC6,tas,7
1054,16.605652794195006,17.895966784109923,1.290313989914915,7.770329814230382,1.2988887655006274,1.4785133436081848,0.05758602098873182,MIROC6,tas,8
1020,16.254945785407532,17.626012370380266,1.371066584972731,8.434765658853022,1.3805996976783967,1.5509281842873979,0.043768649495878144,MIROC6,tas,9
1054,16.055269399064187,17.427578092001887,1.3723086929377004,8.547403714183009,1.4101914254122494,1.61608677257098,0.1185890528572746,MIROC6,tas,10
1020,15.622706843760522,17.111307054530098,1.4886002107695766,9.528439761795195,1.7675077218243782,2.1555713829642156,-0.10982726330047435,MIROC6,tas,11
1054,15.362106867669596,16.511826723578004,1.1497198559084059,7.484128744918804,1.657727610320707,2.04541637601757,0.043171093380644225,MIROC6,tas,12
1054,11.866369181069388,9.640207701698186,-2.2261614793712003,-18.760258048625627,2.5140556203866398,3.1319377324035846,0.05633391647006101,MIROC6,tasmin,1
960,12.24321210221052,9.828967795345973,-2.4142443068645454,-19.71904339081614,2.642768216700891,3.152508563682275,-0.09033368929277745,MIROC6,tasmin,2
1054,12.879569901170148,10.873542616207933,-2.006027284962215,-15.575266102480343,2.2797083412816828,2.8230889263248655,0.03261204177933358,MIROC6,tasmin,3
1020,13.75964925672512,12.041978767678701,-1.717670489046419,-12.483388616951089,1.91460092738995,2.3213655816549728,0.042295226833329216,MIROC6,tasmin,4
1054,14.386521793153456,13.054742856774835,-1.3317789363786205,-9.257129384897008,1.525035800459326,1.900296471196059,0.036262670668023037,MIROC6,tasmin,5
1020,14.484391844133354,13.528238082946258,-0.9561537611870978,-6.601269638907007,1.1594399401714448,1.4682490094977847,-0.0262516518166624,MIROC6,tasmin,6
1054,14.118229145314213,12.975789566744927,-1.1424395785692856,-8.091946708121371,1.3030425962972934,1.600131740089254,-0.05292328182256499,MIROC6,tasmin,7
1054,14.200022594868791,12.717927716212758,-1.4820948786560337,-10.437271270199188,1.5325878547593819,1.7907678570438021,0.05498374124872671,MIROC6,tasmin,8
1020,14.214839590717506,12.778488427144515,-1.4363511635729906,-10.104589323054679,1.4936687602051872,1.7358244766898063,0.013640041579154476,MIROC6,tasmin,9
1054,13.875989385329087,12.579763643510804,-1.2962257418182828,-9.341501393686322,1.5180726963576516,1.86239869012729,0.10857894443729599,MIROC6,tasmin,10
1020,12.972037244638594,11.649514991713682,-1.322522252924913,-10.195177734873663,2.0026147563881214,2.6515614503487277,-0.0746221159313162,MIROC6,tasmin,11
1054,12.298558151070695,10.497240334309879,-1.8013178167608161,-14.646577221769657,2.330575336069149,2.984010223493328,0.0007193922647340586,MIROC6,tasmin,12
1054,20.189968832132156,22.3072507024641,2.1172818703319405,10.48680108392394,2.490637788993808,2.9981313748799363,0.05759470606291603,MIROC6,tasmax,1
960,21.262673748130634,23.020788903748855,1.758115155618224,8.268551624523672,2.2702985860400124,2.7525647289746478,0.07826500903340505,MIROC6,tasmax,2
1054,21.759423145302176,24.14530402190348,2.3858808766013095,10.964816763152186,2.876581810061276,3.4469659600197127,0.07243874546483885,MIROC6,tasmax,3
1020,21.73241687884188,24.698216344673376,2.9657994658314943,13.646892024784044,3.3259750070261433,4.003976370262547,0.014828697059116387,MIROC6,tasmax,4
1054,20.911058339737632,24.0108026936672,3.099744353929565,14.82346949431569,3.456525938679114,4.215881549274841,-0.03697121085003752,MIROC6,tasmax,5
1020,20.019818351758104,23.017500351607776,2.9976819998496715,14.973572422980654,3.068316157030451,3.6781251716874594,-0.01995106370982899,MIROC6,tasmax,6
1054,20.083047578325736,23.001751298374707,2.918703720048972,14.533171365878404,2.9487492628991223,3.3953676183078674,0.015956744477783922,MIROC6,tasmax,7
1054,20.16143148016815,23.074005602654093,2.912574122485945,14.446266503203935,2.9298407950370797,3.3759756877601794,-0.006876777961296994,MIROC6,tasmax,8
1020,19.65600290681619,22.473536163529563,2.8175332567133715,14.334212657937307,2.8477647450983103,3.2752742141728843,0.02689572750505752,MIROC6,tasmax,9
1054,19.456716365238172,22.27539203150277,2.8186756662645975,14.486903202744475,2.848698938286411,3.2558577852434496,-0.0029517192625256147,MIROC6,tasmax,10
1020,19.436578471298105,22.573098941755177,3.136520470457076,16.13720478163767,3.2250517366401477,3.7349828254002775,0.022512258970691815,MIROC6,tasmax,11
1054,19.71930387939916,22.526412727424887,2.8071088480257242,14.235334397165627,2.9654207226527505,3.4932140005758683,0.05862674097076814,MIROC6,tasmax,12
1054,68.90529208054431,73.48318883265945,4.5778967521151275,6.643752045581583,6.909227174991724,8.648502106210454,0.10801702797975878,MIROC6,rh,1
960,66.13892313126364,70.79645000926351,4.657526877999857,7.042036152835787,8.306553667899006,10.500942512331438,-0.02086741547626985,MIROC6,rh,2
1054,68.50894283634756,67.72264151635925,-0.7863013199883128,-1.147735299122349,9.850999925657684,12.203412348620095,0.03676244507017044,MIROC6,rh,3
1020,74.35235193435855,71.89225076199038,-2.4601011723681823,-3.3087065955089963,11.786171017022445,14.404566562928949,-0.018533846890357173,MIROC6,rh,4
1054,82.20170000946295,82.23850508273458,0.036805073271627194,0.04477410232074305,9.528115866796345,12.323104988078683,0.08598388355787506,MIROC6,rh,5
1020,87.42678449571326,88.34405663847016,0.9172721427569125,1.0491889276814115,5.798362000652793,7.7454599022024775,-0.0574104915911077,MIROC6,rh,6
1054,82.67233529844425,86.33618053340912,3.6638452349648722,4.431766952921456,7.109533510639402,8.606096265431365,-0.06363298221456114,MIROC6,rh,7
1054,83.63236799241542,87.28794689405709,3.6555789016416718,4.371009681291333,6.61759727953974,8.040740867961953,0.09874253243086097,MIROC6,rh,8
1020,88.23264707608286,89.43320227696252,1.2005552008796503,1.3606700474988738,5.037740060975077,6.188539677334599,-0.016661505453676874,MIROC6,rh,9
1054,85.52617495386494,88.60008375145874,3.0739087975938064,3.5941146663602734,6.023781557386497,7.492285108435889,0.10704274137718969,MIROC6,rh,10
1020,79.54019963880404,84.05028539506567,4.510085756261619,5.670196676324852,6.943258635524932,8.532469571588974,0.1046475946141383,MIROC6,rh,11
1054,74.1133167204031,77.52037066501396,3.4070539446108583,4.59708739991245,6.517213167893005,8.076213892468031,0.09836954830485396,MIROC6,rh,12
1054,18.404217912734683,19.270972173819935,0.8667542610852563,4.709541395320641,2.454252476981252,3.1061069864376822,0.0616578568024142,MIROC6,shortwave,1
960,20.46423680803776,21.240588034436588,0.7763512263988251,3.7936974326543016,2.8857937905590556,3.642002224343998,-0.029069981522065073,MIROC6,shortwave,2
1054,22.202694948485384,22.960907664648616,0.75821271616323,3.414958039654342,3.007705015103242,3.790468969250317,0.07499706548680872,MIROC6,shortwave,3
1020,22.32553785929223,22.91754209376601,0.5920042344737815,2.6516908045168566,3.025241347044672,3.7641883499982645,0.041675016386420065,MIROC6,shortwave,4
1054,19.96992643498379,21.56710191245186,1.597175477468068,7.997903661127655,3.831329738335787,4.9309543788817845,-0.019608004824313244,MIROC6,shortwave,5
1020,18.006273503707448,20.875633161656406,2.8693596579489595,15.935333079096933,3.9908371381533727,5.234282047691584,0.011523002220626343,MIROC6,shortwave,6
1054,19.435099001302003,22.183324420475305,2.748225419173299,14.140526986711972,3.901856410408194,5.024699959723997,-0.06320635687431037,MIROC6,shortwave,7
1054,19.241940832421548,21.604654142937378,2.3627133105158276,12.278976071555077,3.4850692883565397,4.543221584978384,0.003519769377465602,MIROC6,shortwave,8
1020,17.0613806266916,19.810130946453395,2.748750319761793,16.110948931421895,3.8300895817683855,5.07333694338338,0.020317510706724447,MIROC6,shortwave,9
1054,16.324083081978984,19.443392128145888,3.119309046166905,19.108632506351764,3.895447754605879,5.066745727056102,0.008083745103410643,MIROC6,shortwave,10
1020,16.878443072645123,19.141560143941735,2.263117071296615,13.408328372208967,3.2444526418917103,4.215066486947336,-0.021229406844183965,MIROC6,shortwave,11
1054,17.273098846655497,18.633973956260668,1.3608751096051712,7.878581149141462,2.5276018925381534,3.2563767472706937,-0.01417242157421056,MIROC6,shortwave,12
1054,29.56285755839687,27.06448197824338,-2.4983755801534913,-8.451062537572138,2.616316023926438,3.008973075395656,0.022999658157320215,MIROC6,longwave,1
960,29.676811075626073,27.509984333586146,-2.1668267420399276,-7.301413674529097,2.351788816256209,2.756670817212923,-0.09298159371582985,MIROC6,longwave,2
1054,30.114206411355994,28.240873678920277,-1.8733327324357198,-6.220760749415899,2.1364876897724576,2.5118338669295137,0.04469463817778703,MIROC6,longwave,3
1020,30.91169492617976,28.93762686506958,-1.9740680611101822,-6.386152767826079,2.100414964793051,2.3936691936961068,0.037143372217564745,MIROC6,longwave,4
1054,31.78111136081439,29.20056816854782,-2.580543192266571,-8.119738680530665,2.6088249587805894,2.8191819803464937,0.02881635344588945,MIROC6,longwave,5
1020,32.31927905268407,29.112811073630176,-3.206467979053888,-9.921223718595282,3.206467979053888,3.32355023537942,-0.033109255158710445,MIROC6,longwave,6
1054,31.95423575452316,28.684262312717937,-3.2699734418052278,-10.233301985144047,3.2699734418052278,3.4027864980921274,-0.09778811266003154,MIROC6,longwave,7
1054,32.04969838689038,28.828888465494263,-3.2208099213961114,-10.049423500077472,3.2208099213961114,3.33081020264939,-0.00046699664504706525,MIROC6,longwave,8
1020,32.315648778700286,28.937024136886375,-3.3786246418139076,-10.455072912046278,3.3786246418139076,3.475971114742632,-0.04482105385836058,MIROC6,longwave,9
1054,32.00403175713533,28.506616109339703,-3.4974156477956257,-10.928047048371877,3.5016642522672403,3.666085454069314,0.19753128225262614,MIROC6,longwave,10
1020,30.951772399490835,27.648679629852676,-3.303092769638158,-10.671740302964023,3.3362503510739,3.657389713929397,-0.004361429159959261,MIROC6,longwave,11
1054,30.02933934645889,27.209976005447448,-2.8193633410114387,-9.388695863347065,2.8918127404405283,3.2391240409582314,0.03657600734961785,MIROC6,longwave,12
1054,1.0443244739342783,4.194748282487563,3.150423808553284,301.67097364717574,3.160966964635107,3.687772044047107,0.04268913708009875,MIROC6,wind,1
960,0.9335610295164656,3.78455708001915,2.850996050502685,305.3893597057439,2.8707369810962025,3.3639645532838522,-0.0010885240530890963,MIROC6,wind,2
1054,0.8231485131691066,3.4422922578555717,2.619143744686465,318.18605060741834,2.6289724436089665,3.0197704978742324,0.0668740455932163,MIROC6,wind,3
1020,0.6684938506913437,2.9162916563851247,2.2477978056937804,336.24809014610236,2.2513442159393846,2.5402252563805527,0.0257453998749983,MIROC6,wind,4
1054,0.5677975445639214,2.377476930416186,1.809679385852265,318.7191285305982,1.8099147694109103,1.9935802027403402,0.055072168216118544,MIROC6,wind,5
1020,0.6524367201109273,2.3453144937156543,1.6928777736047274,259.4700330963751,1.697178916912258,1.9186556467861748,-0.019734771573330735,MIROC6,wind,6
1054,0.9963955983089723,2.586314240675777,1.5899186423668044,159.56700782953345,1.599944234267705,1.8370498274674,0.02256625161870164,MIROC6,wind,7
1054,0.858463036495093,2.2824348648760626,1.4239718283809695,165.8745651058802,1.4410026993571985,1.6836613250313075,-0.040809666771151706,MIROC6,wind,8
1020,0.640677631224259,2.2251415758427733,1.5844639446185145,247.3106391416837,1.585999619854827,1.843393353631604,0.03502272959477225,MIROC6,wind,9
1054,0.8093463180435,2.7046386549250583,1.8952923368815584,234.17569149671377,1.9042311254243174,2.2603832368925567,0.08777955171144314,MIROC6,wind,10
1020,1.0761163727796093,3.6538089216451586,2.5776925488655493,239.53659790598368,2.610085564794415,3.1248861427151864,0.03295818087099971,MIROC6,wind,11
1054,1.0701987130665158,4.1035905182204,3.0333918051538844,283.4419223381509,3.0517583617782216,3.548993977725834,-0.039145319543116674,MIROC6,wind,12
1054,0.3686543253899506,0.956770599864805,0.5881162744748544,159.5305504289863,1.0597331023628476,2.7300106915488493,0.07904860099676748,MPI-ESM1-2-HR,precip_consensus,1
960,0.6296391970554329,0.7974178887474668,0.16777869169203383,26.646799067889464,1.177485473290082,2.651802150936956,-0.039684129708541294,MPI-ESM1-2-HR,precip_consensus,2
1054,1.5286393068467115,1.178335950236785,-0.35030335660992673,-22.91602440424845,2.2001488285602897,4.506814308571813,-0.017710441947214342,MPI-ESM1-2-HR,precip_consensus,3
1020,3.3015951336251543,2.659524246796963,-0.6420708868281917,-19.447293227719214,3.777109205603121,5.832483762997637,0.07067670927029082,MPI-ESM1-2-HR,precip_consensus,4
1054,8.25663468976617,7.7433026520137735,-0.5133320377523959,-6.217206610686728,7.84873504267541,10.210213327126642,0.07144999954395329,MPI-ESM1-2-HR,precip_consensus,5
1020,10.943573573043981,14.041023570239492,3.0974499971955143,28.303825770634,9.081046020965855,11.388506406662938,-0.003022832502570774,MPI-ESM1-2-HR,precip_consensus,6
1054,7.218289280959809,10.859332896916913,3.641043615957105,50.44191877376462,8.169553120188853,10.348966716207652,-0.010560122011272217,MPI-ESM1-2-HR,precip_consensus,7
1054,8.047922313901696,11.149916155885283,3.1019938419835857,38.54403311802987,8.139585679422467,10.298319036739418,0.03696067869043886,MPI-ESM1-2-HR,precip_consensus,8
1020,11.492642896448613,13.867702230641092,2.3750593341924784,20.66591084045955,8.68071393149532,11.072266064346751,0.0406946385294287,MPI-ESM1-2-HR,precip_consensus,9
1054,7.302695459658507,11.029673341371227,3.7269778817127186,51.03564707444341,9.04683911411082,12.114530876882267,0.07150214819337762,MPI-ESM1-2-HR,precip_consensus,10
1020,2.423605491486269,3.8236595825761976,1.4000540910899293,57.76740876384755,4.354031688599929,7.784279102154555,0.005314303548089012,MPI-ESM1-2-HR,precip_consensus,11
1054,0.7674585471686034,2.2462324144238157,1.4787738672552122,192.68452644261706,2.453847650784551,7.149416011913227,0.00045218985997319674,MPI-ESM1-2-HR,precip_consensus,12
1054,15.332099226326973,15.81690237172439,0.48480314539741787,3.162014139361655,1.553869572854065,1.969250095019699,-0.03480413402599696,MPI-ESM1-2-HR,tas,1
960,16.029824437417012,16.2405813974544,0.2107569600373892,1.314780213970639,1.3089658700269369,1.6653574700714084,0.13731120598259458,MPI-ESM1-2-HR,tas,2
1054,16.62624387650164,17.4382837428021,0.8120398663004634,4.884084898141927,1.5836151005538441,1.9980818828658795,0.10537294656497345,MPI-ESM1-2-HR,tas,3
1020,17.132186214938045,18.528842895533995,1.3966566805959495,8.15223850052578,1.8089377531410598,2.2447100667053386,0.006352267339005015,MPI-ESM1-2-HR,tas,4
1054,17.043248637548622,18.649517335078006,1.606268697529389,9.424662701866344,1.8020100499535439,2.181102006551933,0.00227963081458754,MPI-ESM1-2-HR,tas,5
1020,16.62766233701668,18.246093045018792,1.618430708002111,9.733362845594616,1.6507825040560182,1.9273383302403067,-0.016914751886705166,MPI-ESM1-2-HR,tas,6
1054,16.56660255028934,18.05861928678385,1.4920167364945056,9.006172098143606,1.546129769865372,1.8072144122018674,0.06945889517108551,MPI-ESM1-2-HR,tas,7
1054,16.605652794195006,17.95656904347811,1.3509162492831042,8.135279389650714,1.4101268090839656,1.6689882473842288,0.05325997266366379,MPI-ESM1-2-HR,tas,8
1020,16.254945785407532,17.756882789813755,1.5019370044062204,9.239877045634605,1.5185607057168597,1.7756965762445243,0.014782255495795541,MPI-ESM1-2-HR,tas,9
1054,16.055269399064187,17.457761126860706,1.4024917277965194,8.735398285364594,1.5022176510985261,1.7553546709446586,0.128550843668077,MPI-ESM1-2-HR,tas,10
1020,15.622706843760522,17.067488021139415,1.4447811773788923,9.247956783852194,1.7972794677961634,2.1418321482613756,0.013531585699587489,MPI-ESM1-2-HR,tas,11
1054,15.362106867669596,16.420469483211726,1.0583626155421297,6.889436616077137,1.7838920406746288,2.1215017659581674,0.0468695408246343,MPI-ESM1-2-HR,tas,12
1054,11.866369181069388,9.47307560533744,-2.3932935757319487,-20.168709899486434,2.8572142843230703,3.6185407044623776,-0.0734602386903972,MPI-ESM1-2-HR,tasmin,1
960,12.24321210221052,9.633427900477642,-2.6097842017328787,-21.3161724222819,2.8577468707335965,3.508308024502538,0.08199919990356577,MPI-ESM1-2-HR,tasmin,2
1054,12.879569901170148,10.883020249897992,-1.9965496512721543,-15.501679532720745,2.5289370965531504,3.1915179372699978,0.0815100691669073,MPI-ESM1-2-HR,tasmin,3
1020,13.75964925672512,12.314435705325767,-1.4452135513993538,-10.50327318985254,1.9639679409793531,2.5560850218981823,-0.006118089941886756,MPI-ESM1-2-HR,tasmin,4
1054,14.386521793153456,13.130934727004927,-1.255587066148528,-8.727523470934175,1.6233929619057943,2.1680554350564822,0.06737432984504133,MPI-ESM1-2-HR,tasmin,5
1020,14.484391844133354,13.672101574788147,-0.8122902693452088,-5.608038487816888,1.1677251069227979,1.53528801943222,-0.06943682418431103,MPI-ESM1-2-HR,tasmin,6
1054,14.118229145314213,13.290385425129504,-0.8278437201847104,-5.863651253028916,1.187398721628394,1.5773014555543687,0.030147889818822854,MPI-ESM1-2-HR,tasmin,7
1054,14.200022594868791,12.822402331130483,-1.3776202637383093,-9.701535716120025,1.536173477712987,1.9642540184086108,0.00691832247036585,MPI-ESM1-2-HR,tasmin,8
1020,14.214839590717506,12.912689834181112,-1.3021497565363938,-9.160495609016342,1.425170951684582,1.7614115290928127,0.02605987426227188,MPI-ESM1-2-HR,tasmin,9
1054,13.875989385329087,12.649205184532931,-1.226784200796157,-8.841057503929925,1.5633159609022893,1.9997302314087575,0.1489248094069221,MPI-ESM1-2-HR,tasmin,10
1020,12.972037244638594,11.771021859244543,-1.2010153853940517,-9.258494735593187,1.9671533418492197,2.655259290285843,-0.01565599731977222,MPI-ESM1-2-HR,tasmin,11
1054,12.298558151070695,10.537533997444664,-1.7610241536260307,-14.318948058742304,2.347124675672819,3.118161862640126,-0.0026826609459814858,MPI-ESM1-2-HR,tasmin,12
1054,20.189968832132156,22.160729616090645,1.9707607839584855,9.761088787923423,2.334360534689366,2.870795716994296,0.02370903105701548,MPI-ESM1-2-HR,tasmax,1
960,21.262673748130634,22.847735650248456,1.5850619021178185,7.454668781987841,2.1163799001530355,2.626514788969725,0.06499586477462588,MPI-ESM1-2-HR,tasmax,2
1054,21.759423145302176,23.993547248680162,2.2341241033779844,10.267386632721134,2.6410763410720146,3.243421360191612,0.048666754801836166,MPI-ESM1-2-HR,tasmax,3
1020,21.73241687884188,24.743250233703264,3.010833354861379,13.854111908706518,3.3543603550745877,4.017937010729147,0.04051266723646948,MPI-ESM1-2-HR,tasmax,4
1054,20.911058339737632,24.16810046875428,3.257042129016643,15.57569242120678,3.532800313838026,4.29198842302792,0.014380778624343261,MPI-ESM1-2-HR,tasmax,5
1020,20.019818351758104,22.820084704247186,2.80026635248908,13.9874713310931,2.883280808896982,3.3613109893151103,0.05136726661229275,MPI-ESM1-2-HR,tasmax,6
1054,20.083047578325736,22.826852795926477,2.743805217600746,13.662295062040025,2.7867618980231392,3.1606987434895193,0.05776012804573247,MPI-ESM1-2-HR,tasmax,7
1054,20.16143148016815,23.09073536391752,2.9293038837493683,14.529245538099746,2.951812615787752,3.3231874869180635,0.05757301322145799,MPI-ESM1-2-HR,tasmax,8
1020,19.65600290681619,22.601076460237195,2.9450735534210075,14.98307447034276,2.9790728153758432,3.4143377103362673,0.03302730454678111,MPI-ESM1-2-HR,tasmax,9
1054,19.456716365238172,22.266317203199893,2.809600837961724,14.440262093666654,2.839648791459816,3.2129253525973214,-0.0032197482726203635,MPI-ESM1-2-HR,tasmax,10
1020,19.436578471298105,22.36395343554491,2.9273749642468063,15.061164024160146,3.0224980351259663,3.467083117997348,0.05031937852680633,MPI-ESM1-2-HR,tasmax,11
1054,19.71930387939916,22.303405189535937,2.5841013101367785,13.104424608195222,2.7806423193860743,3.2431936851171517,0.11868253994123729,MPI-ESM1-2-HR,tasmax,12
1054,68.90529208054431,73.8663545480106,4.9610624674662835,7.199827934358411,6.89411956885571,8.605689881282654,0.07723963091839743,MPI-ESM1-2-HR,rh,1
960,66.13892313126364,70.81155470032076,4.672631569057114,7.064873977133712,7.978751258142273,9.863499708756041,0.0410384900078326,MPI-ESM1-2-HR,rh,2
1054,68.50894283634756,68.59706649242725,0.08812365607968614,0.12863088004465886,9.451407619307645,11.788762572544927,-0.03791019593831956,MPI-ESM1-2-HR,rh,3
1020,74.35235193435855,72.4270907664138,-1.9252611679447527,-2.589374939537159,9.983690534499896,12.50031919157911,0.12634357643110383,MPI-ESM1-2-HR,rh,4
1054,82.20170000946295,81.39196021241331,-0.8097397970496428,-0.9850645387582332,9.488983814206751,12.304903376272641,0.1054522528432919,MPI-ESM1-2-HR,rh,5
1020,87.42678449571326,89.13762339534043,1.7108388996271697,1.9568818749259342,5.217109896352632,6.667549832681994,0.12197099241820454,MPI-ESM1-2-HR,rh,6
1054,82.67233529844425,86.89381121650676,4.2214759180625,5.10627394620355,6.698103499448,8.158805434082979,0.1248897301714146,MPI-ESM1-2-HR,rh,7
1054,83.63236799241542,87.52237455563619,3.8900065632207874,4.651317015887401,6.660724183152872,8.03861811784938,0.09492181288936746,MPI-ESM1-2-HR,rh,8
1020,88.23264707608286,89.70004078157842,1.467393705495564,1.6630960921190916,4.9878376190668305,6.232947300462075,0.011067253549324758,MPI-ESM1-2-HR,rh,9
1054,85.52617495386494,88.7694989287264,3.243323974861466,3.792200430582801,6.156407582304978,7.544204840905771,0.07029465450892661,MPI-ESM1-2-HR,rh,10
1020,79.54019963880404,84.30348586087874,4.763286222074697,5.988526862775068,6.983056657307856,8.539918758518509,0.07361033514122163,MPI-ESM1-2-HR,rh,11
1054,74.1133167204031,77.87487074472986,3.7615540243267627,5.075409104300984,6.1742478542403285,7.738078738260597,0.16527667885259276,MPI-ESM1-2-HR,rh,12
1054,18.404217912734683,19.397187463812173,0.9929695510774912,5.395336850420642,2.3054014937236587,2.944019986998453,0.08205857002721935,MPI-ESM1-2-HR,shortwave,1
960,20.46423680803776,21.402368708751244,0.9381319007134804,4.584250610044785,2.52847223067764,3.246538705447015,0.09487800981259631,MPI-ESM1-2-HR,shortwave,2
1054,22.202694948485384,23.03939773042859,0.8367027819432065,3.7684739797782267,2.888981693318303,3.6741700421749424,0.07853113913262262,MPI-ESM1-2-HR,shortwave,3
1020,22.32553785929223,23.059947054279736,0.7344091949875077,3.2895476006721847,2.9940578999739382,3.8106365994864055,0.03585613144633876,MPI-ESM1-2-HR,shortwave,4
1054,19.96992643498379,21.734050250036244,1.764123815052452,8.83390242220431,3.7491310392318153,4.8499643727870865,0.0544945961119671,MPI-ESM1-2-HR,shortwave,5
1020,18.006273503707448,20.71631032178299,2.7100368180755448,15.05051457492054,3.7934721537327643,4.969686049669336,0.08719449171720228,MPI-ESM1-2-HR,shortwave,6
1054,19.435099001302003,21.89054724842724,2.455448247125235,12.634091789091164,3.5445488335219326,4.6108225182699325,0.020619831782314458,MPI-ESM1-2-HR,shortwave,7
1054,19.241940832421548,21.666176557653188,2.4242357252316373,12.598706889000207,3.413754329616063,4.396469553682995,0.0662851303549496,MPI-ESM1-2-HR,shortwave,8
1020,17.0613806266916,19.886803873800723,2.825423247109121,16.56034355560241,3.8283602313500436,5.051055272242955,0.029965391260324055,MPI-ESM1-2-HR,shortwave,9
1054,16.324083081978984,19.475804098134343,3.1517210161553564,19.307185587867462,3.908774290027081,5.091776636932011,-0.03636334469274124,MPI-ESM1-2-HR,shortwave,10
1020,16.878443072645123,19.080227315992836,2.201784243347716,13.044948718736658,3.0383075933194577,4.034283943580596,0.004576295259462757,MPI-ESM1-2-HR,shortwave,11
1054,17.273098846655497,18.49406988780984,1.220971041154343,7.068627650392642,2.379621614160321,3.0553216765536093,0.034820894027154284,MPI-ESM1-2-HR,shortwave,12
1054,29.56285755839687,27.01385199138613,-2.5490055670107408,-8.622324692312212,2.6729965381417196,3.0718719440806157,-0.05865403462584987,MPI-ESM1-2-HR,longwave,1
960,29.676811075626073,27.41082019265097,-2.265990882975106,-7.635560563433285,2.381056328563527,2.7634863648775676,0.08414580562989975,MPI-ESM1-2-HR,longwave,2
1054,30.114206411355994,28.172763182620137,-1.941443228735858,-6.44693471983291,2.1948083411292907,2.569249312263353,0.07155226873592417,MPI-ESM1-2-HR,longwave,3
1020,30.91169492617976,28.940582532060823,-1.9711123941189366,-6.376591121341458,2.0974648814850307,2.389380195955381,0.04588469513960686,MPI-ESM1-2-HR,longwave,4
1054,31.78111136081439,29.187062348346807,-2.594049012467584,-8.162235055335433,2.6191386350685537,2.824167876983716,0.07724353650737985,MPI-ESM1-2-HR,longwave,5
1020,32.31927905268407,29.133938489652394,-3.185340563031671,-9.855852780129183,3.185340563031671,3.2908820422660363,0.03629155685994347,MPI-ESM1-2-HR,longwave,6
1054,31.95423575452316,28.773820533869255,-3.1804152206539054,-9.95303172038378,3.1804152206539054,3.292613540207773,0.030204745031673117,MPI-ESM1-2-HR,longwave,7
1054,32.04969838689038,28.812648102202505,-3.2370502846878724,-10.10009593728956,3.2370502846878724,3.336979247984988,0.03303511300415171,MPI-ESM1-2-HR,longwave,8
1020,32.315648778700286,28.953243663931605,-3.362405114768682,-10.404881974657716,3.362405114768682,3.452908733669644,0.001865914132213622,MPI-ESM1-2-HR,longwave,9
1054,32.00403175713533,28.47400430609777,-3.530027451037557,-11.029946094996404,3.5323722235310964,3.7017648338424936,0.17445781586191358,MPI-ESM1-2-HR,longwave,10
1020,30.951772399490835,27.679674207948484,-3.2720981915423506,-10.571602004918391,3.295758511577442,3.616494331039608,0.036086098283098195,MPI-ESM1-2-HR,longwave,11
1054,30.02933934645889,27.23789577080421,-2.791443575654677,-9.29572090630708,2.878862663156788,3.2392344422542663,-0.03946143506362219,MPI-ESM1-2-HR,longwave,12
1054,1.0443244739342783,3.942790945260362,2.898466471326084,277.5446275243082,2.9139261097276363,3.460114800403495,0.03014073628430081,MPI-ESM1-2-HR,wind,1
960,0.9335610295164656,3.5548373997879836,2.621276370271518,280.78253990841904,2.6500587711848373,3.191325661876144,-0.05578331302416887,MPI-ESM1-2-HR,wind,2
1054,0.8231485131691066,3.245949932845617,2.4228014196765106,294.33345027239005,2.430955349743622,2.8929836235744855,-0.03467490802369287,MPI-ESM1-2-HR,wind,3
1020,0.6684938506913437,2.7759098187301317,2.107415968038788,315.2483700275385,2.1112553441430992,2.4277243618097417,-0.013848177238643563,MPI-ESM1-2-HR,wind,4
1054,0.5677975445639214,2.30482872780503,1.737031183241109,305.92439151444023,1.7388337619712244,1.930120677988558,0.015534284422891217,MPI-ESM1-2-HR,wind,5
1020,0.6524367201109273,2.179267654930946,1.5268309348200189,234.01977352844685,1.5347795494357905,1.7694247849635683,0.015408104051098718,MPI-ESM1-2-HR,wind,6
1054,0.9963955983089723,2.457223737692616,1.4608281393836433,146.61125981115134,1.4813072299411705,1.7609179731897004,-0.04328518965732015,MPI-ESM1-2-HR,wind,7
1054,0.858463036495093,2.1276778785360606,1.2692148420409672,147.84734905102954,1.2932789774649374,1.5311290492973797,0.010216611228742544,MPI-ESM1-2-HR,wind,8
1020,0.640677631224259,2.0928923867697966,1.4522147555455374,226.66855915829728,1.460221759585667,1.6694713981914764,-0.002719805734517222,MPI-ESM1-2-HR,wind,9
1054,0.8093463180435,2.5287277278563094,1.719381409812809,212.44075267670488,1.7368739024186597,2.1131939046236554,0.054245538422378455,MPI-ESM1-2-HR,wind,10
1020,1.0761163727796093,3.494582199931566,2.418465827151957,224.74017572142856,2.4486412387889267,2.972065601662457,0.027610096688714475,MPI-ESM1-2-HR,wind,11
1054,1.0701987130665158,3.8516743794519166,2.7814756663854,259.9027295048264,2.809495700717475,3.345560669509521,0.04979632840512767,MPI-ESM1-2-HR,wind,12
1054,0.3686543253899506,1.2649088990790163,0.8962545736890657,243.11516560697794,1.4250675862882383,4.360782328498156,-0.005929563402049123,MRI-ESM2-0,precip_consensus,1
960,0.6296391970554329,0.9876815173378987,0.3580423202824656,56.864680908825925,1.3317985544075384,3.0111214428525246,-0.04558822886406426,MRI-ESM2-0,precip_consensus,2
1054,1.5286393068467115,1.5690873248546617,0.040448018007950004,2.6460145193692868,2.528158020772553,5.065274296111968,-0.032052608270218774,MRI-ESM2-0,precip_consensus,3
1020,3.3015951336251543,2.1228153246932076,-1.1787798089319474,-35.703342209547245,3.72605084207794,5.773591708420746,0.022154507427702044,MRI-ESM2-0,precip_consensus,4
1054,8.25663468976617,7.910414863631522,-0.3462198261346463,-4.193231735973187,7.326001462417207,9.864540773528777,0.09079155180689125,MRI-ESM2-0,precip_consensus,5
1020,10.943573573043981,13.455103036116581,2.5115294630726006,22.949811104290067,8.609427676926765,10.946971736246018,-0.008838763445589218,MRI-ESM2-0,precip_consensus,6
1054,7.218289280959809,11.278779167322844,4.060489886363035,56.25280074426603,8.232091783138094,10.508371660601254,0.01575942948892324,MRI-ESM2-0,precip_consensus,7
1054,8.047922313901696,10.926818144899704,2.878895830998008,35.77191377736221,7.87834829436142,9.949446269199525,0.06147842849067338,MRI-ESM2-0,precip_consensus,8
1020,11.492642896448613,14.054637458006573,2.561994561557959,22.292475148163277,9.085510599843332,12.11087819467416,-0.0017717235348441622,MRI-ESM2-0,precip_consensus,9
1054,7.302695459658507,11.64232108943282,4.339625629774311,59.42498429172127,9.093980842176844,12.992409747750614,0.10231255822037272,MRI-ESM2-0,precip_consensus,10
1020,2.423605491486269,3.202500526841316,0.7788950353550473,32.137863942427046,3.824132696999324,6.797716766505826,0.07632396476065569,MRI-ESM2-0,precip_consensus,11
1054,0.7674585471686034,2.4944310034552264,1.7269724562866233,225.02485152559305,2.822737209457704,8.139028323783933,-0.037121455614073706,MRI-ESM2-0,precip_consensus,12
1054,15.332099226326973,15.799357236947507,0.4672580106205328,3.047580137090407,1.728030750351165,2.117217607131085,-0.04965935281522309,MRI-ESM2-0,tas,1
960,16.029824437417012,16.25854971439246,0.2287252769754455,1.426873250349219,1.5540043426502825,1.9157293674832836,0.04392497653323795,MRI-ESM2-0,tas,2
1054,16.62624387650164,17.2979626901718,0.6717188136701636,4.040111637118012,1.4681921289265727,1.8648914432526933,0.1356776195091487,MRI-ESM2-0,tas,3
1020,17.132186214938045,18.43484418626438,1.3026579713263384,7.603571167061642,1.807306984690684,2.2177439034058537,-0.07242543701026655,MRI-ESM2-0,tas,4
1054,17.043248637548622,18.79512604930904,1.751877411760424,10.279011056030697,1.8847222954596792,2.2879434534031264,0.03815653107918605,MRI-ESM2-0,tas,5
1020,16.62766233701668,18.29536133662665,1.6676989996099725,10.02966602164709,1.6903288284024542,1.9560473771910387,-0.036943781567091376,MRI-ESM2-0,tas,6
1054,16.56660255028934,17.995082453641327,1.4284799033519868,8.622648482184044,1.4392425732411545,1.6302483019451113,0.058500603545436285,MRI-ESM2-0,tas,7
1054,16.605652794195006,17.896500449502454,1.2908476553074462,7.773543571612553,1.3036669756591566,1.4911337734467756,0.07469660964645305,MRI-ESM2-0,tas,8
1020,16.254945785407532,17.650333970798577,1.3953881853910426,8.584391506514388,1.404806905344662,1.5532830055545888,0.17311087035101105,MRI-ESM2-0,tas,9
1054,16.055269399064187,17.46615938614294,1.4108899870787488,8.787706714911836,1.518029039488893,1.7210954344084335,0.11564557269485252,MRI-ESM2-0,tas,10
1020,15.622706843760522,17.11062354465194,1.487916700891416,9.524064656475764,1.9611581347738856,2.287341806763577,-0.0031372697033521,MRI-ESM2-0,tas,11
1054,15.362106867669596,16.20308848269787,0.8409816150282753,5.474389823430845,1.7822773777338012,2.135993650583565,0.029441057677358006,MRI-ESM2-0,tas,12
1054,11.866369181069388,9.454386551384804,-2.4119826296845837,-20.32620587544553,2.833151826095402,3.664339884583834,-0.03282996448064846,MRI-ESM2-0,tasmin,1
960,12.24321210221052,9.764190723335833,-2.4790213788746898,-20.24812898918169,2.7569591182858657,3.5478324929177885,0.012805974927508977,MRI-ESM2-0,tasmin,2
1054,12.879569901170148,10.775229345290766,-2.1043405558793817,-16.338593384925034,2.5060519034307744,3.1753313807852717,0.06866028070371179,MRI-ESM2-0,tasmin,3
1020,13.75964925672512,12.027909732051436,-1.7317395246736853,-12.585637121725949,2.1427932591558956,2.836404211912487,-0.035189597615548865,MRI-ESM2-0,tasmin,4
1054,14.386521793153456,13.149427543478222,-1.237094249675234,-8.598980820117111,1.59516214186819,2.1589856219337635,-0.031932967080189265,MRI-ESM2-0,tasmin,5
1020,14.484391844133354,13.642615107576496,-0.8417767365568584,-5.811612566238361,1.085980592581838,1.418039917655452,-0.061777317144177946,MRI-ESM2-0,tasmin,6
1054,14.118229145314213,13.123466933778673,-0.9947622115355387,-7.045941819592129,1.18392287060937,1.4942791766310557,-0.014699968824504465,MRI-ESM2-0,tasmin,7
1054,14.200022594868791,12.819621133335126,-1.3804014615336664,-9.72112158492253,1.4448770784644156,1.7137717016407272,0.028229477077880677,MRI-ESM2-0,tasmin,8
1020,14.214839590717506,12.867310715743534,-1.3475288749739736,-9.479733249005,1.3969105294586406,1.6613016277395574,0.017077546843394038,MRI-ESM2-0,tasmin,9
1054,13.875989385329087,12.717071802586648,-1.1589175827424374,-8.351963601008132,1.47226182156873,1.906153033162157,0.11164215905954417,MRI-ESM2-0,tasmin,10
1020,12.972037244638594,11.724643571331097,-1.2473936733074977,-9.616019826207726,2.046686765552309,2.822564062855356,0.043929978172139374,MRI-ESM2-0,tasmin,11
1054,12.298558151070695,10.25554181662783,-2.0430163344428642,-16.611836195326703,2.561313196440776,3.4005877457176226,0.04312396451978967,MRI-ESM2-0,tasmin,12
1054,20.189968832132156,22.144327756222143,1.9543589240899841,9.679851119827582,2.4086979701420588,2.916683598070669,-0.02989728100903781,MRI-ESM2-0,tasmax,1
960,21.262673748130634,22.752909502783346,1.490235754652712,7.008694072558633,2.170603926314089,2.611600056167968,0.06519579167000532,MRI-ESM2-0,tasmax,2
1054,21.759423145302176,23.820695839494274,2.0612726941920996,9.473011671438197,2.565968058843703,3.1297702258238504,0.09304848942840895,MRI-ESM2-0,tasmax,3
1020,21.73241687884188,24.841779098093856,3.1093622192519734,14.307484697107794,3.426843447780588,4.020621526700638,-0.013612351038959445,MRI-ESM2-0,tasmax,4
1054,20.911058339737632,24.440824682347856,3.529766342610226,16.879902897609693,3.6687686077379937,4.388561654225533,0.11457926927535428,MRI-ESM2-0,tasmax,5
1020,20.019818351758104,22.94810824204679,2.9282898902886823,14.626955344135405,2.9897051743201692,3.5061804744398857,0.0010683195257799036,MRI-ESM2-0,tasmax,6
1054,20.083047578325736,22.866698069226413,2.7836504909006843,13.86069758608195,2.817501355172378,3.2009515121972796,0.08669338209032254,MRI-ESM2-0,tasmax,7
1054,20.16143148016815,22.97337990126338,2.811948421095227,13.94716651871276,2.8329300462182267,3.197836676202002,0.0819228640108947,MRI-ESM2-0,tasmax,8
1020,19.65600290681619,22.433356609975995,2.777353703159806,14.129799005049456,2.811647600862914,3.192263614428157,0.08172512607570623,MRI-ESM2-0,tasmax,9
1054,19.456716365238172,22.215246932359566,2.7585305671213938,14.177780645709825,2.7966549134338843,3.135706312101951,0.054867464519636214,MRI-ESM2-0,tasmax,10
1020,19.436578471298105,22.49660347235827,3.060025001060167,15.743640299545984,3.145723474601486,3.566016476000999,0.023538759325488472,MRI-ESM2-0,tasmax,11
1054,19.71930387939916,22.150635124085767,2.431331244686606,12.329701188015202,2.6846142423403045,3.1609574900777133,0.023285558161614872,MRI-ESM2-0,tasmax,12
1054,68.90529208054431,73.81870711132949,4.913415030785165,7.130678765633572,7.014593861899285,8.692583900103198,0.01821659374114711,MRI-ESM2-0,rh,1
960,66.13892313126364,71.2938440850958,5.154920953832154,7.79408056523896,8.277533943509537,10.247699394387187,-0.013708777357234333,MRI-ESM2-0,rh,2
1054,68.50894283634756,69.05942492028633,0.5504820839387817,0.803518578959479,10.142797217267843,12.525586797638073,-0.0313110155442035,MRI-ESM2-0,rh,3
1020,74.35235193435855,71.041356929271,-3.3109950050875616,-4.453114015829183,10.789157938124255,13.351875910926804,0.04995718687154483,MRI-ESM2-0,rh,4
1054,82.20170000946295,81.4095329134716,-0.7921670959913532,-0.9636869990525255,9.264506478631143,12.051792411498843,0.13362449152811204,MRI-ESM2-0,rh,5
1020,87.42678449571326,88.86724170454698,1.4404572088337309,1.6476154500505047,5.117727740785831,6.603927246760676,0.15723838676824903,MRI-ESM2-0,rh,6
1054,82.67233529844425,87.10639761147898,4.434062313034732,5.363417274990384,6.92512592162263,8.50816304031968,0.0653636803696647,MRI-ESM2-0,rh,7
1054,83.63236799241542,87.79367718861883,4.16130919620342,4.975716096644312,6.688408997450174,8.098887642642186,0.16371939008256323,MRI-ESM2-0,rh,8
1020,88.23264707608286,89.82328574535076,1.5906386692678995,1.8027779081548971,4.917172857693856,6.148069717423147,0.04313717464947353,MRI-ESM2-0,rh,9
1054,85.52617495386494,88.93422432474647,3.408049370881541,3.984802749240139,6.074420825492483,7.548337673734436,0.12015016321586588,MRI-ESM2-0,rh,10
1020,79.54019963880404,83.76361290390031,4.223413265096251,5.3097845922878975,6.419159065879367,7.924512065347548,0.14882394235294746,MRI-ESM2-0,rh,11
1054,74.1133167204031,77.74702232617075,3.633705605767654,4.902905127665551,6.2423557363521835,7.719865989007376,0.13166581242716544,MRI-ESM2-0,rh,12
1054,18.404217912734683,19.27351139070374,0.8692934779690582,4.723338324349855,2.359489960330213,3.006235896707238,0.09858870600966693,MRI-ESM2-0,shortwave,1
960,20.46423680803776,21.138543227001254,0.6743064189634924,3.2950479672842934,2.6202887602612557,3.360343529734967,0.09912531336462732,MRI-ESM2-0,shortwave,2
1054,22.202694948485384,22.86121229047286,0.6585173419874769,2.9659342864249885,3.130560943455968,3.9127228755229315,0.035118000155230374,MRI-ESM2-0,shortwave,3
1020,22.32553785929223,23.036473200353992,0.7109353410617641,3.184404091594425,3.248459751909363,4.032453196442477,-0.025421469728026044,MRI-ESM2-0,shortwave,4
1054,19.96992643498379,21.841315713194255,1.8713892782104642,9.371037416202595,3.6812906532262915,4.7551001398073325,0.12657402346154714,MRI-ESM2-0,shortwave,5
1020,18.006273503707448,20.724773260850014,2.718499757142565,15.097514522273766,3.8336300660048956,5.068366003160465,0.043787485846328016,MRI-ESM2-0,shortwave,6
1054,19.435099001302003,21.86944048821837,2.4343414869163644,12.525490540353214,3.622133378882476,4.688544202232525,0.01786777738908957,MRI-ESM2-0,shortwave,7
1054,19.241940832421548,21.62418945915276,2.382248626731212,12.38050073783234,3.426973862122084,4.455689195179579,0.06969605690479042,MRI-ESM2-0,shortwave,8
1020,17.0613806266916,19.818111242035414,2.7567306153438125,16.1577229631174,3.7880707014850623,5.030346527259413,0.0448501081806643,MRI-ESM2-0,shortwave,9
1054,16.324083081978984,19.330652960502213,3.0065698785232295,18.418001571202126,3.877045501506508,5.002213805007501,0.02679364863423233,MRI-ESM2-0,shortwave,10
1020,16.878443072645123,19.08187283097888,2.2034297583337605,13.05469792948413,3.0776567758072364,4.0534665779907915,0.026591582585836823,MRI-ESM2-0,shortwave,11
1054,17.273098846655497,18.518952714095768,1.2458538674402726,7.2126830194195355,2.4548523079490465,3.152544771866031,0.004479647410928451,MRI-ESM2-0,shortwave,12
1054,29.56285755839687,27.033841861355405,-2.5290156970414635,-8.55470649968726,2.6626234752177953,3.055545318779627,-0.012541417824002178,MRI-ESM2-0,longwave,1
960,29.676811075626073,27.48713446796355,-2.1896766076625256,-7.378409365084828,2.3729379150424044,2.75493409762071,0.027789772367583676,MRI-ESM2-0,longwave,2
1054,30.114206411355994,28.146951756301192,-1.967254655054799,-6.532646513019024,2.250962765193051,2.6491922468866886,0.006522227566067385,MRI-ESM2-0,longwave,3
1020,30.91169492617976,28.841472018442627,-2.0702229077371337,-6.697215771186389,2.1887666655802294,2.5073209393474953,0.023434045439830617,MRI-ESM2-0,longwave,4
1054,31.78111136081439,29.16429890744203,-2.616812453372353,-8.233860747232526,2.657779297500875,2.8648850563852135,-0.008431798194370873,MRI-ESM2-0,longwave,5
1020,32.31927905268407,29.166804373347286,-3.1524746793367804,-9.754161515168365,3.152633039736174,3.2660421953158507,0.022876197285109253,MRI-ESM2-0,longwave,6
1054,31.95423575452316,28.798170660533483,-3.1560650939896755,-9.876828593977343,3.157783685149635,3.2871127225574335,-0.019299367648919926,MRI-ESM2-0,longwave,7
1054,32.04969838689038,28.829450232721527,-3.220248154168853,-10.047670699721982,3.220248154168853,3.3260803456122434,0.06321695735664226,MRI-ESM2-0,longwave,8
1020,32.315648778700286,28.957996752374076,-3.35765202632621,-10.390173656483379,3.35765202632621,3.4561207742299285,-0.008504437492104718,MRI-ESM2-0,longwave,9
1054,32.00403175713533,28.525168554657125,-3.4788632024782045,-10.87007796042006,3.489223385883657,3.6622219338009505,0.16259665251734726,MRI-ESM2-0,longwave,10
1020,30.951772399490835,27.637538566242394,-3.3142338332484442,-10.70773521616799,3.3506525513628027,3.6442959698001105,0.08490191621033089,MRI-ESM2-0,longwave,11
1054,30.02933934645889,27.147149983472833,-2.882189362986055,-9.597911328428635,2.9467203754561395,3.288578006115312,0.06549455124878262,MRI-ESM2-0,longwave,12
1054,1.0443244739342783,3.7486009427618834,2.7042764688276053,258.94983181231004,2.7408890096706546,3.3105379067965526,0.004777297813713855,MRI-ESM2-0,wind,1
960,0.9335610295164656,3.4225187265203894,2.488957697003924,266.60899698149035,2.505692546394556,3.091316073414378,0.008735461679933651,MRI-ESM2-0,wind,2
1054,0.8231485131691066,2.9910948561635182,2.1679463429944112,263.3724423127314,2.1816863605751426,2.657714016846744,-0.026957628453704235,MRI-ESM2-0,wind,3
1020,0.6684938506913437,2.660168218679728,1.9916743679883848,297.9345832319374,1.994673752945154,2.283959986469404,-0.04610378340075812,MRI-ESM2-0,wind,4
1054,0.5677975445639214,2.2159288478872794,1.648131303323358,290.2674235037688,1.6524382197116771,1.8388220703158882,0.006698476176436373,MRI-ESM2-0,wind,5
1020,0.6524367201109273,2.1641480947028118,1.5117113745918844,231.7023748042359,1.5154921383991289,1.7209188863327207,0.015297217340678028,MRI-ESM2-0,wind,6
1054,0.9963955983089723,2.258589825438125,1.2621942271291526,126.67601395181583,1.2771790581675178,1.4972708608243073,0.13735175121726192,MRI-ESM2-0,wind,7
1054,0.858463036495093,2.033162499903097,1.1746994634080044,136.83751232948035,1.1970412701753457,1.444854212551456,0.08892144548820152,MRI-ESM2-0,wind,8
1020,0.640677631224259,1.977824910160533,1.337147278936274,208.70828225751285,1.3442666957410376,1.5608909646418971,-0.03842887615635214,MRI-ESM2-0,wind,9
1054,0.8093463180435,2.4475155019847645,1.6381691839412647,202.40645412477406,1.648424991858874,1.9736821360615593,0.08058436264703839,MRI-ESM2-0,wind,10
1020,1.0761163727796093,3.4294990057052046,2.353382632925595,218.6922058296359,2.394764174993705,2.893502197296675,-0.0025162959920307162,MRI-ESM2-0,wind,11
1054,1.0701987130665158,3.827735899970383,2.757537186903868,257.665903839718,2.787451373274018,3.352759499181606,-0.037910815951421116,MRI-ESM2-0,wind,12
1054,0.3686543253899506,0.9533257661567672,0.5846714407668167,158.59611579177056,1.0892830855900684,2.700387881970536,-0.030274602242598217,UKESM1-0-LL,precip_consensus,1
960,0.6296391970554329,0.9011153534933156,0.2714761564378827,43.11614615282316,1.1208584556267769,2.3826165712020115,0.03110986612423319,UKESM1-0-LL,precip_consensus,2
1054,1.5286393068467115,1.3944510259130913,-0.13418828093362017,-8.77828277296001,2.2389841784352402,4.730917941980733,-0.009195667267958065,UKESM1-0-LL,precip_consensus,3
1020,3.3015951336251543,2.291664531165648,-1.0099306024595065,-30.58917164536167,3.5432023145903937,5.461944521423411,0.06765901010342709,UKESM1-0-LL,precip_consensus,4
1054,8.25663468976617,7.441875431256693,-0.8147592585094762,-9.867933960059343,7.119558862940865,9.697026263109851,0.10471754740879526,UKESM1-0-LL,precip_consensus,5
1020,10.943573573043981,13.442529243611594,2.498955670567615,22.834914517530166,8.996329149834656,11.306155738601696,-0.018194992190748233,UKESM1-0-LL,precip_consensus,6
1054,7.218289280959809,10.972077611465416,3.753788330505607,52.003850003729276,8.226084153903136,10.627094009287536,0.029350012735370048,UKESM1-0-LL,precip_consensus,7
1054,8.047922313901696,10.184805507370513,2.1368831934688175,26.55198584332308,7.690550398367073,9.933740794139919,0.022095708165356425,UKESM1-0-LL,precip_consensus,8
1020,11.492642896448613,14.94225404462904,3.4496111481804257,30.015821245489178,9.542485533995064,12.408587681855854,0.016722977053140468,UKESM1-0-LL,precip_consensus,9
1054,7.302695459658507,12.587149068830664,5.284453609172157,72.36305605737627,9.666863761183397,13.083555098618461,0.13681374988404382,UKESM1-0-LL,precip_consensus,10
1020,2.423605491486269,4.476463574669816,2.052858083183547,84.70265026197137,4.855152150477494,8.361302637570992,0.03135468789105836,UKESM1-0-LL,precip_consensus,11
1054,0.7674585471686034,1.5571214106521207,0.7896628634835173,102.89322679339915,1.7943664912590889,4.326306825083754,0.10301132970229467,UKESM1-0-LL,precip_consensus,12
1054,15.332099226326973,15.93712370887303,0.6050244825460593,3.9461294478655797,1.5798083328045434,1.95219740767055,0.01874556420564984,UKESM1-0-LL,tas,1
960,16.029824437417012,16.42111112459112,0.39128668717410897,2.440991719539752,1.3693873299528019,1.7131899119210103,0.04180423109710397,UKESM1-0-LL,tas,2
1054,16.62624387650164,17.462416443522347,0.8361725670207083,5.029233140279481,1.5671564073559203,1.9412614841917626,0.10351341659920417,UKESM1-0-LL,tas,3
1020,17.132186214938045,18.431884169857025,1.299697954918979,7.586293649935553,1.8245100076294076,2.188285748127877,-0.01609977483551438,UKESM1-0-LL,tas,4
1054,17.043248637548622,18.938668425005236,1.8954197874566179,11.121235321772796,2.0308792899301724,2.462537563439283,0.01738815303951135,UKESM1-0-LL,tas,5
1020,16.62766233701668,18.358202147966665,1.7305398109499843,10.407595342476,1.7628371303284658,2.062978547197282,-0.11785771282202978,UKESM1-0-LL,tas,6
1054,16.56660255028934,18.08468377810922,1.518081227819877,9.163503640602299,1.540851300129215,1.7476117327717524,0.03521554582631389,UKESM1-0-LL,tas,7
1054,16.605652794195006,18.02103771886461,1.4153849246696018,8.523512699027354,1.4291926256234098,1.6003270194030494,0.20750517545113192,UKESM1-0-LL,tas,8
1020,16.254945785407532,17.789060889758797,1.5341151043512657,9.437835872257901,1.553641611606013,1.7335574908094062,0.15537000378846086,UKESM1-0-LL,tas,9
1054,16.055269399064187,17.58112063101796,1.5258512319537727,9.503741071094764,1.5774001605667116,1.8192345041344757,0.1142966635044174,UKESM1-0-LL,tas,10
1020,15.622706843760522,17.214285987061903,1.5915791433013817,10.187601669918264,1.9301507414324426,2.32691661608444,-0.018711564293396803,UKESM1-0-LL,tas,11
1054,15.362106867669596,16.521032349231536,1.158925481561939,7.544052984040632,1.7771445377019703,2.18079447718333,-0.03174118541593616,UKESM1-0-LL,tas,12
1054,11.866369181069388,9.6615028476833,-2.204866333386088,-18.58080007238901,2.634057117252055,3.280607174115638,-0.04141354021682408,UKESM1-0-LL,tasmin,1
960,12.24321210221052,9.898620931524636,-2.344591170685884,-19.150131118471485,2.6550750189791805,3.2211734985831835,0.002277241750410919,UKESM1-0-LL,tasmin,2
1054,12.879569901170148,10.954012153410254,-1.925557747759893,-14.950481751606862,2.386874741295102,3.0363829959387743,-0.005063442800667405,UKESM1-0-LL,tasmin,3
1020,13.75964925672512,12.104061389523789,-1.6555878672013344,-12.032195271199626,2.1326014763454406,2.7048786559200417,0.017904084218885244,UKESM1-0-LL,tasmin,4
1054,14.386521793153456,13.319621661469819,-1.0669001316836375,-7.415969940638293,1.5110946018580038,1.9530042576544873,0.13504555634825566,UKESM1-0-LL,tasmin,5
1020,14.484391844133354,13.617734795143987,-0.8666570489893687,-5.9833858287974495,1.209330514167536,1.5342385347520844,-0.03333568227701728,UKESM1-0-LL,tasmin,6
1054,14.118229145314213,13.200233139569882,-0.91799600574433,-6.502203614176424,1.1460256304060363,1.4440633471624378,0.03947584031980627,UKESM1-0-LL,tasmin,7
1054,14.200022594868791,12.801513630358384,-1.3985089645104094,-9.848639008615125,1.4801521872853,1.7624513200272571,0.07314843598556864,UKESM1-0-LL,tasmin,8
1020,14.214839590717506,12.943996753241002,-1.2708428374765057,-8.940254509142575,1.3747252070561218,1.6581702511561354,0.1407571570430467,UKESM1-0-LL,tasmin,9
1054,13.875989385329087,12.85873324935861,-1.0172561359704757,-7.331052998973956,1.400153554855957,1.7716299823999004,0.1302916145906006,UKESM1-0-LL,tasmin,10
1020,12.972037244638594,12.009514075041889,-0.9625231695967068,-7.419984628817823,1.868894351466487,2.450651462053608,0.029533124700251635,UKESM1-0-LL,tasmin,11
1054,12.298558151070695,10.596264437658304,-1.7022937134123914,-13.841408826157332,2.2566158433937953,2.8795024455208615,0.007435655899320894,UKESM1-0-LL,tasmin,12
1054,20.189968832132156,22.21274378751208,2.022774955379922,10.018712620104166,2.434891652336013,2.930660075120947,0.055570112033774204,UKESM1-0-LL,tasmax,1
960,21.262673748130634,22.94360064869589,1.6809269005652578,7.905529287976029,2.1314097807165022,2.6506861137032147,0.05957820856808359,UKESM1-0-LL,tasmax,2
1054,21.759423145302176,23.970820981721676,2.2113978364195,10.162943298875721,2.610216364332229,3.171423061480825,0.1198860578430382,UKESM1-0-LL,tasmax,3
1020,21.73241687884188,24.759706932206047,3.027290053364161,13.929836107236891,3.2883914053668755,3.872457004959217,0.032944180228096094,UKESM1-0-LL,tasmax,4
1054,20.911058339737632,24.557715095982594,3.6466567562449623,17.438891408547985,3.832788138261456,4.490174582261116,0.01571588554163306,UKESM1-0-LL,tasmax,5
1020,20.019818351758104,23.098669824014735,3.0788514722566274,15.379018021840585,3.1170371232331266,3.6364086155542807,-0.055239574923737905,UKESM1-0-LL,tasmax,6
1054,20.083047578325736,22.969134507782638,2.8860869294569076,14.370761798979474,2.9143683699045067,3.256100986790493,0.0537103494444088,UKESM1-0-LL,tasmax,7
1054,20.16143148016815,23.24056206558408,3.0791305854159297,15.272380775366697,3.090854976054309,3.381502803458306,0.09263678216786582,UKESM1-0-LL,tasmax,8
1020,19.65600290681619,22.63412479755008,2.9781218907338873,15.151208029691285,2.9943710524873577,3.3515856200087706,0.08118158140431608,UKESM1-0-LL,tasmax,9
1054,19.456716365238172,22.303508214406413,2.8467918491682407,14.631409512935008,2.860550040356262,3.1920755257822386,0.06592503828592029,UKESM1-0-LL,tasmax,10
1020,19.436578471298105,22.41905758975342,2.9824791184553163,15.344671506147689,3.0518172355177766,3.554012985823258,-0.029453014832830655,UKESM1-0-LL,tasmax,11
1054,19.71930387939916,22.44579957286899,2.7264956934698263,13.826531150109247,2.926793379700001,3.461181310958093,0.009648480192744195,UKESM1-0-LL,tasmax,12
1054,68.90529208054431,73.99667473354359,5.091382652999255,7.388957363460371,6.870018286888456,8.593082699924475,0.08623324592190253,UKESM1-0-LL,rh,1
960,66.13892313126364,71.20778676271439,5.068863631450747,7.6639645634851785,7.601875446818797,9.47112449746035,0.09286134937729572,UKESM1-0-LL,rh,2
1054,68.50894283634756,68.91801379802625,0.4090709616786918,0.5971059320764447,9.713642576377598,11.958146426127804,-0.06648118222645012,UKESM1-0-LL,rh,3
1020,74.35235193435855,71.81808834218982,-2.5342635921687204,-3.408451146785615,10.05133735197441,12.440842028062406,0.10194690240396004,UKESM1-0-LL,rh,4
1054,82.20170000946295,81.06811467647537,-1.133585332987578,-1.3790290624854245,9.184983757578319,11.883943780362381,0.06838757447575476,UKESM1-0-LL,rh,5
1020,87.42678449571326,88.4489179711141,1.0221334754008555,1.1691308119092187,5.560706825207898,7.148020646995385,-0.01146259725896637,UKESM1-0-LL,rh,6
1054,82.67233529844425,86.86742024340556,4.195084944961296,5.074351570954402,6.812328321421523,8.268008576647476,0.06861001696264647,UKESM1-0-LL,rh,7
1054,83.63236799241542,86.8784007020444,3.246032709629,3.881311491650435,6.569747627248295,7.932230827919144,0.02069731599430611,UKESM1-0-LL,rh,8
1020,88.23264707608286,89.65567439949986,1.4230273234170028,1.612812683937646,5.016406553737798,6.222656450164217,0.008884029989637485,UKESM1-0-LL,rh,9
1054,85.52617495386494,89.20433294656786,3.6781579927029284,4.300622580966614,6.32456101444048,7.766736460393967,0.09411066463002667,UKESM1-0-LL,rh,10
1020,79.54019963880404,84.86032572866546,5.320126089861418,6.688600373170262,7.363851333370062,8.988921209345941,-0.012395551497038047,UKESM1-0-LL,rh,11
1054,74.1133167204031,78.42549692513622,4.312180204733115,5.818360850049487,6.689307535154283,8.268222402580964,0.12554181109233953,UKESM1-0-LL,rh,12
1054,18.404217912734683,19.15990572366799,0.7556878109333084,4.106057722835454,2.2963221268431986,2.9305746037814298,0.0968286383361369,UKESM1-0-LL,shortwave,1
960,20.46423680803776,21.010048338895707,0.5458115308579436,2.667148235127755,2.5440893082854656,3.1836973940307947,0.10381213284458533,UKESM1-0-LL,shortwave,2
1054,22.202694948485384,22.754135301955177,0.5514403534697948,2.483664054067512,3.0239758793363607,3.7427405173541928,0.022460383408373263,UKESM1-0-LL,shortwave,3
1020,22.32553785929223,22.966083646768777,0.6405457874765461,2.8691169346674497,2.977794374877205,3.7839961604701005,0.019183424622229207,UKESM1-0-LL,shortwave,4
1054,19.96992643498379,21.778270433692388,1.8083439987085985,9.055336305799798,3.7683184521111213,4.849287355117396,0.02486252611842675,UKESM1-0-LL,shortwave,5
1020,18.006273503707448,20.71447841409593,2.708204910388482,15.04034085581822,3.9300898316950366,5.088878530259734,0.018892456451290736,UKESM1-0-LL,shortwave,6
1054,19.435099001302003,21.955161578668555,2.520062577366551,12.966553847745905,3.6753550473965206,4.750414644871649,0.006748514133257459,UKESM1-0-LL,shortwave,7
1054,19.241940832421548,21.923809844557752,2.6818690121362043,13.93762217383712,3.598473263535016,4.560643387511918,0.055586837437879,UKESM1-0-LL,shortwave,8
1020,17.0613806266916,19.869697124261222,2.8083164975696215,16.46007763976711,3.7731007664278438,5.020301205418914,0.06667806757367145,UKESM1-0-LL,shortwave,9
1054,16.324083081978984,19.2759814040037,2.9518983220247135,18.083088080355765,3.785894901162862,4.8846888856574795,0.08166170906402484,UKESM1-0-LL,shortwave,10
1020,16.878443072645123,19.22782775383562,2.3493846811905024,13.919439554221373,3.223799479118608,4.214010727710874,-0.04623289233491968,UKESM1-0-LL,shortwave,11
1054,17.273098846655497,18.63405562758912,1.360956780933625,7.87905397297683,2.3974028149030917,3.1245899922730533,0.05166991709160936,UKESM1-0-LL,shortwave,12
1054,29.56285755839687,27.103302777369027,-2.4595547810278435,-8.319746412096233,2.5753751304913153,2.963180433461937,0.02753497929550983,UKESM1-0-LL,longwave,1
960,29.676811075626073,27.601220079015512,-2.07559099661056,-6.993982578927653,2.221758848738069,2.58969368405609,0.06197291960060816,UKESM1-0-LL,longwave,2
1054,30.114206411355994,28.24174271078282,-1.8724637005731768,-6.217874962386773,2.133401772293218,2.52305022869137,0.05262625535761311,UKESM1-0-LL,longwave,3
1020,30.91169492617976,28.872129597043195,-2.0395653291365656,-6.5980378429822535,2.1638530527359108,2.461611687900981,0.06154348306898762,UKESM1-0-LL,longwave,4
1054,31.78111136081439,29.24220518933441,-2.53890617147998,-7.98872683417362,2.571852589884691,2.7698374204864034,0.07459847257486998,UKESM1-0-LL,longwave,5
1020,32.31927905268407,29.175572083355306,-3.1437069693287567,-9.727033094408325,3.1437069693287567,3.2502803945022514,0.07873730189126799,UKESM1-0-LL,longwave,6
1054,31.95423575452316,28.798567152566786,-3.155668601956374,-9.87558778184731,3.155668601956374,3.276937062006396,0.034147301677359514,UKESM1-0-LL,longwave,7
1054,32.04969838689038,28.80968007504315,-3.2400183118472277,-10.109356639601097,3.2400183118472277,3.3439244294661754,0.05255616307816898,UKESM1-0-LL,longwave,8
1020,32.315648778700286,29.036352992401273,-3.2792957862990133,-10.147702151226637,3.2792957862990133,3.3721343683555114,0.04157084442369602,UKESM1-0-LL,longwave,9
1054,32.00403175713533,28.642973233833544,-3.3610585233017845,-10.501984714949025,3.3718568750411833,3.5385995099611534,0.15918973466794248,UKESM1-0-LL,longwave,10
1020,30.951772399490835,27.756357420462425,-3.195414979028414,-10.323851370401584,3.2364690659381457,3.530354685065601,0.09140562477402157,UKESM1-0-LL,longwave,11
1054,30.02933934645889,27.22907480243801,-2.800264544020881,-9.325095406573082,2.876118416981925,3.2172177737546277,0.029015721631904082,UKESM1-0-LL,longwave,12
1054,1.0443244739342783,3.8590176661181355,2.8146931921838574,269.522860225623,2.841374409297005,3.3879961973399997,0.02402007535441924,UKESM1-0-LL,wind,1
960,0.9335610295164656,3.3375397247118106,2.403978695195345,257.50632462030643,2.4117387945921545,2.839925299527007,0.039690212636584885,UKESM1-0-LL,wind,2
1054,0.8231485131691066,3.1094250305984152,2.2862765174293083,277.74775521700036,2.289906671182344,2.678434403792956,-0.015854581594029388,UKESM1-0-LL,wind,3
1020,0.6684938506913437,2.715828814024866,2.0473349633335216,306.26085209552883,2.049877344729553,2.277645812686133,-0.03257808229290363,UKESM1-0-LL,wind,4
1054,0.5677975445639214,2.232217432497335,1.6644198879334133,293.1361545798366,1.665781907382985,1.802526640855408,0.031313295330160563,UKESM1-0-LL,wind,5
1020,0.6524367201109273,2.1136543903418015,1.4612176702308743,223.9631254939848,1.467534174761523,1.663722835362457,0.002254366129851089,UKESM1-0-LL,wind,6
1054,0.9963955983089723,2.299835448949076,1.3034398506401033,130.81549666138926,1.3095599984760633,1.5113254059841699,0.060174418696438636,UKESM1-0-LL,wind,7
1054,0.858463036495093,2.0828110613058266,1.224348024810734,142.62093680928479,1.2329232233027485,1.3957191592812397,0.06404852378345804,UKESM1-0-LL,wind,8
1020,0.640677631224259,2.050170510339607,1.4094928791153476,220.000326282966,1.412255663956509,1.6239993843771814,-0.11534005116773492,UKESM1-0-LL,wind,9
1054,0.8093463180435,2.424174075213928,1.614827757170428,199.52246908024304,1.6287377599525914,1.9269076995104437,0.028489105522851475,UKESM1-0-LL,wind,10
1020,1.0761163727796093,3.3261574364760342,2.250041063696425,209.0890093870208,2.2936105768828834,2.768847443185027,-0.016901545055962218,UKESM1-0-LL,wind,11
1054,1.0701987130665158,3.778719806216016,2.7085210931495007,253.08581108162468,2.722568817491305,3.210375586149327,0.08431000694208991,UKESM1-0-LL,wind,12
