{"type": "FeatureCollection", "name": "18D_consenso_ssp245_ssp585_2035", "crs": {"type": "name", "properties": {"name": "EPSG:32615"}}, "features": [{"type": "Feature", "properties": {"year": 2035, "class_id": 4, "class_label": "incierto"}, "geometry": {"type": "Polygon", "coordinates": [[[695080.0, 1633500.0], [695080.0, 1633480.0], [695100.0, 1633480.0], [695100.0, 1633500.0], [695080.0, 1633500.0]]]}}, {"type": "Feature", "properties": {"year": 2035, "class_id": 4, "class_label": "incierto"}, "geometry": {"type": "Polygon", "coordinates": [[[697040.0, 1631240.0], [697040.0, 1631220.0], [697080.0, 1631220.0], [697080.0, 1631240.0], [697040.0, 1631240.0]]]}}, {"type": "Feature", "properties": {"year": 2035, "class_id": 4, "class_label": "incierto"}, "geometry": {"type": "Polygon", "coordinates": [[[697120.0, 1631240.0], [697120.0, 1631220.0], [697140.0, 1631220.0], [697140.0, 1631240.0], [697120.0, 1631240.0]]]}}, {"type": "Feature", "properties": {"year": 2035, "class_id": 4, "class_label": "incierto"}, "geometry": {"type": "Polygon", "coordinates": [[[697000.0, 1631220.0], [697000.0, 1631200.0], [697040.0, 1631200.0], [697040.0, 1631220.0], [697000.0, 1631220.0]]]}}, {"type": "Feature", "properties": {"year": 2035, "class_id": 4, "class_label": "incierto"}, "geometry": {"type": "Polygon", "coordinates": [[[697180.0, 1631240.0], [697180.0, 1631220.0], [697200.0, 1631220.0], [697200.0, 1631180.0], [697220.0, 1631180.0], [697220.0, 1631200.0], [697240.0, 1631200.0], [697240.0, 1631220.0], [697220.0, 1631220.0], [697220.0, 1631240.0], [697180.0, 1631240.0]]]}}, {"type": "Feature", "properties": {"year": 2035, "class_id": 4, "class_label": "incierto"}, "geometry": {"type": "Polygon", "coordinates": [[[696980.0, 1631200.0], [696980.0, 1631180.0], [697000.0, 1631180.0], [697000.0, 1631200.0], [696980.0, 1631200.0]]]}}, {"type": "Feature", "properties": {"year": 2035, "class_id": 4, "class_label": "incierto"}, "geometry": {"type": "Polygon", "coordinates": [[[697260.0, 1631200.0], [697260.0, 1631180.0], [697280.0, 1631180.0], [697280.0, 1631200.0], [697260.0, 1631200.0]]]}}, {"type": "Feature", "properties": {"year": 2035, "class_id": 4, "class_label": "incierto"}, "geometry": {"type": "Polygon", "coordinates": [[[696960.0, 1631180.0], [696960.0, 1631160.0], [696980.0, 1631160.0], [696980.0, 1631180.0], [696960.0, 1631180.0]]]}}, {"type": "Feature", "properties": {"year": 2035, "class_id": 2, "class_label": "expuesto_cierto_ambos"}, "geometry": {"type": "Polygon", "coordinates": [[[697220.0, 1631200.0], [697220.0, 1631180.0], [697200.0, 1631180.0], [697200.0, 1631160.0], [697240.0, 1631160.0], [697240.0, 1631180.0], [697260.0, 1631180.0], [697260.0, 1631200.0], [697220.0, 1631200.0]]]}}, {"type": "Feature", "properties": {"year": 2035, "class_id": 4, "class_label": "incierto"}, "geometry": {"type": "Polygon", "coordinates": [[[696920.0, 1631160.0], [696920.0, 1631140.0], [696940.0, 1631140.0], [696940.0, 1631160.0], [696920.0, 1631160.0]]]}}, {"type": "Feature", "properties": {"year": 2035, "class_id": 2, "class_label": "expuesto_cierto_ambos"}, "geometry": {"type": "Polygon", "coordinates": [[[697080.0, 1631240.0], [697080.0, 1631220.0], [697040.0, 1631220.0], [697040.0, 1631200.0], [697000.0, 1631200.0], [697000.0, 1631180.0], [696980.0, 1631180.0], [696980.0, 1631160.0], [696940.0, 1631160.0], [696940.0, 1631140.0], [697020.0, 1631140.0], [697020.0, 1631160.0], [697040.0, 1631160.0], [697040.0, 1631180.0], [697060.0, 1631180.0], [697060.0, 1631200.0], [697100.0, 1631200.0], [697100.0, 1631180.0], [697140.0, 1631180.0], [697140.0, 1631200.0], [697180.0, 1631200.0], [697180.0, 1631180.0], [697200.0, 1631180.0], [697200.0, 1631220.0], [697180.0, 1631220.0], [697180.0, 1631240.0], [697140.0, 1631240.0], [697140.0, 1631220.0], [697120.0, 1631220.0], [697120.0, 1631240.0], [697080.0, 1631240.0]]]}}, {"type": "Feature", "properties": {"year": 2035, "class_id": 2, "class_label": "expuesto_cierto_ambos"}, "geometry": {"type": "Polygon", "coordinates": [[[697300.0, 1631160.0], [697300.0, 1631140.0], [697320.0, 1631140.0], [697320.0, 1631160.0], [697300.0, 1631160.0]]]}}, {"type": "Feature", "properties": {"year": 2035, "class_id": 2, "class_label": "expuesto_cierto_ambos"}, "geometry": {"type": "Polygon", "coordinates": [[[697260.0, 1631180.0], [697260.0, 1631120.0], [697280.0, 1631120.0], [697280.0, 1631180.0], [697260.0, 1631180.0]]]}}, {"type": "Feature", "properties": {"year": 2035, "class_id": 4, "class_label": "incierto"}, "geometry": {"type": "Polygon", "coordinates": [[[696900.0, 1631140.0], [696900.0, 1631120.0], [696920.0, 1631120.0], [696920.0, 1631140.0], [696900.0, 1631140.0]]]}}, {"type": "Feature", "properties": {"year": 2035, "class_id": 2, "class_label": "expuesto_cierto_ambos"}, "geometry": {"type": "Polygon", "coordinates": [[[696920.0, 1631140.0], [696920.0, 1631120.0], [696940.0, 1631120.0], [696940.0, 1631140.0], [696920.0, 1631140.0]]]}}, {"type": "Feature", "properties": {"year": 2035, "class_id": 2, "class_label": "expuesto_cierto_ambos"}, "geometry": {"type": "Polygon", "coordinates": [[[696900.0, 1631120.0], [696900.0, 1631100.0], [696920.0, 1631100.0], [696920.0, 1631120.0], [696900.0, 1631120.0]]]}}, {"type": "Feature", "properties": {"year": 2035, "class_id": 4, "class_label": "incierto"}, "geometry": {"type": "Polygon", "coordinates": [[[697500.0, 1631120.0], [697500.0, 1631100.0], [697540.0, 1631100.0], [697540.0, 1631120.0], [697500.0, 1631120.0]]]}}, {"type": "Feature", "properties": {"year": 2035, "class_id": 2, "class_label": "expuesto_cierto_ambos"}, "geometry": {"type": "Polygon", "coordinates": [[[697300.0, 1631120.0], [697300.0, 1631100.0], [697320.0, 1631100.0], [697320.0, 1631080.0], [697380.0, 1631080.0], [697380.0, 1631100.0], [697360.0, 1631100.0], [697360.0, 1631120.0], [697300.0, 1631120.0]]]}}, {"type": "Feature", "properties": {"year": 2035, "class_id": 2, "class_label": "expuesto_cierto_ambos"}, "geometry": {"type": "Polygon", "coordinates": [[[696860.0, 1631060.0], [696860.0, 1631040.0], [696880.0, 1631040.0], [696880.0, 1631060.0], [696860.0, 1631060.0]]]}}, {"type": "Feature", "properties": {"year": 2035, "class_id": 2, "class_label": "expuesto_cierto_ambos"}, "geometry": {"type": "Polygon", "coordinates": [[[696900.0, 1631060.0], [696900.0, 1631040.0], [696920.0, 1631040.0], [696920.0, 1631060.0], [696900.0, 1631060.0]]]}}, {"type": "Feature", "properties": {"year": 2035, "class_id": 2, "class_label": "expuesto_cierto_ambos"}, "geometry": {"type": "Polygon", "coordinates": [[[697440.0, 1631120.0], [697440.0, 1631100.0], [697460.0, 1631100.0], [697460.0, 1631080.0], [697500.0, 1631080.0], [697500.0, 1631060.0], [697520.0, 1631060.0], [697520.0, 1631040.0], [697560.0, 1631040.0], [697560.0, 1631020.0], [697600.0, 1631020.0], [697600.0, 1631000.0], [697620.0, 1631000.0], [697620.0, 1631040.0], [697600.0, 1631040.0], [697600.0, 1631060.0], [697540.0, 1631060.0], [697540.0, 1631100.0], [697500.0, 1631100.0], [697500.0, 1631120.0], [697440.0, 1631120.0]]]}}, {"type": "Feature", "properties": {"year": 2035, "class_id": 4, "class_label": "incierto"}, "geometry": {"type": "Polygon", "coordinates": [[[697540.0, 1631100.0], [697540.0, 1631060.0], [697600.0, 1631060.0], [697600.0, 1631040.0], [697620.0, 1631040.0], [697620.0, 1631000.0], [697680.0, 1631000.0], [697680.0, 1631020.0], [697660.0, 1631020.0], [697660.0, 1631040.0], [697640.0, 1631040.0], [697640.0, 1631060.0], [697620.0, 1631060.0], [697620.0, 1631080.0], [697580.0, 1631080.0], [697580.0, 1631100.0], [697540.0, 1631100.0]]]}}, {"type": "Feature", "properties": {"year": 2035, "class_id": 2, "class_label": "expuesto_cierto_ambos"}, "geometry": {"type": "Polygon", "coordinates": [[[696820.0, 1631020.0], [696820.0, 1631000.0], [696840.0, 1631000.0], [696840.0, 1631020.0], [696820.0, 1631020.0]]]}}, {"type": "Feature", "properties": {"year": 2035, "class_id": 2, "class_label": "expuesto_cierto_ambos"}, "geometry": {"type": "Polygon", "coordinates": [[[696800.0, 1631000.0], [696800.0, 1630980.0], [696820.0, 1630980.0], [696820.0, 1631000.0], [696800.0, 1631000.0]]]}}, {"type": "Feature", "properties": {"year": 2035, "class_id": 2, "class_label": "expuesto_cierto_ambos"}, "geometry": {"type": "Polygon", "coordinates": [[[696820.0, 1630980.0], [696820.0, 1630960.0], [696840.0, 1630960.0], [696840.0, 1630980.0], [696820.0, 1630980.0]]]}}, {"type": "Feature", "properties": {"year": 2035, "class_id": 2, "class_label": "expuesto_cierto_ambos"}, "geometry": {"type": "Polygon", "coordinates": [[[697620.0, 1631000.0], [697620.0, 1630980.0], [697640.0, 1630980.0], [697640.0, 1630960.0], [697660.0, 1630960.0], [697660.0, 1630940.0], [697680.0, 1630940.0], [697680.0, 1631000.0], [697620.0, 1631000.0]]]}}, {"type": "Feature", "properties": {"year": 2035, "class_id": 2, "class_label": "expuesto_cierto_ambos"}, "geometry": {"type": "Polygon", "coordinates": [[[696780.0, 1630940.0], [696780.0, 1630920.0], [696800.0, 1630920.0], [696800.0, 1630940.0], [696780.0, 1630940.0]]]}}, {"type": "Feature", "properties": {"year": 2035, "class_id": 2, "class_label": "expuesto_cierto_ambos"}, "geometry": {"type": "Polygon", "coordinates": [[[697680.0, 1630920.0], [697680.0, 1630900.0], [697700.0, 1630900.0], [697700.0, 1630920.0], [697680.0, 1630920.0]]]}}, {"type": "Feature", "properties": {"year": 2035, "class_id": 4, "class_label": "incierto"}, "geometry": {"type": "Polygon", "coordinates": [[[697680.0, 1630900.0], [697680.0, 1630860.0], [697700.0, 1630860.0], [697700.0, 1630900.0], [697680.0, 1630900.0]]]}}, {"type": "Feature", "properties": {"year": 2035, "class_id": 2, "class_label": "expuesto_cierto_ambos"}, "geometry": {"type": "Polygon", "coordinates": [[[696800.0, 1630880.0], [696800.0, 1630860.0], [696820.0, 1630860.0], [696820.0, 1630880.0], [696800.0, 1630880.0]]]}}, {"type": "Feature", "properties": {"year": 2035, "class_id": 4, "class_label": "incierto"}, "geometry": {"type": "Polygon", "coordinates": [[[696700.0, 1630840.0], [696700.0, 1630820.0], [696720.0, 1630820.0], [696720.0, 1630840.0], [696700.0, 1630840.0]]]}}, {"type": "Feature", "properties": {"year": 2035, "class_id": 2, "class_label": "expuesto_cierto_ambos"}, "geometry": {"type": "Polygon", "coordinates": [[[697660.0, 1630900.0], [697660.0, 1630880.0], [697640.0, 1630880.0], [697640.0, 1630860.0], [697660.0, 1630860.0], [697660.0, 1630840.0], [697640.0, 1630840.0], [697640.0, 1630820.0], [697620.0, 1630820.0], [697620.0, 1630800.0], [697660.0, 1630800.0], [697660.0, 1630820.0], [697680.0, 1630820.0], [697680.0, 1630900.0], [697660.0, 1630900.0]]]}}, {"type": "Feature", "properties": {"year": 2035, "class_id": 4, "class_label": "incierto"}, "geometry": {"type": "Polygon", "coordinates": [[[697660.0, 1630820.0], [697660.0, 1630800.0], [697680.0, 1630800.0], [697680.0, 1630820.0], [697660.0, 1630820.0]]]}}, {"type": "Feature", "properties": {"year": 2035, "class_id": 2, "class_label": "expuesto_cierto_ambos"}, "geometry": {"type": "Polygon", "coordinates": [[[696720.0, 1630840.0], [696720.0, 1630820.0], [696680.0, 1630820.0], [696680.0, 1630780.0], [696700.0, 1630780.0], [696700.0, 1630800.0], [696760.0, 1630800.0], [696760.0, 1630820.0], [696740.0, 1630820.0], [696740.0, 1630840.0], [696720.0, 1630840.0]]]}}, {"type": "Feature", "properties": {"year": 2035, "class_id": 4, "class_label": "incierto"}, "geometry": {"type": "Polygon", "coordinates": [[[696620.0, 1630780.0], [696620.0, 1630760.0], [696640.0, 1630760.0], [696640.0, 1630780.0], [696620.0, 1630780.0]]]}}, {"type": "Feature", "properties": {"year": 2035, "class_id": 2, "class_label": "expuesto_cierto_ambos"}, "geometry": {"type": "Polygon", "coordinates": [[[696640.0, 1630780.0], [696640.0, 1630760.0], [696660.0, 1630760.0], [696660.0, 1630780.0], [696640.0, 1630780.0]]]}}, {"type": "Feature", "properties": {"year": 2035, "class_id": 4, "class_label": "incierto"}, "geometry": {"type": "Polygon", "coordinates": [[[696580.0, 1630760.0], [696580.0, 1630740.0], [696600.0, 1630740.0], [696600.0, 1630760.0], [696580.0, 1630760.0]]]}}, {"type": "Feature", "properties": {"year": 2035, "class_id": 2, "class_label": "expuesto_cierto_ambos"}, "geometry": {"type": "Polygon", "coordinates": [[[696660.0, 1630760.0], [696660.0, 1630740.0], [696680.0, 1630740.0], [696680.0, 1630760.0], [696660.0, 1630760.0]]]}}, {"type": "Feature", "properties": {"year": 2035, "class_id": 2, "class_label": "expuesto_cierto_ambos"}, "geometry": {"type": "Polygon", "coordinates": [[[696600.0, 1630760.0], [696600.0, 1630740.0], [696580.0, 1630740.0], [696580.0, 1630700.0], [696600.0, 1630700.0], [696600.0, 1630720.0], [696640.0, 1630720.0], [696640.0, 1630760.0], [696600.0, 1630760.0]]]}}, {"type": "Feature", "properties": {"year": 2035, "class_id": 4, "class_label": "incierto"}, "geometry": {"type": "Polygon", "coordinates": [[[698020.0, 1630720.0], [698020.0, 1630700.0], [698040.0, 1630700.0], [698040.0, 1630720.0], [698020.0, 1630720.0]]]}}, {"type": "Feature", "properties": {"year": 2035, "class_id": 2, "class_label": "expuesto_cierto_ambos"}, "geometry": {"type": "Polygon", "coordinates": [[[697580.0, 1630780.0], [697580.0, 1630760.0], [697600.0, 1630760.0], [697600.0, 1630680.0], [697620.0, 1630680.0], [697620.0, 1630740.0], [697640.0, 1630740.0], [697640.0, 1630780.0], [697580.0, 1630780.0]]]}}, {"type": "Feature", "properties": {"year": 2035, "class_id": 2, "class_label": "expuesto_cierto_ambos"}, "geometry": {"type": "Polygon", "coordinates": [[[696540.0, 1630680.0], [696540.0, 1630660.0], [696560.0, 1630660.0], [696560.0, 1630680.0], [696540.0, 1630680.0]]]}}, {"type": "Feature", "properties": {"year": 2035, "class_id": 2, "class_label": "expuesto_cierto_ambos"}, "geometry": {"type": "Polygon", "coordinates": [[[696520.0, 1630660.0], [696520.0, 1630600.0], [696540.0, 1630600.0], [696540.0, 1630660.0], [696520.0, 1630660.0]]]}}, {"type": "Feature", "properties": {"year": 2035, "class_id": 4, "class_label": "incierto"}, "geometry": {"type": "Polygon", "coordinates": [[[697620.0, 1630640.0], [697620.0, 1630600.0], [697640.0, 1630600.0], [697640.0, 1630640.0], [697620.0, 1630640.0]]]}}, {"type": "Feature", "properties": {"year": 2035, "class_id": 2, "class_label": "expuesto_cierto_ambos"}, "geometry": {"type": "Polygon", "coordinates": [[[695100.0, 1630620.0], [695100.0, 1630600.0], [695140.0, 1630600.0], [695140.0, 1630620.0], [695100.0, 1630620.0]]]}}, {"type": "Feature", "properties": {"year": 2035, "class_id": 2, "class_label": "expuesto_cierto_ambos"}, "geometry": {"type": "Polygon", "coordinates": [[[697600.0, 1630660.0], [697600.0, 1630640.0], [697580.0, 1630640.0], [697580.0, 1630580.0], [697600.0, 1630580.0], [697600.0, 1630600.0], [697620.0, 1630600.0], [697620.0, 1630660.0], [697600.0, 1630660.0]]]}}, {"type": "Feature", "properties": {"year": 2035, "class_id": 4, "class_label": "incierto"}, "geometry": {"type": "Polygon", "coordinates": [[[694940.0, 1630600.0], [694940.0, 1630580.0], [694980.0, 1630580.0], [694980.0, 1630600.0], [694940.0, 1630600.0]]]}}, {"type": "Feature", "properties": {"year": 2035, "class_id": 4, "class_label": "incierto"}, "geometry": {"type": "Polygon", "coordinates": [[[695020.0, 1630600.0], [695020.0, 1630580.0], [695040.0, 1630580.0], [695040.0, 1630600.0], [695020.0, 1630600.0]]]}}, {"type": "Feature", "properties": {"year": 2035, "class_id": 2, "class_label": "expuesto_cierto_ambos"}, "geometry": {"type": "Polygon", "coordinates": [[[697620.0, 1630600.0], [697620.0, 1630580.0], [697640.0, 1630580.0], [697640.0, 1630600.0], [697620.0, 1630600.0]]]}}, {"type": "Feature", "properties": {"year": 2035, "class_id": 4, "class_label": "incierto"}, "geometry": {"type": "Polygon", "coordinates": [[[694880.0, 1630580.0], [694880.0, 1630560.0], [694940.0, 1630560.0], [694940.0, 1630580.0], [694880.0, 1630580.0]]]}}, {"type": "Feature", "properties": {"year": 2035, "class_id": 2, "class_label": "expuesto_cierto_ambos"}, "geometry": {"type": "Polygon", "coordinates": [[[695020.0, 1630580.0], [695020.0, 1630560.0], [695040.0, 1630560.0], [695040.0, 1630580.0], [695020.0, 1630580.0]]]}}, {"type": "Feature", "properties": {"year": 2035, "class_id": 2, "class_label": "expuesto_cierto_ambos"}, "geometry": {"type": "Polygon", "coordinates": [[[695060.0, 1630580.0], [695060.0, 1630560.0], [695080.0, 1630560.0], [695080.0, 1630580.0], [695060.0, 1630580.0]]]}}, {"type": "Feature", "properties": {"year": 2035, "class_id": 2, "class_label": "expuesto_cierto_ambos"}, "geometry": {"type": "Polygon", "coordinates": [[[695160.0, 1630580.0], [695160.0, 1630560.0], [695180.0, 1630560.0], [695180.0, 1630580.0], [695160.0, 1630580.0]]]}}, {"type": "Feature", "properties": {"year": 2035, "class_id": 2, "class_label": "expuesto_cierto_ambos"}, "geometry": {"type": "Polygon", "coordinates": [[[695200.0, 1630580.0], [695200.0, 1630560.0], [695220.0, 1630560.0], [695220.0, 1630580.0], [695200.0, 1630580.0]]]}}, {"type": "Feature", "properties": {"year": 2035, "class_id": 2, "class_label": "expuesto_cierto_ambos"}, "geometry": {"type": "Polygon", "coordinates": [[[694980.0, 1630600.0], [694980.0, 1630580.0], [694940.0, 1630580.0], [694940.0, 1630560.0], [694960.0, 1630560.0], [694960.0, 1630540.0], [695000.0, 1630540.0], [695000.0, 1630580.0], [695020.0, 1630580.0], [695020.0, 1630600.0], [694980.0, 1630600.0]]]}}, {"type": "Feature", "properties": {"year": 2035, "class_id": 2, "class_label": "expuesto_cierto_ambos"}, "geometry": {"type": "Polygon", "coordinates": [[[694880.0, 1630560.0], [694880.0, 1630540.0], [694940.0, 1630540.0], [694940.0, 1630560.0], [694880.0, 1630560.0]]]}}, {"type": "Feature", "properties": {"year": 2035, "class_id": 4, "class_label": "incierto"}, "geometry": {"type": "Polygon", "coordinates": [[[694940.0, 1630560.0], [694940.0, 1630540.0], [694960.0, 1630540.0], [694960.0, 1630560.0], [694940.0, 1630560.0]]]}}, {"type": "Feature", "properties": {"year": 2035, "class_id": 2, "class_label": "expuesto_cierto_ambos"}, "geometry": {"type": "Polygon", "coordinates": [[[697640.0, 1630560.0], [697640.0, 1630540.0], [697680.0, 1630540.0], [697680.0, 1630560.0], [697640.0, 1630560.0]]]}}, {"type": "Feature", "properties": {"year": 2035, "class_id": 2, "class_label": "expuesto_cierto_ambos"}, "geometry": {"type": "Polygon", "coordinates": [[[694620.0, 1630560.0], [694620.0, 1630520.0], [694660.0, 1630520.0], [694660.0, 1630560.0], [694620.0, 1630560.0]]]}}, {"type": "Feature", "properties": {"year": 2035, "class_id": 2, "class_label": "expuesto_cierto_ambos"}, "geometry": {"type": "Polygon", "coordinates": [[[694720.0, 1630540.0], [694720.0, 1630520.0], [694740.0, 1630520.0], [694740.0, 1630540.0], [694720.0, 1630540.0]]]}}, {"type": "Feature", "properties": {"year": 2035, "class_id": 2, "class_label": "expuesto_cierto_ambos"}, "geometry": {"type": "Polygon", "coordinates": [[[694820.0, 1630540.0], [694820.0, 1630520.0], [694840.0, 1630520.0], [694840.0, 1630540.0], [694820.0, 1630540.0]]]}}, {"type": "Feature", "properties": {"year": 2035, "class_id": 2, "class_label": "expuesto_cierto_ambos"}, "geometry": {"type": "Polygon", "coordinates": [[[694940.0, 1630540.0], [694940.0, 1630520.0], [694960.0, 1630520.0], [694960.0, 1630540.0], [694940.0, 1630540.0]]]}}, {"type": "Feature", "properties": {"year": 2035, "class_id": 2, "class_label": "expuesto_cierto_ambos"}, "geometry": {"type": "Polygon", "coordinates": [[[696440.0, 1630540.0], [696440.0, 1630520.0], [696480.0, 1630520.0], [696480.0, 1630540.0], [696440.0, 1630540.0]]]}}, {"type": "Feature", "properties": {"year": 2035, "class_id": 2, "class_label": "expuesto_cierto_ambos"}, "geometry": {"type": "Polygon", "coordinates": [[[694540.0, 1630520.0], [694540.0, 1630500.0], [694560.0, 1630500.0], [694560.0, 1630520.0], [694540.0, 1630520.0]]]}}, {"type": "Feature", "properties": {"year": 2035, "class_id": 2, "class_label": "expuesto_cierto_ambos"}, "geometry": {"type": "Polygon", "coordinates": [[[694880.0, 1630520.0], [694880.0, 1630500.0], [694920.0, 1630500.0], [694920.0, 1630520.0], [694880.0, 1630520.0]]]}}, {"type": "Feature", "properties": {"year": 2035, "class_id": 2, "class_label": "expuesto_cierto_ambos"}, "geometry": {"type": "Polygon", "coordinates": [[[695260.0, 1630520.0], [695260.0, 1630500.0], [695280.0, 1630500.0], [695280.0, 1630520.0], [695260.0, 1630520.0]]]}}, {"type": "Feature", "properties": {"year": 2035, "class_id": 2, "class_label": "expuesto_cierto_ambos"}, "geometry": {"type": "Polygon", "coordinates": [[[696420.0, 1630520.0], [696420.0, 1630500.0], [696440.0, 1630500.0], [696440.0, 1630520.0], [696420.0, 1630520.0]]]}}, {"type": "Feature", "properties": {"year": 2035, "class_id": 2, "class_label": "expuesto_cierto_ambos"}, "geometry": {"type": "Polygon", "coordinates": [[[694560.0, 1630500.0], [694560.0, 1630480.0], [694580.0, 1630480.0], [694580.0, 1630500.0], [694560.0, 1630500.0]]]}}, {"type": "Feature", "properties": {"year": 2035, "class_id": 2, "class_label": "expuesto_cierto_ambos"}, "geometry": {"type": "Polygon", "coordinates": [[[695300.0, 1630500.0], [695300.0, 1630480.0], [695320.0, 1630480.0], [695320.0, 1630500.0], [695300.0, 1630500.0]]]}}, {"type": "Feature", "properties": {"year": 2035, "class_id": 2, "class_label": "expuesto_cierto_ambos"}, "geometry": {"type": "Polygon", "coordinates": [[[696440.0, 1630500.0], [696440.0, 1630480.0], [696460.0, 1630480.0], [696460.0, 1630500.0], [696440.0, 1630500.0]]]}}, {"type": "Feature", "properties": {"year": 2035, "class_id": 2, "class_label": "expuesto_cierto_ambos"}, "geometry": {"type": "Polygon", "coordinates": [[[697660.0, 1630500.0], [697660.0, 1630480.0], [697680.0, 1630480.0], [697680.0, 1630500.0], [697660.0, 1630500.0]]]}}, {"type": "Feature", "properties": {"year": 2035, "class_id": 4, "class_label": "incierto"}, "geometry": {"type": "Polygon", "coordinates": [[[697700.0, 1630500.0], [697700.0, 1630480.0], [697720.0, 1630480.0], [697720.0, 1630500.0], [697700.0, 1630500.0]]]}}, {"type": "Feature", "properties": {"year": 2035, "class_id": 4, "class_label": "incierto"}, "geometry": {"type": "Polygon", "coordinates": [[[693720.0, 1630480.0], [693720.0, 1630460.0], [693760.0, 1630460.0], [693760.0, 1630480.0], [693720.0, 1630480.0]]]}}, {"type": "Feature", "properties": {"year": 2035, "class_id": 4, "class_label": "incierto"}, "geometry": {"type": "Polygon", "coordinates": [[[693820.0, 1630480.0], [693820.0, 1630460.0], [693860.0, 1630460.0], [693860.0, 1630480.0], [693820.0, 1630480.0]]]}}, {"type": "Feature", "properties": {"year": 2035, "class_id": 2, "class_label": "expuesto_cierto_ambos"}, "geometry": {"type": "Polygon", "coordinates": [[[695340.0, 1630480.0], [695340.0, 1630460.0], [695360.0, 1630460.0], [695360.0, 1630480.0], [695340.0, 1630480.0]]]}}, {"type": "Feature", "properties": {"year": 2035, "class_id": 2, "class_label": "expuesto_cierto_ambos"}, "geometry": {"type": "Polygon", "coordinates": [[[697680.0, 1630480.0], [697680.0, 1630460.0], [697700.0, 1630460.0], [697700.0, 1630480.0], [697680.0, 1630480.0]]]}}, {"type": "Feature", "properties": {"year": 2035, "class_id": 2, "class_label": "expuesto_cierto_ambos"}, "geometry": {"type": "Polygon", "coordinates": [[[695360.0, 1630460.0], [695360.0, 1630440.0], [695380.0, 1630440.0], [695380.0, 1630460.0], [695360.0, 1630460.0]]]}}, {"type": "Feature", "properties": {"year": 2035, "class_id": 2, "class_label": "expuesto_cierto_ambos"}, "geometry": {"type": "Polygon", "coordinates": [[[693760.0, 1630480.0], [693760.0, 1630460.0], [693720.0, 1630460.0], [693720.0, 1630440.0], [693780.0, 1630440.0], [693780.0, 1630420.0], [693800.0, 1630420.0], [693800.0, 1630440.0], [693860.0, 1630440.0], [693860.0, 1630420.0], [693900.0, 1630420.0], [693900.0, 1630440.0], [693880.0, 1630440.0], [693880.0, 1630460.0], [693820.0, 1630460.0], [693820.0, 1630480.0], [693760.0, 1630480.0]]]}}, {"type": "Feature", "properties": {"year": 2035, "class_id": 2, "class_label": "expuesto_cierto_ambos"}, "geometry": {"type": "Polygon", "coordinates": [[[693920.0, 1630460.0], [693920.0, 1630420.0], [693960.0, 1630420.0], [693960.0, 1630440.0], [693940.0, 1630440.0], [693940.0, 1630460.0], [693920.0, 1630460.0]]]}}, {"type": "Feature", "properties": {"year": 2035, "class_id": 4, "class_label": "incierto"}, "geometry": {"type": "Polygon", "coordinates": [[[693940.0, 1630460.0], [693940.0, 1630440.0], [693960.0, 1630440.0], [693960.0, 1630420.0], [693980.0, 1630420.0], [693980.0, 1630440.0], [694000.0, 1630440.0], [694000.0, 1630460.0], [693940.0, 1630460.0]]]}}, {"type": "Feature", "properties": {"year": 2035, "class_id": 4, "class_label": "incierto"}, "geometry": {"type": "Polygon", "coordinates": [[[693660.0, 1630440.0], [693660.0, 1630420.0], [693680.0, 1630420.0], [693680.0, 1630440.0], [693660.0, 1630440.0]]]}}, {"type": "Feature", "properties": {"year": 2035, "class_id": 2, "class_label": "expuesto_cierto_ambos"}, "geometry": {"type": "Polygon", "coordinates": [[[693680.0, 1630440.0], [693680.0, 1630420.0], [693700.0, 1630420.0], [693700.0, 1630440.0], [693680.0, 1630440.0]]]}}, {"type": "Feature", "properties": {"year": 2035, "class_id": 4, "class_label": "incierto"}, "geometry": {"type": "Polygon", "coordinates": [[[693620.0, 1630420.0], [693620.0, 1630400.0], [693640.0, 1630400.0], [693640.0, 1630420.0], [693620.0, 1630420.0]]]}}, {"type": "Feature", "properties": {"year": 2035, "class_id": 2, "class_label": "expuesto_cierto_ambos"}, "geometry": {"type": "Polygon", "coordinates": [[[693640.0, 1630420.0], [693640.0, 1630400.0], [693680.0, 1630400.0], [693680.0, 1630420.0], [693640.0, 1630420.0]]]}}, {"type": "Feature", "properties": {"year": 2035, "class_id": 2, "class_label": "expuesto_cierto_ambos"}, "geometry": {"type": "Polygon", "coordinates": [[[693700.0, 1630420.0], [693700.0, 1630400.0], [693720.0, 1630400.0], [693720.0, 1630420.0], [693700.0, 1630420.0]]]}}, {"type": "Feature", "properties": {"year": 2035, "class_id": 2, "class_label": "expuesto_cierto_ambos"}, "geometry": {"type": "Polygon", "coordinates": [[[695420.0, 1630420.0], [695420.0, 1630400.0], [695440.0, 1630400.0], [695440.0, 1630420.0], [695420.0, 1630420.0]]]}}, {"type": "Feature", "properties": {"year": 2035, "class_id": 2, "class_label": "expuesto_cierto_ambos"}, "geometry": {"type": "Polygon", "coordinates": [[[695560.0, 1630420.0], [695560.0, 1630400.0], [695580.0, 1630400.0], [695580.0, 1630420.0], [695560.0, 1630420.0]]]}}, {"type": "Feature", "properties": {"year": 2035, "class_id": 4, "class_label": "incierto"}, "geometry": {"type": "Polygon", "coordinates": [[[695580.0, 1630420.0], [695580.0, 1630400.0], [695620.0, 1630400.0], [695620.0, 1630420.0], [695580.0, 1630420.0]]]}}, {"type": "Feature", "properties": {"year": 2035, "class_id": 2, "class_label": "expuesto_cierto_ambos"}, "geometry": {"type": "Polygon", "coordinates": [[[696280.0, 1630420.0], [696280.0, 1630400.0], [696300.0, 1630400.0], [696300.0, 1630420.0], [696280.0, 1630420.0]]]}}, {"type": "Feature", "properties": {"year": 2035, "class_id": 2, "class_label": "expuesto_cierto_ambos"}, "geometry": {"type": "Polygon", "coordinates": [[[693980.0, 1630440.0], [693980.0, 1630420.0], [693960.0, 1630420.0], [693960.0, 1630400.0], [693980.0, 1630400.0], [693980.0, 1630380.0], [694020.0, 1630380.0], [694020.0, 1630440.0], [693980.0, 1630440.0]]]}}, {"type": "Feature", "properties": {"year": 2035, "class_id": 4, "class_label": "incierto"}, "geometry": {"type": "Polygon", "coordinates": [[[694020.0, 1630420.0], [694020.0, 1630380.0], [694040.0, 1630380.0], [694040.0, 1630420.0], [694020.0, 1630420.0]]]}}, {"type": "Feature", "properties": {"year": 2035, "class_id": 4, "class_label": "incierto"}, "geometry": {"type": "Polygon", "coordinates": [[[692920.0, 1630400.0], [692920.0, 1630380.0], [692940.0, 1630380.0], [692940.0, 1630400.0], [692920.0, 1630400.0]]]}}, {"type": "Feature", "properties": {"year": 2035, "class_id": 2, "class_label": "expuesto_cierto_ambos"}, "geometry": {"type": "Polygon", "coordinates": [[[693600.0, 1630400.0], [693600.0, 1630380.0], [693640.0, 1630380.0], [693640.0, 1630400.0], [693600.0, 1630400.0]]]}}, {"type": "Feature", "properties": {"year": 2035, "class_id": 2, "class_label": "expuesto_cierto_ambos"}, "geometry": {"type": "Polygon", "coordinates": [[[694040.0, 1630400.0], [694040.0, 1630380.0], [694060.0, 1630380.0], [694060.0, 1630400.0], [694040.0, 1630400.0]]]}}, {"type": "Feature", "properties": {"year": 2035, "class_id": 2, "class_label": "expuesto_cierto_ambos"}, "geometry": {"type": "Polygon", "coordinates": [[[695440.0, 1630400.0], [695440.0, 1630380.0], [695460.0, 1630380.0], [695460.0, 1630400.0], [695440.0, 1630400.0]]]}}, {"type": "Feature", "properties": {"year": 2035, "class_id": 2, "class_label": "expuesto_cierto_ambos"}, "geometry": {"type": "Polygon", "coordinates": [[[697700.0, 1630400.0], [697700.0, 1630380.0], [697720.0, 1630380.0], [697720.0, 1630400.0], [697700.0, 1630400.0]]]}}, {"type": "Feature", "properties": {"year": 2035, "class_id": 4, "class_label": "incierto"}, "geometry": {"type": "Polygon", "coordinates": [[[697720.0, 1630400.0], [697720.0, 1630380.0], [697740.0, 1630380.0], [697740.0, 1630400.0], [697720.0, 1630400.0]]]}}, {"type": "Feature", "properties": {"year": 2035, "class_id": 2, "class_label": "expuesto_cierto_ambos"}, "geometry": {"type": "Polygon", "coordinates": [[[695580.0, 1630400.0], [695580.0, 1630360.0], [695620.0, 1630360.0], [695620.0, 1630380.0], [695640.0, 1630380.0], [695640.0, 1630400.0], [695580.0, 1630400.0]]]}}, {"type": "Feature", "properties": {"year": 2035, "class_id": 2, "class_label": "expuesto_cierto_ambos"}, "geometry": {"type": "Polygon", "coordinates": [[[693560.0, 1630380.0], [693560.0, 1630360.0], [693580.0, 1630360.0], [693580.0, 1630380.0], [693560.0, 1630380.0]]]}}, {"type": "Feature", "properties": {"year": 2035, "class_id": 4, "class_label": "incierto"}, "geometry": {"type": "Polygon", "coordinates": [[[694040.0, 1630380.0], [694040.0, 1630360.0], [694060.0, 1630360.0], [694060.0, 1630380.0], [694040.0, 1630380.0]]]}}, {"type": "Feature", "properties": {"year": 2035, "class_id": 2, "class_label": "expuesto_cierto_ambos"}, "geometry": {"type": "Polygon", "coordinates": [[[697720.0, 1630380.0], [697720.0, 1630360.0], [697740.0, 1630360.0], [697740.0, 1630380.0], [697720.0, 1630380.0]]]}}, {"type": "Feature", "properties": {"year": 2035, "class_id": 2, "class_label": "expuesto_cierto_ambos"}, "geometry": {"type": "Polygon", "coordinates": [[[695480.0, 1630400.0], [695480.0, 1630340.0], [695540.0, 1630340.0], [695540.0, 1630380.0], [695560.0, 1630380.0], [695560.0, 1630400.0], [695480.0, 1630400.0]]]}}, {"type": "Feature", "properties": {"year": 2035, "class_id": 4, "class_label": "incierto"}, "geometry": {"type": "Polygon", "coordinates": [[[692880.0, 1630380.0], [692880.0, 1630360.0], [692860.0, 1630360.0], [692860.0, 1630340.0], [692900.0, 1630340.0], [692900.0, 1630380.0], [692880.0, 1630380.0]]]}}, {"type": "Feature", "properties": {"year": 2035, "class_id": 2, "class_label": "expuesto_cierto_ambos"}, "geometry": {"type": "Polygon", "coordinates": [[[692960.0, 1630360.0], [692960.0, 1630340.0], [693000.0, 1630340.0], [693000.0, 1630360.0], [692960.0, 1630360.0]]]}}, {"type": "Feature", "properties": {"year": 2035, "class_id": 2, "class_label": "expuesto_cierto_ambos"}, "geometry": {"type": "Polygon", "coordinates": [[[695740.0, 1630360.0], [695740.0, 1630340.0], [695760.0, 1630340.0], [695760.0, 1630360.0], [695740.0, 1630360.0]]]}}, {"type": "Feature", "properties": {"year": 2035, "class_id": 4, "class_label": "incierto"}, "geometry": {"type": "Polygon", "coordinates": [[[698060.0, 1630360.0], [698060.0, 1630340.0], [698080.0, 1630340.0], [698080.0, 1630360.0], [698060.0, 1630360.0]]]}}, {"type": "Feature", "properties": {"year": 2035, "class_id": 2, "class_label": "expuesto_cierto_ambos"}, "geometry": {"type": "Polygon", "coordinates": [[[694520.0, 1630480.0], [694520.0, 1630320.0], [694540.0, 1630320.0], [694540.0, 1630480.0], [694520.0, 1630480.0]]]}}, {"type": "Feature", "properties": {"year": 2035, "class_id": 2, "class_label": "expuesto_cierto_ambos"}, "geometry": {"type": "Polygon", "coordinates": [[[694020.0, 1630380.0], [694020.0, 1630340.0], [694040.0, 1630340.0], [694040.0, 1630320.0], [694060.0, 1630320.0], [694060.0, 1630360.0], [694040.0, 1630360.0], [694040.0, 1630380.0], [694020.0, 1630380.0]]]}}, {"type": "Feature", "properties": {"year": 2035, "class_id": 2, "class_label": "expuesto_cierto_ambos"}, "geometry": {"type": "Polygon", "coordinates": [[[695660.0, 1630360.0], [695660.0, 1630340.0], [695680.0, 1630340.0], [695680.0, 1630320.0], [695700.0, 1630320.0], [695700.0, 1630360.0], [695660.0, 1630360.0]]]}}, {"type": "Feature", "properties": {"year": 2035, "class_id": 2, "class_label": "expuesto_cierto_ambos"}, "geometry": {"type": "Polygon", "coordinates": [[[697740.0, 1630360.0], [697740.0, 1630320.0], [697760.0, 1630320.0], [697760.0, 1630360.0], [697740.0, 1630360.0]]]}}, {"type": "Feature", "properties": {"year": 2035, "class_id": 4, "class_label": "incierto"}, "geometry": {"type": "Polygon", "coordinates": [[[692820.0, 1630340.0], [692820.0, 1630320.0], [692840.0, 1630320.0], [692840.0, 1630340.0], [692820.0, 1630340.0]]]}}, {"type": "Feature", "properties": {"year": 2035, "class_id": 2, "class_label": "expuesto_cierto_ambos"}, "geometry": {"type": "Polygon", "coordinates": [[[692900.0, 1630380.0], [692900.0, 1630340.0], [692840.0, 1630340.0], [692840.0, 1630320.0], [692920.0, 1630320.0], [692920.0, 1630360.0], [692940.0, 1630360.0], [692940.0, 1630380.0], [692900.0, 1630380.0]]]}}, {"type": "Feature", "properties": {"year": 2035, "class_id": 2, "class_label": "expuesto_cierto_ambos"}, "geometry": {"type": "Polygon", "coordinates": [[[693020.0, 1630340.0], [693020.0, 1630320.0], [693040.0, 1630320.0], [693040.0, 1630340.0], [693020.0, 1630340.0]]]}}, {"type": "Feature", "properties": {"year": 2035, "class_id": 2, "class_label": "expuesto_cierto_ambos"}, "geometry": {"type": "Polygon", "coordinates": [[[693500.0, 1630340.0], [693500.0, 1630320.0], [693520.0, 1630320.0], [693520.0, 1630340.0], [693500.0, 1630340.0]]]}}, {"type": "Feature", "properties": {"year": 2035, "class_id": 2, "class_label": "expuesto_cierto_ambos"}, "geometry": {"type": "Polygon", "coordinates": [[[695860.0, 1630340.0], [695860.0, 1630320.0], [695880.0, 1630320.0], [695880.0, 1630340.0], [695860.0, 1630340.0]]]}}, {"type": "Feature", "properties": {"year": 2035, "class_id": 4, "class_label": "incierto"}, "geometry": {"type": "Polygon", "coordinates": [[[697760.0, 1630340.0], [697760.0, 1630320.0], [697780.0, 1630320.0], [697780.0, 1630340.0], [697760.0, 1630340.0]]]}}, {"type": "Feature", "properties": {"year": 2035, "class_id": 2, "class_label": "expuesto_cierto_ambos"}, "geometry": {"type": "Polygon", "coordinates": [[[692800.0, 1630320.0], [692800.0, 1630300.0], [692840.0, 1630300.0], [692840.0, 1630320.0], [692800.0, 1630320.0]]]}}, {"type": "Feature", "properties": {"year": 2035, "class_id": 2, "class_label": "expuesto_cierto_ambos"}, "geometry": {"type": "Polygon", "coordinates": [[[693080.0, 1630320.0], [693080.0, 1630300.0], [693100.0, 1630300.0], [693100.0, 1630320.0], [693080.0, 1630320.0]]]}}, {"type": "Feature", "properties": {"year": 2035, "class_id": 2, "class_label": "expuesto_cierto_ambos"}, "geometry": {"type": "Polygon", "coordinates": [[[693460.0, 1630320.0], [693460.0, 1630300.0], [693480.0, 1630300.0], [693480.0, 1630320.0], [693460.0, 1630320.0]]]}}, {"type": "Feature", "properties": {"year": 2035, "class_id": 2, "class_label": "expuesto_cierto_ambos"}, "geometry": {"type": "Polygon", "coordinates": [[[694540.0, 1630320.0], [694540.0, 1630300.0], [694560.0, 1630300.0], [694560.0, 1630320.0], [694540.0, 1630320.0]]]}}, {"type": "Feature", "properties": {"year": 2035, "class_id": 2, "class_label": "expuesto_cierto_ambos"}, "geometry": {"type": "Polygon", "coordinates": [[[695920.0, 1630320.0], [695920.0, 1630300.0], [695940.0, 1630300.0], [695940.0, 1630320.0], [695920.0, 1630320.0]]]}}, {"type": "Feature", "properties": {"year": 2035, "class_id": 4, "class_label": "incierto"}, "geometry": {"type": "Polygon", "coordinates": [[[692760.0, 1630300.0], [692760.0, 1630280.0], [692780.0, 1630280.0], [692780.0, 1630300.0], [692760.0, 1630300.0]]]}}, {"type": "Feature", "properties": {"year": 2035, "class_id": 2, "class_label": "expuesto_cierto_ambos"}, "geometry": {"type": "Polygon", "coordinates": [[[692780.0, 1630300.0], [692780.0, 1630280.0], [692800.0, 1630280.0], [692800.0, 1630300.0], [692780.0, 1630300.0]]]}}, {"type": "Feature", "properties": {"year": 2035, "class_id": 2, "class_label": "expuesto_cierto_ambos"}, "geometry": {"type": "Polygon", "coordinates": [[[693140.0, 1630300.0], [693140.0, 1630280.0], [693160.0, 1630280.0], [693160.0, 1630300.0], [693140.0, 1630300.0]]]}}, {"type": "Feature", "properties": {"year": 2035, "class_id": 4, "class_label": "incierto"}, "geometry": {"type": "Polygon", "coordinates": [[[697780.0, 1630300.0], [697780.0, 1630280.0], [697800.0, 1630280.0], [697800.0, 1630300.0], [697780.0, 1630300.0]]]}}, {"type": "Feature", "properties": {"year": 2035, "class_id": 4, "class_label": "incierto"}, "geometry": {"type": "Polygon", "coordinates": [[[692680.0, 1630280.0], [692680.0, 1630260.0], [692720.0, 1630260.0], [692720.0, 1630280.0], [692680.0, 1630280.0]]]}}, {"type": "Feature", "properties": {"year": 2035, "class_id": 2, "class_label": "expuesto_cierto_ambos"}, "geometry": {"type": "Polygon", "coordinates": [[[693240.0, 1630300.0], [693240.0, 1630280.0], [693220.0, 1630280.0], [693220.0, 1630260.0], [693260.0, 1630260.0], [693260.0, 1630280.0], [693320.0, 1630280.0], [693320.0, 1630300.0], [693240.0, 1630300.0]]]}}, {"type": "Feature", "properties": {"year": 2035, "class_id": 2, "class_label": "expuesto_cierto_ambos"}, "geometry": {"type": "Polygon", "coordinates": [[[694100.0, 1630280.0], [694100.0, 1630260.0], [694120.0, 1630260.0], [694120.0, 1630280.0], [694100.0, 1630280.0]]]}}, {"type": "Feature", "properties": {"year": 2035, "class_id": 2, "class_label": "expuesto_cierto_ambos"}, "geometry": {"type": "Polygon", "coordinates": [[[694140.0, 1630260.0], [694140.0, 1630240.0], [694160.0, 1630240.0], [694160.0, 1630260.0], [694140.0, 1630260.0]]]}}, {"type": "Feature", "properties": {"year": 2035, "class_id": 4, "class_label": "incierto"}, "geometry": {"type": "Polygon", "coordinates": [[[697800.0, 1630260.0], [697800.0, 1630240.0], [697820.0, 1630240.0], [697820.0, 1630260.0], [697800.0, 1630260.0]]]}}, {"type": "Feature", "properties": {"year": 2035, "class_id": 2, "class_label": "expuesto_cierto_ambos"}, "geometry": {"type": "Polygon", "coordinates": [[[694200.0, 1630240.0], [694200.0, 1630220.0], [694220.0, 1630220.0], [694220.0, 1630240.0], [694200.0, 1630240.0]]]}}, {"type": "Feature", "properties": {"year": 2035, "class_id": 2, "class_label": "expuesto_cierto_ambos"}, "geometry": {"type": "Polygon", "coordinates": [[[694380.0, 1630240.0], [694380.0, 1630220.0], [694400.0, 1630220.0], [694400.0, 1630240.0], [694380.0, 1630240.0]]]}}, {"type": "Feature", "properties": {"year": 2035, "class_id": 2, "class_label": "expuesto_cierto_ambos"}, "geometry": {"type": "Polygon", "coordinates": [[[692720.0, 1630280.0], [692720.0, 1630260.0], [692660.0, 1630260.0], [692660.0, 1630240.0], [692680.0, 1630240.0], [692680.0, 1630220.0], [692660.0, 1630220.0], [692660.0, 1630200.0], [692700.0, 1630200.0], [692700.0, 1630220.0], [692720.0, 1630220.0], [692720.0, 1630240.0], [692780.0, 1630240.0], [692780.0, 1630280.0], [692720.0, 1630280.0]]]}}, {"type": "Feature", "properties": {"year": 2035, "class_id": 2, "class_label": "expuesto_cierto_ambos"}, "geometry": {"type": "Polygon", "coordinates": [[[697760.0, 1630320.0], [697760.0, 1630260.0], [697780.0, 1630260.0], [697780.0, 1630220.0], [697820.0, 1630220.0], [697820.0, 1630180.0], [697840.0, 1630180.0], [697840.0, 1630240.0], [697800.0, 1630240.0], [697800.0, 1630280.0], [697780.0, 1630280.0], [697780.0, 1630320.0], [697760.0, 1630320.0]]]}}, {"type": "Feature", "properties": {"year": 2035, "class_id": 4, "class_label": "incierto"}, "geometry": {"type": "Polygon", "coordinates": [[[697840.0, 1630220.0], [697840.0, 1630180.0], [697860.0, 1630180.0], [697860.0, 1630220.0], [697840.0, 1630220.0]]]}}, {"type": "Feature", "properties": {"year": 2035, "class_id": 2, "class_label": "expuesto_cierto_ambos"}, "geometry": {"type": "Polygon", "coordinates": [[[694260.0, 1630200.0], [694260.0, 1630180.0], [694280.0, 1630180.0], [694280.0, 1630200.0], [694260.0, 1630200.0]]]}}, {"type": "Feature", "properties": {"year": 2035, "class_id": 4, "class_label": "incierto"}, "geometry": {"type": "Polygon", "coordinates": [[[697900.0, 1630180.0], [697900.0, 1630160.0], [697920.0, 1630160.0], [697920.0, 1630180.0], [697900.0, 1630180.0]]]}}, {"type": "Feature", "properties": {"year": 2035, "class_id": 2, "class_label": "expuesto_cierto_ambos"}, "geometry": {"type": "Polygon", "coordinates": [[[697860.0, 1630200.0], [697860.0, 1630180.0], [697840.0, 1630180.0], [697840.0, 1630160.0], [697860.0, 1630160.0], [697860.0, 1630140.0], [697880.0, 1630140.0], [697880.0, 1630120.0], [697900.0, 1630120.0], [697900.0, 1630100.0], [697920.0, 1630100.0], [697920.0, 1630120.0], [697940.0, 1630120.0], [697940.0, 1630100.0], [697960.0, 1630100.0], [697960.0, 1630140.0], [697940.0, 1630140.0], [697940.0, 1630160.0], [697900.0, 1630160.0], [697900.0, 1630180.0], [697880.0, 1630180.0], [697880.0, 1630200.0], [697860.0, 1630200.0]]]}}, {"type": "Feature", "properties": {"year": 2035, "class_id": 2, "class_label": "expuesto_cierto_ambos"}, "geometry": {"type": "Polygon", "coordinates": [[[692640.0, 1630120.0], [692640.0, 1630100.0], [692660.0, 1630100.0], [692660.0, 1630120.0], [692640.0, 1630120.0]]]}}, {"type": "Feature", "properties": {"year": 2035, "class_id": 4, "class_label": "incierto"}, "geometry": {"type": "Polygon", "coordinates": [[[698100.0, 1630100.0], [698100.0, 1630080.0], [698120.0, 1630080.0], [698120.0, 1630100.0], [698100.0, 1630100.0]]]}}, {"type": "Feature", "properties": {"year": 2035, "class_id": 4, "class_label": "incierto"}, "geometry": {"type": "Polygon", "coordinates": [[[692580.0, 1630080.0], [692580.0, 1630060.0], [692600.0, 1630060.0], [692600.0, 1630080.0], [692580.0, 1630080.0]]]}}, {"type": "Feature", "properties": {"year": 2035, "class_id": 4, "class_label": "incierto"}, "geometry": {"type": "Polygon", "coordinates": [[[698120.0, 1630080.0], [698120.0, 1630060.0], [698140.0, 1630060.0], [698140.0, 1630080.0], [698120.0, 1630080.0]]]}}, {"type": "Feature", "properties": {"year": 2035, "class_id": 2, "class_label": "expuesto_cierto_ambos"}, "geometry": {"type": "Polygon", "coordinates": [[[697960.0, 1630080.0], [697960.0, 1630040.0], [697980.0, 1630040.0], [697980.0, 1630080.0], [697960.0, 1630080.0]]]}}, {"type": "Feature", "properties": {"year": 2035, "class_id": 4, "class_label": "incierto"}, "geometry": {"type": "Polygon", "coordinates": [[[692560.0, 1630060.0], [692560.0, 1630040.0], [692580.0, 1630040.0], [692580.0, 1630060.0], [692560.0, 1630060.0]]]}}, {"type": "Feature", "properties": {"year": 2035, "class_id": 4, "class_label": "incierto"}, "geometry": {"type": "Polygon", "coordinates": [[[697980.0, 1630060.0], [697980.0, 1630040.0], [698000.0, 1630040.0], [698000.0, 1630060.0], [697980.0, 1630060.0]]]}}, {"type": "Feature", "properties": {"year": 2035, "class_id": 4, "class_label": "incierto"}, "geometry": {"type": "Polygon", "coordinates": [[[692540.0, 1630040.0], [692540.0, 1630020.0], [692560.0, 1630020.0], [692560.0, 1630040.0], [692540.0, 1630040.0]]]}}, {"type": "Feature", "properties": {"year": 2035, "class_id": 2, "class_label": "expuesto_cierto_ambos"}, "geometry": {"type": "Polygon", "coordinates": [[[697980.0, 1630040.0], [697980.0, 1630000.0], [698000.0, 1630000.0], [698000.0, 1630040.0], [697980.0, 1630040.0]]]}}, {"type": "Feature", "properties": {"year": 2035, "class_id": 2, "class_label": "expuesto_cierto_ambos"}, "geometry": {"type": "Polygon", "coordinates": [[[692600.0, 1630080.0], [692600.0, 1630060.0], [692580.0, 1630060.0], [692580.0, 1630040.0], [692560.0, 1630040.0], [692560.0, 1630020.0], [692540.0, 1630020.0], [692540.0, 1630000.0], [692600.0, 1630000.0], [692600.0, 1630040.0], [692640.0, 1630040.0], [692640.0, 1630080.0], [692600.0, 1630080.0]]]}}, {"type": "Feature", "properties": {"year": 2035, "class_id": 2, "class_label": "expuesto_cierto_ambos"}, "geometry": {"type": "Polygon", "coordinates": [[[692500.0, 1629980.0], [692500.0, 1629940.0], [692520.0, 1629940.0], [692520.0, 1629980.0], [692500.0, 1629980.0]]]}}, {"type": "Feature", "properties": {"year": 2035, "class_id": 4, "class_label": "incierto"}, "geometry": {"type": "Polygon", "coordinates": [[[698120.0, 1629960.0], [698120.0, 1629940.0], [698140.0, 1629940.0], [698140.0, 1629960.0], [698120.0, 1629960.0]]]}}, {"type": "Feature", "properties": {"year": 2035, "class_id": 2, "class_label": "expuesto_cierto_ambos"}, "geometry": {"type": "Polygon", "coordinates": [[[698060.0, 1629940.0], [698060.0, 1629920.0], [698100.0, 1629920.0], [698100.0, 1629940.0], [698060.0, 1629940.0]]]}}, {"type": "Feature", "properties": {"year": 2035, "class_id": 4, "class_label": "incierto"}, "geometry": {"type": "Polygon", "coordinates": [[[698100.0, 1629940.0], [698100.0, 1629920.0], [698120.0, 1629920.0], [698120.0, 1629940.0], [698100.0, 1629940.0]]]}}, {"type": "Feature", "properties": {"year": 2035, "class_id": 4, "class_label": "incierto"}, "geometry": {"type": "Polygon", "coordinates": [[[698120.0, 1629920.0], [698120.0, 1629900.0], [698140.0, 1629900.0], [698140.0, 1629920.0], [698120.0, 1629920.0]]]}}, {"type": "Feature", "properties": {"year": 2035, "class_id": 2, "class_label": "expuesto_cierto_ambos"}, "geometry": {"type": "Polygon", "coordinates": [[[692140.0, 1629920.0], [692140.0, 1629880.0], [692160.0, 1629880.0], [692160.0, 1629920.0], [692140.0, 1629920.0]]]}}, {"type": "Feature", "properties": {"year": 2035, "class_id": 2, "class_label": "expuesto_cierto_ambos"}, "geometry": {"type": "Polygon", "coordinates": [[[698100.0, 1629920.0], [698100.0, 1629880.0], [698140.0, 1629880.0], [698140.0, 1629900.0], [698120.0, 1629900.0], [698120.0, 1629920.0], [698100.0, 1629920.0]]]}}, {"type": "Feature", "properties": {"year": 2035, "class_id": 4, "class_label": "incierto"}, "geometry": {"type": "Polygon", "coordinates": [[[691780.0, 1629900.0], [691780.0, 1629880.0], [691920.0, 1629880.0], [691920.0, 1629900.0], [691780.0, 1629900.0]]]}}, {"type": "Feature", "properties": {"year": 2035, "class_id": 2, "class_label": "expuesto_cierto_ambos"}, "geometry": {"type": "Polygon", "coordinates": [[[692180.0, 1629900.0], [692180.0, 1629860.0], [692220.0, 1629860.0], [692220.0, 1629880.0], [692260.0, 1629880.0], [692260.0, 1629900.0], [692180.0, 1629900.0]]]}}, {"type": "Feature", "properties": {"year": 2035, "class_id": 4, "class_label": "incierto"}, "geometry": {"type": "Polygon", "coordinates": [[[691920.0, 1629880.0], [691920.0, 1629860.0], [691960.0, 1629860.0], [691960.0, 1629880.0], [691920.0, 1629880.0]]]}}, {"type": "Feature", "properties": {"year": 2035, "class_id": 2, "class_label": "expuesto_cierto_ambos"}, "geometry": {"type": "Polygon", "coordinates": [[[692300.0, 1629880.0], [692300.0, 1629860.0], [692320.0, 1629860.0], [692320.0, 1629880.0], [692300.0, 1629880.0]]]}}, {"type": "Feature", "properties": {"year": 2035, "class_id": 4, "class_label": "incierto"}, "geometry": {"type": "Polygon", "coordinates": [[[698180.0, 1629880.0], [698180.0, 1629860.0], [698200.0, 1629860.0], [698200.0, 1629880.0], [698180.0, 1629880.0]]]}}, {"type": "Feature", "properties": {"year": 2035, "class_id": 4, "class_label": "incierto"}, "geometry": {"type": "Polygon", "coordinates": [[[691900.0, 1629860.0], [691900.0, 1629840.0], [691920.0, 1629840.0], [691920.0, 1629860.0], [691900.0, 1629860.0]]]}}, {"type": "Feature", "properties": {"year": 2035, "class_id": 2, "class_label": "expuesto_cierto_ambos"}, "geometry": {"type": "Polygon", "coordinates": [[[692060.0, 1629860.0], [692060.0, 1629840.0], [692080.0, 1629840.0], [692080.0, 1629860.0], [692060.0, 1629860.0]]]}}, {"type": "Feature", "properties": {"year": 2035, "class_id": 4, "class_label": "incierto"}, "geometry": {"type": "Polygon", "coordinates": [[[691560.0, 1629880.0], [691560.0, 1629860.0], [691580.0, 1629860.0], [691580.0, 1629840.0], [691600.0, 1629840.0], [691600.0, 1629820.0], [691620.0, 1629820.0], [691620.0, 1629840.0], [691660.0, 1629840.0], [691660.0, 1629860.0], [691620.0, 1629860.0], [691620.0, 1629880.0], [691560.0, 1629880.0]]]}}, {"type": "Feature", "properties": {"year": 2035, "class_id": 2, "class_label": "expuesto_cierto_ambos"}, "geometry": {"type": "Polygon", "coordinates": [[[691740.0, 1629880.0], [691740.0, 1629820.0], [691820.0, 1629820.0], [691820.0, 1629860.0], [691880.0, 1629860.0], [691880.0, 1629840.0], [691900.0, 1629840.0], [691900.0, 1629860.0], [691920.0, 1629860.0], [691920.0, 1629880.0], [691740.0, 1629880.0]]]}}, {"type": "Feature", "properties": {"year": 2035, "class_id": 4, "class_label": "incierto"}, "geometry": {"type": "Polygon", "coordinates": [[[691520.0, 1629860.0], [691520.0, 1629840.0], [691540.0, 1629840.0], [691540.0, 1629820.0], [691560.0, 1629820.0], [691560.0, 1629860.0], [691520.0, 1629860.0]]]}}, {"type": "Feature", "properties": {"year": 2035, "class_id": 2, "class_label": "expuesto_cierto_ambos"}, "geometry": {"type": "Polygon", "coordinates": [[[691560.0, 1629860.0], [691560.0, 1629820.0], [691580.0, 1629820.0], [691580.0, 1629800.0], [691700.0, 1629800.0], [691700.0, 1629820.0], [691720.0, 1629820.0], [691720.0, 1629860.0], [691700.0, 1629860.0], [691700.0, 1629840.0], [691680.0, 1629840.0], [691680.0, 1629860.0], [691660.0, 1629860.0], [691660.0, 1629840.0], [691620.0, 1629840.0], [691620.0, 1629820.0], [691600.0, 1629820.0], [691600.0, 1629840.0], [691580.0, 1629840.0], [691580.0, 1629860.0], [691560.0, 1629860.0]]]}}, {"type": "Feature", "properties": {"year": 2035, "class_id": 2, "class_label": "expuesto_cierto_ambos"}, "geometry": {"type": "Polygon", "coordinates": [[[698120.0, 1629860.0], [698120.0, 1629800.0], [698140.0, 1629800.0], [698140.0, 1629820.0], [698160.0, 1629820.0], [698160.0, 1629840.0], [698140.0, 1629840.0], [698140.0, 1629860.0], [698120.0, 1629860.0]]]}}, {"type": "Feature", "properties": {"year": 2035, "class_id": 2, "class_label": "expuesto_cierto_ambos"}, "geometry": {"type": "Polygon", "coordinates": [[[691520.0, 1629840.0], [691520.0, 1629800.0], [691560.0, 1629800.0], [691560.0, 1629820.0], [691540.0, 1629820.0], [691540.0, 1629840.0], [691520.0, 1629840.0]]]}}, {"type": "Feature", "properties": {"year": 2035, "class_id": 4, "class_label": "incierto"}, "geometry": {"type": "Polygon", "coordinates": [[[691500.0, 1629820.0], [691500.0, 1629800.0], [691520.0, 1629800.0], [691520.0, 1629820.0], [691500.0, 1629820.0]]]}}, {"type": "Feature", "properties": {"year": 2035, "class_id": 4, "class_label": "incierto"}, "geometry": {"type": "Polygon", "coordinates": [[[698140.0, 1629820.0], [698140.0, 1629800.0], [698160.0, 1629800.0], [698160.0, 1629820.0], [698140.0, 1629820.0]]]}}, {"type": "Feature", "properties": {"year": 2035, "class_id": 2, "class_label": "expuesto_cierto_ambos"}, "geometry": {"type": "Polygon", "coordinates": [[[691920.0, 1629860.0], [691920.0, 1629840.0], [691900.0, 1629840.0], [691900.0, 1629820.0], [691940.0, 1629820.0], [691940.0, 1629800.0], [692020.0, 1629800.0], [692020.0, 1629780.0], [692060.0, 1629780.0], [692060.0, 1629800.0], [692040.0, 1629800.0], [692040.0, 1629840.0], [692000.0, 1629840.0], [692000.0, 1629860.0], [691920.0, 1629860.0]]]}}, {"type": "Feature", "properties": {"year": 2035, "class_id": 4, "class_label": "incierto"}, "geometry": {"type": "Polygon", "coordinates": [[[691480.0, 1629800.0], [691480.0, 1629780.0], [691500.0, 1629780.0], [691500.0, 1629800.0], [691480.0, 1629800.0]]]}}, {"type": "Feature", "properties": {"year": 2035, "class_id": 2, "class_label": "expuesto_cierto_ambos"}, "geometry": {"type": "Polygon", "coordinates": [[[691500.0, 1629800.0], [691500.0, 1629780.0], [691520.0, 1629780.0], [691520.0, 1629800.0], [691500.0, 1629800.0]]]}}, {"type": "Feature", "properties": {"year": 2035, "class_id": 4, "class_label": "incierto"}, "geometry": {"type": "Polygon", "coordinates": [[[698160.0, 1629800.0], [698160.0, 1629780.0], [698180.0, 1629780.0], [698180.0, 1629800.0], [698160.0, 1629800.0]]]}}, {"type": "Feature", "properties": {"year": 2035, "class_id": 2, "class_label": "expuesto_cierto_ambos"}, "geometry": {"type": "Polygon", "coordinates": [[[698140.0, 1629800.0], [698140.0, 1629760.0], [698180.0, 1629760.0], [698180.0, 1629780.0], [698160.0, 1629780.0], [698160.0, 1629800.0], [698140.0, 1629800.0]]]}}, {"type": "Feature", "properties": {"year": 2035, "class_id": 4, "class_label": "incierto"}, "geometry": {"type": "Polygon", "coordinates": [[[691460.0, 1629780.0], [691460.0, 1629760.0], [691480.0, 1629760.0], [691480.0, 1629780.0], [691460.0, 1629780.0]]]}}, {"type": "Feature", "properties": {"year": 2035, "class_id": 4, "class_label": "incierto"}, "geometry": {"type": "Polygon", "coordinates": [[[698180.0, 1629780.0], [698180.0, 1629760.0], [698200.0, 1629760.0], [698200.0, 1629780.0], [698180.0, 1629780.0]]]}}, {"type": "Feature", "properties": {"year": 2035, "class_id": 2, "class_label": "expuesto_cierto_ambos"}, "geometry": {"type": "Polygon", "coordinates": [[[698180.0, 1629760.0], [698180.0, 1629740.0], [698200.0, 1629740.0], [698200.0, 1629760.0], [698180.0, 1629760.0]]]}}, {"type": "Feature", "properties": {"year": 2035, "class_id": 4, "class_label": "incierto"}, "geometry": {"type": "Polygon", "coordinates": [[[698200.0, 1629760.0], [698200.0, 1629740.0], [698220.0, 1629740.0], [698220.0, 1629760.0], [698200.0, 1629760.0]]]}}, {"type": "Feature", "properties": {"year": 2035, "class_id": 2, "class_label": "expuesto_cierto_ambos"}, "geometry": {"type": "Polygon", "coordinates": [[[691480.0, 1629780.0], [691480.0, 1629760.0], [691440.0, 1629760.0], [691440.0, 1629740.0], [691460.0, 1629740.0], [691460.0, 1629720.0], [691480.0, 1629720.0], [691480.0, 1629740.0], [691500.0, 1629740.0], [691500.0, 1629780.0], [691480.0, 1629780.0]]]}}, {"type": "Feature", "properties": {"year": 2035, "class_id": 4, "class_label": "incierto"}, "geometry": {"type": "Polygon", "coordinates": [[[691400.0, 1629740.0], [691400.0, 1629720.0], [691420.0, 1629720.0], [691420.0, 1629740.0], [691400.0, 1629740.0]]]}}, {"type": "Feature", "properties": {"year": 2035, "class_id": 2, "class_label": "expuesto_cierto_ambos"}, "geometry": {"type": "Polygon", "coordinates": [[[691420.0, 1629740.0], [691420.0, 1629720.0], [691440.0, 1629720.0], [691440.0, 1629740.0], [691420.0, 1629740.0]]]}}, {"type": "Feature", "properties": {"year": 2035, "class_id": 2, "class_label": "expuesto_cierto_ambos"}, "geometry": {"type": "Polygon", "coordinates": [[[698160.0, 1629740.0], [698160.0, 1629720.0], [698180.0, 1629720.0], [698180.0, 1629740.0], [698160.0, 1629740.0]]]}}, {"type": "Feature", "properties": {"year": 2035, "class_id": 2, "class_label": "expuesto_cierto_ambos"}, "geometry": {"type": "Polygon", "coordinates": [[[698200.0, 1629740.0], [698200.0, 1629700.0], [698220.0, 1629700.0], [698220.0, 1629740.0], [698200.0, 1629740.0]]]}}, {"type": "Feature", "properties": {"year": 2035, "class_id": 4, "class_label": "incierto"}, "geometry": {"type": "Polygon", "coordinates": [[[691360.0, 1629720.0], [691360.0, 1629700.0], [691380.0, 1629700.0], [691380.0, 1629720.0], [691360.0, 1629720.0]]]}}, {"type": "Feature", "properties": {"year": 2035, "class_id": 4, "class_label": "incierto"}, "geometry": {"type": "Polygon", "coordinates": [[[698320.0, 1629720.0], [698320.0, 1629700.0], [698340.0, 1629700.0], [698340.0, 1629720.0], [698320.0, 1629720.0]]]}}, {"type": "Feature", "properties": {"year": 2035, "class_id": 2, "class_label": "expuesto_cierto_ambos"}, "geometry": {"type": "Polygon", "coordinates": [[[698280.0, 1629720.0], [698280.0, 1629680.0], [698320.0, 1629680.0], [698320.0, 1629660.0], [698360.0, 1629660.0], [698360.0, 1629700.0], [698320.0, 1629700.0], [698320.0, 1629720.0], [698280.0, 1629720.0]]]}}, {"type": "Feature", "properties": {"year": 2035, "class_id": 4, "class_label": "incierto"}, "geometry": {"type": "Polygon", "coordinates": [[[691300.0, 1629700.0], [691300.0, 1629660.0], [691340.0, 1629660.0], [691340.0, 1629700.0], [691300.0, 1629700.0]]]}}, {"type": "Feature", "properties": {"year": 2035, "class_id": 4, "class_label": "incierto"}, "geometry": {"type": "Polygon", "coordinates": [[[698360.0, 1629700.0], [698360.0, 1629660.0], [698380.0, 1629660.0], [698380.0, 1629700.0], [698360.0, 1629700.0]]]}}, {"type": "Feature", "properties": {"year": 2035, "class_id": 4, "class_label": "incierto"}, "geometry": {"type": "Polygon", "coordinates": [[[691360.0, 1629680.0], [691360.0, 1629660.0], [691380.0, 1629660.0], [691380.0, 1629680.0], [691360.0, 1629680.0]]]}}, {"type": "Feature", "properties": {"year": 2035, "class_id": 4, "class_label": "incierto"}, "geometry": {"type": "Polygon", "coordinates": [[[691280.0, 1629660.0], [691280.0, 1629640.0], [691300.0, 1629640.0], [691300.0, 1629660.0], [691280.0, 1629660.0]]]}}, {"type": "Feature", "properties": {"year": 2035, "class_id": 4, "class_label": "incierto"}, "geometry": {"type": "Polygon", "coordinates": [[[698400.0, 1629660.0], [698400.0, 1629640.0], [698460.0, 1629640.0], [698460.0, 1629660.0], [698400.0, 1629660.0]]]}}, {"type": "Feature", "properties": {"year": 2035, "class_id": 4, "class_label": "incierto"}, "geometry": {"type": "Polygon", "coordinates": [[[698380.0, 1629640.0], [698380.0, 1629620.0], [698400.0, 1629620.0], [698400.0, 1629640.0], [698380.0, 1629640.0]]]}}, {"type": "Feature", "properties": {"year": 2035, "class_id": 2, "class_label": "expuesto_cierto_ambos"}, "geometry": {"type": "Polygon", "coordinates": [[[691380.0, 1629720.0], [691380.0, 1629700.0], [691340.0, 1629700.0], [691340.0, 1629660.0], [691300.0, 1629660.0], [691300.0, 1629640.0], [691280.0, 1629640.0], [691280.0, 1629620.0], [691300.0, 1629620.0], [691300.0, 1629600.0], [691320.0, 1629600.0], [691320.0, 1629620.0], [691340.0, 1629620.0], [691340.0, 1629640.0], [691380.0, 1629640.0], [691380.0, 1629660.0], [691400.0, 1629660.0], [691400.0, 1629700.0], [691420.0, 1629700.0], [691420.0, 1629720.0], [691380.0, 1629720.0]], [[691360.0, 1629680.0], [691380.0, 1629680.0], [691380.0, 1629660.0], [691360.0, 1629660.0], [691360.0, 1629680.0]]]}}, {"type": "Feature", "properties": {"year": 2035, "class_id": 2, "class_label": "expuesto_cierto_ambos"}, "geometry": {"type": "Polygon", "coordinates": [[[698360.0, 1629660.0], [698360.0, 1629640.0], [698340.0, 1629640.0], [698340.0, 1629620.0], [698360.0, 1629620.0], [698360.0, 1629600.0], [698400.0, 1629600.0], [698400.0, 1629620.0], [698380.0, 1629620.0], [698380.0, 1629640.0], [698400.0, 1629640.0], [698400.0, 1629660.0], [698360.0, 1629660.0]]]}}, {"type": "Feature", "properties": {"year": 2035, "class_id": 2, "class_label": "expuesto_cierto_ambos"}, "geometry": {"type": "Polygon", "coordinates": [[[698400.0, 1629640.0], [698400.0, 1629620.0], [698420.0, 1629620.0], [698420.0, 1629580.0], [698440.0, 1629580.0], [698440.0, 1629620.0], [698460.0, 1629620.0], [698460.0, 1629640.0], [698400.0, 1629640.0]]]}}, {"type": "Feature", "properties": {"year": 2035, "class_id": 2, "class_label": "expuesto_cierto_ambos"}, "geometry": {"type": "Polygon", "coordinates": [[[698460.0, 1629600.0], [698460.0, 1629580.0], [698480.0, 1629580.0], [698480.0, 1629600.0], [698460.0, 1629600.0]]]}}, {"type": "Feature", "properties": {"year": 2035, "class_id": 2, "class_label": "expuesto_cierto_ambos"}, "geometry": {"type": "Polygon", "coordinates": [[[698480.0, 1629580.0], [698480.0, 1629560.0], [698520.0, 1629560.0], [698520.0, 1629540.0], [698540.0, 1629540.0], [698540.0, 1629560.0], [698560.0, 1629560.0], [698560.0, 1629520.0], [698600.0, 1629520.0], [698600.0, 1629540.0], [698580.0, 1629540.0], [698580.0, 1629560.0], [698600.0, 1629560.0], [698600.0, 1629580.0], [698480.0, 1629580.0]]]}}, {"type": "Feature", "properties": {"year": 2035, "class_id": 4, "class_label": "incierto"}, "geometry": {"type": "Polygon", "coordinates": [[[691220.0, 1629540.0], [691220.0, 1629520.0], [691240.0, 1629520.0], [691240.0, 1629540.0], [691220.0, 1629540.0]]]}}, {"type": "Feature", "properties": {"year": 2035, "class_id": 2, "class_label": "expuesto_cierto_ambos"}, "geometry": {"type": "Polygon", "coordinates": [[[699220.0, 1629540.0], [699220.0, 1629520.0], [699240.0, 1629520.0], [699240.0, 1629540.0], [699220.0, 1629540.0]]]}}, {"type": "Feature", "properties": {"year": 2035, "class_id": 2, "class_label": "expuesto_cierto_ambos"}, "geometry": {"type": "Polygon", "coordinates": [[[698720.0, 1629520.0], [698720.0, 1629500.0], [698780.0, 1629500.0], [698780.0, 1629520.0], [698720.0, 1629520.0]]]}}, {"type": "Feature", "properties": {"year": 2035, "class_id": 2, "class_label": "expuesto_cierto_ambos"}, "geometry": {"type": "Polygon", "coordinates": [[[699340.0, 1629520.0], [699340.0, 1629500.0], [699400.0, 1629500.0], [699400.0, 1629520.0], [699340.0, 1629520.0]]]}}, {"type": "Feature", "properties": {"year": 2035, "class_id": 2, "class_label": "expuesto_cierto_ambos"}, "geometry": {"type": "Polygon", "coordinates": [[[699020.0, 1629540.0], [699020.0, 1629480.0], [699080.0, 1629480.0], [699080.0, 1629500.0], [699040.0, 1629500.0], [699040.0, 1629540.0], [699020.0, 1629540.0]]]}}, {"type": "Feature", "properties": {"year": 2035, "class_id": 2, "class_label": "expuesto_cierto_ambos"}, "geometry": {"type": "Polygon", "coordinates": [[[699100.0, 1629520.0], [699100.0, 1629480.0], [699140.0, 1629480.0], [699140.0, 1629500.0], [699180.0, 1629500.0], [699180.0, 1629480.0], [699200.0, 1629480.0], [699200.0, 1629500.0], [699220.0, 1629500.0], [699220.0, 1629520.0], [699100.0, 1629520.0]]]}}, {"type": "Feature", "properties": {"year": 2035, "class_id": 2, "class_label": "expuesto_cierto_ambos"}, "geometry": {"type": "Polygon", "coordinates": [[[699280.0, 1629520.0], [699280.0, 1629500.0], [699300.0, 1629500.0], [699300.0, 1629480.0], [699320.0, 1629480.0], [699320.0, 1629520.0], [699280.0, 1629520.0]]]}}, {"type": "Feature", "properties": {"year": 2035, "class_id": 4, "class_label": "incierto"}, "geometry": {"type": "Polygon", "coordinates": [[[691200.0, 1629500.0], [691200.0, 1629480.0], [691220.0, 1629480.0], [691220.0, 1629500.0], [691200.0, 1629500.0]]]}}, {"type": "Feature", "properties": {"year": 2035, "class_id": 4, "class_label": "incierto"}, "geometry": {"type": "Polygon", "coordinates": [[[691240.0, 1629500.0], [691240.0, 1629480.0], [691260.0, 1629480.0], [691260.0, 1629500.0], [691240.0, 1629500.0]]]}}, {"type": "Feature", "properties": {"year": 2035, "class_id": 2, "class_label": "expuesto_cierto_ambos"}, "geometry": {"type": "Polygon", "coordinates": [[[698780.0, 1629500.0], [698780.0, 1629480.0], [698800.0, 1629480.0], [698800.0, 1629500.0], [698780.0, 1629500.0]]]}}, {"type": "Feature", "properties": {"year": 2035, "class_id": 2, "class_label": "expuesto_cierto_ambos"}, "geometry": {"type": "Polygon", "coordinates": [[[698880.0, 1629520.0], [698880.0, 1629500.0], [698840.0, 1629500.0], [698840.0, 1629480.0], [698900.0, 1629480.0], [698900.0, 1629500.0], [698920.0, 1629500.0], [698920.0, 1629520.0], [698880.0, 1629520.0]]]}}, {"type": "Feature", "properties": {"year": 2035, "class_id": 4, "class_label": "incierto"}, "geometry": {"type": "Polygon", "coordinates": [[[698900.0, 1629500.0], [698900.0, 1629480.0], [698920.0, 1629480.0], [698920.0, 1629500.0], [698900.0, 1629500.0]]]}}, {"type": "Feature", "properties": {"year": 2035, "class_id": 4, "class_label": "incierto"}, "geometry": {"type": "Polygon", "coordinates": [[[698720.0, 1629500.0], [698720.0, 1629480.0], [698740.0, 1629480.0], [698740.0, 1629460.0], [698760.0, 1629460.0], [698760.0, 1629480.0], [698780.0, 1629480.0], [698780.0, 1629500.0], [698720.0, 1629500.0]]]}}, {"type": "Feature", "properties": {"year": 2035, "class_id": 2, "class_label": "expuesto_cierto_ambos"}, "geometry": {"type": "Polygon", "coordinates": [[[699420.0, 1629500.0], [699420.0, 1629460.0], [699500.0, 1629460.0], [699500.0, 1629480.0], [699460.0, 1629480.0], [699460.0, 1629500.0], [699420.0, 1629500.0]]]}}, {"type": "Feature", "properties": {"year": 2035, "class_id": 2, "class_label": "expuesto_cierto_ambos"}, "geometry": {"type": "Polygon", "coordinates": [[[698760.0, 1629480.0], [698760.0, 1629460.0], [698780.0, 1629460.0], [698780.0, 1629480.0], [698760.0, 1629480.0]]]}}, {"type": "Feature", "properties": {"year": 2035, "class_id": 2, "class_label": "expuesto_cierto_ambos"}, "geometry": {"type": "Polygon", "coordinates": [[[698940.0, 1629540.0], [698940.0, 1629500.0], [698920.0, 1629500.0], [698920.0, 1629480.0], [698900.0, 1629480.0], [698900.0, 1629460.0], [698940.0, 1629460.0], [698940.0, 1629480.0], [698960.0, 1629480.0], [698960.0, 1629500.0], [699000.0, 1629500.0], [699000.0, 1629520.0], [698980.0, 1629520.0], [698980.0, 1629540.0], [698940.0, 1629540.0]]]}}, {"type": "Feature", "properties": {"year": 2035, "class_id": 2, "class_label": "expuesto_cierto_ambos"}, "geometry": {"type": "Polygon", "coordinates": [[[698640.0, 1629540.0], [698640.0, 1629500.0], [698660.0, 1629500.0], [698660.0, 1629480.0], [698680.0, 1629480.0], [698680.0, 1629460.0], [698700.0, 1629460.0], [698700.0, 1629440.0], [698720.0, 1629440.0], [698720.0, 1629460.0], [698740.0, 1629460.0], [698740.0, 1629480.0], [698720.0, 1629480.0], [698720.0, 1629500.0], [698680.0, 1629500.0], [698680.0, 1629540.0], [698640.0, 1629540.0]]]}}, {"type": "Feature", "properties": {"year": 2035, "class_id": 4, "class_label": "incierto"}, "geometry": {"type": "Polygon", "coordinates": [[[691180.0, 1629460.0], [691180.0, 1629440.0], [691200.0, 1629440.0], [691200.0, 1629460.0], [691180.0, 1629460.0]]]}}, {"type": "Feature", "properties": {"year": 2035, "class_id": 4, "class_label": "incierto"}, "geometry": {"type": "Polygon", "coordinates": [[[698720.0, 1629460.0], [698720.0, 1629440.0], [698740.0, 1629440.0], [698740.0, 1629460.0], [698720.0, 1629460.0]]]}}, {"type": "Feature", "properties": {"year": 2035, "class_id": 2, "class_label": "expuesto_cierto_ambos"}, "geometry": {"type": "Polygon", "coordinates": [[[698740.0, 1629460.0], [698740.0, 1629440.0], [698760.0, 1629440.0], [698760.0, 1629460.0], [698740.0, 1629460.0]]]}}, {"type": "Feature", "properties": {"year": 2035, "class_id": 2, "class_label": "expuesto_cierto_ambos"}, "geometry": {"type": "Polygon", "coordinates": [[[698820.0, 1629460.0], [698820.0, 1629440.0], [698840.0, 1629440.0], [698840.0, 1629460.0], [698820.0, 1629460.0]]]}}, {"type": "Feature", "properties": {"year": 2035, "class_id": 4, "class_label": "incierto"}, "geometry": {"type": "Polygon", "coordinates": [[[691100.0, 1629440.0], [691100.0, 1629420.0], [691160.0, 1629420.0], [691160.0, 1629440.0], [691100.0, 1629440.0]]]}}, {"type": "Feature", "properties": {"year": 2035, "class_id": 2, "class_label": "expuesto_cierto_ambos"}, "geometry": {"type": "Polygon", "coordinates": [[[699520.0, 1629440.0], [699520.0, 1629420.0], [699540.0, 1629420.0], [699540.0, 1629440.0], [699520.0, 1629440.0]]]}}, {"type": "Feature", "properties": {"year": 2035, "class_id": 4, "class_label": "incierto"}, "geometry": {"type": "Polygon", "coordinates": [[[691080.0, 1629400.0], [691080.0, 1629380.0], [691100.0, 1629380.0], [691100.0, 1629400.0], [691080.0, 1629400.0]]]}}, {"type": "Feature", "properties": {"year": 2035, "class_id": 2, "class_label": "expuesto_cierto_ambos"}, "geometry": {"type": "Polygon", "coordinates": [[[699560.0, 1629380.0], [699560.0, 1629360.0], [699620.0, 1629360.0], [699620.0, 1629380.0], [699560.0, 1629380.0]]]}}, {"type": "Feature", "properties": {"year": 2035, "class_id": 2, "class_label": "expuesto_cierto_ambos"}, "geometry": {"type": "Polygon", "coordinates": [[[699640.0, 1629380.0], [699640.0, 1629340.0], [699660.0, 1629340.0], [699660.0, 1629380.0], [699640.0, 1629380.0]]]}}, {"type": "Feature", "properties": {"year": 2035, "class_id": 4, "class_label": "incierto"}, "geometry": {"type": "Polygon", "coordinates": [[[690900.0, 1629360.0], [690900.0, 1629340.0], [690920.0, 1629340.0], [690920.0, 1629360.0], [690900.0, 1629360.0]]]}}, {"type": "Feature", "properties": {"year": 2035, "class_id": 4, "class_label": "incierto"}, "geometry": {"type": "Polygon", "coordinates": [[[691060.0, 1629360.0], [691060.0, 1629340.0], [691080.0, 1629340.0], [691080.0, 1629360.0], [691060.0, 1629360.0]]]}}, {"type": "Feature", "properties": {"year": 2035, "class_id": 4, "class_label": "incierto"}, "geometry": {"type": "Polygon", "coordinates": [[[690880.0, 1629340.0], [690880.0, 1629320.0], [690900.0, 1629320.0], [690900.0, 1629340.0], [690880.0, 1629340.0]]]}}, {"type": "Feature", "properties": {"year": 2035, "class_id": 4, "class_label": "incierto"}, "geometry": {"type": "Polygon", "coordinates": [[[690920.0, 1629340.0], [690920.0, 1629320.0], [691040.0, 1629320.0], [691040.0, 1629340.0], [690920.0, 1629340.0]]]}}, {"type": "Feature", "properties": {"year": 2035, "class_id": 2, "class_label": "expuesto_cierto_ambos"}, "geometry": {"type": "Polygon", "coordinates": [[[699700.0, 1629340.0], [699700.0, 1629320.0], [699720.0, 1629320.0], [699720.0, 1629300.0], [699740.0, 1629300.0], [699740.0, 1629320.0], [699760.0, 1629320.0], [699760.0, 1629300.0], [699780.0, 1629300.0], [699780.0, 1629340.0], [699700.0, 1629340.0]]]}}, {"type": "Feature", "properties": {"year": 2035, "class_id": 4, "class_label": "incierto"}, "geometry": {"type": "Polygon", "coordinates": [[[690760.0, 1629320.0], [690760.0, 1629300.0], [690860.0, 1629300.0], [690860.0, 1629320.0], [690760.0, 1629320.0]]]}}, {"type": "Feature", "properties": {"year": 2035, "class_id": 2, "class_label": "expuesto_cierto_ambos"}, "geometry": {"type": "Polygon", "coordinates": [[[699780.0, 1629300.0], [699780.0, 1629280.0], [699820.0, 1629280.0], [699820.0, 1629300.0], [699780.0, 1629300.0]]]}}, {"type": "Feature", "properties": {"year": 2035, "class_id": 2, "class_label": "expuesto_cierto_ambos"}, "geometry": {"type": "Polygon", "coordinates": [[[699840.0, 1629280.0], [699840.0, 1629260.0], [699880.0, 1629260.0], [699880.0, 1629280.0], [699840.0, 1629280.0]]]}}, {"type": "Feature", "properties": {"year": 2035, "class_id": 2, "class_label": "expuesto_cierto_ambos"}, "geometry": {"type": "Polygon", "coordinates": [[[691240.0, 1629580.0], [691240.0, 1629520.0], [691220.0, 1629520.0], [691220.0, 1629480.0], [691200.0, 1629480.0], [691200.0, 1629440.0], [691160.0, 1629440.0], [691160.0, 1629420.0], [691100.0, 1629420.0], [691100.0, 1629380.0], [691080.0, 1629380.0], [691080.0, 1629340.0], [691040.0, 1629340.0], [691040.0, 1629320.0], [690920.0, 1629320.0], [690920.0, 1629340.0], [690900.0, 1629340.0], [690900.0, 1629320.0], [690860.0, 1629320.0], [690860.0, 1629300.0], [690760.0, 1629300.0], [690760.0, 1629280.0], [690720.0, 1629280.0], [690720.0, 1629240.0], [690860.0, 1629240.0], [690860.0, 1629260.0], [690880.0, 1629260.0], [690880.0, 1629280.0], [690960.0, 1629280.0], [690960.0, 1629300.0], [691000.0, 1629300.0], [691000.0, 1629280.0], [690980.0, 1629280.0], [690980.0, 1629260.0], [691020.0, 1629260.0], [691020.0, 1629280.0], [691060.0, 1629280.0], [691060.0, 1629300.0], [691080.0, 1629300.0], [691080.0, 1629320.0], [691100.0, 1629320.0], [691100.0, 1629360.0], [691140.0, 1629360.0], [691140.0, 1629380.0], [691160.0, 1629380.0], [691160.0, 1629400.0], [691180.0, 1629400.0], [691180.0, 1629420.0], [691220.0, 1629420.0], [691220.0, 1629440.0], [691240.0, 1629440.0], [691240.0, 1629460.0], [691260.0, 1629460.0], [691260.0, 1629480.0], [691280.0, 1629480.0], [691280.0, 1629520.0], [691300.0, 1629520.0], [691300.0, 1629580.0], [691240.0, 1629580.0]], [[691240.0, 1629500.0], [691260.0, 1629500.0], [691260.0, 1629480.0], [691240.0, 1629480.0], [691240.0, 1629500.0]]]}}, {"type": "Feature", "properties": {"year": 2035, "class_id": 2, "class_label": "expuesto_cierto_ambos"}, "geometry": {"type": "Polygon", "coordinates": [[[689620.0, 1629280.0], [689620.0, 1629220.0], [689640.0, 1629220.0], [689640.0, 1629240.0], [689660.0, 1629240.0], [689660.0, 1629260.0], [689640.0, 1629260.0], [689640.0, 1629280.0], [689620.0, 1629280.0]]]}}, {"type": "Feature", "properties": {"year": 2035, "class_id": 4, "class_label": "incierto"}, "geometry": {"type": "Polygon", "coordinates": [[[690460.0, 1629240.0], [690460.0, 1629220.0], [690480.0, 1629220.0], [690480.0, 1629240.0], [690460.0, 1629240.0]]]}}, {"type": "Feature", "properties": {"year": 2035, "class_id": 2, "class_label": "expuesto_cierto_ambos"}, "geometry": {"type": "Polygon", "coordinates": [[[690700.0, 1629240.0], [690700.0, 1629220.0], [690720.0, 1629220.0], [690720.0, 1629240.0], [690700.0, 1629240.0]]]}}, {"type": "Feature", "properties": {"year": 2035, "class_id": 4, "class_label": "incierto"}, "geometry": {"type": "Polygon", "coordinates": [[[699900.0, 1629240.0], [699900.0, 1629220.0], [699920.0, 1629220.0], [699920.0, 1629240.0], [699900.0, 1629240.0]]]}}, {"type": "Feature", "properties": {"year": 2035, "class_id": 4, "class_label": "incierto"}, "geometry": {"type": "Polygon", "coordinates": [[[689780.0, 1629240.0], [689780.0, 1629200.0], [689800.0, 1629200.0], [689800.0, 1629240.0], [689780.0, 1629240.0]]]}}, {"type": "Feature", "properties": {"year": 2035, "class_id": 2, "class_label": "expuesto_cierto_ambos"}, "geometry": {"type": "Polygon", "coordinates": [[[690480.0, 1629240.0], [690480.0, 1629220.0], [690500.0, 1629220.0], [690500.0, 1629200.0], [690520.0, 1629200.0], [690520.0, 1629220.0], [690540.0, 1629220.0], [690540.0, 1629240.0], [690480.0, 1629240.0]]]}}, {"type": "Feature", "properties": {"year": 2035, "class_id": 2, "class_label": "expuesto_cierto_ambos"}, "geometry": {"type": "Polygon", "coordinates": [[[690640.0, 1629280.0], [690640.0, 1629260.0], [690580.0, 1629260.0], [690580.0, 1629240.0], [690560.0, 1629240.0], [690560.0, 1629200.0], [690600.0, 1629200.0], [690600.0, 1629220.0], [690640.0, 1629220.0], [690640.0, 1629240.0], [690660.0, 1629240.0], [690660.0, 1629260.0], [690680.0, 1629260.0], [690680.0, 1629240.0], [690700.0, 1629240.0], [690700.0, 1629280.0], [690640.0, 1629280.0]]]}}, {"type": "Feature", "properties": {"year": 2035, "class_id": 2, "class_label": "expuesto_cierto_ambos"}, "geometry": {"type": "Polygon", "coordinates": [[[689540.0, 1629220.0], [689540.0, 1629200.0], [689560.0, 1629200.0], [689560.0, 1629220.0], [689540.0, 1629220.0]]]}}, {"type": "Feature", "properties": {"year": 2035, "class_id": 2, "class_label": "expuesto_cierto_ambos"}, "geometry": {"type": "Polygon", "coordinates": [[[689960.0, 1629220.0], [689960.0, 1629200.0], [689980.0, 1629200.0], [689980.0, 1629220.0], [689960.0, 1629220.0]]]}}, {"type": "Feature", "properties": {"year": 2035, "class_id": 4, "class_label": "incierto"}, "geometry": {"type": "Polygon", "coordinates": [[[690480.0, 1629220.0], [690480.0, 1629200.0], [690500.0, 1629200.0], [690500.0, 1629220.0], [690480.0, 1629220.0]]]}}, {"type": "Feature", "properties": {"year": 2035, "class_id": 4, "class_label": "incierto"}, "geometry": {"type": "Polygon", "coordinates": [[[689820.0, 1629200.0], [689820.0, 1629180.0], [689840.0, 1629180.0], [689840.0, 1629200.0], [689820.0, 1629200.0]]]}}, {"type": "Feature", "properties": {"year": 2035, "class_id": 4, "class_label": "incierto"}, "geometry": {"type": "Polygon", "coordinates": [[[699920.0, 1629200.0], [699920.0, 1629180.0], [699940.0, 1629180.0], [699940.0, 1629200.0], [699920.0, 1629200.0]]]}}, {"type": "Feature", "properties": {"year": 2035, "class_id": 2, "class_label": "expuesto_cierto_ambos"}, "geometry": {"type": "Polygon", "coordinates": [[[699880.0, 1629260.0], [699880.0, 1629240.0], [699860.0, 1629240.0], [699860.0, 1629220.0], [699880.0, 1629220.0], [699880.0, 1629200.0], [699900.0, 1629200.0], [699900.0, 1629160.0], [699940.0, 1629160.0], [699940.0, 1629180.0], [699920.0, 1629180.0], [699920.0, 1629220.0], [699900.0, 1629220.0], [699900.0, 1629260.0], [699880.0, 1629260.0]]]}}, {"type": "Feature", "properties": {"year": 2035, "class_id": 2, "class_label": "expuesto_cierto_ambos"}, "geometry": {"type": "Polygon", "coordinates": [[[689480.0, 1629220.0], [689480.0, 1629200.0], [689460.0, 1629200.0], [689460.0, 1629180.0], [689480.0, 1629180.0], [689480.0, 1629160.0], [689500.0, 1629160.0], [689500.0, 1629180.0], [689520.0, 1629180.0], [689520.0, 1629220.0], [689480.0, 1629220.0]]]}}, {"type": "Feature", "properties": {"year": 2035, "class_id": 4, "class_label": "incierto"}, "geometry": {"type": "Polygon", "coordinates": [[[690420.0, 1629220.0], [690420.0, 1629200.0], [690400.0, 1629200.0], [690400.0, 1629140.0], [690420.0, 1629140.0], [690420.0, 1629180.0], [690440.0, 1629180.0], [690440.0, 1629200.0], [690460.0, 1629200.0], [690460.0, 1629220.0], [690420.0, 1629220.0]]]}}, {"type": "Feature", "properties": {"year": 2035, "class_id": 4, "class_label": "incierto"}, "geometry": {"type": "Polygon", "coordinates": [[[690040.0, 1629180.0], [690040.0, 1629140.0], [690080.0, 1629140.0], [690080.0, 1629160.0], [690060.0, 1629160.0], [690060.0, 1629180.0], [690040.0, 1629180.0]]]}}, {"type": "Feature", "properties": {"year": 2035, "class_id": 2, "class_label": "expuesto_cierto_ambos"}, "geometry": {"type": "Polygon", "coordinates": [[[689340.0, 1629160.0], [689340.0, 1629140.0], [689380.0, 1629140.0], [689380.0, 1629160.0], [689340.0, 1629160.0]]]}}, {"type": "Feature", "properties": {"year": 2035, "class_id": 2, "class_label": "expuesto_cierto_ambos"}, "geometry": {"type": "Polygon", "coordinates": [[[689400.0, 1629160.0], [689400.0, 1629140.0], [689440.0, 1629140.0], [689440.0, 1629160.0], [689400.0, 1629160.0]]]}}, {"type": "Feature", "properties": {"year": 2035, "class_id": 2, "class_label": "expuesto_cierto_ambos"}, "geometry": {"type": "Polygon", "coordinates": [[[689680.0, 1629240.0], [689680.0, 1629220.0], [689720.0, 1629220.0], [689720.0, 1629200.0], [689760.0, 1629200.0], [689760.0, 1629180.0], [689780.0, 1629180.0], [689780.0, 1629160.0], [689800.0, 1629160.0], [689800.0, 1629140.0], [689820.0, 1629140.0], [689820.0, 1629120.0], [689840.0, 1629120.0], [689840.0, 1629160.0], [689860.0, 1629160.0], [689860.0, 1629140.0], [689880.0, 1629140.0], [689880.0, 1629180.0], [689940.0, 1629180.0], [689940.0, 1629220.0], [689900.0, 1629220.0], [689900.0, 1629200.0], [689840.0, 1629200.0], [689840.0, 1629180.0], [689820.0, 1629180.0], [689820.0, 1629200.0], [689780.0, 1629200.0], [689780.0, 1629240.0], [689680.0, 1629240.0]]]}}, {"type": "Feature", "properties": {"year": 2035, "class_id": 2, "class_label": "expuesto_cierto_ambos"}, "geometry": {"type": "Polygon", "coordinates": [[[689320.0, 1629120.0], [689320.0, 1629100.0], [689340.0, 1629100.0], [689340.0, 1629120.0], [689320.0, 1629120.0]]]}}, {"type": "Feature", "properties": {"year": 2035, "class_id": 2, "class_label": "expuesto_cierto_ambos"}, "geometry": {"type": "Polygon", "coordinates": [[[699920.0, 1629120.0], [699920.0, 1629100.0], [699940.0, 1629100.0], [699940.0, 1629120.0], [699920.0, 1629120.0]]]}}, {"type": "Feature", "properties": {"year": 2035, "class_id": 4, "class_label": "incierto"}, "geometry": {"type": "Polygon", "coordinates": [[[690080.0, 1629140.0], [690080.0, 1629100.0], [690120.0, 1629100.0], [690120.0, 1629080.0], [690140.0, 1629080.0], [690140.0, 1629060.0], [690160.0, 1629060.0], [690160.0, 1629100.0], [690140.0, 1629100.0], [690140.0, 1629120.0], [690120.0, 1629120.0], [690120.0, 1629140.0], [690080.0, 1629140.0]]]}}, {"type": "Feature", "properties": {"year": 2035, "class_id": 4, "class_label": "incierto"}, "geometry": {"type": "Polygon", "coordinates": [[[690380.0, 1629100.0], [690380.0, 1629060.0], [690400.0, 1629060.0], [690400.0, 1629100.0], [690380.0, 1629100.0]]]}}, {"type": "Feature", "properties": {"year": 2035, "class_id": 2, "class_label": "expuesto_cierto_ambos"}, "geometry": {"type": "Polygon", "coordinates": [[[699940.0, 1629080.0], [699940.0, 1629040.0], [699960.0, 1629040.0], [699960.0, 1629080.0], [699940.0, 1629080.0]]]}}, {"type": "Feature", "properties": {"year": 2035, "class_id": 4, "class_label": "incierto"}, "geometry": {"type": "Polygon", "coordinates": [[[699960.0, 1629080.0], [699960.0, 1629040.0], [699980.0, 1629040.0], [699980.0, 1629080.0], [699960.0, 1629080.0]]]}}, {"type": "Feature", "properties": {"year": 2035, "class_id": 2, "class_label": "expuesto_cierto_ambos"}, "geometry": {"type": "Polygon", "coordinates": [[[689260.0, 1629080.0], [689260.0, 1629060.0], [689240.0, 1629060.0], [689240.0, 1629040.0], [689280.0, 1629040.0], [689280.0, 1629060.0], [689300.0, 1629060.0], [689300.0, 1629080.0], [689260.0, 1629080.0]]]}}, {"type": "Feature", "properties": {"year": 2035, "class_id": 4, "class_label": "incierto"}, "geometry": {"type": "Polygon", "coordinates": [[[690160.0, 1629060.0], [690160.0, 1629040.0], [690180.0, 1629040.0], [690180.0, 1629060.0], [690160.0, 1629060.0]]]}}, {"type": "Feature", "properties": {"year": 2035, "class_id": 4, "class_label": "incierto"}, "geometry": {"type": "Polygon", "coordinates": [[[690180.0, 1629040.0], [690180.0, 1629020.0], [690200.0, 1629020.0], [690200.0, 1629040.0], [690180.0, 1629040.0]]]}}, {"type": "Feature", "properties": {"year": 2035, "class_id": 2, "class_label": "expuesto_cierto_ambos"}, "geometry": {"type": "Polygon", "coordinates": [[[699920.0, 1629040.0], [699920.0, 1629020.0], [699940.0, 1629020.0], [699940.0, 1629040.0], [699920.0, 1629040.0]]]}}, {"type": "Feature", "properties": {"year": 2035, "class_id": 2, "class_label": "expuesto_cierto_ambos"}, "geometry": {"type": "Polygon", "coordinates": [[[699960.0, 1629040.0], [699960.0, 1629020.0], [699980.0, 1629020.0], [699980.0, 1629040.0], [699960.0, 1629040.0]]]}}, {"type": "Feature", "properties": {"year": 2035, "class_id": 2, "class_label": "expuesto_cierto_ambos"}, "geometry": {"type": "Polygon", "coordinates": [[[699960.0, 1629000.0], [699960.0, 1628980.0], [699980.0, 1628980.0], [699980.0, 1629000.0], [699960.0, 1629000.0]]]}}, {"type": "Feature", "properties": {"year": 2035, "class_id": 4, "class_label": "incierto"}, "geometry": {"type": "Polygon", "coordinates": [[[690320.0, 1629000.0], [690320.0, 1628960.0], [690340.0, 1628960.0], [690340.0, 1628980.0], [690360.0, 1628980.0], [690360.0, 1629000.0], [690320.0, 1629000.0]]]}}, {"type": "Feature", "properties": {"year": 2035, "class_id": 4, "class_label": "incierto"}, "geometry": {"type": "Polygon", "coordinates": [[[690240.0, 1628980.0], [690240.0, 1628960.0], [690260.0, 1628960.0], [690260.0, 1628980.0], [690240.0, 1628980.0]]]}}, {"type": "Feature", "properties": {"year": 2035, "class_id": 2, "class_label": "expuesto_cierto_ambos"}, "geometry": {"type": "Polygon", "coordinates": [[[689220.0, 1629020.0], [689220.0, 1628940.0], [689260.0, 1628940.0], [689260.0, 1628980.0], [689240.0, 1628980.0], [689240.0, 1629020.0], [689220.0, 1629020.0]]]}}, {"type": "Feature", "properties": {"year": 2035, "class_id": 4, "class_label": "incierto"}, "geometry": {"type": "Polygon", "coordinates": [[[690260.0, 1628960.0], [690260.0, 1628940.0], [690300.0, 1628940.0], [690300.0, 1628960.0], [690260.0, 1628960.0]]]}}, {"type": "Feature", "properties": {"year": 2035, "class_id": 4, "class_label": "incierto"}, "geometry": {"type": "Polygon", "coordinates": [[[700040.0, 1628960.0], [700040.0, 1628940.0], [700060.0, 1628940.0], [700060.0, 1628960.0], [700040.0, 1628960.0]]]}}, {"type": "Feature", "properties": {"year": 2035, "class_id": 2, "class_label": "expuesto_cierto_ambos"}, "geometry": {"type": "Polygon", "coordinates": [[[690460.0, 1629220.0], [690460.0, 1629200.0], [690440.0, 1629200.0], [690440.0, 1629180.0], [690420.0, 1629180.0], [690420.0, 1629140.0], [690400.0, 1629140.0], [690400.0, 1629060.0], [690380.0, 1629060.0], [690380.0, 1629020.0], [690360.0, 1629020.0], [690360.0, 1628980.0], [690340.0, 1628980.0], [690340.0, 1628960.0], [690300.0, 1628960.0], [690300.0, 1628940.0], [690260.0, 1628940.0], [690260.0, 1628960.0], [690240.0, 1628960.0], [690240.0, 1628980.0], [690220.0, 1628980.0], [690220.0, 1629000.0], [690200.0, 1629000.0], [690200.0, 1629020.0], [690180.0, 1629020.0], [690180.0, 1629040.0], [690160.0, 1629040.0], [690160.0, 1629060.0], [690140.0, 1629060.0], [690140.0, 1629080.0], [690120.0, 1629080.0], [690120.0, 1629100.0], [690080.0, 1629100.0], [690080.0, 1629140.0], [690040.0, 1629140.0], [690040.0, 1629180.0], [689960.0, 1629180.0], [689960.0, 1629160.0], [689980.0, 1629160.0], [689980.0, 1629140.0], [690020.0, 1629140.0], [690020.0, 1629120.0], [690040.0, 1629120.0], [690040.0, 1629100.0], [690060.0, 1629100.0], [690060.0, 1629080.0], [690080.0, 1629080.0], [690080.0, 1629060.0], [690100.0, 1629060.0], [690100.0, 1629040.0], [690120.0, 1629040.0], [690120.0, 1629020.0], [690140.0, 1629020.0], [690140.0, 1629000.0], [690160.0, 1629000.0], [690160.0, 1628980.0], [690180.0, 1628980.0], [690180.0, 1628960.0], [690200.0, 1628960.0], [690200.0, 1628940.0], [690220.0, 1628940.0], [690220.0, 1628920.0], [690240.0, 1628920.0], [690240.0, 1628900.0], [690260.0, 1628900.0], [690260.0, 1628920.0], [690280.0, 1628920.0], [690280.0, 1628900.0], [690300.0, 1628900.0], [690300.0, 1628920.0], [690320.0, 1628920.0], [690320.0, 1628940.0], [690340.0, 1628940.0], [690340.0, 1628920.0], [690360.0, 1628920.0], [690360.0, 1628960.0], [690400.0, 1628960.0], [690400.0, 1628980.0], [690420.0, 1628980.0], [690420.0, 1629000.0], [690400.0, 1629000.0], [690400.0, 1629040.0], [690420.0, 1629040.0], [690420.0, 1629060.0], [690440.0, 1629060.0], [690440.0, 1629080.0], [690460.0, 1629080.0], [690460.0, 1629140.0], [690440.0, 1629140.0], [690440.0, 1629160.0], [690480.0, 1629160.0], [690480.0, 1629180.0], [690500.0, 1629180.0], [690500.0, 1629200.0], [690480.0, 1629200.0], [690480.0, 1629220.0], [690460.0, 1629220.0]]]}}, {"type": "Feature", "properties": {"year": 2035, "class_id": 2, "class_label": "expuesto_cierto_ambos"}, "geometry": {"type": "Polygon", "coordinates": [[[700000.0, 1628980.0], [700000.0, 1628960.0], [699980.0, 1628960.0], [699980.0, 1628940.0], [700000.0, 1628940.0], [700000.0, 1628900.0], [700020.0, 1628900.0], [700020.0, 1628920.0], [700040.0, 1628920.0], [700040.0, 1628900.0], [700060.0, 1628900.0], [700060.0, 1628940.0], [700040.0, 1628940.0], [700040.0, 1628960.0], [700020.0, 1628960.0], [700020.0, 1628980.0], [700000.0, 1628980.0]]]}}, {"type": "Feature", "properties": {"year": 2035, "class_id": 4, "class_label": "incierto"}, "geometry": {"type": "Polygon", "coordinates": [[[700020.0, 1628920.0], [700020.0, 1628900.0], [700040.0, 1628900.0], [700040.0, 1628920.0], [700020.0, 1628920.0]]]}}, {"type": "Feature", "properties": {"year": 2035, "class_id": 2, "class_label": "expuesto_cierto_ambos"}, "geometry": {"type": "Polygon", "coordinates": [[[700020.0, 1628900.0], [700020.0, 1628880.0], [700040.0, 1628880.0], [700040.0, 1628900.0], [700020.0, 1628900.0]]]}}, {"type": "Feature", "properties": {"year": 2035, "class_id": 4, "class_label": "incierto"}, "geometry": {"type": "Polygon", "coordinates": [[[689180.0, 1628860.0], [689180.0, 1628820.0], [689200.0, 1628820.0], [689200.0, 1628860.0], [689180.0, 1628860.0]]]}}, {"type": "Feature", "properties": {"year": 2035, "class_id": 4, "class_label": "incierto"}, "geometry": {"type": "Polygon", "coordinates": [[[700060.0, 1628840.0], [700060.0, 1628800.0], [700100.0, 1628800.0], [700100.0, 1628840.0], [700060.0, 1628840.0]]]}}, {"type": "Feature", "properties": {"year": 2035, "class_id": 4, "class_label": "incierto"}, "geometry": {"type": "Polygon", "coordinates": [[[689160.0, 1628820.0], [689160.0, 1628780.0], [689180.0, 1628780.0], [689180.0, 1628820.0], [689160.0, 1628820.0]]]}}, {"type": "Feature", "properties": {"year": 2035, "class_id": 4, "class_label": "incierto"}, "geometry": {"type": "Polygon", "coordinates": [[[700100.0, 1628800.0], [700100.0, 1628740.0], [700120.0, 1628740.0], [700120.0, 1628800.0], [700100.0, 1628800.0]]]}}, {"type": "Feature", "properties": {"year": 2035, "class_id": 2, "class_label": "expuesto_cierto_ambos"}, "geometry": {"type": "Polygon", "coordinates": [[[700060.0, 1628880.0], [700060.0, 1628860.0], [700020.0, 1628860.0], [700020.0, 1628820.0], [700040.0, 1628820.0], [700040.0, 1628720.0], [700060.0, 1628720.0], [700060.0, 1628760.0], [700080.0, 1628760.0], [700080.0, 1628740.0], [700100.0, 1628740.0], [700100.0, 1628800.0], [700060.0, 1628800.0], [700060.0, 1628840.0], [700080.0, 1628840.0], [700080.0, 1628880.0], [700060.0, 1628880.0]]]}}, {"type": "Feature", "properties": {"year": 2035, "class_id": 4, "class_label": "incierto"}, "geometry": {"type": "Polygon", "coordinates": [[[700060.0, 1628760.0], [700060.0, 1628720.0], [700100.0, 1628720.0], [700100.0, 1628740.0], [700080.0, 1628740.0], [700080.0, 1628760.0], [700060.0, 1628760.0]]]}}, {"type": "Feature", "properties": {"year": 2035, "class_id": 2, "class_label": "expuesto_cierto_ambos"}, "geometry": {"type": "Polygon", "coordinates": [[[700060.0, 1628720.0], [700060.0, 1628700.0], [700100.0, 1628700.0], [700100.0, 1628720.0], [700060.0, 1628720.0]]]}}, {"type": "Feature", "properties": {"year": 2035, "class_id": 4, "class_label": "incierto"}, "geometry": {"type": "Polygon", "coordinates": [[[689140.0, 1628740.0], [689140.0, 1628660.0], [689160.0, 1628660.0], [689160.0, 1628740.0], [689140.0, 1628740.0]]]}}, {"type": "Feature", "properties": {"year": 2035, "class_id": 2, "class_label": "expuesto_cierto_ambos"}, "geometry": {"type": "Polygon", "coordinates": [[[700100.0, 1628660.0], [700100.0, 1628640.0], [700120.0, 1628640.0], [700120.0, 1628660.0], [700100.0, 1628660.0]]]}}, {"type": "Feature", "properties": {"year": 2035, "class_id": 4, "class_label": "incierto"}, "geometry": {"type": "Polygon", "coordinates": [[[689140.0, 1628640.0], [689140.0, 1628600.0], [689160.0, 1628600.0], [689160.0, 1628640.0], [689140.0, 1628640.0]]]}}, {"type": "Feature", "properties": {"year": 2035, "class_id": 2, "class_label": "expuesto_cierto_ambos"}, "geometry": {"type": "Polygon", "coordinates": [[[700120.0, 1628620.0], [700120.0, 1628600.0], [700140.0, 1628600.0], [700140.0, 1628620.0], [700120.0, 1628620.0]]]}}, {"type": "Feature", "properties": {"year": 2035, "class_id": 4, "class_label": "incierto"}, "geometry": {"type": "Polygon", "coordinates": [[[689160.0, 1628580.0], [689160.0, 1628560.0], [689180.0, 1628560.0], [689180.0, 1628580.0], [689160.0, 1628580.0]]]}}, {"type": "Feature", "properties": {"year": 2035, "class_id": 2, "class_label": "expuesto_cierto_ambos"}, "geometry": {"type": "Polygon", "coordinates": [[[700140.0, 1628580.0], [700140.0, 1628560.0], [700120.0, 1628560.0], [700120.0, 1628520.0], [700160.0, 1628520.0], [700160.0, 1628580.0], [700140.0, 1628580.0]]]}}, {"type": "Feature", "properties": {"year": 2035, "class_id": 4, "class_label": "incierto"}, "geometry": {"type": "Polygon", "coordinates": [[[700160.0, 1628560.0], [700160.0, 1628520.0], [700180.0, 1628520.0], [700180.0, 1628560.0], [700160.0, 1628560.0]]]}}, {"type": "Feature", "properties": {"year": 2035, "class_id": 4, "class_label": "incierto"}, "geometry": {"type": "Polygon", "coordinates": [[[689160.0, 1628540.0], [689160.0, 1628520.0], [689200.0, 1628520.0], [689200.0, 1628540.0], [689160.0, 1628540.0]]]}}, {"type": "Feature", "properties": {"year": 2035, "class_id": 4, "class_label": "incierto"}, "geometry": {"type": "Polygon", "coordinates": [[[686920.0, 1628520.0], [686920.0, 1628500.0], [686960.0, 1628500.0], [686960.0, 1628520.0], [686920.0, 1628520.0]]]}}, {"type": "Feature", "properties": {"year": 2035, "class_id": 2, "class_label": "expuesto_cierto_ambos"}, "geometry": {"type": "Polygon", "coordinates": [[[700160.0, 1628520.0], [700160.0, 1628500.0], [700180.0, 1628500.0], [700180.0, 1628520.0], [700160.0, 1628520.0]]]}}, {"type": "Feature", "properties": {"year": 2035, "class_id": 4, "class_label": "incierto"}, "geometry": {"type": "Polygon", "coordinates": [[[686880.0, 1628500.0], [686880.0, 1628480.0], [686900.0, 1628480.0], [686900.0, 1628500.0], [686880.0, 1628500.0]]]}}, {"type": "Feature", "properties": {"year": 2035, "class_id": 4, "class_label": "incierto"}, "geometry": {"type": "Polygon", "coordinates": [[[689140.0, 1628520.0], [689140.0, 1628500.0], [689100.0, 1628500.0], [689100.0, 1628480.0], [689160.0, 1628480.0], [689160.0, 1628520.0], [689140.0, 1628520.0]]]}}, {"type": "Feature", "properties": {"year": 2035, "class_id": 4, "class_label": "incierto"}, "geometry": {"type": "Polygon", "coordinates": [[[686860.0, 1628480.0], [686860.0, 1628460.0], [686880.0, 1628460.0], [686880.0, 1628480.0], [686860.0, 1628480.0]]]}}, {"type": "Feature", "properties": {"year": 2035, "class_id": 4, "class_label": "incierto"}, "geometry": {"type": "Polygon", "coordinates": [[[689060.0, 1628480.0], [689060.0, 1628460.0], [689100.0, 1628460.0], [689100.0, 1628480.0], [689060.0, 1628480.0]]]}}, {"type": "Feature", "properties": {"year": 2035, "class_id": 4, "class_label": "incierto"}, "geometry": {"type": "Polygon", "coordinates": [[[688980.0, 1628460.0], [688980.0, 1628440.0], [689040.0, 1628440.0], [689040.0, 1628460.0], [688980.0, 1628460.0]]]}}, {"type": "Feature", "properties": {"year": 2035, "class_id": 2, "class_label": "expuesto_cierto_ambos"}, "geometry": {"type": "Polygon", "coordinates": [[[700160.0, 1628480.0], [700160.0, 1628440.0], [700200.0, 1628440.0], [700200.0, 1628420.0], [700220.0, 1628420.0], [700220.0, 1628460.0], [700200.0, 1628460.0], [700200.0, 1628480.0], [700160.0, 1628480.0]]]}}, {"type": "Feature", "properties": {"year": 2035, "class_id": 4, "class_label": "incierto"}, "geometry": {"type": "Polygon", "coordinates": [[[687040.0, 1628420.0], [687040.0, 1628400.0], [687060.0, 1628400.0], [687060.0, 1628420.0], [687040.0, 1628420.0]]]}}, {"type": "Feature", "properties": {"year": 2035, "class_id": 2, "class_label": "expuesto_cierto_ambos"}, "geometry": {"type": "Polygon", "coordinates": [[[687060.0, 1628420.0], [687060.0, 1628400.0], [687080.0, 1628400.0], [687080.0, 1628420.0], [687060.0, 1628420.0]]]}}, {"type": "Feature", "properties": {"year": 2035, "class_id": 4, "class_label": "incierto"}, "geometry": {"type": "Polygon", "coordinates": [[[687800.0, 1628420.0], [687800.0, 1628400.0], [687820.0, 1628400.0], [687820.0, 1628420.0], [687800.0, 1628420.0]]]}}, {"type": "Feature", "properties": {"year": 2035, "class_id": 4, "class_label": "incierto"}, "geometry": {"type": "Polygon", "coordinates": [[[688920.0, 1628440.0], [688920.0, 1628420.0], [688900.0, 1628420.0], [688900.0, 1628400.0], [688940.0, 1628400.0], [688940.0, 1628420.0], [688980.0, 1628420.0], [688980.0, 1628440.0], [688920.0, 1628440.0]]]}}, {"type": "Feature", "properties": {"year": 2035, "class_id": 2, "class_label": "expuesto_cierto_ambos"}, "geometry": {"type": "Polygon", "coordinates": [[[700180.0, 1628420.0], [700180.0, 1628400.0], [700200.0, 1628400.0], [700200.0, 1628420.0], [700180.0, 1628420.0]]]}}, {"type": "Feature", "properties": {"year": 2035, "class_id": 2, "class_label": "expuesto_cierto_ambos"}, "geometry": {"type": "Polygon", "coordinates": [[[687820.0, 1628420.0], [687820.0, 1628400.0], [687840.0, 1628400.0], [687840.0, 1628380.0], [687880.0, 1628380.0], [687880.0, 1628420.0], [687820.0, 1628420.0]]]}}, {"type": "Feature", "properties": {"year": 2035, "class_id": 2, "class_label": "expuesto_cierto_ambos"}, "geometry": {"type": "Polygon", "coordinates": [[[687040.0, 1628400.0], [687040.0, 1628380.0], [687060.0, 1628380.0], [687060.0, 1628400.0], [687040.0, 1628400.0]]]}}, {"type": "Feature", "properties": {"year": 2035, "class_id": 4, "class_label": "incierto"}, "geometry": {"type": "Polygon", "coordinates": [[[688880.0, 1628400.0], [688880.0, 1628380.0], [688900.0, 1628380.0], [688900.0, 1628400.0], [688880.0, 1628400.0]]]}}, {"type": "Feature", "properties": {"year": 2035, "class_id": 2, "class_label": "expuesto_cierto_ambos"}, "geometry": {"type": "Polygon", "coordinates": [[[700460.0, 1628400.0], [700460.0, 1628380.0], [700480.0, 1628380.0], [700480.0, 1628400.0], [700460.0, 1628400.0]]]}}, {"type": "Feature", "properties": {"year": 2035, "class_id": 2, "class_label": "expuesto_cierto_ambos"}, "geometry": {"type": "Polygon", "coordinates": [[[686900.0, 1628500.0], [686900.0, 1628480.0], [686880.0, 1628480.0], [686880.0, 1628460.0], [686860.0, 1628460.0], [686860.0, 1628420.0], [686840.0, 1628420.0], [686840.0, 1628400.0], [686820.0, 1628400.0], [686820.0, 1628360.0], [686840.0, 1628360.0], [686840.0, 1628380.0], [686860.0, 1628380.0], [686860.0, 1628400.0], [686880.0, 1628400.0], [686880.0, 1628420.0], [686900.0, 1628420.0], [686900.0, 1628440.0], [686960.0, 1628440.0], [686960.0, 1628420.0], [687020.0, 1628420.0], [687020.0, 1628400.0], [687040.0, 1628400.0], [687040.0, 1628420.0], [687060.0, 1628420.0], [687060.0, 1628440.0], [687040.0, 1628440.0], [687040.0, 1628460.0], [687020.0, 1628460.0], [687020.0, 1628480.0], [686980.0, 1628480.0], [686980.0, 1628500.0], [686900.0, 1628500.0]]]}}, {"type": "Feature", "properties": {"year": 2035, "class_id": 4, "class_label": "incierto"}, "geometry": {"type": "Polygon", "coordinates": [[[687780.0, 1628400.0], [687780.0, 1628360.0], [687800.0, 1628360.0], [687800.0, 1628400.0], [687780.0, 1628400.0]]]}}, {"type": "Feature", "properties": {"year": 2035, "class_id": 2, "class_label": "expuesto_cierto_ambos"}, "geometry": {"type": "Polygon", "coordinates": [[[687800.0, 1628400.0], [687800.0, 1628360.0], [687820.0, 1628360.0], [687820.0, 1628400.0], [687800.0, 1628400.0]]]}}, {"type": "Feature", "properties": {"year": 2035, "class_id": 2, "class_label": "expuesto_cierto_ambos"}, "geometry": {"type": "Polygon", "coordinates": [[[687940.0, 1628400.0], [687940.0, 1628380.0], [687980.0, 1628380.0], [687980.0, 1628360.0], [688020.0, 1628360.0], [688020.0, 1628400.0], [687940.0, 1628400.0]]]}}, {"type": "Feature", "properties": {"year": 2035, "class_id": 4, "class_label": "incierto"}, "geometry": {"type": "Polygon", "coordinates": [[[687740.0, 1628380.0], [687740.0, 1628360.0], [687760.0, 1628360.0], [687760.0, 1628380.0], [687740.0, 1628380.0]]]}}, {"type": "Feature", "properties": {"year": 2035, "class_id": 4, "class_label": "incierto"}, "geometry": {"type": "Polygon", "coordinates": [[[688860.0, 1628380.0], [688860.0, 1628360.0], [688880.0, 1628360.0], [688880.0, 1628380.0], [688860.0, 1628380.0]]]}}, {"type": "Feature", "properties": {"year": 2035, "class_id": 2, "class_label": "expuesto_cierto_ambos"}, "geometry": {"type": "Polygon", "coordinates": [[[700200.0, 1628380.0], [700200.0, 1628360.0], [700240.0, 1628360.0], [700240.0, 1628380.0], [700200.0, 1628380.0]]]}}, {"type": "Feature", "properties": {"year": 2035, "class_id": 4, "class_label": "incierto"}, "geometry": {"type": "Polygon", "coordinates": [[[700240.0, 1628380.0], [700240.0, 1628360.0], [700260.0, 1628360.0], [700260.0, 1628380.0], [700240.0, 1628380.0]]]}}, {"type": "Feature", "properties": {"year": 2035, "class_id": 4, "class_label": "incierto"}, "geometry": {"type": "Polygon", "coordinates": [[[687000.0, 1628520.0], [687000.0, 1628500.0], [686980.0, 1628500.0], [686980.0, 1628480.0], [687020.0, 1628480.0], [687020.0, 1628460.0], [687040.0, 1628460.0], [687040.0, 1628440.0], [687060.0, 1628440.0], [687060.0, 1628420.0], [687080.0, 1628420.0], [687080.0, 1628400.0], [687060.0, 1628400.0], [687060.0, 1628380.0], [687080.0, 1628380.0], [687080.0, 1628360.0], [687100.0, 1628360.0], [687100.0, 1628340.0], [687120.0, 1628340.0], [687120.0, 1628380.0], [687100.0, 1628380.0], [687100.0, 1628440.0], [687080.0, 1628440.0], [687080.0, 1628460.0], [687060.0, 1628460.0], [687060.0, 1628480.0], [687040.0, 1628480.0], [687040.0, 1628500.0], [687020.0, 1628500.0], [687020.0, 1628520.0], [687000.0, 1628520.0]]]}}, {"type": "Feature", "properties": {"year": 2035, "class_id": 2, "class_label": "expuesto_cierto_ambos"}, "geometry": {"type": "Polygon", "coordinates": [[[688020.0, 1628360.0], [688020.0, 1628340.0], [688040.0, 1628340.0], [688040.0, 1628360.0], [688020.0, 1628360.0]]]}}, {"type": "Feature", "properties": {"year": 2035, "class_id": 4, "class_label": "incierto"}, "geometry": {"type": "Polygon", "coordinates": [[[688700.0, 1628360.0], [688700.0, 1628340.0], [688860.0, 1628340.0], [688860.0, 1628360.0], [688700.0, 1628360.0]]]}}, {"type": "Feature", "properties": {"year": 2035, "class_id": 2, "class_label": "expuesto_cierto_ambos"}, "geometry": {"type": "Polygon", "coordinates": [[[700240.0, 1628360.0], [700240.0, 1628340.0], [700260.0, 1628340.0], [700260.0, 1628360.0], [700240.0, 1628360.0]]]}}, {"type": "Feature", "properties": {"year": 2035, "class_id": 4, "class_label": "incierto"}, "geometry": {"type": "Polygon", "coordinates": [[[687120.0, 1628340.0], [687120.0, 1628320.0], [687140.0, 1628320.0], [687140.0, 1628340.0], [687120.0, 1628340.0]]]}}, {"type": "Feature", "properties": {"year": 2035, "class_id": 4, "class_label": "incierto"}, "geometry": {"type": "Polygon", "coordinates": [[[687720.0, 1628340.0], [687720.0, 1628320.0], [687740.0, 1628320.0], [687740.0, 1628340.0], [687720.0, 1628340.0]]]}}, {"type": "Feature", "properties": {"year": 2035, "class_id": 4, "class_label": "incierto"}, "geometry": {"type": "Polygon", "coordinates": [[[688660.0, 1628340.0], [688660.0, 1628320.0], [688680.0, 1628320.0], [688680.0, 1628340.0], [688660.0, 1628340.0]]]}}, {"type": "Feature", "properties": {"year": 2035, "class_id": 2, "class_label": "expuesto_cierto_ambos"}, "geometry": {"type": "Polygon", "coordinates": [[[700500.0, 1628380.0], [700500.0, 1628340.0], [700480.0, 1628340.0], [700480.0, 1628320.0], [700520.0, 1628320.0], [700520.0, 1628380.0], [700500.0, 1628380.0]]]}}, {"type": "Feature", "properties": {"year": 2035, "class_id": 2, "class_label": "expuesto_cierto_ambos"}, "geometry": {"type": "Polygon", "coordinates": [[[700580.0, 1628340.0], [700580.0, 1628320.0], [700600.0, 1628320.0], [700600.0, 1628340.0], [700580.0, 1628340.0]]]}}, {"type": "Feature", "properties": {"year": 2035, "class_id": 4, "class_label": "incierto"}, "geometry": {"type": "Polygon", "coordinates": [[[686840.0, 1628460.0], [686840.0, 1628440.0], [686820.0, 1628440.0], [686820.0, 1628420.0], [686800.0, 1628420.0], [686800.0, 1628400.0], [686760.0, 1628400.0], [686760.0, 1628380.0], [686740.0, 1628380.0], [686740.0, 1628360.0], [686720.0, 1628360.0], [686720.0, 1628340.0], [686700.0, 1628340.0], [686700.0, 1628300.0], [686720.0, 1628300.0], [686720.0, 1628320.0], [686760.0, 1628320.0], [686760.0, 1628360.0], [686820.0, 1628360.0], [686820.0, 1628400.0], [686840.0, 1628400.0], [686840.0, 1628420.0], [686860.0, 1628420.0], [686860.0, 1628460.0], [686840.0, 1628460.0]]]}}, {"type": "Feature", "properties": {"year": 2035, "class_id": 4, "class_label": "incierto"}, "geometry": {"type": "Polygon", "coordinates": [[[688100.0, 1628340.0], [688100.0, 1628300.0], [688120.0, 1628300.0], [688120.0, 1628340.0], [688100.0, 1628340.0]]]}}, {"type": "Feature", "properties": {"year": 2035, "class_id": 2, "class_label": "expuesto_cierto_ambos"}, "geometry": {"type": "Polygon", "coordinates": [[[700360.0, 1628340.0], [700360.0, 1628320.0], [700380.0, 1628320.0], [700380.0, 1628300.0], [700400.0, 1628300.0], [700400.0, 1628320.0], [700420.0, 1628320.0], [700420.0, 1628340.0], [700360.0, 1628340.0]]]}}, {"type": "Feature", "properties": {"year": 2035, "class_id": 4, "class_label": "incierto"}, "geometry": {"type": "Polygon", "coordinates": [[[700960.0, 1628340.0], [700960.0, 1628300.0], [700980.0, 1628300.0], [700980.0, 1628340.0], [700960.0, 1628340.0]]]}}, {"type": "Feature", "properties": {"year": 2035, "class_id": 4, "class_label": "incierto"}, "geometry": {"type": "Polygon", "coordinates": [[[687680.0, 1628320.0], [687680.0, 1628300.0], [687720.0, 1628300.0], [687720.0, 1628320.0], [687680.0, 1628320.0]]]}}, {"type": "Feature", "properties": {"year": 2035, "class_id": 4, "class_label": "incierto"}, "geometry": {"type": "Polygon", "coordinates": [[[688600.0, 1628320.0], [688600.0, 1628300.0], [688620.0, 1628300.0], [688620.0, 1628320.0], [688600.0, 1628320.0]]]}}, {"type": "Feature", "properties": {"year": 2035, "class_id": 4, "class_label": "incierto"}, "geometry": {"type": "Polygon", "coordinates": [[[700360.0, 1628320.0], [700360.0, 1628300.0], [700380.0, 1628300.0], [700380.0, 1628320.0], [700360.0, 1628320.0]]]}}, {"type": "Feature", "properties": {"year": 2035, "class_id": 2, "class_label": "expuesto_cierto_ambos"}, "geometry": {"type": "Polygon", "coordinates": [[[700520.0, 1628320.0], [700520.0, 1628300.0], [700560.0, 1628300.0], [700560.0, 1628320.0], [700520.0, 1628320.0]]]}}, {"type": "Feature", "properties": {"year": 2035, "class_id": 2, "class_label": "expuesto_cierto_ambos"}, "geometry": {"type": "Polygon", "coordinates": [[[700600.0, 1628320.0], [700600.0, 1628300.0], [700620.0, 1628300.0], [700620.0, 1628320.0], [700600.0, 1628320.0]]]}}, {"type": "Feature", "properties": {"year": 2035, "class_id": 4, "class_label": "incierto"}, "geometry": {"type": "Polygon", "coordinates": [[[700620.0, 1628320.0], [700620.0, 1628300.0], [700680.0, 1628300.0], [700680.0, 1628320.0], [700620.0, 1628320.0]]]}}, {"type": "Feature", "properties": {"year": 2035, "class_id": 4, "class_label": "incierto"}, "geometry": {"type": "Polygon", "coordinates": [[[700280.0, 1628320.0], [700280.0, 1628280.0], [700300.0, 1628280.0], [700300.0, 1628300.0], [700340.0, 1628300.0], [700340.0, 1628320.0], [700280.0, 1628320.0]]]}}, {"type": "Feature", "properties": {"year": 2035, "class_id": 4, "class_label": "incierto"}, "geometry": {"type": "Polygon", "coordinates": [[[687660.0, 1628300.0], [687660.0, 1628280.0], [687680.0, 1628280.0], [687680.0, 1628300.0], [687660.0, 1628300.0]]]}}, {"type": "Feature", "properties": {"year": 2035, "class_id": 4, "class_label": "incierto"}, "geometry": {"type": "Polygon", "coordinates": [[[688380.0, 1628300.0], [688380.0, 1628280.0], [688420.0, 1628280.0], [688420.0, 1628300.0], [688380.0, 1628300.0]]]}}, {"type": "Feature", "properties": {"year": 2035, "class_id": 4, "class_label": "incierto"}, "geometry": {"type": "Polygon", "coordinates": [[[688560.0, 1628300.0], [688560.0, 1628280.0], [688580.0, 1628280.0], [688580.0, 1628300.0], [688560.0, 1628300.0]]]}}, {"type": "Feature", "properties": {"year": 2035, "class_id": 2, "class_label": "expuesto_cierto_ambos"}, "geometry": {"type": "Polygon", "coordinates": [[[700580.0, 1628300.0], [700580.0, 1628280.0], [700600.0, 1628280.0], [700600.0, 1628300.0], [700580.0, 1628300.0]]]}}, {"type": "Feature", "properties": {"year": 2035, "class_id": 4, "class_label": "incierto"}, "geometry": {"type": "Polygon", "coordinates": [[[700600.0, 1628300.0], [700600.0, 1628280.0], [700620.0, 1628280.0], [700620.0, 1628300.0], [700600.0, 1628300.0]]]}}, {"type": "Feature", "properties": {"year": 2035, "class_id": 2, "class_label": "expuesto_cierto_ambos"}, "geometry": {"type": "Polygon", "coordinates": [[[688060.0, 1628360.0], [688060.0, 1628340.0], [688040.0, 1628340.0], [688040.0, 1628320.0], [688060.0, 1628320.0], [688060.0, 1628300.0], [688080.0, 1628300.0], [688080.0, 1628280.0], [688100.0, 1628280.0], [688100.0, 1628260.0], [688120.0, 1628260.0], [688120.0, 1628300.0], [688100.0, 1628300.0], [688100.0, 1628340.0], [688080.0, 1628340.0], [688080.0, 1628360.0], [688060.0, 1628360.0]]]}}, {"type": "Feature", "properties": {"year": 2035, "class_id": 4, "class_label": "incierto"}, "geometry": {"type": "Polygon", "coordinates": [[[688300.0, 1628340.0], [688300.0, 1628320.0], [688260.0, 1628320.0], [688260.0, 1628260.0], [688280.0, 1628260.0], [688280.0, 1628280.0], [688300.0, 1628280.0], [688300.0, 1628300.0], [688380.0, 1628300.0], [688380.0, 1628320.0], [688340.0, 1628320.0], [688340.0, 1628340.0], [688300.0, 1628340.0]]]}}, {"type": "Feature", "properties": {"year": 2035, "class_id": 2, "class_label": "expuesto_cierto_ambos"}, "geometry": {"type": "Polygon", "coordinates": [[[700260.0, 1628320.0], [700260.0, 1628260.0], [700340.0, 1628260.0], [700340.0, 1628280.0], [700380.0, 1628280.0], [700380.0, 1628300.0], [700360.0, 1628300.0], [700360.0, 1628320.0], [700340.0, 1628320.0], [700340.0, 1628300.0], [700300.0, 1628300.0], [700300.0, 1628280.0], [700280.0, 1628280.0], [700280.0, 1628320.0], [700260.0, 1628320.0]]]}}, {"type": "Feature", "properties": {"year": 2035, "class_id": 4, "class_label": "incierto"}, "geometry": {"type": "Polygon", "coordinates": [[[688120.0, 1628300.0], [688120.0, 1628260.0], [688160.0, 1628260.0], [688160.0, 1628280.0], [688140.0, 1628280.0], [688140.0, 1628300.0], [688120.0, 1628300.0]]]}}, {"type": "Feature", "properties": {"year": 2035, "class_id": 2, "class_label": "expuesto_cierto_ambos"}, "geometry": {"type": "Polygon", "coordinates": [[[700620.0, 1628300.0], [700620.0, 1628280.0], [700660.0, 1628280.0], [700660.0, 1628260.0], [700680.0, 1628260.0], [700680.0, 1628300.0], [700620.0, 1628300.0]]]}}, {"type": "Feature", "properties": {"year": 2035, "class_id": 4, "class_label": "incierto"}, "geometry": {"type": "Polygon", "coordinates": [[[686680.0, 1628300.0], [686680.0, 1628280.0], [686660.0, 1628280.0], [686660.0, 1628260.0], [686700.0, 1628260.0], [686700.0, 1628300.0], [686680.0, 1628300.0]]]}}, {"type": "Feature", "properties": {"year": 2035, "class_id": 4, "class_label": "incierto"}, "geometry": {"type": "Polygon", "coordinates": [[[687140.0, 1628300.0], [687140.0, 1628280.0], [687120.0, 1628280.0], [687120.0, 1628260.0], [687160.0, 1628260.0], [687160.0, 1628300.0], [687140.0, 1628300.0]]]}}, {"type": "Feature", "properties": {"year": 2035, "class_id": 4, "class_label": "incierto"}, "geometry": {"type": "Polygon", "coordinates": [[[687620.0, 1628280.0], [687620.0, 1628260.0], [687640.0, 1628260.0], [687640.0, 1628280.0], [687620.0, 1628280.0]]]}}, {"type": "Feature", "properties": {"year": 2035, "class_id": 4, "class_label": "incierto"}, "geometry": {"type": "Polygon", "coordinates": [[[688460.0, 1628280.0], [688460.0, 1628260.0], [688500.0, 1628260.0], [688500.0, 1628280.0], [688460.0, 1628280.0]]]}}, {"type": "Feature", "properties": {"year": 2035, "class_id": 2, "class_label": "expuesto_cierto_ambos"}, "geometry": {"type": "Polygon", "coordinates": [[[700600.0, 1628280.0], [700600.0, 1628260.0], [700620.0, 1628260.0], [700620.0, 1628280.0], [700600.0, 1628280.0]]]}}, {"type": "Feature", "properties": {"year": 2035, "class_id": 4, "class_label": "incierto"}, "geometry": {"type": "Polygon", "coordinates": [[[686640.0, 1628260.0], [686640.0, 1628240.0], [686660.0, 1628240.0], [686660.0, 1628260.0], [686640.0, 1628260.0]]]}}, {"type": "Feature", "properties": {"year": 2035, "class_id": 4, "class_label": "incierto"}, "geometry": {"type": "Polygon", "coordinates": [[[687600.0, 1628260.0], [687600.0, 1628240.0], [687620.0, 1628240.0], [687620.0, 1628260.0], [687600.0, 1628260.0]]]}}, {"type": "Feature", "properties": {"year": 2035, "class_id": 4, "class_label": "incierto"}, "geometry": {"type": "Polygon", "coordinates": [[[688160.0, 1628260.0], [688160.0, 1628240.0], [688200.0, 1628240.0], [688200.0, 1628260.0], [688160.0, 1628260.0]]]}}, {"type": "Feature", "properties": {"year": 2035, "class_id": 4, "class_label": "incierto"}, "geometry": {"type": "Polygon", "coordinates": [[[686620.0, 1628240.0], [686620.0, 1628220.0], [686640.0, 1628220.0], [686640.0, 1628240.0], [686620.0, 1628240.0]]]}}, {"type": "Feature", "properties": {"year": 2035, "class_id": 4, "class_label": "incierto"}, "geometry": {"type": "Polygon", "coordinates": [[[687160.0, 1628240.0], [687160.0, 1628220.0], [687180.0, 1628220.0], [687180.0, 1628240.0], [687160.0, 1628240.0]]]}}, {"type": "Feature", "properties": {"year": 2035, "class_id": 4, "class_label": "incierto"}, "geometry": {"type": "Polygon", "coordinates": [[[687560.0, 1628240.0], [687560.0, 1628220.0], [687580.0, 1628220.0], [687580.0, 1628240.0], [687560.0, 1628240.0]]]}}, {"type": "Feature", "properties": {"year": 2035, "class_id": 2, "class_label": "expuesto_cierto_ambos"}, "geometry": {"type": "Polygon", "coordinates": [[[688120.0, 1628260.0], [688120.0, 1628240.0], [688140.0, 1628240.0], [688140.0, 1628220.0], [688160.0, 1628220.0], [688160.0, 1628200.0], [688180.0, 1628200.0], [688180.0, 1628220.0], [688200.0, 1628220.0], [688200.0, 1628240.0], [688160.0, 1628240.0], [688160.0, 1628260.0], [688120.0, 1628260.0]]]}}, {"type": "Feature", "properties": {"year": 2035, "class_id": 2, "class_label": "expuesto_cierto_ambos"}, "geometry": {"type": "Polygon", "coordinates": [[[689220.0, 1628900.0], [689220.0, 1628880.0], [689200.0, 1628880.0], [689200.0, 1628820.0], [689180.0, 1628820.0], [689180.0, 1628780.0], [689160.0, 1628780.0], [689160.0, 1628660.0], [689140.0, 1628660.0], [689140.0, 1628640.0], [689160.0, 1628640.0], [689160.0, 1628580.0], [689180.0, 1628580.0], [689180.0, 1628540.0], [689200.0, 1628540.0], [689200.0, 1628520.0], [689160.0, 1628520.0], [689160.0, 1628480.0], [689100.0, 1628480.0], [689100.0, 1628460.0], [689040.0, 1628460.0], [689040.0, 1628440.0], [688980.0, 1628440.0], [688980.0, 1628420.0], [688940.0, 1628420.0], [688940.0, 1628400.0], [688900.0, 1628400.0], [688900.0, 1628380.0], [688880.0, 1628380.0], [688880.0, 1628360.0], [688860.0, 1628360.0], [688860.0, 1628340.0], [688680.0, 1628340.0], [688680.0, 1628320.0], [688620.0, 1628320.0], [688620.0, 1628300.0], [688580.0, 1628300.0], [688580.0, 1628280.0], [688520.0, 1628280.0], [688520.0, 1628260.0], [688460.0, 1628260.0], [688460.0, 1628280.0], [688380.0, 1628280.0], [688380.0, 1628300.0], [688300.0, 1628300.0], [688300.0, 1628280.0], [688280.0, 1628280.0], [688280.0, 1628260.0], [688260.0, 1628260.0], [688260.0, 1628220.0], [688280.0, 1628220.0], [688280.0, 1628240.0], [688300.0, 1628240.0], [688300.0, 1628260.0], [688360.0, 1628260.0], [688360.0, 1628240.0], [688400.0, 1628240.0], [688400.0, 1628220.0], [688480.0, 1628220.0], [688480.0, 1628200.0], [688500.0, 1628200.0], [688500.0, 1628220.0], [688560.0, 1628220.0], [688560.0, 1628240.0], [688600.0, 1628240.0], [688600.0, 1628280.0], [688640.0, 1628280.0], [688640.0, 1628300.0], [688700.0, 1628300.0], [688700.0, 1628320.0], [688720.0, 1628320.0], [688720.0, 1628280.0], [688780.0, 1628280.0], [688780.0, 1628300.0], [688820.0, 1628300.0], [688820.0, 1628320.0], [688840.0, 1628320.0], [688840.0, 1628300.0], [688880.0, 1628300.0], [688880.0, 1628320.0], [688900.0, 1628320.0], [688900.0, 1628340.0], [688920.0, 1628340.0], [688920.0, 1628360.0], [688940.0, 1628360.0], [688940.0, 1628380.0], [689020.0, 1628380.0], [689020.0, 1628400.0], [689080.0, 1628400.0], [689080.0, 1628420.0], [689140.0, 1628420.0], [689140.0, 1628440.0], [689180.0, 1628440.0], [689180.0, 1628460.0], [689200.0, 1628460.0], [689200.0, 1628480.0], [689220.0, 1628480.0], [689220.0, 1628500.0], [689240.0, 1628500.0], [689240.0, 1628520.0], [689220.0, 1628520.0], [689220.0, 1628540.0], [689240.0, 1628540.0], [689240.0, 1628560.0], [689220.0, 1628560.0], [689220.0, 1628620.0], [689200.0, 1628620.0], [689200.0, 1628640.0], [689180.0, 1628640.0], [689180.0, 1628680.0], [689200.0, 1628680.0], [689200.0, 1628700.0], [689220.0, 1628700.0], [689220.0, 1628760.0], [689200.0, 1628760.0], [689200.0, 1628780.0], [689220.0, 1628780.0], [689220.0, 1628800.0], [689240.0, 1628800.0], [689240.0, 1628840.0], [689260.0, 1628840.0], [689260.0, 1628880.0], [689240.0, 1628880.0], [689240.0, 1628900.0], [689220.0, 1628900.0]]]}}, {"type": "Feature", "properties": {"year": 2035, "class_id": 2, "class_label": "expuesto_cierto_ambos"}, "geometry": {"type": "Polygon", "coordinates": [[[700720.0, 1628240.0], [700720.0, 1628200.0], [700740.0, 1628200.0], [700740.0, 1628240.0], [700720.0, 1628240.0]]]}}, {"type": "Feature", "properties": {"year": 2035, "class_id": 4, "class_label": "incierto"}, "geometry": {"type": "Polygon", "coordinates": [[[687540.0, 1628220.0], [687540.0, 1628200.0], [687560.0, 1628200.0], [687560.0, 1628220.0], [687540.0, 1628220.0]]]}}, {"type": "Feature", "properties": {"year": 2035, "class_id": 2, "class_label": "expuesto_cierto_ambos"}, "geometry": {"type": "Polygon", "coordinates": [[[700740.0, 1628200.0], [700740.0, 1628180.0], [700760.0, 1628180.0], [700760.0, 1628200.0], [700740.0, 1628200.0]]]}}, {"type": "Feature", "properties": {"year": 2035, "class_id": 4, "class_label": "incierto"}, "geometry": {"type": "Polygon", "coordinates": [[[687180.0, 1628200.0], [687180.0, 1628160.0], [687200.0, 1628160.0], [687200.0, 1628200.0], [687180.0, 1628200.0]]]}}, {"type": "Feature", "properties": {"year": 2035, "class_id": 4, "class_label": "incierto"}, "geometry": {"type": "Polygon", "coordinates": [[[687380.0, 1628180.0], [687380.0, 1628160.0], [687460.0, 1628160.0], [687460.0, 1628180.0], [687380.0, 1628180.0]]]}}, {"type": "Feature", "properties": {"year": 2035, "class_id": 2, "class_label": "expuesto_cierto_ambos"}, "geometry": {"type": "Polygon", "coordinates": [[[700760.0, 1628180.0], [700760.0, 1628160.0], [700780.0, 1628160.0], [700780.0, 1628180.0], [700760.0, 1628180.0]]]}}, {"type": "Feature", "properties": {"year": 2035, "class_id": 2, "class_label": "expuesto_cierto_ambos"}, "geometry": {"type": "Polygon", "coordinates": [[[700800.0, 1628160.0], [700800.0, 1628140.0], [700840.0, 1628140.0], [700840.0, 1628160.0], [700800.0, 1628160.0]]]}}, {"type": "Feature", "properties": {"year": 2035, "class_id": 4, "class_label": "incierto"}, "geometry": {"type": "Polygon", "coordinates": [[[686600.0, 1628160.0], [686600.0, 1628120.0], [686620.0, 1628120.0], [686620.0, 1628160.0], [686600.0, 1628160.0]]]}}, {"type": "Feature", "properties": {"year": 2035, "class_id": 4, "class_label": "incierto"}, "geometry": {"type": "Polygon", "coordinates": [[[687360.0, 1628160.0], [687360.0, 1628120.0], [687380.0, 1628120.0], [687380.0, 1628160.0], [687360.0, 1628160.0]]]}}, {"type": "Feature", "properties": {"year": 2035, "class_id": 4, "class_label": "incierto"}, "geometry": {"type": "Polygon", "coordinates": [[[687200.0, 1628140.0], [687200.0, 1628120.0], [687220.0, 1628120.0], [687220.0, 1628140.0], [687200.0, 1628140.0]]]}}, {"type": "Feature", "properties": {"year": 2035, "class_id": 2, "class_label": "expuesto_cierto_ambos"}, "geometry": {"type": "Polygon", "coordinates": [[[700880.0, 1628140.0], [700880.0, 1628120.0], [700900.0, 1628120.0], [700900.0, 1628140.0], [700880.0, 1628140.0]]]}}, {"type": "Feature", "properties": {"year": 2035, "class_id": 2, "class_label": "expuesto_cierto_ambos"}, "geometry": {"type": "Polygon", "coordinates": [[[687760.0, 1628380.0], [687760.0, 1628360.0], [687740.0, 1628360.0], [687740.0, 1628320.0], [687720.0, 1628320.0], [687720.0, 1628300.0], [687680.0, 1628300.0], [687680.0, 1628280.0], [687640.0, 1628280.0], [687640.0, 1628260.0], [687620.0, 1628260.0], [687620.0, 1628240.0], [687580.0, 1628240.0], [687580.0, 1628220.0], [687560.0, 1628220.0], [687560.0, 1628200.0], [687500.0, 1628200.0], [687500.0, 1628180.0], [687460.0, 1628180.0], [687460.0, 1628160.0], [687380.0, 1628160.0], [687380.0, 1628120.0], [687360.0, 1628120.0], [687360.0, 1628080.0], [687380.0, 1628080.0], [687380.0, 1628100.0], [687420.0, 1628100.0], [687420.0, 1628120.0], [687440.0, 1628120.0], [687440.0, 1628140.0], [687460.0, 1628140.0], [687460.0, 1628120.0], [687500.0, 1628120.0], [687500.0, 1628140.0], [687560.0, 1628140.0], [687560.0, 1628160.0], [687580.0, 1628160.0], [687580.0, 1628180.0], [687600.0, 1628180.0], [687600.0, 1628200.0], [687620.0, 1628200.0], [687620.0, 1628220.0], [687660.0, 1628220.0], [687660.0, 1628240.0], [687720.0, 1628240.0], [687720.0, 1628280.0], [687760.0, 1628280.0], [687760.0, 1628300.0], [687780.0, 1628300.0], [687780.0, 1628320.0], [687800.0, 1628320.0], [687800.0, 1628360.0], [687780.0, 1628360.0], [687780.0, 1628380.0], [687760.0, 1628380.0]]]}}, {"type": "Feature", "properties": {"year": 2035, "class_id": 4, "class_label": "incierto"}, "geometry": {"type": "Polygon", "coordinates": [[[687220.0, 1628100.0], [687220.0, 1628080.0], [687240.0, 1628080.0], [687240.0, 1628100.0], [687220.0, 1628100.0]]]}}, {"type": "Feature", "properties": {"year": 2035, "class_id": 4, "class_label": "incierto"}, "geometry": {"type": "Polygon", "coordinates": [[[687340.0, 1628100.0], [687340.0, 1628080.0], [687360.0, 1628080.0], [687360.0, 1628100.0], [687340.0, 1628100.0]]]}}, {"type": "Feature", "properties": {"year": 2035, "class_id": 2, "class_label": "expuesto_cierto_ambos"}, "geometry": {"type": "Polygon", "coordinates": [[[700880.0, 1628100.0], [700880.0, 1628080.0], [700900.0, 1628080.0], [700900.0, 1628100.0], [700880.0, 1628100.0]]]}}, {"type": "Feature", "properties": {"year": 2035, "class_id": 4, "class_label": "incierto"}, "geometry": {"type": "Polygon", "coordinates": [[[687240.0, 1628080.0], [687240.0, 1628060.0], [687260.0, 1628060.0], [687260.0, 1628080.0], [687240.0, 1628080.0]]]}}, {"type": "Feature", "properties": {"year": 2035, "class_id": 4, "class_label": "incierto"}, "geometry": {"type": "Polygon", "coordinates": [[[687300.0, 1628080.0], [687300.0, 1628060.0], [687340.0, 1628060.0], [687340.0, 1628080.0], [687300.0, 1628080.0]]]}}, {"type": "Feature", "properties": {"year": 2035, "class_id": 4, "class_label": "incierto"}, "geometry": {"type": "Polygon", "coordinates": [[[687360.0, 1628080.0], [687360.0, 1628060.0], [687380.0, 1628060.0], [687380.0, 1628080.0], [687360.0, 1628080.0]]]}}, {"type": "Feature", "properties": {"year": 2035, "class_id": 2, "class_label": "expuesto_cierto_ambos"}, "geometry": {"type": "Polygon", "coordinates": [[[687380.0, 1628080.0], [687380.0, 1628060.0], [687400.0, 1628060.0], [687400.0, 1628080.0], [687380.0, 1628080.0]]]}}, {"type": "Feature", "properties": {"year": 2035, "class_id": 4, "class_label": "incierto"}, "geometry": {"type": "Polygon", "coordinates": [[[700880.0, 1628080.0], [700880.0, 1628060.0], [700900.0, 1628060.0], [700900.0, 1628080.0], [700880.0, 1628080.0]]]}}, {"type": "Feature", "properties": {"year": 2035, "class_id": 2, "class_label": "expuesto_cierto_ambos"}, "geometry": {"type": "Polygon", "coordinates": [[[700900.0, 1628080.0], [700900.0, 1628060.0], [700920.0, 1628060.0], [700920.0, 1628080.0], [700900.0, 1628080.0]]]}}, {"type": "Feature", "properties": {"year": 2035, "class_id": 4, "class_label": "incierto"}, "geometry": {"type": "Polygon", "coordinates": [[[686580.0, 1628100.0], [686580.0, 1628040.0], [686600.0, 1628040.0], [686600.0, 1628100.0], [686580.0, 1628100.0]]]}}, {"type": "Feature", "properties": {"year": 2035, "class_id": 4, "class_label": "incierto"}, "geometry": {"type": "Polygon", "coordinates": [[[687280.0, 1628060.0], [687280.0, 1628040.0], [687300.0, 1628040.0], [687300.0, 1628060.0], [687280.0, 1628060.0]]]}}, {"type": "Feature", "properties": {"year": 2035, "class_id": 2, "class_label": "expuesto_cierto_ambos"}, "geometry": {"type": "Polygon", "coordinates": [[[700860.0, 1628080.0], [700860.0, 1628020.0], [700920.0, 1628020.0], [700920.0, 1628040.0], [700900.0, 1628040.0], [700900.0, 1628060.0], [700880.0, 1628060.0], [700880.0, 1628080.0], [700860.0, 1628080.0]]]}}, {"type": "Feature", "properties": {"year": 2035, "class_id": 2, "class_label": "expuesto_cierto_ambos"}, "geometry": {"type": "Polygon", "coordinates": [[[687060.0, 1628380.0], [687060.0, 1628320.0], [687080.0, 1628320.0], [687080.0, 1628260.0], [687100.0, 1628260.0], [687100.0, 1628240.0], [687120.0, 1628240.0], [687120.0, 1628200.0], [687140.0, 1628200.0], [687140.0, 1628160.0], [687160.0, 1628160.0], [687160.0, 1628100.0], [687180.0, 1628100.0], [687180.0, 1628080.0], [687200.0, 1628080.0], [687200.0, 1628060.0], [687220.0, 1628060.0], [687220.0, 1628040.0], [687240.0, 1628040.0], [687240.0, 1628020.0], [687260.0, 1628020.0], [687260.0, 1628000.0], [687340.0, 1628000.0], [687340.0, 1628020.0], [687360.0, 1628020.0], [687360.0, 1628040.0], [687380.0, 1628040.0], [687380.0, 1628060.0], [687360.0, 1628060.0], [687360.0, 1628080.0], [687340.0, 1628080.0], [687340.0, 1628060.0], [687300.0, 1628060.0], [687300.0, 1628040.0], [687280.0, 1628040.0], [687280.0, 1628060.0], [687240.0, 1628060.0], [687240.0, 1628080.0], [687220.0, 1628080.0], [687220.0, 1628120.0], [687200.0, 1628120.0], [687200.0, 1628160.0], [687180.0, 1628160.0], [687180.0, 1628220.0], [687160.0, 1628220.0], [687160.0, 1628260.0], [687120.0, 1628260.0], [687120.0, 1628280.0], [687140.0, 1628280.0], [687140.0, 1628320.0], [687120.0, 1628320.0], [687120.0, 1628340.0], [687100.0, 1628340.0], [687100.0, 1628360.0], [687080.0, 1628360.0], [687080.0, 1628380.0], [687060.0, 1628380.0]]]}}, {"type": "Feature", "properties": {"year": 2035, "class_id": 4, "class_label": "incierto"}, "geometry": {"type": "Polygon", "coordinates": [[[686600.0, 1628020.0], [686600.0, 1628000.0], [686620.0, 1628000.0], [686620.0, 1628020.0], [686600.0, 1628020.0]]]}}, {"type": "Feature", "properties": {"year": 2035, "class_id": 4, "class_label": "incierto"}, "geometry": {"type": "Polygon", "coordinates": [[[686580.0, 1628000.0], [686580.0, 1627960.0], [686600.0, 1627960.0], [686600.0, 1628000.0], [686580.0, 1628000.0]]]}}, {"type": "Feature", "properties": {"year": 2035, "class_id": 4, "class_label": "incierto"}, "geometry": {"type": "Polygon", "coordinates": [[[686560.0, 1627940.0], [686560.0, 1627920.0], [686580.0, 1627920.0], [686580.0, 1627940.0], [686560.0, 1627940.0]]]}}, {"type": "Feature", "properties": {"year": 2035, "class_id": 2, "class_label": "expuesto_cierto_ambos"}, "geometry": {"type": "Polygon", "coordinates": [[[700900.0, 1628000.0], [700900.0, 1627940.0], [700920.0, 1627940.0], [700920.0, 1627900.0], [700940.0, 1627900.0], [700940.0, 1627920.0], [700960.0, 1627920.0], [700960.0, 1627940.0], [700940.0, 1627940.0], [700940.0, 1627960.0], [700920.0, 1627960.0], [700920.0, 1628000.0], [700900.0, 1628000.0]]]}}, {"type": "Feature", "properties": {"year": 2035, "class_id": 2, "class_label": "expuesto_cierto_ambos"}, "geometry": {"type": "Polygon", "coordinates": [[[700940.0, 1627900.0], [700940.0, 1627880.0], [700960.0, 1627880.0], [700960.0, 1627900.0], [700940.0, 1627900.0]]]}}, {"type": "Feature", "properties": {"year": 2035, "class_id": 4, "class_label": "incierto"}, "geometry": {"type": "Polygon", "coordinates": [[[686540.0, 1627880.0], [686540.0, 1627860.0], [686560.0, 1627860.0], [686560.0, 1627880.0], [686540.0, 1627880.0]]]}}, {"type": "Feature", "properties": {"year": 2035, "class_id": 4, "class_label": "incierto"}, "geometry": {"type": "Polygon", "coordinates": [[[686520.0, 1627860.0], [686520.0, 1627840.0], [686540.0, 1627840.0], [686540.0, 1627860.0], [686520.0, 1627860.0]]]}}, {"type": "Feature", "properties": {"year": 2035, "class_id": 2, "class_label": "expuesto_cierto_ambos"}, "geometry": {"type": "Polygon", "coordinates": [[[700920.0, 1627860.0], [700920.0, 1627820.0], [700940.0, 1627820.0], [700940.0, 1627860.0], [700920.0, 1627860.0]]]}}, {"type": "Feature", "properties": {"year": 2035, "class_id": 4, "class_label": "incierto"}, "geometry": {"type": "Polygon", "coordinates": [[[686500.0, 1627820.0], [686500.0, 1627800.0], [686520.0, 1627800.0], [686520.0, 1627820.0], [686500.0, 1627820.0]]]}}, {"type": "Feature", "properties": {"year": 2035, "class_id": 4, "class_label": "incierto"}, "geometry": {"type": "Polygon", "coordinates": [[[686480.0, 1627800.0], [686480.0, 1627780.0], [686500.0, 1627780.0], [686500.0, 1627800.0], [686480.0, 1627800.0]]]}}, {"type": "Feature", "properties": {"year": 2035, "class_id": 2, "class_label": "expuesto_cierto_ambos"}, "geometry": {"type": "Polygon", "coordinates": [[[700980.0, 1627800.0], [700980.0, 1627780.0], [701000.0, 1627780.0], [701000.0, 1627800.0], [700980.0, 1627800.0]]]}}, {"type": "Feature", "properties": {"year": 2035, "class_id": 4, "class_label": "incierto"}, "geometry": {"type": "Polygon", "coordinates": [[[686460.0, 1627780.0], [686460.0, 1627760.0], [686480.0, 1627760.0], [686480.0, 1627780.0], [686460.0, 1627780.0]]]}}, {"type": "Feature", "properties": {"year": 2035, "class_id": 2, "class_label": "expuesto_cierto_ambos"}, "geometry": {"type": "Polygon", "coordinates": [[[701000.0, 1627740.0], [701000.0, 1627720.0], [701020.0, 1627720.0], [701020.0, 1627740.0], [701000.0, 1627740.0]]]}}, {"type": "Feature", "properties": {"year": 2035, "class_id": 4, "class_label": "incierto"}, "geometry": {"type": "Polygon", "coordinates": [[[686440.0, 1627760.0], [686440.0, 1627740.0], [686420.0, 1627740.0], [686420.0, 1627720.0], [686400.0, 1627720.0], [686400.0, 1627700.0], [686440.0, 1627700.0], [686440.0, 1627720.0], [686460.0, 1627720.0], [686460.0, 1627760.0], [686440.0, 1627760.0]]]}}, {"type": "Feature", "properties": {"year": 2035, "class_id": 4, "class_label": "incierto"}, "geometry": {"type": "Polygon", "coordinates": [[[686380.0, 1627700.0], [686380.0, 1627680.0], [686400.0, 1627680.0], [686400.0, 1627700.0], [686380.0, 1627700.0]]]}}, {"type": "Feature", "properties": {"year": 2035, "class_id": 4, "class_label": "incierto"}, "geometry": {"type": "Polygon", "coordinates": [[[686340.0, 1627680.0], [686340.0, 1627660.0], [686380.0, 1627660.0], [686380.0, 1627680.0], [686340.0, 1627680.0]]]}}, {"type": "Feature", "properties": {"year": 2035, "class_id": 4, "class_label": "incierto"}, "geometry": {"type": "Polygon", "coordinates": [[[686300.0, 1627660.0], [686300.0, 1627640.0], [686280.0, 1627640.0], [686280.0, 1627620.0], [686320.0, 1627620.0], [686320.0, 1627660.0], [686300.0, 1627660.0]]]}}, {"type": "Feature", "properties": {"year": 2035, "class_id": 4, "class_label": "incierto"}, "geometry": {"type": "Polygon", "coordinates": [[[686260.0, 1627620.0], [686260.0, 1627580.0], [686280.0, 1627580.0], [686280.0, 1627620.0], [686260.0, 1627620.0]]]}}, {"type": "Feature", "properties": {"year": 2035, "class_id": 4, "class_label": "incierto"}, "geometry": {"type": "Polygon", "coordinates": [[[686220.0, 1627600.0], [686220.0, 1627580.0], [686240.0, 1627580.0], [686240.0, 1627600.0], [686220.0, 1627600.0]]]}}, {"type": "Feature", "properties": {"year": 2035, "class_id": 2, "class_label": "expuesto_cierto_ambos"}, "geometry": {"type": "Polygon", "coordinates": [[[701100.0, 1627600.0], [701100.0, 1627580.0], [701120.0, 1627580.0], [701120.0, 1627600.0], [701100.0, 1627600.0]]]}}, {"type": "Feature", "properties": {"year": 2035, "class_id": 4, "class_label": "incierto"}, "geometry": {"type": "Polygon", "coordinates": [[[686160.0, 1627580.0], [686160.0, 1627560.0], [686200.0, 1627560.0], [686200.0, 1627580.0], [686160.0, 1627580.0]]]}}, {"type": "Feature", "properties": {"year": 2035, "class_id": 4, "class_label": "incierto"}, "geometry": {"type": "Polygon", "coordinates": [[[686120.0, 1627560.0], [686120.0, 1627540.0], [686160.0, 1627540.0], [686160.0, 1627560.0], [686120.0, 1627560.0]]]}}, {"type": "Feature", "properties": {"year": 2035, "class_id": 2, "class_label": "expuesto_cierto_ambos"}, "geometry": {"type": "Polygon", "coordinates": [[[701100.0, 1627540.0], [701100.0, 1627500.0], [701120.0, 1627500.0], [701120.0, 1627540.0], [701100.0, 1627540.0]]]}}, {"type": "Feature", "properties": {"year": 2035, "class_id": 4, "class_label": "incierto"}, "geometry": {"type": "Polygon", "coordinates": [[[686060.0, 1627540.0], [686060.0, 1627520.0], [686040.0, 1627520.0], [686040.0, 1627500.0], [686020.0, 1627500.0], [686020.0, 1627440.0], [686040.0, 1627440.0], [686040.0, 1627480.0], [686080.0, 1627480.0], [686080.0, 1627500.0], [686100.0, 1627500.0], [686100.0, 1627520.0], [686120.0, 1627520.0], [686120.0, 1627540.0], [686060.0, 1627540.0]]]}}, {"type": "Feature", "properties": {"year": 2035, "class_id": 2, "class_label": "expuesto_cierto_ambos"}, "geometry": {"type": "Polygon", "coordinates": [[[701100.0, 1627460.0], [701100.0, 1627440.0], [701120.0, 1627440.0], [701120.0, 1627460.0], [701100.0, 1627460.0]]]}}, {"type": "Feature", "properties": {"year": 2035, "class_id": 4, "class_label": "incierto"}, "geometry": {"type": "Polygon", "coordinates": [[[686000.0, 1627440.0], [686000.0, 1627420.0], [686020.0, 1627420.0], [686020.0, 1627440.0], [686000.0, 1627440.0]]]}}, {"type": "Feature", "properties": {"year": 2035, "class_id": 4, "class_label": "incierto"}, "geometry": {"type": "Polygon", "coordinates": [[[685980.0, 1627420.0], [685980.0, 1627400.0], [686000.0, 1627400.0], [686000.0, 1627420.0], [685980.0, 1627420.0]]]}}, {"type": "Feature", "properties": {"year": 2035, "class_id": 2, "class_label": "expuesto_cierto_ambos"}, "geometry": {"type": "Polygon", "coordinates": [[[701120.0, 1627380.0], [701120.0, 1627340.0], [701140.0, 1627340.0], [701140.0, 1627380.0], [701120.0, 1627380.0]]]}}, {"type": "Feature", "properties": {"year": 2035, "class_id": 4, "class_label": "incierto"}, "geometry": {"type": "Polygon", "coordinates": [[[701140.0, 1627380.0], [701140.0, 1627340.0], [701160.0, 1627340.0], [701160.0, 1627380.0], [701140.0, 1627380.0]]]}}, {"type": "Feature", "properties": {"year": 2035, "class_id": 4, "class_label": "incierto"}, "geometry": {"type": "Polygon", "coordinates": [[[685960.0, 1627400.0], [685960.0, 1627380.0], [685940.0, 1627380.0], [685940.0, 1627360.0], [685920.0, 1627360.0], [685920.0, 1627340.0], [685940.0, 1627340.0], [685940.0, 1627320.0], [685960.0, 1627320.0], [685960.0, 1627360.0], [685980.0, 1627360.0], [685980.0, 1627400.0], [685960.0, 1627400.0]]]}}, {"type": "Feature", "properties": {"year": 2035, "class_id": 4, "class_label": "incierto"}, "geometry": {"type": "Polygon", "coordinates": [[[685900.0, 1627340.0], [685900.0, 1627320.0], [685920.0, 1627320.0], [685920.0, 1627340.0], [685900.0, 1627340.0]]]}}, {"type": "Feature", "properties": {"year": 2035, "class_id": 4, "class_label": "incierto"}, "geometry": {"type": "Polygon", "coordinates": [[[685880.0, 1627320.0], [685880.0, 1627300.0], [685900.0, 1627300.0], [685900.0, 1627320.0], [685880.0, 1627320.0]]]}}, {"type": "Feature", "properties": {"year": 2035, "class_id": 2, "class_label": "expuesto_cierto_ambos"}, "geometry": {"type": "Polygon", "coordinates": [[[701140.0, 1627300.0], [701140.0, 1627280.0], [701160.0, 1627280.0], [701160.0, 1627300.0], [701140.0, 1627300.0]]]}}, {"type": "Feature", "properties": {"year": 2035, "class_id": 4, "class_label": "incierto"}, "geometry": {"type": "Polygon", "coordinates": [[[685380.0, 1627300.0], [685380.0, 1627280.0], [685440.0, 1627280.0], [685440.0, 1627260.0], [685460.0, 1627260.0], [685460.0, 1627280.0], [685500.0, 1627280.0], [685500.0, 1627300.0], [685380.0, 1627300.0]]]}}, {"type": "Feature", "properties": {"year": 2035, "class_id": 4, "class_label": "incierto"}, "geometry": {"type": "Polygon", "coordinates": [[[685800.0, 1627300.0], [685800.0, 1627280.0], [685820.0, 1627280.0], [685820.0, 1627260.0], [685840.0, 1627260.0], [685840.0, 1627280.0], [685860.0, 1627280.0], [685860.0, 1627300.0], [685800.0, 1627300.0]]]}}, {"type": "Feature", "properties": {"year": 2035, "class_id": 4, "class_label": "incierto"}, "geometry": {"type": "Polygon", "coordinates": [[[685360.0, 1627280.0], [685360.0, 1627260.0], [685380.0, 1627260.0], [685380.0, 1627280.0], [685360.0, 1627280.0]]]}}, {"type": "Feature", "properties": {"year": 2035, "class_id": 4, "class_label": "incierto"}, "geometry": {"type": "Polygon", "coordinates": [[[685740.0, 1627280.0], [685740.0, 1627260.0], [685800.0, 1627260.0], [685800.0, 1627280.0], [685740.0, 1627280.0]]]}}, {"type": "Feature", "properties": {"year": 2035, "class_id": 4, "class_label": "incierto"}, "geometry": {"type": "Polygon", "coordinates": [[[685400.0, 1627260.0], [685400.0, 1627240.0], [685420.0, 1627240.0], [685420.0, 1627260.0], [685400.0, 1627260.0]]]}}, {"type": "Feature", "properties": {"year": 2035, "class_id": 4, "class_label": "incierto"}, "geometry": {"type": "Polygon", "coordinates": [[[685560.0, 1627260.0], [685560.0, 1627240.0], [685640.0, 1627240.0], [685640.0, 1627260.0], [685560.0, 1627260.0]]]}}, {"type": "Feature", "properties": {"year": 2035, "class_id": 2, "class_label": "expuesto_cierto_ambos"}, "geometry": {"type": "Polygon", "coordinates": [[[701160.0, 1627260.0], [701160.0, 1627220.0], [701180.0, 1627220.0], [701180.0, 1627260.0], [701160.0, 1627260.0]]]}}, {"type": "Feature", "properties": {"year": 2035, "class_id": 4, "class_label": "incierto"}, "geometry": {"type": "Polygon", "coordinates": [[[685320.0, 1627240.0], [685320.0, 1627220.0], [685340.0, 1627220.0], [685340.0, 1627240.0], [685320.0, 1627240.0]]]}}, {"type": "Feature", "properties": {"year": 2035, "class_id": 4, "class_label": "incierto"}, "geometry": {"type": "Polygon", "coordinates": [[[685680.0, 1627260.0], [685680.0, 1627240.0], [685660.0, 1627240.0], [685660.0, 1627220.0], [685720.0, 1627220.0], [685720.0, 1627240.0], [685740.0, 1627240.0], [685740.0, 1627260.0], [685680.0, 1627260.0]]]}}, {"type": "Feature", "properties": {"year": 2035, "class_id": 4, "class_label": "incierto"}, "geometry": {"type": "Polygon", "coordinates": [[[685220.0, 1627220.0], [685220.0, 1627180.0], [685240.0, 1627180.0], [685240.0, 1627200.0], [685300.0, 1627200.0], [685300.0, 1627220.0], [685220.0, 1627220.0]]]}}, {"type": "Feature", "properties": {"year": 2035, "class_id": 4, "class_label": "incierto"}, "geometry": {"type": "Polygon", "coordinates": [[[685180.0, 1627200.0], [685180.0, 1627180.0], [685200.0, 1627180.0], [685200.0, 1627200.0], [685180.0, 1627200.0]]]}}, {"type": "Feature", "properties": {"year": 2035, "class_id": 4, "class_label": "incierto"}, "geometry": {"type": "Polygon", "coordinates": [[[685120.0, 1627180.0], [685120.0, 1627160.0], [685180.0, 1627160.0], [685180.0, 1627180.0], [685120.0, 1627180.0]]]}}, {"type": "Feature", "properties": {"year": 2035, "class_id": 2, "class_label": "expuesto_cierto_ambos"}, "geometry": {"type": "Polygon", "coordinates": [[[701180.0, 1627180.0], [701180.0, 1627160.0], [701200.0, 1627160.0], [701200.0, 1627180.0], [701180.0, 1627180.0]]]}}, {"type": "Feature", "properties": {"year": 2035, "class_id": 4, "class_label": "incierto"}, "geometry": {"type": "Polygon", "coordinates": [[[685100.0, 1627160.0], [685100.0, 1627140.0], [685080.0, 1627140.0], [685080.0, 1627120.0], [685140.0, 1627120.0], [685140.0, 1627140.0], [685120.0, 1627140.0], [685120.0, 1627160.0], [685100.0, 1627160.0]]]}}, {"type": "Feature", "properties": {"year": 2035, "class_id": 2, "class_label": "expuesto_cierto_ambos"}, "geometry": {"type": "Polygon", "coordinates": [[[686760.0, 1628360.0], [686760.0, 1628320.0], [686720.0, 1628320.0], [686720.0, 1628300.0], [686700.0, 1628300.0], [686700.0, 1628260.0], [686660.0, 1628260.0], [686660.0, 1628240.0], [686640.0, 1628240.0], [686640.0, 1628220.0], [686620.0, 1628220.0], [686620.0, 1628120.0], [686600.0, 1628120.0], [686600.0, 1628020.0], [686620.0, 1628020.0], [686620.0, 1628000.0], [686600.0, 1628000.0], [686600.0, 1627960.0], [686580.0, 1627960.0], [686580.0, 1627920.0], [686560.0, 1627920.0], [686560.0, 1627860.0], [686540.0, 1627860.0], [686540.0, 1627840.0], [686520.0, 1627840.0], [686520.0, 1627800.0], [686500.0, 1627800.0], [686500.0, 1627780.0], [686480.0, 1627780.0], [686480.0, 1627760.0], [686460.0, 1627760.0], [686460.0, 1627720.0], [686440.0, 1627720.0], [686440.0, 1627700.0], [686400.0, 1627700.0], [686400.0, 1627680.0], [686380.0, 1627680.0], [686380.0, 1627660.0], [686320.0, 1627660.0], [686320.0, 1627620.0], [686280.0, 1627620.0], [686280.0, 1627580.0], [686260.0, 1627580.0], [686260.0, 1627600.0], [686240.0, 1627600.0], [686240.0, 1627580.0], [686200.0, 1627580.0], [686200.0, 1627560.0], [686160.0, 1627560.0], [686160.0, 1627540.0], [686120.0, 1627540.0], [686120.0, 1627520.0], [686100.0, 1627520.0], [686100.0, 1627500.0], [686080.0, 1627500.0], [686080.0, 1627480.0], [686040.0, 1627480.0], [686040.0, 1627440.0], [686020.0, 1627440.0], [686020.0, 1627420.0], [686000.0, 1627420.0], [686000.0, 1627400.0], [685980.0, 1627400.0], [685980.0, 1627360.0], [685960.0, 1627360.0], [685960.0, 1627320.0], [685940.0, 1627320.0], [685940.0, 1627340.0], [685920.0, 1627340.0], [685920.0, 1627320.0], [685900.0, 1627320.0], [685900.0, 1627300.0], [685860.0, 1627300.0], [685860.0, 1627280.0], [685840.0, 1627280.0], [685840.0, 1627260.0], [685820.0, 1627260.0], [685820.0, 1627280.0], [685800.0, 1627280.0], [685800.0, 1627260.0], [685740.0, 1627260.0], [685740.0, 1627240.0], [685720.0, 1627240.0], [685720.0, 1627220.0], [685660.0, 1627220.0], [685660.0, 1627240.0], [685560.0, 1627240.0], [685560.0, 1627260.0], [685540.0, 1627260.0], [685540.0, 1627280.0], [685460.0, 1627280.0], [685460.0, 1627260.0], [685440.0, 1627260.0], [685440.0, 1627280.0], [685380.0, 1627280.0], [685380.0, 1627260.0], [685340.0, 1627260.0], [685340.0, 1627220.0], [685300.0, 1627220.0], [685300.0, 1627200.0], [685240.0, 1627200.0], [685240.0, 1627180.0], [685220.0, 1627180.0], [685220.0, 1627200.0], [685200.0, 1627200.0], [685200.0, 1627180.0], [685180.0, 1627180.0], [685180.0, 1627160.0], [685120.0, 1627160.0], [685120.0, 1627140.0], [685140.0, 1627140.0], [685140.0, 1627120.0], [685180.0, 1627120.0], [685180.0, 1627100.0], [685200.0, 1627100.0], [685200.0, 1627120.0], [685260.0, 1627120.0], [685260.0, 1627140.0], [685320.0, 1627140.0], [685320.0, 1627180.0], [685340.0, 1627180.0], [685340.0, 1627200.0], [685360.0, 1627200.0], [685360.0, 1627220.0], [685380.0, 1627220.0], [685380.0, 1627200.0], [685400.0, 1627200.0], [685400.0, 1627220.0], [685520.0, 1627220.0], [685520.0, 1627200.0], [685580.0, 1627200.0], [685580.0, 1627180.0], [685660.0, 1627180.0], [685660.0, 1627160.0], [685720.0, 1627160.0], [685720.0, 1627180.0], [685740.0, 1627180.0], [685740.0, 1627200.0], [685800.0, 1627200.0], [685800.0, 1627220.0], [685840.0, 1627220.0], [685840.0, 1627240.0], [685900.0, 1627240.0], [685900.0, 1627260.0], [685920.0, 1627260.0], [685920.0, 1627240.0], [685940.0, 1627240.0], [685940.0, 1627260.0], [685960.0, 1627260.0], [685960.0, 1627280.0], [685980.0, 1627280.0], [685980.0, 1627300.0], [686000.0, 1627300.0], [686000.0, 1627320.0], [686020.0, 1627320.0], [686020.0, 1627380.0], [686040.0, 1627380.0], [686040.0, 1627400.0], [686060.0, 1627400.0], [686060.0, 1627440.0], [686080.0, 1627440.0], [686080.0, 1627460.0], [686100.0, 1627460.0], [686100.0, 1627480.0], [686120.0, 1627480.0], [686120.0, 1627500.0], [686160.0, 1627500.0], [686160.0, 1627520.0], [686180.0, 1627520.0], [686180.0, 1627540.0], [686220.0, 1627540.0], [686220.0, 1627520.0], [686240.0, 1627520.0], [686240.0, 1627540.0], [686260.0, 1627540.0], [686260.0, 1627560.0], [686300.0, 1627560.0], [686300.0, 1627580.0], [686320.0, 1627580.0], [686320.0, 1627600.0], [686340.0, 1627600.0], [686340.0, 1627620.0], [686400.0, 1627620.0], [686400.0, 1627640.0], [686420.0, 1627640.0], [686420.0, 1627660.0], [686440.0, 1627660.0], [686440.0, 1627680.0], [686460.0, 1627680.0], [686460.0, 1627700.0], [686480.0, 1627700.0], [686480.0, 1627720.0], [686500.0, 1627720.0], [686500.0, 1627740.0], [686520.0, 1627740.0], [686520.0, 1627760.0], [686540.0, 1627760.0], [686540.0, 1627780.0], [686560.0, 1627780.0], [686560.0, 1627800.0], [686580.0, 1627800.0], [686580.0, 1627840.0], [686600.0, 1627840.0], [686600.0, 1627880.0], [686620.0, 1627880.0], [686620.0, 1627920.0], [686640.0, 1627920.0], [686640.0, 1627940.0], [686620.0, 1627940.0], [686620.0, 1627960.0], [686640.0, 1627960.0], [686640.0, 1627980.0], [686660.0, 1627980.0], [686660.0, 1628000.0], [686640.0, 1628000.0], [686640.0, 1628060.0], [686660.0, 1628060.0], [686660.0, 1628100.0], [686680.0, 1628100.0], [686680.0, 1628220.0], [686700.0, 1628220.0], [686700.0, 1628240.0], [686720.0, 1628240.0], [686720.0, 1628280.0], [686740.0, 1628280.0], [686740.0, 1628300.0], [686780.0, 1628300.0], [686780.0, 1628320.0], [686800.0, 1628320.0], [686800.0, 1628340.0], [686820.0, 1628340.0], [686820.0, 1628360.0], [686760.0, 1628360.0]], [[685400.0, 1627260.0], [685420.0, 1627260.0], [685420.0, 1627240.0], [685400.0, 1627240.0], [685400.0, 1627260.0]]]}}, {"type": "Feature", "properties": {"year": 2035, "class_id": 2, "class_label": "expuesto_cierto_ambos"}, "geometry": {"type": "Polygon", "coordinates": [[[685260.0, 1627120.0], [685260.0, 1627100.0], [685280.0, 1627100.0], [685280.0, 1627120.0], [685260.0, 1627120.0]]]}}, {"type": "Feature", "properties": {"year": 2035, "class_id": 2, "class_label": "expuesto_cierto_ambos"}, "geometry": {"type": "Polygon", "coordinates": [[[701160.0, 1627120.0], [701160.0, 1627100.0], [701180.0, 1627100.0], [701180.0, 1627120.0], [701160.0, 1627120.0]]]}}, {"type": "Feature", "properties": {"year": 2035, "class_id": 4, "class_label": "incierto"}, "geometry": {"type": "Polygon", "coordinates": [[[684860.0, 1627100.0], [684860.0, 1627080.0], [684900.0, 1627080.0], [684900.0, 1627100.0], [684860.0, 1627100.0]]]}}, {"type": "Feature", "properties": {"year": 2035, "class_id": 2, "class_label": "expuesto_cierto_ambos"}, "geometry": {"type": "Polygon", "coordinates": [[[685140.0, 1627100.0], [685140.0, 1627080.0], [685160.0, 1627080.0], [685160.0, 1627100.0], [685140.0, 1627100.0]]]}}, {"type": "Feature", "properties": {"year": 2035, "class_id": 2, "class_label": "expuesto_cierto_ambos"}, "geometry": {"type": "Polygon", "coordinates": [[[685020.0, 1627120.0], [685020.0, 1627080.0], [685060.0, 1627080.0], [685060.0, 1627060.0], [685080.0, 1627060.0], [685080.0, 1627080.0], [685100.0, 1627080.0], [685100.0, 1627100.0], [685140.0, 1627100.0], [685140.0, 1627120.0], [685020.0, 1627120.0]]]}}, {"type": "Feature", "properties": {"year": 2035, "class_id": 2, "class_label": "expuesto_cierto_ambos"}, "geometry": {"type": "Polygon", "coordinates": [[[701160.0, 1627080.0], [701160.0, 1627060.0], [701180.0, 1627060.0], [701180.0, 1627080.0], [701160.0, 1627080.0]]]}}, {"type": "Feature", "properties": {"year": 2035, "class_id": 4, "class_label": "incierto"}, "geometry": {"type": "Polygon", "coordinates": [[[684840.0, 1627060.0], [684840.0, 1627040.0], [684860.0, 1627040.0], [684860.0, 1627060.0], [684840.0, 1627060.0]]]}}, {"type": "Feature", "properties": {"year": 2035, "class_id": 4, "class_label": "incierto"}, "geometry": {"type": "Polygon", "coordinates": [[[684820.0, 1627000.0], [684820.0, 1626980.0], [684840.0, 1626980.0], [684840.0, 1627000.0], [684820.0, 1627000.0]]]}}, {"type": "Feature", "properties": {"year": 2035, "class_id": 1, "class_label": "agua_cierta_ambos"}, "geometry": {"type": "Polygon", "coordinates": [[[685060.0, 1626960.0], [685060.0, 1626940.0], [685080.0, 1626940.0], [685080.0, 1626960.0], [685060.0, 1626960.0]]]}}, {"type": "Feature", "properties": {"year": 2035, "class_id": 2, "class_label": "expuesto_cierto_ambos"}, "geometry": {"type": "Polygon", "coordinates": [[[701240.0, 1626960.0], [701240.0, 1626940.0], [701260.0, 1626940.0], [701260.0, 1626960.0], [701240.0, 1626960.0]]]}}, {"type": "Feature", "properties": {"year": 2035, "class_id": 4, "class_label": "incierto"}, "geometry": {"type": "Polygon", "coordinates": [[[701260.0, 1626960.0], [701260.0, 1626940.0], [701280.0, 1626940.0], [701280.0, 1626960.0], [701260.0, 1626960.0]]]}}, {"type": "Feature", "properties": {"year": 2035, "class_id": 4, "class_label": "incierto"}, "geometry": {"type": "Polygon", "coordinates": [[[701280.0, 1626940.0], [701280.0, 1626920.0], [701300.0, 1626920.0], [701300.0, 1626940.0], [701280.0, 1626940.0]]]}}, {"type": "Feature", "properties": {"year": 2035, "class_id": 2, "class_label": "expuesto_cierto_ambos"}, "geometry": {"type": "Polygon", "coordinates": [[[701260.0, 1626940.0], [701260.0, 1626900.0], [701300.0, 1626900.0], [701300.0, 1626920.0], [701280.0, 1626920.0], [701280.0, 1626940.0], [701260.0, 1626940.0]]]}}, {"type": "Feature", "properties": {"year": 2035, "class_id": 4, "class_label": "incierto"}, "geometry": {"type": "Polygon", "coordinates": [[[684800.0, 1626920.0], [684800.0, 1626860.0], [684820.0, 1626860.0], [684820.0, 1626920.0], [684800.0, 1626920.0]]]}}, {"type": "Feature", "properties": {"year": 2035, "class_id": 4, "class_label": "incierto"}, "geometry": {"type": "Polygon", "coordinates": [[[684800.0, 1626820.0], [684800.0, 1626800.0], [684820.0, 1626800.0], [684820.0, 1626820.0], [684800.0, 1626820.0]]]}}, {"type": "Feature", "properties": {"year": 2035, "class_id": 2, "class_label": "expuesto_cierto_ambos"}, "geometry": {"type": "Polygon", "coordinates": [[[701300.0, 1626820.0], [701300.0, 1626780.0], [701320.0, 1626780.0], [701320.0, 1626820.0], [701300.0, 1626820.0]]]}}, {"type": "Feature", "properties": {"year": 2035, "class_id": 2, "class_label": "expuesto_cierto_ambos"}, "geometry": {"type": "Polygon", "coordinates": [[[684920.0, 1627120.0], [684920.0, 1627100.0], [684900.0, 1627100.0], [684900.0, 1627080.0], [684860.0, 1627080.0], [684860.0, 1627040.0], [684840.0, 1627040.0], [684840.0, 1626980.0], [684820.0, 1626980.0], [684820.0, 1626860.0], [684800.0, 1626860.0], [684800.0, 1626820.0], [684820.0, 1626820.0], [684820.0, 1626780.0], [684840.0, 1626780.0], [684840.0, 1626720.0], [684880.0, 1626720.0], [684880.0, 1626740.0], [684900.0, 1626740.0], [684900.0, 1626780.0], [684880.0, 1626780.0], [684880.0, 1626820.0], [684860.0, 1626820.0], [684860.0, 1626840.0], [684840.0, 1626840.0], [684840.0, 1626860.0], [684860.0, 1626860.0], [684860.0, 1626900.0], [684880.0, 1626900.0], [684880.0, 1626940.0], [684860.0, 1626940.0], [684860.0, 1626980.0], [684880.0, 1626980.0], [684880.0, 1627000.0], [684900.0, 1627000.0], [684900.0, 1627020.0], [684880.0, 1627020.0], [684880.0, 1627040.0], [684920.0, 1627040.0], [684920.0, 1627060.0], [684980.0, 1627060.0], [684980.0, 1627080.0], [685000.0, 1627080.0], [685000.0, 1627100.0], [684980.0, 1627100.0], [684980.0, 1627120.0], [684920.0, 1627120.0]]]}}, {"type": "Feature", "properties": {"year": 2035, "class_id": 4, "class_label": "incierto"}, "geometry": {"type": "Polygon", "coordinates": [[[684820.0, 1626740.0], [684820.0, 1626720.0], [684840.0, 1626720.0], [684840.0, 1626740.0], [684820.0, 1626740.0]]]}}, {"type": "Feature", "properties": {"year": 2035, "class_id": 2, "class_label": "expuesto_cierto_ambos"}, "geometry": {"type": "Polygon", "coordinates": [[[701260.0, 1626740.0], [701260.0, 1626720.0], [701280.0, 1626720.0], [701280.0, 1626740.0], [701260.0, 1626740.0]]]}}, {"type": "Feature", "properties": {"year": 2035, "class_id": 4, "class_label": "incierto"}, "geometry": {"type": "Polygon", "coordinates": [[[684780.0, 1626720.0], [684780.0, 1626700.0], [684820.0, 1626700.0], [684820.0, 1626720.0], [684780.0, 1626720.0]]]}}, {"type": "Feature", "properties": {"year": 2035, "class_id": 4, "class_label": "incierto"}, "geometry": {"type": "Polygon", "coordinates": [[[684700.0, 1626640.0], [684700.0, 1626620.0], [684720.0, 1626620.0], [684720.0, 1626640.0], [684700.0, 1626640.0]]]}}, {"type": "Feature", "properties": {"year": 2035, "class_id": 2, "class_label": "expuesto_cierto_ambos"}, "geometry": {"type": "Polygon", "coordinates": [[[701240.0, 1626640.0], [701240.0, 1626620.0], [701260.0, 1626620.0], [701260.0, 1626640.0], [701240.0, 1626640.0]]]}}, {"type": "Feature", "properties": {"year": 2035, "class_id": 4, "class_label": "incierto"}, "geometry": {"type": "Polygon", "coordinates": [[[684680.0, 1626620.0], [684680.0, 1626600.0], [684700.0, 1626600.0], [684700.0, 1626620.0], [684680.0, 1626620.0]]]}}, {"type": "Feature", "properties": {"year": 2035, "class_id": 2, "class_label": "expuesto_cierto_ambos"}, "geometry": {"type": "Polygon", "coordinates": [[[701200.0, 1626620.0], [701200.0, 1626600.0], [701220.0, 1626600.0], [701220.0, 1626620.0], [701200.0, 1626620.0]]]}}, {"type": "Feature", "properties": {"year": 2035, "class_id": 4, "class_label": "incierto"}, "geometry": {"type": "Polygon", "coordinates": [[[684620.0, 1626580.0], [684620.0, 1626560.0], [684640.0, 1626560.0], [684640.0, 1626580.0], [684620.0, 1626580.0]]]}}, {"type": "Feature", "properties": {"year": 2035, "class_id": 2, "class_label": "expuesto_cierto_ambos"}, "geometry": {"type": "Polygon", "coordinates": [[[684820.0, 1626720.0], [684820.0, 1626700.0], [684760.0, 1626700.0], [684760.0, 1626680.0], [684740.0, 1626680.0], [684740.0, 1626660.0], [684720.0, 1626660.0], [684720.0, 1626620.0], [684700.0, 1626620.0], [684700.0, 1626600.0], [684660.0, 1626600.0], [684660.0, 1626580.0], [684640.0, 1626580.0], [684640.0, 1626560.0], [684620.0, 1626560.0], [684620.0, 1626540.0], [684580.0, 1626540.0], [684580.0, 1626520.0], [684620.0, 1626520.0], [684620.0, 1626500.0], [684640.0, 1626500.0], [684640.0, 1626520.0], [684660.0, 1626520.0], [684660.0, 1626540.0], [684680.0, 1626540.0], [684680.0, 1626560.0], [684720.0, 1626560.0], [684720.0, 1626580.0], [684740.0, 1626580.0], [684740.0, 1626600.0], [684760.0, 1626600.0], [684760.0, 1626620.0], [684780.0, 1626620.0], [684780.0, 1626640.0], [684800.0, 1626640.0], [684800.0, 1626660.0], [684820.0, 1626660.0], [684820.0, 1626680.0], [684840.0, 1626680.0], [684840.0, 1626720.0], [684820.0, 1626720.0]]]}}, {"type": "Feature", "properties": {"year": 2035, "class_id": 4, "class_label": "incierto"}, "geometry": {"type": "Polygon", "coordinates": [[[684500.0, 1626520.0], [684500.0, 1626500.0], [684520.0, 1626500.0], [684520.0, 1626520.0], [684500.0, 1626520.0]]]}}, {"type": "Feature", "properties": {"year": 2035, "class_id": 2, "class_label": "expuesto_cierto_ambos"}, "geometry": {"type": "Polygon", "coordinates": [[[684560.0, 1626500.0], [684560.0, 1626480.0], [684580.0, 1626480.0], [684580.0, 1626500.0], [684560.0, 1626500.0]]]}}, {"type": "Feature", "properties": {"year": 2035, "class_id": 4, "class_label": "incierto"}, "geometry": {"type": "Polygon", "coordinates": [[[684480.0, 1626500.0], [684480.0, 1626460.0], [684500.0, 1626460.0], [684500.0, 1626500.0], [684480.0, 1626500.0]]]}}, {"type": "Feature", "properties": {"year": 2035, "class_id": 2, "class_label": "expuesto_cierto_ambos"}, "geometry": {"type": "Polygon", "coordinates": [[[701220.0, 1626480.0], [701220.0, 1626460.0], [701240.0, 1626460.0], [701240.0, 1626480.0], [701220.0, 1626480.0]]]}}, {"type": "Feature", "properties": {"year": 2035, "class_id": 4, "class_label": "incierto"}, "geometry": {"type": "Polygon", "coordinates": [[[701280.0, 1626440.0], [701280.0, 1626420.0], [701300.0, 1626420.0], [701300.0, 1626440.0], [701280.0, 1626440.0]]]}}, {"type": "Feature", "properties": {"year": 2035, "class_id": 2, "class_label": "expuesto_cierto_ambos"}, "geometry": {"type": "Polygon", "coordinates": [[[701260.0, 1626440.0], [701260.0, 1626400.0], [701280.0, 1626400.0], [701280.0, 1626440.0], [701260.0, 1626440.0]]]}}, {"type": "Feature", "properties": {"year": 2035, "class_id": 2, "class_label": "expuesto_cierto_ambos"}, "geometry": {"type": "Polygon", "coordinates": [[[701240.0, 1626400.0], [701240.0, 1626380.0], [701260.0, 1626380.0], [701260.0, 1626400.0], [701240.0, 1626400.0]]]}}, {"type": "Feature", "properties": {"year": 2035, "class_id": 4, "class_label": "incierto"}, "geometry": {"type": "Polygon", "coordinates": [[[684460.0, 1626440.0], [684460.0, 1626360.0], [684480.0, 1626360.0], [684480.0, 1626440.0], [684460.0, 1626440.0]]]}}, {"type": "Feature", "properties": {"year": 2035, "class_id": 2, "class_label": "expuesto_cierto_ambos"}, "geometry": {"type": "Polygon", "coordinates": [[[701220.0, 1626320.0], [701220.0, 1626300.0], [701240.0, 1626300.0], [701240.0, 1626320.0], [701220.0, 1626320.0]]]}}, {"type": "Feature", "properties": {"year": 2035, "class_id": 4, "class_label": "incierto"}, "geometry": {"type": "Polygon", "coordinates": [[[684540.0, 1626280.0], [684540.0, 1626240.0], [684560.0, 1626240.0], [684560.0, 1626280.0], [684540.0, 1626280.0]]]}}, {"type": "Feature", "properties": {"year": 2035, "class_id": 2, "class_label": "expuesto_cierto_ambos"}, "geometry": {"type": "Polygon", "coordinates": [[[684560.0, 1626280.0], [684560.0, 1626240.0], [684580.0, 1626240.0], [684580.0, 1626280.0], [684560.0, 1626280.0]]]}}, {"type": "Feature", "properties": {"year": 2035, "class_id": 4, "class_label": "incierto"}, "geometry": {"type": "Polygon", "coordinates": [[[701520.0, 1626260.0], [701520.0, 1626240.0], [701420.0, 1626240.0], [701420.0, 1626220.0], [701540.0, 1626220.0], [701540.0, 1626240.0], [701560.0, 1626240.0], [701560.0, 1626220.0], [701600.0, 1626220.0], [701600.0, 1626260.0], [701520.0, 1626260.0]]]}}, {"type": "Feature", "properties": {"year": 2035, "class_id": 2, "class_label": "expuesto_cierto_ambos"}, "geometry": {"type": "Polygon", "coordinates": [[[701300.0, 1626240.0], [701300.0, 1626200.0], [701320.0, 1626200.0], [701320.0, 1626240.0], [701300.0, 1626240.0]]]}}, {"type": "Feature", "properties": {"year": 2035, "class_id": 2, "class_label": "expuesto_cierto_ambos"}, "geometry": {"type": "Polygon", "coordinates": [[[701340.0, 1626220.0], [701340.0, 1626200.0], [701380.0, 1626200.0], [701380.0, 1626220.0], [701340.0, 1626220.0]]]}}, {"type": "Feature", "properties": {"year": 2035, "class_id": 4, "class_label": "incierto"}, "geometry": {"type": "Polygon", "coordinates": [[[684480.0, 1626340.0], [684480.0, 1626240.0], [684460.0, 1626240.0], [684460.0, 1626180.0], [684480.0, 1626180.0], [684480.0, 1626200.0], [684500.0, 1626200.0], [684500.0, 1626180.0], [684520.0, 1626180.0], [684520.0, 1626220.0], [684500.0, 1626220.0], [684500.0, 1626240.0], [684520.0, 1626240.0], [684520.0, 1626280.0], [684500.0, 1626280.0], [684500.0, 1626340.0], [684480.0, 1626340.0]]]}}, {"type": "Feature", "properties": {"year": 2035, "class_id": 2, "class_label": "expuesto_cierto_ambos"}, "geometry": {"type": "Polygon", "coordinates": [[[701400.0, 1626240.0], [701400.0, 1626200.0], [701520.0, 1626200.0], [701520.0, 1626180.0], [701540.0, 1626180.0], [701540.0, 1626160.0], [701560.0, 1626160.0], [701560.0, 1626120.0], [701600.0, 1626120.0], [701600.0, 1626220.0], [701560.0, 1626220.0], [701560.0, 1626240.0], [701540.0, 1626240.0], [701540.0, 1626220.0], [701420.0, 1626220.0], [701420.0, 1626240.0], [701400.0, 1626240.0]]]}}, {"type": "Feature", "properties": {"year": 2035, "class_id": 4, "class_label": "incierto"}, "geometry": {"type": "Polygon", "coordinates": [[[684480.0, 1626160.0], [684480.0, 1626120.0], [684500.0, 1626120.0], [684500.0, 1626140.0], [684520.0, 1626140.0], [684520.0, 1626160.0], [684480.0, 1626160.0]]]}}, {"type": "Feature", "properties": {"year": 2035, "class_id": 4, "class_label": "incierto"}, "geometry": {"type": "Polygon", "coordinates": [[[684520.0, 1626120.0], [684520.0, 1626100.0], [684500.0, 1626100.0], [684500.0, 1626080.0], [684520.0, 1626080.0], [684520.0, 1626040.0], [684560.0, 1626040.0], [684560.0, 1626100.0], [684540.0, 1626100.0], [684540.0, 1626120.0], [684520.0, 1626120.0]]]}}, {"type": "Feature", "properties": {"year": 2035, "class_id": 2, "class_label": "expuesto_cierto_ambos"}, "geometry": {"type": "Polygon", "coordinates": [[[701600.0, 1626020.0], [701600.0, 1626000.0], [701620.0, 1626000.0], [701620.0, 1626020.0], [701600.0, 1626020.0]]]}}, {"type": "Feature", "properties": {"year": 2035, "class_id": 2, "class_label": "expuesto_cierto_ambos"}, "geometry": {"type": "Polygon", "coordinates": [[[701680.0, 1626000.0], [701680.0, 1625960.0], [701700.0, 1625960.0], [701700.0, 1625980.0], [701720.0, 1625980.0], [701720.0, 1626000.0], [701680.0, 1626000.0]]]}}, {"type": "Feature", "properties": {"year": 2035, "class_id": 2, "class_label": "expuesto_cierto_ambos"}, "geometry": {"type": "Polygon", "coordinates": [[[701640.0, 1625980.0], [701640.0, 1625960.0], [701660.0, 1625960.0], [701660.0, 1625980.0], [701640.0, 1625980.0]]]}}, {"type": "Feature", "properties": {"year": 2035, "class_id": 4, "class_label": "incierto"}, "geometry": {"type": "Polygon", "coordinates": [[[684580.0, 1625980.0], [684580.0, 1625960.0], [684600.0, 1625960.0], [684600.0, 1625940.0], [684620.0, 1625940.0], [684620.0, 1625980.0], [684580.0, 1625980.0]]]}}, {"type": "Feature", "properties": {"year": 2035, "class_id": 4, "class_label": "incierto"}, "geometry": {"type": "Polygon", "coordinates": [[[701780.0, 1625960.0], [701780.0, 1625940.0], [701800.0, 1625940.0], [701800.0, 1625960.0], [701780.0, 1625960.0]]]}}, {"type": "Feature", "properties": {"year": 2035, "class_id": 4, "class_label": "incierto"}, "geometry": {"type": "Polygon", "coordinates": [[[701820.0, 1625940.0], [701820.0, 1625920.0], [701840.0, 1625920.0], [701840.0, 1625940.0], [701820.0, 1625940.0]]]}}, {"type": "Feature", "properties": {"year": 2035, "class_id": 4, "class_label": "incierto"}, "geometry": {"type": "Polygon", "coordinates": [[[701860.0, 1625920.0], [701860.0, 1625900.0], [701880.0, 1625900.0], [701880.0, 1625920.0], [701860.0, 1625920.0]]]}}, {"type": "Feature", "properties": {"year": 2035, "class_id": 4, "class_label": "incierto"}, "geometry": {"type": "Polygon", "coordinates": [[[701900.0, 1625880.0], [701900.0, 1625860.0], [701920.0, 1625860.0], [701920.0, 1625880.0], [701900.0, 1625880.0]]]}}, {"type": "Feature", "properties": {"year": 2035, "class_id": 4, "class_label": "incierto"}, "geometry": {"type": "Polygon", "coordinates": [[[684740.0, 1625860.0], [684740.0, 1625840.0], [684760.0, 1625840.0], [684760.0, 1625860.0], [684740.0, 1625860.0]]]}}, {"type": "Feature", "properties": {"year": 2035, "class_id": 4, "class_label": "incierto"}, "geometry": {"type": "Polygon", "coordinates": [[[701940.0, 1625860.0], [701940.0, 1625840.0], [702000.0, 1625840.0], [702000.0, 1625860.0], [701940.0, 1625860.0]]]}}, {"type": "Feature", "properties": {"year": 2035, "class_id": 4, "class_label": "incierto"}, "geometry": {"type": "Polygon", "coordinates": [[[684620.0, 1625940.0], [684620.0, 1625900.0], [684640.0, 1625900.0], [684640.0, 1625880.0], [684660.0, 1625880.0], [684660.0, 1625840.0], [684680.0, 1625840.0], [684680.0, 1625820.0], [684700.0, 1625820.0], [684700.0, 1625860.0], [684680.0, 1625860.0], [684680.0, 1625900.0], [684720.0, 1625900.0], [684720.0, 1625920.0], [684640.0, 1625920.0], [684640.0, 1625940.0], [684620.0, 1625940.0]]]}}, {"type": "Feature", "properties": {"year": 2035, "class_id": 4, "class_label": "incierto"}, "geometry": {"type": "Polygon", "coordinates": [[[684760.0, 1625840.0], [684760.0, 1625820.0], [684780.0, 1625820.0], [684780.0, 1625840.0], [684760.0, 1625840.0]]]}}, {"type": "Feature", "properties": {"year": 2035, "class_id": 4, "class_label": "incierto"}, "geometry": {"type": "Polygon", "coordinates": [[[701920.0, 1625840.0], [701920.0, 1625820.0], [701940.0, 1625820.0], [701940.0, 1625840.0], [701920.0, 1625840.0]]]}}, {"type": "Feature", "properties": {"year": 2035, "class_id": 2, "class_label": "expuesto_cierto_ambos"}, "geometry": {"type": "Polygon", "coordinates": [[[701740.0, 1625960.0], [701740.0, 1625940.0], [701760.0, 1625940.0], [701760.0, 1625900.0], [701820.0, 1625900.0], [701820.0, 1625880.0], [701840.0, 1625880.0], [701840.0, 1625860.0], [701860.0, 1625860.0], [701860.0, 1625840.0], [701900.0, 1625840.0], [701900.0, 1625800.0], [702020.0, 1625800.0], [702020.0, 1625840.0], [701940.0, 1625840.0], [701940.0, 1625860.0], [701900.0, 1625860.0], [701900.0, 1625880.0], [701880.0, 1625880.0], [701880.0, 1625900.0], [701860.0, 1625900.0], [701860.0, 1625920.0], [701820.0, 1625920.0], [701820.0, 1625940.0], [701780.0, 1625940.0], [701780.0, 1625960.0], [701740.0, 1625960.0]], [[701920.0, 1625840.0], [701940.0, 1625840.0], [701940.0, 1625820.0], [701920.0, 1625820.0], [701920.0, 1625840.0]]]}}, {"type": "Feature", "properties": {"year": 2035, "class_id": 4, "class_label": "incierto"}, "geometry": {"type": "Polygon", "coordinates": [[[684720.0, 1625820.0], [684720.0, 1625800.0], [684740.0, 1625800.0], [684740.0, 1625820.0], [684720.0, 1625820.0]]]}}, {"type": "Feature", "properties": {"year": 2035, "class_id": 2, "class_label": "expuesto_cierto_ambos"}, "geometry": {"type": "Polygon", "coordinates": [[[702060.0, 1625820.0], [702060.0, 1625800.0], [702080.0, 1625800.0], [702080.0, 1625780.0], [702100.0, 1625780.0], [702100.0, 1625760.0], [702120.0, 1625760.0], [702120.0, 1625780.0], [702140.0, 1625780.0], [702140.0, 1625800.0], [702100.0, 1625800.0], [702100.0, 1625820.0], [702060.0, 1625820.0]]]}}, {"type": "Feature", "properties": {"year": 2035, "class_id": 4, "class_label": "incierto"}, "geometry": {"type": "Polygon", "coordinates": [[[684760.0, 1625780.0], [684760.0, 1625760.0], [684780.0, 1625760.0], [684780.0, 1625780.0], [684760.0, 1625780.0]]]}}, {"type": "Feature", "properties": {"year": 2035, "class_id": 4, "class_label": "incierto"}, "geometry": {"type": "Polygon", "coordinates": [[[702120.0, 1625780.0], [702120.0, 1625760.0], [702140.0, 1625760.0], [702140.0, 1625780.0], [702120.0, 1625780.0]]]}}, {"type": "Feature", "properties": {"year": 2035, "class_id": 2, "class_label": "expuesto_cierto_ambos"}, "geometry": {"type": "Polygon", "coordinates": [[[702200.0, 1625780.0], [702200.0, 1625760.0], [702220.0, 1625760.0], [702220.0, 1625780.0], [702200.0, 1625780.0]]]}}, {"type": "Feature", "properties": {"year": 2035, "class_id": 2, "class_label": "expuesto_cierto_ambos"}, "geometry": {"type": "Polygon", "coordinates": [[[702140.0, 1625780.0], [702140.0, 1625760.0], [702120.0, 1625760.0], [702120.0, 1625740.0], [702160.0, 1625740.0], [702160.0, 1625780.0], [702140.0, 1625780.0]]]}}, {"type": "Feature", "properties": {"year": 2035, "class_id": 2, "class_label": "expuesto_cierto_ambos"}, "geometry": {"type": "Polygon", "coordinates": [[[702240.0, 1625780.0], [702240.0, 1625720.0], [702260.0, 1625720.0], [702260.0, 1625780.0], [702240.0, 1625780.0]]]}}, {"type": "Feature", "properties": {"year": 2035, "class_id": 4, "class_label": "incierto"}, "geometry": {"type": "Polygon", "coordinates": [[[684820.0, 1625740.0], [684820.0, 1625720.0], [684840.0, 1625720.0], [684840.0, 1625740.0], [684820.0, 1625740.0]]]}}, {"type": "Feature", "properties": {"year": 2035, "class_id": 4, "class_label": "incierto"}, "geometry": {"type": "Polygon", "coordinates": [[[684780.0, 1625740.0], [684780.0, 1625700.0], [684800.0, 1625700.0], [684800.0, 1625740.0], [684780.0, 1625740.0]]]}}, {"type": "Feature", "properties": {"year": 2035, "class_id": 2, "class_label": "expuesto_cierto_ambos"}, "geometry": {"type": "Polygon", "coordinates": [[[702300.0, 1625720.0], [702300.0, 1625700.0], [702320.0, 1625700.0], [702320.0, 1625720.0], [702300.0, 1625720.0]]]}}, {"type": "Feature", "properties": {"year": 2035, "class_id": 4, "class_label": "incierto"}, "geometry": {"type": "Polygon", "coordinates": [[[684800.0, 1625700.0], [684800.0, 1625680.0], [684860.0, 1625680.0], [684860.0, 1625700.0], [684800.0, 1625700.0]]]}}, {"type": "Feature", "properties": {"year": 2035, "class_id": 2, "class_label": "expuesto_cierto_ambos"}, "geometry": {"type": "Polygon", "coordinates": [[[702300.0, 1625680.0], [702300.0, 1625660.0], [702320.0, 1625660.0], [702320.0, 1625640.0], [702360.0, 1625640.0], [702360.0, 1625660.0], [702340.0, 1625660.0], [702340.0, 1625680.0], [702300.0, 1625680.0]]]}}, {"type": "Feature", "properties": {"year": 2035, "class_id": 4, "class_label": "incierto"}, "geometry": {"type": "Polygon", "coordinates": [[[686260.0, 1625640.0], [686260.0, 1625620.0], [686280.0, 1625620.0], [686280.0, 1625640.0], [686260.0, 1625640.0]]]}}, {"type": "Feature", "properties": {"year": 2035, "class_id": 2, "class_label": "expuesto_cierto_ambos"}, "geometry": {"type": "Polygon", "coordinates": [[[702380.0, 1625660.0], [702380.0, 1625640.0], [702360.0, 1625640.0], [702360.0, 1625620.0], [702420.0, 1625620.0], [702420.0, 1625640.0], [702400.0, 1625640.0], [702400.0, 1625660.0], [702380.0, 1625660.0]]]}}, {"type": "Feature", "properties": {"year": 2035, "class_id": 4, "class_label": "incierto"}, "geometry": {"type": "Polygon", "coordinates": [[[702400.0, 1625660.0], [702400.0, 1625640.0], [702420.0, 1625640.0], [702420.0, 1625620.0], [702460.0, 1625620.0], [702460.0, 1625600.0], [702500.0, 1625600.0], [702500.0, 1625640.0], [702520.0, 1625640.0], [702520.0, 1625660.0], [702400.0, 1625660.0]]]}}, {"type": "Feature", "properties": {"year": 2035, "class_id": 4, "class_label": "incierto"}, "geometry": {"type": "Polygon", "coordinates": [[[684840.0, 1625620.0], [684840.0, 1625600.0], [684860.0, 1625600.0], [684860.0, 1625620.0], [684840.0, 1625620.0]]]}}, {"type": "Feature", "properties": {"year": 2035, "class_id": 1, "class_label": "agua_cierta_ambos"}, "geometry": {"type": "Polygon", "coordinates": [[[685080.0, 1625600.0], [685080.0, 1625580.0], [685100.0, 1625580.0], [685100.0, 1625600.0], [685080.0, 1625600.0]]]}}, {"type": "Feature", "properties": {"year": 2035, "class_id": 4, "class_label": "incierto"}, "geometry": {"type": "Polygon", "coordinates": [[[686180.0, 1625600.0], [686180.0, 1625580.0], [686220.0, 1625580.0], [686220.0, 1625600.0], [686180.0, 1625600.0]]]}}, {"type": "Feature", "properties": {"year": 2035, "class_id": 4, "class_label": "incierto"}, "geometry": {"type": "Polygon", "coordinates": [[[684860.0, 1625600.0], [684860.0, 1625560.0], [684920.0, 1625560.0], [684920.0, 1625580.0], [684900.0, 1625580.0], [684900.0, 1625600.0], [684860.0, 1625600.0]]]}}, {"type": "Feature", "properties": {"year": 2035, "class_id": 4, "class_label": "incierto"}, "geometry": {"type": "Polygon", "coordinates": [[[686160.0, 1625580.0], [686160.0, 1625560.0], [686180.0, 1625560.0], [686180.0, 1625580.0], [686160.0, 1625580.0]]]}}, {"type": "Feature", "properties": {"year": 2035, "class_id": 4, "class_label": "incierto"}, "geometry": {"type": "Polygon", "coordinates": [[[686100.0, 1625560.0], [686100.0, 1625520.0], [686120.0, 1625520.0], [686120.0, 1625540.0], [686140.0, 1625540.0], [686140.0, 1625560.0], [686100.0, 1625560.0]]]}}, {"type": "Feature", "properties": {"year": 2035, "class_id": 2, "class_label": "expuesto_cierto_ambos"}, "geometry": {"type": "Polygon", "coordinates": [[[702420.0, 1625620.0], [702420.0, 1625600.0], [702440.0, 1625600.0], [702440.0, 1625580.0], [702460.0, 1625580.0], [702460.0, 1625500.0], [702480.0, 1625500.0], [702480.0, 1625600.0], [702460.0, 1625600.0], [702460.0, 1625620.0], [702420.0, 1625620.0]]]}}, {"type": "Feature", "properties": {"year": 2035, "class_id": 4, "class_label": "incierto"}, "geometry": {"type": "Polygon", "coordinates": [[[686060.0, 1625520.0], [686060.0, 1625500.0], [686080.0, 1625500.0], [686080.0, 1625520.0], [686060.0, 1625520.0]]]}}, {"type": "Feature", "properties": {"year": 2035, "class_id": 2, "class_label": "expuesto_cierto_ambos"}, "geometry": {"type": "Polygon", "coordinates": [[[686340.0, 1625520.0], [686340.0, 1625500.0], [686360.0, 1625500.0], [686360.0, 1625520.0], [686340.0, 1625520.0]]]}}, {"type": "Feature", "properties": {"year": 2035, "class_id": 4, "class_label": "incierto"}, "geometry": {"type": "Polygon", "coordinates": [[[686440.0, 1625520.0], [686440.0, 1625500.0], [686460.0, 1625500.0], [686460.0, 1625520.0], [686440.0, 1625520.0]]]}}, {"type": "Feature", "properties": {"year": 2035, "class_id": 2, "class_label": "expuesto_cierto_ambos"}, "geometry": {"type": "Polygon", "coordinates": [[[686000.0, 1625500.0], [686000.0, 1625480.0], [686020.0, 1625480.0], [686020.0, 1625500.0], [686000.0, 1625500.0]]]}}, {"type": "Feature", "properties": {"year": 2035, "class_id": 4, "class_label": "incierto"}, "geometry": {"type": "Polygon", "coordinates": [[[686020.0, 1625500.0], [686020.0, 1625480.0], [686060.0, 1625480.0], [686060.0, 1625500.0], [686020.0, 1625500.0]]]}}, {"type": "Feature", "properties": {"year": 2035, "class_id": 4, "class_label": "incierto"}, "geometry": {"type": "Polygon", "coordinates": [[[686420.0, 1625500.0], [686420.0, 1625480.0], [686440.0, 1625480.0], [686440.0, 1625500.0], [686420.0, 1625500.0]]]}}, {"type": "Feature", "properties": {"year": 2035, "class_id": 4, "class_label": "incierto"}, "geometry": {"type": "Polygon", "coordinates": [[[686280.0, 1625660.0], [686280.0, 1625640.0], [686320.0, 1625640.0], [686320.0, 1625520.0], [686360.0, 1625520.0], [686360.0, 1625500.0], [686340.0, 1625500.0], [686340.0, 1625480.0], [686360.0, 1625480.0], [686360.0, 1625460.0], [686380.0, 1625460.0], [686380.0, 1625480.0], [686400.0, 1625480.0], [686400.0, 1625540.0], [686420.0, 1625540.0], [686420.0, 1625560.0], [686380.0, 1625560.0], [686380.0, 1625580.0], [686400.0, 1625580.0], [686400.0, 1625600.0], [686380.0, 1625600.0], [686380.0, 1625640.0], [686340.0, 1625640.0], [686340.0, 1625660.0], [686280.0, 1625660.0]]]}}, {"type": "Feature", "properties": {"year": 2035, "class_id": 4, "class_label": "incierto"}, "geometry": {"type": "Polygon", "coordinates": [[[685340.0, 1625480.0], [685340.0, 1625460.0], [685460.0, 1625460.0], [685460.0, 1625480.0], [685340.0, 1625480.0]]]}}, {"type": "Feature", "properties": {"year": 2035, "class_id": 4, "class_label": "incierto"}, "geometry": {"type": "Polygon", "coordinates": [[[686400.0, 1625480.0], [686400.0, 1625460.0], [686420.0, 1625460.0], [686420.0, 1625480.0], [686400.0, 1625480.0]]]}}, {"type": "Feature", "properties": {"year": 2035, "class_id": 2, "class_label": "expuesto_cierto_ambos"}, "geometry": {"type": "Polygon", "coordinates": [[[702480.0, 1625480.0], [702480.0, 1625460.0], [702500.0, 1625460.0], [702500.0, 1625480.0], [702480.0, 1625480.0]]]}}, {"type": "Feature", "properties": {"year": 2035, "class_id": 4, "class_label": "incierto"}, "geometry": {"type": "Polygon", "coordinates": [[[684860.0, 1625460.0], [684860.0, 1625440.0], [684880.0, 1625440.0], [684880.0, 1625460.0], [684860.0, 1625460.0]]]}}, {"type": "Feature", "properties": {"year": 2035, "class_id": 4, "class_label": "incierto"}, "geometry": {"type": "Polygon", "coordinates": [[[685280.0, 1625460.0], [685280.0, 1625440.0], [685320.0, 1625440.0], [685320.0, 1625460.0], [685280.0, 1625460.0]]]}}, {"type": "Feature", "properties": {"year": 2035, "class_id": 4, "class_label": "incierto"}, "geometry": {"type": "Polygon", "coordinates": [[[685480.0, 1625460.0], [685480.0, 1625440.0], [685500.0, 1625440.0], [685500.0, 1625460.0], [685480.0, 1625460.0]]]}}, {"type": "Feature", "properties": {"year": 2035, "class_id": 4, "class_label": "incierto"}, "geometry": {"type": "Polygon", "coordinates": [[[685920.0, 1625460.0], [685920.0, 1625440.0], [685960.0, 1625440.0], [685960.0, 1625460.0], [685920.0, 1625460.0]]]}}, {"type": "Feature", "properties": {"year": 2035, "class_id": 2, "class_label": "expuesto_cierto_ambos"}, "geometry": {"type": "Polygon", "coordinates": [[[702680.0, 1625460.0], [702680.0, 1625440.0], [702700.0, 1625440.0], [702700.0, 1625460.0], [702680.0, 1625460.0]]]}}, {"type": "Feature", "properties": {"year": 2035, "class_id": 4, "class_label": "incierto"}, "geometry": {"type": "Polygon", "coordinates": [[[684920.0, 1625540.0], [684920.0, 1625500.0], [684880.0, 1625500.0], [684880.0, 1625480.0], [684900.0, 1625480.0], [684900.0, 1625420.0], [684920.0, 1625420.0], [684920.0, 1625440.0], [684940.0, 1625440.0], [684940.0, 1625540.0], [684920.0, 1625540.0]]]}}, {"type": "Feature", "properties": {"year": 2035, "class_id": 4, "class_label": "incierto"}, "geometry": {"type": "Polygon", "coordinates": [[[702620.0, 1625480.0], [702620.0, 1625460.0], [702580.0, 1625460.0], [702580.0, 1625440.0], [702640.0, 1625440.0], [702640.0, 1625420.0], [702680.0, 1625420.0], [702680.0, 1625460.0], [702700.0, 1625460.0], [702700.0, 1625480.0], [702620.0, 1625480.0]]]}}, {"type": "Feature", "properties": {"year": 2035, "class_id": 4, "class_label": "incierto"}, "geometry": {"type": "Polygon", "coordinates": [[[686380.0, 1625440.0], [686380.0, 1625420.0], [686400.0, 1625420.0], [686400.0, 1625440.0], [686380.0, 1625440.0]]]}}, {"type": "Feature", "properties": {"year": 2035, "class_id": 4, "class_label": "incierto"}, "geometry": {"type": "Polygon", "coordinates": [[[685880.0, 1625420.0], [685880.0, 1625400.0], [685900.0, 1625400.0], [685900.0, 1625420.0], [685880.0, 1625420.0]]]}}, {"type": "Feature", "properties": {"year": 2035, "class_id": 4, "class_label": "incierto"}, "geometry": {"type": "Polygon", "coordinates": [[[685500.0, 1625440.0], [685500.0, 1625380.0], [685520.0, 1625380.0], [685520.0, 1625440.0], [685500.0, 1625440.0]]]}}, {"type": "Feature", "properties": {"year": 2035, "class_id": 4, "class_label": "incierto"}, "geometry": {"type": "Polygon", "coordinates": [[[685220.0, 1625420.0], [685220.0, 1625380.0], [685240.0, 1625380.0], [685240.0, 1625400.0], [685260.0, 1625400.0], [685260.0, 1625420.0], [685220.0, 1625420.0]]]}}, {"type": "Feature", "properties": {"year": 2035, "class_id": 1, "class_label": "agua_cierta_ambos"}, "geometry": {"type": "Polygon", "coordinates": [[[685620.0, 1625440.0], [685620.0, 1625420.0], [685600.0, 1625420.0], [685600.0, 1625380.0], [685620.0, 1625380.0], [685620.0, 1625400.0], [685640.0, 1625400.0], [685640.0, 1625440.0], [685620.0, 1625440.0]]]}}, {"type": "Feature", "properties": {"year": 2035, "class_id": 4, "class_label": "incierto"}, "geometry": {"type": "Polygon", "coordinates": [[[684960.0, 1625400.0], [684960.0, 1625380.0], [684980.0, 1625380.0], [684980.0, 1625400.0], [684960.0, 1625400.0]]]}}, {"type": "Feature", "properties": {"year": 2035, "class_id": 4, "class_label": "incierto"}, "geometry": {"type": "Polygon", "coordinates": [[[685060.0, 1625400.0], [685060.0, 1625380.0], [685080.0, 1625380.0], [685080.0, 1625400.0], [685060.0, 1625400.0]]]}}, {"type": "Feature", "properties": {"year": 2035, "class_id": 4, "class_label": "incierto"}, "geometry": {"type": "Polygon", "coordinates": [[[686400.0, 1625400.0], [686400.0, 1625380.0], [686420.0, 1625380.0], [686420.0, 1625400.0], [686400.0, 1625400.0]]]}}, {"type": "Feature", "properties": {"year": 2035, "class_id": 2, "class_label": "expuesto_cierto_ambos"}, "geometry": {"type": "Polygon", "coordinates": [[[702540.0, 1625440.0], [702540.0, 1625420.0], [702600.0, 1625420.0], [702600.0, 1625400.0], [702660.0, 1625400.0], [702660.0, 1625360.0], [702680.0, 1625360.0], [702680.0, 1625420.0], [702640.0, 1625420.0], [702640.0, 1625440.0], [702540.0, 1625440.0]]]}}, {"type": "Feature", "properties": {"year": 2035, "class_id": 4, "class_label": "incierto"}, "geometry": {"type": "Polygon", "coordinates": [[[685000.0, 1625420.0], [685000.0, 1625360.0], [685040.0, 1625360.0], [685040.0, 1625400.0], [685020.0, 1625400.0], [685020.0, 1625420.0], [685000.0, 1625420.0]]]}}, {"type": "Feature", "properties": {"year": 2035, "class_id": 4, "class_label": "incierto"}, "geometry": {"type": "Polygon", "coordinates": [[[685840.0, 1625380.0], [685840.0, 1625360.0], [685860.0, 1625360.0], [685860.0, 1625380.0], [685840.0, 1625380.0]]]}}, {"type": "Feature", "properties": {"year": 2035, "class_id": 4, "class_label": "incierto"}, "geometry": {"type": "Polygon", "coordinates": [[[685100.0, 1625380.0], [685100.0, 1625340.0], [685120.0, 1625340.0], [685120.0, 1625380.0], [685100.0, 1625380.0]]]}}, {"type": "Feature", "properties": {"year": 2035, "class_id": 4, "class_label": "incierto"}, "geometry": {"type": "Polygon", "coordinates": [[[685160.0, 1625360.0], [685160.0, 1625340.0], [685180.0, 1625340.0], [685180.0, 1625360.0], [685160.0, 1625360.0]]]}}, {"type": "Feature", "properties": {"year": 2035, "class_id": 4, "class_label": "incierto"}, "geometry": {"type": "Polygon", "coordinates": [[[686420.0, 1625380.0], [686420.0, 1625360.0], [686440.0, 1625360.0], [686440.0, 1625320.0], [686460.0, 1625320.0], [686460.0, 1625380.0], [686420.0, 1625380.0]]]}}, {"type": "Feature", "properties": {"year": 2035, "class_id": 4, "class_label": "incierto"}, "geometry": {"type": "Polygon", "coordinates": [[[685120.0, 1625340.0], [685120.0, 1625320.0], [685160.0, 1625320.0], [685160.0, 1625340.0], [685120.0, 1625340.0]]]}}, {"type": "Feature", "properties": {"year": 2035, "class_id": 2, "class_label": "expuesto_cierto_ambos"}, "geometry": {"type": "Polygon", "coordinates": [[[702660.0, 1625340.0], [702660.0, 1625320.0], [702700.0, 1625320.0], [702700.0, 1625340.0], [702660.0, 1625340.0]]]}}, {"type": "Feature", "properties": {"year": 2035, "class_id": 4, "class_label": "incierto"}, "geometry": {"type": "Polygon", "coordinates": [[[686460.0, 1625320.0], [686460.0, 1625280.0], [686500.0, 1625280.0], [686500.0, 1625300.0], [686480.0, 1625300.0], [686480.0, 1625320.0], [686460.0, 1625320.0]]]}}, {"type": "Feature", "properties": {"year": 2035, "class_id": 2, "class_label": "expuesto_cierto_ambos"}, "geometry": {"type": "Polygon", "coordinates": [[[684520.0, 1626520.0], [684520.0, 1626500.0], [684500.0, 1626500.0], [684500.0, 1626460.0], [684480.0, 1626460.0], [684480.0, 1626360.0], [684460.0, 1626360.0], [684460.0, 1626240.0], [684480.0, 1626240.0], [684480.0, 1626340.0], [684500.0, 1626340.0], [684500.0, 1626280.0], [684520.0, 1626280.0], [684520.0, 1626240.0], [684500.0, 1626240.0], [684500.0, 1626220.0], [684520.0, 1626220.0], [684520.0, 1626180.0], [684500.0, 1626180.0], [684500.0, 1626200.0], [684480.0, 1626200.0], [684480.0, 1626160.0], [684520.0, 1626160.0], [684520.0, 1626140.0], [684500.0, 1626140.0], [684500.0, 1626100.0], [684520.0, 1626100.0], [684520.0, 1626120.0], [684540.0, 1626120.0], [684540.0, 1626100.0], [684560.0, 1626100.0], [684560.0, 1626020.0], [684580.0, 1626020.0], [684580.0, 1625980.0], [684620.0, 1625980.0], [684620.0, 1625940.0], [684640.0, 1625940.0], [684640.0, 1625920.0], [684720.0, 1625920.0], [684720.0, 1625900.0], [684680.0, 1625900.0], [684680.0, 1625860.0], [684700.0, 1625860.0], [684700.0, 1625820.0], [684740.0, 1625820.0], [684740.0, 1625800.0], [684760.0, 1625800.0], [684760.0, 1625780.0], [684780.0, 1625780.0], [684780.0, 1625740.0], [684800.0, 1625740.0], [684800.0, 1625700.0], [684860.0, 1625700.0], [684860.0, 1625680.0], [684840.0, 1625680.0], [684840.0, 1625620.0], [684860.0, 1625620.0], [684860.0, 1625600.0], [684900.0, 1625600.0], [684900.0, 1625580.0], [684920.0, 1625580.0], [684920.0, 1625540.0], [684940.0, 1625540.0], [684940.0, 1625440.0], [684920.0, 1625440.0], [684920.0, 1625400.0], [684980.0, 1625400.0], [684980.0, 1625380.0], [685000.0, 1625380.0], [685000.0, 1625420.0], [685020.0, 1625420.0], [685020.0, 1625400.0], [685040.0, 1625400.0], [685040.0, 1625380.0], [685060.0, 1625380.0], [685060.0, 1625400.0], [685080.0, 1625400.0], [685080.0, 1625380.0], [685120.0, 1625380.0], [685120.0, 1625340.0], [685160.0, 1625340.0], [685160.0, 1625360.0], [685200.0, 1625360.0], [685200.0, 1625380.0], [685220.0, 1625380.0], [685220.0, 1625420.0], [685280.0, 1625420.0], [685280.0, 1625460.0], [685340.0, 1625460.0], [685340.0, 1625480.0], [685460.0, 1625480.0], [685460.0, 1625460.0], [685500.0, 1625460.0], [685500.0, 1625440.0], [685520.0, 1625440.0], [685520.0, 1625340.0], [685540.0, 1625340.0], [685540.0, 1625320.0], [685560.0, 1625320.0], [685560.0, 1625300.0], [685620.0, 1625300.0], [685620.0, 1625260.0], [685680.0, 1625260.0], [685680.0, 1625280.0], [685660.0, 1625280.0], [685660.0, 1625300.0], [685640.0, 1625300.0], [685640.0, 1625320.0], [685620.0, 1625320.0], [685620.0, 1625340.0], [685580.0, 1625340.0], [685580.0, 1625400.0], [685560.0, 1625400.0], [685560.0, 1625440.0], [685540.0, 1625440.0], [685540.0, 1625460.0], [685520.0, 1625460.0], [685520.0, 1625480.0], [685500.0, 1625480.0], [685500.0, 1625500.0], [685480.0, 1625500.0], [685480.0, 1625520.0], [685460.0, 1625520.0], [685460.0, 1625500.0], [685440.0, 1625500.0], [685440.0, 1625520.0], [685420.0, 1625520.0], [685420.0, 1625540.0], [685340.0, 1625540.0], [685340.0, 1625520.0], [685280.0, 1625520.0], [685280.0, 1625500.0], [685260.0, 1625500.0], [685260.0, 1625480.0], [685240.0, 1625480.0], [685240.0, 1625460.0], [685220.0, 1625460.0], [685220.0, 1625440.0], [685200.0, 1625440.0], [685200.0, 1625420.0], [685180.0, 1625420.0], [685180.0, 1625400.0], [685120.0, 1625400.0], [685120.0, 1625420.0], [685100.0, 1625420.0], [685100.0, 1625440.0], [685060.0, 1625440.0], [685060.0, 1625460.0], [685040.0, 1625460.0], [685040.0, 1625480.0], [685020.0, 1625480.0], [685020.0, 1625460.0], [685000.0, 1625460.0], [685000.0, 1625540.0], [684980.0, 1625540.0], [684980.0, 1625560.0], [684960.0, 1625560.0], [684960.0, 1625580.0], [684940.0, 1625580.0], [684940.0, 1625600.0], [684920.0, 1625600.0], [684920.0, 1625620.0], [684900.0, 1625620.0], [684900.0, 1625640.0], [684920.0, 1625640.0], [684920.0, 1625700.0], [684900.0, 1625700.0], [684900.0, 1625720.0], [684880.0, 1625720.0], [684880.0, 1625760.0], [684860.0, 1625760.0], [684860.0, 1625780.0], [684840.0, 1625780.0], [684840.0, 1625840.0], [684820.0, 1625840.0], [684820.0, 1625860.0], [684800.0, 1625860.0], [684800.0, 1625880.0], [684780.0, 1625880.0], [684780.0, 1625900.0], [684800.0, 1625900.0], [684800.0, 1625920.0], [684780.0, 1625920.0], [684780.0, 1625940.0], [684760.0, 1625940.0], [684760.0, 1625960.0], [684740.0, 1625960.0], [684740.0, 1625980.0], [684720.0, 1625980.0], [684720.0, 1626020.0], [684700.0, 1626020.0], [684700.0, 1626040.0], [684680.0, 1626040.0], [684680.0, 1626060.0], [684660.0, 1626060.0], [684660.0, 1626080.0], [684640.0, 1626080.0], [684640.0, 1626100.0], [684620.0, 1626100.0], [684620.0, 1626140.0], [684600.0, 1626140.0], [684600.0, 1626100.0], [684580.0, 1626100.0], [684580.0, 1626160.0], [684560.0, 1626160.0], [684560.0, 1626240.0], [684540.0, 1626240.0], [684540.0, 1626280.0], [684560.0, 1626280.0], [684560.0, 1626340.0], [684540.0, 1626340.0], [684540.0, 1626320.0], [684520.0, 1626320.0], [684520.0, 1626400.0], [684560.0, 1626400.0], [684560.0, 1626420.0], [684540.0, 1626420.0], [684540.0, 1626440.0], [684520.0, 1626440.0], [684520.0, 1626460.0], [684540.0, 1626460.0], [684540.0, 1626500.0], [684560.0, 1626500.0], [684560.0, 1626520.0], [684520.0, 1626520.0]], [[684740.0, 1625860.0], [684760.0, 1625860.0], [684760.0, 1625840.0], [684740.0, 1625840.0], [684740.0, 1625860.0]], [[684760.0, 1625840.0], [684780.0, 1625840.0], [684780.0, 1625820.0], [684760.0, 1625820.0], [684760.0, 1625840.0]], [[684820.0, 1625740.0], [684840.0, 1625740.0], [684840.0, 1625720.0], [684820.0, 1625720.0], [684820.0, 1625740.0]]]}}, {"type": "Feature", "properties": {"year": 2035, "class_id": 4, "class_label": "incierto"}, "geometry": {"type": "Polygon", "coordinates": [[[685580.0, 1625300.0], [685580.0, 1625280.0], [685600.0, 1625280.0], [685600.0, 1625260.0], [685620.0, 1625260.0], [685620.0, 1625300.0], [685580.0, 1625300.0]]]}}, {"type": "Feature", "properties": {"year": 2035, "class_id": 4, "class_label": "incierto"}, "geometry": {"type": "Polygon", "coordinates": [[[685620.0, 1625260.0], [685620.0, 1625240.0], [685640.0, 1625240.0], [685640.0, 1625220.0], [685680.0, 1625220.0], [685680.0, 1625260.0], [685620.0, 1625260.0]]]}}, {"type": "Feature", "properties": {"year": 2035, "class_id": 2, "class_label": "expuesto_cierto_ambos"}, "geometry": {"type": "Polygon", "coordinates": [[[685680.0, 1625260.0], [685680.0, 1625220.0], [685700.0, 1625220.0], [685700.0, 1625260.0], [685680.0, 1625260.0]]]}}, {"type": "Feature", "properties": {"year": 2035, "class_id": 2, "class_label": "expuesto_cierto_ambos"}, "geometry": {"type": "Polygon", "coordinates": [[[702660.0, 1625300.0], [702660.0, 1625260.0], [702640.0, 1625260.0], [702640.0, 1625240.0], [702660.0, 1625240.0], [702660.0, 1625220.0], [702680.0, 1625220.0], [702680.0, 1625300.0], [702660.0, 1625300.0]]]}}, {"type": "Feature", "properties": {"year": 2035, "class_id": 2, "class_label": "expuesto_cierto_ambos"}, "geometry": {"type": "Polygon", "coordinates": [[[685940.0, 1625520.0], [685940.0, 1625500.0], [685900.0, 1625500.0], [685900.0, 1625480.0], [685880.0, 1625480.0], [685880.0, 1625460.0], [685860.0, 1625460.0], [685860.0, 1625440.0], [685840.0, 1625440.0], [685840.0, 1625420.0], [685820.0, 1625420.0], [685820.0, 1625380.0], [685800.0, 1625380.0], [685800.0, 1625360.0], [685780.0, 1625360.0], [685780.0, 1625340.0], [685760.0, 1625340.0], [685760.0, 1625320.0], [685740.0, 1625320.0], [685740.0, 1625280.0], [685760.0, 1625280.0], [685760.0, 1625260.0], [685740.0, 1625260.0], [685740.0, 1625240.0], [685720.0, 1625240.0], [685720.0, 1625220.0], [685760.0, 1625220.0], [685760.0, 1625240.0], [685780.0, 1625240.0], [685780.0, 1625280.0], [685800.0, 1625280.0], [685800.0, 1625320.0], [685820.0, 1625320.0], [685820.0, 1625340.0], [685840.0, 1625340.0], [685840.0, 1625380.0], [685880.0, 1625380.0], [685880.0, 1625420.0], [685900.0, 1625420.0], [685900.0, 1625440.0], [685920.0, 1625440.0], [685920.0, 1625460.0], [685980.0, 1625460.0], [685980.0, 1625500.0], [685960.0, 1625500.0], [685960.0, 1625520.0], [685940.0, 1625520.0]]]}}, {"type": "Feature", "properties": {"year": 2035, "class_id": 2, "class_label": "expuesto_cierto_ambos"}, "geometry": {"type": "Polygon", "coordinates": [[[702640.0, 1625200.0], [702640.0, 1625160.0], [702660.0, 1625160.0], [702660.0, 1625180.0], [702680.0, 1625180.0], [702680.0, 1625200.0], [702640.0, 1625200.0]]]}}, {"type": "Feature", "properties": {"year": 2035, "class_id": 4, "class_label": "incierto"}, "geometry": {"type": "Polygon", "coordinates": [[[702660.0, 1625180.0], [702660.0, 1625160.0], [702680.0, 1625160.0], [702680.0, 1625180.0], [702660.0, 1625180.0]]]}}, {"type": "Feature", "properties": {"year": 2035, "class_id": 4, "class_label": "incierto"}, "geometry": {"type": "Polygon", "coordinates": [[[686660.0, 1625120.0], [686660.0, 1625100.0], [686680.0, 1625100.0], [686680.0, 1625120.0], [686660.0, 1625120.0]]]}}, {"type": "Feature", "properties": {"year": 2035, "class_id": 2, "class_label": "expuesto_cierto_ambos"}, "geometry": {"type": "Polygon", "coordinates": [[[702640.0, 1625120.0], [702640.0, 1625080.0], [702660.0, 1625080.0], [702660.0, 1625120.0], [702640.0, 1625120.0]]]}}, {"type": "Feature", "properties": {"year": 2035, "class_id": 2, "class_label": "expuesto_cierto_ambos"}, "geometry": {"type": "Polygon", "coordinates": [[[686640.0, 1625060.0], [686640.0, 1625040.0], [686660.0, 1625040.0], [686660.0, 1625060.0], [686640.0, 1625060.0]]]}}, {"type": "Feature", "properties": {"year": 2035, "class_id": 2, "class_label": "expuesto_cierto_ambos"}, "geometry": {"type": "Polygon", "coordinates": [[[702600.0, 1625020.0], [702600.0, 1625000.0], [702620.0, 1625000.0], [702620.0, 1625020.0], [702600.0, 1625020.0]]]}}, {"type": "Feature", "properties": {"year": 2035, "class_id": 2, "class_label": "expuesto_cierto_ambos"}, "geometry": {"type": "Polygon", "coordinates": [[[702560.0, 1625020.0], [702560.0, 1624980.0], [702580.0, 1624980.0], [702580.0, 1625020.0], [702560.0, 1625020.0]]]}}, {"type": "Feature", "properties": {"year": 2035, "class_id": 2, "class_label": "expuesto_cierto_ambos"}, "geometry": {"type": "Polygon", "coordinates": [[[702580.0, 1624960.0], [702580.0, 1624920.0], [702600.0, 1624920.0], [702600.0, 1624960.0], [702580.0, 1624960.0]]]}}, {"type": "Feature", "properties": {"year": 2035, "class_id": 4, "class_label": "incierto"}, "geometry": {"type": "Polygon", "coordinates": [[[685980.0, 1624940.0], [685980.0, 1624900.0], [686000.0, 1624900.0], [686000.0, 1624940.0], [685980.0, 1624940.0]]]}}, {"type": "Feature", "properties": {"year": 2035, "class_id": 2, "class_label": "expuesto_cierto_ambos"}, "geometry": {"type": "Polygon", "coordinates": [[[686000.0, 1624920.0], [686000.0, 1624900.0], [686020.0, 1624900.0], [686020.0, 1624920.0], [686000.0, 1624920.0]]]}}, {"type": "Feature", "properties": {"year": 2035, "class_id": 4, "class_label": "incierto"}, "geometry": {"type": "Polygon", "coordinates": [[[686020.0, 1624920.0], [686020.0, 1624900.0], [686040.0, 1624900.0], [686040.0, 1624920.0], [686020.0, 1624920.0]]]}}, {"type": "Feature", "properties": {"year": 2035, "class_id": 4, "class_label": "incierto"}, "geometry": {"type": "Polygon", "coordinates": [[[686480.0, 1625260.0], [686480.0, 1625240.0], [686500.0, 1625240.0], [686500.0, 1625220.0], [686520.0, 1625220.0], [686520.0, 1625200.0], [686540.0, 1625200.0], [686540.0, 1625180.0], [686560.0, 1625180.0], [686560.0, 1625120.0], [686580.0, 1625120.0], [686580.0, 1625080.0], [686600.0, 1625080.0], [686600.0, 1625060.0], [686620.0, 1625060.0], [686620.0, 1625040.0], [686640.0, 1625040.0], [686640.0, 1625020.0], [686660.0, 1625020.0], [686660.0, 1625000.0], [686680.0, 1625000.0], [686680.0, 1624940.0], [686700.0, 1624940.0], [686700.0, 1624920.0], [686720.0, 1624920.0], [686720.0, 1624900.0], [686740.0, 1624900.0], [686740.0, 1624880.0], [686760.0, 1624880.0], [686760.0, 1624920.0], [686740.0, 1624920.0], [686740.0, 1625000.0], [686720.0, 1625000.0], [686720.0, 1624980.0], [686700.0, 1624980.0], [686700.0, 1625020.0], [686720.0, 1625020.0], [686720.0, 1625040.0], [686680.0, 1625040.0], [686680.0, 1625060.0], [686720.0, 1625060.0], [686720.0, 1625080.0], [686640.0, 1625080.0], [686640.0, 1625120.0], [686660.0, 1625120.0], [686660.0, 1625140.0], [686680.0, 1625140.0], [686680.0, 1625160.0], [686660.0, 1625160.0], [686660.0, 1625180.0], [686640.0, 1625180.0], [686640.0, 1625200.0], [686620.0, 1625200.0], [686620.0, 1625180.0], [686580.0, 1625180.0], [686580.0, 1625240.0], [686540.0, 1625240.0], [686540.0, 1625260.0], [686480.0, 1625260.0]], [[686640.0, 1625060.0], [686660.0, 1625060.0], [686660.0, 1625040.0], [686640.0, 1625040.0], [686640.0, 1625060.0]]]}}, {"type": "Feature", "properties": {"year": 2035, "class_id": 2, "class_label": "expuesto_cierto_ambos"}, "geometry": {"type": "Polygon", "coordinates": [[[686320.0, 1625720.0], [686320.0, 1625700.0], [686300.0, 1625700.0], [686300.0, 1625680.0], [686280.0, 1625680.0], [686280.0, 1625700.0], [686260.0, 1625700.0], [686260.0, 1625680.0], [686240.0, 1625680.0], [686240.0, 1625660.0], [686200.0, 1625660.0], [686200.0, 1625640.0], [686180.0, 1625640.0], [686180.0, 1625620.0], [686140.0, 1625620.0], [686140.0, 1625600.0], [686100.0, 1625600.0], [686100.0, 1625580.0], [686080.0, 1625580.0], [686080.0, 1625560.0], [686060.0, 1625560.0], [686060.0, 1625540.0], [686040.0, 1625540.0], [686040.0, 1625520.0], [686020.0, 1625520.0], [686020.0, 1625500.0], [686060.0, 1625500.0], [686060.0, 1625520.0], [686100.0, 1625520.0], [686100.0, 1625560.0], [686160.0, 1625560.0], [686160.0, 1625580.0], [686180.0, 1625580.0], [686180.0, 1625600.0], [686240.0, 1625600.0], [686240.0, 1625620.0], [686260.0, 1625620.0], [686260.0, 1625640.0], [686280.0, 1625640.0], [686280.0, 1625660.0], [686340.0, 1625660.0], [686340.0, 1625640.0], [686380.0, 1625640.0], [686380.0, 1625600.0], [686400.0, 1625600.0], [686400.0, 1625580.0], [686380.0, 1625580.0], [686380.0, 1625560.0], [686420.0, 1625560.0], [686420.0, 1625540.0], [686400.0, 1625540.0], [686400.0, 1625480.0], [686380.0, 1625480.0], [686380.0, 1625440.0], [686400.0, 1625440.0], [686400.0, 1625400.0], [686420.0, 1625400.0], [686420.0, 1625380.0], [686460.0, 1625380.0], [686460.0, 1625320.0], [686480.0, 1625320.0], [686480.0, 1625300.0], [686500.0, 1625300.0], [686500.0, 1625280.0], [686480.0, 1625280.0], [686480.0, 1625260.0], [686540.0, 1625260.0], [686540.0, 1625240.0], [686580.0, 1625240.0], [686580.0, 1625180.0], [686620.0, 1625180.0], [686620.0, 1625200.0], [686640.0, 1625200.0], [686640.0, 1625180.0], [686660.0, 1625180.0], [686660.0, 1625160.0], [686680.0, 1625160.0], [686680.0, 1625140.0], [686660.0, 1625140.0], [686660.0, 1625120.0], [686640.0, 1625120.0], [686640.0, 1625080.0], [686720.0, 1625080.0], [686720.0, 1625060.0], [686680.0, 1625060.0], [686680.0, 1625040.0], [686720.0, 1625040.0], [686720.0, 1625020.0], [686700.0, 1625020.0], [686700.0, 1624980.0], [686720.0, 1624980.0], [686720.0, 1625000.0], [686740.0, 1625000.0], [686740.0, 1624920.0], [686760.0, 1624920.0], [686760.0, 1624880.0], [686780.0, 1624880.0], [686780.0, 1624900.0], [686800.0, 1624900.0], [686800.0, 1624920.0], [686780.0, 1624920.0], [686780.0, 1624940.0], [686760.0, 1624940.0], [686760.0, 1625020.0], [686780.0, 1625020.0], [686780.0, 1625040.0], [686760.0, 1625040.0], [686760.0, 1625060.0], [686740.0, 1625060.0], [686740.0, 1625100.0], [686720.0, 1625100.0], [686720.0, 1625140.0], [686740.0, 1625140.0], [686740.0, 1625160.0], [686720.0, 1625160.0], [686720.0, 1625200.0], [686700.0, 1625200.0], [686700.0, 1625220.0], [686680.0, 1625220.0], [686680.0, 1625240.0], [686660.0, 1625240.0], [686660.0, 1625260.0], [686640.0, 1625260.0], [686640.0, 1625280.0], [686620.0, 1625280.0], [686620.0, 1625260.0], [686580.0, 1625260.0], [686580.0, 1625280.0], [686560.0, 1625280.0], [686560.0, 1625300.0], [686540.0, 1625300.0], [686540.0, 1625320.0], [686520.0, 1625320.0], [686520.0, 1625340.0], [686500.0, 1625340.0], [686500.0, 1625360.0], [686480.0, 1625360.0], [686480.0, 1625400.0], [686460.0, 1625400.0], [686460.0, 1625440.0], [686480.0, 1625440.0], [686480.0, 1625460.0], [686500.0, 1625460.0], [686500.0, 1625480.0], [686480.0, 1625480.0], [686480.0, 1625520.0], [686500.0, 1625520.0], [686500.0, 1625560.0], [686480.0, 1625560.0], [686480.0, 1625580.0], [686460.0, 1625580.0], [686460.0, 1625600.0], [686440.0, 1625600.0], [686440.0, 1625620.0], [686420.0, 1625620.0], [686420.0, 1625640.0], [686400.0, 1625640.0], [686400.0, 1625660.0], [686380.0, 1625660.0], [686380.0, 1625680.0], [686360.0, 1625680.0], [686360.0, 1625700.0], [686340.0, 1625700.0], [686340.0, 1625720.0], [686320.0, 1625720.0]], [[686440.0, 1625520.0], [686460.0, 1625520.0], [686460.0, 1625500.0], [686440.0, 1625500.0], [686440.0, 1625520.0]], [[686420.0, 1625500.0], [686440.0, 1625500.0], [686440.0, 1625480.0], [686420.0, 1625480.0], [686420.0, 1625500.0]], [[686400.0, 1625480.0], [686420.0, 1625480.0], [686420.0, 1625460.0], [686400.0, 1625460.0], [686400.0, 1625480.0]], [[686660.0, 1625120.0], [686680.0, 1625120.0], [686680.0, 1625100.0], [686660.0, 1625100.0], [686660.0, 1625120.0]]]}}, {"type": "Feature", "properties": {"year": 2035, "class_id": 4, "class_label": "incierto"}, "geometry": {"type": "Polygon", "coordinates": [[[686780.0, 1624900.0], [686780.0, 1624880.0], [686800.0, 1624880.0], [686800.0, 1624900.0], [686780.0, 1624900.0]]]}}, {"type": "Feature", "properties": {"year": 2035, "class_id": 4, "class_label": "incierto"}, "geometry": {"type": "Polygon", "coordinates": [[[686760.0, 1624880.0], [686760.0, 1624860.0], [686780.0, 1624860.0], [686780.0, 1624880.0], [686760.0, 1624880.0]]]}}, {"type": "Feature", "properties": {"year": 2035, "class_id": 2, "class_label": "expuesto_cierto_ambos"}, "geometry": {"type": "Polygon", "coordinates": [[[686860.0, 1624920.0], [686860.0, 1624900.0], [686800.0, 1624900.0], [686800.0, 1624880.0], [686780.0, 1624880.0], [686780.0, 1624860.0], [686800.0, 1624860.0], [686800.0, 1624840.0], [686820.0, 1624840.0], [686820.0, 1624860.0], [686840.0, 1624860.0], [686840.0, 1624880.0], [686860.0, 1624880.0], [686860.0, 1624860.0], [686880.0, 1624860.0], [686880.0, 1624920.0], [686860.0, 1624920.0]]]}}, {"type": "Feature", "properties": {"year": 2035, "class_id": 4, "class_label": "incierto"}, "geometry": {"type": "Polygon", "coordinates": [[[686780.0, 1624860.0], [686780.0, 1624840.0], [686800.0, 1624840.0], [686800.0, 1624860.0], [686780.0, 1624860.0]]]}}, {"type": "Feature", "properties": {"year": 2035, "class_id": 2, "class_label": "expuesto_cierto_ambos"}, "geometry": {"type": "Polygon", "coordinates": [[[686900.0, 1624880.0], [686900.0, 1624840.0], [686920.0, 1624840.0], [686920.0, 1624820.0], [686960.0, 1624820.0], [686960.0, 1624840.0], [686940.0, 1624840.0], [686940.0, 1624860.0], [686920.0, 1624860.0], [686920.0, 1624880.0], [686900.0, 1624880.0]]]}}, {"type": "Feature", "properties": {"year": 2035, "class_id": 4, "class_label": "incierto"}, "geometry": {"type": "Polygon", "coordinates": [[[686800.0, 1624840.0], [686800.0, 1624820.0], [686820.0, 1624820.0], [686820.0, 1624840.0], [686800.0, 1624840.0]]]}}, {"type": "Feature", "properties": {"year": 2035, "class_id": 4, "class_label": "incierto"}, "geometry": {"type": "Polygon", "coordinates": [[[686900.0, 1624840.0], [686900.0, 1624820.0], [686920.0, 1624820.0], [686920.0, 1624840.0], [686900.0, 1624840.0]]]}}, {"type": "Feature", "properties": {"year": 2035, "class_id": 4, "class_label": "incierto"}, "geometry": {"type": "Polygon", "coordinates": [[[686920.0, 1624820.0], [686920.0, 1624800.0], [686960.0, 1624800.0], [686960.0, 1624820.0], [686920.0, 1624820.0]]]}}, {"type": "Feature", "properties": {"year": 2035, "class_id": 2, "class_label": "expuesto_cierto_ambos"}, "geometry": {"type": "Polygon", "coordinates": [[[702620.0, 1624820.0], [702620.0, 1624800.0], [702640.0, 1624800.0], [702640.0, 1624820.0], [702620.0, 1624820.0]]]}}, {"type": "Feature", "properties": {"year": 2035, "class_id": 4, "class_label": "incierto"}, "geometry": {"type": "Polygon", "coordinates": [[[685840.0, 1624780.0], [685840.0, 1624760.0], [685860.0, 1624760.0], [685860.0, 1624780.0], [685840.0, 1624780.0]]]}}, {"type": "Feature", "properties": {"year": 2035, "class_id": 2, "class_label": "expuesto_cierto_ambos"}, "geometry": {"type": "Polygon", "coordinates": [[[702580.0, 1624760.0], [702580.0, 1624720.0], [702600.0, 1624720.0], [702600.0, 1624740.0], [702620.0, 1624740.0], [702620.0, 1624760.0], [702580.0, 1624760.0]]]}}, {"type": "Feature", "properties": {"year": 2035, "class_id": 4, "class_label": "incierto"}, "geometry": {"type": "Polygon", "coordinates": [[[686920.0, 1624780.0], [686920.0, 1624740.0], [686940.0, 1624740.0], [686940.0, 1624700.0], [686960.0, 1624700.0], [686960.0, 1624680.0], [687000.0, 1624680.0], [687000.0, 1624700.0], [686980.0, 1624700.0], [686980.0, 1624740.0], [686960.0, 1624740.0], [686960.0, 1624760.0], [686940.0, 1624760.0], [686940.0, 1624780.0], [686920.0, 1624780.0]]]}}, {"type": "Feature", "properties": {"year": 2035, "class_id": 4, "class_label": "incierto"}, "geometry": {"type": "Polygon", "coordinates": [[[687000.0, 1624660.0], [687000.0, 1624640.0], [687020.0, 1624640.0], [687020.0, 1624660.0], [687000.0, 1624660.0]]]}}, {"type": "Feature", "properties": {"year": 2035, "class_id": 2, "class_label": "expuesto_cierto_ambos"}, "geometry": {"type": "Polygon", "coordinates": [[[702560.0, 1624660.0], [702560.0, 1624640.0], [702580.0, 1624640.0], [702580.0, 1624660.0], [702560.0, 1624660.0]]]}}, {"type": "Feature", "properties": {"year": 2035, "class_id": 4, "class_label": "incierto"}, "geometry": {"type": "Polygon", "coordinates": [[[687020.0, 1624640.0], [687020.0, 1624620.0], [687040.0, 1624620.0], [687040.0, 1624640.0], [687020.0, 1624640.0]]]}}, {"type": "Feature", "properties": {"year": 2035, "class_id": 4, "class_label": "incierto"}, "geometry": {"type": "Polygon", "coordinates": [[[687040.0, 1624620.0], [687040.0, 1624580.0], [687060.0, 1624580.0], [687060.0, 1624620.0], [687040.0, 1624620.0]]]}}, {"type": "Feature", "properties": {"year": 2035, "class_id": 2, "class_label": "expuesto_cierto_ambos"}, "geometry": {"type": "Polygon", "coordinates": [[[702560.0, 1624600.0], [702560.0, 1624580.0], [702580.0, 1624580.0], [702580.0, 1624600.0], [702560.0, 1624600.0]]]}}, {"type": "Feature", "properties": {"year": 2035, "class_id": 4, "class_label": "incierto"}, "geometry": {"type": "Polygon", "coordinates": [[[687060.0, 1624580.0], [687060.0, 1624540.0], [687080.0, 1624540.0], [687080.0, 1624580.0], [687060.0, 1624580.0]]]}}, {"type": "Feature", "properties": {"year": 2035, "class_id": 4, "class_label": "incierto"}, "geometry": {"type": "Polygon", "coordinates": [[[687080.0, 1624520.0], [687080.0, 1624500.0], [687100.0, 1624500.0], [687100.0, 1624520.0], [687080.0, 1624520.0]]]}}, {"type": "Feature", "properties": {"year": 2035, "class_id": 4, "class_label": "incierto"}, "geometry": {"type": "Polygon", "coordinates": [[[687100.0, 1624500.0], [687100.0, 1624480.0], [687120.0, 1624480.0], [687120.0, 1624500.0], [687100.0, 1624500.0]]]}}, {"type": "Feature", "properties": {"year": 2035, "class_id": 4, "class_label": "incierto"}, "geometry": {"type": "Polygon", "coordinates": [[[687120.0, 1624460.0], [687120.0, 1624440.0], [687140.0, 1624440.0], [687140.0, 1624460.0], [687120.0, 1624460.0]]]}}, {"type": "Feature", "properties": {"year": 2035, "class_id": 4, "class_label": "incierto"}, "geometry": {"type": "Polygon", "coordinates": [[[687140.0, 1624440.0], [687140.0, 1624400.0], [687160.0, 1624400.0], [687160.0, 1624440.0], [687140.0, 1624440.0]]]}}, {"type": "Feature", "properties": {"year": 2035, "class_id": 4, "class_label": "incierto"}, "geometry": {"type": "Polygon", "coordinates": [[[687160.0, 1624380.0], [687160.0, 1624360.0], [687180.0, 1624360.0], [687180.0, 1624380.0], [687160.0, 1624380.0]]]}}, {"type": "Feature", "properties": {"year": 2035, "class_id": 4, "class_label": "incierto"}, "geometry": {"type": "Polygon", "coordinates": [[[687200.0, 1624340.0], [687200.0, 1624320.0], [687220.0, 1624320.0], [687220.0, 1624340.0], [687200.0, 1624340.0]]]}}, {"type": "Feature", "properties": {"year": 2035, "class_id": 4, "class_label": "incierto"}, "geometry": {"type": "Polygon", "coordinates": [[[687340.0, 1624340.0], [687340.0, 1624320.0], [687360.0, 1624320.0], [687360.0, 1624340.0], [687340.0, 1624340.0]]]}}, {"type": "Feature", "properties": {"year": 2035, "class_id": 4, "class_label": "incierto"}, "geometry": {"type": "Polygon", "coordinates": [[[687280.0, 1624320.0], [687280.0, 1624300.0], [687300.0, 1624300.0], [687300.0, 1624320.0], [687280.0, 1624320.0]]]}}, {"type": "Feature", "properties": {"year": 2035, "class_id": 2, "class_label": "expuesto_cierto_ambos"}, "geometry": {"type": "Polygon", "coordinates": [[[702560.0, 1624320.0], [702560.0, 1624260.0], [702580.0, 1624260.0], [702580.0, 1624320.0], [702560.0, 1624320.0]]]}}, {"type": "Feature", "properties": {"year": 2035, "class_id": 4, "class_label": "incierto"}, "geometry": {"type": "Polygon", "coordinates": [[[687400.0, 1624280.0], [687400.0, 1624260.0], [687420.0, 1624260.0], [687420.0, 1624280.0], [687400.0, 1624280.0]]]}}, {"type": "Feature", "properties": {"year": 2035, "class_id": 4, "class_label": "incierto"}, "geometry": {"type": "Polygon", "coordinates": [[[687420.0, 1624260.0], [687420.0, 1624240.0], [687440.0, 1624240.0], [687440.0, 1624260.0], [687420.0, 1624260.0]]]}}, {"type": "Feature", "properties": {"year": 2035, "class_id": 2, "class_label": "expuesto_cierto_ambos"}, "geometry": {"type": "Polygon", "coordinates": [[[702580.0, 1624260.0], [702580.0, 1624240.0], [702600.0, 1624240.0], [702600.0, 1624260.0], [702580.0, 1624260.0]]]}}, {"type": "Feature", "properties": {"year": 2035, "class_id": 4, "class_label": "incierto"}, "geometry": {"type": "Polygon", "coordinates": [[[687440.0, 1624220.0], [687440.0, 1624200.0], [687460.0, 1624200.0], [687460.0, 1624220.0], [687440.0, 1624220.0]]]}}, {"type": "Feature", "properties": {"year": 2035, "class_id": 4, "class_label": "incierto"}, "geometry": {"type": "Polygon", "coordinates": [[[687460.0, 1624180.0], [687460.0, 1624160.0], [687480.0, 1624160.0], [687480.0, 1624180.0], [687460.0, 1624180.0]]]}}, {"type": "Feature", "properties": {"year": 2035, "class_id": 2, "class_label": "expuesto_cierto_ambos"}, "geometry": {"type": "Polygon", "coordinates": [[[702560.0, 1624180.0], [702560.0, 1624100.0], [702580.0, 1624100.0], [702580.0, 1624180.0], [702560.0, 1624180.0]]]}}, {"type": "Feature", "properties": {"year": 2035, "class_id": 4, "class_label": "incierto"}, "geometry": {"type": "Polygon", "coordinates": [[[687500.0, 1624100.0], [687500.0, 1624080.0], [687520.0, 1624080.0], [687520.0, 1624100.0], [687500.0, 1624100.0]]]}}, {"type": "Feature", "properties": {"year": 2035, "class_id": 4, "class_label": "incierto"}, "geometry": {"type": "Polygon", "coordinates": [[[687540.0, 1624080.0], [687540.0, 1624060.0], [687560.0, 1624060.0], [687560.0, 1624080.0], [687540.0, 1624080.0]]]}}, {"type": "Feature", "properties": {"year": 2035, "class_id": 2, "class_label": "expuesto_cierto_ambos"}, "geometry": {"type": "Polygon", "coordinates": [[[702560.0, 1624080.0], [702560.0, 1624040.0], [702580.0, 1624040.0], [702580.0, 1624080.0], [702560.0, 1624080.0]]]}}, {"type": "Feature", "properties": {"year": 2035, "class_id": 4, "class_label": "incierto"}, "geometry": {"type": "Polygon", "coordinates": [[[687600.0, 1624020.0], [687600.0, 1624000.0], [687620.0, 1624000.0], [687620.0, 1624020.0], [687600.0, 1624020.0]]]}}, {"type": "Feature", "properties": {"year": 2035, "class_id": 2, "class_label": "expuesto_cierto_ambos"}, "geometry": {"type": "Polygon", "coordinates": [[[702560.0, 1624020.0], [702560.0, 1623980.0], [702580.0, 1623980.0], [702580.0, 1624020.0], [702560.0, 1624020.0]]]}}, {"type": "Feature", "properties": {"year": 2035, "class_id": 4, "class_label": "incierto"}, "geometry": {"type": "Polygon", "coordinates": [[[687620.0, 1624000.0], [687620.0, 1623980.0], [687640.0, 1623980.0], [687640.0, 1624000.0], [687620.0, 1624000.0]]]}}, {"type": "Feature", "properties": {"year": 2035, "class_id": 4, "class_label": "incierto"}, "geometry": {"type": "Polygon", "coordinates": [[[687640.0, 1623980.0], [687640.0, 1623960.0], [687660.0, 1623960.0], [687660.0, 1623980.0], [687640.0, 1623980.0]]]}}, {"type": "Feature", "properties": {"year": 2035, "class_id": 2, "class_label": "expuesto_cierto_ambos"}, "geometry": {"type": "Polygon", "coordinates": [[[702560.0, 1623960.0], [702560.0, 1623940.0], [702580.0, 1623940.0], [702580.0, 1623960.0], [702560.0, 1623960.0]]]}}, {"type": "Feature", "properties": {"year": 2035, "class_id": 4, "class_label": "incierto"}, "geometry": {"type": "Polygon", "coordinates": [[[687740.0, 1623940.0], [687740.0, 1623920.0], [687780.0, 1623920.0], [687780.0, 1623940.0], [687740.0, 1623940.0]]]}}, {"type": "Feature", "properties": {"year": 2035, "class_id": 4, "class_label": "incierto"}, "geometry": {"type": "Polygon", "coordinates": [[[687780.0, 1623920.0], [687780.0, 1623900.0], [687800.0, 1623900.0], [687800.0, 1623920.0], [687780.0, 1623920.0]]]}}, {"type": "Feature", "properties": {"year": 2035, "class_id": 4, "class_label": "incierto"}, "geometry": {"type": "Polygon", "coordinates": [[[687820.0, 1623860.0], [687820.0, 1623840.0], [687840.0, 1623840.0], [687840.0, 1623860.0], [687820.0, 1623860.0]]]}}, {"type": "Feature", "properties": {"year": 2035, "class_id": 4, "class_label": "incierto"}, "geometry": {"type": "Polygon", "coordinates": [[[687840.0, 1623840.0], [687840.0, 1623820.0], [687860.0, 1623820.0], [687860.0, 1623840.0], [687840.0, 1623840.0]]]}}, {"type": "Feature", "properties": {"year": 2035, "class_id": 2, "class_label": "expuesto_cierto_ambos"}, "geometry": {"type": "Polygon", "coordinates": [[[702600.0, 1623860.0], [702600.0, 1623800.0], [702620.0, 1623800.0], [702620.0, 1623860.0], [702600.0, 1623860.0]]]}}, {"type": "Feature", "properties": {"year": 2035, "class_id": 4, "class_label": "incierto"}, "geometry": {"type": "Polygon", "coordinates": [[[687860.0, 1623800.0], [687860.0, 1623780.0], [687880.0, 1623780.0], [687880.0, 1623800.0], [687860.0, 1623800.0]]]}}, {"type": "Feature", "properties": {"year": 2035, "class_id": 2, "class_label": "expuesto_cierto_ambos"}, "geometry": {"type": "Polygon", "coordinates": [[[686960.0, 1624820.0], [686960.0, 1624800.0], [686920.0, 1624800.0], [686920.0, 1624780.0], [686940.0, 1624780.0], [686940.0, 1624760.0], [686960.0, 1624760.0], [686960.0, 1624740.0], [686980.0, 1624740.0], [686980.0, 1624700.0], [687000.0, 1624700.0], [687000.0, 1624680.0], [686980.0, 1624680.0], [686980.0, 1624660.0], [687020.0, 1624660.0], [687020.0, 1624640.0], [687040.0, 1624640.0], [687040.0, 1624620.0], [687060.0, 1624620.0], [687060.0, 1624580.0], [687080.0, 1624580.0], [687080.0, 1624520.0], [687100.0, 1624520.0], [687100.0, 1624500.0], [687120.0, 1624500.0], [687120.0, 1624460.0], [687140.0, 1624460.0], [687140.0, 1624440.0], [687160.0, 1624440.0], [687160.0, 1624380.0], [687180.0, 1624380.0], [687180.0, 1624340.0], [687220.0, 1624340.0], [687220.0, 1624320.0], [687340.0, 1624320.0], [687340.0, 1624340.0], [687360.0, 1624340.0], [687360.0, 1624300.0], [687380.0, 1624300.0], [687380.0, 1624280.0], [687420.0, 1624280.0], [687420.0, 1624260.0], [687440.0, 1624260.0], [687440.0, 1624220.0], [687460.0, 1624220.0], [687460.0, 1624180.0], [687480.0, 1624180.0], [687480.0, 1624120.0], [687500.0, 1624120.0], [687500.0, 1624100.0], [687520.0, 1624100.0], [687520.0, 1624080.0], [687560.0, 1624080.0], [687560.0, 1624060.0], [687580.0, 1624060.0], [687580.0, 1624040.0], [687600.0, 1624040.0], [687600.0, 1624020.0], [687620.0, 1624020.0], [687620.0, 1624000.0], [687640.0, 1624000.0], [687640.0, 1623980.0], [687660.0, 1623980.0], [687660.0, 1623940.0], [687780.0, 1623940.0], [687780.0, 1623920.0], [687800.0, 1623920.0], [687800.0, 1623880.0], [687820.0, 1623880.0], [687820.0, 1623860.0], [687840.0, 1623860.0], [687840.0, 1623840.0], [687860.0, 1623840.0], [687860.0, 1623800.0], [687880.0, 1623800.0], [687880.0, 1623760.0], [687900.0, 1623760.0], [687900.0, 1623740.0], [687940.0, 1623740.0], [687940.0, 1623760.0], [687960.0, 1623760.0], [687960.0, 1623780.0], [687940.0, 1623780.0], [687940.0, 1623800.0], [687900.0, 1623800.0], [687900.0, 1623820.0], [687880.0, 1623820.0], [687880.0, 1623880.0], [687860.0, 1623880.0], [687860.0, 1623900.0], [687840.0, 1623900.0], [687840.0, 1623920.0], [687820.0, 1623920.0], [687820.0, 1623940.0], [687800.0, 1623940.0], [687800.0, 1623960.0], [687760.0, 1623960.0], [687760.0, 1624000.0], [687680.0, 1624000.0], [687680.0, 1624020.0], [687660.0, 1624020.0], [687660.0, 1624040.0], [687640.0, 1624040.0], [687640.0, 1624060.0], [687620.0, 1624060.0], [687620.0, 1624080.0], [687600.0, 1624080.0], [687600.0, 1624100.0], [687580.0, 1624100.0], [687580.0, 1624120.0], [687560.0, 1624120.0], [687560.0, 1624140.0], [687520.0, 1624140.0], [687520.0, 1624220.0], [687500.0, 1624220.0], [687500.0, 1624260.0], [687480.0, 1624260.0], [687480.0, 1624280.0], [687460.0, 1624280.0], [687460.0, 1624300.0], [687440.0, 1624300.0], [687440.0, 1624320.0], [687420.0, 1624320.0], [687420.0, 1624340.0], [687380.0, 1624340.0], [687380.0, 1624360.0], [687360.0, 1624360.0], [687360.0, 1624380.0], [687220.0, 1624380.0], [687220.0, 1624420.0], [687200.0, 1624420.0], [687200.0, 1624460.0], [687180.0, 1624460.0], [687180.0, 1624500.0], [687160.0, 1624500.0], [687160.0, 1624520.0], [687140.0, 1624520.0], [687140.0, 1624560.0], [687120.0, 1624560.0], [687120.0, 1624620.0], [687100.0, 1624620.0], [687100.0, 1624640.0], [687080.0, 1624640.0], [687080.0, 1624660.0], [687060.0, 1624660.0], [687060.0, 1624680.0], [687040.0, 1624680.0], [687040.0, 1624700.0], [687020.0, 1624700.0], [687020.0, 1624740.0], [687000.0, 1624740.0], [687000.0, 1624760.0], [686980.0, 1624760.0], [686980.0, 1624820.0], [686960.0, 1624820.0]]]}}, {"type": "Feature", "properties": {"year": 2035, "class_id": 4, "class_label": "incierto"}, "geometry": {"type": "Polygon", "coordinates": [[[687920.0, 1623740.0], [687920.0, 1623720.0], [687940.0, 1623720.0], [687940.0, 1623740.0], [687920.0, 1623740.0]]]}}, {"type": "Feature", "properties": {"year": 2035, "class_id": 4, "class_label": "incierto"}, "geometry": {"type": "Polygon", "coordinates": [[[687960.0, 1623720.0], [687960.0, 1623700.0], [687980.0, 1623700.0], [687980.0, 1623720.0], [687960.0, 1623720.0]]]}}, {"type": "Feature", "properties": {"year": 2035, "class_id": 2, "class_label": "expuesto_cierto_ambos"}, "geometry": {"type": "Polygon", "coordinates": [[[702600.0, 1623720.0], [702600.0, 1623700.0], [702620.0, 1623700.0], [702620.0, 1623720.0], [702600.0, 1623720.0]]]}}, {"type": "Feature", "properties": {"year": 2035, "class_id": 4, "class_label": "incierto"}, "geometry": {"type": "Polygon", "coordinates": [[[688000.0, 1623700.0], [688000.0, 1623680.0], [688020.0, 1623680.0], [688020.0, 1623700.0], [688000.0, 1623700.0]]]}}, {"type": "Feature", "properties": {"year": 2035, "class_id": 4, "class_label": "incierto"}, "geometry": {"type": "Polygon", "coordinates": [[[688060.0, 1623680.0], [688060.0, 1623660.0], [688100.0, 1623660.0], [688100.0, 1623680.0], [688060.0, 1623680.0]]]}}, {"type": "Feature", "properties": {"year": 2035, "class_id": 2, "class_label": "expuesto_cierto_ambos"}, "geometry": {"type": "Polygon", "coordinates": [[[702660.0, 1623680.0], [702660.0, 1623640.0], [702680.0, 1623640.0], [702680.0, 1623680.0], [702660.0, 1623680.0]]]}}, {"type": "Feature", "properties": {"year": 2035, "class_id": 4, "class_label": "incierto"}, "geometry": {"type": "Polygon", "coordinates": [[[688120.0, 1623660.0], [688120.0, 1623640.0], [688160.0, 1623640.0], [688160.0, 1623660.0], [688120.0, 1623660.0]]]}}, {"type": "Feature", "properties": {"year": 2035, "class_id": 2, "class_label": "expuesto_cierto_ambos"}, "geometry": {"type": "Polygon", "coordinates": [[[688000.0, 1623760.0], [688000.0, 1623740.0], [687940.0, 1623740.0], [687940.0, 1623720.0], [687980.0, 1623720.0], [687980.0, 1623700.0], [688020.0, 1623700.0], [688020.0, 1623680.0], [688100.0, 1623680.0], [688100.0, 1623660.0], [688160.0, 1623660.0], [688160.0, 1623640.0], [688260.0, 1623640.0], [688260.0, 1623620.0], [688360.0, 1623620.0], [688360.0, 1623660.0], [688340.0, 1623660.0], [688340.0, 1623640.0], [688320.0, 1623640.0], [688320.0, 1623660.0], [688300.0, 1623660.0], [688300.0, 1623680.0], [688240.0, 1623680.0], [688240.0, 1623700.0], [688220.0, 1623700.0], [688220.0, 1623680.0], [688200.0, 1623680.0], [688200.0, 1623700.0], [688180.0, 1623700.0], [688180.0, 1623720.0], [688080.0, 1623720.0], [688080.0, 1623740.0], [688040.0, 1623740.0], [688040.0, 1623720.0], [688020.0, 1623720.0], [688020.0, 1623760.0], [688000.0, 1623760.0]]]}}, {"type": "Feature", "properties": {"year": 2035, "class_id": 4, "class_label": "incierto"}, "geometry": {"type": "Polygon", "coordinates": [[[688240.0, 1623640.0], [688240.0, 1623620.0], [688260.0, 1623620.0], [688260.0, 1623640.0], [688240.0, 1623640.0]]]}}, {"type": "Feature", "properties": {"year": 2035, "class_id": 4, "class_label": "incierto"}, "geometry": {"type": "Polygon", "coordinates": [[[688400.0, 1623600.0], [688400.0, 1623560.0], [688420.0, 1623560.0], [688420.0, 1623600.0], [688400.0, 1623600.0]]]}}, {"type": "Feature", "properties": {"year": 2035, "class_id": 4, "class_label": "incierto"}, "geometry": {"type": "Polygon", "coordinates": [[[688420.0, 1623560.0], [688420.0, 1623540.0], [688440.0, 1623540.0], [688440.0, 1623560.0], [688420.0, 1623560.0]]]}}, {"type": "Feature", "properties": {"year": 2035, "class_id": 4, "class_label": "incierto"}, "geometry": {"type": "Polygon", "coordinates": [[[694700.0, 1623760.0], [694700.0, 1623720.0], [694680.0, 1623720.0], [694680.0, 1623700.0], [694660.0, 1623700.0], [694660.0, 1623660.0], [694640.0, 1623660.0], [694640.0, 1623620.0], [694620.0, 1623620.0], [694620.0, 1623560.0], [694640.0, 1623560.0], [694640.0, 1623540.0], [694700.0, 1623540.0], [694700.0, 1623520.0], [694720.0, 1623520.0], [694720.0, 1623540.0], [694760.0, 1623540.0], [694760.0, 1623560.0], [694780.0, 1623560.0], [694780.0, 1623580.0], [694800.0, 1623580.0], [694800.0, 1623700.0], [694780.0, 1623700.0], [694780.0, 1623740.0], [694760.0, 1623740.0], [694760.0, 1623760.0], [694700.0, 1623760.0]]]}}, {"type": "Feature", "properties": {"year": 2035, "class_id": 4, "class_label": "incierto"}, "geometry": {"type": "Polygon", "coordinates": [[[688440.0, 1623540.0], [688440.0, 1623520.0], [688460.0, 1623520.0], [688460.0, 1623540.0], [688440.0, 1623540.0]]]}}, {"type": "Feature", "properties": {"year": 2035, "class_id": 4, "class_label": "incierto"}, "geometry": {"type": "Polygon", "coordinates": [[[688460.0, 1623520.0], [688460.0, 1623500.0], [688480.0, 1623500.0], [688480.0, 1623520.0], [688460.0, 1623520.0]]]}}, {"type": "Feature", "properties": {"year": 2035, "class_id": 2, "class_label": "expuesto_cierto_ambos"}, "geometry": {"type": "Polygon", "coordinates": [[[688540.0, 1623520.0], [688540.0, 1623500.0], [688560.0, 1623500.0], [688560.0, 1623520.0], [688540.0, 1623520.0]]]}}, {"type": "Feature", "properties": {"year": 2035, "class_id": 2, "class_label": "expuesto_cierto_ambos"}, "geometry": {"type": "Polygon", "coordinates": [[[688400.0, 1623640.0], [688400.0, 1623620.0], [688380.0, 1623620.0], [688380.0, 1623580.0], [688400.0, 1623580.0], [688400.0, 1623600.0], [688420.0, 1623600.0], [688420.0, 1623560.0], [688440.0, 1623560.0], [688440.0, 1623540.0], [688460.0, 1623540.0], [688460.0, 1623520.0], [688480.0, 1623520.0], [688480.0, 1623500.0], [688500.0, 1623500.0], [688500.0, 1623480.0], [688520.0, 1623480.0], [688520.0, 1623540.0], [688500.0, 1623540.0], [688500.0, 1623560.0], [688480.0, 1623560.0], [688480.0, 1623580.0], [688460.0, 1623580.0], [688460.0, 1623600.0], [688440.0, 1623600.0], [688440.0, 1623620.0], [688420.0, 1623620.0], [688420.0, 1623640.0], [688400.0, 1623640.0]]]}}, {"type": "Feature", "properties": {"year": 2035, "class_id": 4, "class_label": "incierto"}, "geometry": {"type": "Polygon", "coordinates": [[[688480.0, 1623500.0], [688480.0, 1623480.0], [688500.0, 1623480.0], [688500.0, 1623500.0], [688480.0, 1623500.0]]]}}, {"type": "Feature", "properties": {"year": 2035, "class_id": 4, "class_label": "incierto"}, "geometry": {"type": "Polygon", "coordinates": [[[688500.0, 1623480.0], [688500.0, 1623460.0], [688520.0, 1623460.0], [688520.0, 1623480.0], [688500.0, 1623480.0]]]}}, {"type": "Feature", "properties": {"year": 2035, "class_id": 4, "class_label": "incierto"}, "geometry": {"type": "Polygon", "coordinates": [[[688580.0, 1623480.0], [688580.0, 1623460.0], [688600.0, 1623460.0], [688600.0, 1623480.0], [688580.0, 1623480.0]]]}}, {"type": "Feature", "properties": {"year": 2035, "class_id": 4, "class_label": "incierto"}, "geometry": {"type": "Polygon", "coordinates": [[[688700.0, 1623460.0], [688700.0, 1623440.0], [688720.0, 1623440.0], [688720.0, 1623460.0], [688700.0, 1623460.0]]]}}, {"type": "Feature", "properties": {"year": 2035, "class_id": 2, "class_label": "expuesto_cierto_ambos"}, "geometry": {"type": "Polygon", "coordinates": [[[702640.0, 1623460.0], [702640.0, 1623420.0], [702660.0, 1623420.0], [702660.0, 1623460.0], [702640.0, 1623460.0]]]}}, {"type": "Feature", "properties": {"year": 2035, "class_id": 4, "class_label": "incierto"}, "geometry": {"type": "Polygon", "coordinates": [[[688580.0, 1623440.0], [688580.0, 1623420.0], [688600.0, 1623420.0], [688600.0, 1623440.0], [688580.0, 1623440.0]]]}}, {"type": "Feature", "properties": {"year": 2035, "class_id": 4, "class_label": "incierto"}, "geometry": {"type": "Polygon", "coordinates": [[[688740.0, 1623440.0], [688740.0, 1623420.0], [688760.0, 1623420.0], [688760.0, 1623440.0], [688740.0, 1623440.0]]]}}, {"type": "Feature", "properties": {"year": 2035, "class_id": 2, "class_label": "expuesto_cierto_ambos"}, "geometry": {"type": "Polygon", "coordinates": [[[688700.0, 1623520.0], [688700.0, 1623500.0], [688560.0, 1623500.0], [688560.0, 1623480.0], [688520.0, 1623480.0], [688520.0, 1623460.0], [688540.0, 1623460.0], [688540.0, 1623440.0], [688700.0, 1623440.0], [688700.0, 1623460.0], [688720.0, 1623460.0], [688720.0, 1623440.0], [688760.0, 1623440.0], [688760.0, 1623420.0], [688800.0, 1623420.0], [688800.0, 1623400.0], [688820.0, 1623400.0], [688820.0, 1623420.0], [688840.0, 1623420.0], [688840.0, 1623440.0], [688820.0, 1623440.0], [688820.0, 1623460.0], [688800.0, 1623460.0], [688800.0, 1623480.0], [688760.0, 1623480.0], [688760.0, 1623500.0], [688720.0, 1623500.0], [688720.0, 1623520.0], [688700.0, 1623520.0]], [[688580.0, 1623480.0], [688600.0, 1623480.0], [688600.0, 1623460.0], [688580.0, 1623460.0], [688580.0, 1623480.0]]]}}, {"type": "Feature", "properties": {"year": 2035, "class_id": 4, "class_label": "incierto"}, "geometry": {"type": "Polygon", "coordinates": [[[688780.0, 1623420.0], [688780.0, 1623400.0], [688800.0, 1623400.0], [688800.0, 1623420.0], [688780.0, 1623420.0]]]}}, {"type": "Feature", "properties": {"year": 2035, "class_id": 4, "class_label": "incierto"}, "geometry": {"type": "Polygon", "coordinates": [[[688820.0, 1623420.0], [688820.0, 1623400.0], [688840.0, 1623400.0], [688840.0, 1623420.0], [688820.0, 1623420.0]]]}}, {"type": "Feature", "properties": {"year": 2035, "class_id": 4, "class_label": "incierto"}, "geometry": {"type": "Polygon", "coordinates": [[[688800.0, 1623400.0], [688800.0, 1623380.0], [688820.0, 1623380.0], [688820.0, 1623400.0], [688800.0, 1623400.0]]]}}, {"type": "Feature", "properties": {"year": 2035, "class_id": 2, "class_label": "expuesto_cierto_ambos"}, "geometry": {"type": "Polygon", "coordinates": [[[688840.0, 1623420.0], [688840.0, 1623400.0], [688820.0, 1623400.0], [688820.0, 1623380.0], [688900.0, 1623380.0], [688900.0, 1623400.0], [688860.0, 1623400.0], [688860.0, 1623420.0], [688840.0, 1623420.0]]]}}, {"type": "Feature", "properties": {"year": 2035, "class_id": 2, "class_label": "expuesto_cierto_ambos"}, "geometry": {"type": "Polygon", "coordinates": [[[702640.0, 1623400.0], [702640.0, 1623380.0], [702660.0, 1623380.0], [702660.0, 1623400.0], [702640.0, 1623400.0]]]}}, {"type": "Feature", "properties": {"year": 2035, "class_id": 4, "class_label": "incierto"}, "geometry": {"type": "Polygon", "coordinates": [[[688820.0, 1623380.0], [688820.0, 1623360.0], [688840.0, 1623360.0], [688840.0, 1623340.0], [688860.0, 1623340.0], [688860.0, 1623360.0], [688900.0, 1623360.0], [688900.0, 1623380.0], [688820.0, 1623380.0]]]}}, {"type": "Feature", "properties": {"year": 2035, "class_id": 2, "class_label": "expuesto_cierto_ambos"}, "geometry": {"type": "Polygon", "coordinates": [[[697320.0, 1623360.0], [697320.0, 1623340.0], [697340.0, 1623340.0], [697340.0, 1623360.0], [697320.0, 1623360.0]]]}}, {"type": "Feature", "properties": {"year": 2035, "class_id": 2, "class_label": "expuesto_cierto_ambos"}, "geometry": {"type": "Polygon", "coordinates": [[[697400.0, 1623360.0], [697400.0, 1623340.0], [697420.0, 1623340.0], [697420.0, 1623360.0], [697400.0, 1623360.0]]]}}, {"type": "Feature", "properties": {"year": 2035, "class_id": 4, "class_label": "incierto"}, "geometry": {"type": "Polygon", "coordinates": [[[688880.0, 1623340.0], [688880.0, 1623320.0], [688900.0, 1623320.0], [688900.0, 1623340.0], [688880.0, 1623340.0]]]}}, {"type": "Feature", "properties": {"year": 2035, "class_id": 4, "class_label": "incierto"}, "geometry": {"type": "Polygon", "coordinates": [[[688940.0, 1623320.0], [688940.0, 1623300.0], [688960.0, 1623300.0], [688960.0, 1623320.0], [688940.0, 1623320.0]]]}}, {"type": "Feature", "properties": {"year": 2035, "class_id": 2, "class_label": "expuesto_cierto_ambos"}, "geometry": {"type": "Polygon", "coordinates": [[[696840.0, 1623320.0], [696840.0, 1623300.0], [696860.0, 1623300.0], [696860.0, 1623320.0], [696840.0, 1623320.0]]]}}, {"type": "Feature", "properties": {"year": 2035, "class_id": 2, "class_label": "expuesto_cierto_ambos"}, "geometry": {"type": "Polygon", "coordinates": [[[702700.0, 1623320.0], [702700.0, 1623300.0], [702720.0, 1623300.0], [702720.0, 1623320.0], [702700.0, 1623320.0]]]}}, {"type": "Feature", "properties": {"year": 2035, "class_id": 4, "class_label": "incierto"}, "geometry": {"type": "Polygon", "coordinates": [[[688980.0, 1623300.0], [688980.0, 1623280.0], [689000.0, 1623280.0], [689000.0, 1623300.0], [688980.0, 1623300.0]]]}}, {"type": "Feature", "properties": {"year": 2035, "class_id": 4, "class_label": "incierto"}, "geometry": {"type": "Polygon", "coordinates": [[[689000.0, 1623280.0], [689000.0, 1623260.0], [689020.0, 1623260.0], [689020.0, 1623280.0], [689000.0, 1623280.0]]]}}, {"type": "Feature", "properties": {"year": 2035, "class_id": 2, "class_label": "expuesto_cierto_ambos"}, "geometry": {"type": "Polygon", "coordinates": [[[702720.0, 1623280.0], [702720.0, 1623260.0], [702740.0, 1623260.0], [702740.0, 1623280.0], [702720.0, 1623280.0]]]}}, {"type": "Feature", "properties": {"year": 2035, "class_id": 4, "class_label": "incierto"}, "geometry": {"type": "Polygon", "coordinates": [[[689040.0, 1623260.0], [689040.0, 1623240.0], [689060.0, 1623240.0], [689060.0, 1623260.0], [689040.0, 1623260.0]]]}}, {"type": "Feature", "properties": {"year": 2035, "class_id": 2, "class_label": "expuesto_cierto_ambos"}, "geometry": {"type": "Polygon", "coordinates": [[[696980.0, 1623260.0], [696980.0, 1623240.0], [697000.0, 1623240.0], [697000.0, 1623260.0], [696980.0, 1623260.0]]]}}, {"type": "Feature", "properties": {"year": 2035, "class_id": 4, "class_label": "incierto"}, "geometry": {"type": "Polygon", "coordinates": [[[689020.0, 1623240.0], [689020.0, 1623220.0], [689040.0, 1623220.0], [689040.0, 1623240.0], [689020.0, 1623240.0]]]}}, {"type": "Feature", "properties": {"year": 2035, "class_id": 2, "class_label": "expuesto_cierto_ambos"}, "geometry": {"type": "Polygon", "coordinates": [[[697560.0, 1623240.0], [697560.0, 1623220.0], [697580.0, 1623220.0], [697580.0, 1623240.0], [697560.0, 1623240.0]]]}}, {"type": "Feature", "properties": {"year": 2035, "class_id": 2, "class_label": "expuesto_cierto_ambos"}, "geometry": {"type": "Polygon", "coordinates": [[[702700.0, 1623240.0], [702700.0, 1623220.0], [702720.0, 1623220.0], [702720.0, 1623240.0], [702700.0, 1623240.0]]]}}, {"type": "Feature", "properties": {"year": 2035, "class_id": 2, "class_label": "expuesto_cierto_ambos"}, "geometry": {"type": "Polygon", "coordinates": [[[702740.0, 1623240.0], [702740.0, 1623220.0], [702760.0, 1623220.0], [702760.0, 1623200.0], [702780.0, 1623200.0], [702780.0, 1623240.0], [702740.0, 1623240.0]]]}}, {"type": "Feature", "properties": {"year": 2035, "class_id": 2, "class_label": "expuesto_cierto_ambos"}, "geometry": {"type": "Polygon", "coordinates": [[[697120.0, 1623220.0], [697120.0, 1623200.0], [697140.0, 1623200.0], [697140.0, 1623220.0], [697120.0, 1623220.0]]]}}, {"type": "Feature", "properties": {"year": 2035, "class_id": 4, "class_label": "incierto"}, "geometry": {"type": "Polygon", "coordinates": [[[689040.0, 1623200.0], [689040.0, 1623180.0], [689060.0, 1623180.0], [689060.0, 1623200.0], [689040.0, 1623200.0]]]}}, {"type": "Feature", "properties": {"year": 2035, "class_id": 2, "class_label": "expuesto_cierto_ambos"}, "geometry": {"type": "Polygon", "coordinates": [[[697020.0, 1623200.0], [697020.0, 1623180.0], [697040.0, 1623180.0], [697040.0, 1623200.0], [697020.0, 1623200.0]]]}}, {"type": "Feature", "properties": {"year": 2035, "class_id": 2, "class_label": "expuesto_cierto_ambos"}, "geometry": {"type": "Polygon", "coordinates": [[[702740.0, 1623200.0], [702740.0, 1623180.0], [702760.0, 1623180.0], [702760.0, 1623200.0], [702740.0, 1623200.0]]]}}, {"type": "Feature", "properties": {"year": 2035, "class_id": 2, "class_label": "expuesto_cierto_ambos"}, "geometry": {"type": "Polygon", "coordinates": [[[702800.0, 1623200.0], [702800.0, 1623180.0], [702840.0, 1623180.0], [702840.0, 1623200.0], [702800.0, 1623200.0]]]}}, {"type": "Feature", "properties": {"year": 2035, "class_id": 4, "class_label": "incierto"}, "geometry": {"type": "Polygon", "coordinates": [[[696820.0, 1623180.0], [696820.0, 1623160.0], [696840.0, 1623160.0], [696840.0, 1623180.0], [696820.0, 1623180.0]]]}}, {"type": "Feature", "properties": {"year": 2035, "class_id": 2, "class_label": "expuesto_cierto_ambos"}, "geometry": {"type": "Polygon", "coordinates": [[[697060.0, 1623180.0], [697060.0, 1623160.0], [697080.0, 1623160.0], [697080.0, 1623180.0], [697060.0, 1623180.0]]]}}, {"type": "Feature", "properties": {"year": 2035, "class_id": 2, "class_label": "expuesto_cierto_ambos"}, "geometry": {"type": "Polygon", "coordinates": [[[702860.0, 1623180.0], [702860.0, 1623160.0], [702880.0, 1623160.0], [702880.0, 1623180.0], [702860.0, 1623180.0]]]}}, {"type": "Feature", "properties": {"year": 2035, "class_id": 2, "class_label": "expuesto_cierto_ambos"}, "geometry": {"type": "Polygon", "coordinates": [[[696800.0, 1623180.0], [696800.0, 1623140.0], [696820.0, 1623140.0], [696820.0, 1623180.0], [696800.0, 1623180.0]]]}}, {"type": "Feature", "properties": {"year": 2035, "class_id": 4, "class_label": "incierto"}, "geometry": {"type": "Polygon", "coordinates": [[[689060.0, 1623160.0], [689060.0, 1623140.0], [689080.0, 1623140.0], [689080.0, 1623160.0], [689060.0, 1623160.0]]]}}, {"type": "Feature", "properties": {"year": 2035, "class_id": 2, "class_label": "expuesto_cierto_ambos"}, "geometry": {"type": "Polygon", "coordinates": [[[697620.0, 1623160.0], [697620.0, 1623140.0], [697640.0, 1623140.0], [697640.0, 1623160.0], [697620.0, 1623160.0]]]}}, {"type": "Feature", "properties": {"year": 2035, "class_id": 2, "class_label": "expuesto_cierto_ambos"}, "geometry": {"type": "Polygon", "coordinates": [[[695660.0, 1623140.0], [695660.0, 1623120.0], [695680.0, 1623120.0], [695680.0, 1623140.0], [695660.0, 1623140.0]]]}}, {"type": "Feature", "properties": {"year": 2035, "class_id": 2, "class_label": "expuesto_cierto_ambos"}, "geometry": {"type": "Polygon", "coordinates": [[[696200.0, 1623140.0], [696200.0, 1623120.0], [696220.0, 1623120.0], [696220.0, 1623140.0], [696200.0, 1623140.0]]]}}, {"type": "Feature", "properties": {"year": 2035, "class_id": 4, "class_label": "incierto"}, "geometry": {"type": "Polygon", "coordinates": [[[696800.0, 1623140.0], [696800.0, 1623120.0], [696820.0, 1623120.0], [696820.0, 1623140.0], [696800.0, 1623140.0]]]}}, {"type": "Feature", "properties": {"year": 2035, "class_id": 2, "class_label": "expuesto_cierto_ambos"}, "geometry": {"type": "Polygon", "coordinates": [[[702820.0, 1623140.0], [702820.0, 1623120.0], [702860.0, 1623120.0], [702860.0, 1623140.0], [702820.0, 1623140.0]]]}}, {"type": "Feature", "properties": {"year": 2035, "class_id": 2, "class_label": "expuesto_cierto_ambos"}, "geometry": {"type": "Polygon", "coordinates": [[[702880.0, 1623140.0], [702880.0, 1623120.0], [702900.0, 1623120.0], [702900.0, 1623140.0], [702880.0, 1623140.0]]]}}, {"type": "Feature", "properties": {"year": 2035, "class_id": 4, "class_label": "incierto"}, "geometry": {"type": "Polygon", "coordinates": [[[689080.0, 1623120.0], [689080.0, 1623100.0], [689100.0, 1623100.0], [689100.0, 1623120.0], [689080.0, 1623120.0]]]}}, {"type": "Feature", "properties": {"year": 2035, "class_id": 2, "class_label": "expuesto_cierto_ambos"}, "geometry": {"type": "Polygon", "coordinates": [[[696780.0, 1623140.0], [696780.0, 1623120.0], [696740.0, 1623120.0], [696740.0, 1623100.0], [696800.0, 1623100.0], [696800.0, 1623140.0], [696780.0, 1623140.0]]]}}, {"type": "Feature", "properties": {"year": 2035, "class_id": 2, "class_label": "expuesto_cierto_ambos"}, "geometry": {"type": "Polygon", "coordinates": [[[697620.0, 1623120.0], [697620.0, 1623100.0], [697640.0, 1623100.0], [697640.0, 1623120.0], [697620.0, 1623120.0]]]}}, {"type": "Feature", "properties": {"year": 2035, "class_id": 4, "class_label": "incierto"}, "geometry": {"type": "Polygon", "coordinates": [[[689100.0, 1623100.0], [689100.0, 1623080.0], [689120.0, 1623080.0], [689120.0, 1623100.0], [689100.0, 1623100.0]]]}}, {"type": "Feature", "properties": {"year": 2035, "class_id": 4, "class_label": "incierto"}, "geometry": {"type": "Polygon", "coordinates": [[[689120.0, 1623080.0], [689120.0, 1623060.0], [689140.0, 1623060.0], [689140.0, 1623080.0], [689120.0, 1623080.0]]]}}, {"type": "Feature", "properties": {"year": 2035, "class_id": 2, "class_label": "expuesto_cierto_ambos"}, "geometry": {"type": "Polygon", "coordinates": [[[695400.0, 1623080.0], [695400.0, 1623060.0], [695420.0, 1623060.0], [695420.0, 1623080.0], [695400.0, 1623080.0]]]}}, {"type": "Feature", "properties": {"year": 2035, "class_id": 2, "class_label": "expuesto_cierto_ambos"}, "geometry": {"type": "Polygon", "coordinates": [[[696540.0, 1623080.0], [696540.0, 1623060.0], [696560.0, 1623060.0], [696560.0, 1623080.0], [696540.0, 1623080.0]]]}}, {"type": "Feature", "properties": {"year": 2035, "class_id": 2, "class_label": "expuesto_cierto_ambos"}, "geometry": {"type": "Polygon", "coordinates": [[[697620.0, 1623080.0], [697620.0, 1623060.0], [697640.0, 1623060.0], [697640.0, 1623080.0], [697620.0, 1623080.0]]]}}, {"type": "Feature", "properties": {"year": 2035, "class_id": 2, "class_label": "expuesto_cierto_ambos"}, "geometry": {"type": "Polygon", "coordinates": [[[695360.0, 1623060.0], [695360.0, 1623040.0], [695380.0, 1623040.0], [695380.0, 1623060.0], [695360.0, 1623060.0]]]}}, {"type": "Feature", "properties": {"year": 2035, "class_id": 4, "class_label": "incierto"}, "geometry": {"type": "Polygon", "coordinates": [[[689160.0, 1623040.0], [689160.0, 1623020.0], [689180.0, 1623020.0], [689180.0, 1623040.0], [689160.0, 1623040.0]]]}}, {"type": "Feature", "properties": {"year": 2035, "class_id": 2, "class_label": "expuesto_cierto_ambos"}, "geometry": {"type": "Polygon", "coordinates": [[[695300.0, 1623040.0], [695300.0, 1623020.0], [695320.0, 1623020.0], [695320.0, 1623040.0], [695300.0, 1623040.0]]]}}, {"type": "Feature", "properties": {"year": 2035, "class_id": 2, "class_label": "expuesto_cierto_ambos"}, "geometry": {"type": "Polygon", "coordinates": [[[702860.0, 1623120.0], [702860.0, 1623080.0], [702840.0, 1623080.0], [702840.0, 1623040.0], [702860.0, 1623040.0], [702860.0, 1623000.0], [702880.0, 1623000.0], [702880.0, 1623060.0], [702900.0, 1623060.0], [702900.0, 1623080.0], [702880.0, 1623080.0], [702880.0, 1623120.0], [702860.0, 1623120.0]]]}}, {"type": "Feature", "properties": {"year": 2035, "class_id": 4, "class_label": "incierto"}, "geometry": {"type": "Polygon", "coordinates": [[[702880.0, 1623060.0], [702880.0, 1623000.0], [702900.0, 1623000.0], [702900.0, 1623060.0], [702880.0, 1623060.0]]]}}, {"type": "Feature", "properties": {"year": 2035, "class_id": 2, "class_label": "expuesto_cierto_ambos"}, "geometry": {"type": "Polygon", "coordinates": [[[696020.0, 1623000.0], [696020.0, 1622980.0], [696040.0, 1622980.0], [696040.0, 1623000.0], [696020.0, 1623000.0]]]}}, {"type": "Feature", "properties": {"year": 2035, "class_id": 2, "class_label": "expuesto_cierto_ambos"}, "geometry": {"type": "Polygon", "coordinates": [[[702780.0, 1623000.0], [702780.0, 1622980.0], [702800.0, 1622980.0], [702800.0, 1623000.0], [702780.0, 1623000.0]]]}}, {"type": "Feature", "properties": {"year": 2035, "class_id": 2, "class_label": "expuesto_cierto_ambos"}, "geometry": {"type": "Polygon", "coordinates": [[[694580.0, 1622980.0], [694580.0, 1622960.0], [694600.0, 1622960.0], [694600.0, 1622980.0], [694580.0, 1622980.0]]]}}, {"type": "Feature", "properties": {"year": 2035, "class_id": 2, "class_label": "expuesto_cierto_ambos"}, "geometry": {"type": "Polygon", "coordinates": [[[695860.0, 1622980.0], [695860.0, 1622960.0], [695880.0, 1622960.0], [695880.0, 1622980.0], [695860.0, 1622980.0]]]}}, {"type": "Feature", "properties": {"year": 2035, "class_id": 4, "class_label": "incierto"}, "geometry": {"type": "Polygon", "coordinates": [[[689220.0, 1622960.0], [689220.0, 1622940.0], [689240.0, 1622940.0], [689240.0, 1622960.0], [689220.0, 1622960.0]]]}}, {"type": "Feature", "properties": {"year": 2035, "class_id": 4, "class_label": "incierto"}, "geometry": {"type": "Polygon", "coordinates": [[[695860.0, 1622960.0], [695860.0, 1622940.0], [695880.0, 1622940.0], [695880.0, 1622960.0], [695860.0, 1622960.0]]]}}, {"type": "Feature", "properties": {"year": 2035, "class_id": 2, "class_label": "expuesto_cierto_ambos"}, "geometry": {"type": "Polygon", "coordinates": [[[696060.0, 1623000.0], [696060.0, 1622960.0], [696080.0, 1622960.0], [696080.0, 1622920.0], [696100.0, 1622920.0], [696100.0, 1622980.0], [696080.0, 1622980.0], [696080.0, 1623000.0], [696060.0, 1623000.0]]]}}, {"type": "Feature", "properties": {"year": 2035, "class_id": 4, "class_label": "incierto"}, "geometry": {"type": "Polygon", "coordinates": [[[689280.0, 1622940.0], [689280.0, 1622920.0], [689300.0, 1622920.0], [689300.0, 1622940.0], [689280.0, 1622940.0]]]}}, {"type": "Feature", "properties": {"year": 2035, "class_id": 2, "class_label": "expuesto_cierto_ambos"}, "geometry": {"type": "Polygon", "coordinates": [[[694780.0, 1622940.0], [694780.0, 1622920.0], [694820.0, 1622920.0], [694820.0, 1622940.0], [694780.0, 1622940.0]]]}}, {"type": "Feature", "properties": {"year": 2035, "class_id": 2, "class_label": "expuesto_cierto_ambos"}, "geometry": {"type": "Polygon", "coordinates": [[[695160.0, 1622940.0], [695160.0, 1622920.0], [695180.0, 1622920.0], [695180.0, 1622940.0], [695160.0, 1622940.0]]]}}, {"type": "Feature", "properties": {"year": 2035, "class_id": 2, "class_label": "expuesto_cierto_ambos"}, "geometry": {"type": "Polygon", "coordinates": [[[695840.0, 1622960.0], [695840.0, 1622940.0], [695820.0, 1622940.0], [695820.0, 1622920.0], [695860.0, 1622920.0], [695860.0, 1622960.0], [695840.0, 1622960.0]]]}}, {"type": "Feature", "properties": {"year": 2035, "class_id": 2, "class_label": "expuesto_cierto_ambos"}, "geometry": {"type": "Polygon", "coordinates": [[[702760.0, 1622940.0], [702760.0, 1622920.0], [702780.0, 1622920.0], [702780.0, 1622940.0], [702760.0, 1622940.0]]]}}, {"type": "Feature", "properties": {"year": 2035, "class_id": 2, "class_label": "expuesto_cierto_ambos"}, "geometry": {"type": "Polygon", "coordinates": [[[688900.0, 1623380.0], [688900.0, 1623360.0], [688860.0, 1623360.0], [688860.0, 1623340.0], [688900.0, 1623340.0], [688900.0, 1623320.0], [688960.0, 1623320.0], [688960.0, 1623300.0], [689000.0, 1623300.0], [689000.0, 1623280.0], [689020.0, 1623280.0], [689020.0, 1623240.0], [689040.0, 1623240.0], [689040.0, 1623200.0], [689060.0, 1623200.0], [689060.0, 1623160.0], [689080.0, 1623160.0], [689080.0, 1623120.0], [689100.0, 1623120.0], [689100.0, 1623100.0], [689120.0, 1623100.0], [689120.0, 1623080.0], [689140.0, 1623080.0], [689140.0, 1623040.0], [689180.0, 1623040.0], [689180.0, 1623000.0], [689200.0, 1623000.0], [689200.0, 1622980.0], [689220.0, 1622980.0], [689220.0, 1622960.0], [689240.0, 1622960.0], [689240.0, 1622940.0], [689300.0, 1622940.0], [689300.0, 1622920.0], [689320.0, 1622920.0], [689320.0, 1622900.0], [689340.0, 1622900.0], [689340.0, 1622920.0], [689360.0, 1622920.0], [689360.0, 1622940.0], [689340.0, 1622940.0], [689340.0, 1622960.0], [689320.0, 1622960.0], [689320.0, 1622980.0], [689280.0, 1622980.0], [689280.0, 1623000.0], [689240.0, 1623000.0], [689240.0, 1623020.0], [689220.0, 1623020.0], [689220.0, 1623040.0], [689200.0, 1623040.0], [689200.0, 1623060.0], [689180.0, 1623060.0], [689180.0, 1623080.0], [689160.0, 1623080.0], [689160.0, 1623120.0], [689140.0, 1623120.0], [689140.0, 1623140.0], [689120.0, 1623140.0], [689120.0, 1623180.0], [689100.0, 1623180.0], [689100.0, 1623220.0], [689080.0, 1623220.0], [689080.0, 1623280.0], [689060.0, 1623280.0], [689060.0, 1623300.0], [689040.0, 1623300.0], [689040.0, 1623320.0], [689020.0, 1623320.0], [689020.0, 1623340.0], [689000.0, 1623340.0], [689000.0, 1623360.0], [688960.0, 1623360.0], [688960.0, 1623380.0], [688900.0, 1623380.0]], [[689040.0, 1623260.0], [689060.0, 1623260.0], [689060.0, 1623240.0], [689040.0, 1623240.0], [689040.0, 1623260.0]]]}}, {"type": "Feature", "properties": {"year": 2035, "class_id": 2, "class_label": "expuesto_cierto_ambos"}, "geometry": {"type": "Polygon", "coordinates": [[[694240.0, 1622920.0], [694240.0, 1622900.0], [694280.0, 1622900.0], [694280.0, 1622920.0], [694240.0, 1622920.0]]]}}, {"type": "Feature", "properties": {"year": 2035, "class_id": 2, "class_label": "expuesto_cierto_ambos"}, "geometry": {"type": "Polygon", "coordinates": [[[694500.0, 1622920.0], [694500.0, 1622900.0], [694540.0, 1622900.0], [694540.0, 1622920.0], [694500.0, 1622920.0]]]}}, {"type": "Feature", "properties": {"year": 2035, "class_id": 2, "class_label": "expuesto_cierto_ambos"}, "geometry": {"type": "Polygon", "coordinates": [[[694740.0, 1622920.0], [694740.0, 1622900.0], [694760.0, 1622900.0], [694760.0, 1622920.0], [694740.0, 1622920.0]]]}}, {"type": "Feature", "properties": {"year": 2035, "class_id": 4, "class_label": "incierto"}, "geometry": {"type": "Polygon", "coordinates": [[[696440.0, 1622920.0], [696440.0, 1622900.0], [696480.0, 1622900.0], [696480.0, 1622920.0], [696440.0, 1622920.0]]]}}, {"type": "Feature", "properties": {"year": 2035, "class_id": 2, "class_label": "expuesto_cierto_ambos"}, "geometry": {"type": "Polygon", "coordinates": [[[702740.0, 1622920.0], [702740.0, 1622900.0], [702760.0, 1622900.0], [702760.0, 1622920.0], [702740.0, 1622920.0]]]}}, {"type": "Feature", "properties": {"year": 2035, "class_id": 2, "class_label": "expuesto_cierto_ambos"}, "geometry": {"type": "Polygon", "coordinates": [[[696460.0, 1623000.0], [696460.0, 1622960.0], [696440.0, 1622960.0], [696440.0, 1622940.0], [696420.0, 1622940.0], [696420.0, 1622880.0], [696460.0, 1622880.0], [696460.0, 1622900.0], [696440.0, 1622900.0], [696440.0, 1622920.0], [696480.0, 1622920.0], [696480.0, 1623000.0], [696460.0, 1623000.0]]]}}, {"type": "Feature", "properties": {"year": 2035, "class_id": 2, "class_label": "expuesto_cierto_ambos"}, "geometry": {"type": "Polygon", "coordinates": [[[694420.0, 1622900.0], [694420.0, 1622880.0], [694460.0, 1622880.0], [694460.0, 1622900.0], [694420.0, 1622900.0]]]}}, {"type": "Feature", "properties": {"year": 2035, "class_id": 2, "class_label": "expuesto_cierto_ambos"}, "geometry": {"type": "Polygon", "coordinates": [[[689340.0, 1622880.0], [689340.0, 1622860.0], [689360.0, 1622860.0], [689360.0, 1622880.0], [689340.0, 1622880.0]]]}}, {"type": "Feature", "properties": {"year": 2035, "class_id": 2, "class_label": "expuesto_cierto_ambos"}, "geometry": {"type": "Polygon", "coordinates": [[[697720.0, 1622880.0], [697720.0, 1622860.0], [697740.0, 1622860.0], [697740.0, 1622880.0], [697720.0, 1622880.0]]]}}, {"type": "Feature", "properties": {"year": 2035, "class_id": 2, "class_label": "expuesto_cierto_ambos"}, "geometry": {"type": "Polygon", "coordinates": [[[702720.0, 1622900.0], [702720.0, 1622880.0], [702700.0, 1622880.0], [702700.0, 1622840.0], [702740.0, 1622840.0], [702740.0, 1622900.0], [702720.0, 1622900.0]]]}}, {"type": "Feature", "properties": {"year": 2035, "class_id": 2, "class_label": "expuesto_cierto_ambos"}, "geometry": {"type": "Polygon", "coordinates": [[[694480.0, 1622860.0], [694480.0, 1622840.0], [694520.0, 1622840.0], [694520.0, 1622860.0], [694480.0, 1622860.0]]]}}, {"type": "Feature", "properties": {"year": 2035, "class_id": 2, "class_label": "expuesto_cierto_ambos"}, "geometry": {"type": "Polygon", "coordinates": [[[689380.0, 1622860.0], [689380.0, 1622800.0], [689440.0, 1622800.0], [689440.0, 1622840.0], [689400.0, 1622840.0], [689400.0, 1622860.0], [689380.0, 1622860.0]]]}}, {"type": "Feature", "properties": {"year": 2035, "class_id": 2, "class_label": "expuesto_cierto_ambos"}, "geometry": {"type": "Polygon", "coordinates": [[[702700.0, 1622820.0], [702700.0, 1622800.0], [702740.0, 1622800.0], [702740.0, 1622820.0], [702700.0, 1622820.0]]]}}, {"type": "Feature", "properties": {"year": 2035, "class_id": 2, "class_label": "expuesto_cierto_ambos"}, "geometry": {"type": "Polygon", "coordinates": [[[702680.0, 1622800.0], [702680.0, 1622780.0], [702700.0, 1622780.0], [702700.0, 1622800.0], [702680.0, 1622800.0]]]}}, {"type": "Feature", "properties": {"year": 2035, "class_id": 2, "class_label": "expuesto_cierto_ambos"}, "geometry": {"type": "Polygon", "coordinates": [[[697720.0, 1622780.0], [697720.0, 1622760.0], [697740.0, 1622760.0], [697740.0, 1622780.0], [697720.0, 1622780.0]]]}}, {"type": "Feature", "properties": {"year": 2035, "class_id": 2, "class_label": "expuesto_cierto_ambos"}, "geometry": {"type": "Polygon", "coordinates": [[[702660.0, 1622740.0], [702660.0, 1622720.0], [702720.0, 1622720.0], [702720.0, 1622740.0], [702660.0, 1622740.0]]]}}, {"type": "Feature", "properties": {"year": 2035, "class_id": 2, "class_label": "expuesto_cierto_ambos"}, "geometry": {"type": "Polygon", "coordinates": [[[694060.0, 1622700.0], [694060.0, 1622680.0], [694080.0, 1622680.0], [694080.0, 1622700.0], [694060.0, 1622700.0]]]}}, {"type": "Feature", "properties": {"year": 2035, "class_id": 2, "class_label": "expuesto_cierto_ambos"}, "geometry": {"type": "Polygon", "coordinates": [[[697640.0, 1622700.0], [697640.0, 1622680.0], [697660.0, 1622680.0], [697660.0, 1622700.0], [697640.0, 1622700.0]]]}}, {"type": "Feature", "properties": {"year": 2035, "class_id": 2, "class_label": "expuesto_cierto_ambos"}, "geometry": {"type": "Polygon", "coordinates": [[[702720.0, 1622700.0], [702720.0, 1622680.0], [702740.0, 1622680.0], [702740.0, 1622700.0], [702720.0, 1622700.0]]]}}, {"type": "Feature", "properties": {"year": 2035, "class_id": 4, "class_label": "incierto"}, "geometry": {"type": "Polygon", "coordinates": [[[702740.0, 1622700.0], [702740.0, 1622680.0], [702760.0, 1622680.0], [702760.0, 1622700.0], [702740.0, 1622700.0]]]}}, {"type": "Feature", "properties": {"year": 2035, "class_id": 2, "class_label": "expuesto_cierto_ambos"}, "geometry": {"type": "Polygon", "coordinates": [[[689360.0, 1622740.0], [689360.0, 1622660.0], [689380.0, 1622660.0], [689380.0, 1622640.0], [689400.0, 1622640.0], [689400.0, 1622660.0], [689420.0, 1622660.0], [689420.0, 1622720.0], [689400.0, 1622720.0], [689400.0, 1622740.0], [689360.0, 1622740.0]]]}}, {"type": "Feature", "properties": {"year": 2035, "class_id": 4, "class_label": "incierto"}, "geometry": {"type": "Polygon", "coordinates": [[[702760.0, 1622660.0], [702760.0, 1622640.0], [702780.0, 1622640.0], [702780.0, 1622660.0], [702760.0, 1622660.0]]]}}, {"type": "Feature", "properties": {"year": 2035, "class_id": 2, "class_label": "expuesto_cierto_ambos"}, "geometry": {"type": "Polygon", "coordinates": [[[702740.0, 1622680.0], [702740.0, 1622620.0], [702760.0, 1622620.0], [702760.0, 1622600.0], [702780.0, 1622600.0], [702780.0, 1622640.0], [702760.0, 1622640.0], [702760.0, 1622680.0], [702740.0, 1622680.0]]]}}, {"type": "Feature", "properties": {"year": 2035, "class_id": 4, "class_label": "incierto"}, "geometry": {"type": "Polygon", "coordinates": [[[702780.0, 1622640.0], [702780.0, 1622600.0], [702800.0, 1622600.0], [702800.0, 1622640.0], [702780.0, 1622640.0]]]}}, {"type": "Feature", "properties": {"year": 2035, "class_id": 2, "class_label": "expuesto_cierto_ambos"}, "geometry": {"type": "Polygon", "coordinates": [[[693900.0, 1622620.0], [693900.0, 1622600.0], [693920.0, 1622600.0], [693920.0, 1622620.0], [693900.0, 1622620.0]]]}}, {"type": "Feature", "properties": {"year": 2035, "class_id": 2, "class_label": "expuesto_cierto_ambos"}, "geometry": {"type": "Polygon", "coordinates": [[[702720.0, 1622620.0], [702720.0, 1622600.0], [702740.0, 1622600.0], [702740.0, 1622620.0], [702720.0, 1622620.0]]]}}, {"type": "Feature", "properties": {"year": 2035, "class_id": 4, "class_label": "incierto"}, "geometry": {"type": "Polygon", "coordinates": [[[702740.0, 1622620.0], [702740.0, 1622600.0], [702760.0, 1622600.0], [702760.0, 1622620.0], [702740.0, 1622620.0]]]}}, {"type": "Feature", "properties": {"year": 2035, "class_id": 2, "class_label": "expuesto_cierto_ambos"}, "geometry": {"type": "Polygon", "coordinates": [[[697200.0, 1622600.0], [697200.0, 1622580.0], [697220.0, 1622580.0], [697220.0, 1622600.0], [697200.0, 1622600.0]]]}}, {"type": "Feature", "properties": {"year": 2035, "class_id": 2, "class_label": "expuesto_cierto_ambos"}, "geometry": {"type": "Polygon", "coordinates": [[[702740.0, 1622600.0], [702740.0, 1622580.0], [702760.0, 1622580.0], [702760.0, 1622600.0], [702740.0, 1622600.0]]]}}, {"type": "Feature", "properties": {"year": 2035, "class_id": 2, "class_label": "expuesto_cierto_ambos"}, "geometry": {"type": "Polygon", "coordinates": [[[702780.0, 1622600.0], [702780.0, 1622580.0], [702800.0, 1622580.0], [702800.0, 1622600.0], [702780.0, 1622600.0]]]}}, {"type": "Feature", "properties": {"year": 2035, "class_id": 2, "class_label": "expuesto_cierto_ambos"}, "geometry": {"type": "Polygon", "coordinates": [[[689340.0, 1622600.0], [689340.0, 1622560.0], [689360.0, 1622560.0], [689360.0, 1622600.0], [689340.0, 1622600.0]]]}}, {"type": "Feature", "properties": {"year": 2035, "class_id": 4, "class_label": "incierto"}, "geometry": {"type": "Polygon", "coordinates": [[[689340.0, 1622560.0], [689340.0, 1622540.0], [689360.0, 1622540.0], [689360.0, 1622560.0], [689340.0, 1622560.0]]]}}, {"type": "Feature", "properties": {"year": 2035, "class_id": 2, "class_label": "expuesto_cierto_ambos"}, "geometry": {"type": "Polygon", "coordinates": [[[693900.0, 1622560.0], [693900.0, 1622540.0], [693920.0, 1622540.0], [693920.0, 1622560.0], [693900.0, 1622560.0]]]}}, {"type": "Feature", "properties": {"year": 2035, "class_id": 4, "class_label": "incierto"}, "geometry": {"type": "Polygon", "coordinates": [[[702820.0, 1622560.0], [702820.0, 1622520.0], [702840.0, 1622520.0], [702840.0, 1622560.0], [702820.0, 1622560.0]]]}}, {"type": "Feature", "properties": {"year": 2035, "class_id": 4, "class_label": "incierto"}, "geometry": {"type": "Polygon", "coordinates": [[[689360.0, 1622520.0], [689360.0, 1622500.0], [689380.0, 1622500.0], [689380.0, 1622520.0], [689360.0, 1622520.0]]]}}, {"type": "Feature", "properties": {"year": 2035, "class_id": 2, "class_label": "expuesto_cierto_ambos"}, "geometry": {"type": "Polygon", "coordinates": [[[702760.0, 1622560.0], [702760.0, 1622540.0], [702800.0, 1622540.0], [702800.0, 1622520.0], [702780.0, 1622520.0], [702780.0, 1622500.0], [702800.0, 1622500.0], [702800.0, 1622480.0], [702840.0, 1622480.0], [702840.0, 1622520.0], [702820.0, 1622520.0], [702820.0, 1622560.0], [702760.0, 1622560.0]]]}}, {"type": "Feature", "properties": {"year": 2035, "class_id": 2, "class_label": "expuesto_cierto_ambos"}, "geometry": {"type": "Polygon", "coordinates": [[[697640.0, 1622500.0], [697640.0, 1622480.0], [697660.0, 1622480.0], [697660.0, 1622500.0], [697640.0, 1622500.0]]]}}, {"type": "Feature", "properties": {"year": 2035, "class_id": 2, "class_label": "expuesto_cierto_ambos"}, "geometry": {"type": "Polygon", "coordinates": [[[702760.0, 1622480.0], [702760.0, 1622460.0], [702780.0, 1622460.0], [702780.0, 1622480.0], [702760.0, 1622480.0]]]}}, {"type": "Feature", "properties": {"year": 2035, "class_id": 2, "class_label": "expuesto_cierto_ambos"}, "geometry": {"type": "Polygon", "coordinates": [[[702780.0, 1622460.0], [702780.0, 1622440.0], [702800.0, 1622440.0], [702800.0, 1622460.0], [702780.0, 1622460.0]]]}}, {"type": "Feature", "properties": {"year": 2035, "class_id": 4, "class_label": "incierto"}, "geometry": {"type": "Polygon", "coordinates": [[[689400.0, 1622440.0], [689400.0, 1622420.0], [689420.0, 1622420.0], [689420.0, 1622440.0], [689400.0, 1622440.0]]]}}, {"type": "Feature", "properties": {"year": 2035, "class_id": 2, "class_label": "expuesto_cierto_ambos"}, "geometry": {"type": "Polygon", "coordinates": [[[693960.0, 1622440.0], [693960.0, 1622400.0], [693980.0, 1622400.0], [693980.0, 1622440.0], [693960.0, 1622440.0]]]}}, {"type": "Feature", "properties": {"year": 2035, "class_id": 4, "class_label": "incierto"}, "geometry": {"type": "Polygon", "coordinates": [[[689420.0, 1622400.0], [689420.0, 1622380.0], [689440.0, 1622380.0], [689440.0, 1622400.0], [689420.0, 1622400.0]]]}}, {"type": "Feature", "properties": {"year": 2035, "class_id": 2, "class_label": "expuesto_cierto_ambos"}, "geometry": {"type": "Polygon", "coordinates": [[[693940.0, 1622400.0], [693940.0, 1622380.0], [693960.0, 1622380.0], [693960.0, 1622400.0], [693940.0, 1622400.0]]]}}, {"type": "Feature", "properties": {"year": 2035, "class_id": 2, "class_label": "expuesto_cierto_ambos"}, "geometry": {"type": "Polygon", "coordinates": [[[697740.0, 1622400.0], [697740.0, 1622380.0], [697760.0, 1622380.0], [697760.0, 1622400.0], [697740.0, 1622400.0]]]}}, {"type": "Feature", "properties": {"year": 2035, "class_id": 2, "class_label": "expuesto_cierto_ambos"}, "geometry": {"type": "Polygon", "coordinates": [[[693920.0, 1622380.0], [693920.0, 1622360.0], [693940.0, 1622360.0], [693940.0, 1622380.0], [693920.0, 1622380.0]]]}}, {"type": "Feature", "properties": {"year": 2035, "class_id": 4, "class_label": "incierto"}, "geometry": {"type": "Polygon", "coordinates": [[[693940.0, 1622380.0], [693940.0, 1622360.0], [693960.0, 1622360.0], [693960.0, 1622380.0], [693940.0, 1622380.0]]]}}, {"type": "Feature", "properties": {"year": 2035, "class_id": 4, "class_label": "incierto"}, "geometry": {"type": "Polygon", "coordinates": [[[689440.0, 1622360.0], [689440.0, 1622340.0], [689460.0, 1622340.0], [689460.0, 1622360.0], [689440.0, 1622360.0]]]}}, {"type": "Feature", "properties": {"year": 2035, "class_id": 2, "class_label": "expuesto_cierto_ambos"}, "geometry": {"type": "Polygon", "coordinates": [[[692860.0, 1622340.0], [692860.0, 1622320.0], [692880.0, 1622320.0], [692880.0, 1622340.0], [692860.0, 1622340.0]]]}}, {"type": "Feature", "properties": {"year": 2035, "class_id": 2, "class_label": "expuesto_cierto_ambos"}, "geometry": {"type": "Polygon", "coordinates": [[[697760.0, 1622340.0], [697760.0, 1622320.0], [697780.0, 1622320.0], [697780.0, 1622340.0], [697760.0, 1622340.0]]]}}, {"type": "Feature", "properties": {"year": 2035, "class_id": 4, "class_label": "incierto"}, "geometry": {"type": "Polygon", "coordinates": [[[689460.0, 1622340.0], [689460.0, 1622320.0], [689480.0, 1622320.0], [689480.0, 1622300.0], [689500.0, 1622300.0], [689500.0, 1622340.0], [689460.0, 1622340.0]]]}}, {"type": "Feature", "properties": {"year": 2035, "class_id": 2, "class_label": "expuesto_cierto_ambos"}, "geometry": {"type": "Polygon", "coordinates": [[[692760.0, 1622320.0], [692760.0, 1622300.0], [692780.0, 1622300.0], [692780.0, 1622320.0], [692760.0, 1622320.0]]]}}, {"type": "Feature", "properties": {"year": 2035, "class_id": 2, "class_label": "expuesto_cierto_ambos"}, "geometry": {"type": "Polygon", "coordinates": [[[698020.0, 1622320.0], [698020.0, 1622300.0], [698040.0, 1622300.0], [698040.0, 1622320.0], [698020.0, 1622320.0]]]}}, {"type": "Feature", "properties": {"year": 2035, "class_id": 2, "class_label": "expuesto_cierto_ambos"}, "geometry": {"type": "Polygon", "coordinates": [[[689360.0, 1622560.0], [689360.0, 1622520.0], [689380.0, 1622520.0], [689380.0, 1622460.0], [689400.0, 1622460.0], [689400.0, 1622440.0], [689420.0, 1622440.0], [689420.0, 1622400.0], [689440.0, 1622400.0], [689440.0, 1622360.0], [689460.0, 1622360.0], [689460.0, 1622340.0], [689500.0, 1622340.0], [689500.0, 1622260.0], [689520.0, 1622260.0], [689520.0, 1622280.0], [689540.0, 1622280.0], [689540.0, 1622340.0], [689520.0, 1622340.0], [689520.0, 1622360.0], [689500.0, 1622360.0], [689500.0, 1622380.0], [689480.0, 1622380.0], [689480.0, 1622420.0], [689460.0, 1622420.0], [689460.0, 1622460.0], [689440.0, 1622460.0], [689440.0, 1622500.0], [689420.0, 1622500.0], [689420.0, 1622520.0], [689400.0, 1622520.0], [689400.0, 1622540.0], [689380.0, 1622540.0], [689380.0, 1622560.0], [689360.0, 1622560.0]]]}}, {"type": "Feature", "properties": {"year": 2035, "class_id": 2, "class_label": "expuesto_cierto_ambos"}, "geometry": {"type": "Polygon", "coordinates": [[[697960.0, 1622280.0], [697960.0, 1622260.0], [697980.0, 1622260.0], [697980.0, 1622280.0], [697960.0, 1622280.0]]]}}, {"type": "Feature", "properties": {"year": 2035, "class_id": 2, "class_label": "expuesto_cierto_ambos"}, "geometry": {"type": "Polygon", "coordinates": [[[699040.0, 1622300.0], [699040.0, 1622280.0], [699020.0, 1622280.0], [699020.0, 1622260.0], [699060.0, 1622260.0], [699060.0, 1622300.0], [699040.0, 1622300.0]]]}}, {"type": "Feature", "properties": {"year": 2035, "class_id": 2, "class_label": "expuesto_cierto_ambos"}, "geometry": {"type": "Polygon", "coordinates": [[[698840.0, 1622260.0], [698840.0, 1622240.0], [698860.0, 1622240.0], [698860.0, 1622260.0], [698840.0, 1622260.0]]]}}, {"type": "Feature", "properties": {"year": 2035, "class_id": 2, "class_label": "expuesto_cierto_ambos"}, "geometry": {"type": "Polygon", "coordinates": [[[702840.0, 1622300.0], [702840.0, 1622220.0], [702860.0, 1622220.0], [702860.0, 1622300.0], [702840.0, 1622300.0]]]}}, {"type": "Feature", "properties": {"year": 2035, "class_id": 2, "class_label": "expuesto_cierto_ambos"}, "geometry": {"type": "Polygon", "coordinates": [[[692620.0, 1622240.0], [692620.0, 1622220.0], [692640.0, 1622220.0], [692640.0, 1622240.0], [692620.0, 1622240.0]]]}}, {"type": "Feature", "properties": {"year": 2035, "class_id": 2, "class_label": "expuesto_cierto_ambos"}, "geometry": {"type": "Polygon", "coordinates": [[[693180.0, 1622240.0], [693180.0, 1622220.0], [693200.0, 1622220.0], [693200.0, 1622240.0], [693180.0, 1622240.0]]]}}, {"type": "Feature", "properties": {"year": 2035, "class_id": 2, "class_label": "expuesto_cierto_ambos"}, "geometry": {"type": "Polygon", "coordinates": [[[693900.0, 1622240.0], [693900.0, 1622220.0], [693920.0, 1622220.0], [693920.0, 1622240.0], [693900.0, 1622240.0]]]}}, {"type": "Feature", "properties": {"year": 2035, "class_id": 2, "class_label": "expuesto_cierto_ambos"}, "geometry": {"type": "Polygon", "coordinates": [[[698820.0, 1622240.0], [698820.0, 1622220.0], [698840.0, 1622220.0], [698840.0, 1622240.0], [698820.0, 1622240.0]]]}}, {"type": "Feature", "properties": {"year": 2035, "class_id": 2, "class_label": "expuesto_cierto_ambos"}, "geometry": {"type": "Polygon", "coordinates": [[[692580.0, 1622220.0], [692580.0, 1622200.0], [692600.0, 1622200.0], [692600.0, 1622220.0], [692580.0, 1622220.0]]]}}, {"type": "Feature", "properties": {"year": 2035, "class_id": 2, "class_label": "expuesto_cierto_ambos"}, "geometry": {"type": "Polygon", "coordinates": [[[693160.0, 1622220.0], [693160.0, 1622200.0], [693180.0, 1622200.0], [693180.0, 1622220.0], [693160.0, 1622220.0]]]}}, {"type": "Feature", "properties": {"year": 2035, "class_id": 2, "class_label": "expuesto_cierto_ambos"}, "geometry": {"type": "Polygon", "coordinates": [[[698740.0, 1622220.0], [698740.0, 1622200.0], [698760.0, 1622200.0], [698760.0, 1622220.0], [698740.0, 1622220.0]]]}}, {"type": "Feature", "properties": {"year": 2035, "class_id": 2, "class_label": "expuesto_cierto_ambos"}, "geometry": {"type": "Polygon", "coordinates": [[[699040.0, 1622220.0], [699040.0, 1622200.0], [699060.0, 1622200.0], [699060.0, 1622220.0], [699040.0, 1622220.0]]]}}, {"type": "Feature", "properties": {"year": 2035, "class_id": 2, "class_label": "expuesto_cierto_ambos"}, "geometry": {"type": "Polygon", "coordinates": [[[698720.0, 1622200.0], [698720.0, 1622180.0], [698740.0, 1622180.0], [698740.0, 1622200.0], [698720.0, 1622200.0]]]}}, {"type": "Feature", "properties": {"year": 2035, "class_id": 2, "class_label": "expuesto_cierto_ambos"}, "geometry": {"type": "Polygon", "coordinates": [[[702840.0, 1622200.0], [702840.0, 1622180.0], [702860.0, 1622180.0], [702860.0, 1622200.0], [702840.0, 1622200.0]]]}}, {"type": "Feature", "properties": {"year": 2035, "class_id": 2, "class_label": "expuesto_cierto_ambos"}, "geometry": {"type": "Polygon", "coordinates": [[[693920.0, 1622220.0], [693920.0, 1622160.0], [693940.0, 1622160.0], [693940.0, 1622220.0], [693920.0, 1622220.0]]]}}, {"type": "Feature", "properties": {"year": 2035, "class_id": 2, "class_label": "expuesto_cierto_ambos"}, "geometry": {"type": "Polygon", "coordinates": [[[693380.0, 1622180.0], [693380.0, 1622160.0], [693400.0, 1622160.0], [693400.0, 1622180.0], [693380.0, 1622180.0]]]}}, {"type": "Feature", "properties": {"year": 2035, "class_id": 4, "class_label": "incierto"}, "geometry": {"type": "Polygon", "coordinates": [[[693940.0, 1622180.0], [693940.0, 1622160.0], [693960.0, 1622160.0], [693960.0, 1622180.0], [693940.0, 1622180.0]]]}}, {"type": "Feature", "properties": {"year": 2035, "class_id": 2, "class_label": "expuesto_cierto_ambos"}, "geometry": {"type": "Polygon", "coordinates": [[[698160.0, 1622180.0], [698160.0, 1622160.0], [698180.0, 1622160.0], [698180.0, 1622180.0], [698160.0, 1622180.0]]]}}, {"type": "Feature", "properties": {"year": 2035, "class_id": 2, "class_label": "expuesto_cierto_ambos"}, "geometry": {"type": "Polygon", "coordinates": [[[698360.0, 1622180.0], [698360.0, 1622160.0], [698400.0, 1622160.0], [698400.0, 1622180.0], [698360.0, 1622180.0]]]}}, {"type": "Feature", "properties": {"year": 2035, "class_id": 2, "class_label": "expuesto_cierto_ambos"}, "geometry": {"type": "Polygon", "coordinates": [[[702820.0, 1622180.0], [702820.0, 1622160.0], [702840.0, 1622160.0], [702840.0, 1622180.0], [702820.0, 1622180.0]]]}}, {"type": "Feature", "properties": {"year": 2035, "class_id": 2, "class_label": "expuesto_cierto_ambos"}, "geometry": {"type": "Polygon", "coordinates": [[[692160.0, 1622160.0], [692160.0, 1622140.0], [692180.0, 1622140.0], [692180.0, 1622160.0], [692160.0, 1622160.0]]]}}, {"type": "Feature", "properties": {"year": 2035, "class_id": 2, "class_label": "expuesto_cierto_ambos"}, "geometry": {"type": "Polygon", "coordinates": [[[693420.0, 1622160.0], [693420.0, 1622140.0], [693440.0, 1622140.0], [693440.0, 1622160.0], [693420.0, 1622160.0]]]}}, {"type": "Feature", "properties": {"year": 2035, "class_id": 2, "class_label": "expuesto_cierto_ambos"}, "geometry": {"type": "Polygon", "coordinates": [[[693600.0, 1622160.0], [693600.0, 1622140.0], [693620.0, 1622140.0], [693620.0, 1622160.0], [693600.0, 1622160.0]]]}}, {"type": "Feature", "properties": {"year": 2035, "class_id": 2, "class_label": "expuesto_cierto_ambos"}, "geometry": {"type": "Polygon", "coordinates": [[[693700.0, 1622160.0], [693700.0, 1622140.0], [693720.0, 1622140.0], [693720.0, 1622160.0], [693700.0, 1622160.0]]]}}, {"type": "Feature", "properties": {"year": 2035, "class_id": 2, "class_label": "expuesto_cierto_ambos"}, "geometry": {"type": "Polygon", "coordinates": [[[693940.0, 1622160.0], [693940.0, 1622140.0], [693960.0, 1622140.0], [693960.0, 1622160.0], [693940.0, 1622160.0]]]}}, {"type": "Feature", "properties": {"year": 2035, "class_id": 4, "class_label": "incierto"}, "geometry": {"type": "Polygon", "coordinates": [[[693960.0, 1622160.0], [693960.0, 1622140.0], [694000.0, 1622140.0], [694000.0, 1622160.0], [693960.0, 1622160.0]]]}}, {"type": "Feature", "properties": {"year": 2035, "class_id": 2, "class_label": "expuesto_cierto_ambos"}, "geometry": {"type": "Polygon", "coordinates": [[[699040.0, 1622160.0], [699040.0, 1622140.0], [699060.0, 1622140.0], [699060.0, 1622160.0], [699040.0, 1622160.0]]]}}, {"type": "Feature", "properties": {"year": 2035, "class_id": 2, "class_label": "expuesto_cierto_ambos"}, "geometry": {"type": "Polygon", "coordinates": [[[689500.0, 1622240.0], [689500.0, 1622200.0], [689480.0, 1622200.0], [689480.0, 1622120.0], [689500.0, 1622120.0], [689500.0, 1622140.0], [689520.0, 1622140.0], [689520.0, 1622220.0], [689540.0, 1622220.0], [689540.0, 1622240.0], [689500.0, 1622240.0]]]}}, {"type": "Feature", "properties": {"year": 2035, "class_id": 2, "class_label": "expuesto_cierto_ambos"}, "geometry": {"type": "Polygon", "coordinates": [[[689520.0, 1622140.0], [689520.0, 1622120.0], [689540.0, 1622120.0], [689540.0, 1622140.0], [689520.0, 1622140.0]]]}}, {"type": "Feature", "properties": {"year": 2035, "class_id": 2, "class_label": "expuesto_cierto_ambos"}, "geometry": {"type": "Polygon", "coordinates": [[[692900.0, 1622140.0], [692900.0, 1622120.0], [692920.0, 1622120.0], [692920.0, 1622140.0], [692900.0, 1622140.0]]]}}, {"type": "Feature", "properties": {"year": 2035, "class_id": 2, "class_label": "expuesto_cierto_ambos"}, "geometry": {"type": "Polygon", "coordinates": [[[693460.0, 1622140.0], [693460.0, 1622120.0], [693580.0, 1622120.0], [693580.0, 1622140.0], [693460.0, 1622140.0]]]}}, {"type": "Feature", "properties": {"year": 2035, "class_id": 2, "class_label": "expuesto_cierto_ambos"}, "geometry": {"type": "Polygon", "coordinates": [[[693740.0, 1622140.0], [693740.0, 1622120.0], [693760.0, 1622120.0], [693760.0, 1622140.0], [693740.0, 1622140.0]]]}}, {"type": "Feature", "properties": {"year": 2035, "class_id": 2, "class_label": "expuesto_cierto_ambos"}, "geometry": {"type": "Polygon", "coordinates": [[[702820.0, 1622140.0], [702820.0, 1622120.0], [702840.0, 1622120.0], [702840.0, 1622140.0], [702820.0, 1622140.0]]]}}, {"type": "Feature", "properties": {"year": 2035, "class_id": 2, "class_label": "expuesto_cierto_ambos"}, "geometry": {"type": "Polygon", "coordinates": [[[689540.0, 1622120.0], [689540.0, 1622100.0], [689560.0, 1622100.0], [689560.0, 1622120.0], [689540.0, 1622120.0]]]}}, {"type": "Feature", "properties": {"year": 2035, "class_id": 4, "class_label": "incierto"}, "geometry": {"type": "Polygon", "coordinates": [[[693480.0, 1622120.0], [693480.0, 1622100.0], [693500.0, 1622100.0], [693500.0, 1622120.0], [693480.0, 1622120.0]]]}}, {"type": "Feature", "properties": {"year": 2035, "class_id": 4, "class_label": "incierto"}, "geometry": {"type": "Polygon", "coordinates": [[[698140.0, 1622120.0], [698140.0, 1622100.0], [698160.0, 1622100.0], [698160.0, 1622120.0], [698140.0, 1622120.0]]]}}, {"type": "Feature", "properties": {"year": 2035, "class_id": 2, "class_label": "expuesto_cierto_ambos"}, "geometry": {"type": "Polygon", "coordinates": [[[698160.0, 1622120.0], [698160.0, 1622100.0], [698200.0, 1622100.0], [698200.0, 1622120.0], [698160.0, 1622120.0]]]}}, {"type": "Feature", "properties": {"year": 2035, "class_id": 2, "class_label": "expuesto_cierto_ambos"}, "geometry": {"type": "Polygon", "coordinates": [[[689500.0, 1622100.0], [689500.0, 1622080.0], [689520.0, 1622080.0], [689520.0, 1622100.0], [689500.0, 1622100.0]]]}}, {"type": "Feature", "properties": {"year": 2035, "class_id": 2, "class_label": "expuesto_cierto_ambos"}, "geometry": {"type": "Polygon", "coordinates": [[[699160.0, 1622100.0], [699160.0, 1622080.0], [699180.0, 1622080.0], [699180.0, 1622100.0], [699160.0, 1622100.0]]]}}, {"type": "Feature", "properties": {"year": 2035, "class_id": 2, "class_label": "expuesto_cierto_ambos"}, "geometry": {"type": "Polygon", "coordinates": [[[692800.0, 1622100.0], [692800.0, 1622060.0], [692820.0, 1622060.0], [692820.0, 1622100.0], [692800.0, 1622100.0]]]}}, {"type": "Feature", "properties": {"year": 2035, "class_id": 2, "class_label": "expuesto_cierto_ambos"}, "geometry": {"type": "Polygon", "coordinates": [[[692840.0, 1622100.0], [692840.0, 1622060.0], [692880.0, 1622060.0], [692880.0, 1622080.0], [692860.0, 1622080.0], [692860.0, 1622100.0], [692840.0, 1622100.0]]]}}, {"type": "Feature", "properties": {"year": 2035, "class_id": 2, "class_label": "expuesto_cierto_ambos"}, "geometry": {"type": "Polygon", "coordinates": [[[693780.0, 1622100.0], [693780.0, 1622060.0], [693820.0, 1622060.0], [693820.0, 1622080.0], [693800.0, 1622080.0], [693800.0, 1622100.0], [693780.0, 1622100.0]]]}}, {"type": "Feature", "properties": {"year": 2035, "class_id": 2, "class_label": "expuesto_cierto_ambos"}, "geometry": {"type": "Polygon", "coordinates": [[[689520.0, 1622080.0], [689520.0, 1622060.0], [689560.0, 1622060.0], [689560.0, 1622080.0], [689520.0, 1622080.0]]]}}, {"type": "Feature", "properties": {"year": 2035, "class_id": 2, "class_label": "expuesto_cierto_ambos"}, "geometry": {"type": "Polygon", "coordinates": [[[698400.0, 1622060.0], [698400.0, 1622040.0], [698420.0, 1622040.0], [698420.0, 1622060.0], [698400.0, 1622060.0]]]}}, {"type": "Feature", "properties": {"year": 2035, "class_id": 2, "class_label": "expuesto_cierto_ambos"}, "geometry": {"type": "Polygon", "coordinates": [[[698620.0, 1622060.0], [698620.0, 1622020.0], [698640.0, 1622020.0], [698640.0, 1622060.0], [698620.0, 1622060.0]]]}}, {"type": "Feature", "properties": {"year": 2035, "class_id": 2, "class_label": "expuesto_cierto_ambos"}, "geometry": {"type": "Polygon", "coordinates": [[[693100.0, 1622040.0], [693100.0, 1622020.0], [693120.0, 1622020.0], [693120.0, 1622040.0], [693100.0, 1622040.0]]]}}, {"type": "Feature", "properties": {"year": 2035, "class_id": 4, "class_label": "incierto"}, "geometry": {"type": "Polygon", "coordinates": [[[689600.0, 1622020.0], [689600.0, 1622000.0], [689620.0, 1622000.0], [689620.0, 1622020.0], [689600.0, 1622020.0]]]}}, {"type": "Feature", "properties": {"year": 2035, "class_id": 4, "class_label": "incierto"}, "geometry": {"type": "Polygon", "coordinates": [[[692720.0, 1622020.0], [692720.0, 1622000.0], [692740.0, 1622000.0], [692740.0, 1622020.0], [692720.0, 1622020.0]]]}}, {"type": "Feature", "properties": {"year": 2035, "class_id": 4, "class_label": "incierto"}, "geometry": {"type": "Polygon", "coordinates": [[[699200.0, 1622020.0], [699200.0, 1622000.0], [699220.0, 1622000.0], [699220.0, 1622020.0], [699200.0, 1622020.0]]]}}, {"type": "Feature", "properties": {"year": 2035, "class_id": 4, "class_label": "incierto"}, "geometry": {"type": "Polygon", "coordinates": [[[689620.0, 1622000.0], [689620.0, 1621980.0], [689640.0, 1621980.0], [689640.0, 1622000.0], [689620.0, 1622000.0]]]}}, {"type": "Feature", "properties": {"year": 2035, "class_id": 2, "class_label": "expuesto_cierto_ambos"}, "geometry": {"type": "Polygon", "coordinates": [[[692740.0, 1622020.0], [692740.0, 1622000.0], [692720.0, 1622000.0], [692720.0, 1621980.0], [692760.0, 1621980.0], [692760.0, 1622020.0], [692740.0, 1622020.0]]]}}, {"type": "Feature", "properties": {"year": 2035, "class_id": 2, "class_label": "expuesto_cierto_ambos"}, "geometry": {"type": "Polygon", "coordinates": [[[692780.0, 1622000.0], [692780.0, 1621980.0], [692860.0, 1621980.0], [692860.0, 1622000.0], [692780.0, 1622000.0]]]}}, {"type": "Feature", "properties": {"year": 2035, "class_id": 2, "class_label": "expuesto_cierto_ambos"}, "geometry": {"type": "Polygon", "coordinates": [[[698640.0, 1622000.0], [698640.0, 1621980.0], [698680.0, 1621980.0], [698680.0, 1622000.0], [698640.0, 1622000.0]]]}}, {"type": "Feature", "properties": {"year": 2035, "class_id": 2, "class_label": "expuesto_cierto_ambos"}, "geometry": {"type": "Polygon", "coordinates": [[[702820.0, 1622000.0], [702820.0, 1621980.0], [702840.0, 1621980.0], [702840.0, 1622000.0], [702820.0, 1622000.0]]]}}, {"type": "Feature", "properties": {"year": 2035, "class_id": 4, "class_label": "incierto"}, "geometry": {"type": "Polygon", "coordinates": [[[689660.0, 1621980.0], [689660.0, 1621960.0], [689680.0, 1621960.0], [689680.0, 1621980.0], [689660.0, 1621980.0]]]}}, {"type": "Feature", "properties": {"year": 2035, "class_id": 2, "class_label": "expuesto_cierto_ambos"}, "geometry": {"type": "Polygon", "coordinates": [[[691560.0, 1621980.0], [691560.0, 1621960.0], [691600.0, 1621960.0], [691600.0, 1621980.0], [691560.0, 1621980.0]]]}}, {"type": "Feature", "properties": {"year": 2035, "class_id": 2, "class_label": "expuesto_cierto_ambos"}, "geometry": {"type": "Polygon", "coordinates": [[[692860.0, 1621980.0], [692860.0, 1621940.0], [692880.0, 1621940.0], [692880.0, 1621980.0], [692860.0, 1621980.0]]]}}, {"type": "Feature", "properties": {"year": 2035, "class_id": 4, "class_label": "incierto"}, "geometry": {"type": "Polygon", "coordinates": [[[689680.0, 1621960.0], [689680.0, 1621940.0], [689720.0, 1621940.0], [689720.0, 1621960.0], [689680.0, 1621960.0]]]}}, {"type": "Feature", "properties": {"year": 2035, "class_id": 4, "class_label": "incierto"}, "geometry": {"type": "Polygon", "coordinates": [[[698700.0, 1621960.0], [698700.0, 1621940.0], [698720.0, 1621940.0], [698720.0, 1621960.0], [698700.0, 1621960.0]]]}}, {"type": "Feature", "properties": {"year": 2035, "class_id": 2, "class_label": "expuesto_cierto_ambos"}, "geometry": {"type": "Polygon", "coordinates": [[[698660.0, 1621960.0], [698660.0, 1621920.0], [698680.0, 1621920.0], [698680.0, 1621940.0], [698700.0, 1621940.0], [698700.0, 1621960.0], [698660.0, 1621960.0]]]}}, {"type": "Feature", "properties": {"year": 2035, "class_id": 4, "class_label": "incierto"}, "geometry": {"type": "Polygon", "coordinates": [[[689720.0, 1621940.0], [689720.0, 1621920.0], [689740.0, 1621920.0], [689740.0, 1621940.0], [689720.0, 1621940.0]]]}}, {"type": "Feature", "properties": {"year": 2035, "class_id": 4, "class_label": "incierto"}, "geometry": {"type": "Polygon", "coordinates": [[[692240.0, 1621940.0], [692240.0, 1621920.0], [692260.0, 1621920.0], [692260.0, 1621940.0], [692240.0, 1621940.0]]]}}, {"type": "Feature", "properties": {"year": 2035, "class_id": 2, "class_label": "expuesto_cierto_ambos"}, "geometry": {"type": "Polygon", "coordinates": [[[698420.0, 1621940.0], [698420.0, 1621920.0], [698440.0, 1621920.0], [698440.0, 1621940.0], [698420.0, 1621940.0]]]}}, {"type": "Feature", "properties": {"year": 2035, "class_id": 4, "class_label": "incierto"}, "geometry": {"type": "Polygon", "coordinates": [[[698680.0, 1621940.0], [698680.0, 1621920.0], [698700.0, 1621920.0], [698700.0, 1621940.0], [698680.0, 1621940.0]]]}}, {"type": "Feature", "properties": {"year": 2035, "class_id": 4, "class_label": "incierto"}, "geometry": {"type": "Polygon", "coordinates": [[[689740.0, 1621920.0], [689740.0, 1621900.0], [689780.0, 1621900.0], [689780.0, 1621920.0], [689740.0, 1621920.0]]]}}, {"type": "Feature", "properties": {"year": 2035, "class_id": 4, "class_label": "incierto"}, "geometry": {"type": "Polygon", "coordinates": [[[692400.0, 1621920.0], [692400.0, 1621900.0], [692420.0, 1621900.0], [692420.0, 1621920.0], [692400.0, 1621920.0]]]}}, {"type": "Feature", "properties": {"year": 2035, "class_id": 2, "class_label": "expuesto_cierto_ambos"}, "geometry": {"type": "Polygon", "coordinates": [[[692920.0, 1621920.0], [692920.0, 1621900.0], [692960.0, 1621900.0], [692960.0, 1621920.0], [692920.0, 1621920.0]]]}}, {"type": "Feature", "properties": {"year": 2035, "class_id": 2, "class_label": "expuesto_cierto_ambos"}, "geometry": {"type": "Polygon", "coordinates": [[[699220.0, 1622080.0], [699220.0, 1622000.0], [699200.0, 1622000.0], [699200.0, 1621960.0], [699180.0, 1621960.0], [699180.0, 1621920.0], [699160.0, 1621920.0], [699160.0, 1621900.0], [699200.0, 1621900.0], [699200.0, 1621920.0], [699220.0, 1621920.0], [699220.0, 1621940.0], [699240.0, 1621940.0], [699240.0, 1621980.0], [699260.0, 1621980.0], [699260.0, 1622020.0], [699240.0, 1622020.0], [699240.0, 1622040.0], [699260.0, 1622040.0], [699260.0, 1622060.0], [699240.0, 1622060.0], [699240.0, 1622080.0], [699220.0, 1622080.0]]]}}, {"type": "Feature", "properties": {"year": 2035, "class_id": 2, "class_label": "expuesto_cierto_ambos"}, "geometry": {"type": "Polygon", "coordinates": [[[702820.0, 1621920.0], [702820.0, 1621900.0], [702840.0, 1621900.0], [702840.0, 1621920.0], [702820.0, 1621920.0]]]}}, {"type": "Feature", "properties": {"year": 2035, "class_id": 2, "class_label": "expuesto_cierto_ambos"}, "geometry": {"type": "Polygon", "coordinates": [[[692260.0, 1621940.0], [692260.0, 1621920.0], [692240.0, 1621920.0], [692240.0, 1621880.0], [692300.0, 1621880.0], [692300.0, 1621900.0], [692280.0, 1621900.0], [692280.0, 1621920.0], [692300.0, 1621920.0], [692300.0, 1621940.0], [692260.0, 1621940.0]]]}}, {"type": "Feature", "properties": {"year": 2035, "class_id": 4, "class_label": "incierto"}, "geometry": {"type": "Polygon", "coordinates": [[[689780.0, 1621900.0], [689780.0, 1621880.0], [689800.0, 1621880.0], [689800.0, 1621900.0], [689780.0, 1621900.0]]]}}, {"type": "Feature", "properties": {"year": 2035, "class_id": 2, "class_label": "expuesto_cierto_ambos"}, "geometry": {"type": "Polygon", "coordinates": [[[691500.0, 1621900.0], [691500.0, 1621880.0], [691520.0, 1621880.0], [691520.0, 1621900.0], [691500.0, 1621900.0]]]}}, {"type": "Feature", "properties": {"year": 2035, "class_id": 2, "class_label": "expuesto_cierto_ambos"}, "geometry": {"type": "Polygon", "coordinates": [[[691800.0, 1621900.0], [691800.0, 1621880.0], [691820.0, 1621880.0], [691820.0, 1621900.0], [691800.0, 1621900.0]]]}}, {"type": "Feature", "properties": {"year": 2035, "class_id": 2, "class_label": "expuesto_cierto_ambos"}, "geometry": {"type": "Polygon", "coordinates": [[[692980.0, 1621900.0], [692980.0, 1621880.0], [693000.0, 1621880.0], [693000.0, 1621900.0], [692980.0, 1621900.0]]]}}, {"type": "Feature", "properties": {"year": 2035, "class_id": 2, "class_label": "expuesto_cierto_ambos"}, "geometry": {"type": "Polygon", "coordinates": [[[702840.0, 1621900.0], [702840.0, 1621880.0], [702860.0, 1621880.0], [702860.0, 1621900.0], [702840.0, 1621900.0]]]}}, {"type": "Feature", "properties": {"year": 2035, "class_id": 2, "class_label": "expuesto_cierto_ambos"}, "geometry": {"type": "Polygon", "coordinates": [[[689580.0, 1622080.0], [689580.0, 1622020.0], [689620.0, 1622020.0], [689620.0, 1622000.0], [689640.0, 1622000.0], [689640.0, 1621980.0], [689680.0, 1621980.0], [689680.0, 1621960.0], [689720.0, 1621960.0], [689720.0, 1621940.0], [689740.0, 1621940.0], [689740.0, 1621920.0], [689780.0, 1621920.0], [689780.0, 1621900.0], [689800.0, 1621900.0], [689800.0, 1621880.0], [689820.0, 1621880.0], [689820.0, 1621860.0], [689840.0, 1621860.0], [689840.0, 1621880.0], [689860.0, 1621880.0], [689860.0, 1621900.0], [689840.0, 1621900.0], [689840.0, 1621920.0], [689820.0, 1621920.0], [689820.0, 1621940.0], [689780.0, 1621940.0], [689780.0, 1621960.0], [689760.0, 1621960.0], [689760.0, 1621980.0], [689720.0, 1621980.0], [689720.0, 1622000.0], [689680.0, 1622000.0], [689680.0, 1622020.0], [689660.0, 1622020.0], [689660.0, 1622040.0], [689600.0, 1622040.0], [689600.0, 1622080.0], [689580.0, 1622080.0]]]}}, {"type": "Feature", "properties": {"year": 2035, "class_id": 4, "class_label": "incierto"}, "geometry": {"type": "Polygon", "coordinates": [[[689800.0, 1621880.0], [689800.0, 1621860.0], [689820.0, 1621860.0], [689820.0, 1621880.0], [689800.0, 1621880.0]]]}}, {"type": "Feature", "properties": {"year": 2035, "class_id": 2, "class_label": "expuesto_cierto_ambos"}, "geometry": {"type": "Polygon", "coordinates": [[[691840.0, 1621880.0], [691840.0, 1621860.0], [691880.0, 1621860.0], [691880.0, 1621880.0], [691840.0, 1621880.0]]]}}, {"type": "Feature", "properties": {"year": 2035, "class_id": 2, "class_label": "expuesto_cierto_ambos"}, "geometry": {"type": "Polygon", "coordinates": [[[692020.0, 1621880.0], [692020.0, 1621860.0], [692040.0, 1621860.0], [692040.0, 1621880.0], [692020.0, 1621880.0]]]}}, {"type": "Feature", "properties": {"year": 2035, "class_id": 2, "class_label": "expuesto_cierto_ambos"}, "geometry": {"type": "Polygon", "coordinates": [[[693000.0, 1621880.0], [693000.0, 1621860.0], [693020.0, 1621860.0], [693020.0, 1621880.0], [693000.0, 1621880.0]]]}}, {"type": "Feature", "properties": {"year": 2035, "class_id": 4, "class_label": "incierto"}, "geometry": {"type": "Polygon", "coordinates": [[[699140.0, 1621880.0], [699140.0, 1621860.0], [699160.0, 1621860.0], [699160.0, 1621880.0], [699140.0, 1621880.0]]]}}, {"type": "Feature", "properties": {"year": 2035, "class_id": 4, "class_label": "incierto"}, "geometry": {"type": "Polygon", "coordinates": [[[702840.0, 1621880.0], [702840.0, 1621860.0], [702860.0, 1621860.0], [702860.0, 1621880.0], [702840.0, 1621880.0]]]}}, {"type": "Feature", "properties": {"year": 2035, "class_id": 2, "class_label": "expuesto_cierto_ambos"}, "geometry": {"type": "Polygon", "coordinates": [[[691900.0, 1621880.0], [691900.0, 1621860.0], [691940.0, 1621860.0], [691940.0, 1621840.0], [691980.0, 1621840.0], [691980.0, 1621860.0], [691960.0, 1621860.0], [691960.0, 1621880.0], [691900.0, 1621880.0]]]}}, {"type": "Feature", "properties": {"year": 2035, "class_id": 2, "class_label": "expuesto_cierto_ambos"}, "geometry": {"type": "Polygon", "coordinates": [[[692220.0, 1621880.0], [692220.0, 1621840.0], [692240.0, 1621840.0], [692240.0, 1621880.0], [692220.0, 1621880.0]]]}}, {"type": "Feature", "properties": {"year": 2035, "class_id": 2, "class_label": "expuesto_cierto_ambos"}, "geometry": {"type": "Polygon", "coordinates": [[[692940.0, 1621880.0], [692940.0, 1621840.0], [692960.0, 1621840.0], [692960.0, 1621860.0], [692980.0, 1621860.0], [692980.0, 1621880.0], [692940.0, 1621880.0]]]}}, {"type": "Feature", "properties": {"year": 2035, "class_id": 2, "class_label": "expuesto_cierto_ambos"}, "geometry": {"type": "Polygon", "coordinates": [[[702820.0, 1621880.0], [702820.0, 1621840.0], [702840.0, 1621840.0], [702840.0, 1621880.0], [702820.0, 1621880.0]]]}}, {"type": "Feature", "properties": {"year": 2035, "class_id": 4, "class_label": "incierto"}, "geometry": {"type": "Polygon", "coordinates": [[[689820.0, 1621860.0], [689820.0, 1621840.0], [689840.0, 1621840.0], [689840.0, 1621860.0], [689820.0, 1621860.0]]]}}, {"type": "Feature", "properties": {"year": 2035, "class_id": 2, "class_label": "expuesto_cierto_ambos"}, "geometry": {"type": "Polygon", "coordinates": [[[689840.0, 1621860.0], [689840.0, 1621840.0], [689860.0, 1621840.0], [689860.0, 1621860.0], [689840.0, 1621860.0]]]}}, {"type": "Feature", "properties": {"year": 2035, "class_id": 2, "class_label": "expuesto_cierto_ambos"}, "geometry": {"type": "Polygon", "coordinates": [[[691540.0, 1621860.0], [691540.0, 1621840.0], [691560.0, 1621840.0], [691560.0, 1621860.0], [691540.0, 1621860.0]]]}}, {"type": "Feature", "properties": {"year": 2035, "class_id": 2, "class_label": "expuesto_cierto_ambos"}, "geometry": {"type": "Polygon", "coordinates": [[[692000.0, 1621860.0], [692000.0, 1621840.0], [692020.0, 1621840.0], [692020.0, 1621860.0], [692000.0, 1621860.0]]]}}, {"type": "Feature", "properties": {"year": 2035, "class_id": 2, "class_label": "expuesto_cierto_ambos"}, "geometry": {"type": "Polygon", "coordinates": [[[692360.0, 1621920.0], [692360.0, 1621900.0], [692320.0, 1621900.0], [692320.0, 1621860.0], [692300.0, 1621860.0], [692300.0, 1621840.0], [692340.0, 1621840.0], [692340.0, 1621860.0], [692360.0, 1621860.0], [692360.0, 1621880.0], [692380.0, 1621880.0], [692380.0, 1621900.0], [692400.0, 1621900.0], [692400.0, 1621920.0], [692360.0, 1621920.0]]]}}, {"type": "Feature", "properties": {"year": 2035, "class_id": 2, "class_label": "expuesto_cierto_ambos"}, "geometry": {"type": "Polygon", "coordinates": [[[693120.0, 1621860.0], [693120.0, 1621840.0], [693140.0, 1621840.0], [693140.0, 1621860.0], [693120.0, 1621860.0]]]}}, {"type": "Feature", "properties": {"year": 2035, "class_id": 2, "class_label": "expuesto_cierto_ambos"}, "geometry": {"type": "Polygon", "coordinates": [[[698520.0, 1621860.0], [698520.0, 1621840.0], [698560.0, 1621840.0], [698560.0, 1621860.0], [698520.0, 1621860.0]]]}}, {"type": "Feature", "properties": {"year": 2035, "class_id": 4, "class_label": "incierto"}, "geometry": {"type": "Polygon", "coordinates": [[[692160.0, 1621920.0], [692160.0, 1621900.0], [692200.0, 1621900.0], [692200.0, 1621820.0], [692220.0, 1621820.0], [692220.0, 1621880.0], [692240.0, 1621880.0], [692240.0, 1621920.0], [692160.0, 1621920.0]]]}}, {"type": "Feature", "properties": {"year": 2035, "class_id": 4, "class_label": "incierto"}, "geometry": {"type": "Polygon", "coordinates": [[[692300.0, 1621960.0], [692300.0, 1621920.0], [692280.0, 1621920.0], [692280.0, 1621900.0], [692300.0, 1621900.0], [692300.0, 1621880.0], [692240.0, 1621880.0], [692240.0, 1621840.0], [692280.0, 1621840.0], [692280.0, 1621820.0], [692360.0, 1621820.0], [692360.0, 1621840.0], [692380.0, 1621840.0], [692380.0, 1621860.0], [692400.0, 1621860.0], [692400.0, 1621900.0], [692380.0, 1621900.0], [692380.0, 1621880.0], [692360.0, 1621880.0], [692360.0, 1621860.0], [692340.0, 1621860.0], [692340.0, 1621840.0], [692300.0, 1621840.0], [692300.0, 1621860.0], [692320.0, 1621860.0], [692320.0, 1621900.0], [692360.0, 1621900.0], [692360.0, 1621940.0], [692320.0, 1621940.0], [692320.0, 1621960.0], [692300.0, 1621960.0]]]}}, {"type": "Feature", "properties": {"year": 2035, "class_id": 2, "class_label": "expuesto_cierto_ambos"}, "geometry": {"type": "Polygon", "coordinates": [[[692140.0, 1621900.0], [692140.0, 1621880.0], [692100.0, 1621880.0], [692100.0, 1621840.0], [692040.0, 1621840.0], [692040.0, 1621820.0], [692160.0, 1621820.0], [692160.0, 1621840.0], [692180.0, 1621840.0], [692180.0, 1621820.0], [692200.0, 1621820.0], [692200.0, 1621900.0], [692140.0, 1621900.0]]]}}, {"type": "Feature", "properties": {"year": 2035, "class_id": 4, "class_label": "incierto"}, "geometry": {"type": "Polygon", "coordinates": [[[692160.0, 1621840.0], [692160.0, 1621820.0], [692180.0, 1621820.0], [692180.0, 1621840.0], [692160.0, 1621840.0]]]}}, {"type": "Feature", "properties": {"year": 2035, "class_id": 2, "class_label": "expuesto_cierto_ambos"}, "geometry": {"type": "Polygon", "coordinates": [[[692260.0, 1621840.0], [692260.0, 1621820.0], [692280.0, 1621820.0], [692280.0, 1621840.0], [692260.0, 1621840.0]]]}}, {"type": "Feature", "properties": {"year": 2035, "class_id": 2, "class_label": "expuesto_cierto_ambos"}, "geometry": {"type": "Polygon", "coordinates": [[[699120.0, 1621840.0], [699120.0, 1621820.0], [699140.0, 1621820.0], [699140.0, 1621840.0], [699120.0, 1621840.0]]]}}, {"type": "Feature", "properties": {"year": 2035, "class_id": 2, "class_label": "expuesto_cierto_ambos"}, "geometry": {"type": "Polygon", "coordinates": [[[689860.0, 1621820.0], [689860.0, 1621800.0], [689880.0, 1621800.0], [689880.0, 1621820.0], [689860.0, 1621820.0]]]}}, {"type": "Feature", "properties": {"year": 2035, "class_id": 4, "class_label": "incierto"}, "geometry": {"type": "Polygon", "coordinates": [[[692100.0, 1621820.0], [692100.0, 1621800.0], [692140.0, 1621800.0], [692140.0, 1621820.0], [692100.0, 1621820.0]]]}}, {"type": "Feature", "properties": {"year": 2035, "class_id": 2, "class_label": "expuesto_cierto_ambos"}, "geometry": {"type": "Polygon", "coordinates": [[[698360.0, 1621880.0], [698360.0, 1621820.0], [698340.0, 1621820.0], [698340.0, 1621800.0], [698380.0, 1621800.0], [698380.0, 1621880.0], [698360.0, 1621880.0]]]}}, {"type": "Feature", "properties": {"year": 2035, "class_id": 2, "class_label": "expuesto_cierto_ambos"}, "geometry": {"type": "Polygon", "coordinates": [[[699100.0, 1621820.0], [699100.0, 1621800.0], [699120.0, 1621800.0], [699120.0, 1621820.0], [699100.0, 1621820.0]]]}}, {"type": "Feature", "properties": {"year": 2035, "class_id": 2, "class_label": "expuesto_cierto_ambos"}, "geometry": {"type": "Polygon", "coordinates": [[[702800.0, 1621820.0], [702800.0, 1621800.0], [702820.0, 1621800.0], [702820.0, 1621820.0], [702800.0, 1621820.0]]]}}, {"type": "Feature", "properties": {"year": 2035, "class_id": 4, "class_label": "incierto"}, "geometry": {"type": "Polygon", "coordinates": [[[698340.0, 1621880.0], [698340.0, 1621860.0], [698320.0, 1621860.0], [698320.0, 1621820.0], [698300.0, 1621820.0], [698300.0, 1621780.0], [698320.0, 1621780.0], [698320.0, 1621800.0], [698340.0, 1621800.0], [698340.0, 1621820.0], [698360.0, 1621820.0], [698360.0, 1621880.0], [698340.0, 1621880.0]]]}}, {"type": "Feature", "properties": {"year": 2035, "class_id": 2, "class_label": "expuesto_cierto_ambos"}, "geometry": {"type": "Polygon", "coordinates": [[[698500.0, 1621820.0], [698500.0, 1621780.0], [698520.0, 1621780.0], [698520.0, 1621800.0], [698540.0, 1621800.0], [698540.0, 1621820.0], [698500.0, 1621820.0]]]}}, {"type": "Feature", "properties": {"year": 2035, "class_id": 3, "class_label": "diferencia_entre_escenarios"}, "geometry": {"type": "Polygon", "coordinates": [[[691600.0, 1621800.0], [691600.0, 1621780.0], [691620.0, 1621780.0], [691620.0, 1621800.0], [691600.0, 1621800.0]]]}}, {"type": "Feature", "properties": {"year": 2035, "class_id": 4, "class_label": "incierto"}, "geometry": {"type": "Polygon", "coordinates": [[[691620.0, 1621800.0], [691620.0, 1621780.0], [691640.0, 1621780.0], [691640.0, 1621800.0], [691620.0, 1621800.0]]]}}, {"type": "Feature", "properties": {"year": 2035, "class_id": 2, "class_label": "expuesto_cierto_ambos"}, "geometry": {"type": "Polygon", "coordinates": [[[698320.0, 1621800.0], [698320.0, 1621780.0], [698340.0, 1621780.0], [698340.0, 1621800.0], [698320.0, 1621800.0]]]}}, {"type": "Feature", "properties": {"year": 2035, "class_id": 4, "class_label": "incierto"}, "geometry": {"type": "Polygon", "coordinates": [[[698520.0, 1621800.0], [698520.0, 1621780.0], [698540.0, 1621780.0], [698540.0, 1621800.0], [698520.0, 1621800.0]]]}}, {"type": "Feature", "properties": {"year": 2035, "class_id": 4, "class_label": "incierto"}, "geometry": {"type": "Polygon", "coordinates": [[[699060.0, 1621800.0], [699060.0, 1621780.0], [699080.0, 1621780.0], [699080.0, 1621800.0], [699060.0, 1621800.0]]]}}, {"type": "Feature", "properties": {"year": 2035, "class_id": 3, "class_label": "diferencia_entre_escenarios"}, "geometry": {"type": "Polygon", "coordinates": [[[699080.0, 1621800.0], [699080.0, 1621780.0], [699100.0, 1621780.0], [699100.0, 1621800.0], [699080.0, 1621800.0]]]}}, {"type": "Feature", "properties": {"year": 2035, "class_id": 4, "class_label": "incierto"}, "geometry": {"type": "Polygon", "coordinates": [[[689860.0, 1621780.0], [689860.0, 1621760.0], [689880.0, 1621760.0], [689880.0, 1621780.0], [689860.0, 1621780.0]]]}}, {"type": "Feature", "properties": {"year": 2035, "class_id": 2, "class_label": "expuesto_cierto_ambos"}, "geometry": {"type": "Polygon", "coordinates": [[[689880.0, 1621780.0], [689880.0, 1621760.0], [689900.0, 1621760.0], [689900.0, 1621780.0], [689880.0, 1621780.0]]]}}, {"type": "Feature", "properties": {"year": 2035, "class_id": 3, "class_label": "diferencia_entre_escenarios"}, "geometry": {"type": "Polygon", "coordinates": [[[691620.0, 1621780.0], [691620.0, 1621760.0], [691640.0, 1621760.0], [691640.0, 1621780.0], [691620.0, 1621780.0]]]}}, {"type": "Feature", "properties": {"year": 2035, "class_id": 2, "class_label": "expuesto_cierto_ambos"}, "geometry": {"type": "Polygon", "coordinates": [[[691640.0, 1621780.0], [691640.0, 1621760.0], [691660.0, 1621760.0], [691660.0, 1621780.0], [691640.0, 1621780.0]]]}}, {"type": "Feature", "properties": {"year": 2035, "class_id": 4, "class_label": "incierto"}, "geometry": {"type": "Polygon", "coordinates": [[[691660.0, 1621780.0], [691660.0, 1621760.0], [691680.0, 1621760.0], [691680.0, 1621780.0], [691660.0, 1621780.0]]]}}, {"type": "Feature", "properties": {"year": 2035, "class_id": 2, "class_label": "expuesto_cierto_ambos"}, "geometry": {"type": "Polygon", "coordinates": [[[698300.0, 1621780.0], [698300.0, 1621760.0], [698320.0, 1621760.0], [698320.0, 1621780.0], [698300.0, 1621780.0]]]}}, {"type": "Feature", "properties": {"year": 2035, "class_id": 2, "class_label": "expuesto_cierto_ambos"}, "geometry": {"type": "Polygon", "coordinates": [[[698400.0, 1621780.0], [698400.0, 1621760.0], [698420.0, 1621760.0], [698420.0, 1621780.0], [698400.0, 1621780.0]]]}}, {"type": "Feature", "properties": {"year": 2035, "class_id": 4, "class_label": "incierto"}, "geometry": {"type": "Polygon", "coordinates": [[[699020.0, 1621780.0], [699020.0, 1621760.0], [699040.0, 1621760.0], [699040.0, 1621780.0], [699020.0, 1621780.0]]]}}, {"type": "Feature", "properties": {"year": 2035, "class_id": 2, "class_label": "expuesto_cierto_ambos"}, "geometry": {"type": "Polygon", "coordinates": [[[699040.0, 1621780.0], [699040.0, 1621760.0], [699060.0, 1621760.0], [699060.0, 1621780.0], [699040.0, 1621780.0]]]}}, {"type": "Feature", "properties": {"year": 2035, "class_id": 2, "class_label": "expuesto_cierto_ambos"}, "geometry": {"type": "Polygon", "coordinates": [[[701860.0, 1621780.0], [701860.0, 1621760.0], [701900.0, 1621760.0], [701900.0, 1621780.0], [701860.0, 1621780.0]]]}}, {"type": "Feature", "properties": {"year": 2035, "class_id": 2, "class_label": "expuesto_cierto_ambos"}, "geometry": {"type": "Polygon", "coordinates": [[[689860.0, 1621760.0], [689860.0, 1621740.0], [689880.0, 1621740.0], [689880.0, 1621760.0], [689860.0, 1621760.0]]]}}, {"type": "Feature", "properties": {"year": 2035, "class_id": 4, "class_label": "incierto"}, "geometry": {"type": "Polygon", "coordinates": [[[691640.0, 1621760.0], [691640.0, 1621740.0], [691660.0, 1621740.0], [691660.0, 1621760.0], [691640.0, 1621760.0]]]}}, {"type": "Feature", "properties": {"year": 2035, "class_id": 2, "class_label": "expuesto_cierto_ambos"}, "geometry": {"type": "Polygon", "coordinates": [[[698940.0, 1621760.0], [698940.0, 1621740.0], [698980.0, 1621740.0], [698980.0, 1621760.0], [698940.0, 1621760.0]]]}}, {"type": "Feature", "properties": {"year": 2035, "class_id": 3, "class_label": "diferencia_entre_escenarios"}, "geometry": {"type": "Polygon", "coordinates": [[[698980.0, 1621760.0], [698980.0, 1621740.0], [699000.0, 1621740.0], [699000.0, 1621760.0], [698980.0, 1621760.0]]]}}, {"type": "Feature", "properties": {"year": 2035, "class_id": 2, "class_label": "expuesto_cierto_ambos"}, "geometry": {"type": "Polygon", "coordinates": [[[702100.0, 1621760.0], [702100.0, 1621740.0], [702120.0, 1621740.0], [702120.0, 1621760.0], [702100.0, 1621760.0]]]}}, {"type": "Feature", "properties": {"year": 2035, "class_id": 4, "class_label": "incierto"}, "geometry": {"type": "Polygon", "coordinates": [[[698900.0, 1621780.0], [698900.0, 1621720.0], [698920.0, 1621720.0], [698920.0, 1621740.0], [698940.0, 1621740.0], [698940.0, 1621780.0], [698900.0, 1621780.0]]]}}, {"type": "Feature", "properties": {"year": 2035, "class_id": 2, "class_label": "expuesto_cierto_ambos"}, "geometry": {"type": "Polygon", "coordinates": [[[691620.0, 1621760.0], [691620.0, 1621720.0], [691640.0, 1621720.0], [691640.0, 1621760.0], [691620.0, 1621760.0]]]}}, {"type": "Feature", "properties": {"year": 2035, "class_id": 2, "class_label": "expuesto_cierto_ambos"}, "geometry": {"type": "Polygon", "coordinates": [[[702060.0, 1621740.0], [702060.0, 1621720.0], [702080.0, 1621720.0], [702080.0, 1621740.0], [702060.0, 1621740.0]]]}}, {"type": "Feature", "properties": {"year": 2035, "class_id": 2, "class_label": "expuesto_cierto_ambos"}, "geometry": {"type": "Polygon", "coordinates": [[[702200.0, 1621740.0], [702200.0, 1621720.0], [702220.0, 1621720.0], [702220.0, 1621740.0], [702200.0, 1621740.0]]]}}, {"type": "Feature", "properties": {"year": 2035, "class_id": 2, "class_label": "expuesto_cierto_ambos"}, "geometry": {"type": "Polygon", "coordinates": [[[702800.0, 1621740.0], [702800.0, 1621720.0], [702820.0, 1621720.0], [702820.0, 1621740.0], [702800.0, 1621740.0]]]}}, {"type": "Feature", "properties": {"year": 2035, "class_id": 1, "class_label": "agua_cierta_ambos"}, "geometry": {"type": "Polygon", "coordinates": [[[691440.0, 1621800.0], [691440.0, 1621780.0], [691460.0, 1621780.0], [691460.0, 1621700.0], [691580.0, 1621700.0], [691580.0, 1621720.0], [691620.0, 1621720.0], [691620.0, 1621780.0], [691500.0, 1621780.0], [691500.0, 1621800.0], [691440.0, 1621800.0]]]}}, {"type": "Feature", "properties": {"year": 2035, "class_id": 2, "class_label": "expuesto_cierto_ambos"}, "geometry": {"type": "Polygon", "coordinates": [[[698920.0, 1621740.0], [698920.0, 1621700.0], [698940.0, 1621700.0], [698940.0, 1621740.0], [698920.0, 1621740.0]]]}}, {"type": "Feature", "properties": {"year": 2035, "class_id": 2, "class_label": "expuesto_cierto_ambos"}, "geometry": {"type": "Polygon", "coordinates": [[[689820.0, 1621720.0], [689820.0, 1621700.0], [689840.0, 1621700.0], [689840.0, 1621720.0], [689820.0, 1621720.0]]]}}, {"type": "Feature", "properties": {"year": 2035, "class_id": 2, "class_label": "expuesto_cierto_ambos"}, "geometry": {"type": "Polygon", "coordinates": [[[691580.0, 1621720.0], [691580.0, 1621700.0], [691600.0, 1621700.0], [691600.0, 1621720.0], [691580.0, 1621720.0]]]}}, {"type": "Feature", "properties": {"year": 2035, "class_id": 4, "class_label": "incierto"}, "geometry": {"type": "Polygon", "coordinates": [[[691600.0, 1621720.0], [691600.0, 1621700.0], [691620.0, 1621700.0], [691620.0, 1621720.0], [691600.0, 1621720.0]]]}}, {"type": "Feature", "properties": {"year": 2035, "class_id": 2, "class_label": "expuesto_cierto_ambos"}, "geometry": {"type": "Polygon", "coordinates": [[[701740.0, 1621720.0], [701740.0, 1621700.0], [701760.0, 1621700.0], [701760.0, 1621720.0], [701740.0, 1621720.0]]]}}, {"type": "Feature", "properties": {"year": 2035, "class_id": 2, "class_label": "expuesto_cierto_ambos"}, "geometry": {"type": "Polygon", "coordinates": [[[689800.0, 1621700.0], [689800.0, 1621680.0], [689820.0, 1621680.0], [689820.0, 1621700.0], [689800.0, 1621700.0]]]}}, {"type": "Feature", "properties": {"year": 2035, "class_id": 2, "class_label": "expuesto_cierto_ambos"}, "geometry": {"type": "Polygon", "coordinates": [[[690880.0, 1621700.0], [690880.0, 1621680.0], [690900.0, 1621680.0], [690900.0, 1621700.0], [690880.0, 1621700.0]]]}}, {"type": "Feature", "properties": {"year": 2035, "class_id": 2, "class_label": "expuesto_cierto_ambos"}, "geometry": {"type": "Polygon", "coordinates": [[[691560.0, 1621700.0], [691560.0, 1621680.0], [691580.0, 1621680.0], [691580.0, 1621700.0], [691560.0, 1621700.0]]]}}, {"type": "Feature", "properties": {"year": 2035, "class_id": 4, "class_label": "incierto"}, "geometry": {"type": "Polygon", "coordinates": [[[698920.0, 1621700.0], [698920.0, 1621680.0], [698940.0, 1621680.0], [698940.0, 1621700.0], [698920.0, 1621700.0]]]}}, {"type": "Feature", "properties": {"year": 2035, "class_id": 2, "class_label": "expuesto_cierto_ambos"}, "geometry": {"type": "Polygon", "coordinates": [[[698940.0, 1621700.0], [698940.0, 1621680.0], [698960.0, 1621680.0], [698960.0, 1621700.0], [698940.0, 1621700.0]]]}}, {"type": "Feature", "properties": {"year": 2035, "class_id": 4, "class_label": "incierto"}, "geometry": {"type": "Polygon", "coordinates": [[[698940.0, 1621680.0], [698940.0, 1621660.0], [698960.0, 1621660.0], [698960.0, 1621680.0], [698940.0, 1621680.0]]]}}, {"type": "Feature", "properties": {"year": 2035, "class_id": 2, "class_label": "expuesto_cierto_ambos"}, "geometry": {"type": "Polygon", "coordinates": [[[698960.0, 1621680.0], [698960.0, 1621660.0], [698980.0, 1621660.0], [698980.0, 1621680.0], [698960.0, 1621680.0]]]}}, {"type": "Feature", "properties": {"year": 2035, "class_id": 2, "class_label": "expuesto_cierto_ambos"}, "geometry": {"type": "Polygon", "coordinates": [[[689800.0, 1621660.0], [689800.0, 1621640.0], [689820.0, 1621640.0], [689820.0, 1621660.0], [689800.0, 1621660.0]]]}}, {"type": "Feature", "properties": {"year": 2035, "class_id": 4, "class_label": "incierto"}, "geometry": {"type": "Polygon", "coordinates": [[[698960.0, 1621660.0], [698960.0, 1621640.0], [698980.0, 1621640.0], [698980.0, 1621660.0], [698960.0, 1621660.0]]]}}, {"type": "Feature", "properties": {"year": 2035, "class_id": 2, "class_label": "expuesto_cierto_ambos"}, "geometry": {"type": "Polygon", "coordinates": [[[702400.0, 1621660.0], [702400.0, 1621640.0], [702420.0, 1621640.0], [702420.0, 1621660.0], [702400.0, 1621660.0]]]}}, {"type": "Feature", "properties": {"year": 2035, "class_id": 2, "class_label": "expuesto_cierto_ambos"}, "geometry": {"type": "Polygon", "coordinates": [[[702520.0, 1621660.0], [702520.0, 1621640.0], [702540.0, 1621640.0], [702540.0, 1621660.0], [702520.0, 1621660.0]]]}}, {"type": "Feature", "properties": {"year": 2035, "class_id": 2, "class_label": "expuesto_cierto_ambos"}, "geometry": {"type": "Polygon", "coordinates": [[[698980.0, 1621660.0], [698980.0, 1621620.0], [699000.0, 1621620.0], [699000.0, 1621660.0], [698980.0, 1621660.0]]]}}, {"type": "Feature", "properties": {"year": 2035, "class_id": 2, "class_label": "expuesto_cierto_ambos"}, "geometry": {"type": "Polygon", "coordinates": [[[689780.0, 1621640.0], [689780.0, 1621620.0], [689800.0, 1621620.0], [689800.0, 1621640.0], [689780.0, 1621640.0]]]}}, {"type": "Feature", "properties": {"year": 2035, "class_id": 2, "class_label": "expuesto_cierto_ambos"}, "geometry": {"type": "Polygon", "coordinates": [[[702580.0, 1621640.0], [702580.0, 1621620.0], [702600.0, 1621620.0], [702600.0, 1621640.0], [702580.0, 1621640.0]]]}}, {"type": "Feature", "properties": {"year": 2035, "class_id": 2, "class_label": "expuesto_cierto_ambos"}, "geometry": {"type": "Polygon", "coordinates": [[[702740.0, 1621680.0], [702740.0, 1621660.0], [702720.0, 1621660.0], [702720.0, 1621640.0], [702740.0, 1621640.0], [702740.0, 1621600.0], [702760.0, 1621600.0], [702760.0, 1621620.0], [702780.0, 1621620.0], [702780.0, 1621660.0], [702760.0, 1621660.0], [702760.0, 1621680.0], [702740.0, 1621680.0]]]}}, {"type": "Feature", "properties": {"year": 2035, "class_id": 3, "class_label": "diferencia_entre_escenarios"}, "geometry": {"type": "Polygon", "coordinates": [[[699000.0, 1621640.0], [699000.0, 1621600.0], [699020.0, 1621600.0], [699020.0, 1621640.0], [699000.0, 1621640.0]]]}}, {"type": "Feature", "properties": {"year": 2035, "class_id": 2, "class_label": "expuesto_cierto_ambos"}, "geometry": {"type": "Polygon", "coordinates": [[[702620.0, 1621620.0], [702620.0, 1621600.0], [702640.0, 1621600.0], [702640.0, 1621620.0], [702620.0, 1621620.0]]]}}, {"type": "Feature", "properties": {"year": 2035, "class_id": 2, "class_label": "expuesto_cierto_ambos"}, "geometry": {"type": "Polygon", "coordinates": [[[702660.0, 1621620.0], [702660.0, 1621600.0], [702680.0, 1621600.0], [702680.0, 1621620.0], [702660.0, 1621620.0]]]}}, {"type": "Feature", "properties": {"year": 2035, "class_id": 4, "class_label": "incierto"}, "geometry": {"type": "Polygon", "coordinates": [[[702760.0, 1621620.0], [702760.0, 1621600.0], [702780.0, 1621600.0], [702780.0, 1621620.0], [702760.0, 1621620.0]]]}}, {"type": "Feature", "properties": {"year": 2035, "class_id": 2, "class_label": "expuesto_cierto_ambos"}, "geometry": {"type": "Polygon", "coordinates": [[[691000.0, 1621600.0], [691000.0, 1621580.0], [691020.0, 1621580.0], [691020.0, 1621600.0], [691000.0, 1621600.0]]]}}, {"type": "Feature", "properties": {"year": 2035, "class_id": 2, "class_label": "expuesto_cierto_ambos"}, "geometry": {"type": "Polygon", "coordinates": [[[689760.0, 1621620.0], [689760.0, 1621560.0], [689780.0, 1621560.0], [689780.0, 1621620.0], [689760.0, 1621620.0]]]}}, {"type": "Feature", "properties": {"year": 2035, "class_id": 2, "class_label": "expuesto_cierto_ambos"}, "geometry": {"type": "Polygon", "coordinates": [[[690880.0, 1621580.0], [690880.0, 1621560.0], [690900.0, 1621560.0], [690900.0, 1621580.0], [690880.0, 1621580.0]]]}}, {"type": "Feature", "properties": {"year": 2035, "class_id": 2, "class_label": "expuesto_cierto_ambos"}, "geometry": {"type": "Polygon", "coordinates": [[[691020.0, 1621580.0], [691020.0, 1621560.0], [691040.0, 1621560.0], [691040.0, 1621580.0], [691020.0, 1621580.0]]]}}, {"type": "Feature", "properties": {"year": 2035, "class_id": 2, "class_label": "expuesto_cierto_ambos"}, "geometry": {"type": "Polygon", "coordinates": [[[699040.0, 1621580.0], [699040.0, 1621560.0], [699060.0, 1621560.0], [699060.0, 1621580.0], [699040.0, 1621580.0]]]}}, {"type": "Feature", "properties": {"year": 2035, "class_id": 2, "class_label": "expuesto_cierto_ambos"}, "geometry": {"type": "Polygon", "coordinates": [[[699000.0, 1621600.0], [699000.0, 1621540.0], [699020.0, 1621540.0], [699020.0, 1621600.0], [699000.0, 1621600.0]]]}}, {"type": "Feature", "properties": {"year": 2035, "class_id": 2, "class_label": "expuesto_cierto_ambos"}, "geometry": {"type": "Polygon", "coordinates": [[[691040.0, 1621560.0], [691040.0, 1621540.0], [691060.0, 1621540.0], [691060.0, 1621560.0], [691040.0, 1621560.0]]]}}, {"type": "Feature", "properties": {"year": 2035, "class_id": 2, "class_label": "expuesto_cierto_ambos"}, "geometry": {"type": "Polygon", "coordinates": [[[701640.0, 1621560.0], [701640.0, 1621540.0], [701660.0, 1621540.0], [701660.0, 1621560.0], [701640.0, 1621560.0]]]}}, {"type": "Feature", "properties": {"year": 2035, "class_id": 4, "class_label": "incierto"}, "geometry": {"type": "Polygon", "coordinates": [[[698980.0, 1621560.0], [698980.0, 1621520.0], [699000.0, 1621520.0], [699000.0, 1621560.0], [698980.0, 1621560.0]]]}}, {"type": "Feature", "properties": {"year": 2035, "class_id": 2, "class_label": "expuesto_cierto_ambos"}, "geometry": {"type": "Polygon", "coordinates": [[[689720.0, 1621540.0], [689720.0, 1621520.0], [689740.0, 1621520.0], [689740.0, 1621540.0], [689720.0, 1621540.0]]]}}, {"type": "Feature", "properties": {"year": 2035, "class_id": 4, "class_label": "incierto"}, "geometry": {"type": "Polygon", "coordinates": [[[691040.0, 1621540.0], [691040.0, 1621520.0], [691060.0, 1621520.0], [691060.0, 1621540.0], [691040.0, 1621540.0]]]}}, {"type": "Feature", "properties": {"year": 2035, "class_id": 2, "class_label": "expuesto_cierto_ambos"}, "geometry": {"type": "Polygon", "coordinates": [[[691060.0, 1621540.0], [691060.0, 1621520.0], [691080.0, 1621520.0], [691080.0, 1621540.0], [691060.0, 1621540.0]]]}}, {"type": "Feature", "properties": {"year": 2035, "class_id": 1, "class_label": "agua_cierta_ambos"}, "geometry": {"type": "Polygon", "coordinates": [[[699100.0, 1621540.0], [699100.0, 1621500.0], [699120.0, 1621500.0], [699120.0, 1621540.0], [699100.0, 1621540.0]]]}}, {"type": "Feature", "properties": {"year": 2035, "class_id": 2, "class_label": "expuesto_cierto_ambos"}, "geometry": {"type": "Polygon", "coordinates": [[[701680.0, 1621560.0], [701680.0, 1621540.0], [701660.0, 1621540.0], [701660.0, 1621480.0], [701680.0, 1621480.0], [701680.0, 1621520.0], [701700.0, 1621520.0], [701700.0, 1621560.0], [701680.0, 1621560.0]]]}}, {"type": "Feature", "properties": {"year": 2035, "class_id": 2, "class_label": "expuesto_cierto_ambos"}, "geometry": {"type": "Polygon", "coordinates": [[[698980.0, 1621520.0], [698980.0, 1621480.0], [699000.0, 1621480.0], [699000.0, 1621520.0], [698980.0, 1621520.0]]]}}, {"type": "Feature", "properties": {"year": 2035, "class_id": 4, "class_label": "incierto"}, "geometry": {"type": "Polygon", "coordinates": [[[701700.0, 1621540.0], [701700.0, 1621520.0], [701680.0, 1621520.0], [701680.0, 1621480.0], [701740.0, 1621480.0], [701740.0, 1621520.0], [701720.0, 1621520.0], [701720.0, 1621540.0], [701700.0, 1621540.0]]]}}, {"type": "Feature", "properties": {"year": 2035, "class_id": 1, "class_label": "agua_cierta_ambos"}, "geometry": {"type": "Polygon", "coordinates": [[[699080.0, 1621500.0], [699080.0, 1621480.0], [699100.0, 1621480.0], [699100.0, 1621500.0], [699080.0, 1621500.0]]]}}, {"type": "Feature", "properties": {"year": 2035, "class_id": 2, "class_label": "expuesto_cierto_ambos"}, "geometry": {"type": "Polygon", "coordinates": [[[689700.0, 1621480.0], [689700.0, 1621460.0], [689720.0, 1621460.0], [689720.0, 1621480.0], [689700.0, 1621480.0]]]}}, {"type": "Feature", "properties": {"year": 2035, "class_id": 2, "class_label": "expuesto_cierto_ambos"}, "geometry": {"type": "Polygon", "coordinates": [[[690880.0, 1621480.0], [690880.0, 1621460.0], [690900.0, 1621460.0], [690900.0, 1621480.0], [690880.0, 1621480.0]]]}}, {"type": "Feature", "properties": {"year": 2035, "class_id": 3, "class_label": "diferencia_entre_escenarios"}, "geometry": {"type": "Polygon", "coordinates": [[[698980.0, 1621480.0], [698980.0, 1621460.0], [699000.0, 1621460.0], [699000.0, 1621480.0], [698980.0, 1621480.0]]]}}, {"type": "Feature", "properties": {"year": 2035, "class_id": 2, "class_label": "expuesto_cierto_ambos"}, "geometry": {"type": "Polygon", "coordinates": [[[691100.0, 1621460.0], [691100.0, 1621440.0], [691120.0, 1621440.0], [691120.0, 1621460.0], [691100.0, 1621460.0]]]}}, {"type": "Feature", "properties": {"year": 2035, "class_id": 2, "class_label": "expuesto_cierto_ambos"}, "geometry": {"type": "Polygon", "coordinates": [[[691520.0, 1621460.0], [691520.0, 1621440.0], [691540.0, 1621440.0], [691540.0, 1621460.0], [691520.0, 1621460.0]]]}}, {"type": "Feature", "properties": {"year": 2035, "class_id": 4, "class_label": "incierto"}, "geometry": {"type": "Polygon", "coordinates": [[[701700.0, 1621460.0], [701700.0, 1621440.0], [701720.0, 1621440.0], [701720.0, 1621460.0], [701700.0, 1621460.0]]]}}, {"type": "Feature", "properties": {"year": 2035, "class_id": 3, "class_label": "diferencia_entre_escenarios"}, "geometry": {"type": "Polygon", "coordinates": [[[691120.0, 1621440.0], [691120.0, 1621420.0], [691140.0, 1621420.0], [691140.0, 1621440.0], [691120.0, 1621440.0]]]}}, {"type": "Feature", "properties": {"year": 2035, "class_id": 2, "class_label": "expuesto_cierto_ambos"}, "geometry": {"type": "Polygon", "coordinates": [[[698960.0, 1621440.0], [698960.0, 1621420.0], [698980.0, 1621420.0], [698980.0, 1621440.0], [698960.0, 1621440.0]]]}}, {"type": "Feature", "properties": {"year": 2035, "class_id": 1, "class_label": "agua_cierta_ambos"}, "geometry": {"type": "Polygon", "coordinates": [[[699160.0, 1621880.0], [699160.0, 1621860.0], [699140.0, 1621860.0], [699140.0, 1621820.0], [699120.0, 1621820.0], [699120.0, 1621800.0], [699100.0, 1621800.0], [699100.0, 1621780.0], [699060.0, 1621780.0], [699060.0, 1621760.0], [699000.0, 1621760.0], [699000.0, 1621740.0], [698940.0, 1621740.0], [698940.0, 1621700.0], [698960.0, 1621700.0], [698960.0, 1621680.0], [698980.0, 1621680.0], [698980.0, 1621660.0], [699000.0, 1621660.0], [699000.0, 1621640.0], [699020.0, 1621640.0], [699020.0, 1621540.0], [699000.0, 1621540.0], [699000.0, 1621460.0], [698980.0, 1621460.0], [698980.0, 1621400.0], [699000.0, 1621400.0], [699000.0, 1621420.0], [699020.0, 1621420.0], [699020.0, 1621440.0], [699040.0, 1621440.0], [699040.0, 1621480.0], [699060.0, 1621480.0], [699060.0, 1621520.0], [699080.0, 1621520.0], [699080.0, 1621540.0], [699100.0, 1621540.0], [699100.0, 1621560.0], [699080.0, 1621560.0], [699080.0, 1621580.0], [699140.0, 1621580.0], [699140.0, 1621600.0], [699160.0, 1621600.0], [699160.0, 1621640.0], [699140.0, 1621640.0], [699140.0, 1621660.0], [699120.0, 1621660.0], [699120.0, 1621680.0], [699140.0, 1621680.0], [699140.0, 1621700.0], [699180.0, 1621700.0], [699180.0, 1621720.0], [699200.0, 1621720.0], [699200.0, 1621740.0], [699220.0, 1621740.0], [699220.0, 1621780.0], [699240.0, 1621780.0], [699240.0, 1621820.0], [699200.0, 1621820.0], [699200.0, 1621840.0], [699240.0, 1621840.0], [699240.0, 1621860.0], [699200.0, 1621860.0], [699200.0, 1621880.0], [699160.0, 1621880.0]], [[699040.0, 1621580.0], [699060.0, 1621580.0], [699060.0, 1621560.0], [699040.0, 1621560.0], [699040.0, 1621580.0]]]}}, {"type": "Feature", "properties": {"year": 2035, "class_id": 4, "class_label": "incierto"}, "geometry": {"type": "Polygon", "coordinates": [[[691120.0, 1621420.0], [691120.0, 1621400.0], [691140.0, 1621400.0], [691140.0, 1621420.0], [691120.0, 1621420.0]]]}}, {"type": "Feature", "properties": {"year": 2035, "class_id": 1, "class_label": "agua_cierta_ambos"}, "geometry": {"type": "Polygon", "coordinates": [[[691180.0, 1621500.0], [691180.0, 1621460.0], [691160.0, 1621460.0], [691160.0, 1621440.0], [691140.0, 1621440.0], [691140.0, 1621400.0], [691160.0, 1621400.0], [691160.0, 1621380.0], [691180.0, 1621380.0], [691180.0, 1621400.0], [691200.0, 1621400.0], [691200.0, 1621420.0], [691220.0, 1621420.0], [691220.0, 1621440.0], [691240.0, 1621440.0], [691240.0, 1621480.0], [691200.0, 1621480.0], [691200.0, 1621500.0], [691180.0, 1621500.0]]]}}, {"type": "Feature", "properties": {"year": 2035, "class_id": 2, "class_label": "expuesto_cierto_ambos"}, "geometry": {"type": "Polygon", "coordinates": [[[690900.0, 1621420.0], [690900.0, 1621380.0], [690920.0, 1621380.0], [690920.0, 1621420.0], [690900.0, 1621420.0]]]}}, {"type": "Feature", "properties": {"year": 2035, "class_id": 4, "class_label": "incierto"}, "geometry": {"type": "Polygon", "coordinates": [[[691140.0, 1621400.0], [691140.0, 1621380.0], [691160.0, 1621380.0], [691160.0, 1621400.0], [691140.0, 1621400.0]]]}}, {"type": "Feature", "properties": {"year": 2035, "class_id": 2, "class_label": "expuesto_cierto_ambos"}, "geometry": {"type": "Polygon", "coordinates": [[[701680.0, 1621480.0], [701680.0, 1621460.0], [701660.0, 1621460.0], [701660.0, 1621440.0], [701680.0, 1621440.0], [701680.0, 1621420.0], [701660.0, 1621420.0], [701660.0, 1621400.0], [701640.0, 1621400.0], [701640.0, 1621380.0], [701660.0, 1621380.0], [701660.0, 1621360.0], [701700.0, 1621360.0], [701700.0, 1621460.0], [701720.0, 1621460.0], [701720.0, 1621480.0], [701680.0, 1621480.0]]]}}, {"type": "Feature", "properties": {"year": 2035, "class_id": 4, "class_label": "incierto"}, "geometry": {"type": "Polygon", "coordinates": [[[689660.0, 1621400.0], [689660.0, 1621380.0], [689640.0, 1621380.0], [689640.0, 1621360.0], [689680.0, 1621360.0], [689680.0, 1621400.0], [689660.0, 1621400.0]]]}}, {"type": "Feature", "properties": {"year": 2035, "class_id": 4, "class_label": "incierto"}, "geometry": {"type": "Polygon", "coordinates": [[[690900.0, 1621380.0], [690900.0, 1621360.0], [690920.0, 1621360.0], [690920.0, 1621380.0], [690900.0, 1621380.0]]]}}, {"type": "Feature", "properties": {"year": 2035, "class_id": 2, "class_label": "expuesto_cierto_ambos"}, "geometry": {"type": "Polygon", "coordinates": [[[691160.0, 1621380.0], [691160.0, 1621360.0], [691180.0, 1621360.0], [691180.0, 1621380.0], [691160.0, 1621380.0]]]}}, {"type": "Feature", "properties": {"year": 2035, "class_id": 2, "class_label": "expuesto_cierto_ambos"}, "geometry": {"type": "Polygon", "coordinates": [[[699000.0, 1621380.0], [699000.0, 1621360.0], [699020.0, 1621360.0], [699020.0, 1621380.0], [699000.0, 1621380.0]]]}}, {"type": "Feature", "properties": {"year": 2035, "class_id": 2, "class_label": "expuesto_cierto_ambos"}, "geometry": {"type": "Polygon", "coordinates": [[[699220.0, 1621380.0], [699220.0, 1621360.0], [699240.0, 1621360.0], [699240.0, 1621380.0], [699220.0, 1621380.0]]]}}, {"type": "Feature", "properties": {"year": 2035, "class_id": 2, "class_label": "expuesto_cierto_ambos"}, "geometry": {"type": "Polygon", "coordinates": [[[691520.0, 1621420.0], [691520.0, 1621400.0], [691460.0, 1621400.0], [691460.0, 1621380.0], [691500.0, 1621380.0], [691500.0, 1621340.0], [691540.0, 1621340.0], [691540.0, 1621420.0], [691520.0, 1621420.0]]]}}, {"type": "Feature", "properties": {"year": 2035, "class_id": 2, "class_label": "expuesto_cierto_ambos"}, "geometry": {"type": "Polygon", "coordinates": [[[690880.0, 1621380.0], [690880.0, 1621340.0], [690900.0, 1621340.0], [690900.0, 1621380.0], [690880.0, 1621380.0]]]}}, {"type": "Feature", "properties": {"year": 2035, "class_id": 2, "class_label": "expuesto_cierto_ambos"}, "geometry": {"type": "Polygon", "coordinates": [[[699200.0, 1621360.0], [699200.0, 1621340.0], [699220.0, 1621340.0], [699220.0, 1621360.0], [699200.0, 1621360.0]]]}}, {"type": "Feature", "properties": {"year": 2035, "class_id": 2, "class_label": "expuesto_cierto_ambos"}, "geometry": {"type": "Polygon", "coordinates": [[[701680.0, 1621340.0], [701680.0, 1621320.0], [701700.0, 1621320.0], [701700.0, 1621340.0], [701680.0, 1621340.0]]]}}, {"type": "Feature", "properties": {"year": 2035, "class_id": 2, "class_label": "expuesto_cierto_ambos"}, "geometry": {"type": "Polygon", "coordinates": [[[690840.0, 1621340.0], [690840.0, 1621300.0], [690860.0, 1621300.0], [690860.0, 1621320.0], [690880.0, 1621320.0], [690880.0, 1621340.0], [690840.0, 1621340.0]]]}}, {"type": "Feature", "properties": {"year": 2035, "class_id": 4, "class_label": "incierto"}, "geometry": {"type": "Polygon", "coordinates": [[[701740.0, 1621340.0], [701740.0, 1621300.0], [701760.0, 1621300.0], [701760.0, 1621340.0], [701740.0, 1621340.0]]]}}, {"type": "Feature", "properties": {"year": 2035, "class_id": 4, "class_label": "incierto"}, "geometry": {"type": "Polygon", "coordinates": [[[690860.0, 1621320.0], [690860.0, 1621300.0], [690880.0, 1621300.0], [690880.0, 1621320.0], [690860.0, 1621320.0]]]}}, {"type": "Feature", "properties": {"year": 2035, "class_id": 2, "class_label": "expuesto_cierto_ambos"}, "geometry": {"type": "Polygon", "coordinates": [[[691240.0, 1621320.0], [691240.0, 1621300.0], [691260.0, 1621300.0], [691260.0, 1621320.0], [691240.0, 1621320.0]]]}}, {"type": "Feature", "properties": {"year": 2035, "class_id": 4, "class_label": "incierto"}, "geometry": {"type": "Polygon", "coordinates": [[[699120.0, 1621320.0], [699120.0, 1621300.0], [699140.0, 1621300.0], [699140.0, 1621320.0], [699120.0, 1621320.0]]]}}, {"type": "Feature", "properties": {"year": 2035, "class_id": 2, "class_label": "expuesto_cierto_ambos"}, "geometry": {"type": "Polygon", "coordinates": [[[699140.0, 1621320.0], [699140.0, 1621300.0], [699160.0, 1621300.0], [699160.0, 1621320.0], [699140.0, 1621320.0]]]}}, {"type": "Feature", "properties": {"year": 2035, "class_id": 2, "class_label": "expuesto_cierto_ambos"}, "geometry": {"type": "Polygon", "coordinates": [[[690800.0, 1621300.0], [690800.0, 1621280.0], [690840.0, 1621280.0], [690840.0, 1621300.0], [690800.0, 1621300.0]]]}}, {"type": "Feature", "properties": {"year": 2035, "class_id": 4, "class_label": "incierto"}, "geometry": {"type": "Polygon", "coordinates": [[[690840.0, 1621300.0], [690840.0, 1621280.0], [690860.0, 1621280.0], [690860.0, 1621300.0], [690840.0, 1621300.0]]]}}, {"type": "Feature", "properties": {"year": 2035, "class_id": 2, "class_label": "expuesto_cierto_ambos"}, "geometry": {"type": "Polygon", "coordinates": [[[699120.0, 1621300.0], [699120.0, 1621280.0], [699140.0, 1621280.0], [699140.0, 1621300.0], [699120.0, 1621300.0]]]}}, {"type": "Feature", "properties": {"year": 2035, "class_id": 2, "class_label": "expuesto_cierto_ambos"}, "geometry": {"type": "Polygon", "coordinates": [[[699160.0, 1621300.0], [699160.0, 1621260.0], [699180.0, 1621260.0], [699180.0, 1621300.0], [699160.0, 1621300.0]]]}}, {"type": "Feature", "properties": {"year": 2035, "class_id": 4, "class_label": "incierto"}, "geometry": {"type": "Polygon", "coordinates": [[[689620.0, 1621280.0], [689620.0, 1621260.0], [689640.0, 1621260.0], [689640.0, 1621280.0], [689620.0, 1621280.0]]]}}, {"type": "Feature", "properties": {"year": 2035, "class_id": 2, "class_label": "expuesto_cierto_ambos"}, "geometry": {"type": "Polygon", "coordinates": [[[699120.0, 1621260.0], [699120.0, 1621240.0], [699140.0, 1621240.0], [699140.0, 1621260.0], [699120.0, 1621260.0]]]}}, {"type": "Feature", "properties": {"year": 2035, "class_id": 4, "class_label": "incierto"}, "geometry": {"type": "Polygon", "coordinates": [[[701760.0, 1621300.0], [701760.0, 1621260.0], [701740.0, 1621260.0], [701740.0, 1621240.0], [701780.0, 1621240.0], [701780.0, 1621300.0], [701760.0, 1621300.0]]]}}, {"type": "Feature", "properties": {"year": 2035, "class_id": 4, "class_label": "incierto"}, "geometry": {"type": "Polygon", "coordinates": [[[701720.0, 1621240.0], [701720.0, 1621220.0], [701740.0, 1621220.0], [701740.0, 1621240.0], [701720.0, 1621240.0]]]}}, {"type": "Feature", "properties": {"year": 2035, "class_id": 2, "class_label": "expuesto_cierto_ambos"}, "geometry": {"type": "Polygon", "coordinates": [[[701740.0, 1621240.0], [701740.0, 1621220.0], [701760.0, 1621220.0], [701760.0, 1621240.0], [701740.0, 1621240.0]]]}}, {"type": "Feature", "properties": {"year": 2035, "class_id": 4, "class_label": "incierto"}, "geometry": {"type": "Polygon", "coordinates": [[[689600.0, 1621240.0], [689600.0, 1621200.0], [689620.0, 1621200.0], [689620.0, 1621220.0], [689640.0, 1621220.0], [689640.0, 1621240.0], [689600.0, 1621240.0]]]}}, {"type": "Feature", "properties": {"year": 2035, "class_id": 4, "class_label": "incierto"}, "geometry": {"type": "Polygon", "coordinates": [[[701720.0, 1621200.0], [701720.0, 1621180.0], [701740.0, 1621180.0], [701740.0, 1621200.0], [701720.0, 1621200.0]]]}}, {"type": "Feature", "properties": {"year": 2035, "class_id": 2, "class_label": "expuesto_cierto_ambos"}, "geometry": {"type": "Polygon", "coordinates": [[[699060.0, 1621200.0], [699060.0, 1621160.0], [699080.0, 1621160.0], [699080.0, 1621200.0], [699060.0, 1621200.0]]]}}, {"type": "Feature", "properties": {"year": 2035, "class_id": 2, "class_label": "expuesto_cierto_ambos"}, "geometry": {"type": "Polygon", "coordinates": [[[701720.0, 1621340.0], [701720.0, 1621320.0], [701700.0, 1621320.0], [701700.0, 1621300.0], [701720.0, 1621300.0], [701720.0, 1621260.0], [701700.0, 1621260.0], [701700.0, 1621220.0], [701680.0, 1621220.0], [701680.0, 1621200.0], [701660.0, 1621200.0], [701660.0, 1621180.0], [701640.0, 1621180.0], [701640.0, 1621160.0], [701620.0, 1621160.0], [701620.0, 1621140.0], [701680.0, 1621140.0], [701680.0, 1621160.0], [701720.0, 1621160.0], [701720.0, 1621200.0], [701740.0, 1621200.0], [701740.0, 1621220.0], [701720.0, 1621220.0], [701720.0, 1621240.0], [701740.0, 1621240.0], [701740.0, 1621260.0], [701760.0, 1621260.0], [701760.0, 1621300.0], [701740.0, 1621300.0], [701740.0, 1621340.0], [701720.0, 1621340.0]]]}}, {"type": "Feature", "properties": {"year": 2035, "class_id": 4, "class_label": "incierto"}, "geometry": {"type": "Polygon", "coordinates": [[[689580.0, 1621200.0], [689580.0, 1621120.0], [689600.0, 1621120.0], [689600.0, 1621200.0], [689580.0, 1621200.0]]]}}, {"type": "Feature", "properties": {"year": 2035, "class_id": 2, "class_label": "expuesto_cierto_ambos"}, "geometry": {"type": "Polygon", "coordinates": [[[689680.0, 1621400.0], [689680.0, 1621360.0], [689640.0, 1621360.0], [689640.0, 1621260.0], [689620.0, 1621260.0], [689620.0, 1621240.0], [689640.0, 1621240.0], [689640.0, 1621220.0], [689620.0, 1621220.0], [689620.0, 1621200.0], [689600.0, 1621200.0], [689600.0, 1621120.0], [689620.0, 1621120.0], [689620.0, 1621100.0], [689640.0, 1621100.0], [689640.0, 1621120.0], [689660.0, 1621120.0], [689660.0, 1621140.0], [689640.0, 1621140.0], [689640.0, 1621180.0], [689660.0, 1621180.0], [689660.0, 1621220.0], [689680.0, 1621220.0], [689680.0, 1621280.0], [689700.0, 1621280.0], [689700.0, 1621300.0], [689680.0, 1621300.0], [689680.0, 1621340.0], [689700.0, 1621340.0], [689700.0, 1621360.0], [689720.0, 1621360.0], [689720.0, 1621380.0], [689700.0, 1621380.0], [689700.0, 1621400.0], [689680.0, 1621400.0]]]}}, {"type": "Feature", "properties": {"year": 2035, "class_id": 4, "class_label": "incierto"}, "geometry": {"type": "Polygon", "coordinates": [[[689600.0, 1621120.0], [689600.0, 1621100.0], [689620.0, 1621100.0], [689620.0, 1621120.0], [689600.0, 1621120.0]]]}}, {"type": "Feature", "properties": {"year": 2035, "class_id": 2, "class_label": "expuesto_cierto_ambos"}, "geometry": {"type": "Polygon", "coordinates": [[[701640.0, 1621120.0], [701640.0, 1621080.0], [701660.0, 1621080.0], [701660.0, 1621120.0], [701640.0, 1621120.0]]]}}, {"type": "Feature", "properties": {"year": 2035, "class_id": 2, "class_label": "expuesto_cierto_ambos"}, "geometry": {"type": "Polygon", "coordinates": [[[699480.0, 1621100.0], [699480.0, 1621080.0], [699500.0, 1621080.0], [699500.0, 1621100.0], [699480.0, 1621100.0]]]}}, {"type": "Feature", "properties": {"year": 2035, "class_id": 2, "class_label": "expuesto_cierto_ambos"}, "geometry": {"type": "Polygon", "coordinates": [[[699540.0, 1621100.0], [699540.0, 1621080.0], [699560.0, 1621080.0], [699560.0, 1621100.0], [699540.0, 1621100.0]]]}}, {"type": "Feature", "properties": {"year": 2035, "class_id": 2, "class_label": "expuesto_cierto_ambos"}, "geometry": {"type": "Polygon", "coordinates": [[[701600.0, 1621100.0], [701600.0, 1621080.0], [701620.0, 1621080.0], [701620.0, 1621100.0], [701600.0, 1621100.0]]]}}, {"type": "Feature", "properties": {"year": 2035, "class_id": 2, "class_label": "expuesto_cierto_ambos"}, "geometry": {"type": "Polygon", "coordinates": [[[699140.0, 1621140.0], [699140.0, 1621120.0], [699160.0, 1621120.0], [699160.0, 1621080.0], [699180.0, 1621080.0], [699180.0, 1621060.0], [699220.0, 1621060.0], [699220.0, 1621080.0], [699280.0, 1621080.0], [699280.0, 1621100.0], [699220.0, 1621100.0], [699220.0, 1621120.0], [699180.0, 1621120.0], [699180.0, 1621140.0], [699140.0, 1621140.0]]]}}, {"type": "Feature", "properties": {"year": 2035, "class_id": 2, "class_label": "expuesto_cierto_ambos"}, "geometry": {"type": "Polygon", "coordinates": [[[699300.0, 1621100.0], [699300.0, 1621060.0], [699320.0, 1621060.0], [699320.0, 1621080.0], [699340.0, 1621080.0], [699340.0, 1621100.0], [699300.0, 1621100.0]]]}}, {"type": "Feature", "properties": {"year": 2035, "class_id": 4, "class_label": "incierto"}, "geometry": {"type": "Polygon", "coordinates": [[[699160.0, 1621080.0], [699160.0, 1621060.0], [699180.0, 1621060.0], [699180.0, 1621080.0], [699160.0, 1621080.0]]]}}, {"type": "Feature", "properties": {"year": 2035, "class_id": 2, "class_label": "expuesto_cierto_ambos"}, "geometry": {"type": "Polygon", "coordinates": [[[699340.0, 1621080.0], [699340.0, 1621060.0], [699360.0, 1621060.0], [699360.0, 1621080.0], [699340.0, 1621080.0]]]}}, {"type": "Feature", "properties": {"year": 2035, "class_id": 2, "class_label": "expuesto_cierto_ambos"}, "geometry": {"type": "Polygon", "coordinates": [[[699500.0, 1621080.0], [699500.0, 1621060.0], [699540.0, 1621060.0], [699540.0, 1621080.0], [699500.0, 1621080.0]]]}}, {"type": "Feature", "properties": {"year": 2035, "class_id": 2, "class_label": "expuesto_cierto_ambos"}, "geometry": {"type": "Polygon", "coordinates": [[[699380.0, 1621080.0], [699380.0, 1621060.0], [699420.0, 1621060.0], [699420.0, 1621040.0], [699500.0, 1621040.0], [699500.0, 1621060.0], [699440.0, 1621060.0], [699440.0, 1621080.0], [699380.0, 1621080.0]]]}}, {"type": "Feature", "properties": {"year": 2035, "class_id": 4, "class_label": "incierto"}, "geometry": {"type": "Polygon", "coordinates": [[[689720.0, 1621060.0], [689720.0, 1621040.0], [689740.0, 1621040.0], [689740.0, 1621060.0], [689720.0, 1621060.0]]]}}, {"type": "Feature", "properties": {"year": 2035, "class_id": 2, "class_label": "expuesto_cierto_ambos"}, "geometry": {"type": "Polygon", "coordinates": [[[689720.0, 1621080.0], [689720.0, 1621060.0], [689740.0, 1621060.0], [689740.0, 1621040.0], [689760.0, 1621040.0], [689760.0, 1621020.0], [689800.0, 1621020.0], [689800.0, 1621040.0], [689780.0, 1621040.0], [689780.0, 1621080.0], [689720.0, 1621080.0]]]}}, {"type": "Feature", "properties": {"year": 2035, "class_id": 2, "class_label": "expuesto_cierto_ambos"}, "geometry": {"type": "Polygon", "coordinates": [[[699600.0, 1621080.0], [699600.0, 1621060.0], [699580.0, 1621060.0], [699580.0, 1621020.0], [699600.0, 1621020.0], [699600.0, 1621040.0], [699620.0, 1621040.0], [699620.0, 1621080.0], [699600.0, 1621080.0]]]}}, {"type": "Feature", "properties": {"year": 2035, "class_id": 2, "class_label": "expuesto_cierto_ambos"}, "geometry": {"type": "Polygon", "coordinates": [[[701540.0, 1621060.0], [701540.0, 1621040.0], [701580.0, 1621040.0], [701580.0, 1621020.0], [701600.0, 1621020.0], [701600.0, 1621040.0], [701620.0, 1621040.0], [701620.0, 1621060.0], [701540.0, 1621060.0]]]}}, {"type": "Feature", "properties": {"year": 2035, "class_id": 2, "class_label": "expuesto_cierto_ambos"}, "geometry": {"type": "Polygon", "coordinates": [[[689700.0, 1621060.0], [689700.0, 1621040.0], [689680.0, 1621040.0], [689680.0, 1621020.0], [689740.0, 1621020.0], [689740.0, 1621040.0], [689720.0, 1621040.0], [689720.0, 1621060.0], [689700.0, 1621060.0]]]}}, {"type": "Feature", "properties": {"year": 2035, "class_id": 4, "class_label": "incierto"}, "geometry": {"type": "Polygon", "coordinates": [[[699600.0, 1621040.0], [699600.0, 1621020.0], [699620.0, 1621020.0], [699620.0, 1621040.0], [699600.0, 1621040.0]]]}}, {"type": "Feature", "properties": {"year": 2035, "class_id": 2, "class_label": "expuesto_cierto_ambos"}, "geometry": {"type": "Polygon", "coordinates": [[[701520.0, 1621040.0], [701520.0, 1621020.0], [701540.0, 1621020.0], [701540.0, 1621040.0], [701520.0, 1621040.0]]]}}, {"type": "Feature", "properties": {"year": 2035, "class_id": 4, "class_label": "incierto"}, "geometry": {"type": "Polygon", "coordinates": [[[699420.0, 1621040.0], [699420.0, 1621020.0], [699440.0, 1621020.0], [699440.0, 1621000.0], [699460.0, 1621000.0], [699460.0, 1621020.0], [699500.0, 1621020.0], [699500.0, 1621040.0], [699420.0, 1621040.0]]]}}, {"type": "Feature", "properties": {"year": 2035, "class_id": 4, "class_label": "incierto"}, "geometry": {"type": "Polygon", "coordinates": [[[701540.0, 1621040.0], [701540.0, 1621020.0], [701560.0, 1621020.0], [701560.0, 1621000.0], [701580.0, 1621000.0], [701580.0, 1621040.0], [701540.0, 1621040.0]]]}}, {"type": "Feature", "properties": {"year": 2035, "class_id": 2, "class_label": "expuesto_cierto_ambos"}, "geometry": {"type": "Polygon", "coordinates": [[[689820.0, 1621020.0], [689820.0, 1621000.0], [689840.0, 1621000.0], [689840.0, 1621020.0], [689820.0, 1621020.0]]]}}, {"type": "Feature", "properties": {"year": 2035, "class_id": 2, "class_label": "expuesto_cierto_ambos"}, "geometry": {"type": "Polygon", "coordinates": [[[699460.0, 1621020.0], [699460.0, 1621000.0], [699480.0, 1621000.0], [699480.0, 1621020.0], [699460.0, 1621020.0]]]}}, {"type": "Feature", "properties": {"year": 2035, "class_id": 2, "class_label": "expuesto_cierto_ambos"}, "geometry": {"type": "Polygon", "coordinates": [[[699660.0, 1621020.0], [699660.0, 1621000.0], [699680.0, 1621000.0], [699680.0, 1621020.0], [699660.0, 1621020.0]]]}}, {"type": "Feature", "properties": {"year": 2035, "class_id": 2, "class_label": "expuesto_cierto_ambos"}, "geometry": {"type": "Polygon", "coordinates": [[[699820.0, 1621020.0], [699820.0, 1621000.0], [699840.0, 1621000.0], [699840.0, 1621020.0], [699820.0, 1621020.0]]]}}, {"type": "Feature", "properties": {"year": 2035, "class_id": 2, "class_label": "expuesto_cierto_ambos"}, "geometry": {"type": "Polygon", "coordinates": [[[701540.0, 1621020.0], [701540.0, 1621000.0], [701560.0, 1621000.0], [701560.0, 1621020.0], [701540.0, 1621020.0]]]}}, {"type": "Feature", "properties": {"year": 2035, "class_id": 2, "class_label": "expuesto_cierto_ambos"}, "geometry": {"type": "Polygon", "coordinates": [[[701480.0, 1621000.0], [701480.0, 1620980.0], [701500.0, 1620980.0], [701500.0, 1621000.0], [701480.0, 1621000.0]]]}}, {"type": "Feature", "properties": {"year": 2035, "class_id": 2, "class_label": "expuesto_cierto_ambos"}, "geometry": {"type": "Polygon", "coordinates": [[[689880.0, 1621000.0], [689880.0, 1620960.0], [689900.0, 1620960.0], [689900.0, 1621000.0], [689880.0, 1621000.0]]]}}, {"type": "Feature", "properties": {"year": 2035, "class_id": 2, "class_label": "expuesto_cierto_ambos"}, "geometry": {"type": "Polygon", "coordinates": [[[699820.0, 1620980.0], [699820.0, 1620960.0], [699840.0, 1620960.0], [699840.0, 1620940.0], [699860.0, 1620940.0], [699860.0, 1620980.0], [699820.0, 1620980.0]]]}}, {"type": "Feature", "properties": {"year": 2035, "class_id": 2, "class_label": "expuesto_cierto_ambos"}, "geometry": {"type": "Polygon", "coordinates": [[[689920.0, 1620960.0], [689920.0, 1620940.0], [689940.0, 1620940.0], [689940.0, 1620960.0], [689920.0, 1620960.0]]]}}, {"type": "Feature", "properties": {"year": 2035, "class_id": 2, "class_label": "expuesto_cierto_ambos"}, "geometry": {"type": "Polygon", "coordinates": [[[689960.0, 1620960.0], [689960.0, 1620940.0], [689980.0, 1620940.0], [689980.0, 1620960.0], [689960.0, 1620960.0]]]}}, {"type": "Feature", "properties": {"year": 2035, "class_id": 2, "class_label": "expuesto_cierto_ambos"}, "geometry": {"type": "Polygon", "coordinates": [[[690400.0, 1620940.0], [690400.0, 1620920.0], [690420.0, 1620920.0], [690420.0, 1620940.0], [690400.0, 1620940.0]]]}}, {"type": "Feature", "properties": {"year": 2035, "class_id": 2, "class_label": "expuesto_cierto_ambos"}, "geometry": {"type": "Polygon", "coordinates": [[[690020.0, 1620900.0], [690020.0, 1620880.0], [690040.0, 1620880.0], [690040.0, 1620900.0], [690020.0, 1620900.0]]]}}, {"type": "Feature", "properties": {"year": 2035, "class_id": 2, "class_label": "expuesto_cierto_ambos"}, "geometry": {"type": "Polygon", "coordinates": [[[690400.0, 1620900.0], [690400.0, 1620880.0], [690420.0, 1620880.0], [690420.0, 1620900.0], [690400.0, 1620900.0]]]}}, {"type": "Feature", "properties": {"year": 2035, "class_id": 2, "class_label": "expuesto_cierto_ambos"}, "geometry": {"type": "Polygon", "coordinates": [[[690620.0, 1620900.0], [690620.0, 1620880.0], [690640.0, 1620880.0], [690640.0, 1620900.0], [690620.0, 1620900.0]]]}}, {"type": "Feature", "properties": {"year": 2035, "class_id": 4, "class_label": "incierto"}, "geometry": {"type": "Polygon", "coordinates": [[[690020.0, 1620880.0], [690020.0, 1620860.0], [690040.0, 1620860.0], [690040.0, 1620880.0], [690020.0, 1620880.0]]]}}, {"type": "Feature", "properties": {"year": 2035, "class_id": 2, "class_label": "expuesto_cierto_ambos"}, "geometry": {"type": "Polygon", "coordinates": [[[690040.0, 1620880.0], [690040.0, 1620860.0], [690060.0, 1620860.0], [690060.0, 1620880.0], [690040.0, 1620880.0]]]}}, {"type": "Feature", "properties": {"year": 2035, "class_id": 2, "class_label": "expuesto_cierto_ambos"}, "geometry": {"type": "Polygon", "coordinates": [[[701400.0, 1620860.0], [701400.0, 1620840.0], [701420.0, 1620840.0], [701420.0, 1620860.0], [701400.0, 1620860.0]]]}}, {"type": "Feature", "properties": {"year": 2035, "class_id": 4, "class_label": "incierto"}, "geometry": {"type": "Polygon", "coordinates": [[[701180.0, 1620840.0], [701180.0, 1620820.0], [701200.0, 1620820.0], [701200.0, 1620800.0], [701240.0, 1620800.0], [701240.0, 1620820.0], [701220.0, 1620820.0], [701220.0, 1620840.0], [701180.0, 1620840.0]]]}}, {"type": "Feature", "properties": {"year": 2035, "class_id": 2, "class_label": "expuesto_cierto_ambos"}, "geometry": {"type": "Polygon", "coordinates": [[[690440.0, 1620820.0], [690440.0, 1620800.0], [690460.0, 1620800.0], [690460.0, 1620820.0], [690440.0, 1620820.0]]]}}, {"type": "Feature", "properties": {"year": 2035, "class_id": 2, "class_label": "expuesto_cierto_ambos"}, "geometry": {"type": "Polygon", "coordinates": [[[699900.0, 1620900.0], [699900.0, 1620880.0], [699920.0, 1620880.0], [699920.0, 1620780.0], [699980.0, 1620780.0], [699980.0, 1620800.0], [699960.0, 1620800.0], [699960.0, 1620840.0], [699980.0, 1620840.0], [699980.0, 1620860.0], [699940.0, 1620860.0], [699940.0, 1620900.0], [699900.0, 1620900.0]]]}}, {"type": "Feature", "properties": {"year": 2035, "class_id": 4, "class_label": "incierto"}, "geometry": {"type": "Polygon", "coordinates": [[[701080.0, 1620800.0], [701080.0, 1620780.0], [701160.0, 1620780.0], [701160.0, 1620800.0], [701080.0, 1620800.0]]]}}, {"type": "Feature", "properties": {"year": 2035, "class_id": 2, "class_label": "expuesto_cierto_ambos"}, "geometry": {"type": "Polygon", "coordinates": [[[701300.0, 1620900.0], [701300.0, 1620880.0], [701200.0, 1620880.0], [701200.0, 1620860.0], [701120.0, 1620860.0], [701120.0, 1620840.0], [701060.0, 1620840.0], [701060.0, 1620760.0], [701080.0, 1620760.0], [701080.0, 1620800.0], [701200.0, 1620800.0], [701200.0, 1620820.0], [701180.0, 1620820.0], [701180.0, 1620840.0], [701220.0, 1620840.0], [701220.0, 1620820.0], [701300.0, 1620820.0], [701300.0, 1620840.0], [701340.0, 1620840.0], [701340.0, 1620860.0], [701360.0, 1620860.0], [701360.0, 1620900.0], [701300.0, 1620900.0]]]}}, {"type": "Feature", "properties": {"year": 2035, "class_id": 2, "class_label": "expuesto_cierto_ambos"}, "geometry": {"type": "Polygon", "coordinates": [[[690060.0, 1620820.0], [690060.0, 1620740.0], [690100.0, 1620740.0], [690100.0, 1620780.0], [690080.0, 1620780.0], [690080.0, 1620820.0], [690060.0, 1620820.0]]]}}, {"type": "Feature", "properties": {"year": 2035, "class_id": 1, "class_label": "agua_cierta_ambos"}, "geometry": {"type": "Polygon", "coordinates": [[[690420.0, 1620840.0], [690420.0, 1620800.0], [690400.0, 1620800.0], [690400.0, 1620760.0], [690420.0, 1620760.0], [690420.0, 1620740.0], [690440.0, 1620740.0], [690440.0, 1620780.0], [690460.0, 1620780.0], [690460.0, 1620800.0], [690440.0, 1620800.0], [690440.0, 1620840.0], [690420.0, 1620840.0]]]}}, {"type": "Feature", "properties": {"year": 2035, "class_id": 1, "class_label": "agua_cierta_ambos"}, "geometry": {"type": "Polygon", "coordinates": [[[690460.0, 1620740.0], [690460.0, 1620720.0], [690480.0, 1620720.0], [690480.0, 1620740.0], [690460.0, 1620740.0]]]}}, {"type": "Feature", "properties": {"year": 2035, "class_id": 2, "class_label": "expuesto_cierto_ambos"}, "geometry": {"type": "Polygon", "coordinates": [[[690080.0, 1620720.0], [690080.0, 1620700.0], [690120.0, 1620700.0], [690120.0, 1620720.0], [690080.0, 1620720.0]]]}}, {"type": "Feature", "properties": {"year": 2035, "class_id": 2, "class_label": "expuesto_cierto_ambos"}, "geometry": {"type": "Polygon", "coordinates": [[[701000.0, 1620740.0], [701000.0, 1620720.0], [700980.0, 1620720.0], [700980.0, 1620700.0], [701020.0, 1620700.0], [701020.0, 1620720.0], [701040.0, 1620720.0], [701040.0, 1620740.0], [701000.0, 1620740.0]]]}}, {"type": "Feature", "properties": {"year": 2035, "class_id": 2, "class_label": "expuesto_cierto_ambos"}, "geometry": {"type": "Polygon", "coordinates": [[[699920.0, 1620740.0], [699920.0, 1620720.0], [699880.0, 1620720.0], [699880.0, 1620700.0], [699900.0, 1620700.0], [699900.0, 1620680.0], [699980.0, 1620680.0], [699980.0, 1620700.0], [699940.0, 1620700.0], [699940.0, 1620720.0], [699960.0, 1620720.0], [699960.0, 1620740.0], [699920.0, 1620740.0]]]}}, {"type": "Feature", "properties": {"year": 2035, "class_id": 2, "class_label": "expuesto_cierto_ambos"}, "geometry": {"type": "Polygon", "coordinates": [[[690600.0, 1620700.0], [690600.0, 1620680.0], [690640.0, 1620680.0], [690640.0, 1620700.0], [690600.0, 1620700.0]]]}}, {"type": "Feature", "properties": {"year": 2035, "class_id": 2, "class_label": "expuesto_cierto_ambos"}, "geometry": {"type": "Polygon", "coordinates": [[[700040.0, 1620680.0], [700040.0, 1620660.0], [700060.0, 1620660.0], [700060.0, 1620680.0], [700040.0, 1620680.0]]]}}, {"type": "Feature", "properties": {"year": 2035, "class_id": 2, "class_label": "expuesto_cierto_ambos"}, "geometry": {"type": "Polygon", "coordinates": [[[690740.0, 1620680.0], [690740.0, 1620640.0], [690760.0, 1620640.0], [690760.0, 1620660.0], [690780.0, 1620660.0], [690780.0, 1620680.0], [690740.0, 1620680.0]]]}}, {"type": "Feature", "properties": {"year": 2035, "class_id": 2, "class_label": "expuesto_cierto_ambos"}, "geometry": {"type": "Polygon", "coordinates": [[[690800.0, 1620660.0], [690800.0, 1620640.0], [690820.0, 1620640.0], [690820.0, 1620660.0], [690800.0, 1620660.0]]]}}, {"type": "Feature", "properties": {"year": 2035, "class_id": 4, "class_label": "incierto"}, "geometry": {"type": "Polygon", "coordinates": [[[699860.0, 1620700.0], [699860.0, 1620660.0], [699840.0, 1620660.0], [699840.0, 1620640.0], [699880.0, 1620640.0], [699880.0, 1620660.0], [699900.0, 1620660.0], [699900.0, 1620700.0], [699860.0, 1620700.0]]]}}, {"type": "Feature", "properties": {"year": 2035, "class_id": 2, "class_label": "expuesto_cierto_ambos"}, "geometry": {"type": "Polygon", "coordinates": [[[700080.0, 1620660.0], [700080.0, 1620640.0], [700100.0, 1620640.0], [700100.0, 1620660.0], [700080.0, 1620660.0]]]}}, {"type": "Feature", "properties": {"year": 2035, "class_id": 2, "class_label": "expuesto_cierto_ambos"}, "geometry": {"type": "Polygon", "coordinates": [[[690760.0, 1620640.0], [690760.0, 1620620.0], [690780.0, 1620620.0], [690780.0, 1620640.0], [690760.0, 1620640.0]]]}}, {"type": "Feature", "properties": {"year": 2035, "class_id": 2, "class_label": "expuesto_cierto_ambos"}, "geometry": {"type": "Polygon", "coordinates": [[[690820.0, 1620620.0], [690820.0, 1620600.0], [690840.0, 1620600.0], [690840.0, 1620620.0], [690820.0, 1620620.0]]]}}, {"type": "Feature", "properties": {"year": 2035, "class_id": 2, "class_label": "expuesto_cierto_ambos"}, "geometry": {"type": "Polygon", "coordinates": [[[690860.0, 1620600.0], [690860.0, 1620560.0], [690880.0, 1620560.0], [690880.0, 1620600.0], [690860.0, 1620600.0]]]}}, {"type": "Feature", "properties": {"year": 2035, "class_id": 2, "class_label": "expuesto_cierto_ambos"}, "geometry": {"type": "Polygon", "coordinates": [[[690700.0, 1620600.0], [690700.0, 1620580.0], [690680.0, 1620580.0], [690680.0, 1620540.0], [690740.0, 1620540.0], [690740.0, 1620580.0], [690720.0, 1620580.0], [690720.0, 1620600.0], [690700.0, 1620600.0]]]}}, {"type": "Feature", "properties": {"year": 2035, "class_id": 2, "class_label": "expuesto_cierto_ambos"}, "geometry": {"type": "Polygon", "coordinates": [[[690760.0, 1620580.0], [690760.0, 1620540.0], [690780.0, 1620540.0], [690780.0, 1620560.0], [690800.0, 1620560.0], [690800.0, 1620580.0], [690760.0, 1620580.0]]]}}, {"type": "Feature", "properties": {"year": 2035, "class_id": 2, "class_label": "expuesto_cierto_ambos"}, "geometry": {"type": "Polygon", "coordinates": [[[690640.0, 1620560.0], [690640.0, 1620540.0], [690660.0, 1620540.0], [690660.0, 1620560.0], [690640.0, 1620560.0]]]}}, {"type": "Feature", "properties": {"year": 2035, "class_id": 2, "class_label": "expuesto_cierto_ambos"}, "geometry": {"type": "Polygon", "coordinates": [[[690820.0, 1620560.0], [690820.0, 1620540.0], [690840.0, 1620540.0], [690840.0, 1620560.0], [690820.0, 1620560.0]]]}}, {"type": "Feature", "properties": {"year": 2035, "class_id": 2, "class_label": "expuesto_cierto_ambos"}, "geometry": {"type": "Polygon", "coordinates": [[[690140.0, 1620560.0], [690140.0, 1620520.0], [690160.0, 1620520.0], [690160.0, 1620540.0], [690180.0, 1620540.0], [690180.0, 1620560.0], [690140.0, 1620560.0]]]}}, {"type": "Feature", "properties": {"year": 2035, "class_id": 2, "class_label": "expuesto_cierto_ambos"}, "geometry": {"type": "Polygon", "coordinates": [[[690600.0, 1620540.0], [690600.0, 1620520.0], [690640.0, 1620520.0], [690640.0, 1620540.0], [690600.0, 1620540.0]]]}}, {"type": "Feature", "properties": {"year": 2035, "class_id": 4, "class_label": "incierto"}, "geometry": {"type": "Polygon", "coordinates": [[[690640.0, 1620540.0], [690640.0, 1620520.0], [690660.0, 1620520.0], [690660.0, 1620540.0], [690640.0, 1620540.0]]]}}, {"type": "Feature", "properties": {"year": 2035, "class_id": 2, "class_label": "expuesto_cierto_ambos"}, "geometry": {"type": "Polygon", "coordinates": [[[690660.0, 1620540.0], [690660.0, 1620520.0], [690680.0, 1620520.0], [690680.0, 1620540.0], [690660.0, 1620540.0]]]}}, {"type": "Feature", "properties": {"year": 2035, "class_id": 4, "class_label": "incierto"}, "geometry": {"type": "Polygon", "coordinates": [[[690680.0, 1620540.0], [690680.0, 1620520.0], [690720.0, 1620520.0], [690720.0, 1620540.0], [690680.0, 1620540.0]]]}}, {"type": "Feature", "properties": {"year": 2035, "class_id": 2, "class_label": "expuesto_cierto_ambos"}, "geometry": {"type": "Polygon", "coordinates": [[[690560.0, 1620520.0], [690560.0, 1620500.0], [690580.0, 1620500.0], [690580.0, 1620520.0], [690560.0, 1620520.0]]]}}, {"type": "Feature", "properties": {"year": 2035, "class_id": 2, "class_label": "expuesto_cierto_ambos"}, "geometry": {"type": "Polygon", "coordinates": [[[700840.0, 1620520.0], [700840.0, 1620500.0], [700860.0, 1620500.0], [700860.0, 1620520.0], [700840.0, 1620520.0]]]}}, {"type": "Feature", "properties": {"year": 2035, "class_id": 4, "class_label": "incierto"}, "geometry": {"type": "Polygon", "coordinates": [[[700860.0, 1620520.0], [700860.0, 1620500.0], [700880.0, 1620500.0], [700880.0, 1620520.0], [700860.0, 1620520.0]]]}}, {"type": "Feature", "properties": {"year": 2035, "class_id": 2, "class_label": "expuesto_cierto_ambos"}, "geometry": {"type": "Polygon", "coordinates": [[[700860.0, 1620500.0], [700860.0, 1620480.0], [700880.0, 1620480.0], [700880.0, 1620500.0], [700860.0, 1620500.0]]]}}, {"type": "Feature", "properties": {"year": 2035, "class_id": 2, "class_label": "expuesto_cierto_ambos"}, "geometry": {"type": "Polygon", "coordinates": [[[690520.0, 1620500.0], [690520.0, 1620460.0], [690540.0, 1620460.0], [690540.0, 1620500.0], [690520.0, 1620500.0]]]}}, {"type": "Feature", "properties": {"year": 2035, "class_id": 2, "class_label": "expuesto_cierto_ambos"}, "geometry": {"type": "Polygon", "coordinates": [[[690140.0, 1620480.0], [690140.0, 1620460.0], [690160.0, 1620460.0], [690160.0, 1620480.0], [690140.0, 1620480.0]]]}}, {"type": "Feature", "properties": {"year": 2035, "class_id": 2, "class_label": "expuesto_cierto_ambos"}, "geometry": {"type": "Polygon", "coordinates": [[[700880.0, 1620480.0], [700880.0, 1620460.0], [700900.0, 1620460.0], [700900.0, 1620480.0], [700880.0, 1620480.0]]]}}, {"type": "Feature", "properties": {"year": 2035, "class_id": 4, "class_label": "incierto"}, "geometry": {"type": "Polygon", "coordinates": [[[700900.0, 1620480.0], [700900.0, 1620460.0], [700920.0, 1620460.0], [700920.0, 1620480.0], [700900.0, 1620480.0]]]}}, {"type": "Feature", "properties": {"year": 2035, "class_id": 2, "class_label": "expuesto_cierto_ambos"}, "geometry": {"type": "Polygon", "coordinates": [[[690500.0, 1620460.0], [690500.0, 1620440.0], [690520.0, 1620440.0], [690520.0, 1620460.0], [690500.0, 1620460.0]]]}}, {"type": "Feature", "properties": {"year": 2035, "class_id": 4, "class_label": "incierto"}, "geometry": {"type": "Polygon", "coordinates": [[[700920.0, 1620460.0], [700920.0, 1620420.0], [700940.0, 1620420.0], [700940.0, 1620460.0], [700920.0, 1620460.0]]]}}, {"type": "Feature", "properties": {"year": 2035, "class_id": 2, "class_label": "expuesto_cierto_ambos"}, "geometry": {"type": "Polygon", "coordinates": [[[690460.0, 1620440.0], [690460.0, 1620420.0], [690480.0, 1620420.0], [690480.0, 1620440.0], [690460.0, 1620440.0]]]}}, {"type": "Feature", "properties": {"year": 2035, "class_id": 2, "class_label": "expuesto_cierto_ambos"}, "geometry": {"type": "Polygon", "coordinates": [[[700100.0, 1620440.0], [700100.0, 1620420.0], [700120.0, 1620420.0], [700120.0, 1620440.0], [700100.0, 1620440.0]]]}}, {"type": "Feature", "properties": {"year": 2035, "class_id": 4, "class_label": "incierto"}, "geometry": {"type": "Polygon", "coordinates": [[[690040.0, 1620420.0], [690040.0, 1620400.0], [690060.0, 1620400.0], [690060.0, 1620420.0], [690040.0, 1620420.0]]]}}, {"type": "Feature", "properties": {"year": 2035, "class_id": 2, "class_label": "expuesto_cierto_ambos"}, "geometry": {"type": "Polygon", "coordinates": [[[690060.0, 1620420.0], [690060.0, 1620400.0], [690080.0, 1620400.0], [690080.0, 1620420.0], [690060.0, 1620420.0]]]}}, {"type": "Feature", "properties": {"year": 2035, "class_id": 2, "class_label": "expuesto_cierto_ambos"}, "geometry": {"type": "Polygon", "coordinates": [[[690440.0, 1620420.0], [690440.0, 1620380.0], [690460.0, 1620380.0], [690460.0, 1620420.0], [690440.0, 1620420.0]]]}}, {"type": "Feature", "properties": {"year": 2035, "class_id": 2, "class_label": "expuesto_cierto_ambos"}, "geometry": {"type": "Polygon", "coordinates": [[[690040.0, 1620400.0], [690040.0, 1620380.0], [690060.0, 1620380.0], [690060.0, 1620400.0], [690040.0, 1620400.0]]]}}, {"type": "Feature", "properties": {"year": 2035, "class_id": 2, "class_label": "expuesto_cierto_ambos"}, "geometry": {"type": "Polygon", "coordinates": [[[700900.0, 1620460.0], [700900.0, 1620440.0], [700880.0, 1620440.0], [700880.0, 1620420.0], [700900.0, 1620420.0], [700900.0, 1620400.0], [700920.0, 1620400.0], [700920.0, 1620360.0], [700940.0, 1620360.0], [700940.0, 1620420.0], [700920.0, 1620420.0], [700920.0, 1620460.0], [700900.0, 1620460.0]]]}}, {"type": "Feature", "properties": {"year": 2035, "class_id": 4, "class_label": "incierto"}, "geometry": {"type": "Polygon", "coordinates": [[[700940.0, 1620380.0], [700940.0, 1620360.0], [700960.0, 1620360.0], [700960.0, 1620380.0], [700940.0, 1620380.0]]]}}, {"type": "Feature", "properties": {"year": 2035, "class_id": 4, "class_label": "incierto"}, "geometry": {"type": "Polygon", "coordinates": [[[689920.0, 1620360.0], [689920.0, 1620340.0], [689980.0, 1620340.0], [689980.0, 1620360.0], [689920.0, 1620360.0]]]}}, {"type": "Feature", "properties": {"year": 2035, "class_id": 2, "class_label": "expuesto_cierto_ambos"}, "geometry": {"type": "Polygon", "coordinates": [[[700940.0, 1620360.0], [700940.0, 1620340.0], [700960.0, 1620340.0], [700960.0, 1620360.0], [700940.0, 1620360.0]]]}}, {"type": "Feature", "properties": {"year": 2035, "class_id": 4, "class_label": "incierto"}, "geometry": {"type": "Polygon", "coordinates": [[[689880.0, 1620340.0], [689880.0, 1620320.0], [689900.0, 1620320.0], [689900.0, 1620340.0], [689880.0, 1620340.0]]]}}, {"type": "Feature", "properties": {"year": 2035, "class_id": 2, "class_label": "expuesto_cierto_ambos"}, "geometry": {"type": "Polygon", "coordinates": [[[700160.0, 1620340.0], [700160.0, 1620320.0], [700180.0, 1620320.0], [700180.0, 1620340.0], [700160.0, 1620340.0]]]}}, {"type": "Feature", "properties": {"year": 2035, "class_id": 4, "class_label": "incierto"}, "geometry": {"type": "Polygon", "coordinates": [[[689820.0, 1620320.0], [689820.0, 1620300.0], [689860.0, 1620300.0], [689860.0, 1620320.0], [689820.0, 1620320.0]]]}}, {"type": "Feature", "properties": {"year": 2035, "class_id": 2, "class_label": "expuesto_cierto_ambos"}, "geometry": {"type": "Polygon", "coordinates": [[[700200.0, 1620320.0], [700200.0, 1620300.0], [700220.0, 1620300.0], [700220.0, 1620320.0], [700200.0, 1620320.0]]]}}, {"type": "Feature", "properties": {"year": 2035, "class_id": 4, "class_label": "incierto"}, "geometry": {"type": "Polygon", "coordinates": [[[689780.0, 1620300.0], [689780.0, 1620280.0], [689820.0, 1620280.0], [689820.0, 1620300.0], [689780.0, 1620300.0]]]}}, {"type": "Feature", "properties": {"year": 2035, "class_id": 2, "class_label": "expuesto_cierto_ambos"}, "geometry": {"type": "Polygon", "coordinates": [[[700160.0, 1620300.0], [700160.0, 1620280.0], [700180.0, 1620280.0], [700180.0, 1620300.0], [700160.0, 1620300.0]]]}}, {"type": "Feature", "properties": {"year": 2035, "class_id": 2, "class_label": "expuesto_cierto_ambos"}, "geometry": {"type": "Polygon", "coordinates": [[[690400.0, 1620400.0], [690400.0, 1620340.0], [690380.0, 1620340.0], [690380.0, 1620320.0], [690400.0, 1620320.0], [690400.0, 1620260.0], [690420.0, 1620260.0], [690420.0, 1620320.0], [690440.0, 1620320.0], [690440.0, 1620360.0], [690420.0, 1620360.0], [690420.0, 1620400.0], [690400.0, 1620400.0]]]}}, {"type": "Feature", "properties": {"year": 2035, "class_id": 2, "class_label": "expuesto_cierto_ambos"}, "geometry": {"type": "Polygon", "coordinates": [[[689980.0, 1620360.0], [689980.0, 1620340.0], [689900.0, 1620340.0], [689900.0, 1620320.0], [689860.0, 1620320.0], [689860.0, 1620300.0], [689820.0, 1620300.0], [689820.0, 1620280.0], [689840.0, 1620280.0], [689840.0, 1620260.0], [689860.0, 1620260.0], [689860.0, 1620280.0], [689920.0, 1620280.0], [689920.0, 1620320.0], [690000.0, 1620320.0], [690000.0, 1620340.0], [690020.0, 1620340.0], [690020.0, 1620360.0], [689980.0, 1620360.0]]]}}, {"type": "Feature", "properties": {"year": 2035, "class_id": 4, "class_label": "incierto"}, "geometry": {"type": "Polygon", "coordinates": [[[689820.0, 1620280.0], [689820.0, 1620260.0], [689840.0, 1620260.0], [689840.0, 1620280.0], [689820.0, 1620280.0]]]}}, {"type": "Feature", "properties": {"year": 2035, "class_id": 4, "class_label": "incierto"}, "geometry": {"type": "Polygon", "coordinates": [[[701020.0, 1620300.0], [701020.0, 1620260.0], [701040.0, 1620260.0], [701040.0, 1620240.0], [701060.0, 1620240.0], [701060.0, 1620280.0], [701040.0, 1620280.0], [701040.0, 1620300.0], [701020.0, 1620300.0]]]}}, {"type": "Feature", "properties": {"year": 2035, "class_id": 4, "class_label": "incierto"}, "geometry": {"type": "Polygon", "coordinates": [[[690400.0, 1620260.0], [690400.0, 1620240.0], [690420.0, 1620240.0], [690420.0, 1620260.0], [690400.0, 1620260.0]]]}}, {"type": "Feature", "properties": {"year": 2035, "class_id": 4, "class_label": "incierto"}, "geometry": {"type": "Polygon", "coordinates": [[[700100.0, 1620240.0], [700100.0, 1620220.0], [700120.0, 1620220.0], [700120.0, 1620240.0], [700100.0, 1620240.0]]]}}, {"type": "Feature", "properties": {"year": 2035, "class_id": 2, "class_label": "expuesto_cierto_ambos"}, "geometry": {"type": "Polygon", "coordinates": [[[700960.0, 1620320.0], [700960.0, 1620280.0], [700980.0, 1620280.0], [700980.0, 1620260.0], [701000.0, 1620260.0], [701000.0, 1620240.0], [701020.0, 1620240.0], [701020.0, 1620200.0], [701040.0, 1620200.0], [701040.0, 1620220.0], [701060.0, 1620220.0], [701060.0, 1620240.0], [701040.0, 1620240.0], [701040.0, 1620260.0], [701020.0, 1620260.0], [701020.0, 1620320.0], [700960.0, 1620320.0]]]}}, {"type": "Feature", "properties": {"year": 2035, "class_id": 2, "class_label": "expuesto_cierto_ambos"}, "geometry": {"type": "Polygon", "coordinates": [[[700100.0, 1620220.0], [700100.0, 1620200.0], [700120.0, 1620200.0], [700120.0, 1620220.0], [700100.0, 1620220.0]]]}}, {"type": "Feature", "properties": {"year": 2035, "class_id": 2, "class_label": "expuesto_cierto_ambos"}, "geometry": {"type": "Polygon", "coordinates": [[[700120.0, 1620260.0], [700120.0, 1620220.0], [700140.0, 1620220.0], [700140.0, 1620180.0], [700160.0, 1620180.0], [700160.0, 1620240.0], [700140.0, 1620240.0], [700140.0, 1620260.0], [700120.0, 1620260.0]]]}}, {"type": "Feature", "properties": {"year": 2035, "class_id": 4, "class_label": "incierto"}, "geometry": {"type": "Polygon", "coordinates": [[[700120.0, 1620220.0], [700120.0, 1620200.0], [700080.0, 1620200.0], [700080.0, 1620180.0], [700140.0, 1620180.0], [700140.0, 1620220.0], [700120.0, 1620220.0]]]}}, {"type": "Feature", "properties": {"year": 2035, "class_id": 2, "class_label": "expuesto_cierto_ambos"}, "geometry": {"type": "Polygon", "coordinates": [[[690360.0, 1620280.0], [690360.0, 1620260.0], [690340.0, 1620260.0], [690340.0, 1620240.0], [690360.0, 1620240.0], [690360.0, 1620200.0], [690340.0, 1620200.0], [690340.0, 1620160.0], [690360.0, 1620160.0], [690360.0, 1620180.0], [690380.0, 1620180.0], [690380.0, 1620220.0], [690400.0, 1620220.0], [690400.0, 1620260.0], [690380.0, 1620260.0], [690380.0, 1620280.0], [690360.0, 1620280.0]]]}}, {"type": "Feature", "properties": {"year": 2035, "class_id": 4, "class_label": "incierto"}, "geometry": {"type": "Polygon", "coordinates": [[[689700.0, 1620240.0], [689700.0, 1620180.0], [689680.0, 1620180.0], [689680.0, 1620160.0], [689720.0, 1620160.0], [689720.0, 1620240.0], [689700.0, 1620240.0]]]}}, {"type": "Feature", "properties": {"year": 2035, "class_id": 2, "class_label": "expuesto_cierto_ambos"}, "geometry": {"type": "Polygon", "coordinates": [[[701000.0, 1620160.0], [701000.0, 1620140.0], [701020.0, 1620140.0], [701020.0, 1620160.0], [701000.0, 1620160.0]]]}}, {"type": "Feature", "properties": {"year": 2035, "class_id": 2, "class_label": "expuesto_cierto_ambos"}, "geometry": {"type": "Polygon", "coordinates": [[[690340.0, 1620140.0], [690340.0, 1620120.0], [690360.0, 1620120.0], [690360.0, 1620140.0], [690340.0, 1620140.0]]]}}, {"type": "Feature", "properties": {"year": 2035, "class_id": 2, "class_label": "expuesto_cierto_ambos"}, "geometry": {"type": "Polygon", "coordinates": [[[701020.0, 1620140.0], [701020.0, 1620120.0], [701060.0, 1620120.0], [701060.0, 1620140.0], [701020.0, 1620140.0]]]}}, {"type": "Feature", "properties": {"year": 2035, "class_id": 2, "class_label": "expuesto_cierto_ambos"}, "geometry": {"type": "Polygon", "coordinates": [[[700080.0, 1620180.0], [700080.0, 1620120.0], [700100.0, 1620120.0], [700100.0, 1620100.0], [700120.0, 1620100.0], [700120.0, 1620160.0], [700140.0, 1620160.0], [700140.0, 1620180.0], [700080.0, 1620180.0]]]}}, {"type": "Feature", "properties": {"year": 2035, "class_id": 4, "class_label": "incierto"}, "geometry": {"type": "Polygon", "coordinates": [[[690420.0, 1620120.0], [690420.0, 1620100.0], [690440.0, 1620100.0], [690440.0, 1620120.0], [690420.0, 1620120.0]]]}}, {"type": "Feature", "properties": {"year": 2035, "class_id": 4, "class_label": "incierto"}, "geometry": {"type": "Polygon", "coordinates": [[[690440.0, 1620100.0], [690440.0, 1620080.0], [690460.0, 1620080.0], [690460.0, 1620100.0], [690440.0, 1620100.0]]]}}, {"type": "Feature", "properties": {"year": 2035, "class_id": 2, "class_label": "expuesto_cierto_ambos"}, "geometry": {"type": "Polygon", "coordinates": [[[701060.0, 1620120.0], [701060.0, 1620100.0], [701040.0, 1620100.0], [701040.0, 1620080.0], [701080.0, 1620080.0], [701080.0, 1620120.0], [701060.0, 1620120.0]]]}}, {"type": "Feature", "properties": {"year": 2035, "class_id": 4, "class_label": "incierto"}, "geometry": {"type": "Polygon", "coordinates": [[[689660.0, 1620140.0], [689660.0, 1620040.0], [689680.0, 1620040.0], [689680.0, 1620100.0], [689700.0, 1620100.0], [689700.0, 1620140.0], [689660.0, 1620140.0]]]}}, {"type": "Feature", "properties": {"year": 2035, "class_id": 4, "class_label": "incierto"}, "geometry": {"type": "Polygon", "coordinates": [[[690460.0, 1620060.0], [690460.0, 1620040.0], [690480.0, 1620040.0], [690480.0, 1620060.0], [690460.0, 1620060.0]]]}}, {"type": "Feature", "properties": {"year": 2035, "class_id": 2, "class_label": "expuesto_cierto_ambos"}, "geometry": {"type": "Polygon", "coordinates": [[[701080.0, 1620080.0], [701080.0, 1620020.0], [701100.0, 1620020.0], [701100.0, 1620080.0], [701080.0, 1620080.0]]]}}, {"type": "Feature", "properties": {"year": 2035, "class_id": 4, "class_label": "incierto"}, "geometry": {"type": "Polygon", "coordinates": [[[690480.0, 1620040.0], [690480.0, 1620020.0], [690500.0, 1620020.0], [690500.0, 1620040.0], [690480.0, 1620040.0]]]}}, {"type": "Feature", "properties": {"year": 2035, "class_id": 2, "class_label": "expuesto_cierto_ambos"}, "geometry": {"type": "Polygon", "coordinates": [[[700120.0, 1620040.0], [700120.0, 1620020.0], [700160.0, 1620020.0], [700160.0, 1620040.0], [700120.0, 1620040.0]]]}}, {"type": "Feature", "properties": {"year": 2035, "class_id": 2, "class_label": "expuesto_cierto_ambos"}, "geometry": {"type": "Polygon", "coordinates": [[[700160.0, 1620020.0], [700160.0, 1620000.0], [700180.0, 1620000.0], [700180.0, 1620020.0], [700160.0, 1620020.0]]]}}, {"type": "Feature", "properties": {"year": 2035, "class_id": 2, "class_label": "expuesto_cierto_ambos"}, "geometry": {"type": "Polygon", "coordinates": [[[701060.0, 1620020.0], [701060.0, 1620000.0], [701080.0, 1620000.0], [701080.0, 1620020.0], [701060.0, 1620020.0]]]}}, {"type": "Feature", "properties": {"year": 2035, "class_id": 4, "class_label": "incierto"}, "geometry": {"type": "Polygon", "coordinates": [[[690500.0, 1620020.0], [690500.0, 1620000.0], [690520.0, 1620000.0], [690520.0, 1619980.0], [690560.0, 1619980.0], [690560.0, 1620000.0], [690580.0, 1620000.0], [690580.0, 1619980.0], [690600.0, 1619980.0], [690600.0, 1620000.0], [690620.0, 1620000.0], [690620.0, 1619980.0], [690640.0, 1619980.0], [690640.0, 1620000.0], [690680.0, 1620000.0], [690680.0, 1620020.0], [690500.0, 1620020.0]]]}}, {"type": "Feature", "properties": {"year": 2035, "class_id": 2, "class_label": "expuesto_cierto_ambos"}, "geometry": {"type": "Polygon", "coordinates": [[[700200.0, 1620000.0], [700200.0, 1619980.0], [700220.0, 1619980.0], [700220.0, 1620000.0], [700200.0, 1620000.0]]]}}, {"type": "Feature", "properties": {"year": 2035, "class_id": 2, "class_label": "expuesto_cierto_ambos"}, "geometry": {"type": "Polygon", "coordinates": [[[701020.0, 1620000.0], [701020.0, 1619980.0], [701000.0, 1619980.0], [701000.0, 1619960.0], [701040.0, 1619960.0], [701040.0, 1619980.0], [701060.0, 1619980.0], [701060.0, 1620000.0], [701020.0, 1620000.0]]]}}, {"type": "Feature", "properties": {"year": 2035, "class_id": 2, "class_label": "expuesto_cierto_ambos"}, "geometry": {"type": "Polygon", "coordinates": [[[700260.0, 1619960.0], [700260.0, 1619940.0], [700280.0, 1619940.0], [700280.0, 1619960.0], [700260.0, 1619960.0]]]}}, {"type": "Feature", "properties": {"year": 2035, "class_id": 4, "class_label": "incierto"}, "geometry": {"type": "Polygon", "coordinates": [[[691260.0, 1619940.0], [691260.0, 1619920.0], [691280.0, 1619920.0], [691280.0, 1619940.0], [691260.0, 1619940.0]]]}}, {"type": "Feature", "properties": {"year": 2035, "class_id": 2, "class_label": "expuesto_cierto_ambos"}, "geometry": {"type": "Polygon", "coordinates": [[[690380.0, 1620160.0], [690380.0, 1620100.0], [690400.0, 1620100.0], [690400.0, 1620040.0], [690420.0, 1620040.0], [690420.0, 1620020.0], [690440.0, 1620020.0], [690440.0, 1620000.0], [690460.0, 1620000.0], [690460.0, 1619980.0], [690500.0, 1619980.0], [690500.0, 1619960.0], [690600.0, 1619960.0], [690600.0, 1619940.0], [690620.0, 1619940.0], [690620.0, 1619960.0], [690660.0, 1619960.0], [690660.0, 1619920.0], [690680.0, 1619920.0], [690680.0, 1619900.0], [690700.0, 1619900.0], [690700.0, 1619940.0], [690680.0, 1619940.0], [690680.0, 1620000.0], [690640.0, 1620000.0], [690640.0, 1619980.0], [690620.0, 1619980.0], [690620.0, 1620000.0], [690600.0, 1620000.0], [690600.0, 1619980.0], [690580.0, 1619980.0], [690580.0, 1620000.0], [690560.0, 1620000.0], [690560.0, 1619980.0], [690520.0, 1619980.0], [690520.0, 1620000.0], [690500.0, 1620000.0], [690500.0, 1620020.0], [690480.0, 1620020.0], [690480.0, 1620040.0], [690460.0, 1620040.0], [690460.0, 1620080.0], [690440.0, 1620080.0], [690440.0, 1620100.0], [690420.0, 1620100.0], [690420.0, 1620120.0], [690400.0, 1620120.0], [690400.0, 1620160.0], [690380.0, 1620160.0]]]}}, {"type": "Feature", "properties": {"year": 2035, "class_id": 4, "class_label": "incierto"}, "geometry": {"type": "Polygon", "coordinates": [[[690680.0, 1620000.0], [690680.0, 1619940.0], [690700.0, 1619940.0], [690700.0, 1619900.0], [690720.0, 1619900.0], [690720.0, 1619920.0], [690740.0, 1619920.0], [690740.0, 1619980.0], [690720.0, 1619980.0], [690720.0, 1620000.0], [690680.0, 1620000.0]]]}}, {"type": "Feature", "properties": {"year": 2035, "class_id": 4, "class_label": "incierto"}, "geometry": {"type": "Polygon", "coordinates": [[[689660.0, 1619940.0], [689660.0, 1619900.0], [689680.0, 1619900.0], [689680.0, 1619940.0], [689660.0, 1619940.0]]]}}, {"type": "Feature", "properties": {"year": 2035, "class_id": 2, "class_label": "expuesto_cierto_ambos"}, "geometry": {"type": "Polygon", "coordinates": [[[690720.0, 1619920.0], [690720.0, 1619900.0], [690740.0, 1619900.0], [690740.0, 1619920.0], [690720.0, 1619920.0]]]}}, {"type": "Feature", "properties": {"year": 2035, "class_id": 4, "class_label": "incierto"}, "geometry": {"type": "Polygon", "coordinates": [[[701000.0, 1619920.0], [701000.0, 1619900.0], [701020.0, 1619900.0], [701020.0, 1619920.0], [701000.0, 1619920.0]]]}}, {"type": "Feature", "properties": {"year": 2035, "class_id": 4, "class_label": "incierto"}, "geometry": {"type": "Polygon", "coordinates": [[[689640.0, 1619900.0], [689640.0, 1619880.0], [689660.0, 1619880.0], [689660.0, 1619900.0], [689640.0, 1619900.0]]]}}, {"type": "Feature", "properties": {"year": 2035, "class_id": 4, "class_label": "incierto"}, "geometry": {"type": "Polygon", "coordinates": [[[700960.0, 1619900.0], [700960.0, 1619880.0], [700980.0, 1619880.0], [700980.0, 1619900.0], [700960.0, 1619900.0]]]}}, {"type": "Feature", "properties": {"year": 2035, "class_id": 4, "class_label": "incierto"}, "geometry": {"type": "Polygon", "coordinates": [[[700940.0, 1619880.0], [700940.0, 1619860.0], [700960.0, 1619860.0], [700960.0, 1619880.0], [700940.0, 1619880.0]]]}}, {"type": "Feature", "properties": {"year": 2035, "class_id": 2, "class_label": "expuesto_cierto_ambos"}, "geometry": {"type": "Polygon", "coordinates": [[[690700.0, 1619900.0], [690700.0, 1619880.0], [690640.0, 1619880.0], [690640.0, 1619860.0], [690680.0, 1619860.0], [690680.0, 1619840.0], [690700.0, 1619840.0], [690700.0, 1619860.0], [690720.0, 1619860.0], [690720.0, 1619900.0], [690700.0, 1619900.0]]]}}, {"type": "Feature", "properties": {"year": 2035, "class_id": 4, "class_label": "incierto"}, "geometry": {"type": "Polygon", "coordinates": [[[689620.0, 1619860.0], [689620.0, 1619840.0], [689640.0, 1619840.0], [689640.0, 1619860.0], [689620.0, 1619860.0]]]}}, {"type": "Feature", "properties": {"year": 2035, "class_id": 4, "class_label": "incierto"}, "geometry": {"type": "Polygon", "coordinates": [[[700920.0, 1619860.0], [700920.0, 1619840.0], [700940.0, 1619840.0], [700940.0, 1619860.0], [700920.0, 1619860.0]]]}}, {"type": "Feature", "properties": {"year": 2035, "class_id": 4, "class_label": "incierto"}, "geometry": {"type": "Polygon", "coordinates": [[[690680.0, 1619840.0], [690680.0, 1619820.0], [690700.0, 1619820.0], [690700.0, 1619840.0], [690680.0, 1619840.0]]]}}, {"type": "Feature", "properties": {"year": 2035, "class_id": 4, "class_label": "incierto"}, "geometry": {"type": "Polygon", "coordinates": [[[700900.0, 1619840.0], [700900.0, 1619820.0], [700920.0, 1619820.0], [700920.0, 1619840.0], [700900.0, 1619840.0]]]}}, {"type": "Feature", "properties": {"year": 2035, "class_id": 2, "class_label": "expuesto_cierto_ambos"}, "geometry": {"type": "Polygon", "coordinates": [[[689760.0, 1620280.0], [689760.0, 1620260.0], [689740.0, 1620260.0], [689740.0, 1620240.0], [689720.0, 1620240.0], [689720.0, 1620160.0], [689680.0, 1620160.0], [689680.0, 1620140.0], [689700.0, 1620140.0], [689700.0, 1620100.0], [689680.0, 1620100.0], [689680.0, 1619900.0], [689660.0, 1619900.0], [689660.0, 1619880.0], [689640.0, 1619880.0], [689640.0, 1619840.0], [689620.0, 1619840.0], [689620.0, 1619780.0], [689640.0, 1619780.0], [689640.0, 1619820.0], [689680.0, 1619820.0], [689680.0, 1619840.0], [689700.0, 1619840.0], [689700.0, 1619940.0], [689720.0, 1619940.0], [689720.0, 1619980.0], [689700.0, 1619980.0], [689700.0, 1620020.0], [689720.0, 1620020.0], [689720.0, 1620040.0], [689740.0, 1620040.0], [689740.0, 1620060.0], [689720.0, 1620060.0], [689720.0, 1620120.0], [689740.0, 1620120.0], [689740.0, 1620180.0], [689760.0, 1620180.0], [689760.0, 1620200.0], [689780.0, 1620200.0], [689780.0, 1620260.0], [689800.0, 1620260.0], [689800.0, 1620240.0], [689840.0, 1620240.0], [689840.0, 1620260.0], [689820.0, 1620260.0], [689820.0, 1620280.0], [689760.0, 1620280.0]]]}}, {"type": "Feature", "properties": {"year": 2035, "class_id": 4, "class_label": "incierto"}, "geometry": {"type": "Polygon", "coordinates": [[[700860.0, 1619820.0], [700860.0, 1619780.0], [700880.0, 1619780.0], [700880.0, 1619820.0], [700860.0, 1619820.0]]]}}, {"type": "Feature", "properties": {"year": 2035, "class_id": 4, "class_label": "incierto"}, "geometry": {"type": "Polygon", "coordinates": [[[689600.0, 1619800.0], [689600.0, 1619780.0], [689620.0, 1619780.0], [689620.0, 1619800.0], [689600.0, 1619800.0]]]}}, {"type": "Feature", "properties": {"year": 2035, "class_id": 2, "class_label": "expuesto_cierto_ambos"}, "geometry": {"type": "Polygon", "coordinates": [[[700460.0, 1619840.0], [700460.0, 1619780.0], [700480.0, 1619780.0], [700480.0, 1619760.0], [700500.0, 1619760.0], [700500.0, 1619800.0], [700480.0, 1619800.0], [700480.0, 1619820.0], [700500.0, 1619820.0], [700500.0, 1619840.0], [700460.0, 1619840.0]]]}}, {"type": "Feature", "properties": {"year": 2035, "class_id": 2, "class_label": "expuesto_cierto_ambos"}, "geometry": {"type": "Polygon", "coordinates": [[[690620.0, 1619840.0], [690620.0, 1619800.0], [690600.0, 1619800.0], [690600.0, 1619780.0], [690620.0, 1619780.0], [690620.0, 1619760.0], [690640.0, 1619760.0], [690640.0, 1619780.0], [690680.0, 1619780.0], [690680.0, 1619800.0], [690700.0, 1619800.0], [690700.0, 1619820.0], [690680.0, 1619820.0], [690680.0, 1619840.0], [690620.0, 1619840.0]]]}}, {"type": "Feature", "properties": {"year": 2035, "class_id": 2, "class_label": "expuesto_cierto_ambos"}, "geometry": {"type": "Polygon", "coordinates": [[[700960.0, 1619960.0], [700960.0, 1619940.0], [700940.0, 1619940.0], [700940.0, 1619920.0], [700920.0, 1619920.0], [700920.0, 1619900.0], [700900.0, 1619900.0], [700900.0, 1619880.0], [700880.0, 1619880.0], [700880.0, 1619860.0], [700860.0, 1619860.0], [700860.0, 1619840.0], [700840.0, 1619840.0], [700840.0, 1619820.0], [700820.0, 1619820.0], [700820.0, 1619800.0], [700800.0, 1619800.0], [700800.0, 1619780.0], [700840.0, 1619780.0], [700840.0, 1619760.0], [700860.0, 1619760.0], [700860.0, 1619820.0], [700900.0, 1619820.0], [700900.0, 1619840.0], [700920.0, 1619840.0], [700920.0, 1619860.0], [700940.0, 1619860.0], [700940.0, 1619880.0], [700960.0, 1619880.0], [700960.0, 1619900.0], [701000.0, 1619900.0], [701000.0, 1619920.0], [701020.0, 1619920.0], [701020.0, 1619940.0], [701000.0, 1619940.0], [701000.0, 1619960.0], [700960.0, 1619960.0]]]}}, {"type": "Feature", "properties": {"year": 2035, "class_id": 4, "class_label": "incierto"}, "geometry": {"type": "Polygon", "coordinates": [[[689580.0, 1619780.0], [689580.0, 1619760.0], [689600.0, 1619760.0], [689600.0, 1619780.0], [689580.0, 1619780.0]]]}}, {"type": "Feature", "properties": {"year": 2035, "class_id": 2, "class_label": "expuesto_cierto_ambos"}, "geometry": {"type": "Polygon", "coordinates": [[[690580.0, 1619780.0], [690580.0, 1619760.0], [690600.0, 1619760.0], [690600.0, 1619780.0], [690580.0, 1619780.0]]]}}, {"type": "Feature", "properties": {"year": 2035, "class_id": 4, "class_label": "incierto"}, "geometry": {"type": "Polygon", "coordinates": [[[690600.0, 1619780.0], [690600.0, 1619760.0], [690620.0, 1619760.0], [690620.0, 1619780.0], [690600.0, 1619780.0]]]}}, {"type": "Feature", "properties": {"year": 2035, "class_id": 2, "class_label": "expuesto_cierto_ambos"}, "geometry": {"type": "Polygon", "coordinates": [[[690600.0, 1619760.0], [690600.0, 1619720.0], [690620.0, 1619720.0], [690620.0, 1619760.0], [690600.0, 1619760.0]]]}}, {"type": "Feature", "properties": {"year": 2035, "class_id": 4, "class_label": "incierto"}, "geometry": {"type": "Polygon", "coordinates": [[[700840.0, 1619720.0], [700840.0, 1619700.0], [700860.0, 1619700.0], [700860.0, 1619720.0], [700840.0, 1619720.0]]]}}, {"type": "Feature", "properties": {"year": 2035, "class_id": 2, "class_label": "expuesto_cierto_ambos"}, "geometry": {"type": "Polygon", "coordinates": [[[689600.0, 1619780.0], [689600.0, 1619760.0], [689580.0, 1619760.0], [689580.0, 1619720.0], [689560.0, 1619720.0], [689560.0, 1619700.0], [689580.0, 1619700.0], [689580.0, 1619680.0], [689600.0, 1619680.0], [689600.0, 1619720.0], [689620.0, 1619720.0], [689620.0, 1619780.0], [689600.0, 1619780.0]]]}}, {"type": "Feature", "properties": {"year": 2035, "class_id": 2, "class_label": "expuesto_cierto_ambos"}, "geometry": {"type": "Polygon", "coordinates": [[[690540.0, 1619720.0], [690540.0, 1619680.0], [690560.0, 1619680.0], [690560.0, 1619700.0], [690580.0, 1619700.0], [690580.0, 1619720.0], [690540.0, 1619720.0]]]}}, {"type": "Feature", "properties": {"year": 2035, "class_id": 2, "class_label": "expuesto_cierto_ambos"}, "geometry": {"type": "Polygon", "coordinates": [[[690580.0, 1619700.0], [690580.0, 1619680.0], [690600.0, 1619680.0], [690600.0, 1619700.0], [690580.0, 1619700.0]]]}}, {"type": "Feature", "properties": {"year": 2035, "class_id": 4, "class_label": "incierto"}, "geometry": {"type": "Polygon", "coordinates": [[[689560.0, 1619760.0], [689560.0, 1619740.0], [689540.0, 1619740.0], [689540.0, 1619720.0], [689520.0, 1619720.0], [689520.0, 1619680.0], [689540.0, 1619680.0], [689540.0, 1619660.0], [689560.0, 1619660.0], [689560.0, 1619680.0], [689580.0, 1619680.0], [689580.0, 1619700.0], [689560.0, 1619700.0], [689560.0, 1619720.0], [689580.0, 1619720.0], [689580.0, 1619760.0], [689560.0, 1619760.0]]]}}, {"type": "Feature", "properties": {"year": 2035, "class_id": 2, "class_label": "expuesto_cierto_ambos"}, "geometry": {"type": "Polygon", "coordinates": [[[700820.0, 1619740.0], [700820.0, 1619700.0], [700800.0, 1619700.0], [700800.0, 1619660.0], [700820.0, 1619660.0], [700820.0, 1619680.0], [700840.0, 1619680.0], [700840.0, 1619720.0], [700860.0, 1619720.0], [700860.0, 1619740.0], [700820.0, 1619740.0]]]}}, {"type": "Feature", "properties": {"year": 2035, "class_id": 2, "class_label": "expuesto_cierto_ambos"}, "geometry": {"type": "Polygon", "coordinates": [[[689560.0, 1619680.0], [689560.0, 1619660.0], [689580.0, 1619660.0], [689580.0, 1619680.0], [689560.0, 1619680.0]]]}}, {"type": "Feature", "properties": {"year": 2035, "class_id": 4, "class_label": "incierto"}, "geometry": {"type": "Polygon", "coordinates": [[[690920.0, 1619680.0], [690920.0, 1619660.0], [690960.0, 1619660.0], [690960.0, 1619680.0], [690920.0, 1619680.0]]]}}, {"type": "Feature", "properties": {"year": 2035, "class_id": 2, "class_label": "expuesto_cierto_ambos"}, "geometry": {"type": "Polygon", "coordinates": [[[700440.0, 1619660.0], [700440.0, 1619640.0], [700460.0, 1619640.0], [700460.0, 1619660.0], [700440.0, 1619660.0]]]}}, {"type": "Feature", "properties": {"year": 2035, "class_id": 2, "class_label": "expuesto_cierto_ambos"}, "geometry": {"type": "Polygon", "coordinates": [[[700760.0, 1619660.0], [700760.0, 1619640.0], [700780.0, 1619640.0], [700780.0, 1619660.0], [700760.0, 1619660.0]]]}}, {"type": "Feature", "properties": {"year": 2035, "class_id": 2, "class_label": "expuesto_cierto_ambos"}, "geometry": {"type": "Polygon", "coordinates": [[[690520.0, 1619660.0], [690520.0, 1619640.0], [690560.0, 1619640.0], [690560.0, 1619620.0], [690580.0, 1619620.0], [690580.0, 1619660.0], [690520.0, 1619660.0]]]}}, {"type": "Feature", "properties": {"year": 2035, "class_id": 2, "class_label": "expuesto_cierto_ambos"}, "geometry": {"type": "Polygon", "coordinates": [[[689580.0, 1619640.0], [689580.0, 1619620.0], [689600.0, 1619620.0], [689600.0, 1619640.0], [689580.0, 1619640.0]]]}}, {"type": "Feature", "properties": {"year": 2035, "class_id": 2, "class_label": "expuesto_cierto_ambos"}, "geometry": {"type": "Polygon", "coordinates": [[[700800.0, 1619640.0], [700800.0, 1619620.0], [700820.0, 1619620.0], [700820.0, 1619640.0], [700800.0, 1619640.0]]]}}, {"type": "Feature", "properties": {"year": 2035, "class_id": 4, "class_label": "incierto"}, "geometry": {"type": "Polygon", "coordinates": [[[689580.0, 1619620.0], [689580.0, 1619600.0], [689600.0, 1619600.0], [689600.0, 1619620.0], [689580.0, 1619620.0]]]}}, {"type": "Feature", "properties": {"year": 2035, "class_id": 2, "class_label": "expuesto_cierto_ambos"}, "geometry": {"type": "Polygon", "coordinates": [[[689640.0, 1619620.0], [689640.0, 1619600.0], [689660.0, 1619600.0], [689660.0, 1619620.0], [689640.0, 1619620.0]]]}}, {"type": "Feature", "properties": {"year": 2035, "class_id": 2, "class_label": "expuesto_cierto_ambos"}, "geometry": {"type": "Polygon", "coordinates": [[[690440.0, 1619640.0], [690440.0, 1619620.0], [690420.0, 1619620.0], [690420.0, 1619600.0], [690460.0, 1619600.0], [690460.0, 1619620.0], [690480.0, 1619620.0], [690480.0, 1619640.0], [690440.0, 1619640.0]]]}}, {"type": "Feature", "properties": {"year": 2035, "class_id": 2, "class_label": "expuesto_cierto_ambos"}, "geometry": {"type": "Polygon", "coordinates": [[[700280.0, 1619600.0], [700280.0, 1619580.0], [700300.0, 1619580.0], [700300.0, 1619600.0], [700280.0, 1619600.0]]]}}, {"type": "Feature", "properties": {"year": 2035, "class_id": 2, "class_label": "expuesto_cierto_ambos"}, "geometry": {"type": "Polygon", "coordinates": [[[690220.0, 1619620.0], [690220.0, 1619600.0], [690240.0, 1619600.0], [690240.0, 1619560.0], [690260.0, 1619560.0], [690260.0, 1619580.0], [690300.0, 1619580.0], [690300.0, 1619600.0], [690280.0, 1619600.0], [690280.0, 1619620.0], [690220.0, 1619620.0]]]}}, {"type": "Feature", "properties": {"year": 2035, "class_id": 2, "class_label": "expuesto_cierto_ambos"}, "geometry": {"type": "Polygon", "coordinates": [[[690500.0, 1619600.0], [690500.0, 1619560.0], [690520.0, 1619560.0], [690520.0, 1619580.0], [690560.0, 1619580.0], [690560.0, 1619600.0], [690500.0, 1619600.0]]]}}, {"type": "Feature", "properties": {"year": 2035, "class_id": 2, "class_label": "expuesto_cierto_ambos"}, "geometry": {"type": "Polygon", "coordinates": [[[690140.0, 1619580.0], [690140.0, 1619560.0], [690160.0, 1619560.0], [690160.0, 1619580.0], [690140.0, 1619580.0]]]}}, {"type": "Feature", "properties": {"year": 2035, "class_id": 4, "class_label": "incierto"}, "geometry": {"type": "Polygon", "coordinates": [[[690260.0, 1619580.0], [690260.0, 1619560.0], [690300.0, 1619560.0], [690300.0, 1619580.0], [690260.0, 1619580.0]]]}}, {"type": "Feature", "properties": {"year": 2035, "class_id": 2, "class_label": "expuesto_cierto_ambos"}, "geometry": {"type": "Polygon", "coordinates": [[[690340.0, 1619620.0], [690340.0, 1619600.0], [690320.0, 1619600.0], [690320.0, 1619580.0], [690300.0, 1619580.0], [690300.0, 1619560.0], [690360.0, 1619560.0], [690360.0, 1619580.0], [690380.0, 1619580.0], [690380.0, 1619600.0], [690360.0, 1619600.0], [690360.0, 1619620.0], [690340.0, 1619620.0]]]}}, {"type": "Feature", "properties": {"year": 2035, "class_id": 4, "class_label": "incierto"}, "geometry": {"type": "Polygon", "coordinates": [[[690360.0, 1619580.0], [690360.0, 1619560.0], [690380.0, 1619560.0], [690380.0, 1619580.0], [690360.0, 1619580.0]]]}}, {"type": "Feature", "properties": {"year": 2035, "class_id": 2, "class_label": "expuesto_cierto_ambos"}, "geometry": {"type": "Polygon", "coordinates": [[[690400.0, 1619600.0], [690400.0, 1619580.0], [690380.0, 1619580.0], [690380.0, 1619560.0], [690440.0, 1619560.0], [690440.0, 1619580.0], [690420.0, 1619580.0], [690420.0, 1619600.0], [690400.0, 1619600.0]]]}}, {"type": "Feature", "properties": {"year": 2035, "class_id": 2, "class_label": "expuesto_cierto_ambos"}, "geometry": {"type": "Polygon", "coordinates": [[[690180.0, 1619580.0], [690180.0, 1619560.0], [690160.0, 1619560.0], [690160.0, 1619540.0], [690220.0, 1619540.0], [690220.0, 1619580.0], [690180.0, 1619580.0]]]}}, {"type": "Feature", "properties": {"year": 2035, "class_id": 4, "class_label": "incierto"}, "geometry": {"type": "Polygon", "coordinates": [[[690380.0, 1619560.0], [690380.0, 1619540.0], [690440.0, 1619540.0], [690440.0, 1619560.0], [690380.0, 1619560.0]]]}}, {"type": "Feature", "properties": {"year": 2035, "class_id": 2, "class_label": "expuesto_cierto_ambos"}, "geometry": {"type": "Polygon", "coordinates": [[[690440.0, 1619560.0], [690440.0, 1619540.0], [690460.0, 1619540.0], [690460.0, 1619560.0], [690440.0, 1619560.0]]]}}, {"type": "Feature", "properties": {"year": 2035, "class_id": 2, "class_label": "expuesto_cierto_ambos"}, "geometry": {"type": "Polygon", "coordinates": [[[700140.0, 1619560.0], [700140.0, 1619540.0], [700160.0, 1619540.0], [700160.0, 1619560.0], [700140.0, 1619560.0]]]}}, {"type": "Feature", "properties": {"year": 2035, "class_id": 2, "class_label": "expuesto_cierto_ambos"}, "geometry": {"type": "Polygon", "coordinates": [[[700180.0, 1619560.0], [700180.0, 1619540.0], [700200.0, 1619540.0], [700200.0, 1619560.0], [700180.0, 1619560.0]]]}}, {"type": "Feature", "properties": {"year": 2035, "class_id": 2, "class_label": "expuesto_cierto_ambos"}, "geometry": {"type": "Polygon", "coordinates": [[[700300.0, 1619580.0], [700300.0, 1619560.0], [700280.0, 1619560.0], [700280.0, 1619540.0], [700320.0, 1619540.0], [700320.0, 1619560.0], [700340.0, 1619560.0], [700340.0, 1619580.0], [700300.0, 1619580.0]]]}}, {"type": "Feature", "properties": {"year": 2035, "class_id": 2, "class_label": "expuesto_cierto_ambos"}, "geometry": {"type": "Polygon", "coordinates": [[[700160.0, 1619540.0], [700160.0, 1619520.0], [700180.0, 1619520.0], [700180.0, 1619540.0], [700160.0, 1619540.0]]]}}, {"type": "Feature", "properties": {"year": 2035, "class_id": 2, "class_label": "expuesto_cierto_ambos"}, "geometry": {"type": "Polygon", "coordinates": [[[689600.0, 1619620.0], [689600.0, 1619540.0], [689620.0, 1619540.0], [689620.0, 1619520.0], [689660.0, 1619520.0], [689660.0, 1619500.0], [689680.0, 1619500.0], [689680.0, 1619540.0], [689660.0, 1619540.0], [689660.0, 1619560.0], [689640.0, 1619560.0], [689640.0, 1619600.0], [689620.0, 1619600.0], [689620.0, 1619620.0], [689600.0, 1619620.0]]]}}, {"type": "Feature", "properties": {"year": 2035, "class_id": 2, "class_label": "expuesto_cierto_ambos"}, "geometry": {"type": "Polygon", "coordinates": [[[700200.0, 1619540.0], [700200.0, 1619500.0], [700220.0, 1619500.0], [700220.0, 1619540.0], [700200.0, 1619540.0]]]}}, {"type": "Feature", "properties": {"year": 2035, "class_id": 2, "class_label": "expuesto_cierto_ambos"}, "geometry": {"type": "Polygon", "coordinates": [[[700240.0, 1619540.0], [700240.0, 1619500.0], [700260.0, 1619500.0], [700260.0, 1619520.0], [700280.0, 1619520.0], [700280.0, 1619540.0], [700240.0, 1619540.0]]]}}, {"type": "Feature", "properties": {"year": 2035, "class_id": 4, "class_label": "incierto"}, "geometry": {"type": "Polygon", "coordinates": [[[700780.0, 1619560.0], [700780.0, 1619480.0], [700800.0, 1619480.0], [700800.0, 1619560.0], [700780.0, 1619560.0]]]}}, {"type": "Feature", "properties": {"year": 2035, "class_id": 2, "class_label": "expuesto_cierto_ambos"}, "geometry": {"type": "Polygon", "coordinates": [[[690040.0, 1619520.0], [690040.0, 1619500.0], [690060.0, 1619500.0], [690060.0, 1619480.0], [690080.0, 1619480.0], [690080.0, 1619500.0], [690140.0, 1619500.0], [690140.0, 1619520.0], [690040.0, 1619520.0]]]}}, {"type": "Feature", "properties": {"year": 2035, "class_id": 4, "class_label": "incierto"}, "geometry": {"type": "Polygon", "coordinates": [[[690040.0, 1619500.0], [690040.0, 1619480.0], [690060.0, 1619480.0], [690060.0, 1619500.0], [690040.0, 1619500.0]]]}}, {"type": "Feature", "properties": {"year": 2035, "class_id": 4, "class_label": "incierto"}, "geometry": {"type": "Polygon", "coordinates": [[[690080.0, 1619500.0], [690080.0, 1619480.0], [690100.0, 1619480.0], [690100.0, 1619500.0], [690080.0, 1619500.0]]]}}, {"type": "Feature", "properties": {"year": 2035, "class_id": 4, "class_label": "incierto"}, "geometry": {"type": "Polygon", "coordinates": [[[690620.0, 1619500.0], [690620.0, 1619480.0], [690640.0, 1619480.0], [690640.0, 1619500.0], [690620.0, 1619500.0]]]}}, {"type": "Feature", "properties": {"year": 2035, "class_id": 4, "class_label": "incierto"}, "geometry": {"type": "Polygon", "coordinates": [[[700740.0, 1619500.0], [700740.0, 1619480.0], [700760.0, 1619480.0], [700760.0, 1619500.0], [700740.0, 1619500.0]]]}}, {"type": "Feature", "properties": {"year": 2035, "class_id": 4, "class_label": "incierto"}, "geometry": {"type": "Polygon", "coordinates": [[[690060.0, 1619480.0], [690060.0, 1619460.0], [690080.0, 1619460.0], [690080.0, 1619480.0], [690060.0, 1619480.0]]]}}, {"type": "Feature", "properties": {"year": 2035, "class_id": 2, "class_label": "expuesto_cierto_ambos"}, "geometry": {"type": "Polygon", "coordinates": [[[700080.0, 1619480.0], [700080.0, 1619460.0], [700100.0, 1619460.0], [700100.0, 1619480.0], [700080.0, 1619480.0]]]}}, {"type": "Feature", "properties": {"year": 2035, "class_id": 2, "class_label": "expuesto_cierto_ambos"}, "geometry": {"type": "Polygon", "coordinates": [[[700120.0, 1619520.0], [700120.0, 1619460.0], [700100.0, 1619460.0], [700100.0, 1619440.0], [700140.0, 1619440.0], [700140.0, 1619520.0], [700120.0, 1619520.0]]]}}, {"type": "Feature", "properties": {"year": 2035, "class_id": 4, "class_label": "incierto"}, "geometry": {"type": "Polygon", "coordinates": [[[689600.0, 1619460.0], [689600.0, 1619420.0], [689620.0, 1619420.0], [689620.0, 1619460.0], [689600.0, 1619460.0]]]}}, {"type": "Feature", "properties": {"year": 2035, "class_id": 4, "class_label": "incierto"}, "geometry": {"type": "Polygon", "coordinates": [[[690020.0, 1619440.0], [690020.0, 1619420.0], [690040.0, 1619420.0], [690040.0, 1619440.0], [690020.0, 1619440.0]]]}}, {"type": "Feature", "properties": {"year": 2035, "class_id": 2, "class_label": "expuesto_cierto_ambos"}, "geometry": {"type": "Polygon", "coordinates": [[[689640.0, 1619480.0], [689640.0, 1619460.0], [689620.0, 1619460.0], [689620.0, 1619400.0], [689640.0, 1619400.0], [689640.0, 1619440.0], [689660.0, 1619440.0], [689660.0, 1619480.0], [689640.0, 1619480.0]]]}}, {"type": "Feature", "properties": {"year": 2035, "class_id": 2, "class_label": "expuesto_cierto_ambos"}, "geometry": {"type": "Polygon", "coordinates": [[[689620.0, 1619380.0], [689620.0, 1619360.0], [689640.0, 1619360.0], [689640.0, 1619380.0], [689620.0, 1619380.0]]]}}, {"type": "Feature", "properties": {"year": 2035, "class_id": 4, "class_label": "incierto"}, "geometry": {"type": "Polygon", "coordinates": [[[689980.0, 1619360.0], [689980.0, 1619340.0], [690000.0, 1619340.0], [690000.0, 1619360.0], [689980.0, 1619360.0]]]}}, {"type": "Feature", "properties": {"year": 2035, "class_id": 2, "class_label": "expuesto_cierto_ambos"}, "geometry": {"type": "Polygon", "coordinates": [[[700760.0, 1619600.0], [700760.0, 1619580.0], [700740.0, 1619580.0], [700740.0, 1619560.0], [700720.0, 1619560.0], [700720.0, 1619480.0], [700740.0, 1619480.0], [700740.0, 1619400.0], [700760.0, 1619400.0], [700760.0, 1619320.0], [700800.0, 1619320.0], [700800.0, 1619340.0], [700780.0, 1619340.0], [700780.0, 1619360.0], [700820.0, 1619360.0], [700820.0, 1619380.0], [700800.0, 1619380.0], [700800.0, 1619480.0], [700780.0, 1619480.0], [700780.0, 1619560.0], [700800.0, 1619560.0], [700800.0, 1619600.0], [700760.0, 1619600.0]], [[700740.0, 1619500.0], [700760.0, 1619500.0], [700760.0, 1619480.0], [700740.0, 1619480.0], [700740.0, 1619500.0]]]}}, {"type": "Feature", "properties": {"year": 2035, "class_id": 4, "class_label": "incierto"}, "geometry": {"type": "Polygon", "coordinates": [[[689620.0, 1619360.0], [689620.0, 1619320.0], [689640.0, 1619320.0], [689640.0, 1619360.0], [689620.0, 1619360.0]]]}}, {"type": "Feature", "properties": {"year": 2035, "class_id": 4, "class_label": "incierto"}, "geometry": {"type": "Polygon", "coordinates": [[[700800.0, 1619460.0], [700800.0, 1619380.0], [700820.0, 1619380.0], [700820.0, 1619360.0], [700780.0, 1619360.0], [700780.0, 1619340.0], [700800.0, 1619340.0], [700800.0, 1619320.0], [700840.0, 1619320.0], [700840.0, 1619420.0], [700820.0, 1619420.0], [700820.0, 1619460.0], [700800.0, 1619460.0]]]}}, {"type": "Feature", "properties": {"year": 2035, "class_id": 4, "class_label": "incierto"}, "geometry": {"type": "Polygon", "coordinates": [[[700000.0, 1619340.0], [700000.0, 1619300.0], [700020.0, 1619300.0], [700020.0, 1619340.0], [700000.0, 1619340.0]]]}}, {"type": "Feature", "properties": {"year": 2035, "class_id": 4, "class_label": "incierto"}, "geometry": {"type": "Polygon", "coordinates": [[[689580.0, 1619320.0], [689580.0, 1619300.0], [689600.0, 1619300.0], [689600.0, 1619320.0], [689580.0, 1619320.0]]]}}, {"type": "Feature", "properties": {"year": 2035, "class_id": 4, "class_label": "incierto"}, "geometry": {"type": "Polygon", "coordinates": [[[700200.0, 1619320.0], [700200.0, 1619300.0], [700220.0, 1619300.0], [700220.0, 1619320.0], [700200.0, 1619320.0]]]}}, {"type": "Feature", "properties": {"year": 2035, "class_id": 2, "class_label": "expuesto_cierto_ambos"}, "geometry": {"type": "Polygon", "coordinates": [[[700800.0, 1619320.0], [700800.0, 1619300.0], [700820.0, 1619300.0], [700820.0, 1619320.0], [700800.0, 1619320.0]]]}}, {"type": "Feature", "properties": {"year": 2035, "class_id": 2, "class_label": "expuesto_cierto_ambos"}, "geometry": {"type": "Polygon", "coordinates": [[[700080.0, 1619380.0], [700080.0, 1619340.0], [700060.0, 1619340.0], [700060.0, 1619280.0], [700100.0, 1619280.0], [700100.0, 1619300.0], [700120.0, 1619300.0], [700120.0, 1619320.0], [700140.0, 1619320.0], [700140.0, 1619300.0], [700200.0, 1619300.0], [700200.0, 1619320.0], [700220.0, 1619320.0], [700220.0, 1619340.0], [700180.0, 1619340.0], [700180.0, 1619360.0], [700120.0, 1619360.0], [700120.0, 1619380.0], [700080.0, 1619380.0]]]}}, {"type": "Feature", "properties": {"year": 2035, "class_id": 2, "class_label": "expuesto_cierto_ambos"}, "geometry": {"type": "Polygon", "coordinates": [[[700020.0, 1619360.0], [700020.0, 1619300.0], [700000.0, 1619300.0], [700000.0, 1619280.0], [700040.0, 1619280.0], [700040.0, 1619360.0], [700020.0, 1619360.0]]]}}, {"type": "Feature", "properties": {"year": 2035, "class_id": 2, "class_label": "expuesto_cierto_ambos"}, "geometry": {"type": "Polygon", "coordinates": [[[700740.0, 1619300.0], [700740.0, 1619260.0], [700800.0, 1619260.0], [700800.0, 1619300.0], [700740.0, 1619300.0]]]}}, {"type": "Feature", "properties": {"year": 2035, "class_id": 2, "class_label": "expuesto_cierto_ambos"}, "geometry": {"type": "Polygon", "coordinates": [[[689660.0, 1619400.0], [689660.0, 1619360.0], [689640.0, 1619360.0], [689640.0, 1619320.0], [689620.0, 1619320.0], [689620.0, 1619340.0], [689600.0, 1619340.0], [689600.0, 1619300.0], [689580.0, 1619300.0], [689580.0, 1619280.0], [689560.0, 1619280.0], [689560.0, 1619260.0], [689600.0, 1619260.0], [689600.0, 1619280.0], [689620.0, 1619280.0], [689620.0, 1619260.0], [689640.0, 1619260.0], [689640.0, 1619300.0], [689660.0, 1619300.0], [689660.0, 1619320.0], [689680.0, 1619320.0], [689680.0, 1619360.0], [689700.0, 1619360.0], [689700.0, 1619380.0], [689680.0, 1619380.0], [689680.0, 1619400.0], [689660.0, 1619400.0]]]}}, {"type": "Feature", "properties": {"year": 2035, "class_id": 2, "class_label": "expuesto_cierto_ambos"}, "geometry": {"type": "Polygon", "coordinates": [[[689900.0, 1619280.0], [689900.0, 1619260.0], [689920.0, 1619260.0], [689920.0, 1619280.0], [689900.0, 1619280.0]]]}}, {"type": "Feature", "properties": {"year": 2035, "class_id": 4, "class_label": "incierto"}, "geometry": {"type": "Polygon", "coordinates": [[[700240.0, 1619280.0], [700240.0, 1619260.0], [700260.0, 1619260.0], [700260.0, 1619280.0], [700240.0, 1619280.0]]]}}, {"type": "Feature", "properties": {"year": 2035, "class_id": 2, "class_label": "expuesto_cierto_ambos"}, "geometry": {"type": "Polygon", "coordinates": [[[700340.0, 1619280.0], [700340.0, 1619260.0], [700360.0, 1619260.0], [700360.0, 1619280.0], [700340.0, 1619280.0]]]}}, {"type": "Feature", "properties": {"year": 2035, "class_id": 2, "class_label": "expuesto_cierto_ambos"}, "geometry": {"type": "Polygon", "coordinates": [[[689920.0, 1619260.0], [689920.0, 1619240.0], [689940.0, 1619240.0], [689940.0, 1619260.0], [689920.0, 1619260.0]]]}}, {"type": "Feature", "properties": {"year": 2035, "class_id": 2, "class_label": "expuesto_cierto_ambos"}, "geometry": {"type": "Polygon", "coordinates": [[[700220.0, 1619320.0], [700220.0, 1619300.0], [700200.0, 1619300.0], [700200.0, 1619280.0], [700220.0, 1619280.0], [700220.0, 1619260.0], [700240.0, 1619260.0], [700240.0, 1619240.0], [700300.0, 1619240.0], [700300.0, 1619260.0], [700320.0, 1619260.0], [700320.0, 1619280.0], [700300.0, 1619280.0], [700300.0, 1619300.0], [700240.0, 1619300.0], [700240.0, 1619320.0], [700220.0, 1619320.0]], [[700240.0, 1619280.0], [700260.0, 1619280.0], [700260.0, 1619260.0], [700240.0, 1619260.0], [700240.0, 1619280.0]]]}}, {"type": "Feature", "properties": {"year": 2035, "class_id": 2, "class_label": "expuesto_cierto_ambos"}, "geometry": {"type": "Polygon", "coordinates": [[[700320.0, 1619260.0], [700320.0, 1619240.0], [700340.0, 1619240.0], [700340.0, 1619260.0], [700320.0, 1619260.0]]]}}, {"type": "Feature", "properties": {"year": 2035, "class_id": 2, "class_label": "expuesto_cierto_ambos"}, "geometry": {"type": "Polygon", "coordinates": [[[690020.0, 1619500.0], [690020.0, 1619480.0], [690000.0, 1619480.0], [690000.0, 1619460.0], [689980.0, 1619460.0], [689980.0, 1619400.0], [689960.0, 1619400.0], [689960.0, 1619380.0], [689940.0, 1619380.0], [689940.0, 1619360.0], [689920.0, 1619360.0], [689920.0, 1619320.0], [689940.0, 1619320.0], [689940.0, 1619260.0], [689960.0, 1619260.0], [689960.0, 1619220.0], [689980.0, 1619220.0], [689980.0, 1619360.0], [690000.0, 1619360.0], [690000.0, 1619400.0], [690020.0, 1619400.0], [690020.0, 1619440.0], [690040.0, 1619440.0], [690040.0, 1619460.0], [690060.0, 1619460.0], [690060.0, 1619480.0], [690040.0, 1619480.0], [690040.0, 1619500.0], [690020.0, 1619500.0]]]}}, {"type": "Feature", "properties": {"year": 2035, "class_id": 4, "class_label": "incierto"}, "geometry": {"type": "Polygon", "coordinates": [[[689120.0, 1619240.0], [689120.0, 1619220.0], [689160.0, 1619220.0], [689160.0, 1619240.0], [689120.0, 1619240.0]]]}}, {"type": "Feature", "properties": {"year": 2035, "class_id": 4, "class_label": "incierto"}, "geometry": {"type": "Polygon", "coordinates": [[[699900.0, 1619240.0], [699900.0, 1619220.0], [699920.0, 1619220.0], [699920.0, 1619240.0], [699900.0, 1619240.0]]]}}, {"type": "Feature", "properties": {"year": 2035, "class_id": 4, "class_label": "incierto"}, "geometry": {"type": "Polygon", "coordinates": [[[689380.0, 1619220.0], [689380.0, 1619200.0], [689400.0, 1619200.0], [689400.0, 1619220.0], [689380.0, 1619220.0]]]}}, {"type": "Feature", "properties": {"year": 2035, "class_id": 2, "class_label": "expuesto_cierto_ambos"}, "geometry": {"type": "Polygon", "coordinates": [[[689540.0, 1619220.0], [689540.0, 1619200.0], [689580.0, 1619200.0], [689580.0, 1619220.0], [689540.0, 1619220.0]]]}}, {"type": "Feature", "properties": {"year": 2035, "class_id": 4, "class_label": "incierto"}, "geometry": {"type": "Polygon", "coordinates": [[[699880.0, 1619220.0], [699880.0, 1619200.0], [699900.0, 1619200.0], [699900.0, 1619220.0], [699880.0, 1619220.0]]]}}, {"type": "Feature", "properties": {"year": 2035, "class_id": 2, "class_label": "expuesto_cierto_ambos"}, "geometry": {"type": "Polygon", "coordinates": [[[700720.0, 1619220.0], [700720.0, 1619200.0], [700740.0, 1619200.0], [700740.0, 1619220.0], [700720.0, 1619220.0]]]}}, {"type": "Feature", "properties": {"year": 2035, "class_id": 4, "class_label": "incierto"}, "geometry": {"type": "Polygon", "coordinates": [[[689260.0, 1619200.0], [689260.0, 1619180.0], [689340.0, 1619180.0], [689340.0, 1619200.0], [689260.0, 1619200.0]]]}}, {"type": "Feature", "properties": {"year": 2035, "class_id": 4, "class_label": "incierto"}, "geometry": {"type": "Polygon", "coordinates": [[[699860.0, 1619200.0], [699860.0, 1619180.0], [699880.0, 1619180.0], [699880.0, 1619200.0], [699860.0, 1619200.0]]]}}, {"type": "Feature", "properties": {"year": 2035, "class_id": 2, "class_label": "expuesto_cierto_ambos"}, "geometry": {"type": "Polygon", "coordinates": [[[700660.0, 1619200.0], [700660.0, 1619180.0], [700680.0, 1619180.0], [700680.0, 1619200.0], [700660.0, 1619200.0]]]}}, {"type": "Feature", "properties": {"year": 2035, "class_id": 2, "class_label": "expuesto_cierto_ambos"}, "geometry": {"type": "Polygon", "coordinates": [[[700400.0, 1619300.0], [700400.0, 1619280.0], [700380.0, 1619280.0], [700380.0, 1619260.0], [700400.0, 1619260.0], [700400.0, 1619240.0], [700420.0, 1619240.0], [700420.0, 1619220.0], [700480.0, 1619220.0], [700480.0, 1619200.0], [700440.0, 1619200.0], [700440.0, 1619180.0], [700460.0, 1619180.0], [700460.0, 1619160.0], [700480.0, 1619160.0], [700480.0, 1619180.0], [700500.0, 1619180.0], [700500.0, 1619200.0], [700520.0, 1619200.0], [700520.0, 1619220.0], [700500.0, 1619220.0], [700500.0, 1619240.0], [700480.0, 1619240.0], [700480.0, 1619260.0], [700460.0, 1619260.0], [700460.0, 1619280.0], [700420.0, 1619280.0], [700420.0, 1619300.0], [700400.0, 1619300.0]]]}}, {"type": "Feature", "properties": {"year": 2035, "class_id": 2, "class_label": "expuesto_cierto_ambos"}, "geometry": {"type": "Polygon", "coordinates": [[[689480.0, 1619180.0], [689480.0, 1619160.0], [689520.0, 1619160.0], [689520.0, 1619180.0], [689480.0, 1619180.0]]]}}, {"type": "Feature", "properties": {"year": 2035, "class_id": 2, "class_label": "expuesto_cierto_ambos"}, "geometry": {"type": "Polygon", "coordinates": [[[700700.0, 1619180.0], [700700.0, 1619160.0], [700720.0, 1619160.0], [700720.0, 1619180.0], [700700.0, 1619180.0]]]}}, {"type": "Feature", "properties": {"year": 2035, "class_id": 4, "class_label": "incierto"}, "geometry": {"type": "Polygon", "coordinates": [[[689100.0, 1619160.0], [689100.0, 1619140.0], [689140.0, 1619140.0], [689140.0, 1619160.0], [689100.0, 1619160.0]]]}}, {"type": "Feature", "properties": {"year": 2035, "class_id": 2, "class_label": "expuesto_cierto_ambos"}, "geometry": {"type": "Polygon", "coordinates": [[[689400.0, 1619220.0], [689400.0, 1619200.0], [689340.0, 1619200.0], [689340.0, 1619180.0], [689260.0, 1619180.0], [689260.0, 1619200.0], [689200.0, 1619200.0], [689200.0, 1619160.0], [689220.0, 1619160.0], [689220.0, 1619140.0], [689280.0, 1619140.0], [689280.0, 1619120.0], [689340.0, 1619120.0], [689340.0, 1619140.0], [689400.0, 1619140.0], [689400.0, 1619160.0], [689420.0, 1619160.0], [689420.0, 1619180.0], [689440.0, 1619180.0], [689440.0, 1619200.0], [689460.0, 1619200.0], [689460.0, 1619180.0], [689480.0, 1619180.0], [689480.0, 1619220.0], [689400.0, 1619220.0]]]}}, {"type": "Feature", "properties": {"year": 2035, "class_id": 4, "class_label": "incierto"}, "geometry": {"type": "Polygon", "coordinates": [[[690000.0, 1619140.0], [690000.0, 1619120.0], [690020.0, 1619120.0], [690020.0, 1619140.0], [690000.0, 1619140.0]]]}}, {"type": "Feature", "properties": {"year": 2035, "class_id": 2, "class_label": "expuesto_cierto_ambos"}, "geometry": {"type": "Polygon", "coordinates": [[[700600.0, 1619100.0], [700600.0, 1619080.0], [700620.0, 1619080.0], [700620.0, 1619100.0], [700600.0, 1619100.0]]]}}, {"type": "Feature", "properties": {"year": 2035, "class_id": 4, "class_label": "incierto"}, "geometry": {"type": "Polygon", "coordinates": [[[689120.0, 1619080.0], [689120.0, 1619060.0], [689140.0, 1619060.0], [689140.0, 1619080.0], [689120.0, 1619080.0]]]}}, {"type": "Feature", "properties": {"year": 2035, "class_id": 4, "class_label": "incierto"}, "geometry": {"type": "Polygon", "coordinates": [[[700600.0, 1619080.0], [700600.0, 1619060.0], [700620.0, 1619060.0], [700620.0, 1619080.0], [700600.0, 1619080.0]]]}}, {"type": "Feature", "properties": {"year": 2035, "class_id": 4, "class_label": "incierto"}, "geometry": {"type": "Polygon", "coordinates": [[[690000.0, 1619060.0], [690000.0, 1619040.0], [690020.0, 1619040.0], [690020.0, 1619060.0], [690000.0, 1619060.0]]]}}, {"type": "Feature", "properties": {"year": 2035, "class_id": 4, "class_label": "incierto"}, "geometry": {"type": "Polygon", "coordinates": [[[690640.0, 1619060.0], [690640.0, 1619040.0], [690660.0, 1619040.0], [690660.0, 1619060.0], [690640.0, 1619060.0]]]}}, {"type": "Feature", "properties": {"year": 2035, "class_id": 4, "class_label": "incierto"}, "geometry": {"type": "Polygon", "coordinates": [[[700620.0, 1619060.0], [700620.0, 1619040.0], [700640.0, 1619040.0], [700640.0, 1619060.0], [700620.0, 1619060.0]]]}}, {"type": "Feature", "properties": {"year": 2035, "class_id": 4, "class_label": "incierto"}, "geometry": {"type": "Polygon", "coordinates": [[[689120.0, 1619040.0], [689120.0, 1619020.0], [689140.0, 1619020.0], [689140.0, 1619040.0], [689120.0, 1619040.0]]]}}, {"type": "Feature", "properties": {"year": 2035, "class_id": 2, "class_label": "expuesto_cierto_ambos"}, "geometry": {"type": "Polygon", "coordinates": [[[689920.0, 1619200.0], [689920.0, 1619160.0], [689940.0, 1619160.0], [689940.0, 1619100.0], [689960.0, 1619100.0], [689960.0, 1619060.0], [689940.0, 1619060.0], [689940.0, 1619040.0], [689960.0, 1619040.0], [689960.0, 1619020.0], [689980.0, 1619020.0], [689980.0, 1619000.0], [690000.0, 1619000.0], [690000.0, 1619060.0], [690020.0, 1619060.0], [690020.0, 1619120.0], [690000.0, 1619120.0], [690000.0, 1619160.0], [689980.0, 1619160.0], [689980.0, 1619140.0], [689960.0, 1619140.0], [689960.0, 1619180.0], [689940.0, 1619180.0], [689940.0, 1619200.0], [689920.0, 1619200.0]]]}}, {"type": "Feature", "properties": {"year": 2035, "class_id": 4, "class_label": "incierto"}, "geometry": {"type": "Polygon", "coordinates": [[[689100.0, 1619000.0], [689100.0, 1618980.0], [689120.0, 1618980.0], [689120.0, 1619000.0], [689100.0, 1619000.0]]]}}, {"type": "Feature", "properties": {"year": 2035, "class_id": 2, "class_label": "expuesto_cierto_ambos"}, "geometry": {"type": "Polygon", "coordinates": [[[700560.0, 1619000.0], [700560.0, 1618980.0], [700580.0, 1618980.0], [700580.0, 1619000.0], [700560.0, 1619000.0]]]}}, {"type": "Feature", "properties": {"year": 2035, "class_id": 4, "class_label": "incierto"}, "geometry": {"type": "Polygon", "coordinates": [[[689080.0, 1618980.0], [689080.0, 1618960.0], [689100.0, 1618960.0], [689100.0, 1618980.0], [689080.0, 1618980.0]]]}}, {"type": "Feature", "properties": {"year": 2035, "class_id": 4, "class_label": "incierto"}, "geometry": {"type": "Polygon", "coordinates": [[[689060.0, 1618940.0], [689060.0, 1618900.0], [689080.0, 1618900.0], [689080.0, 1618940.0], [689060.0, 1618940.0]]]}}, {"type": "Feature", "properties": {"year": 2035, "class_id": 2, "class_label": "expuesto_cierto_ambos"}, "geometry": {"type": "Polygon", "coordinates": [[[700520.0, 1619120.0], [700520.0, 1619080.0], [700500.0, 1619080.0], [700500.0, 1619020.0], [700480.0, 1619020.0], [700480.0, 1619000.0], [700500.0, 1619000.0], [700500.0, 1618880.0], [700540.0, 1618880.0], [700540.0, 1618940.0], [700520.0, 1618940.0], [700520.0, 1618980.0], [700540.0, 1618980.0], [700540.0, 1619060.0], [700580.0, 1619060.0], [700580.0, 1619040.0], [700620.0, 1619040.0], [700620.0, 1619060.0], [700600.0, 1619060.0], [700600.0, 1619080.0], [700580.0, 1619080.0], [700580.0, 1619100.0], [700540.0, 1619100.0], [700540.0, 1619120.0], [700520.0, 1619120.0]]]}}, {"type": "Feature", "properties": {"year": 2035, "class_id": 4, "class_label": "incierto"}, "geometry": {"type": "Polygon", "coordinates": [[[689040.0, 1618880.0], [689040.0, 1618840.0], [689060.0, 1618840.0], [689060.0, 1618880.0], [689040.0, 1618880.0]]]}}, {"type": "Feature", "properties": {"year": 2035, "class_id": 4, "class_label": "incierto"}, "geometry": {"type": "Polygon", "coordinates": [[[689980.0, 1618860.0], [689980.0, 1618840.0], [690000.0, 1618840.0], [690000.0, 1618860.0], [689980.0, 1618860.0]]]}}, {"type": "Feature", "properties": {"year": 2035, "class_id": 2, "class_label": "expuesto_cierto_ambos"}, "geometry": {"type": "Polygon", "coordinates": [[[689980.0, 1618920.0], [689980.0, 1618900.0], [689960.0, 1618900.0], [689960.0, 1618860.0], [689920.0, 1618860.0], [689920.0, 1618840.0], [689940.0, 1618840.0], [689940.0, 1618820.0], [689960.0, 1618820.0], [689960.0, 1618840.0], [689980.0, 1618840.0], [689980.0, 1618860.0], [690000.0, 1618860.0], [690000.0, 1618920.0], [689980.0, 1618920.0]]]}}, {"type": "Feature", "properties": {"year": 2035, "class_id": 4, "class_label": "incierto"}, "geometry": {"type": "Polygon", "coordinates": [[[699780.0, 1618860.0], [699780.0, 1618820.0], [699800.0, 1618820.0], [699800.0, 1618860.0], [699780.0, 1618860.0]]]}}, {"type": "Feature", "properties": {"year": 2035, "class_id": 4, "class_label": "incierto"}, "geometry": {"type": "Polygon", "coordinates": [[[689960.0, 1618840.0], [689960.0, 1618820.0], [689980.0, 1618820.0], [689980.0, 1618840.0], [689960.0, 1618840.0]]]}}, {"type": "Feature", "properties": {"year": 2035, "class_id": 2, "class_label": "expuesto_cierto_ambos"}, "geometry": {"type": "Polygon", "coordinates": [[[689960.0, 1618820.0], [689960.0, 1618800.0], [689980.0, 1618800.0], [689980.0, 1618820.0], [689960.0, 1618820.0]]]}}, {"type": "Feature", "properties": {"year": 2035, "class_id": 4, "class_label": "incierto"}, "geometry": {"type": "Polygon", "coordinates": [[[689980.0, 1618820.0], [689980.0, 1618800.0], [690000.0, 1618800.0], [690000.0, 1618820.0], [689980.0, 1618820.0]]]}}, {"type": "Feature", "properties": {"year": 2035, "class_id": 2, "class_label": "expuesto_cierto_ambos"}, "geometry": {"type": "Polygon", "coordinates": [[[689100.0, 1619220.0], [689100.0, 1619160.0], [689140.0, 1619160.0], [689140.0, 1619140.0], [689120.0, 1619140.0], [689120.0, 1619080.0], [689140.0, 1619080.0], [689140.0, 1619020.0], [689120.0, 1619020.0], [689120.0, 1618980.0], [689100.0, 1618980.0], [689100.0, 1618960.0], [689080.0, 1618960.0], [689080.0, 1618900.0], [689060.0, 1618900.0], [689060.0, 1618840.0], [689040.0, 1618840.0], [689040.0, 1618800.0], [689060.0, 1618800.0], [689060.0, 1618780.0], [689080.0, 1618780.0], [689080.0, 1618800.0], [689100.0, 1618800.0], [689100.0, 1618820.0], [689080.0, 1618820.0], [689080.0, 1618840.0], [689100.0, 1618840.0], [689100.0, 1618860.0], [689120.0, 1618860.0], [689120.0, 1618880.0], [689100.0, 1618880.0], [689100.0, 1618900.0], [689120.0, 1618900.0], [689120.0, 1618920.0], [689140.0, 1618920.0], [689140.0, 1618960.0], [689160.0, 1618960.0], [689160.0, 1618980.0], [689140.0, 1618980.0], [689140.0, 1619000.0], [689160.0, 1619000.0], [689160.0, 1619020.0], [689180.0, 1619020.0], [689180.0, 1619040.0], [689200.0, 1619040.0], [689200.0, 1619080.0], [689180.0, 1619080.0], [689180.0, 1619100.0], [689160.0, 1619100.0], [689160.0, 1619120.0], [689180.0, 1619120.0], [689180.0, 1619140.0], [689160.0, 1619140.0], [689160.0, 1619160.0], [689180.0, 1619160.0], [689180.0, 1619220.0], [689100.0, 1619220.0]]]}}, {"type": "Feature", "properties": {"year": 2035, "class_id": 4, "class_label": "incierto"}, "geometry": {"type": "Polygon", "coordinates": [[[689020.0, 1618820.0], [689020.0, 1618780.0], [688980.0, 1618780.0], [688980.0, 1618760.0], [689040.0, 1618760.0], [689040.0, 1618780.0], [689060.0, 1618780.0], [689060.0, 1618800.0], [689040.0, 1618800.0], [689040.0, 1618820.0], [689020.0, 1618820.0]]]}}, {"type": "Feature", "properties": {"year": 2035, "class_id": 2, "class_label": "expuesto_cierto_ambos"}, "geometry": {"type": "Polygon", "coordinates": [[[689040.0, 1618780.0], [689040.0, 1618760.0], [689060.0, 1618760.0], [689060.0, 1618780.0], [689040.0, 1618780.0]]]}}, {"type": "Feature", "properties": {"year": 2035, "class_id": 4, "class_label": "incierto"}, "geometry": {"type": "Polygon", "coordinates": [[[690000.0, 1618760.0], [690000.0, 1618740.0], [690020.0, 1618740.0], [690020.0, 1618760.0], [690000.0, 1618760.0]]]}}, {"type": "Feature", "properties": {"year": 2035, "class_id": 4, "class_label": "incierto"}, "geometry": {"type": "Polygon", "coordinates": [[[688960.0, 1618760.0], [688960.0, 1618720.0], [688980.0, 1618720.0], [688980.0, 1618760.0], [688960.0, 1618760.0]]]}}, {"type": "Feature", "properties": {"year": 2035, "class_id": 4, "class_label": "incierto"}, "geometry": {"type": "Polygon", "coordinates": [[[688940.0, 1618720.0], [688940.0, 1618700.0], [688960.0, 1618700.0], [688960.0, 1618720.0], [688940.0, 1618720.0]]]}}, {"type": "Feature", "properties": {"year": 2035, "class_id": 4, "class_label": "incierto"}, "geometry": {"type": "Polygon", "coordinates": [[[690020.0, 1618720.0], [690020.0, 1618700.0], [690040.0, 1618700.0], [690040.0, 1618720.0], [690020.0, 1618720.0]]]}}, {"type": "Feature", "properties": {"year": 2035, "class_id": 4, "class_label": "incierto"}, "geometry": {"type": "Polygon", "coordinates": [[[688840.0, 1618700.0], [688840.0, 1618680.0], [688860.0, 1618680.0], [688860.0, 1618700.0], [688840.0, 1618700.0]]]}}, {"type": "Feature", "properties": {"year": 2035, "class_id": 4, "class_label": "incierto"}, "geometry": {"type": "Polygon", "coordinates": [[[690040.0, 1618700.0], [690040.0, 1618680.0], [690060.0, 1618680.0], [690060.0, 1618700.0], [690040.0, 1618700.0]]]}}, {"type": "Feature", "properties": {"year": 2035, "class_id": 4, "class_label": "incierto"}, "geometry": {"type": "Polygon", "coordinates": [[[688800.0, 1618680.0], [688800.0, 1618660.0], [688820.0, 1618660.0], [688820.0, 1618680.0], [688800.0, 1618680.0]]]}}, {"type": "Feature", "properties": {"year": 2035, "class_id": 4, "class_label": "incierto"}, "geometry": {"type": "Polygon", "coordinates": [[[688740.0, 1618660.0], [688740.0, 1618640.0], [688760.0, 1618640.0], [688760.0, 1618660.0], [688740.0, 1618660.0]]]}}, {"type": "Feature", "properties": {"year": 2035, "class_id": 4, "class_label": "incierto"}, "geometry": {"type": "Polygon", "coordinates": [[[690080.0, 1618660.0], [690080.0, 1618640.0], [690120.0, 1618640.0], [690120.0, 1618660.0], [690080.0, 1618660.0]]]}}, {"type": "Feature", "properties": {"year": 2035, "class_id": 4, "class_label": "incierto"}, "geometry": {"type": "Polygon", "coordinates": [[[690140.0, 1618660.0], [690140.0, 1618640.0], [690160.0, 1618640.0], [690160.0, 1618660.0], [690140.0, 1618660.0]]]}}, {"type": "Feature", "properties": {"year": 2035, "class_id": 2, "class_label": "expuesto_cierto_ambos"}, "geometry": {"type": "Polygon", "coordinates": [[[690160.0, 1618660.0], [690160.0, 1618640.0], [690180.0, 1618640.0], [690180.0, 1618660.0], [690160.0, 1618660.0]]]}}, {"type": "Feature", "properties": {"year": 2035, "class_id": 4, "class_label": "incierto"}, "geometry": {"type": "Polygon", "coordinates": [[[688700.0, 1618640.0], [688700.0, 1618620.0], [688740.0, 1618620.0], [688740.0, 1618640.0], [688700.0, 1618640.0]]]}}, {"type": "Feature", "properties": {"year": 2035, "class_id": 4, "class_label": "incierto"}, "geometry": {"type": "Polygon", "coordinates": [[[690260.0, 1618660.0], [690260.0, 1618640.0], [690220.0, 1618640.0], [690220.0, 1618600.0], [690240.0, 1618600.0], [690240.0, 1618620.0], [690320.0, 1618620.0], [690320.0, 1618600.0], [690380.0, 1618600.0], [690380.0, 1618620.0], [690340.0, 1618620.0], [690340.0, 1618640.0], [690280.0, 1618640.0], [690280.0, 1618660.0], [690260.0, 1618660.0]]]}}, {"type": "Feature", "properties": {"year": 2035, "class_id": 4, "class_label": "incierto"}, "geometry": {"type": "Polygon", "coordinates": [[[688620.0, 1618620.0], [688620.0, 1618600.0], [688680.0, 1618600.0], [688680.0, 1618620.0], [688620.0, 1618620.0]]]}}, {"type": "Feature", "properties": {"year": 2035, "class_id": 2, "class_label": "expuesto_cierto_ambos"}, "geometry": {"type": "Polygon", "coordinates": [[[689980.0, 1618800.0], [689980.0, 1618760.0], [689940.0, 1618760.0], [689940.0, 1618740.0], [689960.0, 1618740.0], [689960.0, 1618700.0], [689980.0, 1618700.0], [689980.0, 1618680.0], [690000.0, 1618680.0], [690000.0, 1618660.0], [690020.0, 1618660.0], [690020.0, 1618640.0], [690040.0, 1618640.0], [690040.0, 1618620.0], [690080.0, 1618620.0], [690080.0, 1618600.0], [690100.0, 1618600.0], [690100.0, 1618620.0], [690120.0, 1618620.0], [690120.0, 1618600.0], [690140.0, 1618600.0], [690140.0, 1618580.0], [690160.0, 1618580.0], [690160.0, 1618640.0], [690140.0, 1618640.0], [690140.0, 1618660.0], [690120.0, 1618660.0], [690120.0, 1618640.0], [690080.0, 1618640.0], [690080.0, 1618680.0], [690040.0, 1618680.0], [690040.0, 1618700.0], [690020.0, 1618700.0], [690020.0, 1618740.0], [690000.0, 1618740.0], [690000.0, 1618800.0], [689980.0, 1618800.0]]]}}, {"type": "Feature", "properties": {"year": 2035, "class_id": 2, "class_label": "expuesto_cierto_ambos"}, "geometry": {"type": "Polygon", "coordinates": [[[690200.0, 1618640.0], [690200.0, 1618620.0], [690180.0, 1618620.0], [690180.0, 1618580.0], [690240.0, 1618580.0], [690240.0, 1618600.0], [690220.0, 1618600.0], [690220.0, 1618640.0], [690200.0, 1618640.0]]]}}, {"type": "Feature", "properties": {"year": 2035, "class_id": 4, "class_label": "incierto"}, "geometry": {"type": "Polygon", "coordinates": [[[690280.0, 1618600.0], [690280.0, 1618580.0], [690300.0, 1618580.0], [690300.0, 1618600.0], [690280.0, 1618600.0]]]}}, {"type": "Feature", "properties": {"year": 2035, "class_id": 4, "class_label": "incierto"}, "geometry": {"type": "Polygon", "coordinates": [[[690380.0, 1618600.0], [690380.0, 1618580.0], [690420.0, 1618580.0], [690420.0, 1618600.0], [690380.0, 1618600.0]]]}}, {"type": "Feature", "properties": {"year": 2035, "class_id": 4, "class_label": "incierto"}, "geometry": {"type": "Polygon", "coordinates": [[[690440.0, 1618580.0], [690440.0, 1618560.0], [690460.0, 1618560.0], [690460.0, 1618580.0], [690440.0, 1618580.0]]]}}, {"type": "Feature", "properties": {"year": 2035, "class_id": 4, "class_label": "incierto"}, "geometry": {"type": "Polygon", "coordinates": [[[688560.0, 1618540.0], [688560.0, 1618520.0], [688580.0, 1618520.0], [688580.0, 1618540.0], [688560.0, 1618540.0]]]}}, {"type": "Feature", "properties": {"year": 2035, "class_id": 4, "class_label": "incierto"}, "geometry": {"type": "Polygon", "coordinates": [[[690420.0, 1618520.0], [690420.0, 1618500.0], [690440.0, 1618500.0], [690440.0, 1618520.0], [690420.0, 1618520.0]]]}}, {"type": "Feature", "properties": {"year": 2035, "class_id": 4, "class_label": "incierto"}, "geometry": {"type": "Polygon", "coordinates": [[[688540.0, 1618500.0], [688540.0, 1618480.0], [688560.0, 1618480.0], [688560.0, 1618500.0], [688540.0, 1618500.0]]]}}, {"type": "Feature", "properties": {"year": 2035, "class_id": 2, "class_label": "expuesto_cierto_ambos"}, "geometry": {"type": "Polygon", "coordinates": [[[690240.0, 1618620.0], [690240.0, 1618600.0], [690260.0, 1618600.0], [690260.0, 1618580.0], [690280.0, 1618580.0], [690280.0, 1618560.0], [690360.0, 1618560.0], [690360.0, 1618540.0], [690380.0, 1618540.0], [690380.0, 1618520.0], [690360.0, 1618520.0], [690360.0, 1618480.0], [690340.0, 1618480.0], [690340.0, 1618460.0], [690320.0, 1618460.0], [690320.0, 1618420.0], [690360.0, 1618420.0], [690360.0, 1618440.0], [690380.0, 1618440.0], [690380.0, 1618460.0], [690400.0, 1618460.0], [690400.0, 1618480.0], [690420.0, 1618480.0], [690420.0, 1618520.0], [690460.0, 1618520.0], [690460.0, 1618560.0], [690440.0, 1618560.0], [690440.0, 1618580.0], [690380.0, 1618580.0], [690380.0, 1618600.0], [690320.0, 1618600.0], [690320.0, 1618620.0], [690240.0, 1618620.0]], [[690280.0, 1618600.0], [690300.0, 1618600.0], [690300.0, 1618580.0], [690280.0, 1618580.0], [690280.0, 1618600.0]]]}}, {"type": "Feature", "properties": {"year": 2035, "class_id": 4, "class_label": "incierto"}, "geometry": {"type": "Polygon", "coordinates": [[[688500.0, 1618440.0], [688500.0, 1618420.0], [688520.0, 1618420.0], [688520.0, 1618440.0], [688500.0, 1618440.0]]]}}, {"type": "Feature", "properties": {"year": 2035, "class_id": 4, "class_label": "incierto"}, "geometry": {"type": "Polygon", "coordinates": [[[688480.0, 1618400.0], [688480.0, 1618380.0], [688500.0, 1618380.0], [688500.0, 1618400.0], [688480.0, 1618400.0]]]}}, {"type": "Feature", "properties": {"year": 2035, "class_id": 4, "class_label": "incierto"}, "geometry": {"type": "Polygon", "coordinates": [[[688460.0, 1618380.0], [688460.0, 1618360.0], [688480.0, 1618360.0], [688480.0, 1618380.0], [688460.0, 1618380.0]]]}}, {"type": "Feature", "properties": {"year": 2035, "class_id": 4, "class_label": "incierto"}, "geometry": {"type": "Polygon", "coordinates": [[[690320.0, 1618380.0], [690320.0, 1618360.0], [690340.0, 1618360.0], [690340.0, 1618380.0], [690320.0, 1618380.0]]]}}, {"type": "Feature", "properties": {"year": 2035, "class_id": 4, "class_label": "incierto"}, "geometry": {"type": "Polygon", "coordinates": [[[690280.0, 1618320.0], [690280.0, 1618300.0], [690300.0, 1618300.0], [690300.0, 1618320.0], [690280.0, 1618320.0]]]}}, {"type": "Feature", "properties": {"year": 2035, "class_id": 4, "class_label": "incierto"}, "geometry": {"type": "Polygon", "coordinates": [[[688440.0, 1618360.0], [688440.0, 1618280.0], [688460.0, 1618280.0], [688460.0, 1618360.0], [688440.0, 1618360.0]]]}}, {"type": "Feature", "properties": {"year": 2035, "class_id": 4, "class_label": "incierto"}, "geometry": {"type": "Polygon", "coordinates": [[[690240.0, 1618280.0], [690240.0, 1618260.0], [690260.0, 1618260.0], [690260.0, 1618280.0], [690240.0, 1618280.0]]]}}, {"type": "Feature", "properties": {"year": 2035, "class_id": 4, "class_label": "incierto"}, "geometry": {"type": "Polygon", "coordinates": [[[690220.0, 1618260.0], [690220.0, 1618240.0], [690240.0, 1618240.0], [690240.0, 1618260.0], [690220.0, 1618260.0]]]}}, {"type": "Feature", "properties": {"year": 2035, "class_id": 4, "class_label": "incierto"}, "geometry": {"type": "Polygon", "coordinates": [[[690200.0, 1618240.0], [690200.0, 1618200.0], [690220.0, 1618200.0], [690220.0, 1618240.0], [690200.0, 1618240.0]]]}}, {"type": "Feature", "properties": {"year": 2035, "class_id": 4, "class_label": "incierto"}, "geometry": {"type": "Polygon", "coordinates": [[[688440.0, 1618220.0], [688440.0, 1618200.0], [688460.0, 1618200.0], [688460.0, 1618220.0], [688440.0, 1618220.0]]]}}, {"type": "Feature", "properties": {"year": 2035, "class_id": 2, "class_label": "expuesto_cierto_ambos"}, "geometry": {"type": "Polygon", "coordinates": [[[690280.0, 1618400.0], [690280.0, 1618360.0], [690260.0, 1618360.0], [690260.0, 1618320.0], [690220.0, 1618320.0], [690220.0, 1618300.0], [690200.0, 1618300.0], [690200.0, 1618280.0], [690180.0, 1618280.0], [690180.0, 1618240.0], [690160.0, 1618240.0], [690160.0, 1618220.0], [690140.0, 1618220.0], [690140.0, 1618180.0], [690160.0, 1618180.0], [690160.0, 1618200.0], [690200.0, 1618200.0], [690200.0, 1618240.0], [690220.0, 1618240.0], [690220.0, 1618260.0], [690240.0, 1618260.0], [690240.0, 1618280.0], [690280.0, 1618280.0], [690280.0, 1618320.0], [690300.0, 1618320.0], [690300.0, 1618340.0], [690320.0, 1618340.0], [690320.0, 1618380.0], [690340.0, 1618380.0], [690340.0, 1618400.0], [690280.0, 1618400.0]]]}}, {"type": "Feature", "properties": {"year": 2035, "class_id": 4, "class_label": "incierto"}, "geometry": {"type": "Polygon", "coordinates": [[[688420.0, 1618180.0], [688420.0, 1618160.0], [688440.0, 1618160.0], [688440.0, 1618180.0], [688420.0, 1618180.0]]]}}, {"type": "Feature", "properties": {"year": 2035, "class_id": 2, "class_label": "expuesto_cierto_ambos"}, "geometry": {"type": "Polygon", "coordinates": [[[690120.0, 1618180.0], [690120.0, 1618160.0], [690140.0, 1618160.0], [690140.0, 1618180.0], [690120.0, 1618180.0]]]}}, {"type": "Feature", "properties": {"year": 2035, "class_id": 4, "class_label": "incierto"}, "geometry": {"type": "Polygon", "coordinates": [[[690160.0, 1618200.0], [690160.0, 1618180.0], [690140.0, 1618180.0], [690140.0, 1618160.0], [690120.0, 1618160.0], [690120.0, 1618120.0], [690160.0, 1618120.0], [690160.0, 1618140.0], [690180.0, 1618140.0], [690180.0, 1618180.0], [690200.0, 1618180.0], [690200.0, 1618200.0], [690160.0, 1618200.0]]]}}, {"type": "Feature", "properties": {"year": 2035, "class_id": 2, "class_label": "expuesto_cierto_ambos"}, "geometry": {"type": "Polygon", "coordinates": [[[690100.0, 1618160.0], [690100.0, 1618140.0], [690060.0, 1618140.0], [690060.0, 1618120.0], [690120.0, 1618120.0], [690120.0, 1618160.0], [690100.0, 1618160.0]]]}}, {"type": "Feature", "properties": {"year": 2035, "class_id": 4, "class_label": "incierto"}, "geometry": {"type": "Polygon", "coordinates": [[[688380.0, 1618120.0], [688380.0, 1618100.0], [688400.0, 1618100.0], [688400.0, 1618120.0], [688380.0, 1618120.0]]]}}, {"type": "Feature", "properties": {"year": 2035, "class_id": 2, "class_label": "expuesto_cierto_ambos"}, "geometry": {"type": "Polygon", "coordinates": [[[690120.0, 1618120.0], [690120.0, 1618100.0], [690140.0, 1618100.0], [690140.0, 1618120.0], [690120.0, 1618120.0]]]}}, {"type": "Feature", "properties": {"year": 2035, "class_id": 2, "class_label": "expuesto_cierto_ambos"}, "geometry": {"type": "Polygon", "coordinates": [[[690080.0, 1618100.0], [690080.0, 1618080.0], [690120.0, 1618080.0], [690120.0, 1618100.0], [690080.0, 1618100.0]]]}}, {"type": "Feature", "properties": {"year": 2035, "class_id": 4, "class_label": "incierto"}, "geometry": {"type": "Polygon", "coordinates": [[[690120.0, 1618100.0], [690120.0, 1618080.0], [690140.0, 1618080.0], [690140.0, 1618100.0], [690120.0, 1618100.0]]]}}, {"type": "Feature", "properties": {"year": 2035, "class_id": 2, "class_label": "expuesto_cierto_ambos"}, "geometry": {"type": "Polygon", "coordinates": [[[690000.0, 1618120.0], [690000.0, 1618100.0], [689980.0, 1618100.0], [689980.0, 1618080.0], [690000.0, 1618080.0], [690000.0, 1618060.0], [690040.0, 1618060.0], [690040.0, 1618100.0], [690020.0, 1618100.0], [690020.0, 1618120.0], [690000.0, 1618120.0]]]}}, {"type": "Feature", "properties": {"year": 2035, "class_id": 4, "class_label": "incierto"}, "geometry": {"type": "Polygon", "coordinates": [[[688340.0, 1618080.0], [688340.0, 1618060.0], [688360.0, 1618060.0], [688360.0, 1618080.0], [688340.0, 1618080.0]]]}}, {"type": "Feature", "properties": {"year": 2035, "class_id": 4, "class_label": "incierto"}, "geometry": {"type": "Polygon", "coordinates": [[[689980.0, 1618080.0], [689980.0, 1618060.0], [690000.0, 1618060.0], [690000.0, 1618080.0], [689980.0, 1618080.0]]]}}, {"type": "Feature", "properties": {"year": 2035, "class_id": 4, "class_label": "incierto"}, "geometry": {"type": "Polygon", "coordinates": [[[688320.0, 1618060.0], [688320.0, 1618040.0], [688340.0, 1618040.0], [688340.0, 1618060.0], [688320.0, 1618060.0]]]}}, {"type": "Feature", "properties": {"year": 2035, "class_id": 4, "class_label": "incierto"}, "geometry": {"type": "Polygon", "coordinates": [[[690000.0, 1618060.0], [690000.0, 1618040.0], [690020.0, 1618040.0], [690020.0, 1618060.0], [690000.0, 1618060.0]]]}}, {"type": "Feature", "properties": {"year": 2035, "class_id": 4, "class_label": "incierto"}, "geometry": {"type": "Polygon", "coordinates": [[[689980.0, 1618040.0], [689980.0, 1618020.0], [690000.0, 1618020.0], [690000.0, 1618040.0], [689980.0, 1618040.0]]]}}, {"type": "Feature", "properties": {"year": 2035, "class_id": 4, "class_label": "incierto"}, "geometry": {"type": "Polygon", "coordinates": [[[688260.0, 1618000.0], [688260.0, 1617980.0], [688280.0, 1617980.0], [688280.0, 1618000.0], [688260.0, 1618000.0]]]}}, {"type": "Feature", "properties": {"year": 2035, "class_id": 4, "class_label": "incierto"}, "geometry": {"type": "Polygon", "coordinates": [[[688220.0, 1617980.0], [688220.0, 1617960.0], [688260.0, 1617960.0], [688260.0, 1617980.0], [688220.0, 1617980.0]]]}}, {"type": "Feature", "properties": {"year": 2035, "class_id": 4, "class_label": "incierto"}, "geometry": {"type": "Polygon", "coordinates": [[[689960.0, 1618020.0], [689960.0, 1618000.0], [689940.0, 1618000.0], [689940.0, 1617980.0], [689920.0, 1617980.0], [689920.0, 1617960.0], [689940.0, 1617960.0], [689940.0, 1617940.0], [689960.0, 1617940.0], [689960.0, 1617960.0], [689980.0, 1617960.0], [689980.0, 1618020.0], [689960.0, 1618020.0]]]}}, {"type": "Feature", "properties": {"year": 2035, "class_id": 4, "class_label": "incierto"}, "geometry": {"type": "Polygon", "coordinates": [[[688180.0, 1617960.0], [688180.0, 1617940.0], [688220.0, 1617940.0], [688220.0, 1617960.0], [688180.0, 1617960.0]]]}}, {"type": "Feature", "properties": {"year": 2035, "class_id": 2, "class_label": "expuesto_cierto_ambos"}, "geometry": {"type": "Polygon", "coordinates": [[[689920.0, 1617960.0], [689920.0, 1617940.0], [689940.0, 1617940.0], [689940.0, 1617960.0], [689920.0, 1617960.0]]]}}, {"type": "Feature", "properties": {"year": 2035, "class_id": 4, "class_label": "incierto"}, "geometry": {"type": "Polygon", "coordinates": [[[689900.0, 1617960.0], [689900.0, 1617920.0], [689940.0, 1617920.0], [689940.0, 1617940.0], [689920.0, 1617940.0], [689920.0, 1617960.0], [689900.0, 1617960.0]]]}}, {"type": "Feature", "properties": {"year": 2035, "class_id": 4, "class_label": "incierto"}, "geometry": {"type": "Polygon", "coordinates": [[[688140.0, 1617940.0], [688140.0, 1617920.0], [688180.0, 1617920.0], [688180.0, 1617940.0], [688140.0, 1617940.0]]]}}, {"type": "Feature", "properties": {"year": 2035, "class_id": 4, "class_label": "incierto"}, "geometry": {"type": "Polygon", "coordinates": [[[688100.0, 1617920.0], [688100.0, 1617900.0], [688140.0, 1617900.0], [688140.0, 1617920.0], [688100.0, 1617920.0]]]}}, {"type": "Feature", "properties": {"year": 2035, "class_id": 4, "class_label": "incierto"}, "geometry": {"type": "Polygon", "coordinates": [[[689860.0, 1617920.0], [689860.0, 1617900.0], [689880.0, 1617900.0], [689880.0, 1617920.0], [689860.0, 1617920.0]]]}}, {"type": "Feature", "properties": {"year": 2035, "class_id": 4, "class_label": "incierto"}, "geometry": {"type": "Polygon", "coordinates": [[[688020.0, 1617900.0], [688020.0, 1617880.0], [688040.0, 1617880.0], [688040.0, 1617900.0], [688020.0, 1617900.0]]]}}, {"type": "Feature", "properties": {"year": 2035, "class_id": 4, "class_label": "incierto"}, "geometry": {"type": "Polygon", "coordinates": [[[689740.0, 1617880.0], [689740.0, 1617860.0], [689760.0, 1617860.0], [689760.0, 1617880.0], [689740.0, 1617880.0]]]}}, {"type": "Feature", "properties": {"year": 2035, "class_id": 4, "class_label": "incierto"}, "geometry": {"type": "Polygon", "coordinates": [[[689780.0, 1617880.0], [689780.0, 1617860.0], [689800.0, 1617860.0], [689800.0, 1617880.0], [689780.0, 1617880.0]]]}}, {"type": "Feature", "properties": {"year": 2035, "class_id": 4, "class_label": "incierto"}, "geometry": {"type": "Polygon", "coordinates": [[[689760.0, 1617860.0], [689760.0, 1617840.0], [689780.0, 1617840.0], [689780.0, 1617860.0], [689760.0, 1617860.0]]]}}, {"type": "Feature", "properties": {"year": 2035, "class_id": 4, "class_label": "incierto"}, "geometry": {"type": "Polygon", "coordinates": [[[687980.0, 1617860.0], [687980.0, 1617820.0], [688020.0, 1617820.0], [688020.0, 1617840.0], [688000.0, 1617840.0], [688000.0, 1617860.0], [687980.0, 1617860.0]]]}}, {"type": "Feature", "properties": {"year": 2035, "class_id": 2, "class_label": "expuesto_cierto_ambos"}, "geometry": {"type": "Polygon", "coordinates": [[[689960.0, 1618080.0], [689960.0, 1618060.0], [689940.0, 1618060.0], [689940.0, 1618040.0], [689920.0, 1618040.0], [689920.0, 1618000.0], [689900.0, 1618000.0], [689900.0, 1617980.0], [689860.0, 1617980.0], [689860.0, 1617960.0], [689840.0, 1617960.0], [689840.0, 1617940.0], [689820.0, 1617940.0], [689820.0, 1617920.0], [689800.0, 1617920.0], [689800.0, 1617940.0], [689780.0, 1617940.0], [689780.0, 1617900.0], [689760.0, 1617900.0], [689760.0, 1617920.0], [689740.0, 1617920.0], [689740.0, 1617900.0], [689720.0, 1617900.0], [689720.0, 1617880.0], [689700.0, 1617880.0], [689700.0, 1617860.0], [689720.0, 1617860.0], [689720.0, 1617840.0], [689700.0, 1617840.0], [689700.0, 1617820.0], [689740.0, 1617820.0], [689740.0, 1617840.0], [689760.0, 1617840.0], [689760.0, 1617860.0], [689780.0, 1617860.0], [689780.0, 1617880.0], [689800.0, 1617880.0], [689800.0, 1617860.0], [689820.0, 1617860.0], [689820.0, 1617880.0], [689840.0, 1617880.0], [689840.0, 1617900.0], [689860.0, 1617900.0], [689860.0, 1617920.0], [689900.0, 1617920.0], [689900.0, 1617960.0], [689920.0, 1617960.0], [689920.0, 1617980.0], [689940.0, 1617980.0], [689940.0, 1618000.0], [689960.0, 1618000.0], [689960.0, 1618020.0], [689980.0, 1618020.0], [689980.0, 1618040.0], [690000.0, 1618040.0], [690000.0, 1618060.0], [689980.0, 1618060.0], [689980.0, 1618080.0], [689960.0, 1618080.0]], [[689740.0, 1617880.0], [689760.0, 1617880.0], [689760.0, 1617860.0], [689740.0, 1617860.0], [689740.0, 1617880.0]]]}}, {"type": "Feature", "properties": {"year": 2035, "class_id": 2, "class_label": "expuesto_cierto_ambos"}, "geometry": {"type": "Polygon", "coordinates": [[[689680.0, 1617820.0], [689680.0, 1617800.0], [689700.0, 1617800.0], [689700.0, 1617820.0], [689680.0, 1617820.0]]]}}, {"type": "Feature", "properties": {"year": 2035, "class_id": 2, "class_label": "expuesto_cierto_ambos"}, "geometry": {"type": "Polygon", "coordinates": [[[689660.0, 1617800.0], [689660.0, 1617780.0], [689680.0, 1617780.0], [689680.0, 1617800.0], [689660.0, 1617800.0]]]}}, {"type": "Feature", "properties": {"year": 2035, "class_id": 4, "class_label": "incierto"}, "geometry": {"type": "Polygon", "coordinates": [[[687980.0, 1617800.0], [687980.0, 1617760.0], [688000.0, 1617760.0], [688000.0, 1617800.0], [687980.0, 1617800.0]]]}}, {"type": "Feature", "properties": {"year": 2035, "class_id": 2, "class_label": "expuesto_cierto_ambos"}, "geometry": {"type": "Polygon", "coordinates": [[[689640.0, 1617780.0], [689640.0, 1617760.0], [689660.0, 1617760.0], [689660.0, 1617780.0], [689640.0, 1617780.0]]]}}, {"type": "Feature", "properties": {"year": 2035, "class_id": 4, "class_label": "incierto"}, "geometry": {"type": "Polygon", "coordinates": [[[688000.0, 1617740.0], [688000.0, 1617720.0], [688020.0, 1617720.0], [688020.0, 1617740.0], [688000.0, 1617740.0]]]}}, {"type": "Feature", "properties": {"year": 2035, "class_id": 2, "class_label": "expuesto_cierto_ambos"}, "geometry": {"type": "Polygon", "coordinates": [[[689560.0, 1617720.0], [689560.0, 1617700.0], [689580.0, 1617700.0], [689580.0, 1617720.0], [689560.0, 1617720.0]]]}}, {"type": "Feature", "properties": {"year": 2035, "class_id": 4, "class_label": "incierto"}, "geometry": {"type": "Polygon", "coordinates": [[[689560.0, 1617700.0], [689560.0, 1617680.0], [689580.0, 1617680.0], [689580.0, 1617700.0], [689560.0, 1617700.0]]]}}, {"type": "Feature", "properties": {"year": 2035, "class_id": 4, "class_label": "incierto"}, "geometry": {"type": "Polygon", "coordinates": [[[688040.0, 1617700.0], [688040.0, 1617660.0], [688060.0, 1617660.0], [688060.0, 1617680.0], [688080.0, 1617680.0], [688080.0, 1617700.0], [688040.0, 1617700.0]]]}}, {"type": "Feature", "properties": {"year": 2035, "class_id": 4, "class_label": "incierto"}, "geometry": {"type": "Polygon", "coordinates": [[[688000.0, 1617700.0], [688000.0, 1617620.0], [688020.0, 1617620.0], [688020.0, 1617700.0], [688000.0, 1617700.0]]]}}, {"type": "Feature", "properties": {"year": 2035, "class_id": 2, "class_label": "expuesto_cierto_ambos"}, "geometry": {"type": "Polygon", "coordinates": [[[689540.0, 1617700.0], [689540.0, 1617660.0], [689500.0, 1617660.0], [689500.0, 1617640.0], [689480.0, 1617640.0], [689480.0, 1617620.0], [689540.0, 1617620.0], [689540.0, 1617640.0], [689560.0, 1617640.0], [689560.0, 1617700.0], [689540.0, 1617700.0]]]}}, {"type": "Feature", "properties": {"year": 2035, "class_id": 4, "class_label": "incierto"}, "geometry": {"type": "Polygon", "coordinates": [[[688060.0, 1617640.0], [688060.0, 1617600.0], [688080.0, 1617600.0], [688080.0, 1617640.0], [688060.0, 1617640.0]]]}}, {"type": "Feature", "properties": {"year": 2035, "class_id": 4, "class_label": "incierto"}, "geometry": {"type": "Polygon", "coordinates": [[[688020.0, 1617600.0], [688020.0, 1617580.0], [688040.0, 1617580.0], [688040.0, 1617600.0], [688020.0, 1617600.0]]]}}, {"type": "Feature", "properties": {"year": 2035, "class_id": 2, "class_label": "expuesto_cierto_ambos"}, "geometry": {"type": "Polygon", "coordinates": [[[689460.0, 1617600.0], [689460.0, 1617580.0], [689480.0, 1617580.0], [689480.0, 1617600.0], [689460.0, 1617600.0]]]}}, {"type": "Feature", "properties": {"year": 2035, "class_id": 4, "class_label": "incierto"}, "geometry": {"type": "Polygon", "coordinates": [[[688080.0, 1617600.0], [688080.0, 1617560.0], [688100.0, 1617560.0], [688100.0, 1617600.0], [688080.0, 1617600.0]]]}}, {"type": "Feature", "properties": {"year": 2035, "class_id": 4, "class_label": "incierto"}, "geometry": {"type": "Polygon", "coordinates": [[[688040.0, 1617560.0], [688040.0, 1617540.0], [688060.0, 1617540.0], [688060.0, 1617560.0], [688040.0, 1617560.0]]]}}, {"type": "Feature", "properties": {"year": 2035, "class_id": 1, "class_label": "agua_cierta_ambos"}, "geometry": {"type": "Polygon", "coordinates": [[[689260.0, 1617540.0], [689260.0, 1617520.0], [689300.0, 1617520.0], [689300.0, 1617540.0], [689260.0, 1617540.0]]]}}, {"type": "Feature", "properties": {"year": 2035, "class_id": 2, "class_label": "expuesto_cierto_ambos"}, "geometry": {"type": "Polygon", "coordinates": [[[689460.0, 1617540.0], [689460.0, 1617520.0], [689480.0, 1617520.0], [689480.0, 1617540.0], [689460.0, 1617540.0]]]}}, {"type": "Feature", "properties": {"year": 2035, "class_id": 4, "class_label": "incierto"}, "geometry": {"type": "Polygon", "coordinates": [[[688060.0, 1617520.0], [688060.0, 1617500.0], [688080.0, 1617500.0], [688080.0, 1617520.0], [688060.0, 1617520.0]]]}}, {"type": "Feature", "properties": {"year": 2035, "class_id": 2, "class_label": "expuesto_cierto_ambos"}, "geometry": {"type": "Polygon", "coordinates": [[[688140.0, 1617520.0], [688140.0, 1617500.0], [688160.0, 1617500.0], [688160.0, 1617520.0], [688140.0, 1617520.0]]]}}, {"type": "Feature", "properties": {"year": 2035, "class_id": 2, "class_label": "expuesto_cierto_ambos"}, "geometry": {"type": "Polygon", "coordinates": [[[689440.0, 1617500.0], [689440.0, 1617480.0], [689460.0, 1617480.0], [689460.0, 1617500.0], [689440.0, 1617500.0]]]}}, {"type": "Feature", "properties": {"year": 2035, "class_id": 2, "class_label": "expuesto_cierto_ambos"}, "geometry": {"type": "Polygon", "coordinates": [[[689360.0, 1617480.0], [689360.0, 1617460.0], [689380.0, 1617460.0], [689380.0, 1617480.0], [689360.0, 1617480.0]]]}}, {"type": "Feature", "properties": {"year": 2035, "class_id": 2, "class_label": "expuesto_cierto_ambos"}, "geometry": {"type": "Polygon", "coordinates": [[[689420.0, 1617480.0], [689420.0, 1617460.0], [689440.0, 1617460.0], [689440.0, 1617480.0], [689420.0, 1617480.0]]]}}, {"type": "Feature", "properties": {"year": 2035, "class_id": 2, "class_label": "expuesto_cierto_ambos"}, "geometry": {"type": "Polygon", "coordinates": [[[688160.0, 1617420.0], [688160.0, 1617400.0], [688180.0, 1617400.0], [688180.0, 1617420.0], [688160.0, 1617420.0]]]}}, {"type": "Feature", "properties": {"year": 2035, "class_id": 2, "class_label": "expuesto_cierto_ambos"}, "geometry": {"type": "Polygon", "coordinates": [[[689360.0, 1617420.0], [689360.0, 1617400.0], [689380.0, 1617400.0], [689380.0, 1617420.0], [689360.0, 1617420.0]]]}}, {"type": "Feature", "properties": {"year": 2035, "class_id": 2, "class_label": "expuesto_cierto_ambos"}, "geometry": {"type": "Polygon", "coordinates": [[[689320.0, 1617400.0], [689320.0, 1617380.0], [689340.0, 1617380.0], [689340.0, 1617400.0], [689320.0, 1617400.0]]]}}, {"type": "Feature", "properties": {"year": 2035, "class_id": 4, "class_label": "incierto"}, "geometry": {"type": "Polygon", "coordinates": [[[688080.0, 1617440.0], [688080.0, 1617340.0], [688100.0, 1617340.0], [688100.0, 1617440.0], [688080.0, 1617440.0]]]}}, {"type": "Feature", "properties": {"year": 2035, "class_id": 4, "class_label": "incierto"}, "geometry": {"type": "Polygon", "coordinates": [[[688080.0, 1617320.0], [688080.0, 1617260.0], [688100.0, 1617260.0], [688100.0, 1617320.0], [688080.0, 1617320.0]]]}}, {"type": "Feature", "properties": {"year": 2035, "class_id": 4, "class_label": "incierto"}, "geometry": {"type": "Polygon", "coordinates": [[[689240.0, 1617320.0], [689240.0, 1617300.0], [689220.0, 1617300.0], [689220.0, 1617260.0], [689240.0, 1617260.0], [689240.0, 1617280.0], [689260.0, 1617280.0], [689260.0, 1617300.0], [689280.0, 1617300.0], [689280.0, 1617320.0], [689240.0, 1617320.0]]]}}, {"type": "Feature", "properties": {"year": 2035, "class_id": 4, "class_label": "incierto"}, "geometry": {"type": "Polygon", "coordinates": [[[689180.0, 1617280.0], [689180.0, 1617260.0], [689200.0, 1617260.0], [689200.0, 1617280.0], [689180.0, 1617280.0]]]}}, {"type": "Feature", "properties": {"year": 2035, "class_id": 4, "class_label": "incierto"}, "geometry": {"type": "Polygon", "coordinates": [[[688100.0, 1617220.0], [688100.0, 1617200.0], [688120.0, 1617200.0], [688120.0, 1617220.0], [688100.0, 1617220.0]]]}}, {"type": "Feature", "properties": {"year": 2035, "class_id": 4, "class_label": "incierto"}, "geometry": {"type": "Polygon", "coordinates": [[[689200.0, 1617220.0], [689200.0, 1617200.0], [689220.0, 1617200.0], [689220.0, 1617220.0], [689200.0, 1617220.0]]]}}, {"type": "Feature", "properties": {"year": 2035, "class_id": 4, "class_label": "incierto"}, "geometry": {"type": "Polygon", "coordinates": [[[689140.0, 1617200.0], [689140.0, 1617180.0], [689160.0, 1617180.0], [689160.0, 1617200.0], [689140.0, 1617200.0]]]}}, {"type": "Feature", "properties": {"year": 2035, "class_id": 4, "class_label": "incierto"}, "geometry": {"type": "Polygon", "coordinates": [[[688100.0, 1617120.0], [688100.0, 1617100.0], [688120.0, 1617100.0], [688120.0, 1617120.0], [688100.0, 1617120.0]]]}}, {"type": "Feature", "properties": {"year": 2035, "class_id": 4, "class_label": "incierto"}, "geometry": {"type": "Polygon", "coordinates": [[[688060.0, 1617220.0], [688060.0, 1617080.0], [688080.0, 1617080.0], [688080.0, 1617220.0], [688060.0, 1617220.0]]]}}, {"type": "Feature", "properties": {"year": 2035, "class_id": 2, "class_label": "expuesto_cierto_ambos"}, "geometry": {"type": "Polygon", "coordinates": [[[689260.0, 1617380.0], [689260.0, 1617340.0], [689220.0, 1617340.0], [689220.0, 1617320.0], [689200.0, 1617320.0], [689200.0, 1617300.0], [689180.0, 1617300.0], [689180.0, 1617280.0], [689140.0, 1617280.0], [689140.0, 1617240.0], [689120.0, 1617240.0], [689120.0, 1617180.0], [689080.0, 1617180.0], [689080.0, 1617160.0], [689100.0, 1617160.0], [689100.0, 1617140.0], [689080.0, 1617140.0], [689080.0, 1617120.0], [689060.0, 1617120.0], [689060.0, 1617100.0], [689040.0, 1617100.0], [689040.0, 1617080.0], [689020.0, 1617080.0], [689020.0, 1617060.0], [689100.0, 1617060.0], [689100.0, 1617120.0], [689140.0, 1617120.0], [689140.0, 1617140.0], [689120.0, 1617140.0], [689120.0, 1617160.0], [689160.0, 1617160.0], [689160.0, 1617180.0], [689180.0, 1617180.0], [689180.0, 1617200.0], [689200.0, 1617200.0], [689200.0, 1617220.0], [689220.0, 1617220.0], [689220.0, 1617240.0], [689240.0, 1617240.0], [689240.0, 1617260.0], [689220.0, 1617260.0], [689220.0, 1617300.0], [689240.0, 1617300.0], [689240.0, 1617320.0], [689300.0, 1617320.0], [689300.0, 1617340.0], [689320.0, 1617340.0], [689320.0, 1617360.0], [689300.0, 1617360.0], [689300.0, 1617380.0], [689260.0, 1617380.0]], [[689180.0, 1617280.0], [689200.0, 1617280.0], [689200.0, 1617260.0], [689180.0, 1617260.0], [689180.0, 1617280.0]], [[689140.0, 1617200.0], [689160.0, 1617200.0], [689160.0, 1617180.0], [689140.0, 1617180.0], [689140.0, 1617200.0]]]}}, {"type": "Feature", "properties": {"year": 2035, "class_id": 4, "class_label": "incierto"}, "geometry": {"type": "Polygon", "coordinates": [[[689040.0, 1617000.0], [689040.0, 1616960.0], [689060.0, 1616960.0], [689060.0, 1616980.0], [689080.0, 1616980.0], [689080.0, 1617000.0], [689040.0, 1617000.0]]]}}, {"type": "Feature", "properties": {"year": 2035, "class_id": 4, "class_label": "incierto"}, "geometry": {"type": "Polygon", "coordinates": [[[689020.0, 1616960.0], [689020.0, 1616940.0], [689040.0, 1616940.0], [689040.0, 1616960.0], [689020.0, 1616960.0]]]}}, {"type": "Feature", "properties": {"year": 2035, "class_id": 4, "class_label": "incierto"}, "geometry": {"type": "Polygon", "coordinates": [[[688980.0, 1616960.0], [688980.0, 1616920.0], [689000.0, 1616920.0], [689000.0, 1616960.0], [688980.0, 1616960.0]]]}}, {"type": "Feature", "properties": {"year": 2035, "class_id": 1, "class_label": "agua_cierta_ambos"}, "geometry": {"type": "Polygon", "coordinates": [[[697100.0, 1631140.0], [697100.0, 1631120.0], [697060.0, 1631120.0], [697060.0, 1631100.0], [697040.0, 1631100.0], [697040.0, 1631080.0], [697020.0, 1631080.0], [697020.0, 1631060.0], [697000.0, 1631060.0], [697000.0, 1631040.0], [696980.0, 1631040.0], [696980.0, 1631020.0], [696960.0, 1631020.0], [696960.0, 1631000.0], [696940.0, 1631000.0], [696940.0, 1630980.0], [696920.0, 1630980.0], [696920.0, 1630940.0], [696900.0, 1630940.0], [696900.0, 1630920.0], [696880.0, 1630920.0], [696880.0, 1630880.0], [696860.0, 1630880.0], [696860.0, 1630800.0], [696840.0, 1630800.0], [696840.0, 1630780.0], [696820.0, 1630780.0], [696820.0, 1630760.0], [696800.0, 1630760.0], [696800.0, 1630740.0], [696760.0, 1630740.0], [696760.0, 1630720.0], [696720.0, 1630720.0], [696720.0, 1630700.0], [696700.0, 1630700.0], [696700.0, 1630680.0], [696680.0, 1630680.0], [696680.0, 1630660.0], [696660.0, 1630660.0], [696660.0, 1630640.0], [696640.0, 1630640.0], [696640.0, 1630600.0], [696620.0, 1630600.0], [696620.0, 1630560.0], [696600.0, 1630560.0], [696600.0, 1630540.0], [696580.0, 1630540.0], [696580.0, 1630500.0], [696560.0, 1630500.0], [696560.0, 1630480.0], [696540.0, 1630480.0], [696540.0, 1630460.0], [696520.0, 1630460.0], [696520.0, 1630440.0], [696500.0, 1630440.0], [696500.0, 1630420.0], [696460.0, 1630420.0], [696460.0, 1630400.0], [696420.0, 1630400.0], [696420.0, 1630380.0], [696400.0, 1630380.0], [696400.0, 1630360.0], [696380.0, 1630360.0], [696380.0, 1630340.0], [696360.0, 1630340.0], [696360.0, 1630320.0], [696320.0, 1630320.0], [696320.0, 1630300.0], [696300.0, 1630300.0], [696300.0, 1630280.0], [696240.0, 1630280.0], [696240.0, 1630260.0], [696180.0, 1630260.0], [696180.0, 1630240.0], [696120.0, 1630240.0], [696120.0, 1630220.0], [695840.0, 1630220.0], [695840.0, 1630240.0], [695780.0, 1630240.0], [695780.0, 1630260.0], [695660.0, 1630260.0], [695660.0, 1630280.0], [695600.0, 1630280.0], [695600.0, 1630300.0], [695560.0, 1630300.0], [695560.0, 1630320.0], [695360.0, 1630320.0], [695360.0, 1630340.0], [695320.0, 1630340.0], [695320.0, 1630360.0], [695300.0, 1630360.0], [695300.0, 1630380.0], [695280.0, 1630380.0], [695280.0, 1630400.0], [695260.0, 1630400.0], [695260.0, 1630420.0], [695220.0, 1630420.0], [695220.0, 1630440.0], [695180.0, 1630440.0], [695180.0, 1630460.0], [695160.0, 1630460.0], [695160.0, 1630480.0], [694940.0, 1630480.0], [694940.0, 1630460.0], [694920.0, 1630460.0], [694920.0, 1630440.0], [694640.0, 1630440.0], [694640.0, 1630420.0], [694620.0, 1630420.0], [694620.0, 1630260.0], [694600.0, 1630260.0], [694600.0, 1630200.0], [694580.0, 1630200.0], [694580.0, 1630180.0], [694560.0, 1630180.0], [694560.0, 1630160.0], [694540.0, 1630160.0], [694540.0, 1630140.0], [694360.0, 1630140.0], [694360.0, 1630120.0], [694200.0, 1630120.0], [694200.0, 1630140.0], [694120.0, 1630140.0], [694120.0, 1630160.0], [694060.0, 1630160.0], [694060.0, 1630180.0], [694040.0, 1630180.0], [694040.0, 1630200.0], [694020.0, 1630200.0], [694020.0, 1630220.0], [694000.0, 1630220.0], [694000.0, 1630260.0], [693980.0, 1630260.0], [693980.0, 1630300.0], [693960.0, 1630300.0], [693960.0, 1630340.0], [693940.0, 1630340.0], [693940.0, 1630360.0], [693800.0, 1630360.0], [693800.0, 1630380.0], [693780.0, 1630380.0], [693780.0, 1630360.0], [693740.0, 1630360.0], [693740.0, 1630340.0], [693720.0, 1630340.0], [693720.0, 1630320.0], [693680.0, 1630320.0], [693680.0, 1630300.0], [693640.0, 1630300.0], [693640.0, 1630280.0], [693600.0, 1630280.0], [693600.0, 1630260.0], [693580.0, 1630260.0], [693580.0, 1630240.0], [693540.0, 1630240.0], [693540.0, 1630220.0], [693500.0, 1630220.0], [693500.0, 1630200.0], [693200.0, 1630200.0], [693200.0, 1630220.0], [693000.0, 1630220.0], [693000.0, 1630240.0], [692960.0, 1630240.0], [692960.0, 1630260.0], [692920.0, 1630260.0], [692920.0, 1630240.0], [692880.0, 1630240.0], [692880.0, 1630220.0], [692860.0, 1630220.0], [692860.0, 1630200.0], [692820.0, 1630200.0], [692820.0, 1630180.0], [692740.0, 1630180.0], [692740.0, 1630040.0], [692720.0, 1630040.0], [692720.0, 1630020.0], [692700.0, 1630020.0], [692700.0, 1630000.0], [692680.0, 1630000.0], [692680.0, 1629980.0], [692640.0, 1629980.0], [692640.0, 1629960.0], [692620.0, 1629960.0], [692620.0, 1629920.0], [692600.0, 1629920.0], [692600.0, 1629900.0], [692580.0, 1629900.0], [692580.0, 1629880.0], [692560.0, 1629880.0], [692560.0, 1629860.0], [692520.0, 1629860.0], [692520.0, 1629840.0], [692500.0, 1629840.0], [692500.0, 1629820.0], [692480.0, 1629820.0], [692480.0, 1629800.0], [692460.0, 1629800.0], [692460.0, 1629780.0], [692220.0, 1629780.0], [692220.0, 1629800.0], [692180.0, 1629800.0], [692180.0, 1629780.0], [692160.0, 1629780.0], [692160.0, 1629760.0], [691900.0, 1629760.0], [691900.0, 1629780.0], [691860.0, 1629780.0], [691860.0, 1629800.0], [691840.0, 1629800.0], [691840.0, 1629780.0], [691740.0, 1629780.0], [691740.0, 1629760.0], [691600.0, 1629760.0], [691600.0, 1629740.0], [691580.0, 1629740.0], [691580.0, 1629720.0], [691560.0, 1629720.0], [691560.0, 1629700.0], [691540.0, 1629700.0], [691540.0, 1629680.0], [691520.0, 1629680.0], [691520.0, 1629660.0], [691500.0, 1629660.0], [691500.0, 1629640.0], [691460.0, 1629640.0], [691460.0, 1629620.0], [691420.0, 1629620.0], [691420.0, 1629600.0], [691380.0, 1629600.0], [691380.0, 1629580.0], [691360.0, 1629580.0], [691360.0, 1629540.0], [691340.0, 1629540.0], [691340.0, 1629480.0], [691320.0, 1629480.0], [691320.0, 1629440.0], [691300.0, 1629440.0], [691300.0, 1629400.0], [691280.0, 1629400.0], [691280.0, 1629380.0], [691260.0, 1629380.0], [691260.0, 1629360.0], [691240.0, 1629360.0], [691240.0, 1629340.0], [691180.0, 1629340.0], [691180.0, 1629300.0], [691160.0, 1629300.0], [691160.0, 1629280.0], [691140.0, 1629280.0], [691140.0, 1629260.0], [691120.0, 1629260.0], [691120.0, 1629240.0], [690940.0, 1629240.0], [690940.0, 1629220.0], [690820.0, 1629220.0], [690820.0, 1629200.0], [690680.0, 1629200.0], [690680.0, 1629180.0], [690620.0, 1629180.0], [690620.0, 1629160.0], [690540.0, 1629160.0], [690540.0, 1629140.0], [690520.0, 1629140.0], [690520.0, 1629120.0], [690500.0, 1629120.0], [690500.0, 1629040.0], [690480.0, 1629040.0], [690480.0, 1628960.0], [690460.0, 1628960.0], [690460.0, 1628940.0], [690440.0, 1628940.0], [690440.0, 1628920.0], [690420.0, 1628920.0], [690420.0, 1628900.0], [690400.0, 1628900.0], [690400.0, 1628880.0], [690380.0, 1628880.0], [690380.0, 1628860.0], [690200.0, 1628860.0], [690200.0, 1628880.0], [690160.0, 1628880.0], [690160.0, 1628900.0], [690140.0, 1628900.0], [690140.0, 1628920.0], [690120.0, 1628920.0], [690120.0, 1628940.0], [690100.0, 1628940.0], [690100.0, 1628980.0], [690080.0, 1628980.0], [690080.0, 1629000.0], [690060.0, 1629000.0], [690060.0, 1629040.0], [690020.0, 1629040.0], [690020.0, 1629060.0], [690000.0, 1629060.0], [690000.0, 1629080.0], [689980.0, 1629080.0], [689980.0, 1629100.0], [689960.0, 1629100.0], [689960.0, 1629120.0], [689940.0, 1629120.0], [689940.0, 1629100.0], [689740.0, 1629100.0], [689740.0, 1629120.0], [689720.0, 1629120.0], [689720.0, 1629140.0], [689700.0, 1629140.0], [689700.0, 1629160.0], [689680.0, 1629160.0], [689680.0, 1629180.0], [689580.0, 1629180.0], [689580.0, 1629160.0], [689540.0, 1629160.0], [689540.0, 1629140.0], [689520.0, 1629140.0], [689520.0, 1629120.0], [689480.0, 1629120.0], [689480.0, 1629100.0], [689400.0, 1629100.0], [689400.0, 1629080.0], [689380.0, 1629080.0], [689380.0, 1629060.0], [689360.0, 1629060.0], [689360.0, 1629040.0], [689340.0, 1629040.0], [689340.0, 1629020.0], [689320.0, 1629020.0], [689320.0, 1629000.0], [689300.0, 1629000.0], [689300.0, 1628800.0], [689280.0, 1628800.0], [689280.0, 1628760.0], [689260.0, 1628760.0], [689260.0, 1628680.0], [689240.0, 1628680.0], [689240.0, 1628660.0], [689260.0, 1628660.0], [689260.0, 1628620.0], [689280.0, 1628620.0], [689280.0, 1628480.0], [689260.0, 1628480.0], [689260.0, 1628460.0], [689240.0, 1628460.0], [689240.0, 1628440.0], [689220.0, 1628440.0], [689220.0, 1628420.0], [689200.0, 1628420.0], [689200.0, 1628400.0], [689160.0, 1628400.0], [689160.0, 1628380.0], [689120.0, 1628380.0], [689120.0, 1628360.0], [689040.0, 1628360.0], [689040.0, 1628340.0], [688980.0, 1628340.0], [688980.0, 1628320.0], [688960.0, 1628320.0], [688960.0, 1628300.0], [688940.0, 1628300.0], [688940.0, 1628280.0], [688920.0, 1628280.0], [688920.0, 1628260.0], [688760.0, 1628260.0], [688760.0, 1628240.0], [688720.0, 1628240.0], [688720.0, 1628220.0], [688660.0, 1628220.0], [688660.0, 1628200.0], [688620.0, 1628200.0], [688620.0, 1628180.0], [688580.0, 1628180.0], [688580.0, 1628160.0], [688440.0, 1628160.0], [688440.0, 1628180.0], [688340.0, 1628180.0], [688340.0, 1628160.0], [688320.0, 1628160.0], [688320.0, 1628140.0], [688140.0, 1628140.0], [688140.0, 1628160.0], [688100.0, 1628160.0], [688100.0, 1628180.0], [688080.0, 1628180.0], [688080.0, 1628200.0], [688060.0, 1628200.0], [688060.0, 1628220.0], [688040.0, 1628220.0], [688040.0, 1628240.0], [688020.0, 1628240.0], [688020.0, 1628260.0], [687880.0, 1628260.0], [687880.0, 1628240.0], [687840.0, 1628240.0], [687840.0, 1628220.0], [687820.0, 1628220.0], [687820.0, 1628200.0], [687800.0, 1628200.0], [687800.0, 1628180.0], [687760.0, 1628180.0], [687760.0, 1628160.0], [687740.0, 1628160.0], [687740.0, 1628140.0], [687720.0, 1628140.0], [687720.0, 1628120.0], [687700.0, 1628120.0], [687700.0, 1628100.0], [687680.0, 1628100.0], [687680.0, 1628080.0], [687660.0, 1628080.0], [687660.0, 1628060.0], [687620.0, 1628060.0], [687620.0, 1628040.0], [687600.0, 1628040.0], [687600.0, 1628020.0], [687540.0, 1628020.0], [687540.0, 1628000.0], [687400.0, 1628000.0], [687400.0, 1627980.0], [687360.0, 1627980.0], [687360.0, 1627960.0], [687200.0, 1627960.0], [687200.0, 1627980.0], [687180.0, 1627980.0], [687180.0, 1628000.0], [687160.0, 1628000.0], [687160.0, 1628020.0], [687140.0, 1628020.0], [687140.0, 1628040.0], [687120.0, 1628040.0], [687120.0, 1628080.0], [687100.0, 1628080.0], [687100.0, 1628140.0], [687080.0, 1628140.0], [687080.0, 1628180.0], [687060.0, 1628180.0], [687060.0, 1628240.0], [687040.0, 1628240.0], [687040.0, 1628280.0], [687020.0, 1628280.0], [687020.0, 1628320.0], [687000.0, 1628320.0], [687000.0, 1628360.0], [686960.0, 1628360.0], [686960.0, 1628340.0], [686900.0, 1628340.0], [686900.0, 1628320.0], [686880.0, 1628320.0], [686880.0, 1628300.0], [686840.0, 1628300.0], [686840.0, 1628280.0], [686820.0, 1628280.0], [686820.0, 1628260.0], [686800.0, 1628260.0], [686800.0, 1628240.0], [686780.0, 1628240.0], [686780.0, 1628220.0], [686760.0, 1628220.0], [686760.0, 1628180.0], [686740.0, 1628180.0], [686740.0, 1628140.0], [686720.0, 1628140.0], [686720.0, 1628040.0], [686700.0, 1628040.0], [686700.0, 1627940.0], [686680.0, 1627940.0], [686680.0, 1627880.0], [686660.0, 1627880.0], [686660.0, 1627820.0], [686640.0, 1627820.0], [686640.0, 1627800.0], [686620.0, 1627800.0], [686620.0, 1627760.0], [686600.0, 1627760.0], [686600.0, 1627740.0], [686580.0, 1627740.0], [686580.0, 1627720.0], [686560.0, 1627720.0], [686560.0, 1627700.0], [686540.0, 1627700.0], [686540.0, 1627680.0], [686520.0, 1627680.0], [686520.0, 1627660.0], [686500.0, 1627660.0], [686500.0, 1627640.0], [686480.0, 1627640.0], [686480.0, 1627620.0], [686460.0, 1627620.0], [686460.0, 1627600.0], [686440.0, 1627600.0], [686440.0, 1627580.0], [686400.0, 1627580.0], [686400.0, 1627560.0], [686360.0, 1627560.0], [686360.0, 1627540.0], [686340.0, 1627540.0], [686340.0, 1627520.0], [686320.0, 1627520.0], [686320.0, 1627500.0], [686280.0, 1627500.0], [686280.0, 1627480.0], [686220.0, 1627480.0], [686220.0, 1627460.0], [686180.0, 1627460.0], [686180.0, 1627420.0], [686160.0, 1627420.0], [686160.0, 1627380.0], [686140.0, 1627380.0], [686140.0, 1627340.0], [686120.0, 1627340.0], [686120.0, 1627320.0], [686100.0, 1627320.0], [686100.0, 1627300.0], [686080.0, 1627300.0], [686080.0, 1627260.0], [686060.0, 1627260.0], [686060.0, 1627240.0], [686040.0, 1627240.0], [686040.0, 1627220.0], [686020.0, 1627220.0], [686020.0, 1627200.0], [686000.0, 1627200.0], [686000.0, 1627180.0], [685980.0, 1627180.0], [685980.0, 1627160.0], [685940.0, 1627160.0], [685940.0, 1627140.0], [685920.0, 1627140.0], [685920.0, 1627120.0], [685880.0, 1627120.0], [685880.0, 1627100.0], [685820.0, 1627100.0], [685820.0, 1627080.0], [685760.0, 1627080.0], [685760.0, 1627060.0], [685660.0, 1627060.0], [685660.0, 1627040.0], [685600.0, 1627040.0], [685600.0, 1627060.0], [685440.0, 1627060.0], [685440.0, 1627040.0], [685420.0, 1627040.0], [685420.0, 1627020.0], [685400.0, 1627020.0], [685400.0, 1627000.0], [685380.0, 1627000.0], [685380.0, 1626980.0], [685360.0, 1626980.0], [685360.0, 1626960.0], [685340.0, 1626960.0], [685340.0, 1626940.0], [685320.0, 1626940.0], [685320.0, 1626920.0], [685280.0, 1626920.0], [685280.0, 1626900.0], [685200.0, 1626900.0], [685200.0, 1626880.0], [685140.0, 1626880.0], [685140.0, 1626860.0], [685100.0, 1626860.0], [685100.0, 1626840.0], [685080.0, 1626840.0], [685080.0, 1626820.0], [685060.0, 1626820.0], [685060.0, 1626780.0], [685040.0, 1626780.0], [685040.0, 1626760.0], [685020.0, 1626760.0], [685020.0, 1626720.0], [685000.0, 1626720.0], [685000.0, 1626660.0], [684980.0, 1626660.0], [684980.0, 1626620.0], [684960.0, 1626620.0], [684960.0, 1626580.0], [684940.0, 1626580.0], [684940.0, 1626560.0], [684920.0, 1626560.0], [684920.0, 1626520.0], [684900.0, 1626520.0], [684900.0, 1626500.0], [684880.0, 1626500.0], [684880.0, 1626480.0], [684860.0, 1626480.0], [684860.0, 1626440.0], [684840.0, 1626440.0], [684840.0, 1626420.0], [684820.0, 1626420.0], [684820.0, 1626380.0], [684800.0, 1626380.0], [684800.0, 1626220.0], [684820.0, 1626220.0], [684820.0, 1626180.0], [684840.0, 1626180.0], [684840.0, 1626140.0], [684860.0, 1626140.0], [684860.0, 1626120.0], [684880.0, 1626120.0], [684880.0, 1626100.0], [684900.0, 1626100.0], [684900.0, 1626080.0], [684920.0, 1626080.0], [684920.0, 1626060.0], [684940.0, 1626060.0], [684940.0, 1626040.0], [684960.0, 1626040.0], [684960.0, 1626000.0], [684980.0, 1626000.0], [684980.0, 1625980.0], [685000.0, 1625980.0], [685000.0, 1625940.0], [685020.0, 1625940.0], [685020.0, 1625920.0], [685040.0, 1625920.0], [685040.0, 1625880.0], [685060.0, 1625880.0], [685060.0, 1625840.0], [685080.0, 1625840.0], [685080.0, 1625820.0], [685100.0, 1625820.0], [685100.0, 1625800.0], [685120.0, 1625800.0], [685120.0, 1625780.0], [685140.0, 1625780.0], [685140.0, 1625760.0], [685160.0, 1625760.0], [685160.0, 1625740.0], [685220.0, 1625740.0], [685220.0, 1625720.0], [685340.0, 1625720.0], [685340.0, 1625700.0], [685440.0, 1625700.0], [685440.0, 1625680.0], [685520.0, 1625680.0], [685520.0, 1625660.0], [685560.0, 1625660.0], [685560.0, 1625640.0], [685600.0, 1625640.0], [685600.0, 1625620.0], [685640.0, 1625620.0], [685640.0, 1625600.0], [685660.0, 1625600.0], [685660.0, 1625580.0], [685680.0, 1625580.0], [685680.0, 1625560.0], [685760.0, 1625560.0], [685760.0, 1625540.0], [685900.0, 1625540.0], [685900.0, 1625560.0], [685960.0, 1625560.0], [685960.0, 1625580.0], [686000.0, 1625580.0], [686000.0, 1625600.0], [686020.0, 1625600.0], [686020.0, 1625620.0], [686060.0, 1625620.0], [686060.0, 1625640.0], [686080.0, 1625640.0], [686080.0, 1625660.0], [686120.0, 1625660.0], [686120.0, 1625680.0], [686160.0, 1625680.0], [686160.0, 1625700.0], [686180.0, 1625700.0], [686180.0, 1625720.0], [686220.0, 1625720.0], [686220.0, 1625740.0], [686380.0, 1625740.0], [686380.0, 1625720.0], [686400.0, 1625720.0], [686400.0, 1625700.0], [686420.0, 1625700.0], [686420.0, 1625680.0], [686480.0, 1625680.0], [686480.0, 1625700.0], [686520.0, 1625700.0], [686520.0, 1625680.0], [686600.0, 1625680.0], [686600.0, 1625660.0], [686660.0, 1625660.0], [686660.0, 1625640.0], [686700.0, 1625640.0], [686700.0, 1625620.0], [686740.0, 1625620.0], [686740.0, 1625600.0], [686780.0, 1625600.0], [686780.0, 1625580.0], [686800.0, 1625580.0], [686800.0, 1625560.0], [686820.0, 1625560.0], [686820.0, 1625540.0], [686840.0, 1625540.0], [686840.0, 1625500.0], [686860.0, 1625500.0], [686860.0, 1625440.0], [686840.0, 1625440.0], [686840.0, 1625120.0], [686860.0, 1625120.0], [686860.0, 1625080.0], [686880.0, 1625080.0], [686880.0, 1625060.0], [686900.0, 1625060.0], [686900.0, 1625040.0], [686920.0, 1625040.0], [686920.0, 1625020.0], [686940.0, 1625020.0], [686940.0, 1625000.0], [686960.0, 1625000.0], [686960.0, 1624980.0], [686980.0, 1624980.0], [686980.0, 1624960.0], [687000.0, 1624960.0], [687000.0, 1624940.0], [687020.0, 1624940.0], [687020.0, 1624900.0], [687040.0, 1624900.0], [687040.0, 1624880.0], [687060.0, 1624880.0], [687060.0, 1624840.0], [687080.0, 1624840.0], [687080.0, 1624800.0], [687100.0, 1624800.0], [687100.0, 1624760.0], [687120.0, 1624760.0], [687120.0, 1624720.0], [687140.0, 1624720.0], [687140.0, 1624700.0], [687160.0, 1624700.0], [687160.0, 1624660.0], [687180.0, 1624660.0], [687180.0, 1624640.0], [687200.0, 1624640.0], [687200.0, 1624620.0], [687220.0, 1624620.0], [687220.0, 1624600.0], [687240.0, 1624600.0], [687240.0, 1624580.0], [687260.0, 1624580.0], [687260.0, 1624540.0], [687280.0, 1624540.0], [687280.0, 1624500.0], [687300.0, 1624500.0], [687300.0, 1624480.0], [687320.0, 1624480.0], [687320.0, 1624460.0], [687360.0, 1624460.0], [687360.0, 1624440.0], [687400.0, 1624440.0], [687400.0, 1624420.0], [687440.0, 1624420.0], [687440.0, 1624400.0], [687480.0, 1624400.0], [687480.0, 1624380.0], [687500.0, 1624380.0], [687500.0, 1624360.0], [687520.0, 1624360.0], [687520.0, 1624340.0], [687540.0, 1624340.0], [687540.0, 1624320.0], [687560.0, 1624320.0], [687560.0, 1624280.0], [687580.0, 1624280.0], [687580.0, 1624240.0], [687600.0, 1624240.0], [687600.0, 1624220.0], [687620.0, 1624220.0], [687620.0, 1624200.0], [687640.0, 1624200.0], [687640.0, 1624180.0], [687660.0, 1624180.0], [687660.0, 1624140.0], [687680.0, 1624140.0], [687680.0, 1624120.0], [687700.0, 1624120.0], [687700.0, 1624100.0], [687720.0, 1624100.0], [687720.0, 1624080.0], [687740.0, 1624080.0], [687740.0, 1624060.0], [687760.0, 1624060.0], [687760.0, 1624040.0], [687800.0, 1624040.0], [687800.0, 1624020.0], [687840.0, 1624020.0], [687840.0, 1624000.0], [687860.0, 1624000.0], [687860.0, 1623980.0], [687880.0, 1623980.0], [687880.0, 1623960.0], [687900.0, 1623960.0], [687900.0, 1623940.0], [687920.0, 1623940.0], [687920.0, 1623900.0], [687940.0, 1623900.0], [687940.0, 1623880.0], [687980.0, 1623880.0], [687980.0, 1623860.0], [688000.0, 1623860.0], [688000.0, 1623840.0], [688020.0, 1623840.0], [688020.0, 1623820.0], [688060.0, 1623820.0], [688060.0, 1623800.0], [688100.0, 1623800.0], [688100.0, 1623780.0], [688120.0, 1623780.0], [688120.0, 1623760.0], [688180.0, 1623760.0], [688180.0, 1623740.0], [688360.0, 1623740.0], [688360.0, 1623720.0], [688440.0, 1623720.0], [688440.0, 1623700.0], [688480.0, 1623700.0], [688480.0, 1623680.0], [688520.0, 1623680.0], [688520.0, 1623660.0], [688540.0, 1623660.0], [688540.0, 1623640.0], [688560.0, 1623640.0], [688560.0, 1623620.0], [688600.0, 1623620.0], [688600.0, 1623600.0], [688780.0, 1623600.0], [688780.0, 1623580.0], [688820.0, 1623580.0], [688820.0, 1623560.0], [688860.0, 1623560.0], [688860.0, 1623540.0], [688880.0, 1623540.0], [688880.0, 1623520.0], [688900.0, 1623520.0], [688900.0, 1623500.0], [688920.0, 1623500.0], [688920.0, 1623480.0], [688940.0, 1623480.0], [688940.0, 1623460.0], [688960.0, 1623460.0], [688960.0, 1623440.0], [688980.0, 1623440.0], [688980.0, 1623420.0], [689000.0, 1623420.0], [689000.0, 1623400.0], [689040.0, 1623400.0], [689040.0, 1623380.0], [689060.0, 1623380.0], [689060.0, 1623360.0], [689080.0, 1623360.0], [689080.0, 1623340.0], [689100.0, 1623340.0], [689100.0, 1623320.0], [689120.0, 1623320.0], [689120.0, 1623280.0], [689140.0, 1623280.0], [689140.0, 1623240.0], [689160.0, 1623240.0], [689160.0, 1623200.0], [689180.0, 1623200.0], [689180.0, 1623160.0], [689200.0, 1623160.0], [689200.0, 1623140.0], [689220.0, 1623140.0], [689220.0, 1623120.0], [689240.0, 1623120.0], [689240.0, 1623100.0], [689260.0, 1623100.0], [689260.0, 1623080.0], [689280.0, 1623080.0], [689280.0, 1623060.0], [689300.0, 1623060.0], [689300.0, 1623040.0], [689340.0, 1623040.0], [689340.0, 1623020.0], [689380.0, 1623020.0], [689380.0, 1623000.0], [689400.0, 1623000.0], [689400.0, 1622980.0], [689420.0, 1622980.0], [689420.0, 1622940.0], [689440.0, 1622940.0], [689440.0, 1622920.0], [689460.0, 1622920.0], [689460.0, 1622900.0], [689480.0, 1622900.0], [689480.0, 1622740.0], [689460.0, 1622740.0], [689460.0, 1622560.0], [689480.0, 1622560.0], [689480.0, 1622520.0], [689500.0, 1622520.0], [689500.0, 1622480.0], [689520.0, 1622480.0], [689520.0, 1622440.0], [689540.0, 1622440.0], [689540.0, 1622400.0], [689560.0, 1622400.0], [689560.0, 1622380.0], [689580.0, 1622380.0], [689580.0, 1622360.0], [689600.0, 1622360.0], [689600.0, 1622140.0], [689620.0, 1622140.0], [689620.0, 1622120.0], [689660.0, 1622120.0], [689660.0, 1622100.0], [689680.0, 1622100.0], [689680.0, 1622080.0], [689720.0, 1622080.0], [689720.0, 1622060.0], [689740.0, 1622060.0], [689740.0, 1622040.0], [689780.0, 1622040.0], [689780.0, 1622020.0], [689800.0, 1622020.0], [689800.0, 1622000.0], [689840.0, 1622000.0], [689840.0, 1621980.0], [689860.0, 1621980.0], [689860.0, 1621960.0], [689880.0, 1621960.0], [689880.0, 1621940.0], [689900.0, 1621940.0], [689900.0, 1621920.0], [689920.0, 1621920.0], [689920.0, 1621900.0], [689940.0, 1621900.0], [689940.0, 1621880.0], [689960.0, 1621880.0], [689960.0, 1621860.0], [689980.0, 1621860.0], [689980.0, 1621720.0], [689960.0, 1621720.0], [689960.0, 1621680.0], [689940.0, 1621680.0], [689940.0, 1621660.0], [689920.0, 1621660.0], [689920.0, 1621640.0], [689900.0, 1621640.0], [689900.0, 1621580.0], [689880.0, 1621580.0], [689880.0, 1621560.0], [689860.0, 1621560.0], [689860.0, 1621520.0], [689840.0, 1621520.0], [689840.0, 1621480.0], [689820.0, 1621480.0], [689820.0, 1621460.0], [689800.0, 1621460.0], [689800.0, 1621340.0], [689780.0, 1621340.0], [689780.0, 1621320.0], [689760.0, 1621320.0], [689760.0, 1621300.0], [689740.0, 1621300.0], [689740.0, 1621220.0], [689720.0, 1621220.0], [689720.0, 1621200.0], [689740.0, 1621200.0], [689740.0, 1621140.0], [689760.0, 1621140.0], [689760.0, 1621120.0], [689780.0, 1621120.0], [689780.0, 1621100.0], [689920.0, 1621100.0], [689920.0, 1621080.0], [689940.0, 1621080.0], [689940.0, 1621060.0], [689960.0, 1621060.0], [689960.0, 1621040.0], [690000.0, 1621040.0], [690000.0, 1621020.0], [690020.0, 1621020.0], [690020.0, 1621000.0], [690060.0, 1621000.0], [690060.0, 1620980.0], [690080.0, 1620980.0], [690080.0, 1620960.0], [690100.0, 1620960.0], [690100.0, 1620940.0], [690120.0, 1620940.0], [690120.0, 1620920.0], [690140.0, 1620920.0], [690140.0, 1620820.0], [690160.0, 1620820.0], [690160.0, 1620780.0], [690180.0, 1620780.0], [690180.0, 1620740.0], [690200.0, 1620740.0], [690200.0, 1620720.0], [690220.0, 1620720.0], [690220.0, 1620660.0], [690240.0, 1620660.0], [690240.0, 1620460.0], [690220.0, 1620460.0], [690220.0, 1620400.0], [690200.0, 1620400.0], [690200.0, 1620380.0], [690180.0, 1620380.0], [690180.0, 1620360.0], [690160.0, 1620360.0], [690160.0, 1620340.0], [690120.0, 1620340.0], [690120.0, 1620320.0], [690100.0, 1620320.0], [690100.0, 1620300.0], [690080.0, 1620300.0], [690080.0, 1620280.0], [690040.0, 1620280.0], [690040.0, 1620260.0], [689980.0, 1620260.0], [689980.0, 1620240.0], [689940.0, 1620240.0], [689940.0, 1620220.0], [689880.0, 1620220.0], [689880.0, 1620200.0], [689840.0, 1620200.0], [689840.0, 1620180.0], [689820.0, 1620180.0], [689820.0, 1620160.0], [689800.0, 1620160.0], [689800.0, 1620120.0], [689780.0, 1620120.0], [689780.0, 1619880.0], [689760.0, 1619880.0], [689760.0, 1619840.0], [689740.0, 1619840.0], [689740.0, 1619800.0], [689720.0, 1619800.0], [689720.0, 1619740.0], [689700.0, 1619740.0], [689700.0, 1619720.0], [689680.0, 1619720.0], [689680.0, 1619660.0], [689700.0, 1619660.0], [689700.0, 1619560.0], [689720.0, 1619560.0], [689720.0, 1619520.0], [689740.0, 1619520.0], [689740.0, 1619460.0], [689760.0, 1619460.0], [689760.0, 1619380.0], [689740.0, 1619380.0], [689740.0, 1619340.0], [689720.0, 1619340.0], [689720.0, 1619280.0], [689700.0, 1619280.0], [689700.0, 1619260.0], [689680.0, 1619260.0], [689680.0, 1619220.0], [689660.0, 1619220.0], [689660.0, 1619200.0], [689640.0, 1619200.0], [689640.0, 1619180.0], [689620.0, 1619180.0], [689620.0, 1619160.0], [689600.0, 1619160.0], [689600.0, 1619140.0], [689560.0, 1619140.0], [689560.0, 1619120.0], [689440.0, 1619120.0], [689440.0, 1619100.0], [689240.0, 1619100.0], [689240.0, 1618980.0], [689220.0, 1618980.0], [689220.0, 1618940.0], [689200.0, 1618940.0], [689200.0, 1618920.0], [689180.0, 1618920.0], [689180.0, 1618880.0], [689160.0, 1618880.0], [689160.0, 1618820.0], [689140.0, 1618820.0], [689140.0, 1618760.0], [689120.0, 1618760.0], [689120.0, 1618720.0], [689100.0, 1618720.0], [689100.0, 1618700.0], [689080.0, 1618700.0], [689080.0, 1618680.0], [689060.0, 1618680.0], [689060.0, 1618660.0], [689040.0, 1618660.0], [689040.0, 1618640.0], [689020.0, 1618640.0], [689020.0, 1618620.0], [689000.0, 1618620.0], [689000.0, 1618600.0], [688900.0, 1618600.0], [688900.0, 1618580.0], [688860.0, 1618580.0], [688860.0, 1618560.0], [688800.0, 1618560.0], [688800.0, 1618540.0], [688760.0, 1618540.0], [688760.0, 1618520.0], [688700.0, 1618520.0], [688700.0, 1618500.0], [688680.0, 1618500.0], [688680.0, 1618480.0], [688660.0, 1618480.0], [688660.0, 1618440.0], [688640.0, 1618440.0], [688640.0, 1618400.0], [688620.0, 1618400.0], [688620.0, 1618380.0], [688600.0, 1618380.0], [688600.0, 1618340.0], [688580.0, 1618340.0], [688580.0, 1618320.0], [688560.0, 1618320.0], [688560.0, 1618160.0], [688540.0, 1618160.0], [688540.0, 1618120.0], [688520.0, 1618120.0], [688520.0, 1618080.0], [688500.0, 1618080.0], [688500.0, 1618060.0], [688480.0, 1618060.0], [688480.0, 1618020.0], [688460.0, 1618020.0], [688460.0, 1618000.0], [688440.0, 1618000.0], [688440.0, 1617980.0], [688420.0, 1617980.0], [688420.0, 1617960.0], [688400.0, 1617960.0], [688400.0, 1617940.0], [688380.0, 1617940.0], [688380.0, 1617920.0], [688360.0, 1617920.0], [688360.0, 1617900.0], [688340.0, 1617900.0], [688340.0, 1617880.0], [688320.0, 1617880.0], [688320.0, 1617840.0], [688300.0, 1617840.0], [688300.0, 1617820.0], [688280.0, 1617820.0], [688280.0, 1617800.0], [688260.0, 1617800.0], [688260.0, 1617760.0], [688240.0, 1617760.0], [688240.0, 1617740.0], [688220.0, 1617740.0], [688220.0, 1617600.0], [688240.0, 1617600.0], [688240.0, 1617540.0], [688260.0, 1617540.0], [688260.0, 1617180.0], [688280.0, 1617180.0], [688280.0, 1617120.0], [688300.0, 1617120.0], [688300.0, 1617100.0], [688320.0, 1617100.0], [688320.0, 1617060.0], [688340.0, 1617060.0], [688340.0, 1617040.0], [688360.0, 1617040.0], [688360.0, 1617020.0], [688380.0, 1617020.0], [688380.0, 1617000.0], [688400.0, 1617000.0], [688400.0, 1616980.0], [688420.0, 1616980.0], [688420.0, 1616940.0], [688440.0, 1616940.0], [688440.0, 1616920.0], [688460.0, 1616920.0], [688460.0, 1616900.0], [688480.0, 1616900.0], [688480.0, 1616880.0], [688540.0, 1616880.0], [688540.0, 1616860.0], [688600.0, 1616860.0], [688600.0, 1616880.0], [688660.0, 1616880.0], [688660.0, 1616900.0], [688680.0, 1616900.0], [688680.0, 1616920.0], [688700.0, 1616920.0], [688700.0, 1616940.0], [688720.0, 1616940.0], [688720.0, 1616960.0], [688740.0, 1616960.0], [688740.0, 1617020.0], [688760.0, 1617020.0], [688760.0, 1617080.0], [688780.0, 1617080.0], [688780.0, 1617120.0], [688800.0, 1617120.0], [688800.0, 1617160.0], [688820.0, 1617160.0], [688820.0, 1617180.0], [688840.0, 1617180.0], [688840.0, 1617220.0], [688860.0, 1617220.0], [688860.0, 1617240.0], [688880.0, 1617240.0], [688880.0, 1617260.0], [688900.0, 1617260.0], [688900.0, 1617300.0], [688920.0, 1617300.0], [688920.0, 1617320.0], [688940.0, 1617320.0], [688940.0, 1617340.0], [688960.0, 1617340.0], [688960.0, 1617380.0], [688980.0, 1617380.0], [688980.0, 1617420.0], [689000.0, 1617420.0], [689000.0, 1617440.0], [689020.0, 1617440.0], [689020.0, 1617460.0], [689040.0, 1617460.0], [689040.0, 1617500.0], [689060.0, 1617500.0], [689060.0, 1617520.0], [689080.0, 1617520.0], [689080.0, 1617540.0], [689100.0, 1617540.0], [689100.0, 1617580.0], [689120.0, 1617580.0], [689120.0, 1617600.0], [689140.0, 1617600.0], [689140.0, 1617640.0], [689160.0, 1617640.0], [689160.0, 1617660.0], [689180.0, 1617660.0], [689180.0, 1617700.0], [689200.0, 1617700.0], [689200.0, 1617720.0], [689220.0, 1617720.0], [689220.0, 1617740.0], [689240.0, 1617740.0], [689240.0, 1617760.0], [689280.0, 1617760.0], [689280.0, 1617780.0], [689320.0, 1617780.0], [689320.0, 1617800.0], [689400.0, 1617800.0], [689400.0, 1617820.0], [689460.0, 1617820.0], [689460.0, 1617840.0], [689500.0, 1617840.0], [689500.0, 1617860.0], [689540.0, 1617860.0], [689540.0, 1617880.0], [689580.0, 1617880.0], [689580.0, 1617900.0], [689600.0, 1617900.0], [689600.0, 1617920.0], [689640.0, 1617920.0], [689640.0, 1617940.0], [689660.0, 1617940.0], [689660.0, 1617960.0], [689680.0, 1617960.0], [689680.0, 1618000.0], [689700.0, 1618000.0], [689700.0, 1618020.0], [689720.0, 1618020.0], [689720.0, 1618060.0], [689740.0, 1618060.0], [689740.0, 1618080.0], [689760.0, 1618080.0], [689760.0, 1618120.0], [689780.0, 1618120.0], [689780.0, 1618140.0], [689800.0, 1618140.0], [689800.0, 1618160.0], [689840.0, 1618160.0], [689840.0, 1618180.0], [689880.0, 1618180.0], [689880.0, 1618200.0], [689920.0, 1618200.0], [689920.0, 1618220.0], [689940.0, 1618220.0], [689940.0, 1618240.0], [689980.0, 1618240.0], [689980.0, 1618260.0], [690000.0, 1618260.0], [690000.0, 1618280.0], [690020.0, 1618280.0], [690020.0, 1618300.0], [690040.0, 1618300.0], [690040.0, 1618320.0], [690080.0, 1618320.0], [690080.0, 1618340.0], [690100.0, 1618340.0], [690100.0, 1618360.0], [690140.0, 1618360.0], [690140.0, 1618380.0], [690180.0, 1618380.0], [690180.0, 1618400.0], [690200.0, 1618400.0], [690200.0, 1618420.0], [690240.0, 1618420.0], [690240.0, 1618460.0], [690260.0, 1618460.0], [690260.0, 1618520.0], [690200.0, 1618520.0], [690200.0, 1618540.0], [690140.0, 1618540.0], [690140.0, 1618560.0], [690020.0, 1618560.0], [690020.0, 1618580.0], [690000.0, 1618580.0], [690000.0, 1618600.0], [689980.0, 1618600.0], [689980.0, 1618620.0], [689960.0, 1618620.0], [689960.0, 1618640.0], [689940.0, 1618640.0], [689940.0, 1618660.0], [689920.0, 1618660.0], [689920.0, 1618700.0], [689900.0, 1618700.0], [689900.0, 1618760.0], [689880.0, 1618760.0], [689880.0, 1618900.0], [689900.0, 1618900.0], [689900.0, 1619120.0], [689880.0, 1619120.0], [689880.0, 1619400.0], [689900.0, 1619400.0], [689900.0, 1619460.0], [689920.0, 1619460.0], [689920.0, 1619480.0], [689940.0, 1619480.0], [689940.0, 1619520.0], [689960.0, 1619520.0], [689960.0, 1619540.0], [689980.0, 1619540.0], [689980.0, 1619560.0], [690020.0, 1619560.0], [690020.0, 1619580.0], [690040.0, 1619580.0], [690040.0, 1619600.0], [690100.0, 1619600.0], [690100.0, 1619620.0], [690120.0, 1619620.0], [690120.0, 1619640.0], [690160.0, 1619640.0], [690160.0, 1619660.0], [690460.0, 1619660.0], [690460.0, 1619680.0], [690480.0, 1619680.0], [690480.0, 1619720.0], [690500.0, 1619720.0], [690500.0, 1619760.0], [690520.0, 1619760.0], [690520.0, 1619780.0], [690500.0, 1619780.0], [690500.0, 1619920.0], [690440.0, 1619920.0], [690440.0, 1619940.0], [690420.0, 1619940.0], [690420.0, 1619960.0], [690400.0, 1619960.0], [690400.0, 1619980.0], [690380.0, 1619980.0], [690380.0, 1620000.0], [690360.0, 1620000.0], [690360.0, 1620020.0], [690340.0, 1620020.0], [690340.0, 1620040.0], [690320.0, 1620040.0], [690320.0, 1620060.0], [690300.0, 1620060.0], [690300.0, 1620300.0], [690320.0, 1620300.0], [690320.0, 1620380.0], [690340.0, 1620380.0], [690340.0, 1620420.0], [690360.0, 1620420.0], [690360.0, 1620460.0], [690380.0, 1620460.0], [690380.0, 1620480.0], [690400.0, 1620480.0], [690400.0, 1620500.0], [690440.0, 1620500.0], [690440.0, 1620520.0], [690480.0, 1620520.0], [690480.0, 1620600.0], [690460.0, 1620600.0], [690460.0, 1620640.0], [690440.0, 1620640.0], [690440.0, 1620660.0], [690420.0, 1620660.0], [690420.0, 1620700.0], [690400.0, 1620700.0], [690400.0, 1620720.0], [690380.0, 1620720.0], [690380.0, 1620760.0], [690360.0, 1620760.0], [690360.0, 1620780.0], [690340.0, 1620780.0], [690340.0, 1620820.0], [690320.0, 1620820.0], [690320.0, 1620840.0], [690300.0, 1620840.0], [690300.0, 1620860.0], [690280.0, 1620860.0], [690280.0, 1620880.0], [690260.0, 1620880.0], [690260.0, 1620960.0], [690280.0, 1620960.0], [690280.0, 1621100.0], [690300.0, 1621100.0], [690300.0, 1621120.0], [690320.0, 1621120.0], [690320.0, 1621140.0], [690340.0, 1621140.0], [690340.0, 1621160.0], [690360.0, 1621160.0], [690360.0, 1621180.0], [690380.0, 1621180.0], [690380.0, 1621200.0], [690420.0, 1621200.0], [690420.0, 1621220.0], [690440.0, 1621220.0], [690440.0, 1621240.0], [690460.0, 1621240.0], [690460.0, 1621280.0], [690480.0, 1621280.0], [690480.0, 1621300.0], [690580.0, 1621300.0], [690580.0, 1621280.0], [690700.0, 1621280.0], [690700.0, 1621300.0], [690720.0, 1621300.0], [690720.0, 1621320.0], [690740.0, 1621320.0], [690740.0, 1621340.0], [690760.0, 1621340.0], [690760.0, 1621360.0], [690780.0, 1621360.0], [690780.0, 1621400.0], [690800.0, 1621400.0], [690800.0, 1621540.0], [690780.0, 1621540.0], [690780.0, 1621580.0], [690760.0, 1621580.0], [690760.0, 1621720.0], [690780.0, 1621720.0], [690780.0, 1621740.0], [690800.0, 1621740.0], [690800.0, 1621760.0], [690820.0, 1621760.0], [690820.0, 1621780.0], [690980.0, 1621780.0], [690980.0, 1621760.0], [691040.0, 1621760.0], [691040.0, 1621740.0], [691080.0, 1621740.0], [691080.0, 1621720.0], [691120.0, 1621720.0], [691120.0, 1621700.0], [691280.0, 1621700.0], [691280.0, 1621720.0], [691320.0, 1621720.0], [691320.0, 1621740.0], [691360.0, 1621740.0], [691360.0, 1621760.0], [691380.0, 1621760.0], [691380.0, 1621800.0], [691400.0, 1621800.0], [691400.0, 1621860.0], [691380.0, 1621860.0], [691380.0, 1621980.0], [691360.0, 1621980.0], [691360.0, 1622040.0], [691400.0, 1622040.0], [691400.0, 1622060.0], [691420.0, 1622060.0], [691420.0, 1622080.0], [691580.0, 1622080.0], [691580.0, 1622060.0], [691700.0, 1622060.0], [691700.0, 1622040.0], [691740.0, 1622040.0], [691740.0, 1622020.0], [691780.0, 1622020.0], [691780.0, 1622000.0], [691820.0, 1622000.0], [691820.0, 1621980.0], [691880.0, 1621980.0], [691880.0, 1622040.0], [691900.0, 1622040.0], [691900.0, 1622080.0], [691920.0, 1622080.0], [691920.0, 1622160.0], [691900.0, 1622160.0], [691900.0, 1622260.0], [691920.0, 1622260.0], [691920.0, 1622280.0], [691960.0, 1622280.0], [691960.0, 1622300.0], [692040.0, 1622300.0], [692040.0, 1622320.0], [692120.0, 1622320.0], [692120.0, 1622300.0], [692200.0, 1622300.0], [692200.0, 1622280.0], [692240.0, 1622280.0], [692240.0, 1622260.0], [692500.0, 1622260.0], [692500.0, 1622280.0], [692520.0, 1622280.0], [692520.0, 1622300.0], [692560.0, 1622300.0], [692560.0, 1622320.0], [692600.0, 1622320.0], [692600.0, 1622340.0], [692620.0, 1622340.0], [692620.0, 1622360.0], [692660.0, 1622360.0], [692660.0, 1622380.0], [692700.0, 1622380.0], [692700.0, 1622400.0], [692740.0, 1622400.0], [692740.0, 1622420.0], [692960.0, 1622420.0], [692960.0, 1622400.0], [692980.0, 1622400.0], [692980.0, 1622380.0], [693020.0, 1622380.0], [693020.0, 1622360.0], [693040.0, 1622360.0], [693040.0, 1622340.0], [693060.0, 1622340.0], [693060.0, 1622280.0], [693100.0, 1622280.0], [693100.0, 1622300.0], [693120.0, 1622300.0], [693120.0, 1622320.0], [693140.0, 1622320.0], [693140.0, 1622340.0], [693160.0, 1622340.0], [693160.0, 1622360.0], [693340.0, 1622360.0], [693340.0, 1622340.0], [693360.0, 1622340.0], [693360.0, 1622320.0], [693380.0, 1622320.0], [693380.0, 1622300.0], [693400.0, 1622300.0], [693400.0, 1622280.0], [693440.0, 1622280.0], [693440.0, 1622260.0], [693480.0, 1622260.0], [693480.0, 1622240.0], [693500.0, 1622240.0], [693500.0, 1622220.0], [693540.0, 1622220.0], [693540.0, 1622240.0], [693580.0, 1622240.0], [693580.0, 1622260.0], [693740.0, 1622260.0], [693740.0, 1622240.0], [693780.0, 1622240.0], [693780.0, 1622220.0], [693800.0, 1622220.0], [693800.0, 1622400.0], [693820.0, 1622400.0], [693820.0, 1622420.0], [693840.0, 1622420.0], [693840.0, 1622440.0], [693820.0, 1622440.0], [693820.0, 1622720.0], [693840.0, 1622720.0], [693840.0, 1622780.0], [693860.0, 1622780.0], [693860.0, 1622820.0], [693880.0, 1622820.0], [693880.0, 1622840.0], [693900.0, 1622840.0], [693900.0, 1622860.0], [693920.0, 1622860.0], [693920.0, 1622880.0], [693940.0, 1622880.0], [693940.0, 1622900.0], [693960.0, 1622900.0], [693960.0, 1622920.0], [694020.0, 1622920.0], [694020.0, 1622940.0], [694040.0, 1622940.0], [694040.0, 1622960.0], [694060.0, 1622960.0], [694060.0, 1622980.0], [694140.0, 1622980.0], [694140.0, 1623000.0], [694260.0, 1623000.0], [694260.0, 1623020.0], [694400.0, 1623020.0], [694400.0, 1623000.0], [694440.0, 1623000.0], [694440.0, 1622980.0], [694460.0, 1622980.0], [694460.0, 1623000.0], [694480.0, 1623000.0], [694480.0, 1623020.0], [694500.0, 1623020.0], [694500.0, 1623040.0], [694520.0, 1623040.0], [694520.0, 1623060.0], [694540.0, 1623060.0], [694540.0, 1623080.0], [694720.0, 1623080.0], [694720.0, 1623060.0], [694760.0, 1623060.0], [694760.0, 1623040.0], [694780.0, 1623040.0], [694780.0, 1623020.0], [694800.0, 1623020.0], [694800.0, 1623000.0], [694940.0, 1623000.0], [694940.0, 1623020.0], [695000.0, 1623020.0], [695000.0, 1623040.0], [695100.0, 1623040.0], [695100.0, 1623060.0], [695160.0, 1623060.0], [695160.0, 1623080.0], [695180.0, 1623080.0], [695180.0, 1623100.0], [695240.0, 1623100.0], [695240.0, 1623120.0], [695320.0, 1623120.0], [695320.0, 1623140.0], [695340.0, 1623140.0], [695340.0, 1623160.0], [695360.0, 1623160.0], [695360.0, 1623180.0], [695420.0, 1623180.0], [695420.0, 1623200.0], [695460.0, 1623200.0], [695460.0, 1623220.0], [695640.0, 1623220.0], [695640.0, 1623200.0], [695680.0, 1623200.0], [695680.0, 1623180.0], [695740.0, 1623180.0], [695740.0, 1623160.0], [695760.0, 1623160.0], [695760.0, 1623140.0], [695780.0, 1623140.0], [695780.0, 1623120.0], [695820.0, 1623120.0], [695820.0, 1623100.0], [695840.0, 1623100.0], [695840.0, 1623140.0], [695860.0, 1623140.0], [695860.0, 1623160.0], [695880.0, 1623160.0], [695880.0, 1623180.0], [695900.0, 1623180.0], [695900.0, 1623200.0], [695940.0, 1623200.0], [695940.0, 1623220.0], [695960.0, 1623220.0], [695960.0, 1623200.0], [696020.0, 1623200.0], [696020.0, 1623220.0], [696060.0, 1623220.0], [696060.0, 1623240.0], [696100.0, 1623240.0], [696100.0, 1623260.0], [696160.0, 1623260.0], [696160.0, 1623240.0], [696200.0, 1623240.0], [696200.0, 1623220.0], [696240.0, 1623220.0], [696240.0, 1623200.0], [696280.0, 1623200.0], [696280.0, 1623180.0], [696300.0, 1623180.0], [696300.0, 1623160.0], [696320.0, 1623160.0], [696320.0, 1623140.0], [696380.0, 1623140.0], [696380.0, 1623120.0], [696400.0, 1623120.0], [696400.0, 1623100.0], [696420.0, 1623100.0], [696420.0, 1623120.0], [696460.0, 1623120.0], [696460.0, 1623140.0], [696480.0, 1623140.0], [696480.0, 1623160.0], [696520.0, 1623160.0], [696520.0, 1623180.0], [696540.0, 1623180.0], [696540.0, 1623220.0], [696560.0, 1623220.0], [696560.0, 1623240.0], [696580.0, 1623240.0], [696580.0, 1623260.0], [696620.0, 1623260.0], [696620.0, 1623280.0], [696660.0, 1623280.0], [696660.0, 1623360.0], [696680.0, 1623360.0], [696680.0, 1623380.0], [696700.0, 1623380.0], [696700.0, 1623400.0], [696720.0, 1623400.0], [696720.0, 1623420.0], [696900.0, 1623420.0], [696900.0, 1623400.0], [696940.0, 1623400.0], [696940.0, 1623380.0], [696960.0, 1623380.0], [696960.0, 1623360.0], [697040.0, 1623360.0], [697040.0, 1623340.0], [697080.0, 1623340.0], [697080.0, 1623360.0], [697140.0, 1623360.0], [697140.0, 1623380.0], [697180.0, 1623380.0], [697180.0, 1623400.0], [697280.0, 1623400.0], [697280.0, 1623420.0], [697320.0, 1623420.0], [697320.0, 1623440.0], [697500.0, 1623440.0], [697500.0, 1623420.0], [697560.0, 1623420.0], [697560.0, 1623400.0], [697600.0, 1623400.0], [697600.0, 1623380.0], [697620.0, 1623380.0], [697620.0, 1623360.0], [697640.0, 1623360.0], [697640.0, 1623320.0], [697660.0, 1623320.0], [697660.0, 1623280.0], [697680.0, 1623280.0], [697680.0, 1623260.0], [697700.0, 1623260.0], [697700.0, 1623220.0], [697720.0, 1623220.0], [697720.0, 1623120.0], [697740.0, 1623120.0], [697740.0, 1623100.0], [697760.0, 1623100.0], [697760.0, 1623060.0], [697780.0, 1623060.0], [697780.0, 1623040.0], [697800.0, 1623040.0], [697800.0, 1623020.0], [697820.0, 1623020.0], [697820.0, 1622760.0], [697800.0, 1622760.0], [697800.0, 1622720.0], [697780.0, 1622720.0], [697780.0, 1622640.0], [697800.0, 1622640.0], [697800.0, 1622620.0], [697820.0, 1622620.0], [697820.0, 1622600.0], [697840.0, 1622600.0], [697840.0, 1622580.0], [697860.0, 1622580.0], [697860.0, 1622540.0], [697880.0, 1622540.0], [697880.0, 1622460.0], [697900.0, 1622460.0], [697900.0, 1622420.0], [698020.0, 1622420.0], [698020.0, 1622440.0], [698080.0, 1622440.0], [698080.0, 1622460.0], [698240.0, 1622460.0], [698240.0, 1622440.0], [698280.0, 1622440.0], [698280.0, 1622400.0], [698300.0, 1622400.0], [698300.0, 1622320.0], [698320.0, 1622320.0], [698320.0, 1622300.0], [698500.0, 1622300.0], [698500.0, 1622280.0], [698520.0, 1622280.0], [698520.0, 1622220.0], [698540.0, 1622220.0], [698540.0, 1622200.0], [698600.0, 1622200.0], [698600.0, 1622220.0], [698620.0, 1622220.0], [698620.0, 1622260.0], [698640.0, 1622260.0], [698640.0, 1622300.0], [698660.0, 1622300.0], [698660.0, 1622320.0], [698700.0, 1622320.0], [698700.0, 1622340.0], [698780.0, 1622340.0], [698780.0, 1622380.0], [698800.0, 1622380.0], [698800.0, 1622400.0], [698820.0, 1622400.0], [698820.0, 1622420.0], [698840.0, 1622420.0], [698840.0, 1622440.0], [698860.0, 1622440.0], [698860.0, 1622460.0], [698900.0, 1622460.0], [698900.0, 1622480.0], [699060.0, 1622480.0], [699060.0, 1622460.0], [699080.0, 1622460.0], [699080.0, 1622440.0], [699100.0, 1622440.0], [699100.0, 1622420.0], [699120.0, 1622420.0], [699120.0, 1622220.0], [699160.0, 1622220.0], [699160.0, 1622200.0], [699200.0, 1622200.0], [699200.0, 1622180.0], [699260.0, 1622180.0], [699260.0, 1622160.0], [699280.0, 1622160.0], [699280.0, 1622140.0], [699300.0, 1622140.0], [699300.0, 1622120.0], [699340.0, 1622120.0], [699340.0, 1622140.0], [699380.0, 1622140.0], [699380.0, 1622160.0], [699460.0, 1622160.0], [699460.0, 1622140.0], [699480.0, 1622140.0], [699480.0, 1622120.0], [699500.0, 1622120.0], [699500.0, 1622100.0], [699520.0, 1622100.0], [699520.0, 1622040.0], [699540.0, 1622040.0], [699540.0, 1621840.0], [699520.0, 1621840.0], [699520.0, 1621820.0], [699500.0, 1621820.0], [699500.0, 1621800.0], [699460.0, 1621800.0], [699460.0, 1621780.0], [699440.0, 1621780.0], [699440.0, 1621760.0], [699400.0, 1621760.0], [699400.0, 1621740.0], [699360.0, 1621740.0], [699360.0, 1621720.0], [699300.0, 1621720.0], [699300.0, 1621700.0], [699280.0, 1621700.0], [699280.0, 1621680.0], [699260.0, 1621680.0], [699260.0, 1621560.0], [699280.0, 1621560.0], [699280.0, 1621540.0], [699300.0, 1621540.0], [699300.0, 1621480.0], [699320.0, 1621480.0], [699320.0, 1621460.0], [699340.0, 1621460.0], [699340.0, 1621320.0], [699320.0, 1621320.0], [699320.0, 1621300.0], [699300.0, 1621300.0], [699300.0, 1621280.0], [699280.0, 1621280.0], [699280.0, 1621260.0], [699260.0, 1621260.0], [699260.0, 1621240.0], [699220.0, 1621240.0], [699220.0, 1621220.0], [699200.0, 1621220.0], [699200.0, 1621200.0], [699220.0, 1621200.0], [699220.0, 1621180.0], [699340.0, 1621180.0], [699340.0, 1621160.0], [699380.0, 1621160.0], [699380.0, 1621140.0], [699700.0, 1621140.0], [699700.0, 1621120.0], [699720.0, 1621120.0], [699720.0, 1621100.0], [699740.0, 1621100.0], [699740.0, 1621080.0], [699820.0, 1621080.0], [699820.0, 1621060.0], [699840.0, 1621060.0], [699840.0, 1621040.0], [699900.0, 1621040.0], [699900.0, 1621020.0], [699920.0, 1621020.0], [699920.0, 1621000.0], [699940.0, 1621000.0], [699940.0, 1620980.0], [699960.0, 1620980.0], [699960.0, 1620940.0], [699980.0, 1620940.0], [699980.0, 1620920.0], [700000.0, 1620920.0], [700000.0, 1620900.0], [700020.0, 1620900.0], [700020.0, 1620780.0], [700080.0, 1620780.0], [700080.0, 1620760.0], [700120.0, 1620760.0], [700120.0, 1620740.0], [700160.0, 1620740.0], [700160.0, 1620720.0], [700180.0, 1620720.0], [700180.0, 1620700.0], [700200.0, 1620700.0], [700200.0, 1620680.0], [700220.0, 1620680.0], [700220.0, 1620620.0], [700240.0, 1620620.0], [700240.0, 1620440.0], [700260.0, 1620440.0], [700260.0, 1620240.0], [700240.0, 1620240.0], [700240.0, 1620200.0], [700220.0, 1620200.0], [700220.0, 1620180.0], [700200.0, 1620180.0], [700200.0, 1620100.0], [700220.0, 1620100.0], [700220.0, 1620080.0], [700300.0, 1620080.0], [700300.0, 1620060.0], [700320.0, 1620060.0], [700320.0, 1620040.0], [700340.0, 1620040.0], [700340.0, 1620020.0], [700360.0, 1620020.0], [700360.0, 1620000.0], [700440.0, 1620000.0], [700440.0, 1619980.0], [700460.0, 1619980.0], [700460.0, 1619960.0], [700480.0, 1619960.0], [700480.0, 1619940.0], [700500.0, 1619940.0], [700500.0, 1619920.0], [700520.0, 1619920.0], [700520.0, 1619900.0], [700540.0, 1619900.0], [700540.0, 1619700.0], [700520.0, 1619700.0], [700520.0, 1619600.0], [700500.0, 1619600.0], [700500.0, 1619580.0], [700480.0, 1619580.0], [700480.0, 1619560.0], [700420.0, 1619560.0], [700420.0, 1619540.0], [700400.0, 1619540.0], [700400.0, 1619520.0], [700360.0, 1619520.0], [700360.0, 1619500.0], [700340.0, 1619500.0], [700340.0, 1619480.0], [700200.0, 1619480.0], [700200.0, 1619460.0], [700220.0, 1619460.0], [700220.0, 1619440.0], [700240.0, 1619440.0], [700240.0, 1619400.0], [700260.0, 1619400.0], [700260.0, 1619380.0], [700300.0, 1619380.0], [700300.0, 1619360.0], [700320.0, 1619360.0], [700320.0, 1619340.0], [700340.0, 1619340.0], [700340.0, 1619320.0], [700360.0, 1619320.0], [700360.0, 1619300.0], [700420.0, 1619300.0], [700420.0, 1619280.0], [700460.0, 1619280.0], [700460.0, 1619260.0], [700480.0, 1619260.0], [700480.0, 1619240.0], [700500.0, 1619240.0], [700500.0, 1619220.0], [700520.0, 1619220.0], [700520.0, 1619200.0], [700600.0, 1619200.0], [700600.0, 1619220.0], [700620.0, 1619220.0], [700620.0, 1619240.0], [700640.0, 1619240.0], [700640.0, 1619260.0], [700660.0, 1619260.0], [700660.0, 1619280.0], [700680.0, 1619280.0], [700680.0, 1619300.0], [700700.0, 1619300.0], [700700.0, 1619360.0], [700720.0, 1619360.0], [700720.0, 1619400.0], [700700.0, 1619400.0], [700700.0, 1619660.0], [700720.0, 1619660.0], [700720.0, 1619700.0], [700740.0, 1619700.0], [700740.0, 1619760.0], [700760.0, 1619760.0], [700760.0, 1619840.0], [700780.0, 1619840.0], [700780.0, 1619880.0], [700800.0, 1619880.0], [700800.0, 1619900.0], [700820.0, 1619900.0], [700820.0, 1619920.0], [700860.0, 1619920.0], [700860.0, 1619940.0], [700880.0, 1619940.0], [700880.0, 1619960.0], [700900.0, 1619960.0], [700900.0, 1619980.0], [700920.0, 1619980.0], [700920.0, 1620000.0], [700940.0, 1620000.0], [700940.0, 1620020.0], [700960.0, 1620020.0], [700960.0, 1620040.0], [701000.0, 1620040.0], [701000.0, 1620080.0], [700980.0, 1620080.0], [700980.0, 1620100.0], [700960.0, 1620100.0], [700960.0, 1620220.0], [700940.0, 1620220.0], [700940.0, 1620240.0], [700920.0, 1620240.0], [700920.0, 1620260.0], [700900.0, 1620260.0], [700900.0, 1620280.0], [700880.0, 1620280.0], [700880.0, 1620300.0], [700860.0, 1620300.0], [700860.0, 1620320.0], [700840.0, 1620320.0], [700840.0, 1620380.0], [700820.0, 1620380.0], [700820.0, 1620400.0], [700800.0, 1620400.0], [700800.0, 1620420.0], [700780.0, 1620420.0], [700780.0, 1620440.0], [700760.0, 1620440.0], [700760.0, 1620460.0], [700740.0, 1620460.0], [700740.0, 1620480.0], [700720.0, 1620480.0], [700720.0, 1620660.0], [700740.0, 1620660.0], [700740.0, 1620680.0], [700760.0, 1620680.0], [700760.0, 1620700.0], [700780.0, 1620700.0], [700780.0, 1620720.0], [700800.0, 1620720.0], [700800.0, 1620740.0], [700840.0, 1620740.0], [700840.0, 1620760.0], [700880.0, 1620760.0], [700880.0, 1620780.0], [700920.0, 1620780.0], [700920.0, 1620800.0], [700960.0, 1620800.0], [700960.0, 1620820.0], [700980.0, 1620820.0], [700980.0, 1620840.0], [701000.0, 1620840.0], [701000.0, 1620860.0], [701020.0, 1620860.0], [701020.0, 1620880.0], [701100.0, 1620880.0], [701100.0, 1620900.0], [701180.0, 1620900.0], [701180.0, 1620920.0], [701340.0, 1620920.0], [701340.0, 1620940.0], [701380.0, 1620940.0], [701380.0, 1620960.0], [701420.0, 1620960.0], [701420.0, 1620980.0], [701440.0, 1620980.0], [701440.0, 1621040.0], [701460.0, 1621040.0], [701460.0, 1621060.0], [701480.0, 1621060.0], [701480.0, 1621080.0], [701500.0, 1621080.0], [701500.0, 1621100.0], [701520.0, 1621100.0], [701520.0, 1621120.0], [701540.0, 1621120.0], [701540.0, 1621140.0], [701560.0, 1621140.0], [701560.0, 1621160.0], [701580.0, 1621160.0], [701580.0, 1621220.0], [701600.0, 1621220.0], [701600.0, 1621240.0], [701620.0, 1621240.0], [701620.0, 1621260.0], [701640.0, 1621260.0], [701640.0, 1621300.0], [701620.0, 1621300.0], [701620.0, 1621320.0], [701600.0, 1621320.0], [701600.0, 1621500.0], [701580.0, 1621500.0], [701580.0, 1621520.0], [701560.0, 1621520.0], [701560.0, 1621700.0], [701580.0, 1621700.0], [701580.0, 1621720.0], [701600.0, 1621720.0], [701600.0, 1621740.0], [701640.0, 1621740.0], [701640.0, 1621760.0], [701660.0, 1621760.0], [701660.0, 1621800.0], [701680.0, 1621800.0], [701680.0, 1621820.0], [701700.0, 1621820.0], [701700.0, 1621840.0], [701720.0, 1621840.0], [701720.0, 1621860.0], [701740.0, 1621860.0], [701740.0, 1621880.0], [701880.0, 1621880.0], [701880.0, 1621860.0], [702240.0, 1621860.0], [702240.0, 1621840.0], [702340.0, 1621840.0], [702340.0, 1621820.0], [702380.0, 1621820.0], [702380.0, 1621800.0], [702400.0, 1621800.0], [702400.0, 1621780.0], [702420.0, 1621780.0], [702420.0, 1621760.0], [702440.0, 1621760.0], [702440.0, 1621740.0], [702580.0, 1621740.0], [702580.0, 1621720.0], [702640.0, 1621720.0], [702640.0, 1621700.0], [702700.0, 1621700.0], [702700.0, 1621720.0], [702720.0, 1621720.0], [702720.0, 1621860.0], [702740.0, 1621860.0], [702740.0, 1622240.0], [702760.0, 1622240.0], [702760.0, 1622280.0], [702740.0, 1622280.0], [702740.0, 1622320.0], [702720.0, 1622320.0], [702720.0, 1622540.0], [702700.0, 1622540.0], [702700.0, 1622580.0], [702680.0, 1622580.0], [702680.0, 1622600.0], [702660.0, 1622600.0], [702660.0, 1622640.0], [702640.0, 1622640.0], [702640.0, 1622960.0], [702660.0, 1622960.0], [702660.0, 1622980.0], [702680.0, 1622980.0], [702680.0, 1623000.0], [702700.0, 1623000.0], [702700.0, 1623020.0], [702720.0, 1623020.0], [702720.0, 1623040.0], [702760.0, 1623040.0], [702760.0, 1623060.0], [702800.0, 1623060.0], [702800.0, 1623100.0], [702760.0, 1623100.0], [702760.0, 1623120.0], [702740.0, 1623120.0], [702740.0, 1623140.0], [702700.0, 1623140.0], [702700.0, 1623160.0], [702680.0, 1623160.0], [702680.0, 1623180.0], [702660.0, 1623180.0], [702660.0, 1623200.0], [702640.0, 1623200.0], [702640.0, 1623240.0], [702620.0, 1623240.0], [702620.0, 1623280.0], [702600.0, 1623280.0], [702600.0, 1623300.0], [702580.0, 1623300.0], [702580.0, 1623320.0], [702560.0, 1623320.0], [702560.0, 1623440.0], [702540.0, 1623440.0], [702540.0, 1623600.0], [702560.0, 1623600.0], [702560.0, 1623700.0], [702540.0, 1623700.0], [702540.0, 1623740.0], [702520.0, 1623740.0], [702520.0, 1623820.0], [702500.0, 1623820.0], [702500.0, 1623860.0], [702480.0, 1623860.0], [702480.0, 1624260.0], [702460.0, 1624260.0], [702460.0, 1624280.0], [702440.0, 1624280.0], [702440.0, 1624340.0], [702420.0, 1624340.0], [702420.0, 1624380.0], [702400.0, 1624380.0], [702400.0, 1624420.0], [702380.0, 1624420.0], [702380.0, 1624580.0], [702400.0, 1624580.0], [702400.0, 1624600.0], [702420.0, 1624600.0], [702420.0, 1624620.0], [702440.0, 1624620.0], [702440.0, 1624640.0], [702460.0, 1624640.0], [702460.0, 1624660.0], [702480.0, 1624660.0], [702480.0, 1624780.0], [702500.0, 1624780.0], [702500.0, 1624800.0], [702520.0, 1624800.0], [702520.0, 1624820.0], [702500.0, 1624820.0], [702500.0, 1625040.0], [702520.0, 1625040.0], [702520.0, 1625060.0], [702540.0, 1625060.0], [702540.0, 1625080.0], [702560.0, 1625080.0], [702560.0, 1625220.0], [702580.0, 1625220.0], [702580.0, 1625340.0], [702480.0, 1625340.0], [702480.0, 1625360.0], [702440.0, 1625360.0], [702440.0, 1625380.0], [702420.0, 1625380.0], [702420.0, 1625400.0], [702400.0, 1625400.0], [702400.0, 1625440.0], [702380.0, 1625440.0], [702380.0, 1625560.0], [702340.0, 1625560.0], [702340.0, 1625580.0], [702320.0, 1625580.0], [702320.0, 1625600.0], [702280.0, 1625600.0], [702280.0, 1625620.0], [702260.0, 1625620.0], [702260.0, 1625640.0], [702240.0, 1625640.0], [702240.0, 1625660.0], [702220.0, 1625660.0], [702220.0, 1625680.0], [702200.0, 1625680.0], [702200.0, 1625700.0], [702180.0, 1625700.0], [702180.0, 1625720.0], [702020.0, 1625720.0], [702020.0, 1625740.0], [701940.0, 1625740.0], [701940.0, 1625760.0], [701860.0, 1625760.0], [701860.0, 1625780.0], [701820.0, 1625780.0], [701820.0, 1625800.0], [701800.0, 1625800.0], [701800.0, 1625820.0], [701780.0, 1625820.0], [701780.0, 1625840.0], [701740.0, 1625840.0], [701740.0, 1625860.0], [701700.0, 1625860.0], [701700.0, 1625880.0], [701660.0, 1625880.0], [701660.0, 1625900.0], [701580.0, 1625900.0], [701580.0, 1625920.0], [701540.0, 1625920.0], [701540.0, 1625940.0], [701520.0, 1625940.0], [701520.0, 1625960.0], [701500.0, 1625960.0], [701500.0, 1625980.0], [701480.0, 1625980.0], [701480.0, 1626140.0], [701420.0, 1626140.0], [701420.0, 1626120.0], [701280.0, 1626120.0], [701280.0, 1626140.0], [701240.0, 1626140.0], [701240.0, 1626160.0], [701220.0, 1626160.0], [701220.0, 1626180.0], [701180.0, 1626180.0], [701180.0, 1626200.0], [701160.0, 1626200.0], [701160.0, 1626220.0], [701140.0, 1626220.0], [701140.0, 1626400.0], [701120.0, 1626400.0], [701120.0, 1626420.0], [701100.0, 1626420.0], [701100.0, 1626440.0], [701080.0, 1626440.0], [701080.0, 1626620.0], [701100.0, 1626620.0], [701100.0, 1626660.0], [701120.0, 1626660.0], [701120.0, 1626680.0], [701140.0, 1626680.0], [701140.0, 1626700.0], [701160.0, 1626700.0], [701160.0, 1626780.0], [701180.0, 1626780.0], [701180.0, 1626820.0], [701200.0, 1626820.0], [701200.0, 1626880.0], [701180.0, 1626880.0], [701180.0, 1626900.0], [701140.0, 1626900.0], [701140.0, 1626920.0], [701120.0, 1626920.0], [701120.0, 1626940.0], [701100.0, 1626940.0], [701100.0, 1626980.0], [701080.0, 1626980.0], [701080.0, 1627200.0], [701060.0, 1627200.0], [701060.0, 1627240.0], [701040.0, 1627240.0], [701040.0, 1627340.0], [701020.0, 1627340.0], [701020.0, 1627580.0], [701000.0, 1627580.0], [701000.0, 1627600.0], [700980.0, 1627600.0], [700980.0, 1627640.0], [700940.0, 1627640.0], [700940.0, 1627660.0], [700920.0, 1627660.0], [700920.0, 1627680.0], [700900.0, 1627680.0], [700900.0, 1627740.0], [700880.0, 1627740.0], [700880.0, 1627900.0], [700860.0, 1627900.0], [700860.0, 1627960.0], [700840.0, 1627960.0], [700840.0, 1628040.0], [700820.0, 1628040.0], [700820.0, 1628080.0], [700780.0, 1628080.0], [700780.0, 1628100.0], [700740.0, 1628100.0], [700740.0, 1628120.0], [700720.0, 1628120.0], [700720.0, 1628140.0], [700700.0, 1628140.0], [700700.0, 1628160.0], [700680.0, 1628160.0], [700680.0, 1628180.0], [700660.0, 1628180.0], [700660.0, 1628200.0], [700620.0, 1628200.0], [700620.0, 1628220.0], [700540.0, 1628220.0], [700540.0, 1628240.0], [700520.0, 1628240.0], [700520.0, 1628260.0], [700500.0, 1628260.0], [700500.0, 1628280.0], [700460.0, 1628280.0], [700460.0, 1628260.0], [700440.0, 1628260.0], [700440.0, 1628240.0], [700420.0, 1628240.0], [700420.0, 1628220.0], [700220.0, 1628220.0], [700220.0, 1628240.0], [700200.0, 1628240.0], [700200.0, 1628260.0], [700180.0, 1628260.0], [700180.0, 1628280.0], [700160.0, 1628280.0], [700160.0, 1628320.0], [700140.0, 1628320.0], [700140.0, 1628340.0], [700120.0, 1628340.0], [700120.0, 1628400.0], [700100.0, 1628400.0], [700100.0, 1628420.0], [700080.0, 1628420.0], [700080.0, 1628500.0], [700060.0, 1628500.0], [700060.0, 1628540.0], [700040.0, 1628540.0], [700040.0, 1628580.0], [700020.0, 1628580.0], [700020.0, 1628620.0], [700000.0, 1628620.0], [700000.0, 1628780.0], [699980.0, 1628780.0], [699980.0, 1628840.0], [699960.0, 1628840.0], [699960.0, 1628900.0], [699940.0, 1628900.0], [699940.0, 1628920.0], [699920.0, 1628920.0], [699920.0, 1628940.0], [699900.0, 1628940.0], [699900.0, 1628960.0], [699880.0, 1628960.0], [699880.0, 1629020.0], [699860.0, 1629020.0], [699860.0, 1629100.0], [699840.0, 1629100.0], [699840.0, 1629140.0], [699820.0, 1629140.0], [699820.0, 1629180.0], [699800.0, 1629180.0], [699800.0, 1629200.0], [699780.0, 1629200.0], [699780.0, 1629220.0], [699740.0, 1629220.0], [699740.0, 1629240.0], [699720.0, 1629240.0], [699720.0, 1629260.0], [699700.0, 1629260.0], [699700.0, 1629280.0], [699580.0, 1629280.0], [699580.0, 1629300.0], [699500.0, 1629300.0], [699500.0, 1629320.0], [699480.0, 1629320.0], [699480.0, 1629340.0], [699460.0, 1629340.0], [699460.0, 1629360.0], [699440.0, 1629360.0], [699440.0, 1629380.0], [699420.0, 1629380.0], [699420.0, 1629400.0], [699400.0, 1629400.0], [699400.0, 1629420.0], [699380.0, 1629420.0], [699380.0, 1629440.0], [699140.0, 1629440.0], [699140.0, 1629460.0], [698900.0, 1629460.0], [698900.0, 1629440.0], [698640.0, 1629440.0], [698640.0, 1629460.0], [698580.0, 1629460.0], [698580.0, 1629480.0], [698520.0, 1629480.0], [698520.0, 1629500.0], [698460.0, 1629500.0], [698460.0, 1629520.0], [698440.0, 1629520.0], [698440.0, 1629540.0], [698400.0, 1629540.0], [698400.0, 1629560.0], [698320.0, 1629560.0], [698320.0, 1629580.0], [698300.0, 1629580.0], [698300.0, 1629600.0], [698280.0, 1629600.0], [698280.0, 1629620.0], [698240.0, 1629620.0], [698240.0, 1629640.0], [698160.0, 1629640.0], [698160.0, 1629660.0], [698140.0, 1629660.0], [698140.0, 1629680.0], [698120.0, 1629680.0], [698120.0, 1629700.0], [698100.0, 1629700.0], [698100.0, 1629720.0], [698080.0, 1629720.0], [698080.0, 1629740.0], [698060.0, 1629740.0], [698060.0, 1629820.0], [698040.0, 1629820.0], [698040.0, 1629860.0], [698000.0, 1629860.0], [698000.0, 1629880.0], [697960.0, 1629880.0], [697960.0, 1629900.0], [697940.0, 1629900.0], [697940.0, 1629920.0], [697920.0, 1629920.0], [697920.0, 1629960.0], [697900.0, 1629960.0], [697900.0, 1630000.0], [697880.0, 1630000.0], [697880.0, 1630060.0], [697860.0, 1630060.0], [697860.0, 1630080.0], [697820.0, 1630080.0], [697820.0, 1630100.0], [697800.0, 1630100.0], [697800.0, 1630120.0], [697780.0, 1630120.0], [697780.0, 1630140.0], [697760.0, 1630140.0], [697760.0, 1630160.0], [697740.0, 1630160.0], [697740.0, 1630180.0], [697720.0, 1630180.0], [697720.0, 1630200.0], [697700.0, 1630200.0], [697700.0, 1630240.0], [697680.0, 1630240.0], [697680.0, 1630280.0], [697660.0, 1630280.0], [697660.0, 1630300.0], [697640.0, 1630300.0], [697640.0, 1630340.0], [697620.0, 1630340.0], [697620.0, 1630400.0], [697600.0, 1630400.0], [697600.0, 1630420.0], [697580.0, 1630420.0], [697580.0, 1630500.0], [697560.0, 1630500.0], [697560.0, 1630520.0], [697540.0, 1630520.0], [697540.0, 1630580.0], [697520.0, 1630580.0], [697520.0, 1630800.0], [697540.0, 1630800.0], [697540.0, 1630840.0], [697560.0, 1630840.0], [697560.0, 1630860.0], [697580.0, 1630860.0], [697580.0, 1630920.0], [697600.0, 1630920.0], [697600.0, 1630940.0], [697580.0, 1630940.0], [697580.0, 1630960.0], [697560.0, 1630960.0], [697560.0, 1630980.0], [697520.0, 1630980.0], [697520.0, 1631000.0], [697480.0, 1631000.0], [697480.0, 1631020.0], [697420.0, 1631020.0], [697420.0, 1631040.0], [697260.0, 1631040.0], [697260.0, 1631060.0], [697240.0, 1631060.0], [697240.0, 1631080.0], [697220.0, 1631080.0], [697220.0, 1631100.0], [697180.0, 1631100.0], [697180.0, 1631120.0], [697160.0, 1631120.0], [697160.0, 1631140.0], [697100.0, 1631140.0]], [[694700.0, 1623760.0], [694760.0, 1623760.0], [694760.0, 1623740.0], [694780.0, 1623740.0], [694780.0, 1623700.0], [694800.0, 1623700.0], [694800.0, 1623580.0], [694780.0, 1623580.0], [694780.0, 1623560.0], [694760.0, 1623560.0], [694760.0, 1623540.0], [694720.0, 1623540.0], [694720.0, 1623520.0], [694700.0, 1623520.0], [694700.0, 1623540.0], [694640.0, 1623540.0], [694640.0, 1623560.0], [694620.0, 1623560.0], [694620.0, 1623620.0], [694640.0, 1623620.0], [694640.0, 1623660.0], [694660.0, 1623660.0], [694660.0, 1623700.0], [694680.0, 1623700.0], [694680.0, 1623720.0], [694700.0, 1623720.0], [694700.0, 1623760.0]]]}}, {"type": "Feature", "properties": {"year": 2035, "class_id": 4, "class_label": "incierto"}, "geometry": {"type": "Polygon", "coordinates": [[[688900.0, 1616880.0], [688900.0, 1616860.0], [688920.0, 1616860.0], [688920.0, 1616880.0], [688900.0, 1616880.0]]]}}, {"type": "Feature", "properties": {"year": 2035, "class_id": 4, "class_label": "incierto"}, "geometry": {"type": "Polygon", "coordinates": [[[688060.0, 1617020.0], [688060.0, 1616760.0], [688080.0, 1616760.0], [688080.0, 1617020.0], [688060.0, 1617020.0]]]}}, {"type": "Feature", "properties": {"year": 2035, "class_id": 4, "class_label": "incierto"}, "geometry": {"type": "Polygon", "coordinates": [[[688880.0, 1616840.0], [688880.0, 1616820.0], [688860.0, 1616820.0], [688860.0, 1616800.0], [688840.0, 1616800.0], [688840.0, 1616760.0], [688860.0, 1616760.0], [688860.0, 1616780.0], [688880.0, 1616780.0], [688880.0, 1616800.0], [688900.0, 1616800.0], [688900.0, 1616840.0], [688880.0, 1616840.0]]]}}, {"type": "Feature", "properties": {"year": 2035, "class_id": 4, "class_label": "incierto"}, "geometry": {"type": "Polygon", "coordinates": [[[688040.0, 1616740.0], [688040.0, 1616720.0], [688060.0, 1616720.0], [688060.0, 1616740.0], [688040.0, 1616740.0]]]}}, {"type": "Feature", "properties": {"year": 2035, "class_id": 2, "class_label": "expuesto_cierto_ambos"}, "geometry": {"type": "Polygon", "coordinates": [[[689060.0, 1617040.0], [689060.0, 1617020.0], [689020.0, 1617020.0], [689020.0, 1617000.0], [689000.0, 1617000.0], [689000.0, 1616980.0], [688960.0, 1616980.0], [688960.0, 1617000.0], [688940.0, 1617000.0], [688940.0, 1616980.0], [688920.0, 1616980.0], [688920.0, 1616940.0], [688900.0, 1616940.0], [688900.0, 1616920.0], [688880.0, 1616920.0], [688880.0, 1616880.0], [688860.0, 1616880.0], [688860.0, 1616860.0], [688840.0, 1616860.0], [688840.0, 1616840.0], [688820.0, 1616840.0], [688820.0, 1616820.0], [688800.0, 1616820.0], [688800.0, 1616780.0], [688780.0, 1616780.0], [688780.0, 1616740.0], [688760.0, 1616740.0], [688760.0, 1616720.0], [688780.0, 1616720.0], [688780.0, 1616700.0], [688800.0, 1616700.0], [688800.0, 1616720.0], [688820.0, 1616720.0], [688820.0, 1616740.0], [688840.0, 1616740.0], [688840.0, 1616800.0], [688860.0, 1616800.0], [688860.0, 1616820.0], [688880.0, 1616820.0], [688880.0, 1616840.0], [688920.0, 1616840.0], [688920.0, 1616860.0], [688940.0, 1616860.0], [688940.0, 1616880.0], [688960.0, 1616880.0], [688960.0, 1616900.0], [688980.0, 1616900.0], [688980.0, 1616960.0], [689000.0, 1616960.0], [689000.0, 1616940.0], [689020.0, 1616940.0], [689020.0, 1616960.0], [689040.0, 1616960.0], [689040.0, 1617000.0], [689080.0, 1617000.0], [689080.0, 1617040.0], [689060.0, 1617040.0]], [[688900.0, 1616880.0], [688920.0, 1616880.0], [688920.0, 1616860.0], [688900.0, 1616860.0], [688900.0, 1616880.0]]]}}, {"type": "Feature", "properties": {"year": 2035, "class_id": 1, "class_label": "agua_cierta_ambos"}, "geometry": {"type": "Polygon", "coordinates": [[[688540.0, 1616720.0], [688540.0, 1616700.0], [688560.0, 1616700.0], [688560.0, 1616720.0], [688540.0, 1616720.0]]]}}, {"type": "Feature", "properties": {"year": 2035, "class_id": 2, "class_label": "expuesto_cierto_ambos"}, "geometry": {"type": "Polygon", "coordinates": [[[688740.0, 1616720.0], [688740.0, 1616700.0], [688760.0, 1616700.0], [688760.0, 1616720.0], [688740.0, 1616720.0]]]}}, {"type": "Feature", "properties": {"year": 2035, "class_id": 4, "class_label": "incierto"}, "geometry": {"type": "Polygon", "coordinates": [[[688760.0, 1616720.0], [688760.0, 1616700.0], [688780.0, 1616700.0], [688780.0, 1616720.0], [688760.0, 1616720.0]]]}}, {"type": "Feature", "properties": {"year": 2035, "class_id": 4, "class_label": "incierto"}, "geometry": {"type": "Polygon", "coordinates": [[[688020.0, 1616700.0], [688020.0, 1616680.0], [688040.0, 1616680.0], [688040.0, 1616700.0], [688020.0, 1616700.0]]]}}, {"type": "Feature", "properties": {"year": 2035, "class_id": 1, "class_label": "agua_cierta_ambos"}, "geometry": {"type": "Polygon", "coordinates": [[[688520.0, 1616700.0], [688520.0, 1616680.0], [688540.0, 1616680.0], [688540.0, 1616700.0], [688520.0, 1616700.0]]]}}, {"type": "Feature", "properties": {"year": 2035, "class_id": 2, "class_label": "expuesto_cierto_ambos"}, "geometry": {"type": "Polygon", "coordinates": [[[688760.0, 1616700.0], [688760.0, 1616680.0], [688780.0, 1616680.0], [688780.0, 1616700.0], [688760.0, 1616700.0]]]}}, {"type": "Feature", "properties": {"year": 2035, "class_id": 2, "class_label": "expuesto_cierto_ambos"}, "geometry": {"type": "Polygon", "coordinates": [[[688700.0, 1616660.0], [688700.0, 1616640.0], [688760.0, 1616640.0], [688760.0, 1616660.0], [688700.0, 1616660.0]]]}}, {"type": "Feature", "properties": {"year": 2035, "class_id": 4, "class_label": "incierto"}, "geometry": {"type": "Polygon", "coordinates": [[[688040.0, 1616620.0], [688040.0, 1616600.0], [688060.0, 1616600.0], [688060.0, 1616620.0], [688040.0, 1616620.0]]]}}, {"type": "Feature", "properties": {"year": 2035, "class_id": 2, "class_label": "expuesto_cierto_ambos"}, "geometry": {"type": "Polygon", "coordinates": [[[688600.0, 1616620.0], [688600.0, 1616600.0], [688620.0, 1616600.0], [688620.0, 1616620.0], [688600.0, 1616620.0]]]}}, {"type": "Feature", "properties": {"year": 2035, "class_id": 2, "class_label": "expuesto_cierto_ambos"}, "geometry": {"type": "Polygon", "coordinates": [[[688660.0, 1616620.0], [688660.0, 1616600.0], [688640.0, 1616600.0], [688640.0, 1616580.0], [688680.0, 1616580.0], [688680.0, 1616600.0], [688700.0, 1616600.0], [688700.0, 1616620.0], [688660.0, 1616620.0]]]}}, {"type": "Feature", "properties": {"year": 2035, "class_id": 4, "class_label": "incierto"}, "geometry": {"type": "Polygon", "coordinates": [[[688680.0, 1616600.0], [688680.0, 1616580.0], [688700.0, 1616580.0], [688700.0, 1616600.0], [688680.0, 1616600.0]]]}}, {"type": "Feature", "properties": {"year": 2035, "class_id": 2, "class_label": "expuesto_cierto_ambos"}, "geometry": {"type": "Polygon", "coordinates": [[[688540.0, 1616560.0], [688540.0, 1616540.0], [688560.0, 1616540.0], [688560.0, 1616560.0], [688540.0, 1616560.0]]]}}, {"type": "Feature", "properties": {"year": 2035, "class_id": 2, "class_label": "expuesto_cierto_ambos"}, "geometry": {"type": "Polygon", "coordinates": [[[688600.0, 1616560.0], [688600.0, 1616540.0], [688620.0, 1616540.0], [688620.0, 1616560.0], [688600.0, 1616560.0]]]}}, {"type": "Feature", "properties": {"year": 2035, "class_id": 4, "class_label": "incierto"}, "geometry": {"type": "Polygon", "coordinates": [[[688040.0, 1616560.0], [688040.0, 1616520.0], [688060.0, 1616520.0], [688060.0, 1616560.0], [688040.0, 1616560.0]]]}}, {"type": "Feature", "properties": {"year": 2035, "class_id": 2, "class_label": "expuesto_cierto_ambos"}, "geometry": {"type": "Polygon", "coordinates": [[[688580.0, 1616540.0], [688580.0, 1616520.0], [688600.0, 1616520.0], [688600.0, 1616540.0], [688580.0, 1616540.0]]]}}, {"type": "Feature", "properties": {"year": 2035, "class_id": 4, "class_label": "incierto"}, "geometry": {"type": "Polygon", "coordinates": [[[688600.0, 1616540.0], [688600.0, 1616520.0], [688620.0, 1616520.0], [688620.0, 1616540.0], [688600.0, 1616540.0]]]}}, {"type": "Feature", "properties": {"year": 2035, "class_id": 2, "class_label": "expuesto_cierto_ambos"}, "geometry": {"type": "Polygon", "coordinates": [[[688560.0, 1616520.0], [688560.0, 1616500.0], [688580.0, 1616500.0], [688580.0, 1616520.0], [688560.0, 1616520.0]]]}}, {"type": "Feature", "properties": {"year": 2035, "class_id": 4, "class_label": "incierto"}, "geometry": {"type": "Polygon", "coordinates": [[[688580.0, 1616520.0], [688580.0, 1616500.0], [688600.0, 1616500.0], [688600.0, 1616520.0], [688580.0, 1616520.0]]]}}, {"type": "Feature", "properties": {"year": 2035, "class_id": 2, "class_label": "expuesto_cierto_ambos"}, "geometry": {"type": "Polygon", "coordinates": [[[688440.0, 1616500.0], [688440.0, 1616480.0], [688460.0, 1616480.0], [688460.0, 1616500.0], [688440.0, 1616500.0]]]}}, {"type": "Feature", "properties": {"year": 2035, "class_id": 2, "class_label": "expuesto_cierto_ambos"}, "geometry": {"type": "Polygon", "coordinates": [[[688540.0, 1616500.0], [688540.0, 1616480.0], [688560.0, 1616480.0], [688560.0, 1616500.0], [688540.0, 1616500.0]]]}}, {"type": "Feature", "properties": {"year": 2035, "class_id": 2, "class_label": "expuesto_cierto_ambos"}, "geometry": {"type": "Polygon", "coordinates": [[[688460.0, 1616460.0], [688460.0, 1616440.0], [688440.0, 1616440.0], [688440.0, 1616420.0], [688520.0, 1616420.0], [688520.0, 1616460.0], [688500.0, 1616460.0], [688500.0, 1616440.0], [688480.0, 1616440.0], [688480.0, 1616460.0], [688460.0, 1616460.0]]]}}, {"type": "Feature", "properties": {"year": 2035, "class_id": 4, "class_label": "incierto"}, "geometry": {"type": "Polygon", "coordinates": [[[688380.0, 1616360.0], [688380.0, 1616340.0], [688420.0, 1616340.0], [688420.0, 1616360.0], [688380.0, 1616360.0]]]}}, {"type": "Feature", "properties": {"year": 2035, "class_id": 4, "class_label": "incierto"}, "geometry": {"type": "Polygon", "coordinates": [[[688360.0, 1616340.0], [688360.0, 1616320.0], [688380.0, 1616320.0], [688380.0, 1616340.0], [688360.0, 1616340.0]]]}}, {"type": "Feature", "properties": {"year": 2035, "class_id": 2, "class_label": "expuesto_cierto_ambos"}, "geometry": {"type": "Polygon", "coordinates": [[[688360.0, 1616400.0], [688360.0, 1616380.0], [688340.0, 1616380.0], [688340.0, 1616360.0], [688320.0, 1616360.0], [688320.0, 1616340.0], [688300.0, 1616340.0], [688300.0, 1616300.0], [688320.0, 1616300.0], [688320.0, 1616320.0], [688360.0, 1616320.0], [688360.0, 1616340.0], [688380.0, 1616340.0], [688380.0, 1616360.0], [688420.0, 1616360.0], [688420.0, 1616380.0], [688400.0, 1616380.0], [688400.0, 1616400.0], [688360.0, 1616400.0]]]}}, {"type": "Feature", "properties": {"year": 2035, "class_id": 2, "class_label": "expuesto_cierto_ambos"}, "geometry": {"type": "Polygon", "coordinates": [[[688240.0, 1616320.0], [688240.0, 1616300.0], [688260.0, 1616300.0], [688260.0, 1616320.0], [688240.0, 1616320.0]]]}}, {"type": "Feature", "properties": {"year": 2035, "class_id": 2, "class_label": "expuesto_cierto_ambos"}, "geometry": {"type": "Polygon", "coordinates": [[[688280.0, 1616300.0], [688280.0, 1616280.0], [688300.0, 1616280.0], [688300.0, 1616300.0], [688280.0, 1616300.0]]]}}, {"type": "Feature", "properties": {"year": 2035, "class_id": 4, "class_label": "incierto"}, "geometry": {"type": "Polygon", "coordinates": [[[688040.0, 1616440.0], [688040.0, 1616280.0], [688060.0, 1616280.0], [688060.0, 1616260.0], [688120.0, 1616260.0], [688120.0, 1616340.0], [688100.0, 1616340.0], [688100.0, 1616380.0], [688080.0, 1616380.0], [688080.0, 1616400.0], [688060.0, 1616400.0], [688060.0, 1616440.0], [688040.0, 1616440.0]]]}}, {"type": "Feature", "properties": {"year": 2035, "class_id": 2, "class_label": "expuesto_cierto_ambos"}, "geometry": {"type": "Polygon", "coordinates": [[[688980.0, 1618760.0], [688980.0, 1618720.0], [688960.0, 1618720.0], [688960.0, 1618700.0], [688860.0, 1618700.0], [688860.0, 1618680.0], [688820.0, 1618680.0], [688820.0, 1618660.0], [688760.0, 1618660.0], [688760.0, 1618640.0], [688740.0, 1618640.0], [688740.0, 1618620.0], [688680.0, 1618620.0], [688680.0, 1618600.0], [688600.0, 1618600.0], [688600.0, 1618560.0], [688580.0, 1618560.0], [688580.0, 1618520.0], [688560.0, 1618520.0], [688560.0, 1618480.0], [688540.0, 1618480.0], [688540.0, 1618460.0], [688520.0, 1618460.0], [688520.0, 1618420.0], [688500.0, 1618420.0], [688500.0, 1618380.0], [688480.0, 1618380.0], [688480.0, 1618360.0], [688460.0, 1618360.0], [688460.0, 1618200.0], [688440.0, 1618200.0], [688440.0, 1618160.0], [688420.0, 1618160.0], [688420.0, 1618140.0], [688400.0, 1618140.0], [688400.0, 1618100.0], [688380.0, 1618100.0], [688380.0, 1618080.0], [688360.0, 1618080.0], [688360.0, 1618060.0], [688340.0, 1618060.0], [688340.0, 1618040.0], [688320.0, 1618040.0], [688320.0, 1618020.0], [688300.0, 1618020.0], [688300.0, 1618000.0], [688280.0, 1618000.0], [688280.0, 1617980.0], [688260.0, 1617980.0], [688260.0, 1617960.0], [688220.0, 1617960.0], [688220.0, 1617940.0], [688180.0, 1617940.0], [688180.0, 1617920.0], [688140.0, 1617920.0], [688140.0, 1617900.0], [688040.0, 1617900.0], [688040.0, 1617880.0], [688000.0, 1617880.0], [688000.0, 1617840.0], [688020.0, 1617840.0], [688020.0, 1617820.0], [687980.0, 1617820.0], [687980.0, 1617800.0], [688000.0, 1617800.0], [688000.0, 1617740.0], [688020.0, 1617740.0], [688020.0, 1617720.0], [688000.0, 1617720.0], [688000.0, 1617700.0], [688020.0, 1617700.0], [688020.0, 1617600.0], [688040.0, 1617600.0], [688040.0, 1617560.0], [688060.0, 1617560.0], [688060.0, 1617520.0], [688080.0, 1617520.0], [688080.0, 1617480.0], [688060.0, 1617480.0], [688060.0, 1617460.0], [688080.0, 1617460.0], [688080.0, 1617440.0], [688100.0, 1617440.0], [688100.0, 1617260.0], [688080.0, 1617260.0], [688080.0, 1617080.0], [688060.0, 1617080.0], [688060.0, 1617020.0], [688080.0, 1617020.0], [688080.0, 1616760.0], [688060.0, 1616760.0], [688060.0, 1616720.0], [688040.0, 1616720.0], [688040.0, 1616620.0], [688060.0, 1616620.0], [688060.0, 1616520.0], [688040.0, 1616520.0], [688040.0, 1616440.0], [688060.0, 1616440.0], [688060.0, 1616400.0], [688080.0, 1616400.0], [688080.0, 1616380.0], [688100.0, 1616380.0], [688100.0, 1616340.0], [688120.0, 1616340.0], [688120.0, 1616260.0], [688140.0, 1616260.0], [688140.0, 1616280.0], [688180.0, 1616280.0], [688180.0, 1616240.0], [688220.0, 1616240.0], [688220.0, 1616260.0], [688240.0, 1616260.0], [688240.0, 1616300.0], [688220.0, 1616300.0], [688220.0, 1616320.0], [688160.0, 1616320.0], [688160.0, 1616360.0], [688140.0, 1616360.0], [688140.0, 1616400.0], [688120.0, 1616400.0], [688120.0, 1616460.0], [688100.0, 1616460.0], [688100.0, 1616500.0], [688080.0, 1616500.0], [688080.0, 1616520.0], [688100.0, 1616520.0], [688100.0, 1616540.0], [688120.0, 1616540.0], [688120.0, 1616580.0], [688100.0, 1616580.0], [688100.0, 1616600.0], [688120.0, 1616600.0], [688120.0, 1616620.0], [688100.0, 1616620.0], [688100.0, 1616680.0], [688120.0, 1616680.0], [688120.0, 1616760.0], [688100.0, 1616760.0], [688100.0, 1616780.0], [688140.0, 1616780.0], [688140.0, 1616800.0], [688120.0, 1616800.0], [688120.0, 1616860.0], [688180.0, 1616860.0], [688180.0, 1616900.0], [688160.0, 1616900.0], [688160.0, 1616880.0], [688140.0, 1616880.0], [688140.0, 1616900.0], [688120.0, 1616900.0], [688120.0, 1616940.0], [688100.0, 1616940.0], [688100.0, 1616960.0], [688120.0, 1616960.0], [688120.0, 1617040.0], [688140.0, 1617040.0], [688140.0, 1617060.0], [688160.0, 1617060.0], [688160.0, 1617120.0], [688140.0, 1617120.0], [688140.0, 1617160.0], [688120.0, 1617160.0], [688120.0, 1617140.0], [688100.0, 1617140.0], [688100.0, 1617180.0], [688140.0, 1617180.0], [688140.0, 1617220.0], [688160.0, 1617220.0], [688160.0, 1617320.0], [688180.0, 1617320.0], [688180.0, 1617360.0], [688140.0, 1617360.0], [688140.0, 1617340.0], [688120.0, 1617340.0], [688120.0, 1617480.0], [688100.0, 1617480.0], [688100.0, 1617560.0], [688120.0, 1617560.0], [688120.0, 1617520.0], [688140.0, 1617520.0], [688140.0, 1617580.0], [688120.0, 1617580.0], [688120.0, 1617660.0], [688100.0, 1617660.0], [688100.0, 1617700.0], [688080.0, 1617700.0], [688080.0, 1617780.0], [688060.0, 1617780.0], [688060.0, 1617800.0], [688040.0, 1617800.0], [688040.0, 1617820.0], [688060.0, 1617820.0], [688060.0, 1617840.0], [688120.0, 1617840.0], [688120.0, 1617860.0], [688180.0, 1617860.0], [688180.0, 1617880.0], [688200.0, 1617880.0], [688200.0, 1617900.0], [688260.0, 1617900.0], [688260.0, 1617920.0], [688280.0, 1617920.0], [688280.0, 1617940.0], [688300.0, 1617940.0], [688300.0, 1617960.0], [688320.0, 1617960.0], [688320.0, 1617980.0], [688340.0, 1617980.0], [688340.0, 1618000.0], [688360.0, 1618000.0], [688360.0, 1618020.0], [688380.0, 1618020.0], [688380.0, 1618040.0], [688400.0, 1618040.0], [688400.0, 1618060.0], [688420.0, 1618060.0], [688420.0, 1618080.0], [688440.0, 1618080.0], [688440.0, 1618100.0], [688460.0, 1618100.0], [688460.0, 1618120.0], [688480.0, 1618120.0], [688480.0, 1618140.0], [688500.0, 1618140.0], [688500.0, 1618180.0], [688480.0, 1618180.0], [688480.0, 1618200.0], [688500.0, 1618200.0], [688500.0, 1618220.0], [688520.0, 1618220.0], [688520.0, 1618240.0], [688500.0, 1618240.0], [688500.0, 1618260.0], [688520.0, 1618260.0], [688520.0, 1618380.0], [688540.0, 1618380.0], [688540.0, 1618400.0], [688560.0, 1618400.0], [688560.0, 1618420.0], [688580.0, 1618420.0], [688580.0, 1618460.0], [688600.0, 1618460.0], [688600.0, 1618480.0], [688620.0, 1618480.0], [688620.0, 1618520.0], [688640.0, 1618520.0], [688640.0, 1618560.0], [688660.0, 1618560.0], [688660.0, 1618580.0], [688680.0, 1618580.0], [688680.0, 1618560.0], [688700.0, 1618560.0], [688700.0, 1618580.0], [688720.0, 1618580.0], [688720.0, 1618600.0], [688760.0, 1618600.0], [688760.0, 1618620.0], [688780.0, 1618620.0], [688780.0, 1618600.0], [688800.0, 1618600.0], [688800.0, 1618640.0], [688820.0, 1618640.0], [688820.0, 1618620.0], [688840.0, 1618620.0], [688840.0, 1618640.0], [688880.0, 1618640.0], [688880.0, 1618660.0], [688920.0, 1618660.0], [688920.0, 1618640.0], [688960.0, 1618640.0], [688960.0, 1618660.0], [688980.0, 1618660.0], [688980.0, 1618680.0], [689000.0, 1618680.0], [689000.0, 1618700.0], [689020.0, 1618700.0], [689020.0, 1618720.0], [689040.0, 1618720.0], [689040.0, 1618760.0], [688980.0, 1618760.0]], [[688040.0, 1617700.0], [688080.0, 1617700.0], [688080.0, 1617680.0], [688060.0, 1617680.0], [688060.0, 1617660.0], [688040.0, 1617660.0], [688040.0, 1617700.0]], [[688060.0, 1617640.0], [688080.0, 1617640.0], [688080.0, 1617600.0], [688060.0, 1617600.0], [688060.0, 1617640.0]], [[688080.0, 1617600.0], [688100.0, 1617600.0], [688100.0, 1617560.0], [688080.0, 1617560.0], [688080.0, 1617600.0]], [[688100.0, 1617220.0], [688120.0, 1617220.0], [688120.0, 1617200.0], [688100.0, 1617200.0], [688100.0, 1617220.0]], [[688100.0, 1617120.0], [688120.0, 1617120.0], [688120.0, 1617100.0], [688100.0, 1617100.0], [688100.0, 1617120.0]]]}}, {"type": "Feature", "properties": {"year": 2035, "class_id": 4, "class_label": "incierto"}, "geometry": {"type": "Polygon", "coordinates": [[[697060.0, 1631200.0], [697060.0, 1631180.0], [697040.0, 1631180.0], [697040.0, 1631160.0], [697020.0, 1631160.0], [697020.0, 1631140.0], [696940.0, 1631140.0], [696940.0, 1631120.0], [696920.0, 1631120.0], [696920.0, 1631100.0], [696880.0, 1631100.0], [696880.0, 1631080.0], [696860.0, 1631080.0], [696860.0, 1631060.0], [696840.0, 1631060.0], [696840.0, 1631040.0], [696820.0, 1631040.0], [696820.0, 1631020.0], [696840.0, 1631020.0], [696840.0, 1631000.0], [696820.0, 1631000.0], [696820.0, 1630980.0], [696780.0, 1630980.0], [696780.0, 1630940.0], [696760.0, 1630940.0], [696760.0, 1630860.0], [696740.0, 1630860.0], [696740.0, 1630820.0], [696760.0, 1630820.0], [696760.0, 1630800.0], [696700.0, 1630800.0], [696700.0, 1630780.0], [696680.0, 1630780.0], [696680.0, 1630820.0], [696660.0, 1630820.0], [696660.0, 1630800.0], [696640.0, 1630800.0], [696640.0, 1630780.0], [696660.0, 1630780.0], [696660.0, 1630760.0], [696640.0, 1630760.0], [696640.0, 1630720.0], [696600.0, 1630720.0], [696600.0, 1630700.0], [696580.0, 1630700.0], [696580.0, 1630740.0], [696560.0, 1630740.0], [696560.0, 1630700.0], [696540.0, 1630700.0], [696540.0, 1630680.0], [696560.0, 1630680.0], [696560.0, 1630660.0], [696540.0, 1630660.0], [696540.0, 1630600.0], [696520.0, 1630600.0], [696520.0, 1630620.0], [696500.0, 1630620.0], [696500.0, 1630600.0], [696480.0, 1630600.0], [696480.0, 1630560.0], [696460.0, 1630560.0], [696460.0, 1630540.0], [696480.0, 1630540.0], [696480.0, 1630520.0], [696440.0, 1630520.0], [696440.0, 1630500.0], [696420.0, 1630500.0], [696420.0, 1630520.0], [696400.0, 1630520.0], [696400.0, 1630500.0], [696360.0, 1630500.0], [696360.0, 1630480.0], [696340.0, 1630480.0], [696340.0, 1630460.0], [696320.0, 1630460.0], [696320.0, 1630440.0], [696300.0, 1630440.0], [696300.0, 1630400.0], [696280.0, 1630400.0], [696280.0, 1630420.0], [696260.0, 1630420.0], [696260.0, 1630400.0], [696240.0, 1630400.0], [696240.0, 1630380.0], [696180.0, 1630380.0], [696180.0, 1630360.0], [696120.0, 1630360.0], [696120.0, 1630340.0], [696060.0, 1630340.0], [696060.0, 1630320.0], [695940.0, 1630320.0], [695940.0, 1630300.0], [695920.0, 1630300.0], [695920.0, 1630320.0], [695900.0, 1630320.0], [695900.0, 1630340.0], [695880.0, 1630340.0], [695880.0, 1630320.0], [695860.0, 1630320.0], [695860.0, 1630340.0], [695840.0, 1630340.0], [695840.0, 1630360.0], [695760.0, 1630360.0], [695760.0, 1630340.0], [695740.0, 1630340.0], [695740.0, 1630360.0], [695720.0, 1630360.0], [695720.0, 1630380.0], [695660.0, 1630380.0], [695660.0, 1630400.0], [695640.0, 1630400.0], [695640.0, 1630380.0], [695620.0, 1630380.0], [695620.0, 1630360.0], [695580.0, 1630360.0], [695580.0, 1630400.0], [695560.0, 1630400.0], [695560.0, 1630420.0], [695440.0, 1630420.0], [695440.0, 1630400.0], [695420.0, 1630400.0], [695420.0, 1630440.0], [695360.0, 1630440.0], [695360.0, 1630460.0], [695340.0, 1630460.0], [695340.0, 1630480.0], [695360.0, 1630480.0], [695360.0, 1630500.0], [695320.0, 1630500.0], [695320.0, 1630520.0], [695280.0, 1630520.0], [695280.0, 1630540.0], [695240.0, 1630540.0], [695240.0, 1630580.0], [695220.0, 1630580.0], [695220.0, 1630560.0], [695200.0, 1630560.0], [695200.0, 1630600.0], [695160.0, 1630600.0], [695160.0, 1630620.0], [695140.0, 1630620.0], [695140.0, 1630600.0], [695080.0, 1630600.0], [695080.0, 1630560.0], [695060.0, 1630560.0], [695060.0, 1630580.0], [695040.0, 1630580.0], [695040.0, 1630560.0], [695020.0, 1630560.0], [695020.0, 1630580.0], [695000.0, 1630580.0], [695000.0, 1630540.0], [694960.0, 1630540.0], [694960.0, 1630520.0], [694940.0, 1630520.0], [694940.0, 1630540.0], [694880.0, 1630540.0], [694880.0, 1630560.0], [694860.0, 1630560.0], [694860.0, 1630540.0], [694840.0, 1630540.0], [694840.0, 1630520.0], [694820.0, 1630520.0], [694820.0, 1630540.0], [694740.0, 1630540.0], [694740.0, 1630520.0], [694720.0, 1630520.0], [694720.0, 1630560.0], [694700.0, 1630560.0], [694700.0, 1630580.0], [694640.0, 1630580.0], [694640.0, 1630560.0], [694660.0, 1630560.0], [694660.0, 1630520.0], [694620.0, 1630520.0], [694620.0, 1630560.0], [694600.0, 1630560.0], [694600.0, 1630540.0], [694560.0, 1630540.0], [694560.0, 1630500.0], [694540.0, 1630500.0], [694540.0, 1630320.0], [694500.0, 1630320.0], [694500.0, 1630260.0], [694480.0, 1630260.0], [694480.0, 1630240.0], [694400.0, 1630240.0], [694400.0, 1630220.0], [694380.0, 1630220.0], [694380.0, 1630240.0], [694300.0, 1630240.0], [694300.0, 1630220.0], [694260.0, 1630220.0], [694260.0, 1630240.0], [694220.0, 1630240.0], [694220.0, 1630220.0], [694200.0, 1630220.0], [694200.0, 1630240.0], [694180.0, 1630240.0], [694180.0, 1630260.0], [694160.0, 1630260.0], [694160.0, 1630240.0], [694140.0, 1630240.0], [694140.0, 1630260.0], [694100.0, 1630260.0], [694100.0, 1630320.0], [694080.0, 1630320.0], [694080.0, 1630360.0], [694060.0, 1630360.0], [694060.0, 1630320.0], [694040.0, 1630320.0], [694040.0, 1630340.0], [694020.0, 1630340.0], [694020.0, 1630380.0], [693980.0, 1630380.0], [693980.0, 1630400.0], [693960.0, 1630400.0], [693960.0, 1630420.0], [693920.0, 1630420.0], [693920.0, 1630460.0], [693880.0, 1630460.0], [693880.0, 1630440.0], [693900.0, 1630440.0], [693900.0, 1630420.0], [693860.0, 1630420.0], [693860.0, 1630440.0], [693800.0, 1630440.0], [693800.0, 1630420.0], [693780.0, 1630420.0], [693780.0, 1630440.0], [693720.0, 1630440.0], [693720.0, 1630460.0], [693680.0, 1630460.0], [693680.0, 1630440.0], [693700.0, 1630440.0], [693700.0, 1630420.0], [693680.0, 1630420.0], [693680.0, 1630400.0], [693640.0, 1630400.0], [693640.0, 1630380.0], [693600.0, 1630380.0], [693600.0, 1630400.0], [693580.0, 1630400.0], [693580.0, 1630360.0], [693560.0, 1630360.0], [693560.0, 1630380.0], [693540.0, 1630380.0], [693540.0, 1630360.0], [693520.0, 1630360.0], [693520.0, 1630320.0], [693500.0, 1630320.0], [693500.0, 1630340.0], [693480.0, 1630340.0], [693480.0, 1630300.0], [693460.0, 1630300.0], [693460.0, 1630320.0], [693440.0, 1630320.0], [693440.0, 1630300.0], [693320.0, 1630300.0], [693320.0, 1630280.0], [693260.0, 1630280.0], [693260.0, 1630260.0], [693220.0, 1630260.0], [693220.0, 1630280.0], [693240.0, 1630280.0], [693240.0, 1630300.0], [693260.0, 1630300.0], [693260.0, 1630320.0], [693100.0, 1630320.0], [693100.0, 1630300.0], [693080.0, 1630300.0], [693080.0, 1630320.0], [693060.0, 1630320.0], [693060.0, 1630340.0], [693040.0, 1630340.0], [693040.0, 1630320.0], [693020.0, 1630320.0], [693020.0, 1630360.0], [693000.0, 1630360.0], [693000.0, 1630340.0], [692960.0, 1630340.0], [692960.0, 1630360.0], [692980.0, 1630360.0], [692980.0, 1630380.0], [692940.0, 1630380.0], [692940.0, 1630360.0], [692920.0, 1630360.0], [692920.0, 1630320.0], [692840.0, 1630320.0], [692840.0, 1630300.0], [692800.0, 1630300.0], [692800.0, 1630280.0], [692780.0, 1630280.0], [692780.0, 1630240.0], [692720.0, 1630240.0], [692720.0, 1630220.0], [692700.0, 1630220.0], [692700.0, 1630200.0], [692660.0, 1630200.0], [692660.0, 1630220.0], [692680.0, 1630220.0], [692680.0, 1630240.0], [692640.0, 1630240.0], [692640.0, 1630120.0], [692660.0, 1630120.0], [692660.0, 1630100.0], [692620.0, 1630100.0], [692620.0, 1630080.0], [692640.0, 1630080.0], [692640.0, 1630040.0], [692600.0, 1630040.0], [692600.0, 1630000.0], [692540.0, 1630000.0], [692540.0, 1630020.0], [692520.0, 1630020.0], [692520.0, 1629940.0], [692500.0, 1629940.0], [692500.0, 1629960.0], [692460.0, 1629960.0], [692460.0, 1629940.0], [692440.0, 1629940.0], [692440.0, 1629920.0], [692420.0, 1629920.0], [692420.0, 1629900.0], [692400.0, 1629900.0], [692400.0, 1629880.0], [692320.0, 1629880.0], [692320.0, 1629860.0], [692300.0, 1629860.0], [692300.0, 1629880.0], [692280.0, 1629880.0], [692280.0, 1629900.0], [692260.0, 1629900.0], [692260.0, 1629920.0], [692220.0, 1629920.0], [692220.0, 1629940.0], [692160.0, 1629940.0], [692160.0, 1629880.0], [692140.0, 1629880.0], [692140.0, 1629920.0], [692120.0, 1629920.0], [692120.0, 1629900.0], [692100.0, 1629900.0], [692100.0, 1629860.0], [692080.0, 1629860.0], [692080.0, 1629840.0], [692060.0, 1629840.0], [692060.0, 1629860.0], [692000.0, 1629860.0], [692000.0, 1629840.0], [692040.0, 1629840.0], [692040.0, 1629800.0], [692060.0, 1629800.0], [692060.0, 1629780.0], [692020.0, 1629780.0], [692020.0, 1629800.0], [691940.0, 1629800.0], [691940.0, 1629820.0], [691900.0, 1629820.0], [691900.0, 1629840.0], [691880.0, 1629840.0], [691880.0, 1629860.0], [691820.0, 1629860.0], [691820.0, 1629820.0], [691740.0, 1629820.0], [691740.0, 1629880.0], [691680.0, 1629880.0], [691680.0, 1629840.0], [691700.0, 1629840.0], [691700.0, 1629860.0], [691720.0, 1629860.0], [691720.0, 1629820.0], [691700.0, 1629820.0], [691700.0, 1629800.0], [691580.0, 1629800.0], [691580.0, 1629820.0], [691560.0, 1629820.0], [691560.0, 1629800.0], [691520.0, 1629800.0], [691520.0, 1629780.0], [691500.0, 1629780.0], [691500.0, 1629740.0], [691480.0, 1629740.0], [691480.0, 1629720.0], [691460.0, 1629720.0], [691460.0, 1629740.0], [691440.0, 1629740.0], [691440.0, 1629720.0], [691420.0, 1629720.0], [691420.0, 1629700.0], [691400.0, 1629700.0], [691400.0, 1629660.0], [691380.0, 1629660.0], [691380.0, 1629640.0], [691340.0, 1629640.0], [691340.0, 1629620.0], [691320.0, 1629620.0], [691320.0, 1629600.0], [691300.0, 1629600.0], [691300.0, 1629620.0], [691280.0, 1629620.0], [691280.0, 1629640.0], [691260.0, 1629640.0], [691260.0, 1629600.0], [691240.0, 1629600.0], [691240.0, 1629580.0], [691300.0, 1629580.0], [691300.0, 1629520.0], [691280.0, 1629520.0], [691280.0, 1629480.0], [691260.0, 1629480.0], [691260.0, 1629460.0], [691240.0, 1629460.0], [691240.0, 1629440.0], [691220.0, 1629440.0], [691220.0, 1629420.0], [691180.0, 1629420.0], [691180.0, 1629400.0], [691160.0, 1629400.0], [691160.0, 1629380.0], [691140.0, 1629380.0], [691140.0, 1629360.0], [691100.0, 1629360.0], [691100.0, 1629320.0], [691080.0, 1629320.0], [691080.0, 1629300.0], [691060.0, 1629300.0], [691060.0, 1629280.0], [691020.0, 1629280.0], [691020.0, 1629260.0], [690980.0, 1629260.0], [690980.0, 1629280.0], [691000.0, 1629280.0], [691000.0, 1629300.0], [690960.0, 1629300.0], [690960.0, 1629280.0], [690880.0, 1629280.0], [690880.0, 1629260.0], [690860.0, 1629260.0], [690860.0, 1629240.0], [690720.0, 1629240.0], [690720.0, 1629280.0], [690760.0, 1629280.0], [690760.0, 1629300.0], [690620.0, 1629300.0], [690620.0, 1629280.0], [690560.0, 1629280.0], [690560.0, 1629260.0], [690480.0, 1629260.0], [690480.0, 1629240.0], [690540.0, 1629240.0], [690540.0, 1629220.0], [690520.0, 1629220.0], [690520.0, 1629200.0], [690500.0, 1629200.0], [690500.0, 1629180.0], [690480.0, 1629180.0], [690480.0, 1629160.0], [690440.0, 1629160.0], [690440.0, 1629140.0], [690460.0, 1629140.0], [690460.0, 1629080.0], [690440.0, 1629080.0], [690440.0, 1629060.0], [690420.0, 1629060.0], [690420.0, 1629040.0], [690400.0, 1629040.0], [690400.0, 1629000.0], [690420.0, 1629000.0], [690420.0, 1628980.0], [690400.0, 1628980.0], [690400.0, 1628960.0], [690360.0, 1628960.0], [690360.0, 1628920.0], [690340.0, 1628920.0], [690340.0, 1628940.0], [690320.0, 1628940.0], [690320.0, 1628920.0], [690300.0, 1628920.0], [690300.0, 1628900.0], [690280.0, 1628900.0], [690280.0, 1628920.0], [690260.0, 1628920.0], [690260.0, 1628900.0], [690240.0, 1628900.0], [690240.0, 1628920.0], [690220.0, 1628920.0], [690220.0, 1628940.0], [690200.0, 1628940.0], [690200.0, 1628960.0], [690180.0, 1628960.0], [690180.0, 1628980.0], [690160.0, 1628980.0], [690160.0, 1629000.0], [690140.0, 1629000.0], [690140.0, 1629020.0], [690120.0, 1629020.0], [690120.0, 1629040.0], [690100.0, 1629040.0], [690100.0, 1629060.0], [690080.0, 1629060.0], [690080.0, 1629080.0], [690060.0, 1629080.0], [690060.0, 1629100.0], [690040.0, 1629100.0], [690040.0, 1629120.0], [690020.0, 1629120.0], [690020.0, 1629140.0], [689980.0, 1629140.0], [689980.0, 1629160.0], [689960.0, 1629160.0], [689960.0, 1629180.0], [690040.0, 1629180.0], [690040.0, 1629200.0], [690020.0, 1629200.0], [690020.0, 1629220.0], [690000.0, 1629220.0], [690000.0, 1629240.0], [689880.0, 1629240.0], [689880.0, 1629200.0], [689900.0, 1629200.0], [689900.0, 1629220.0], [689940.0, 1629220.0], [689940.0, 1629180.0], [689880.0, 1629180.0], [689880.0, 1629140.0], [689860.0, 1629140.0], [689860.0, 1629160.0], [689840.0, 1629160.0], [689840.0, 1629120.0], [689820.0, 1629120.0], [689820.0, 1629140.0], [689800.0, 1629140.0], [689800.0, 1629160.0], [689780.0, 1629160.0], [689780.0, 1629180.0], [689760.0, 1629180.0], [689760.0, 1629200.0], [689720.0, 1629200.0], [689720.0, 1629220.0], [689680.0, 1629220.0], [689680.0, 1629240.0], [689780.0, 1629240.0], [689780.0, 1629260.0], [689740.0, 1629260.0], [689740.0, 1629280.0], [689700.0, 1629280.0], [689700.0, 1629300.0], [689680.0, 1629300.0], [689680.0, 1629320.0], [689620.0, 1629320.0], [689620.0, 1629300.0], [689580.0, 1629300.0], [689580.0, 1629280.0], [689520.0, 1629280.0], [689520.0, 1629260.0], [689480.0, 1629260.0], [689480.0, 1629240.0], [689460.0, 1629240.0], [689460.0, 1629220.0], [689420.0, 1629220.0], [689420.0, 1629200.0], [689340.0, 1629200.0], [689340.0, 1629180.0], [689320.0, 1629180.0], [689320.0, 1629160.0], [689300.0, 1629160.0], [689300.0, 1629140.0], [689280.0, 1629140.0], [689280.0, 1629120.0], [689260.0, 1629120.0], [689260.0, 1629100.0], [689240.0, 1629100.0], [689240.0, 1629080.0], [689220.0, 1629080.0], [689220.0, 1629060.0], [689200.0, 1629060.0], [689200.0, 1629040.0], [689160.0, 1629040.0], [689160.0, 1628980.0], [689180.0, 1628980.0], [689180.0, 1628960.0], [689200.0, 1628960.0], [689200.0, 1628880.0], [689220.0, 1628880.0], [689220.0, 1628900.0], [689240.0, 1628900.0], [689240.0, 1628880.0], [689260.0, 1628880.0], [689260.0, 1628840.0], [689240.0, 1628840.0], [689240.0, 1628800.0], [689220.0, 1628800.0], [689220.0, 1628780.0], [689200.0, 1628780.0], [689200.0, 1628760.0], [689220.0, 1628760.0], [689220.0, 1628700.0], [689200.0, 1628700.0], [689200.0, 1628680.0], [689180.0, 1628680.0], [689180.0, 1628640.0], [689200.0, 1628640.0], [689200.0, 1628620.0], [689220.0, 1628620.0], [689220.0, 1628560.0], [689240.0, 1628560.0], [689240.0, 1628540.0], [689220.0, 1628540.0], [689220.0, 1628520.0], [689240.0, 1628520.0], [689240.0, 1628500.0], [689220.0, 1628500.0], [689220.0, 1628480.0], [689200.0, 1628480.0], [689200.0, 1628460.0], [689180.0, 1628460.0], [689180.0, 1628440.0], [689140.0, 1628440.0], [689140.0, 1628420.0], [689080.0, 1628420.0], [689080.0, 1628400.0], [689020.0, 1628400.0], [689020.0, 1628380.0], [688940.0, 1628380.0], [688940.0, 1628360.0], [688920.0, 1628360.0], [688920.0, 1628340.0], [688900.0, 1628340.0], [688900.0, 1628320.0], [688880.0, 1628320.0], [688880.0, 1628300.0], [688840.0, 1628300.0], [688840.0, 1628320.0], [688820.0, 1628320.0], [688820.0, 1628300.0], [688780.0, 1628300.0], [688780.0, 1628280.0], [688720.0, 1628280.0], [688720.0, 1628320.0], [688700.0, 1628320.0], [688700.0, 1628300.0], [688640.0, 1628300.0], [688640.0, 1628280.0], [688600.0, 1628280.0], [688600.0, 1628240.0], [688560.0, 1628240.0], [688560.0, 1628220.0], [688500.0, 1628220.0], [688500.0, 1628200.0], [688480.0, 1628200.0], [688480.0, 1628220.0], [688400.0, 1628220.0], [688400.0, 1628240.0], [688360.0, 1628240.0], [688360.0, 1628260.0], [688300.0, 1628260.0], [688300.0, 1628240.0], [688280.0, 1628240.0], [688280.0, 1628220.0], [688260.0, 1628220.0], [688260.0, 1628240.0], [688200.0, 1628240.0], [688200.0, 1628220.0], [688180.0, 1628220.0], [688180.0, 1628200.0], [688160.0, 1628200.0], [688160.0, 1628220.0], [688140.0, 1628220.0], [688140.0, 1628240.0], [688120.0, 1628240.0], [688120.0, 1628260.0], [688100.0, 1628260.0], [688100.0, 1628280.0], [688080.0, 1628280.0], [688080.0, 1628300.0], [688060.0, 1628300.0], [688060.0, 1628320.0], [688040.0, 1628320.0], [688040.0, 1628340.0], [688060.0, 1628340.0], [688060.0, 1628360.0], [688080.0, 1628360.0], [688080.0, 1628340.0], [688100.0, 1628340.0], [688100.0, 1628380.0], [688080.0, 1628380.0], [688080.0, 1628400.0], [688040.0, 1628400.0], [688040.0, 1628420.0], [688000.0, 1628420.0], [688000.0, 1628440.0], [687960.0, 1628440.0], [687960.0, 1628460.0], [687860.0, 1628460.0], [687860.0, 1628440.0], [687820.0, 1628440.0], [687820.0, 1628420.0], [687880.0, 1628420.0], [687880.0, 1628380.0], [687840.0, 1628380.0], [687840.0, 1628400.0], [687820.0, 1628400.0], [687820.0, 1628360.0], [687800.0, 1628360.0], [687800.0, 1628320.0], [687780.0, 1628320.0], [687780.0, 1628300.0], [687760.0, 1628300.0], [687760.0, 1628280.0], [687720.0, 1628280.0], [687720.0, 1628240.0], [687660.0, 1628240.0], [687660.0, 1628220.0], [687620.0, 1628220.0], [687620.0, 1628200.0], [687600.0, 1628200.0], [687600.0, 1628180.0], [687580.0, 1628180.0], [687580.0, 1628160.0], [687560.0, 1628160.0], [687560.0, 1628140.0], [687500.0, 1628140.0], [687500.0, 1628120.0], [687460.0, 1628120.0], [687460.0, 1628140.0], [687440.0, 1628140.0], [687440.0, 1628120.0], [687420.0, 1628120.0], [687420.0, 1628100.0], [687380.0, 1628100.0], [687380.0, 1628080.0], [687400.0, 1628080.0], [687400.0, 1628060.0], [687380.0, 1628060.0], [687380.0, 1628040.0], [687360.0, 1628040.0], [687360.0, 1628020.0], [687340.0, 1628020.0], [687340.0, 1628000.0], [687260.0, 1628000.0], [687260.0, 1628020.0], [687240.0, 1628020.0], [687240.0, 1628040.0], [687220.0, 1628040.0], [687220.0, 1628060.0], [687200.0, 1628060.0], [687200.0, 1628080.0], [687180.0, 1628080.0], [687180.0, 1628100.0], [687160.0, 1628100.0], [687160.0, 1628160.0], [687140.0, 1628160.0], [687140.0, 1628200.0], [687120.0, 1628200.0], [687120.0, 1628240.0], [687100.0, 1628240.0], [687100.0, 1628260.0], [687080.0, 1628260.0], [687080.0, 1628320.0], [687060.0, 1628320.0], [687060.0, 1628380.0], [687040.0, 1628380.0], [687040.0, 1628400.0], [687020.0, 1628400.0], [687020.0, 1628420.0], [686960.0, 1628420.0], [686960.0, 1628440.0], [686900.0, 1628440.0], [686900.0, 1628420.0], [686880.0, 1628420.0], [686880.0, 1628400.0], [686860.0, 1628400.0], [686860.0, 1628380.0], [686840.0, 1628380.0], [686840.0, 1628360.0], [686820.0, 1628360.0], [686820.0, 1628340.0], [686800.0, 1628340.0], [686800.0, 1628320.0], [686780.0, 1628320.0], [686780.0, 1628300.0], [686740.0, 1628300.0], [686740.0, 1628280.0], [686720.0, 1628280.0], [686720.0, 1628240.0], [686700.0, 1628240.0], [686700.0, 1628220.0], [686680.0, 1628220.0], [686680.0, 1628100.0], [686660.0, 1628100.0], [686660.0, 1628060.0], [686640.0, 1628060.0], [686640.0, 1628000.0], [686660.0, 1628000.0], [686660.0, 1627980.0], [686640.0, 1627980.0], [686640.0, 1627960.0], [686620.0, 1627960.0], [686620.0, 1627940.0], [686640.0, 1627940.0], [686640.0, 1627920.0], [686620.0, 1627920.0], [686620.0, 1627880.0], [686600.0, 1627880.0], [686600.0, 1627840.0], [686580.0, 1627840.0], [686580.0, 1627800.0], [686560.0, 1627800.0], [686560.0, 1627780.0], [686540.0, 1627780.0], [686540.0, 1627760.0], [686520.0, 1627760.0], [686520.0, 1627740.0], [686500.0, 1627740.0], [686500.0, 1627720.0], [686480.0, 1627720.0], [686480.0, 1627700.0], [686460.0, 1627700.0], [686460.0, 1627680.0], [686440.0, 1627680.0], [686440.0, 1627660.0], [686420.0, 1627660.0], [686420.0, 1627640.0], [686400.0, 1627640.0], [686400.0, 1627620.0], [686340.0, 1627620.0], [686340.0, 1627600.0], [686320.0, 1627600.0], [686320.0, 1627580.0], [686300.0, 1627580.0], [686300.0, 1627560.0], [686260.0, 1627560.0], [686260.0, 1627540.0], [686240.0, 1627540.0], [686240.0, 1627520.0], [686220.0, 1627520.0], [686220.0, 1627540.0], [686180.0, 1627540.0], [686180.0, 1627520.0], [686160.0, 1627520.0], [686160.0, 1627500.0], [686120.0, 1627500.0], [686120.0, 1627480.0], [686100.0, 1627480.0], [686100.0, 1627460.0], [686080.0, 1627460.0], [686080.0, 1627440.0], [686060.0, 1627440.0], [686060.0, 1627400.0], [686040.0, 1627400.0], [686040.0, 1627380.0], [686020.0, 1627380.0], [686020.0, 1627320.0], [686000.0, 1627320.0], [686000.0, 1627300.0], [685980.0, 1627300.0], [685980.0, 1627280.0], [685960.0, 1627280.0], [685960.0, 1627260.0], [685940.0, 1627260.0], [685940.0, 1627240.0], [685920.0, 1627240.0], [685920.0, 1627260.0], [685900.0, 1627260.0], [685900.0, 1627240.0], [685840.0, 1627240.0], [685840.0, 1627220.0], [685800.0, 1627220.0], [685800.0, 1627200.0], [685740.0, 1627200.0], [685740.0, 1627180.0], [685720.0, 1627180.0], [685720.0, 1627160.0], [685660.0, 1627160.0], [685660.0, 1627180.0], [685580.0, 1627180.0], [685580.0, 1627200.0], [685520.0, 1627200.0], [685520.0, 1627220.0], [685400.0, 1627220.0], [685400.0, 1627200.0], [685380.0, 1627200.0], [685380.0, 1627220.0], [685360.0, 1627220.0], [685360.0, 1627200.0], [685340.0, 1627200.0], [685340.0, 1627180.0], [685320.0, 1627180.0], [685320.0, 1627140.0], [685260.0, 1627140.0], [685260.0, 1627120.0], [685200.0, 1627120.0], [685200.0, 1627100.0], [685180.0, 1627100.0], [685180.0, 1627120.0], [685140.0, 1627120.0], [685140.0, 1627100.0], [685100.0, 1627100.0], [685100.0, 1627080.0], [685080.0, 1627080.0], [685080.0, 1627060.0], [685060.0, 1627060.0], [685060.0, 1627080.0], [685020.0, 1627080.0], [685020.0, 1627120.0], [684980.0, 1627120.0], [684980.0, 1627100.0], [685000.0, 1627100.0], [685000.0, 1627080.0], [684980.0, 1627080.0], [684980.0, 1627060.0], [684920.0, 1627060.0], [684920.0, 1627040.0], [684880.0, 1627040.0], [684880.0, 1627020.0], [684900.0, 1627020.0], [684900.0, 1627000.0], [684880.0, 1627000.0], [684880.0, 1626980.0], [684860.0, 1626980.0], [684860.0, 1626940.0], [684880.0, 1626940.0], [684880.0, 1626900.0], [684860.0, 1626900.0], [684860.0, 1626860.0], [684840.0, 1626860.0], [684840.0, 1626840.0], [684860.0, 1626840.0], [684860.0, 1626820.0], [684880.0, 1626820.0], [684880.0, 1626780.0], [684900.0, 1626780.0], [684900.0, 1626740.0], [684880.0, 1626740.0], [684880.0, 1626720.0], [684840.0, 1626720.0], [684840.0, 1626680.0], [684820.0, 1626680.0], [684820.0, 1626660.0], [684800.0, 1626660.0], [684800.0, 1626640.0], [684780.0, 1626640.0], [684780.0, 1626620.0], [684760.0, 1626620.0], [684760.0, 1626600.0], [684740.0, 1626600.0], [684740.0, 1626580.0], [684720.0, 1626580.0], [684720.0, 1626560.0], [684680.0, 1626560.0], [684680.0, 1626540.0], [684660.0, 1626540.0], [684660.0, 1626520.0], [684640.0, 1626520.0], [684640.0, 1626500.0], [684620.0, 1626500.0], [684620.0, 1626520.0], [684580.0, 1626520.0], [684580.0, 1626540.0], [684620.0, 1626540.0], [684620.0, 1626560.0], [684560.0, 1626560.0], [684560.0, 1626540.0], [684520.0, 1626540.0], [684520.0, 1626520.0], [684560.0, 1626520.0], [684560.0, 1626500.0], [684540.0, 1626500.0], [684540.0, 1626460.0], [684520.0, 1626460.0], [684520.0, 1626440.0], [684540.0, 1626440.0], [684540.0, 1626420.0], [684560.0, 1626420.0], [684560.0, 1626400.0], [684520.0, 1626400.0], [684520.0, 1626320.0], [684540.0, 1626320.0], [684540.0, 1626340.0], [684560.0, 1626340.0], [684560.0, 1626280.0], [684580.0, 1626280.0], [684580.0, 1626240.0], [684560.0, 1626240.0], [684560.0, 1626160.0], [684580.0, 1626160.0], [684580.0, 1626100.0], [684600.0, 1626100.0], [684600.0, 1626140.0], [684620.0, 1626140.0], [684620.0, 1626100.0], [684640.0, 1626100.0], [684640.0, 1626080.0], [684660.0, 1626080.0], [684660.0, 1626060.0], [684680.0, 1626060.0], [684680.0, 1626040.0], [684700.0, 1626040.0], [684700.0, 1626020.0], [684720.0, 1626020.0], [684720.0, 1625980.0], [684740.0, 1625980.0], [684740.0, 1625960.0], [684760.0, 1625960.0], [684760.0, 1625940.0], [684780.0, 1625940.0], [684780.0, 1625920.0], [684800.0, 1625920.0], [684800.0, 1625900.0], [684780.0, 1625900.0], [684780.0, 1625880.0], [684800.0, 1625880.0], [684800.0, 1625860.0], [684820.0, 1625860.0], [684820.0, 1625840.0], [684840.0, 1625840.0], [684840.0, 1625780.0], [684860.0, 1625780.0], [684860.0, 1625760.0], [684880.0, 1625760.0], [684880.0, 1625720.0], [684900.0, 1625720.0], [684900.0, 1625700.0], [684920.0, 1625700.0], [684920.0, 1625640.0], [684900.0, 1625640.0], [684900.0, 1625620.0], [684920.0, 1625620.0], [684920.0, 1625600.0], [684940.0, 1625600.0], [684940.0, 1625580.0], [684960.0, 1625580.0], [684960.0, 1625560.0], [684980.0, 1625560.0], [684980.0, 1625540.0], [685000.0, 1625540.0], [685000.0, 1625460.0], [685020.0, 1625460.0], [685020.0, 1625480.0], [685040.0, 1625480.0], [685040.0, 1625460.0], [685060.0, 1625460.0], [685060.0, 1625440.0], [685100.0, 1625440.0], [685100.0, 1625420.0], [685120.0, 1625420.0], [685120.0, 1625400.0], [685180.0, 1625400.0], [685180.0, 1625420.0], [685200.0, 1625420.0], [685200.0, 1625440.0], [685220.0, 1625440.0], [685220.0, 1625460.0], [685240.0, 1625460.0], [685240.0, 1625480.0], [685260.0, 1625480.0], [685260.0, 1625500.0], [685280.0, 1625500.0], [685280.0, 1625520.0], [685340.0, 1625520.0], [685340.0, 1625540.0], [685420.0, 1625540.0], [685420.0, 1625520.0], [685440.0, 1625520.0], [685440.0, 1625500.0], [685460.0, 1625500.0], [685460.0, 1625520.0], [685480.0, 1625520.0], [685480.0, 1625500.0], [685500.0, 1625500.0], [685500.0, 1625480.0], [685520.0, 1625480.0], [685520.0, 1625460.0], [685540.0, 1625460.0], [685540.0, 1625440.0], [685560.0, 1625440.0], [685560.0, 1625400.0], [685580.0, 1625400.0], [685580.0, 1625340.0], [685620.0, 1625340.0], [685620.0, 1625320.0], [685640.0, 1625320.0], [685640.0, 1625300.0], [685660.0, 1625300.0], [685660.0, 1625280.0], [685680.0, 1625280.0], [685680.0, 1625260.0], [685700.0, 1625260.0], [685700.0, 1625220.0], [685680.0, 1625220.0], [685680.0, 1625180.0], [685780.0, 1625180.0], [685780.0, 1625220.0], [685800.0, 1625220.0], [685800.0, 1625260.0], [685820.0, 1625260.0], [685820.0, 1625320.0], [685800.0, 1625320.0], [685800.0, 1625280.0], [685780.0, 1625280.0], [685780.0, 1625240.0], [685760.0, 1625240.0], [685760.0, 1625220.0], [685720.0, 1625220.0], [685720.0, 1625240.0], [685740.0, 1625240.0], [685740.0, 1625260.0], [685760.0, 1625260.0], [685760.0, 1625280.0], [685740.0, 1625280.0], [685740.0, 1625320.0], [685760.0, 1625320.0], [685760.0, 1625340.0], [685780.0, 1625340.0], [685780.0, 1625360.0], [685800.0, 1625360.0], [685800.0, 1625380.0], [685820.0, 1625380.0], [685820.0, 1625420.0], [685840.0, 1625420.0], [685840.0, 1625440.0], [685860.0, 1625440.0], [685860.0, 1625460.0], [685880.0, 1625460.0], [685880.0, 1625480.0], [685900.0, 1625480.0], [685900.0, 1625500.0], [685940.0, 1625500.0], [685940.0, 1625520.0], [685960.0, 1625520.0], [685960.0, 1625500.0], [685980.0, 1625500.0], [685980.0, 1625460.0], [686020.0, 1625460.0], [686020.0, 1625480.0], [686000.0, 1625480.0], [686000.0, 1625500.0], [686020.0, 1625500.0], [686020.0, 1625520.0], [686040.0, 1625520.0], [686040.0, 1625540.0], [686060.0, 1625540.0], [686060.0, 1625560.0], [686080.0, 1625560.0], [686080.0, 1625580.0], [686100.0, 1625580.0], [686100.0, 1625600.0], [686140.0, 1625600.0], [686140.0, 1625620.0], [686180.0, 1625620.0], [686180.0, 1625640.0], [686200.0, 1625640.0], [686200.0, 1625660.0], [686240.0, 1625660.0], [686240.0, 1625680.0], [686260.0, 1625680.0], [686260.0, 1625700.0], [686280.0, 1625700.0], [686280.0, 1625680.0], [686300.0, 1625680.0], [686300.0, 1625700.0], [686320.0, 1625700.0], [686320.0, 1625720.0], [686340.0, 1625720.0], [686340.0, 1625700.0], [686360.0, 1625700.0], [686360.0, 1625680.0], [686380.0, 1625680.0], [686380.0, 1625660.0], [686400.0, 1625660.0], [686400.0, 1625640.0], [686420.0, 1625640.0], [686420.0, 1625620.0], [686440.0, 1625620.0], [686440.0, 1625600.0], [686460.0, 1625600.0], [686460.0, 1625580.0], [686480.0, 1625580.0], [686480.0, 1625560.0], [686500.0, 1625560.0], [686500.0, 1625520.0], [686480.0, 1625520.0], [686480.0, 1625480.0], [686500.0, 1625480.0], [686500.0, 1625460.0], [686480.0, 1625460.0], [686480.0, 1625440.0], [686460.0, 1625440.0], [686460.0, 1625400.0], [686480.0, 1625400.0], [686480.0, 1625360.0], [686500.0, 1625360.0], [686500.0, 1625340.0], [686520.0, 1625340.0], [686520.0, 1625320.0], [686540.0, 1625320.0], [686540.0, 1625300.0], [686560.0, 1625300.0], [686560.0, 1625280.0], [686580.0, 1625280.0], [686580.0, 1625260.0], [686620.0, 1625260.0], [686620.0, 1625280.0], [686640.0, 1625280.0], [686640.0, 1625260.0], [686660.0, 1625260.0], [686660.0, 1625240.0], [686680.0, 1625240.0], [686680.0, 1625220.0], [686700.0, 1625220.0], [686700.0, 1625200.0], [686720.0, 1625200.0], [686720.0, 1625160.0], [686740.0, 1625160.0], [686740.0, 1625140.0], [686720.0, 1625140.0], [686720.0, 1625100.0], [686740.0, 1625100.0], [686740.0, 1625060.0], [686760.0, 1625060.0], [686760.0, 1625040.0], [686780.0, 1625040.0], [686780.0, 1625020.0], [686760.0, 1625020.0], [686760.0, 1624940.0], [686780.0, 1624940.0], [686780.0, 1624920.0], [686800.0, 1624920.0], [686800.0, 1624900.0], [686860.0, 1624900.0], [686860.0, 1624920.0], [686880.0, 1624920.0], [686880.0, 1624860.0], [686860.0, 1624860.0], [686860.0, 1624880.0], [686840.0, 1624880.0], [686840.0, 1624860.0], [686820.0, 1624860.0], [686820.0, 1624840.0], [686900.0, 1624840.0], [686900.0, 1624880.0], [686920.0, 1624880.0], [686920.0, 1624860.0], [686940.0, 1624860.0], [686940.0, 1624840.0], [686960.0, 1624840.0], [686960.0, 1624820.0], [686980.0, 1624820.0], [686980.0, 1624760.0], [687000.0, 1624760.0], [687000.0, 1624740.0], [687020.0, 1624740.0], [687020.0, 1624700.0], [687040.0, 1624700.0], [687040.0, 1624680.0], [687060.0, 1624680.0], [687060.0, 1624660.0], [687080.0, 1624660.0], [687080.0, 1624640.0], [687100.0, 1624640.0], [687100.0, 1624620.0], [687120.0, 1624620.0], [687120.0, 1624560.0], [687140.0, 1624560.0], [687140.0, 1624520.0], [687160.0, 1624520.0], [687160.0, 1624500.0], [687180.0, 1624500.0], [687180.0, 1624460.0], [687200.0, 1624460.0], [687200.0, 1624420.0], [687220.0, 1624420.0], [687220.0, 1624380.0], [687360.0, 1624380.0], [687360.0, 1624360.0], [687380.0, 1624360.0], [687380.0, 1624340.0], [687420.0, 1624340.0], [687420.0, 1624320.0], [687440.0, 1624320.0], [687440.0, 1624300.0], [687460.0, 1624300.0], [687460.0, 1624280.0], [687480.0, 1624280.0], [687480.0, 1624260.0], [687500.0, 1624260.0], [687500.0, 1624220.0], [687520.0, 1624220.0], [687520.0, 1624140.0], [687560.0, 1624140.0], [687560.0, 1624120.0], [687580.0, 1624120.0], [687580.0, 1624100.0], [687600.0, 1624100.0], [687600.0, 1624080.0], [687620.0, 1624080.0], [687620.0, 1624060.0], [687640.0, 1624060.0], [687640.0, 1624040.0], [687660.0, 1624040.0], [687660.0, 1624020.0], [687680.0, 1624020.0], [687680.0, 1624000.0], [687760.0, 1624000.0], [687760.0, 1623960.0], [687800.0, 1623960.0], [687800.0, 1623940.0], [687820.0, 1623940.0], [687820.0, 1623920.0], [687840.0, 1623920.0], [687840.0, 1623900.0], [687860.0, 1623900.0], [687860.0, 1623880.0], [687880.0, 1623880.0], [687880.0, 1623820.0], [687900.0, 1623820.0], [687900.0, 1623800.0], [687940.0, 1623800.0], [687940.0, 1623780.0], [687960.0, 1623780.0], [687960.0, 1623760.0], [687940.0, 1623760.0], [687940.0, 1623740.0], [688000.0, 1623740.0], [688000.0, 1623760.0], [688020.0, 1623760.0], [688020.0, 1623720.0], [688040.0, 1623720.0], [688040.0, 1623740.0], [688080.0, 1623740.0], [688080.0, 1623720.0], [688180.0, 1623720.0], [688180.0, 1623700.0], [688200.0, 1623700.0], [688200.0, 1623680.0], [688220.0, 1623680.0], [688220.0, 1623700.0], [688240.0, 1623700.0], [688240.0, 1623680.0], [688300.0, 1623680.0], [688300.0, 1623660.0], [688320.0, 1623660.0], [688320.0, 1623640.0], [688340.0, 1623640.0], [688340.0, 1623660.0], [688360.0, 1623660.0], [688360.0, 1623620.0], [688340.0, 1623620.0], [688340.0, 1623600.0], [688360.0, 1623600.0], [688360.0, 1623580.0], [688380.0, 1623580.0], [688380.0, 1623620.0], [688400.0, 1623620.0], [688400.0, 1623640.0], [688420.0, 1623640.0], [688420.0, 1623620.0], [688440.0, 1623620.0], [688440.0, 1623600.0], [688460.0, 1623600.0], [688460.0, 1623580.0], [688480.0, 1623580.0], [688480.0, 1623560.0], [688500.0, 1623560.0], [688500.0, 1623540.0], [688520.0, 1623540.0], [688520.0, 1623480.0], [688560.0, 1623480.0], [688560.0, 1623500.0], [688700.0, 1623500.0], [688700.0, 1623520.0], [688720.0, 1623520.0], [688720.0, 1623500.0], [688760.0, 1623500.0], [688760.0, 1623480.0], [688800.0, 1623480.0], [688800.0, 1623460.0], [688820.0, 1623460.0], [688820.0, 1623440.0], [688840.0, 1623440.0], [688840.0, 1623420.0], [688860.0, 1623420.0], [688860.0, 1623400.0], [688900.0, 1623400.0], [688900.0, 1623380.0], [688960.0, 1623380.0], [688960.0, 1623360.0], [689000.0, 1623360.0], [689000.0, 1623340.0], [689020.0, 1623340.0], [689020.0, 1623320.0], [689040.0, 1623320.0], [689040.0, 1623300.0], [689060.0, 1623300.0], [689060.0, 1623280.0], [689080.0, 1623280.0], [689080.0, 1623220.0], [689100.0, 1623220.0], [689100.0, 1623180.0], [689120.0, 1623180.0], [689120.0, 1623140.0], [689140.0, 1623140.0], [689140.0, 1623120.0], [689160.0, 1623120.0], [689160.0, 1623080.0], [689180.0, 1623080.0], [689180.0, 1623060.0], [689200.0, 1623060.0], [689200.0, 1623040.0], [689220.0, 1623040.0], [689220.0, 1623020.0], [689240.0, 1623020.0], [689240.0, 1623000.0], [689280.0, 1623000.0], [689280.0, 1622980.0], [689320.0, 1622980.0], [689320.0, 1622960.0], [689340.0, 1622960.0], [689340.0, 1622940.0], [689360.0, 1622940.0], [689360.0, 1622920.0], [689340.0, 1622920.0], [689340.0, 1622900.0], [689320.0, 1622900.0], [689320.0, 1622880.0], [689360.0, 1622880.0], [689360.0, 1622840.0], [689380.0, 1622840.0], [689380.0, 1622860.0], [689400.0, 1622860.0], [689400.0, 1622840.0], [689440.0, 1622840.0], [689440.0, 1622800.0], [689360.0, 1622800.0], [689360.0, 1622740.0], [689400.0, 1622740.0], [689400.0, 1622720.0], [689420.0, 1622720.0], [689420.0, 1622660.0], [689400.0, 1622660.0], [689400.0, 1622640.0], [689380.0, 1622640.0], [689380.0, 1622660.0], [689360.0, 1622660.0], [689360.0, 1622680.0], [689340.0, 1622680.0], [689340.0, 1622620.0], [689320.0, 1622620.0], [689320.0, 1622600.0], [689360.0, 1622600.0], [689360.0, 1622560.0], [689380.0, 1622560.0], [689380.0, 1622540.0], [689400.0, 1622540.0], [689400.0, 1622520.0], [689420.0, 1622520.0], [689420.0, 1622500.0], [689440.0, 1622500.0], [689440.0, 1622460.0], [689460.0, 1622460.0], [689460.0, 1622420.0], [689480.0, 1622420.0], [689480.0, 1622380.0], [689500.0, 1622380.0], [689500.0, 1622360.0], [689520.0, 1622360.0], [689520.0, 1622340.0], [689540.0, 1622340.0], [689540.0, 1622280.0], [689520.0, 1622280.0], [689520.0, 1622260.0], [689500.0, 1622260.0], [689500.0, 1622240.0], [689540.0, 1622240.0], [689540.0, 1622220.0], [689520.0, 1622220.0], [689520.0, 1622140.0], [689500.0, 1622140.0], [689500.0, 1622120.0], [689480.0, 1622120.0], [689480.0, 1622100.0], [689520.0, 1622100.0], [689520.0, 1622080.0], [689560.0, 1622080.0], [689560.0, 1622060.0], [689540.0, 1622060.0], [689540.0, 1622040.0], [689560.0, 1622040.0], [689560.0, 1622020.0], [689580.0, 1622020.0], [689580.0, 1622080.0], [689600.0, 1622080.0], [689600.0, 1622040.0], [689660.0, 1622040.0], [689660.0, 1622020.0], [689680.0, 1622020.0], [689680.0, 1622000.0], [689720.0, 1622000.0], [689720.0, 1621980.0], [689760.0, 1621980.0], [689760.0, 1621960.0], [689780.0, 1621960.0], [689780.0, 1621940.0], [689820.0, 1621940.0], [689820.0, 1621920.0], [689840.0, 1621920.0], [689840.0, 1621900.0], [689860.0, 1621900.0], [689860.0, 1621880.0], [689840.0, 1621880.0], [689840.0, 1621860.0], [689860.0, 1621860.0], [689860.0, 1621840.0], [689840.0, 1621840.0], [689840.0, 1621820.0], [689880.0, 1621820.0], [689880.0, 1621780.0], [689900.0, 1621780.0], [689900.0, 1621760.0], [689880.0, 1621760.0], [689880.0, 1621740.0], [689820.0, 1621740.0], [689820.0, 1621720.0], [689840.0, 1621720.0], [689840.0, 1621700.0], [689820.0, 1621700.0], [689820.0, 1621680.0], [689800.0, 1621680.0], [689800.0, 1621660.0], [689820.0, 1621660.0], [689820.0, 1621640.0], [689800.0, 1621640.0], [689800.0, 1621620.0], [689780.0, 1621620.0], [689780.0, 1621560.0], [689760.0, 1621560.0], [689760.0, 1621600.0], [689740.0, 1621600.0], [689740.0, 1621560.0], [689720.0, 1621560.0], [689720.0, 1621540.0], [689740.0, 1621540.0], [689740.0, 1621520.0], [689700.0, 1621520.0], [689700.0, 1621480.0], [689720.0, 1621480.0], [689720.0, 1621460.0], [689700.0, 1621460.0], [689700.0, 1621380.0], [689720.0, 1621380.0], [689720.0, 1621360.0], [689700.0, 1621360.0], [689700.0, 1621340.0], [689680.0, 1621340.0], [689680.0, 1621300.0], [689700.0, 1621300.0], [689700.0, 1621280.0], [689680.0, 1621280.0], [689680.0, 1621220.0], [689660.0, 1621220.0], [689660.0, 1621180.0], [689640.0, 1621180.0], [689640.0, 1621140.0], [689660.0, 1621140.0], [689660.0, 1621120.0], [689640.0, 1621120.0], [689640.0, 1621100.0], [689620.0, 1621100.0], [689620.0, 1621080.0], [689640.0, 1621080.0], [689640.0, 1621060.0], [689660.0, 1621060.0], [689660.0, 1621040.0], [689700.0, 1621040.0], [689700.0, 1621060.0], [689720.0, 1621060.0], [689720.0, 1621080.0], [689780.0, 1621080.0], [689780.0, 1621040.0], [689800.0, 1621040.0], [689800.0, 1621020.0], [689760.0, 1621020.0], [689760.0, 1621040.0], [689740.0, 1621040.0], [689740.0, 1621020.0], [689700.0, 1621020.0], [689700.0, 1621000.0], [689820.0, 1621000.0], [689820.0, 1621020.0], [689840.0, 1621020.0], [689840.0, 1621000.0], [689860.0, 1621000.0], [689860.0, 1620980.0], [689880.0, 1620980.0], [689880.0, 1621000.0], [689900.0, 1621000.0], [689900.0, 1620940.0], [689920.0, 1620940.0], [689920.0, 1620960.0], [689940.0, 1620960.0], [689940.0, 1620920.0], [689960.0, 1620920.0], [689960.0, 1620900.0], [690000.0, 1620900.0], [690000.0, 1620880.0], [690020.0, 1620880.0], [690020.0, 1620900.0], [690040.0, 1620900.0], [690040.0, 1620880.0], [690060.0, 1620880.0], [690060.0, 1620860.0], [690040.0, 1620860.0], [690040.0, 1620760.0], [690060.0, 1620760.0], [690060.0, 1620820.0], [690080.0, 1620820.0], [690080.0, 1620780.0], [690100.0, 1620780.0], [690100.0, 1620740.0], [690060.0, 1620740.0], [690060.0, 1620720.0], [690120.0, 1620720.0], [690120.0, 1620700.0], [690080.0, 1620700.0], [690080.0, 1620680.0], [690100.0, 1620680.0], [690100.0, 1620660.0], [690120.0, 1620660.0], [690120.0, 1620600.0], [690140.0, 1620600.0], [690140.0, 1620560.0], [690180.0, 1620560.0], [690180.0, 1620540.0], [690160.0, 1620540.0], [690160.0, 1620520.0], [690120.0, 1620520.0], [690120.0, 1620460.0], [690100.0, 1620460.0], [690100.0, 1620440.0], [690060.0, 1620440.0], [690060.0, 1620420.0], [690080.0, 1620420.0], [690080.0, 1620400.0], [690060.0, 1620400.0], [690060.0, 1620380.0], [690040.0, 1620380.0], [690040.0, 1620400.0], [690020.0, 1620400.0], [690020.0, 1620380.0], [689980.0, 1620380.0], [689980.0, 1620360.0], [690020.0, 1620360.0], [690020.0, 1620340.0], [690000.0, 1620340.0], [690000.0, 1620320.0], [689920.0, 1620320.0], [689920.0, 1620280.0], [689860.0, 1620280.0], [689860.0, 1620260.0], [689840.0, 1620260.0], [689840.0, 1620240.0], [689800.0, 1620240.0], [689800.0, 1620260.0], [689780.0, 1620260.0], [689780.0, 1620200.0], [689760.0, 1620200.0], [689760.0, 1620180.0], [689740.0, 1620180.0], [689740.0, 1620120.0], [689720.0, 1620120.0], [689720.0, 1620060.0], [689740.0, 1620060.0], [689740.0, 1620040.0], [689720.0, 1620040.0], [689720.0, 1620020.0], [689700.0, 1620020.0], [689700.0, 1619980.0], [689720.0, 1619980.0], [689720.0, 1619940.0], [689700.0, 1619940.0], [689700.0, 1619840.0], [689680.0, 1619840.0], [689680.0, 1619820.0], [689640.0, 1619820.0], [689640.0, 1619780.0], [689620.0, 1619780.0], [689620.0, 1619720.0], [689600.0, 1619720.0], [689600.0, 1619680.0], [689580.0, 1619680.0], [689580.0, 1619660.0], [689560.0, 1619660.0], [689560.0, 1619640.0], [689600.0, 1619640.0], [689600.0, 1619620.0], [689620.0, 1619620.0], [689620.0, 1619600.0], [689640.0, 1619600.0], [689640.0, 1619560.0], [689660.0, 1619560.0], [689660.0, 1619540.0], [689680.0, 1619540.0], [689680.0, 1619500.0], [689660.0, 1619500.0], [689660.0, 1619520.0], [689620.0, 1619520.0], [689620.0, 1619540.0], [689600.0, 1619540.0], [689600.0, 1619500.0], [689620.0, 1619500.0], [689620.0, 1619460.0], [689640.0, 1619460.0], [689640.0, 1619480.0], [689660.0, 1619480.0], [689660.0, 1619440.0], [689640.0, 1619440.0], [689640.0, 1619400.0], [689620.0, 1619400.0], [689620.0, 1619380.0], [689640.0, 1619380.0], [689640.0, 1619360.0], [689660.0, 1619360.0], [689660.0, 1619400.0], [689680.0, 1619400.0], [689680.0, 1619380.0], [689700.0, 1619380.0], [689700.0, 1619360.0], [689680.0, 1619360.0], [689680.0, 1619320.0], [689660.0, 1619320.0], [689660.0, 1619300.0], [689640.0, 1619300.0], [689640.0, 1619260.0], [689620.0, 1619260.0], [689620.0, 1619280.0], [689600.0, 1619280.0], [689600.0, 1619260.0], [689540.0, 1619260.0], [689540.0, 1619240.0], [689500.0, 1619240.0], [689500.0, 1619220.0], [689480.0, 1619220.0], [689480.0, 1619180.0], [689460.0, 1619180.0], [689460.0, 1619200.0], [689440.0, 1619200.0], [689440.0, 1619180.0], [689420.0, 1619180.0], [689420.0, 1619160.0], [689400.0, 1619160.0], [689400.0, 1619140.0], [689340.0, 1619140.0], [689340.0, 1619120.0], [689280.0, 1619120.0], [689280.0, 1619140.0], [689220.0, 1619140.0], [689220.0, 1619160.0], [689200.0, 1619160.0], [689200.0, 1619200.0], [689240.0, 1619200.0], [689240.0, 1619220.0], [689180.0, 1619220.0], [689180.0, 1619160.0], [689160.0, 1619160.0], [689160.0, 1619140.0], [689180.0, 1619140.0], [689180.0, 1619120.0], [689160.0, 1619120.0], [689160.0, 1619100.0], [689180.0, 1619100.0], [689180.0, 1619080.0], [689200.0, 1619080.0], [689200.0, 1619040.0], [689180.0, 1619040.0], [689180.0, 1619020.0], [689160.0, 1619020.0], [689160.0, 1619000.0], [689140.0, 1619000.0], [689140.0, 1618980.0], [689160.0, 1618980.0], [689160.0, 1618960.0], [689140.0, 1618960.0], [689140.0, 1618920.0], [689120.0, 1618920.0], [689120.0, 1618900.0], [689100.0, 1618900.0], [689100.0, 1618880.0], [689120.0, 1618880.0], [689120.0, 1618860.0], [689100.0, 1618860.0], [689100.0, 1618840.0], [689080.0, 1618840.0], [689080.0, 1618820.0], [689100.0, 1618820.0], [689100.0, 1618800.0], [689080.0, 1618800.0], [689080.0, 1618780.0], [689060.0, 1618780.0], [689060.0, 1618760.0], [689040.0, 1618760.0], [689040.0, 1618720.0], [689020.0, 1618720.0], [689020.0, 1618700.0], [689000.0, 1618700.0], [689000.0, 1618680.0], [688980.0, 1618680.0], [688980.0, 1618660.0], [688960.0, 1618660.0], [688960.0, 1618640.0], [688920.0, 1618640.0], [688920.0, 1618660.0], [688880.0, 1618660.0], [688880.0, 1618640.0], [688840.0, 1618640.0], [688840.0, 1618620.0], [688820.0, 1618620.0], [688820.0, 1618640.0], [688800.0, 1618640.0], [688800.0, 1618600.0], [688780.0, 1618600.0], [688780.0, 1618620.0], [688760.0, 1618620.0], [688760.0, 1618600.0], [688720.0, 1618600.0], [688720.0, 1618580.0], [688700.0, 1618580.0], [688700.0, 1618560.0], [688680.0, 1618560.0], [688680.0, 1618580.0], [688660.0, 1618580.0], [688660.0, 1618560.0], [688640.0, 1618560.0], [688640.0, 1618520.0], [688620.0, 1618520.0], [688620.0, 1618480.0], [688600.0, 1618480.0], [688600.0, 1618460.0], [688580.0, 1618460.0], [688580.0, 1618420.0], [688560.0, 1618420.0], [688560.0, 1618400.0], [688540.0, 1618400.0], [688540.0, 1618380.0], [688520.0, 1618380.0], [688520.0, 1618260.0], [688500.0, 1618260.0], [688500.0, 1618240.0], [688520.0, 1618240.0], [688520.0, 1618220.0], [688500.0, 1618220.0], [688500.0, 1618200.0], [688480.0, 1618200.0], [688480.0, 1618180.0], [688500.0, 1618180.0], [688500.0, 1618140.0], [688480.0, 1618140.0], [688480.0, 1618120.0], [688460.0, 1618120.0], [688460.0, 1618100.0], [688440.0, 1618100.0], [688440.0, 1618080.0], [688420.0, 1618080.0], [688420.0, 1618060.0], [688400.0, 1618060.0], [688400.0, 1618040.0], [688380.0, 1618040.0], [688380.0, 1618020.0], [688360.0, 1618020.0], [688360.0, 1618000.0], [688340.0, 1618000.0], [688340.0, 1617980.0], [688320.0, 1617980.0], [688320.0, 1617960.0], [688300.0, 1617960.0], [688300.0, 1617940.0], [688280.0, 1617940.0], [688280.0, 1617920.0], [688260.0, 1617920.0], [688260.0, 1617900.0], [688200.0, 1617900.0], [688200.0, 1617880.0], [688180.0, 1617880.0], [688180.0, 1617860.0], [688120.0, 1617860.0], [688120.0, 1617840.0], [688060.0, 1617840.0], [688060.0, 1617820.0], [688040.0, 1617820.0], [688040.0, 1617800.0], [688060.0, 1617800.0], [688060.0, 1617780.0], [688080.0, 1617780.0], [688080.0, 1617700.0], [688100.0, 1617700.0], [688100.0, 1617660.0], [688120.0, 1617660.0], [688120.0, 1617580.0], [688140.0, 1617580.0], [688140.0, 1617520.0], [688120.0, 1617520.0], [688120.0, 1617560.0], [688100.0, 1617560.0], [688100.0, 1617480.0], [688120.0, 1617480.0], [688120.0, 1617340.0], [688140.0, 1617340.0], [688140.0, 1617360.0], [688180.0, 1617360.0], [688180.0, 1617320.0], [688160.0, 1617320.0], [688160.0, 1617220.0], [688140.0, 1617220.0], [688140.0, 1617180.0], [688100.0, 1617180.0], [688100.0, 1617140.0], [688120.0, 1617140.0], [688120.0, 1617160.0], [688140.0, 1617160.0], [688140.0, 1617120.0], [688160.0, 1617120.0], [688160.0, 1617060.0], [688140.0, 1617060.0], [688140.0, 1617040.0], [688120.0, 1617040.0], [688120.0, 1616960.0], [688100.0, 1616960.0], [688100.0, 1616940.0], [688120.0, 1616940.0], [688120.0, 1616900.0], [688140.0, 1616900.0], [688140.0, 1616880.0], [688160.0, 1616880.0], [688160.0, 1616900.0], [688180.0, 1616900.0], [688180.0, 1616860.0], [688120.0, 1616860.0], [688120.0, 1616800.0], [688140.0, 1616800.0], [688140.0, 1616780.0], [688100.0, 1616780.0], [688100.0, 1616760.0], [688120.0, 1616760.0], [688120.0, 1616680.0], [688100.0, 1616680.0], [688100.0, 1616620.0], [688120.0, 1616620.0], [688120.0, 1616600.0], [688100.0, 1616600.0], [688100.0, 1616580.0], [688120.0, 1616580.0], [688120.0, 1616540.0], [688100.0, 1616540.0], [688100.0, 1616520.0], [688080.0, 1616520.0], [688080.0, 1616500.0], [688100.0, 1616500.0], [688100.0, 1616460.0], [688120.0, 1616460.0], [688120.0, 1616400.0], [688140.0, 1616400.0], [688140.0, 1616360.0], [688160.0, 1616360.0], [688160.0, 1616320.0], [688220.0, 1616320.0], [688220.0, 1616300.0], [688240.0, 1616300.0], [688240.0, 1616260.0], [688220.0, 1616260.0], [688220.0, 1616240.0], [688180.0, 1616240.0], [688180.0, 1616280.0], [688140.0, 1616280.0], [688140.0, 1616220.0], [688180.0, 1616220.0], [688180.0, 1616200.0], [688260.0, 1616200.0], [688260.0, 1616240.0], [688300.0, 1616240.0], [688300.0, 1616260.0], [688320.0, 1616260.0], [688320.0, 1616280.0], [688340.0, 1616280.0], [688340.0, 1616300.0], [688360.0, 1616300.0], [688360.0, 1616320.0], [688320.0, 1616320.0], [688320.0, 1616300.0], [688300.0, 1616300.0], [688300.0, 1616340.0], [688320.0, 1616340.0], [688320.0, 1616360.0], [688340.0, 1616360.0], [688340.0, 1616380.0], [688360.0, 1616380.0], [688360.0, 1616400.0], [688400.0, 1616400.0], [688400.0, 1616380.0], [688460.0, 1616380.0], [688460.0, 1616400.0], [688500.0, 1616400.0], [688500.0, 1616420.0], [688440.0, 1616420.0], [688440.0, 1616440.0], [688460.0, 1616440.0], [688460.0, 1616460.0], [688480.0, 1616460.0], [688480.0, 1616440.0], [688500.0, 1616440.0], [688500.0, 1616460.0], [688520.0, 1616460.0], [688520.0, 1616440.0], [688540.0, 1616440.0], [688540.0, 1616460.0], [688560.0, 1616460.0], [688560.0, 1616480.0], [688540.0, 1616480.0], [688540.0, 1616500.0], [688560.0, 1616500.0], [688560.0, 1616520.0], [688580.0, 1616520.0], [688580.0, 1616540.0], [688600.0, 1616540.0], [688600.0, 1616560.0], [688620.0, 1616560.0], [688620.0, 1616540.0], [688640.0, 1616540.0], [688640.0, 1616560.0], [688680.0, 1616560.0], [688680.0, 1616580.0], [688640.0, 1616580.0], [688640.0, 1616600.0], [688660.0, 1616600.0], [688660.0, 1616620.0], [688740.0, 1616620.0], [688740.0, 1616640.0], [688700.0, 1616640.0], [688700.0, 1616660.0], [688760.0, 1616660.0], [688760.0, 1616700.0], [688740.0, 1616700.0], [688740.0, 1616720.0], [688760.0, 1616720.0], [688760.0, 1616740.0], [688780.0, 1616740.0], [688780.0, 1616780.0], [688800.0, 1616780.0], [688800.0, 1616820.0], [688820.0, 1616820.0], [688820.0, 1616840.0], [688840.0, 1616840.0], [688840.0, 1616860.0], [688860.0, 1616860.0], [688860.0, 1616880.0], [688880.0, 1616880.0], [688880.0, 1616920.0], [688900.0, 1616920.0], [688900.0, 1616940.0], [688920.0, 1616940.0], [688920.0, 1616980.0], [688940.0, 1616980.0], [688940.0, 1617000.0], [688960.0, 1617000.0], [688960.0, 1616980.0], [689000.0, 1616980.0], [689000.0, 1617000.0], [689020.0, 1617000.0], [689020.0, 1617020.0], [689060.0, 1617020.0], [689060.0, 1617040.0], [689080.0, 1617040.0], [689080.0, 1617000.0], [689100.0, 1617000.0], [689100.0, 1617020.0], [689120.0, 1617020.0], [689120.0, 1617040.0], [689140.0, 1617040.0], [689140.0, 1617060.0], [689160.0, 1617060.0], [689160.0, 1617120.0], [689180.0, 1617120.0], [689180.0, 1617160.0], [689200.0, 1617160.0], [689200.0, 1617200.0], [689180.0, 1617200.0], [689180.0, 1617180.0], [689160.0, 1617180.0], [689160.0, 1617160.0], [689120.0, 1617160.0], [689120.0, 1617140.0], [689140.0, 1617140.0], [689140.0, 1617120.0], [689100.0, 1617120.0], [689100.0, 1617060.0], [689020.0, 1617060.0], [689020.0, 1617080.0], [689040.0, 1617080.0], [689040.0, 1617100.0], [689060.0, 1617100.0], [689060.0, 1617120.0], [689080.0, 1617120.0], [689080.0, 1617140.0], [689100.0, 1617140.0], [689100.0, 1617160.0], [689080.0, 1617160.0], [689080.0, 1617180.0], [689120.0, 1617180.0], [689120.0, 1617240.0], [689140.0, 1617240.0], [689140.0, 1617280.0], [689180.0, 1617280.0], [689180.0, 1617300.0], [689200.0, 1617300.0], [689200.0, 1617320.0], [689220.0, 1617320.0], [689220.0, 1617340.0], [689260.0, 1617340.0], [689260.0, 1617380.0], [689300.0, 1617380.0], [689300.0, 1617360.0], [689340.0, 1617360.0], [689340.0, 1617380.0], [689360.0, 1617380.0], [689360.0, 1617420.0], [689400.0, 1617420.0], [689400.0, 1617440.0], [689420.0, 1617440.0], [689420.0, 1617480.0], [689440.0, 1617480.0], [689440.0, 1617500.0], [689460.0, 1617500.0], [689460.0, 1617540.0], [689480.0, 1617540.0], [689480.0, 1617560.0], [689460.0, 1617560.0], [689460.0, 1617600.0], [689520.0, 1617600.0], [689520.0, 1617620.0], [689480.0, 1617620.0], [689480.0, 1617640.0], [689500.0, 1617640.0], [689500.0, 1617660.0], [689540.0, 1617660.0], [689540.0, 1617700.0], [689560.0, 1617700.0], [689560.0, 1617720.0], [689580.0, 1617720.0], [689580.0, 1617700.0], [689600.0, 1617700.0], [689600.0, 1617720.0], [689640.0, 1617720.0], [689640.0, 1617740.0], [689660.0, 1617740.0], [689660.0, 1617760.0], [689640.0, 1617760.0], [689640.0, 1617780.0], [689660.0, 1617780.0], [689660.0, 1617800.0], [689680.0, 1617800.0], [689680.0, 1617820.0], [689700.0, 1617820.0], [689700.0, 1617840.0], [689720.0, 1617840.0], [689720.0, 1617860.0], [689700.0, 1617860.0], [689700.0, 1617880.0], [689720.0, 1617880.0], [689720.0, 1617900.0], [689740.0, 1617900.0], [689740.0, 1617920.0], [689760.0, 1617920.0], [689760.0, 1617900.0], [689780.0, 1617900.0], [689780.0, 1617940.0], [689800.0, 1617940.0], [689800.0, 1617920.0], [689820.0, 1617920.0], [689820.0, 1617940.0], [689840.0, 1617940.0], [689840.0, 1617960.0], [689860.0, 1617960.0], [689860.0, 1617980.0], [689900.0, 1617980.0], [689900.0, 1618000.0], [689920.0, 1618000.0], [689920.0, 1618040.0], [689940.0, 1618040.0], [689940.0, 1618060.0], [689960.0, 1618060.0], [689960.0, 1618080.0], [689980.0, 1618080.0], [689980.0, 1618100.0], [690000.0, 1618100.0], [690000.0, 1618120.0], [690020.0, 1618120.0], [690020.0, 1618100.0], [690040.0, 1618100.0], [690040.0, 1618060.0], [690080.0, 1618060.0], [690080.0, 1618100.0], [690120.0, 1618100.0], [690120.0, 1618120.0], [690060.0, 1618120.0], [690060.0, 1618140.0], [690100.0, 1618140.0], [690100.0, 1618160.0], [690120.0, 1618160.0], [690120.0, 1618180.0], [690140.0, 1618180.0], [690140.0, 1618220.0], [690160.0, 1618220.0], [690160.0, 1618240.0], [690180.0, 1618240.0], [690180.0, 1618280.0], [690200.0, 1618280.0], [690200.0, 1618300.0], [690220.0, 1618300.0], [690220.0, 1618320.0], [690260.0, 1618320.0], [690260.0, 1618360.0], [690280.0, 1618360.0], [690280.0, 1618400.0], [690360.0, 1618400.0], [690360.0, 1618420.0], [690320.0, 1618420.0], [690320.0, 1618460.0], [690340.0, 1618460.0], [690340.0, 1618480.0], [690360.0, 1618480.0], [690360.0, 1618520.0], [690380.0, 1618520.0], [690380.0, 1618540.0], [690360.0, 1618540.0], [690360.0, 1618560.0], [690280.0, 1618560.0], [690280.0, 1618580.0], [690260.0, 1618580.0], [690260.0, 1618600.0], [690240.0, 1618600.0], [690240.0, 1618580.0], [690180.0, 1618580.0], [690180.0, 1618620.0], [690200.0, 1618620.0], [690200.0, 1618660.0], [690180.0, 1618660.0], [690180.0, 1618640.0], [690160.0, 1618640.0], [690160.0, 1618580.0], [690140.0, 1618580.0], [690140.0, 1618600.0], [690120.0, 1618600.0], [690120.0, 1618620.0], [690100.0, 1618620.0], [690100.0, 1618600.0], [690080.0, 1618600.0], [690080.0, 1618620.0], [690040.0, 1618620.0], [690040.0, 1618640.0], [690020.0, 1618640.0], [690020.0, 1618660.0], [690000.0, 1618660.0], [690000.0, 1618680.0], [689980.0, 1618680.0], [689980.0, 1618700.0], [689960.0, 1618700.0], [689960.0, 1618740.0], [689940.0, 1618740.0], [689940.0, 1618760.0], [689980.0, 1618760.0], [689980.0, 1618800.0], [689960.0, 1618800.0], [689960.0, 1618820.0], [689940.0, 1618820.0], [689940.0, 1618840.0], [689920.0, 1618840.0], [689920.0, 1618860.0], [689960.0, 1618860.0], [689960.0, 1618900.0], [689980.0, 1618900.0], [689980.0, 1618920.0], [690000.0, 1618920.0], [690000.0, 1619000.0], [689980.0, 1619000.0], [689980.0, 1619020.0], [689960.0, 1619020.0], [689960.0, 1619040.0], [689940.0, 1619040.0], [689940.0, 1619060.0], [689960.0, 1619060.0], [689960.0, 1619100.0], [689940.0, 1619100.0], [689940.0, 1619160.0], [689920.0, 1619160.0], [689920.0, 1619200.0], [689940.0, 1619200.0], [689940.0, 1619180.0], [689960.0, 1619180.0], [689960.0, 1619140.0], [689980.0, 1619140.0], [689980.0, 1619160.0], [690000.0, 1619160.0], [690000.0, 1619180.0], [689980.0, 1619180.0], [689980.0, 1619220.0], [689960.0, 1619220.0], [689960.0, 1619260.0], [689940.0, 1619260.0], [689940.0, 1619320.0], [689920.0, 1619320.0], [689920.0, 1619360.0], [689940.0, 1619360.0], [689940.0, 1619380.0], [689960.0, 1619380.0], [689960.0, 1619400.0], [689980.0, 1619400.0], [689980.0, 1619460.0], [690000.0, 1619460.0], [690000.0, 1619480.0], [690020.0, 1619480.0], [690020.0, 1619500.0], [690040.0, 1619500.0], [690040.0, 1619520.0], [690140.0, 1619520.0], [690140.0, 1619500.0], [690160.0, 1619500.0], [690160.0, 1619520.0], [690180.0, 1619520.0], [690180.0, 1619540.0], [690160.0, 1619540.0], [690160.0, 1619560.0], [690180.0, 1619560.0], [690180.0, 1619580.0], [690220.0, 1619580.0], [690220.0, 1619560.0], [690240.0, 1619560.0], [690240.0, 1619600.0], [690220.0, 1619600.0], [690220.0, 1619620.0], [690280.0, 1619620.0], [690280.0, 1619600.0], [690300.0, 1619600.0], [690300.0, 1619580.0], [690320.0, 1619580.0], [690320.0, 1619600.0], [690340.0, 1619600.0], [690340.0, 1619620.0], [690360.0, 1619620.0], [690360.0, 1619600.0], [690380.0, 1619600.0], [690380.0, 1619580.0], [690400.0, 1619580.0], [690400.0, 1619600.0], [690420.0, 1619600.0], [690420.0, 1619580.0], [690440.0, 1619580.0], [690440.0, 1619560.0], [690480.0, 1619560.0], [690480.0, 1619520.0], [690540.0, 1619520.0], [690540.0, 1619540.0], [690560.0, 1619540.0], [690560.0, 1619580.0], [690520.0, 1619580.0], [690520.0, 1619560.0], [690500.0, 1619560.0], [690500.0, 1619600.0], [690560.0, 1619600.0], [690560.0, 1619640.0], [690520.0, 1619640.0], [690520.0, 1619660.0], [690600.0, 1619660.0], [690600.0, 1619680.0], [690580.0, 1619680.0], [690580.0, 1619700.0], [690640.0, 1619700.0], [690640.0, 1619680.0], [690660.0, 1619680.0], [690660.0, 1619720.0], [690680.0, 1619720.0], [690680.0, 1619740.0], [690660.0, 1619740.0], [690660.0, 1619760.0], [690680.0, 1619760.0], [690680.0, 1619780.0], [690640.0, 1619780.0], [690640.0, 1619760.0], [690620.0, 1619760.0], [690620.0, 1619720.0], [690600.0, 1619720.0], [690600.0, 1619760.0], [690580.0, 1619760.0], [690580.0, 1619780.0], [690600.0, 1619780.0], [690600.0, 1619800.0], [690620.0, 1619800.0], [690620.0, 1619840.0], [690680.0, 1619840.0], [690680.0, 1619860.0], [690640.0, 1619860.0], [690640.0, 1619880.0], [690700.0, 1619880.0], [690700.0, 1619900.0], [690680.0, 1619900.0], [690680.0, 1619920.0], [690660.0, 1619920.0], [690660.0, 1619960.0], [690620.0, 1619960.0], [690620.0, 1619940.0], [690600.0, 1619940.0], [690600.0, 1619960.0], [690500.0, 1619960.0], [690500.0, 1619980.0], [690460.0, 1619980.0], [690460.0, 1620000.0], [690440.0, 1620000.0], [690440.0, 1620020.0], [690420.0, 1620020.0], [690420.0, 1620040.0], [690400.0, 1620040.0], [690400.0, 1620100.0], [690380.0, 1620100.0], [690380.0, 1620160.0], [690400.0, 1620160.0], [690400.0, 1620220.0], [690380.0, 1620220.0], [690380.0, 1620180.0], [690360.0, 1620180.0], [690360.0, 1620160.0], [690340.0, 1620160.0], [690340.0, 1620200.0], [690360.0, 1620200.0], [690360.0, 1620240.0], [690340.0, 1620240.0], [690340.0, 1620260.0], [690360.0, 1620260.0], [690360.0, 1620280.0], [690380.0, 1620280.0], [690380.0, 1620260.0], [690400.0, 1620260.0], [690400.0, 1620320.0], [690380.0, 1620320.0], [690380.0, 1620340.0], [690400.0, 1620340.0], [690400.0, 1620400.0], [690420.0, 1620400.0], [690420.0, 1620360.0], [690460.0, 1620360.0], [690460.0, 1620380.0], [690440.0, 1620380.0], [690440.0, 1620420.0], [690460.0, 1620420.0], [690460.0, 1620400.0], [690500.0, 1620400.0], [690500.0, 1620420.0], [690540.0, 1620420.0], [690540.0, 1620440.0], [690560.0, 1620440.0], [690560.0, 1620460.0], [690580.0, 1620460.0], [690580.0, 1620480.0], [690600.0, 1620480.0], [690600.0, 1620500.0], [690620.0, 1620500.0], [690620.0, 1620520.0], [690600.0, 1620520.0], [690600.0, 1620540.0], [690640.0, 1620540.0], [690640.0, 1620560.0], [690660.0, 1620560.0], [690660.0, 1620540.0], [690680.0, 1620540.0], [690680.0, 1620580.0], [690700.0, 1620580.0], [690700.0, 1620600.0], [690720.0, 1620600.0], [690720.0, 1620580.0], [690740.0, 1620580.0], [690740.0, 1620540.0], [690760.0, 1620540.0], [690760.0, 1620580.0], [690800.0, 1620580.0], [690800.0, 1620560.0], [690780.0, 1620560.0], [690780.0, 1620540.0], [690820.0, 1620540.0], [690820.0, 1620560.0], [690840.0, 1620560.0], [690840.0, 1620540.0], [690860.0, 1620540.0], [690860.0, 1620600.0], [690880.0, 1620600.0], [690880.0, 1620560.0], [690900.0, 1620560.0], [690900.0, 1620580.0], [690920.0, 1620580.0], [690920.0, 1620620.0], [690900.0, 1620620.0], [690900.0, 1620640.0], [690880.0, 1620640.0], [690880.0, 1620660.0], [690820.0, 1620660.0], [690820.0, 1620640.0], [690800.0, 1620640.0], [690800.0, 1620660.0], [690760.0, 1620660.0], [690760.0, 1620640.0], [690740.0, 1620640.0], [690740.0, 1620680.0], [690660.0, 1620680.0], [690660.0, 1620700.0], [690640.0, 1620700.0], [690640.0, 1620720.0], [690620.0, 1620720.0], [690620.0, 1620820.0], [690640.0, 1620820.0], [690640.0, 1620880.0], [690620.0, 1620880.0], [690620.0, 1620900.0], [690660.0, 1620900.0], [690660.0, 1620920.0], [690680.0, 1620920.0], [690680.0, 1620940.0], [690660.0, 1620940.0], [690660.0, 1620960.0], [690680.0, 1620960.0], [690680.0, 1620980.0], [690700.0, 1620980.0], [690700.0, 1620960.0], [690720.0, 1620960.0], [690720.0, 1620980.0], [690740.0, 1620980.0], [690740.0, 1621060.0], [690760.0, 1621060.0], [690760.0, 1621100.0], [690780.0, 1621100.0], [690780.0, 1621120.0], [690800.0, 1621120.0], [690800.0, 1621160.0], [690820.0, 1621160.0], [690820.0, 1621240.0], [690840.0, 1621240.0], [690840.0, 1621280.0], [690800.0, 1621280.0], [690800.0, 1621300.0], [690840.0, 1621300.0], [690840.0, 1621340.0], [690880.0, 1621340.0], [690880.0, 1621380.0], [690900.0, 1621380.0], [690900.0, 1621420.0], [690920.0, 1621420.0], [690920.0, 1621440.0], [690900.0, 1621440.0], [690900.0, 1621460.0], [690880.0, 1621460.0], [690880.0, 1621480.0], [690900.0, 1621480.0], [690900.0, 1621560.0], [690880.0, 1621560.0], [690880.0, 1621580.0], [690900.0, 1621580.0], [690900.0, 1621600.0], [690880.0, 1621600.0], [690880.0, 1621640.0], [690860.0, 1621640.0], [690860.0, 1621660.0], [690880.0, 1621660.0], [690880.0, 1621700.0], [690900.0, 1621700.0], [690900.0, 1621680.0], [690920.0, 1621680.0], [690920.0, 1621660.0], [690960.0, 1621660.0], [690960.0, 1621620.0], [690980.0, 1621620.0], [690980.0, 1621600.0], [691020.0, 1621600.0], [691020.0, 1621580.0], [691040.0, 1621580.0], [691040.0, 1621560.0], [691060.0, 1621560.0], [691060.0, 1621540.0], [691080.0, 1621540.0], [691080.0, 1621520.0], [691060.0, 1621520.0], [691060.0, 1621500.0], [691080.0, 1621500.0], [691080.0, 1621480.0], [691100.0, 1621480.0], [691100.0, 1621460.0], [691120.0, 1621460.0], [691120.0, 1621440.0], [691160.0, 1621440.0], [691160.0, 1621460.0], [691180.0, 1621460.0], [691180.0, 1621500.0], [691200.0, 1621500.0], [691200.0, 1621480.0], [691240.0, 1621480.0], [691240.0, 1621440.0], [691220.0, 1621440.0], [691220.0, 1621420.0], [691200.0, 1621420.0], [691200.0, 1621400.0], [691180.0, 1621400.0], [691180.0, 1621360.0], [691160.0, 1621360.0], [691160.0, 1621340.0], [691180.0, 1621340.0], [691180.0, 1621320.0], [691200.0, 1621320.0], [691200.0, 1621300.0], [691220.0, 1621300.0], [691220.0, 1621280.0], [691240.0, 1621280.0], [691240.0, 1621260.0], [691300.0, 1621260.0], [691300.0, 1621240.0], [691320.0, 1621240.0], [691320.0, 1621260.0], [691340.0, 1621260.0], [691340.0, 1621280.0], [691420.0, 1621280.0], [691420.0, 1621300.0], [691480.0, 1621300.0], [691480.0, 1621320.0], [691520.0, 1621320.0], [691520.0, 1621340.0], [691500.0, 1621340.0], [691500.0, 1621380.0], [691460.0, 1621380.0], [691460.0, 1621400.0], [691520.0, 1621400.0], [691520.0, 1621420.0], [691540.0, 1621420.0], [691540.0, 1621440.0], [691520.0, 1621440.0], [691520.0, 1621460.0], [691540.0, 1621460.0], [691540.0, 1621640.0], [691560.0, 1621640.0], [691560.0, 1621700.0], [691460.0, 1621700.0], [691460.0, 1621780.0], [691440.0, 1621780.0], [691440.0, 1621800.0], [691500.0, 1621800.0], [691500.0, 1621780.0], [691600.0, 1621780.0], [691600.0, 1621820.0], [691560.0, 1621820.0], [691560.0, 1621840.0], [691540.0, 1621840.0], [691540.0, 1621880.0], [691500.0, 1621880.0], [691500.0, 1621920.0], [691480.0, 1621920.0], [691480.0, 1621980.0], [691520.0, 1621980.0], [691520.0, 1621960.0], [691560.0, 1621960.0], [691560.0, 1621980.0], [691600.0, 1621980.0], [691600.0, 1621960.0], [691640.0, 1621960.0], [691640.0, 1621940.0], [691680.0, 1621940.0], [691680.0, 1621920.0], [691720.0, 1621920.0], [691720.0, 1621900.0], [691760.0, 1621900.0], [691760.0, 1621880.0], [691800.0, 1621880.0], [691800.0, 1621900.0], [691820.0, 1621900.0], [691820.0, 1621860.0], [691840.0, 1621860.0], [691840.0, 1621880.0], [691880.0, 1621880.0], [691880.0, 1621860.0], [691860.0, 1621860.0], [691860.0, 1621840.0], [691940.0, 1621840.0], [691940.0, 1621860.0], [691900.0, 1621860.0], [691900.0, 1621880.0], [691960.0, 1621880.0], [691960.0, 1621860.0], [691980.0, 1621860.0], [691980.0, 1621820.0], [692040.0, 1621820.0], [692040.0, 1621840.0], [692100.0, 1621840.0], [692100.0, 1621880.0], [692140.0, 1621880.0], [692140.0, 1621900.0], [692020.0, 1621900.0], [692020.0, 1621920.0], [692000.0, 1621920.0], [692000.0, 1621960.0], [691980.0, 1621960.0], [691980.0, 1621980.0], [692000.0, 1621980.0], [692000.0, 1622020.0], [692020.0, 1622020.0], [692020.0, 1622040.0], [692040.0, 1622040.0], [692040.0, 1622060.0], [692060.0, 1622060.0], [692060.0, 1622080.0], [692100.0, 1622080.0], [692100.0, 1622100.0], [692140.0, 1622100.0], [692140.0, 1622140.0], [692160.0, 1622140.0], [692160.0, 1622160.0], [692520.0, 1622160.0], [692520.0, 1622140.0], [692540.0, 1622140.0], [692540.0, 1622160.0], [692560.0, 1622160.0], [692560.0, 1622180.0], [692580.0, 1622180.0], [692580.0, 1622220.0], [692600.0, 1622220.0], [692600.0, 1622200.0], [692620.0, 1622200.0], [692620.0, 1622240.0], [692640.0, 1622240.0], [692640.0, 1622220.0], [692660.0, 1622220.0], [692660.0, 1622240.0], [692680.0, 1622240.0], [692680.0, 1622260.0], [692720.0, 1622260.0], [692720.0, 1622280.0], [692760.0, 1622280.0], [692760.0, 1622320.0], [692780.0, 1622320.0], [692780.0, 1622300.0], [692800.0, 1622300.0], [692800.0, 1622320.0], [692860.0, 1622320.0], [692860.0, 1622340.0], [692880.0, 1622340.0], [692880.0, 1622320.0], [692900.0, 1622320.0], [692900.0, 1622300.0], [692920.0, 1622300.0], [692920.0, 1622280.0], [692960.0, 1622280.0], [692960.0, 1622200.0], [692940.0, 1622200.0], [692940.0, 1622160.0], [692920.0, 1622160.0], [692920.0, 1622120.0], [692860.0, 1622120.0], [692860.0, 1622080.0], [692880.0, 1622080.0], [692880.0, 1622060.0], [692840.0, 1622060.0], [692840.0, 1622100.0], [692820.0, 1622100.0], [692820.0, 1622060.0], [692800.0, 1622060.0], [692800.0, 1622100.0], [692780.0, 1622100.0], [692780.0, 1622080.0], [692760.0, 1622080.0], [692760.0, 1622060.0], [692740.0, 1622060.0], [692740.0, 1622020.0], [692760.0, 1622020.0], [692760.0, 1621960.0], [692840.0, 1621960.0], [692840.0, 1621940.0], [692860.0, 1621940.0], [692860.0, 1621920.0], [692880.0, 1621920.0], [692880.0, 1621900.0], [692900.0, 1621900.0], [692900.0, 1621860.0], [692920.0, 1621860.0], [692920.0, 1621840.0], [692940.0, 1621840.0], [692940.0, 1621880.0], [692980.0, 1621880.0], [692980.0, 1621860.0], [692960.0, 1621860.0], [692960.0, 1621840.0], [693000.0, 1621840.0], [693000.0, 1621820.0], [693020.0, 1621820.0], [693020.0, 1621840.0], [693120.0, 1621840.0], [693120.0, 1621860.0], [693140.0, 1621860.0], [693140.0, 1621840.0], [693160.0, 1621840.0], [693160.0, 1621900.0], [693120.0, 1621900.0], [693120.0, 1621940.0], [693100.0, 1621940.0], [693100.0, 1622000.0], [693120.0, 1622000.0], [693120.0, 1622020.0], [693140.0, 1622020.0], [693140.0, 1622040.0], [693160.0, 1622040.0], [693160.0, 1622100.0], [693140.0, 1622100.0], [693140.0, 1622160.0], [693160.0, 1622160.0], [693160.0, 1622220.0], [693180.0, 1622220.0], [693180.0, 1622240.0], [693220.0, 1622240.0], [693220.0, 1622260.0], [693280.0, 1622260.0], [693280.0, 1622240.0], [693300.0, 1622240.0], [693300.0, 1622220.0], [693320.0, 1622220.0], [693320.0, 1622200.0], [693340.0, 1622200.0], [693340.0, 1622180.0], [693400.0, 1622180.0], [693400.0, 1622160.0], [693440.0, 1622160.0], [693440.0, 1622120.0], [693460.0, 1622120.0], [693460.0, 1622140.0], [693580.0, 1622140.0], [693580.0, 1622120.0], [693600.0, 1622120.0], [693600.0, 1622160.0], [693620.0, 1622160.0], [693620.0, 1622140.0], [693640.0, 1622140.0], [693640.0, 1622160.0], [693680.0, 1622160.0], [693680.0, 1622140.0], [693700.0, 1622140.0], [693700.0, 1622160.0], [693720.0, 1622160.0], [693720.0, 1622120.0], [693740.0, 1622120.0], [693740.0, 1622100.0], [693760.0, 1622100.0], [693760.0, 1622080.0], [693780.0, 1622080.0], [693780.0, 1622100.0], [693800.0, 1622100.0], [693800.0, 1622080.0], [693820.0, 1622080.0], [693820.0, 1622060.0], [693780.0, 1622060.0], [693780.0, 1622040.0], [693800.0, 1622040.0], [693800.0, 1622020.0], [693860.0, 1622020.0], [693860.0, 1622040.0], [693880.0, 1622040.0], [693880.0, 1622060.0], [693900.0, 1622060.0], [693900.0, 1622120.0], [693920.0, 1622120.0], [693920.0, 1622140.0], [693940.0, 1622140.0], [693940.0, 1622160.0], [693920.0, 1622160.0], [693920.0, 1622220.0], [693900.0, 1622220.0], [693900.0, 1622240.0], [693920.0, 1622240.0], [693920.0, 1622260.0], [693900.0, 1622260.0], [693900.0, 1622340.0], [693920.0, 1622340.0], [693920.0, 1622380.0], [693940.0, 1622380.0], [693940.0, 1622400.0], [693960.0, 1622400.0], [693960.0, 1622460.0], [693940.0, 1622460.0], [693940.0, 1622500.0], [693920.0, 1622500.0], [693920.0, 1622540.0], [693900.0, 1622540.0], [693900.0, 1622560.0], [693920.0, 1622560.0], [693920.0, 1622600.0], [693900.0, 1622600.0], [693900.0, 1622620.0], [693920.0, 1622620.0], [693920.0, 1622660.0], [693940.0, 1622660.0], [693940.0, 1622720.0], [693960.0, 1622720.0], [693960.0, 1622760.0], [693980.0, 1622760.0], [693980.0, 1622780.0], [694000.0, 1622780.0], [694000.0, 1622800.0], [694020.0, 1622800.0], [694020.0, 1622820.0], [694080.0, 1622820.0], [694080.0, 1622840.0], [694100.0, 1622840.0], [694100.0, 1622860.0], [694120.0, 1622860.0], [694120.0, 1622880.0], [694200.0, 1622880.0], [694200.0, 1622900.0], [694240.0, 1622900.0], [694240.0, 1622920.0], [694280.0, 1622920.0], [694280.0, 1622900.0], [694320.0, 1622900.0], [694320.0, 1622920.0], [694340.0, 1622920.0], [694340.0, 1622900.0], [694380.0, 1622900.0], [694380.0, 1622880.0], [694420.0, 1622880.0], [694420.0, 1622900.0], [694460.0, 1622900.0], [694460.0, 1622880.0], [694440.0, 1622880.0], [694440.0, 1622860.0], [694460.0, 1622860.0], [694460.0, 1622840.0], [694480.0, 1622840.0], [694480.0, 1622820.0], [694540.0, 1622820.0], [694540.0, 1622900.0], [694500.0, 1622900.0], [694500.0, 1622920.0], [694560.0, 1622920.0], [694560.0, 1622940.0], [694580.0, 1622940.0], [694580.0, 1622980.0], [694660.0, 1622980.0], [694660.0, 1622960.0], [694700.0, 1622960.0], [694700.0, 1622940.0], [694720.0, 1622940.0], [694720.0, 1622920.0], [694760.0, 1622920.0], [694760.0, 1622900.0], [694780.0, 1622900.0], [694780.0, 1622880.0], [694820.0, 1622880.0], [694820.0, 1622900.0], [694840.0, 1622900.0], [694840.0, 1622880.0], [694860.0, 1622880.0], [694860.0, 1622860.0], [694880.0, 1622860.0], [694880.0, 1622880.0], [694960.0, 1622880.0], [694960.0, 1622860.0], [695020.0, 1622860.0], [695020.0, 1622880.0], [695080.0, 1622880.0], [695080.0, 1622860.0], [695140.0, 1622860.0], [695140.0, 1622880.0], [695160.0, 1622880.0], [695160.0, 1622940.0], [695200.0, 1622940.0], [695200.0, 1622960.0], [695220.0, 1622960.0], [695220.0, 1622980.0], [695240.0, 1622980.0], [695240.0, 1623000.0], [695300.0, 1623000.0], [695300.0, 1623040.0], [695320.0, 1623040.0], [695320.0, 1623020.0], [695380.0, 1623020.0], [695380.0, 1623040.0], [695400.0, 1623040.0], [695400.0, 1623080.0], [695480.0, 1623080.0], [695480.0, 1623100.0], [695520.0, 1623100.0], [695520.0, 1623120.0], [695580.0, 1623120.0], [695580.0, 1623100.0], [695620.0, 1623100.0], [695620.0, 1623080.0], [695680.0, 1623080.0], [695680.0, 1623060.0], [695700.0, 1623060.0], [695700.0, 1623020.0], [695760.0, 1623020.0], [695760.0, 1623000.0], [695780.0, 1623000.0], [695780.0, 1622980.0], [695800.0, 1622980.0], [695800.0, 1622960.0], [695820.0, 1622960.0], [695820.0, 1622940.0], [695840.0, 1622940.0], [695840.0, 1622960.0], [695860.0, 1622960.0], [695860.0, 1622980.0], [695900.0, 1622980.0], [695900.0, 1623000.0], [695920.0, 1623000.0], [695920.0, 1623020.0], [695940.0, 1623020.0], [695940.0, 1623080.0], [696000.0, 1623080.0], [696000.0, 1623020.0], [695980.0, 1623020.0], [695980.0, 1622960.0], [696000.0, 1622960.0], [696000.0, 1622980.0], [696020.0, 1622980.0], [696020.0, 1623000.0], [696040.0, 1623000.0], [696040.0, 1622980.0], [696060.0, 1622980.0], [696060.0, 1623000.0], [696080.0, 1623000.0], [696080.0, 1623040.0], [696100.0, 1623040.0], [696100.0, 1623060.0], [696120.0, 1623060.0], [696120.0, 1623080.0], [696140.0, 1623080.0], [696140.0, 1623060.0], [696260.0, 1623060.0], [696260.0, 1623040.0], [696320.0, 1623040.0], [696320.0, 1623020.0], [696340.0, 1623020.0], [696340.0, 1622980.0], [696360.0, 1622980.0], [696360.0, 1622960.0], [696340.0, 1622960.0], [696340.0, 1622940.0], [696360.0, 1622940.0], [696360.0, 1622920.0], [696380.0, 1622920.0], [696380.0, 1622900.0], [696420.0, 1622900.0], [696420.0, 1622940.0], [696440.0, 1622940.0], [696440.0, 1622960.0], [696460.0, 1622960.0], [696460.0, 1623000.0], [696500.0, 1623000.0], [696500.0, 1623020.0], [696520.0, 1623020.0], [696520.0, 1623040.0], [696540.0, 1623040.0], [696540.0, 1623080.0], [696560.0, 1623080.0], [696560.0, 1623060.0], [696580.0, 1623060.0], [696580.0, 1623080.0], [696620.0, 1623080.0], [696620.0, 1623100.0], [696660.0, 1623100.0], [696660.0, 1623080.0], [696780.0, 1623080.0], [696780.0, 1623100.0], [696740.0, 1623100.0], [696740.0, 1623120.0], [696780.0, 1623120.0], [696780.0, 1623140.0], [696800.0, 1623140.0], [696800.0, 1623180.0], [696820.0, 1623180.0], [696820.0, 1623200.0], [696800.0, 1623200.0], [696800.0, 1623220.0], [696780.0, 1623220.0], [696780.0, 1623260.0], [696760.0, 1623260.0], [696760.0, 1623300.0], [696780.0, 1623300.0], [696780.0, 1623320.0], [696860.0, 1623320.0], [696860.0, 1623300.0], [696880.0, 1623300.0], [696880.0, 1623280.0], [696900.0, 1623280.0], [696900.0, 1623220.0], [696920.0, 1623220.0], [696920.0, 1623240.0], [696960.0, 1623240.0], [696960.0, 1623260.0], [697000.0, 1623260.0], [697000.0, 1623200.0], [697040.0, 1623200.0], [697040.0, 1623180.0], [697020.0, 1623180.0], [697020.0, 1623160.0], [697040.0, 1623160.0], [697040.0, 1623120.0], [697080.0, 1623120.0], [697080.0, 1623160.0], [697060.0, 1623160.0], [697060.0, 1623180.0], [697100.0, 1623180.0], [697100.0, 1623200.0], [697120.0, 1623200.0], [697120.0, 1623240.0], [697140.0, 1623240.0], [697140.0, 1623260.0], [697160.0, 1623260.0], [697160.0, 1623240.0], [697180.0, 1623240.0], [697180.0, 1623260.0], [697200.0, 1623260.0], [697200.0, 1623280.0], [697240.0, 1623280.0], [697240.0, 1623300.0], [697340.0, 1623300.0], [697340.0, 1623320.0], [697380.0, 1623320.0], [697380.0, 1623340.0], [697400.0, 1623340.0], [697400.0, 1623360.0], [697420.0, 1623360.0], [697420.0, 1623340.0], [697440.0, 1623340.0], [697440.0, 1623320.0], [697500.0, 1623320.0], [697500.0, 1623300.0], [697540.0, 1623300.0], [697540.0, 1623260.0], [697560.0, 1623260.0], [697560.0, 1623240.0], [697580.0, 1623240.0], [697580.0, 1623200.0], [697600.0, 1623200.0], [697600.0, 1623160.0], [697640.0, 1623160.0], [697640.0, 1623140.0], [697600.0, 1623140.0], [697600.0, 1623120.0], [697640.0, 1623120.0], [697640.0, 1623100.0], [697620.0, 1623100.0], [697620.0, 1623080.0], [697640.0, 1623080.0], [697640.0, 1623040.0], [697660.0, 1623040.0], [697660.0, 1623000.0], [697680.0, 1623000.0], [697680.0, 1622980.0], [697700.0, 1622980.0], [697700.0, 1622960.0], [697720.0, 1622960.0], [697720.0, 1622900.0], [697700.0, 1622900.0], [697700.0, 1622880.0], [697740.0, 1622880.0], [697740.0, 1622860.0], [697720.0, 1622860.0], [697720.0, 1622820.0], [697700.0, 1622820.0], [697700.0, 1622780.0], [697680.0, 1622780.0], [697680.0, 1622760.0], [697660.0, 1622760.0], [697660.0, 1622720.0], [697640.0, 1622720.0], [697640.0, 1622700.0], [697660.0, 1622700.0], [697660.0, 1622680.0], [697640.0, 1622680.0], [697640.0, 1622500.0], [697660.0, 1622500.0], [697660.0, 1622480.0], [697640.0, 1622480.0], [697640.0, 1622440.0], [697700.0, 1622440.0], [697700.0, 1622420.0], [697720.0, 1622420.0], [697720.0, 1622400.0], [697760.0, 1622400.0], [697760.0, 1622380.0], [697740.0, 1622380.0], [697740.0, 1622360.0], [697760.0, 1622360.0], [697760.0, 1622340.0], [697780.0, 1622340.0], [697780.0, 1622320.0], [697760.0, 1622320.0], [697760.0, 1622260.0], [697800.0, 1622260.0], [697800.0, 1622220.0], [697860.0, 1622220.0], [697860.0, 1622200.0], [697900.0, 1622200.0], [697900.0, 1622220.0], [697940.0, 1622220.0], [697940.0, 1622240.0], [697960.0, 1622240.0], [697960.0, 1622280.0], [698000.0, 1622280.0], [698000.0, 1622300.0], [698020.0, 1622300.0], [698020.0, 1622320.0], [698080.0, 1622320.0], [698080.0, 1622340.0], [698140.0, 1622340.0], [698140.0, 1622360.0], [698180.0, 1622360.0], [698180.0, 1622340.0], [698200.0, 1622340.0], [698200.0, 1622260.0], [698180.0, 1622260.0], [698180.0, 1622200.0], [698160.0, 1622200.0], [698160.0, 1622180.0], [698180.0, 1622180.0], [698180.0, 1622160.0], [698160.0, 1622160.0], [698160.0, 1622120.0], [698200.0, 1622120.0], [698200.0, 1622100.0], [698160.0, 1622100.0], [698160.0, 1622060.0], [698180.0, 1622060.0], [698180.0, 1622040.0], [698240.0, 1622040.0], [698240.0, 1622020.0], [698300.0, 1622020.0], [698300.0, 1622060.0], [698320.0, 1622060.0], [698320.0, 1622080.0], [698340.0, 1622080.0], [698340.0, 1622100.0], [698360.0, 1622100.0], [698360.0, 1622140.0], [698400.0, 1622140.0], [698400.0, 1622120.0], [698420.0, 1622120.0], [698420.0, 1622080.0], [698400.0, 1622080.0], [698400.0, 1622060.0], [698420.0, 1622060.0], [698420.0, 1622040.0], [698400.0, 1622040.0], [698400.0, 1622020.0], [698380.0, 1622020.0], [698380.0, 1621940.0], [698360.0, 1621940.0], [698360.0, 1621880.0], [698380.0, 1621880.0], [698380.0, 1621800.0], [698340.0, 1621800.0], [698340.0, 1621780.0], [698320.0, 1621780.0], [698320.0, 1621760.0], [698300.0, 1621760.0], [698300.0, 1621720.0], [698320.0, 1621720.0], [698320.0, 1621700.0], [698400.0, 1621700.0], [698400.0, 1621720.0], [698440.0, 1621720.0], [698440.0, 1621740.0], [698460.0, 1621740.0], [698460.0, 1621760.0], [698500.0, 1621760.0], [698500.0, 1621820.0], [698540.0, 1621820.0], [698540.0, 1621800.0], [698560.0, 1621800.0], [698560.0, 1621820.0], [698580.0, 1621820.0], [698580.0, 1621840.0], [698600.0, 1621840.0], [698600.0, 1621860.0], [698620.0, 1621860.0], [698620.0, 1621880.0], [698640.0, 1621880.0], [698640.0, 1621900.0], [698660.0, 1621900.0], [698660.0, 1621960.0], [698700.0, 1621960.0], [698700.0, 1622000.0], [698680.0, 1622000.0], [698680.0, 1622040.0], [698700.0, 1622040.0], [698700.0, 1622080.0], [698720.0, 1622080.0], [698720.0, 1622140.0], [698740.0, 1622140.0], [698740.0, 1622180.0], [698720.0, 1622180.0], [698720.0, 1622200.0], [698740.0, 1622200.0], [698740.0, 1622220.0], [698760.0, 1622220.0], [698760.0, 1622200.0], [698840.0, 1622200.0], [698840.0, 1622220.0], [698820.0, 1622220.0], [698820.0, 1622240.0], [698840.0, 1622240.0], [698840.0, 1622260.0], [698860.0, 1622260.0], [698860.0, 1622280.0], [698880.0, 1622280.0], [698880.0, 1622320.0], [698900.0, 1622320.0], [698900.0, 1622340.0], [698920.0, 1622340.0], [698920.0, 1622360.0], [698960.0, 1622360.0], [698960.0, 1622380.0], [699000.0, 1622380.0], [699000.0, 1622360.0], [699020.0, 1622360.0], [699020.0, 1622320.0], [699000.0, 1622320.0], [699000.0, 1622260.0], [699020.0, 1622260.0], [699020.0, 1622240.0], [699000.0, 1622240.0], [699000.0, 1622220.0], [698980.0, 1622220.0], [698980.0, 1622160.0], [699060.0, 1622160.0], [699060.0, 1622120.0], [699100.0, 1622120.0], [699100.0, 1622100.0], [699140.0, 1622100.0], [699140.0, 1622080.0], [699160.0, 1622080.0], [699160.0, 1622100.0], [699180.0, 1622100.0], [699180.0, 1622080.0], [699200.0, 1622080.0], [699200.0, 1622040.0], [699220.0, 1622040.0], [699220.0, 1622080.0], [699240.0, 1622080.0], [699240.0, 1622060.0], [699260.0, 1622060.0], [699260.0, 1622040.0], [699240.0, 1622040.0], [699240.0, 1622020.0], [699260.0, 1622020.0], [699260.0, 1621980.0], [699240.0, 1621980.0], [699240.0, 1621940.0], [699220.0, 1621940.0], [699220.0, 1621920.0], [699200.0, 1621920.0], [699200.0, 1621900.0], [699160.0, 1621900.0], [699160.0, 1621880.0], [699200.0, 1621880.0], [699200.0, 1621860.0], [699240.0, 1621860.0], [699240.0, 1621840.0], [699200.0, 1621840.0], [699200.0, 1621820.0], [699240.0, 1621820.0], [699240.0, 1621780.0], [699220.0, 1621780.0], [699220.0, 1621740.0], [699200.0, 1621740.0], [699200.0, 1621720.0], [699180.0, 1621720.0], [699180.0, 1621700.0], [699140.0, 1621700.0], [699140.0, 1621680.0], [699120.0, 1621680.0], [699120.0, 1621660.0], [699140.0, 1621660.0], [699140.0, 1621640.0], [699160.0, 1621640.0], [699160.0, 1621600.0], [699140.0, 1621600.0], [699140.0, 1621580.0], [699080.0, 1621580.0], [699080.0, 1621560.0], [699100.0, 1621560.0], [699100.0, 1621540.0], [699080.0, 1621540.0], [699080.0, 1621520.0], [699060.0, 1621520.0], [699060.0, 1621480.0], [699040.0, 1621480.0], [699040.0, 1621440.0], [699020.0, 1621440.0], [699020.0, 1621420.0], [699000.0, 1621420.0], [699000.0, 1621400.0], [698980.0, 1621400.0], [698980.0, 1621420.0], [698960.0, 1621420.0], [698960.0, 1621380.0], [699020.0, 1621380.0], [699020.0, 1621360.0], [699080.0, 1621360.0], [699080.0, 1621380.0], [699120.0, 1621380.0], [699120.0, 1621400.0], [699160.0, 1621400.0], [699160.0, 1621420.0], [699220.0, 1621420.0], [699220.0, 1621400.0], [699240.0, 1621400.0], [699240.0, 1621360.0], [699220.0, 1621360.0], [699220.0, 1621340.0], [699160.0, 1621340.0], [699160.0, 1621300.0], [699140.0, 1621300.0], [699140.0, 1621280.0], [699120.0, 1621280.0], [699120.0, 1621300.0], [699100.0, 1621300.0], [699100.0, 1621280.0], [699060.0, 1621280.0], [699060.0, 1621200.0], [699080.0, 1621200.0], [699080.0, 1621140.0], [699120.0, 1621140.0], [699120.0, 1621080.0], [699160.0, 1621080.0], [699160.0, 1621120.0], [699140.0, 1621120.0], [699140.0, 1621140.0], [699180.0, 1621140.0], [699180.0, 1621120.0], [699220.0, 1621120.0], [699220.0, 1621100.0], [699280.0, 1621100.0], [699280.0, 1621060.0], [699300.0, 1621060.0], [699300.0, 1621100.0], [699340.0, 1621100.0], [699340.0, 1621080.0], [699320.0, 1621080.0], [699320.0, 1621040.0], [699420.0, 1621040.0], [699420.0, 1621060.0], [699380.0, 1621060.0], [699380.0, 1621080.0], [699440.0, 1621080.0], [699440.0, 1621060.0], [699500.0, 1621060.0], [699500.0, 1621040.0], [699560.0, 1621040.0], [699560.0, 1621020.0], [699580.0, 1621020.0], [699580.0, 1621060.0], [699600.0, 1621060.0], [699600.0, 1621080.0], [699620.0, 1621080.0], [699620.0, 1621040.0], [699640.0, 1621040.0], [699640.0, 1621020.0], [699680.0, 1621020.0], [699680.0, 1620980.0], [699760.0, 1620980.0], [699760.0, 1620960.0], [699780.0, 1620960.0], [699780.0, 1620940.0], [699840.0, 1620940.0], [699840.0, 1620920.0], [699860.0, 1620920.0], [699860.0, 1620880.0], [699880.0, 1620880.0], [699880.0, 1620860.0], [699900.0, 1620860.0], [699900.0, 1620840.0], [699920.0, 1620840.0], [699920.0, 1620880.0], [699900.0, 1620880.0], [699900.0, 1620900.0], [699940.0, 1620900.0], [699940.0, 1620860.0], [699980.0, 1620860.0], [699980.0, 1620840.0], [699960.0, 1620840.0], [699960.0, 1620800.0], [699980.0, 1620800.0], [699980.0, 1620780.0], [699900.0, 1620780.0], [699900.0, 1620740.0], [699880.0, 1620740.0], [699880.0, 1620720.0], [699920.0, 1620720.0], [699920.0, 1620740.0], [699960.0, 1620740.0], [699960.0, 1620720.0], [699940.0, 1620720.0], [699940.0, 1620700.0], [699980.0, 1620700.0], [699980.0, 1620680.0], [700020.0, 1620680.0], [700020.0, 1620660.0], [700040.0, 1620660.0], [700040.0, 1620680.0], [700060.0, 1620680.0], [700060.0, 1620640.0], [700080.0, 1620640.0], [700080.0, 1620660.0], [700100.0, 1620660.0], [700100.0, 1620620.0], [700120.0, 1620620.0], [700120.0, 1620560.0], [700140.0, 1620560.0], [700140.0, 1620500.0], [700120.0, 1620500.0], [700120.0, 1620420.0], [700100.0, 1620420.0], [700100.0, 1620400.0], [700140.0, 1620400.0], [700140.0, 1620380.0], [700160.0, 1620380.0], [700160.0, 1620340.0], [700180.0, 1620340.0], [700180.0, 1620320.0], [700160.0, 1620320.0], [700160.0, 1620300.0], [700140.0, 1620300.0], [700140.0, 1620240.0], [700160.0, 1620240.0], [700160.0, 1620180.0], [700140.0, 1620180.0], [700140.0, 1620160.0], [700120.0, 1620160.0], [700120.0, 1620100.0], [700100.0, 1620100.0], [700100.0, 1620120.0], [700080.0, 1620120.0], [700080.0, 1620160.0], [700060.0, 1620160.0], [700060.0, 1620100.0], [700080.0, 1620100.0], [700080.0, 1620080.0], [700100.0, 1620080.0], [700100.0, 1619980.0], [700120.0, 1619980.0], [700120.0, 1620000.0], [700160.0, 1620000.0], [700160.0, 1619980.0], [700200.0, 1619980.0], [700200.0, 1620000.0], [700220.0, 1620000.0], [700220.0, 1619980.0], [700240.0, 1619980.0], [700240.0, 1619960.0], [700280.0, 1619960.0], [700280.0, 1619920.0], [700300.0, 1619920.0], [700300.0, 1619900.0], [700380.0, 1619900.0], [700380.0, 1619880.0], [700400.0, 1619880.0], [700400.0, 1619860.0], [700420.0, 1619860.0], [700420.0, 1619840.0], [700440.0, 1619840.0], [700440.0, 1619760.0], [700420.0, 1619760.0], [700420.0, 1619660.0], [700360.0, 1619660.0], [700360.0, 1619640.0], [700340.0, 1619640.0], [700340.0, 1619620.0], [700300.0, 1619620.0], [700300.0, 1619580.0], [700200.0, 1619580.0], [700200.0, 1619600.0], [700180.0, 1619600.0], [700180.0, 1619620.0], [700140.0, 1619620.0], [700140.0, 1619640.0], [700120.0, 1619640.0], [700120.0, 1619620.0], [700100.0, 1619620.0], [700100.0, 1619500.0], [700080.0, 1619500.0], [700080.0, 1619480.0], [700100.0, 1619480.0], [700100.0, 1619460.0], [700060.0, 1619460.0], [700060.0, 1619420.0], [700040.0, 1619420.0], [700040.0, 1619400.0], [700020.0, 1619400.0], [700020.0, 1619360.0], [700040.0, 1619360.0], [700040.0, 1619280.0], [700000.0, 1619280.0], [700000.0, 1619300.0], [699960.0, 1619300.0], [699960.0, 1619200.0], [700000.0, 1619200.0], [700000.0, 1619220.0], [700040.0, 1619220.0], [700040.0, 1619240.0], [700080.0, 1619240.0], [700080.0, 1619260.0], [700140.0, 1619260.0], [700140.0, 1619280.0], [700200.0, 1619280.0], [700200.0, 1619300.0], [700140.0, 1619300.0], [700140.0, 1619320.0], [700120.0, 1619320.0], [700120.0, 1619300.0], [700100.0, 1619300.0], [700100.0, 1619280.0], [700060.0, 1619280.0], [700060.0, 1619340.0], [700080.0, 1619340.0], [700080.0, 1619380.0], [700120.0, 1619380.0], [700120.0, 1619360.0], [700180.0, 1619360.0], [700180.0, 1619340.0], [700220.0, 1619340.0], [700220.0, 1619320.0], [700240.0, 1619320.0], [700240.0, 1619300.0], [700300.0, 1619300.0], [700300.0, 1619280.0], [700320.0, 1619280.0], [700320.0, 1619260.0], [700300.0, 1619260.0], [700300.0, 1619240.0], [700260.0, 1619240.0], [700260.0, 1619220.0], [700300.0, 1619220.0], [700300.0, 1619200.0], [700360.0, 1619200.0], [700360.0, 1619180.0], [700380.0, 1619180.0], [700380.0, 1619140.0], [700400.0, 1619140.0], [700400.0, 1619120.0], [700420.0, 1619120.0], [700420.0, 1619100.0], [700440.0, 1619100.0], [700440.0, 1619060.0], [700460.0, 1619060.0], [700460.0, 1618980.0], [700480.0, 1618980.0], [700480.0, 1618920.0], [700460.0, 1618920.0], [700460.0, 1618880.0], [700440.0, 1618880.0], [700440.0, 1618840.0], [700460.0, 1618840.0], [700460.0, 1618820.0], [700480.0, 1618820.0], [700480.0, 1618840.0], [700500.0, 1618840.0], [700500.0, 1618860.0], [700520.0, 1618860.0], [700520.0, 1618800.0], [700540.0, 1618800.0], [700540.0, 1618820.0], [700580.0, 1618820.0], [700580.0, 1618860.0], [700600.0, 1618860.0], [700600.0, 1619000.0], [700620.0, 1619000.0], [700620.0, 1619040.0], [700580.0, 1619040.0], [700580.0, 1619060.0], [700540.0, 1619060.0], [700540.0, 1618980.0], [700520.0, 1618980.0], [700520.0, 1618940.0], [700540.0, 1618940.0], [700540.0, 1618880.0], [700500.0, 1618880.0], [700500.0, 1619000.0], [700480.0, 1619000.0], [700480.0, 1619020.0], [700500.0, 1619020.0], [700500.0, 1619080.0], [700520.0, 1619080.0], [700520.0, 1619120.0], [700540.0, 1619120.0], [700540.0, 1619100.0], [700580.0, 1619100.0], [700580.0, 1619080.0], [700600.0, 1619080.0], [700600.0, 1619100.0], [700620.0, 1619100.0], [700620.0, 1619080.0], [700660.0, 1619080.0], [700660.0, 1619100.0], [700680.0, 1619100.0], [700680.0, 1619140.0], [700700.0, 1619140.0], [700700.0, 1619180.0], [700740.0, 1619180.0], [700740.0, 1619200.0], [700760.0, 1619200.0], [700760.0, 1619220.0], [700780.0, 1619220.0], [700780.0, 1619240.0], [700800.0, 1619240.0], [700800.0, 1619260.0], [700740.0, 1619260.0], [700740.0, 1619300.0], [700800.0, 1619300.0], [700800.0, 1619320.0], [700760.0, 1619320.0], [700760.0, 1619400.0], [700740.0, 1619400.0], [700740.0, 1619480.0], [700720.0, 1619480.0], [700720.0, 1619560.0], [700740.0, 1619560.0], [700740.0, 1619580.0], [700760.0, 1619580.0], [700760.0, 1619600.0], [700820.0, 1619600.0], [700820.0, 1619620.0], [700800.0, 1619620.0], [700800.0, 1619640.0], [700840.0, 1619640.0], [700840.0, 1619680.0], [700820.0, 1619680.0], [700820.0, 1619660.0], [700800.0, 1619660.0], [700800.0, 1619700.0], [700820.0, 1619700.0], [700820.0, 1619740.0], [700860.0, 1619740.0], [700860.0, 1619760.0], [700840.0, 1619760.0], [700840.0, 1619780.0], [700800.0, 1619780.0], [700800.0, 1619800.0], [700820.0, 1619800.0], [700820.0, 1619820.0], [700840.0, 1619820.0], [700840.0, 1619840.0], [700860.0, 1619840.0], [700860.0, 1619860.0], [700880.0, 1619860.0], [700880.0, 1619880.0], [700900.0, 1619880.0], [700900.0, 1619900.0], [700920.0, 1619900.0], [700920.0, 1619920.0], [700940.0, 1619920.0], [700940.0, 1619940.0], [700960.0, 1619940.0], [700960.0, 1619960.0], [701000.0, 1619960.0], [701000.0, 1619940.0], [701060.0, 1619940.0], [701060.0, 1619960.0], [701080.0, 1619960.0], [701080.0, 1619980.0], [701100.0, 1619980.0], [701100.0, 1620000.0], [701120.0, 1620000.0], [701120.0, 1620120.0], [701100.0, 1620120.0], [701100.0, 1620140.0], [701080.0, 1620140.0], [701080.0, 1620160.0], [701060.0, 1620160.0], [701060.0, 1620220.0], [701040.0, 1620220.0], [701040.0, 1620200.0], [701020.0, 1620200.0], [701020.0, 1620240.0], [701000.0, 1620240.0], [701000.0, 1620260.0], [700980.0, 1620260.0], [700980.0, 1620280.0], [700960.0, 1620280.0], [700960.0, 1620320.0], [701020.0, 1620320.0], [701020.0, 1620340.0], [701000.0, 1620340.0], [701000.0, 1620360.0], [700960.0, 1620360.0], [700960.0, 1620340.0], [700940.0, 1620340.0], [700940.0, 1620360.0], [700920.0, 1620360.0], [700920.0, 1620400.0], [700900.0, 1620400.0], [700900.0, 1620420.0], [700880.0, 1620420.0], [700880.0, 1620440.0], [700900.0, 1620440.0], [700900.0, 1620460.0], [700880.0, 1620460.0], [700880.0, 1620480.0], [700860.0, 1620480.0], [700860.0, 1620500.0], [700840.0, 1620500.0], [700840.0, 1620540.0], [700820.0, 1620540.0], [700820.0, 1620600.0], [700840.0, 1620600.0], [700840.0, 1620620.0], [700860.0, 1620620.0], [700860.0, 1620640.0], [700900.0, 1620640.0], [700900.0, 1620660.0], [700940.0, 1620660.0], [700940.0, 1620680.0], [700980.0, 1620680.0], [700980.0, 1620720.0], [701000.0, 1620720.0], [701000.0, 1620740.0], [701060.0, 1620740.0], [701060.0, 1620840.0], [701120.0, 1620840.0], [701120.0, 1620860.0], [701200.0, 1620860.0], [701200.0, 1620880.0], [701300.0, 1620880.0], [701300.0, 1620900.0], [701360.0, 1620900.0], [701360.0, 1620860.0], [701340.0, 1620860.0], [701340.0, 1620840.0], [701300.0, 1620840.0], [701300.0, 1620820.0], [701400.0, 1620820.0], [701400.0, 1620860.0], [701420.0, 1620860.0], [701420.0, 1620840.0], [701440.0, 1620840.0], [701440.0, 1620860.0], [701480.0, 1620860.0], [701480.0, 1620880.0], [701500.0, 1620880.0], [701500.0, 1620900.0], [701520.0, 1620900.0], [701520.0, 1620920.0], [701540.0, 1620920.0], [701540.0, 1620980.0], [701560.0, 1620980.0], [701560.0, 1621000.0], [701540.0, 1621000.0], [701540.0, 1621020.0], [701520.0, 1621020.0], [701520.0, 1621040.0], [701540.0, 1621040.0], [701540.0, 1621060.0], [701620.0, 1621060.0], [701620.0, 1621040.0], [701640.0, 1621040.0], [701640.0, 1621120.0], [701660.0, 1621120.0], [701660.0, 1621100.0], [701680.0, 1621100.0], [701680.0, 1621140.0], [701620.0, 1621140.0], [701620.0, 1621160.0], [701640.0, 1621160.0], [701640.0, 1621180.0], [701660.0, 1621180.0], [701660.0, 1621200.0], [701680.0, 1621200.0], [701680.0, 1621220.0], [701700.0, 1621220.0], [701700.0, 1621260.0], [701720.0, 1621260.0], [701720.0, 1621300.0], [701700.0, 1621300.0], [701700.0, 1621320.0], [701720.0, 1621320.0], [701720.0, 1621340.0], [701740.0, 1621340.0], [701740.0, 1621360.0], [701720.0, 1621360.0], [701720.0, 1621380.0], [701700.0, 1621380.0], [701700.0, 1621360.0], [701660.0, 1621360.0], [701660.0, 1621380.0], [701640.0, 1621380.0], [701640.0, 1621400.0], [701660.0, 1621400.0], [701660.0, 1621420.0], [701680.0, 1621420.0], [701680.0, 1621440.0], [701660.0, 1621440.0], [701660.0, 1621460.0], [701680.0, 1621460.0], [701680.0, 1621480.0], [701660.0, 1621480.0], [701660.0, 1621540.0], [701680.0, 1621540.0], [701680.0, 1621560.0], [701700.0, 1621560.0], [701700.0, 1621580.0], [701660.0, 1621580.0], [701660.0, 1621640.0], [701700.0, 1621640.0], [701700.0, 1621660.0], [701760.0, 1621660.0], [701760.0, 1621700.0], [701740.0, 1621700.0], [701740.0, 1621720.0], [701760.0, 1621720.0], [701760.0, 1621740.0], [701780.0, 1621740.0], [701780.0, 1621760.0], [701800.0, 1621760.0], [701800.0, 1621780.0], [701820.0, 1621780.0], [701820.0, 1621760.0], [701860.0, 1621760.0], [701860.0, 1621780.0], [701900.0, 1621780.0], [701900.0, 1621760.0], [702020.0, 1621760.0], [702020.0, 1621740.0], [702040.0, 1621740.0], [702040.0, 1621720.0], [702060.0, 1621720.0], [702060.0, 1621740.0], [702100.0, 1621740.0], [702100.0, 1621760.0], [702180.0, 1621760.0], [702180.0, 1621740.0], [702280.0, 1621740.0], [702280.0, 1621720.0], [702320.0, 1621720.0], [702320.0, 1621700.0], [702340.0, 1621700.0], [702340.0, 1621680.0], [702360.0, 1621680.0], [702360.0, 1621660.0], [702380.0, 1621660.0], [702380.0, 1621640.0], [702400.0, 1621640.0], [702400.0, 1621620.0], [702460.0, 1621620.0], [702460.0, 1621640.0], [702520.0, 1621640.0], [702520.0, 1621620.0], [702580.0, 1621620.0], [702580.0, 1621600.0], [702600.0, 1621600.0], [702600.0, 1621580.0], [702700.0, 1621580.0], [702700.0, 1621600.0], [702740.0, 1621600.0], [702740.0, 1621640.0], [702720.0, 1621640.0], [702720.0, 1621660.0], [702740.0, 1621660.0], [702740.0, 1621680.0], [702760.0, 1621680.0], [702760.0, 1621660.0], [702780.0, 1621660.0], [702780.0, 1621640.0], [702800.0, 1621640.0], [702800.0, 1621660.0], [702820.0, 1621660.0], [702820.0, 1621720.0], [702800.0, 1621720.0], [702800.0, 1621740.0], [702820.0, 1621740.0], [702820.0, 1621800.0], [702840.0, 1621800.0], [702840.0, 1621840.0], [702820.0, 1621840.0], [702820.0, 1621880.0], [702840.0, 1621880.0], [702840.0, 1621900.0], [702880.0, 1621900.0], [702880.0, 1621960.0], [702860.0, 1621960.0], [702860.0, 1621980.0], [702820.0, 1621980.0], [702820.0, 1622000.0], [702840.0, 1622000.0], [702840.0, 1622120.0], [702820.0, 1622120.0], [702820.0, 1622140.0], [702840.0, 1622140.0], [702840.0, 1622160.0], [702820.0, 1622160.0], [702820.0, 1622180.0], [702840.0, 1622180.0], [702840.0, 1622200.0], [702860.0, 1622200.0], [702860.0, 1622220.0], [702840.0, 1622220.0], [702840.0, 1622300.0], [702860.0, 1622300.0], [702860.0, 1622240.0], [702880.0, 1622240.0], [702880.0, 1622340.0], [702840.0, 1622340.0], [702840.0, 1622380.0], [702820.0, 1622380.0], [702820.0, 1622460.0], [702840.0, 1622460.0], [702840.0, 1622480.0], [702800.0, 1622480.0], [702800.0, 1622500.0], [702780.0, 1622500.0], [702780.0, 1622520.0], [702800.0, 1622520.0], [702800.0, 1622540.0], [702760.0, 1622540.0], [702760.0, 1622560.0], [702820.0, 1622560.0], [702820.0, 1622600.0], [702800.0, 1622600.0], [702800.0, 1622580.0], [702780.0, 1622580.0], [702780.0, 1622600.0], [702760.0, 1622600.0], [702760.0, 1622580.0], [702740.0, 1622580.0], [702740.0, 1622600.0], [702720.0, 1622600.0], [702720.0, 1622620.0], [702740.0, 1622620.0], [702740.0, 1622680.0], [702720.0, 1622680.0], [702720.0, 1622700.0], [702740.0, 1622700.0], [702740.0, 1622800.0], [702760.0, 1622800.0], [702760.0, 1622840.0], [702700.0, 1622840.0], [702700.0, 1622880.0], [702720.0, 1622880.0], [702720.0, 1622900.0], [702740.0, 1622900.0], [702740.0, 1622920.0], [702760.0, 1622920.0], [702760.0, 1622940.0], [702820.0, 1622940.0], [702820.0, 1622960.0], [702860.0, 1622960.0], [702860.0, 1622980.0], [702880.0, 1622980.0], [702880.0, 1623000.0], [702860.0, 1623000.0], [702860.0, 1623040.0], [702840.0, 1623040.0], [702840.0, 1623080.0], [702860.0, 1623080.0], [702860.0, 1623120.0], [702880.0, 1623120.0], [702880.0, 1623080.0], [702900.0, 1623080.0], [702900.0, 1623100.0], [702920.0, 1623100.0], [702920.0, 1623180.0], [702900.0, 1623180.0], [702900.0, 1623200.0], [702840.0, 1623200.0], [702840.0, 1623180.0], [702800.0, 1623180.0], [702800.0, 1623200.0], [702820.0, 1623200.0], [702820.0, 1623220.0], [702800.0, 1623220.0], [702800.0, 1623240.0], [702780.0, 1623240.0], [702780.0, 1623200.0], [702760.0, 1623200.0], [702760.0, 1623220.0], [702740.0, 1623220.0], [702740.0, 1623240.0], [702760.0, 1623240.0], [702760.0, 1623260.0], [702720.0, 1623260.0], [702720.0, 1623280.0], [702740.0, 1623280.0], [702740.0, 1623300.0], [702700.0, 1623300.0], [702700.0, 1623320.0], [702720.0, 1623320.0], [702720.0, 1623340.0], [702700.0, 1623340.0], [702700.0, 1623360.0], [702680.0, 1623360.0], [702680.0, 1623380.0], [702640.0, 1623380.0], [702640.0, 1623400.0], [702660.0, 1623400.0], [702660.0, 1623420.0], [702640.0, 1623420.0], [702640.0, 1623460.0], [702660.0, 1623460.0], [702660.0, 1623500.0], [702640.0, 1623500.0], [702640.0, 1623540.0], [702660.0, 1623540.0], [702660.0, 1623620.0], [702680.0, 1623620.0], [702680.0, 1623640.0], [702660.0, 1623640.0], [702660.0, 1623680.0], [702680.0, 1623680.0], [702680.0, 1623740.0], [702660.0, 1623740.0], [702660.0, 1623760.0], [702640.0, 1623760.0], [702640.0, 1623800.0], [702600.0, 1623800.0], [702600.0, 1623860.0], [702620.0, 1623860.0], [702620.0, 1623880.0], [702600.0, 1623880.0], [702600.0, 1623920.0], [702580.0, 1623920.0], [702580.0, 1623940.0], [702560.0, 1623940.0], [702560.0, 1623960.0], [702580.0, 1623960.0], [702580.0, 1623980.0], [702560.0, 1623980.0], [702560.0, 1624020.0], [702580.0, 1624020.0], [702580.0, 1624040.0], [702560.0, 1624040.0], [702560.0, 1624080.0], [702580.0, 1624080.0], [702580.0, 1624100.0], [702560.0, 1624100.0], [702560.0, 1624180.0], [702580.0, 1624180.0], [702580.0, 1624200.0], [702600.0, 1624200.0], [702600.0, 1624240.0], [702580.0, 1624240.0], [702580.0, 1624260.0], [702560.0, 1624260.0], [702560.0, 1624340.0], [702540.0, 1624340.0], [702540.0, 1624400.0], [702520.0, 1624400.0], [702520.0, 1624440.0], [702500.0, 1624440.0], [702500.0, 1624480.0], [702480.0, 1624480.0], [702480.0, 1624520.0], [702500.0, 1624520.0], [702500.0, 1624540.0], [702520.0, 1624540.0], [702520.0, 1624560.0], [702580.0, 1624560.0], [702580.0, 1624580.0], [702560.0, 1624580.0], [702560.0, 1624600.0], [702580.0, 1624600.0], [702580.0, 1624640.0], [702560.0, 1624640.0], [702560.0, 1624660.0], [702580.0, 1624660.0], [702580.0, 1624760.0], [702640.0, 1624760.0], [702640.0, 1624800.0], [702620.0, 1624800.0], [702620.0, 1624820.0], [702640.0, 1624820.0], [702640.0, 1624860.0], [702620.0, 1624860.0], [702620.0, 1624880.0], [702600.0, 1624880.0], [702600.0, 1624920.0], [702580.0, 1624920.0], [702580.0, 1624960.0], [702600.0, 1624960.0], [702600.0, 1624980.0], [702620.0, 1624980.0], [702620.0, 1625000.0], [702640.0, 1625000.0], [702640.0, 1625020.0], [702660.0, 1625020.0], [702660.0, 1625080.0], [702640.0, 1625080.0], [702640.0, 1625120.0], [702660.0, 1625120.0], [702660.0, 1625160.0], [702640.0, 1625160.0], [702640.0, 1625200.0], [702700.0, 1625200.0], [702700.0, 1625280.0], [702680.0, 1625280.0], [702680.0, 1625220.0], [702660.0, 1625220.0], [702660.0, 1625240.0], [702640.0, 1625240.0], [702640.0, 1625260.0], [702660.0, 1625260.0], [702660.0, 1625300.0], [702700.0, 1625300.0], [702700.0, 1625320.0], [702660.0, 1625320.0], [702660.0, 1625340.0], [702700.0, 1625340.0], [702700.0, 1625400.0], [702680.0, 1625400.0], [702680.0, 1625360.0], [702660.0, 1625360.0], [702660.0, 1625400.0], [702600.0, 1625400.0], [702600.0, 1625420.0], [702540.0, 1625420.0], [702540.0, 1625460.0], [702480.0, 1625460.0], [702480.0, 1625480.0], [702500.0, 1625480.0], [702500.0, 1625500.0], [702460.0, 1625500.0], [702460.0, 1625580.0], [702440.0, 1625580.0], [702440.0, 1625600.0], [702420.0, 1625600.0], [702420.0, 1625620.0], [702360.0, 1625620.0], [702360.0, 1625640.0], [702380.0, 1625640.0], [702380.0, 1625660.0], [702400.0, 1625660.0], [702400.0, 1625680.0], [702380.0, 1625680.0], [702380.0, 1625700.0], [702340.0, 1625700.0], [702340.0, 1625720.0], [702320.0, 1625720.0], [702320.0, 1625740.0], [702300.0, 1625740.0], [702300.0, 1625760.0], [702280.0, 1625760.0], [702280.0, 1625780.0], [702260.0, 1625780.0], [702260.0, 1625800.0], [702240.0, 1625800.0], [702240.0, 1625820.0], [702100.0, 1625820.0], [702100.0, 1625800.0], [702140.0, 1625800.0], [702140.0, 1625780.0], [702160.0, 1625780.0], [702160.0, 1625740.0], [702120.0, 1625740.0], [702120.0, 1625760.0], [702100.0, 1625760.0], [702100.0, 1625780.0], [702080.0, 1625780.0], [702080.0, 1625800.0], [702060.0, 1625800.0], [702060.0, 1625820.0], [702080.0, 1625820.0], [702080.0, 1625840.0], [702020.0, 1625840.0], [702020.0, 1625800.0], [701900.0, 1625800.0], [701900.0, 1625840.0], [701860.0, 1625840.0], [701860.0, 1625860.0], [701840.0, 1625860.0], [701840.0, 1625880.0], [701820.0, 1625880.0], [701820.0, 1625900.0], [701760.0, 1625900.0], [701760.0, 1625940.0], [701740.0, 1625940.0], [701740.0, 1625960.0], [701760.0, 1625960.0], [701760.0, 1625980.0], [701700.0, 1625980.0], [701700.0, 1625960.0], [701680.0, 1625960.0], [701680.0, 1626000.0], [701640.0, 1626000.0], [701640.0, 1626020.0], [701620.0, 1626020.0], [701620.0, 1626000.0], [701600.0, 1626000.0], [701600.0, 1626040.0], [701580.0, 1626040.0], [701580.0, 1626120.0], [701560.0, 1626120.0], [701560.0, 1626160.0], [701540.0, 1626160.0], [701540.0, 1626180.0], [701520.0, 1626180.0], [701520.0, 1626200.0], [701400.0, 1626200.0], [701400.0, 1626240.0], [701360.0, 1626240.0], [701360.0, 1626220.0], [701380.0, 1626220.0], [701380.0, 1626200.0], [701340.0, 1626200.0], [701340.0, 1626240.0], [701320.0, 1626240.0], [701320.0, 1626200.0], [701300.0, 1626200.0], [701300.0, 1626260.0], [701280.0, 1626260.0], [701280.0, 1626280.0], [701240.0, 1626280.0], [701240.0, 1626300.0], [701220.0, 1626300.0], [701220.0, 1626320.0], [701240.0, 1626320.0], [701240.0, 1626360.0], [701260.0, 1626360.0], [701260.0, 1626380.0], [701240.0, 1626380.0], [701240.0, 1626400.0], [701260.0, 1626400.0], [701260.0, 1626460.0], [701220.0, 1626460.0], [701220.0, 1626500.0], [701180.0, 1626500.0], [701180.0, 1626560.0], [701200.0, 1626560.0], [701200.0, 1626620.0], [701220.0, 1626620.0], [701220.0, 1626600.0], [701240.0, 1626600.0], [701240.0, 1626640.0], [701260.0, 1626640.0], [701260.0, 1626740.0], [701280.0, 1626740.0], [701280.0, 1626760.0], [701320.0, 1626760.0], [701320.0, 1626780.0], [701300.0, 1626780.0], [701300.0, 1626820.0], [701320.0, 1626820.0], [701320.0, 1626900.0], [701260.0, 1626900.0], [701260.0, 1626940.0], [701240.0, 1626940.0], [701240.0, 1626960.0], [701260.0, 1626960.0], [701260.0, 1626980.0], [701240.0, 1626980.0], [701240.0, 1627000.0], [701200.0, 1627000.0], [701200.0, 1627040.0], [701180.0, 1627040.0], [701180.0, 1627060.0], [701160.0, 1627060.0], [701160.0, 1627080.0], [701180.0, 1627080.0], [701180.0, 1627100.0], [701160.0, 1627100.0], [701160.0, 1627120.0], [701180.0, 1627120.0], [701180.0, 1627140.0], [701200.0, 1627140.0], [701200.0, 1627160.0], [701180.0, 1627160.0], [701180.0, 1627180.0], [701200.0, 1627180.0], [701200.0, 1627220.0], [701160.0, 1627220.0], [701160.0, 1627280.0], [701140.0, 1627280.0], [701140.0, 1627340.0], [701120.0, 1627340.0], [701120.0, 1627380.0], [701140.0, 1627380.0], [701140.0, 1627400.0], [701120.0, 1627400.0], [701120.0, 1627440.0], [701100.0, 1627440.0], [701100.0, 1627460.0], [701120.0, 1627460.0], [701120.0, 1627500.0], [701100.0, 1627500.0], [701100.0, 1627540.0], [701120.0, 1627540.0], [701120.0, 1627560.0], [701140.0, 1627560.0], [701140.0, 1627580.0], [701100.0, 1627580.0], [701100.0, 1627600.0], [701120.0, 1627600.0], [701120.0, 1627640.0], [701100.0, 1627640.0], [701100.0, 1627660.0], [701080.0, 1627660.0], [701080.0, 1627700.0], [701060.0, 1627700.0], [701060.0, 1627720.0], [701040.0, 1627720.0], [701040.0, 1627740.0], [701020.0, 1627740.0], [701020.0, 1627720.0], [701000.0, 1627720.0], [701000.0, 1627780.0], [700980.0, 1627780.0], [700980.0, 1627960.0], [700960.0, 1627960.0], [700960.0, 1628020.0], [700940.0, 1628020.0], [700940.0, 1628100.0], [700920.0, 1628100.0], [700920.0, 1628140.0], [700900.0, 1628140.0], [700900.0, 1628160.0], [700880.0, 1628160.0], [700880.0, 1628180.0], [700840.0, 1628180.0], [700840.0, 1628200.0], [700800.0, 1628200.0], [700800.0, 1628220.0], [700780.0, 1628220.0], [700780.0, 1628240.0], [700760.0, 1628240.0], [700760.0, 1628260.0], [700740.0, 1628260.0], [700740.0, 1628280.0], [700720.0, 1628280.0], [700720.0, 1628300.0], [700680.0, 1628300.0], [700680.0, 1628260.0], [700660.0, 1628260.0], [700660.0, 1628280.0], [700620.0, 1628280.0], [700620.0, 1628260.0], [700600.0, 1628260.0], [700600.0, 1628280.0], [700580.0, 1628280.0], [700580.0, 1628300.0], [700600.0, 1628300.0], [700600.0, 1628320.0], [700580.0, 1628320.0], [700580.0, 1628340.0], [700600.0, 1628340.0], [700600.0, 1628360.0], [700560.0, 1628360.0], [700560.0, 1628380.0], [700540.0, 1628380.0], [700540.0, 1628400.0], [700520.0, 1628400.0], [700520.0, 1628320.0], [700480.0, 1628320.0], [700480.0, 1628340.0], [700500.0, 1628340.0], [700500.0, 1628400.0], [700480.0, 1628400.0], [700480.0, 1628380.0], [700460.0, 1628380.0], [700460.0, 1628400.0], [700400.0, 1628400.0], [700400.0, 1628380.0], [700380.0, 1628380.0], [700380.0, 1628360.0], [700360.0, 1628360.0], [700360.0, 1628340.0], [700420.0, 1628340.0], [700420.0, 1628320.0], [700400.0, 1628320.0], [700400.0, 1628300.0], [700380.0, 1628300.0], [700380.0, 1628280.0], [700340.0, 1628280.0], [700340.0, 1628260.0], [700260.0, 1628260.0], [700260.0, 1628320.0], [700280.0, 1628320.0], [700280.0, 1628340.0], [700240.0, 1628340.0], [700240.0, 1628360.0], [700200.0, 1628360.0], [700200.0, 1628380.0], [700240.0, 1628380.0], [700240.0, 1628400.0], [700220.0, 1628400.0], [700220.0, 1628420.0], [700200.0, 1628420.0], [700200.0, 1628440.0], [700160.0, 1628440.0], [700160.0, 1628480.0], [700180.0, 1628480.0], [700180.0, 1628500.0], [700160.0, 1628500.0], [700160.0, 1628520.0], [700120.0, 1628520.0], [700120.0, 1628560.0], [700140.0, 1628560.0], [700140.0, 1628580.0], [700160.0, 1628580.0], [700160.0, 1628600.0], [700120.0, 1628600.0], [700120.0, 1628620.0], [700140.0, 1628620.0], [700140.0, 1628640.0], [700100.0, 1628640.0], [700100.0, 1628660.0], [700120.0, 1628660.0], [700120.0, 1628680.0], [700100.0, 1628680.0], [700100.0, 1628700.0], [700060.0, 1628700.0], [700060.0, 1628720.0], [700040.0, 1628720.0], [700040.0, 1628820.0], [700020.0, 1628820.0], [700020.0, 1628860.0], [700060.0, 1628860.0], [700060.0, 1628880.0], [700080.0, 1628880.0], [700080.0, 1628900.0], [700040.0, 1628900.0], [700040.0, 1628880.0], [700020.0, 1628880.0], [700020.0, 1628900.0], [700000.0, 1628900.0], [700000.0, 1628940.0], [699980.0, 1628940.0], [699980.0, 1628960.0], [700000.0, 1628960.0], [700000.0, 1628980.0], [700020.0, 1628980.0], [700020.0, 1628960.0], [700040.0, 1628960.0], [700040.0, 1629000.0], [700000.0, 1629000.0], [700000.0, 1629020.0], [699960.0, 1629020.0], [699960.0, 1629040.0], [699940.0, 1629040.0], [699940.0, 1629080.0], [699960.0, 1629080.0], [699960.0, 1629160.0], [699900.0, 1629160.0], [699900.0, 1629200.0], [699880.0, 1629200.0], [699880.0, 1629220.0], [699860.0, 1629220.0], [699860.0, 1629240.0], [699880.0, 1629240.0], [699880.0, 1629260.0], [699840.0, 1629260.0], [699840.0, 1629280.0], [699860.0, 1629280.0], [699860.0, 1629300.0], [699840.0, 1629300.0], [699840.0, 1629320.0], [699800.0, 1629320.0], [699800.0, 1629340.0], [699780.0, 1629340.0], [699780.0, 1629360.0], [699760.0, 1629360.0], [699760.0, 1629380.0], [699660.0, 1629380.0], [699660.0, 1629340.0], [699640.0, 1629340.0], [699640.0, 1629400.0], [699560.0, 1629400.0], [699560.0, 1629420.0], [699520.0, 1629420.0], [699520.0, 1629460.0], [699420.0, 1629460.0], [699420.0, 1629500.0], [699460.0, 1629500.0], [699460.0, 1629480.0], [699500.0, 1629480.0], [699500.0, 1629500.0], [699480.0, 1629500.0], [699480.0, 1629520.0], [699440.0, 1629520.0], [699440.0, 1629540.0], [699340.0, 1629540.0], [699340.0, 1629560.0], [699300.0, 1629560.0], [699300.0, 1629540.0], [699240.0, 1629540.0], [699240.0, 1629520.0], [699220.0, 1629520.0], [699220.0, 1629540.0], [699200.0, 1629540.0], [699200.0, 1629560.0], [698980.0, 1629560.0], [698980.0, 1629580.0], [698960.0, 1629580.0], [698960.0, 1629560.0], [698840.0, 1629560.0], [698840.0, 1629540.0], [698700.0, 1629540.0], [698700.0, 1629560.0], [698640.0, 1629560.0], [698640.0, 1629580.0], [698600.0, 1629580.0], [698600.0, 1629560.0], [698580.0, 1629560.0], [698580.0, 1629540.0], [698600.0, 1629540.0], [698600.0, 1629520.0], [698560.0, 1629520.0], [698560.0, 1629560.0], [698540.0, 1629560.0], [698540.0, 1629540.0], [698520.0, 1629540.0], [698520.0, 1629560.0], [698480.0, 1629560.0], [698480.0, 1629580.0], [698580.0, 1629580.0], [698580.0, 1629600.0], [698520.0, 1629600.0], [698520.0, 1629620.0], [698500.0, 1629620.0], [698500.0, 1629640.0], [698460.0, 1629640.0], [698460.0, 1629620.0], [698440.0, 1629620.0], [698440.0, 1629580.0], [698420.0, 1629580.0], [698420.0, 1629620.0], [698400.0, 1629620.0], [698400.0, 1629600.0], [698360.0, 1629600.0], [698360.0, 1629620.0], [698340.0, 1629620.0], [698340.0, 1629640.0], [698360.0, 1629640.0], [698360.0, 1629660.0], [698320.0, 1629660.0], [698320.0, 1629680.0], [698280.0, 1629680.0], [698280.0, 1629720.0], [698300.0, 1629720.0], [698300.0, 1629740.0], [698220.0, 1629740.0], [698220.0, 1629700.0], [698200.0, 1629700.0], [698200.0, 1629740.0], [698180.0, 1629740.0], [698180.0, 1629760.0], [698140.0, 1629760.0], [698140.0, 1629800.0], [698120.0, 1629800.0], [698120.0, 1629860.0], [698140.0, 1629860.0], [698140.0, 1629840.0], [698160.0, 1629840.0], [698160.0, 1629880.0], [698100.0, 1629880.0], [698100.0, 1629920.0], [698060.0, 1629920.0], [698060.0, 1629940.0], [698100.0, 1629940.0], [698100.0, 1629960.0], [698060.0, 1629960.0], [698060.0, 1629980.0], [698020.0, 1629980.0], [698020.0, 1630020.0], [698000.0, 1630020.0], [698000.0, 1630000.0], [697980.0, 1630000.0], [697980.0, 1630040.0], [697960.0, 1630040.0], [697960.0, 1630080.0], [697980.0, 1630080.0], [697980.0, 1630120.0], [697960.0, 1630120.0], [697960.0, 1630100.0], [697940.0, 1630100.0], [697940.0, 1630120.0], [697920.0, 1630120.0], [697920.0, 1630100.0], [697900.0, 1630100.0], [697900.0, 1630120.0], [697880.0, 1630120.0], [697880.0, 1630140.0], [697860.0, 1630140.0], [697860.0, 1630160.0], [697840.0, 1630160.0], [697840.0, 1630180.0], [697820.0, 1630180.0], [697820.0, 1630220.0], [697780.0, 1630220.0], [697780.0, 1630260.0], [697760.0, 1630260.0], [697760.0, 1630320.0], [697740.0, 1630320.0], [697740.0, 1630360.0], [697720.0, 1630360.0], [697720.0, 1630380.0], [697700.0, 1630380.0], [697700.0, 1630400.0], [697720.0, 1630400.0], [697720.0, 1630460.0], [697680.0, 1630460.0], [697680.0, 1630480.0], [697660.0, 1630480.0], [697660.0, 1630500.0], [697680.0, 1630500.0], [697680.0, 1630520.0], [697700.0, 1630520.0], [697700.0, 1630540.0], [697640.0, 1630540.0], [697640.0, 1630560.0], [697660.0, 1630560.0], [697660.0, 1630580.0], [697620.0, 1630580.0], [697620.0, 1630600.0], [697600.0, 1630600.0], [697600.0, 1630580.0], [697580.0, 1630580.0], [697580.0, 1630640.0], [697600.0, 1630640.0], [697600.0, 1630660.0], [697620.0, 1630660.0], [697620.0, 1630680.0], [697600.0, 1630680.0], [697600.0, 1630760.0], [697580.0, 1630760.0], [697580.0, 1630780.0], [697660.0, 1630780.0], [697660.0, 1630800.0], [697620.0, 1630800.0], [697620.0, 1630820.0], [697640.0, 1630820.0], [697640.0, 1630840.0], [697660.0, 1630840.0], [697660.0, 1630860.0], [697640.0, 1630860.0], [697640.0, 1630880.0], [697660.0, 1630880.0], [697660.0, 1630900.0], [697680.0, 1630900.0], [697680.0, 1630920.0], [697700.0, 1630920.0], [697700.0, 1631000.0], [697680.0, 1631000.0], [697680.0, 1630940.0], [697660.0, 1630940.0], [697660.0, 1630960.0], [697640.0, 1630960.0], [697640.0, 1630980.0], [697620.0, 1630980.0], [697620.0, 1631000.0], [697600.0, 1631000.0], [697600.0, 1631020.0], [697560.0, 1631020.0], [697560.0, 1631040.0], [697520.0, 1631040.0], [697520.0, 1631060.0], [697500.0, 1631060.0], [697500.0, 1631080.0], [697460.0, 1631080.0], [697460.0, 1631100.0], [697440.0, 1631100.0], [697440.0, 1631120.0], [697480.0, 1631120.0], [697480.0, 1631140.0], [697300.0, 1631140.0], [697300.0, 1631180.0], [697280.0, 1631180.0], [697280.0, 1631120.0], [697260.0, 1631120.0], [697260.0, 1631180.0], [697240.0, 1631180.0], [697240.0, 1631160.0], [697200.0, 1631160.0], [697200.0, 1631180.0], [697180.0, 1631180.0], [697180.0, 1631200.0], [697140.0, 1631200.0], [697140.0, 1631180.0], [697100.0, 1631180.0], [697100.0, 1631200.0], [697060.0, 1631200.0]], [[697100.0, 1631140.0], [697160.0, 1631140.0], [697160.0, 1631120.0], [697180.0, 1631120.0], [697180.0, 1631100.0], [697220.0, 1631100.0], [697220.0, 1631080.0], [697240.0, 1631080.0], [697240.0, 1631060.0], [697260.0, 1631060.0], [697260.0, 1631040.0], [697420.0, 1631040.0], [697420.0, 1631020.0], [697480.0, 1631020.0], [697480.0, 1631000.0], [697520.0, 1631000.0], [697520.0, 1630980.0], [697560.0, 1630980.0], [697560.0, 1630960.0], [697580.0, 1630960.0], [697580.0, 1630940.0], [697600.0, 1630940.0], [697600.0, 1630920.0], [697580.0, 1630920.0], [697580.0, 1630860.0], [697560.0, 1630860.0], [697560.0, 1630840.0], [697540.0, 1630840.0], [697540.0, 1630800.0], [697520.0, 1630800.0], [697520.0, 1630580.0], [697540.0, 1630580.0], [697540.0, 1630520.0], [697560.0, 1630520.0], [697560.0, 1630500.0], [697580.0, 1630500.0], [697580.0, 1630420.0], [697600.0, 1630420.0], [697600.0, 1630400.0], [697620.0, 1630400.0], [697620.0, 1630340.0], [697640.0, 1630340.0], [697640.0, 1630300.0], [697660.0, 1630300.0], [697660.0, 1630280.0], [697680.0, 1630280.0], [697680.0, 1630240.0], [697700.0, 1630240.0], [697700.0, 1630200.0], [697720.0, 1630200.0], [697720.0, 1630180.0], [697740.0, 1630180.0], [697740.0, 1630160.0], [697760.0, 1630160.0], [697760.0, 1630140.0], [697780.0, 1630140.0], [697780.0, 1630120.0], [697800.0, 1630120.0], [697800.0, 1630100.0], [697820.0, 1630100.0], [697820.0, 1630080.0], [697860.0, 1630080.0], [697860.0, 1630060.0], [697880.0, 1630060.0], [697880.0, 1630000.0], [697900.0, 1630000.0], [697900.0, 1629960.0], [697920.0, 1629960.0], [697920.0, 1629920.0], [697940.0, 1629920.0], [697940.0, 1629900.0], [697960.0, 1629900.0], [697960.0, 1629880.0], [698000.0, 1629880.0], [698000.0, 1629860.0], [698040.0, 1629860.0], [698040.0, 1629820.0], [698060.0, 1629820.0], [698060.0, 1629740.0], [698080.0, 1629740.0], [698080.0, 1629720.0], [698100.0, 1629720.0], [698100.0, 1629700.0], [698120.0, 1629700.0], [698120.0, 1629680.0], [698140.0, 1629680.0], [698140.0, 1629660.0], [698160.0, 1629660.0], [698160.0, 1629640.0], [698240.0, 1629640.0], [698240.0, 1629620.0], [698280.0, 1629620.0], [698280.0, 1629600.0], [698300.0, 1629600.0], [698300.0, 1629580.0], [698320.0, 1629580.0], [698320.0, 1629560.0], [698400.0, 1629560.0], [698400.0, 1629540.0], [698440.0, 1629540.0], [698440.0, 1629520.0], [698460.0, 1629520.0], [698460.0, 1629500.0], [698520.0, 1629500.0], [698520.0, 1629480.0], [698580.0, 1629480.0], [698580.0, 1629460.0], [698640.0, 1629460.0], [698640.0, 1629440.0], [698700.0, 1629440.0], [698700.0, 1629460.0], [698680.0, 1629460.0], [698680.0, 1629480.0], [698660.0, 1629480.0], [698660.0, 1629500.0], [698640.0, 1629500.0], [698640.0, 1629540.0], [698680.0, 1629540.0], [698680.0, 1629500.0], [698720.0, 1629500.0], [698720.0, 1629520.0], [698780.0, 1629520.0], [698780.0, 1629500.0], [698800.0, 1629500.0], [698800.0, 1629480.0], [698780.0, 1629480.0], [698780.0, 1629460.0], [698760.0, 1629460.0], [698760.0, 1629440.0], [698820.0, 1629440.0], [698820.0, 1629460.0], [698840.0, 1629460.0], [698840.0, 1629440.0], [698900.0, 1629440.0], [698900.0, 1629480.0], [698840.0, 1629480.0], [698840.0, 1629500.0], [698880.0, 1629500.0], [698880.0, 1629520.0], [698920.0, 1629520.0], [698920.0, 1629500.0], [698940.0, 1629500.0], [698940.0, 1629540.0], [698980.0, 1629540.0], [698980.0, 1629520.0], [699000.0, 1629520.0], [699000.0, 1629500.0], [698960.0, 1629500.0], [698960.0, 1629480.0], [698940.0, 1629480.0], [698940.0, 1629460.0], [699140.0, 1629460.0], [699140.0, 1629440.0], [699380.0, 1629440.0], [699380.0, 1629420.0], [699400.0, 1629420.0], [699400.0, 1629400.0], [699420.0, 1629400.0], [699420.0, 1629380.0], [699440.0, 1629380.0], [699440.0, 1629360.0], [699460.0, 1629360.0], [699460.0, 1629340.0], [699480.0, 1629340.0], [699480.0, 1629320.0], [699500.0, 1629320.0], [699500.0, 1629300.0], [699580.0, 1629300.0], [699580.0, 1629280.0], [699700.0, 1629280.0], [699700.0, 1629260.0], [699720.0, 1629260.0], [699720.0, 1629240.0], [699740.0, 1629240.0], [699740.0, 1629220.0], [699780.0, 1629220.0], [699780.0, 1629200.0], [699800.0, 1629200.0], [699800.0, 1629180.0], [699820.0, 1629180.0], [699820.0, 1629140.0], [699840.0, 1629140.0], [699840.0, 1629100.0], [699860.0, 1629100.0], [699860.0, 1629020.0], [699880.0, 1629020.0], [699880.0, 1628960.0], [699900.0, 1628960.0], [699900.0, 1628940.0], [699920.0, 1628940.0], [699920.0, 1628920.0], [699940.0, 1628920.0], [699940.0, 1628900.0], [699960.0, 1628900.0], [699960.0, 1628840.0], [699980.0, 1628840.0], [699980.0, 1628780.0], [700000.0, 1628780.0], [700000.0, 1628620.0], [700020.0, 1628620.0], [700020.0, 1628580.0], [700040.0, 1628580.0], [700040.0, 1628540.0], [700060.0, 1628540.0], [700060.0, 1628500.0], [700080.0, 1628500.0], [700080.0, 1628420.0], [700100.0, 1628420.0], [700100.0, 1628400.0], [700120.0, 1628400.0], [700120.0, 1628340.0], [700140.0, 1628340.0], [700140.0, 1628320.0], [700160.0, 1628320.0], [700160.0, 1628280.0], [700180.0, 1628280.0], [700180.0, 1628260.0], [700200.0, 1628260.0], [700200.0, 1628240.0], [700220.0, 1628240.0], [700220.0, 1628220.0], [700420.0, 1628220.0], [700420.0, 1628240.0], [700440.0, 1628240.0], [700440.0, 1628260.0], [700460.0, 1628260.0], [700460.0, 1628280.0], [700500.0, 1628280.0], [700500.0, 1628260.0], [700520.0, 1628260.0], [700520.0, 1628240.0], [700540.0, 1628240.0], [700540.0, 1628220.0], [700620.0, 1628220.0], [700620.0, 1628200.0], [700660.0, 1628200.0], [700660.0, 1628180.0], [700680.0, 1628180.0], [700680.0, 1628160.0], [700700.0, 1628160.0], [700700.0, 1628140.0], [700720.0, 1628140.0], [700720.0, 1628120.0], [700740.0, 1628120.0], [700740.0, 1628100.0], [700780.0, 1628100.0], [700780.0, 1628080.0], [700820.0, 1628080.0], [700820.0, 1628040.0], [700840.0, 1628040.0], [700840.0, 1627960.0], [700860.0, 1627960.0], [700860.0, 1627900.0], [700880.0, 1627900.0], [700880.0, 1627740.0], [700900.0, 1627740.0], [700900.0, 1627680.0], [700920.0, 1627680.0], [700920.0, 1627660.0], [700940.0, 1627660.0], [700940.0, 1627640.0], [700980.0, 1627640.0], [700980.0, 1627600.0], [701000.0, 1627600.0], [701000.0, 1627580.0], [701020.0, 1627580.0], [701020.0, 1627340.0], [701040.0, 1627340.0], [701040.0, 1627240.0], [701060.0, 1627240.0], [701060.0, 1627200.0], [701080.0, 1627200.0], [701080.0, 1626980.0], [701100.0, 1626980.0], [701100.0, 1626940.0], [701120.0, 1626940.0], [701120.0, 1626920.0], [701140.0, 1626920.0], [701140.0, 1626900.0], [701180.0, 1626900.0], [701180.0, 1626880.0], [701200.0, 1626880.0], [701200.0, 1626820.0], [701180.0, 1626820.0], [701180.0, 1626780.0], [701160.0, 1626780.0], [701160.0, 1626700.0], [701140.0, 1626700.0], [701140.0, 1626680.0], [701120.0, 1626680.0], [701120.0, 1626660.0], [701100.0, 1626660.0], [701100.0, 1626620.0], [701080.0, 1626620.0], [701080.0, 1626440.0], [701100.0, 1626440.0], [701100.0, 1626420.0], [701120.0, 1626420.0], [701120.0, 1626400.0], [701140.0, 1626400.0], [701140.0, 1626220.0], [701160.0, 1626220.0], [701160.0, 1626200.0], [701180.0, 1626200.0], [701180.0, 1626180.0], [701220.0, 1626180.0], [701220.0, 1626160.0], [701240.0, 1626160.0], [701240.0, 1626140.0], [701280.0, 1626140.0], [701280.0, 1626120.0], [701420.0, 1626120.0], [701420.0, 1626140.0], [701480.0, 1626140.0], [701480.0, 1625980.0], [701500.0, 1625980.0], [701500.0, 1625960.0], [701520.0, 1625960.0], [701520.0, 1625940.0], [701540.0, 1625940.0], [701540.0, 1625920.0], [701580.0, 1625920.0], [701580.0, 1625900.0], [701660.0, 1625900.0], [701660.0, 1625880.0], [701700.0, 1625880.0], [701700.0, 1625860.0], [701740.0, 1625860.0], [701740.0, 1625840.0], [701780.0, 1625840.0], [701780.0, 1625820.0], [701800.0, 1625820.0], [701800.0, 1625800.0], [701820.0, 1625800.0], [701820.0, 1625780.0], [701860.0, 1625780.0], [701860.0, 1625760.0], [701940.0, 1625760.0], [701940.0, 1625740.0], [702020.0, 1625740.0], [702020.0, 1625720.0], [702180.0, 1625720.0], [702180.0, 1625700.0], [702200.0, 1625700.0], [702200.0, 1625680.0], [702220.0, 1625680.0], [702220.0, 1625660.0], [702240.0, 1625660.0], [702240.0, 1625640.0], [702260.0, 1625640.0], [702260.0, 1625620.0], [702280.0, 1625620.0], [702280.0, 1625600.0], [702320.0, 1625600.0], [702320.0, 1625580.0], [702340.0, 1625580.0], [702340.0, 1625560.0], [702380.0, 1625560.0], [702380.0, 1625440.0], [702400.0, 1625440.0], [702400.0, 1625400.0], [702420.0, 1625400.0], [702420.0, 1625380.0], [702440.0, 1625380.0], [702440.0, 1625360.0], [702480.0, 1625360.0], [702480.0, 1625340.0], [702580.0, 1625340.0], [702580.0, 1625220.0], [702560.0, 1625220.0], [702560.0, 1625080.0], [702540.0, 1625080.0], [702540.0, 1625060.0], [702520.0, 1625060.0], [702520.0, 1625040.0], [702500.0, 1625040.0], [702500.0, 1624820.0], [702520.0, 1624820.0], [702520.0, 1624800.0], [702500.0, 1624800.0], [702500.0, 1624780.0], [702480.0, 1624780.0], [702480.0, 1624660.0], [702460.0, 1624660.0], [702460.0, 1624640.0], [702440.0, 1624640.0], [702440.0, 1624620.0], [702420.0, 1624620.0], [702420.0, 1624600.0], [702400.0, 1624600.0], [702400.0, 1624580.0], [702380.0, 1624580.0], [702380.0, 1624420.0], [702400.0, 1624420.0], [702400.0, 1624380.0], [702420.0, 1624380.0], [702420.0, 1624340.0], [702440.0, 1624340.0], [702440.0, 1624280.0], [702460.0, 1624280.0], [702460.0, 1624260.0], [702480.0, 1624260.0], [702480.0, 1623860.0], [702500.0, 1623860.0], [702500.0, 1623820.0], [702520.0, 1623820.0], [702520.0, 1623740.0], [702540.0, 1623740.0], [702540.0, 1623700.0], [702560.0, 1623700.0], [702560.0, 1623600.0], [702540.0, 1623600.0], [702540.0, 1623440.0], [702560.0, 1623440.0], [702560.0, 1623320.0], [702580.0, 1623320.0], [702580.0, 1623300.0], [702600.0, 1623300.0], [702600.0, 1623280.0], [702620.0, 1623280.0], [702620.0, 1623240.0], [702640.0, 1623240.0], [702640.0, 1623200.0], [702660.0, 1623200.0], [702660.0, 1623180.0], [702680.0, 1623180.0], [702680.0, 1623160.0], [702700.0, 1623160.0], [702700.0, 1623140.0], [702740.0, 1623140.0], [702740.0, 1623120.0], [702760.0, 1623120.0], [702760.0, 1623100.0], [702800.0, 1623100.0], [702800.0, 1623060.0], [702760.0, 1623060.0], [702760.0, 1623040.0], [702720.0, 1623040.0], [702720.0, 1623020.0], [702700.0, 1623020.0], [702700.0, 1623000.0], [702680.0, 1623000.0], [702680.0, 1622980.0], [702660.0, 1622980.0], [702660.0, 1622960.0], [702640.0, 1622960.0], [702640.0, 1622640.0], [702660.0, 1622640.0], [702660.0, 1622600.0], [702680.0, 1622600.0], [702680.0, 1622580.0], [702700.0, 1622580.0], [702700.0, 1622540.0], [702720.0, 1622540.0], [702720.0, 1622320.0], [702740.0, 1622320.0], [702740.0, 1622280.0], [702760.0, 1622280.0], [702760.0, 1622240.0], [702740.0, 1622240.0], [702740.0, 1621860.0], [702720.0, 1621860.0], [702720.0, 1621720.0], [702700.0, 1621720.0], [702700.0, 1621700.0], [702640.0, 1621700.0], [702640.0, 1621720.0], [702580.0, 1621720.0], [702580.0, 1621740.0], [702440.0, 1621740.0], [702440.0, 1621760.0], [702420.0, 1621760.0], [702420.0, 1621780.0], [702400.0, 1621780.0], [702400.0, 1621800.0], [702380.0, 1621800.0], [702380.0, 1621820.0], [702340.0, 1621820.0], [702340.0, 1621840.0], [702240.0, 1621840.0], [702240.0, 1621860.0], [701880.0, 1621860.0], [701880.0, 1621880.0], [701740.0, 1621880.0], [701740.0, 1621860.0], [701720.0, 1621860.0], [701720.0, 1621840.0], [701700.0, 1621840.0], [701700.0, 1621820.0], [701680.0, 1621820.0], [701680.0, 1621800.0], [701660.0, 1621800.0], [701660.0, 1621760.0], [701640.0, 1621760.0], [701640.0, 1621740.0], [701600.0, 1621740.0], [701600.0, 1621720.0], [701580.0, 1621720.0], [701580.0, 1621700.0], [701560.0, 1621700.0], [701560.0, 1621520.0], [701580.0, 1621520.0], [701580.0, 1621500.0], [701600.0, 1621500.0], [701600.0, 1621320.0], [701620.0, 1621320.0], [701620.0, 1621300.0], [701640.0, 1621300.0], [701640.0, 1621260.0], [701620.0, 1621260.0], [701620.0, 1621240.0], [701600.0, 1621240.0], [701600.0, 1621220.0], [701580.0, 1621220.0], [701580.0, 1621160.0], [701560.0, 1621160.0], [701560.0, 1621140.0], [701540.0, 1621140.0], [701540.0, 1621120.0], [701520.0, 1621120.0], [701520.0, 1621100.0], [701500.0, 1621100.0], [701500.0, 1621080.0], [701480.0, 1621080.0], [701480.0, 1621060.0], [701460.0, 1621060.0], [701460.0, 1621040.0], [701440.0, 1621040.0], [701440.0, 1620980.0], [701420.0, 1620980.0], [701420.0, 1620960.0], [701380.0, 1620960.0], [701380.0, 1620940.0], [701340.0, 1620940.0], [701340.0, 1620920.0], [701180.0, 1620920.0], [701180.0, 1620900.0], [701100.0, 1620900.0], [701100.0, 1620880.0], [701020.0, 1620880.0], [701020.0, 1620860.0], [701000.0, 1620860.0], [701000.0, 1620840.0], [700980.0, 1620840.0], [700980.0, 1620820.0], [700960.0, 1620820.0], [700960.0, 1620800.0], [700920.0, 1620800.0], [700920.0, 1620780.0], [700880.0, 1620780.0], [700880.0, 1620760.0], [700840.0, 1620760.0], [700840.0, 1620740.0], [700800.0, 1620740.0], [700800.0, 1620720.0], [700780.0, 1620720.0], [700780.0, 1620700.0], [700760.0, 1620700.0], [700760.0, 1620680.0], [700740.0, 1620680.0], [700740.0, 1620660.0], [700720.0, 1620660.0], [700720.0, 1620480.0], [700740.0, 1620480.0], [700740.0, 1620460.0], [700760.0, 1620460.0], [700760.0, 1620440.0], [700780.0, 1620440.0], [700780.0, 1620420.0], [700800.0, 1620420.0], [700800.0, 1620400.0], [700820.0, 1620400.0], [700820.0, 1620380.0], [700840.0, 1620380.0], [700840.0, 1620320.0], [700860.0, 1620320.0], [700860.0, 1620300.0], [700880.0, 1620300.0], [700880.0, 1620280.0], [700900.0, 1620280.0], [700900.0, 1620260.0], [700920.0, 1620260.0], [700920.0, 1620240.0], [700940.0, 1620240.0], [700940.0, 1620220.0], [700960.0, 1620220.0], [700960.0, 1620100.0], [700980.0, 1620100.0], [700980.0, 1620080.0], [701000.0, 1620080.0], [701000.0, 1620040.0], [700960.0, 1620040.0], [700960.0, 1620020.0], [700940.0, 1620020.0], [700940.0, 1620000.0], [700920.0, 1620000.0], [700920.0, 1619980.0], [700900.0, 1619980.0], [700900.0, 1619960.0], [700880.0, 1619960.0], [700880.0, 1619940.0], [700860.0, 1619940.0], [700860.0, 1619920.0], [700820.0, 1619920.0], [700820.0, 1619900.0], [700800.0, 1619900.0], [700800.0, 1619880.0], [700780.0, 1619880.0], [700780.0, 1619840.0], [700760.0, 1619840.0], [700760.0, 1619760.0], [700740.0, 1619760.0], [700740.0, 1619700.0], [700720.0, 1619700.0], [700720.0, 1619660.0], [700700.0, 1619660.0], [700700.0, 1619400.0], [700720.0, 1619400.0], [700720.0, 1619360.0], [700700.0, 1619360.0], [700700.0, 1619300.0], [700680.0, 1619300.0], [700680.0, 1619280.0], [700660.0, 1619280.0], [700660.0, 1619260.0], [700640.0, 1619260.0], [700640.0, 1619240.0], [700620.0, 1619240.0], [700620.0, 1619220.0], [700600.0, 1619220.0], [700600.0, 1619200.0], [700500.0, 1619200.0], [700500.0, 1619180.0], [700480.0, 1619180.0], [700480.0, 1619160.0], [700460.0, 1619160.0], [700460.0, 1619180.0], [700440.0, 1619180.0], [700440.0, 1619200.0], [700480.0, 1619200.0], [700480.0, 1619220.0], [700420.0, 1619220.0], [700420.0, 1619240.0], [700400.0, 1619240.0], [700400.0, 1619260.0], [700380.0, 1619260.0], [700380.0, 1619280.0], [700400.0, 1619280.0], [700400.0, 1619300.0], [700360.0, 1619300.0], [700360.0, 1619320.0], [700340.0, 1619320.0], [700340.0, 1619340.0], [700320.0, 1619340.0], [700320.0, 1619360.0], [700300.0, 1619360.0], [700300.0, 1619380.0], [700260.0, 1619380.0], [700260.0, 1619400.0], [700240.0, 1619400.0], [700240.0, 1619440.0], [700220.0, 1619440.0], [700220.0, 1619460.0], [700200.0, 1619460.0], [700200.0, 1619480.0], [700340.0, 1619480.0], [700340.0, 1619500.0], [700360.0, 1619500.0], [700360.0, 1619520.0], [700400.0, 1619520.0], [700400.0, 1619540.0], [700420.0, 1619540.0], [700420.0, 1619560.0], [700480.0, 1619560.0], [700480.0, 1619580.0], [700500.0, 1619580.0], [700500.0, 1619600.0], [700520.0, 1619600.0], [700520.0, 1619700.0], [700540.0, 1619700.0], [700540.0, 1619900.0], [700520.0, 1619900.0], [700520.0, 1619920.0], [700500.0, 1619920.0], [700500.0, 1619940.0], [700480.0, 1619940.0], [700480.0, 1619960.0], [700460.0, 1619960.0], [700460.0, 1619980.0], [700440.0, 1619980.0], [700440.0, 1620000.0], [700360.0, 1620000.0], [700360.0, 1620020.0], [700340.0, 1620020.0], [700340.0, 1620040.0], [700320.0, 1620040.0], [700320.0, 1620060.0], [700300.0, 1620060.0], [700300.0, 1620080.0], [700220.0, 1620080.0], [700220.0, 1620100.0], [700200.0, 1620100.0], [700200.0, 1620180.0], [700220.0, 1620180.0], [700220.0, 1620200.0], [700240.0, 1620200.0], [700240.0, 1620240.0], [700260.0, 1620240.0], [700260.0, 1620440.0], [700240.0, 1620440.0], [700240.0, 1620620.0], [700220.0, 1620620.0], [700220.0, 1620680.0], [700200.0, 1620680.0], [700200.0, 1620700.0], [700180.0, 1620700.0], [700180.0, 1620720.0], [700160.0, 1620720.0], [700160.0, 1620740.0], [700120.0, 1620740.0], [700120.0, 1620760.0], [700080.0, 1620760.0], [700080.0, 1620780.0], [700020.0, 1620780.0], [700020.0, 1620900.0], [700000.0, 1620900.0], [700000.0, 1620920.0], [699980.0, 1620920.0], [699980.0, 1620940.0], [699960.0, 1620940.0], [699960.0, 1620980.0], [699940.0, 1620980.0], [699940.0, 1621000.0], [699920.0, 1621000.0], [699920.0, 1621020.0], [699900.0, 1621020.0], [699900.0, 1621040.0], [699840.0, 1621040.0], [699840.0, 1621060.0], [699820.0, 1621060.0], [699820.0, 1621080.0], [699740.0, 1621080.0], [699740.0, 1621100.0], [699720.0, 1621100.0], [699720.0, 1621120.0], [699700.0, 1621120.0], [699700.0, 1621140.0], [699380.0, 1621140.0], [699380.0, 1621160.0], [699340.0, 1621160.0], [699340.0, 1621180.0], [699220.0, 1621180.0], [699220.0, 1621200.0], [699200.0, 1621200.0], [699200.0, 1621220.0], [699220.0, 1621220.0], [699220.0, 1621240.0], [699260.0, 1621240.0], [699260.0, 1621260.0], [699280.0, 1621260.0], [699280.0, 1621280.0], [699300.0, 1621280.0], [699300.0, 1621300.0], [699320.0, 1621300.0], [699320.0, 1621320.0], [699340.0, 1621320.0], [699340.0, 1621460.0], [699320.0, 1621460.0], [699320.0, 1621480.0], [699300.0, 1621480.0], [699300.0, 1621540.0], [699280.0, 1621540.0], [699280.0, 1621560.0], [699260.0, 1621560.0], [699260.0, 1621680.0], [699280.0, 1621680.0], [699280.0, 1621700.0], [699300.0, 1621700.0], [699300.0, 1621720.0], [699360.0, 1621720.0], [699360.0, 1621740.0], [699400.0, 1621740.0], [699400.0, 1621760.0], [699440.0, 1621760.0], [699440.0, 1621780.0], [699460.0, 1621780.0], [699460.0, 1621800.0], [699500.0, 1621800.0], [699500.0, 1621820.0], [699520.0, 1621820.0], [699520.0, 1621840.0], [699540.0, 1621840.0], [699540.0, 1622040.0], [699520.0, 1622040.0], [699520.0, 1622100.0], [699500.0, 1622100.0], [699500.0, 1622120.0], [699480.0, 1622120.0], [699480.0, 1622140.0], [699460.0, 1622140.0], [699460.0, 1622160.0], [699380.0, 1622160.0], [699380.0, 1622140.0], [699340.0, 1622140.0], [699340.0, 1622120.0], [699300.0, 1622120.0], [699300.0, 1622140.0], [699280.0, 1622140.0], [699280.0, 1622160.0], [699260.0, 1622160.0], [699260.0, 1622180.0], [699200.0, 1622180.0], [699200.0, 1622200.0], [699160.0, 1622200.0], [699160.0, 1622220.0], [699120.0, 1622220.0], [699120.0, 1622420.0], [699100.0, 1622420.0], [699100.0, 1622440.0], [699080.0, 1622440.0], [699080.0, 1622460.0], [699060.0, 1622460.0], [699060.0, 1622480.0], [698900.0, 1622480.0], [698900.0, 1622460.0], [698860.0, 1622460.0], [698860.0, 1622440.0], [698840.0, 1622440.0], [698840.0, 1622420.0], [698820.0, 1622420.0], [698820.0, 1622400.0], [698800.0, 1622400.0], [698800.0, 1622380.0], [698780.0, 1622380.0], [698780.0, 1622340.0], [698700.0, 1622340.0], [698700.0, 1622320.0], [698660.0, 1622320.0], [698660.0, 1622300.0], [698640.0, 1622300.0], [698640.0, 1622260.0], [698620.0, 1622260.0], [698620.0, 1622220.0], [698600.0, 1622220.0], [698600.0, 1622200.0], [698540.0, 1622200.0], [698540.0, 1622220.0], [698520.0, 1622220.0], [698520.0, 1622280.0], [698500.0, 1622280.0], [698500.0, 1622300.0], [698320.0, 1622300.0], [698320.0, 1622320.0], [698300.0, 1622320.0], [698300.0, 1622400.0], [698280.0, 1622400.0], [698280.0, 1622440.0], [698240.0, 1622440.0], [698240.0, 1622460.0], [698080.0, 1622460.0], [698080.0, 1622440.0], [698020.0, 1622440.0], [698020.0, 1622420.0], [697900.0, 1622420.0], [697900.0, 1622460.0], [697880.0, 1622460.0], [697880.0, 1622540.0], [697860.0, 1622540.0], [697860.0, 1622580.0], [697840.0, 1622580.0], [697840.0, 1622600.0], [697820.0, 1622600.0], [697820.0, 1622620.0], [697800.0, 1622620.0], [697800.0, 1622640.0], [697780.0, 1622640.0], [697780.0, 1622720.0], [697800.0, 1622720.0], [697800.0, 1622760.0], [697820.0, 1622760.0], [697820.0, 1623020.0], [697800.0, 1623020.0], [697800.0, 1623040.0], [697780.0, 1623040.0], [697780.0, 1623060.0], [697760.0, 1623060.0], [697760.0, 1623100.0], [697740.0, 1623100.0], [697740.0, 1623120.0], [697720.0, 1623120.0], [697720.0, 1623220.0], [697700.0, 1623220.0], [697700.0, 1623260.0], [697680.0, 1623260.0], [697680.0, 1623280.0], [697660.0, 1623280.0], [697660.0, 1623320.0], [697640.0, 1623320.0], [697640.0, 1623360.0], [697620.0, 1623360.0], [697620.0, 1623380.0], [697600.0, 1623380.0], [697600.0, 1623400.0], [697560.0, 1623400.0], [697560.0, 1623420.0], [697500.0, 1623420.0], [697500.0, 1623440.0], [697320.0, 1623440.0], [697320.0, 1623420.0], [697280.0, 1623420.0], [697280.0, 1623400.0], [697180.0, 1623400.0], [697180.0, 1623380.0], [697140.0, 1623380.0], [697140.0, 1623360.0], [697080.0, 1623360.0], [697080.0, 1623340.0], [697040.0, 1623340.0], [697040.0, 1623360.0], [696960.0, 1623360.0], [696960.0, 1623380.0], [696940.0, 1623380.0], [696940.0, 1623400.0], [696900.0, 1623400.0], [696900.0, 1623420.0], [696720.0, 1623420.0], [696720.0, 1623400.0], [696700.0, 1623400.0], [696700.0, 1623380.0], [696680.0, 1623380.0], [696680.0, 1623360.0], [696660.0, 1623360.0], [696660.0, 1623280.0], [696620.0, 1623280.0], [696620.0, 1623260.0], [696580.0, 1623260.0], [696580.0, 1623240.0], [696560.0, 1623240.0], [696560.0, 1623220.0], [696540.0, 1623220.0], [696540.0, 1623180.0], [696520.0, 1623180.0], [696520.0, 1623160.0], [696480.0, 1623160.0], [696480.0, 1623140.0], [696460.0, 1623140.0], [696460.0, 1623120.0], [696420.0, 1623120.0], [696420.0, 1623100.0], [696400.0, 1623100.0], [696400.0, 1623120.0], [696380.0, 1623120.0], [696380.0, 1623140.0], [696320.0, 1623140.0], [696320.0, 1623160.0], [696300.0, 1623160.0], [696300.0, 1623180.0], [696280.0, 1623180.0], [696280.0, 1623200.0], [696240.0, 1623200.0], [696240.0, 1623220.0], [696200.0, 1623220.0], [696200.0, 1623240.0], [696160.0, 1623240.0], [696160.0, 1623260.0], [696100.0, 1623260.0], [696100.0, 1623240.0], [696060.0, 1623240.0], [696060.0, 1623220.0], [696020.0, 1623220.0], [696020.0, 1623200.0], [695960.0, 1623200.0], [695960.0, 1623220.0], [695940.0, 1623220.0], [695940.0, 1623200.0], [695900.0, 1623200.0], [695900.0, 1623180.0], [695880.0, 1623180.0], [695880.0, 1623160.0], [695860.0, 1623160.0], [695860.0, 1623140.0], [695840.0, 1623140.0], [695840.0, 1623100.0], [695820.0, 1623100.0], [695820.0, 1623120.0], [695780.0, 1623120.0], [695780.0, 1623140.0], [695760.0, 1623140.0], [695760.0, 1623160.0], [695740.0, 1623160.0], [695740.0, 1623180.0], [695680.0, 1623180.0], [695680.0, 1623200.0], [695640.0, 1623200.0], [695640.0, 1623220.0], [695460.0, 1623220.0], [695460.0, 1623200.0], [695420.0, 1623200.0], [695420.0, 1623180.0], [695360.0, 1623180.0], [695360.0, 1623160.0], [695340.0, 1623160.0], [695340.0, 1623140.0], [695320.0, 1623140.0], [695320.0, 1623120.0], [695240.0, 1623120.0], [695240.0, 1623100.0], [695180.0, 1623100.0], [695180.0, 1623080.0], [695160.0, 1623080.0], [695160.0, 1623060.0], [695100.0, 1623060.0], [695100.0, 1623040.0], [695000.0, 1623040.0], [695000.0, 1623020.0], [694940.0, 1623020.0], [694940.0, 1623000.0], [694800.0, 1623000.0], [694800.0, 1623020.0], [694780.0, 1623020.0], [694780.0, 1623040.0], [694760.0, 1623040.0], [694760.0, 1623060.0], [694720.0, 1623060.0], [694720.0, 1623080.0], [694540.0, 1623080.0], [694540.0, 1623060.0], [694520.0, 1623060.0], [694520.0, 1623040.0], [694500.0, 1623040.0], [694500.0, 1623020.0], [694480.0, 1623020.0], [694480.0, 1623000.0], [694460.0, 1623000.0], [694460.0, 1622980.0], [694440.0, 1622980.0], [694440.0, 1623000.0], [694400.0, 1623000.0], [694400.0, 1623020.0], [694260.0, 1623020.0], [694260.0, 1623000.0], [694140.0, 1623000.0], [694140.0, 1622980.0], [694060.0, 1622980.0], [694060.0, 1622960.0], [694040.0, 1622960.0], [694040.0, 1622940.0], [694020.0, 1622940.0], [694020.0, 1622920.0], [693960.0, 1622920.0], [693960.0, 1622900.0], [693940.0, 1622900.0], [693940.0, 1622880.0], [693920.0, 1622880.0], [693920.0, 1622860.0], [693900.0, 1622860.0], [693900.0, 1622840.0], [693880.0, 1622840.0], [693880.0, 1622820.0], [693860.0, 1622820.0], [693860.0, 1622780.0], [693840.0, 1622780.0], [693840.0, 1622720.0], [693820.0, 1622720.0], [693820.0, 1622440.0], [693840.0, 1622440.0], [693840.0, 1622420.0], [693820.0, 1622420.0], [693820.0, 1622400.0], [693800.0, 1622400.0], [693800.0, 1622220.0], [693780.0, 1622220.0], [693780.0, 1622240.0], [693740.0, 1622240.0], [693740.0, 1622260.0], [693580.0, 1622260.0], [693580.0, 1622240.0], [693540.0, 1622240.0], [693540.0, 1622220.0], [693500.0, 1622220.0], [693500.0, 1622240.0], [693480.0, 1622240.0], [693480.0, 1622260.0], [693440.0, 1622260.0], [693440.0, 1622280.0], [693400.0, 1622280.0], [693400.0, 1622300.0], [693380.0, 1622300.0], [693380.0, 1622320.0], [693360.0, 1622320.0], [693360.0, 1622340.0], [693340.0, 1622340.0], [693340.0, 1622360.0], [693160.0, 1622360.0], [693160.0, 1622340.0], [693140.0, 1622340.0], [693140.0, 1622320.0], [693120.0, 1622320.0], [693120.0, 1622300.0], [693100.0, 1622300.0], [693100.0, 1622280.0], [693060.0, 1622280.0], [693060.0, 1622340.0], [693040.0, 1622340.0], [693040.0, 1622360.0], [693020.0, 1622360.0], [693020.0, 1622380.0], [692980.0, 1622380.0], [692980.0, 1622400.0], [692960.0, 1622400.0], [692960.0, 1622420.0], [692740.0, 1622420.0], [692740.0, 1622400.0], [692700.0, 1622400.0], [692700.0, 1622380.0], [692660.0, 1622380.0], [692660.0, 1622360.0], [692620.0, 1622360.0], [692620.0, 1622340.0], [692600.0, 1622340.0], [692600.0, 1622320.0], [692560.0, 1622320.0], [692560.0, 1622300.0], [692520.0, 1622300.0], [692520.0, 1622280.0], [692500.0, 1622280.0], [692500.0, 1622260.0], [692240.0, 1622260.0], [692240.0, 1622280.0], [692200.0, 1622280.0], [692200.0, 1622300.0], [692120.0, 1622300.0], [692120.0, 1622320.0], [692040.0, 1622320.0], [692040.0, 1622300.0], [691960.0, 1622300.0], [691960.0, 1622280.0], [691920.0, 1622280.0], [691920.0, 1622260.0], [691900.0, 1622260.0], [691900.0, 1622160.0], [691920.0, 1622160.0], [691920.0, 1622080.0], [691900.0, 1622080.0], [691900.0, 1622040.0], [691880.0, 1622040.0], [691880.0, 1621980.0], [691820.0, 1621980.0], [691820.0, 1622000.0], [691780.0, 1622000.0], [691780.0, 1622020.0], [691740.0, 1622020.0], [691740.0, 1622040.0], [691700.0, 1622040.0], [691700.0, 1622060.0], [691580.0, 1622060.0], [691580.0, 1622080.0], [691420.0, 1622080.0], [691420.0, 1622060.0], [691400.0, 1622060.0], [691400.0, 1622040.0], [691360.0, 1622040.0], [691360.0, 1621980.0], [691380.0, 1621980.0], [691380.0, 1621860.0], [691400.0, 1621860.0], [691400.0, 1621800.0], [691380.0, 1621800.0], [691380.0, 1621760.0], [691360.0, 1621760.0], [691360.0, 1621740.0], [691320.0, 1621740.0], [691320.0, 1621720.0], [691280.0, 1621720.0], [691280.0, 1621700.0], [691120.0, 1621700.0], [691120.0, 1621720.0], [691080.0, 1621720.0], [691080.0, 1621740.0], [691040.0, 1621740.0], [691040.0, 1621760.0], [690980.0, 1621760.0], [690980.0, 1621780.0], [690820.0, 1621780.0], [690820.0, 1621760.0], [690800.0, 1621760.0], [690800.0, 1621740.0], [690780.0, 1621740.0], [690780.0, 1621720.0], [690760.0, 1621720.0], [690760.0, 1621580.0], [690780.0, 1621580.0], [690780.0, 1621540.0], [690800.0, 1621540.0], [690800.0, 1621400.0], [690780.0, 1621400.0], [690780.0, 1621360.0], [690760.0, 1621360.0], [690760.0, 1621340.0], [690740.0, 1621340.0], [690740.0, 1621320.0], [690720.0, 1621320.0], [690720.0, 1621300.0], [690700.0, 1621300.0], [690700.0, 1621280.0], [690580.0, 1621280.0], [690580.0, 1621300.0], [690480.0, 1621300.0], [690480.0, 1621280.0], [690460.0, 1621280.0], [690460.0, 1621240.0], [690440.0, 1621240.0], [690440.0, 1621220.0], [690420.0, 1621220.0], [690420.0, 1621200.0], [690380.0, 1621200.0], [690380.0, 1621180.0], [690360.0, 1621180.0], [690360.0, 1621160.0], [690340.0, 1621160.0], [690340.0, 1621140.0], [690320.0, 1621140.0], [690320.0, 1621120.0], [690300.0, 1621120.0], [690300.0, 1621100.0], [690280.0, 1621100.0], [690280.0, 1620960.0], [690260.0, 1620960.0], [690260.0, 1620880.0], [690280.0, 1620880.0], [690280.0, 1620860.0], [690300.0, 1620860.0], [690300.0, 1620840.0], [690320.0, 1620840.0], [690320.0, 1620820.0], [690340.0, 1620820.0], [690340.0, 1620780.0], [690360.0, 1620780.0], [690360.0, 1620760.0], [690380.0, 1620760.0], [690380.0, 1620720.0], [690400.0, 1620720.0], [690400.0, 1620700.0], [690420.0, 1620700.0], [690420.0, 1620660.0], [690440.0, 1620660.0], [690440.0, 1620640.0], [690460.0, 1620640.0], [690460.0, 1620600.0], [690480.0, 1620600.0], [690480.0, 1620520.0], [690440.0, 1620520.0], [690440.0, 1620500.0], [690400.0, 1620500.0], [690400.0, 1620480.0], [690380.0, 1620480.0], [690380.0, 1620460.0], [690360.0, 1620460.0], [690360.0, 1620420.0], [690340.0, 1620420.0], [690340.0, 1620380.0], [690320.0, 1620380.0], [690320.0, 1620300.0], [690300.0, 1620300.0], [690300.0, 1620060.0], [690320.0, 1620060.0], [690320.0, 1620040.0], [690340.0, 1620040.0], [690340.0, 1620020.0], [690360.0, 1620020.0], [690360.0, 1620000.0], [690380.0, 1620000.0], [690380.0, 1619980.0], [690400.0, 1619980.0], [690400.0, 1619960.0], [690420.0, 1619960.0], [690420.0, 1619940.0], [690440.0, 1619940.0], [690440.0, 1619920.0], [690500.0, 1619920.0], [690500.0, 1619780.0], [690520.0, 1619780.0], [690520.0, 1619760.0], [690500.0, 1619760.0], [690500.0, 1619720.0], [690480.0, 1619720.0], [690480.0, 1619680.0], [690460.0, 1619680.0], [690460.0, 1619660.0], [690160.0, 1619660.0], [690160.0, 1619640.0], [690120.0, 1619640.0], [690120.0, 1619620.0], [690100.0, 1619620.0], [690100.0, 1619600.0], [690040.0, 1619600.0], [690040.0, 1619580.0], [690020.0, 1619580.0], [690020.0, 1619560.0], [689980.0, 1619560.0], [689980.0, 1619540.0], [689960.0, 1619540.0], [689960.0, 1619520.0], [689940.0, 1619520.0], [689940.0, 1619480.0], [689920.0, 1619480.0], [689920.0, 1619460.0], [689900.0, 1619460.0], [689900.0, 1619400.0], [689880.0, 1619400.0], [689880.0, 1619120.0], [689900.0, 1619120.0], [689900.0, 1618900.0], [689880.0, 1618900.0], [689880.0, 1618760.0], [689900.0, 1618760.0], [689900.0, 1618700.0], [689920.0, 1618700.0], [689920.0, 1618660.0], [689940.0, 1618660.0], [689940.0, 1618640.0], [689960.0, 1618640.0], [689960.0, 1618620.0], [689980.0, 1618620.0], [689980.0, 1618600.0], [690000.0, 1618600.0], [690000.0, 1618580.0], [690020.0, 1618580.0], [690020.0, 1618560.0], [690140.0, 1618560.0], [690140.0, 1618540.0], [690200.0, 1618540.0], [690200.0, 1618520.0], [690260.0, 1618520.0], [690260.0, 1618460.0], [690240.0, 1618460.0], [690240.0, 1618420.0], [690200.0, 1618420.0], [690200.0, 1618400.0], [690180.0, 1618400.0], [690180.0, 1618380.0], [690140.0, 1618380.0], [690140.0, 1618360.0], [690100.0, 1618360.0], [690100.0, 1618340.0], [690080.0, 1618340.0], [690080.0, 1618320.0], [690040.0, 1618320.0], [690040.0, 1618300.0], [690020.0, 1618300.0], [690020.0, 1618280.0], [690000.0, 1618280.0], [690000.0, 1618260.0], [689980.0, 1618260.0], [689980.0, 1618240.0], [689940.0, 1618240.0], [689940.0, 1618220.0], [689920.0, 1618220.0], [689920.0, 1618200.0], [689880.0, 1618200.0], [689880.0, 1618180.0], [689840.0, 1618180.0], [689840.0, 1618160.0], [689800.0, 1618160.0], [689800.0, 1618140.0], [689780.0, 1618140.0], [689780.0, 1618120.0], [689760.0, 1618120.0], [689760.0, 1618080.0], [689740.0, 1618080.0], [689740.0, 1618060.0], [689720.0, 1618060.0], [689720.0, 1618020.0], [689700.0, 1618020.0], [689700.0, 1618000.0], [689680.0, 1618000.0], [689680.0, 1617960.0], [689660.0, 1617960.0], [689660.0, 1617940.0], [689640.0, 1617940.0], [689640.0, 1617920.0], [689600.0, 1617920.0], [689600.0, 1617900.0], [689580.0, 1617900.0], [689580.0, 1617880.0], [689540.0, 1617880.0], [689540.0, 1617860.0], [689500.0, 1617860.0], [689500.0, 1617840.0], [689460.0, 1617840.0], [689460.0, 1617820.0], [689400.0, 1617820.0], [689400.0, 1617800.0], [689320.0, 1617800.0], [689320.0, 1617780.0], [689280.0, 1617780.0], [689280.0, 1617760.0], [689240.0, 1617760.0], [689240.0, 1617740.0], [689220.0, 1617740.0], [689220.0, 1617720.0], [689200.0, 1617720.0], [689200.0, 1617700.0], [689180.0, 1617700.0], [689180.0, 1617660.0], [689160.0, 1617660.0], [689160.0, 1617640.0], [689140.0, 1617640.0], [689140.0, 1617600.0], [689120.0, 1617600.0], [689120.0, 1617580.0], [689100.0, 1617580.0], [689100.0, 1617540.0], [689080.0, 1617540.0], [689080.0, 1617520.0], [689060.0, 1617520.0], [689060.0, 1617500.0], [689040.0, 1617500.0], [689040.0, 1617460.0], [689020.0, 1617460.0], [689020.0, 1617440.0], [689000.0, 1617440.0], [689000.0, 1617420.0], [688980.0, 1617420.0], [688980.0, 1617380.0], [688960.0, 1617380.0], [688960.0, 1617340.0], [688940.0, 1617340.0], [688940.0, 1617320.0], [688920.0, 1617320.0], [688920.0, 1617300.0], [688900.0, 1617300.0], [688900.0, 1617260.0], [688880.0, 1617260.0], [688880.0, 1617240.0], [688860.0, 1617240.0], [688860.0, 1617220.0], [688840.0, 1617220.0], [688840.0, 1617180.0], [688820.0, 1617180.0], [688820.0, 1617160.0], [688800.0, 1617160.0], [688800.0, 1617120.0], [688780.0, 1617120.0], [688780.0, 1617080.0], [688760.0, 1617080.0], [688760.0, 1617020.0], [688740.0, 1617020.0], [688740.0, 1616960.0], [688720.0, 1616960.0], [688720.0, 1616940.0], [688700.0, 1616940.0], [688700.0, 1616920.0], [688680.0, 1616920.0], [688680.0, 1616900.0], [688660.0, 1616900.0], [688660.0, 1616880.0], [688600.0, 1616880.0], [688600.0, 1616860.0], [688540.0, 1616860.0], [688540.0, 1616880.0], [688480.0, 1616880.0], [688480.0, 1616900.0], [688460.0, 1616900.0], [688460.0, 1616920.0], [688440.0, 1616920.0], [688440.0, 1616940.0], [688420.0, 1616940.0], [688420.0, 1616980.0], [688400.0, 1616980.0], [688400.0, 1617000.0], [688380.0, 1617000.0], [688380.0, 1617020.0], [688360.0, 1617020.0], [688360.0, 1617040.0], [688340.0, 1617040.0], [688340.0, 1617060.0], [688320.0, 1617060.0], [688320.0, 1617100.0], [688300.0, 1617100.0], [688300.0, 1617120.0], [688280.0, 1617120.0], [688280.0, 1617180.0], [688260.0, 1617180.0], [688260.0, 1617540.0], [688240.0, 1617540.0], [688240.0, 1617600.0], [688220.0, 1617600.0], [688220.0, 1617740.0], [688240.0, 1617740.0], [688240.0, 1617760.0], [688260.0, 1617760.0], [688260.0, 1617800.0], [688280.0, 1617800.0], [688280.0, 1617820.0], [688300.0, 1617820.0], [688300.0, 1617840.0], [688320.0, 1617840.0], [688320.0, 1617880.0], [688340.0, 1617880.0], [688340.0, 1617900.0], [688360.0, 1617900.0], [688360.0, 1617920.0], [688380.0, 1617920.0], [688380.0, 1617940.0], [688400.0, 1617940.0], [688400.0, 1617960.0], [688420.0, 1617960.0], [688420.0, 1617980.0], [688440.0, 1617980.0], [688440.0, 1618000.0], [688460.0, 1618000.0], [688460.0, 1618020.0], [688480.0, 1618020.0], [688480.0, 1618060.0], [688500.0, 1618060.0], [688500.0, 1618080.0], [688520.0, 1618080.0], [688520.0, 1618120.0], [688540.0, 1618120.0], [688540.0, 1618160.0], [688560.0, 1618160.0], [688560.0, 1618320.0], [688580.0, 1618320.0], [688580.0, 1618340.0], [688600.0, 1618340.0], [688600.0, 1618380.0], [688620.0, 1618380.0], [688620.0, 1618400.0], [688640.0, 1618400.0], [688640.0, 1618440.0], [688660.0, 1618440.0], [688660.0, 1618480.0], [688680.0, 1618480.0], [688680.0, 1618500.0], [688700.0, 1618500.0], [688700.0, 1618520.0], [688760.0, 1618520.0], [688760.0, 1618540.0], [688800.0, 1618540.0], [688800.0, 1618560.0], [688860.0, 1618560.0], [688860.0, 1618580.0], [688900.0, 1618580.0], [688900.0, 1618600.0], [689000.0, 1618600.0], [689000.0, 1618620.0], [689020.0, 1618620.0], [689020.0, 1618640.0], [689040.0, 1618640.0], [689040.0, 1618660.0], [689060.0, 1618660.0], [689060.0, 1618680.0], [689080.0, 1618680.0], [689080.0, 1618700.0], [689100.0, 1618700.0], [689100.0, 1618720.0], [689120.0, 1618720.0], [689120.0, 1618760.0], [689140.0, 1618760.0], [689140.0, 1618820.0], [689160.0, 1618820.0], [689160.0, 1618880.0], [689180.0, 1618880.0], [689180.0, 1618920.0], [689200.0, 1618920.0], [689200.0, 1618940.0], [689220.0, 1618940.0], [689220.0, 1618980.0], [689240.0, 1618980.0], [689240.0, 1619100.0], [689440.0, 1619100.0], [689440.0, 1619120.0], [689560.0, 1619120.0], [689560.0, 1619140.0], [689600.0, 1619140.0], [689600.0, 1619160.0], [689620.0, 1619160.0], [689620.0, 1619180.0], [689640.0, 1619180.0], [689640.0, 1619200.0], [689660.0, 1619200.0], [689660.0, 1619220.0], [689680.0, 1619220.0], [689680.0, 1619260.0], [689700.0, 1619260.0], [689700.0, 1619280.0], [689720.0, 1619280.0], [689720.0, 1619340.0], [689740.0, 1619340.0], [689740.0, 1619380.0], [689760.0, 1619380.0], [689760.0, 1619460.0], [689740.0, 1619460.0], [689740.0, 1619520.0], [689720.0, 1619520.0], [689720.0, 1619560.0], [689700.0, 1619560.0], [689700.0, 1619660.0], [689680.0, 1619660.0], [689680.0, 1619720.0], [689700.0, 1619720.0], [689700.0, 1619740.0], [689720.0, 1619740.0], [689720.0, 1619800.0], [689740.0, 1619800.0], [689740.0, 1619840.0], [689760.0, 1619840.0], [689760.0, 1619880.0], [689780.0, 1619880.0], [689780.0, 1620120.0], [689800.0, 1620120.0], [689800.0, 1620160.0], [689820.0, 1620160.0], [689820.0, 1620180.0], [689840.0, 1620180.0], [689840.0, 1620200.0], [689880.0, 1620200.0], [689880.0, 1620220.0], [689940.0, 1620220.0], [689940.0, 1620240.0], [689980.0, 1620240.0], [689980.0, 1620260.0], [690040.0, 1620260.0], [690040.0, 1620280.0], [690080.0, 1620280.0], [690080.0, 1620300.0], [690100.0, 1620300.0], [690100.0, 1620320.0], [690120.0, 1620320.0], [690120.0, 1620340.0], [690160.0, 1620340.0], [690160.0, 1620360.0], [690180.0, 1620360.0], [690180.0, 1620380.0], [690200.0, 1620380.0], [690200.0, 1620400.0], [690220.0, 1620400.0], [690220.0, 1620460.0], [690240.0, 1620460.0], [690240.0, 1620660.0], [690220.0, 1620660.0], [690220.0, 1620720.0], [690200.0, 1620720.0], [690200.0, 1620740.0], [690180.0, 1620740.0], [690180.0, 1620780.0], [690160.0, 1620780.0], [690160.0, 1620820.0], [690140.0, 1620820.0], [690140.0, 1620920.0], [690120.0, 1620920.0], [690120.0, 1620940.0], [690100.0, 1620940.0], [690100.0, 1620960.0], [690080.0, 1620960.0], [690080.0, 1620980.0], [690060.0, 1620980.0], [690060.0, 1621000.0], [690020.0, 1621000.0], [690020.0, 1621020.0], [690000.0, 1621020.0], [690000.0, 1621040.0], [689960.0, 1621040.0], [689960.0, 1621060.0], [689940.0, 1621060.0], [689940.0, 1621080.0], [689920.0, 1621080.0], [689920.0, 1621100.0], [689780.0, 1621100.0], [689780.0, 1621120.0], [689760.0, 1621120.0], [689760.0, 1621140.0], [689740.0, 1621140.0], [689740.0, 1621200.0], [689720.0, 1621200.0], [689720.0, 1621220.0], [689740.0, 1621220.0], [689740.0, 1621300.0], [689760.0, 1621300.0], [689760.0, 1621320.0], [689780.0, 1621320.0], [689780.0, 1621340.0], [689800.0, 1621340.0], [689800.0, 1621460.0], [689820.0, 1621460.0], [689820.0, 1621480.0], [689840.0, 1621480.0], [689840.0, 1621520.0], [689860.0, 1621520.0], [689860.0, 1621560.0], [689880.0, 1621560.0], [689880.0, 1621580.0], [689900.0, 1621580.0], [689900.0, 1621640.0], [689920.0, 1621640.0], [689920.0, 1621660.0], [689940.0, 1621660.0], [689940.0, 1621680.0], [689960.0, 1621680.0], [689960.0, 1621720.0], [689980.0, 1621720.0], [689980.0, 1621860.0], [689960.0, 1621860.0], [689960.0, 1621880.0], [689940.0, 1621880.0], [689940.0, 1621900.0], [689920.0, 1621900.0], [689920.0, 1621920.0], [689900.0, 1621920.0], [689900.0, 1621940.0], [689880.0, 1621940.0], [689880.0, 1621960.0], [689860.0, 1621960.0], [689860.0, 1621980.0], [689840.0, 1621980.0], [689840.0, 1622000.0], [689800.0, 1622000.0], [689800.0, 1622020.0], [689780.0, 1622020.0], [689780.0, 1622040.0], [689740.0, 1622040.0], [689740.0, 1622060.0], [689720.0, 1622060.0], [689720.0, 1622080.0], [689680.0, 1622080.0], [689680.0, 1622100.0], [689660.0, 1622100.0], [689660.0, 1622120.0], [689620.0, 1622120.0], [689620.0, 1622140.0], [689600.0, 1622140.0], [689600.0, 1622360.0], [689580.0, 1622360.0], [689580.0, 1622380.0], [689560.0, 1622380.0], [689560.0, 1622400.0], [689540.0, 1622400.0], [689540.0, 1622440.0], [689520.0, 1622440.0], [689520.0, 1622480.0], [689500.0, 1622480.0], [689500.0, 1622520.0], [689480.0, 1622520.0], [689480.0, 1622560.0], [689460.0, 1622560.0], [689460.0, 1622740.0], [689480.0, 1622740.0], [689480.0, 1622900.0], [689460.0, 1622900.0], [689460.0, 1622920.0], [689440.0, 1622920.0], [689440.0, 1622940.0], [689420.0, 1622940.0], [689420.0, 1622980.0], [689400.0, 1622980.0], [689400.0, 1623000.0], [689380.0, 1623000.0], [689380.0, 1623020.0], [689340.0, 1623020.0], [689340.0, 1623040.0], [689300.0, 1623040.0], [689300.0, 1623060.0], [689280.0, 1623060.0], [689280.0, 1623080.0], [689260.0, 1623080.0], [689260.0, 1623100.0], [689240.0, 1623100.0], [689240.0, 1623120.0], [689220.0, 1623120.0], [689220.0, 1623140.0], [689200.0, 1623140.0], [689200.0, 1623160.0], [689180.0, 1623160.0], [689180.0, 1623200.0], [689160.0, 1623200.0], [689160.0, 1623240.0], [689140.0, 1623240.0], [689140.0, 1623280.0], [689120.0, 1623280.0], [689120.0, 1623320.0], [689100.0, 1623320.0], [689100.0, 1623340.0], [689080.0, 1623340.0], [689080.0, 1623360.0], [689060.0, 1623360.0], [689060.0, 1623380.0], [689040.0, 1623380.0], [689040.0, 1623400.0], [689000.0, 1623400.0], [689000.0, 1623420.0], [688980.0, 1623420.0], [688980.0, 1623440.0], [688960.0, 1623440.0], [688960.0, 1623460.0], [688940.0, 1623460.0], [688940.0, 1623480.0], [688920.0, 1623480.0], [688920.0, 1623500.0], [688900.0, 1623500.0], [688900.0, 1623520.0], [688880.0, 1623520.0], [688880.0, 1623540.0], [688860.0, 1623540.0], [688860.0, 1623560.0], [688820.0, 1623560.0], [688820.0, 1623580.0], [688780.0, 1623580.0], [688780.0, 1623600.0], [688600.0, 1623600.0], [688600.0, 1623620.0], [688560.0, 1623620.0], [688560.0, 1623640.0], [688540.0, 1623640.0], [688540.0, 1623660.0], [688520.0, 1623660.0], [688520.0, 1623680.0], [688480.0, 1623680.0], [688480.0, 1623700.0], [688440.0, 1623700.0], [688440.0, 1623720.0], [688360.0, 1623720.0], [688360.0, 1623740.0], [688180.0, 1623740.0], [688180.0, 1623760.0], [688120.0, 1623760.0], [688120.0, 1623780.0], [688100.0, 1623780.0], [688100.0, 1623800.0], [688060.0, 1623800.0], [688060.0, 1623820.0], [688020.0, 1623820.0], [688020.0, 1623840.0], [688000.0, 1623840.0], [688000.0, 1623860.0], [687980.0, 1623860.0], [687980.0, 1623880.0], [687940.0, 1623880.0], [687940.0, 1623900.0], [687920.0, 1623900.0], [687920.0, 1623940.0], [687900.0, 1623940.0], [687900.0, 1623960.0], [687880.0, 1623960.0], [687880.0, 1623980.0], [687860.0, 1623980.0], [687860.0, 1624000.0], [687840.0, 1624000.0], [687840.0, 1624020.0], [687800.0, 1624020.0], [687800.0, 1624040.0], [687760.0, 1624040.0], [687760.0, 1624060.0], [687740.0, 1624060.0], [687740.0, 1624080.0], [687720.0, 1624080.0], [687720.0, 1624100.0], [687700.0, 1624100.0], [687700.0, 1624120.0], [687680.0, 1624120.0], [687680.0, 1624140.0], [687660.0, 1624140.0], [687660.0, 1624180.0], [687640.0, 1624180.0], [687640.0, 1624200.0], [687620.0, 1624200.0], [687620.0, 1624220.0], [687600.0, 1624220.0], [687600.0, 1624240.0], [687580.0, 1624240.0], [687580.0, 1624280.0], [687560.0, 1624280.0], [687560.0, 1624320.0], [687540.0, 1624320.0], [687540.0, 1624340.0], [687520.0, 1624340.0], [687520.0, 1624360.0], [687500.0, 1624360.0], [687500.0, 1624380.0], [687480.0, 1624380.0], [687480.0, 1624400.0], [687440.0, 1624400.0], [687440.0, 1624420.0], [687400.0, 1624420.0], [687400.0, 1624440.0], [687360.0, 1624440.0], [687360.0, 1624460.0], [687320.0, 1624460.0], [687320.0, 1624480.0], [687300.0, 1624480.0], [687300.0, 1624500.0], [687280.0, 1624500.0], [687280.0, 1624540.0], [687260.0, 1624540.0], [687260.0, 1624580.0], [687240.0, 1624580.0], [687240.0, 1624600.0], [687220.0, 1624600.0], [687220.0, 1624620.0], [687200.0, 1624620.0], [687200.0, 1624640.0], [687180.0, 1624640.0], [687180.0, 1624660.0], [687160.0, 1624660.0], [687160.0, 1624700.0], [687140.0, 1624700.0], [687140.0, 1624720.0], [687120.0, 1624720.0], [687120.0, 1624760.0], [687100.0, 1624760.0], [687100.0, 1624800.0], [687080.0, 1624800.0], [687080.0, 1624840.0], [687060.0, 1624840.0], [687060.0, 1624880.0], [687040.0, 1624880.0], [687040.0, 1624900.0], [687020.0, 1624900.0], [687020.0, 1624940.0], [687000.0, 1624940.0], [687000.0, 1624960.0], [686980.0, 1624960.0], [686980.0, 1624980.0], [686960.0, 1624980.0], [686960.0, 1625000.0], [686940.0, 1625000.0], [686940.0, 1625020.0], [686920.0, 1625020.0], [686920.0, 1625040.0], [686900.0, 1625040.0], [686900.0, 1625060.0], [686880.0, 1625060.0], [686880.0, 1625080.0], [686860.0, 1625080.0], [686860.0, 1625120.0], [686840.0, 1625120.0], [686840.0, 1625440.0], [686860.0, 1625440.0], [686860.0, 1625500.0], [686840.0, 1625500.0], [686840.0, 1625540.0], [686820.0, 1625540.0], [686820.0, 1625560.0], [686800.0, 1625560.0], [686800.0, 1625580.0], [686780.0, 1625580.0], [686780.0, 1625600.0], [686740.0, 1625600.0], [686740.0, 1625620.0], [686700.0, 1625620.0], [686700.0, 1625640.0], [686660.0, 1625640.0], [686660.0, 1625660.0], [686600.0, 1625660.0], [686600.0, 1625680.0], [686520.0, 1625680.0], [686520.0, 1625700.0], [686480.0, 1625700.0], [686480.0, 1625680.0], [686420.0, 1625680.0], [686420.0, 1625700.0], [686400.0, 1625700.0], [686400.0, 1625720.0], [686380.0, 1625720.0], [686380.0, 1625740.0], [686220.0, 1625740.0], [686220.0, 1625720.0], [686180.0, 1625720.0], [686180.0, 1625700.0], [686160.0, 1625700.0], [686160.0, 1625680.0], [686120.0, 1625680.0], [686120.0, 1625660.0], [686080.0, 1625660.0], [686080.0, 1625640.0], [686060.0, 1625640.0], [686060.0, 1625620.0], [686020.0, 1625620.0], [686020.0, 1625600.0], [686000.0, 1625600.0], [686000.0, 1625580.0], [685960.0, 1625580.0], [685960.0, 1625560.0], [685900.0, 1625560.0], [685900.0, 1625540.0], [685760.0, 1625540.0], [685760.0, 1625560.0], [685680.0, 1625560.0], [685680.0, 1625580.0], [685660.0, 1625580.0], [685660.0, 1625600.0], [685640.0, 1625600.0], [685640.0, 1625620.0], [685600.0, 1625620.0], [685600.0, 1625640.0], [685560.0, 1625640.0], [685560.0, 1625660.0], [685520.0, 1625660.0], [685520.0, 1625680.0], [685440.0, 1625680.0], [685440.0, 1625700.0], [685340.0, 1625700.0], [685340.0, 1625720.0], [685220.0, 1625720.0], [685220.0, 1625740.0], [685160.0, 1625740.0], [685160.0, 1625760.0], [685140.0, 1625760.0], [685140.0, 1625780.0], [685120.0, 1625780.0], [685120.0, 1625800.0], [685100.0, 1625800.0], [685100.0, 1625820.0], [685080.0, 1625820.0], [685080.0, 1625840.0], [685060.0, 1625840.0], [685060.0, 1625880.0], [685040.0, 1625880.0], [685040.0, 1625920.0], [685020.0, 1625920.0], [685020.0, 1625940.0], [685000.0, 1625940.0], [685000.0, 1625980.0], [684980.0, 1625980.0], [684980.0, 1626000.0], [684960.0, 1626000.0], [684960.0, 1626040.0], [684940.0, 1626040.0], [684940.0, 1626060.0], [684920.0, 1626060.0], [684920.0, 1626080.0], [684900.0, 1626080.0], [684900.0, 1626100.0], [684880.0, 1626100.0], [684880.0, 1626120.0], [684860.0, 1626120.0], [684860.0, 1626140.0], [684840.0, 1626140.0], [684840.0, 1626180.0], [684820.0, 1626180.0], [684820.0, 1626220.0], [684800.0, 1626220.0], [684800.0, 1626380.0], [684820.0, 1626380.0], [684820.0, 1626420.0], [684840.0, 1626420.0], [684840.0, 1626440.0], [684860.0, 1626440.0], [684860.0, 1626480.0], [684880.0, 1626480.0], [684880.0, 1626500.0], [684900.0, 1626500.0], [684900.0, 1626520.0], [684920.0, 1626520.0], [684920.0, 1626560.0], [684940.0, 1626560.0], [684940.0, 1626580.0], [684960.0, 1626580.0], [684960.0, 1626620.0], [684980.0, 1626620.0], [684980.0, 1626660.0], [685000.0, 1626660.0], [685000.0, 1626720.0], [685020.0, 1626720.0], [685020.0, 1626760.0], [685040.0, 1626760.0], [685040.0, 1626780.0], [685060.0, 1626780.0], [685060.0, 1626820.0], [685080.0, 1626820.0], [685080.0, 1626840.0], [685100.0, 1626840.0], [685100.0, 1626860.0], [685140.0, 1626860.0], [685140.0, 1626880.0], [685200.0, 1626880.0], [685200.0, 1626900.0], [685280.0, 1626900.0], [685280.0, 1626920.0], [685320.0, 1626920.0], [685320.0, 1626940.0], [685340.0, 1626940.0], [685340.0, 1626960.0], [685360.0, 1626960.0], [685360.0, 1626980.0], [685380.0, 1626980.0], [685380.0, 1627000.0], [685400.0, 1627000.0], [685400.0, 1627020.0], [685420.0, 1627020.0], [685420.0, 1627040.0], [685440.0, 1627040.0], [685440.0, 1627060.0], [685600.0, 1627060.0], [685600.0, 1627040.0], [685660.0, 1627040.0], [685660.0, 1627060.0], [685760.0, 1627060.0], [685760.0, 1627080.0], [685820.0, 1627080.0], [685820.0, 1627100.0], [685880.0, 1627100.0], [685880.0, 1627120.0], [685920.0, 1627120.0], [685920.0, 1627140.0], [685940.0, 1627140.0], [685940.0, 1627160.0], [685980.0, 1627160.0], [685980.0, 1627180.0], [686000.0, 1627180.0], [686000.0, 1627200.0], [686020.0, 1627200.0], [686020.0, 1627220.0], [686040.0, 1627220.0], [686040.0, 1627240.0], [686060.0, 1627240.0], [686060.0, 1627260.0], [686080.0, 1627260.0], [686080.0, 1627300.0], [686100.0, 1627300.0], [686100.0, 1627320.0], [686120.0, 1627320.0], [686120.0, 1627340.0], [686140.0, 1627340.0], [686140.0, 1627380.0], [686160.0, 1627380.0], [686160.0, 1627420.0], [686180.0, 1627420.0], [686180.0, 1627460.0], [686220.0, 1627460.0], [686220.0, 1627480.0], [686280.0, 1627480.0], [686280.0, 1627500.0], [686320.0, 1627500.0], [686320.0, 1627520.0], [686340.0, 1627520.0], [686340.0, 1627540.0], [686360.0, 1627540.0], [686360.0, 1627560.0], [686400.0, 1627560.0], [686400.0, 1627580.0], [686440.0, 1627580.0], [686440.0, 1627600.0], [686460.0, 1627600.0], [686460.0, 1627620.0], [686480.0, 1627620.0], [686480.0, 1627640.0], [686500.0, 1627640.0], [686500.0, 1627660.0], [686520.0, 1627660.0], [686520.0, 1627680.0], [686540.0, 1627680.0], [686540.0, 1627700.0], [686560.0, 1627700.0], [686560.0, 1627720.0], [686580.0, 1627720.0], [686580.0, 1627740.0], [686600.0, 1627740.0], [686600.0, 1627760.0], [686620.0, 1627760.0], [686620.0, 1627800.0], [686640.0, 1627800.0], [686640.0, 1627820.0], [686660.0, 1627820.0], [686660.0, 1627880.0], [686680.0, 1627880.0], [686680.0, 1627940.0], [686700.0, 1627940.0], [686700.0, 1628040.0], [686720.0, 1628040.0], [686720.0, 1628140.0], [686740.0, 1628140.0], [686740.0, 1628180.0], [686760.0, 1628180.0], [686760.0, 1628220.0], [686780.0, 1628220.0], [686780.0, 1628240.0], [686800.0, 1628240.0], [686800.0, 1628260.0], [686820.0, 1628260.0], [686820.0, 1628280.0], [686840.0, 1628280.0], [686840.0, 1628300.0], [686880.0, 1628300.0], [686880.0, 1628320.0], [686900.0, 1628320.0], [686900.0, 1628340.0], [686960.0, 1628340.0], [686960.0, 1628360.0], [687000.0, 1628360.0], [687000.0, 1628320.0], [687020.0, 1628320.0], [687020.0, 1628280.0], [687040.0, 1628280.0], [687040.0, 1628240.0], [687060.0, 1628240.0], [687060.0, 1628180.0], [687080.0, 1628180.0], [687080.0, 1628140.0], [687100.0, 1628140.0], [687100.0, 1628080.0], [687120.0, 1628080.0], [687120.0, 1628040.0], [687140.0, 1628040.0], [687140.0, 1628020.0], [687160.0, 1628020.0], [687160.0, 1628000.0], [687180.0, 1628000.0], [687180.0, 1627980.0], [687200.0, 1627980.0], [687200.0, 1627960.0], [687360.0, 1627960.0], [687360.0, 1627980.0], [687400.0, 1627980.0], [687400.0, 1628000.0], [687540.0, 1628000.0], [687540.0, 1628020.0], [687600.0, 1628020.0], [687600.0, 1628040.0], [687620.0, 1628040.0], [687620.0, 1628060.0], [687660.0, 1628060.0], [687660.0, 1628080.0], [687680.0, 1628080.0], [687680.0, 1628100.0], [687700.0, 1628100.0], [687700.0, 1628120.0], [687720.0, 1628120.0], [687720.0, 1628140.0], [687740.0, 1628140.0], [687740.0, 1628160.0], [687760.0, 1628160.0], [687760.0, 1628180.0], [687800.0, 1628180.0], [687800.0, 1628200.0], [687820.0, 1628200.0], [687820.0, 1628220.0], [687840.0, 1628220.0], [687840.0, 1628240.0], [687880.0, 1628240.0], [687880.0, 1628260.0], [688020.0, 1628260.0], [688020.0, 1628240.0], [688040.0, 1628240.0], [688040.0, 1628220.0], [688060.0, 1628220.0], [688060.0, 1628200.0], [688080.0, 1628200.0], [688080.0, 1628180.0], [688100.0, 1628180.0], [688100.0, 1628160.0], [688140.0, 1628160.0], [688140.0, 1628140.0], [688320.0, 1628140.0], [688320.0, 1628160.0], [688340.0, 1628160.0], [688340.0, 1628180.0], [688440.0, 1628180.0], [688440.0, 1628160.0], [688580.0, 1628160.0], [688580.0, 1628180.0], [688620.0, 1628180.0], [688620.0, 1628200.0], [688660.0, 1628200.0], [688660.0, 1628220.0], [688720.0, 1628220.0], [688720.0, 1628240.0], [688760.0, 1628240.0], [688760.0, 1628260.0], [688920.0, 1628260.0], [688920.0, 1628280.0], [688940.0, 1628280.0], [688940.0, 1628300.0], [688960.0, 1628300.0], [688960.0, 1628320.0], [688980.0, 1628320.0], [688980.0, 1628340.0], [689040.0, 1628340.0], [689040.0, 1628360.0], [689120.0, 1628360.0], [689120.0, 1628380.0], [689160.0, 1628380.0], [689160.0, 1628400.0], [689200.0, 1628400.0], [689200.0, 1628420.0], [689220.0, 1628420.0], [689220.0, 1628440.0], [689240.0, 1628440.0], [689240.0, 1628460.0], [689260.0, 1628460.0], [689260.0, 1628480.0], [689280.0, 1628480.0], [689280.0, 1628620.0], [689260.0, 1628620.0], [689260.0, 1628660.0], [689240.0, 1628660.0], [689240.0, 1628680.0], [689260.0, 1628680.0], [689260.0, 1628760.0], [689280.0, 1628760.0], [689280.0, 1628800.0], [689300.0, 1628800.0], [689300.0, 1629000.0], [689320.0, 1629000.0], [689320.0, 1629020.0], [689340.0, 1629020.0], [689340.0, 1629040.0], [689360.0, 1629040.0], [689360.0, 1629060.0], [689380.0, 1629060.0], [689380.0, 1629080.0], [689400.0, 1629080.0], [689400.0, 1629100.0], [689480.0, 1629100.0], [689480.0, 1629120.0], [689520.0, 1629120.0], [689520.0, 1629140.0], [689540.0, 1629140.0], [689540.0, 1629160.0], [689580.0, 1629160.0], [689580.0, 1629180.0], [689680.0, 1629180.0], [689680.0, 1629160.0], [689700.0, 1629160.0], [689700.0, 1629140.0], [689720.0, 1629140.0], [689720.0, 1629120.0], [689740.0, 1629120.0], [689740.0, 1629100.0], [689940.0, 1629100.0], [689940.0, 1629120.0], [689960.0, 1629120.0], [689960.0, 1629100.0], [689980.0, 1629100.0], [689980.0, 1629080.0], [690000.0, 1629080.0], [690000.0, 1629060.0], [690020.0, 1629060.0], [690020.0, 1629040.0], [690060.0, 1629040.0], [690060.0, 1629000.0], [690080.0, 1629000.0], [690080.0, 1628980.0], [690100.0, 1628980.0], [690100.0, 1628940.0], [690120.0, 1628940.0], [690120.0, 1628920.0], [690140.0, 1628920.0], [690140.0, 1628900.0], [690160.0, 1628900.0], [690160.0, 1628880.0], [690200.0, 1628880.0], [690200.0, 1628860.0], [690380.0, 1628860.0], [690380.0, 1628880.0], [690400.0, 1628880.0], [690400.0, 1628900.0], [690420.0, 1628900.0], [690420.0, 1628920.0], [690440.0, 1628920.0], [690440.0, 1628940.0], [690460.0, 1628940.0], [690460.0, 1628960.0], [690480.0, 1628960.0], [690480.0, 1629040.0], [690500.0, 1629040.0], [690500.0, 1629120.0], [690520.0, 1629120.0], [690520.0, 1629140.0], [690540.0, 1629140.0], [690540.0, 1629160.0], [690620.0, 1629160.0], [690620.0, 1629180.0], [690680.0, 1629180.0], [690680.0, 1629200.0], [690820.0, 1629200.0], [690820.0, 1629220.0], [690940.0, 1629220.0], [690940.0, 1629240.0], [691120.0, 1629240.0], [691120.0, 1629260.0], [691140.0, 1629260.0], [691140.0, 1629280.0], [691160.0, 1629280.0], [691160.0, 1629300.0], [691180.0, 1629300.0], [691180.0, 1629340.0], [691240.0, 1629340.0], [691240.0, 1629360.0], [691260.0, 1629360.0], [691260.0, 1629380.0], [691280.0, 1629380.0], [691280.0, 1629400.0], [691300.0, 1629400.0], [691300.0, 1629440.0], [691320.0, 1629440.0], [691320.0, 1629480.0], [691340.0, 1629480.0], [691340.0, 1629540.0], [691360.0, 1629540.0], [691360.0, 1629580.0], [691380.0, 1629580.0], [691380.0, 1629600.0], [691420.0, 1629600.0], [691420.0, 1629620.0], [691460.0, 1629620.0], [691460.0, 1629640.0], [691500.0, 1629640.0], [691500.0, 1629660.0], [691520.0, 1629660.0], [691520.0, 1629680.0], [691540.0, 1629680.0], [691540.0, 1629700.0], [691560.0, 1629700.0], [691560.0, 1629720.0], [691580.0, 1629720.0], [691580.0, 1629740.0], [691600.0, 1629740.0], [691600.0, 1629760.0], [691740.0, 1629760.0], [691740.0, 1629780.0], [691840.0, 1629780.0], [691840.0, 1629800.0], [691860.0, 1629800.0], [691860.0, 1629780.0], [691900.0, 1629780.0], [691900.0, 1629760.0], [692160.0, 1629760.0], [692160.0, 1629780.0], [692180.0, 1629780.0], [692180.0, 1629800.0], [692220.0, 1629800.0], [692220.0, 1629780.0], [692460.0, 1629780.0], [692460.0, 1629800.0], [692480.0, 1629800.0], [692480.0, 1629820.0], [692500.0, 1629820.0], [692500.0, 1629840.0], [692520.0, 1629840.0], [692520.0, 1629860.0], [692560.0, 1629860.0], [692560.0, 1629880.0], [692580.0, 1629880.0], [692580.0, 1629900.0], [692600.0, 1629900.0], [692600.0, 1629920.0], [692620.0, 1629920.0], [692620.0, 1629960.0], [692640.0, 1629960.0], [692640.0, 1629980.0], [692680.0, 1629980.0], [692680.0, 1630000.0], [692700.0, 1630000.0], [692700.0, 1630020.0], [692720.0, 1630020.0], [692720.0, 1630040.0], [692740.0, 1630040.0], [692740.0, 1630180.0], [692820.0, 1630180.0], [692820.0, 1630200.0], [692860.0, 1630200.0], [692860.0, 1630220.0], [692880.0, 1630220.0], [692880.0, 1630240.0], [692920.0, 1630240.0], [692920.0, 1630260.0], [692960.0, 1630260.0], [692960.0, 1630240.0], [693000.0, 1630240.0], [693000.0, 1630220.0], [693200.0, 1630220.0], [693200.0, 1630200.0], [693500.0, 1630200.0], [693500.0, 1630220.0], [693540.0, 1630220.0], [693540.0, 1630240.0], [693580.0, 1630240.0], [693580.0, 1630260.0], [693600.0, 1630260.0], [693600.0, 1630280.0], [693640.0, 1630280.0], [693640.0, 1630300.0], [693680.0, 1630300.0], [693680.0, 1630320.0], [693720.0, 1630320.0], [693720.0, 1630340.0], [693740.0, 1630340.0], [693740.0, 1630360.0], [693780.0, 1630360.0], [693780.0, 1630380.0], [693800.0, 1630380.0], [693800.0, 1630360.0], [693940.0, 1630360.0], [693940.0, 1630340.0], [693960.0, 1630340.0], [693960.0, 1630300.0], [693980.0, 1630300.0], [693980.0, 1630260.0], [694000.0, 1630260.0], [694000.0, 1630220.0], [694020.0, 1630220.0], [694020.0, 1630200.0], [694040.0, 1630200.0], [694040.0, 1630180.0], [694060.0, 1630180.0], [694060.0, 1630160.0], [694120.0, 1630160.0], [694120.0, 1630140.0], [694200.0, 1630140.0], [694200.0, 1630120.0], [694360.0, 1630120.0], [694360.0, 1630140.0], [694540.0, 1630140.0], [694540.0, 1630160.0], [694560.0, 1630160.0], [694560.0, 1630180.0], [694580.0, 1630180.0], [694580.0, 1630200.0], [694600.0, 1630200.0], [694600.0, 1630260.0], [694620.0, 1630260.0], [694620.0, 1630420.0], [694640.0, 1630420.0], [694640.0, 1630440.0], [694920.0, 1630440.0], [694920.0, 1630460.0], [694940.0, 1630460.0], [694940.0, 1630480.0], [695160.0, 1630480.0], [695160.0, 1630460.0], [695180.0, 1630460.0], [695180.0, 1630440.0], [695220.0, 1630440.0], [695220.0, 1630420.0], [695260.0, 1630420.0], [695260.0, 1630400.0], [695280.0, 1630400.0], [695280.0, 1630380.0], [695300.0, 1630380.0], [695300.0, 1630360.0], [695320.0, 1630360.0], [695320.0, 1630340.0], [695360.0, 1630340.0], [695360.0, 1630320.0], [695560.0, 1630320.0], [695560.0, 1630300.0], [695600.0, 1630300.0], [695600.0, 1630280.0], [695660.0, 1630280.0], [695660.0, 1630260.0], [695780.0, 1630260.0], [695780.0, 1630240.0], [695840.0, 1630240.0], [695840.0, 1630220.0], [696120.0, 1630220.0], [696120.0, 1630240.0], [696180.0, 1630240.0], [696180.0, 1630260.0], [696240.0, 1630260.0], [696240.0, 1630280.0], [696300.0, 1630280.0], [696300.0, 1630300.0], [696320.0, 1630300.0], [696320.0, 1630320.0], [696360.0, 1630320.0], [696360.0, 1630340.0], [696380.0, 1630340.0], [696380.0, 1630360.0], [696400.0, 1630360.0], [696400.0, 1630380.0], [696420.0, 1630380.0], [696420.0, 1630400.0], [696460.0, 1630400.0], [696460.0, 1630420.0], [696500.0, 1630420.0], [696500.0, 1630440.0], [696520.0, 1630440.0], [696520.0, 1630460.0], [696540.0, 1630460.0], [696540.0, 1630480.0], [696560.0, 1630480.0], [696560.0, 1630500.0], [696580.0, 1630500.0], [696580.0, 1630540.0], [696600.0, 1630540.0], [696600.0, 1630560.0], [696620.0, 1630560.0], [696620.0, 1630600.0], [696640.0, 1630600.0], [696640.0, 1630640.0], [696660.0, 1630640.0], [696660.0, 1630660.0], [696680.0, 1630660.0], [696680.0, 1630680.0], [696700.0, 1630680.0], [696700.0, 1630700.0], [696720.0, 1630700.0], [696720.0, 1630720.0], [696760.0, 1630720.0], [696760.0, 1630740.0], [696800.0, 1630740.0], [696800.0, 1630760.0], [696820.0, 1630760.0], [696820.0, 1630780.0], [696840.0, 1630780.0], [696840.0, 1630800.0], [696860.0, 1630800.0], [696860.0, 1630880.0], [696880.0, 1630880.0], [696880.0, 1630920.0], [696900.0, 1630920.0], [696900.0, 1630940.0], [696920.0, 1630940.0], [696920.0, 1630980.0], [696940.0, 1630980.0], [696940.0, 1631000.0], [696960.0, 1631000.0], [696960.0, 1631020.0], [696980.0, 1631020.0], [696980.0, 1631040.0], [697000.0, 1631040.0], [697000.0, 1631060.0], [697020.0, 1631060.0], [697020.0, 1631080.0], [697040.0, 1631080.0], [697040.0, 1631100.0], [697060.0, 1631100.0], [697060.0, 1631120.0], [697100.0, 1631120.0], [697100.0, 1631140.0]], [[697300.0, 1631120.0], [697360.0, 1631120.0], [697360.0, 1631100.0], [697380.0, 1631100.0], [697380.0, 1631080.0], [697320.0, 1631080.0], [697320.0, 1631100.0], [697300.0, 1631100.0], [697300.0, 1631120.0]], [[696860.0, 1631060.0], [696880.0, 1631060.0], [696880.0, 1631040.0], [696860.0, 1631040.0], [696860.0, 1631060.0]], [[696900.0, 1631060.0], [696920.0, 1631060.0], [696920.0, 1631040.0], [696900.0, 1631040.0], [696900.0, 1631060.0]], [[696820.0, 1630980.0], [696840.0, 1630980.0], [696840.0, 1630960.0], [696820.0, 1630960.0], [696820.0, 1630980.0]], [[696780.0, 1630940.0], [696800.0, 1630940.0], [696800.0, 1630920.0], [696780.0, 1630920.0], [696780.0, 1630940.0]], [[696800.0, 1630880.0], [696820.0, 1630880.0], [696820.0, 1630860.0], [696800.0, 1630860.0], [696800.0, 1630880.0]], [[696660.0, 1630760.0], [696680.0, 1630760.0], [696680.0, 1630740.0], [696660.0, 1630740.0], [696660.0, 1630760.0]], [[695160.0, 1630580.0], [695180.0, 1630580.0], [695180.0, 1630560.0], [695160.0, 1630560.0], [695160.0, 1630580.0]], [[694880.0, 1630520.0], [694920.0, 1630520.0], [694920.0, 1630500.0], [694880.0, 1630500.0], [694880.0, 1630520.0]], [[695260.0, 1630520.0], [695280.0, 1630520.0], [695280.0, 1630500.0], [695260.0, 1630500.0], [695260.0, 1630520.0]], [[694560.0, 1630500.0], [694580.0, 1630500.0], [694580.0, 1630480.0], [694560.0, 1630480.0], [694560.0, 1630500.0]], [[695300.0, 1630500.0], [695320.0, 1630500.0], [695320.0, 1630480.0], [695300.0, 1630480.0], [695300.0, 1630500.0]], [[696440.0, 1630500.0], [696460.0, 1630500.0], [696460.0, 1630480.0], [696440.0, 1630480.0], [696440.0, 1630500.0]], [[693700.0, 1630420.0], [693720.0, 1630420.0], [693720.0, 1630400.0], [693700.0, 1630400.0], [693700.0, 1630420.0]], [[695440.0, 1630400.0], [695460.0, 1630400.0], [695460.0, 1630380.0], [695440.0, 1630380.0], [695440.0, 1630400.0]], [[695480.0, 1630400.0], [695560.0, 1630400.0], [695560.0, 1630380.0], [695540.0, 1630380.0], [695540.0, 1630340.0], [695480.0, 1630340.0], [695480.0, 1630400.0]], [[695660.0, 1630360.0], [695700.0, 1630360.0], [695700.0, 1630320.0], [695680.0, 1630320.0], [695680.0, 1630340.0], [695660.0, 1630340.0], [695660.0, 1630360.0]], [[694540.0, 1630320.0], [694560.0, 1630320.0], [694560.0, 1630300.0], [694540.0, 1630300.0], [694540.0, 1630320.0]], [[693140.0, 1630300.0], [693160.0, 1630300.0], [693160.0, 1630280.0], [693140.0, 1630280.0], [693140.0, 1630300.0]], [[694260.0, 1630200.0], [694280.0, 1630200.0], [694280.0, 1630180.0], [694260.0, 1630180.0], [694260.0, 1630200.0]], [[692180.0, 1629900.0], [692260.0, 1629900.0], [692260.0, 1629880.0], [692220.0, 1629880.0], [692220.0, 1629860.0], [692180.0, 1629860.0], [692180.0, 1629900.0]], [[698160.0, 1629740.0], [698180.0, 1629740.0], [698180.0, 1629720.0], [698160.0, 1629720.0], [698160.0, 1629740.0]], [[698460.0, 1629600.0], [698480.0, 1629600.0], [698480.0, 1629580.0], [698460.0, 1629580.0], [698460.0, 1629600.0]], [[699020.0, 1629540.0], [699040.0, 1629540.0], [699040.0, 1629500.0], [699080.0, 1629500.0], [699080.0, 1629480.0], [699020.0, 1629480.0], [699020.0, 1629540.0]], [[699100.0, 1629520.0], [699220.0, 1629520.0], [699220.0, 1629500.0], [699200.0, 1629500.0], [699200.0, 1629480.0], [699180.0, 1629480.0], [699180.0, 1629500.0], [699140.0, 1629500.0], [699140.0, 1629480.0], [699100.0, 1629480.0], [699100.0, 1629520.0]], [[699280.0, 1629520.0], [699320.0, 1629520.0], [699320.0, 1629480.0], [699300.0, 1629480.0], [699300.0, 1629500.0], [699280.0, 1629500.0], [699280.0, 1629520.0]], [[699340.0, 1629520.0], [699400.0, 1629520.0], [699400.0, 1629500.0], [699340.0, 1629500.0], [699340.0, 1629520.0]], [[699560.0, 1629380.0], [699620.0, 1629380.0], [699620.0, 1629360.0], [699560.0, 1629360.0], [699560.0, 1629380.0]], [[699700.0, 1629340.0], [699780.0, 1629340.0], [699780.0, 1629300.0], [699760.0, 1629300.0], [699760.0, 1629320.0], [699740.0, 1629320.0], [699740.0, 1629300.0], [699720.0, 1629300.0], [699720.0, 1629320.0], [699700.0, 1629320.0], [699700.0, 1629340.0]], [[699780.0, 1629300.0], [699820.0, 1629300.0], [699820.0, 1629280.0], [699780.0, 1629280.0], [699780.0, 1629300.0]], [[689620.0, 1629280.0], [689640.0, 1629280.0], [689640.0, 1629260.0], [689660.0, 1629260.0], [689660.0, 1629240.0], [689640.0, 1629240.0], [689640.0, 1629220.0], [689620.0, 1629220.0], [689620.0, 1629280.0]], [[690640.0, 1629280.0], [690700.0, 1629280.0], [690700.0, 1629240.0], [690680.0, 1629240.0], [690680.0, 1629260.0], [690660.0, 1629260.0], [690660.0, 1629240.0], [690640.0, 1629240.0], [690640.0, 1629220.0], [690600.0, 1629220.0], [690600.0, 1629200.0], [690560.0, 1629200.0], [690560.0, 1629240.0], [690580.0, 1629240.0], [690580.0, 1629260.0], [690640.0, 1629260.0], [690640.0, 1629280.0]], [[690700.0, 1629240.0], [690720.0, 1629240.0], [690720.0, 1629220.0], [690700.0, 1629220.0], [690700.0, 1629240.0]], [[689480.0, 1629220.0], [689520.0, 1629220.0], [689520.0, 1629180.0], [689500.0, 1629180.0], [689500.0, 1629160.0], [689480.0, 1629160.0], [689480.0, 1629180.0], [689460.0, 1629180.0], [689460.0, 1629200.0], [689480.0, 1629200.0], [689480.0, 1629220.0]], [[689540.0, 1629220.0], [689560.0, 1629220.0], [689560.0, 1629200.0], [689540.0, 1629200.0], [689540.0, 1629220.0]], [[689960.0, 1629220.0], [689980.0, 1629220.0], [689980.0, 1629200.0], [689960.0, 1629200.0], [689960.0, 1629220.0]], [[689340.0, 1629160.0], [689380.0, 1629160.0], [689380.0, 1629140.0], [689340.0, 1629140.0], [689340.0, 1629160.0]], [[689400.0, 1629160.0], [689440.0, 1629160.0], [689440.0, 1629140.0], [689400.0, 1629140.0], [689400.0, 1629160.0]], [[689320.0, 1629120.0], [689340.0, 1629120.0], [689340.0, 1629100.0], [689320.0, 1629100.0], [689320.0, 1629120.0]], [[699920.0, 1629120.0], [699940.0, 1629120.0], [699940.0, 1629100.0], [699920.0, 1629100.0], [699920.0, 1629120.0]], [[689260.0, 1629080.0], [689300.0, 1629080.0], [689300.0, 1629060.0], [689280.0, 1629060.0], [689280.0, 1629040.0], [689240.0, 1629040.0], [689240.0, 1629060.0], [689260.0, 1629060.0], [689260.0, 1629080.0]], [[699920.0, 1629040.0], [699940.0, 1629040.0], [699940.0, 1629020.0], [699920.0, 1629020.0], [699920.0, 1629040.0]], [[689220.0, 1629020.0], [689240.0, 1629020.0], [689240.0, 1628980.0], [689260.0, 1628980.0], [689260.0, 1628940.0], [689220.0, 1628940.0], [689220.0, 1629020.0]], [[699960.0, 1629000.0], [699980.0, 1629000.0], [699980.0, 1628980.0], [699960.0, 1628980.0], [699960.0, 1629000.0]], [[700180.0, 1628420.0], [700200.0, 1628420.0], [700200.0, 1628400.0], [700180.0, 1628400.0], [700180.0, 1628420.0]], [[687940.0, 1628400.0], [688020.0, 1628400.0], [688020.0, 1628360.0], [687980.0, 1628360.0], [687980.0, 1628380.0], [687940.0, 1628380.0], [687940.0, 1628400.0]], [[688020.0, 1628360.0], [688040.0, 1628360.0], [688040.0, 1628340.0], [688020.0, 1628340.0], [688020.0, 1628360.0]], [[700520.0, 1628320.0], [700560.0, 1628320.0], [700560.0, 1628300.0], [700520.0, 1628300.0], [700520.0, 1628320.0]], [[700720.0, 1628240.0], [700740.0, 1628240.0], [700740.0, 1628200.0], [700720.0, 1628200.0], [700720.0, 1628240.0]], [[700740.0, 1628200.0], [700760.0, 1628200.0], [700760.0, 1628180.0], [700740.0, 1628180.0], [700740.0, 1628200.0]], [[700760.0, 1628180.0], [700780.0, 1628180.0], [700780.0, 1628160.0], [700760.0, 1628160.0], [700760.0, 1628180.0]], [[700800.0, 1628160.0], [700840.0, 1628160.0], [700840.0, 1628140.0], [700800.0, 1628140.0], [700800.0, 1628160.0]], [[700880.0, 1628140.0], [700900.0, 1628140.0], [700900.0, 1628120.0], [700880.0, 1628120.0], [700880.0, 1628140.0]], [[700880.0, 1628100.0], [700900.0, 1628100.0], [700900.0, 1628080.0], [700920.0, 1628080.0], [700920.0, 1628060.0], [700900.0, 1628060.0], [700900.0, 1628040.0], [700920.0, 1628040.0], [700920.0, 1628020.0], [700860.0, 1628020.0], [700860.0, 1628080.0], [700880.0, 1628080.0], [700880.0, 1628100.0]], [[700900.0, 1628000.0], [700920.0, 1628000.0], [700920.0, 1627960.0], [700940.0, 1627960.0], [700940.0, 1627940.0], [700960.0, 1627940.0], [700960.0, 1627920.0], [700940.0, 1627920.0], [700940.0, 1627900.0], [700920.0, 1627900.0], [700920.0, 1627940.0], [700900.0, 1627940.0], [700900.0, 1628000.0]], [[700940.0, 1627900.0], [700960.0, 1627900.0], [700960.0, 1627880.0], [700940.0, 1627880.0], [700940.0, 1627900.0]], [[700920.0, 1627860.0], [700940.0, 1627860.0], [700940.0, 1627820.0], [700920.0, 1627820.0], [700920.0, 1627860.0]], [[685260.0, 1627120.0], [685280.0, 1627120.0], [685280.0, 1627100.0], [685260.0, 1627100.0], [685260.0, 1627120.0]], [[685140.0, 1627100.0], [685160.0, 1627100.0], [685160.0, 1627080.0], [685140.0, 1627080.0], [685140.0, 1627100.0]], [[685060.0, 1626960.0], [685080.0, 1626960.0], [685080.0, 1626940.0], [685060.0, 1626940.0], [685060.0, 1626960.0]], [[684560.0, 1626500.0], [684580.0, 1626500.0], [684580.0, 1626480.0], [684560.0, 1626480.0], [684560.0, 1626500.0]], [[701640.0, 1625980.0], [701660.0, 1625980.0], [701660.0, 1625960.0], [701640.0, 1625960.0], [701640.0, 1625980.0]], [[702200.0, 1625780.0], [702220.0, 1625780.0], [702220.0, 1625760.0], [702200.0, 1625760.0], [702200.0, 1625780.0]], [[702240.0, 1625780.0], [702260.0, 1625780.0], [702260.0, 1625720.0], [702240.0, 1625720.0], [702240.0, 1625780.0]], [[702300.0, 1625720.0], [702320.0, 1625720.0], [702320.0, 1625700.0], [702300.0, 1625700.0], [702300.0, 1625720.0]], [[702300.0, 1625680.0], [702340.0, 1625680.0], [702340.0, 1625660.0], [702360.0, 1625660.0], [702360.0, 1625640.0], [702320.0, 1625640.0], [702320.0, 1625660.0], [702300.0, 1625660.0], [702300.0, 1625680.0]], [[685080.0, 1625600.0], [685100.0, 1625600.0], [685100.0, 1625580.0], [685080.0, 1625580.0], [685080.0, 1625600.0]], [[685620.0, 1625440.0], [685640.0, 1625440.0], [685640.0, 1625400.0], [685620.0, 1625400.0], [685620.0, 1625380.0], [685600.0, 1625380.0], [685600.0, 1625420.0], [685620.0, 1625420.0], [685620.0, 1625440.0]], [[702560.0, 1625020.0], [702580.0, 1625020.0], [702580.0, 1624980.0], [702560.0, 1624980.0], [702560.0, 1625020.0]], [[702600.0, 1625020.0], [702620.0, 1625020.0], [702620.0, 1625000.0], [702600.0, 1625000.0], [702600.0, 1625020.0]], [[702600.0, 1623720.0], [702620.0, 1623720.0], [702620.0, 1623700.0], [702600.0, 1623700.0], [702600.0, 1623720.0]], [[688540.0, 1623520.0], [688560.0, 1623520.0], [688560.0, 1623500.0], [688540.0, 1623500.0], [688540.0, 1623520.0]], [[697320.0, 1623360.0], [697340.0, 1623360.0], [697340.0, 1623340.0], [697320.0, 1623340.0], [697320.0, 1623360.0]], [[702700.0, 1623240.0], [702720.0, 1623240.0], [702720.0, 1623220.0], [702700.0, 1623220.0], [702700.0, 1623240.0]], [[702740.0, 1623200.0], [702760.0, 1623200.0], [702760.0, 1623180.0], [702740.0, 1623180.0], [702740.0, 1623200.0]], [[702860.0, 1623180.0], [702880.0, 1623180.0], [702880.0, 1623160.0], [702860.0, 1623160.0], [702860.0, 1623180.0]], [[695660.0, 1623140.0], [695680.0, 1623140.0], [695680.0, 1623120.0], [695660.0, 1623120.0], [695660.0, 1623140.0]], [[696200.0, 1623140.0], [696220.0, 1623140.0], [696220.0, 1623120.0], [696200.0, 1623120.0], [696200.0, 1623140.0]], [[702820.0, 1623140.0], [702860.0, 1623140.0], [702860.0, 1623120.0], [702820.0, 1623120.0], [702820.0, 1623140.0]], [[702880.0, 1623140.0], [702900.0, 1623140.0], [702900.0, 1623120.0], [702880.0, 1623120.0], [702880.0, 1623140.0]], [[695360.0, 1623060.0], [695380.0, 1623060.0], [695380.0, 1623040.0], [695360.0, 1623040.0], [695360.0, 1623060.0]], [[702780.0, 1623000.0], [702800.0, 1623000.0], [702800.0, 1622980.0], [702780.0, 1622980.0], [702780.0, 1623000.0]], [[694780.0, 1622940.0], [694820.0, 1622940.0], [694820.0, 1622920.0], [694780.0, 1622920.0], [694780.0, 1622940.0]], [[694480.0, 1622860.0], [694520.0, 1622860.0], [694520.0, 1622840.0], [694480.0, 1622840.0], [694480.0, 1622860.0]], [[702700.0, 1622820.0], [702740.0, 1622820.0], [702740.0, 1622800.0], [702700.0, 1622800.0], [702700.0, 1622820.0]], [[702680.0, 1622800.0], [702700.0, 1622800.0], [702700.0, 1622780.0], [702680.0, 1622780.0], [702680.0, 1622800.0]], [[697720.0, 1622780.0], [697740.0, 1622780.0], [697740.0, 1622760.0], [697720.0, 1622760.0], [697720.0, 1622780.0]], [[702660.0, 1622740.0], [702720.0, 1622740.0], [702720.0, 1622720.0], [702660.0, 1622720.0], [702660.0, 1622740.0]], [[702760.0, 1622480.0], [702780.0, 1622480.0], [702780.0, 1622460.0], [702760.0, 1622460.0], [702760.0, 1622480.0]], [[702780.0, 1622460.0], [702800.0, 1622460.0], [702800.0, 1622440.0], [702780.0, 1622440.0], [702780.0, 1622460.0]], [[699040.0, 1622300.0], [699060.0, 1622300.0], [699060.0, 1622260.0], [699020.0, 1622260.0], [699020.0, 1622280.0], [699040.0, 1622280.0], [699040.0, 1622300.0]], [[699040.0, 1622220.0], [699060.0, 1622220.0], [699060.0, 1622200.0], [699040.0, 1622200.0], [699040.0, 1622220.0]], [[698360.0, 1622180.0], [698400.0, 1622180.0], [698400.0, 1622160.0], [698360.0, 1622160.0], [698360.0, 1622180.0]], [[689520.0, 1622140.0], [689540.0, 1622140.0], [689540.0, 1622120.0], [689520.0, 1622120.0], [689520.0, 1622140.0]], [[693740.0, 1622140.0], [693760.0, 1622140.0], [693760.0, 1622120.0], [693740.0, 1622120.0], [693740.0, 1622140.0]], [[689540.0, 1622120.0], [689560.0, 1622120.0], [689560.0, 1622100.0], [689540.0, 1622100.0], [689540.0, 1622120.0]], [[698620.0, 1622060.0], [698640.0, 1622060.0], [698640.0, 1622020.0], [698620.0, 1622020.0], [698620.0, 1622060.0]], [[693100.0, 1622040.0], [693120.0, 1622040.0], [693120.0, 1622020.0], [693100.0, 1622020.0], [693100.0, 1622040.0]], [[692780.0, 1622000.0], [692860.0, 1622000.0], [692860.0, 1621980.0], [692780.0, 1621980.0], [692780.0, 1622000.0]], [[698640.0, 1622000.0], [698680.0, 1622000.0], [698680.0, 1621980.0], [698640.0, 1621980.0], [698640.0, 1622000.0]], [[692860.0, 1621980.0], [692880.0, 1621980.0], [692880.0, 1621940.0], [692860.0, 1621940.0], [692860.0, 1621980.0]], [[698420.0, 1621940.0], [698440.0, 1621940.0], [698440.0, 1621920.0], [698420.0, 1621920.0], [698420.0, 1621940.0]], [[692920.0, 1621920.0], [692960.0, 1621920.0], [692960.0, 1621900.0], [692920.0, 1621900.0], [692920.0, 1621920.0]], [[702820.0, 1621920.0], [702840.0, 1621920.0], [702840.0, 1621900.0], [702820.0, 1621900.0], [702820.0, 1621920.0]], [[692980.0, 1621900.0], [693000.0, 1621900.0], [693000.0, 1621880.0], [692980.0, 1621880.0], [692980.0, 1621900.0]], [[692020.0, 1621880.0], [692040.0, 1621880.0], [692040.0, 1621860.0], [692020.0, 1621860.0], [692020.0, 1621880.0]], [[693000.0, 1621880.0], [693020.0, 1621880.0], [693020.0, 1621860.0], [693000.0, 1621860.0], [693000.0, 1621880.0]], [[692000.0, 1621860.0], [692020.0, 1621860.0], [692020.0, 1621840.0], [692000.0, 1621840.0], [692000.0, 1621860.0]], [[698520.0, 1621860.0], [698560.0, 1621860.0], [698560.0, 1621840.0], [698520.0, 1621840.0], [698520.0, 1621860.0]], [[702800.0, 1621820.0], [702820.0, 1621820.0], [702820.0, 1621800.0], [702800.0, 1621800.0], [702800.0, 1621820.0]], [[698400.0, 1621780.0], [698420.0, 1621780.0], [698420.0, 1621760.0], [698400.0, 1621760.0], [698400.0, 1621780.0]], [[702400.0, 1621660.0], [702420.0, 1621660.0], [702420.0, 1621640.0], [702400.0, 1621640.0], [702400.0, 1621660.0]], [[702520.0, 1621660.0], [702540.0, 1621660.0], [702540.0, 1621640.0], [702520.0, 1621640.0], [702520.0, 1621660.0]], [[702580.0, 1621640.0], [702600.0, 1621640.0], [702600.0, 1621620.0], [702580.0, 1621620.0], [702580.0, 1621640.0]], [[702620.0, 1621620.0], [702640.0, 1621620.0], [702640.0, 1621600.0], [702620.0, 1621600.0], [702620.0, 1621620.0]], [[702660.0, 1621620.0], [702680.0, 1621620.0], [702680.0, 1621600.0], [702660.0, 1621600.0], [702660.0, 1621620.0]], [[701640.0, 1621560.0], [701660.0, 1621560.0], [701660.0, 1621540.0], [701640.0, 1621540.0], [701640.0, 1621560.0]], [[699100.0, 1621540.0], [699120.0, 1621540.0], [699120.0, 1621500.0], [699100.0, 1621500.0], [699100.0, 1621540.0]], [[699080.0, 1621500.0], [699100.0, 1621500.0], [699100.0, 1621480.0], [699080.0, 1621480.0], [699080.0, 1621500.0]], [[701680.0, 1621340.0], [701700.0, 1621340.0], [701700.0, 1621320.0], [701680.0, 1621320.0], [701680.0, 1621340.0]], [[691240.0, 1621320.0], [691260.0, 1621320.0], [691260.0, 1621300.0], [691240.0, 1621300.0], [691240.0, 1621320.0]], [[699160.0, 1621300.0], [699180.0, 1621300.0], [699180.0, 1621260.0], [699160.0, 1621260.0], [699160.0, 1621300.0]], [[699120.0, 1621260.0], [699140.0, 1621260.0], [699140.0, 1621240.0], [699120.0, 1621240.0], [699120.0, 1621260.0]], [[690500.0, 1621140.0], [690540.0, 1621140.0], [690540.0, 1621120.0], [690560.0, 1621120.0], [690560.0, 1621080.0], [690580.0, 1621080.0], [690580.0, 1621060.0], [690600.0, 1621060.0], [690600.0, 1621040.0], [690620.0, 1621040.0], [690620.0, 1620900.0], [690580.0, 1620900.0], [690580.0, 1620880.0], [690560.0, 1620880.0], [690560.0, 1620840.0], [690520.0, 1620840.0], [690520.0, 1620820.0], [690480.0, 1620820.0], [690480.0, 1620840.0], [690440.0, 1620840.0], [690440.0, 1620880.0], [690400.0, 1620880.0], [690400.0, 1620900.0], [690420.0, 1620900.0], [690420.0, 1620920.0], [690400.0, 1620920.0], [690400.0, 1620980.0], [690380.0, 1620980.0], [690380.0, 1621040.0], [690400.0, 1621040.0], [690400.0, 1621060.0], [690420.0, 1621060.0], [690420.0, 1621080.0], [690440.0, 1621080.0], [690440.0, 1621100.0], [690480.0, 1621100.0], [690480.0, 1621120.0], [690500.0, 1621120.0], [690500.0, 1621140.0]], [[699480.0, 1621100.0], [699500.0, 1621100.0], [699500.0, 1621080.0], [699480.0, 1621080.0], [699480.0, 1621100.0]], [[699540.0, 1621100.0], [699560.0, 1621100.0], [699560.0, 1621080.0], [699540.0, 1621080.0], [699540.0, 1621100.0]], [[701600.0, 1621100.0], [701620.0, 1621100.0], [701620.0, 1621080.0], [701600.0, 1621080.0], [701600.0, 1621100.0]], [[699340.0, 1621080.0], [699360.0, 1621080.0], [699360.0, 1621060.0], [699340.0, 1621060.0], [699340.0, 1621080.0]], [[699500.0, 1621080.0], [699540.0, 1621080.0], [699540.0, 1621060.0], [699500.0, 1621060.0], [699500.0, 1621080.0]], [[699820.0, 1621020.0], [699840.0, 1621020.0], [699840.0, 1621000.0], [699820.0, 1621000.0], [699820.0, 1621020.0]], [[690640.0, 1621000.0], [690660.0, 1621000.0], [690660.0, 1620960.0], [690640.0, 1620960.0], [690640.0, 1621000.0]], [[701480.0, 1621000.0], [701500.0, 1621000.0], [701500.0, 1620980.0], [701480.0, 1620980.0], [701480.0, 1621000.0]], [[699820.0, 1620980.0], [699860.0, 1620980.0], [699860.0, 1620940.0], [699840.0, 1620940.0], [699840.0, 1620960.0], [699820.0, 1620960.0], [699820.0, 1620980.0]], [[689960.0, 1620960.0], [689980.0, 1620960.0], [689980.0, 1620940.0], [689960.0, 1620940.0], [689960.0, 1620960.0]], [[690420.0, 1620840.0], [690440.0, 1620840.0], [690440.0, 1620820.0], [690460.0, 1620820.0], [690460.0, 1620780.0], [690440.0, 1620780.0], [690440.0, 1620740.0], [690420.0, 1620740.0], [690420.0, 1620760.0], [690400.0, 1620760.0], [690400.0, 1620800.0], [690420.0, 1620800.0], [690420.0, 1620840.0]], [[690460.0, 1620740.0], [690480.0, 1620740.0], [690480.0, 1620720.0], [690460.0, 1620720.0], [690460.0, 1620740.0]], [[690600.0, 1620700.0], [690640.0, 1620700.0], [690640.0, 1620680.0], [690600.0, 1620680.0], [690600.0, 1620700.0]], [[690760.0, 1620640.0], [690780.0, 1620640.0], [690780.0, 1620620.0], [690760.0, 1620620.0], [690760.0, 1620640.0]], [[690820.0, 1620620.0], [690840.0, 1620620.0], [690840.0, 1620600.0], [690820.0, 1620600.0], [690820.0, 1620620.0]], [[690560.0, 1620520.0], [690580.0, 1620520.0], [690580.0, 1620500.0], [690560.0, 1620500.0], [690560.0, 1620520.0]], [[690520.0, 1620500.0], [690540.0, 1620500.0], [690540.0, 1620460.0], [690520.0, 1620460.0], [690520.0, 1620500.0]], [[690140.0, 1620480.0], [690160.0, 1620480.0], [690160.0, 1620460.0], [690140.0, 1620460.0], [690140.0, 1620480.0]], [[690500.0, 1620460.0], [690520.0, 1620460.0], [690520.0, 1620440.0], [690500.0, 1620440.0], [690500.0, 1620460.0]], [[690460.0, 1620440.0], [690480.0, 1620440.0], [690480.0, 1620420.0], [690460.0, 1620420.0], [690460.0, 1620440.0]], [[700200.0, 1620320.0], [700220.0, 1620320.0], [700220.0, 1620300.0], [700200.0, 1620300.0], [700200.0, 1620320.0]], [[700160.0, 1620300.0], [700180.0, 1620300.0], [700180.0, 1620280.0], [700160.0, 1620280.0], [700160.0, 1620300.0]], [[701000.0, 1620160.0], [701020.0, 1620160.0], [701020.0, 1620140.0], [701000.0, 1620140.0], [701000.0, 1620160.0]], [[690340.0, 1620140.0], [690360.0, 1620140.0], [690360.0, 1620120.0], [690340.0, 1620120.0], [690340.0, 1620140.0]], [[701020.0, 1620140.0], [701060.0, 1620140.0], [701060.0, 1620120.0], [701020.0, 1620120.0], [701020.0, 1620140.0]], [[701060.0, 1620120.0], [701080.0, 1620120.0], [701080.0, 1620080.0], [701040.0, 1620080.0], [701040.0, 1620100.0], [701060.0, 1620100.0], [701060.0, 1620120.0]], [[701080.0, 1620080.0], [701100.0, 1620080.0], [701100.0, 1620020.0], [701080.0, 1620020.0], [701080.0, 1620080.0]], [[700120.0, 1620040.0], [700160.0, 1620040.0], [700160.0, 1620020.0], [700120.0, 1620020.0], [700120.0, 1620040.0]], [[700160.0, 1620020.0], [700180.0, 1620020.0], [700180.0, 1620000.0], [700160.0, 1620000.0], [700160.0, 1620020.0]], [[701060.0, 1620020.0], [701080.0, 1620020.0], [701080.0, 1620000.0], [701060.0, 1620000.0], [701060.0, 1620020.0]], [[701020.0, 1620000.0], [701060.0, 1620000.0], [701060.0, 1619980.0], [701040.0, 1619980.0], [701040.0, 1619960.0], [701000.0, 1619960.0], [701000.0, 1619980.0], [701020.0, 1619980.0], [701020.0, 1620000.0]], [[700460.0, 1619840.0], [700500.0, 1619840.0], [700500.0, 1619820.0], [700480.0, 1619820.0], [700480.0, 1619800.0], [700500.0, 1619800.0], [700500.0, 1619760.0], [700480.0, 1619760.0], [700480.0, 1619780.0], [700460.0, 1619780.0], [700460.0, 1619840.0]], [[690540.0, 1619720.0], [690580.0, 1619720.0], [690580.0, 1619700.0], [690560.0, 1619700.0], [690560.0, 1619680.0], [690540.0, 1619680.0], [690540.0, 1619720.0]], [[700440.0, 1619660.0], [700460.0, 1619660.0], [700460.0, 1619640.0], [700440.0, 1619640.0], [700440.0, 1619660.0]], [[700760.0, 1619660.0], [700780.0, 1619660.0], [700780.0, 1619640.0], [700760.0, 1619640.0], [700760.0, 1619660.0]], [[690440.0, 1619640.0], [690480.0, 1619640.0], [690480.0, 1619620.0], [690460.0, 1619620.0], [690460.0, 1619600.0], [690420.0, 1619600.0], [690420.0, 1619620.0], [690440.0, 1619620.0], [690440.0, 1619640.0]], [[689640.0, 1619620.0], [689660.0, 1619620.0], [689660.0, 1619600.0], [689640.0, 1619600.0], [689640.0, 1619620.0]], [[690140.0, 1619580.0], [690160.0, 1619580.0], [690160.0, 1619560.0], [690140.0, 1619560.0], [690140.0, 1619580.0]], [[700300.0, 1619580.0], [700340.0, 1619580.0], [700340.0, 1619560.0], [700320.0, 1619560.0], [700320.0, 1619540.0], [700280.0, 1619540.0], [700280.0, 1619560.0], [700300.0, 1619560.0], [700300.0, 1619580.0]], [[700140.0, 1619560.0], [700160.0, 1619560.0], [700160.0, 1619540.0], [700140.0, 1619540.0], [700140.0, 1619560.0]], [[700180.0, 1619560.0], [700200.0, 1619560.0], [700200.0, 1619540.0], [700180.0, 1619540.0], [700180.0, 1619560.0]], [[700160.0, 1619540.0], [700180.0, 1619540.0], [700180.0, 1619520.0], [700160.0, 1619520.0], [700160.0, 1619540.0]], [[700200.0, 1619540.0], [700220.0, 1619540.0], [700220.0, 1619500.0], [700200.0, 1619500.0], [700200.0, 1619540.0]], [[700240.0, 1619540.0], [700280.0, 1619540.0], [700280.0, 1619520.0], [700260.0, 1619520.0], [700260.0, 1619500.0], [700240.0, 1619500.0], [700240.0, 1619540.0]], [[700120.0, 1619520.0], [700140.0, 1619520.0], [700140.0, 1619440.0], [700100.0, 1619440.0], [700100.0, 1619460.0], [700120.0, 1619460.0], [700120.0, 1619520.0]], [[689900.0, 1619280.0], [689920.0, 1619280.0], [689920.0, 1619260.0], [689900.0, 1619260.0], [689900.0, 1619280.0]], [[700340.0, 1619280.0], [700360.0, 1619280.0], [700360.0, 1619260.0], [700340.0, 1619260.0], [700340.0, 1619280.0]], [[689920.0, 1619260.0], [689940.0, 1619260.0], [689940.0, 1619240.0], [689920.0, 1619240.0], [689920.0, 1619260.0]], [[700320.0, 1619260.0], [700340.0, 1619260.0], [700340.0, 1619240.0], [700320.0, 1619240.0], [700320.0, 1619260.0]], [[689540.0, 1619220.0], [689580.0, 1619220.0], [689580.0, 1619200.0], [689540.0, 1619200.0], [689540.0, 1619220.0]], [[700720.0, 1619220.0], [700740.0, 1619220.0], [700740.0, 1619200.0], [700720.0, 1619200.0], [700720.0, 1619220.0]], [[700660.0, 1619200.0], [700680.0, 1619200.0], [700680.0, 1619180.0], [700660.0, 1619180.0], [700660.0, 1619200.0]], [[689480.0, 1619180.0], [689520.0, 1619180.0], [689520.0, 1619160.0], [689480.0, 1619160.0], [689480.0, 1619180.0]], [[700560.0, 1619000.0], [700580.0, 1619000.0], [700580.0, 1618980.0], [700560.0, 1618980.0], [700560.0, 1619000.0]], [[689260.0, 1617540.0], [689300.0, 1617540.0], [689300.0, 1617520.0], [689260.0, 1617520.0], [689260.0, 1617540.0]], [[688140.0, 1617520.0], [688160.0, 1617520.0], [688160.0, 1617500.0], [688140.0, 1617500.0], [688140.0, 1617520.0]], [[689360.0, 1617480.0], [689380.0, 1617480.0], [689380.0, 1617460.0], [689360.0, 1617460.0], [689360.0, 1617480.0]], [[688160.0, 1617420.0], [688180.0, 1617420.0], [688180.0, 1617400.0], [688160.0, 1617400.0], [688160.0, 1617420.0]], [[689320.0, 1617400.0], [689340.0, 1617400.0], [689340.0, 1617380.0], [689320.0, 1617380.0], [689320.0, 1617400.0]], [[688540.0, 1616720.0], [688560.0, 1616720.0], [688560.0, 1616700.0], [688540.0, 1616700.0], [688540.0, 1616720.0]], [[688520.0, 1616700.0], [688540.0, 1616700.0], [688540.0, 1616680.0], [688520.0, 1616680.0], [688520.0, 1616700.0]], [[688600.0, 1616620.0], [688620.0, 1616620.0], [688620.0, 1616600.0], [688600.0, 1616600.0], [688600.0, 1616620.0]], [[688540.0, 1616560.0], [688560.0, 1616560.0], [688560.0, 1616540.0], [688540.0, 1616540.0], [688540.0, 1616560.0]], [[688440.0, 1616500.0], [688460.0, 1616500.0], [688460.0, 1616480.0], [688440.0, 1616480.0], [688440.0, 1616500.0]], [[688240.0, 1616320.0], [688260.0, 1616320.0], [688260.0, 1616300.0], [688240.0, 1616300.0], [688240.0, 1616320.0]], [[688280.0, 1616300.0], [688300.0, 1616300.0], [688300.0, 1616280.0], [688280.0, 1616280.0], [688280.0, 1616300.0]]]}}]}