date,Quiscab,San_Francisco,Tzununa,La_Catarata,San_Buenaventura,q_pred_dev_m3s
2008-12-01,1.0205113887786865,0.23486617693597947,0.10137934982776642,0.01875340967042795,0.02145927571367813,1.3969696009265387
2008-12-02,0.9708162546157837,0.21695128059069754,0.09709808230400085,0.01588735609096082,0.01511700593191459,1.3158699795333575
2008-12-03,0.9708162546157837,0.21046509414119158,0.09709808230400085,0.015474425795289534,0.01457134980583923,1.308425206662105
2008-12-04,0.9347273111343384,0.21815663558263923,0.09839127957820892,0.016374817121570878,0.0227345296483484,1.2903845730651058
2008-12-05,0.9539636373519897,0.22795414627787236,0.09892234951257706,0.016529158306785054,0.024537255876059934,1.3219065473252842
2008-12-06,0.9347273111343384,0.21918833279276614,0.09575176984071732,0.015915403117022275,0.022600854334318004,1.288183671219162
2008-12-07,1.0147058963775635,0.22372559275727127,0.10359593480825424,0.01607547563483119,0.024906476230836645,1.3830093758087567
2008-12-08,0.9539636373519897,0.21896841735784375,0.09815347194671631,0.014373396240506488,0.021184621443551398,1.3066435443406077
2008-12-09,0.9781410098075867,0.2120412692218272,0.1055372953414917,0.014248033769047461,0.021059787405783986,1.331027395545737
2008-12-10,0.9418031573295593,0.20556089778881806,0.09897418320178986,0.012580273468206282,0.025106517857119627,1.2840250296454934
2008-12-11,1.01894211769104,0.21998987755525073,0.0990886241197586,0.013372753174844688,0.02708541082520878,1.3784787833661027
2008-12-12,0.918523907661438,0.21104355284583823,0.09355975687503815,0.012411216315957785,0.0260226167301833,1.2615610504284556
2008-12-13,0.9374268651008606,0.20725951471209758,0.09659502655267715,0.01243846609558092,0.022991232651561104,1.2767111051127773
2008-12-14,0.9982956647872925,0.2095882928335342,0.10387387126684189,0.012561628722759099,0.023632689662000238,1.3479521472724278
2008-12-15,0.9982956647872925,0.20562184839914013,0.10331622511148453,0.011995590940351566,0.02123879140590998,1.3404681206441786
2008-12-16,0.9781652688980103,0.1795789884019847,0.10242325812578201,0.012276589707446413,0.016139231054503628,1.288583336187727
2008-12-17,0.9736200571060181,0.17943750026931918,0.09571504592895508,0.01183083545353749,0.01572531550248669,1.2763287542603166
2008-12-18,0.9822245836257935,0.18055546890712781,0.1005641296505928,0.011576094986588273,0.015214883079219465,1.2901351602493216
2008-12-19,0.8914325833320618,0.17603520690013733,0.10136833041906357,0.011372150835072816,0.014438170209273777,1.1946464416956093
2008-12-20,0.9202600717544556,0.17646263110634,0.10136833041906357,0.01144417606325269,0.014579740607799072,1.2241149499509107
2008-12-21,0.9447347521781921,0.17695759774303618,0.10136833041906357,0.011402794272154088,0.01458151340193452,1.2490449880143806
2008-12-22,1.0107529163360596,0.17570834624993362,0.1320672631263733,0.011519451672798229,0.014637046726029732,1.3446850241111945
2008-12-23,0.9548897743225098,0.1751774899612071,0.12387613952159882,0.011383793130836924,0.016465873325919318,1.281793070262072
2008-12-24,0.9745410680770874,0.1773529956489003,0.12833181023597717,0.011427421444367838,0.017264663843187235,1.3089179592495201
2008-12-25,0.9737949371337891,0.17712947538860116,0.13306793570518494,0.011633478675756008,0.024407511308377167,1.3200333382117084
2008-12-26,0.9638763070106506,0.17733537068052882,0.12390124797821045,0.01164552985198224,0.025251855988790126,1.3020103115101622
2008-12-27,0.9837125539779663,0.1760523996533354,0.1282738745212555,0.011470225425354934,0.026227770285516185,1.3257368238634284
2008-12-28,0.8750860095024109,0.1812764160236465,0.1289743185043335,0.01096396892496703,0.022916241154086685,1.2192169541094444
2008-12-29,0.843636691570282,0.1782415544436435,0.12316960096359253,0.010912868894050621,0.029972259190643863,1.1859329750622125
2008-12-30,0.8350437879562378,0.1670851054820976,0.1146848201751709,0.010573201010264318,0.030252386377659642,1.1576393010014303
2008-12-31,0.8414711356163025,0.16603163498508933,0.1089169830083847,0.009550768288046387,0.03090915762451025,1.156879679522333
2009-01-01,0.8758090138435364,0.15703013435682592,0.11477045714855194,0.009373518228388021,0.030535824925982422,1.1875189485032847
2009-01-02,0.8484082221984863,0.15592029195743728,0.12025019526481628,0.009335294268001833,0.030675912005511643,1.1645899156942534
2009-01-03,0.8444659113883972,0.15917438479491494,0.11593426018953323,0.009512086315968714,0.031109951060864942,1.1601965937496792
2009-01-04,0.8110851049423218,0.16246859400642608,0.12341028451919556,0.009737938358734237,0.03111326152887477,1.1378151833555523
2009-01-05,0.8441829681396484,0.16105979176680907,0.12438016384840012,0.009734272081395292,0.02502557535558072,1.1643827711918338
2009-01-06,0.8767761588096619,0.15346970273310262,0.12421000003814697,0.009392980917689432,0.01473532945819584,1.1785841719567967
2009-01-07,0.8767761588096619,0.16318781683908848,0.13028255105018616,0.010352996554632933,0.01343423304218609,1.1940337562957557
2009-01-08,0.9656264781951904,0.1627251910567954,0.14541824162006378,0.01082828208997476,0.011389343321978454,1.2959875362840028
2009-01-09,0.9216543436050415,0.16602107927370147,0.16957156360149384,0.010771277630483883,0.010970016955204083,1.2789882810659248
2009-01-10,0.8665232062339783,0.15065263705069834,0.10994800925254822,0.011121929837369078,0.010008988935538407,1.1482547713101323
2009-01-11,0.9790862798690796,0.17640273198877873,0.2712610960006714,0.013053595233249747,0.016889585050690062,1.4566932881424695
2009-01-12,0.856657862663269,0.16702529633643168,0.1231766790151596,0.011066782691729933,0.011755636987701306,1.1696822576942913
2009-01-13,0.8606570959091187,0.16786174671332804,0.11973489820957184,0.009485086758318174,0.016047241869401697,1.1737860694597386
2009-01-14,0.839383602142334,0.16278863534443636,0.0961364358663559,0.008567380372200015,0.017209121363560155,1.1240851750888863
2009-01-15,0.8766278624534607,0.14380989408563952,0.09707873314619064,0.007545260519386034,0.018713444070548348,1.1437751942752252
2009-01-16,0.8766278624534607,0.14365050984222663,0.09707873314619064,0.007537241558741555,0.01953661092915145,1.1444309579297711
2009-01-17,0.857850193977356,0.1425302951071456,0.09707873314619064,0.00758607148767267,0.022417123604673513,1.1274624173230385
2009-01-18,0.8928563594818115,0.14769753287256615,0.09666821360588074,0.007758281128690809,0.03428927728470393,1.1792696643736529
2009-01-19,0.832767903804779,0.1459074363020994,0.09205523878335953,0.0074354320124760485,0.03373157290009161,1.1118975838028056
2009-01-20,0.8159753680229187,0.1542970600675299,0.08904926478862762,0.007926249878973408,0.03523670126340535,1.102484644021455
2009-01-21,0.832767903804779,0.15232959278650168,0.09238634258508682,0.007913802004568945,0.034235078219159346,1.119632719400096
2009-01-22,0.9271547794342041,0.1486802162336166,0.127898707985878,0.007351718469309115,0.03339465852970556,1.2444800806527132
2009-01-23,0.9042375683784485,0.1445920411634275,0.12001481652259827,0.007948754412500736,0.0336258899804781,1.2104190704574531
2009-01-24,0.9379460215568542,0.13120091284323712,0.1281530112028122,0.006930003555538925,0.02694757163018013,1.2311775207886226
2009-01-25,0.9827686548233032,0.13023834183785932,0.1473422795534134,0.007185866911413907,0.02105991564701864,1.2885950587730084
2009-01-26,0.9703632593154907,0.13297809506245445,0.14508084952831268,0.007948388132296693,0.01862817182167136,1.2749987638602258
2009-01-27,0.8898405432701111,0.13931818286535,0.14508084952831268,0.00799368846488954,0.009386770737266978,1.1916200348659303
2009-01-28,0.8093542456626892,0.13243780017340154,0.1341547966003418,0.006924776814172805,0.006953719753315921,1.0898253390039212
2009-01-29,0.7893489003181458,0.1291689627716292,0.14938496053218842,0.008310164138383652,0.006749657530712433,1.0829626452910595
2009-01-30,0.7893489003181458,0.12617798718209974,0.14938496053218842,0.008398412800563413,0.006313794330878478,1.0796240551638758
2009-01-31,0.8055934309959412,0.12806680116335148,0.16526512801647186,0.00766556142988547,0.005597493069666575,1.1121884146753165
2009-02-01,0.8563154339790344,0.14324854558847108,0.13491524755954742,0.006951676633870916,0.00738614919035586,1.1488170529512798
2009-02-02,0.7893489003181458,0.12904616056253806,0.13171420991420746,0.0066727592397437425,0.006262935514137766,1.0630449655487728
2009-02-03,0.8055934309959412,0.12727781328224683,0.13978159427642822,0.00671500992561387,0.007082879080717382,1.0864507275609474
2009-02-04,0.8127130270004272,0.1273996774477268,0.14200182259082794,0.006771944025235274,0.007228018557352912,1.0961144896215702
2009-02-05,0.8626614212989807,0.12727986829809962,0.1432150900363922,0.006511308320631546,0.00712374900350836,1.1467914369576124
2009-02-06,0.8626614212989807,0.12971052266530927,0.13556189835071564,0.006533483511818077,0.008704167965520421,1.143171493792344
2009-02-07,0.8441829681396484,0.14015216554335608,0.13454635441303253,0.006335934700415522,0.009709753763120851,1.1349271765595732
2009-02-08,0.8535863161087036,0.1398327776993028,0.15115876495838165,0.00627860704217945,0.00998157509813559,1.1608380409067032
2009-02-09,0.8128856420516968,0.12542729894506674,0.09049580991268158,0.006240970051677243,0.006681536023059761,1.041731256984182
2009-02-10,0.892997682094574,0.12597670526184598,0.10580997914075851,0.00600249553401131,0.005692757032479775,1.1364796190636695
2009-02-11,0.8996686339378357,0.13696054853715348,0.1069946438074112,0.006238811713857906,0.00590078299075121,1.1557634209870093
2009-02-12,0.8701191544532776,0.12726067858273502,0.09871262311935425,0.006188469327665421,0.00509993188309252,1.1073808573661248
2009-02-13,0.8525734543800354,0.12629962097809067,0.09692928194999695,0.005970753798746683,0.004912453930692789,1.0866855650375626
2009-02-14,0.7387639880180359,0.1351892391352031,0.08847597241401672,0.006251776085637924,0.006992090126516647,0.9756730657794103
2009-02-15,0.7356671690940857,0.13857830454703465,0.08660037070512772,0.005942810889405471,0.0059372919086642705,0.9727259471443179
2009-02-16,0.8918114304542542,0.15293407346322738,0.09521442651748657,0.00735181187226677,0.009901168279909653,1.1572129105871447
2009-02-17,0.8916153907775879,0.14228088036707182,0.10254427790641785,0.006263900299160643,0.006130690034485714,1.148835139384724
2009-02-18,0.914212703704834,0.1396150618577938,0.10545844584703445,0.006094414508906616,0.005783330435484542,1.1711639563540535
2009-02-19,0.914212703704834,0.14430948457291842,0.10872779041528702,0.0060370904876600965,0.005853755751899847,1.1791408249325994
2009-02-20,0.7395567893981934,0.10220646983571631,0.10579393804073334,0.003123251267215307,0.002524082519837419,0.9532045310616958
2009-02-21,0.7098470330238342,0.1007458314325873,0.08278957009315491,0.0028336219950673056,0.0022452959154787133,0.8984613524601225
2009-02-22,0.6984195113182068,0.1010203439353946,0.07954266667366028,0.0027854151792418014,0.0022143659689663675,0.8839823030754699
2009-02-23,0.7072374224662781,0.11583912903070738,0.0812225267291069,0.002879423840821526,0.003707451931714823,0.9108859539986287
2009-02-24,0.6493273973464966,0.12892543015599547,0.10823694616556168,0.003680248240480094,0.006413654825998588,0.8965836767345323
2009-02-25,0.6989492774009705,0.1299289588867385,0.08175792545080185,0.002989868086768719,0.004424528367986309,0.9180505581932659
2009-02-26,0.6742134690284729,0.10633342584800216,0.08217918872833252,0.002833002856138285,0.0025573839489123943,0.8681164704098583
2009-02-27,0.6913008689880371,0.10722308871949232,0.08771148324012756,0.0028522078077288645,0.002748053616042355,0.8918357023714282
2009-02-28,0.677361011505127,0.10470819629302537,0.0840773805975914,0.002760246193297022,0.002341677286522579,0.8712485118755634
2009-03-01,0.6742134690284729,0.10536110778295785,0.0815524011850357,0.0028417366135727626,0.0024178709729236326,0.8663865855829629
2009-03-02,0.7353184819221497,0.13485790756531493,0.11066895723342896,0.004296468283329227,0.007320546716313408,0.9924623617205361
2009-03-03,0.7040074467658997,0.11677714820924955,0.07674089074134827,0.0032312078659604134,0.0033469758348796145,0.9041036694173376
2009-03-04,0.6827804446220398,0.10973753650267457,0.0779704600572586,0.002860527907840512,0.00286470081450463,0.8762136699043181
2009-03-05,0.6827804446220398,0.1173156689771538,0.07839130610227585,0.0029404665427389355,0.003540642339600139,0.8849685285838086
2009-03-06,0.6827804446220398,0.10917188847917611,0.07839130610227585,0.0029352960206159456,0.0032858620120310997,0.8765647972361388
2009-03-07,0.6827804446220398,0.11026675692235326,0.07887762784957886,0.0029352960206159456,0.003294165884114363,0.8781542912987021
2009-03-08,0.6690123677253723,0.10188931047821512,0.07775304466485977,0.002758580614049132,0.0026091363812312134,0.8540224398637275
2009-03-09,0.652475893497467,0.10163221044300409,0.07326079159975052,0.002779009189110989,0.002724399573997595,0.8328723043033303
2009-03-10,0.7487181425094604,0.13178757461347188,0.11104053258895874,0.0039285747106995485,0.006727688034357017,1.0022025124569476
2009-03-11,0.5899829864501953,0.11643361716674944,0.06942795217037201,0.002777067171656736,0.0032675436244156736,0.7818891665833893
2009-03-12,0.6324959993362427,0.112042459555788,0.06899986416101456,0.0027265041931237434,0.002785489083037945,0.8190503163292069
2009-03-13,0.6546308398246765,0.1063103374810025,0.06899986416101456,0.0027206839814617727,0.002603270544776096,0.8352649959929314
2009-03-14,0.6681029796600342,0.1228242825109124,0.0743347778916359,0.004279823022090086,0.005271296000397037,0.8748131590850695
2009-03-15,0.6920896172523499,0.11512522187085292,0.06710629165172577,0.0029998177961730885,0.003445715155417453,0.8807666637265191
2009-03-16,0.6938696503639221,0.10909787801024112,0.07019735872745514,0.002955396479251402,0.0029267428141208757,0.8790470263949907
2009-03-17,0.6971088647842407,0.10928745904728508,0.07424157857894897,0.0029144439132993086,0.002956920852490079,0.8865092671762642
2009-03-18,0.6445205807685852,0.10395771508148573,0.06960436701774597,0.002898664490006367,0.0026033504114171897,0.8235846777692406
2009-03-19,0.6475294828414917,0.10083395613997082,0.07085773348808289,0.0027903374344836374,0.002769823555073554,0.8247813334591027
2009-03-20,0.6681669354438782,0.12332435723648649,0.06964956969022751,0.0033740063002104495,0.004752301899970479,0.8692671705707731
2009-03-21,0.6915512084960938,0.10633168910020907,0.09793336689472198,0.002767131609415284,0.003220586609919667,0.9018039827103598
2009-03-22,0.638106107711792,0.09899497073333825,0.09808913618326187,0.0027158056802524715,0.0028430518349461835,0.8407490721435907
2009-03-23,0.6123149394989014,0.10004097131718098,0.09084980189800262,0.0027363271088981494,0.0028373927818218622,0.808779432604805
2009-03-24,0.6123149394989014,0.10672924197644107,0.09118959307670593,0.00291324887474113,0.003734668337409784,0.8168816917641992
2009-03-25,0.6316066384315491,0.11003784585143557,0.0949677899479866,0.002815173969422781,0.0038413847236365597,0.8432688329240307
2009-03-26,0.6446048617362976,0.10269291674798829,0.0983721911907196,0.002771473733441511,0.0029674903354983927,0.8514089337439454
2009-03-27,0.7080338001251221,0.10249492616139425,0.10585986822843552,0.003088945637941764,0.0033587885246851765,0.9228363286775787
2009-03-28,0.640754222869873,0.10103874792529563,0.10512234270572662,0.003003025984584359,0.0032776703557365018,0.8531960098412161
2009-03-29,0.6199084520339966,0.0985429354453232,0.09903125464916229,0.0028526378589725913,0.0026783402311451854,0.8230136202185999
2009-03-30,0.6045854687690735,0.10242573653658135,0.09212670475244522,0.002857028264449019,0.002814391128057363,0.8048093294506065
2009-03-31,0.6135943531990051,0.1045537257981056,0.09624376147985458,0.0035248296232274477,0.004538460210770637,0.8224551303109634
2009-04-01,0.62143874168396,0.1119204692243735,0.09226534515619278,0.0036286286941589023,0.005581953867600988,0.8348351386262861
2009-04-02,0.6659812331199646,0.10448803147972496,0.09267812967300415,0.002917545363359139,0.003073524722156973,0.8691384643582097
2009-04-03,0.6659812331199646,0.10810845185118109,0.09233836084604263,0.002808402228453307,0.003136276978755837,0.8723727250243976
2009-04-04,0.6659812331199646,0.09505612262403813,0.09420331567525864,0.002753360345234262,0.0030824071589551356,0.8610764389234508
2009-04-05,0.6768779158592224,0.10591280570803142,0.09545713663101196,0.003271474239330353,0.0051965606396928935,0.886715893077289
2009-04-06,0.6908078789710999,0.10295668369346794,0.10244172066450119,0.0030033976048826658,0.0038621071717603564,0.903071788105712
2009-04-07,0.718868613243103,0.09734039887539116,0.10759346187114716,0.002894290783773857,0.003400666029472282,0.9300974308028875
2009-04-08,0.6335446834564209,0.10715793620188398,0.09839662909507751,0.0036600445753393143,0.005732973592933189,0.8484922669216549
2009-04-09,0.6216645836830139,0.1257159483539723,0.10841812193393707,0.0049317886532340436,0.011128642325857785,0.8718590849500151
2009-04-10,0.769206166267395,0.12060138300723196,0.10946211218833923,0.005406867162891392,0.012667412689862005,1.0173439413157197
2009-04-11,0.769206166267395,0.10724105130765557,0.1057170107960701,0.0034494246372366996,0.007989403122043782,0.9936030561304012
2009-04-12,0.769206166267395,0.10993244982620243,0.10686301440000534,0.0037785986361541127,0.009366646013837108,0.999146875143594
2009-04-13,0.7828376889228821,0.09983440275214303,0.106856569647789,0.0031685812103329682,0.005501288015316066,0.9981985305484631
2009-04-14,0.7702352404594421,0.09804948253925892,0.10670982301235199,0.002968514251814571,0.005156949666842149,0.9831200099297097
2009-04-15,0.7828376889228821,0.10036482201841762,0.10796943306922913,0.0032380357511603494,0.006084564579896714,1.000494544341586
2009-04-16,0.7828376889228821,0.09804535185736653,0.10780784487724304,0.0032209128297229954,0.005486304316231869,0.9973981028034465
2009-04-17,0.6800669431686401,0.1001852195856251,0.10799749940633774,0.003486625395306015,0.005754736982695511,0.8974910245386044
2009-04-18,0.6800669431686401,0.10303556626549756,0.12353039532899857,0.005101537774010991,0.0061555442307817,0.917889986767929
2009-04-19,0.6800669431686401,0.10473429336904388,0.12412220239639282,0.005146886334923808,0.006382646384727481,0.9204529716537281
2009-04-20,0.6800669431686401,0.09976470381182692,0.12377012521028519,0.005608363853820417,0.006868604560813125,0.9160787406053859
2009-04-21,0.6800669431686401,0.10838483419475342,0.12038237601518631,0.006657072094228928,0.008028263548291788,0.9235194890211006
2009-04-22,0.706679105758667,0.10392476478450499,0.1267174929380417,0.0050144322875665965,0.006284874504944458,0.9486206702737247
2009-04-23,0.706679105758667,0.10554234718396108,0.10757296532392502,0.0038979426150366086,0.008394247784002556,0.9320866086655922
2009-04-24,0.706679105758667,0.11666354649011404,0.11583498865365982,0.0053242347517604045,0.012294843912994785,0.9567967195671959
2009-04-25,0.7677068114280701,0.13325230963132212,0.11703390628099442,0.009660209933257037,0.02106261667106082,1.0487158539447043
2009-04-26,0.7677068114280701,0.13344440834532784,0.11244294047355652,0.010207160855401815,0.02101200174989408,1.0448133228522503
2009-04-27,0.7553478479385376,0.13478970481850572,0.11139173805713654,0.00981955025749656,0.017727570155993765,1.0290764112276702
2009-04-28,0.8099688291549683,0.14561204372939435,0.11404682695865631,0.009936779303951319,0.020057133886561114,1.0996216130335315
2009-04-29,0.7442581057548523,0.13196689680066045,0.10621924698352814,0.008295705603385647,0.01633500114013191,1.0070749562825585
2009-04-30,0.8386815190315247,0.15110083351496043,0.11987723410129547,0.00852823289392917,0.021574939015810438,1.13976275855752
2009-05-01,0.737964928150177,0.14869649571495572,0.07480531185865402,0.012289609561883746,0.025451927326312056,0.9992082726119825
2009-05-02,0.737964928150177,0.14905985290846688,0.07681872695684433,0.0128475795858562,0.02656912417094177,1.0032602117722862
2009-05-03,0.7483202219009399,0.14652529344611287,0.08071552962064743,0.012562761345741842,0.026216618966682113,1.0143404252801242
2009-05-04,0.7322911024093628,0.1553355661895758,0.0824233815073967,0.014173672313922941,0.035847336830211886,1.02007105925047
2009-05-05,0.7852447032928467,0.17259038106134808,0.08744267374277115,0.02424114755226646,0.043539952269690166,1.1130588579189225
2009-05-06,0.7668154239654541,0.18045674208964327,0.09178613871335983,0.019303032906569154,0.04439034451906071,1.102751682194087
2009-05-07,0.7473613619804382,0.19136994341230118,0.08908022940158844,0.020351163283061965,0.04709360347280144,1.095256301550191
2009-05-08,0.7668154239654541,0.2228205073554056,0.09370464086532593,0.022522169264543257,0.049467004387485,1.155329745838214
2009-05-09,0.8702648878097534,0.2634717405717293,0.09038475900888443,0.02326189621864263,0.050858851385318725,1.2982421349943285
2009-05-10,0.9495400786399841,0.27438290765683154,0.09217242896556854,0.025065764341335922,0.05072328267560441,1.3918844622793245
2009-05-11,0.9067890048027039,0.32599678249003955,0.09906268864870071,0.02472889901321818,0.050449174616414405,1.4070265495710768
2009-05-12,0.9304168820381165,0.3180702657461948,0.10648790001869202,0.026827748703664497,0.05256859124880701,1.434371387755475
2009-05-13,1.0240206718444824,0.3865925550145161,0.12248338758945465,0.03376378208230462,0.05692308296286087,1.6237834794936188
2009-05-14,1.0597325563430786,0.3861119910743203,0.11176248639822006,0.034389479160109974,0.05861409816923574,1.6506106111449648
2009-05-15,1.0597325563430786,0.5245403284316847,0.11863096803426743,0.03699293716057833,0.06078573264005052,1.8006825226096597
2009-05-16,1.012020230293274,0.5675405690829032,0.12301963567733765,0.04270847635545639,0.064091716753015,1.8093806281619862
2009-05-17,1.0240206718444824,0.5378754342819052,0.11579732596874237,0.04274553247034646,0.06366933499080832,1.784108299556285
2009-05-18,1.0858672857284546,0.5028060851659504,0.18276959657669067,0.043312877672908576,0.06253282870035501,1.8772886738443593
2009-05-19,1.198868751525879,0.5075250504529021,0.17079821228981018,0.04398414120120901,0.06478580462070725,1.9859619600905074
2009-05-20,1.0543440580368042,0.49733976503319,0.11567384004592896,0.039910321610809506,0.06306165526128821,1.7703296399880206
2009-05-21,1.067110300064087,0.5032928064939317,0.19964368641376495,0.03672178202230128,0.06478657810424412,1.871555153098329
2009-05-22,1.0467973947525024,0.46031524472573465,0.1128956526517868,0.03713113647807121,0.06376204989403768,1.7209014785021328
2009-05-23,1.1170092821121216,0.48131358632325677,0.10954662412405014,0.03785833740100589,0.06434621809637146,1.8100740480568058
2009-05-24,1.2195768356323242,0.5283454060516091,0.12020080536603928,0.03711223564258822,0.06476355150770627,1.969998834200267
2009-05-25,1.254583477973938,0.5787982195326571,0.22519929707050323,0.038853490665553804,0.06888308346049865,2.1663175687031506
2009-05-26,1.348129153251648,0.7006330937642749,0.18604128062725067,0.03806901281617057,0.0698723058302439,2.342744846289588
2009-05-27,1.348129153251648,0.666873862911993,0.19134563207626343,0.03922281823835852,0.06574402943147001,2.3113154959097333
2009-05-28,1.3445483446121216,0.5771609760080765,0.21037454903125763,0.037129535358550465,0.05502329104517955,2.2242366960551854
2009-05-29,1.2479848861694336,0.48429343759665616,0.15019875764846802,0.03643082235321921,0.04503477168010747,1.9639426754478844
2009-05-30,1.1482399702072144,0.4425499164152173,0.14799708127975464,0.03464383616436514,0.04103805313037012,1.8144688571969216
2009-05-31,0.8331342339515686,0.43621611698410967,0.1487962305545807,0.034165708655015295,0.034622797547356365,1.4869350876926306
2009-06-01,0.8453966379165649,0.4243352005540233,0.14601607620716095,0.033764333636090944,0.035626514817108164,1.4851387631309483
2009-06-02,0.8331342339515686,0.4235712580452849,0.13583272695541382,0.03543735808431609,0.03807818161459874,1.4660537586511821
2009-06-03,0.9277825951576233,0.4675693239094151,0.1607164442539215,0.03461891096278361,0.04264616348919752,1.633333437772941
2009-06-04,0.9524573087692261,0.5236776111928385,0.1670864373445511,0.035728109057062994,0.04627539453169095,1.7252248608953695
2009-06-05,1.019294261932373,0.5999666084070134,0.16947181522846222,0.03678479002887555,0.053345103078675675,1.8788625786753999
2009-06-06,1.0925132036209106,0.6595499356664887,0.18926569819450378,0.03736165411526431,0.05854011063603501,2.0372306022332025
2009-06-07,1.438277006149292,0.7241489752823462,0.18187570571899414,0.03807124008997184,0.05538380563937549,2.4377567328799796
2009-06-08,1.4845304489135742,0.7126096956279999,0.29416370391845703,0.0444522807510723,0.05580008561713743,2.591556214828241
2009-06-09,1.4872161149978638,0.7287317610487956,0.17907701432704926,0.04410868574058764,0.05450225068614533,2.4936358268004413
2009-06-10,1.3856961727142334,0.545967927289571,0.18007618188858032,0.03568864550443623,0.058249306977481694,2.2056782343743024
2009-06-11,1.410752296447754,0.4973331344926032,0.21779458224773407,0.03541479258627623,0.04630110366476013,2.2075959094391275
2009-06-12,1.378882646560669,0.46487825777245667,0.20117874443531036,0.03332656167951177,0.038244771192776285,2.116510981640724
2009-06-13,1.3431607484817505,0.4432476716457989,0.20114703476428986,0.031807136445690984,0.030875609708579516,2.0502382010461098
2009-06-14,1.0852794647216797,0.4229618968817502,0.19196106493473053,0.03182538319577149,0.030184618755949695,1.7622124284898817
2009-06-15,1.0881438255310059,0.43497036373060016,0.21367113292217255,0.03261101806761553,0.03420360491506529,1.8035999451664595
2009-06-16,1.0412391424179077,0.43422908832591217,0.21143150329589844,0.034687362419491594,0.03791722247625318,1.759504318935463
2009-06-17,1.0380226373672485,0.46289357464268194,0.22077040374279022,0.03491267289834936,0.04393918008804877,1.8005384687391188
2009-06-18,1.0768321752548218,0.5078907205661043,0.19927677512168884,0.03547455292999225,0.05012706316655894,1.869601287039166
2009-06-19,1.2630999088287354,0.5310211707502772,0.22233626246452332,0.035860651471513516,0.05676863507300063,2.10908662858805
2009-06-20,1.544204831123352,0.6118771500240441,0.22368159890174866,0.03945541197791921,0.06027679332392258,2.4794957853509865
2009-06-21,1.5983487367630005,0.7437249783284274,0.21745532751083374,0.04712907225527272,0.06874703842844215,2.675405153285977
2009-06-22,1.993831992149353,0.8803715368241378,0.24943894147872925,0.04980751396971125,0.07286859842247921,3.2463185828444105
2009-06-23,1.993831992149353,0.9069060255960717,0.26929590106010437,0.04985148611126459,0.07531621962826608,3.2952016245450597
2009-06-24,2.0638654232025146,0.9324417439588215,0.23397012054920197,0.04999189023249298,0.0782990180678018,3.358568196010833
2009-06-25,2.1134731769561768,0.9476649368960088,0.23077557981014252,0.04991782394892335,0.07820921018334782,3.4200407277945994
2009-06-26,2.20023775100708,0.8904058462309652,0.3454091250896454,0.05003786989551684,0.07707533947700676,3.563165931700214
2009-06-27,2.253704071044922,0.89694509987491,0.28390246629714966,0.05037773337892639,0.07833521574693614,3.563264586342844
2009-06-28,2.2800796031951904,0.9100927257982072,0.2722660303115845,0.05036572311749659,0.07896786794682997,3.5917719503693086
2009-06-29,2.3354861736297607,0.8874334934605461,0.35402020812034607,0.05087622360115258,0.07564822167094488,3.70346432048275
2009-06-30,2.118062973022461,0.887566478005906,0.245271235704422,0.05040402976451991,0.07660248601167367,3.377907202508983
2009-07-01,2.280503988265991,0.8925490459210446,0.247453510761261,0.051290849380402674,0.07955606828341816,3.5513534626121177
2009-07-02,1.968462586402893,0.9579541979738226,0.24218834936618805,0.05038167170899808,0.07650651223584329,3.295493317687745
2009-07-03,1.968462586402893,0.949702175002384,0.24534465372562408,0.050450372244752094,0.07588792995896687,3.28984771733462
2009-07-04,1.968462586402893,0.9659017954703544,0.2085336595773697,0.04975020176451613,0.07472171882923735,3.2673699620443704
2009-07-05,1.968462586402893,0.8257244598574514,0.19235466420650482,0.043626753960952246,0.06374960270668376,3.093918067134485
2009-07-06,1.957587480545044,0.6062308761074318,0.19262002408504486,0.0362342012475558,0.05715612377313876,2.8498287057582155
2009-07-07,1.922447919845581,0.5611495061829608,0.18560075759887695,0.03334079637412584,0.05463161030736065,2.757170590308905
2009-07-08,1.6793203353881836,0.5110601787719959,0.15379595756530762,0.03248027622220195,0.052877600256384584,2.429534348204074
2009-07-09,1.712932825088501,0.5305132513455753,0.16464193165302277,0.03386638006822168,0.05631630700871573,2.4982706951640363
2009-07-10,1.9451851844787598,0.5752178640954775,0.17280252277851105,0.03533730330807284,0.05977138504846765,2.788314259709289
2009-07-11,1.88832426071167,0.5476852783230397,0.17266160249710083,0.0342606009321955,0.057333534200023385,2.700265276664029
2009-07-12,1.59401273727417,0.5221574846608239,0.19052954018115997,0.03405471144905073,0.0560489044132229,2.3968033779784275
2009-07-13,1.6604163646697998,0.5337095378168617,0.17490996420383453,0.03486212877806892,0.05904757246796585,2.462945567936531
2009-07-14,1.6520973443984985,0.4658788612333856,0.14152058959007263,0.033659151151351825,0.052142591860000156,2.3452985382333087
2009-07-15,1.5211760997772217,0.39081787802036566,0.13600514829158783,0.03203682609557861,0.04613507646936729,2.1261710286541216
2009-07-16,1.303507924079895,0.34537526112337147,0.12464603036642075,0.030949395496946776,0.0388319005906568,1.843310511657291
2009-07-17,1.3392682075500488,0.2937863814773933,0.11601942032575607,0.028332512759400384,0.030901257447612032,1.8083077795602105
2009-07-18,1.4455291032791138,0.26504983959102973,0.14159990847110748,0.026395743605933497,0.020388851863960375,1.8989634468111447
2009-07-19,1.4712183475494385,0.25843709653097824,0.12977132201194763,0.025524781145551068,0.01932760607265605,1.9042791533105714
2009-07-20,1.4750455617904663,0.2545744914838461,0.13077566027641296,0.023210527402525126,0.021446328486822833,1.9050525694400735
2009-07-21,1.2784130573272705,0.26244825007219064,0.11176440864801407,0.022913587069792577,0.02056681523011201,1.6961061183473796
2009-07-22,1.1240767240524292,0.25031970423037087,0.10532117635011673,0.01846353882318084,0.0174489983154544,1.515630141771552
2009-07-23,1.0577515363693237,0.2555057915821757,0.10550748556852341,0.01802776138045639,0.02139691594892348,1.4581894908494029
2009-07-24,1.117477297782898,0.23946012979626627,0.1067739799618721,0.020430544901642974,0.02035164995789986,1.504493602400579
2009-07-25,1.140474557876587,0.23255125251028308,0.10839150100946426,0.01734668735850934,0.018200055550426093,1.5169640543052696
2009-07-26,1.140474557876587,0.23282498851988667,0.10587604343891144,0.017199716778914576,0.02010955772660492,1.5164848643409046
2009-07-27,1.149418830871582,0.24261937713199735,0.10038977861404419,0.016851324198074117,0.02078046102383451,1.5300597718395321
2009-07-28,1.0615285634994507,0.22875393847716205,0.09568917006254196,0.014919977125650291,0.015942843734834348,1.4168344928996393
2009-07-29,1.026663064956665,0.2263510043564154,0.09652310609817505,0.015502242832987213,0.017290100457502153,1.3823295187017448
2009-07-30,1.2027850151062012,0.25034639349965315,0.11055631935596466,0.015335591663611696,0.019976586797050395,1.5989999064224814
2009-07-31,1.0473755598068237,0.24882603382515478,0.09646984189748764,0.01675893536287255,0.021134541852302326,1.4305649127446411
2009-08-01,1.1871740818023682,0.25484488471429356,0.11018741130828857,0.02359317347507194,0.02529476211468725,1.6010943134147095
2009-08-02,1.3645442724227905,0.2841843766948566,0.1206178143620491,0.02495936282078032,0.03089427980763479,1.8252001061081113
2009-08-03,1.1920766830444336,0.2472719860817964,0.10465458035469055,0.01944391204614254,0.023464652778590295,1.5869118143056533
2009-08-04,1.1920766830444336,0.2409948785925624,0.09840017557144165,0.018088609314864036,0.02035005709652377,1.5699104036198255
2009-08-05,1.2048797607421875,0.23270247265683533,0.10123375803232193,0.017790848344473628,0.021776527091435047,1.5783833668672533
2009-08-06,1.2015055418014526,0.22857566489175993,0.09739794582128525,0.015484062345230714,0.01623063253849136,1.5591938473982199
2009-08-07,1.2130756378173828,0.24207778433514524,0.10088708251714706,0.015940744353607192,0.02028092929868136,1.5922621783219637
2009-08-08,1.0997010469436646,0.2442659835333645,0.10194531083106995,0.017240906838922855,0.022711606868490792,1.4858648550155125
2009-08-09,1.124043345451355,0.22603498295667748,0.090924933552742,0.016820490577672136,0.02131367588243636,1.479137428420883
2009-08-10,1.0814770460128784,0.22949574288924532,0.11603663116693497,0.01560306232322133,0.02021049392946192,1.4628229763217417
2009-08-11,0.815948486328125,0.2119214451094306,0.0817689597606659,0.013093619077484662,0.01418140937230011,1.1369139196480063
2009-08-12,0.871082603931427,0.21764514618418512,0.09173545241355896,0.012854725469069,0.013001978935504836,1.206319906933745
2009-08-13,0.9568895101547241,0.2232104103293586,0.08648993819952011,0.0148276014996611,0.018388401599676585,1.2998058617829407
2009-08-14,0.987647533416748,0.2227913334471654,0.08578970283269882,0.015433072037966029,0.018787123925468645,1.330448765660047
2009-08-15,0.8584476709365845,0.21809705172050167,0.08532913029193878,0.01484194362894139,0.015631592380786517,1.1923473889587528
2009-08-16,0.890095055103302,0.22633393267946575,0.08521056920289993,0.01534835456694185,0.018415664464809207,1.235403576017419
2009-08-17,0.8199381828308105,0.22975270313113283,0.08453403413295746,0.016521192186714957,0.01976917970769966,1.1705152919893156
2009-08-18,0.8884899020195007,0.2598023998109502,0.09443439543247223,0.017061862653002642,0.02432966207768425,1.28411822199361
2009-08-19,0.9311277270317078,0.2734318800247256,0.10166535526514053,0.019609425009989325,0.03004783788625753,1.3558822252178206
2009-08-20,0.9871057868003845,0.30026419926125925,0.11914446949958801,0.023260197731185005,0.03722759435035461,1.4670022476427715
2009-08-21,1.105517864227295,0.3011181205326367,0.10669374465942383,0.027062179931995337,0.046037242543514253,1.5864291518948652
2009-08-22,1.0917843580245972,0.29300473795080134,0.11174996197223663,0.025633178519106514,0.043461391020274555,1.5656336274870162
2009-08-23,1.183111310005188,0.3054921726054686,0.1233331635594368,0.025300017563370768,0.04561542681808914,1.6828520905515534
2009-08-24,1.09001886844635,0.27107217097591935,0.10842396318912506,0.019216913412545264,0.03978102889426373,1.5285129449182036
2009-08-25,0.9887371063232422,0.2521388694864894,0.10643898695707321,0.018681655881287597,0.03609315290827971,1.4020897715563723
2009-08-26,1.017066240310669,0.24469456332705075,0.10630840063095093,0.01868909268977493,0.03196629203135408,1.4187245889897997
2009-08-27,0.9800594449043274,0.2433792790328744,0.18199223279953003,0.021124156633108012,0.03535911740501428,1.461914230774854
2009-08-28,0.9735507369041443,0.27620347745981294,0.19135817885398865,0.02642535349146872,0.04438259722213424,1.511920343931549
2009-08-29,1.0264792442321777,0.30930470202130084,0.1943686604499817,0.0278478423038077,0.04799975874390069,1.6060002077511688
2009-08-30,1.0754525661468506,0.3021517762847623,0.15518885850906372,0.028952575895777138,0.042493578411319795,1.6042393552477736
2009-08-31,1.0460832118988037,0.2951931347154732,0.17649057507514954,0.028474856602799994,0.03782208628103227,1.5840638645732588
2009-09-01,1.0624020099639893,0.2852828000591506,0.19221383333206177,0.026836520594798133,0.03589341772520015,1.6026285816752
2009-09-02,1.085048794746399,0.29150153756500347,0.1479264497756958,0.027744142207392113,0.03951220829081986,1.5917331325853101
2009-09-03,1.1357078552246094,0.27037464176422243,0.13621465861797333,0.026576113838268862,0.037202040936184504,1.6060753103812586
2009-09-04,1.0747216939926147,0.26746825546484987,0.141941100358963,0.02566388047186097,0.029800391017406506,1.539595321305695
2009-09-05,1.127585768699646,0.28217900915438215,0.14523527026176453,0.025628450255144975,0.02908476743135557,1.609713265802293
2009-09-06,1.0200080871582031,0.272397707322566,0.14311937987804413,0.028710524686394814,0.03176537810571353,1.4960010771509216
2009-09-07,1.0225396156311035,0.29525069521367214,0.13523000478744507,0.02763375523929935,0.03403304995017337,1.5146871208216934
2009-09-08,1.039270281791687,0.27935461460290095,0.1452283263206482,0.026739604127539986,0.030979331853165114,1.5215721586959412
2009-09-09,1.024145483970642,0.29548639625283063,0.1639706790447235,0.026705522473392515,0.031217747098153864,1.5415258288397427
2009-09-10,1.0251715183258057,0.30829910176996445,0.15786775946617126,0.02769612883330628,0.03129779985357106,1.5503323082488185
2009-09-11,1.0756405591964722,0.3121610058897412,0.16096819937229156,0.02750545252201059,0.032947183241758826,1.6092224002222744
2009-09-12,1.2014726400375366,0.310221932037015,0.1977597028017044,0.030437652323715675,0.03723599997357515,1.777127927173547
2009-09-13,1.143509030342102,0.30654837359337633,0.20492658019065857,0.030256200287405187,0.03695428782788094,1.722194472241423
2009-09-14,1.2975956201553345,0.33229544093308494,0.16611085832118988,0.030754162950431086,0.04093269972300817,1.8676887820830486
2009-09-15,1.3785117864608765,0.3096204997219546,0.13482807576656342,0.030423191964815285,0.03570232047383498,1.8890858743880448
2009-09-16,1.371468424797058,0.30779957617075865,0.13679733872413635,0.02982777748822628,0.031566937264181784,1.8774600544443611
2009-09-17,1.4590973854064941,0.3134678397688679,0.21759450435638428,0.029653686628526764,0.03510246811375423,2.054915884274027
2009-09-18,1.246119499206543,0.30178941049704205,0.1434158831834793,0.030109252422339437,0.03489902665355914,1.7563330719629628
2009-09-19,1.2174468040466309,0.3131321559861634,0.15438099205493927,0.031824307478918935,0.03774538455968375,1.7545296441263363
2009-09-20,1.240697979927063,0.3224801254519287,0.15434618294239044,0.03077343643660821,0.04300677139554676,1.7913044961535372
2009-09-21,1.240697979927063,0.3237049014060604,0.1654265820980072,0.03140705555625539,0.04045431390250689,1.8016908328898928
2009-09-22,1.280283808708191,0.34594143360495044,0.15161655843257904,0.03128227003005618,0.044303908998377745,1.8534279797741542
2009-09-23,1.2014473676681519,0.3465084160725291,0.15310320258140564,0.03070355889247247,0.04400354570717928,1.7757660909217383
2009-09-24,1.4416918754577637,0.3942210311568442,0.14357000589370728,0.030554077896305258,0.04502430820573849,2.055061298610359
2009-09-25,1.6078819036483765,0.4242674935588506,0.22677123546600342,0.03394351532828985,0.051047273088515324,2.3439114210900356
2009-09-26,1.7179181575775146,0.5472943338460361,0.2222578227519989,0.03482109496523162,0.059370442974497895,2.581661852115279
2009-09-27,1.848304033279419,0.5588909780529749,0.19696980714797974,0.04130642681915733,0.06370411034423742,2.7091753556437683
2009-09-28,1.8356636762619019,0.5442906969121084,0.1938481479883194,0.04245478712570605,0.06351001362708171,2.6797673219151177
2009-09-29,1.755194902420044,0.5017755567911568,0.20038555562496185,0.034437587819557816,0.06161203797280066,2.553405640628521
2009-09-30,1.6724961996078491,0.4478425055065655,0.13721129298210144,0.03304308693472774,0.05815123460550999,2.348744319636754
2009-10-01,1.8407560586929321,0.45428254888618497,0.13913334906101227,0.03332159914472265,0.059743548327941334,2.5272371041127935
2009-10-02,1.8407560586929321,0.43538086871811155,0.12755605578422546,0.033341634478069544,0.0577739541563419,2.494808571829681
2009-10-03,1.6513158082962036,0.3805015944840472,0.1250414252281189,0.03204252189202595,0.048599303602799925,2.237500653503196
2009-10-04,1.5426543951034546,0.3557258161000461,0.1250414252281189,0.029299334016825298,0.043011176200228804,2.0957321466486736
2009-10-05,1.4812219142913818,0.3530799797022063,0.13361719250679016,0.028456921581585276,0.03253642931035923,2.028912437392323
2009-10-06,1.2245254516601562,0.35468350200204657,0.13435690104961395,0.028898343501548577,0.03276793381102333,1.775232132024389
2009-10-07,1.1790837049484253,0.34382573802637956,0.15115007758140564,0.02942721778691635,0.03793509136619103,1.741421829709318
2009-10-08,1.140716791152954,0.3497413727682235,0.1480502486228943,0.030584611707584877,0.03666990146679125,1.7057629257184481
2009-10-09,1.2239547967910767,0.3374503170619407,0.20445840060710907,0.028918679500252075,0.03659362984503185,1.8313758238054103
2009-10-10,1.2715108394622803,0.3602094974856507,0.18485122919082642,0.03031400002333941,0.03964994972937178,1.8865355158914687
2009-10-11,1.241511344909668,0.3674915793438181,0.21716532111167908,0.03209479654667443,0.04234955604747128,1.900612597959311
2009-10-12,1.8007760047912598,0.40056998324345283,0.2184826284646988,0.03217206848121902,0.048829432174971675,2.500830117155602
2009-10-13,1.3181607723236084,0.3644200787174952,0.12717105448246002,0.03115235984490536,0.040866133361612524,1.8817703987300813
2009-10-14,1.2771307229995728,0.3514980610106585,0.12397908419370651,0.03023885354239518,0.03537616316285491,1.818222884909188
2009-10-15,1.2441004514694214,0.34204386524483765,0.13467250764369965,0.028093213053738634,0.03780278802188644,1.7867128254335838
2009-10-16,1.2260547876358032,0.3496362220188325,0.12523150444030762,0.030860459060712202,0.04628252763876762,1.7780655007944233
2009-10-17,1.2260547876358032,0.34293698316879456,0.1272970587015152,0.030300609668221675,0.04061119661270816,1.7672006357870427
2009-10-18,1.1459124088287354,0.3266455787199986,0.12288285791873932,0.02888120180087293,0.030883862919450986,1.6552059101877972
2009-10-19,1.144059419631958,0.3250621566817092,0.1226394921541214,0.02861248995404356,0.030206772578946526,1.6505803310007787
2009-10-20,1.063317894935608,0.32517863024457994,0.12111357599496841,0.0287238574772909,0.03728574486008182,1.575619703512529
2009-10-21,1.1164696216583252,0.3223728186557866,0.15714506804943085,0.02898471752516471,0.038168739752414235,1.6631409656411216
2009-10-22,1.1347371339797974,0.3170284633854647,0.15527339279651642,0.02846680862466949,0.03736387915093344,1.6728696779373815
2009-10-23,1.151645302772522,0.3187054246160314,0.1400516778230667,0.02829054375524613,0.03786506313981741,1.6765580121066836
2009-10-24,1.1768536567687988,0.29139157664645793,0.1400516778230667,0.027661226680817472,0.03727525542150237,1.6732333933406431
2009-10-25,1.1916682720184326,0.299098353826757,0.13571041822433472,0.02781532610414405,0.03984303920626381,1.6941354093799323
2009-10-26,1.06929612159729,0.2790819116098801,0.12735193967819214,0.026672339768054207,0.03717600807535206,1.5395783207287685
2009-10-27,1.0563774108886719,0.2823444474088229,0.14421044290065765,0.026001338861583498,0.037638076315658964,1.546571716375395
2009-10-28,1.0564292669296265,0.29652468856275016,0.15145470201969147,0.031814081990505075,0.04648814931931611,1.5827108888218893
2009-10-29,1.1164538860321045,0.30383430580639936,0.18449567258358002,0.030578022680180825,0.04570047188971926,1.681062358991984
2009-10-30,1.224502444267273,0.3037632530302305,0.17924495041370392,0.03059415424922195,0.04722208482444884,1.7853268867848782
2009-10-31,1.448824405670166,0.326215855431804,0.18741962313652039,0.03076785638741735,0.048496587998318214,2.041724328624226
2009-11-01,1.5321465730667114,0.34277965962099893,0.2164948731660843,0.03258584187670692,0.05132866074177777,2.1753356084722792
2009-11-02,1.6165847778320312,0.4448355323684321,0.21379254758358002,0.03696646706760626,0.057662972779632206,2.369842297631282
2009-11-03,1.6985281705856323,0.4625901588085454,0.2285030484199524,0.04308219700727421,0.060616666132801145,2.4933202409542057
2009-11-04,1.812721848487854,0.4776148217227749,0.20999735593795776,0.043284579017967645,0.06156121312399533,2.60517981829055
2009-11-05,1.8353428840637207,0.4793998857669865,0.21440871059894562,0.04294193793508141,0.06096672122276735,2.6330601395875015
2009-11-06,2.2216479778289795,0.4991735798651223,0.19637754559516907,0.04187236856698074,0.06433285725788167,3.0234043291141335
2009-11-07,2.2216479778289795,0.5094884413231449,0.17668603360652924,0.043393461349870044,0.06627376036086204,3.0174896744693855
2009-11-08,2.144742012023926,0.5145308841542664,0.21554669737815857,0.04272617541416873,0.06411330337460022,2.9816590723451197
2009-11-09,2.2538087368011475,0.48459006623590417,0.1999427080154419,0.043685098725237376,0.06086631291795887,3.04289292269569
2009-11-10,2.2147393226623535,0.4875233197392899,0.20551273226737976,0.04356986556633531,0.059257193747047555,3.010602433982406
2009-11-11,2.179084539413452,0.4667343022001281,0.16556388139724731,0.040823195865279625,0.05576119535098243,2.9079671142270898
2009-11-12,1.9212826490402222,0.4380988974356567,0.15862154960632324,0.03936758923061578,0.05327679769573651,2.610647483008554
2009-11-13,1.7628138065338135,0.4003480258608228,0.14664797484874725,0.03124064673149902,0.04918435977820128,2.390234813753084
2009-11-14,1.8239946365356445,0.3246309306408848,0.13392367959022522,0.029105026031803788,0.04777812737177374,2.359432400170332
2009-11-15,1.6563342809677124,0.2879503733408162,0.13651174306869507,0.028875189304094134,0.043976784694124756,2.1536483713754424
2009-11-16,1.787154197692871,0.26959250780477517,0.1419210284948349,0.02711678902675694,0.04127056552407363,2.267055088543312
2009-11-17,1.6757545471191406,0.24689052486450375,0.13908782601356506,0.025639251875079566,0.03273655271062538,2.120108702582914
2009-11-18,1.515244722366333,0.24409149773106625,0.1369362473487854,0.02445702583936714,0.029496677096791345,1.950226170382343
2009-11-19,1.47749924659729,0.2334002847539498,0.13928280770778656,0.02418514426296586,0.02993438626419371,1.904301869586186
2009-11-20,1.5128058195114136,0.22838357563980666,0.13891597092151642,0.022420925003803258,0.028671864021315076,1.931198155097855
2009-11-21,1.5128058195114136,0.2226471155605305,0.12855999171733856,0.021513052956728444,0.02638855415285276,1.911914533898864
2009-11-22,1.3513292074203491,0.2194844544834451,0.12393017113208771,0.02156861014357766,0.024858249479252498,1.741170692658712
2009-11-23,1.3199737071990967,0.21375380052489457,0.12714533507823944,0.021028451871849457,0.018069600054141117,1.6999708947282213
2009-11-24,1.074489951133728,0.21281572679037858,0.1286519169807434,0.02048359333305251,0.015881953082014094,1.4523231413199165
2009-11-25,1.065077304840088,0.21518488435832034,0.11978943645954132,0.02032432985984145,0.015632183499411097,1.4360081390172021
2009-11-26,1.065077304840088,0.21273076752455775,0.11675173044204712,0.020291506112772334,0.015661221876798675,1.4305125307962638
2009-11-27,1.0731756687164307,0.2095780369969906,0.11517225205898285,0.01948916284966656,0.01610820099426971,1.4335233216163403
2009-11-28,1.0558991432189941,0.21866883842157217,0.11459672451019287,0.019828530255523533,0.019713375775308233,1.428706612181591
2009-11-29,1.0375127792358398,0.2207570831676209,0.11781413108110428,0.020303467811011312,0.01991755595055342,1.4163050172461296
2009-11-30,0.9242655634880066,0.21730628997122453,0.10918907821178436,0.01398181761578396,0.021990250146581874,1.2867329994333814
2009-12-01,0.9380374550819397,0.21364401252402798,0.11116653680801392,0.012667368197452483,0.023601479045530328,1.2991168516569644
2009-12-02,0.8630920052528381,0.20953663064286893,0.10732905566692352,0.01198766040676926,0.02502905180152405,1.216974403770924
2009-12-03,0.8550569415092468,0.1971632637980015,0.10961353033781052,0.011531748228242187,0.024899983876338485,1.1982654677496394
2009-12-04,0.9105773568153381,0.19792139634822065,0.12083510309457779,0.011467668876221629,0.02157233545335508,1.2623738605877133
2009-12-05,0.8922158479690552,0.19818398400514425,0.12487602233886719,0.012253823326865589,0.01503469735549473,1.242564374995427
2009-12-06,0.9123011827468872,0.19668521103357187,0.1123938336968422,0.012511321969156022,0.023471818802301602,1.2573633682487588
2009-12-07,0.9822463989257812,0.19163817670623368,0.128088116645813,0.01163291014890049,0.012712430678256025,1.3263180331049844
2009-12-08,0.9720274209976196,0.19053086390895232,0.1215224489569664,0.01155747270103889,0.012551309283089838,1.3081895158476669
2009-12-09,0.9123011827468872,0.19010293513008822,0.12366939336061478,0.011394752346566653,0.012311074116893875,1.2497793377010509
2009-12-10,0.8880699276924133,0.1859782169273666,0.1353519856929779,0.012089449068969037,0.01203671278696263,1.2335262921686898
2009-12-11,0.9105773568153381,0.18541355318053365,0.15370726585388184,0.012127567837115633,0.011992857387075131,1.2738186010739443
2009-12-12,0.9105773568153381,0.1788251753140214,0.11564654111862183,0.011272501359911756,0.011251077079255451,1.2275726516871486
2009-12-13,0.8844606280326843,0.17998332996064206,0.11639364808797836,0.011198173906820336,0.010196070460861401,1.2022318504489866
2009-12-14,0.8845809698104858,0.18161955777328587,0.1169450432062149,0.01121455010991895,0.010177310279117118,1.2045374311790227
2009-12-15,0.8527902960777283,0.1783149104424152,0.11164578795433044,0.011023074156079117,0.009672233391895225,1.1634463020224481
2009-12-16,0.8043939471244812,0.15618317794803616,0.10422750562429428,0.011037213144613138,0.009796548318285128,1.08563839215971
2009-12-17,0.9108991622924805,0.16412218904970863,0.1116131842136383,0.011558438258698369,0.012037797995397042,1.2102307718099228
2009-12-18,0.7791959643363953,0.1862681129180784,0.11133881658315659,0.012584188048962684,0.014615746481745498,1.1040028283683387
2009-12-19,0.9474016427993774,0.2049676996922943,0.11516047269105911,0.014260709441688838,0.028391525712308158,1.3101820503367279
2009-12-20,1.0496480464935303,0.25798553050536915,0.13348698616027832,0.01816429966640976,0.04015847107070215,1.4994433338962896
2009-12-21,0.9505636692047119,0.25939770777751653,0.1393321305513382,0.017620548064813064,0.05134520010191695,1.4182592557002967
2009-12-22,1.0942035913467407,0.23849950349404425,0.16846950352191925,0.018484471731537538,0.04748158888057068,1.5671386589748124
2009-12-23,1.064853549003601,0.21895133150447038,0.18859785795211792,0.01654538911226075,0.04680287655309134,1.5357510041255413
2009-12-24,1.1105077266693115,0.2233416413154453,0.1924903243780136,0.01726115189999062,0.047628939803333735,1.5912297840660947
2009-12-25,1.1586233377456665,0.2112487322535212,0.17959092557430267,0.015305363244883708,0.04131492779023705,1.6060832866086112
2009-12-26,1.1586233377456665,0.21081887296762036,0.1662708818912506,0.015006305515534285,0.041021354103016675,1.5917407522230884
2009-12-27,1.1586233377456665,0.20427375116041682,0.1953965276479721,0.015172673000640744,0.03919705744051371,1.6126633469952099
2009-12-28,0.9950260519981384,0.19237177441674738,0.17532013356685638,0.014337519480386663,0.02921503163359757,1.4062705110957265
2009-12-29,1.0123041868209839,0.1850467425347321,0.14922897517681122,0.01290011991208319,0.02822303662195578,1.3877030610665664
2009-12-30,0.9872823357582092,0.183575930661385,0.13930267095565796,0.012245907363155154,0.027810545032074377,1.350217389770482
2009-12-31,0.9713886380195618,0.18084488576963498,0.12754428386688232,0.012269222885564673,0.025789365308726105,1.3178363958503698
2010-01-01,1.0135838985443115,0.18287458227047287,0.12759949266910553,0.010969678237206815,0.026865675554238667,1.3618933272753355
2010-01-02,0.993145227432251,0.18630212780102362,0.13059861958026886,0.010960346893449057,0.028985527167263873,1.3499918488742564
2010-01-03,0.9718383550643921,0.18562460284146995,0.11843619495630264,0.01103146334044836,0.03204642222860226,1.3189770384312154
2010-01-04,1.044291615486145,0.19303158905284606,0.11061637848615646,0.011300395363671837,0.03597900919473076,1.3952189875835501
2010-01-05,0.876022458076477,0.1821303001295557,0.10495973378419876,0.01091956548181227,0.033950444700780236,1.207982502172824
2010-01-06,0.8982244729995728,0.17582558452927458,0.11219213157892227,0.010518494825209813,0.03306518892249416,1.2298258728554736
2010-01-07,0.929717481136322,0.17273314156084216,0.10873689502477646,0.010316023453795065,0.033451540508899175,1.2549550816846349
2010-01-08,0.9253973364830017,0.1738413007770857,0.10451588779687881,0.010648316318567299,0.03475146054171161,1.2491543019172453
2010-01-09,0.8783330917358398,0.17112064891623938,0.10099542886018753,0.010230026252899342,0.033653053988379034,1.1943322497535451
2010-01-10,0.9253973364830017,0.1669809421911537,0.10538620501756668,0.01026026251973643,0.03313027432648477,1.2411550205379431
2010-01-11,0.9488507509231567,0.17153341977416142,0.11108870059251785,0.010064738043709208,0.03362974737973281,1.275167356713278
2010-01-12,0.9348185658454895,0.1742676163106261,0.12242884933948517,0.009661503038857966,0.03341213138793534,1.2745886659223942
2010-01-13,0.8662930727005005,0.14431108059532283,0.08949544280767441,0.009366911931810527,0.026915016861060913,1.1363815248963693
2010-01-14,0.8388770818710327,0.13449233658444695,0.08513519167900085,0.009066890753941985,0.02410936104919851,1.0916808619376208
2010-01-15,0.896579921245575,0.12854041057887217,0.10755250602960587,0.008742498284563494,0.024147545375194826,1.1655628815138113
2010-01-16,0.9394581317901611,0.1404694702934646,0.13107053935527802,0.008655752077792707,0.024586706811379217,1.2442406003280757
2010-01-17,0.9394581317901611,0.12298438665864148,0.13043323159217834,0.00844014294712471,0.023183166527580762,1.2244990595156866
2010-01-18,0.8972145318984985,0.11745349939500277,0.12739871442317963,0.007819683828785715,0.021143186935058244,1.1710296164805247
2010-01-19,0.8997167944908142,0.11848571088788845,0.12349216639995575,0.007476272960212629,0.018612720814443408,1.1677836655533145
2010-01-20,0.9315605759620667,0.12333364331337496,0.1262611746788025,0.007267753034219635,0.008837521520250054,1.1972606685087137
2010-01-21,0.7412759065628052,0.11691843199622683,0.11092238873243332,0.007986521568294951,0.00642317871530258,0.9835264275750629
2010-01-22,0.7565310597419739,0.1340666570361983,0.11941520124673843,0.007998766785691456,0.007415396576503525,1.0254270813871058
2010-01-23,0.7757049798965454,0.1260449922575996,0.1496576964855194,0.008634695062856253,0.0065749710492864315,1.0666173347518069
2010-01-24,0.7600628733634949,0.12799966682235359,0.1467404067516327,0.009880136601837059,0.00712239240782575,1.0518054759471438
2010-01-25,0.7565310597419739,0.11948871561698933,0.1446683555841446,0.008743466472073629,0.006717370299103237,1.0361489677142846
2010-01-26,0.7757049798965454,0.11236112255637758,0.15704284608364105,0.009367640904658593,0.006881933570549586,1.0613585230117721
2010-01-27,0.7600628733634949,0.10167348721163394,0.13167153298854828,0.006894721287542534,0.0056048540444010465,1.0059074688956207
2010-01-28,0.7565310597419739,0.10166022461144521,0.10812943428754807,0.006197884409243025,0.005160671912362536,0.9776792749625728
2010-01-29,0.7478270530700684,0.10888634760338699,0.11119312793016434,0.006382600822252534,0.005757673144236426,0.9800468025701087
2010-01-30,0.7443521022796631,0.11875868484023645,0.10718648880720139,0.006483788111346713,0.006389244278538047,0.9831703083169857
2010-01-31,0.9150857925415039,0.12457657510110154,0.10908190160989761,0.006592301375091889,0.00837104416826451,1.1637076147958596
2010-02-01,0.8804930448532104,0.13605307128639063,0.0977691262960434,0.0071726741911810965,0.009412605585111868,1.1309005222119373
2010-02-02,0.7970327734947205,0.12277631944362939,0.0805935189127922,0.006037307465873931,0.005338269976550618,1.0117781892935664
2010-02-03,0.753380298614502,0.1064086649914056,0.07816498726606369,0.005468875249814527,0.0053845922150834846,0.9488074183368692
2010-02-04,0.7814652323722839,0.11343205990869223,0.08633121848106384,0.005378056357676802,0.005023014700758023,0.9916295818204749
2010-02-05,0.8012707233428955,0.11848982328190742,0.09371176362037659,0.005277540731063577,0.004768647411621392,1.0235184983878645
2010-02-06,0.7489792108535767,0.11116258834466183,0.08546040952205658,0.005386961753366868,0.005834066098734616,0.9568232365723965
2010-02-07,0.7304662466049194,0.12094006508868174,0.07961404323577881,0.005792007448361421,0.006333406697714204,0.9431457690754556
2010-02-08,0.7433520555496216,0.1377397265089669,0.08544941246509552,0.006682543951185211,0.00972568848095885,0.9829494269558281
2010-02-09,0.7433520555496216,0.11877862082153355,0.09097310900688171,0.006136608748092532,0.00759633458345238,0.9668367287095818
2010-02-10,0.7433520555496216,0.10500162342995265,0.0966402217745781,0.005119242824853085,0.004813733622746416,0.9549268772017518
2010-02-11,0.7433520555496216,0.10468901044915822,0.0966402217745781,0.005127759287022911,0.005188663050719196,0.9549977101111
2010-02-12,0.8094791173934937,0.10106012612227316,0.13190989196300507,0.005059660142274254,0.005227127026264382,1.0527359226473108
2010-02-13,0.826137900352478,0.11553740389498889,0.1394447535276413,0.0057035787034278645,0.007516094966085881,1.094339731444622
2010-02-14,0.8094791173934937,0.11116475707768005,0.13050256669521332,0.005031787388895865,0.005983009142241063,1.062161237697524
2010-02-15,0.7964476943016052,0.1111057968275329,0.12054307013750076,0.005482854654124175,0.007073927915660188,1.0406533438364232
2010-02-16,0.8223762512207031,0.13643931558388905,0.13308356702327728,0.00658037659585332,0.01054041654188804,1.109019926965611
2010-02-17,0.8004693388938904,0.14483590421791354,0.20991946756839752,0.0069899576019622,0.01156010931946489,1.1737747776016285
2010-02-18,0.7827304005622864,0.13989510173566339,0.09241168200969696,0.005929533330686007,0.0072880822004124405,1.028254799838745
2010-02-19,0.7278949618339539,0.12219451672903149,0.08758119493722916,0.005162880896319195,0.006054836097591744,0.9488883904941254
2010-02-20,0.728081464767456,0.13148352001722255,0.09020324051380157,0.006313682858662653,0.009289814934739463,0.9653717230918822
2010-02-21,0.728081464767456,0.12067916887747758,0.08471973985433578,0.0058358172526061965,0.008581567050989046,0.9478977578028646
2010-02-22,0.7903788685798645,0.13077287069304355,0.1113419234752655,0.0055038068386610945,0.009853904723918427,1.047851374310753
2010-02-23,0.7430651187896729,0.1316873989906379,0.08795374631881714,0.00508723037289946,0.006809856450928348,0.9746033509229557
2010-02-24,0.7771347165107727,0.12379320043793167,0.09256310015916824,0.0045492328005288865,0.003937741547761798,1.0019779914561633
2010-02-25,0.7028473615646362,0.1197471190986075,0.08013387024402618,0.004533132056789609,0.002979124159335105,0.9102406071233946
2010-02-26,0.6790822148323059,0.10145928847784612,0.0797036662697792,0.0045268244332838025,0.0023515761360752684,0.8671235701492903
2010-02-27,0.6155659556388855,0.11077087407664568,0.0806603953242302,0.004954994078760462,0.0043296182364346465,0.8162818373549564
2010-02-28,0.6003504395484924,0.10906933039882358,0.07801152020692825,0.004505742195105304,0.0031367095262884973,0.7950737418756382
2010-03-01,0.6003504395484924,0.10414551727424758,0.07788950949907303,0.004308149866026623,0.0021067321463590634,0.7888003483341988
2010-03-02,0.5929511189460754,0.09514380819781038,0.0759124830365181,0.0042759482029130534,0.0021963648655063594,0.7704797232488234
2010-03-03,0.6026526689529419,0.10274105836204935,0.07838021218776703,0.0042796258506764655,0.002221123826713284,0.790274689180148
2010-03-04,0.669941246509552,0.1367716268608507,0.09114362299442291,0.0071682003174820446,0.013437817267697444,0.9184625139500051
2010-03-05,0.7086771130561829,0.13489107836602487,0.07337170094251633,0.009103030476185147,0.013238741112398911,0.939281663953308
2010-03-06,0.7086771130561829,0.1285396052848708,0.0741533562541008,0.0070443711478159615,0.007992183944184036,0.9264066296871545
2010-03-07,0.7170805931091309,0.11272035839091898,0.07616930454969406,0.0064701107593725035,0.008169456674686918,0.9206098234838034
2010-03-08,0.7750645279884338,0.10502193959091483,0.11405718326568604,0.004742418776763765,0.004104066457497636,1.002990136079296
2010-03-09,0.7287467122077942,0.1059199987333155,0.13384442031383514,0.005662875668862932,0.004642870835665575,0.9788168777594733
2010-03-10,0.7287467122077942,0.10570068701132503,0.11560254544019699,0.005177994619205295,0.004515787987604848,0.9597437272661264
2010-03-11,0.7604605555534363,0.1179350215378821,0.12298499792814255,0.005046962702542805,0.00530139849364692,1.0117289362156507
2010-03-12,0.6209129691123962,0.09997267130773342,0.13967588543891907,0.005687618206081613,0.0038521373858481887,0.8701012814509786
2010-03-13,0.6294370293617249,0.10640005340745094,0.1340722143650055,0.0059920789934040965,0.003935818097728038,0.8798371942253135
2010-03-14,0.6294370293617249,0.11022008378653643,0.13625678420066833,0.006615303729543676,0.006322062017352956,0.8888512630958263
2010-03-15,0.6335446834564209,0.1104993839592353,0.12795041501522064,0.006157190196841461,0.005366851491303793,0.8835185241190221
2010-03-16,0.7103941440582275,0.1108476169989561,0.1280924677848816,0.006323050140239784,0.0069568148480441865,0.9626140938303492
2010-03-17,0.7103941440582275,0.12401813787378309,0.13593974709510803,0.007697337744868421,0.010404656222491907,0.988454022994479
2010-03-18,0.7220175266265869,0.1373016111451427,0.14488273859024048,0.009300621425453593,0.015936913639456148,1.02943941142688
2010-03-19,0.7645569443702698,0.13289787243269752,0.13755476474761963,0.010669597640031406,0.01472207163558116,1.0604012508261995
2010-03-20,0.832692563533783,0.12632116359423765,0.12478795647621155,0.009493951030721372,0.011872965465820787,1.1051686001007743
2010-03-21,0.7461975812911987,0.11988619392952178,0.12213742733001709,0.007834377839948867,0.012242187289863298,1.0082977676805498
2010-03-22,0.7587915062904358,0.10876695028219364,0.11997673660516739,0.006521939153343173,0.007932036927311707,1.0019891692584517
2010-03-23,0.7480595111846924,0.09767552629367178,0.1388934999704361,0.006457745491435299,0.006822981681099098,0.9979092646213347
2010-03-24,0.8315829634666443,0.12207886097111278,0.1292569786310196,0.007841086232091097,0.011018027488767092,1.1017779167896347
2010-03-25,0.7075713872909546,0.11546541258292276,0.13482274115085602,0.00857874810944257,0.008971726733408025,0.975410015867584
2010-03-26,0.70511794090271,0.10628152082668556,0.13748447597026825,0.006955725297484578,0.0060795318022305615,0.9619191947993788
2010-03-27,0.7713600993156433,0.10706608742552882,0.13900072872638702,0.006234319595143912,0.0059031904826614984,1.0295644255453644
2010-03-28,0.7713600993156433,0.10535477396050759,0.15551450848579407,0.007459792705681579,0.00847844273704321,1.0481676172046699
2010-03-29,0.7713600993156433,0.11052631786336252,0.17294704914093018,0.0074784006854475196,0.008665116062144112,1.0709769830675275
2010-03-30,0.8164165019989014,0.12109789365522151,0.13428625464439392,0.006957889448688635,0.01002617080174861,1.088784710548954
2010-03-31,0.8164165019989014,0.12172124640054546,0.15228532254695892,0.007379224045871421,0.010490525458761923,1.1082928204510392
2010-04-01,0.8456316590309143,0.12817787794161917,0.1424671858549118,0.0085198530791611,0.012659145424697558,1.137455721331304
2010-04-02,0.8181223273277283,0.1382951955246114,0.15437477827072144,0.011550519634020654,0.015503387303833797,1.1378462080609155
2010-04-03,0.9078150987625122,0.1393476968954474,0.16429966688156128,0.014064414548768693,0.016758255751703244,1.2422851328399929
2010-04-04,0.8707651495933533,0.13514120963454937,0.15572497248649597,0.021029834706443432,0.019205768931034133,1.2018669353518763
2010-04-05,0.8707651495933533,0.1310893588850604,0.1631850153207779,0.020581822365910992,0.018227727480740787,1.2038490736458431
2010-04-06,0.8707651495933533,0.14801322633740452,0.1623762845993042,0.020366249831822027,0.021923898728119017,1.223444809090003
2010-04-07,0.8581347465515137,0.15565018524484947,0.1585957556962967,0.024875497049540462,0.02907140890300291,1.2263275934452031
2010-04-08,0.8449535965919495,0.1701944961961177,0.16704247891902924,0.026455759776040498,0.03364708307549212,1.2422934145586289
2010-04-09,0.8449535965919495,0.19789305113881442,0.15704560279846191,0.028393623822757095,0.03750326990436229,1.2657891442563451
2010-04-10,0.8264433741569519,0.1691936182486119,0.14561250805854797,0.024571118207797088,0.032794626697135655,1.1986152453690444
2010-04-11,0.8264433741569519,0.159301243750145,0.1373695582151413,0.020552368879438638,0.026385813039876402,1.1700523580415534
2010-04-12,0.8264433741569519,0.17353958693346488,0.12104137986898422,0.021065002066631623,0.026332559930145594,1.1684219029561782
2010-04-13,0.8667827248573303,0.1793178818510046,0.12609246373176575,0.022056764304427226,0.027483514368279487,1.2217333491128073
2010-04-14,0.8393357992172241,0.20523670964005283,0.1280408650636673,0.025274818143629245,0.034152454136301,1.2320406462008746
2010-04-15,0.9277737736701965,0.22720300832452212,0.12506331503391266,0.02851993119721548,0.038193210151011445,1.3467532383768583
2010-04-16,0.865208625793457,0.2582919372792527,0.14861159026622772,0.029402518260677565,0.039538861864378244,1.3410535334639933
2010-04-17,0.9277737736701965,0.2979791773772749,0.16253210604190826,0.029197709582085302,0.04065180112341308,1.458134567794878
2010-04-18,0.9071923494338989,0.299435724212371,0.11643597483634949,0.029171843608667855,0.03956173063656992,1.3917976227278572
2010-04-19,0.7785238027572632,0.2628941253614865,0.09226635843515396,0.02758589843497022,0.03358718491535791,1.1948573699042317
2010-04-20,0.8263711333274841,0.25764259814967294,0.09600159525871277,0.027827302995279617,0.031681968934548804,1.2395245986656984
2010-04-21,0.7923849821090698,0.24603709293681592,0.09322451800107956,0.026840415578984405,0.03225990661517118,1.1907469152411208
2010-04-22,0.766359269618988,0.2620159287042772,0.09219711273908615,0.0267437607800241,0.028767291311938243,1.1760833631543137
2010-04-23,0.7428230047225952,0.25747955007770146,0.0968678742647171,0.027762968399559877,0.025026354819380325,1.149959752283954
2010-04-24,0.7524637579917908,0.23707715494281945,0.10545718669891357,0.026188513036360817,0.024756197656313407,1.145942810326198
2010-04-25,0.7524637579917908,0.24356429334443047,0.11494366079568863,0.026656460310638997,0.02592929535347721,1.1635574677960259
2010-04-26,0.7018355131149292,0.2527544780995007,0.09054743498563766,0.026717706341530832,0.02529521800127758,1.0971503505428761
2010-04-27,0.7018355131149292,0.26425026161048804,0.0997653603553772,0.026135366096365988,0.02935302191992903,1.1213395230970893
2010-04-28,0.7181670665740967,0.26777781155463115,0.12220840901136398,0.03015014086640569,0.03310364589844144,1.1714070739049391
2010-04-29,0.7455803155899048,0.28228898852799006,0.1654662936925888,0.031315253439449055,0.03752850547241805,1.2621793567223507
2010-04-30,0.7578057646751404,0.3071068789146468,0.16077259182929993,0.029544942228272877,0.0415904589294991,1.296820636576859
2010-05-01,0.8126044869422913,0.3260013197391632,0.16919423639774323,0.031622022293820516,0.042919772784741884,1.3823418381577601
2010-05-02,1.0140949487686157,0.3973839345403815,0.14677029848098755,0.03338995500453007,0.04466627027455392,1.6363054070690688
2010-05-03,0.9902665019035339,0.3816801608544604,0.11160983145236969,0.037131946481632906,0.04452942717717949,1.5652178678691764
2010-05-04,0.9902665019035339,0.37240612118438365,0.11359396576881409,0.037337607072814125,0.03880617627508798,1.5524103722046338
2010-05-05,0.9487488865852356,0.3708255086124828,0.11517906188964844,0.03598461717302467,0.03821046094454397,1.5089485352049354
2010-05-06,1.1034971475601196,0.31078902974192624,0.14717796444892883,0.026031207949098287,0.03308634646650283,1.6205816961665758
2010-05-07,0.9693649411201477,0.28774520549473936,0.1442544311285019,0.025180785976120595,0.02900541260578842,1.455550776325298
2010-05-08,0.9693649411201477,0.2692059003362392,0.13794292509555817,0.02383911134935963,0.025262667182350866,1.4256155450836556
2010-05-09,0.7962263822555542,0.24144044700825076,0.12928520143032074,0.02169639759694534,0.01958768670256694,1.2082361149936378
2010-05-10,0.8186612725257874,0.2165032997953747,0.11827859282493591,0.02004526134166679,0.01645365788258275,1.1899420843703474
2010-05-11,0.7809832692146301,0.21431489995249345,0.1107674166560173,0.019240976065239026,0.014847744643208705,1.1401543065315884
2010-05-12,0.8654151558876038,0.21720781366718173,0.11993789672851562,0.01946691927271266,0.015414532483445,1.2374423180394587
2010-05-13,0.8654151558876038,0.23874887037198225,0.1315077692270279,0.02024757908446819,0.018914775106423358,1.2748341496775055
2010-05-14,0.7518283724784851,0.25961784974640223,0.13135816156864166,0.02339037015164178,0.025891667384866996,1.1920864213300377
2010-05-15,0.7614774107933044,0.27480393236336487,0.1328836977481842,0.025625992534265434,0.032019359251890776,1.2268103926910097
2010-05-16,0.8333391547203064,0.3035492453524337,0.13885058462619781,0.025052525069668406,0.0364089538817153,1.3372004636503219
2010-05-17,0.8738104104995728,0.2963947313357888,0.1354101151227951,0.02496374678029881,0.035571486275411755,1.3661504900138672
2010-05-18,0.936997652053833,0.3148790744102298,0.15647581219673157,0.027610477082744955,0.03915036780924205,1.4751133835527814
2010-05-19,1.021846055984497,0.32618524919027064,0.16890451312065125,0.026749686058242877,0.04289493498400757,1.5865804393376692
2010-05-20,0.9389463663101196,0.3685566700186765,0.19179420173168182,0.02869529878698496,0.044361335832711506,1.5723538726801745
2010-05-21,0.9389463663101196,0.49085115850246686,0.2005765736103058,0.03851623277095683,0.04715980295426814,1.7160501341481171
2010-05-22,1.267521619796753,0.5959866934500502,0.22503060102462769,0.04188418683112006,0.04906959624125564,2.1794926973438065
2010-05-23,1.1918056011199951,0.5618009045871006,0.13815487921237946,0.04257330420547423,0.04691664667334851,1.981251335798298
2010-05-24,1.1918056011199951,0.5056938313286947,0.16586612164974213,0.0427257184134044,0.04775026109926454,1.953841533611101
2010-05-25,1.167894959449768,0.5206697861289427,0.1395290344953537,0.04424901467908609,0.05154048282534491,1.9238832775784955
2010-05-26,1.2024645805358887,0.5724742230377022,0.1468074470758438,0.044751042472644664,0.060057086805455705,2.026554379927535
2010-05-27,1.2757773399353027,0.6644190950734254,0.1390906572341919,0.04583745540864429,0.0636063298815698,2.188730877533134
2010-05-28,1.3286892175674438,0.6782784352230549,0.14500916004180908,0.04668568507034666,0.06712060467758771,2.265783102580242
2010-05-29,1.2949801683425903,0.7018264539224768,0.1500554382801056,0.04546243897256759,0.07259239999763219,2.264916899515373
2010-05-30,1.3482553958892822,0.7491191908486503,0.16584837436676025,0.04697655801941955,0.07550290027645892,2.385702419400571
2010-05-31,1.3703664541244507,0.7616776602880966,0.15595151484012604,0.04451585402776531,0.07286578752868463,2.4053772708091237
2010-06-01,1.375911831855774,0.7417800127170655,0.15585634112358093,0.04384386392552588,0.07207653173190323,2.38946858135385
2010-06-02,1.3410050868988037,0.7148461893954354,0.14140203595161438,0.04405916932369937,0.07065779191365706,2.31197027348321
2010-06-03,1.271364450454712,0.6534624901971282,0.16135258972644806,0.04404139209710287,0.06924781564392965,2.1994687381193208
2010-06-04,1.4186674356460571,0.6464174232074122,0.16477498412132263,0.04496105033694632,0.06786414849379627,2.3426850418055345
2010-06-05,1.3983947038650513,0.6920011556741015,0.15411145985126495,0.044004846847774136,0.06915630108705262,2.3576684673252446
2010-06-06,1.3014339208602905,0.6537694378154937,0.1521102488040924,0.04370647395279532,0.061722549905343024,2.212742631338015
2010-06-07,1.1713958978652954,0.6462573530669342,0.14803549647331238,0.04208418451258698,0.05851098802302839,2.0662839199411573
2010-06-08,1.206191062927246,0.5739757581259339,0.1674489974975586,0.032503366759102904,0.047729239574970994,2.0278484248848123
2010-06-09,1.1474816799163818,0.5674477245110123,0.17189671099185944,0.03286170216929341,0.05264011522957594,1.972327932818123
2010-06-10,1.2913190126419067,0.6157547732821869,0.2025568187236786,0.0328149334932621,0.05626515230412911,2.198710690445163
2010-06-11,1.0619539022445679,0.6168467267787412,0.1869901865720749,0.03252645496507476,0.057105325185784685,1.9554225957462434
2010-06-12,1.0619539022445679,0.601602248033144,0.18768782913684845,0.03261146499414458,0.056656975659323414,1.9405124200680284
2010-06-13,1.1508166790008545,0.5928303334670126,0.21228738129138947,0.03538935321390162,0.05670172053135718,2.0480254675045155
2010-06-14,1.1131515502929688,0.7857746026000896,0.2279243767261505,0.038091932779958655,0.07124692537161319,2.236189387770781
2010-06-15,1.1243537664413452,0.769653314158564,0.21558994054794312,0.04467334573012421,0.07209495079328385,2.2263653176712603
2010-06-16,1.1508221626281738,0.7632395103180487,0.19700948894023895,0.04598682675334235,0.0692159293000161,2.22627391793982
2010-06-17,1.282792329788208,0.8168114041798391,0.2326696366071701,0.04711129923700308,0.07434190096636972,2.4537265707785902
2010-06-18,1.4013738632202148,0.869776952440358,0.1984720230102539,0.04750444012215872,0.07548070702794224,2.5926079858209277
2010-06-19,1.3498486280441284,0.8318942348327258,0.23713929951190948,0.04614094962658579,0.07501379201340841,2.540036904028758
2010-06-20,1.3991700410842896,0.8148309624121806,0.21474827826023102,0.04481587559201103,0.07399251594157391,2.5475576732902865
2010-06-21,1.330978512763977,0.768297894163722,0.13820326328277588,0.04321976980950505,0.06911843293193197,2.3498178729519124
2010-06-22,1.3957568407058716,0.6159436977350148,0.14509451389312744,0.03314571150299487,0.06660349405707353,2.2565442578940824
2010-06-23,1.2761884927749634,0.6038504296455542,0.14054381847381592,0.03297804574435717,0.06476238476909583,2.1183231714077864
2010-06-24,1.3530153036117554,0.5754728243569645,0.13110852241516113,0.030612185619100476,0.06371656140033193,2.1539253974033135
2010-06-25,1.2403013706207275,0.46716917730963115,0.13397398591041565,0.028493345301751277,0.05443986803817139,1.924377747180697
2010-06-26,1.4072157144546509,0.4369202539311969,0.13080400228500366,0.028149756804173493,0.04708090385251341,2.0501706313275383
2010-06-27,1.6860988140106201,0.5944705192702477,0.1693071871995926,0.03034090792003022,0.06317019976267223,2.5433876281631624
2010-06-28,1.94216787815094,0.691004703970427,0.19310924410820007,0.034716955427509744,0.07229556824444511,2.9332943499015225
2010-06-29,2.1918182373046875,0.8442663721486106,0.17196141183376312,0.040331222299082495,0.0733178626845166,3.3216951062706603
2010-06-30,2.2711305618286133,0.8623557993668951,0.1987496018409729,0.04624422182898103,0.07647071204744593,3.4549508969129086
2010-07-01,2.2166097164154053,0.8720110783768225,0.20428352057933807,0.04657301966630311,0.07491805138836549,3.4143953864262344
2010-07-02,2.032914876937866,0.8616160469413414,0.18530742824077606,0.047089983515780906,0.0761705716911099,3.2030989073268743
2010-07-03,1.9879209995269775,0.8457028726070988,0.1799977570772171,0.047314247051901556,0.07578522292460954,3.1367210991878047
2010-07-04,2.2511885166168213,0.8414617048106816,0.16664554178714752,0.046678220392051765,0.07523807889392452,3.3812120625006266
2010-07-05,2.2511885166168213,0.7995724308728442,0.17108158767223358,0.04667080986421177,0.07436484920808231,3.3428781942341934
2010-07-06,2.0288381576538086,0.8129169068151669,0.1721135377883911,0.04631318848618992,0.07109529591520926,3.131277086658766
2010-07-07,2.099738121032715,0.815203602582069,0.18660792708396912,0.04663377520416575,0.07223691400607705,3.220420339908996
2010-07-08,1.9171637296676636,0.8635314983944351,0.1919836401939392,0.04656028327652107,0.0742147980233461,3.0934539495559052
2010-07-09,1.7590348720550537,0.9127204876671751,0.20058798789978027,0.04763190161315576,0.07383402091554682,2.9938092701507117
2010-07-10,1.9434243440628052,0.9374163792169445,0.19550715386867523,0.04830980854953103,0.07587799829454199,3.200535683992498
2010-07-11,2.125507354736328,0.964189528819317,0.23537732660770416,0.0481156183119723,0.08040373397271262,3.4535935624480345
2010-07-12,2.125507354736328,0.9569894612337955,0.24543999135494232,0.048645562765703095,0.08107906122226229,3.457661431313031
2010-07-13,2.1767525672912598,0.9477704754500218,0.25645211338996887,0.048392715296294506,0.08138481901416161,3.5107526904417066
2010-07-14,2.1767525672912598,0.9435883918483898,0.2359796017408371,0.04765693529901376,0.0811973931718638,3.4851748893513643
2010-07-15,2.013841390609741,0.9227690395606629,0.18092340230941772,0.04698626269151769,0.07860032803453243,3.2431204232058723
2010-07-16,2.042050361633301,0.887696671362052,0.226004958152771,0.04573852694153638,0.0781524969870291,3.2796430150766893
2010-07-17,1.936755895614624,0.858299146356932,0.22671234607696533,0.04569258085944799,0.07524872853896573,3.142708697446935
2010-07-18,1.9805915355682373,0.8222799746480816,0.21856831014156342,0.039470894565812785,0.07308844196238272,3.133999156886077
2010-07-19,2.180837631225586,0.8998811068947763,0.22218868136405945,0.0438745123807014,0.08078780612878658,3.42756973799391
2010-07-20,2.125650405883789,0.9078992424134231,0.20916111767292023,0.04756005714906229,0.08157311163117245,3.371843934750367
2010-07-21,2.016045093536377,0.8657460380976485,0.2147279530763626,0.04435943141292816,0.08214443385674693,3.223022949980063
2010-07-22,1.9341773986816406,0.8481780159166499,0.24260814487934113,0.04786860762717387,0.08247062858377825,3.1553027956885837
2010-07-23,1.9913214445114136,0.8470557928679108,0.19316883385181427,0.047817551388820385,0.07836840374197664,3.157732026361936
2010-07-24,1.960734248161316,0.8479837880316057,0.20359474420547485,0.047874950863085936,0.07700841673494037,3.1371961479964225
2010-07-25,1.8886427879333496,0.8433895338980184,0.19827872514724731,0.04834998331888729,0.07393175086798066,3.052592781165483
2010-07-26,1.8886427879333496,0.8141880076765557,0.23592455685138702,0.04757647234842911,0.07109872224204142,3.057430547051763
2010-07-27,1.8886427879333496,0.788691125340105,0.2597769498825073,0.04749030589447758,0.07135803496186777,3.055959204012307
2010-07-28,2.2886533737182617,0.8133572183349467,0.2350756973028183,0.047613988634197024,0.0715118547030807,3.456212132693304
2010-07-29,2.1256322860717773,0.7545205868296347,0.1816353052854538,0.039753571513497364,0.061836834919880714,3.1633785846202445
2010-07-30,1.7295547723770142,0.6116323291220802,0.1825432926416397,0.033975917542895466,0.06010776112905058,2.6178140728126795
2010-07-31,1.8125567436218262,0.5957446768995234,0.17025646567344666,0.034475808577991186,0.05881426071814227,2.6718479554909296
2010-08-01,1.8125567436218262,0.6286019919580272,0.18225526809692383,0.035068376403968496,0.06615868583116741,2.7246410659119134
2010-08-02,2.1825978755950928,0.6833782293604513,0.19752448797225952,0.03478870551430316,0.06674233126631791,3.165031629708425
2010-08-03,1.7464783191680908,0.6526316543485557,0.1766843944787979,0.034103738067979276,0.06198704690546574,2.671885152968889
2010-08-04,2.0216474533081055,0.7306441091416234,0.18770980834960938,0.0353945733831052,0.06898439414964627,3.0443803383320898
2010-08-05,1.9927741289138794,0.7646517210645645,0.1965389847755432,0.03686853773816543,0.07390747896957017,3.064740851461722
2010-08-06,2.129206418991089,0.795347401997069,0.18963582813739777,0.03787471456449322,0.07633529356438436,3.228399657254433
2010-08-07,2.353158712387085,0.9207836970736138,0.22213910520076752,0.04504854511313777,0.07815119331880699,3.619281253093411
2010-08-08,2.3695597648620605,0.9288172050395267,0.217696413397789,0.04541354423897212,0.07850654349074208,3.6399934710290904
2010-08-09,2.328484058380127,0.932402338165522,0.2381783425807953,0.046943045092544544,0.07914358724937631,3.625151371468365
2010-08-10,2.5836739540100098,0.9186312495468065,0.26262545585632324,0.047049836108805816,0.08013277254034862,3.892113268062294
2010-08-11,2.5836739540100098,0.9044315275296813,0.2818600535392761,0.047069667959181695,0.06828446419652405,3.885319667234673
2010-08-12,2.5836739540100098,0.9047419917436876,0.2761179506778717,0.04712931583854034,0.06731994167000259,3.878983153940112
2010-08-13,2.604264259338379,0.8676588429288199,0.3687753975391388,0.047588192529001164,0.06467608289151756,3.9529627752268564
2010-08-14,2.5429539680480957,0.8108936809815099,0.26039546728134155,0.046689779902540605,0.0617792053400378,3.7227121015535256
2010-08-15,2.449455738067627,0.8099850124849692,0.2608162760734558,0.04648231888080339,0.062220451608505124,3.6289597971153604
2010-08-16,2.449455738067627,0.8122476814617814,0.2699449360370636,0.04665468845470949,0.06408054695759086,3.6423835909787723
2010-08-17,2.478501319885254,0.8193317734711063,0.2582549750804901,0.04702659183412555,0.06323686982043819,3.666351530091414
2010-08-18,2.449455738067627,0.8171509384702809,0.2563747465610504,0.047874333986722986,0.06714494351754532,3.6380007006032264
2010-08-19,2.449455738067627,0.7896466118800036,0.23440568149089813,0.04716379287274076,0.06701322041826917,3.5876850447295388
2010-08-20,2.3499879837036133,0.8228412399725777,0.22906865179538727,0.04784357872015931,0.06766520195015154,3.517406656141889
2010-08-21,2.242375612258911,0.7711655336721395,0.2250673621892929,0.04778374753776404,0.06772193492164288,3.3541141905797502
2010-08-22,2.5174241065979004,0.7910453259220254,0.2342052459716797,0.04785296445837716,0.07145596883816069,3.661983611788143
2010-08-23,2.4066457748413086,0.8218083684734618,0.27006644010543823,0.04997699759101793,0.0734161171313843,3.6219136981426105
2010-08-24,2.5781185626983643,0.8430877632642222,0.2545088529586792,0.04913983747889573,0.07606746329589487,3.800922479696056
2010-08-25,2.512878179550171,0.854061985830691,0.262180358171463,0.049453829147639655,0.0763134279462407,3.754887780646205
2010-08-26,2.5781185626983643,0.9281717470332493,0.2718049883842468,0.04994430283768229,0.07932583470645005,3.907365435659993
2010-08-27,2.6110782623291016,0.9493884342104681,0.26729142665863037,0.04996185050699585,0.07994554614302234,3.9576655198482182
2010-08-28,2.645965337753296,0.9784410978041407,0.3053240180015564,0.050890908894394175,0.08263898168903852,4.063260344142426
2010-08-29,2.682208776473999,1.009181239746328,0.30611979961395264,0.0510507878958685,0.08463448945088506,4.133195093181033
2010-08-30,2.5736629962921143,1.0076485461301088,0.2742251455783844,0.049899022408833045,0.0838656402652271,3.9893013506746673
2010-08-31,2.5736629962921143,0.9960342433376217,0.27238142490386963,0.0502384251122973,0.0832604138743257,3.9755775035202285
2010-09-01,2.5736629962921143,1.01509771871577,0.3087368607521057,0.051523250472829143,0.08463474385622505,4.033655570089044
2010-09-02,2.2034895420074463,0.9972697870459459,0.281669020652771,0.051418290865129945,0.08494534555413277,3.618791986125426
2010-09-03,2.260697603225708,1.029383275091337,0.2593689560890198,0.05168640096426693,0.08520441333590914,3.6863406487062407
2010-09-04,2.508535146713257,1.0181823191438797,0.2880328893661499,0.051676435581861586,0.08603993788103341,3.9524667286861814
2010-09-05,1.9745440483093262,1.0034993255250257,0.3456556499004364,0.050838365816214336,0.08569746826017392,3.4602348578111766
2010-09-06,1.8399443626403809,0.99417997680996,0.2502589225769043,0.05083857478094334,0.08401565381311943,3.219237490621308
2010-09-07,1.8399443626403809,1.02096596408937,0.2389148324728012,0.04809754860755552,0.08206571629503441,3.229988424105142
2010-09-08,1.8399443626403809,1.020274509233067,0.24124948680400848,0.04955493230418701,0.08254174277245993,3.233565033754103
2010-09-09,1.8116823434829712,0.9622479059871742,0.25127071142196655,0.04945818421668106,0.08178909799833603,3.1564482431071292
2010-09-10,1.669162392616272,0.9397004518634813,0.2382335513830185,0.04703073280324881,0.07870411836652816,2.9728312470325484
2010-09-11,1.5645923614501953,0.9414456264954563,0.22346177697181702,0.047586892396961594,0.07413672798569497,2.851223385300125
2010-09-12,1.5645923614501953,0.9528722630819377,0.2230565994977951,0.04591894881588355,0.073753086373086,2.8601932592188977
2010-09-13,1.4605300426483154,0.9004792053078494,0.2033812403678894,0.04522454692465252,0.06832916760703495,2.6779442028557416
2010-09-14,1.4605300426483154,0.9066716331985272,0.17651914060115814,0.043332543231633415,0.06503879269815646,2.6520921523777905
2010-09-15,1.4820266962051392,0.724293739364408,0.19075272977352142,0.033111619904707235,0.06321716788937781,2.4934019531371536
2010-09-16,1.5918248891830444,0.7234610546817415,0.20058056712150574,0.03451197417523851,0.06385168239485664,2.6142301675563866
2010-09-17,1.7430155277252197,0.7630604420056748,0.20809483528137207,0.03413904768945049,0.0665673908724312,2.8148772435741485
2010-09-18,1.5536112785339355,0.8213241697942006,0.18636490404605865,0.03517637874391378,0.06437646291314361,2.6608531940312523
2010-09-19,1.3675827980041504,0.8219982407029252,0.18911923468112946,0.037952635630245396,0.06373912668170295,2.480392035700153
2010-09-20,1.5990629196166992,0.7749949445610818,0.20910754799842834,0.04294836309676805,0.0600593044726496,2.686173079745627
2010-09-21,1.8065776824951172,0.814947638445618,0.2654997706413269,0.04559127261513255,0.06471568995301204,2.997332054150207
2010-09-22,1.8065776824951172,0.8625246524142824,0.2654850482940674,0.04523698275905662,0.06479375884189847,3.0446181248044217
2010-09-23,1.8604881763458252,0.9468836145148947,0.2801131010055542,0.04597209879417381,0.06708311567279505,3.200540106333243
2010-09-24,1.8604881763458252,0.8869153462371684,0.28798016905784607,0.04597738952553548,0.06628634534615334,3.1476474265125285
2010-09-25,1.9848346710205078,0.916938334664674,0.30963951349258423,0.04774772758409124,0.07237652669533061,3.331536773457188
2010-09-26,1.969204068183899,0.997563651001975,0.25966736674308777,0.04792681564233611,0.07307897992649524,3.347440881497793
2010-09-27,1.969204068183899,1.0387115346984186,0.23916423320770264,0.04922868619829118,0.07545264568240802,3.3717611679707193
2010-09-28,2.343803644180298,1.0060078343369705,0.26139235496520996,0.04739798638335421,0.0802212560250124,3.7388230758908447
2010-09-29,2.443009614944458,1.0202591544595037,0.2568385899066925,0.04717437773314441,0.08189620676759386,3.849177943811392
2010-09-30,2.3792471885681152,1.0024602255277562,0.2420794665813446,0.04917978272447686,0.08222823825798768,3.7551949016596806
2010-10-01,2.350783586502075,1.007492629372849,0.2234940379858017,0.048048886782483,0.08208672357395635,3.711905864217165
2010-10-02,2.3792471885681152,0.9785346401849677,0.27429553866386414,0.04906255862009835,0.08225389533887437,3.76339382137592
2010-10-03,2.2397961616516113,0.9826580685351807,0.1932191103696823,0.04597334480999121,0.07936826972947864,3.541014955095944
2010-10-04,1.9508297443389893,0.9331523504801404,0.17869971692562103,0.045000095162038754,0.07652957312143747,3.184211480028227
2010-10-05,2.0053465366363525,0.8719088071480641,0.18725429475307465,0.044210873830434774,0.07359579663123147,3.1823163089991575
2010-10-06,2.316563367843628,0.8516690409056755,0.18913419544696808,0.04650128383666275,0.07521193419374182,3.479079822226676
2010-10-07,2.453988552093506,0.6792207600081788,0.18244484066963196,0.03756062899507666,0.06779620124437628,3.4210109830107696
2010-10-08,2.069368600845337,0.6199284653779098,0.17353296279907227,0.035341330612969485,0.058343914471792296,2.9565152741070806
2010-10-09,2.286041259765625,0.5766846142586548,0.24602554738521576,0.03453497486303519,0.05800913183412867,3.2012955281066593
2010-10-10,1.525338888168335,0.5111954534330208,0.1878766268491745,0.03364380031642683,0.048118347246685976,2.3061731160136434
2010-10-11,1.4043852090835571,0.4805926095624449,0.16995656490325928,0.03308085843449315,0.044600654781587284,2.1326158967653415
2010-10-12,1.4194848537445068,0.42817039430198034,0.1738303005695343,0.0318017302834641,0.04080146973875862,2.094088748638244
2010-10-13,1.6565964221954346,0.4105465520981823,0.16470204293727875,0.030702241522587652,0.040166037204732795,2.302713295958216
2010-10-14,1.5549373626708984,0.3999711534441523,0.16267354786396027,0.02906640399117962,0.03485227065320055,2.181500738623391
2010-10-15,1.5549373626708984,0.37799929164696305,0.15985825657844543,0.028437005622057122,0.035806127209802925,2.1570380437281673
2010-10-16,1.5176093578338623,0.3631276137585256,0.16141889989376068,0.028709223420502514,0.038770512906067305,2.1096356078127183
2010-10-17,1.4911832809448242,0.35291847389624437,0.1476077437400818,0.02855353162882792,0.04099808993907503,2.0612611201490534
2010-10-18,1.485907793045044,0.3770644398689359,0.15687760710716248,0.02943174318863612,0.042775792170974526,2.0920573753807528
2010-10-19,1.485907793045044,0.392208745911861,0.1652298867702484,0.03081052383855509,0.049521082285855715,2.1236780318515645
2010-10-20,1.6698997020721436,0.40719615097045964,0.16576021909713745,0.03260265119363952,0.05135571325651596,2.3268144365898964
2010-10-21,1.6058838367462158,0.39033401493957354,0.1552586555480957,0.03185913789862282,0.051394997278172865,2.23473064241068
2010-10-22,1.4296244382858276,0.3577308346860763,0.1335809975862503,0.029979197596036376,0.043235201062921655,1.9941506692171123
2010-10-23,1.4296244382858276,0.3474543705263763,0.13994432985782623,0.029037080940907303,0.040690512602301145,1.9867507322132385
2010-10-24,1.32866370677948,0.3288035771985952,0.13743728399276733,0.028013422252576824,0.0386912162130758,1.861609206436495
2010-10-25,1.3522096872329712,0.3387366876580046,0.14606937766075134,0.02702566975163112,0.03683899743956155,1.9008804197429199
2010-10-26,1.4057645797729492,0.33003372992930124,0.1660504937171936,0.03060457284604489,0.04098316727406291,1.9734365435395518
2010-10-27,1.3207836151123047,0.3355100611318258,0.1671372950077057,0.03264610912107257,0.04260487284152848,1.8986819532144372
2010-10-28,1.2317155599594116,0.3188717019065286,0.15803799033164978,0.02952994926174507,0.03890234444844815,1.7770575459077833
2010-10-29,1.2329037189483643,0.31526076541701115,0.1636248081922531,0.028666849325581775,0.03911494413808929,1.7795710860212997
2010-10-30,1.0482438802719116,0.28937710762669366,0.10164206475019455,0.019879159539238505,0.03657296198180478,1.4957151741698431
2010-10-31,1.2722591161727905,0.2892469507428207,0.10945634543895721,0.01771024182474958,0.03784957634417388,1.7265222305234922
2010-11-01,1.2067426443099976,0.2662377509254017,0.11942163854837418,0.015539768232748996,0.02830602552166123,1.6362478275381835
2010-11-02,1.3835936784744263,0.2676967587128075,0.12646175920963287,0.02175960740421935,0.028939213520927116,1.8284510173220134
2010-11-03,1.360528588294983,0.284220439047305,0.13845178484916687,0.022400352273180924,0.034761301908460635,1.8403624663730964
2010-11-04,1.2813007831573486,0.29463447998579867,0.13598956167697906,0.019865700640185287,0.03908680654056441,1.7708773320008762
2010-11-05,1.088574767112732,0.2828595623622937,0.09218442440032959,0.0187190449174213,0.0395240770612083,1.5218618758539848
2010-11-06,1.0517672300338745,0.26635927277794164,0.09111279249191284,0.01688091919040931,0.03522654287821716,1.4613467573723555
2010-11-07,1.0799027681350708,0.245095240752653,0.09335556626319885,0.015672193359759216,0.034031840343710276,1.4680576088543922
2010-11-08,1.0990403890609741,0.23516940845703604,0.08899518847465515,0.014263821227685226,0.026576212242913833,1.4640450194632646
2010-11-09,1.1352394819259644,0.2318415265681212,0.10647132247686386,0.015286298927545214,0.02902451076777684,1.5178631406662717
2010-11-10,1.0929784774780273,0.25042293917355196,0.13645072281360626,0.015944455212854546,0.03341966074828824,1.5292162554263282
2010-11-11,1.0022809505462646,0.24135747767049892,0.11301691830158234,0.014859730370068387,0.033167780403588504,1.404682857292003
2010-11-12,1.0229076147079468,0.2265243625224199,0.11483418196439743,0.014620833454100025,0.02696004203735547,1.4058470346862195
2010-11-13,1.0078399181365967,0.22264111325339017,0.08933811634778976,0.014077041206619113,0.02503402322346675,1.3589302121678624
2010-11-14,1.0952717065811157,0.22445233747544452,0.10326802730560303,0.01407206637917269,0.027055285927139454,1.4641194236684754
2010-11-15,1.1115916967391968,0.24099716284263523,0.12182231992483139,0.015688026558665445,0.033819494781433125,1.523918700846762
2010-11-16,1.1616508960723877,0.23686930231256337,0.12682601809501648,0.01481065239380157,0.03175849971608391,1.571915368589853
2010-11-17,1.0929661989212036,0.2246796438288975,0.11779879033565521,0.01442585856090771,0.031171207906011127,1.481041699552675
2010-11-18,0.9881675839424133,0.22420422099994378,0.11194166541099548,0.014270208465776474,0.026841101902889054,1.3654247807220181
2010-11-19,0.9881675839424133,0.22652080346890982,0.12051321566104889,0.014883273026968723,0.03015928923677156,1.3802441653361124
2010-11-20,1.0029851198196411,0.26347464341509086,0.1226603090763092,0.016410981232869704,0.03906019342856033,1.4445912469724713
2010-11-21,1.357083797454834,0.26588782158207586,0.135315403342247,0.01905240530778099,0.04595829378034114,1.823297721467279
2010-11-22,1.006704330444336,0.2385056285816237,0.08920630067586899,0.015298987590364676,0.03956762542766969,1.389282872719863
2010-11-23,1.0047016143798828,0.21111292652948493,0.15009555220603943,0.014324172039009129,0.03623720709595633,1.4164714722503724
2010-11-24,1.0072927474975586,0.20999342033053273,0.09643707424402237,0.01293703291792216,0.034271460653505385,1.360931735643541
2010-11-25,0.970758318901062,0.18813445187711147,0.09388089179992676,0.011855148000803688,0.030870235646704353,1.2954990462256084
2010-11-26,0.970758318901062,0.20018435070320378,0.08924182504415512,0.011423965979182006,0.031007904549938375,1.302616365177541
2010-11-27,0.9367650747299194,0.19589112547935691,0.08807259798049927,0.012482865215084906,0.030540134991660105,1.2637517983965207
2010-11-28,0.8398261666297913,0.18690750327371247,0.08924182504415512,0.011522514696516268,0.024339668632942436,1.1518376782771176
2010-11-29,0.9440849423408508,0.18166763738639935,0.09060803055763245,0.011354635798938958,0.024580143660116568,1.252295389743938
2010-11-30,0.9308354258537292,0.18694990690070373,0.0844067931175232,0.011299013100666234,0.02971521487697417,1.2432063538495965
2010-12-01,0.8534846901893616,0.17302919039227166,0.09120531380176544,0.011849945025353737,0.027868040068458784,1.1574371794772111
2010-12-02,0.9189785718917847,0.18658519936488302,0.10934833437204361,0.011370644086992223,0.03006686514424599,1.2563496148599496
2010-12-03,0.9640349745750427,0.21377428006554205,0.14845269918441772,0.012530225433141834,0.04124267083116379,1.380034850089308
2010-12-04,0.8495191335678101,0.21028381182625872,0.0929252952337265,0.013959271190597254,0.03979285153125961,1.206480363349652
2010-12-05,0.9301309585571289,0.21413985165578892,0.08241742849349976,0.012441681346019579,0.03653329142232011,1.2756632114747573
2010-12-06,0.9014167189598083,0.1976179185462643,0.08236394077539444,0.011438501215370803,0.03434065193928006,1.227177731436118
2010-12-07,0.8930104970932007,0.19028810978385938,0.08652753382921219,0.010648131473713782,0.03111685511696258,1.2115911272969484
2010-12-08,0.8750032186508179,0.18784813782357268,0.08405321091413498,0.011100424852631545,0.03254347326565803,1.1905484655068153
2010-12-09,0.8832398653030396,0.19424128100665725,0.07979246228933334,0.011053063157311943,0.032437670525243614,1.2007643422815857
2010-12-10,0.9002606868743896,0.17983553414789621,0.08179400861263275,0.010380613642097776,0.024495682454030852,1.1967665257310474
2010-12-11,0.7383019924163818,0.17379910973898804,0.08485495299100876,0.010253340250192748,0.022399554427248926,1.0296089498238201
2010-12-12,0.7234143614768982,0.17367620632000128,0.08119793236255646,0.01013334471336817,0.0213105637253241,1.009732408598148
2010-12-13,0.7318342924118042,0.1776425877139032,0.08035068213939667,0.01044449790985419,0.02156295684628169,1.0218350170212398
2010-12-14,0.7230475544929504,0.17529462545955274,0.08170170336961746,0.010091748334852296,0.021507406409167297,1.0116430380661403
2010-12-15,0.7699796557426453,0.17786455082048244,0.10958290845155716,0.01035204966596796,0.023591885801233028,1.0913710504818859
2010-12-16,0.7814527153968811,0.19217329280669143,0.10186559706926346,0.010777494776727453,0.024588293271612632,1.110857393321176
2010-12-17,0.7975347638130188,0.1859369412873222,0.11081020534038544,0.010300575780450495,0.022409545423214317,1.126992031644391
2010-12-18,0.8177475929260254,0.17658239800374076,0.11520227044820786,0.009994415164412396,0.021703797320233746,1.1412304738626202
2010-12-19,0.8012579679489136,0.16278363987081185,0.10814297199249268,0.009862302176244977,0.021076290111803047,1.1031231721002661
2010-12-20,0.7814527153968811,0.1528422835373274,0.10173957794904709,0.010010943040912618,0.022872284621382813,1.0689178045455512
2010-12-21,0.7975347638130188,0.14881725053808414,0.15011656284332275,0.011020340535915213,0.02179466106103537,1.1292835787913764
2010-12-22,0.8917465806007385,0.14378697264601673,0.12910276651382446,0.0106058413646528,0.022430385209256044,1.1976725463344886
2010-12-23,0.8177475929260254,0.13096209785082352,0.13141536712646484,0.009720184500659665,0.021836169357389027,1.1116814117613623
2010-12-24,0.8177475929260254,0.12665209040059522,0.13141536712646484,0.010125560748937916,0.021222330293596003,1.1071629414956194
2010-12-25,0.8057416677474976,0.1240436368365228,0.15228743851184845,0.010326281316199705,0.02118660465762203,1.1135856290696906
2010-12-26,0.7894941568374634,0.12318729354242139,0.1405324935913086,0.010881453454854233,0.02124153729005751,1.0853369347161053
2010-12-27,0.7948795557022095,0.12343801940429905,0.12159853428602219,0.009231306117709252,0.020537801745413527,1.0696852172556532
2010-12-28,0.8703044652938843,0.12151018061267832,0.11007613688707352,0.009207817499454606,0.020498731474261542,1.1315973317673522
2010-12-29,0.8703044652938843,0.11425225959735186,0.11078294366598129,0.008865016378972993,0.020710236670255303,1.1249149216064458
2010-12-30,0.8703044652938843,0.11282709927699341,0.1102442815899849,0.008723424369143546,0.020677655835672798,1.122776926365679
2010-12-31,0.8703044652938843,0.123665694435429,0.1099838986992836,0.009769700668560206,0.022265924116792124,1.1359896832139493
2011-01-01,0.7814527153968811,0.11513180032371087,0.10209052264690399,0.008529426788094138,0.021056539949113794,1.0282610051047039
2011-01-02,0.7985579967498779,0.10955918249646078,0.10171625018119812,0.008010596007751938,0.0200700904832551,1.0379141159185439
2011-01-03,0.8149920701980591,0.1056416575161642,0.10552680492401123,0.007279113745051782,0.020698673140595758,1.054138319523882
2011-01-04,0.8543457984924316,0.10729473772112932,0.10947883874177933,0.006819811294073233,0.018682466670357296,1.0966216529197708
2011-01-05,0.8332282900810242,0.09933405374842949,0.10236351937055588,0.006803306780119996,0.011963422707340824,1.0536925926874705
2011-01-06,0.8503758907318115,0.10371504358233308,0.106447234749794,0.007064599665562963,0.011514999468666721,1.0791177681981683
2011-01-07,0.8493394255638123,0.10451077063927919,0.11470901966094971,0.007859211631308935,0.010816484601680923,1.087234912097031
2011-01-08,0.8048789501190186,0.10276167480306446,0.10896264761686325,0.007613034758512712,0.010658470007199423,1.0348747773046583
2011-01-09,0.8283457159996033,0.10351272402771827,0.106447234749794,0.007555063625901619,0.010808706373514648,1.056669444776532
2011-01-10,0.8493394255638123,0.11948921799067666,0.11470901966094971,0.007609915932456482,0.010884429874235109,1.1020320090221305
2011-01-11,0.8504100441932678,0.12719771799688,0.1296437829732895,0.008310031370160254,0.013839432478939501,1.129401009012537
2011-01-12,0.6788875460624695,0.11014749565885996,0.07951636612415314,0.007943228225065714,0.010982565870837034,0.8874772019413854
2011-01-13,0.6788875460624695,0.10219391284368148,0.07402794063091278,0.006558397496549276,0.010179763123018283,0.8718475601566313
2011-01-14,0.7890812158584595,0.10478721205317373,0.07745255529880524,0.006631582729146239,0.010311510222323338,0.988264076161908
2011-01-15,0.7332950234413147,0.10776644349403229,0.0772201344370842,0.006391266298560778,0.012269459303510572,0.9369423269745025
2011-01-16,0.7401977777481079,0.11262915345497097,0.0725003033876419,0.006102290028263935,0.012226714658114724,0.9436562392770994
2011-01-17,0.7401977777481079,0.11292172074594752,0.07281570136547089,0.006273617834541391,0.012879090545078187,0.9450879082391459
2011-01-18,0.80580073595047,0.10477279848788287,0.07335160672664642,0.005961259342563233,0.013909398228502944,1.0037957987360655
2011-01-19,0.7025229930877686,0.10499642837830632,0.07271760702133179,0.0053404863728497435,0.012179987029072824,0.8977575018893293
2011-01-20,0.7265930771827698,0.11091851825020371,0.12259858846664429,0.0056217580284708855,0.0099175798791249,0.9756495218072135
2011-01-21,0.7544254064559937,0.10951181429085106,0.10375397652387619,0.005517316983081652,0.008956291427715963,0.9821648056815185
2011-01-22,0.815350353717804,0.1253445480386122,0.11682078242301941,0.00816063859671467,0.011589531830856419,1.0772658546070064
2011-01-23,0.7975945472717285,0.10974821212371075,0.11278553307056427,0.00759296527188195,0.00830269716347504,1.0360239549013606
2011-01-24,0.7544254064559937,0.11521083771317886,0.13606847822666168,0.00876575262319319,0.010236783940461232,1.0247072589594886
2011-01-25,0.8077912330627441,0.11683893734573937,0.14377853274345398,0.010019173751412721,0.011098270222298447,1.0895261471256485
2011-01-26,0.7975945472717285,0.10945716037454781,0.14382927119731903,0.009571575501238166,0.00845034785017001,1.0689029021950036
2011-01-27,0.8246810436248779,0.10250000569762406,0.1550195813179016,0.00968875062186079,0.0090345306419336,1.100923911904198
2011-01-28,0.8640368580818176,0.12569496484889905,0.15558509528636932,0.010389350189407403,0.017275068824242186,1.1729813372307358
2011-01-29,0.8574371337890625,0.11706576182825155,0.1486165076494217,0.008011181175474993,0.01783261662203492,1.1489632010642457
2011-01-30,0.856338381767273,0.11063001183100393,0.13990002870559692,0.005874890984797146,0.018312919436315366,1.1310562327249865
2011-01-31,0.8531668186187744,0.11291461961084923,0.12453363090753555,0.006934798911875674,0.016816340777470087,1.1143662088265052
2011-02-01,0.7702417373657227,0.10209295041067448,0.14072267711162567,0.006823645382482544,0.008878701012757619,1.028759711283263
2011-02-02,0.8274424076080322,0.10325141692194134,0.1189780905842781,0.006684248996441121,0.007588646673632163,1.063944810784325
2011-02-03,0.7379875183105469,0.0980365584656635,0.1125648245215416,0.006587876601388695,0.007460692238377368,0.9626374701375181
2011-02-04,0.7197461724281311,0.09861586231993459,0.10448218137025833,0.0064806270794322595,0.006775832228696232,0.9361006754264526
2011-02-05,0.6736031770706177,0.10158383402858802,0.1086035892367363,0.006394963157128937,0.006308289020850107,0.8964938525139211
2011-02-06,0.6767478585243225,0.10618864987319705,0.11982351541519165,0.0059965024577078195,0.00603573311862411,0.9147922593890432
2011-02-07,0.6600201725959778,0.10154015587536687,0.11302098631858826,0.0057411506512361574,0.005094310853004588,0.8854167762941737
2011-02-08,0.6600201725959778,0.1036217943251621,0.12939313054084778,0.005658906353624783,0.005003650358553251,0.9036976541741656
2011-02-09,0.651688814163208,0.10413621163589336,0.13021095097064972,0.005246314924958601,0.004969891702423046,0.8962521833971328
2011-02-10,0.675010621547699,0.10497477682226376,0.13370953500270844,0.005966192487718238,0.004856095379304441,0.9245172212396938
2011-02-11,0.7076050639152527,0.11424290973911509,0.1458141952753067,0.006096586995487452,0.006116458373744889,0.9798752142989068
2011-02-12,0.6901146769523621,0.10648313568693721,0.10857938230037689,0.006066903924194352,0.005469981220748431,0.916714080084619
2011-02-13,0.6901146769523621,0.1023994879628112,0.10119825601577759,0.0050660918163711365,0.005545108357861659,0.9043236211051837
2011-02-14,0.7281052470207214,0.1278813334733997,0.1096440851688385,0.0065673833601035654,0.011223020303543654,0.9834210693266068
2011-02-15,0.7373310327529907,0.14304691562351968,0.08209139853715897,0.007097874749156961,0.013101033338597284,0.9826682550014235
2011-02-16,0.7337655425071716,0.1258557946583092,0.08654965460300446,0.005940404454007217,0.00788185137889302,0.9599932476013855
2011-02-17,0.7532802820205688,0.11152167699940715,0.08658476173877716,0.0052754364099361125,0.00694948362220229,0.9636116407908916
2011-02-18,0.7532802820205688,0.11272025891301411,0.0860707238316536,0.0053586102036788565,0.007184684786423939,0.9646145597553394
2011-02-19,0.7439959645271301,0.11201743402241701,0.08639264106750488,0.005635641169260995,0.008836798492589571,0.9568784792789026
2011-02-20,0.7439959645271301,0.11606956175081784,0.08594344556331635,0.005584538030505103,0.008665705346169552,0.9602592152179389
2011-02-21,0.7439959645271301,0.11298110125473526,0.08562320470809937,0.005291065459959974,0.006903231669435126,0.9547945676193598
2011-02-22,0.7561691403388977,0.11787930679315549,0.07690854370594025,0.006026723630240371,0.009053516574625317,0.9660372310428591
2011-02-23,0.7278594374656677,0.12140675921943467,0.08359406888484955,0.006613718548171413,0.00920401487286681,0.9486779989909901
2011-02-24,0.7183942794799805,0.13749377344027972,0.08404527604579926,0.0072259253875040464,0.00961132130657755,0.956770575660141
2011-02-25,0.7984899282455444,0.13954734875543126,0.14158792793750763,0.008201673470187496,0.015210440776608826,1.1030373191852798
2011-02-26,0.8103877902030945,0.12093833466186996,0.1522214263677597,0.012690171135348403,0.01849825077200251,1.1147359731400752
2011-02-27,0.8103877902030945,0.13287620069069647,0.15827608108520508,0.011896824960710697,0.02006670463991184,1.1335036015796187
2011-02-28,0.8169549107551575,0.12995203768066738,0.16670693457126617,0.013818782118820786,0.03265644449291799,1.1600891096188297
2011-03-01,0.8169549107551575,0.12536164597620683,0.15870748460292816,0.014445174177743181,0.03300821229468073,1.1484774278067162
2011-03-02,0.8465519547462463,0.11055288318895172,0.1604999601840973,0.011277017815807512,0.016758676907252617,1.1456404928423554
2011-03-03,0.8465519547462463,0.09688022854341866,0.14464013278484344,0.008506509463278281,0.02568744184962243,1.1222662673874093
2011-03-04,0.8615542054176331,0.08297921483044869,0.11654884368181229,0.006345102411435993,0.011602354082791094,1.0790297204241213
2011-03-05,0.8426802754402161,0.0964058618809232,0.1106453388929367,0.0069196280239850316,0.009498143795725365,1.0661492480337862
2011-03-06,0.8426802754402161,0.09604774191111354,0.11054340749979019,0.006591289340385682,0.007787648125652614,1.063650362317158
2011-03-07,0.8168001174926758,0.09190244124412912,0.10886122286319733,0.0066009606037295545,0.008047241246133327,1.0322119834498653
2011-03-08,0.7551138997077942,0.10292125484071599,0.11870894581079483,0.007796541498071779,0.011495559301239465,0.9960362011586162
2011-03-09,0.767211377620697,0.12951668216366116,0.12034943699836731,0.013046433173484166,0.025521219683126026,1.0556451496393358
2011-03-10,0.8933528065681458,0.1768465063075112,0.1306147426366806,0.023424718218506328,0.0391657467739982,1.2634045205048423
2011-03-11,0.8742170333862305,0.16829488827193173,0.12185700237751007,0.02174515347421499,0.037775107959095264,1.2238891854689826
2011-03-12,0.8742170333862305,0.1694490316677777,0.11570261418819427,0.021551694377964923,0.03856183918718072,1.2194822128073481
2011-03-13,0.8601433634757996,0.17094758056990253,0.11525507271289825,0.020274161307002287,0.03489735357367952,1.2015175316392823
2011-03-14,0.8601433634757996,0.18751585768355944,0.12927620112895966,0.020515156542336266,0.03749439617505526,1.2349449750057102
2011-03-15,0.8601433634757996,0.17316303243810185,0.12298206984996796,0.021442396048286662,0.0401448298310862,1.2178756916432423
2011-03-16,0.8449664115905762,0.17312865946607628,0.12219497561454773,0.020005542169166887,0.037542908595369316,1.1978384974357366
2011-03-17,0.7921077013015747,0.20284294330812772,0.15544015169143677,0.020947582439708883,0.04329373150991155,1.2146321102507596
2011-03-18,0.8086676597595215,0.16594074953229873,0.08782301098108292,0.023367564001614265,0.037878885472624094,1.1236778697471417
2011-03-19,0.82916259765625,0.15651937738454905,0.09413021057844162,0.0216748831857639,0.0335032596675011,1.1349903284725056
2011-03-20,0.7174308896064758,0.14061503635766248,0.08373144268989563,0.020260673489574933,0.028618888627317256,0.9906569307709261
2011-03-21,0.7730270624160767,0.17812141560372233,0.10613970458507538,0.019544212626939235,0.03402301491454888,1.1108554101463624
2011-03-22,0.7630044221878052,0.13513918342936737,0.0759681761264801,0.022069707574929275,0.029670649718019092,1.025852139036601
2011-03-23,0.7331348657608032,0.13628878527859972,0.07879070192575455,0.019801267735521204,0.02863859851773979,0.9966542192184183
2011-03-24,0.7150133848190308,0.14994786605846655,0.07644021511077881,0.019855216157701017,0.029331422163441034,0.9905881043094182
2011-03-25,0.6818107962608337,0.15234494322017317,0.07683955132961273,0.018872276412848398,0.02687285814215899,0.956740425365627
2011-03-26,0.6783283352851868,0.16964710241686626,0.07829920202493668,0.019687722073459583,0.026825854048933877,0.9727882158493831
2011-03-27,0.6894270181655884,0.155660032681044,0.07800744473934174,0.019291165617463895,0.025006413135264364,0.9673920743387024
2011-03-28,0.7173997759819031,0.14133392213785573,0.08193761110305786,0.018307394450422367,0.024040188786626865,0.983018892459866
2011-03-29,0.7486172914505005,0.13485177844618973,0.08507697284221649,0.018010710646262404,0.02337741672273544,1.0099341701079045
2011-03-30,0.6927343606948853,0.13293574188159396,0.08329235017299652,0.017765109521700663,0.02332726326130247,0.9500548255324789
2011-03-31,0.6904000639915466,0.15411192086033784,0.08276288956403732,0.01861045477505638,0.02875938367291668,0.9746447128638949
2011-04-01,0.7613345384597778,0.1542810558757697,0.11005726456642151,0.020096615210013376,0.029114217153558965,1.0748836912655413
2011-04-02,0.7557016015052795,0.1481417943888478,0.1255660355091095,0.02083466022302916,0.026062718955289596,1.0763068105815556
2011-04-03,0.7172530889511108,0.13439156737707156,0.11711926758289337,0.019039455807360977,0.016212801803212787,1.0040161815216495
2011-04-04,0.7172530889511108,0.14910427056612383,0.12993347644805908,0.019335401080979798,0.016961227283926846,1.0325874643302004
2011-04-05,0.7172530889511108,0.1534379483377219,0.12236791849136353,0.02061926135772676,0.016871560229451583,1.0305497773673746
2011-04-06,0.7172530889511108,0.14800533899782398,0.12449856847524643,0.0196404686040592,0.013626457367624112,1.0230239223958646
2011-04-07,0.7172530889511108,0.14971101070003565,0.1280360370874405,0.018792406752116176,0.014637272101126718,1.0284298155918299
2011-04-08,0.8114670515060425,0.16897463392206732,0.13658124208450317,0.01954443892607785,0.01902844283771894,1.1555958092764098
2011-04-09,0.7177671790122986,0.1573650125817602,0.1239728108048439,0.013738337867860802,0.018001850617050362,1.0308451908838137
2011-04-10,0.7073560953140259,0.14864094366503225,0.12209945917129517,0.012303524879443738,0.015634879380099,1.006034902409896
2011-04-11,0.7321107387542725,0.15507455303058168,0.12473616749048233,0.012456538597694054,0.014097763402546374,1.0384757612755768
2011-04-12,0.7177671790122986,0.1491676721853287,0.12556464970111847,0.010214518401789016,0.010598329047028824,1.0133123483475637
2011-04-13,0.7020431756973267,0.14338624511240766,0.12084731459617615,0.009598445789298717,0.008394055346339616,0.9842692365415489
2011-04-14,0.7135547995567322,0.13905755471020648,0.12715332210063934,0.009621007378507802,0.008674811091588349,0.998061494837674
2011-04-15,0.7135547995567322,0.16382654649143427,0.13539384305477142,0.011105452960323826,0.013307662572355461,1.037188304635617
2011-04-16,0.6553496718406677,0.1545320858900261,0.12710872292518616,0.011268154942698814,0.012607266317286083,0.9608659019158649
2011-04-17,0.7015403509140015,0.1503221196297507,0.13190700113773346,0.012686901010478223,0.01259412529474509,1.009050497986709
2011-04-18,0.7015403509140015,0.16812741988288143,0.1434396505355835,0.013746649838494624,0.017576327715597712,1.0444303988865589
2011-04-19,0.763847827911377,0.16959885335434843,0.14739444851875305,0.022734508875584526,0.022360703762943163,1.1259363424230062
2011-04-20,0.762391984462738,0.18451793849119444,0.14941969513893127,0.024821182975177252,0.025521061122794238,1.1466718621908354
2011-04-21,0.9341301321983337,0.2201889122490866,0.1703745424747467,0.02745463082713095,0.033568660785282436,1.3857168785345804
2011-04-22,0.8524762988090515,0.2364717516939172,0.16720770299434662,0.029516250914497517,0.03944040746063577,1.3251124118724487
2011-04-23,0.8524762988090515,0.27941643996415355,0.17710573971271515,0.028590103816561022,0.04055449533239558,1.3781430776348766
2011-04-24,0.8524762988090515,0.2868076990652297,0.17310114204883575,0.02942293957304139,0.05315286447626833,1.3949609439724269
2011-04-25,0.8524762988090515,0.35855759042345414,0.17576982080936432,0.03806368697435257,0.05563403723706145,1.4805014342532838
2011-04-26,0.9882734417915344,0.37034917949586726,0.18529580533504486,0.0387151548222549,0.055359740815579976,1.6379933222602814
2011-04-27,1.0187373161315918,0.37878401749955704,0.17133313417434692,0.0393640236520916,0.05519404202415815,1.6634125334817453
2011-04-28,0.9737639427185059,0.37316967720532845,0.14737491309642792,0.03844459414742579,0.04848445371499731,1.5812375808826855
2011-04-29,0.9882734417915344,0.370454195545948,0.1533268541097641,0.031699460956694944,0.048377564722338534,1.59213151712628
2011-04-30,1.0423098802566528,0.29360411139174075,0.1506023406982422,0.030331515897269217,0.0472544633863994,1.5641023116303043
2011-05-01,0.9787142872810364,0.2669008669528927,0.13429807126522064,0.02680868464978289,0.04096198522390333,1.447683895372836
2011-05-02,0.8442306518554688,0.25933048558259075,0.13430239260196686,0.02509150471340566,0.03516472092362094,1.2981197556770532
2011-05-03,0.7869195342063904,0.2510341082203289,0.13331018388271332,0.023214535151469026,0.030725519941416743,1.2252038814023183
2011-05-04,0.780117392539978,0.2435267679735202,0.11579544842243195,0.022215074904676096,0.02098103114811103,1.1826357149887174
2011-05-05,0.780117392539978,0.22797861919193596,0.12158218026161194,0.021094764870457836,0.01703375607926374,1.1678067129432474
2011-05-06,0.7675586342811584,0.21185132377845312,0.12165620923042297,0.02055221365766782,0.013615623271150214,1.1352340042188527
2011-05-07,0.7576256990432739,0.21638985548166828,0.12382671236991882,0.020387745424551514,0.014672486773051158,1.1329024990924639
2011-05-08,0.8580511212348938,0.21063254307040538,0.12069284170866013,0.019602649727303714,0.01282201017253582,1.2218011659137988
2011-05-09,0.8580511212348938,0.23151606491647633,0.12938465178012848,0.019789466423295026,0.01755491318506869,1.2562962175398622
2011-05-10,0.7202144861221313,0.2507382166726637,0.13393929600715637,0.02413966580659133,0.025244305653911166,1.1542759702624539
2011-05-11,0.7213810086250305,0.26985773668552077,0.13373000919818878,0.02548213230677408,0.029613302963142314,1.1800641897786563
2011-05-12,0.8250271081924438,0.3019038755852214,0.14213837683200836,0.02591283751012868,0.03318445809994894,1.3281666562197514
2011-05-13,0.8776019811630249,0.3169804214609617,0.14366449415683746,0.028554389627424938,0.036608221283602686,1.4034095076918518
2011-05-14,0.9333182573318481,0.3561946400130563,0.1443527489900589,0.02812896474283907,0.03672188013707394,1.4987164912148763
2011-05-15,1.000808596611023,0.38070987837046505,0.23809418082237244,0.030481517001636968,0.04079772652247937,1.6908918993279767
2011-05-16,0.925858736038208,0.3780742957142054,0.13661184906959534,0.030281570566723617,0.039241274904986016,1.5100677262937183
2011-05-17,0.925858736038208,0.3846370228208704,0.14953796565532684,0.030786746339203752,0.04067858871631178,1.5314990595699207
2011-05-18,0.8811242580413818,0.4163826139117321,0.14115726947784424,0.03049965245801641,0.039009929574140706,1.5081737234631152
2011-05-19,1.0069384574890137,0.4203709386328707,0.14146669209003448,0.03169815495281728,0.04029523561533742,1.6407694787800735
2011-05-20,1.121331810951233,0.44814270779994125,0.14196893572807312,0.031633271016781185,0.040968431622077,1.7840451571181055
2011-05-21,1.1036592721939087,0.439423961908917,0.1424015611410141,0.03219653237945328,0.03975194522102975,1.757433272844323
2011-05-22,0.9506853222846985,0.43928248026123146,0.13331037759780884,0.03315532546533774,0.0446318184494888,1.6010653240585653
2011-05-23,0.9799904823303223,0.4444954290580339,0.12249007821083069,0.03260103257310146,0.04231308203556936,1.6218901042078575
2011-05-24,1.0060536861419678,0.44299697451830783,0.1267145872116089,0.03144742845395618,0.039929435816103406,1.6471421121419438
2011-05-25,0.975969135761261,0.436827885845443,0.13258571922779083,0.032479588394624864,0.03885943357413345,1.6167217628032533
2011-05-26,1.158103108406067,0.43311689125476066,0.1753023862838745,0.031879752580376536,0.03998921019429489,1.8383913487193735
2011-05-27,1.158103108406067,0.40088503709766254,0.18050380051136017,0.03142972469438646,0.03979319048744784,1.8107148611969237
2011-05-28,1.1668241024017334,0.41028555078813833,0.18850700557231903,0.0323073876919794,0.03877248486313773,1.8366965313173078
2011-05-29,1.1012665033340454,0.4155309330641778,0.18763241171836853,0.03386090730977889,0.04048695097298007,1.7787777063993508
2011-05-30,1.0503181219100952,0.5438790156041848,0.186811164021492,0.03464403560650365,0.04581573585776296,1.8614680730000386
2011-05-31,1.1012732982635498,0.5535429512985357,0.20277699828147888,0.03386759662151122,0.045941032503991515,1.937401876969067
2011-06-01,1.0674512386322021,0.5061526286903737,0.22012773156166077,0.032345661290417986,0.04128183623578063,1.8673590964104352
2011-06-02,0.938235878944397,0.4485896081412489,0.15399986505508423,0.03146369940934083,0.04203905173424244,1.6143281032843133
2011-06-03,0.9627740383148193,0.44352303410387195,0.12084291130304337,0.0314368284098676,0.04436807927221261,1.602944891403815
2011-06-04,0.9627740383148193,0.469424297005925,0.11851944029331207,0.03352843562578508,0.04615131088929952,1.630397522129141
2011-06-05,0.9777930974960327,0.46541208004541906,0.13465270400047302,0.03246370305800643,0.05169049959089501,1.6620120841908264
2011-06-06,1.053437352180481,0.4382689217475876,0.16442692279815674,0.03261950700822441,0.0533195294775491,1.7420722332119987
2011-06-07,1.1361874341964722,0.46501260316490195,0.16507145762443542,0.03328418334874432,0.0589208538171581,1.858476532151712
2011-06-08,1.2921943664550781,0.5380278802510736,0.16866914927959442,0.03528886952618143,0.06224970056081924,2.096429966072747
2011-06-09,1.3415189981460571,0.6159336017859649,0.19543252885341644,0.04132538463406455,0.06365388472130566,2.257864398140809
2011-06-10,1.362568974494934,0.6527784494477662,0.19848161935806274,0.045452581960234856,0.0628002726773372,2.322081897938335
2011-06-11,1.4102534055709839,0.6380371745500855,0.2025528997182846,0.045849812037698466,0.06466183533095714,2.361355127208009
2011-06-12,1.321823239326477,0.6291459325570248,0.1915794461965561,0.046233071804997874,0.06054929758609576,2.2493309874711516
2011-06-13,1.412302851676941,0.5736875321547057,0.2056407630443573,0.04556784554904699,0.05361271297667838,2.290811705401729
2011-06-14,1.412302851676941,0.5361735126154146,0.20890690386295319,0.04576358152919034,0.054761267169275187,2.2579081168537742
2011-06-15,1.3417022228240967,0.5042130517380272,0.15385420620441437,0.037505797861387837,0.048824641594167294,2.0860999202220936
2011-06-16,1.2772254943847656,0.43107700945938426,0.17625051736831665,0.03796052526766357,0.04520427142835574,1.967717817908486
2011-06-17,1.428109049797058,0.4829526712122006,0.16866309940814972,0.03643783565076629,0.04577783300536716,2.1619404890735416
2011-06-18,1.4498071670532227,0.4966207885341371,0.1554345339536667,0.03655994909436796,0.05383578441619021,2.1922582230515846
2011-06-19,1.616591453552246,0.5777676334276711,0.16177570819854736,0.0379354300317071,0.05958692495121393,2.4536571501613853
2011-06-20,1.616591453552246,0.6394950673709883,0.13834798336029053,0.04168931583872625,0.06386413586264819,2.499987955984899
2011-06-21,1.732715129852295,0.7793317202645931,0.14578282833099365,0.04717427768764099,0.06872152526553263,2.773725481401055
2011-06-22,1.732715129852295,0.8289916278029752,0.155671626329422,0.049907990087780525,0.07223420434098046,2.839520578413453
2011-06-23,1.7040742635726929,0.8800147136787977,0.1561717987060547,0.04918961316420132,0.07089057011373638,2.8603409592354834
2011-06-24,1.759745478630066,0.8163292628450658,0.17500223219394684,0.05028665610941118,0.06785642768766768,2.8692200574661575
2011-06-25,1.732715129852295,0.8770626883886208,0.18343816697597504,0.05092688904207027,0.07385990638901514,2.918002780647976
2011-06-26,1.753261685371399,0.8707326424523409,0.18652836978435516,0.05168953854994963,0.07443121191352467,2.9366434480715693
2011-06-27,1.8844101428985596,0.9054461918890331,0.2621179521083832,0.05131613588426173,0.0773961883314681,3.1806866111117054
2011-06-28,1.963102102279663,0.9106264107835353,0.2992362082004547,0.051198405486427456,0.07906918489055782,3.3032323116406386
2011-06-29,1.916886568069458,0.8736684061744093,0.19407464563846588,0.05184454172958625,0.07805016996588882,3.1145243315778077
2011-06-30,2.012713670730591,0.8823868046780521,0.21285128593444824,0.05169971572938966,0.07878506540885524,3.238436542481336
2011-07-01,1.8795751333236694,0.9297658973853966,0.19827426970005035,0.05101419714727809,0.0776732795274967,3.136302777083891
2011-07-02,1.8795751333236694,0.9551853408418978,0.22269685566425323,0.051864629018795703,0.07988197859762565,3.189203937446242
2011-07-03,1.9101125001907349,1.0611992552030927,0.25110676884651184,0.051228524159519714,0.08356307077321118,3.3572101191730703
2011-07-04,1.944909691810608,1.05073667910612,0.24738475680351257,0.05098771417339898,0.08318973789601591,3.3772085797896554
2011-07-05,2.1949124336242676,1.0146113529236516,0.24618934094905853,0.051297995742640635,0.08226265815969314,3.5892737813993114
2011-07-06,1.9613124132156372,1.0351579526658052,0.23692844808101654,0.05024311065337752,0.08282442389833383,3.3664663485141704
2011-07-07,1.9613124132156372,1.0116948433700697,0.26577067375183105,0.05107731201444906,0.08292948970605868,3.372784732058046
2011-07-08,1.9311859607696533,1.0199905489822951,0.26694735884666443,0.05059702725762887,0.08247582155382896,3.3511967174100707
2011-07-09,2.1402852535247803,1.0249054903490422,0.24639283120632172,0.05087422342842163,0.08153348975569073,3.543991288264256
2011-07-10,2.1402852535247803,1.0479866161474378,0.25765445828437805,0.05053565300463312,0.0818399763508793,3.5783019573121084
2011-07-11,2.5393455028533936,1.0496339589592356,0.2868802547454834,0.049082015058875744,0.07887868596147818,4.003820417578466
2011-07-12,2.5393455028533936,1.015124222255098,0.2825719714164734,0.049652241238873185,0.07867306672386222,3.9653670044877005
2011-07-13,2.5393455028533936,1.0311886058269257,0.28602758049964905,0.048642850864609,0.07779152340186943,3.9829960634464467
2011-07-14,2.5393455028533936,1.0119952180710947,0.3226669728755951,0.050903049065459824,0.08271813271813451,4.007628875583677
2011-07-15,2.5089664459228516,1.0241663546375914,0.26544511318206787,0.0506958563995734,0.0820987747816302,3.9313725449237142
2011-07-16,2.620255470275879,0.979742016460311,0.3185761868953705,0.05067942567500758,0.08212089635133252,4.051373995657901
2011-07-17,2.476503372192383,0.9581596046686014,0.3403371274471283,0.05158832813437998,0.08130674813991536,3.907895180582408
2011-07-18,2.4044599533081055,0.9836479883870357,0.27040284872055054,0.051633418480129666,0.08080688267008673,3.790951091565908
2011-07-19,2.3593735694885254,1.0324321775565886,0.26803892850875854,0.05078070959289708,0.08282727367587385,3.7934526588226434
2011-07-20,2.542872190475464,1.0038662688461408,0.37172845005989075,0.05084208237077399,0.08082613994328809,4.050135131695558
2011-07-21,2.511530637741089,0.9560571042412371,0.3725247085094452,0.048753266292369694,0.07330519945117608,3.962170916235317
2011-07-22,2.3326337337493896,0.9106756073625224,0.2909700870513916,0.04415500174204764,0.06782683186177939,3.6462612617671306
2011-07-23,2.5484964847564697,0.7530805377739416,0.2266736477613449,0.038637166289536264,0.06602218358803474,3.6329100201693274
2011-07-24,2.0308804512023926,0.6092012547620067,0.1737496256828308,0.03622053540623008,0.05707910277918277,2.907130969832643
2011-07-25,1.9478191137313843,0.48350045181073625,0.17934800684452057,0.03303690087526662,0.04893971633031378,2.692644189592221
2011-07-26,1.729021668434143,0.45799058732073716,0.1791098415851593,0.03312198470474197,0.041695199762403615,2.4409392818071853
2011-07-27,1.3808938264846802,0.45296645329232293,0.15687353909015656,0.029795981032804453,0.038966537201076824,2.059496337101041
2011-07-28,1.219938039779663,0.46128664795638313,0.14229443669319153,0.029520179208541754,0.03839133861176274,1.8914306422495422
2011-07-29,1.3014731407165527,0.4985492111813077,0.15384988486766815,0.029369226222345075,0.04168134657063167,2.0249228095585052
2011-07-30,1.3772599697113037,0.5050065543485689,0.15778742730617523,0.0334812978909979,0.042492887131482526,2.116028136388528
2011-07-31,1.3477587699890137,0.46617991890956634,0.1668124943971634,0.034317882470454905,0.05343834154655134,2.0685074073127496
2011-08-01,1.421424150466919,0.48800843425177015,0.16565410792827606,0.03495542675707645,0.05416921277627948,2.1642113321803214
2011-08-02,1.9226608276367188,0.6582629787203296,0.21114756166934967,0.038924655772288645,0.06792712877073093,2.8989231525694175
2011-08-03,2.394698143005371,0.7934218853729662,0.19924667477607727,0.04700488507937655,0.06972701881549709,3.5040986070492885
2011-08-04,2.394698143005371,0.7843822941729286,0.19918958842754364,0.04713338229080557,0.06653843697020069,3.49194184486685
2011-08-05,2.394698143005371,0.753112182971851,0.240478977560997,0.047631214434980015,0.0646445641433416,3.5005650821165406
2011-08-06,2.5519068241119385,0.5986326452533466,0.212501659989357,0.03806712172252103,0.06023502600098929,3.4613432770781527
2011-08-07,2.394698143005371,0.57645410438223,0.23561415076255798,0.03490920540412585,0.05523525710898293,3.296910860663268
2011-08-08,2.512708902359009,0.5640053920051706,0.1882682740688324,0.034891912046016035,0.052693163363049425,3.352567643842077
2011-08-09,2.3821771144866943,0.5142547969951943,0.17089083790779114,0.03229010584947305,0.04736669062237414,3.146979545861527
2011-08-10,2.1929984092712402,0.4720780545261077,0.21609337627887726,0.032694011709253394,0.04316182820535579,2.9570256799908345
2011-08-11,2.1209700107574463,0.41848035260032046,0.2005486786365509,0.0315736671164795,0.03947935762664849,2.8110520667374455
2011-08-12,1.6685420274734497,0.41284140685587434,0.20334447920322418,0.03113257761250043,0.03374919655107216,2.349609687696121
2011-08-13,1.3981261253356934,0.40613453993208665,0.18858355283737183,0.029857308279892362,0.036133739420868415,2.0588352658059126
2011-08-14,1.4456067085266113,0.41091658855818836,0.18807052075862885,0.029617145263052577,0.0374000156672807,2.111610978773762
2011-08-15,1.394446849822998,0.41040788938837136,0.15330588817596436,0.025642439536340194,0.0358836755327634,2.0196867424564373
2011-08-16,1.4241281747817993,0.41249100634468483,0.13613292574882507,0.025854752004543756,0.03445716571930209,2.033064024599155
2011-08-17,1.371530532836914,0.3750543573774682,0.12874267995357513,0.02841450054114685,0.03300671393688632,1.9367487846459905
2011-08-18,1.2723523378372192,0.3532936538459939,0.12598548829555511,0.029347065018451166,0.03197993099505777,1.812958475992277
2011-08-19,1.2772746086120605,0.35051385047929273,0.12297368049621582,0.0253019727024222,0.03093015153702569,1.8069942638270169
2011-08-20,1.2450982332229614,0.3637209427258177,0.12842604517936707,0.025105675863815038,0.03809231501795374,1.800443212009915
2011-08-21,1.3419064283370972,0.38714624219699323,0.13481241464614868,0.02591289572684418,0.046121474236041404,1.9358994551431246
2011-08-22,1.387922763824463,0.4110526038439512,0.13610531389713287,0.03155526813450565,0.048829604847216365,2.0154655545472693
2011-08-23,1.8709144592285156,0.4944089379692699,0.14086616039276123,0.028345239379200273,0.05177915603955013,2.586313953009297
2011-08-24,2.0391008853912354,0.5813218112337903,0.14683671295642853,0.03112583167644488,0.05761599182561103,2.8560012330835103
2011-08-25,2.6110782623291016,0.7842697917826007,0.21664145588874817,0.0435204762173588,0.06377743821116998,3.719287424428979
2011-08-26,2.6872425079345703,0.8901178119489734,0.26102280616760254,0.046005901102920924,0.06916708800495157,3.9535561151590186
2011-08-27,2.6872425079345703,0.8619976631148933,0.29785239696502686,0.04752880805370134,0.06584423422754256,3.9604656102957345
2011-08-28,2.6872425079345703,0.7826167270255304,0.38410571217536926,0.047057592636517494,0.060842718794904715,3.961865258566892
2011-08-29,2.4730634689331055,0.7966903112410673,0.19153867661952972,0.04721071710408901,0.05949286121084217,3.567996035108634
2011-08-30,2.317115068435669,0.895055118929484,0.20254963636398315,0.04758093609249752,0.06875982532419425,3.5310605851458283
2011-08-31,2.317115068435669,0.9051047731730495,0.22110070288181305,0.04915769997301213,0.06981385551101095,3.5622920999745546
2011-09-01,2.5836739540100098,0.8877925030522549,0.22432132065296173,0.04822400452407969,0.07209618719069312,3.8161079694299995
2011-09-02,2.5836739540100098,0.8476834025447078,0.19558776915073395,0.04486539453692986,0.0695691272803581,3.7413796475227397
2011-09-03,2.5836739540100098,0.8575025977684401,0.20941802859306335,0.044728977324977826,0.06631462506791178,3.761638182764403
2011-09-04,2.7292985916137695,0.8393064422544756,0.22084884345531464,0.045324571826617,0.06554273376302718,3.9003211829132036
2011-09-05,2.574432134628296,0.8472444396394363,0.22639741003513336,0.04865752576923597,0.06656767767658017,3.763299187748682
2011-09-06,2.524566888809204,0.79298053604667,0.22333134710788727,0.04919433385429418,0.06449501077299874,3.654568116591055
2011-09-07,1.8616538047790527,0.8414206180623007,0.18372713029384613,0.04673667372066735,0.06552021847988626,2.9990584453357534
2011-09-08,1.7439866065979004,0.8648079822601287,0.1813725233078003,0.04651049934409755,0.0641854293895554,2.900863040899482
2011-09-09,1.6001421213150024,0.8407989174832453,0.1813725233078003,0.04629591929156862,0.06047773059553762,2.7290872119931544
2011-09-10,1.6001421213150024,0.811780118378242,0.1826288253068924,0.04615928677580496,0.061533839521259195,2.702244191297201
2011-09-11,1.6001421213150024,0.8295544587257058,0.17983950674533844,0.046220584836228484,0.059558781106204384,2.71531545272848
2011-09-12,1.6001421213150024,0.7867872816051111,0.18006789684295654,0.04414391948433894,0.05907175027635621,2.670212969523765
2011-09-13,1.6001421213150024,0.7976007902675168,0.14184674620628357,0.03829085184719163,0.06173772584172024,2.639618235477715
2011-09-14,1.9215068817138672,0.8163500452678842,0.146432027220726,0.04282506133435191,0.06575442469710298,2.9928684402339325
2011-09-15,1.9215068817138672,0.8275409398988134,0.1548469364643097,0.04556609178032742,0.06477493179877168,3.0142357816560894
2011-09-16,1.9215068817138672,0.845951527439641,0.1793966144323349,0.0469974601176648,0.06672561982782967,3.0605781035313373
2011-09-17,2.0942416191101074,0.7932935117068063,0.1670723855495453,0.03972017912156897,0.06533986898137323,3.1596675644694012
2011-09-18,2.2648510932922363,0.6721611385771644,0.15303827822208405,0.039590854697572425,0.0643802719496844,3.1940216367387415
2011-09-19,2.388953685760498,0.8348275379650842,0.1565459668636322,0.04090667082304165,0.06976474130267837,3.4909986027149347
2011-09-20,2.2187881469726562,0.92305548626972,0.16725441813468933,0.0483974657727394,0.07230814469934814,3.4298036618491534
2011-09-21,2.2614903450012207,0.9648273745458829,0.1849619448184967,0.04745655763188113,0.07578414368904773,3.534520365686529
2011-09-22,2.2614903450012207,0.9653513238474822,0.18937456607818604,0.048782846709661806,0.07807144677533749,3.543070528411888
2011-09-23,2.3477377891540527,0.978992178123993,0.2974582612514496,0.04827261781506237,0.07857340819224168,3.7510342545367994
2011-09-24,2.3477377891540527,0.9464722631836517,0.2906022071838379,0.04832409150497023,0.07606903317174885,3.7092053841982615
2011-09-25,2.682208776473999,0.9340476129593624,0.22302551567554474,0.04709337487107756,0.07438295261922508,3.960758232599209
2011-09-26,2.206723690032959,0.9131176710551723,0.16266855597496033,0.045330703797484,0.07479347551211096,3.4026340963726867
2011-09-27,1.8809025287628174,0.9361486199916469,0.17284604907035828,0.04584815597437602,0.07698366043326177,3.11272901423246
2011-09-28,2.260697603225708,0.8695997924097822,0.22482794523239136,0.04136338289172418,0.07430156491916241,3.470790288678768
2011-09-29,1.721476435661316,0.9143303764632229,0.19148583710193634,0.03746193544726813,0.0691653963660009,2.933919981039744
2011-09-30,1.8762292861938477,0.9100348037060111,0.21079637110233307,0.03858932664791484,0.06824557833434815,3.103895365984455
2011-10-01,1.8762292861938477,0.9342608905457255,0.20681779086589813,0.046374130333230346,0.06963264874451161,3.1333147466832134
2011-10-02,2.0016279220581055,0.9859732576274169,0.19768300652503967,0.048073055089324246,0.07622499112091484,3.309582232420801
2011-10-03,1.8762292861938477,0.9899443394949552,0.20282694697380066,0.04754356856427982,0.07877649481912252,3.195320636046006
2011-10-04,2.040203809738159,0.9467096700035964,0.1990612894296646,0.04833586672561971,0.07903099548700801,3.3133416313840476
2011-10-05,2.040203809738159,0.9278468067261969,0.19522421061992645,0.04777748832784797,0.07681568307013138,3.2878679984822616
2011-10-06,2.152735948562622,0.9208993896907256,0.2160787731409073,0.0472738563668669,0.07778758427666524,3.4147755520377867
2011-10-07,2.6178195476531982,0.8921413944123533,0.33301448822021484,0.05000520353085071,0.07712455332179784,3.9701051871384148
2011-10-08,2.6178195476531982,0.8853347252220289,0.3350157141685486,0.049592086988513716,0.07996745379278697,3.9677295278250764
2011-10-09,2.6178195476531982,0.8949808606412464,0.24954847991466522,0.04942668284676573,0.0814860697750975,3.8932616408309735
2011-10-10,2.6178195476531982,0.8744649035072909,0.23922847211360931,0.04965856842911643,0.08037148272810982,3.861542974431325
2011-10-11,2.6178195476531982,0.8926779297680238,0.30525583028793335,0.0493574957116072,0.07857221973688096,3.943683023157644
2011-10-12,2.682208776473999,0.8978552697760995,0.24794264137744904,0.05031434613808642,0.07954452998718581,3.95786556375282
2011-10-13,2.365107774734497,0.9295666376512168,0.24340713024139404,0.050081313360188374,0.08151769438087494,3.669680550368171
2011-10-14,2.2547755241394043,0.9536691033490075,0.29100868105888367,0.04983115218498877,0.08388617460545238,3.6331706353377364
2011-10-15,2.0023581981658936,0.980196311944761,0.20062850415706635,0.04973623896853465,0.08345014967733799,3.3163694029135935
2011-10-16,2.2301268577575684,0.9939151166615741,0.24034442007541656,0.05106022630755969,0.0842088855437978,3.5996555063459166
2011-10-17,2.1807682514190674,1.0458773371663481,0.2586652636528015,0.052104430801933235,0.0845605567605787,3.621975839800729
2011-10-18,2.1552116870880127,1.0719197853080678,0.2523066997528076,0.05121674772062541,0.08463369137501296,3.6152886112445266
2011-10-19,2.193922758102417,1.028282961280044,0.260118305683136,0.05200355600817336,0.08505388571889674,3.619381466792667
2011-10-20,2.0413658618927,1.0464454479882668,0.2234107404947281,0.0510348428590194,0.08335865719894685,3.4456155504336614
2011-10-21,2.0413658618927,1.0228267507670177,0.21483588218688965,0.05026848400198906,0.08195599711874298,3.4112529759673396
2011-10-22,2.0413658618927,0.9745904745277485,0.2193039357662201,0.05005087145251139,0.08093109821661999,3.3662422418558
2011-10-23,2.1275789737701416,0.9457712714513633,0.2735452950000763,0.04962100356984704,0.07631828427195889,3.4728348280633874
2011-10-24,2.1275789737701416,0.9315414815417837,0.25557711720466614,0.04912230973643106,0.07620108219443104,3.440020964447453
2011-10-25,2.1275789737701416,0.7415103121841757,0.22268767654895782,0.040517491907304935,0.07474618984522323,3.2070406442558035
2011-10-26,1.9934591054916382,0.6747660083360307,0.21132299304008484,0.036985069979218146,0.06959471804398668,2.9861278948909584
2011-10-27,1.7916839122772217,0.5724094001940261,0.1770830899477005,0.03442580968320876,0.054656093958532596,2.630258306060689
2011-10-28,1.6368285417556763,0.5196832775589124,0.18063202500343323,0.033984983127672105,0.04826385560549065,2.4193926830511847
2011-10-29,1.5512868165969849,0.4769846703929067,0.17991766333580017,0.03325861530766169,0.04422790135390319,2.285675666987257
2011-10-30,1.5944502353668213,0.44379033826860886,0.1624041199684143,0.032045964408986875,0.041656701394128075,2.27434735940696
2011-10-31,1.47700834274292,0.42465328889976567,0.16196148097515106,0.03169561977676424,0.039835260833474134,2.1351539932280748
2011-11-01,1.4880331754684448,0.40219610437162057,0.16124556958675385,0.030266285178159272,0.0386985859784562,2.120439720583435
2011-11-02,1.5316578149795532,0.3847274129080547,0.17249703407287598,0.029814246924775755,0.03800311359394181,2.156699622479201
2011-11-03,1.5049872398376465,0.3902635587460909,0.16776816546916962,0.02976529825039937,0.04079534268460905,2.133579604987916
2011-11-04,1.5923198461532593,0.3826466997292602,0.15616580843925476,0.0307434900074419,0.04645874739100653,2.208334591720223
2011-11-05,1.569223403930664,0.38439292133713054,0.15339960157871246,0.03092203132002941,0.04491351294086872,2.1828514711074054
2011-11-06,1.5923198461532593,0.36812140043244673,0.15228557586669922,0.029724359676772286,0.044008993291826316,2.186460175421004
2011-11-07,1.6294753551483154,0.3635990328315541,0.14996238052845,0.027901443359138224,0.04062022579548495,2.211558437662943
2011-11-08,1.638572335243225,0.33980580285459466,0.147367462515831,0.026889153955164863,0.038756122047229634,2.191390876616045
2011-11-09,1.638572335243225,0.33716676116104366,0.1483255922794342,0.02614879738713212,0.038314332791154176,2.188527818861989
2011-11-10,1.658352017402649,0.33555736363299155,0.14098772406578064,0.025704976669598263,0.0358449574047884,2.196447039175808
2011-11-11,1.608914852142334,0.30356331921992286,0.1358305960893631,0.024304336893355472,0.030360848298115115,2.1029739526430906
2011-11-12,1.4304622411727905,0.28768700298270894,0.1327415257692337,0.02332726328447783,0.030393419245696336,1.9046114524549074
2011-11-13,1.3520067930221558,0.27748767821482795,0.12990665435791016,0.022788587191761637,0.029267531996283982,1.8114572447829396
2011-11-14,1.3520067930221558,0.2721588843598849,0.1320204883813858,0.022097464805919162,0.028393676375161072,1.8066773069445068
2011-11-15,1.3048373460769653,0.2512487043302959,0.1296253651380539,0.021257528280826905,0.02968880304153411,1.736657746867676
2011-11-16,1.3048373460769653,0.2756208667781529,0.13760840892791748,0.020030303574508707,0.03326738004274712,1.7713643054002914
2011-11-17,1.3901286125183105,0.2875743043639776,0.13656945526599884,0.023670838868148334,0.041472299788707985,1.8794155108051434
2011-11-18,1.4939347505569458,0.3106221183326536,0.16781245172023773,0.020354143424910057,0.046927981810542786,2.03965144584529
2011-11-19,1.2545123100280762,0.27846421788412107,0.10393139719963074,0.019547112825145263,0.04053861339214315,1.6969936513291164
2011-11-20,1.214583396911621,0.2622565508467121,0.10029004514217377,0.01716297234805004,0.03681076943929144,1.6311037346878483
2011-11-21,1.214583396911621,0.25238632095369234,0.10228925943374634,0.016727251954675195,0.03812474605592628,1.6241109753096612
2011-11-22,1.2543013095855713,0.2428202896629885,0.10228747874498367,0.015449367275429761,0.034147809787077155,1.6490062550560503
2011-11-23,1.1599671840667725,0.22443371924454797,0.09402039647102356,0.014760453277142415,0.03181433668145951,1.524996089740946
2011-11-24,1.1599671840667725,0.21676036390711004,0.09221122413873672,0.014349264248968095,0.031022008100651848,1.514310044462239
2011-11-25,1.1241720914840698,0.20776489294575815,0.0848221480846405,0.013900133520966642,0.025241509811002504,1.4559007758464377
2011-11-26,1.0165269374847412,0.20330380154009844,0.08552052080631256,0.013549203583120874,0.02357937112011624,1.3424798345343893
2011-11-27,0.9850665926933289,0.20315901463656963,0.08634883910417557,0.013034043486762714,0.023149893240253294,1.3107583831610898
2011-11-28,0.9873520135879517,0.2044918442051609,0.08456237614154816,0.012562690465180862,0.022640978382741074,1.3116099027825825
2011-11-29,1.1218961477279663,0.1964011569911147,0.11371248960494995,0.01243715037209223,0.022052257483306255,1.4664992021794292
2011-11-30,1.107631802558899,0.1932200436435684,0.11034402251243591,0.012027645715148595,0.02152920500494749,1.4447527194349996
2011-12-01,1.099948525428772,0.2045587006806712,0.10669030994176865,0.01244364226495431,0.02398774107974334,1.4476289193959095
2011-12-02,0.9263266921043396,0.21514378527355094,0.10370555520057678,0.011963703517469585,0.022988610656151705,1.2801283467520885
2011-12-03,0.9040891528129578,0.20797899098827222,0.10201980918645859,0.01191875980040589,0.021652767796491362,1.2476594805845855
2011-12-04,0.9078410267829895,0.19604163565222668,0.10393697023391724,0.011050388834535201,0.021631252061913176,1.2405012735655818
2011-12-05,0.8209264278411865,0.17459431629567518,0.10692229866981506,0.010752895800509579,0.020813441476373984,1.1340093800835604
2011-12-06,0.8343583345413208,0.17211162443616057,0.10807402431964874,0.011247306028137088,0.021260138621966948,1.1470514279472341
2011-12-07,0.8089002370834351,0.1711562083191796,0.10403113067150116,0.010335378634666803,0.021487576462643508,1.115910531171426
2011-12-08,0.8821981549263,0.18688739213695885,0.1042773425579071,0.010895724756685913,0.025244593895832855,1.2095032082736847
2011-12-09,0.7267995476722717,0.17205119030988464,0.07855484634637833,0.010023211867533757,0.020485135293991385,1.0079139314900598
2011-12-10,0.7267995476722717,0.1617515197340537,0.07908814400434494,0.009967645930918284,0.02001744828465801,0.9976243056262466
2011-12-11,0.7267995476722717,0.16086911204818238,0.07908814400434494,0.010174655443644234,0.025489338068982348,1.0024207972374257
2011-12-12,0.7354179620742798,0.15521556762416455,0.07839363068342209,0.010364341946244608,0.026814398218952647,1.0062059005470636
2011-12-13,0.7456024885177612,0.1568292243528211,0.13016770780086517,0.010528359652082105,0.027567284557918507,1.0706950648814482
2011-12-14,0.7415301203727722,0.15714406214626375,0.08448328077793121,0.010530132421376136,0.029755210627499477,1.0234428063458427
2011-12-15,0.7505086660385132,0.1518278603956069,0.13873040676116943,0.010514270600248322,0.028684247493173175,1.080265451288711
2011-12-16,0.8521639704704285,0.15264945671811606,0.14400646090507507,0.009988458026418115,0.02768737824593061,1.1864957243659682
2011-12-17,0.8311004042625427,0.14762670123557906,0.11155039817094803,0.009844943679573302,0.027641515639480963,1.1277639629881242
2011-12-18,0.8311004042625427,0.14577891047192829,0.11155039817094803,0.009584629439697822,0.027697591292941748,1.1257119336380585
2011-12-19,0.8871607184410095,0.14783680228295107,0.10342904925346375,0.0094423691350579,0.02993829788670265,1.1778072369991848
2011-12-20,0.8871607184410095,0.14986816873614808,0.10678103566169739,0.009789872870689926,0.03112919212496126,1.1847289878345062
2011-12-21,0.850246250629425,0.14579034839727933,0.1015651524066925,0.009114702619918508,0.030955547231086813,1.1376720012844022
2011-12-22,0.9271860122680664,0.15094870979521957,0.10276301205158234,0.009461044806070875,0.0318545982638296,1.2222133771847687
2011-12-23,0.9596338868141174,0.15365871182380877,0.10130126029253006,0.009245052747444544,0.03231072796282146,1.2561496396407223
2011-12-24,0.9596338868141174,0.14893754612571028,0.10452859848737717,0.00919618175440967,0.03083762026298453,1.2531338334445992
2011-12-25,1.014545202255249,0.15146873850206952,0.10191340744495392,0.008691023594579426,0.030089638172821436,1.3067080099696733
2011-12-26,1.058088779449463,0.14142838663152837,0.1074163019657135,0.008765070038288534,0.029690777733921588,1.345389315818915
2011-12-27,1.0866570472717285,0.16030217609626024,0.11819760501384735,0.00922257996561617,0.0330622870204869,1.4074416953679392
2011-12-28,0.8280880451202393,0.14632582913905504,0.07881125062704086,0.008537484561854013,0.028132167307558156,1.0898947767557472
2011-12-29,0.8379074931144714,0.13359467549438678,0.07883207499980927,0.00853033724157376,0.029096022964986326,1.0879606038152274
2011-12-30,0.931462824344635,0.15950756000903155,0.10289525240659714,0.009017186651337038,0.03254594393386264,1.2354287673454636
2011-12-31,0.8451297879219055,0.14201772932141968,0.0806300938129425,0.008504384111653954,0.019761128305353915,1.0960431234732755
2012-01-01,0.7677719593048096,0.13412993575965934,0.08495045453310013,0.00835750091782959,0.01679813128631244,1.0120079818017111
2012-01-02,0.726979672908783,0.133242995159755,0.08042993396520615,0.007986223136081076,0.013343271021262443,0.9619820961910877
2012-01-03,0.8005087971687317,0.15823229653288143,0.07946610450744629,0.008697578072981464,0.032842301240516646,1.0797470775225573
2012-01-04,0.7081018686294556,0.15226240414692713,0.07873475551605225,0.00844858243707915,0.03075383107204705,0.9783014418015612
2012-01-05,0.7114076018333435,0.12352728995722259,0.08002731204032898,0.007827931715962933,0.029793206841340698,0.9525833423881988
2012-01-06,0.6938232183456421,0.12203270648182062,0.07540981471538544,0.008269941579924285,0.02987353732902562,0.9294092184517981
2012-01-07,0.7081018686294556,0.12721763207704714,0.07792004197835922,0.008514948069725345,0.029184488328974467,0.9509389790835617
2012-01-08,0.7114076018333435,0.12331092985763376,0.07940735667943954,0.008215380607600216,0.029529897901839047,0.9518711668798561
2012-01-09,0.6938232183456421,0.12497785293718618,0.07514090836048126,0.007856275770120486,0.028945834913762247,0.9307440903271923
2012-01-10,0.7575840950012207,0.11820077041490006,0.10609447211027145,0.00733019873772088,0.022068422975086942,1.0112779592392
2012-01-11,0.8030266165733337,0.10510172962949649,0.10455454140901566,0.007600372115723262,0.020720475163793106,1.041003734891362
2012-01-12,0.7600628733634949,0.10546842032742218,0.11246754974126816,0.008443002370409762,0.01947386149853875,1.0059157073011338
2012-01-13,0.7150969505310059,0.11863591668591672,0.10757394134998322,0.008635995435245038,0.008796605242256353,0.9587394092444073
2012-01-14,0.7441458106040955,0.1054850865667099,0.14317920804023743,0.007737287392329735,0.00866059344494904,1.0092079860483216
2012-01-15,0.7291403412818909,0.09858546947602394,0.13323144614696503,0.006161908418225662,0.008336121410012842,0.9754552867331183
2012-01-16,0.6783891916275024,0.0975060852463381,0.09567717462778091,0.005924155965624027,0.008035118894288436,0.8855317263615339
2012-01-17,0.6674681305885315,0.09751947153928975,0.09530709683895111,0.005837155564853529,0.009132604435726412,0.8752644589673523
2012-01-18,0.6821019053459167,0.09661266720786463,0.100460484623909,0.004537031662368721,0.008327431485664036,0.8920395203257232
2012-01-19,0.6821019053459167,0.09659200587992556,0.10619734227657318,0.0045224266416746955,0.006287698309552267,0.8957013784536424
2012-01-20,0.696139395236969,0.09964101209248696,0.10355351120233536,0.004567107981076147,0.0065646122070040225,0.9104656387198715
2012-01-21,0.6959061026573181,0.10201470517823198,0.10828740149736404,0.004574339016119551,0.005465107640382187,0.9162476559894159
2012-01-22,0.6959061026573181,0.10115061929785678,0.10918215662240982,0.004475710512059328,0.0052130547865638,0.9159276438762077
2012-01-23,0.6818733811378479,0.0996007233484371,0.10500916838645935,0.004356435333566392,0.004680243271281553,0.8955199514775923
2012-01-24,0.6898097991943359,0.11906548653234009,0.10214617848396301,0.004649180697959671,0.005971018436707233,0.921641663345306
2012-01-25,0.661399245262146,0.10959789676798931,0.09729231894016266,0.0049220443548160485,0.00515054156379719,0.8783620468889113
2012-01-26,0.661399245262146,0.10569942826280286,0.10198807716369629,0.005658821218481053,0.007077459413383464,0.8818230313205097
2012-01-27,0.7355311512947083,0.11211375063845429,0.10541128367185593,0.005860410873302233,0.008778682403382651,0.9676952788817034
2012-01-28,0.8040273189544678,0.102566476433108,0.10935401916503906,0.00523915191565096,0.006047049662363896,1.0272340161306297
2012-01-29,0.8377096652984619,0.10528787843786346,0.10487508028745651,0.004355010933383345,0.005810012058651923,1.0580376470158173
2012-01-30,0.8920681476593018,0.12875367038871896,0.11913801729679108,0.004872181992343591,0.017575951393538146,1.1624079687306934
2012-01-31,0.9143409132957458,0.13540031701277266,0.11799228936433792,0.005502634006466627,0.019351667267151016,1.192587820946474
2012-02-01,0.7969879508018494,0.14055554162212566,0.08955373615026474,0.005120933953168218,0.01792182958671016,1.0501399921141181
2012-02-02,0.8177337646484375,0.14953110718632073,0.11338429152965546,0.005798213409691091,0.0301915872055969,1.1166389639797016
2012-02-03,0.7371448874473572,0.14114302484754285,0.08521384000778198,0.0057776749092512915,0.029546003202187626,0.9988254304141209
2012-02-04,0.7371448874473572,0.1349889492304415,0.08456241339445114,0.0058343265183738325,0.02842907976179146,0.990959656352415
2012-02-05,0.7371448874473572,0.1475273138320143,0.08952056616544724,0.006668498332969968,0.033447372919633435,1.0143086386974223
2012-02-06,0.750148594379425,0.1277246733809954,0.08828647434711456,0.006947909870158237,0.03364093573397254,1.0067485877116658
2012-02-07,0.750148594379425,0.11456564302256783,0.08758555352687836,0.004858720985851452,0.028945272663405398,0.9861037845781282
2012-02-08,0.750148594379425,0.12494738072049046,0.08696464449167252,0.006119395894295733,0.03213027574783987,1.0003102912337236
2012-02-09,0.750148594379425,0.11906008503793436,0.08952521532773972,0.005137321741613494,0.028080558702548213,0.9919517751892609
2012-02-10,0.8475496768951416,0.1435010792557401,0.10180176794528961,0.005376109336266475,0.03158360939069344,1.1298122428231312
2012-02-11,0.7781127691268921,0.11636262535020019,0.09340120106935501,0.004156177796493096,0.021746559784759343,1.0137793331276996
2012-02-12,0.7859967350959778,0.11712750074017525,0.09258519113063812,0.003999922369456548,0.026298147213448718,1.0260074965496966
2012-02-13,0.7336767911911011,0.1155749791770262,0.08184728771448135,0.0038578562541322133,0.025243512025104952,0.9602004263618459
2012-02-14,0.7601291537284851,0.1317467304592319,0.0856432318687439,0.005363274968359377,0.03088513923806865,1.013767530262889
2012-02-15,0.7665687203407288,0.12631560492474947,0.0834473967552185,0.006432857878905185,0.034027423151889384,1.0167920030514912
2012-02-16,0.7054070830345154,0.12056039432839004,0.07627718150615692,0.004175461861440499,0.015463122113303921,0.9218832428438067
2012-02-17,0.7463369369506836,0.12756740420723967,0.08065611124038696,0.004357116343865321,0.012552072066566758,0.9714696408087423
2012-02-18,0.6822381615638733,0.10833856917231044,0.07600564509630203,0.003730822487451757,0.0076118674394377835,0.8779250657593752
2012-02-19,0.6822381615638733,0.0981107426278785,0.07572243362665176,0.0032358825013304527,0.007291865316525461,0.8665990856362594
2012-02-20,0.6822381615638733,0.09841416334063639,0.08247818797826767,0.0038309131149242013,0.007085303421455339,0.8740467294191568
2012-02-21,0.7602649927139282,0.09234532724638095,0.118819460272789,0.003336523049331095,0.007907440618963714,0.9826737439013931
2012-02-22,0.6906751394271851,0.09243888253874982,0.12031681090593338,0.003092421930482082,0.005399247704056952,0.9119225025064074
2012-02-23,0.6767478585243225,0.09140276486469047,0.11917969584465027,0.002928026215172347,0.00426891738275959,0.8945272628315951
2012-02-24,0.6600201725959778,0.0908475510951693,0.11358844488859177,0.0026907781658798303,0.0023341923148710647,0.8694811390604897
2012-02-25,0.6736031770706177,0.09291192688905743,0.11011353880167007,0.002739620134498248,0.00249541391132733,0.8818636768071708
2012-02-26,0.7900937795639038,0.0933910824201608,0.12530545890331268,0.0027763357424062957,0.0024530546038163724,1.0140197112336
2012-02-27,0.7773743271827698,0.09435516777836093,0.1346290409564972,0.0027686386220306097,0.00247803576241712,1.0116052103020758
2012-02-28,0.806255042552948,0.09301146708951415,0.1275406777858734,0.0026770585539421274,0.002335702703912655,1.0318199486861903
2012-02-29,0.7960777282714844,0.09677660999462263,0.11591366678476334,0.002778394867444036,0.0022684874220032535,1.0138148873403177
2012-03-01,0.7585783004760742,0.10215962173608027,0.1178617775440216,0.0028572318940400464,0.003174011222688221,0.9846309428729044
2012-03-02,0.7585783004760742,0.09696880985078696,0.120351642370224,0.002747905755288122,0.0024242430570696493,0.981070901509443
2012-03-03,0.7585783004760742,0.09718475316161555,0.1198405995965004,0.002983641553776074,0.002413403149839729,0.981000697937806
2012-03-04,0.7432818412780762,0.09401994262979087,0.11558504402637482,0.002853997538997536,0.0022420151373263287,0.9579828406105657
2012-03-05,0.7398280501365662,0.09599101429290322,0.11033223569393158,0.0029420044905325636,0.002465093760051252,0.9515583983739848
2012-03-06,0.7432818412780762,0.09426758221990156,0.11511408537626266,0.002602358492164704,0.0020847981685239206,0.957350665534929
2012-03-07,0.8058483600616455,0.11698057919036879,0.12430631369352341,0.002883790587912681,0.004711349199898482,1.054730392733349
2012-03-08,0.589820146560669,0.09828121791353271,0.07346536964178085,0.0028025147347662373,0.0019138923600094462,0.7662831412107582
2012-03-09,0.6047685146331787,0.113498418187936,0.08114626258611679,0.0028480817272061518,0.002606512234863651,0.8048677893693014
2012-03-10,0.592573881149292,0.096625498328657,0.07811049371957779,0.00266751307636345,0.0019371561988979233,0.7719145424727881
2012-03-11,0.589820146560669,0.09501233100195579,0.0738241896033287,0.0027566493873384416,0.0023841771975762352,0.7637974937508681
2012-03-12,0.589820146560669,0.09589644778777748,0.08021684736013412,0.002730033763347973,0.002081425653298504,0.7707449011252271
2012-03-13,0.6047685146331787,0.0960465664367,0.08071062713861465,0.0026681548966901794,0.0020132617469348856,0.7862071248521183
2012-03-14,0.6047685146331787,0.0963242470649582,0.08071062713861465,0.002744233835386682,0.002070918027631743,0.78661854069977
2012-03-15,0.6927331686019897,0.0950864405452492,0.08487144112586975,0.002639583543641646,0.002019129924918343,0.8773497637416687
2012-03-16,0.6027514338493347,0.09642621229928955,0.07920891046524048,0.0027343961983742116,0.0023638181129941576,0.7834847709252332
2012-03-17,0.6055653095245361,0.09582907324240424,0.08119905740022659,0.002619018629998743,0.00232129989346129,0.7875337586906269
2012-03-18,0.6178408861160278,0.09448352252573232,0.10584866255521774,0.002455329644065066,0.0022495364918170735,0.82287793733286
2012-03-19,0.6178408861160278,0.10075295288595967,0.10648231208324432,0.002409715295768648,0.0025271354001467046,0.8300130017811471
2012-03-20,0.7048445343971252,0.11806752376158632,0.10577640682458878,0.0043012235985418635,0.008870329559717153,0.9418600181415594
2012-03-21,0.7086849212646484,0.11569120358653383,0.11718054860830307,0.0056875040257082995,0.010661430246631572,0.9579056077318252
2012-03-22,0.7086849212646484,0.11241885620792692,0.1184321865439415,0.003512342700343394,0.0073146986582682694,0.9503630053751285
2012-03-23,0.7310128808021545,0.11220041781723347,0.11889205873012543,0.003986364975681379,0.00754635633198606,0.9736380786571809
2012-03-24,0.8230220079421997,0.1319019413653994,0.13007590174674988,0.00446568039073457,0.008454897089938544,1.0979204285350221
2012-03-25,0.8057718276977539,0.11633969459086078,0.1407775580883026,0.005898163703186831,0.01243019132719595,1.0812174354073
2012-03-26,0.874716579914093,0.14363993710955011,0.16009782254695892,0.0077692108011090276,0.020364036060218742,1.2065875864319295
2012-03-27,0.7971271276473999,0.12170878712979744,0.10941527783870697,0.007769075214623879,0.01276065671609131,1.0487809245466195
2012-03-28,0.7380507588386536,0.14348422400313335,0.14039002358913422,0.00711860491885367,0.013155722601246103,1.042199333951021
2012-03-29,0.6798779368400574,0.12855005158423152,0.09821446985006332,0.006378133679208782,0.010054660040767417,0.9230752519943284
2012-03-30,0.6798779368400574,0.12279996335275851,0.09965448081493378,0.006729670702011197,0.007599558350843268,0.9166616100606042
2012-03-31,0.6798779368400574,0.1252420433500246,0.10633724927902222,0.007873513593900622,0.009278927130801256,0.928609670193806
2012-04-01,0.6798779368400574,0.1402988585277678,0.10609886795282364,0.011089219459453206,0.017242303361572314,0.9546071861416743
2012-04-02,0.6798779368400574,0.12508001593170623,0.10524818301200867,0.011286414791021928,0.013961643922710095,0.9354541944975042
2012-04-03,0.6798779368400574,0.12580215098526853,0.10120803117752075,0.009633299581266448,0.011227386981826478,0.9277488055659395
2012-04-04,0.6829339861869812,0.13230540353413162,0.11167682707309723,0.009931405914271657,0.013946276437975169,0.9507938991464568
2012-04-05,0.6586296558380127,0.12745226408886212,0.11070676892995834,0.012864515205441272,0.01723277858156197,0.9268859826438365
2012-04-06,0.6721840500831604,0.14488206756131441,0.11208700388669968,0.014169593733498517,0.01871784793660679,0.9620405632012797
2012-04-07,0.6586296558380127,0.13219462583986943,0.1050524115562439,0.011693942679365604,0.01442823683758176,0.9219988727510734
2012-04-08,0.8068049550056458,0.14270963969012523,0.21108141541481018,0.011184991951964597,0.015738619947416092,1.187519622009962
2012-04-09,0.6586296558380127,0.13497626515296632,0.10067477077245712,0.009673785771565495,0.010932103059130758,0.9148865805941324
2012-04-10,0.6467941403388977,0.13378064193720687,0.09581957757472992,0.007471320532123078,0.009255357194348467,0.893121037577306
2012-04-11,0.7144902944564819,0.1439631781863572,0.08246143907308578,0.009092615806966185,0.01349076223630178,0.9634982897591928
2012-04-12,0.6599579453468323,0.15239953902327627,0.07935922592878342,0.008296911634649268,0.015964890650164498,0.9159785125837058
2012-04-13,0.6117870211601257,0.15793644291356096,0.07915567606687546,0.010623665250737758,0.018258682652191882,0.8777614880434919
2012-04-14,0.7068894505500793,0.1530775202861346,0.10781285911798477,0.01369603924660635,0.020095096414161184,1.0015709656149663
2012-04-15,0.7292871475219727,0.15246423624622277,0.10581065714359283,0.015899204683359907,0.023549742541778516,1.0270109881369267
2012-04-16,0.7136656641960144,0.17376373168769066,0.1269475519657135,0.01747174022590258,0.027760930572941052,1.0596096186482622
2012-04-17,0.7283527255058289,0.19285384481014434,0.12900492548942566,0.027597789074596542,0.04496936180278141,1.122778646682777
2012-04-18,0.777510941028595,0.2519107691270609,0.15267321467399597,0.02906123504869778,0.05195800565675647,1.2631141655351061
2012-04-19,0.7779878973960876,0.31274888302372156,0.21251536905765533,0.030108554320968584,0.0520416984759418,1.3854024022743747
2012-04-20,0.7779878973960876,0.32712113431381856,0.21752898395061493,0.032345050055536444,0.05249061868988436,1.407473684405942
2012-04-21,0.9410773515701294,0.337115346554436,0.22088314592838287,0.032097773783523124,0.053086509563792156,1.5842601274002637
2012-04-22,0.9628517627716064,0.2972868950709114,0.20008854568004608,0.03125678054862577,0.04986913113813802,1.5413531152093276
2012-04-23,0.9877625107765198,0.30739777903429416,0.1900436282157898,0.031844818603055526,0.05033341082342335,1.5673821474530825
2012-04-24,1.1114325523376465,0.2837091008774668,0.16743047535419464,0.030794781479683276,0.04089640526333304,1.634263315312324
2012-04-25,0.8004382252693176,0.257653332087013,0.1498321294784546,0.02744099600966874,0.035140826960189886,1.2705055098046436
2012-04-26,0.8018699884414673,0.21630953744910036,0.14735032618045807,0.02463168099522777,0.032385799597583385,1.222547332663837
2012-04-27,0.7618021965026855,0.21577510821233997,0.14790144562721252,0.02317603212472575,0.023127971029906224,1.17178275349687
2012-04-28,0.7618021965026855,0.22000247155220104,0.14385414123535156,0.02312184432684446,0.022021318503742213,1.1708019721208247
2012-04-29,0.7854461073875427,0.20255276520078627,0.15708968043327332,0.022933110612845267,0.02017538395544229,1.1881970475898898
2012-04-30,0.7811093926429749,0.20300798063055894,0.1686381697654724,0.02249432905047458,0.0186382062386358,1.1938880783281167
2012-05-01,0.8425883054733276,0.2034550317027136,0.16328932344913483,0.022819138683560006,0.019980411196436232,1.2521322105051724
2012-05-02,0.8425883054733276,0.18928108345354064,0.1742202490568161,0.02213414854292528,0.01701464711500016,1.2452384336416096
2012-05-03,0.8425883054733276,0.19131076097519767,0.15279391407966614,0.020116737144577075,0.012627168118708666,1.2194368857914772
2012-05-04,0.7928794622421265,0.18735485336474497,0.15469269454479218,0.02030597547873136,0.012447050968905728,1.1676800365993008
2012-05-05,0.9585138559341431,0.2185211397077634,0.16452914476394653,0.021458881030058004,0.01922075457187569,1.3822437760077866
2012-05-06,0.740619421005249,0.23626484318138058,0.15535925328731537,0.023477516029011214,0.023974619049830413,1.1796956525527866
2012-05-07,0.7398744225502014,0.2365278473069956,0.16740067303180695,0.02582498803235998,0.02581038815593403,1.195438319077298
2012-05-08,0.8327842354774475,0.2779433334574537,0.1812298446893692,0.02743239455821083,0.03161818467981066,1.351007992862292
2012-05-09,0.7995877861976624,0.2796832258219941,0.1830740123987198,0.02703636823503076,0.02738799216071868,1.3167693848141258
2012-05-10,0.8454337120056152,0.2862191117331516,0.1704266220331192,0.026752387673924006,0.028233936062762355,1.3570657695085724
2012-05-11,0.8324475884437561,0.2784578495595687,0.1826387643814087,0.025901648595795582,0.025851899274270444,1.3452977502547996
2012-05-12,0.8882839679718018,0.28202238499141374,0.18139193952083588,0.026724087588347562,0.02774927827245967,1.406171658344859
2012-05-13,0.917361855506897,0.2864844619064769,0.20243601500988007,0.02642112676539174,0.027243850594507193,1.4599473097831528
2012-05-14,0.7842937111854553,0.2962620662083837,0.1504562497138977,0.02572626988283908,0.02807819646685688,1.2848164934574327
2012-05-15,0.7935939431190491,0.29017260405332634,0.14627279341220856,0.025523001441701956,0.02822275410610487,1.283785096132391
2012-05-16,0.8098099827766418,0.31257810619885773,0.19675447046756744,0.0273995168273594,0.03375616043518801,1.3802982367056142
2012-05-17,0.8826080560684204,0.30716212052268627,0.19198593497276306,0.029379012601829988,0.039282215673686074,1.4504173398393858
2012-05-18,0.8849602341651917,0.3351775077976368,0.14148956537246704,0.02984316452408216,0.04472906264373411,1.4361995345031118
2012-05-19,0.999982476234436,0.3845551248590647,0.19141708314418793,0.03064914592565852,0.05399286622364508,1.6605966963869923
2012-05-20,1.018568992614746,0.4494087967872321,0.2495606541633606,0.03096356868602924,0.05358324713353867,1.8020852593849068
2012-05-21,1.16537344455719,0.5585458962493295,0.1551196426153183,0.040915170318779094,0.06369352248249693,1.9836476762231139
2012-05-22,1.3087358474731445,0.590849681419146,0.2683713138103485,0.043762461023367,0.06707219963406023,2.2787915033600665
2012-05-23,1.223820447921753,0.6752366891283366,0.29266807436943054,0.04486781959502513,0.07040057485936324,2.3069936058739087
2012-05-24,1.2541197538375854,0.6841644591519009,0.2333626002073288,0.04570707468083674,0.06943555690821904,2.286789444785871
2012-05-25,1.2045326232910156,0.7118930624717263,0.2733934223651886,0.04574585172651592,0.07248110178843595,2.308046061642883
2012-05-26,1.2613208293914795,0.6944536385397764,0.2813822031021118,0.04700184054225154,0.0736135502308628,2.3577720618064824
2012-05-27,1.1702607870101929,0.7592586156888332,0.17487911880016327,0.04762473492092826,0.07431702741139162,2.2263402838315094
2012-05-28,1.0989701747894287,0.7729038871111402,0.20890557765960693,0.04740374234722249,0.07451020821394921,2.202693590121348
2012-05-29,1.1974091529846191,0.7784684220751037,0.17722775042057037,0.04736549614392803,0.07330275308015001,2.2737735747043715
2012-05-30,1.289138674736023,0.7782756781285418,0.24142499268054962,0.0470008363414235,0.06896320004766458,2.4248033819342023
2012-05-31,1.321055293083191,0.7007818165579633,0.20086447894573212,0.045904916109838816,0.06376210414682315,2.3323686088435487
2012-06-01,1.3053511381149292,0.6331471834278095,0.22900064289569855,0.038226018282899496,0.0598838810536347,2.2656088637749714
2012-06-02,1.2728585004806519,0.5689938833746759,0.1811584085226059,0.03644524752047059,0.05372038733292718,2.1131764272313314
2012-06-03,1.2701448202133179,0.5491805131109706,0.17197111248970032,0.036226740037463644,0.057754421266767976,2.08527760711822
2012-06-04,1.2330869436264038,0.5298706758752199,0.1871376484632492,0.03578481733240688,0.05670134116958204,2.042581426466862
2012-06-05,1.1151139736175537,0.5246099330720886,0.16893960535526276,0.036038296084583546,0.049777247943118705,1.8944790560726072
2012-06-06,1.1151139736175537,0.5049597110910522,0.18537837266921997,0.03588890603015654,0.05487855267938926,1.8962195160873718
2012-06-07,1.1713957786560059,0.49268452739164736,0.20018206536769867,0.0355598915252808,0.04746648424158218,1.947288747182215
2012-06-08,1.0886592864990234,0.5044113786524593,0.18567070364952087,0.03514437803613565,0.04396772664385287,1.8578534734809922
2012-06-09,1.1463074684143066,0.487082955046275,0.18619757890701294,0.035286862169723196,0.04347236559340103,1.8983472301307187
2012-06-10,1.0645352602005005,0.4139603695580639,0.17909596860408783,0.03316382571330417,0.03730403550220749,1.728059459578164
2012-06-11,1.016574740409851,0.39508685989390296,0.1819792538881302,0.03299664799269281,0.038725576578767795,1.6653630787633449
2012-06-12,1.0642609596252441,0.4071582708694793,0.17626838386058807,0.03435797085761037,0.04202198852598436,1.724067573738906
2012-06-13,1.0293055772781372,0.400109707642152,0.20402741432189941,0.03202032820128208,0.04050052044514911,1.70596354788862
2012-06-14,0.887507438659668,0.38675536581102715,0.16911226511001587,0.027552535472927277,0.03755385182024728,1.5084814568738856
2012-06-15,0.8441364765167236,0.3737907613884529,0.12167248129844666,0.027656646654834575,0.0364792186100705,1.403735584468528
2012-06-16,0.8441364765167236,0.37772167191056916,0.12226422131061554,0.027184651132793565,0.037059912876294315,1.4083669337469962
2012-06-17,0.8156276345252991,0.37422316746868756,0.12029065191745758,0.028681023705258244,0.03918905200662202,1.3780115296233244
2012-06-18,0.8260548710823059,0.38925347676479205,0.11815221607685089,0.029197027540287412,0.0515748244554793,1.4142324159197155
2012-06-19,0.9980863928794861,0.4211996845577056,0.12493930757045746,0.029740318954947387,0.0535561005105364,1.6275218044731332
2012-06-20,1.0713706016540527,0.4578589721082086,0.12981058657169342,0.03063534397085975,0.05858303408034212,1.7482585383851565
2012-06-21,1.0713706016540527,0.5385510398625568,0.12889771163463593,0.040213714910246404,0.05879466418369882,1.8378277322451906
2012-06-22,1.0529223680496216,0.574640794749379,0.14137519896030426,0.04076484870416811,0.059810617001793756,1.8695138274652667
2012-06-23,1.1691205501556396,0.6452883221162848,0.1428799331188202,0.043236962164942015,0.05971300667957467,2.0602387742352612
2012-06-24,1.1155834197998047,0.6459711908705734,0.19070787727832794,0.042909886925612394,0.06230122106178243,2.057473595936101
2012-06-25,1.2278156280517578,0.5875034208537608,0.13548660278320312,0.041996382286387815,0.05849096163959542,2.051292995614705
2012-06-26,1.1322790384292603,0.5780641934497994,0.14635278284549713,0.04036031390408771,0.0575187215150497,1.9545750501436943
2012-06-27,1.1866174936294556,0.5513462774792495,0.14250053465366364,0.04010448659732771,0.053033983689836736,1.9736027760495332
2012-06-28,1.2510385513305664,0.5494067780864949,0.12571056187152863,0.03989683625082346,0.048808151635474965,2.014860879174888
2012-06-29,1.2667752504348755,0.4987601795950298,0.1141112893819809,0.03847395326373558,0.04573383018355158,1.9638545028591732
2012-06-30,1.216149091720581,0.36444803774708295,0.11673784255981445,0.027667613535883567,0.04257294824351347,1.7675755338068755
2012-07-01,1.216149091720581,0.3628440516093212,0.1411428302526474,0.027390950870608523,0.04484366708227658,1.7923705915354347
2012-07-02,1.1813753843307495,0.38994078042965286,0.11467324942350388,0.027410064839120396,0.04386728677596677,1.7572667657989935
2012-07-03,1.2301965951919556,0.32366077804166415,0.10618870705366135,0.02596019040730052,0.04054364114931505,1.7265499118438967
2012-07-04,1.0026441812515259,0.3215197230274484,0.11428450793027878,0.024959762238185506,0.04079365965449383,1.5042018341019323
2012-07-05,1.0325124263763428,0.3017143701935733,0.0951748937368393,0.025185994304124094,0.03641259506938134,1.4910002796802608
2012-07-06,0.9775269031524658,0.2933058591511984,0.10715945810079575,0.023415293329315627,0.03805980515274569,1.4394673188865212
2012-07-07,0.9978371262550354,0.2565431845571669,0.08942826092243195,0.023483704289190995,0.03537400166691764,1.4026662776907428
2012-07-08,0.8559445142745972,0.2618611243420721,0.09167753159999847,0.021897985453363918,0.03454833807857279,1.2659294937486043
2012-07-09,0.9335974454879761,0.24501412503687378,0.090447336435318,0.02215752468228387,0.03148261038283,1.3226990420252818
2012-07-10,0.9850921034812927,0.2574136303151971,0.09618595987558365,0.021651022018884553,0.03329620064787161,1.3936389163388296
2012-07-11,0.9335974454879761,0.2695348633815293,0.08782816678285599,0.022870744515603527,0.0362267395339076,1.3500579597018725
2012-07-12,0.9335974454879761,0.25972508869261884,0.0852283462882042,0.023025480079554232,0.03656354010874058,1.3381399006570938
2012-07-13,0.9335974454879761,0.2525043143057888,0.08277587592601776,0.022559922348869527,0.0346455199276041,1.3260830779962562
2012-07-14,0.9448884725570679,0.27138833024410036,0.08554356545209885,0.021675986430242104,0.03446221160680719,1.3579585662903164
2012-07-15,0.981208860874176,0.2442521126648289,0.08414231240749359,0.021596734297677233,0.034025811958137746,1.3652258322023136
2012-07-16,0.9072681069374084,0.2303463817826603,0.07985446602106094,0.019732942321679194,0.028852295053148166,1.2660541921159572
2012-07-17,0.8863939046859741,0.22733713713490575,0.08890562504529953,0.019388025976715073,0.031391468167350306,1.2534161610102448
2012-07-18,0.891901969909668,0.2281283060349708,0.14632020890712738,0.019743641847590056,0.030737921424450216,1.3168320481238065
2012-07-19,0.8054221272468567,0.2404877459533706,0.08713273704051971,0.020106994198592052,0.02345463794711682,1.1766042423864558
2012-07-20,0.7924560308456421,0.22831638550484834,0.0816020518541336,0.019047647170169976,0.020612145380437607,1.1420342607552316
2012-07-21,0.8298168778419495,0.21951600656372383,0.08425657451152802,0.018266137479569556,0.02086420471939651,1.1727198011161675
2012-07-22,0.8298168778419495,0.2100930025668542,0.08590950071811676,0.0179675503963862,0.021959037263947014,1.1657459687872536
2012-07-23,0.8556836843490601,0.23450252442798336,0.15243147313594818,0.0212978977987282,0.0270784357165662,1.2909940154282857
2012-07-24,0.8647796511650085,0.23200093012515385,0.09641870856285095,0.02028076455613421,0.03253518777369722,1.2460152421828448
2012-07-25,1.0882887840270996,0.23658087389118773,0.12859775125980377,0.019896941703455386,0.030708672308584456,1.504073023190131
2012-07-26,0.8533530831336975,0.22201378002449815,0.08849339932203293,0.018461452987873037,0.024720755838400423,1.207042471306502
2012-07-27,1.0275100469589233,0.21655837816340998,0.10085216164588928,0.018046795494041215,0.02007321016631249,1.3830405924285765
2012-07-28,1.0697325468063354,0.23009101983690047,0.10087260603904724,0.018486791812566118,0.02441639845244999,1.4435993629472992
2012-07-29,0.979561984539032,0.21568497114799146,0.09078434854745865,0.017111670601764377,0.021543618808006437,1.324686593644253
2012-07-30,0.8700938820838928,0.20664444156831904,0.08333901315927505,0.01499995594704423,0.0171392718189405,1.1922165645774716
2012-07-31,0.8733839392662048,0.21369576079283484,0.08461418747901917,0.014976330673391451,0.018318060724111535,1.204988278935562
2012-08-01,0.80454421043396,0.2255293518224988,0.0875045508146286,0.015560795022483379,0.02021279271409639,1.1533517008076672
2012-08-02,0.8342623710632324,0.22683327063465367,0.09545432031154633,0.017635020159189666,0.021477487256994065,1.1956624694256162
2012-08-03,1.007940649986267,0.24472885033581337,0.09879962354898453,0.019921848000527587,0.026121878471051713,1.3975128503426444
2012-08-04,1.181841492652893,0.2848253626292831,0.110060915350914,0.02157218893158297,0.033523385379619686,1.631823344944293
2012-08-05,1.5235366821289062,0.3251335657728381,0.141738161444664,0.02641915550670954,0.03782208755954723,2.054649652412665
2012-08-06,1.271262764930725,0.27407277832113525,0.09503240883350372,0.02035950600754028,0.02784950397011358,1.688576962063018
2012-08-07,1.1570308208465576,0.25356648258556874,0.09529939293861389,0.01939155124649004,0.02497641026168874,1.550264657878919
2012-08-08,1.1450128555297852,0.27408738720593245,0.1027904748916626,0.02021806940535012,0.02834848282750485,1.5704572698602353
2012-08-09,1.381589412689209,0.30686226281208745,0.11298022419214249,0.02368231416596594,0.0359060895381927,1.8610203033975974
2012-08-10,1.561083197593689,0.3347783019868135,0.10463497042655945,0.025381693302043866,0.041310889887621466,2.067189053196727
2012-08-11,1.850253701210022,0.3929369678179104,0.12242928892374039,0.030131776394488188,0.05215477106276901,2.44790650540893
2012-08-12,1.840274453163147,0.47164463022011677,0.11048709601163864,0.03309114511714308,0.05625383352371417,2.51175115803576
2012-08-13,1.840274453163147,0.5218824165418265,0.10748802870512009,0.033468597566812135,0.05656102199136129,2.559674517968267
2012-08-14,1.840274453163147,0.5798279364549626,0.11961868405342102,0.04033293849507476,0.05609711494154369,2.636151127108149
2012-08-15,1.4636454582214355,0.5367442864542149,0.11016729474067688,0.03882854984759521,0.05235805356579079,2.201743642829713
2012-08-16,1.742604374885559,0.41608407620743065,0.15788285434246063,0.030906645720803764,0.04871176960055764,2.3961897207568117
2012-08-17,1.8135379552841187,0.4367013201364419,0.1424129158258438,0.03512136099867496,0.05372972044810868,2.4815032726931885
2012-08-18,1.7430639266967773,0.4652245454216995,0.1571430265903473,0.03617122598885779,0.05689372854119149,2.4584964532388733
2012-08-19,1.5275224447250366,0.4778805228865927,0.14874137938022614,0.033938731177221654,0.05380876406280924,2.241891842231886
2012-08-20,1.4758728742599487,0.4449592361044017,0.14650309085845947,0.03413462935837953,0.050905252909158344,2.1523750834903477
2012-08-21,1.738885521888733,0.42520508479682756,0.19023509323596954,0.03373268439647365,0.05311263040520787,2.4411710147232117
2012-08-22,1.7695605754852295,0.5596422691877154,0.19535531103610992,0.03617878816514943,0.05685645169621764,2.617593395570422
2012-08-23,1.986667513847351,0.6325877674455851,0.19378986954689026,0.043471582772921735,0.06096352236713904,2.9174802559798874
2012-08-24,2.1387128829956055,0.7169905085066055,0.19172124564647675,0.045145435485841975,0.06227278221510991,3.15484285484964
2012-08-25,2.222442150115967,0.7253961237097013,0.2391163855791092,0.0455478797714214,0.062220484847826475,3.294723024024025
2012-08-26,2.2820024490356445,0.6297090436685437,0.20779554545879364,0.044651199787993215,0.0556738221981792,3.2198320601491544
2012-08-27,2.093414306640625,0.5065115810389076,0.16406908631324768,0.037122450785927824,0.04908814223184827,2.850205567010556
2012-08-28,2.1378676891326904,0.6475301978786676,0.21541547775268555,0.03895600298331501,0.05585426892366546,3.0956236366710246
2012-08-29,2.2989397048950195,0.6933312181662878,0.2440931499004364,0.04076769997901502,0.05861738585092341,3.3357491587916823
2012-08-30,2.1909284591674805,0.6839503255829062,0.16964900493621826,0.04087512633457605,0.06338544786126157,3.1487883638824425
2012-08-31,2.1909284591674805,0.6838528845695404,0.1760062277317047,0.040587719830024856,0.06717604540831104,3.1585513367070615
2012-09-01,1.9954540729522705,0.6902862042923348,0.18156540393829346,0.04001132458540046,0.07044866405313858,2.9777656698214376
2012-09-02,1.891143798828125,0.7189460154664216,0.1616695374250412,0.03975225967046966,0.06545345525910078,2.8769650666491584
2012-09-03,1.6557726860046387,0.5758167447545215,0.162851482629776,0.03553243057040897,0.05363880028386766,2.483612144243213
2012-09-04,1.626992106437683,0.45710978696915916,0.12852069735527039,0.03445180197026062,0.04535529638194736,2.2924296891143205
2012-09-05,1.3501033782958984,0.4730383968683519,0.14490872621536255,0.03388395709713251,0.04499610140543141,2.0469305598821768
2012-09-06,1.4813865423202515,0.46264739509169056,0.14580181241035461,0.03649894343652338,0.04545546374988095,2.171790157008701
2012-09-07,1.515209674835205,0.5161385819194866,0.16558094322681427,0.03783257268882385,0.050130562729739765,2.2848923354000696
2012-09-08,1.5116872787475586,0.6150930431099073,0.18798613548278809,0.037584796636225985,0.06308656398409124,2.4154378179605716
2012-09-09,1.6247485876083374,0.6257647675857563,0.18423977494239807,0.03665802496006332,0.06574157227328771,2.537152727369843
2012-09-10,2.2057528495788574,0.6441351253781984,0.19831179082393646,0.03771044479996941,0.06968818600854453,3.155598396589506
2012-09-11,2.3749186992645264,0.6915123629953766,0.17667905986309052,0.03842048468019895,0.06331624089619674,3.344846847699389
2012-09-12,2.2057528495788574,0.6925710355580215,0.1781594306230545,0.0370908705772619,0.05536049156453221,3.1689346779017273
2012-09-13,1.7970253229141235,0.5175137653152688,0.12959396839141846,0.03265134745879242,0.048970973750090886,2.5257553778296944
2012-09-14,1.8012841939926147,0.4725732777077785,0.1315295547246933,0.031837559233665054,0.04865008471335053,2.485874670372102
2012-09-15,1.556966781616211,0.3749610030782953,0.1210988238453865,0.032455061655150275,0.04261858182620337,2.1281002520212464
2012-09-16,1.3624083995819092,0.35419220283329755,0.11875370144844055,0.031618741322744955,0.03309334222752371,1.9000663874139159
2012-09-17,1.3992280960083008,0.37944571163899704,0.1180259957909584,0.03173718893184263,0.04006791220821695,1.968504904578316
2012-09-18,1.4042673110961914,0.3695302330989573,0.12116703391075134,0.0318251762847567,0.03800758758595604,1.9647973419766127
2012-09-19,1.4042673110961914,0.3756924865449932,0.11767399311065674,0.030506483077878843,0.040538592476525956,1.9686788663062462
2012-09-20,1.2319540977478027,0.3922649916736558,0.11302729696035385,0.030780123792952804,0.042717950084799006,1.8107444602595641
2012-09-21,1.149341106414795,0.36591765464494147,0.11251566559076309,0.029863039008280304,0.04507739019193926,1.702714855850719
2012-09-22,1.1059802770614624,0.3571473284737702,0.11944843083620071,0.029818413129574353,0.046686414962893136,1.659080864463901
2012-09-23,1.315346360206604,0.37755043323920434,0.12521792948246002,0.028595713995351844,0.0491859634383681,1.8958964003619883
2012-09-24,1.5257210731506348,0.3928836561031517,0.14075268805027008,0.03251006852636464,0.05111786427659453,2.1429853501070157
2012-09-25,1.738342046737671,0.4257165427875617,0.16011664271354675,0.0353048457010942,0.05638463344362798,2.415864711383501
2012-09-26,1.959869146347046,0.5658561602093366,0.16365619003772736,0.03616492426332307,0.059026122006937014,2.7845725428643697
2012-09-27,2.07326340675354,0.5350208511076573,0.1631893664598465,0.03713107229117737,0.06021832607891007,2.8688230226911315
2012-09-28,2.246792793273926,0.6285026424867117,0.1674894094467163,0.03665365831938089,0.060120201816255436,3.1395587053429903
2012-09-29,2.1900954246520996,0.5632355504885223,0.16389314830303192,0.036571823114542504,0.058035930414163016,3.011831876972359
2012-09-30,2.0844364166259766,0.5404946734348945,0.1783164143562317,0.034230870518601964,0.05416795951312679,2.8916463344488315
2012-10-01,2.0844364166259766,0.5149221889403341,0.17182163894176483,0.03583287649969224,0.05472644683787821,2.8617395678456456
2012-10-02,2.1900954246520996,0.5469683343833727,0.18160727620124817,0.038207406907254375,0.05738222689219041,3.0142606690361653
2012-10-03,2.4815335273742676,0.6255171808764226,0.239016592502594,0.03911981456767132,0.06419930893066618,3.449386424251622
2012-10-04,2.5683772563934326,0.763436574627864,0.2871258854866028,0.04188547063113501,0.06376350177953373,3.724588688918568
2012-10-05,2.4815335273742676,0.7408187862637428,0.3137363791465759,0.039579265024197695,0.06304399168280111,3.638711949491585
2012-10-06,2.150824785232544,0.6706664177171087,0.1712435930967331,0.038750900241929655,0.06251508571581171,3.094000782004127
2012-10-07,1.9734232425689697,0.7233804688006897,0.15997351706027985,0.041976746285332156,0.06217744610490963,2.960931420820181
2012-10-08,2.0681285858154297,0.7587625559264697,0.17466460168361664,0.04072354235770769,0.06516642798779065,3.107445713771014
2012-10-09,2.576066732406616,0.8939413140252817,0.1883743405342102,0.04784953553722273,0.0704092192909824,3.7766411417943133
2012-10-10,2.5860869884490967,0.8467985143768375,0.18900559842586517,0.044097221445155564,0.07003160870958745,3.7360199314065423
2012-10-11,2.4373509883880615,0.8359134923031319,0.17768700420856476,0.042705274374319986,0.07022285331649804,3.5638796125905765
2012-10-12,2.5463640689849854,0.804862206870282,0.16466572880744934,0.04687707835381006,0.06838574822545417,3.6311548312419806
2012-10-13,2.5463640689849854,0.8175167381249433,0.223225399851799,0.04704167638383094,0.06899191267003785,3.7031397960155963
2012-10-14,2.5463640689849854,0.8252850197497092,0.16211442649364471,0.040232601905485776,0.06362664356268141,3.637622760696507
2012-10-15,2.40187931060791,0.6139999140827581,0.15557876229286194,0.035226155448840064,0.05738364294514537,3.2640677853775157
2012-10-16,2.115856409072876,0.5287228714407133,0.1555645614862442,0.03363464086896679,0.05569982808068809,2.889478310949489
2012-10-17,1.733140468597412,0.5018586616302514,0.16592031717300415,0.03156322972163597,0.04338718292177911,2.475869860044083
2012-10-18,1.9928237199783325,0.4580862641848824,0.14910408854484558,0.03183936480181316,0.041850889346028194,2.673704326855902
2012-10-19,1.5122498273849487,0.4362913131098316,0.13668031990528107,0.030861939511593165,0.03740200534968535,2.15348540526134
2012-10-20,1.5122498273849487,0.44374223930715656,0.1297921985387802,0.03154787428506582,0.03734467158506374,2.154676811101015
2012-10-21,1.5051227807998657,0.4196163910782376,0.1452547311782837,0.03264440413193315,0.04130180802762472,2.143940115215945
2012-10-22,1.4112114906311035,0.4182876124074488,0.14355480670928955,0.03392136498884664,0.05073643769624986,2.0577117124329387
2012-10-23,1.4329694509506226,0.40561939566422717,0.12550173699855804,0.03340584484753478,0.04600386982666675,2.043500298287609
2012-10-24,1.575811743736267,0.5174036924609016,0.1436612606048584,0.036274317256341754,0.04884147114428219,2.3219924852026512
2012-10-25,1.9003798961639404,0.3996246555013,0.1536388397216797,0.03179493921796793,0.050625783932041965,2.5360641145369303
2012-10-26,1.962692141532898,0.3641825490451182,0.14313091337680817,0.0326134014545598,0.05042778176769025,2.5530467871770743
2012-10-27,1.962692141532898,0.37517999133930235,0.18878784775733948,0.033225280971693555,0.05271663550324217,2.6126018971044758
2012-10-28,1.814878225326538,0.37058675263181207,0.1372641921043396,0.03163458553744178,0.0471765937786203,2.401540349378752
2012-10-29,1.73345947265625,0.3494991684259715,0.11194286495447159,0.028714328491475337,0.04313296421475328,2.266748798742922
2012-10-30,1.271835207939148,0.3265523207046781,0.10589490085840225,0.028146913364769842,0.039541539656736076,1.7719708825237341
2012-10-31,1.2691519260406494,0.29923456725340913,0.10388858616352081,0.026678355343816,0.040775950835294034,1.7397293856366893
2012-11-01,1.1644713878631592,0.291883494236176,0.10170751810073853,0.027007149839755263,0.040889226853757586,1.6259587768935864
2012-11-02,1.1670958995819092,0.27872009886979665,0.0975334420800209,0.026165901761100303,0.04058949133609254,1.6101048336289194
2012-11-03,1.147580862045288,0.2658356223518634,0.09794534742832184,0.025848406143846436,0.03839620758335938,1.5756064455526793
2012-11-04,1.197021722793579,0.27095742283583174,0.10907571017742157,0.025177967667966997,0.041256057663059106,1.6434888811378587
2012-11-05,1.1253656148910522,0.2821995911568369,0.10537794232368469,0.02550266520155107,0.04292297924380685,1.5813687928169318
2012-11-06,1.1253656148910522,0.2667293556318061,0.10020491480827332,0.027194216719058643,0.04034220713565096,1.5598363091858412
2012-11-07,1.2572661638259888,0.2692416838795734,0.10023712366819382,0.02643637026750662,0.04076352545272317,1.6939448670939858
2012-11-08,1.1501588821411133,0.2451968629285581,0.1311030089855194,0.018527541041383926,0.03853840373312888,1.5835246988297036
2012-11-09,1.0560498237609863,0.26053531201578445,0.10413113236427307,0.017254185884851135,0.040059911183975984,1.478030365209871
2012-11-10,0.8854361772537231,0.211848629917342,0.07595318555831909,0.016563634175094946,0.03350623277316042,1.2233078596776397
2012-11-11,0.8409375548362732,0.19057699795875302,0.07528328895568848,0.01356450665803383,0.025118142873746203,1.1454804912824947
2012-11-12,0.8409375548362732,0.18810201874097868,0.07455343753099442,0.012923601706776741,0.023246499631824735,1.1397631124468477
2012-11-13,0.9071930646896362,0.18924631281016696,0.07525312155485153,0.012455518196186866,0.021070400365145556,1.2052184176159872
2012-11-14,0.958263635635376,0.19998877157377526,0.07997415214776993,0.012860373767017874,0.024237337694088836,1.275324270818028
2012-11-15,0.8571442365646362,0.1960386515660934,0.07518459856510162,0.01252762881877083,0.02169172797483709,1.162586843489439
2012-11-16,0.8571442365646362,0.19238388819303748,0.07410501688718796,0.011504234342828462,0.02140263295451584,1.156540008942206
2012-11-17,0.873134195804596,0.18907167311392473,0.07620983570814133,0.011186998292918316,0.021192561225736872,1.1707952641453172
2012-11-18,0.8509517908096313,0.18513296647373512,0.07913903146982193,0.010841963281414986,0.02066538166198072,1.146731133696584
2012-11-19,0.8574221134185791,0.18546728494251122,0.07839260250329971,0.01074449778753558,0.019844923124253257,1.1518714217761787
2012-11-20,0.9185156226158142,0.18750350211364938,0.10718835890293121,0.010792362207045747,0.02126007842866575,1.2452599242681064
2012-11-21,0.8615927696228027,0.1892904442873596,0.12447013705968857,0.010714195541659973,0.020650812862395247,1.206718359373906
2012-11-22,0.8100544214248657,0.18385382681210632,0.07460669428110123,0.010417697316151636,0.019547303670628496,1.0984799435048533
2012-11-23,0.806290328502655,0.181788263343109,0.07598374038934708,0.010574207420147311,0.01927477915889666,1.0939113188141552
2012-11-24,0.8100544214248657,0.1788310659657759,0.07764089852571487,0.010178896416379396,0.018343148539667405,1.0950484308724033
2012-11-25,0.8803867101669312,0.16951963972140685,0.1008874922990799,0.010151588430076228,0.01840801336793407,1.1793534439854283
2012-11-26,0.9044473767280579,0.16861649608222667,0.10831190645694733,0.009962550610832547,0.016866001060171765,1.2082043309382362
2012-11-27,0.9202941656112671,0.15929419545459536,0.10739593952894211,0.009790109171994157,0.016411927784697633,1.2131863375514964
2012-11-28,0.9017367362976074,0.1525956648097604,0.10451304912567139,0.009353811318555246,0.01598361507634238,1.1841828766279368
2012-11-29,0.8794478178024292,0.15066128274436744,0.09838593751192093,0.009414940651432684,0.016708477854794068,1.1546184565649444
2012-11-30,0.9566670060157776,0.19491678043776087,0.10679735243320465,0.010899030266677668,0.02624302898324454,1.2955231981366653
2012-12-01,0.7003137469291687,0.1681119162517023,0.06809178739786148,0.010767283258503409,0.0238478097306398,0.9711325435678757
2012-12-02,0.8290297389030457,0.18711392093915333,0.07012725621461868,0.010700883817436557,0.03104770983904933,1.1280195097133034
2012-12-03,0.8580424785614014,0.18535783219812965,0.08801164478063583,0.010764992976460226,0.03124244029829483,1.173419388814922
2012-12-04,0.8580424785614014,0.1828019471823211,0.07210234552621841,0.010267432687267408,0.029946243811439822,1.153160447768648
2012-12-05,0.8528375029563904,0.17935286283704738,0.0701974630355835,0.01044416194955294,0.030099995271103516,1.1429319860496776
2012-12-06,0.8356402516365051,0.16584616580346417,0.07262536138296127,0.009873638696014257,0.0289806918979679,1.1129661094169128
2012-12-07,0.8356402516365051,0.1625086720941387,0.07345030456781387,0.009745337552112222,0.028773341931834874,1.1101179077824046
2012-12-08,0.8644749522209167,0.15292518521462253,0.06857918947935104,0.0093780796135262,0.02845487727446438,1.1238122838028808
2012-12-09,0.848167896270752,0.1579726368067107,0.0705760046839714,0.009578868982181386,0.028583322919275938,1.1148787296628915
2012-12-10,0.8696640133857727,0.16084641615956505,0.07433988153934479,0.009667627857478597,0.028697794068084082,1.1432157330102453
2012-12-11,0.893760621547699,0.17168284630150224,0.0992191880941391,0.010754577647044416,0.03149015500230313,1.206907388592688
2012-12-12,0.7363326549530029,0.14761455632990306,0.08464820683002472,0.00989978990636273,0.022373614509343175,1.0008688225286366
2012-12-13,0.752450168132782,0.13845675580673092,0.08464820683002472,0.009666645375362895,0.021233712770321662,1.0064554889152222
2012-12-14,0.7679355144500732,0.13601146886102453,0.0750853419303894,0.009175132614578545,0.018823649350375983,1.0070311072064417
2012-12-15,0.7548934817314148,0.13557640226640463,0.07310271263122559,0.008693092004021881,0.017161264005062845,0.9894269526381297
2012-12-16,0.727763831615448,0.13125219145124128,0.07287368923425674,0.008496788004811432,0.008267291921562142,0.9486537922273196
2012-12-17,0.7213883996009827,0.12961349752023174,0.06784199178218842,0.008506098757708509,0.007661694863312524,0.9350116825244238
2012-12-18,0.7118250131607056,0.1336998156368037,0.07216031849384308,0.008570831614601288,0.007709203652716009,0.9339651825586696
2012-12-19,0.8532307147979736,0.13732234555831493,0.07857461273670197,0.008636279464691936,0.00745925301442586,1.0852232055721085
2012-12-20,0.8671912550926208,0.13478958539859281,0.07868906110525131,0.008615078871647633,0.007500095323325789,1.0967850757914384
2012-12-21,0.8299716114997864,0.13435236914957616,0.07758497446775436,0.008450546929191956,0.0069920919588249255,1.0573515940051337
2012-12-22,0.9871151447296143,0.15414848422179414,0.1321500688791275,0.00876979275308536,0.010982690840244363,1.2931661814238657
2012-12-23,0.7231438755989075,0.12447977645112605,0.0680651143193245,0.008057751936263525,0.007233383930314722,0.9309799022359363
2012-12-24,0.7265198230743408,0.11470165995328785,0.06927109509706497,0.0077159518815733226,0.00678834220465356,0.9249968722109205
2012-12-25,0.7231438755989075,0.11704900482913337,0.0675218403339386,0.0078042675459433775,0.006911489349431673,0.9224304776573545
2012-12-26,0.7414714097976685,0.13204575196431184,0.07120668888092041,0.007874102614371534,0.00734295419864138,0.9599409074559137
2012-12-27,0.6869460940361023,0.13151493683386137,0.07109086215496063,0.007884839316190204,0.007318616874510902,0.9047553492156254
2012-12-28,0.6869460940361023,0.11656393004927629,0.07070920616388321,0.007711319155723746,0.006594577292023494,0.888525126697009
2012-12-29,0.6869460940361023,0.12163672987586803,0.07103537768125534,0.007973853929495369,0.007084785620433906,0.8946768411431549
2012-12-30,0.8161963224411011,0.11363200366980644,0.07545072585344315,0.007421466736364057,0.004559219218652068,1.0172597379193669
2012-12-31,0.809968888759613,0.1104468850264873,0.0760277509689331,0.007401300406575942,0.004887935738249664,1.008732760899859
2013-01-01,0.8006500005722046,0.10574519806128957,0.07381713390350342,0.0070617730802888575,0.004763656597436357,0.9920377622147228
2013-01-02,0.7694356441497803,0.10315032457779752,0.0930357575416565,0.007220132896147866,0.004863578286679084,0.9777054374520612
2013-01-03,0.7453327775001526,0.10405168184252789,0.0945960059762001,0.00711725637012026,0.004816598674810595,0.9559143203638114
2013-01-04,0.7453327775001526,0.11236698664207696,0.09361748397350311,0.007442378151924197,0.007044870531289768,0.9658044967989466
2013-01-05,0.8117094039916992,0.11106063652415817,0.09183026850223541,0.0072760881375075305,0.012063168043947636,1.033939565199548
2013-01-06,0.8142299056053162,0.10867561845562726,0.09527882933616638,0.007226562827301149,0.012058248566541334,1.0374691647909522
2013-01-07,0.8096989989280701,0.11335432312298684,0.09308268129825592,0.005565394136433833,0.012509174288854261,1.0342105717746009
2013-01-08,0.789685070514679,0.10734750820452654,0.08911589533090591,0.005646428564929642,0.013768340940881633,1.0055632435559227
2013-01-09,0.789685070514679,0.10859612126743269,0.09631809592247009,0.005132918951865059,0.013602858016065988,1.0133350646725128
2013-01-10,0.7688441276550293,0.10903472932681077,0.09667012840509415,0.0050629212862123175,0.013796263367820511,0.993408170040967
2013-01-11,0.7883298993110657,0.11015293595985555,0.10543008893728256,0.004984637457601943,0.014787569384348258,1.023685131050154
2013-01-12,0.6843845844268799,0.11172525077333154,0.10252633690834045,0.00462774100856654,0.014324803959035806,0.9175887170761542
2013-01-13,0.7278680801391602,0.11549928096028803,0.09400764852762222,0.004672863994411504,0.014484937181118764,0.9565328108026007
2013-01-14,0.7533405423164368,0.10413741894462353,0.0943535566329956,0.0039776654329837565,0.008975059251584176,0.9647842425786238
2013-01-15,0.7550017833709717,0.1056538182911222,0.0984923467040062,0.004068139225458884,0.006288015093664374,0.9695041026852234
2013-01-16,0.695582389831543,0.10486899439898686,0.10578503459692001,0.004469078939841679,0.006240872884221383,0.916946370651513
2013-01-17,0.6783891916275024,0.1126081018457068,0.09739206731319427,0.0048142987166346265,0.007470607832812477,0.9006742673358507
2013-01-18,0.7814237475395203,0.10481190606327731,0.10302361100912094,0.003778037240779188,0.006130151115973806,0.9991674529686715
2013-01-19,0.8291712999343872,0.10149306975556896,0.0999906063079834,0.0035861422880254313,0.006338973480216847,1.0405800917661818
2013-01-20,0.7882376909255981,0.10127183417376578,0.09844004362821579,0.0036604287303201454,0.007929099488862763,0.9995390969467626
2013-01-21,0.7228280901908875,0.10431500365636674,0.09844004362821579,0.00363781243149443,0.007726254735739172,0.9369472046427035
2013-01-22,0.7542104721069336,0.10392692178035387,0.09916730225086212,0.003664658966908168,0.009587323370544697,0.9705566784756025
2013-01-23,0.7125551104545593,0.10717621892453424,0.09645811468362808,0.0037939291457311586,0.01387052395988285,0.9338538971683357
2013-01-24,0.6949423551559448,0.11726110908800044,0.09059429168701172,0.004545051871668754,0.018647122767481865,0.9259899305701076
2013-01-25,0.7843495011329651,0.13996886799210223,0.10406184196472168,0.005495397674216794,0.03340676310311939,1.0672823718671252
2013-01-26,0.8523460030555725,0.12732500416486534,0.11979297548532486,0.007391833405086199,0.03768811260881468,1.1445439287196635
2013-01-27,0.9006170034408569,0.1180347548763336,0.1208161786198616,0.005108272328920168,0.03247806056355998,1.1770542698295323
2013-01-28,0.896131694316864,0.10674843851126553,0.12476737052202225,0.005077891224840214,0.0313228609852263,1.1640482555602183
2013-01-29,0.9162701964378357,0.08825691066288938,0.12801603972911835,0.003522876269479976,0.021067943944807255,1.1571339670441305
2013-01-30,0.893622100353241,0.08836880655020712,0.11503328382968903,0.0033754322242289885,0.0183899042341378,1.1187895271915038
2013-01-31,0.9792168736457825,0.10957717945224392,0.12847967445850372,0.004074154929911885,0.01262831492723944,1.2339761974136816
2013-02-01,0.8202305436134338,0.09091482222951329,0.08269363641738892,0.0035449382174602734,0.006745309098018786,1.0041292495758152
2013-02-02,0.6390969157218933,0.08251010910666065,0.07726004719734192,0.0035111042516272396,0.005651113828218987,0.8080292901057422
2013-02-03,0.6136597394943237,0.079777869962426,0.07312492281198502,0.0034875128038057137,0.006407765172643727,0.7764578102451841
2013-02-04,0.5853150486946106,0.08464305867655676,0.07567929476499557,0.0035955228196058757,0.0054995998051091295,0.7547325247608779
2013-02-05,0.5853150486946106,0.09282401414881838,0.06901194155216217,0.003439284897974703,0.006178635981964897,0.7567689252755307
2013-02-06,0.6821770668029785,0.1192880786466826,0.09318138659000397,0.0043164536121365945,0.012475225021865632,0.9114382106736673
2013-02-07,0.651416540145874,0.10501701145680485,0.07220413535833359,0.0032797242175055534,0.00752779648693547,0.8394452076654535
2013-02-08,0.6125002503395081,0.10203507986435564,0.08061783015727997,0.0030015138704829023,0.005917729308493678,0.8040724035401202
2013-02-09,0.6225219368934631,0.09969817158742383,0.08461468666791916,0.002810239775472127,0.004919241235820848,0.8145642761600992
2013-02-10,0.6225219368934631,0.09763212901932365,0.08443155139684677,0.002783394842926407,0.004445549880804849,0.8118145620333648
2013-02-11,0.6146639585494995,0.09951694382107705,0.0872737392783165,0.003623580155445993,0.004103446696961062,0.8091816685013
2013-02-12,0.6146639585494995,0.10096066787803604,0.0865815207362175,0.0037304841421224554,0.00327536516495578,0.8092119964708312
2013-02-13,0.6022692322731018,0.10736110460989744,0.08504600822925568,0.0034586041910347792,0.003101518136564185,0.801236467439854
2013-02-14,0.6719329953193665,0.12170158999782989,0.10345679521560669,0.006370089982385726,0.008436201562136899,0.9118976720773256
2013-02-15,0.612839937210083,0.11159415811797793,0.09549859166145325,0.006096361283676061,0.008299293938780384,0.8343283422119706
2013-02-16,0.6682965159416199,0.10363923631932516,0.09549859166145325,0.005202913317430589,0.0052913072681369565,0.8779285645079659
2013-02-17,0.7586682438850403,0.11961861091511676,0.14870108664035797,0.0032768997172542905,0.006754382399695022,1.0370192235574642
2013-02-18,0.7447879910469055,0.09314402271639202,0.12128765136003494,0.002435491387820721,0.0031689785042517678,0.964824135015405
2013-02-19,0.7513701915740967,0.09476567801506189,0.11831768602132797,0.0024846994187771652,0.0037326633946985393,0.9706709184239622
2013-02-20,0.7513701915740967,0.09530520606057646,0.1284906417131424,0.0024697918104166676,0.0034945803399864107,0.9811304114982186
2013-02-21,0.726925790309906,0.09286077456369488,0.11547481268644333,0.002354254548860578,0.003210072877248521,0.9408257049861534
2013-02-22,0.7460874915122986,0.11520258408893418,0.11445378512144089,0.003522061543665401,0.007631639491336202,0.9868975617576752
2013-02-23,0.5973606109619141,0.10464705982980595,0.07955247163772583,0.002798615833194836,0.0031122755950594525,0.7874710338577001
2013-02-24,0.6125002503395081,0.09951497645731476,0.08511274307966232,0.0026741003662048755,0.0022421145828343215,0.8020441848255243
2013-02-25,0.6099690198898315,0.10209565275495631,0.08070075511932373,0.0024989686047771345,0.0018959496489267707,0.7971603460178156
2013-02-26,0.5948919653892517,0.10333737801366856,0.07893557101488113,0.002539438015139639,0.0019305970096740218,0.7816349494426151
2013-02-27,0.648724377155304,0.09811189254106265,0.07684296369552612,0.002493318466684935,0.0019255799532851092,0.8280981318118628
2013-02-28,0.6704138517379761,0.098718622645084,0.13297133147716522,0.0026577141903334866,0.0022896008871337078,0.9070511209376925
2013-03-01,0.7191377282142639,0.12906231127562606,0.17186813056468964,0.004462995753458747,0.007347139149081101,1.0318783049571194
2013-03-02,0.710643470287323,0.15352809956956837,0.11135493218898773,0.005414313688222755,0.012400215607156966,0.9933410313412588
2013-03-03,0.6949617266654968,0.12101988316456411,0.08531131595373154,0.004833627034036245,0.007343751007418722,0.9134703038252474
2013-03-04,0.7125749588012695,0.11426605086144108,0.08949365466833115,0.0035658590975040454,0.004526237986347813,0.9244267614148935
2013-03-05,0.6982061266899109,0.11619777940474112,0.08397769182920456,0.003543958228006855,0.00606424620401749,0.9079898023558809
2013-03-06,0.6949617266654968,0.10781115632891894,0.08071792125701904,0.0029586798105864136,0.0025008509459813854,0.8889503350080026
2013-03-07,0.7125749588012695,0.10378622545641727,0.08651485294103622,0.003012526562949993,0.0026657031483588436,0.9085542669100318
2013-03-08,0.6982061266899109,0.09958338195109848,0.08366477489471436,0.0027747623219304173,0.002538570673211918,0.8867676165308661
2013-03-09,0.6949617266654968,0.10070877532313967,0.07395024597644806,0.0028088777996442106,0.002437983405967342,0.8748676091706962
2013-03-10,0.5824170112609863,0.10110286008587636,0.08189336955547333,0.0029290099960113465,0.002147278966821938,0.7704895298651693
2013-03-11,0.594710111618042,0.09913080052700245,0.07972335815429688,0.0028365459543494955,0.0021569759980821545,0.7785577922517729
2013-03-12,0.5800100564956665,0.09829362550076436,0.07695646584033966,0.0028657771631619704,0.002117112549579453,0.760243037549512
2013-03-13,0.7275230884552002,0.09613977485493826,0.12593987584114075,0.0027269537994665844,0.0021544242743672093,0.9544841172251131
2013-03-14,0.7383635640144348,0.09748911337636003,0.12123604118824005,0.0028100266676052994,0.0023670258572970784,0.9622657711039373
2013-03-15,0.6787588596343994,0.11098849181355035,0.11103256046772003,0.0026563115616201585,0.003362322632519195,0.9067985461098091
2013-03-16,0.6241370439529419,0.10170212075200223,0.10806877166032791,0.0030434973430390343,0.003646533860568474,0.8405979675688795
2013-03-17,0.6045854687690735,0.11059764426392858,0.0996224582195282,0.0029087658799392966,0.004657286770538088,0.8223716239030077
2013-03-18,0.6045854687690735,0.11622104981835182,0.1020931750535965,0.0032260565030859216,0.005088775896945121,0.8312145260410528
2013-03-19,0.6374675631523132,0.12809288609380123,0.11418433487415314,0.004347766726516805,0.00963392218376254,0.893726473030547
2013-03-20,0.7064470648765564,0.12841209039811557,0.12483792006969452,0.007239772061349943,0.014373718247008692,0.9813105656527252
2013-03-21,0.7981737852096558,0.14168439308119873,0.1239556148648262,0.007949094917926072,0.01881228190968562,1.0905751699832926
2013-03-22,0.7180058360099792,0.12596755827506348,0.12824583053588867,0.008483801817344361,0.014461210110865153,0.9951642367491409
2013-03-23,0.70510333776474,0.1256380028639053,0.11998586356639862,0.007137374347526681,0.011800742066926257,0.9696653206094968
2013-03-24,0.70510333776474,0.1233298377905012,0.13099050521850586,0.008475559945284619,0.01320900723257263,0.9811082479516043
2013-03-25,0.6939907073974609,0.11260964134401263,0.11945632100105286,0.006849620908047764,0.009857958535708892,0.9427642491862831
2013-03-26,0.7829725742340088,0.13815672819383013,0.19820953905582428,0.00960004543303352,0.014150459454374419,1.1430893463710712
2013-03-27,0.6601049304008484,0.11267236467091517,0.09594935178756714,0.006072599242376326,0.00770047309358554,0.8824997191952926
2013-03-28,0.6363816857337952,0.10068741881831182,0.07796700298786163,0.0046645397406615855,0.005415176251969996,0.8251158235326002
2013-03-29,0.6044150590896606,0.10549852478973243,0.08127325773239136,0.004352697242810974,0.004454562133157677,0.799994100987753
2013-03-30,0.5877779126167297,0.11152309824418204,0.0819510668516159,0.003513103595980448,0.0038925507691623374,0.7886577320776704
2013-03-31,0.5877779126167297,0.1061016003097283,0.08128606528043747,0.003351772827083007,0.003592655327577462,0.7821100063615559
2013-04-01,0.5877779126167297,0.09302607623174998,0.08135219663381577,0.0032689674967365826,0.0033071505484100734,0.768732303527442
2013-04-02,0.6038154363632202,0.09713882768904028,0.07642164081335068,0.004255094325461632,0.0060905463001787235,0.7877215454912515
2013-04-03,0.6736580729484558,0.10684243949322675,0.07266256958246231,0.005653920225655922,0.008503041642493117,0.867320043892294
2013-04-04,0.6187785863876343,0.11514732587037566,0.07759442925453186,0.006798873751075941,0.010054081487966765,0.8283732967515844
2013-04-05,0.6317960619926453,0.1145854970815651,0.08366300165653229,0.007870304381827517,0.008986933622322694,0.8469017987348929
2013-04-06,0.6557106971740723,0.11008992603089675,0.11956083029508591,0.007730374726313065,0.00965234398448994,0.9027441722108579
2013-04-07,0.6892950534820557,0.1257310777763033,0.11870688199996948,0.009045181104287568,0.012359088028043967,0.95513728239066
2013-04-08,0.7386866211891174,0.12752680229541197,0.13306672871112823,0.011245831421487508,0.015095416911718078,1.0256214005288633
2013-04-09,0.7131662368774414,0.12475182567657679,0.14013046026229858,0.016560985830994735,0.01562268370850799,1.0102321923558195
2013-04-10,0.7131662368774414,0.12498353206240961,0.13858556747436523,0.018866618544809418,0.01643983304030911,1.0120417879993349
2013-04-11,0.702211856842041,0.12122399158304463,0.13897573947906494,0.017034325331986438,0.013978673658358875,0.993424586894496
2013-04-12,0.6908832788467407,0.12424572018891755,0.11700782179832458,0.015554206584265866,0.013845393189759912,0.9615364206080086
2013-04-13,0.7031267881393433,0.13040151473917677,0.11700782179832458,0.015477883035697025,0.015268498242615319,0.981282505955157
2013-04-14,0.6908832788467407,0.12511780132642653,0.13526582717895508,0.015738008821435032,0.015791276110712217,0.9827961922842695
2013-04-15,0.752269983291626,0.1346761795375489,0.12009306997060776,0.016344463292015995,0.016556981228041993,1.0399406773198405
2013-04-16,0.676712691783905,0.12383027553523204,0.13087303936481476,0.016000037991360665,0.012869879855912314,0.9602859245312247
2013-04-17,0.676712691783905,0.12189873167839511,0.1372358798980713,0.016111303578516374,0.013272721369567995,0.9652313283084559
2013-04-18,0.752905011177063,0.13177196600637936,0.17902213335037231,0.016949038107737045,0.015918223877551832,1.0965663725191037
2013-04-19,0.8045129179954529,0.15164726552473823,0.18515275418758392,0.02008024229010704,0.02347813838739645,1.1848713183852786
2013-04-20,0.8011348247528076,0.17543731842337926,0.14268450438976288,0.023878103416720954,0.02980741737219394,1.1729421683548646
2013-04-21,0.8011348247528076,0.16750317271265258,0.13885796070098877,0.02250692678938848,0.026410812030385894,1.1564136969862233
2013-04-22,0.8176218867301941,0.17511179418935036,0.15080086886882782,0.024169744218125126,0.026884022736491896,1.1945883167429894
2013-04-23,0.8905843496322632,0.17554314210598415,0.15262997150421143,0.021606968849965272,0.02423410334491666,1.2645985354373408
2013-04-24,0.8775090575218201,0.1912550395070243,0.15911346673965454,0.02143745474277835,0.028553603191801218,1.2778686217030784
2013-04-25,0.7356894612312317,0.16130431459074962,0.09407107532024384,0.024300815941860125,0.026847427961181322,1.0422130950452664
2013-04-26,0.7545877695083618,0.1394935082632519,0.08772750198841095,0.02071880466360941,0.022105849130189138,1.0246334335538232
2013-04-27,0.7242193818092346,0.1468416201784729,0.07858739048242569,0.02005345028704946,0.020323025663498685,0.9900248684206813
2013-04-28,0.7251630425453186,0.1630913049682476,0.08497466146945953,0.020693315005935114,0.023326286383484413,1.0172486103724452
2013-04-29,0.7428230047225952,0.19435238913277397,0.084993876516819,0.026294010544265122,0.03174728276433054,1.0802105636807837
2013-04-30,0.8450176119804382,0.22652460922296322,0.08982577919960022,0.027782297970327823,0.03653890704295096,1.2256892054162802
2013-05-01,0.7373620867729187,0.24940226910570445,0.08067917078733444,0.02691273946623507,0.03459167642189979,1.1289479425540925
2013-05-02,0.7525367140769958,0.24874752533305622,0.08461936563253403,0.02591025825903992,0.03285312759653569,1.1446669908981617
2013-05-03,0.7373620867729187,0.2561982462760723,0.08949260413646698,0.026149579294187604,0.03607498385500759,1.1452775003346534
2013-05-04,0.7624029517173767,0.2611083031682396,0.08910664916038513,0.026071714047434885,0.03636684975605517,1.1750564678494915
2013-05-05,0.841354489326477,0.28215286683220275,0.12254031747579575,0.027697271894621567,0.04052136272200822,1.3142663082511055
2013-05-06,0.8170732259750366,0.3062540234680655,0.12711285054683685,0.02948409065591083,0.04386665302833281,1.3237908436741825
2013-05-07,0.9960604906082153,0.3331495340491612,0.1506584882736206,0.030752285012390114,0.04412841996401924,1.5547492179074065
2013-05-08,1.0447864532470703,0.37068569798135403,0.1435617357492447,0.031948565793636884,0.04421486653082159,1.6351973193021274
2013-05-09,1.1203371286392212,0.3679668904543235,0.14146295189857483,0.03058977176493366,0.04032517708740382,1.7006819198444572
2013-05-10,1.0368316173553467,0.34423023453941914,0.10118081420660019,0.029168819593707724,0.03342640711400593,1.5448378928090796
2013-05-11,0.8769890069961548,0.3482655723982843,0.173120379447937,0.029594895766804543,0.03354032178685694,1.4615101763960376
2013-05-12,0.9327605962753296,0.3785504267282297,0.10786114633083344,0.03078112078425928,0.03680805970181463,1.4867613498204666
2013-05-13,0.9192309975624084,0.37215934168796344,0.11743380129337311,0.031004869218881948,0.03760246308462458,1.4774314728472515
2013-05-14,0.8135639429092407,0.31905263637247633,0.10026805102825165,0.026935521219380663,0.027237707058891256,1.2870578585882406
2013-05-15,0.7219381332397461,0.2820391585938401,0.09174754470586777,0.024142133390596374,0.023222899247924318,1.1430898691779747
2013-05-16,0.6820294260978699,0.2712668123522668,0.08734778314828873,0.023404389362029213,0.02103764896784306,1.0850860599282977
2013-05-17,0.7535070776939392,0.27064725431495945,0.08744031935930252,0.022199182734673348,0.01902197685959011,1.1528158109624644
2013-05-18,0.6941159963607788,0.2621755304574267,0.08552702516317368,0.021260874715322953,0.017312249711349856,1.080391676408052
2013-05-19,0.6941159963607788,0.2692954069470111,0.09178429841995239,0.021240510083018953,0.01744521602144632,1.0938814278322073
2013-05-20,0.6931886672973633,0.2586404988256954,0.08882410079240799,0.0211758809834974,0.01848128848577054,1.0803104363847347
2013-05-21,0.6931886672973633,0.26730629100983483,0.09013480693101883,0.021874207640657777,0.02124429748950468,1.0937482703683794
2013-05-22,0.6745108962059021,0.2875338599655189,0.09580084681510925,0.026747779989539647,0.027887375666555525,1.1124807586426253
2013-05-23,0.6831340789794922,0.32122078752225314,0.10176366567611694,0.02745645170490616,0.033690718351209674,1.1672657022339779
2013-05-24,0.7671650052070618,0.34987833076485103,0.16528281569480896,0.030899511811889054,0.03967945565481967,1.3529051191334305
2013-05-25,0.7914339900016785,0.3753546725531471,0.14036235213279724,0.0322951658407662,0.03866824639453784,1.3781144269229268
2013-05-26,0.9008222818374634,0.4359017677955541,0.1605333387851715,0.03673219581085619,0.046398174226239666,1.5803877584552848
2013-05-27,1.0010347366333008,0.5048414518112518,0.17082014679908752,0.04330780991124718,0.0551364926060818,1.775140637760969
2013-05-28,1.0298666954040527,0.576353093150362,0.18401512503623962,0.0457899059442693,0.06152532459375901,1.8975501441286826
2013-05-29,1.0881249904632568,0.5551214814508321,0.18472732603549957,0.04726270086791931,0.06408293281693137,1.9393194316344393
2013-05-30,1.2530382871627808,0.569008617534972,0.14943593740463257,0.04548533706016794,0.06236619977627294,2.079334378938826
2013-05-31,1.2284371852874756,0.5149074444671873,0.13361772894859314,0.045553550261019156,0.061607797812336954,1.9841237067766122
2013-06-01,1.1917024850845337,0.5073869487684217,0.11989741772413254,0.0452113442734075,0.061444761621084164,1.9256429574715797
2013-06-02,1.2135577201843262,0.5114412038395868,0.10323221236467361,0.04572817172085278,0.06234408155595914,1.9363033896653985
2013-06-03,1.2217248678207397,0.5370512724674086,0.10360388457775116,0.045384185627934906,0.06420534425342629,1.9719695547472607
2013-06-04,1.1667190790176392,0.5800205847210542,0.10015496611595154,0.04462325811843002,0.06631458772655552,1.9578324756996306
2013-06-05,1.202683687210083,0.5744795887042722,0.09955669194459915,0.0446063067621131,0.06771603098916106,1.9890423056102287
2013-06-06,1.1478720903396606,0.5465870759135574,0.10352324694395065,0.04403417816055639,0.06678786806379625,1.9088044594215214
2013-06-07,1.1206401586532593,0.5074139714035402,0.09904254227876663,0.041385535828857414,0.06286688553075688,1.8313490936951804
2013-06-08,1.1585023403167725,0.5459634455153737,0.09765888750553131,0.04077117485599233,0.06350535419977768,1.9064012023934473
2013-06-09,1.1683472394943237,0.6096346590312325,0.10596653074026108,0.0416412408285725,0.06549525659261161,1.9910849266870014
2013-06-10,1.3120945692062378,0.6114473452062668,0.1329030841588974,0.04177089996385547,0.06301018808653175,2.1612260866217894
2013-06-11,1.3439786434173584,0.552714821722563,0.13416729867458344,0.04101604777590523,0.056280679670788605,2.1281574912611987
2013-06-12,1.2597044706344604,0.5010141913804707,0.12728920578956604,0.04261509320024589,0.05443136985804505,1.985054330862788
2013-06-13,1.213201642036438,0.3741110702286197,0.12422827631235123,0.0316047944141603,0.04568434694966931,1.7888301299412384
2013-06-14,1.2341669797897339,0.3568312368236376,0.106196328997612,0.02944735615208601,0.044381944564882404,1.771023846327952
2013-06-15,1.160748839378357,0.3548284890648772,0.11684011667966843,0.028028324704047012,0.03632004383334674,1.696765813660296
2013-06-16,0.997871994972229,0.3566936111241012,0.11315280199050903,0.029348975836693818,0.029686398427904506,1.5267537823514377
2013-06-17,1.037939429283142,0.34823473680693556,0.14086157083511353,0.030302136948260287,0.03425314617654869,1.5915910200500003
2013-06-18,1.1263524293899536,0.350646053916245,0.1532014012336731,0.032386975461027895,0.03716453741962884,1.6997513974205285
2013-06-19,1.1263524293899536,0.3700550142594106,0.14963269233703613,0.03205596797265569,0.039758498401205364,1.7178546023602614
2013-06-20,1.1594167947769165,0.4239435007523882,0.15767605602741241,0.03328688217630224,0.05216519932821891,1.826488433061238
2013-06-21,1.2323389053344727,0.497708534986752,0.1571243703365326,0.03300619715818761,0.05511788654522785,1.9752958943611727
2013-06-22,1.348500370979309,0.6532600735955294,0.1394539475440979,0.03223160994976344,0.05588144118145168,2.2293274432501513
2013-06-23,1.2866146564483643,0.5673582715919199,0.15699546039104462,0.039078649584875086,0.06269094400846817,2.1127379820246723
2013-06-24,1.3917028903961182,0.5329982505922772,0.15867561101913452,0.03947461835893533,0.06462501789271025,2.1874763882591757
2013-06-25,1.2729984521865845,0.5096807503757821,0.18691565096378326,0.03921978538099435,0.059806859981964264,2.0686214988891085
2013-06-26,1.3746501207351685,0.3979370012572596,0.11911475658416748,0.029632984494221644,0.05915257541570812,1.9804874384865252
2013-06-27,1.3865629434585571,0.3884218047132922,0.11897755414247513,0.02934628632186106,0.054410473129181285,1.9777190617653666
2013-06-28,1.3141833543777466,0.38344168320550576,0.12875878810882568,0.02995210389300756,0.05398966735908591,1.9103255969441715
2013-06-29,1.5687414407730103,0.42384153234458594,0.1378473937511444,0.03334559840799525,0.05863513809933394,2.2224111033760696
2013-06-30,1.6109236478805542,0.5569693893508676,0.13620726764202118,0.031077534992929843,0.058100189511790766,2.3932780293781635
2013-07-01,1.8194997310638428,0.6023161211677002,0.1562555581331253,0.033342804461703464,0.061986572963000676,2.6734007877893724
2013-07-02,1.5112582445144653,0.7741965176304229,0.13857510685920715,0.04364604001026422,0.06831351602649433,2.535989425040854
2013-07-03,1.820584774017334,0.7875265636203144,0.17052777111530304,0.04608632688534482,0.07069216662419096,2.8954176022624876
2013-07-04,1.820584774017334,0.7910246063611293,0.17726339399814606,0.04886308147803325,0.07391316264577374,2.9116490185004165
2013-07-05,1.820584774017334,0.8628371488752902,0.18320022523403168,0.047219556406479846,0.07250752586126451,2.9863492303944
2013-07-06,1.6840109825134277,0.7717592992005158,0.16782547533512115,0.046810246757862745,0.07159831254903382,2.7420043163559615
2013-07-07,1.820584774017334,0.742115201698502,0.16979728639125824,0.04857522454672996,0.06649982988180193,2.847572316535626
2013-07-08,1.820584774017334,0.7001700803288939,0.161300927400589,0.0464664413901453,0.060943833397376995,2.789466056534339
2013-07-09,1.7590258121490479,0.5218087012838335,0.15236113965511322,0.03597991280336223,0.05637445502203371,2.525550020913391
2013-07-10,1.784915804862976,0.48702553215504496,0.12776616215705872,0.03603574464977096,0.056041539137874255,2.491784782962725
2013-07-11,1.674949288368225,0.5552006986946023,0.13118234276771545,0.034313827438403104,0.058870458318522896,2.454516615587469
2013-07-12,1.9587140083312988,0.5470858714688254,0.14202354848384857,0.034269175728183034,0.059955873439434496,2.7420484774515903
2013-07-13,2.138564348220825,0.5930659327969456,0.14859256148338318,0.0362489664152357,0.0625368285116149,2.979008637428005
2013-07-14,2.000007390975952,0.6448075666328885,0.16370922327041626,0.03700438902137805,0.06321741640738318,2.908745986308018
2013-07-15,2.2896838188171387,0.6249339603684183,0.16039316356182098,0.03593736497877834,0.05982506352275976,3.170773371248916
2013-07-16,2.482138156890869,0.7211273275884158,0.16558635234832764,0.037429661077024716,0.05975624170233245,3.46603773960697
2013-07-17,2.3053348064422607,0.6558822121761965,0.1590915024280548,0.03646570528509898,0.0538775373581417,3.2106517636897527
2013-07-18,2.1520049571990967,0.6172877555857237,0.1667226403951645,0.031651192739669036,0.054110889807638556,3.0217774357272926
2013-07-19,1.471070647239685,0.4643182148143793,0.14559444785118103,0.03004973867520931,0.05193765858670653,2.1629707071671613
2013-07-20,1.4978697299957275,0.47310644376649896,0.12868762016296387,0.029670393011886797,0.04775868773653468,2.177092874673612
2013-07-21,1.6329591274261475,0.43340349524380145,0.12561222910881042,0.026450524723717922,0.03933496910630055,2.257760345608778
2013-07-22,1.404407024383545,0.4116297422263592,0.11343572288751602,0.026185382201050666,0.03742368211928831,1.993081553817759
2013-07-23,1.1275737285614014,0.3902688970653461,0.1103196069598198,0.025189854461969564,0.03477822465502173,1.6881303117035584
2013-07-24,1.1689424514770508,0.44869933430196124,0.12364751845598221,0.026286741373800382,0.042829060011233926,1.8104051056200285
2013-07-25,1.108157753944397,0.4337358685695348,0.10963449627161026,0.025334746123495216,0.03198246003406013,1.7088453249430973
2013-07-26,1.108157753944397,0.35869807911261303,0.10452737659215927,0.022046774212826182,0.02513905449458649,1.6185690383565818
2013-07-27,1.108157753944397,0.2984225836486911,0.10338664799928665,0.02160400935773728,0.02330367464324942,1.5548746695933613
2013-07-28,1.0855962038040161,0.30694035445158435,0.13570919632911682,0.02063563270163436,0.02561179822378963,1.5744931855101412
2013-07-29,0.9466701745986938,0.2774611524323893,0.09341585636138916,0.022074238796264058,0.024036353442911773,1.3636577756316481
2013-07-30,0.8880046010017395,0.27057850824463553,0.09554650634527206,0.021403392375617912,0.023044610013200583,1.2985776179804656
2013-07-31,0.8880046010017395,0.26658989049312126,0.10646439343690872,0.021646503891819463,0.02239514168719318,1.3051005305107821
2013-08-01,0.9035633206367493,0.24863423714918545,0.09778283536434174,0.020028101232900455,0.01906651288596943,1.2890750072691464
2013-08-02,0.9046012163162231,0.24081989157648648,0.09340712428092957,0.019706810378855914,0.01976975519533813,1.2783047977478335
2013-08-03,0.9377894997596741,0.2537693110938837,0.09493625164031982,0.020571625280773522,0.022491485994340896,1.3295581737689919
2013-08-04,0.8531885743141174,0.24241095117116487,0.09318376332521439,0.018334171086409844,0.023265437121713917,1.2303828970186204
2013-08-05,0.9222314953804016,0.24658237450961307,0.09656646847724915,0.01807879974157459,0.026121404308680405,1.3095805424175189
2013-08-06,0.925275444984436,0.2630941034264548,0.11929116398096085,0.01903799551800843,0.030668547459794936,1.357367255369655
2013-08-07,0.8145919442176819,0.22538718097935395,0.07583393901586533,0.017797081790885693,0.022072268038777338,1.155682414042564
2013-08-08,0.83643639087677,0.21215808289521557,0.08343193680047989,0.014805272180638252,0.017637773266048765,1.1644694560191526
2013-08-09,0.8165951371192932,0.20945503914328745,0.08244074136018753,0.014349880208990695,0.015820272260191493,1.1386610700919504
2013-08-10,0.8165951371192932,0.2242855518474665,0.08887199312448502,0.014668449496814041,0.01667184419546427,1.161092975783523
2013-08-11,0.8471052646636963,0.24469391064997545,0.08832253515720367,0.019807487793435514,0.025938877877491495,1.2258680761418024
2013-08-12,0.9576753973960876,0.26261726419775555,0.0960119441151619,0.021142656861837934,0.030390939041837806,1.3678382016126809
2013-08-13,1.0671571493148804,0.3026506378731051,0.09495705366134644,0.02216107316444087,0.03948775820801509,1.5264136722217878
2013-08-14,1.0224409103393555,0.29886686887214214,0.08914094418287277,0.021651938014283285,0.03695497090834886,1.4690556323170023
2013-08-15,1.0809462070465088,0.3050176031016459,0.0963166207075119,0.020860321087971076,0.038299217426037736,1.5414399693696752
2013-08-16,1.1221857070922852,0.31548123541747286,0.09723692387342453,0.022414394181393477,0.04378320668605272,1.6011014672506285
2013-08-17,1.3464105129241943,0.4716913352770565,0.13783828914165497,0.02959619277252433,0.053230564587441395,2.0387668947028716
2013-08-18,1.4747432470321655,0.6068653141714102,0.1646723598241806,0.034857308328347776,0.055765076166289076,2.336903305522393
2013-08-19,1.6338832378387451,0.6364843470950603,0.18642467260360718,0.03732169132204023,0.05530130095843979,2.5494152498178932
2013-08-20,1.440024733543396,0.5994079358485109,0.10601016879081726,0.036902331616011114,0.05328652894506992,2.235631698743805
2013-08-21,1.3620847463607788,0.526669834651935,0.11046365648508072,0.030771936648369545,0.04520727123275425,2.075197445378918
2013-08-22,1.4696600437164307,0.5210422150227434,0.10623570531606674,0.0282775328525181,0.04382618456538171,2.1690416814731406
2013-08-23,1.5091630220413208,0.41492072616988585,0.183799147605896,0.02405626129608395,0.044944644637880005,2.1768838017510665
2013-08-24,1.678382158279419,0.4215445670143632,0.14058826863765717,0.025836702630645133,0.050509426820805524,2.3168611233828904
2013-08-25,1.4696011543273926,0.4744896316443902,0.17903688549995422,0.027569152433986673,0.05373903651248324,2.204435860418207
2013-08-26,1.5021964311599731,0.4966023191668977,0.1467733532190323,0.02905144262165625,0.05333493581264855,2.227958481980208
2013-08-27,1.3630717992782593,0.5199316390621804,0.09479358047246933,0.027043619543218628,0.049420048752519555,2.054260687108647
2013-08-28,1.3957635164260864,0.42053166624145294,0.10688681900501251,0.02543500821364703,0.04772681430253888,1.9963438241887377
2013-08-29,1.0829516649246216,0.5086424712077702,0.10583183169364929,0.027394357993207243,0.05514119012924515,1.7799615159484934
2013-08-30,1.3338342905044556,0.5685271170619364,0.09847668558359146,0.02845879117232026,0.05570362537122959,2.0850005096935336
2013-08-31,1.4175660610198975,0.7176175067920991,0.11295103281736374,0.031004329314080467,0.06071698637269928,2.33985591631614
2013-09-01,1.3785645961761475,0.7402646386403038,0.11361168324947357,0.031510484584446934,0.06430567054990294,2.3282570732002745
2013-09-02,1.4264687299728394,0.7695656821340764,0.1543598473072052,0.034256497231210825,0.06727229439714683,2.4519230510424785
2013-09-03,1.4264687299728394,0.8135652802810522,0.14219874143600464,0.03796644891501994,0.0677388124139041,2.48793801301882
2013-09-04,1.4264687299728394,0.7833155503544134,0.15256598591804504,0.04359700561258509,0.06904926737537974,2.474996539233263
2013-09-05,1.451461911201477,0.8008164740062476,0.16287748515605927,0.04507611753033985,0.07280489499656699,2.5330368828906913
2013-09-06,1.451461911201477,0.8681666268880561,0.16605842113494873,0.04501205792719845,0.07506664061844684,2.605765657770127
2013-09-07,1.5621346235275269,0.8488047581858245,0.17975568771362305,0.046221583266888834,0.07552268204234794,2.712439334736211
2013-09-08,1.898372769355774,0.7965560642708343,0.21143311262130737,0.046945327436680555,0.07362599570216113,3.026933269386757
2013-09-09,1.4976098537445068,0.8154878298021753,0.20271660387516022,0.04672209878819091,0.07610288149712906,2.6386392677071626
2013-09-10,1.3976845741271973,0.8486702689526471,0.17930835485458374,0.047206668217689506,0.07745835800285827,2.550328224154976
2013-09-11,1.4151264429092407,0.9094131430109702,0.17344316840171814,0.04705157282270393,0.07824442040464943,2.6232787475492825
2013-09-12,1.4151264429092407,0.9356339895531267,0.18046291172504425,0.04780613179939423,0.0791913766192443,2.6582208526060502
2013-09-13,1.4151264429092407,0.9302757953163943,0.17179986834526062,0.04777981828842055,0.07853150140344534,2.643513426262761
2013-09-14,1.4151264429092407,0.962490643041648,0.1681072860956192,0.046920265180523314,0.07862803529385053,2.671272672520882
2013-09-15,1.453050971031189,0.940898299986132,0.17012864351272583,0.04666787692541506,0.0782914477788913,2.689037239234353
2013-09-16,1.4859386682510376,0.8973973377208766,0.187335804104805,0.047515511342363446,0.07815964481785684,2.6963469662369395
2013-09-17,1.4859386682510376,0.9102757592444186,0.18911877274513245,0.04740821065764442,0.07864626580447345,2.711387676702707
2013-09-18,1.4151264429092407,0.9317428929534417,0.20221221446990967,0.047100579538908414,0.07903449359411141,2.675216623465612
2013-09-19,1.4399207830429077,0.9347453960690979,0.18919546902179718,0.046810540133711276,0.0783636970068718,2.689035885274386
2013-09-20,1.7262102365493774,0.9027869652721263,0.2277706116437912,0.048040467952325215,0.07878773355106221,2.983596014968682
2013-09-21,1.5673978328704834,0.8810683933337302,0.20561686158180237,0.04596506288924793,0.07678326889158262,2.776831419566846
2013-09-22,1.5673978328704834,0.888075285037287,0.218532532453537,0.045702454231138674,0.07819490913227271,2.797903013724719
2013-09-23,1.5673978328704834,0.9267868833166184,0.20315110683441162,0.04564269005340921,0.07744953215950798,2.8204280452344306
2013-09-24,1.5940519571304321,0.8760365335532294,0.1877482533454895,0.04608879567287417,0.07755331004487899,2.7814788497469043
2013-09-25,1.5062276124954224,0.8745203960934982,0.19387823343276978,0.04581367725007462,0.07679525335945264,2.6972351726312174
2013-09-26,1.5062276124954224,0.8539675123848287,0.1947660595178604,0.04557529100487107,0.07356371547034349,2.674100190873326
2013-09-27,1.5893070697784424,0.8860420006836054,0.21965202689170837,0.04506584277401821,0.0730983060105229,2.8131652461382974
2013-09-28,1.3819928169250488,0.832038737629589,0.195702463388443,0.044677645396088414,0.07044213035772787,2.5248537936968973
2013-09-29,1.3819928169250488,0.8252089008024321,0.1976710557937622,0.03991954307700388,0.0675818138744319,2.512374130472679
2013-09-30,1.3819928169250488,0.6673261565311388,0.1895935982465744,0.03518403026289186,0.06560963782396713,2.339706239789621
2013-10-01,1.4009226560592651,0.6171516613494266,0.20140552520751953,0.03339836245298045,0.058729141341252,2.311607346410444
2013-10-02,1.3800532817840576,0.6104290206040373,0.202419251203537,0.03290180867171504,0.05781309373243395,2.2836164559957814
2013-10-03,1.3800532817840576,0.5828303350214294,0.19325481355190277,0.03208015003596374,0.051209255310844734,2.2394278357041983
2013-10-04,1.1593745946884155,0.5644607121358123,0.182481050491333,0.03157188437783578,0.050929152080349045,1.9888173937737457
2013-10-05,1.1593745946884155,0.5667747042553091,0.16631366312503815,0.03203214825446091,0.04998638433730352,1.9744814946605274
2013-10-06,1.1593745946884155,0.5423906553499811,0.18472807109355927,0.030320933972796175,0.04936509415770321,1.9661793492624553
2013-10-07,1.1593745946884155,0.5061237711371716,0.18107487261295319,0.03211524311225312,0.05423795884428745,1.9329264403950808
2013-10-08,1.1593745946884155,0.5813488375422611,0.18699504435062408,0.033671918318969804,0.05756945471419334,2.018959849614464
2013-10-09,1.4440155029296875,0.6407244900073563,0.18957827985286713,0.03388952466313273,0.059816313332844435,2.368024110785888
2013-10-10,1.5231404304504395,0.8583856339466942,0.189103364944458,0.0351357204032698,0.059421364284162524,2.665186514029024
2013-10-11,1.623132586479187,0.8798700030415489,0.15961170196533203,0.043424379073093634,0.05859070843391211,2.7646293789930736
2013-10-12,1.6600626707077026,0.8120389998057436,0.16755706071853638,0.041954584672733004,0.05455690419064183,2.736170220095357
2013-10-13,2.004093885421753,0.8181761657655653,0.2009040117263794,0.04114482764807685,0.05285008238518155,3.117168972946956
2013-10-14,2.0335910320281982,0.6514783295390199,0.2018357515335083,0.029768797105500774,0.0492817120210629,2.9659556222272903
2013-10-15,1.9279488325119019,0.5944104757450608,0.1820031702518463,0.029881164105154852,0.05233908099402286,2.786582723607987
2013-10-16,1.8004969358444214,0.5424718725181377,0.14404582977294922,0.029181095429256156,0.049164956362162636,2.565360689926927
2013-10-17,1.8999841213226318,0.4624498832938709,0.18989400565624237,0.028963040945280048,0.05014682100228764,2.631437872220313
2013-10-18,1.7648552656173706,0.438354250979844,0.1803531050682068,0.028235737306233924,0.05126460640777938,2.4630629653794345
2013-10-19,1.8672677278518677,0.4308815347150412,0.17048388719558716,0.028935626612112225,0.052692358311269984,2.5502611346858783
2013-10-20,1.9282947778701782,0.513284538304134,0.18739008903503418,0.028949655168271318,0.05625458294444762,2.7141736433220656
2013-10-21,2.5566258430480957,0.7623571881615498,0.19411256909370422,0.03605952124542796,0.0641571468589943,3.613312268407772
2013-10-22,2.3991262912750244,0.8200482117551917,0.19918006658554077,0.044431672191454316,0.06567941053066469,3.5284656523378763
2013-10-23,2.3991262912750244,0.7722646478321502,0.2189958244562149,0.046610238092228196,0.06626543294494322,3.5032624346005607
2013-10-24,2.3991262912750244,0.7908571122814085,0.23755627870559692,0.04853177861616786,0.06987619639484927,3.5459476572730466
2013-10-25,2.3991262912750244,0.9039421496997797,0.23234373331069946,0.047871438339220966,0.07009643370968582,3.6533800463344104
2013-10-26,2.472858428955078,0.849232944695917,0.25389859080314636,0.04894130763883934,0.07014447218291284,3.6950757442758935
2013-10-27,2.5947206020355225,0.9333018061604001,0.24402835965156555,0.0495732098630824,0.07211551512328099,3.8937394928338516
2013-10-28,2.664839744567871,0.9521525907559003,0.2495921552181244,0.050724046158916125,0.07468122717869521,3.991989763879507
2013-10-29,2.664839744567871,0.9725005588948765,0.24474310874938965,0.049431271173117526,0.07504253667154227,4.006557220056797
2013-10-30,2.664839744567871,0.944569692872131,0.21280333399772644,0.048816095016239396,0.0733774727537727,3.9444063392077404
2013-10-31,2.54280948638916,0.880935458262303,0.21735231578350067,0.047700579811869266,0.07060068914126892,3.759398529388102
2013-11-01,2.54280948638916,0.8160229660830483,0.20112833380699158,0.047155884091435195,0.0686806952059187,3.675797365576554
2013-11-02,2.4784624576568604,0.8058092502809651,0.19950231909751892,0.04706285776941239,0.06748457663719382,3.5983214614419503
2013-11-03,2.342223644256592,0.7359790774038946,0.21832747757434845,0.03839309309756571,0.06358197611795884,3.3985052684503594
2013-11-04,2.1166110038757324,0.6660393875332784,0.18246738612651825,0.03876338761643835,0.06446718162105428,3.0683483467730217
2013-11-05,2.1166110038757324,0.6316262707308371,0.23351095616817474,0.03861911404329309,0.06359317265124291,3.0839605174692806
2013-11-06,1.919272541999817,0.6290993426146383,0.1726994514465332,0.038820972940739135,0.06178591374283942,2.8216782227445667
2013-11-07,1.841334581375122,0.5581037205911465,0.16699936985969543,0.03533727322004567,0.0542960565904513,2.6560710016364615
2013-11-08,1.7279003858566284,0.5070073982575025,0.1746213436126709,0.034893799692857,0.05665597995436339,2.5010789073740223
2013-11-09,1.351421594619751,0.4923436746836824,0.14627906680107117,0.033969606387152344,0.05268587968468962,2.076699822176346
2013-11-10,1.3371641635894775,0.4436408733839173,0.14672121405601501,0.03312886600422954,0.05199217451012913,2.0126472915437685
2013-11-11,1.5969070196151733,0.42423534609734553,0.13858816027641296,0.03291245513272061,0.050024081379421124,2.242667062501073
2013-11-12,1.5737440586090088,0.4247417957820537,0.14388424158096313,0.03442566874026307,0.05425064153579814,2.2310464062480864
2013-11-13,1.5737440586090088,0.40955026727470045,0.13446354866027832,0.03449538882500047,0.05080325788231919,2.203056521251307
2013-11-14,1.6393040418624878,0.4048360203767785,0.12827163934707642,0.033165780628322726,0.04870328548820506,2.2542807677028707
2013-11-15,1.2845728397369385,0.39474142785379385,0.12401748448610306,0.03295256933900702,0.04966933632428259,1.885953657740125
2013-11-16,1.5699868202209473,0.39969310389150026,0.17595331370830536,0.033927806939004254,0.055674542600417716,2.235235587360175
2013-11-17,1.5661379098892212,0.4445241082553838,0.137850821018219,0.03305732075157088,0.05555457343936804,2.2371247333537627
2013-11-18,1.5266847610473633,0.3826008828592366,0.1324712038040161,0.03180779716153507,0.05014448712629902,2.12370913199845
2013-11-19,1.4656285047531128,0.3881718094136185,0.14827081561088562,0.026863425738296972,0.050078123280975495,2.0790126787968894
2013-11-20,1.1151987314224243,0.3652519731067762,0.11254973709583282,0.02528307305194298,0.04469528671727821,1.6629788013942546
2013-11-21,1.1951736211776733,0.36079436226850037,0.11973681300878525,0.02386126574918495,0.04405719882935228,1.7436232610334963
2013-11-22,1.1528764963150024,0.3432320399414848,0.08870133757591248,0.022645598811283776,0.03738052845555074,1.6448360010992342
2013-11-23,1.0727689266204834,0.3052597448194427,0.09675392508506775,0.020589966106969924,0.040058577971257316,1.535431140603221
2013-11-24,1.0199252367019653,0.2949060378437169,0.0890330895781517,0.020482600923565786,0.037763644945127565,1.4621106099925272
2013-11-25,1.0403228998184204,0.3130113875024717,0.09883524477481842,0.020486208580497194,0.04137625896926755,1.5140319996454752
2013-11-26,0.95573890209198,0.3038291708735401,0.09513072669506073,0.022320166098937968,0.0415907518911586,1.4186097176506776
2013-11-27,0.95573890209198,0.2780160479927431,0.0890430212020874,0.020920363216083555,0.03777285147349435,1.3814911859763883
2013-11-28,0.9875442981719971,0.2938709818787561,0.11218718439340591,0.020454679497428404,0.04360803923383608,1.4576651831754235
2013-11-29,0.9284279942512512,0.2590344393659431,0.08388770371675491,0.019148728729666498,0.03662743972166242,1.3271263057852782
2013-11-30,0.9420928955078125,0.23582749321849902,0.08044606447219849,0.01686550435625743,0.03394414817236587,1.3091761057271332
2013-12-01,0.8580231666564941,0.2210122726122396,0.07814310491085052,0.015181345233730615,0.033022889959105906,1.2053827793724208
2013-12-02,0.8758634328842163,0.21446521711363722,0.07737575471401215,0.01396604163828682,0.03155438352129758,1.21322482987145
2013-12-03,0.8758634328842163,0.20800026074254616,0.07361219078302383,0.014169351004294775,0.032486782846919825,1.204132018261001
2013-12-04,0.8332411646842957,0.18759312316268723,0.07333789765834808,0.012964334219109065,0.031333688513353296,1.1384702082377933
2013-12-05,0.8327018022537231,0.17785799285524,0.07333789765834808,0.012080652548173683,0.02305445502816362,1.1190328003436485
2013-12-06,0.8768789172172546,0.17476627789353286,0.07470808178186417,0.011834765270631915,0.024064486536706207,1.1622525286999896
2013-12-07,0.8757770657539368,0.179709591862352,0.0749875009059906,0.011254991618721111,0.02341604514299371,1.165145195283994
2013-12-08,0.8757770657539368,0.1903816726381192,0.0749875009059906,0.011590043137326369,0.024636206711992324,1.1773724891473651
2013-12-09,1.0954922437667847,0.1988311551138024,0.10429857671260834,0.01216632489202084,0.028222500458193578,1.4390108009434097
2013-12-10,1.0057313442230225,0.21099372300296523,0.08148794621229172,0.01239666602360922,0.0279758645260313,1.33858554398792
2013-12-11,0.7911072969436646,0.1927090608771134,0.07238461822271347,0.011749000000488107,0.025150198818983848,1.0931001748629634
2013-12-12,0.7783716320991516,0.2027138726139461,0.0726553425192833,0.012071901382387387,0.03158526171064521,1.0973980103254135
2013-12-13,0.7921026945114136,0.19792340172952771,0.07301034778356552,0.012055852668188672,0.03391777582839899,1.1090100725210945
2013-12-14,0.7921026945114136,0.193318838267123,0.07472137361764908,0.011594382572069031,0.03333854366429021,1.1050758326325447
2013-12-15,0.8817864060401917,0.2013050671010409,0.0790313258767128,0.012494298877040318,0.035137729935374666,1.20975482783036
2013-12-16,0.7783716320991516,0.1975290650866205,0.07453479617834091,0.012430819721505714,0.036919584860591985,1.0997858979462105
2013-12-17,0.8223223686218262,0.19574888604155696,0.07453479617834091,0.011673754328570825,0.0367623102256463,1.1410421153959411
2013-12-18,0.8926832675933838,0.20441620894797807,0.0782393217086792,0.011682739804634867,0.03767034560255581,1.2246918836572318
2013-12-19,0.7783716320991516,0.18561828767052102,0.0747765302658081,0.010410105841508687,0.031951719876998325,1.0811282757539877
2013-12-20,0.7973659038543701,0.17882727745498248,0.07269807159900665,0.009954920666862165,0.030899318473433687,1.0897454920486551
2013-12-21,0.9407418370246887,0.17252264562439534,0.10480347275733948,0.010104573422989566,0.03139689343267517,1.2595694222620883
2013-12-22,0.9108635783195496,0.17448399193491038,0.11047901213169098,0.01024574665202626,0.0318506759547828,1.23792300499296
2013-12-23,0.8544760346412659,0.17176197285747713,0.10147671401500702,0.010229494711575988,0.030942697222612472,1.1688869134479385
2013-12-24,0.8544760346412659,0.16124293223679484,0.1026916652917862,0.009813008978578782,0.030260575859014517,1.15848421700744
2013-12-25,0.8544760346412659,0.16288150300292017,0.09652841836214066,0.009724080450771576,0.03008491885451804,1.1536949553116165
2013-12-26,0.9498813152313232,0.18143115623435113,0.11873926222324371,0.010578296468342532,0.03389201244433743,1.294522042601598
2013-12-27,0.780888557434082,0.1629005356470735,0.07005970925092697,0.00968847817796511,0.03076183782411681,1.0542991183341643
2013-12-28,0.7867999076843262,0.15617240267617163,0.07325368374586105,0.009475404380746157,0.030124653639826932,1.055826052126932
2013-12-29,0.8165484666824341,0.16248430247626253,0.07258660346269608,0.009378061628995417,0.03140949136322438,1.0924069256136124
2013-12-30,0.8127541542053223,0.16528132055366848,0.07145053893327713,0.009647789730769454,0.031103765594218215,1.0902375690172554
2013-12-31,0.8333527445793152,0.16776620432077607,0.07470792531967163,0.009575288418892249,0.031278410342144236,1.1166805729807994
2014-01-01,0.8165484666824341,0.1724988948140337,0.07149230688810349,0.009219561774494331,0.0305773510619418,1.1003365812210073
2014-01-02,0.7963652014732361,0.16895471975783918,0.0683751255273819,0.009232909478040346,0.029128207074921225,1.0720561633114187
2014-01-03,0.8833597302436829,0.16596080357804366,0.07401540875434875,0.008996680141645466,0.024663726737523876,1.1569963494552447
2014-01-04,0.8672239184379578,0.16905776761004848,0.07401540875434875,0.009147625237452385,0.030607779561662985,1.1500524996014705
2014-01-05,0.8862066864967346,0.17046010819074353,0.07591796666383743,0.009590853556828005,0.03150515184475482,1.1736807667528986
2014-01-06,0.8677440285682678,0.16398143213527308,0.09476442635059357,0.008948855592226173,0.0314921267250024,1.166930869371363
2014-01-07,0.8897363543510437,0.16901554691798662,0.09976793080568314,0.008980896779498222,0.030880444574849893,1.1983811734290615
2014-01-08,0.8717950582504272,0.16803959427872145,0.09696358442306519,0.009306894825276895,0.03126346741157581,1.1773685991890663
2014-01-09,0.850246250629425,0.1557288663357427,0.0916457325220108,0.009184280512388074,0.0317827963246926,1.1385879263242593
2014-01-10,0.8981585502624512,0.14490363777779422,0.09142376482486725,0.009193836758202248,0.03230010618862742,1.1759798958119423
2014-01-11,0.9166423678398132,0.13885208807780905,0.09476442635059357,0.009255856299314085,0.032429545286720964,1.1919442838542509
2014-01-12,0.9398739337921143,0.13502598234026386,0.10022503137588501,0.009095889731404275,0.032070849027342765,1.2162916862670101
2014-01-13,0.8897363543510437,0.13366731729927983,0.10022503137588501,0.008880154165124762,0.0307673712852429,1.163276228476576
2014-01-14,0.8717950582504272,0.1375842407562569,0.09702766686677933,0.008621780612461978,0.03086015643956194,1.1458889029254873
2014-01-15,0.8677440285682678,0.13209381966840283,0.09416601806879044,0.008647132278088667,0.03147102078442029,1.13412201936797
2014-01-16,0.9240882396697998,0.1251539299225265,0.10098471492528915,0.008238580203312185,0.02565614167541642,1.1841216063963442
2014-01-17,0.8897363543510437,0.12683404907681808,0.10013458132743835,0.008245026794361933,0.023213977316795,1.148163988866457
2014-01-18,0.9105210900306702,0.12426366283932236,0.10111825913190842,0.007871690318478865,0.022482300312953722,1.1662570026333334
2014-01-19,0.8766735196113586,0.11762725876020898,0.1012679859995842,0.0076612955682655295,0.022451404968726187,1.1256814649081435
2014-01-20,0.8766735196113586,0.11843318470473246,0.10189622640609741,0.007657048320459772,0.02226403834463723,1.1269240173872856
2014-01-21,0.8766735196113586,0.11541624195782865,0.10339788347482681,0.007537091762257199,0.02160476557101995,1.1246295023772912
2014-01-22,0.9311332702636719,0.12741460143630323,0.10791207104921341,0.007570378196661087,0.014333450258157784,1.1883637712040076
2014-01-23,0.8898058533668518,0.10857158647243581,0.10457613319158554,0.007336413713700499,0.014122125780705506,1.1244121125252793
2014-01-24,0.8044925332069397,0.10006676063324417,0.10236598551273346,0.007170650776368153,0.009061258339510934,1.0231571884687964
2014-01-25,0.8044925332069397,0.09761001683455857,0.10319020599126816,0.007122723319525493,0.006975052626572251,1.019390531978864
2014-01-26,0.8345016241073608,0.12189360282189089,0.10891799628734589,0.007530983640390574,0.011143816975605923,1.083988023832594
2014-01-27,0.7794963717460632,0.10241884337023874,0.06662660837173462,0.006922963461194289,0.009429979247877687,0.9648947661971086
2014-01-28,0.7879592180252075,0.09823675152262171,0.1192953959107399,0.006770809232317425,0.008135924536959419,1.0203980992278459
2014-01-29,0.82940673828125,0.09754574948087694,0.10452393442392349,0.006612351228122011,0.00808567422465015,1.0461744476388226
2014-01-30,0.8221409320831299,0.0967799926488853,0.09854169189929962,0.006620447225859278,0.00800971104016678,1.0320927748973407
2014-01-31,0.853861927986145,0.09919727426432536,0.09568212181329727,0.006724838236998834,0.008243374022945626,1.0637095363237121
2014-02-01,0.8312356472015381,0.10028252668762255,0.10728476941585541,0.006750137637288604,0.007890268350452137,1.0534433492927568
2014-02-02,0.7834474444389343,0.1028309925043449,0.09935733675956726,0.006398954343699886,0.0071774050866120495,0.9992121331331584
2014-02-03,0.700677216053009,0.09532277166011789,0.09826766699552536,0.006354623246488029,0.006732726836416374,0.9073550047915567
2014-02-04,0.700677216053009,0.0962987092787898,0.09631740301847458,0.005770955110538944,0.007134040086325543,0.9061983235471379
2014-02-05,0.7150969505310059,0.0991066549510943,0.12759976089000702,0.0077530475113510135,0.005743620810716659,0.9553000346941748
2014-02-06,0.7184353470802307,0.0996026737961102,0.1304590106010437,0.007492091670496709,0.003966100373852086,0.9599552235217333
2014-02-07,0.6783891916275024,0.0968812548290917,0.11876295506954193,0.007223381044769022,0.004684048074358005,0.9059408306452631
2014-02-08,0.7550017833709717,0.09559680992913584,0.12204881757497787,0.004849347274191797,0.005465817736356165,0.9829625758856334
2014-02-09,0.7289162278175354,0.10383378553000022,0.089238740503788,0.004469117041899822,0.007446001823154283,0.9339038727163776
2014-02-10,0.765666663646698,0.09745756363953077,0.08888820558786392,0.00409923467574668,0.005190951838370282,0.9613026193882096
2014-02-11,0.7533405423164368,0.10193831942840262,0.08908496052026749,0.004040456213826859,0.00534890308443852,0.9537531815633722
2014-02-12,0.7765008807182312,0.10400016465154294,0.08822446316480637,0.004456507958323852,0.007684048924768164,0.9808660654176725
2014-02-13,0.7765008807182312,0.10488815855708479,0.10137062519788742,0.004126789249468528,0.007604872628032988,0.9944913263507049
2014-02-14,0.7864280343055725,0.10099405417849122,0.10948194563388824,0.004520003563850611,0.007115776108535167,1.0085398137903379
2014-02-15,0.8885396718978882,0.1250718366795474,0.11724890023469925,0.004223044852703769,0.010109003177661337,1.1451924568425
2014-02-16,0.7491059303283691,0.10692165503221485,0.08304617553949356,0.0033321088220855427,0.0052918600995562615,0.9476977298217194
2014-02-17,0.7680913805961609,0.09869378903057972,0.08776610344648361,0.00316064782409597,0.004915630001957669,0.9626275508992779
2014-02-18,0.7526030540466309,0.09958509052577816,0.08302910625934601,0.003061773657457965,0.004349781403218599,0.9426288058924316
2014-02-19,0.7221841216087341,0.09708978423014776,0.07774650305509567,0.002778341260883438,0.004712901082561932,0.9045116512374229
2014-02-20,0.6830965280532837,0.10418818285623042,0.07432907074689865,0.0031955206999215477,0.0060555431285315015,0.8708648454848659
2014-02-21,0.6830965280532837,0.10162178609192694,0.06939123570919037,0.002575730364431611,0.00453123385313129,0.8612165140719639
2014-02-22,0.6599991917610168,0.09855923054981852,0.07164696604013443,0.002456901378941722,0.0039058530731668254,0.8365681428030783
2014-02-23,0.6176866292953491,0.11635049992581285,0.07115843892097473,0.0031994451777140514,0.006452903367750004,0.8148479166876007
2014-02-24,0.6591698527336121,0.10442250223937011,0.06744472682476044,0.0026088934219437076,0.00480035579577616,0.8384463310154625
2014-02-25,0.7536778450012207,0.1291569758260772,0.08994650095701218,0.0037733792485076154,0.0069417025465562335,0.983496403579374
2014-02-26,0.7212766408920288,0.12322308364078635,0.07007751613855362,0.004026458689323361,0.005271706135480899,0.9238754054961731
2014-02-27,0.7098470330238342,0.11869664148080922,0.08132419735193253,0.003751428101986175,0.004412962026773452,0.9180322619853356
2014-02-28,0.7098470330238342,0.12239322265328584,0.09616676717996597,0.005318641709922526,0.007214028890298843,0.9409396934573074
2014-03-01,0.7098470330238342,0.12261828489859808,0.10149289667606354,0.0066738381651934645,0.008228638026581993,0.9488606907902714
2014-03-02,0.7098470330238342,0.10802021092641917,0.10571307688951492,0.00493264369777171,0.005822166954214818,0.9343351314917548
2014-03-03,0.7098470330238342,0.10108865628055798,0.10076828300952911,0.004521551715491158,0.004677657676262743,0.9209031817056752
2014-03-04,0.7891039848327637,0.13859750218550249,0.15605397522449493,0.007386721101991266,0.014530188493141253,1.1056723718378936
2014-03-05,0.7098470330238342,0.13498498889191782,0.09957432746887207,0.013060908573970928,0.015226729838636262,0.9726939877972313
2014-03-06,0.7098470330238342,0.12193425497705793,0.09910403192043304,0.010506992301323,0.0117253766353969,0.953117688858045
2014-03-07,0.7433132529258728,0.1517181160318679,0.10652761161327362,0.014166664436714823,0.02018569107738722,1.0359113360851164
2014-03-08,0.7098470330238342,0.13250347692510606,0.10714893043041229,0.015284664712500094,0.020039451366369733,0.9848235564582225
2014-03-09,0.770584225654602,0.16090062503200667,0.11473897099494934,0.015611365805406213,0.024543786623218093,1.0863789741101824
2014-03-10,0.7534732818603516,0.1417630961952514,0.10173666477203369,0.015420400984966543,0.0206162612497667,1.0330097050623699
2014-03-11,0.7534732818603516,0.13721198090566408,0.10154682397842407,0.013367277649096052,0.01607531086772073,1.0216746752612564
2014-03-12,0.7534732818603516,0.1420490571579501,0.09786439687013626,0.013959502133217883,0.015885857747299677,1.0232320957689556
2014-03-13,0.7098470330238342,0.13398540447398705,0.09740296006202698,0.011742080584289482,0.011430135454601356,0.964407613598739
2014-03-14,0.7098470330238342,0.12561469234526088,0.1012251153588295,0.010437896143582365,0.011201674188966107,0.9583264110604731
2014-03-15,0.7204211950302124,0.12348770234670693,0.11928939819335938,0.008173589854506167,0.008820841849726183,0.980192727274511
2014-03-16,0.7077096104621887,0.1193125628507607,0.12227354943752289,0.008757889324465598,0.009081094780040176,0.9671347068549782
2014-03-17,0.6383011937141418,0.1195722167730313,0.10653350502252579,0.008030257839094933,0.00845994916638213,0.880897122515176
2014-03-18,0.6843762397766113,0.14903445460638762,0.14395253360271454,0.008862904654682088,0.014946480299057851,1.0011726129394534
2014-03-19,0.5875596404075623,0.12369945489753333,0.07330146431922913,0.009391022518565023,0.010945758072355738,0.8048973402152455
2014-03-20,0.5996513962745667,0.11498765790205001,0.0784798189997673,0.007814460328246528,0.007428528870544901,0.8083618623751754
2014-03-21,0.6148492097854614,0.1143333213553203,0.08381851017475128,0.007775397614734518,0.007859721347647218,0.8286361602779148
2014-03-22,0.6148492097854614,0.10696111694225455,0.08797016739845276,0.006904822925226349,0.005304604346680811,0.8219899213980758
2014-03-23,0.6148492097854614,0.10664134590166605,0.08446561545133591,0.006847226019400394,0.0051093997375513634,0.8179127968954151
2014-03-24,0.6070876717567444,0.10506945764171428,0.08549189567565918,0.0069258066124719955,0.005607584979584103,0.810182416666174
2014-03-25,0.594846248626709,0.10637352636597276,0.09114464372396469,0.00843754258911697,0.006725489373078673,0.8075274506788421
2014-03-26,0.6686062812805176,0.10700700330180234,0.09427903592586517,0.007953736116439623,0.006698323319451593,0.8845443799440763
2014-03-27,0.7552973628044128,0.14222828168103357,0.1314539760351181,0.00942509617846112,0.014242951012714193,1.05264766771174
2014-03-28,0.5931822657585144,0.12135887696373901,0.07397115975618362,0.010829903456213895,0.012560407139224005,0.811902613073875
2014-03-29,0.6514055728912354,0.12148470791614524,0.09129413962364197,0.009460056764446086,0.009212964915101752,0.8828574421105703
2014-03-30,0.654446542263031,0.11938631485188661,0.09086715430021286,0.009367900347639796,0.009257335965946308,0.8833252477287166
2014-03-31,0.6382701396942139,0.10294124450578424,0.08455444872379303,0.008652628957200585,0.006432183762735386,0.840850645643727
2014-04-01,0.6382701396942139,0.11113995506671266,0.08306023478507996,0.007843276723380489,0.00629210655956355,0.8466057128289506
2014-04-02,0.6382701396942139,0.1153641839850222,0.08345704525709152,0.008636527022698005,0.00694627281552622,0.8526741687745518
2014-04-03,0.6382701396942139,0.13049042564103597,0.0840025395154953,0.008277218950644224,0.009022755847838616,0.870063079649228
2014-04-04,0.6382701396942139,0.14772706941761765,0.08935200423002243,0.011910539095766937,0.018373607926669547,0.9056333603642903
2014-04-05,0.692750096321106,0.1421768396500011,0.07055462151765823,0.011895878497824662,0.017358937575293627,0.9347363735618837
2014-04-06,0.6336795091629028,0.14428851735940795,0.08088751137256622,0.011630305870147581,0.014596720702787879,0.8850825644678124
2014-04-07,0.6889018416404724,0.15322535357007386,0.12472466379404068,0.013095721539974313,0.018046933742567387,0.9979945142871286
2014-04-08,0.7096861004829407,0.1453709789684338,0.09561364352703094,0.01154411825071635,0.013752549351831575,0.9759673905809533
2014-04-09,0.7877073287963867,0.16137911805384902,0.14368335902690887,0.014085356407686414,0.02061824059348833,1.1274734028783193
2014-04-10,0.7434632182121277,0.1427094020907798,0.07404547929763794,0.012316068702049987,0.01323631196691146,0.9857704802695069
2014-04-11,0.6860302090644836,0.12177227073317476,0.0748489648103714,0.010545140905505446,0.00982247461457674,0.903019060128112
2014-04-12,0.6226503849029541,0.12279308764245957,0.067771315574646,0.010606307944310481,0.009250868914166302,0.8330719649785364
2014-04-13,0.6366429924964905,0.1128274188626944,0.07012150436639786,0.010143727539860365,0.008897459852791091,0.8386331031182342
2014-04-14,0.5888906121253967,0.11897708570979758,0.06409593671560287,0.01048717757520478,0.01120170040800582,0.7936525125340078
2014-04-15,0.5888906121253967,0.12891704890683112,0.06391599029302597,0.0089144315659519,0.00957574393237277,0.8002138268235786
2014-04-16,0.5988295674324036,0.1323683836972995,0.06351299583911896,0.008984393841864679,0.010132235688376132,0.8138275764990629
2014-04-17,0.6648017764091492,0.15317414468315474,0.06979835033416748,0.010117150044038991,0.015554686315512642,0.913446107786023
2014-04-18,0.5980295538902283,0.14181437898953445,0.060974277555942535,0.01154049303485302,0.014493077772321936,0.8268517812428802
2014-04-19,0.6770475506782532,0.1290055343387219,0.062119852751493454,0.009375013519199093,0.010212362781744342,0.8877603140694119
2014-04-20,0.7287896275520325,0.12123842912354102,0.08739754557609558,0.009435564847799121,0.011172142318771474,0.9580333094182397
2014-04-21,0.7297645807266235,0.11302985835781908,0.08629024773836136,0.008410948881428492,0.008772511650747432,0.9462681473549799
2014-04-22,0.6921355724334717,0.13269468635293957,0.08445403724908829,0.008828674089007858,0.011035426973987116,0.9291483970984945
2014-04-23,0.7449585199356079,0.1445022401432975,0.09417203068733215,0.009798438789093701,0.01232752569496393,1.0057587552502951
2014-04-24,0.7287896275520325,0.15294149355825085,0.08698759973049164,0.010576535352477611,0.014111072443570719,0.9934063286368232
2014-04-25,0.7521219253540039,0.15738428406453045,0.09446529299020767,0.011792197247019066,0.01681457324955958,1.0325782729053206
2014-04-26,0.7330405712127686,0.15477527910058722,0.10457202047109604,0.011006135294381271,0.0157083456374509,1.019102351716284
2014-04-27,0.7111470699310303,0.1557650876965799,0.07148656249046326,0.01454224072936131,0.02080246158526396,0.9737434224326987
2014-04-28,0.7682589888572693,0.16477770267485892,0.10791338235139847,0.021701823167850104,0.023672866886175495,1.0863247639375522
2014-04-29,0.7804265022277832,0.16531718996593228,0.12803207337856293,0.02216429454498748,0.024119019252101772,1.1200590793693677
2014-04-30,0.7804265022277832,0.17753773053412417,0.1393570452928543,0.02475128027237863,0.027427610160518427,1.1495001684876587
2014-05-01,0.7926012277603149,0.16279392547077323,0.13685820996761322,0.028288766861444763,0.03222471761306313,1.1527668476732091
2014-05-02,0.8166425824165344,0.1933332588290601,0.15897613763809204,0.027452351401873493,0.03980382089182709,1.236208151177387
2014-05-03,0.7436425685882568,0.22307233716686045,0.09237828105688095,0.02734296316873126,0.03860234288506761,1.125038492865797
2014-05-04,0.8122243881225586,0.3223987742572452,0.09365476667881012,0.036562747572701684,0.04448759219413358,1.3093282688254493
2014-05-05,0.9391772747039795,0.3175699526994609,0.09722192585468292,0.03378795425998544,0.045232346581686005,1.4329894540997947
2014-05-06,1.0313010215759277,0.33918181275868453,0.17436814308166504,0.03757814895221498,0.04786306508595678,1.630292191454449
2014-05-07,1.0568339824676514,0.35182579975872924,0.15291759371757507,0.04073335702267018,0.050832788734546434,1.6531435217011723
2014-05-08,1.2205495834350586,0.39448363876807724,0.14370958507061005,0.04141538792944306,0.0553563201322128,1.8555145153354016
2014-05-09,1.1295745372772217,0.4190920235698521,0.11077061295509338,0.04032470508647062,0.0561934425021189,1.7559553213907566
2014-05-10,1.1295745372772217,0.47448515792457985,0.11060897260904312,0.04085787933738664,0.05799210996598791,1.8135186571142192
2014-05-11,1.0957962274551392,0.4483589562812939,0.11147523671388626,0.04171663522841859,0.06422326015118823,1.7615703158299263
2014-05-12,1.1295745372772217,0.5202735161394065,0.1290663331747055,0.043828770057235594,0.06683110650364228,1.8895742631522114
2014-05-13,1.142969012260437,0.5739699635541382,0.12515877187252045,0.04330034454956326,0.06933215297468175,1.9547302452113406
2014-05-14,1.196855068206787,0.5814906483170954,0.13425004482269287,0.0448298070486671,0.07067963662437426,2.0281052050196164
2014-05-15,1.1828290224075317,0.5420800923055717,0.13600316643714905,0.04592874290105094,0.06934423201780265,1.976185256069106
2014-05-16,1.164649248123169,0.5289974255244496,0.11441632360219955,0.043635746456633345,0.06387012169707056,1.915568865403522
2014-05-17,1.095123291015625,0.4960693324080117,0.0830739364027977,0.04112180985988423,0.058805700857959296,1.7741940705442778
2014-05-18,1.1010868549346924,0.3838870516510271,0.08500832319259644,0.03214645848648961,0.05666767975457907,1.6587963680193847
2014-05-19,1.0155889987945557,0.3657663757645542,0.08295439183712006,0.03115458720559195,0.05645082639298515,1.551915179994807
2014-05-20,1.0906230211257935,0.3726366555010851,0.08710087090730667,0.03154516208114663,0.05699936233093497,1.638905071946267
2014-05-21,1.1559449434280396,0.41406111396240625,0.08770868182182312,0.0324597772417332,0.06143504497708774,1.7516095614310898
2014-05-22,1.2370611429214478,0.49945520558927986,0.09364493936300278,0.032145388041502465,0.06563033416524089,1.9279370100804738
2014-05-23,1.3310760259628296,0.5183986029061896,0.09631944447755814,0.03231919630335046,0.06629934657380639,2.044412616223734
2014-05-24,1.4312421083450317,0.534054628129603,0.10290052741765976,0.03258442635997666,0.06662963237087616,2.1674113226231473
2014-05-25,1.503206491470337,0.6197569518333532,0.12010575830936432,0.039300776291619884,0.06843751673220941,2.3508074946368835
2014-05-26,1.5775620937347412,0.6742581936098209,0.15610972046852112,0.0439875258342285,0.06951881518906235,2.521436348836374
2014-05-27,1.5775620937347412,0.7068874861995713,0.16522474586963654,0.0448121578851246,0.06904617026619157,2.563532653955265
2014-05-28,1.5775620937347412,0.7352071952969716,0.18707819283008575,0.04673580637507938,0.0708288885739476,2.6174121768108254
2014-05-29,1.5077861547470093,0.7488277721827057,0.22904284298419952,0.04672484152615586,0.07189288846869751,2.6042744999087675
2014-05-30,1.5614506006240845,0.7465377701963682,0.23009508848190308,0.04683383488555461,0.0735846033138795,2.65850189750179
2014-05-31,1.5784696340560913,0.7320469942304482,0.23678159713745117,0.04664363689778713,0.07357025787433502,2.6675121201961125
2014-06-01,1.6892979145050049,0.7506123918347891,0.22797740995883942,0.04854070369324309,0.07841184231267394,2.7948402623045503
2014-06-02,1.4876644611358643,0.8004133987285122,0.2946736216545105,0.04890283731865433,0.08027736162579405,2.7119316804633353
2014-06-03,1.386112928390503,0.8628165256301241,0.20380409061908722,0.05022305210193221,0.08280240405222165,2.5857590007938676
2014-06-04,1.2474569082260132,0.8747134803933498,0.1856655776500702,0.05006875699683287,0.08347405802796813,2.441378781294234
2014-06-05,1.2474569082260132,0.8668129345123592,0.1627076268196106,0.048837249722173806,0.0806715315356251,2.406486250815782
2014-06-06,1.2474569082260132,0.8273926968004537,0.18934383988380432,0.04897545520328933,0.08312538887294205,2.3962942889865024
2014-06-07,1.1777818202972412,0.8379681693159162,0.1599421203136444,0.046218556137908276,0.0792290450409464,2.301139711105656
2014-06-08,1.2474569082260132,0.8279614046540313,0.17052681744098663,0.04796785908823762,0.08063726224694479,2.374550251656214
2014-06-09,1.376840591430664,0.8067072252774956,0.17225028574466705,0.04762479947087828,0.08102012193787386,2.4844430238615787
2014-06-10,1.4661626815795898,0.8014612850274869,0.17318005859851837,0.04756761072759679,0.07649743543232776,2.5648690713655196
2014-06-11,1.3645031452178955,0.7739012899473627,0.1864449828863144,0.04582560906376254,0.0731027394346135,2.4437777665499487
2014-06-12,1.387706995010376,0.7673625453772679,0.1862519234418869,0.046415580558676645,0.07071568167722,2.4584527260654276
2014-06-13,1.3976823091506958,0.7766832657333609,0.18730537593364716,0.04603632864193181,0.07108675503866829,2.478794034498304
2014-06-14,1.421797275543213,0.8745358969628911,0.1833733320236206,0.04724662348825396,0.07281477833028566,2.5997679063482644
2014-06-15,1.5002198219299316,0.8874050880962896,0.18852491676807404,0.048281998888339346,0.06817273470582086,2.6926045603884554
2014-06-16,1.541821002960205,0.9180596844018061,0.19131587445735931,0.04207777943965452,0.06568011708096094,2.7589544583399856
2014-06-17,1.833735704421997,0.8691872733883399,0.21710218489170074,0.03885416868726496,0.06441337006718405,3.0232927014564863
2014-06-18,1.8779464960098267,0.880263341470219,0.3170406222343445,0.04127687700183112,0.06398459011156715,3.1805119268277884
2014-06-19,1.8779464960098267,0.6890035423925227,0.2709764540195465,0.035357320154107426,0.05920027289044801,2.9324840854664513
2014-06-20,1.9023901224136353,0.6908559544078057,0.21046999096870422,0.03582384753707427,0.06114883357434499,2.9006887489015645
2014-06-21,1.8324438333511353,0.8060325484672126,0.23061008751392365,0.03842551215743871,0.06550254622379069,2.973014527713501
2014-06-22,1.8366953134536743,0.8755502035494314,0.22927045822143555,0.04217875672567528,0.06733269053792665,3.051027422488143
2014-06-23,1.8013938665390015,0.9107254973682748,0.23576019704341888,0.04302237312699104,0.06745354701008056,3.058355481087767
2014-06-24,1.9016928672790527,0.9517720226862159,0.2421303540468216,0.04601814573493479,0.06731155022927536,3.2089249399763
2014-06-25,1.9016928672790527,0.9204488419333121,0.29096555709838867,0.042242052753233915,0.06744938012523946,3.222798699189227
2014-06-26,1.9704593420028687,0.8586174576520573,0.19059628248214722,0.037473202661627104,0.06076128226750107,3.1179075670662013
2014-06-27,1.9704593420028687,0.7001933138408942,0.1814277321100235,0.03557707596403532,0.05627295984978191,2.9439304237676036
2014-06-28,2.0011982917785645,0.6797543184280281,0.19480234384536743,0.03524431098361905,0.054848709221705254,2.965847974257284
2014-06-29,1.9211649894714355,0.6176165198900467,0.1793641448020935,0.03547705432955588,0.05356790050091633,2.8071906089940475
2014-06-30,1.7244901657104492,0.5595339378299853,0.1695524901151657,0.033688922654273375,0.04367286419527065,2.5309383805051446
2014-07-01,1.510584831237793,0.5161752683072502,0.17855480313301086,0.032840531745979035,0.04065576061047974,2.2788111950345127
2014-07-02,1.532818078994751,0.4904733496010645,0.16093851625919342,0.03348962166448839,0.04091314815412776,2.2586327146736247
2014-07-03,1.52989661693573,0.4775665224447897,0.1623079627752304,0.03360162464100008,0.04047670693321496,2.2438494337299653
2014-07-04,1.454119324684143,0.4661516500466088,0.15850766003131866,0.03360699628287903,0.04090808428622726,2.1532937153311766
2014-07-05,1.3208032846450806,0.4753923006846838,0.13999082148075104,0.03145393461084296,0.03902272946214647,2.006663070883505
2014-07-06,1.370887041091919,0.44350061495172705,0.14429046213626862,0.02965003617744543,0.034244003063245966,2.022572157420606
2014-07-07,1.3029872179031372,0.43217600792659094,0.15555773675441742,0.02967082368654025,0.03663535355037593,1.9570271398210617
2014-07-08,1.1953160762786865,0.40115722631577627,0.11183714866638184,0.02924919063970226,0.029125438143492388,1.7666850800440395
2014-07-09,1.1953160762786865,0.3664974124417374,0.11984074115753174,0.027594264896483037,0.025467961444908007,1.734716456219347
2014-07-10,1.2219756841659546,0.3576586767735439,0.12090781331062317,0.025845650244310528,0.023231168374962596,1.7496189928693948
2014-07-11,1.168413758277893,0.3461214470962244,0.12444081902503967,0.025016640958478106,0.02051620434421521,1.6845088697018504
2014-07-12,1.0709360837936401,0.32675710230603566,0.12412074953317642,0.025526562063027457,0.020446139528145283,1.5677866372240248
2014-07-13,1.1912858486175537,0.3317160864506229,0.11135394871234894,0.02476652948931115,0.021720452535806876,1.6808428658056433
2014-07-14,1.1684077978134155,0.3209804258397373,0.11362465471029282,0.02570201098533466,0.023806588555477744,1.652521477904258
2014-07-15,1.049965739250183,0.340684875708917,0.12035571783781052,0.02864390991882188,0.02666184474410318,1.5663120874598355
2014-07-16,1.049965739250183,0.3412517482570398,0.11859477311372757,0.027506576351568814,0.026771603409462413,1.5640904403819818
2014-07-17,1.1270405054092407,0.33840054262374747,0.11100911349058151,0.027895172625951366,0.026214614718624546,1.6305599488681457
2014-07-18,1.1359955072402954,0.3232917888806065,0.13532011210918427,0.026116151684342923,0.025480948892775662,1.6462045088072046
2014-07-19,1.1593739986419678,0.32274850953247575,0.14724601805210114,0.024867868886888606,0.02458262792100355,1.6788190230344369
2014-07-20,1.1422145366668701,0.31612873853212514,0.11515509337186813,0.02431848240889424,0.023430607738373608,1.6212474587181314
2014-07-21,1.128829002380371,0.2991980870317739,0.11052511632442474,0.023579877016729735,0.022000579622799835,1.5841326623760992
2014-07-22,1.1858546733856201,0.27435837167726973,0.11517837643623352,0.020690266016429548,0.022815072449025135,1.618896759964578
2014-07-23,1.0738227367401123,0.24725668998757372,0.09553760290145874,0.015500016027985123,0.01854706440385345,1.4506641100609834
2014-07-24,1.0502042770385742,0.2392497761857296,0.09719232469797134,0.014711361123707524,0.018715460813076523,1.4200731998590592
2014-07-25,0.9413872361183167,0.23014838547928623,0.09114312380552292,0.013790467274742872,0.016382556463203236,1.292851769141072
2014-07-26,0.9865745306015015,0.2562399063430879,0.09711526334285736,0.014927963487693121,0.021789315780188747,1.3766469795553287
2014-07-27,0.8786964416503906,0.23094430635215613,0.08816247433423996,0.015257682480532263,0.019835912596464986,1.2328968174137838
2014-07-28,0.953881025314331,0.2488942694698642,0.09234734624624252,0.01432493883797109,0.022361590212466403,1.3318091700808752
2014-07-29,0.9149511456489563,0.2585717460386105,0.09432296454906464,0.01684376590529002,0.025831790891099087,1.3105214130330205
2014-07-30,0.9363841414451599,0.22907053618366746,0.08343728631734848,0.014526921323203643,0.019424144024469136,1.2828430292938484
2014-07-31,0.9233413338661194,0.21011778612087215,0.08513427525758743,0.013199081020955235,0.015495514019964228,1.2472879902854983
2014-08-01,0.8704791069030762,0.20943333986390208,0.0849955752491951,0.013069706665589098,0.014928071695393091,1.1929058003771555
2014-08-02,0.9021739363670349,0.2239421750599828,0.0828576609492302,0.013628126057654589,0.01739498916404653,1.239996887597949
2014-08-03,0.8355488181114197,0.22367430352727943,0.08703409135341644,0.014514449021676827,0.017320595044950458,1.1780922570587429
2014-08-04,0.9387843608856201,0.23231870460062573,0.0825798362493515,0.014728234019022205,0.01839794709339828,1.2868090828480179
2014-08-05,0.8622503876686096,0.2473778164852748,0.08542735129594803,0.015360427011505856,0.02110916042565713,1.231525142886995
2014-08-06,0.820867121219635,0.26595997616788386,0.10460156947374344,0.018264868763163997,0.02661272994101271,1.2363062655654389
2014-08-07,0.7719069719314575,0.24198250034962568,0.0725037083029747,0.0168161565704904,0.02387835584824601,1.1270876930027942
2014-08-08,0.8379542231559753,0.27376778252994827,0.07937409728765488,0.01820229609679169,0.028492527703064967,1.237790926773435
2014-08-09,0.8160765171051025,0.2724509351878668,0.08019168674945831,0.01833592302187383,0.026957633048634272,1.2140126951129357
2014-08-10,0.8575966358184814,0.2732963783257063,0.08272232860326767,0.018091869994586424,0.02474976598313146,1.2564569787251734
2014-08-11,0.8835716843605042,0.26173056514748905,0.0790431797504425,0.019225921538022755,0.026585467788313645,1.2701568185847723
2014-08-12,0.8160765171051025,0.27389136562413163,0.0830012783408165,0.01961067272397956,0.026543759768683523,1.2191235935627138
2014-08-13,0.8835716843605042,0.25227772358755907,0.07870060205459595,0.019315660705068585,0.02510056488471936,1.2589662355924471
2014-08-14,0.8046630620956421,0.24578347858435487,0.07798641175031662,0.018465252650398927,0.02067283189465096,1.1675710369753636
2014-08-15,0.8510665893554688,0.24068540142355077,0.0784044861793518,0.017412326450570694,0.020428899713044433,1.2079977031219866
2014-08-16,0.7895439863204956,0.2241505347484691,0.07660894095897675,0.015897825421506084,0.01619816337940163,1.1223994508288493
2014-08-17,0.8289489150047302,0.24202577669335973,0.08943989872932434,0.016519071475871946,0.018829177574787363,1.1957628394780735
2014-08-18,0.768022358417511,0.23625968736739159,0.07940319180488586,0.017797643002817633,0.020150792529155578,1.1216336731217618
2014-08-19,0.8638915419578552,0.26702825914850203,0.12497544288635254,0.017336488373651416,0.023480361591384565,1.2967120939577457
2014-08-20,0.7226706147193909,0.23952474498694717,0.08667890727519989,0.01767467570570338,0.020572963585888934,1.08712190627313
2014-08-21,0.8271557092666626,0.2592543229173993,0.08165134489536285,0.01785128148076475,0.023777757908779357,1.209690416468969
2014-08-22,0.795943558216095,0.24831007900409632,0.08279373496770859,0.01879609859730203,0.02541233634351384,1.171255807128716
2014-08-23,0.8234084248542786,0.22677518989266707,0.07764904201030731,0.016562341287596823,0.020337959880102383,1.1647329579249521
2014-08-24,0.8083399534225464,0.2110870368860304,0.07696659862995148,0.01510164085090776,0.0183326335121772,1.1298278633016132
2014-08-25,0.8450515270233154,0.2165241791264037,0.07868420332670212,0.015569947057394156,0.018491421967848354,1.1743212785016637
2014-08-26,0.8775044679641724,0.2555690799400403,0.08602084964513779,0.018510037704233057,0.029827493379736895,1.2674319286333204
2014-08-27,0.8215659260749817,0.25049758442633724,0.08333281427621841,0.018347776302923918,0.026430720769722294,1.2001748218501835
2014-08-28,0.8215659260749817,0.24831987627530855,0.0829344391822815,0.01799682288887746,0.025808013709952064,1.1966250781314012
2014-08-29,0.8464202284812927,0.24355877632948458,0.08412203192710876,0.020321796041670535,0.03203056443450447,1.2264533972140612
2014-08-30,0.850070059299469,0.26757328241533607,0.0887460932135582,0.02146751986679355,0.038471212118102165,1.266328166913259
2014-08-31,0.9030385613441467,0.286110380576776,0.09653636068105698,0.023950717346498545,0.044376833421968916,1.3540128533704472
2014-09-01,0.9770654439926147,0.3281153459584575,0.1166924312710762,0.025506568379931267,0.05039972021735381,1.4977795098194335
2014-09-02,0.9712464213371277,0.3883098696400993,0.10939539968967438,0.02734849574457306,0.051242836919419076,1.5475430233308936
2014-09-03,0.9712464213371277,0.376964569696195,0.11603616178035736,0.027328861954506112,0.05206295809104574,1.5436389728592317
2014-09-04,1.211063265800476,0.4919175993612886,0.11279032379388809,0.03217396768807569,0.052132218192120335,1.9000773748358488
2014-09-05,1.1831188201904297,0.452047931313221,0.12324871122837067,0.033715004095701946,0.05145789427229427,1.8435883611000177
2014-09-06,1.211063265800476,0.40569281386773615,0.11368659883737564,0.02870417296592507,0.050159139626125816,1.8093059910976386
2014-09-07,1.2390844821929932,0.4593483709490032,0.10871823132038116,0.030606449866770302,0.05626113672537357,1.8940186710545215
2014-09-08,1.2867411375045776,0.5414062857940023,0.10978971421718597,0.03273891201133011,0.06060654793275209,2.0312825974598483
2014-09-09,1.1720201969146729,0.5648533103738089,0.12113780528306961,0.03270639463849452,0.06306443889249723,1.953782146102543
2014-09-10,1.3202354907989502,0.7187932855773675,0.11092127859592438,0.04056828569738081,0.06705626683846187,2.257574607508085
2014-09-11,1.2414283752441406,0.759457528572616,0.12858383357524872,0.042464923733503857,0.06854844595131528,2.2404831070768245
2014-09-12,1.2889662981033325,0.7728333397190077,0.12964993715286255,0.0447045040973412,0.07159436972443867,2.307748448796983
2014-09-13,1.2095950841903687,0.7992038707383937,0.13786865770816803,0.04411477664474889,0.07195498628099321,2.2627373755626725
2014-09-14,1.2228471040725708,0.8124778030994739,0.1397983580827713,0.043795250889491495,0.0730258067255579,2.2919443228698655
2014-09-15,1.3816113471984863,0.7910259067534429,0.15211538970470428,0.04429516137327997,0.07345795737184034,2.442505762401754
2014-09-16,1.6152244806289673,0.8277846027465243,0.1978210061788559,0.044867921488021816,0.07775292204840187,2.763450933090771
2014-09-17,1.773459553718567,0.8287151362958212,0.22203101217746735,0.0455006372086007,0.07799734891282438,2.9477036883132803
2014-09-18,1.773459553718567,0.8041956752698527,0.22471289336681366,0.04593052976894025,0.07817116888139071,2.926469821005564
2014-09-19,1.773459553718567,0.7568845717083394,0.21498960256576538,0.04778645197550808,0.07860077465457894,2.871720954622759
2014-09-20,1.662254810333252,0.7848536347299369,0.23844431340694427,0.04869935900533489,0.07824463832582447,2.8124967558012925
2014-09-21,1.662254810333252,0.7976178446455249,0.28881746530532837,0.050756560563462255,0.08152076540163976,2.880967446249207
2014-09-22,1.6724509000778198,0.8748150947765425,0.2207864224910736,0.050896030584380796,0.08327472806608636,2.902223175995903
2014-09-23,1.713494062423706,0.9227180755547058,0.28008776903152466,0.050465528062595924,0.08018473014413148,3.0469501652166637
2014-09-24,1.7279261350631714,0.9373382445873604,0.35560545325279236,0.050303783610760364,0.07980118229501926,3.150974798809104
2014-09-25,1.6245936155319214,0.9691162939541151,0.2189413160085678,0.0504777784663839,0.08031616484433611,2.943445168805324
2014-09-26,1.6642513275146484,1.0308420283765551,0.23601995408535004,0.05200856991369906,0.0854844571256545,3.068606337015907
2014-09-27,1.8361510038375854,1.0380892671400548,0.24572144448757172,0.05097105279517213,0.08505929671251838,3.2559920649729026
2014-09-28,2.082045316696167,1.0256248947661533,0.3848820626735687,0.05104068723538572,0.08474300608668875,3.628335967457964
2014-09-29,1.9160898923873901,0.9856465178785332,0.24448418617248535,0.05112190439273961,0.08489552866373812,3.282238029494886
2014-09-30,1.9481780529022217,0.9680436762764324,0.23029741644859314,0.05061945142047281,0.08330313854813903,3.280441735595859
2014-10-01,2.1098978519439697,0.9742159957873164,0.2340984046459198,0.05124252971856247,0.0831658416380618,3.4526206237338304
2014-10-02,1.8533278703689575,1.0131384751027204,0.22999048233032227,0.05089114277331823,0.08356667843463113,3.230914649009949
2014-10-03,1.8533278703689575,0.9979779403416154,0.19305087625980377,0.050223478158641026,0.08133305214791015,3.175913217276928
2014-10-04,1.730061411857605,0.8966268531975368,0.1849379688501358,0.04816958883989014,0.07251745220390142,2.9323132749490695
2014-10-05,1.730061411857605,0.6969333679740151,0.21326357126235962,0.039709271554107944,0.06840461878499186,2.7483722414330796
2014-10-06,1.7555251121520996,0.6585040106803091,0.18363530933856964,0.03877964026341052,0.06624317024605218,2.7026872426804407
2014-10-07,1.6608715057373047,0.6597558816800508,0.1738179624080658,0.03624631670450556,0.05392224540937046,2.5846139119392975
2014-10-08,1.3824082612991333,0.6115373719551791,0.17914395034313202,0.03528506929066829,0.04544549432875104,2.2538201472168637
2014-10-09,1.3334850072860718,0.5266054614522722,0.1447129100561142,0.034270825231421505,0.03981438682523343,2.078888590851113
2014-10-10,1.1687145233154297,0.4884441430454756,0.12716349959373474,0.030534795613812525,0.03937783751532638,1.8542347990837789
2014-10-11,1.1687145233154297,0.47263525337500706,0.1349516361951828,0.03070022051291992,0.0428136249885679,1.8498152583871075
2014-10-12,1.143680453300476,0.45618916591365516,0.13271905481815338,0.030334025632736933,0.04541253659611626,1.8083352362611378
2014-10-13,1.1856402158737183,0.5157924740393021,0.13307996094226837,0.031685595261477566,0.05940386444372516,1.9256021105604915
2014-10-14,1.1012237071990967,0.59381401237004,0.12501481175422668,0.03230279572236464,0.06307540256817722,1.9154307296139053
2014-10-15,1.1921696662902832,0.6966365817500539,0.13361263275146484,0.03349163927770847,0.06618099215520948,2.12209151222472
2014-10-16,1.5915918350219727,0.9329963030422392,0.14079366624355316,0.043448611719463265,0.07062269770972425,2.779453113736953
2014-10-17,2.220998525619507,0.9329967315619934,0.1653739959001541,0.04550062703722322,0.07444472671902837,3.4393146068379057
2014-10-18,2.260178327560425,0.9686241246095744,0.1756943166255951,0.04737339342697378,0.07599882936447266,3.5278689915870407
2014-10-19,2.534188985824585,0.9667156942736705,0.2114638388156891,0.049306973292440034,0.07883678511310599,3.8405122773194904
2014-10-20,2.604241132736206,0.9483611497590223,0.2095491588115692,0.05042137891919266,0.07853339725199793,3.8911062174779882
2014-10-21,2.7006051540374756,0.9503076150783674,0.3504835367202759,0.05050772478080616,0.07952917846937012,4.131433209086295
2014-10-22,2.7006051540374756,0.9276376536229067,0.346634179353714,0.05067252108836049,0.07941721938763235,4.104966727490089
2014-10-23,2.7006051540374756,0.9072172244642531,0.25782501697540283,0.05067970267196104,0.07754566255195636,3.993872760701049
2014-10-24,2.513404369354248,0.8344258202518453,0.25782501697540283,0.05076519365522877,0.0764257483750901,3.7328461486118156
2014-10-25,2.476503372192383,0.9031258235119726,0.26000308990478516,0.05022085987468363,0.07893334427625749,3.768786489760082
2014-10-26,2.476503372192383,0.9010065370856122,0.2528274953365326,0.04704056268860059,0.0741036364371124,3.7514816037402405
2014-10-27,2.289933681488037,0.8545837184276324,0.3117345869541168,0.04543845974285851,0.07048798772314445,3.572178434335789
2014-10-28,1.8639914989471436,0.8250594355251555,0.1725407838821411,0.03922989392237375,0.06143451276208788,2.9622561250389015
2014-10-29,1.5389901399612427,0.5300559923983892,0.13995859026908875,0.030530605699574147,0.05514002473499975,2.2946753530632944
2014-10-30,1.4764946699142456,0.4649592541573397,0.1330871880054474,0.028058973583433164,0.05353740775367918,2.1561374934141453
2014-10-31,1.5262330770492554,0.4632495419241694,0.1283397674560547,0.02958761537926209,0.055599062480262036,2.2030090642890037
2014-11-01,1.6217691898345947,0.45521198143488095,0.1535835564136505,0.029431476280373133,0.05475780829621681,2.3147540122597166
2014-11-02,1.6217691898345947,0.4244334322495753,0.13070249557495117,0.030854615284611687,0.04949812203425671,2.25725785497799
2014-11-03,1.2961840629577637,0.40869507796844995,0.1224532276391983,0.03072813431551076,0.04561240970224353,1.9036729125831662
2014-11-04,1.283687949180603,0.3751143110058794,0.13072924315929413,0.024328309867480226,0.041299098043924544,1.8551589112571814
2014-11-05,1.3048497438430786,0.35501874842564607,0.12010080367326736,0.027598775260199816,0.038315262001589696,1.8458833332037816
2014-11-06,1.2890855073928833,0.34546495074310246,0.12015476077795029,0.027402354132644045,0.037936784104600545,1.8200443571511806
2014-11-07,1.2980901002883911,0.34607290917907535,0.19369423389434814,0.027499044148123854,0.04046128233964915,1.9058175698495874
2014-11-08,1.2908836603164673,0.3228422059115445,0.15204860270023346,0.027547932043025802,0.03824552320773709,1.8315679241790082
2014-11-09,1.2598943710327148,0.3051088593875303,0.1389489471912384,0.026477700187828856,0.03435631624895471,1.764786194048267
2014-11-10,1.231166124343872,0.3021600923446076,0.12938560545444489,0.02642820352493851,0.03577797564859735,1.7249180013164607
2014-11-11,1.495328426361084,0.31266208243240123,0.13361868262290955,0.02590675659712178,0.03941158685839608,2.0069275348719127
2014-11-12,1.5278613567352295,0.3013003805617323,0.13132666051387787,0.026677821322231204,0.0372267116498377,2.0243929307829083
2014-11-13,1.5278613567352295,0.317503431954009,0.13921518623828888,0.02696731222232246,0.035446551237937614,2.0469938383877877
2014-11-14,1.595272421836853,0.29384593942693726,0.129806786775589,0.025970295226222125,0.040118140136561925,2.0850135834021635
2014-11-15,1.575541377067566,0.26187059585100075,0.12944811582565308,0.024448268022491476,0.04119748240082388,2.032505839167535
2014-11-16,1.5718097686767578,0.2723101612589199,0.14269068837165833,0.023674267115926823,0.04375119639106412,2.054236081814327
2014-11-17,1.3438677787780762,0.2795891443326782,0.13816162943840027,0.018891419379238772,0.04356288647756148,1.8240728584059547
2014-11-18,1.4320378303527832,0.2951071761270413,0.14028815925121307,0.020778753239855837,0.05021359158409431,1.9384255105549875
2014-11-19,1.0747476816177368,0.2665460005501602,0.09014832973480225,0.019359751613373995,0.041073613617668384,1.4918753771337416
2014-11-20,1.0747476816177368,0.25398263577887237,0.09102561324834824,0.017712070459911487,0.03750536869336919,1.4749733697982381
2014-11-21,1.005357027053833,0.25699143567759647,0.08988360315561295,0.01820527396262751,0.03833213517529388,1.4087694750249637
2014-11-22,1.0483760833740234,0.28083728147273174,0.1181471198797226,0.018447846695399735,0.04237141669803627,1.5081797481199137
2014-11-23,1.0162534713745117,0.25276702841547244,0.08657685667276382,0.018793979758807373,0.03929381650965378,1.413685152731209
2014-11-24,1.041407823562622,0.2426240320791904,0.08653061091899872,0.017341895156502495,0.03956907375024982,1.4274734354675636
2014-11-25,1.041407823562622,0.25441377367693757,0.09270340949296951,0.017994254165957697,0.04139130309601044,1.4479105639944974
2014-11-26,0.9657436013221741,0.24739515475044144,0.08562265336513519,0.016678510565824277,0.03474151049672927,1.3501814305003041
2014-11-27,1.00288724899292,0.2316667225421337,0.08704988658428192,0.016046424540052496,0.03644969843817329,1.3740999810975612
2014-11-28,1.00288724899292,0.2205988946830534,0.09544657915830612,0.014569295738777653,0.03362629318569372,1.367128311758751
2014-11-29,1.00288724899292,0.20205678100102617,0.09234941005706787,0.013720575727523509,0.032315949870351635,1.343329965648889
2014-11-30,0.9011209011077881,0.20317891083212086,0.08906489610671997,0.013190308696512578,0.031694232081417105,1.2382492488245587
2014-12-01,0.9184874892234802,0.20119814117073764,0.08557138592004776,0.013150821535727327,0.03311528850700181,1.2515231263569946
2014-12-02,0.9184874892234802,0.20555454080515545,0.0855591669678688,0.012932249104667483,0.03201355877741473,1.2545470048785867
2014-12-03,1.0179789066314697,0.19927146549018365,0.11790455132722855,0.01235701248681805,0.03269481929755262,1.3802067552332526
2014-12-04,1.0321611166000366,0.1940244767981533,0.12371985614299774,0.011765875775569878,0.03114527601024837,1.392816601327006
2014-12-05,1.1474056243896484,0.20551991840844477,0.11973612755537033,0.012239705148781106,0.03528332786938001,1.5201847033716247
2014-12-06,0.982807457447052,0.20413011955249263,0.13787741959095,0.011776180506222285,0.03495830898047942,1.3715494860771964
2014-12-07,0.900627613067627,0.19700054106030754,0.13670310378074646,0.011006687945766938,0.032423494168251764,1.2777614400226995
2014-12-08,0.9191622138023376,0.1878228378745723,0.12080733478069305,0.010827398657341822,0.032338724624862376,1.270958509739807
2014-12-09,0.9488864541053772,0.18431230322811124,0.1258532851934433,0.010481658386020288,0.03209642070540557,1.3016301216183577
2014-12-10,0.9958815574645996,0.18537815552790873,0.1280897706747055,0.010539099260435432,0.03188681287434454,1.351775395801994
2014-12-11,0.95230633020401,0.19039675663540703,0.09323004633188248,0.010606817215372455,0.032848505192036415,1.2793884555787083
2014-12-12,0.8700510859489441,0.1843739285883162,0.08434933423995972,0.010332959581921933,0.031201277479089115,1.180308585838231
2014-12-13,0.8921018838882446,0.18496696678611285,0.08890437334775925,0.01030488460881375,0.030876729587635824,1.2071548382185664
2014-12-14,0.8100544214248657,0.1691018777981008,0.08905340731143951,0.010242722211878994,0.03156679082364248,1.1100192195699277
2014-12-15,0.7900317311286926,0.16381768522005563,0.08055023849010468,0.00972650171925215,0.031296687495331016,1.0754228440534361
2014-12-16,0.9107654094696045,0.15252619571724857,0.15027977526187897,0.009480724662185455,0.030745222987090856,1.2537973280980084
2014-12-17,0.880659818649292,0.15233447039754072,0.09465554356575012,0.009191785190441726,0.026944461679592448,1.163786079482617
2014-12-18,0.9635173082351685,0.16602016517233695,0.09165141731500626,0.009592913148325463,0.02665157321221517,1.2574333770830524
2014-12-19,0.7641807198524475,0.15613390282085482,0.0784248635172844,0.008652494650466127,0.022759707016263515,1.0301516878573163
2014-12-20,0.7776613235473633,0.14948763610342064,0.08240554481744766,0.00940309391501521,0.02228681991816368,1.0412444183014105
2014-12-21,0.7946836948394775,0.14975536219324512,0.08813788741827011,0.009525639701999225,0.02182000501345708,1.063922589166449
2014-12-22,0.85267174243927,0.14593039026967494,0.11423309892416,0.009170287424534986,0.01991828435934269,1.1419238034169825
2014-12-23,0.8701085448265076,0.14939307431264817,0.14087969064712524,0.010299261127026959,0.021101406917568368,1.1917819778308762
2014-12-24,0.88801509141922,0.15061099616981616,0.15266366302967072,0.01129322117348693,0.022524098708746797,1.2251070705009404
2014-12-25,0.9105210900306702,0.13480083787540115,0.16267181932926178,0.01121572323096071,0.011925950063644193,1.2311354205299379
2014-12-26,0.9917736053466797,0.1600079272820701,0.14901705086231232,0.009357427068154268,0.01650432169782348,1.3266603322570398
2014-12-27,0.9179079532623291,0.1468642975136638,0.07447934150695801,0.008239148006694818,0.01041979644811694,1.1579105367377627
2014-12-28,1.0010993480682373,0.16251630304091072,0.09834787249565125,0.008778306861373793,0.012427985881429397,1.2831698163476024
2014-12-29,0.8783988356590271,0.13878969981949518,0.06986647844314575,0.008095096743660227,0.00867629795706635,1.1038264086223946
2014-12-30,0.8381990194320679,0.12645957080789474,0.07232467085123062,0.007961067167417015,0.008366484068940864,1.0533108123275512
2014-12-31,0.8381990194320679,0.13769770995929298,0.07271504402160645,0.008055379311501529,0.008855646759260878,1.0655227994837295
2015-01-01,0.8682925701141357,0.11606718172085785,0.07027102261781693,0.007857420037377997,0.007987406242969241,1.0704756007331577
2015-01-02,0.8642578721046448,0.11861299890868836,0.0693243145942688,0.008025765336490267,0.008170547412654699,1.068391498356747
2015-01-03,0.7426536083221436,0.11832726292298967,0.07232467085123062,0.00798972559045801,0.007094817407431007,0.9483900850942528
2015-01-04,0.7276782393455505,0.11522342610639154,0.07027102261781693,0.007778168305123553,0.006907849781822716,0.9278587061567053
2015-01-05,0.9006345868110657,0.13740937174065665,0.09341470152139664,0.008467209021904796,0.010527832144517036,1.1504537012395408
2015-01-06,0.7096917033195496,0.11343805616571452,0.06659559160470963,0.00790107921251506,0.008434269588050058,0.9060606998905388
2015-01-07,0.7488941550254822,0.11183948081461706,0.0692787915468216,0.008039202498248684,0.00864781236021976,0.9466994422453892
2015-01-08,0.7544625997543335,0.11843520922915994,0.07122134417295456,0.008245137944302625,0.012559424777335182,0.9649237158780858
2015-01-09,0.7544625997543335,0.11572623031646233,0.07122134417295456,0.008026486100952536,0.008931591990088349,0.9583682523347913
2015-01-10,0.7544625997543335,0.12217033084763507,0.07122134417295456,0.008221609834595685,0.014250315357525932,0.9703261999670447
2015-01-11,0.7234143614768982,0.12202718359181455,0.06919902563095093,0.008095289516959262,0.014887923545273334,0.9376237837618963
2015-01-12,0.7200528383255005,0.1227138652321436,0.06768577545881271,0.008124333344389473,0.014813929254242882,0.9333907416150891
2015-01-13,0.8355700969696045,0.11735943664902304,0.0748036652803421,0.007882616072374901,0.012310188793991013,1.0479260037653355
2015-01-14,0.8316873908042908,0.1337197443376194,0.07296206057071686,0.008327999484070373,0.015128356568150455,1.0618255517648478
2015-01-15,0.7209766507148743,0.11430616265292322,0.06560457497835159,0.007431064228584122,0.014437476098439971,0.9227559286731731
2015-01-16,0.7416518926620483,0.10535834492629895,0.08864495158195496,0.0072246053033211185,0.01346181327937918,0.9563416077530026
2015-01-17,0.7416518926620483,0.11159645957652349,0.0882745161652565,0.007005553910938095,0.013538232644227745,0.9620666549589941
2015-01-18,0.8990663886070251,0.13065803779440496,0.09368987381458282,0.007716124978694026,0.01729974088239578,1.1484301660771028
2015-01-19,0.8012579083442688,0.11085629699892308,0.11517055332660675,0.007262145348965247,0.014271346077799433,1.0488182500965633
2015-01-20,0.8464756608009338,0.10736809294517786,0.1036154180765152,0.006966294790679202,0.013559535338521184,1.0779850019518273
2015-01-21,0.82940673828125,0.10423425218385592,0.10033056139945984,0.0063261323262700855,0.012139686981385804,1.0524373711722217
2015-01-22,0.7953414916992188,0.09946063914664226,0.09888584911823273,0.005544666939916685,0.006590908052916839,1.0058235549569272
2015-01-23,0.7640822529792786,0.10074744688600952,0.08972075581550598,0.005456888365263916,0.005248652982191249,0.9652559970282493
2015-01-24,0.7640822529792786,0.10281149128968421,0.08831409364938736,0.005498548595926372,0.005092807284764998,0.9657991937990416
2015-01-25,0.7096349000930786,0.09963914105007653,0.09435422718524933,0.005503772837148519,0.005118724596571247,0.9142507657621243
2015-01-26,0.724238932132721,0.1038341010394339,0.09883812069892883,0.005613839784841554,0.004954351849919831,0.9374793455058451
2015-01-27,0.7425941824913025,0.1108458146400714,0.1052478551864624,0.0058053348927290605,0.005659766816413114,0.9701529540269784
2015-01-28,0.7306395173072815,0.10214220951197026,0.1015913337469101,0.00575416930578376,0.005534287894652448,0.9456615177665981
2015-01-29,0.6882143020629883,0.10320413945419736,0.09850066155195236,0.005611277942927392,0.005216548994923592,0.900746930006989
2015-01-30,0.7115861773490906,0.10217962204780263,0.1008843183517456,0.00547714334519582,0.004266174894343329,0.9243934359881779
2015-01-31,0.7305110692977905,0.11673498002971866,0.10007087886333466,0.0055907916686791315,0.0046805816443970935,0.95758830150392
2015-02-01,0.7319023013114929,0.10018793221884276,0.09707169979810715,0.005460777892050704,0.0026381041548960474,0.9372608153753896
2015-02-02,0.813167929649353,0.113585704444266,0.10217884182929993,0.005607426933758435,0.003596701221564658,1.0381366040782423
2015-02-03,0.721430242061615,0.09903397408051746,0.07127862423658371,0.005537298572811623,0.0024834331176501845,0.899763572069178
2015-02-04,0.659723162651062,0.10113304421855289,0.07044950872659683,0.005678646706142997,0.0026049743967447533,0.8395893366990995
2015-02-05,0.6279790997505188,0.10179406102050037,0.06974295526742935,0.0054511883476954055,0.002499446531578039,0.807466750917722
2015-02-06,0.6279790997505188,0.100056118057204,0.06767930835485458,0.004912462619006623,0.0024344983181594938,0.8030614870997435
2015-02-07,0.6001067757606506,0.09829852110186206,0.06672747433185577,0.004487200102692881,0.0024346673522551805,0.7720546386493166
2015-02-08,0.6179347634315491,0.10795786612153373,0.06550626456737518,0.004672538261776295,0.004970867535089918,0.8010422999173241
2015-02-09,0.7236902117729187,0.1206693941957743,0.09083537757396698,0.005612493227465108,0.008652601131385745,0.9494600779015109
2015-02-10,0.7748820185661316,0.11828171931628789,0.09837376326322556,0.004597040924861612,0.008710196192713357,1.00484473826322
2015-02-11,0.7875604629516602,0.11646004428256086,0.10507966578006744,0.004598046753233826,0.008688651724614398,1.0223868714921365
2015-02-12,0.8359630107879639,0.12096183264706405,0.10752899199724197,0.00468823996045204,0.011253346796901346,1.0803954221896233
2015-02-13,0.8302459120750427,0.10304544115131564,0.10717177391052246,0.00394718427060878,0.010353794896153611,1.0547641063036433
2015-02-14,0.8473320603370667,0.09970263718876772,0.11828304827213287,0.00422415109065649,0.009028294461386813,1.0785701913500105
2015-02-15,0.8688070178031921,0.11195159792630788,0.12674807012081146,0.004181687578464537,0.018205936165628295,1.1298943095944045
2015-02-16,0.8447868227958679,0.0958230043030071,0.11959332972764969,0.004109531482390225,0.018450282706347375,1.0827629710152622
2015-02-17,0.8412955403327942,0.09402948213237249,0.11428412050008774,0.0026837935464575613,0.005945786721662621,1.0582387232333748
2015-02-18,0.7462027668952942,0.09001569658024551,0.10520794242620468,0.002919316183455638,0.004538146778927812,0.9488838688641279
2015-02-19,0.6914575695991516,0.11208906357448692,0.1123257651925087,0.0028593320445695477,0.005184430123890465,0.9239161605346072
2015-02-20,0.5973606109619141,0.10621691579237788,0.06784048676490784,0.0031610131214286825,0.004666706032922945,0.7792457326735515
2015-02-21,0.6506675481796265,0.12128489533235261,0.0730796754360199,0.004341166548762459,0.007607021525925599,0.8569803070226871
2015-02-22,0.6714271306991577,0.10705388285756857,0.06947062164545059,0.003263685444165552,0.004197557049947416,0.8554128776962898
2015-02-23,0.6852449178695679,0.10487054546529154,0.07529889047145844,0.0027543299528216074,0.0029099954454114736,0.871078679204551
2015-02-24,0.7161204218864441,0.10307844993617186,0.07187619805335999,0.002578466663126792,0.002713285624673071,0.8963668221637758
2015-02-25,0.6742134690284729,0.09716823636725565,0.07254356145858765,0.0025237423322852378,0.002442209902779633,0.8488912190893811
2015-02-26,0.677361011505127,0.09660577061961123,0.07491003721952438,0.002388157286794118,0.002342481866009537,0.8536074584970662
2015-02-27,0.7103853821754456,0.11340318465322785,0.07738405466079712,0.00246292740695409,0.003133582224468724,0.9067691311208933
2015-02-28,0.7103853821754456,0.11279362491082674,0.07336941361427307,0.0026374817998187886,0.003662258244951311,0.9028481607453156
2015-03-01,0.5973606109619141,0.09435335010886606,0.07282208651304245,0.00261624941906125,0.002358276242660033,0.7695105732455438
2015-03-02,0.5927524566650391,0.09303515401852264,0.0750877782702446,0.0025316896120142164,0.0023064240215933994,0.7657135025874139
2015-03-03,0.5899980068206787,0.09545781814586919,0.07268620282411575,0.0026696381061193154,0.0024065146782253338,0.7632181805750082
2015-03-04,0.5997811555862427,0.09544429170445715,0.07486652582883835,0.0023708290134769956,0.002280530737927291,0.7747433328709424
2015-03-05,0.5849559903144836,0.09476490883273493,0.07012002915143967,0.002331816095413065,0.0022841990648646672,0.754456943458936
2015-03-06,0.620284914970398,0.10166277321734746,0.11135036498308182,0.002516646938411289,0.00241452487693868,0.8382292249861771
2015-03-07,0.6330502033233643,0.095422513055373,0.10810977220535278,0.0023364946500384876,0.0023730451643509077,0.8412920283984794
2015-03-08,0.6409008502960205,0.09921894880208815,0.10855557024478912,0.002511557233347124,0.0028862917346720056,0.854073218310917
2015-03-09,0.6117159128189087,0.0992889290576307,0.12588511407375336,0.0025458343435773648,0.0023719736808276055,0.8418077639746977
2015-03-10,0.6616265773773193,0.09848042413175674,0.11246714740991592,0.002522928990118884,0.0027399924051401845,0.8778370703142511
2015-03-11,0.6199084520339966,0.10348599169611204,0.10167032480239868,0.002373583978170334,0.0023648303653242843,0.829803182876002
2015-03-12,0.6045854687690735,0.09932892700701389,0.09927335381507874,0.0023240520666296433,0.0021804701969704333,0.8076922718547662
2015-03-13,0.6045854687690735,0.10679560802886622,0.099350206553936,0.0027510407808619478,0.004182410960949871,0.8176647350936875
2015-03-14,0.6135943531990051,0.10290787279339185,0.09959301352500916,0.0023121225165540936,0.0025769569571839086,0.8209843189911442
2015-03-15,0.6135943531990051,0.09745728654428093,0.0985717698931694,0.0022564102090304764,0.00240402418984831,0.8142838440353342
2015-03-16,0.6236339211463928,0.09656749690371809,0.09960847347974777,0.002301912076235943,0.0023410082822043973,0.8244528118882991
2015-03-17,0.6708400845527649,0.1115123161129359,0.1040840744972229,0.002515350385397234,0.0032970557576385046,0.8922488813059594
2015-03-18,0.694496214389801,0.12215941403349427,0.10455793142318726,0.004215064037180644,0.007533448035867419,0.9329620719195306
2015-03-19,0.7177450060844421,0.12516848930689325,0.11373607814311981,0.005712756338759857,0.011913411791478345,0.9742757416646934
2015-03-20,0.7177450060844421,0.12705633169415204,0.10984890908002853,0.005121487377678254,0.011401167885047001,0.9711729021213479
2015-03-21,0.7294886112213135,0.11718637502502674,0.10812418162822723,0.004140497416512476,0.011134680510581918,0.9700743458016619
2015-03-22,0.7294886112213135,0.11550411537510653,0.11529643833637238,0.004154077783452667,0.011206574237523139,0.9756498169537682
2015-03-23,0.7858598828315735,0.11012807761953344,0.12244534492492676,0.0034243896878687315,0.009862673848978369,1.0317203689128809
2015-03-24,0.7858598828315735,0.10781177904470068,0.12285350263118744,0.003696810259275086,0.00808458768652158,1.0283065624532584
2015-03-25,0.7858598828315735,0.11513988380785832,0.12525318562984467,0.0046202328261832635,0.017047508725775335,1.047920693821235
2015-03-26,0.8199788928031921,0.11897543122763984,0.13633166253566742,0.005417225686686199,0.016756122545676794,1.0974593347988624
2015-03-27,0.7987362146377563,0.11619087121007404,0.141215518116951,0.007300628563780358,0.010292970331169786,1.0737362028597317
2015-03-28,0.8533551096916199,0.14143734133973732,0.20356033742427826,0.008690424408755901,0.018732549715412248,1.2257757625798036
2015-03-29,0.7557887434959412,0.14218289670510423,0.12558144330978394,0.011826595901372689,0.023749090132790765,1.0591287695449927
2015-03-30,0.6798779368400574,0.1348197475397049,0.11197618395090103,0.015094307398444843,0.024049606103084625,0.9658177818321928
2015-03-31,0.6798779368400574,0.12857533220150172,0.12216386944055557,0.013880393784144318,0.023205991469348205,0.9677035237356072
2015-04-01,0.7148038148880005,0.1316976610999003,0.11305677890777588,0.009873330872279366,0.018496238421152753,0.9879278241891088
2015-04-02,0.7003899812698364,0.11494617607995429,0.10651392489671707,0.007399905807855994,0.014878616501429708,0.9441286045557935
2015-04-03,0.7603179216384888,0.12522329898933576,0.12032722681760788,0.006640909192219652,0.01359049631662475,1.0260998529542769
2015-04-04,0.6879830956459045,0.10483436718568184,0.10037340968847275,0.004775730077209971,0.00901143977341537,0.9069780423706845
2015-04-05,0.7145845890045166,0.10199471935770961,0.08399579674005508,0.004648206797083696,0.00653873291570224,0.9117620448150673
2015-04-06,0.6858865022659302,0.09529203371735294,0.08461999148130417,0.004523723052869402,0.004805050625428493,0.8751273011428852
2015-04-07,0.5824170112609863,0.09428977386250183,0.07490237802267075,0.004416014683923812,0.004058392118269738,0.7600835699483525
2015-04-08,0.5851361751556396,0.08955184792708122,0.08280084282159805,0.003806137527374641,0.003615883232435552,0.7649108866641292
2015-04-09,0.5891274809837341,0.08656539802845946,0.07765945047140121,0.0038166325058521886,0.0034653781586261637,0.7606343401480731
2015-04-10,0.5798540115356445,0.09121708624866594,0.07310491055250168,0.003566570394120495,0.002997424919988626,0.7507400036509213
2015-04-11,0.6719512939453125,0.09413641896003602,0.0772106945514679,0.003778988440675786,0.003183486518673328,0.8502608824161655
2015-04-12,0.7209835648536682,0.11074838303281782,0.11619113385677338,0.004617254315987447,0.005793765475798729,0.9583341015350456
2015-04-13,0.7517838478088379,0.1260262158081197,0.1289367824792862,0.0056932195825240995,0.008722858171350897,1.021162923850119
2015-04-14,0.6780620217323303,0.13588027281874776,0.11714549362659454,0.007365201829781405,0.013920602162203498,0.9523735921696576
2015-04-15,0.6891339421272278,0.1430158131245117,0.12573403120040894,0.010923787793650564,0.01563937906401048,0.9844469533098095
2015-04-16,0.7240657210350037,0.15239806824425742,0.1463633030653,0.010123679006963133,0.014853661439728234,1.0478044327912526
2015-04-17,0.6780306696891785,0.14393417810861225,0.1256132274866104,0.010587334147469298,0.012893011119789799,0.9710584205516603
2015-04-18,0.7270604968070984,0.1502224209432105,0.14671142399311066,0.011161743713396151,0.013553633049831397,1.048709718506647
2015-04-19,0.7168284058570862,0.148824008850696,0.1342502385377884,0.01168612177411512,0.014750345792466377,1.0263391208121522
2015-04-20,0.8103138208389282,0.16528260150917604,0.1549435555934906,0.011939059771022264,0.019651574099848135,1.1621306118124655
2015-04-21,0.7158838510513306,0.16723214720054608,0.10374480485916138,0.0146058840986691,0.018642572843184314,1.0201092600528914
2015-04-22,0.6237655282020569,0.14013833748918925,0.08786620199680328,0.011915814245744567,0.011714818479417757,0.8754007004132118
2015-04-23,0.612556517124176,0.1351658990714561,0.08208262920379639,0.011133477201779712,0.011523109590439123,0.8524616321916474
2015-04-24,0.6542413234710693,0.15141687115167296,0.08908944576978683,0.010420302511800083,0.011339579969425213,0.9165075228737545
2015-04-25,0.658854603767395,0.13468207635680834,0.08380948007106781,0.009988281223489581,0.00822832872163565,0.8955627701403965
2015-04-26,0.634630024433136,0.14078034186531874,0.09006709605455399,0.011360366490454165,0.010868433793895611,0.8877062626373584
2015-04-27,0.6884005665779114,0.14232157981114255,0.09238581359386444,0.011416687314807354,0.010984332970838931,0.9455089802685647
2015-04-28,0.6901482939720154,0.15228827158754646,0.10946308076381683,0.008853599921145709,0.013685042083732302,0.9744382883282567
2015-04-29,0.7652289271354675,0.15548891090796574,0.1347273588180542,0.01433142571371809,0.021893908734168775,1.0916705313093744
2015-04-30,0.8215219378471375,0.15696488364207126,0.12144112586975098,0.017018191157762142,0.025042465541962065,1.141988604058684
2015-05-01,0.890451192855835,0.17692404789063648,0.12579873204231262,0.018742582154774652,0.03374902750286576,1.2456655824464244
2015-05-02,0.8350221514701843,0.18762422201126042,0.2301749587059021,0.021090033507051353,0.0328200434290743,1.3067314091234725
2015-05-03,0.8582281470298767,0.20916987617383342,0.21546420454978943,0.023648944397407935,0.04164438774190369,1.3481555598928112
2015-05-04,0.8618667721748352,0.27747820360046827,0.20764541625976562,0.025185315664850105,0.03990033268356109,1.4120760403834804
2015-05-05,0.8196424245834351,0.28002736197065686,0.14457327127456665,0.025636599853554234,0.037941998417512154,1.307821656099725
2015-05-06,0.8049135208129883,0.24969586535270635,0.1431741863489151,0.02284302247545455,0.0340076480182642,1.2546342430083286
2015-05-07,0.8049135208129883,0.21381471890201012,0.13804991543293,0.02351547710162349,0.029383438338478705,1.2096770705880306
2015-05-08,0.7749789357185364,0.22852605926429778,0.11973007768392563,0.023605016304061695,0.02606569668892134,1.172905785659743
2015-05-09,0.801016628742218,0.24259464692874122,0.14728465676307678,0.02388679021146488,0.02691048899813553,1.2416932116436363
2015-05-10,0.776416003704071,0.255295564341907,0.141093909740448,0.023678195950460515,0.025365782633033733,1.2218494563699205
2015-05-11,0.8154810667037964,0.26223970337360614,0.15984182059764862,0.02473641227204217,0.025586531277158202,1.2878855342242514
2015-05-12,0.7614738345146179,0.2579152574669034,0.15394803881645203,0.023729858563457572,0.023422926490190052,1.220489915851621
2015-05-13,0.8045495748519897,0.2559221088791901,0.14188680052757263,0.02285604447013149,0.02432597325750176,1.2495405019863859
2015-05-14,0.7521566152572632,0.23702376663680466,0.1340198516845703,0.02115257636991058,0.021675939617290068,1.1660287495658388
2015-05-15,0.7014342546463013,0.23275098498113034,0.11227751523256302,0.019849649849858785,0.020426911468532618,1.086739316178386
2015-05-16,0.7110421657562256,0.24155836006141004,0.12782637774944305,0.020395496194072757,0.020563989712295387,1.1213863894734466
2015-05-17,0.7267451882362366,0.2528382230750286,0.13744544982910156,0.023846190474066237,0.025709736145825918,1.1665847877602589
2015-05-18,0.6918579936027527,0.25577543542265313,0.08960465341806412,0.02239825461919293,0.024053152470131338,1.0836894895327942
2015-05-19,0.7418876886367798,0.25734814234281495,0.09401190280914307,0.02413705177196519,0.02610555838511443,1.1434903439458175
2015-05-20,0.7214891910552979,0.28100092878083877,0.09875652194023132,0.02410122705913704,0.030032693124784873,1.15538056196029
2015-05-21,0.7307129502296448,0.2972855909708722,0.09977824985980988,0.026618681131025446,0.03298192713793101,1.1873773993292833
2015-05-22,0.8282651901245117,0.33126600707256687,0.14197127521038055,0.02974703303970474,0.037662428998157006,1.3689119344453209
2015-05-23,0.862699568271637,0.39284134684646094,0.1317858248949051,0.0310333971911947,0.0420344685734593,1.460394605777657
2015-05-24,0.8045228123664856,0.4551384772386899,0.13255231082439423,0.030884781761852224,0.04394932510424689,1.467047707295669
2015-05-25,0.8959206938743591,0.4694258541742896,0.1473274827003479,0.030087733744848685,0.04327233024361801,1.5860340947374634
2015-05-26,1.0807483196258545,0.4752696099097842,0.14047162234783173,0.03053169759544322,0.04388578050078992,1.7709070299797036
2015-05-27,1.1588995456695557,0.4739712455582535,0.1915166676044464,0.029822622399874838,0.042663634535028576,1.896873715767159
2015-05-28,0.8536930680274963,0.4295126976485737,0.0912056416273117,0.029764848358073446,0.037599690177245335,1.4417759458387005
2015-05-29,0.8274746537208557,0.39682244175927256,0.09040243178606033,0.028870498696262306,0.03413401574082946,1.3777040417032802
2015-05-30,0.8923579454421997,0.4043470623627038,0.09864326566457748,0.0292016186013616,0.0350450740432255,1.4595949661140681
2015-05-31,0.8699753284454346,0.3972483153578473,0.08944211900234222,0.028720538806765637,0.030242360476123966,1.4156286620885137
2015-06-01,0.796607255935669,0.36087538386626716,0.08908770233392715,0.02742840853212139,0.026088860912782015,1.300087611580767
2015-06-02,0.7607415318489075,0.38974120548314506,0.08679170906543732,0.028490156282662802,0.02660503480802416,1.2923696374881768
2015-06-03,0.802100419998169,0.39005982820572,0.08525271713733673,0.02854872626642033,0.03160147116724278,1.3375631627748887
2015-06-04,0.8353670239448547,0.41997777269657754,0.09642527997493744,0.030722654888253546,0.03600266334493157,1.418495394849555
2015-06-05,0.9712671041488647,0.5626666456572824,0.13312676548957825,0.03365928632859045,0.05027779824300343,1.7509975998673193
2015-06-06,0.9738506078720093,0.575773505446801,0.13551650941371918,0.03374468970210621,0.05347792033824119,1.7723632327728769
2015-06-07,0.941127598285675,0.6443017418725363,0.14251527190208435,0.03349786752281076,0.052912370773301916,1.8143548503564084
2015-06-08,1.17337965965271,0.6830849615930763,0.15609636902809143,0.0431323769885872,0.055941585819651946,2.1116349530821172
2015-06-09,1.0942519903182983,0.7295363122334666,0.1603517085313797,0.04427563300556775,0.06331487738468235,2.0917305214733948
2015-06-10,1.114275336265564,0.7659777117202988,0.1631966382265091,0.04588016309848569,0.07027091026983583,2.1596007595806936
2015-06-11,1.1970877647399902,0.7659019329050543,0.20831406116485596,0.04754749936700812,0.07226358353832141,2.2911148417152294
2015-06-12,1.2330958843231201,0.7811545913858267,0.18659251928329468,0.04817372762362137,0.07689515441580277,2.325911877031665
2015-06-13,1.3162217140197754,0.7718212616770466,0.18815802037715912,0.048332138096400724,0.07785085206521605,2.4023839862355976
2015-06-14,1.3162217140197754,0.867846860382985,0.21474963426589966,0.04827815496487314,0.07895514149738365,2.526051505130917
2015-06-15,1.3162217140197754,0.9359137711025542,0.19960585236549377,0.04855588999475033,0.07929954187939171,2.5795967693619657
2015-06-16,1.3162217140197754,0.9021763418605377,0.22021061182022095,0.048554309884507915,0.0775682231428546,2.564731200727897
2015-06-17,1.211776614189148,0.8216742834755197,0.1483154594898224,0.047128501645358485,0.0749833418009845,2.303878200600833
2015-06-18,1.211776614189148,0.8127710113005657,0.16916513442993164,0.045603997352366296,0.07222138392165484,2.311538141193666
2015-06-19,1.1803838014602661,0.7308196250954011,0.17124982178211212,0.03662258187200798,0.06261583199070789,2.181691662200495
2015-06-20,1.1160632371902466,0.5784831250214093,0.14424556493759155,0.034799345075112745,0.051146316853080624,1.9247375890774407
2015-06-21,1.0428756475448608,0.5040039527917288,0.13486404716968536,0.03125393089638101,0.041500404857292075,1.754497983259948
2015-06-22,1.0547219514846802,0.41814610843750666,0.15244504809379578,0.028499756532552524,0.03331691185711271,1.6871297764056477
2015-06-23,0.9517582654953003,0.37459812243864543,0.12286276370286942,0.025632372582256244,0.02478245420053976,1.499633978419611
2015-06-24,0.8846438527107239,0.33566588762318833,0.10540442913770676,0.024863827068787744,0.022823628605084842,1.3734016251454917
2015-06-25,0.9802823662757874,0.3272739974208038,0.10377785563468933,0.024511846388650158,0.021607483619945897,1.4574535493398766
2015-06-26,0.9822379946708679,0.3110894285563956,0.10260747373104095,0.024077048461644514,0.02090815358433547,1.4409200990042845
2015-06-27,0.9574940204620361,0.3063561569143793,0.10696719586849213,0.024085439590636575,0.01874113484254776,1.4136439476780918
2015-06-28,0.9574940204620361,0.2875520752345535,0.10675463825464249,0.023336069284621782,0.016827704313069604,1.3919645075489235
2015-06-29,0.9169530272483826,0.28301346267205696,0.10149461776018143,0.023608940484681974,0.01817634301712398,1.343246391182427
2015-06-30,1.0015844106674194,0.3159920739728988,0.11648161709308624,0.02545462926901085,0.025178069343328696,1.484690800345744
2015-07-01,0.8407794237136841,0.3051394672995031,0.11880005896091461,0.025901562322544324,0.026903352170278005,1.317523864466924
2015-07-02,0.7904487252235413,0.2805529762966031,0.09286996722221375,0.024090855369942918,0.019099012558744227,1.207061536671045
2015-07-03,0.7584906220436096,0.26444336076668873,0.09503084421157837,0.023081411360904743,0.019097670407735284,1.1601439087905168
2015-07-04,0.8355089426040649,0.2706510030854103,0.11146458238363266,0.022482800601048816,0.01942768576514142,1.2595350144392983
2015-07-05,0.7421017289161682,0.21969511337760111,0.0959777683019638,0.018848496784590798,0.01611963392399152,1.0927427413043154
2015-07-06,0.7421017289161682,0.21460529727892366,0.09601130336523056,0.018846914631665258,0.016076172308662352,1.08764141650065
2015-07-07,0.8055987358093262,0.20455913567717876,0.09725039452314377,0.01276009064320147,0.016251436653646065,1.1364197933064963
2015-07-08,0.6977568864822388,0.17907770624363506,0.08680276572704315,0.01179426349050464,0.011347184454312103,0.9867788063977337
2015-07-09,0.6977568864822388,0.19321747990269122,0.08132846653461456,0.012854015268369722,0.014177227868439023,0.9993340760563533
2015-07-10,0.7298972606658936,0.22078451612375927,0.08232251554727554,0.015558416719115072,0.02110376327089809,1.0696664723269418
2015-07-11,0.8054773211479187,0.2564604931060326,0.08846557140350342,0.017896922337197568,0.0314024613788316,1.1997027693734839
2015-07-12,0.7896445989608765,0.2257082380657412,0.07768266648054123,0.016620209116955185,0.03652872682476181,1.1461844394488758
2015-07-13,0.7449457049369812,0.21910034174469234,0.07736901938915253,0.015555847854794446,0.03555941842225965,1.09253033234788
2015-07-14,0.7998584508895874,0.2274699269892907,0.07790260016918182,0.015413732155534843,0.03571297478881795,1.1563576849924126
2015-07-15,0.8708558082580566,0.2212976570108121,0.1427224725484848,0.015110316222344733,0.03072999161447777,1.280716245654176
2015-07-16,0.809343159198761,0.2414527319958854,0.08817382901906967,0.0182561615838579,0.03879348199647414,1.1960193637940482
2015-07-17,0.8681439161300659,0.2763306341225841,0.0971849337220192,0.019829992098810333,0.040684061134228254,1.3021735372077077
2015-07-18,0.980938732624054,0.3108069901100384,0.13110405206680298,0.020015182793734727,0.04486089196108444,1.4877258495557144
2015-07-19,0.9905209541320801,0.29836863237081623,0.0949547216296196,0.020335357524685387,0.04037904826371823,1.4445587139209195
2015-07-20,1.0892795324325562,0.32092907171111074,0.10006728023290634,0.022718279859826242,0.04534921716345233,1.578343381399852
2015-07-21,0.9832096695899963,0.38131309137522484,0.10683201253414154,0.021934591483087545,0.044405098441633165,1.5376944634240832
2015-07-22,1.0444741249084473,0.39961407145900285,0.13701531291007996,0.022944325403219494,0.04551746136153486,1.6495652960422844
2015-07-23,1.203946590423584,0.34305815405177476,0.10907565802335739,0.023059558915014853,0.04126615700060713,1.7204061184143382
2015-07-24,1.0677562952041626,0.32536500806430046,0.1188540831208229,0.020890460387768723,0.03822282718464888,1.5710886739617036
2015-07-25,1.066895604133606,0.324652136897172,0.10928051918745041,0.020425737889297264,0.03792985265924797,1.5591838507667737
2015-07-26,1.009964942932129,0.27166441746133935,0.08299718797206879,0.01775387557686335,0.026755620534503335,1.4091360444769039
2015-07-27,0.8769729137420654,0.2726799219459509,0.08519686013460159,0.017771562276060655,0.023028886353834013,1.2756501444525123
2015-07-28,0.8281786441802979,0.2902526982122982,0.10997658222913742,0.017877072592878313,0.024402089876719213,1.270687087091331
2015-07-29,0.6952018141746521,0.24700861490267195,0.07700178027153015,0.017233955281108285,0.021467692836688933,1.0579138574666516
2015-07-30,0.6952018141746521,0.23201353895605784,0.08208824694156647,0.01612909494227064,0.019896816301014617,1.0453295113155616
2015-07-31,0.7451594471931458,0.2514642229638606,0.08396728336811066,0.016108138608204797,0.024245671784951097,1.1209447639182728
2015-08-01,0.6644932627677917,0.21348783620147188,0.07628558576107025,0.01483957868804999,0.018380281620448087,0.9874865450388319
2015-08-02,0.6644932627677917,0.22744935372675018,0.08199258148670197,0.014614490083872089,0.018622180217449442,1.0071718682825654
2015-08-03,0.6814782619476318,0.22104056658052657,0.07589932531118393,0.015846011752163602,0.01965798319821446,1.0139221487897205
2015-08-04,0.7339885234832764,0.23014918113547603,0.09386026114225388,0.015138366116565221,0.02035944819295218,1.0934957800705234
2015-08-05,0.6761358380317688,0.20556661572338047,0.07525409013032913,0.012152525415497495,0.01183501476811079,0.9809440840690866
2015-08-06,0.6644932627677917,0.19411572080820721,0.07253401726484299,0.01179097798431136,0.012058390752386954,0.9549923695775402
2015-08-07,0.7447916269302368,0.20115349929114154,0.07699394226074219,0.011390112380187988,0.011881001156245656,1.046210182018554
2015-08-08,0.7329893708229065,0.2307622368525942,0.09422876685857773,0.012216952655364037,0.01646550934295757,1.0866628365324
2015-08-09,0.6539634466171265,0.20864580193844753,0.07381956279277802,0.013338704514640922,0.015132557619697735,0.9649000734826907
2015-08-10,0.7099189758300781,0.23631011027910492,0.0808454230427742,0.013145720954730952,0.01871917038131612,1.0589394004880044
2015-08-11,0.6847950220108032,0.2214163168003685,0.0754668116569519,0.014396679636264,0.017940369769389425,1.014015199873777
2015-08-12,0.6959996223449707,0.23123477599460954,0.07847948372364044,0.016403950886362182,0.02061820117389722,1.0427360341234801
2015-08-13,0.7468340396881104,0.2350653757965321,0.08090803027153015,0.01641594312344087,0.02294187635999316,1.1021652652396068
2015-08-14,0.7992205619812012,0.2349206041512324,0.07881788909435272,0.016533954732574383,0.020087687396329882,1.1495806973556906
2015-08-15,0.8520140051841736,0.2593321153280059,0.08215785026550293,0.016279332263845793,0.023961271030671766,1.2337445740722
2015-08-16,0.7927612066268921,0.24437300371188406,0.07682330906391144,0.018326419015609115,0.026434803216507957,1.1587187416348048
2015-08-17,0.8585138320922852,0.250770762968153,0.07821878790855408,0.020414974507337882,0.03276629285551829,1.2406846503318485
2015-08-18,0.9409388899803162,0.26601531465342104,0.07723796367645264,0.01953680748980957,0.03460309441596148,1.338332070215961
2015-08-19,0.856346845626831,0.24315990395352718,0.07661128044128418,0.018884495197509343,0.02932799032997754,1.2243305155491293
2015-08-20,0.7482720017433167,0.24177067086999188,0.0742856115102768,0.017260604763650926,0.026419929799107837,1.1080088186863442
2015-08-21,0.7592853903770447,0.2593054029028201,0.08011873811483383,0.017924858492833453,0.027905706323404944,1.144540096210937
2015-08-22,0.7498530149459839,0.2612703446623585,0.07920018583536148,0.019036634058911175,0.029261747134735408,1.1386219266373505
2015-08-23,0.7389764785766602,0.24308425328545888,0.07896130532026291,0.018563217112221985,0.024070833112051885,1.1036560874066559
2015-08-24,0.722456157207489,0.22581812538597232,0.07568079233169556,0.016628935299340245,0.019357968362794676,1.0599419785872919
2015-08-25,0.7061355113983154,0.21935473082852774,0.07488202303647995,0.01586517097744047,0.016133446044183538,1.0323708822849471
2015-08-26,0.7598413825035095,0.24253114521189706,0.11398457735776901,0.01627878255521111,0.01833378579626382,1.1509696734246504
2015-08-27,0.7731546759605408,0.2407022740979698,0.11270040273666382,0.01868272151375994,0.02052389790228428,1.1657639722112187
2015-08-28,0.871941089630127,0.2471176484853533,0.10943690687417984,0.019907776152128215,0.02458074118446669,1.272984162326255
2015-08-29,0.8349445462226868,0.262388734004959,0.11719270050525665,0.020305271481123346,0.028351401545297986,1.2631826537593238
2015-08-30,0.9652591943740845,0.27618964775285465,0.12425268441438675,0.020068967282016424,0.02874501328625004,1.4145155071095925
2015-08-31,0.8514769077301025,0.2519489455448703,0.12108825147151947,0.02061227600507915,0.02663719289261871,1.2717635736441901
2015-09-01,0.9353004097938538,0.2842386273199659,0.12453357130289078,0.02109769699398656,0.031088124713661867,1.396258430124359
2015-09-02,0.7832416892051697,0.2657512413446862,0.08205779641866684,0.022607550498989697,0.03587838076349703,1.1895366582310096
2015-09-03,0.8157260417938232,0.27826040961750736,0.08185909688472748,0.022083628156482637,0.03681635584599758,1.2347455322985383
2015-09-04,1.1082972288131714,0.27802853123013743,0.09432455897331238,0.023323014711367832,0.035391530836007865,1.5393648645639968
2015-09-05,1.3146047592163086,0.3038521782321645,0.10476337373256683,0.025304585473016415,0.03772894794122725,1.7862538445952838
2015-09-06,1.378913402557373,0.3257590784673513,0.11034177988767624,0.030610527089707,0.041072752931376355,1.886697540933484
2015-09-07,1.48843252658844,0.48293339636266697,0.10860804468393326,0.036963979099205804,0.0442340669953576,2.1611720137296038
2015-09-08,1.5594714879989624,0.5596922276983864,0.11950571835041046,0.04143410957482176,0.05059508558660406,2.330698629209185
2015-09-09,1.4275281429290771,0.5021376822359256,0.10598153620958328,0.04097355268222928,0.047511647265962534,2.1241325613227784
2015-09-10,1.3850380182266235,0.46717358247158103,0.11000046879053116,0.034575944231934136,0.04544451779730653,2.0422325315179766
2015-09-11,1.338206171989441,0.4716428539116163,0.10588131844997406,0.03505804765823331,0.04924901867855734,2.000037410687822
2015-09-12,1.4014618396759033,0.38715122791305145,0.11259797215461731,0.033950230800177145,0.05357748773807158,1.9887387582818206
2015-09-13,1.422711730003357,0.3935782436274362,0.1384688913822174,0.034187578372527595,0.053149042194957447,2.0420954855804956
2015-09-14,1.2849154472351074,0.4018415302583747,0.11939137428998947,0.033310867165174896,0.04533234705468498,1.8847915660033314
2015-09-15,1.4029004573822021,0.42276976272176225,0.12414614111185074,0.03349695524565733,0.04420913931794089,2.0275224557794136
2015-09-16,1.419533371925354,0.4736424873701578,0.12285107374191284,0.03348006173459409,0.04052592608430446,2.0900329208563235
2015-09-17,1.4692113399505615,0.4527234131019219,0.1263221800327301,0.03382283513193761,0.04132547090342495,2.1234052391205758
2015-09-18,1.3180084228515625,0.3634306092190939,0.13622312247753143,0.03305709413620622,0.040597418449734114,1.8913166671341284
2015-09-19,1.22456693649292,0.37511464614545836,0.1476440578699112,0.03316061328676055,0.03995662909244819,1.8204428828874983
2015-09-20,1.296403408050537,0.40079329119076923,0.1379387229681015,0.035502837789046914,0.0432719638047946,1.9139102238032495
2015-09-21,1.5368026494979858,0.4609675525431743,0.14653252065181732,0.0355273946892596,0.04453995466807377,2.2243700720503106
2015-09-22,1.5070358514785767,0.6009402624886686,0.16062404215335846,0.03713733563143287,0.04712372934859083,2.3528612211006275
2015-09-23,1.5368026494979858,0.7154486401865672,0.16165465116500854,0.04682514991389351,0.06003328678927981,2.5207643775527346
2015-09-24,1.4302600622177124,0.8331519655286341,0.17054668068885803,0.049098991630730913,0.07171693336856126,2.5547746334344965
2015-09-25,1.389784812927246,0.8754331389455678,0.1761500984430313,0.04859915328973799,0.07813102961639412,2.5680982332219777
2015-09-26,1.4988679885864258,0.8814040711176185,0.18487587571144104,0.048382919152651145,0.07939715895197008,2.692928013520106
2015-09-27,1.4656940698623657,0.8680394504810733,0.1958741396665573,0.048850784970267576,0.07963371965882174,2.658092164639086
2015-09-28,1.70975923538208,0.8148546407265858,0.2136898785829544,0.04995132263660542,0.07851043927435915,2.866765516602585
2015-09-29,1.7052809000015259,0.8634211041835567,0.33700525760650635,0.050212087485461236,0.08264235963490539,3.0385617089119554
2015-09-30,1.5250043869018555,0.9000876179693573,0.22682657837867737,0.04923758802255925,0.08260566494010668,2.7837618362125562
2015-10-01,1.707406997680664,0.8940047240506945,0.21260812878608704,0.049239296583934604,0.08172859733093986,2.9449877444323205
2015-10-02,1.926400899887085,0.8357787606060179,0.21979542076587677,0.04925721470231503,0.08120545102351094,3.112437746984805
2015-10-03,1.7780461311340332,0.8068939629858964,0.22261586785316467,0.048717373222956,0.07783247293780955,2.93410580813386
2015-10-04,1.8209142684936523,0.7987371061527799,0.2987782657146454,0.04841476443954113,0.07653989234415685,3.0433842971447755
2015-10-05,2.068235397338867,0.7469636862807523,0.2499384582042694,0.04685581900701299,0.07320207117927233,3.1851954320101745
2015-10-06,2.1624717712402344,0.6824405547795558,0.24849925935268402,0.046534810998793266,0.06858677233638893,3.2085331687076564
2015-10-07,2.122542142868042,0.5480048610767383,0.26656633615493774,0.03789415176915684,0.06413375557678827,3.0391412474456634
2015-10-08,2.1747493743896484,0.4217370793213532,0.2870786488056183,0.03744108025125679,0.06269883930401549,2.983705022071892
2015-10-09,2.2198903560638428,0.3792038047871077,0.25819751620292664,0.03567361188922593,0.05346426340816466,2.9464295523512676
2015-10-10,2.049537420272827,0.3626156812857408,0.260780930519104,0.03377475788836312,0.0506395482586356,2.7573483382246704
2015-10-11,1.996530294418335,0.3546694337140606,0.17746815085411072,0.030702569010668063,0.045740384279287054,2.6051108322764613
2015-10-12,1.5946671962738037,0.3389188119634852,0.1701425313949585,0.030352066128073816,0.03870648411386013,2.1727870898741815
2015-10-13,1.496808409690857,0.32268798851928937,0.15266108512878418,0.02989275480035584,0.03187251231089967,2.033922750450186
2015-10-14,1.4492692947387695,0.3192937144060965,0.1549665629863739,0.029168735036594163,0.029617622185342554,1.9823159293531767
2015-10-15,1.3566595315933228,0.3056545012572752,0.15310004353523254,0.02851808001617006,0.03106852254264351,1.875000678944644
2015-10-16,1.284196376800537,0.3225841629608338,0.16949743032455444,0.030872946689280298,0.037359875806560035,1.8445107925817656
2015-10-17,1.209079384803772,0.35218428872600127,0.15493860840797424,0.03280756738942049,0.04514498591313244,1.7941548352403005
2015-10-18,1.3888680934906006,0.42107622125886723,0.1718171387910843,0.03349414964015148,0.05921835609451444,2.0744739592752177
2015-10-19,1.682242512702942,0.49099441481613365,0.1850375235080719,0.03472018367876009,0.06545698103508707,2.458451615740995
2015-10-20,1.9297752380371094,0.6456449972085685,0.20760227739810944,0.04374025376809421,0.07042520702558822,2.89718797343747
2015-10-21,1.6871514320373535,0.6397540244086906,0.1510622501373291,0.04497059609670949,0.06936648688178662,2.592304789561869
2015-10-22,1.6871514320373535,0.6554546688688034,0.15771667659282684,0.04574308445945977,0.06998303665387644,2.6160488986123203
2015-10-23,2.1404948234558105,0.6153861694834819,0.17739824950695038,0.04557651761341886,0.06665926008786031,3.045515020147522
2015-10-24,1.9534603357315063,0.5731076830029052,0.19460584223270416,0.04572995186691645,0.0646739382737139,2.831577751107746
2015-10-25,2.3507416248321533,0.5798266660883098,0.23238243162631989,0.0451884590386202,0.06553995904929569,3.2736791406346986
2015-10-26,2.4130008220672607,0.661684250323415,0.2763351798057556,0.048359841765205594,0.06667976605478566,3.4660598600164225
2015-10-27,2.4723610877990723,0.7077126774908142,0.31655484437942505,0.04832948395329075,0.07056425751854457,3.615522351141147
2015-10-28,2.283269166946411,0.6717904628391411,0.2741342782974243,0.04758241991959374,0.06451769286210547,3.3412940208646753
2015-10-29,2.283269166946411,0.6854124962206161,0.2927396893501282,0.04598588263746635,0.06223995049613412,3.3696471856507557
2015-10-30,2.2886300086975098,0.6594957003080477,0.2585349977016449,0.04549061859583063,0.05936540157930039,3.3115167268823336
2015-10-31,2.4542651176452637,0.6167033196871696,0.25924867391586304,0.04424515596381681,0.05123966279403857,3.4257019300061513
2015-11-01,2.313458204269409,0.519126213670225,0.24557410180568695,0.04164995914855992,0.04679772505883276,3.1666062039527136
2015-11-02,2.227872371673584,0.473190818453901,0.24784952402114868,0.03530277934824989,0.041724551179553926,3.0259400446764375
2015-11-03,2.0547430515289307,0.3174001837016733,0.2155464142560959,0.03168160556627053,0.03316771906557982,2.6525389741185497
2015-11-04,1.9369633197784424,0.2895228044095852,0.21604959666728973,0.02857377985214097,0.03067390554607216,2.50178340625353
2015-11-05,1.8284059762954712,0.27031149264758786,0.19258016347885132,0.025890466297019854,0.03428757871116795,2.3514756774300984
2015-11-06,1.6246159076690674,0.2718808209182267,0.17376470565795898,0.025676071431932127,0.028665739615888114,2.1246032452930734
2015-11-07,1.4332139492034912,0.27954385291926126,0.1740603893995285,0.025850355223068448,0.03461608321509538,1.947284629960445
2015-11-08,1.4124252796173096,0.28165157662445567,0.17080925405025482,0.02799913153836021,0.03789165878923699,1.9307769006196174
2015-11-09,1.4642448425292969,0.29976821494984673,0.20581328868865967,0.02755316745252877,0.04328361893029095,2.040663132550623
2015-11-10,1.1277341842651367,0.273961399485053,0.1141921728849411,0.026986604758154262,0.03724208239356999,1.580116443786855
2015-11-11,1.1277341842651367,0.276555258137708,0.11741825938224792,0.02679524231549837,0.04175442341531798,1.590257367515909
2015-11-12,1.1533112525939941,0.31646899661234,0.12412367761135101,0.028831853984160462,0.051084010211708566,1.6738197910135542
2015-11-13,1.2102490663528442,0.3407965929664134,0.11441031843423843,0.027404098511749703,0.051518671910330355,1.7443787481755761
2015-11-14,1.2400213479995728,0.3516230486744466,0.11880864202976227,0.02848541700274403,0.053263518373064145,1.7922019740795898
2015-11-15,1.5734494924545288,0.3950007122247141,0.14484457671642303,0.029304034272324718,0.0562921084286833,2.1988909240966743
2015-11-16,1.57535719871521,0.46441823849998687,0.16430097818374634,0.031978806005507524,0.055009979616712314,2.2910652010211634
2015-11-17,1.6360712051391602,0.4758454442725886,0.1581282615661621,0.03964735139716847,0.05671780071319171,2.366410063088271
2015-11-18,1.6763122081756592,0.45925773164599254,0.14394205808639526,0.039141763592967845,0.054032943244738896,2.372686704745754
2015-11-19,1.7009845972061157,0.46360093965705895,0.14414215087890625,0.03867958682807096,0.052059871585821794,2.3994671461559736
2015-11-20,1.7009845972061157,0.43366395214495096,0.135045126080513,0.037378083715096676,0.05348259711878191,2.360554356265458
2015-11-21,1.7729822397232056,0.4456121958293141,0.13829287886619568,0.04016193831745328,0.058904770603011,2.4559540233391797
2015-11-22,1.7616075277328491,0.47753549998930217,0.1552446335554123,0.03998953908396698,0.06003719130485887,2.4944143916663895
2015-11-23,2.2385480403900146,0.48937820817259187,0.19015423953533173,0.04133390165853608,0.06209839625238847,3.021512786008863
2015-11-24,1.6438372135162354,0.4839043104615975,0.11922436952590942,0.03816735800925237,0.056654588552056004,2.341787840065051
2015-11-25,1.7148783206939697,0.4606613261381645,0.12298060208559036,0.03573171995131309,0.051629965537491,2.3858819344065285
2015-11-26,1.4623017311096191,0.4068902369612743,0.1065734401345253,0.024960698076521817,0.04736822168519931,2.04809432796714
2015-11-27,1.428760290145874,0.2761742280457305,0.10578569024801254,0.022120170101212946,0.04386250974129093,1.876702888282121
2015-11-28,1.428760290145874,0.2598145818666963,0.10627692192792892,0.020583057409447762,0.04208320576254581,1.8575180571124927
2015-11-29,1.2589447498321533,0.22120533550791552,0.10003264248371124,0.018303782864690383,0.03574567739089402,1.6342321880793644
2015-11-30,0.968345046043396,0.2162430025180905,0.09827172011137009,0.017163375418482275,0.03431973864579738,1.3343428827371364
2015-12-01,1.0146607160568237,0.20924429020239524,0.09986568987369537,0.01648063408924596,0.03291345735347092,1.3731647875756312
2015-12-02,0.9264044165611267,0.19569998468198607,0.09645392745733261,0.014969106085968202,0.031441871402332185,1.2649693061887457
2015-12-03,0.9264044165611267,0.18291234306303358,0.092263363301754,0.01357467499657036,0.025495042742438592,1.2406498406649231
2015-12-04,1.1160037517547607,0.1868060222933697,0.12749932706356049,0.013248139727159599,0.02665731927327933,1.4702145601121297
2015-12-05,1.0126419067382812,0.18852808408519078,0.12072797864675522,0.01297833624403798,0.02366380963189854,1.3585401153461638
2015-12-06,0.9922223091125488,0.18600535584380318,0.11700916290283203,0.01200334795791222,0.024258534652827433,1.3314987104699236
2015-12-07,0.9356449842453003,0.18864263118684613,0.10803785175085068,0.01188440037751011,0.02586006251209408,1.2700699300726013
2015-12-08,0.9012607932090759,0.1996174386749364,0.11014985293149948,0.012336899396441042,0.03292741682946566,1.2562924010414185
2015-12-09,1.0105066299438477,0.19805017337985753,0.11109958589076996,0.01195294675057831,0.03131871651900872,1.3629280524840621
2015-12-10,0.956601083278656,0.1964722877666803,0.111515112221241,0.011992683550386076,0.032311750142911315,1.3088929169598746
2015-12-11,1.0340858697891235,0.19314837660410772,0.11202352494001389,0.01185685334227031,0.03222602630093639,1.3833406509764519
2015-12-12,1.0340858697891235,0.19183303501336949,0.11202352494001389,0.012118978426803222,0.032183166165798444,1.3822445743351086
2015-12-13,1.0959581136703491,0.20363462084812717,0.11533819884061813,0.0130521703616184,0.033437511844679205,1.4614206155653922
2015-12-14,1.1071388721466064,0.21705524763124226,0.11896924674510956,0.012655894361540125,0.03610446709520663,1.4919237279797049
2015-12-15,1.1056597232818604,0.2203119057312138,0.11801888048648834,0.013285404977521129,0.03527864377219368,1.4925545582492772
2015-12-16,1.1856123208999634,0.2545871327218337,0.13870547711849213,0.015158151499955266,0.041472427727234015,1.6355355099674784
2015-12-17,1.0830281972885132,0.22304499375061562,0.12356559187173843,0.016055122445361062,0.04188230657994961,1.487576211936178
2015-12-18,1.0863488912582397,0.22213226863908062,0.14712204039096832,0.015375047646955577,0.03223220785455417,1.5032104557897985
2015-12-19,1.123834490776062,0.21574749419022404,0.14521852135658264,0.014215604526145328,0.032031704079226495,1.5310478149282403
2015-12-20,1.1159484386444092,0.20609147068571051,0.11022661626338959,0.012196887585817875,0.0356479638504227,1.4801113770297498
2015-12-21,1.120579481124878,0.20091294803964793,0.11548183113336563,0.012150828929966287,0.03652922705027099,1.4856543162781288
2015-12-22,1.1891893148422241,0.18761442321404465,0.12474021315574646,0.011930981470017355,0.03261360064154418,1.5460885333235768
2015-12-23,1.2341768741607666,0.1832216364500989,0.11955778300762177,0.011897975536455056,0.032086419875459626,1.5809406890304019
2015-12-24,1.0724669694900513,0.18155944492294548,0.11686711013317108,0.01194984652778811,0.021512157046450833,1.4043555281204068
2015-12-25,0.9494601488113403,0.17576223675376088,0.10697640478610992,0.011701293922234996,0.021037873884871817,1.2649379581583178
2015-12-26,0.9900551438331604,0.1704475406976421,0.11012466996908188,0.011272226046713763,0.015186069860198527,1.2970856504067965
2015-12-27,1.0884475708007812,0.1626872164969,0.12478034198284149,0.010534287340392126,0.012430680237037963,1.398880096857953
2015-12-28,1.0765557289123535,0.17565295154120755,0.12816709280014038,0.010457963812047492,0.01071730454096507,1.4015510416067138
2015-12-29,1.0765557289123535,0.17715396958128815,0.13792793452739716,0.01127722769521301,0.010825146566519726,1.4137400072827717
2015-12-30,1.060750126838684,0.1766125673927009,0.13792793452739716,0.01120627962216227,0.009079351713949687,1.395576260094894
2015-12-31,1.0365628004074097,0.1767315954053488,0.12795153260231018,0.010408621168774472,0.009226768395268167,1.3608813179791113
2016-01-01,1.0365628004074097,0.17163056508493987,0.13227537274360657,0.010251175974368145,0.00902474826332251,1.359744662473647
2016-01-02,1.0156607627868652,0.16370496147525754,0.12925894558429718,0.009677457291447644,0.00822361979853006,1.3265257469363976
2016-01-03,0.9746095538139343,0.16186516020271435,0.11425448209047318,0.009592318182421492,0.008167013038172717,1.2684885273277162
2016-01-04,0.9973512291908264,0.1570992674519352,0.11545535176992416,0.009563039212848155,0.009827393102153612,1.2892962807276873
2016-01-05,1.017876386642456,0.17252873010033626,0.11781792342662811,0.010385308401061966,0.017595451218357684,1.3362037997888399
2016-01-06,0.8701282739639282,0.17290164291562266,0.11929869651794434,0.010383186252678124,0.01746179460715159,1.190173594257325
2016-01-07,0.8932697176933289,0.17273038198571558,0.11126098781824112,0.010291961700623208,0.017147847065818997,1.2047008962637278
2016-01-08,0.8932697176933289,0.16675939103789095,0.11125427484512329,0.010173810957143932,0.017922085356140937,1.199379279889628
2016-01-09,0.9116529226303101,0.1680018418406813,0.11393816769123077,0.010291124637240651,0.017778674613017277,1.22166273141248
2016-01-10,0.9308949708938599,0.16816421105367696,0.11947958916425705,0.009916468495721784,0.017685469122760984,1.2461407087302767
2016-01-11,0.921413242816925,0.16824598696778642,0.10896667093038559,0.009703397840370056,0.013470803577945603,1.2218001021334126
2016-01-12,0.921413242816925,0.1668508831916595,0.10856064409017563,0.00962253372730209,0.021168068567009434,1.2276153723930718
2016-01-13,0.921413242816925,0.16440115854642176,0.11420173197984695,0.010357503530520047,0.020518687861297635,1.2308923247350116
2016-01-14,0.921413242816925,0.15592275813060513,0.10723007470369339,0.00948105993701436,0.013404674283982038,1.2074518098722198
2016-01-15,0.921413242816925,0.15589313110588823,0.13822907209396362,0.009626438280799959,0.008159458689454013,1.2333213429870309
2016-01-16,1.0254712104797363,0.15218218305796333,0.13490425050258636,0.009409288003918628,0.00834470932094774,1.3303116413651523
2016-01-17,0.9466152191162109,0.1512820309674556,0.14555712044239044,0.010038666175136147,0.013532467905878804,1.267025504607072
2016-01-18,0.9797429442405701,0.142378248414678,0.1317080855369568,0.00958265142781551,0.014118744959140207,1.2775306745791606
2016-01-19,0.9999057054519653,0.12514723679850387,0.11307640373706818,0.009433576935834827,0.00847092203611875,1.256033844959491
2016-01-20,0.9905810952186584,0.11692461787363936,0.12061488628387451,0.008884715590263808,0.006706227433653187,1.2437115424000893
2016-01-21,0.9083806872367859,0.1139237988064037,0.11989418417215347,0.008546922106666596,0.005969362989267554,1.1567149553112772
2016-01-22,0.890063464641571,0.11979289891406067,0.1148555651307106,0.008605682568507592,0.008382050802547465,1.1416996620573974
2016-01-23,1.0150669813156128,0.13423405575406674,0.11269712448120117,0.00863083461717701,0.012012057135957467,1.2826410533040151
2016-01-24,0.9820738434791565,0.12129221539794818,0.1080973744392395,0.007564007305559552,0.007223744522165236,1.226251185144069
2016-01-25,1.045776128768921,0.12375913824140772,0.11965567618608475,0.007780762861066804,0.007118921212446421,1.3040906272699269
2016-01-26,0.9820514917373657,0.10515550198610417,0.12339884042739868,0.007518194510171117,0.005944465233871844,1.2240684938949116
2016-01-27,1.024688482284546,0.10548159652366189,0.11779370903968811,0.007528016968719921,0.005578148291989168,1.2610699531086051
2016-01-28,0.9653586745262146,0.12135922421391407,0.12390582263469696,0.0086368861798689,0.00856935658470053,1.227829964139395
2016-01-29,1.0552573204040527,0.12270997228084224,0.13985884189605713,0.008413471653647992,0.008942084217842804,1.3351816904524427
2016-01-30,1.083322286605835,0.12258609466248536,0.13008816540241241,0.007741178931696307,0.007360916593187415,1.3510986421956164
2016-01-31,0.9653586745262146,0.10751704171032099,0.14976660907268524,0.008370613779026755,0.0068030534540074175,1.237815992542255
2016-02-01,0.9653586745262146,0.10046306157574483,0.12352418154478073,0.008280958258104917,0.005960242656628167,1.2035871185614733
2016-02-02,0.9653586745262146,0.1063769727837003,0.152949258685112,0.008568204443799472,0.0063305817051140184,1.2395836921439405
2016-02-03,0.9797429442405701,0.11523584235013735,0.156410351395607,0.009802069007923775,0.009569950147648549,1.2707611571418866
2016-02-04,1.0490469932556152,0.12963097569888088,0.1647493839263916,0.010752517673052376,0.008889730200653114,1.3630696007545933
2016-02-05,0.9784470796585083,0.12315435604072282,0.1759067326784134,0.00960961109702618,0.007589524456619588,1.2947073039312902
2016-02-06,0.8859276175498962,0.121265600968439,0.14031319320201874,0.00834974160074443,0.006927304524640008,1.1627834578457386
2016-02-07,0.9390611052513123,0.12533221576980924,0.18027032911777496,0.00833312765393253,0.010601445853039999,1.263598223645869
2016-02-08,0.8365721106529236,0.10435662062821713,0.09113959968090057,0.006858468030433641,0.006356648135608078,1.045283447128083
2016-02-09,0.7607102990150452,0.11682707839079835,0.0966757982969284,0.006740883089294361,0.00637551950626728,0.9873295782983335
2016-02-10,0.8133074045181274,0.11506112739345639,0.0992036685347557,0.0054468971336632775,0.005428842070382766,1.0384479396503856
2016-02-11,0.8349376320838928,0.12109237777716798,0.09809868037700653,0.004909939464136783,0.00524632902004295,1.064284958722247
2016-02-12,0.8204640746116638,0.10579515135642806,0.0897127315402031,0.00445277808993344,0.003308739226391523,1.0237334748246198
2016-02-13,0.8074626922607422,0.10513019658004799,0.09053108841180801,0.004133000596565846,0.002637078848306618,1.0098940566974706
2016-02-14,0.8039196729660034,0.10392346557499213,0.08761458843946457,0.004031957559741499,0.002840132064691566,1.002329816604893
2016-02-15,0.8721634149551392,0.1038219372506726,0.09721293300390244,0.003694774868469417,0.0025868737572790905,1.0794799338354628
2016-02-16,0.8786787986755371,0.10323528082416532,0.09946755319833755,0.0037195716427316627,0.002533258866703374,1.087634463207475
2016-02-17,0.8673077821731567,0.10618220928000738,0.10806923359632492,0.0038187407953478524,0.0026851225324684264,1.0880630883773053
2016-02-18,0.8610883951187134,0.10623510628926387,0.13966995477676392,0.003647963997440805,0.002746100620029858,1.1133875208022117
2016-02-19,0.8437893986701965,0.12361495943461219,0.1349116712808609,0.003929329768522713,0.0050446999467094215,1.1112900591009018
2016-02-20,0.7012740969657898,0.10433736104222141,0.08180887252092361,0.003680701220856628,0.004079619167306083,0.8951806509170974
2016-02-21,0.7648316025733948,0.13068177705243167,0.11231939494609833,0.004362915008048254,0.008163967220193821,1.020359656800167
2016-02-22,0.7295371890068054,0.11129197445939196,0.08329759538173676,0.002490561252126411,0.0036562769974192296,0.9302735970974798
2016-02-23,0.7480266094207764,0.10491124499691444,0.09112686663866043,0.0024280521149418637,0.0030959688977860054,0.9495887420690791
2016-02-24,0.7480266094207764,0.1060036571641041,0.09209997951984406,0.0022994769510356716,0.0018967444382805804,0.9503264674940408
2016-02-25,0.7480266094207764,0.11891429427562233,0.09411630034446716,0.0024676112892267734,0.0027521552232825917,0.9662769705533751
2016-02-26,0.6943274140357971,0.10335854284395331,0.08229533582925797,0.0023056713595914235,0.0018614901078893675,0.8841484541764892
2016-02-27,0.6878524422645569,0.10453450223673201,0.08885671943426132,0.002393836760659643,0.0020346322585857017,0.8856721329547955
2016-02-28,0.7119245529174805,0.10508568328204791,0.08924323320388794,0.002340437642275259,0.0018945293101521308,0.9104884363558436
2016-02-29,0.6180537939071655,0.11194876159781457,0.08663905411958694,0.002785956470250028,0.0039008165869879076,0.823328382681805
2016-03-01,0.6027766466140747,0.1167269047987132,0.08160765469074249,0.002307016032769318,0.0027876790419960242,0.8062059011782957
2016-03-02,0.6657262444496155,0.10761296502254626,0.08270946890115738,0.00222152953454329,0.00189727240961348,0.8601674803174758
2016-03-03,0.8635241985321045,0.13871312977564876,0.138469398021698,0.004048291517083408,0.01184304348704155,1.1565980613335762
2016-03-04,0.7611177563667297,0.1403088795907641,0.09357927739620209,0.007426926711588734,0.014565316561466885,1.0169981566267516
2016-03-05,0.8097888231277466,0.13836484718066605,0.10501264780759811,0.008306520670696954,0.01649785451525891,1.0779706933019666
2016-03-06,0.7623505592346191,0.13584643284709413,0.1095704436302185,0.009349758682150757,0.015628889722730355,1.0327460841168128
2016-03-07,0.8868252038955688,0.12832650253812858,0.12018255144357681,0.006700732786472995,0.011490043985787067,1.1535250346495343
2016-03-08,0.841518759727478,0.11214613769155393,0.2818197011947632,0.0048507352094447915,0.008816087704985485,1.2491514215282253
2016-03-09,1.1544992923736572,0.13044228611678174,0.5298410654067993,0.0054529861157460125,0.009283226941332616,1.8295188569543168
2016-03-10,0.8859152793884277,0.10375889088020387,0.12758000195026398,0.00380057922445623,0.003348696229968115,1.1244034476733198
2016-03-11,0.8057891130447388,0.10411344094813807,0.09020130336284637,0.0026769985771200266,0.0024234100812182864,1.0052042660140617
2016-03-12,0.7312443852424622,0.09757089838344805,0.08050708472728729,0.0026496909969350433,0.00215088819707188,0.9141229475472044
2016-03-13,0.6049497723579407,0.10686554286472909,0.07904841750860214,0.003319241498679381,0.004148574723379542,0.7983315489533308
2016-03-14,0.5952110886573792,0.11132727264853509,0.08926533907651901,0.003425358415854063,0.0045559819558286824,0.803785040754116
2016-03-15,0.6049497723579407,0.1050573636754636,0.08217174559831619,0.002685724519392185,0.0022628527293080836,0.7971274588804207
2016-03-16,0.6049497723579407,0.10687524243767586,0.08665715157985687,0.003498269541364987,0.0039175112053204345,0.8058979471221589
2016-03-17,0.6049497723579407,0.11378963924368343,0.08479416370391846,0.004030250997057432,0.005189794588577369,0.8127536208911774
2016-03-18,0.6049497723579407,0.12167627232298578,0.08314885944128036,0.004605140075744513,0.005649890491191963,0.8200299346891433
2016-03-19,0.6049497723579407,0.11589370818478555,0.09150543063879013,0.003397597869440869,0.003608255251488307,0.8193547643024455
2016-03-20,0.6587649583816528,0.1130645500820905,0.12342347204685211,0.0033199475611637784,0.003894503986301877,0.9024674320580611
2016-03-21,0.707351565361023,0.10861388326338636,0.12374864518642426,0.003478860281434039,0.003867192417082099,0.9470601465093498
2016-03-22,0.7863299250602722,0.11924668727098266,0.18114575743675232,0.0035961932905918793,0.006083141796482832,1.096401704855082
2016-03-23,0.6522631645202637,0.11555197056159408,0.09400249272584915,0.0036601600134131317,0.004465960560020598,0.8699437483811406
2016-03-24,0.6472811102867126,0.11701183944847532,0.08659849315881729,0.0038063690187784276,0.0049394477961105625,0.8596372597088943
2016-03-25,0.7076194882392883,0.11377218036902183,0.08283966034650803,0.0032454989042403036,0.0029402850546406414,0.9104171129136991
2016-03-26,0.7287449240684509,0.10914184090277224,0.09521611034870148,0.004298052863556508,0.004698316092569255,0.9420992442760504
2016-03-27,0.7421566247940063,0.10918211003476437,0.1032906100153923,0.0038564776072837555,0.004132389648915008,0.9626182121003619
2016-03-28,0.7687143087387085,0.09184698101320923,0.10179538279771805,0.003842735149016696,0.003098702909171452,0.9692981106078239
2016-03-29,0.7687143087387085,0.10837154809582696,0.1001720204949379,0.005838735031613605,0.006619215735127072,0.989715828096214
2016-03-30,0.7553288340568542,0.1345449325569608,0.11450941115617752,0.0073028576394780125,0.011424684992886219,1.0231107204023568
2016-03-31,0.8433625102043152,0.12909547916487543,0.11558402329683304,0.010626168156726061,0.016469824626801768,1.1151380054495514
2016-04-01,0.8311296701431274,0.12138154296257217,0.12489746510982513,0.009762118434568765,0.013341205437725245,1.100512002087819
2016-04-02,0.90506511926651,0.11515122786070899,0.1773798167705536,0.008952372900519158,0.011630825886424381,1.2181793626847162
2016-04-03,0.9474851489067078,0.10225844223506696,0.17735113203525543,0.013652043546808858,0.011177163135129242,1.2519239298589682
2016-04-04,0.9642760157585144,0.08663284300429205,0.154610276222229,0.005543623640855089,0.004735002937876072,1.2157977615637665
2016-04-05,0.9996108412742615,0.08196609478083505,0.16415844857692719,0.005511447377084984,0.004842596292358645,1.2560894283014674
2016-04-06,0.9727979898452759,0.0852346022726035,0.16972455382347107,0.005636605061943076,0.00531548245504997,1.2387092334583434
2016-04-07,0.8885200619697571,0.09019820771044372,0.1593017727136612,0.00537193908002119,0.005867448480206822,1.14925942995409
2016-04-08,0.8558512330055237,0.09029606567113883,0.17690764367580414,0.0053368153327766794,0.005880841972508623,1.1342725996577518
2016-04-09,0.9408791065216064,0.09339667311951312,0.17971813678741455,0.005795038440038131,0.0061384768771442794,1.2259274317457163
2016-04-10,1.071884036064148,0.09284245403971034,0.19321994483470917,0.00555772024776167,0.006686680989692176,1.3701908361760213
2016-04-11,1.1255759000778198,0.09663581984629371,0.1870250105857849,0.005555187587818674,0.007522555858844723,1.4223144739565619
2016-04-12,1.1541028022766113,0.09765917490116811,0.2059197574853897,0.004975774723552432,0.006986163059585311,1.469643672446307
2016-04-13,1.3375324010849,0.09813589187363748,0.2202000916004181,0.004888023972942169,0.007240365762822815,1.6679967742947204
2016-04-14,1.0891494750976562,0.1086856344784723,0.17588987946510315,0.005035448063936919,0.00750515830951413,1.3862655954146827
2016-04-15,1.0661401748657227,0.11141640145776824,0.15629205107688904,0.005210623271670718,0.008759634157213796,1.3478188848292645
2016-04-16,1.0038970708847046,0.12389598693327405,0.1515263020992279,0.006152357814176454,0.011219582763928624,1.2966913004953116
2016-04-17,0.9698320627212524,0.13330309626239611,0.16027994453907013,0.007991151713288989,0.014953177533997001,1.2863594327700045
2016-04-18,0.917121171951294,0.14414558104287786,0.16479913890361786,0.009669690402193409,0.01811240305732234,1.2538479853573052
2016-04-19,0.8999530673027039,0.13469709968111043,0.15779390931129456,0.009585378626670187,0.015547812468087126,1.2175772673898664
2016-04-20,0.8999530673027039,0.14643409132229007,0.17843051254749298,0.012975218685473194,0.020572605704018424,1.2583654955619787
2016-04-21,0.9266983270645142,0.15687986807780924,0.20120929181575775,0.02181638659471045,0.0279709737850619,1.3345748473378536
2016-04-22,1.0523024797439575,0.15588965358042411,0.2134360373020172,0.024223532483154727,0.030204810505855193,1.476056513615409
2016-04-23,0.966931939125061,0.15413130575420825,0.19441795349121094,0.02307538046328576,0.029125793225805587,1.3676823720595714
2016-04-24,0.9474360346794128,0.1456474357611204,0.20203018188476562,0.02329889299407335,0.0291039693135679,1.3475165146329402
2016-04-25,0.9335260987281799,0.16817823789393996,0.204900324344635,0.023199234502279592,0.03139244605561656,1.361196341524651
2016-04-26,0.9335260987281799,0.19579453532136523,0.21410614252090454,0.025187498753620252,0.03421750233824308,1.4028317776623132
2016-04-27,0.9101570248603821,0.19694706268456091,0.1899859756231308,0.024923917467741547,0.037261871518908495,1.359275852154724
2016-04-28,0.9101570248603821,0.19849585186614058,0.18254488706588745,0.02657933278165705,0.037806738782918396,1.3555838353569856
2016-04-29,0.9905149340629578,0.2228954103010495,0.18381091952323914,0.026444890077937943,0.04409812289047461,1.467764276855659
2016-04-30,0.8496818542480469,0.21247902785383216,0.18404728174209595,0.02669365937910853,0.04288051741125701,1.3157823406343405
2016-05-01,0.8325482606887817,0.2663133567189188,0.1907031089067459,0.027203628076463822,0.04062702301166452,1.3573953774025749
2016-05-02,0.7946361899375916,0.20758723083905792,0.20669490098953247,0.024923410642069887,0.03663151205363826,1.27047324446189
2016-05-03,1.0216434001922607,0.1878548141638723,0.17735938727855682,0.023588814939073523,0.0363480542492373,1.4467944708230007
2016-05-04,0.9902669787406921,0.19854113069535187,0.20565122365951538,0.023134834847435705,0.03304073819985667,1.4506349061428518
2016-05-05,0.9599222540855408,0.1963898340738468,0.19482120871543884,0.02420565832000803,0.03278289161056167,1.4081218468053962
2016-05-06,0.8318560719490051,0.19899611935865089,0.22838649153709412,0.025020977749662884,0.03236597399950888,1.3166256345939218
2016-05-07,0.8012706637382507,0.2298775233636688,0.2212337702512741,0.025650248347148377,0.03516218036039171,1.3131943860607336
2016-05-08,0.8318560719490051,0.22851413374028864,0.24515023827552795,0.025870226189713668,0.03718529260297186,1.3685759627575074
2016-05-09,0.8454962968826294,0.25128743511287943,0.23776334524154663,0.02530135373462881,0.03502350106212348,1.3948719320338077
2016-05-10,0.882204532623291,0.2477542479509124,0.20373007655143738,0.024957325655829348,0.03500308126155216,1.393649264043022
2016-05-11,0.8757355809211731,0.24223831930855633,0.21662940084934235,0.024972463098298425,0.03237383156826233,1.3919495957456325
2016-05-12,0.8404567837715149,0.23851645642247207,0.2316613644361496,0.024773394506969904,0.032174389329740066,1.3675823884668465
2016-05-13,0.7997386455535889,0.23702147569611817,0.2331932783126831,0.023529845134034447,0.02653505927973372,1.3200183039761584
2016-05-14,0.7703339457511902,0.24010396228241446,0.23350045084953308,0.022194727172012083,0.025377449649605924,1.2915105357047556
2016-05-15,0.7703339457511902,0.23080829933638328,0.19910979270935059,0.02088909254191524,0.02356008707359141,1.2447012174124308
2016-05-16,0.8260387182235718,0.2524532626192546,0.20555485785007477,0.020965635539209382,0.026340830366762127,1.3313533045988726
2016-05-17,0.7275720238685608,0.26592556990250893,0.22429724037647247,0.02375679995714423,0.03343740533461528,1.2749890394393018
2016-05-18,0.7591604590415955,0.28704489578163705,0.3310176730155945,0.027067153691070628,0.03645144147949119,1.440741623009389
2016-05-19,0.9482966065406799,0.3122120181253687,0.2897908091545105,0.028011596692235022,0.04173582119533554,1.6200468517081297
2016-05-20,0.8856517672538757,0.34539395676314694,0.3071138858795166,0.029923507340464804,0.04141549720904926,1.6094986144460535
2016-05-21,0.9559909105300903,0.3794880678393551,0.26953619718551636,0.029293686327462005,0.04280964722384552,1.6771185091062693
2016-05-22,0.9084994792938232,0.3856752327834057,0.25229477882385254,0.02838463643601142,0.03709549515864718,1.61194962249574
2016-05-23,0.9271960854530334,0.36639226515543916,0.27866387367248535,0.027566952473743443,0.038420010323236345,1.6382391870779378
2016-05-24,0.8656789064407349,0.3661500446807245,0.19603414833545685,0.028479224674647252,0.03764719751925611,1.4939895216508194
2016-05-25,0.9676638841629028,0.3485979843198845,0.20745819807052612,0.027224140495132203,0.036781391283566375,1.587725598332012
2016-05-26,0.8140005469322205,0.33003784855168766,0.1765633523464203,0.02639449892336382,0.03142085569588276,1.378417102449575
2016-05-27,0.8246574401855469,0.30893576027070274,0.1907278597354889,0.024840278022353647,0.03105581877734174,1.3802171569914339
2016-05-28,0.7714224457740784,0.3202684982713966,0.1926611065864563,0.026022593870012798,0.031700628162366844,1.3420752726643108
2016-05-29,0.7929750680923462,0.31279252325278883,0.18924261629581451,0.026072653458750705,0.030158754473001002,1.3512416155727014
2016-05-30,0.8046858906745911,0.30419819712846874,0.17331930994987488,0.025643836042462242,0.028499205783783482,1.3363464395791802
2016-05-31,0.9076980352401733,0.304562991264386,0.20451682806015015,0.025002412722220445,0.03026127276852122,1.472041540055451
2016-06-01,0.9076980352401733,0.3105456424165124,0.21670672297477722,0.02551095422289444,0.033409978050718436,1.4938713329050757
2016-06-02,0.7929750680923462,0.3187697260417521,0.18652503192424774,0.02786635411196682,0.03303693195103696,1.3591731121213497
2016-06-03,0.9171486496925354,0.36292620019397687,0.19424310326576233,0.028545436856003588,0.039577330650722595,1.5424407206590007
2016-06-04,0.9171486496925354,0.3779836773759279,0.1935310810804367,0.030512320941018634,0.0389185360719132,1.5580942651618321
2016-06-05,0.9597062468528748,0.39989624609862184,0.23284190893173218,0.03244217561573423,0.042993248605326634,1.6678798261042898
2016-06-06,0.9518076777458191,0.3783540611504178,0.25450751185417175,0.03105374603932487,0.04514300476555906,1.6608660015552927
2016-06-07,1.1277738809585571,0.4024421121997799,0.19707836210727692,0.03185665184000776,0.0518635249774003,1.811014532083022
2016-06-08,1.2127892971038818,0.4949329332291404,0.19151760637760162,0.0344479791129067,0.05359983108491595,1.9872876469084464
2016-06-09,1.3062092065811157,0.5669554882864682,0.18797120451927185,0.041955952130500435,0.056034466279623586,2.15912631779698
2016-06-10,1.3608869314193726,0.6864560841610665,0.17227797210216522,0.04604975468918498,0.060973525559385476,2.3266442679311745
2016-06-11,1.459295630455017,0.7089004912322818,0.1967347115278244,0.04701257764196507,0.06496235551699876,2.476905766374087
2016-06-12,1.459295630455017,0.7555236722194687,0.20043165981769562,0.04662761257279349,0.0674727180419282,2.529351293106903
2016-06-13,1.3608869314193726,0.773955436174286,0.21045203506946564,0.047043646321648765,0.07507548442235351,2.467413533407126
2016-06-14,1.5915868282318115,0.7925741082575859,0.1565118134021759,0.04666670569545359,0.07334972050652853,2.660689176093556
2016-06-15,1.7417734861373901,0.7640228143147283,0.1330050677061081,0.044940107232494406,0.07005090938648176,2.753792384777203
2016-06-16,1.7417734861373901,0.7191625107400235,0.1588907241821289,0.044661966630566034,0.0576576235033164,2.7221463111934248
2016-06-17,1.7417734861373901,0.68637304285067,0.17350193858146667,0.03819700992281796,0.05692686612976328,2.6967723436221083
2016-06-18,1.7417734861373901,0.6579189359090736,0.16761218011379242,0.03778281952279456,0.05760225249327451,2.662689674176325
2016-06-19,1.5048879384994507,0.7850845026519879,0.16938939690589905,0.03921777909332939,0.062037385163026815,2.560617002313694
2016-06-20,1.5048879384994507,0.7343050252796477,0.18842783570289612,0.039690916229763396,0.06157802817166915,2.5288897438834272
2016-06-21,1.5048879384994507,0.6948178563761318,0.17547717690467834,0.03780169153417804,0.05860416470970222,2.471588828024141
2016-06-22,1.4620935916900635,0.6540211900831603,0.19860638678073883,0.035851698071302625,0.058637587994590346,2.4092104546198554
2016-06-23,1.5048879384994507,0.6318243265165635,0.17551639676094055,0.03421274946597694,0.05795382188212823,2.4043952331250598
2016-06-24,1.4449594020843506,0.6145670993617227,0.15834514796733856,0.033068982528359,0.0577586445221898,2.3086992764639604
2016-06-25,1.4449594020843506,0.6045348022389618,0.1577502191066742,0.03282530005127809,0.05467089917824281,2.294740622659507
2016-06-26,1.313263177871704,0.581047996184318,0.13025479018688202,0.033669260392247526,0.04915792561230693,2.1073931502474585
2016-06-27,1.2446134090423584,0.5409279836205008,0.12886197865009308,0.03233456967189367,0.04481587129976085,1.9915538122846068
2016-06-28,1.1117974519729614,0.4337633480495478,0.12782996892929077,0.03065245500312918,0.037658572519824116,1.7417017964747532
2016-06-29,1.1762300729751587,0.4354078712839363,0.13182680308818817,0.02997735121043359,0.038422583885735655,1.8118646824434523
2016-06-30,1.0182329416275024,0.45817386024981127,0.13087965548038483,0.030664422608102742,0.043423723190220954,1.6813746031560224
2016-07-01,1.0182329416275024,0.4512554755821347,0.1183960810303688,0.030781365955738885,0.043202832034164196,1.6618686962299092
2016-07-02,1.055590033531189,0.440405398800865,0.1349136382341385,0.02982577929778415,0.04247648085135197,1.7032113307153285
2016-07-03,0.9784165024757385,0.3537401164073814,0.12328315526247025,0.028361441881455486,0.035365705971167345,1.5191669219982131
2016-07-04,0.992817223072052,0.32869287373314876,0.11467713117599487,0.027147037149012176,0.03213187177521268,1.4954661369054203
2016-07-05,0.9910471439361572,0.3103209891865154,0.1291912943124771,0.026542675599763758,0.030020821648202255,1.4871229246831157
2016-07-06,0.877934992313385,0.2919588698990763,0.0975661650300026,0.025399049251598537,0.0252438481996024,1.3181029246936649
2016-07-07,0.9024757742881775,0.3129447163763184,0.10698425769805908,0.025013938478157065,0.026374212108658424,1.3737928989493704
2016-07-08,0.8655341267585754,0.31464002632574684,0.10597193241119385,0.025400684663559395,0.02816283251508864,1.3397096026741642
2016-07-09,0.8582949638366699,0.31145730095744106,0.10714302957057953,0.025459426630948627,0.028705241585538936,1.331059962581178
2016-07-10,0.7233557105064392,0.27020080664992285,0.1097077876329422,0.021885459379776945,0.026890940088999053,1.1520407042580803
2016-07-11,0.743398904800415,0.259079842014891,0.09769679605960846,0.0206120773040827,0.023762151074820895,1.1445497712538182
2016-07-12,0.8582949638366699,0.30946454153547254,0.12180820107460022,0.02313948962542116,0.028679887161347648,1.3413870832335115
2016-07-13,0.7930522561073303,0.3063455087496992,0.0893414169549942,0.022180302107999164,0.03224538298329148,1.2431648669033142
2016-07-14,0.8692064881324768,0.25675472874544886,0.08245919644832611,0.020823492501339587,0.027586871726477964,1.2568307775540692
2016-07-15,0.8545306921005249,0.2562501108652751,0.08206553012132645,0.020818554311240925,0.02585514252425394,1.2395200299226212
2016-07-16,0.8931286334991455,0.2699320677671657,0.08210334181785583,0.021399152657307158,0.026697973602489836,1.2932611693439642
2016-07-17,0.878153920173645,0.29285052323965854,0.09008181095123291,0.021653302642843587,0.029776706316390924,1.312516263323771
2016-07-18,0.8300440311431885,0.2573782229179909,0.0808132141828537,0.020366375898386524,0.025727706927703087,1.2143295510701226
2016-07-19,0.8458963632583618,0.23505276367121863,0.07885213196277618,0.0183381608811387,0.023381018391278947,1.2015204381647744
2016-07-20,0.7620897889137268,0.2580967133804021,0.08658189326524734,0.019866660943646895,0.02552257983404566,1.1521576363370687
2016-07-21,0.9280245304107666,0.2929263303121553,0.09168227016925812,0.02081428104349013,0.033137249900665196,1.3665846618363355
2016-07-22,0.9717769622802734,0.3042817442860967,0.08854326605796814,0.021911330441083947,0.034715842719030464,1.4212291457844526
2016-07-23,1.0074297189712524,0.31979910838082853,0.09449484199285507,0.022161553861402204,0.03635464396004694,1.480239867166385
2016-07-24,0.890339195728302,0.3024866447525978,0.09599544107913971,0.023344202108658632,0.03534924612419395,1.3475147297928922
2016-07-25,1.1212199926376343,0.32893067715003926,0.09430650621652603,0.022814090193695985,0.04089344909586999,1.6081647152937655
2016-07-26,1.073518991470337,0.2986553091819529,0.09302955120801926,0.020609281120704478,0.0393012368406548,1.5251143698216683
2016-07-27,1.0896908044815063,0.2787205789999226,0.09375894069671631,0.019628710514463077,0.036515688808933466,1.5183147235015417
2016-07-28,1.0468032360076904,0.2936427461351019,0.15779834985733032,0.019579098260587926,0.034517601568551166,1.5523410318292616
2016-07-29,0.9438530206680298,0.30470327740976877,0.09463022649288177,0.021858923458497277,0.03816582685264658,1.4032112748818244
2016-07-30,0.8683663010597229,0.2709542902612869,0.08250012248754501,0.020488250579143243,0.033675319719797446,1.2759842841074955
2016-07-31,0.8543869256973267,0.25154356632838043,0.07795313745737076,0.01827247240606001,0.024380903970019702,1.2265370058591578
2016-08-01,0.8690394163131714,0.22919889703755134,0.07864309102296829,0.017316529380115613,0.02270124440830098,1.2168991781621077
2016-08-02,0.7798267602920532,0.2259459481370529,0.07774067670106888,0.016727512940801288,0.02011600016736345,1.1203568982383398
2016-08-03,0.8465516567230225,0.2565283188424376,0.08180516958236694,0.017233521262987342,0.024579331532813005,1.2266979979436274
2016-08-04,0.7240182161331177,0.26855352564796947,0.08089449256658554,0.019774682520247732,0.02497698287868693,1.1182178997466075
2016-08-05,0.8440647125244141,0.2937404210508699,0.08278098702430725,0.02068588648461141,0.028559716039685004,1.2698317231238876
2016-08-06,0.8690394163131714,0.305568359706552,0.08755239844322205,0.021110913234488677,0.03330300400825517,1.3165740917056892
2016-08-07,0.8440647125244141,0.2810090719892818,0.08312491327524185,0.021548970320772305,0.032252578989354866,1.2620002470990648
2016-08-08,0.9179502725601196,0.30531542400425477,0.0893937274813652,0.022090386818052508,0.03153317087868322,1.3662829817424753
2016-08-09,0.9366239905357361,0.33354388449936345,0.0853646993637085,0.024413054409402876,0.03379540326360064,1.4137410320718113
2016-08-10,1.1474522352218628,0.4402168573352218,0.08839886635541916,0.03230182358387647,0.03627230770852859,1.744642090204909
2016-08-11,1.1626676321029663,0.42351524068350294,0.08869069814682007,0.03159983847179895,0.03147951372509521,1.7379529231301836
2016-08-12,1.3464890718460083,0.32289380945482365,0.10335859656333923,0.02192479662321663,0.031928843172295454,1.8265951176596833
2016-08-13,1.2749865055084229,0.29000939273072335,0.10214859247207642,0.022907518548877515,0.029450202411063647,1.719502211671164
2016-08-14,1.2564929723739624,0.32711044298006575,0.10449732840061188,0.02812447346094334,0.03246829473544085,1.7486935119510243
2016-08-15,1.3004653453826904,0.35863763750159317,0.11528560519218445,0.029919938626534706,0.03862980150192896,1.8429383282049319
2016-08-16,1.3446292877197266,0.3767942074364568,0.13176634907722473,0.030706660891745504,0.0406567267595689,1.9245532318847225
2016-08-17,1.4482046365737915,0.44227938185006077,0.14153023064136505,0.030881099767891003,0.04157431718316674,2.1044696660162754
2016-08-18,1.7290555238723755,0.4633806361613619,0.1546647548675537,0.031056044155468504,0.044357122240731066,2.4225140812974906
2016-08-19,1.473205804824829,0.46806505053802416,0.11739399284124374,0.030202246825107696,0.04076374616444835,2.129630841193653
2016-08-20,1.2608798742294312,0.48671744636850384,0.10327765345573425,0.030580525179882037,0.03713315063970027,1.9185886498732516
2016-08-21,1.3716377019882202,0.49599976210417673,0.11774361878633499,0.030188251133958715,0.04053089375667935,2.05610022776937
2016-08-22,1.5865809917449951,0.39966406527809034,0.1296020895242691,0.028885629300505224,0.03989952385531359,2.184632299703173
2016-08-23,1.3975493907928467,0.3646446471083342,0.11516042053699493,0.02801567150119314,0.03698735536515862,1.9423574853045276
2016-08-24,1.2129216194152832,0.30110034444095524,0.10517214983701706,0.02586392667910084,0.027181867361391155,1.6722399077337473
2016-08-25,0.9658540487289429,0.28981040268870223,0.08971363306045532,0.02499347538012006,0.02517131125429651,1.395542871112517
2016-08-26,1.063928246498108,0.3174435088811747,0.09677749872207642,0.02431276838243534,0.02709821086946649,1.5295602333532607
2016-08-27,1.0484960079193115,0.3376462293792554,0.09282989799976349,0.022274820416002733,0.030072448794363535,1.5313194045086969
2016-08-28,0.9658540487289429,0.3583867025482534,0.09482403099536896,0.022740942853462336,0.030293139458063927,1.4720988645840916
2016-08-29,1.0499956607818604,0.37364586838733505,0.09488434344530106,0.028988407727326675,0.036360495629238564,1.5838747759710616
2016-08-30,1.1191178560256958,0.4105558548667852,0.09266414493322372,0.02925461646273109,0.03748334536110495,1.6890758176495408
2016-08-31,1.1948827505111694,0.4637409674503611,0.10066629946231842,0.03025751104073733,0.03972194408574937,1.8292694725503358
2016-09-01,1.385217308998108,0.6841983319331879,0.10621488839387894,0.03141783047038655,0.050030319203636923,2.257078678999198
2016-09-02,1.3969887495040894,0.7744272318791983,0.11214444786310196,0.03646827716860491,0.05189489228035368,2.371923598695348
2016-09-03,1.5023483037948608,0.8077942413522834,0.1205340176820755,0.042159022218604236,0.056915788901856036,2.5297513739496797
2016-09-04,1.3850709199905396,0.8041185398085942,0.15328308939933777,0.04432259624521051,0.06548539936020227,2.4522805448038847
2016-09-05,1.2272976636886597,0.7950890739212095,0.12822027504444122,0.04249730638363474,0.06763812727300628,2.260742446310952
2016-09-06,1.2272976636886597,0.7774644772258803,0.12340113520622253,0.041750746143755735,0.06419433968347149,2.23410836194799
2016-09-07,1.2169560194015503,0.7372386636059296,0.13714906573295593,0.040021039982389386,0.0644321441179426,2.195796932840768
2016-09-08,1.1430000066757202,0.5604576643384509,0.10061420500278473,0.02910663091578383,0.05538740243364106,1.888565909366381
2016-09-09,1.1297037601470947,0.5500605559417866,0.10255533456802368,0.026307311234409457,0.05440279731392754,1.863029759205242
2016-09-10,1.0272432565689087,0.4977417960388823,0.10204873979091644,0.02662087893992825,0.04873009405304092,1.7023847653916766
2016-09-11,0.8840256333351135,0.47586764198459436,0.10087484121322632,0.027125617009262745,0.04854392768035511,1.536437661222552
2016-09-12,0.8995146751403809,0.4652540683962064,0.10711797326803207,0.02791889030037238,0.05011647025468527,1.549922077359677
2016-09-13,0.8995146751403809,0.5124855595551083,0.10777353495359421,0.027332870291794185,0.052698738278572514,1.59980537821945
2016-09-14,0.9588313102722168,0.47607838075714515,0.11387171596288681,0.029047890587642025,0.05034563697827008,1.6281749345581609
2016-09-15,1.1684638261795044,0.5565098260399106,0.12786035239696503,0.029682031271679087,0.05654017379553721,1.9390562096835962
2016-09-16,1.0871467590332031,0.6783588776789136,0.12037967890501022,0.030341704873297393,0.06248102776423595,1.9787080482546604
2016-09-17,1.345471978187561,0.8488592887011064,0.1299196034669876,0.039969832742692966,0.06646250580799112,2.4306832089063395
2016-09-18,1.7106915712356567,0.8593237419084021,0.14827919006347656,0.040550619537529115,0.0671738504034095,2.8260189731484737
2016-09-19,1.6666070222854614,0.7979753065666808,0.18028146028518677,0.04030026314434608,0.06421398110724372,2.7493780333889184
2016-09-20,1.6187151670455933,0.7569637350762313,0.13963794708251953,0.0408987409285155,0.06122204260221323,2.6174376327350726
2016-09-21,1.6470766067504883,0.6911231076396174,0.13812080025672913,0.03136100530335114,0.051254230072082,2.558935750022268
2016-09-22,1.6470766067504883,0.5835762928618999,0.11958666145801544,0.030884362482726753,0.05683821699581182,2.4379621405489424
2016-09-23,1.508196234703064,0.5513885042833278,0.1242721751332283,0.03043668377801322,0.05688758166237712,2.2711811795600103
2016-09-24,1.5581789016723633,0.6557144657366571,0.14557422697544098,0.0343471281484659,0.06886288166951751,2.4626776042024447
2016-09-25,1.6950045824050903,0.6567446321846615,0.13372746109962463,0.03541835863549198,0.07043464826140645,2.591329682586275
2016-09-26,1.7424983978271484,0.678376732862477,0.14366233348846436,0.03576879459754774,0.06636332907933969,2.6666695878549773
2016-09-27,1.7424983978271484,0.677938280550354,0.16788525879383087,0.03732127422669836,0.06770749091131946,2.693350702309351
2016-09-28,1.7424983978271484,0.7972845859854867,0.16381371021270752,0.03949526747919009,0.0691164629121285,2.812208424416661
2016-09-29,1.7113226652145386,0.7747270101145656,0.1764615923166275,0.04026495278246806,0.06436479458629381,2.7671410150144937
2016-09-30,1.75258207321167,0.7560216338598622,0.2283485233783722,0.04043148350418073,0.059624443779000856,2.8370081577330857
2016-10-01,1.8807123899459839,0.4751933548292062,0.18181417882442474,0.03380043438760852,0.052843942509296624,2.6243643004965196
2016-10-02,1.6513968706130981,0.3961693758423805,0.1488480120897293,0.032514651796374715,0.04697434162945648,2.2759032519710387
2016-10-03,1.6513968706130981,0.39219341960019555,0.16345596313476562,0.03275882587943611,0.04347160379879013,2.283276683026286
2016-10-04,1.6481362581253052,0.4428817739246084,0.16680209338665009,0.03352551884093663,0.04776679459392091,2.339112438871421
2016-10-05,1.3304489850997925,0.4266868995311537,0.1972082257270813,0.03242025333294821,0.042148233141706314,2.028912596832682
2016-10-06,1.3304489850997925,0.40533681845717967,0.18248894810676575,0.03314471206843535,0.04066708477448211,1.9920865485066555
2016-10-07,1.3701471090316772,0.4046560560865885,0.20036734640598297,0.032818600816203386,0.03432131570950416,2.042310428049956
2016-10-08,1.210025429725647,0.3756768899773873,0.18978820741176605,0.03207000223824983,0.03322186472343704,1.8407823940764871
2016-10-09,1.1669310331344604,0.3848277883558662,0.15378418564796448,0.033222903241625384,0.03641804619881259,1.775183956578729
2016-10-10,1.2097437381744385,0.41059932087087025,0.163869708776474,0.032783770577725004,0.0466944820825454,1.8636910204820532
2016-10-11,1.0611525774002075,0.39905232851482125,0.10387570410966873,0.032594225296182736,0.04733577560889752,1.6440106109297778
2016-10-12,1.1227298974990845,0.40170302632608096,0.11104225367307663,0.031494658333210405,0.04387701184083682,1.7108468476722893
2016-10-13,1.044069528579712,0.3850768809180408,0.10865383595228195,0.03104755071274988,0.04200870734493539,1.61085650350772
2016-10-14,1.1479392051696777,0.34604816591972026,0.14788073301315308,0.030023199571652993,0.04244433576480507,1.714335639439009
2016-10-15,1.0526349544525146,0.3226596220915588,0.1710778772830963,0.03006108373615302,0.043460834265639146,1.6198943718289618
2016-10-16,1.0775716304779053,0.30973788857771917,0.11549202352762222,0.03075554363137485,0.044852868618310004,1.5784099548329316
2016-10-17,1.2015588283538818,0.33367072481696874,0.12243775278329849,0.03146345522810484,0.05128838191979974,1.7404191431020537
2016-10-18,1.0583765506744385,0.32459815189011676,0.098531074821949,0.031981129828888316,0.0518005639545339,1.5652874711699265
2016-10-19,1.1355488300323486,0.34563941431333217,0.10152547061443329,0.03155545369630223,0.05246030968732935,1.6667294783437456
2016-10-20,1.5919313430786133,0.3713849884948524,0.1021680012345314,0.03295418697189262,0.05407717728355925,2.152515697063449
2016-10-21,1.5729972124099731,0.3876383189894732,0.1212078332901001,0.03279252129200203,0.05746096105657,2.1720968470381186
2016-10-22,1.7120171785354614,0.46110904381087675,0.11020982265472412,0.03447850022502403,0.05436216092673884,2.372176706152825
2016-10-23,1.674201488494873,0.3441882911090394,0.10771702229976654,0.03255047361909739,0.05180250466459153,2.2104597801873678
2016-10-24,1.514902949333191,0.3061594361566271,0.09648624807596207,0.02356994479069867,0.04787380738913654,1.9889923857456153
2016-10-25,1.4060930013656616,0.28117329795296453,0.10254105180501938,0.022391489264262918,0.046457705955032125,1.8586565463429405
2016-10-26,1.2669308185577393,0.26923205988118515,0.0971759706735611,0.022629985344430417,0.04564578667056004,1.7016146211274759
2016-10-27,1.0556309223175049,0.2636948458360834,0.09727819263935089,0.022731667959030706,0.04303289783671021,1.4823685265886803
2016-10-28,0.8601430654525757,0.25407440907392737,0.09328708052635193,0.02109844774736444,0.039209635630005804,1.267812638430225
2016-10-29,0.8728029727935791,0.23249456316161282,0.08937984704971313,0.018258996778755438,0.034314594713643606,1.2472509744973042
2016-10-30,0.8622583150863647,0.21762825774538627,0.0899997428059578,0.017688931581319088,0.03285075038878398,1.220425997607812
2016-10-31,0.847840428352356,0.19867548073545055,0.0891694724559784,0.017035796257264743,0.02710058062717682,1.1798217584282265
2016-11-01,0.917309045791626,0.2185261731167583,0.13078270852565765,0.01621368779935397,0.026228422066369966,1.3090600372997658
2016-11-02,0.917309045791626,0.20659102667562157,0.116559237241745,0.017004244509173476,0.02573881175365848,1.2832023659718246
2016-11-03,0.9168704152107239,0.23770551956878763,0.12540273368358612,0.01983580485180085,0.039681762512271505,1.3394962358271698
2016-11-04,0.9453007578849792,0.23330336201735563,0.1277105212211609,0.02043945390366417,0.0389032598607149,1.3656573548878748
2016-11-05,0.9262390732765198,0.23798792749728798,0.15043075382709503,0.018562394468673835,0.0417779061053204,1.3749980551748973
2016-11-06,1.1228317022323608,0.262081055667227,0.12902002036571503,0.01941631144711966,0.04612169555993676,1.5794707852723595
2016-11-07,1.1621263027191162,0.2724647713253006,0.16076132655143738,0.02027404957002283,0.04770735227850325,1.6633338024443802
2016-11-08,0.9479956030845642,0.2566162404463831,0.08623374998569489,0.02071547781745616,0.04353004701043444,1.3550911183445327
2016-11-09,0.9981070756912231,0.2735682976626286,0.11132138222455978,0.019613033435081764,0.04668979338922565,1.4492995824027188
2016-11-10,1.030847191810608,0.2768635406616033,0.10938718169927597,0.02034653939170133,0.04726086323435401,1.4847053167975426
2016-11-11,0.9268000721931458,0.22549244309269154,0.08108416199684143,0.019847376162334063,0.03614984380020951,1.2893738972452222
2016-11-12,0.8954624533653259,0.21399735468293207,0.07998443394899368,0.018342665772569707,0.035571548584137816,1.2433584563539593
2016-11-13,0.900398850440979,0.2429019908212359,0.08772823214530945,0.018980402266462106,0.04138484125182387,1.2913943169258104
2016-11-14,0.900398850440979,0.22460498282904665,0.0820234939455986,0.020130371120294772,0.039589296341144976,1.266746994677064
2016-11-15,0.7495695948600769,0.2175565181661395,0.08098646253347397,0.018812467195410326,0.036463168900599786,1.1033882116557006
2016-11-16,0.7495695948600769,0.21994746259828876,0.08031852543354034,0.01792760173067915,0.03529869636955283,1.103061880992138
2016-11-17,0.8035390377044678,0.2371089181407404,0.08744029700756073,0.017209985287126344,0.039672361318081356,1.1849705994579767
2016-11-18,0.8035390377044678,0.23576077151461824,0.10362384468317032,0.017192375945036968,0.04133750793592664,1.2014535377832198
2016-11-19,0.8635422587394714,0.22672184402763235,0.08368770033121109,0.01727247704123769,0.038896258436479286,1.230120538576032
2016-11-20,0.8118489384651184,0.20125454326871836,0.07929342985153198,0.015309594010265831,0.0333472143693862,1.1410537199650208
2016-11-21,0.7554375529289246,0.18939175052579274,0.08095094561576843,0.012890093581063898,0.031124857030636006,1.0697951996821855
2016-11-22,0.7474598288536072,0.1827315791117452,0.07379687577486038,0.011420148467389625,0.02811685119625681,1.0435252834038593
2016-11-23,0.7732515931129456,0.1707559838638907,0.07435382902622223,0.010968105743145698,0.027388682655445237,1.0567181944016493
2016-11-24,0.757659375667572,0.16233195215848045,0.07190407067537308,0.010227865823812935,0.019195082044517985,1.0213183463697564
2016-11-25,0.7389317154884338,0.16252444137534633,0.06902614235877991,0.010066123134969861,0.02023220730904101,1.000780629666571
2016-11-26,0.8172926306724548,0.17513161517346945,0.0709553137421608,0.010747126432445436,0.020787165631670386,1.094913851652201
2016-11-27,0.8872231841087341,0.18049637510658254,0.07245488464832306,0.010605526174239186,0.02493099301037002,1.175710963048249
2016-11-28,0.8872231841087341,0.19278151808905022,0.07245488464832306,0.011299016041309123,0.03178749001564043,1.195546092903057
2016-11-29,0.7737690210342407,0.19239895971392268,0.07044754922389984,0.01214497036648947,0.03334780699141288,1.0821083073299655
2016-11-30,0.7389317154884338,0.17601581601405425,0.06918409466743469,0.01218932434360204,0.032999776428238786,1.0293207269417637
2016-12-01,0.7389317154884338,0.16356851528496774,0.06949952989816666,0.010389974095748936,0.029862832184115,1.0122525669514322
2016-12-02,0.7389317154884338,0.15299435301057177,0.0706208273768425,0.009312789041553322,0.029310153237393128,1.0011698381547944
2016-12-03,0.7500588893890381,0.17161992911499843,0.07053104043006897,0.010339411515459813,0.02989120399854997,1.0324404744481153
2016-12-04,0.7493220567703247,0.17197034908043177,0.07527198642492294,0.010567810158107746,0.028879516174764506,1.0360117186085518
2016-12-05,0.8134368062019348,0.1929448072165734,0.09802398085594177,0.012658508210378129,0.03427196624470983,1.1513360687295378
2016-12-06,0.7500588893890381,0.1845574588729991,0.07493038475513458,0.011907799393304561,0.03463650008220281,1.056091032492679
2016-12-07,0.7664768695831299,0.174122061262527,0.08943239599466324,0.01172473454168821,0.02854492043943214,1.0703009818214404
2016-12-08,0.7664768695831299,0.16695129897302663,0.0922149196267128,0.012739727265082865,0.029361510898691975,1.0677443263466442
2016-12-09,0.7664768695831299,0.1587238885925966,0.09092980623245239,0.011141204713439158,0.027576305004252427,1.0548480741258703
2016-12-10,0.781482458114624,0.15457260352425192,0.07475791871547699,0.009734426333881118,0.019673141297779303,1.0402205479860134
2016-12-11,0.7724913358688354,0.146694597529006,0.07697531580924988,0.00857549580887711,0.01194971870260889,1.0166864637185773
2016-12-12,0.7533968687057495,0.15646092819215254,0.07152347266674042,0.009711117533919693,0.0136285291358218,1.004720916234384
2016-12-13,0.7533968687057495,0.17652181194935307,0.07179030776023865,0.010097129152682956,0.019596780219724944,1.0314028977877492
2016-12-14,0.7665972709655762,0.1961264200591796,0.0833338052034378,0.01056255569684021,0.035803496416743276,1.092423548341777
2016-12-15,0.9312585592269897,0.1955962542480649,0.0800122395157814,0.014127102163833926,0.041018097315795976,1.2620122524704658
2016-12-16,0.9998294115066528,0.17896543794593875,0.1010013073682785,0.012627818878508402,0.03646032679885686,1.3288843024982353
2016-12-17,0.9606291651725769,0.16797227823587224,0.1009310856461525,0.010363341337114184,0.032961299409385025,1.272857169801101
2016-12-18,1.014545202255249,0.1665085016150782,0.10998476296663284,0.009785128480673925,0.03239974485850538,1.3332233401761395
2016-12-19,1.0354242324829102,0.1584712658888156,0.11316273361444473,0.009486829470050867,0.03110601466722267,1.3476510761234441
2016-12-20,1.0906339883804321,0.15922151942335142,0.11644191294908524,0.009388215260094576,0.03255423903140695,1.4082398750443703
2016-12-21,1.0636759996414185,0.15263914916088325,0.1006426140666008,0.009569416769957055,0.03209493551643918,1.3586221151552988
2016-12-22,0.9097657799720764,0.15905640980539623,0.1043676808476448,0.009871759786244268,0.03193187625771873,1.2149935066690805
2016-12-23,1.0558202266693115,0.15387122656221774,0.11428872495889664,0.009110396703009775,0.03169382753446282,1.3647844024278986
2016-12-24,1.0109405517578125,0.15276559991380478,0.10642048716545105,0.008636813256283937,0.03182238027806571,1.3105858323714181
2016-12-25,0.9688610434532166,0.1601854945132954,0.09419678151607513,0.009004097347060347,0.03341736982743829,1.2656647866570858
2016-12-26,0.9859523773193359,0.1605531787929015,0.10111609101295471,0.008810715404964014,0.03211934042639846,1.2885517029565545
2016-12-27,0.9202477335929871,0.1560262398326864,0.09337557852268219,0.00899190168025388,0.033367991256113415,1.212009444884723
2016-12-28,0.8914206624031067,0.1533149773783703,0.09267055243253708,0.0089302407401315,0.03248207174398641,1.1788185046981319
2016-12-29,0.8914206624031067,0.14928133590072803,0.09285816550254822,0.00878492686903676,0.03241897319874604,1.1747640638741659
2016-12-30,0.9097657799720764,0.14839858130944136,0.09977149218320847,0.008813859625553954,0.03257082181871574,1.199320534908996
2016-12-31,0.9140129685401917,0.14829874996483602,0.09832186996936798,0.008751584089933958,0.032572171204233634,1.2019573437685633
2017-01-01,0.9097657799720764,0.14850255994802514,0.09570462256669998,0.0087793210897185,0.03319707281709337,1.1959493563936134
2017-01-02,0.984067976474762,0.15308779929352584,0.10154096782207489,0.00859348903471074,0.03311997242739578,1.2804102050524693
2017-01-03,1.033069133758545,0.1190842471612366,0.10176922380924225,0.008107784865116641,0.020980426008058273,1.2830108156021987
2017-01-04,1.05866277217865,0.1169422188449738,0.10774003714323044,0.008235761659108871,0.011102475492112799,1.3026832653180758
2017-01-05,1.1340491771697998,0.1340090345975104,0.11595460027456284,0.008581918776342484,0.01380348073976778,1.4063982115579834
2017-01-06,0.8268804550170898,0.12312529946122165,0.07059358805418015,0.008153811693886652,0.010987447927834806,1.039740602154213
2017-01-07,0.8009781241416931,0.11576717520479785,0.0726456567645073,0.008809134862931141,0.009759795602029928,1.0079598865759594
2017-01-08,0.8009781241416931,0.11633353965890207,0.07774318009614944,0.008802431420390703,0.010151078493416557,1.0140083538105518
2017-01-09,0.8677022457122803,0.11298307660520317,0.0715026706457138,0.007826254873312684,0.011337543084501406,1.0713517909210113
2017-01-10,0.8566200733184814,0.12365114820541989,0.07861017435789108,0.007853575912772776,0.017724418968064825,1.0844593907626299
2017-01-11,0.8247965574264526,0.10886459243521919,0.07596801221370697,0.007555646134234463,0.02161598924731253,1.0388007974569258
2017-01-12,0.8185998201370239,0.11230119086404539,0.07412312924861908,0.0076969261931943535,0.023829242192159726,1.0365503086350425
2017-01-13,0.7968573570251465,0.10640703650345297,0.07541000843048096,0.00760327437018723,0.02230627912431347,1.0085839554535811
2017-01-14,0.8170530796051025,0.10125651371806482,0.079384945333004,0.007507719915621703,0.0209651669412994,1.0261674255130924
2017-01-15,0.8170530796051025,0.10121058901868094,0.079384945333004,0.007565472009735634,0.021638844334080646,1.0268529303006038
2017-01-16,0.8589956164360046,0.09813836978483557,0.10378537327051163,0.0072057304590908795,0.020686906701574716,1.0888119966520176
2017-01-17,0.8377631902694702,0.09864993080177595,0.09748803824186325,0.0067255086866042,0.020508384853710215,1.061135052853424
2017-01-18,0.8034339547157288,0.10111735371566037,0.09792400151491165,0.006692986851423801,0.02050673425812413,1.0296750310558487
2017-01-19,0.8071846961975098,0.10315894344444161,0.10140620917081833,0.006108771284048625,0.020110044133816802,1.0379686642306354
2017-01-20,0.7989630699157715,0.10141128239335162,0.09447195380926132,0.005935889598969448,0.017038836516060855,1.0178210322334147
2017-01-21,0.7989630699157715,0.10409546661223905,0.09480477124452591,0.0061155582786311296,0.021378923339123772,1.0253577893902912
2017-01-22,0.9165073037147522,0.10938035500301248,0.09464248269796371,0.006450618577272071,0.023066465700834645,1.1500472256938352
2017-01-23,0.9689509868621826,0.09937430887887526,0.09463677555322647,0.005825906293697469,0.010120941986661244,1.178908919574643
2017-01-24,0.9689509868621826,0.10593235961657664,0.09427640587091446,0.0060513133573360176,0.010956419079167357,1.1861674847861772
2017-01-25,0.9689509868621826,0.09851135918499027,0.10649985820055008,0.005020868733536401,0.009224094281795261,1.1882071672630545
2017-01-26,0.9689509868621826,0.09730728361316618,0.10413637012243271,0.004638818795861027,0.008356696955492933,1.1833901563491354
2017-01-27,0.8806101679801941,0.09316231188012356,0.10842574387788773,0.004506953289480937,0.007451210311235962,1.0941563873389222
2017-01-28,0.8879422545433044,0.08808487261873231,0.113975390791893,0.004210782991209648,0.004805166526070273,1.0990184674712096
2017-01-29,0.8879422545433044,0.08536360558836958,0.11471877992153168,0.0049834148565185464,0.004113493135835769,1.09712154804556
2017-01-30,0.8412563800811768,0.10111297693539445,0.11471877992153168,0.00524406826114813,0.004748429895341048,1.067080635094592
2017-01-31,0.8084166646003723,0.10192181433564997,0.1010766550898552,0.004074533393486536,0.005039840584296029,1.02052950800366
2017-02-01,0.6687701940536499,0.07306733335754959,0.12223020941019058,0.0035912379562396102,0.002673734545096057,0.8703327093227257
2017-02-02,0.6433308720588684,0.08427145203718421,0.07609476149082184,0.003041282555626184,0.0027398811722587355,0.8094782493147594
2017-02-03,0.6490163803100586,0.08671909806852884,0.07761676609516144,0.0031542650035824627,0.0028779904225008815,0.8193844998998323
2017-02-04,0.6414105892181396,0.0847435466953253,0.07257392257452011,0.003183800806326498,0.0027556520784912703,0.8046675113728028
2017-02-05,0.6395538449287415,0.08372060864297205,0.06726416200399399,0.003168597003185079,0.004837745282189615,0.7985449578610821
2017-02-06,0.6284672617912292,0.08377595321062528,0.06573140621185303,0.0032800607321979724,0.005098620284818979,0.7863533022307245
2017-02-07,0.6023167967796326,0.08527251260592009,0.06439989060163498,0.0029071727902041,0.004867731359920874,0.7597641041373127
2017-02-08,0.6395538449287415,0.08643519670409784,0.07452701032161713,0.0027431240736111966,0.004861366416387987,0.8081205424444556
2017-02-09,0.6939336061477661,0.11497849397585065,0.07811397314071655,0.0036299958248433854,0.008912748323161312,0.8995688174123381
2017-02-10,0.6568213105201721,0.09701837045408324,0.07054383307695389,0.0026541297596671238,0.0059116139479532676,0.8329492577588297
2017-02-11,0.7294129729270935,0.09600701199080178,0.0976700410246849,0.002522118408724468,0.005198305150092279,0.9308104495013969
2017-02-12,0.744424045085907,0.09608347073427288,0.10223674029111862,0.0025487622927485307,0.005194006098507263,0.9504870245025544
2017-02-13,0.7291685342788696,0.09497962360085764,0.11003173887729645,0.002372280520555152,0.004349697158414206,0.940901874435993
2017-02-14,0.7202366590499878,0.09436694367592618,0.11205662041902542,0.002315470688137895,0.00456568237447476,0.9335413762075521
2017-02-15,0.7111451625823975,0.10314412868885924,0.10331902652978897,0.002984423916121724,0.0064336290846673866,0.9270263708018348
2017-02-16,0.8147777318954468,0.12208223510693808,0.11069560796022415,0.0033438191890630673,0.009515906438674405,1.0604153005903467
2017-02-17,0.7202366590499878,0.11239916921109006,0.11329846829175949,0.0032656997173869657,0.008099452706021772,0.9572994489762461
2017-02-18,0.7779877185821533,0.12028546807418151,0.11710092425346375,0.0036746312386996024,0.009561344708956188,1.0286100868574546
2017-02-19,0.8180564641952515,0.11843620288497064,0.105957992374897,0.003544447815485699,0.011978394970668629,1.0579735022412735
2017-02-20,0.8302459120750427,0.1114299699839728,0.11827222257852554,0.0035627592643006733,0.011916055662525004,1.0754269195643669
2017-02-21,0.8302459120750427,0.10900090463319445,0.11941138654947281,0.0028722906877447505,0.012107926087344727,1.0736384200327995
2017-02-22,0.8302459120750427,0.11142606385104133,0.11985800415277481,0.003978048115725396,0.021590891297219385,1.0870989194918037
2017-02-23,0.8302459120750427,0.1287875434457134,0.1373734325170517,0.005648318262860594,0.02921127478122999,1.1312664810818984
2017-02-24,0.8552945256233215,0.1324923025538206,0.1364402323961258,0.009326829186016577,0.03686917298705747,1.1704230627463421
2017-02-25,0.8958616852760315,0.13176774903045255,0.14972566068172455,0.010638150545426432,0.037292258712911815,1.225285504246547
2017-02-26,0.8958616852760315,0.11753533854333775,0.14817604422569275,0.01094436273274642,0.03344239683479764,1.205959827612606
2017-02-27,0.9090473055839539,0.09725392759473056,0.14363519847393036,0.008748605454448168,0.029849094339510038,1.188534131446573
2017-02-28,0.9090473055839539,0.08576714712222067,0.12908881902694702,0.007880884906677398,0.022022093496641318,1.1538062501364403
2017-03-01,0.965323805809021,0.07022484999070001,0.1456962525844574,0.007548280903882531,0.009943940257374308,1.1987371295454352
2017-03-02,1.0170702934265137,0.07421218230564552,0.15380144119262695,0.010920785522734075,0.008679312721024714,1.2646840151685448
2017-03-03,0.9522927403450012,0.0775055916629065,0.15034808218479156,0.012478098756331012,0.008343093357554182,1.2009676063065846
2017-03-04,0.8041372895240784,0.09387684754233028,0.12724387645721436,0.010467136142216131,0.008558069182022648,1.044283218847862
2017-03-05,0.7893622517585754,0.07260865693616181,0.11474446952342987,0.009669612664817256,0.006346457346724936,0.9927314482297093
2017-03-06,0.879059910774231,0.07403114365298151,0.12335042655467987,0.009420235418571553,0.005453425153696441,1.0913151415541602
2017-03-07,0.9029864072799683,0.07587205254635451,0.11909420043230057,0.009162079507702722,0.006071619873479468,1.1131863596398055
2017-03-08,0.865863561630249,0.08507286034166987,0.11832515895366669,0.009425151575458821,0.008030816178101079,1.0867175486791454
2017-03-09,0.8897290229797363,0.08025848654957296,0.11362682282924652,0.011132503269595558,0.006455855448943252,1.1012026910770947
2017-03-10,0.901034414768219,0.07811076147231273,0.1306508481502533,0.011343652076067488,0.006311816442783061,1.1274514929096358
2017-03-11,0.8166102766990662,0.08670576879375652,0.122551828622818,0.011367470839112524,0.006973629064337003,1.04420897401909
2017-03-12,0.7187244892120361,0.10040409267307121,0.11131628602743149,0.01223906458500591,0.009522071927066608,0.9522060044246112
2017-03-13,0.6840870380401611,0.10255503117536498,0.1021721214056015,0.012577734720857912,0.010730218898644516,0.9121221442406301
2017-03-14,0.7201618552207947,0.11524552329971213,0.11352486908435822,0.013038561857069322,0.015098355942694276,0.9770691654046286
2017-03-15,0.8871509432792664,0.13859810385324528,0.1669291853904724,0.0164033212313614,0.027637816090995818,1.2367193698453414
2017-03-16,0.7272400259971619,0.10778197775142555,0.0886785164475441,0.01582271486528571,0.01896642143106879,0.958489656492486
2017-03-17,0.8244946002960205,0.1318488584053135,0.1136903390288353,0.014265527063088207,0.025519130139782065,1.1098184549330397
2017-03-18,0.7706870436668396,0.10711878788376704,0.08953885734081268,0.006243025758875044,0.020206341041269386,0.9937940556915638
2017-03-19,0.8263898491859436,0.09958127790893206,0.08962556719779968,0.00491434562697295,0.016420982579986452,1.0369320224996346
2017-03-20,0.804223358631134,0.08599306254795806,0.09248701483011246,0.004373478585197855,0.008186386719559756,0.9952633013139621
2017-03-21,0.7960990071296692,0.11879425191073384,0.08758630603551865,0.005406153302184053,0.012800491277935951,1.0206862096560418
2017-03-22,0.660301148891449,0.12638556436274295,0.0799567848443985,0.008333658875533622,0.019486288491424936,0.894463445465549
2017-03-23,0.7283090949058533,0.11141396460519898,0.07934992015361786,0.007781946928415557,0.024550405196312162,0.9514053317893979
2017-03-24,0.6861398220062256,0.11472187076084316,0.07772183418273926,0.0072198564286151175,0.014033628210058715,0.8998370115884818
2017-03-25,0.6861398220062256,0.11647532917957236,0.07772183418273926,0.006710180764094113,0.012569914495337746,0.8996170806279691
2017-03-26,0.7832968235015869,0.10427987755712956,0.08540555834770203,0.004095179704287608,0.007572191221226673,0.9846496303319328
2017-03-27,0.7724575996398926,0.10870164556362144,0.09310487657785416,0.0052663894854954475,0.008722351421940593,0.9882528626888041
2017-03-28,0.8411737084388733,0.11313736931673234,0.12208164483308792,0.006976305195812031,0.010660139824028426,1.094029167608534
2017-03-29,0.8411737084388733,0.11656874973482002,0.11680351942777634,0.00805259739283945,0.016773779934990903,1.0993723549293
2017-03-30,0.8952834606170654,0.14176601832383953,0.15609684586524963,0.01248712262975039,0.023406051134815867,1.2290394985707211
2017-03-31,0.7581027150154114,0.11944538106327546,0.13922610878944397,0.012160985189360778,0.018544485502977173,1.0474796755604687
2017-04-01,0.7838479280471802,0.11898639077863885,0.13913147151470184,0.01123935850751318,0.014921812243697236,1.0681269610917312
2017-04-02,0.7809746861457825,0.11213692851610717,0.14534635841846466,0.010571741292202756,0.01313248390229743,1.0621621982748546
2017-04-03,0.7924695014953613,0.0825691531661709,0.14243923127651215,0.007617168222420086,0.007825011605644179,1.0329200657661084
2017-04-04,0.8065133094787598,0.10874636266722629,0.13958777487277985,0.008169741573759017,0.010528161212681141,1.0735453498052059
2017-04-05,0.8065133094787598,0.11091302552872287,0.14275576174259186,0.008015924516465997,0.010628824915807482,1.0788268461823478
2017-04-06,0.7924695014953613,0.1006592104108794,0.14146606624126434,0.007892986247270754,0.008544514318254951,1.0510322787130308
2017-04-07,0.676063060760498,0.09942940358115451,0.13248310983181,0.006357781349660266,0.006484858361665582,0.9208182138847884
2017-04-08,0.688044011592865,0.09563350286024921,0.10476459562778473,0.004949978127864571,0.005193529497828359,0.8985856177065918
2017-04-09,0.688044011592865,0.10919345669781302,0.1072976142168045,0.005481181826068488,0.006689385914894546,0.9167056502484455
2017-04-10,0.7149683237075806,0.11293708215466162,0.12739704549312592,0.005742596407885662,0.007421816491937818,0.9684668642551916
2017-04-11,0.7149683237075806,0.11074407895381531,0.12797780334949493,0.005365406244116778,0.00540512797483422,0.9644607402298417
2017-04-12,0.688044011592865,0.09701954136358001,0.11757407337427139,0.005014185718151591,0.005189065854393589,0.9128408779032616
2017-04-13,0.6988595724105835,0.09447115526258351,0.11096375435590744,0.0049130305575691875,0.005140064297003921,0.9143475768836475
2017-04-14,0.7849823832511902,0.13625647480758618,0.14141592383384705,0.006412545458184262,0.012106091492042732,1.0811734188428503
2017-04-15,0.6031298637390137,0.11849119914336136,0.07116975635290146,0.005816036032275112,0.007681080584377755,0.8062879358519294
2017-04-16,0.5953802466392517,0.1235161087883988,0.07158072292804718,0.005545227772814778,0.007519771607659784,0.8035420777361723
2017-04-17,0.6716150045394897,0.14613090502103843,0.08008405566215515,0.007019468607930279,0.0105318752609059,0.9153813090915195
2017-04-18,0.5953802466392517,0.1313560044887197,0.07302281260490417,0.007180679842964241,0.009209502798754564,0.8161492463745943
2017-04-19,0.6288014054298401,0.13034691014727492,0.07898028194904327,0.007945053372434537,0.011149590179147793,0.8572232410777406
2017-04-20,0.6288014054298401,0.12992549006888077,0.08083121478557587,0.006565531145958861,0.009386278208207014,0.8555099196384626
2017-04-21,0.6736032962799072,0.13048030824991688,0.08359315246343613,0.006981933341767918,0.008934989998603161,0.9035936803336313
2017-04-22,0.6158456802368164,0.1304539964122466,0.08325030654668808,0.007474201628867914,0.0083629165614388,0.8453871013860579
2017-04-23,0.7082337737083435,0.1447070374836061,0.0913466364145279,0.008481185065500834,0.009811719201381746,0.9625803518733602
2017-04-24,0.7786051630973816,0.14662542629875144,0.10990536212921143,0.01120870549131468,0.012242141131589425,1.0585867981482484
2017-04-25,0.77553790807724,0.16675165294037156,0.1454731971025467,0.014486412624150182,0.019375657062977048,1.1216248278072856
2017-04-26,0.7850085496902466,0.16128138912976128,0.13881079852581024,0.01343292315071468,0.015339169791481713,1.1138728302880145
2017-04-27,0.745581865310669,0.15871496766410073,0.141476571559906,0.011911286741406048,0.013053693668213283,1.0707383849442949
2017-04-28,0.8218393921852112,0.15168064432274245,0.1367644965648651,0.00923662112556865,0.013092365412401332,1.1326135196107887
2017-04-29,0.915227472782135,0.17825347198892152,0.15524625778198242,0.009938385907309291,0.01787852248394308,1.2765441109442912
2017-04-30,0.835430920124054,0.15819090631209157,0.1415904462337494,0.011911522650150904,0.01654871595077604,1.1636725112708217
2017-05-01,0.9144445657730103,0.18570285865707692,0.14772431552410126,0.014625164146361084,0.023797209945159555,1.2862941140457091
2017-05-02,0.757073700428009,0.16787594966695768,0.08363675326108932,0.015214884733382568,0.02471172276300357,1.0485130108524423
2017-05-03,0.757073700428009,0.1850270290748504,0.09021597355604172,0.016657483652805036,0.02694315038422767,1.0759173370959338
2017-05-04,0.7164729833602905,0.19142556246368891,0.08580683916807175,0.019802599812090035,0.030571580613675667,1.044079565417817
2017-05-05,0.742759108543396,0.20243345219348027,0.09505538642406464,0.020048838554942588,0.033995726200352946,1.0942925119162366
2017-05-06,0.7496753334999084,0.2170035402814961,0.09363873302936554,0.019475719542967777,0.02969214177876126,1.109485468132499
2017-05-07,0.7345584034919739,0.21947255885101516,0.09074760228395462,0.019170922497150317,0.02733934293842573,1.0912888300625196
2017-05-08,0.7345584034919739,0.20658266645910303,0.09066278487443924,0.01706185462136741,0.024201080281191455,1.073066789728075
2017-05-09,0.7125925421714783,0.1977762596153405,0.08959463238716125,0.01610857691895143,0.02149817446848121,1.0375701855614128
2017-05-10,0.7571707963943481,0.215354255066576,0.09496287256479263,0.016223742296944645,0.022756418096532484,1.1064680844191939
2017-05-11,0.7379614114761353,0.21929648693666332,0.10775753110647202,0.017942335786110562,0.026980586372301097,1.1099383516776824
2017-05-12,0.6471826434135437,0.22470752090427837,0.08849542587995529,0.018633826956232582,0.02482663287034965,1.0038460500243596
2017-05-13,0.6965417265892029,0.23469375952755506,0.11358334869146347,0.020601618635173534,0.026528715411746628,1.0919491688551417
2017-05-14,0.6905720829963684,0.26532068565193995,0.11297357082366943,0.022144585981360463,0.029712554074725537,1.1207234795280638
2017-05-15,0.7508996725082397,0.29654944992769944,0.11175023019313812,0.02236471481473565,0.037754511504601414,1.2193185789484144
2017-05-16,0.8081832528114319,0.3309714146468385,0.12027884274721146,0.02411366893553093,0.03750836404586177,1.3210555431868747
2017-05-17,0.7553257346153259,0.397943363627641,0.11035230755805969,0.033451999854978216,0.03923565326808257,1.3363090589240876
2017-05-18,0.8718251585960388,0.37857821961437726,0.11681187152862549,0.03378104004335619,0.03860997308945612,1.4396062628718538
2017-05-19,0.7992839217185974,0.3482393627116163,0.1193259209394455,0.03581042140563829,0.036345775822826505,1.339005402598124
2017-05-20,0.8102322220802307,0.3456137622154798,0.13182955980300903,0.03713534167607862,0.03381417816620845,1.3586250639410067
2017-05-21,0.8484311103820801,0.34675102543212016,0.1482110619544983,0.03662921268034023,0.03387319866173341,1.4138956091107722
2017-05-22,0.7678511738777161,0.32745128490567305,0.13356396555900574,0.027689337878278528,0.031114750329275034,1.2876705125499484
2017-05-23,0.7856175899505615,0.260997050522794,0.12194561958312988,0.02597563456401996,0.029226595613074818,1.2237624902335802
2017-05-24,0.8324110507965088,0.28421400579166584,0.15619808435440063,0.02730030652325908,0.03382960613141957,1.333953053597254
2017-05-25,0.8996542692184448,0.3490970747671002,0.1464841067790985,0.0279237492917252,0.03367238337371297,1.4568315834300818
2017-05-26,0.8996542692184448,0.3154351515992781,0.13486848771572113,0.027539292799363548,0.03699507463230111,1.4144922759651088
2017-05-27,0.9614517092704773,0.36198956829801715,0.1466599851846695,0.029122642942132407,0.03822227377542008,1.5374461794707166
2017-05-28,1.1199628114700317,0.4147809822388094,0.1458205282688141,0.030902815535427012,0.04002020256860831,1.7514873400816904
2017-05-29,1.1499792337417603,0.46980750299246804,0.18228676915168762,0.0348714856950108,0.041222845811231805,1.8781678373921584
2017-05-30,1.2332242727279663,0.4656108326699415,0.2637239098548889,0.04085180575602889,0.04400504767601631,2.047415868684842
2017-05-31,1.238347053527832,0.4891978993292217,0.2000722885131836,0.04144765200911171,0.04710922461530578,2.016174117994655
2017-06-01,1.2783962488174438,0.49639054409928496,0.17646175622940063,0.040519577097846635,0.04512167286678139,2.0368897991107575
2017-06-02,1.24981689453125,0.48117490489308534,0.19983400404453278,0.0413422697773398,0.04727959403075429,2.019447667276962
2017-06-03,1.1725677251815796,0.4760394817474781,0.1883435994386673,0.04130304432739844,0.04611811502494241,1.9243719657200657
2017-06-04,1.2312240600585938,0.4850704677988724,0.19503384828567505,0.041933522420159706,0.048950128098181764,2.002212026661483
2017-06-05,1.3151931762695312,0.5096658687353497,0.1968749612569809,0.04588444890203711,0.05129220445310009,2.1189106596169984
2017-06-06,1.438503384590149,0.5303858910315049,0.1894827038049698,0.04518670342257725,0.05472564458531392,2.258284327434515
2017-06-07,1.417568325996399,0.535460315523723,0.1931430697441101,0.04546544405115873,0.04597654029205347,2.237613695607444
2017-06-08,1.2245477437973022,0.5716484069766312,0.17904113233089447,0.04549899207918008,0.04728761355901542,2.0680238887430233
2017-06-09,1.2622947692871094,0.602800278450464,0.17793162167072296,0.04511700009308681,0.0478504360170417,2.1359941055184244
2017-06-10,1.2958656549453735,0.6586119726426165,0.18504109978675842,0.04523824079492355,0.04716226120860108,2.2319192293782733
2017-06-11,1.3127330541610718,0.634206788509764,0.17954593896865845,0.04496802895870619,0.04666660380026171,2.218120414398462
2017-06-12,1.359002709388733,0.584081672238856,0.20074395835399628,0.04438171130368604,0.04751425311780226,2.2357243044030737
2017-06-13,1.3182220458984375,0.5941570912894216,0.20695747435092926,0.04634700001251667,0.053649918061859106,2.2193335296131638
2017-06-14,1.433234691619873,0.6135498798361638,0.20065194368362427,0.04540803174117624,0.054365315691594654,2.347209862572432
2017-06-15,1.4507619142532349,0.6440405280994148,0.2210053652524948,0.044620954412661604,0.05516657502810397,2.41559533704591
2017-06-16,1.488050103187561,0.6783342614776782,0.18976935744285583,0.04817398632366504,0.06662225745814111,2.4709499658899015
2017-06-17,1.5007917881011963,0.8349545843737818,0.20761145651340485,0.04878998242002455,0.07872894487959733,2.670876756288005
2017-06-18,1.5007917881011963,0.8980263078730566,0.2165462076663971,0.04944746081789151,0.08115366159238432,2.745965426050926
2017-06-19,1.5878561735153198,1.0024676963510077,0.22064264118671417,0.04975588479487226,0.08596209763374066,2.9466844934816545
2017-06-20,1.89395010471344,1.0178199509279708,0.293658971786499,0.050838025018409366,0.08796856383539745,3.3442356162817166
2017-06-21,2.0440781116485596,1.0613366396666044,0.3290303349494934,0.05007932418793726,0.08745788433840995,3.5719822947910043
2017-06-22,2.197402238845825,1.0420686532812642,0.7018752694129944,0.0499995152831616,0.08670901862535615,4.078054695448602
2017-06-23,2.162132740020752,0.9826947945046334,0.5638230443000793,0.050927705214580496,0.08707427764970677,3.846652561689752
2017-06-24,2.162132740020752,0.9733368094775288,0.3414402902126312,0.05029330118529262,0.08644952201429072,3.6136526629104955
2017-06-25,2.162132740020752,0.9415700040618871,0.3391369581222534,0.05070459050435572,0.08672440832515022,3.5802687010343988
2017-06-26,2.162132740020752,0.9311742665320915,0.4239424765110016,0.04980490150548193,0.08685212501546123,3.653906509584788
2017-06-27,2.1456706523895264,0.8953156041118275,0.2977854907512665,0.04910457244812705,0.08358865482467764,3.471464974525425
2017-06-28,2.1166090965270996,0.8296950256919315,0.44759780168533325,0.048333632503215505,0.08186779502342077,3.5241033514310005
2017-06-29,2.0826363563537598,0.8313083634195568,0.3594973683357239,0.04834894275312184,0.07603529892868567,3.3978263297908478
2017-06-30,2.19586181640625,0.8323973545306569,0.3648608922958374,0.04759376884883454,0.07672597184485302,3.5174398039264316
2017-07-01,1.984474778175354,0.6679856636484232,0.22435741126537323,0.03750576302777696,0.06867330347211568,2.982996919589043
2017-07-02,1.984474778175354,0.6303474725364397,0.2234974503517151,0.03577666116257153,0.06565329276865815,2.9397496549947384
2017-07-03,1.984474778175354,0.5848635918598206,0.25908756256103516,0.03625149462523604,0.06559850859893791,2.930275935820384
2017-07-04,1.9675445556640625,0.49421357885334677,0.16591289639472961,0.032704382260995736,0.047609802771026694,2.707985215944161
2017-07-05,1.3614650964736938,0.4657601444739414,0.1832471638917923,0.03370378506366819,0.04965370883209815,2.093829898735194
2017-07-06,1.41490638256073,0.4864252454787254,0.1701112538576126,0.03347856276832836,0.0548701446200075,2.159791589285404
2017-07-07,2.3588685989379883,0.48284973152473976,0.18807397782802582,0.03277335098601774,0.04369930772066357,3.1062649669974354
2017-07-08,1.669217824935913,0.4629232603366023,0.18328547477722168,0.03254069537416681,0.04501040463250415,2.392977660056408
2017-07-09,2.099534749984741,0.4753510873399641,0.18026237189769745,0.0330556562386331,0.046539817280700904,2.834743682741737
2017-07-10,1.5503196716308594,0.43700313476209707,0.16396254301071167,0.03336225797921415,0.04328857762493994,2.2279361850078225
2017-07-11,1.6355501413345337,0.44149855947661626,0.16757889091968536,0.03210089021338669,0.04401858287534366,2.3207470648195656
2017-07-12,1.493680477142334,0.43443317118558444,0.17180761694908142,0.032049558654416624,0.043753059941103525,2.1757238838725197
2017-07-13,1.3219795227050781,0.4340751377145077,0.1403176337480545,0.03209854592196588,0.03673452610465924,1.9652053661942654
2017-07-14,1.3219795227050781,0.4364283245321574,0.166439488530159,0.03295832807290915,0.04234866909629265,2.0001543329365963
2017-07-15,1.523833155632019,0.4445334202130241,0.16694368422031403,0.03332263434660272,0.05262146759417382,2.221254362006134
2017-07-16,1.7653909921646118,0.43810562698774924,0.16901357471942902,0.033292586294119665,0.047463793659441214,2.453266573825351
2017-07-17,1.8054300546646118,0.46279491236041936,0.17580516636371613,0.03447134046598779,0.05024515924326226,2.5287466330979975
2017-07-18,1.6431182622909546,0.45929522085535485,0.17430156469345093,0.03285695239936998,0.0498843117078829,2.3594563119470133
2017-07-19,1.4844356775283813,0.47281990396554174,0.14299310743808746,0.03208025122426452,0.047976162438271915,2.1803051025945472
2017-07-20,1.4557414054870605,0.39058170310060286,0.1327095627784729,0.029056229220897963,0.04465967825084853,2.0527485788378828
2017-07-21,1.4805078506469727,0.36464974210413337,0.13118061423301697,0.026348782438909125,0.04373628576191289,2.046423275184945
2017-07-22,1.3075090646743774,0.31317212422176566,0.11477959901094437,0.022827234472166648,0.03690950900367992,1.795197531382934
2017-07-23,1.2255958318710327,0.3017489412930141,0.10782825946807861,0.022596944539244573,0.03569361949750905,1.6934635966688791
2017-07-24,1.0168466567993164,0.29096103919646177,0.10754647850990295,0.02167460153047832,0.025949616773878133,1.4629783928100377
2017-07-25,1.064786672592163,0.2775203049871279,0.10980850458145142,0.021302927565558415,0.025870667512605215,1.4992890772389063
2017-07-26,1.0377730131149292,0.2628504042600007,0.09985818713903427,0.02063467804920252,0.023459245049456446,1.4445755276126233
2017-07-27,1.1263612508773804,0.2853387031243216,0.14760637283325195,0.021335794281801636,0.028910715077825427,1.6095528361945808
2017-07-28,1.0125771760940552,0.302329128408587,0.099143847823143,0.020868102814600928,0.02653062932574392,1.46144888446613
2017-07-29,0.9834292531013489,0.27988882001435483,0.08819767087697983,0.021847937715794574,0.026796801731219348,1.4001604834396975
2017-07-30,1.0125771760940552,0.31328078891700323,0.09564278274774551,0.02124621979256109,0.029250607926881517,1.4719975754782466
2017-07-31,0.9989859461784363,0.3004689954314865,0.0994623601436615,0.022824457213828853,0.029716994105621876,1.451458753073035
2017-08-01,1.0125771760940552,0.3480040969309119,0.10091724991798401,0.023106440425981818,0.03188524565099602,1.5164902090199288
2017-08-02,1.072719931602478,0.36416173918870726,0.10245520621538162,0.023194564545769722,0.03394654351904159,1.5964779850713782
2017-08-03,1.1213458776474,0.3572650700216348,0.09588326513767242,0.023587819547401537,0.03320685312460867,1.6312888854787173
2017-08-04,1.1136455535888672,0.3589708062380442,0.1089683398604393,0.023676678612783886,0.031016197631172367,1.6362775759313068
2017-08-05,1.2603713274002075,0.3599626059113445,0.10559801012277603,0.02340640992013368,0.03146293730976108,1.7808012906642228
2017-08-06,1.477901577949524,0.3505263190009345,0.13754481077194214,0.022974411836527882,0.03346296056517922,2.0224100801241076
2017-08-07,1.4934371709823608,0.3709728875753175,0.09947893768548965,0.024224593663241232,0.034204582217355624,2.022318172123765
2017-08-08,1.4934371709823608,0.4000227184362329,0.1089506447315216,0.023953297007822925,0.03550681617802662,2.061870647335965
2017-08-09,1.556644320487976,0.4313270325826203,0.11786166578531265,0.024710040496518704,0.036444586368705414,2.1669876457211332
2017-08-10,1.6078358888626099,0.43672526443087983,0.11336953938007355,0.025831896683653748,0.03895489950312222,2.222717488860339
2017-08-11,1.5643476247787476,0.506425375202453,0.10202890634536743,0.02502112807380099,0.04071981532547729,2.2385428497258464
2017-08-12,1.5068591833114624,0.5333422639227181,0.10751619935035706,0.02529845202692648,0.04018383173807936,2.213199930349543
2017-08-13,1.3932089805603027,0.453181639545378,0.09789783507585526,0.022960728522731545,0.0353714614396919,2.0026206451439594
2017-08-14,1.1185829639434814,0.44618232817860776,0.09532149881124496,0.02389537019928565,0.03614688777618303,1.7201290489088028
2017-08-15,1.3366334438323975,0.46416769064845737,0.10327024012804031,0.024161751296530677,0.03937248913625278,1.9676056150416785
2017-08-16,1.3366334438323975,0.417837718175014,0.09501217305660248,0.02329550332863793,0.034459391849036104,1.907238230241688
2017-08-17,1.3652889728546143,0.40535081806542195,0.10063774138689041,0.023169199620258936,0.032869023189815105,1.9273157551170006
2017-08-18,1.0533138513565063,0.3416307354563655,0.09376705437898636,0.021242307862275954,0.025947010578512772,1.5359009596326467
2017-08-19,1.0502740144729614,0.33042454176946234,0.09310044348239899,0.019562569963880082,0.01937629353998903,1.512737863228692
2017-08-20,1.0627281665802002,0.3200101106681163,0.09240815043449402,0.02002367335505298,0.02008179149222941,1.5152518925300928
2017-08-21,1.0497286319732666,0.34411982068314734,0.12853755056858063,0.02042383723979315,0.022502635571631742,1.5653124760364194
2017-08-22,1.2104915380477905,0.31728528301406234,0.13023631274700165,0.022308947787949937,0.0259219412640163,1.7062440228608209
2017-08-23,1.3003534078598022,0.31121471118779814,0.1380348652601242,0.023927861011221484,0.026658745404146957,1.800189590723093
2017-08-24,1.3557837009429932,0.3345206561868328,0.15029354393482208,0.023777173056508883,0.027925183953312758,1.8923002580744697
2017-08-25,1.4865052700042725,0.3409638948354502,0.1481202393770218,0.028525614028810663,0.028539106709601397,2.0326541249551564
2017-08-26,1.5053399801254272,0.32674524885715234,0.14098963141441345,0.02918629841929262,0.03223850920345949,2.034499668019745
2017-08-27,1.6493176221847534,0.3623491579459781,0.14188946783542633,0.03128775798326882,0.0337269352414164,2.218570941190843
2017-08-28,1.9950616359710693,0.42663552184628983,0.16341367363929749,0.03753384981717373,0.03446173798347317,2.6571064192573037
2017-08-29,1.9950616359710693,0.42524574984560587,0.17253534495830536,0.03380864633653517,0.03505760511672422,2.66170898222824
2017-08-30,1.892189860343933,0.4284171916590939,0.1732490062713623,0.033401827887888424,0.03724792062865791,2.564505806790936
2017-08-31,2.0417747497558594,0.4513365930727413,0.18476594984531403,0.03757263521334613,0.03959456958361804,2.7550444974708794
2017-09-01,2.0417747497558594,0.46450443292271376,0.18681369721889496,0.037657155743693216,0.04403615441322885,2.7747861900543906
2017-09-02,2.2905383110046387,0.5167017127451834,0.20194846391677856,0.04060659874850389,0.04913362908687797,3.0989287155019825
2017-09-03,2.5304372310638428,0.5386695728176818,0.1933804154396057,0.04082141955834891,0.048000044627211004,3.35130868350669
2017-09-04,2.5528531074523926,0.6279957648920396,0.1933804154396057,0.04362038982377237,0.047805071688494884,3.4656547492963057
2017-09-05,2.707066059112549,0.6748236771763487,0.18972808122634888,0.045674834201472114,0.04697320195359412,3.664265853670313
2017-09-06,2.707066059112549,0.658131559572088,0.19321754574775696,0.045668801975066904,0.046684706858673285,3.650768673266134
2017-09-07,2.5982635021209717,0.6560174987309457,0.18417587876319885,0.04253148838273172,0.043651685284493175,3.5246400532823414
2017-09-08,2.337451219558716,0.5886816085816757,0.2157387137413025,0.03862161353729749,0.04062016624162896,3.2211133216606207
2017-09-09,2.566239356994629,0.5492466170205335,0.20560793578624725,0.03908904296063858,0.04493143084422375,3.4051143836062723
2017-09-10,2.606041431427002,0.5610208937765941,0.22461242973804474,0.038093478143790015,0.04687617486262878,3.4766444079480596
2017-09-11,2.606041431427002,0.5794210397781494,0.22010232508182526,0.03977691375505363,0.049263195915413706,3.494604905957444
2017-09-12,2.154728651046753,0.8368573171616549,0.24417397379875183,0.044648847718985286,0.060904719845323106,3.341313509571468
2017-09-13,2.154728651046753,0.8859311260500442,0.2484167218208313,0.047515542558329696,0.06445438671488847,3.401046428190847
2017-09-14,2.186835289001465,0.8653170244722486,0.2590273916721344,0.04837611735984734,0.06651210740380374,3.4260679299094985
2017-09-15,2.154728651046753,0.8984950652760584,0.2732214033603668,0.048283460254407315,0.06755864859570003,3.442287228533285
2017-09-16,2.116177558898926,0.8508890627170289,0.251871258020401,0.048393344280262214,0.0651939267030425,3.3325251506196607
2017-09-17,2.081082820892334,0.842525193085359,0.2649396061897278,0.0487090896563092,0.062266173138956736,3.2995228829626866
2017-09-18,2.0561861991882324,0.8417917141079012,0.25400519371032715,0.048172738109406824,0.06194676203606192,3.26210260715193
2017-09-19,2.081082820892334,0.841000742688232,0.36314907670021057,0.04855676926414765,0.06614422222113062,3.399933631766055
2017-09-20,1.963379144668579,0.843662905933223,0.23026452958583832,0.048371275745576495,0.06659744440226721,3.152275300335484
2017-09-21,1.963379144668579,0.844060765558998,0.2607322931289673,0.04443008740095476,0.0644956373619056,3.1770979281194047
2017-09-22,1.575378656387329,0.8176653220101953,0.2221381515264511,0.043238580504258536,0.05894881145190166,2.7173695218801357
2017-09-23,1.575378656387329,0.7709744411138115,0.22624912858009338,0.04330704907165155,0.056394185128393046,2.6723034602812787
2017-09-24,1.6579148769378662,0.8648112634448306,0.2501903474330902,0.04993378255428724,0.07348387968728234,2.896334150057357
2017-09-25,1.6579148769378662,0.938876046652507,0.2500017285346985,0.04993162419757773,0.07660872206332246,2.9733329983859718
2017-09-26,1.7333577871322632,1.0057941870773202,0.24997416138648987,0.051386623015234556,0.0771749368890786,3.1176876955003863
2017-09-27,1.8891785144805908,1.0069582607850078,0.26857230067253113,0.050238354563464885,0.07786987456401481,3.2928173050656095
2017-09-28,2.1886513233184814,0.9535529851192894,0.28201958537101746,0.05145305348323502,0.07905609137210463,3.554733038664128
2017-09-29,1.7333577871322632,0.979353124330377,0.26086485385894775,0.050857051380669364,0.07781239448770064,3.1022452111899574
2017-09-30,1.8891785144805908,1.0284375433977893,0.2892472445964813,0.05110816500043064,0.08250003362412063,3.340471501099413
2017-10-01,1.8708980083465576,1.0547622216913806,0.2988223135471344,0.05090054549511587,0.08477538886768016,3.3601584779478686
2017-10-02,2.194521427154541,1.055583615300427,0.29818442463874817,0.051418431920325025,0.08471756310339915,3.6844254621174404
2017-10-03,2.156479597091675,1.0123952943907155,0.3141711950302124,0.0514664880291049,0.08434088787502282,3.6188534624167303
2017-10-04,2.156479597091675,0.9888267876678936,0.30959755182266235,0.0510350586308581,0.08456438353922383,3.5905033787523126
2017-10-05,2.156479597091675,1.009712333222624,0.36255761981010437,0.05093603565594026,0.08490060955814796,3.6645861953384915
2017-10-06,1.9434243440628052,1.0277859511168526,0.2804242968559265,0.048943822131136475,0.08241274246251074,3.3829911566292314
2017-10-07,1.7831294536590576,0.9958881097676526,0.27660179138183594,0.04936886059431281,0.08133532769008113,3.18632354309294
2017-10-08,1.717568039894104,0.8983762429703077,0.2564726769924164,0.04874786458118336,0.07965390854949911,3.0008187329875105
2017-10-09,1.8719693422317505,0.8844385778074728,0.26511150598526,0.04869327017232885,0.07611056144706507,3.1463232576438775
2017-10-10,1.8719693422317505,0.8929713211847732,0.30047914385795593,0.049869799851677825,0.07524756822387446,3.1905371753500322
2017-10-11,1.8719693422317505,0.8840967277218232,0.27111485600471497,0.0486150847648209,0.07695658453684122,3.1527525952599507
2017-10-12,1.7708752155303955,0.8646875692033569,0.22633199393749237,0.047024243664357264,0.07751329432426704,2.9864323166598687
2017-10-13,1.6285477876663208,0.8623815280530012,0.21947762370109558,0.04666591719928571,0.07246410714033681,2.8295369637600403
2017-10-14,1.6285477876663208,0.8210280512347246,0.17629477381706238,0.0454183785646199,0.06807311714366326,2.739362108426391
2017-10-15,1.9443222284317017,0.7657766967566011,0.1628255993127823,0.04397568238990031,0.06343853601840392,2.9803387429093893
2017-10-16,2.019915819168091,0.7045984491047605,0.20146694779396057,0.03717831241313835,0.06195735760091803,3.025116886080868
2017-10-17,1.9091311693191528,0.5232561813553371,0.18799059092998505,0.03158450436939281,0.057547902776358226,2.709510348750226
2017-10-18,2.140923023223877,0.44976513384678035,0.19368024170398712,0.02970603465081778,0.05482056742774769,2.86889500085321
2017-10-19,1.873128056526184,0.4181610117701121,0.1967056840658188,0.02745047631793431,0.05128046703401072,2.56672569571406
2017-10-20,1.8040969371795654,0.39437900642293233,0.15708592534065247,0.027304218471685883,0.05140936391308053,2.434275451327917
2017-10-21,1.514086365699768,0.3882436797312909,0.2139909416437149,0.027850611873572892,0.05069486533301285,2.19486646428136
2017-10-22,1.3088749647140503,0.4021597389167662,0.1622219681739807,0.02803947409257799,0.044530831030646284,1.9458269769280214
2017-10-23,1.6410292387008667,0.4176022155567652,0.27602389454841614,0.028592489455735184,0.04736751221350335,2.410615350475287
2017-10-24,2.0315725803375244,0.468116486514684,0.2507782280445099,0.03189019091930581,0.05296338069505241,2.8353208665110765
2017-10-25,2.1034202575683594,0.48741177255000395,0.2007742077112198,0.03495217002128822,0.05821187510335143,2.8847702829542228
2017-10-26,2.050431966781616,0.5655154292028075,0.19033107161521912,0.038466934068641115,0.05699954572825268,2.9017449473965367
2017-10-27,2.050431966781616,0.5287276917187078,0.21110834181308746,0.03454561858803939,0.05634660453754623,2.8811602234389975
2017-10-28,2.050431966781616,0.5603576669783745,0.20993399620056152,0.037833809490029006,0.05907331348528726,2.9176307529358683
2017-10-29,2.1488330364227295,0.5778027030301178,0.181788370013237,0.044597945495305664,0.0602595160717325,3.013281571033122
2017-10-30,2.113196849822998,0.5814002269599097,0.19227731227874756,0.04478096505604173,0.061724416231717115,2.993379770349414
2017-10-31,2.116771936416626,0.5590316915200266,0.15532024204730988,0.043349744374855656,0.05551779263719888,2.929991406996017
2017-11-01,2.0588583946228027,0.3992929036056079,0.2125113606452942,0.03158283203151171,0.04994279089477669,2.7521882817999934
2017-11-02,2.0891616344451904,0.37819658551536844,0.17287056148052216,0.029133540499995385,0.04706753719694021,2.7164298591380165
2017-11-03,1.9934930801391602,0.35013978615961106,0.18049265444278717,0.030300730412475038,0.04642833707419937,2.600854588228233
2017-11-04,1.8841578960418701,0.34524721828963395,0.17755430936813354,0.028729705607320247,0.04894648705061761,2.4846356163575756
2017-11-05,1.91376793384552,0.32661803253676364,0.14860036969184875,0.029826468432749612,0.04749783351393075,2.466310638020813
2017-11-06,1.932031512260437,0.27135434044594825,0.13742053508758545,0.027532050828105045,0.035094027166242624,2.4034324657883186
2017-11-07,1.510785698890686,0.24679698759642135,0.13294965028762817,0.02634478921703827,0.03171704479438321,1.9485941707861572
2017-11-08,1.5939695835113525,0.2332117004201054,0.13789430260658264,0.02533220253889274,0.031419306559134705,2.021827095636068
2017-11-09,1.537559151649475,0.22109322273050103,0.13197529315948486,0.024387139391170744,0.02221221142170006,1.9372270183523317
2017-11-10,1.4292323589324951,0.20315277133905824,0.13398832082748413,0.025252616118465028,0.022450230433824436,1.8140762976513267
2017-11-11,1.3650425672531128,0.19710647150879554,0.13805457949638367,0.022598314717564235,0.02316915131094091,1.745971084286797
2017-11-12,1.2282893657684326,0.19963255972743854,0.12961719930171967,0.02308523241766213,0.02168668903824009,1.6023110462534929
2017-11-13,1.2063134908676147,0.20712002500691695,0.1240638867020607,0.02305587075156061,0.029529796493321082,1.590083069821474
2017-11-14,1.2063134908676147,0.21391557307769613,0.12169475853443146,0.022713949508525837,0.034651691663968136,1.5992894636522361
2017-11-15,1.178807020187378,0.21773229048245085,0.11539959162473679,0.022581306567424502,0.03561796984596486,1.570138178707955
2017-11-16,1.317651629447937,0.26060173943551784,0.16135942935943604,0.02241059540709687,0.0439141252159918,1.8059375188659794
2017-11-17,1.0702619552612305,0.23224596447097504,0.09239248931407928,0.019283880222875586,0.039537465614486636,1.4537217548836472
2017-11-18,1.1618374586105347,0.26046838718114995,0.10114365071058273,0.02116306619477406,0.0432214447814203,1.5878340074784618
2017-11-19,1.0702619552612305,0.22946173201719006,0.09270964562892914,0.01677862940322762,0.03814918240561818,1.4473611447161956
2017-11-20,1.1842890977859497,0.21761593756579317,0.0920906513929367,0.01394626441455229,0.03495605935914414,1.542898010518376
2017-11-21,1.1078258752822876,0.2226973153134012,0.09209321439266205,0.014628796829007472,0.03505416453851885,1.4722993663558774
2017-11-22,1.145905613899231,0.226602038814741,0.09180618822574615,0.013295942058262572,0.03428555326668522,1.5118953362646659
2017-11-23,1.0774312019348145,0.21925182504338683,0.08641184121370316,0.012756783852106735,0.02926429271780816,1.4251159447618194
2017-11-24,0.933515727519989,0.22244182508889807,0.08416803181171417,0.012159926485670922,0.030967947870287074,1.2832534587765592
2017-11-25,0.933515727519989,0.21559546753422845,0.0838526114821434,0.011928231380541197,0.02500022429051527,1.2698922622074171
2017-11-26,0.933515727519989,0.21719572510920473,0.08360670506954193,0.012444630992086972,0.025595777716759978,1.2723585664075825
2017-11-27,0.9560225605964661,0.2111003994250242,0.10766402631998062,0.011527512514916433,0.02392569895194575,1.3102401978083331
2017-11-28,0.957248866558075,0.20074627303795364,0.11416688561439514,0.01141132211547443,0.022270798925459506,1.3058441462513577
2017-11-29,0.9842934608459473,0.19985010949677165,0.1254313588142395,0.011158901861910356,0.0215944976918735,1.3423283287107424
2017-11-30,1.0287902355194092,0.20177318741644262,0.11896989494562149,0.01055493905277315,0.020158139726848757,1.380246396661095
2017-12-01,1.001200556755066,0.1931189059680114,0.11685028672218323,0.010176437008692722,0.01934930855691308,1.3406954950108663
2017-12-02,0.9884753823280334,0.18998574159857695,0.11219047009944916,0.010015339529951001,0.01902590959052191,1.3196928431465322
2017-12-03,0.9856346845626831,0.18895113426433963,0.10484638065099716,0.010327897631246176,0.026025956632346966,1.3157860537416128
2017-12-04,1.0354852676391602,0.18379866743665213,0.11147157102823257,0.010565105633646075,0.02774997432371465,1.3690705860614054
2017-12-05,1.061728835105896,0.18156125743317714,0.11939450353384018,0.010154904094943793,0.027153275690656495,1.3999927758585136
2017-12-06,1.0051007270812988,0.17582230096134935,0.11972265690565109,0.010187757689706011,0.028288107334342734,1.3391215499723481
2017-12-07,0.9916147589683533,0.19520783038903114,0.12430252134799957,0.011419847112461802,0.03184738402268903,1.3543923418405348
2017-12-08,0.9236428737640381,0.19639862852023646,0.10420049726963043,0.011303292342843723,0.024132844656549385,1.259678136553298
2017-12-09,1.0420701503753662,0.232756688521168,0.1253018081188202,0.011747824938577019,0.0395224100704811,1.4513988820244126
2017-12-10,0.9030694961547852,0.1983763450813953,0.08585446327924728,0.0118374029028575,0.03564979330242443,1.2347875007207096
2017-12-11,0.9536347985267639,0.21688221376178765,0.1138339564204216,0.01184082621280352,0.04255913695389288,1.3387509318756696
2017-12-12,0.8868137001991272,0.17493071197891932,0.07042529433965683,0.012232470599903249,0.035734085841891645,1.1801362629594985
2017-12-13,0.9814224243164062,0.18203102675661792,0.09174419939517975,0.01072800677607134,0.03565970166885613,1.3015853589131314
2017-12-14,0.8817206025123596,0.1675945312133196,0.06800442188978195,0.010020818387494617,0.03179459117581805,1.1591349651787737
2017-12-15,0.8339982628822327,0.15347728450753959,0.06828858703374863,0.009671230336470629,0.02810408168605638,1.093539446446048
2017-12-16,0.8339982628822327,0.1583252223094507,0.06828858703374863,0.009549472357734231,0.02807143522358129,1.0982329798067476
2017-12-17,0.8660748600959778,0.13746670024701935,0.07028429210186005,0.009567912438345908,0.023489573995984253,1.1068833388791872
2017-12-18,0.8701180815696716,0.13300027059465255,0.07140181958675385,0.009068315478246297,0.021468164965130276,1.1050566521944545
2017-12-19,0.7673510313034058,0.12305944653848297,0.06795654445886612,0.009041252935256646,0.018307622232305164,0.9857158974683167
2017-12-20,0.7242969274520874,0.1195795091976504,0.06939032673835754,0.008820475404886948,0.018439573618952626,0.9405268124119349
2017-12-21,0.7666698098182678,0.11902032269557321,0.07319312542676926,0.008942997747538109,0.00813851360982302,0.9759647692979714
2017-12-22,0.7666698098182678,0.11935947139481601,0.07255378365516663,0.008621380515872334,0.007717546888839564,0.9749219922729624
2017-12-23,0.7666698098182678,0.11878264795104727,0.07255378365516663,0.008517500283560844,0.007839030514447566,0.9743627722224901
2017-12-24,0.9276266694068909,0.11770376314409142,0.10635309666395187,0.008352881327841486,0.007072227085114314,1.1671086376278899
2017-12-25,0.9276266694068909,0.117826651432995,0.10635309666395187,0.008263795161434122,0.007672290244645334,1.1677425029099173
2017-12-26,0.9276266694068909,0.11608207966236106,0.1068735420703888,0.008160667583736033,0.007399474507033088,1.16614243323041
2017-12-27,0.9479641914367676,0.11507940106126276,0.10873085260391235,0.008104679359023134,0.00719159696630856,1.1870707214272744
2017-12-28,0.9316409230232239,0.11555098075498425,0.10873085260391235,0.008171464806791177,0.007934823161124352,1.1720290443500359
2017-12-29,0.936856746673584,0.11376982004091069,0.10676494240760803,0.007850287327243221,0.008765552091556217,1.1740073485409022
2017-12-30,0.92970871925354,0.1263229448143735,0.10164916515350342,0.008177841653133134,0.017254015873088353,1.1831126867476383
2017-12-31,0.8309468030929565,0.12209695199374228,0.09211067855358124,0.007968034645011092,0.017444764487800576,1.0705672327730917
2018-01-01,0.8049170970916748,0.1181164483241928,0.09211067855358124,0.007906426048373114,0.01857506424967551,1.0416257142674976
2018-01-02,0.8049170970916748,0.11952811657950434,0.09177298843860626,0.007968806524766003,0.019994201891019425,1.044181210525571
2018-01-03,0.8643102645874023,0.13455789025536374,0.0947180762887001,0.008181735194321152,0.028517961576776874,1.130285927902564
2018-01-04,0.8214820027351379,0.11254318369414562,0.09539857506752014,0.008015483522054294,0.028081802354821175,1.0655210473736794
2018-01-05,0.8253170251846313,0.11146491656692584,0.09805960208177567,0.007994644656320707,0.02842873643086621,1.0712649249205195
2018-01-06,0.894788920879364,0.13538394824610092,0.09798729419708252,0.008615670305729396,0.03236987854940329,1.1691457121776803
2018-01-07,0.7524315118789673,0.1170977440028585,0.07259425520896912,0.00813224973708083,0.029175386492101663,0.9794311473199773
2018-01-08,0.7715014219284058,0.11279190159750871,0.07687849551439285,0.008029526838942163,0.028082385817225042,0.9972837316964746
2018-01-09,0.7715014219284058,0.11509401195965097,0.0738450288772583,0.007056723388716871,0.028259323790324076,0.9957565099443559
2018-01-10,0.7428401708602905,0.10305276410853166,0.07053660601377487,0.006506189068759501,0.019242382400988495,0.9421781124523452
2018-01-11,0.8725937604904175,0.10449062135400705,0.07000616192817688,0.006609525176208201,0.02027250505080843,1.073972573999618
2018-01-12,0.819334864616394,0.10234666773967915,0.06931061297655106,0.006350102278124651,0.017637755471923,1.0149800030826719
2018-01-13,0.815527617931366,0.10252001142075746,0.0681891143321991,0.005967055579327581,0.017500104388089476,1.0097039036517397
2018-01-14,0.7836189270019531,0.11906311035313445,0.07507116347551346,0.006013215067746591,0.016531302911480708,1.0002977188098283
2018-01-15,0.7582072019577026,0.11624349681402578,0.07376788556575775,0.005975797757738801,0.019231651884735752,0.9734260339799607
2018-01-16,0.7270603775978088,0.1258959895901985,0.07262929528951645,0.005836751811402667,0.019503570108464503,0.950925984397391
2018-01-17,0.6693200469017029,0.12241639437875043,0.06602977961301804,0.005824623552338578,0.01865909300913865,0.8822499374549486
2018-01-18,0.693876326084137,0.11718796450770502,0.06571794301271439,0.005771954594133784,0.021005261747305694,0.9035594499459958
2018-01-19,0.6693200469017029,0.10435545330294753,0.0656752958893776,0.006114003929953195,0.020433180702491626,0.8658979807264728
2018-01-20,0.672444760799408,0.10815513151626475,0.06745855510234833,0.0059683120458682605,0.02065298417721977,0.874679743641109
2018-01-21,0.6822547316551208,0.09984618320616191,0.06321550160646439,0.005754760683908504,0.02182423818825348,0.8728954153399091
2018-01-22,0.6822547316551208,0.10613121982748742,0.0630623996257782,0.005496965457246543,0.027280525186366027,0.884225841751999
2018-01-23,0.7061309814453125,0.1041163770668202,0.0630623996257782,0.00550404427901082,0.027652265804716726,0.9064660682216384
2018-01-24,0.6393346190452576,0.13105552386287023,0.06693132221698761,0.007056104055339738,0.03277041027033415,0.8771479794507893
2018-01-25,0.7763351798057556,0.12218591944401383,0.07446642965078354,0.006571085683318321,0.03219089571646834,1.0117495103003395
2018-01-26,0.7763351798057556,0.1142808177202647,0.07933667302131653,0.005536454469047496,0.028559371200902284,1.0040484962172866
2018-01-27,0.8436336517333984,0.10357934151555964,0.10716009885072708,0.005072234783894559,0.028509159457040988,1.0879544863406208
2018-01-28,0.8436336517333984,0.09137506565549257,0.1058240607380867,0.004183810399312122,0.029343884456553754,1.0743604729828435
2018-01-29,0.8347609639167786,0.11056091677096276,0.104876808822155,0.005097206916030469,0.022240419932600484,1.0775363163585272
2018-01-30,0.8642779588699341,0.12963951863547676,0.11118151247501373,0.0048138587489140235,0.02390649788924458,1.133819346618583
2018-01-31,0.8336912989616394,0.11047737558626992,0.11170907318592072,0.004320745106747133,0.03128828426695071,1.0914867771075278
2018-02-01,0.8085541129112244,0.10553502951483466,0.1108793392777443,0.004158475660209491,0.030057688885055715,1.0591846462490686
2018-02-02,0.8141218423843384,0.09650457005386541,0.10911884158849716,0.004147343856286264,0.029694327458607034,1.0535869253415941
2018-02-03,0.8439905643463135,0.11133832741948566,0.10860351473093033,0.004072711269549837,0.021645212054591554,1.0896503298208708
2018-02-04,0.7939985990524292,0.09538413564754158,0.10708043724298477,0.003941510597617739,0.01746511683005083,1.017869799370624
2018-02-05,0.7232996225357056,0.08673860612140312,0.07511069625616074,0.003642129243529308,0.008235394323231754,0.8970264484800305
2018-02-06,0.633341372013092,0.08606239803637121,0.07511069625616074,0.0035745143673022737,0.007423165692679461,0.8055121463656056
2018-02-07,0.633341372013092,0.08756613267416176,0.07448086887598038,0.003421330806480094,0.0055287899904366495,0.8043384943601509
2018-02-08,0.6205702424049377,0.09185230685125452,0.07264098525047302,0.0030141826890308474,0.0042119622744366545,0.7922896794701328
2018-02-09,0.5993171334266663,0.0840511680177064,0.06813759356737137,0.0032466782056250953,0.004467807873167489,0.7592203810905366
2018-02-10,0.6486110687255859,0.10910826254611587,0.13116706907749176,0.0030319489909957104,0.005534294217061274,0.8974526435572505
2018-02-11,0.5947394967079163,0.09816647189371722,0.07101456820964813,0.0027503859963387825,0.0040493318643022025,0.7707202546719226
2018-02-12,0.6224281191825867,0.08948178871753631,0.07244619727134705,0.0027000268743676906,0.0044622166035403685,0.7915183486493781
2018-02-13,0.6119990944862366,0.09084780512787256,0.11747496575117111,0.002652680030884118,0.00474363397272017,0.8277181793688846
2018-02-14,0.6543932557106018,0.09272532317953634,0.09184526652097702,0.0027974935513976154,0.004849028884129929,0.8466103678466427
2018-02-15,0.6709782481193542,0.095685038085783,0.10195233672857285,0.0027938006945402646,0.00497245782301043,0.8763818814512608
2018-02-16,0.6709782481193542,0.10714375470263808,0.10195233672857285,0.002862497525090227,0.005895574234816583,0.888832411310472
2018-02-17,0.6709782481193542,0.09648197635149926,0.10195233672857285,0.0027588586538379745,0.005051071754508249,0.8772224916077725
2018-02-18,0.6709782481193542,0.09726381896302591,0.09994228929281235,0.00280981307662754,0.005011454659761868,0.8760056241115819
2018-02-19,0.752083957195282,0.09625159768575765,0.10071642696857452,0.0027005623322266374,0.0048837159335314165,0.9566362601153722
2018-02-20,0.7127895355224609,0.1174829490696361,0.09348644316196442,0.0038838038680147307,0.008863168160710817,0.936505899782787
2018-02-21,0.6493948698043823,0.11455619051047054,0.09487563371658325,0.0026550157450018833,0.005984843820703828,0.8674665535971419
2018-02-22,0.6958835124969482,0.10063583380326876,0.09648709744215012,0.0025492427402121287,0.004867441306476394,0.9004231277890558
2018-02-23,0.7218248248100281,0.10254962450158427,0.10811100900173187,0.0026235456057233366,0.004384745265341653,0.9394937491844091
2018-02-24,0.7505735754966736,0.10206376909779326,0.10582049936056137,0.0029538965274284114,0.00541598499533807,0.9668277254777946
2018-02-25,0.8754944205284119,0.12127878116880862,0.10243038833141327,0.003459773299907566,0.008615276354368383,1.1112786396829095
2018-02-26,0.773908257484436,0.1069106942452366,0.13627316057682037,0.0026552536069913138,0.0030666457404911586,1.0228140116539752
2018-02-27,0.8188127279281616,0.11889541375135246,0.1253615766763687,0.0027383927491262754,0.004138624910172012,1.069946736015181
2018-02-28,0.6962783932685852,0.09702557875585803,0.07485221326351166,0.002462732035825224,0.00224489447056654,0.8728638117943467
2018-03-01,0.7139250040054321,0.09728397484176772,0.07923494279384613,0.00254150920410184,0.002343143771099889,0.8953285746162477
2018-03-02,0.7139250040054321,0.09827254383395516,0.07866249978542328,0.002591737827715118,0.002210837533806393,0.895662622986332
2018-03-03,0.7265191078186035,0.09907461104137603,0.08543229848146439,0.002593916364619003,0.0023494380026550816,0.9159693717087181
2018-03-04,0.6788546442985535,0.1090008975179638,0.07856449484825134,0.002663705221425338,0.0028657775824271494,0.8719495194686211
2018-03-05,0.7277433276176453,0.11386232041147736,0.08483931422233582,0.002698764738569309,0.002833290804984731,0.9319770177950125
2018-03-06,0.7277433276176453,0.09761866259790741,0.0807754397392273,0.0025282058613233004,0.0021351175926962876,0.9108007534087995
2018-03-07,0.6866647005081177,0.09710610180234307,0.0788935199379921,0.00252901367281275,0.0021568018839836175,0.8673501378052492
2018-03-08,0.6782013177871704,0.09721179387692962,0.07429763674736023,0.0024872565269602872,0.0021561897117168428,0.8543541946501373
2018-03-09,0.5801429748535156,0.09597218523510258,0.07039694488048553,0.002485350987723654,0.0021519905506435237,0.7511494465074708
2018-03-10,0.6224760413169861,0.0970952762110892,0.10118819773197174,0.002554130024739272,0.002268564860148851,0.825582210144935
2018-03-11,0.6580199003219604,0.10001234430937797,0.10292736440896988,0.002893782628206657,0.0027309008842632053,0.8665842925527781
2018-03-12,0.6746968626976013,0.10072040659000495,0.11835859715938568,0.0036903578796273536,0.002836949214920955,0.9003031735415402
2018-03-13,0.67154461145401,0.1047421836552408,0.11789488047361374,0.004177999765507342,0.004719332034037793,0.9030790073824098
2018-03-14,0.7075305581092834,0.129605648835008,0.13267330825328827,0.004732748888696588,0.00967617890036151,0.9842184429866379
2018-03-15,0.7253562211990356,0.1175255111443185,0.09476472437381744,0.004391186178138432,0.007765719813500128,0.9498033627088102
2018-03-16,0.7555931210517883,0.11281912889862417,0.12482517957687378,0.003162408791314643,0.0050907779353738985,1.001490616253975
2018-03-17,0.7555931210517883,0.10915424964163106,0.13111673295497894,0.0031666615116766445,0.004482199086708186,1.0035129642467833
2018-03-18,0.7555931210517883,0.10214154229019701,0.1255926489830017,0.002614066250624726,0.00269620407488595,0.9886375826504977
2018-03-19,0.7436994314193726,0.10228204753894181,0.14347030222415924,0.0030750986040990265,0.004781972285584862,0.9973088520721575
2018-03-20,0.8002123236656189,0.10715544170373054,0.1268400251865387,0.002887811738813886,0.004591670032650279,1.0416872723273523
2018-03-21,0.8466430306434631,0.12007625471036726,0.13155154883861542,0.003264451096727839,0.0057958356589276,1.1073311209481014
2018-03-22,0.7054265141487122,0.1018913936183225,0.08154154568910599,0.0030327146913916624,0.003045100050212098,0.8949372681977444
2018-03-23,0.6229819059371948,0.09638798586094649,0.07767350226640701,0.002839267670358882,0.0028354236439874455,0.8027180853788947
2018-03-24,0.6611906886100769,0.12194775384961895,0.10256323218345642,0.00366250679254372,0.007149908801560887,0.8965140902372569
2018-03-25,0.6143258213996887,0.10207277100992546,0.08136182278394699,0.002744603849151022,0.0032734796347842396,0.8037784986774963
2018-03-26,0.6524359583854675,0.09920890610389745,0.08249783515930176,0.002800602301929684,0.0028099790650938173,0.8397532810156902
2018-03-27,0.6289664506912231,0.097366451674009,0.07724232971668243,0.00275864461367356,0.0028373752501636945,0.8091712519457519
2018-03-28,0.6659063100814819,0.12830273383097468,0.09801855683326721,0.0047184689058595445,0.01053043340703279,0.9074765030586162
2018-03-29,0.6591544151306152,0.12146733464458075,0.07783213257789612,0.006257739862921648,0.01206100864999212,0.8767726308660059
2018-03-30,0.6467941403388977,0.1206295103711736,0.07191287726163864,0.007144020209150313,0.011996614387420142,0.8584771625682804
2018-03-31,0.6467941403388977,0.13074722261138566,0.07642166316509247,0.006422680382888012,0.013628265236818407,0.8740139717350822
2018-04-01,0.6467941403388977,0.12002832909345222,0.07567305117845535,0.007651980454098445,0.013467926171840531,0.8636154272367442
2018-04-02,0.6467941403388977,0.11064663522350066,0.07666965574026108,0.005221385693144102,0.010493093476343876,0.8498249104721475
2018-04-03,0.6467941403388977,0.11473061597236944,0.0821191594004631,0.005723909819728122,0.013992034686922486,0.8633598602183808
2018-04-04,0.6663079857826233,0.10717087006159108,0.08616248518228531,0.007994884667798043,0.01778071546699182,0.8854169411612896
2018-04-05,0.769044041633606,0.14200278960327906,0.08918613940477371,0.012860515019637773,0.02538887789738337,1.0384823635586797
2018-04-06,0.7972589135169983,0.1456919270587729,0.0895266905426979,0.012929884804491762,0.02693252757139758,1.0723399434943586
2018-04-07,0.7018207311630249,0.1507304011207883,0.08844484388828278,0.012573343475620119,0.028210378507489645,0.9817796981552057
2018-04-08,0.8371113538742065,0.1675349330662894,0.1253787875175476,0.020728515055612223,0.04299525140434393,1.1937488409179997
2018-04-09,0.7187414169311523,0.14549925504023137,0.15663966536521912,0.017310396759543017,0.03502819271795421,1.0732189268141
2018-04-10,0.7018207311630249,0.16179578594276267,0.10567459464073181,0.01670519561492323,0.036890286872242266,1.0228865942336849
2018-04-11,0.7801812887191772,0.18338152443902417,0.11345271021127701,0.02801455594792326,0.04535057307419454,1.1503806523915963
2018-04-12,0.7309282422065735,0.15780286153832862,0.1094379723072052,0.021587415525628772,0.03750930067774668,1.057265792255483
2018-04-13,0.7018207311630249,0.15934371786739224,0.09804408252239227,0.01958389644384193,0.0366742174947856,1.015466645491437
2018-04-14,0.7018207311630249,0.1568866691967322,0.10906544327735901,0.02529241736364026,0.036824716713001304,1.0298899777137578
2018-04-15,0.7349084615707397,0.17760177508777245,0.10413629561662674,0.026256719672164305,0.040007378859198334,1.0829106308065015
2018-04-16,0.7018207311630249,0.16739675165292395,0.09853596240282059,0.021631510193598717,0.03822509059376795,1.0276100460061361
2018-04-17,0.7018207311630249,0.14582407028773114,0.08402629941701889,0.019210011452849955,0.03532525356419525,0.9862063658848201
2018-04-18,0.7230775952339172,0.15393748147105843,0.08315835893154144,0.02015681324038855,0.03611044299565898,1.0164406918725646
2018-04-19,0.7034001350402832,0.1443951448322401,0.07803633064031601,0.016922930026832546,0.03158515152459401,0.974339692064266
2018-04-20,0.7338494658470154,0.13108325708384122,0.11343542486429214,0.015225783158041658,0.020458943009550964,1.0140528739627412
2018-04-21,0.6917100548744202,0.1334675397189875,0.1128845065832138,0.014472736762465263,0.01622222979706654,0.9687570677361533
2018-04-22,0.6565878391265869,0.1410780003858872,0.10366397351026535,0.018198718672225354,0.01261282275893072,0.9321413544538955
2018-04-23,0.7227885127067566,0.1693482430441131,0.11393053829669952,0.01814139096981073,0.013679381817376617,1.0378880668347565
2018-04-24,0.6667774319648743,0.15153104034285844,0.11159955710172653,0.017230651757414832,0.00990229075993872,0.9570409719268128
2018-04-25,0.7238292694091797,0.1743955749135889,0.12411855906248093,0.017569049106981333,0.015295415994585195,1.055207868486816
2018-04-26,0.6746035218238831,0.1940908613962061,0.08584105223417282,0.020775142082401634,0.023440418650497962,0.9987509961871616
2018-04-27,0.5980295538902283,0.18851817950310798,0.08104702085256577,0.017487263222298335,0.02369850848383576,0.9087805259520362
2018-04-28,0.6659603714942932,0.20260828017693244,0.09239242225885391,0.019779193662277553,0.025814525555398968,1.006554793147756
2018-04-29,0.7229423522949219,0.20664126503057959,0.08742078393697739,0.01810932321153434,0.02546078320726732,1.0605745076812805
2018-04-30,0.6659603714942932,0.19129060505640474,0.0844547376036644,0.01548509851762857,0.02168093861337763,0.9788717512853685
2018-05-01,0.6957177519798279,0.20483568032596416,0.08196570724248886,0.014961125092060422,0.024888132567870615,1.0223683972082118
2018-05-02,0.6221123337745667,0.19138491372965857,0.07683581858873367,0.017420219346856003,0.023050922311116672,0.9308042077509316
2018-05-03,0.6570375561714172,0.18488958334905323,0.08039862662553787,0.014898882581694523,0.0194956063467654,0.9567202550744682
2018-05-04,0.6360310316085815,0.17590759265805586,0.0763016864657402,0.013029665107391146,0.015697217308864277,0.9169671931486331
2018-05-05,0.612113893032074,0.17029760763711427,0.07522550225257874,0.012217517390026963,0.01204917678091164,0.8819036970927057
2018-05-06,0.6221292614936829,0.18134700522555158,0.07327084988355637,0.012296601615149885,0.01245113347891292,0.9014948516968536
2018-05-07,0.6221292614936829,0.1827182638313472,0.07731462270021439,0.012697402575576649,0.013184412386580106,0.9080439629874011
2018-05-08,0.6295064091682434,0.1865979916144161,0.07770726829767227,0.016870131861967515,0.020264481113996993,0.9309462820562963
2018-05-09,0.6229104399681091,0.21278625712744975,0.07806391268968582,0.018429429545008837,0.026818777917575143,0.9590088172478286
2018-05-10,0.7785347104072571,0.23195874078962964,0.12429357320070267,0.022145526996034295,0.035736045690952976,1.1926685970845767
2018-05-11,0.7973165512084961,0.2499455339712402,0.12031285464763641,0.022088624036552144,0.03660490329795169,1.2262684671618764
2018-05-12,0.9103100895881653,0.24982892492603517,0.12944845855236053,0.023905689476320297,0.03687340411911165,1.350366566661993
2018-05-13,0.8364589214324951,0.2527495606617925,0.15284457802772522,0.02403347896066615,0.04008692767275523,1.306173466755434
2018-05-14,0.8489225506782532,0.27085077200952445,0.15321864187717438,0.029041012589583297,0.0403869808989967,1.342419958053532
2018-05-15,0.8833790421485901,0.27189042786392364,0.13918408751487732,0.029429347694720234,0.04640210813675442,1.3702850133588658
2018-05-16,0.8698099851608276,0.27249084295396975,0.15567396581172943,0.02911198555413961,0.044627798535448716,1.3717145780161148
2018-05-17,1.0098434686660767,0.29325210536763946,0.15082794427871704,0.03116206103303162,0.04354625262601767,1.5286318319714824
2018-05-18,0.946679949760437,0.3107380415569664,0.14440105855464935,0.02936022565772309,0.04319176164466224,1.474371037174438
2018-05-19,0.9685840010643005,0.3446545528864274,0.15187671780586243,0.030913969121935503,0.044045257487220345,1.5400744983657462
2018-05-20,1.1267317533493042,0.38934739886797565,0.1601128876209259,0.03118351265999133,0.043777254784858624,1.7511528072830558
2018-05-21,1.2757163047790527,0.43328363516518026,0.15777234733104706,0.03240009857376042,0.042940850297600815,1.9421132361466413
2018-05-22,1.2757163047790527,0.4410878572619034,0.17297014594078064,0.03241490181089154,0.04481999024521989,1.9670092000378483
2018-05-23,1.2619472742080688,0.40727961801608836,0.22114361822605133,0.032301670638731156,0.04193044395637153,1.9646026250453112
2018-05-24,0.9192823171615601,0.38571945962727244,0.14475885033607483,0.032854982070906515,0.04231776422500029,1.5249333734208141
2018-05-25,0.8963017463684082,0.4048979164688288,0.17245222628116608,0.03347466948046894,0.04435815442004563,1.5514847130189175
2018-05-26,1.1797033548355103,0.46722707005259356,0.1654726266860962,0.03324706804512937,0.04687552060491564,1.892525640224245
2018-05-27,1.143472671508789,0.5170275634780028,0.20363286137580872,0.03441987565588893,0.048254024347565344,1.9468069963660548
2018-05-28,1.1823806762695312,0.5243865431268133,0.1862381249666214,0.03464642065249217,0.04990885869130769,1.9775606237067658
2018-05-29,1.2314190864562988,0.5117930443073302,0.19368897378444672,0.03519077854438585,0.049144611438983514,2.021236494531445
2018-05-30,1.200257420539856,0.6876182333299004,0.18268322944641113,0.039182458622978616,0.054674165901753835,2.1644155078409
2018-05-31,1.2144900560379028,0.7086218462859972,0.16305403411388397,0.04453432540590497,0.057653326335045524,2.1883535881787344
2018-06-01,1.3331485986709595,0.7533050903505962,0.3042545020580292,0.04518266568522828,0.05720382791874265,2.493094684683556
2018-06-02,1.3953421115875244,0.7597526859445893,0.21356484293937683,0.04618848479878536,0.05973592143761058,2.4745840467078866
2018-06-03,1.4315204620361328,0.7736297363837421,0.20139841735363007,0.04725912574358493,0.06619842121930244,2.5200061627363923
2018-06-04,1.62437105178833,0.8216888790144845,0.22577229142189026,0.04851015531504156,0.074553874511423,2.7948962520511693
2018-06-05,1.565098762512207,0.8949486454720139,0.22857141494750977,0.04923337977515774,0.07845852729340654,2.816310730000295
2018-06-06,1.5959070920944214,0.9322721697170031,0.24094021320343018,0.04887615096433632,0.0808439593224157,2.898839585301607
2018-06-07,1.5959070920944214,1.0305055361108537,0.2616540789604187,0.05155758664897366,0.08563924026631688,3.0252635340809846
2018-06-08,1.5637520551681519,0.9950486629456945,0.25041061639785767,0.051503910131612235,0.08591597263685734,2.9466312172801734
2018-06-09,1.5637520551681519,0.999580392061171,0.26198258996009827,0.050333093215534225,0.08431530775930064,2.959963438164256
2018-06-10,1.589260458946228,0.9691008722405001,0.3167816698551178,0.049448340773349725,0.08355529612343045,3.0081466379386264
2018-06-11,1.5637520551681519,0.9246745713664251,0.2608184814453125,0.049159065601641315,0.08136838899207834,2.879772562573609
2018-06-12,1.5305429697036743,0.867197189410694,0.24923640489578247,0.05033093280086072,0.08110285194050122,2.778410348751513
2018-06-13,1.5369007587432861,0.9213671057947406,0.20602388679981232,0.050186884074327226,0.08298950885382159,2.797468144265988
2018-06-14,1.5188899040222168,0.9323551071269545,0.19585128128528595,0.05019320156030584,0.08172943184323395,2.779018925837997
2018-06-15,1.5089945793151855,0.9420830510747871,0.32845085859298706,0.050424811700610965,0.08221052046891043,2.912163821152481
2018-06-16,1.6241123676300049,0.9040811901679853,0.2135957032442093,0.05055488676436512,0.08186303484479214,2.8742071826513564
2018-06-17,1.5484379529953003,0.9132636069158475,0.2183571457862854,0.05081152141084942,0.08200070834453078,2.8128709354528136
2018-06-18,1.520747184753418,0.9932951561610495,0.20510435104370117,0.05020569193967173,0.08220373354930292,2.851556117447143
2018-06-19,1.6111875772476196,0.9684093920446368,0.2346799224615097,0.04999283297158206,0.07971991155162925,2.9439896362769775
2018-06-20,1.6925283670425415,0.9472589985233761,0.21726174652576447,0.049396386177892895,0.07540730346643024,2.9818528017360055
2018-06-21,1.601640224456787,0.9414794167752978,0.22441981732845306,0.04941313068635529,0.07448608366678267,2.8914386729136763
2018-06-22,1.626625657081604,0.9756630283193752,0.22425270080566406,0.04944444952326926,0.07513971044320766,2.9511255461731203
2018-06-23,1.626625657081604,0.9200564851503232,0.21508903801441193,0.04950025176703001,0.07123565210176633,2.8825070841151357
2018-06-24,1.571510672569275,0.8843262806391177,0.20094726979732513,0.04900644701524053,0.06695270928953044,2.772743379310489
2018-06-25,1.6194279193878174,0.8217616736655795,0.2110774964094162,0.04484402694505152,0.05750320386052112,2.7546143202683857
2018-06-26,1.767769694328308,0.6627842539104238,0.22965072095394135,0.03982666356043961,0.055616313620022895,2.7556476463731356
2018-06-27,1.767769694328308,0.6215429625790148,0.21192310750484467,0.039391890048955346,0.06044939098049734,2.70107704544162
2018-06-28,1.6311265230178833,0.6340850211563989,0.17533215880393982,0.03670754426785862,0.057321964057531906,2.534573211303613
2018-06-29,1.699668288230896,0.5693071284303548,0.18521924316883087,0.03434039936180782,0.051235042033410894,2.5397701012253
2018-06-30,1.3378766775131226,0.5129671465598453,0.14352509379386902,0.03210867053896411,0.04441024255950151,2.0708878309653023
2018-07-01,1.2699172496795654,0.4541155331340586,0.1296028345823288,0.031069423390238098,0.04139501572512187,1.9261000565113127
2018-07-02,1.4073748588562012,0.4036765879922705,0.1224604994058609,0.03147430942632983,0.037341190669816775,2.0023274463504794
2018-07-03,1.2617262601852417,0.3416185400955388,0.10679908841848373,0.02510240156547142,0.028279165920288597,1.7635254561850244
2018-07-04,1.278746485710144,0.2676079625324134,0.09417421370744705,0.022439496146517544,0.02271867067970684,1.685686828776229
2018-07-05,1.2627240419387817,0.2468741292154017,0.10441645979881287,0.022121954052299983,0.02302989469539741,1.6591664797006938
2018-07-06,1.278746485710144,0.2495443537987502,0.09316818416118622,0.022123995712091546,0.02488830559729005,1.6684713249794623
2018-07-07,1.1783461570739746,0.28257565436591353,0.10230374336242676,0.022572653271777703,0.030219680123154406,1.616017888197247
2018-07-08,1.1968098878860474,0.26057471266161375,0.09774208813905716,0.021991940598730032,0.02439336034138356,1.601511989626832
2018-07-09,1.0028797388076782,0.24380445357519773,0.09836412221193314,0.020709677080514598,0.02070798939698845,1.3864659810723121
2018-07-10,1.002880573272705,0.2622531814788097,0.12273069471120834,0.020446270667609158,0.02417005495701612,1.4324807750873483
2018-07-11,0.987748384475708,0.25196491005923205,0.09581226855516434,0.019841548950279828,0.0246662849027125,1.3800333969430967
2018-07-12,0.8845799565315247,0.23542908921753272,0.08969602733850479,0.01872179530989231,0.02115548785213725,1.2495823562495918
2018-07-13,0.9744014143943787,0.2436748655159018,0.09428883343935013,0.016735941471679158,0.02309820013902821,1.352199254960338
2018-07-14,0.9287280440330505,0.2337637183169017,0.11254514753818512,0.018079468533676833,0.02294128890954233,1.3160576673313567
2018-07-15,0.8322937488555908,0.21518940990959834,0.08075745403766632,0.015569617968192815,0.01703885080496433,1.1608490815760126
2018-07-16,0.8322937488555908,0.2087800009551765,0.08005929738283157,0.014166925438795544,0.015431726997881654,1.150731699630276
2018-07-17,0.8445437550544739,0.2075285322061111,0.07815587520599365,0.013436324699465476,0.0138759752036547,1.157540462369699
2018-07-18,0.819071888923645,0.22166728456192644,0.08849706500768661,0.014313863672197474,0.01635959185885859,1.1599096940243143
2018-07-19,0.9057297110557556,0.22076284556266856,0.1037442609667778,0.015206028504478815,0.01900632247018748,1.2644491685598682
2018-07-20,0.9057297110557556,0.21616612096532387,0.07716637849807739,0.014917517921445562,0.01826340205194551,1.2322431304925479
2018-07-21,0.8343404531478882,0.20676257207146034,0.0721861943602562,0.013869965397493552,0.015870483769818346,1.1430296687469166
2018-07-22,0.8688120245933533,0.2381616771663445,0.08102553337812424,0.013898262523617066,0.019804465898778066,1.2217019635602173
2018-07-23,0.8034267425537109,0.20766741475857609,0.07191722095012665,0.014657168947371487,0.017349202575202418,1.1150177497849878
2018-07-24,0.8016200065612793,0.20192119661837016,0.0718255415558815,0.012690978457225223,0.015713838967731902,1.103771562160488
2018-07-25,0.7801222801208496,0.20203378500311775,0.0711379274725914,0.011996144660382724,0.014104860685898963,1.0793949979428403
2018-07-26,0.7967995405197144,0.2015465255496856,0.07506760209798813,0.01238582860108211,0.014625823689930758,1.100425320458401
2018-07-27,0.7822179794311523,0.2364145621698411,0.08155862241983414,0.01336016720451884,0.020295906868681924,1.1338472380940283
2018-07-28,0.774920642375946,0.20846988260282678,0.07051738351583481,0.014529514050068538,0.018922207897273703,1.08735963044195
2018-07-29,0.774920642375946,0.20489057735147506,0.07051738351583481,0.01326424333725322,0.015511052528563258,1.0791038991090725
2018-07-30,0.7609688639640808,0.22103178339248958,0.07584905624389648,0.013929208032778927,0.018418330366882497,1.0901972420001282
2018-07-31,0.7991920709609985,0.22285925918888289,0.0765419751405716,0.016232763669393968,0.02133851314658861,1.1361645821064357
2018-08-01,0.8714005351066589,0.24521819347785084,0.08145170658826828,0.019302082482793078,0.029755896493238482,1.2471284141488095
2018-08-02,1.1330111026763916,0.29806726132933525,0.0939030796289444,0.020554465645177728,0.03183038647910827,1.5773662957589571
2018-08-03,1.1646374464035034,0.29972125716887255,0.08571048080921173,0.019809099172169775,0.030236308609924684,1.6001145921636821
2018-08-04,1.2041888236999512,0.30991112654145725,0.0973125770688057,0.01954434668869626,0.02847472176084289,1.6594315957597534
2018-08-05,1.2551583051681519,0.3050890228963126,0.09428809583187103,0.020232068774583886,0.02928342310106911,1.7040509157719883
2018-08-06,1.431359052658081,0.37710728632595597,0.0968237966299057,0.021544839446471648,0.03658573370999634,1.9634207087704107
2018-08-07,1.2957475185394287,0.3408054466275814,0.12282037734985352,0.021835461008404753,0.03629463752068861,1.817503441045957
2018-08-08,1.269619345664978,0.3508270460863532,0.12795855104923248,0.021729854875416385,0.040656228658387014,1.810791026334367
2018-08-09,1.2306270599365234,0.3505457792053613,0.1365266591310501,0.021067334086062758,0.0401684133630071,1.7789352457220047
2018-08-10,1.2498247623443604,0.3410148251697,0.12267282605171204,0.02645204352484593,0.03948298423856466,1.779447441329183
2018-08-11,1.194214105606079,0.2971662784366302,0.12261276692152023,0.024940196324334578,0.03518693182166482,1.674120279110229
2018-08-12,1.1459355354309082,0.284572823180542,0.12264823168516159,0.02439125267211247,0.025356579732895238,1.6029044227016194
2018-08-13,1.0982403755187988,0.2900216470253758,0.11516758799552917,0.026024506099288785,0.0247955306628037,1.5542496473017962
2018-08-14,1.1293138265609741,0.32012464566501564,0.12143868952989578,0.027156651948265078,0.03186003737357223,1.6298938510777228
2018-08-15,1.0787723064422607,0.29903081048685204,0.08531110733747482,0.026044088498750836,0.025417422403090376,1.5145757351684286
2018-08-16,0.9798179268836975,0.27434627286502516,0.1214466542005539,0.025142203051086633,0.02313691802282107,1.4238899750231844
2018-08-17,1.0107731819152832,0.3048042965866357,0.12329027056694031,0.024643592243941984,0.023408844021026956,1.4869201853338283
2018-08-18,1.0942649841308594,0.314695804101279,0.11868806183338165,0.029812660958822946,0.033114566132805175,1.5905760771571482
2018-08-19,1.2543885707855225,0.38717352723174997,0.12397485226392746,0.030034350106898502,0.03975032560059099,1.8353216259886893
2018-08-20,1.2241865396499634,0.3775865705508298,0.12597693502902985,0.028777014186809512,0.03667127022552043,1.793198329642153
2018-08-21,1.2174768447875977,0.4086573595021679,0.15144428610801697,0.029183942210819196,0.03766798946595669,1.8444304220745582
2018-08-22,1.1170145273208618,0.37158482906855717,0.08442645519971848,0.02888332756310877,0.0343101054608046,1.636219244613051
2018-08-23,1.0861936807632446,0.35794865131958514,0.08646443486213684,0.02633216416119557,0.032200670658107645,1.5891396017642698
2018-08-24,1.021970510482788,0.3544170068135477,0.08709327131509781,0.02624708675028804,0.033451228316496696,1.5231791036782183
2018-08-25,1.0179309844970703,0.35506128313968377,0.09198321402072906,0.027165645633081697,0.034510282465999624,1.5266514097565644
2018-08-26,0.9754157662391663,0.3683423425478198,0.09909110516309738,0.02811065631430523,0.03176626288454483,1.5027261331489334
2018-08-27,0.9281392097473145,0.3928887803052506,0.10310408473014832,0.029022951004908593,0.036161051066332384,1.4893160768539544
2018-08-28,0.9622043371200562,0.3700037656141954,0.1647835224866867,0.02810947089485937,0.032211966547945045,1.5573130626637426
2018-08-29,0.9931150078773499,0.3870972464004944,0.14140434563159943,0.030310241237955806,0.045457337983244306,1.597384179130644
2018-08-30,0.9861946702003479,0.4339334014127284,0.13553884625434875,0.03166703359790732,0.04996318086491647,1.6372971323302488
2018-08-31,1.1731325387954712,0.4287881564962755,0.14156731963157654,0.03025200331159716,0.05330429058450815,1.8270443088194286
2018-09-01,1.1765406131744385,0.38507611513896683,0.13561995327472687,0.03014308415219907,0.0518048629233445,1.7791846286636757
2018-09-02,0.9829273819923401,0.3602750791844957,0.10412155091762543,0.030087113051391952,0.05210709486066069,1.529518220006514
2018-09-03,1.0044426918029785,0.37782916612934864,0.1033209040760994,0.031290551063129335,0.0538915441025393,1.5707748571740954
2018-09-04,1.059201955795288,0.44881572028361144,0.10601982474327087,0.03565863861038976,0.06344092964487887,1.713137069077439
2018-09-05,1.595038890838623,0.4706702073639317,0.10121089965105057,0.03496812546725614,0.060050885919604745,2.261939009240466
2018-09-06,1.4642386436462402,0.4631538100534892,0.10429897159337997,0.03514792008438572,0.05243946665058955,2.1192788120280848
2018-09-07,1.1360970735549927,0.4417286056672057,0.09207894653081894,0.03313320629500311,0.04493539661023502,1.7479732286582554
2018-09-08,1.1012057065963745,0.42216423572101897,0.10033192485570908,0.03184442222759693,0.043091512685749664,1.698637802086449
2018-09-09,1.128119945526123,0.4236580657066294,0.10620220005512238,0.034987701636770514,0.04514542202762416,1.7381133349522695
2018-09-10,1.134263038635254,0.42620735331051,0.1342361867427826,0.03540179476074772,0.04720623608415783,1.777314609533452
2018-09-11,1.511915922164917,0.4840421960198435,0.14064639806747437,0.037363665541542565,0.05155149874512701,2.225519680538904
2018-09-12,1.6078764200210571,0.5422237245541934,0.14635425806045532,0.03722395924466053,0.05477967926363173,2.3884580411439984
2018-09-13,1.3721877336502075,0.6091940581255451,0.13009987771511078,0.032188995318359906,0.052313920418065187,2.195984585227288
2018-09-14,1.3390436172485352,0.6778148595471922,0.1325264573097229,0.04132004969757411,0.054879679423663785,2.2455846632266883
2018-09-15,1.387492060661316,0.6511551730068716,0.13143716752529144,0.040228886812942254,0.055005869039906855,2.265319157046328
2018-09-16,1.3485305309295654,0.5808476641187323,0.13182032108306885,0.04039472103338505,0.05599593273962832,2.15758916990438
2018-09-17,1.2401471138000488,0.5733077301888114,0.1645030975341797,0.035684711339728385,0.054284380206071965,2.06792703306884
2018-09-18,1.2267136573791504,0.43525813975190436,0.12393540143966675,0.029364077800785978,0.041634267178476056,1.8569055435499835
2018-09-19,1.129665493965149,0.3683677088944682,0.12944981455802917,0.026724496649888362,0.0351471251891695,1.689354639256704
2018-09-20,1.0881303548812866,0.3507897777487652,0.13352623581886292,0.02464206895233689,0.03175678639718962,1.6288452237984412
2018-09-21,0.9752750992774963,0.34891808711569877,0.13272731006145477,0.024934774130563712,0.03597275319420307,1.5178280237794166
2018-09-22,0.9105575680732727,0.342442430870328,0.10873694717884064,0.024837150751363266,0.03236436898475588,1.4189384658585604
2018-09-23,0.8602218627929688,0.35219378155888925,0.10170972347259521,0.02561029200370139,0.03345520057738477,1.3731908604055394
2018-09-24,0.8901140689849854,0.40125777039223187,0.11423655599355698,0.027087161749580996,0.04271981783722251,1.4754153749575778
2018-09-25,0.9240907430648804,0.49242493578659347,0.10153798758983612,0.026986311291936647,0.0486498982029451,1.5936898759361917
2018-09-26,1.020662784576416,0.47022279243074616,0.10450063645839691,0.026588471318724036,0.046373117660691875,1.668347802444975
2018-09-27,1.1217690706253052,0.5083019947194019,0.11656935513019562,0.028567243317903085,0.05556166618425967,1.8307693299770655
2018-09-28,1.3210597038269043,0.643440540625035,0.11490689218044281,0.03774977010583089,0.05821280176009694,2.17536970849831
2018-09-29,1.2133643627166748,0.6208231165451275,0.11030351370573044,0.0378380666254167,0.05525181523442088,2.0375808748273703
2018-09-30,1.2133643627166748,0.5716912458211916,0.11301718652248383,0.038406302514042916,0.05483051188587983,1.991309609460273
2018-10-01,1.118652582168579,0.3518224142339075,0.1045738160610199,0.026722790427536412,0.048103422334999195,1.6498750252260421
2018-10-02,0.9790281057357788,0.3369258357696951,0.10632647573947906,0.02557227761492017,0.050293137012734475,1.4981458318726075
2018-10-03,1.1024538278579712,0.3675810223124564,0.10568130016326904,0.026609533659119076,0.050988903170842245,1.6533145871636576
2018-10-04,1.1024538278579712,0.3382340825840013,0.10148769617080688,0.02582966920901222,0.048797418102794386,1.616802693924586
2018-10-05,1.1024538278579712,0.34478938109475854,0.10550783574581146,0.02606176174034825,0.050823736708659036,1.6296365431475484
2018-10-06,1.1024538278579712,0.4349315759395784,0.11330168694257736,0.028181575246278616,0.056764222541620814,1.7356328885280263
2018-10-07,1.289551019668579,0.5423389215560892,0.1220041885972023,0.028690774409510768,0.061916549823995644,2.044501454055377
2018-10-08,1.373548984527588,0.516370257689585,0.12341852486133575,0.0295885863400753,0.061095388378747215,2.104021741797331
2018-10-09,1.4779367446899414,0.6287889523830112,0.14073538780212402,0.04074350171282621,0.06247781005249091,2.350682396640394
2018-10-10,1.6726086139678955,0.7655075230776158,0.1529720425605774,0.04490419569831975,0.07033655728511327,2.7063289325895217
2018-10-11,1.6726086139678955,0.8189074213746073,0.14676021039485931,0.04457242990286589,0.07000771677486294,2.752856392415091
2018-10-12,1.799196720123291,0.8635711657248633,0.15374855697155,0.045535774127013436,0.07125228096183044,2.9333044979085483
2018-10-13,2.2399682998657227,0.8711533927321484,0.2162720263004303,0.04740715599081414,0.07185313649038955,3.4466540113795054
2018-10-14,2.2399682998657227,0.8274233374505557,0.23489120602607727,0.048024643528388845,0.07336005822161085,3.4236675450923553
2018-10-15,2.2763607501983643,0.8603442972504785,0.27156323194503784,0.04935068745094065,0.07324484535518216,3.5308638122000033
2018-10-16,2.304767608642578,0.856953526722386,0.257831871509552,0.04990008932177488,0.07209723380446169,3.541550330000753
2018-10-17,2.304767608642578,0.8045922310501596,0.25099101662635803,0.05047978638213782,0.07103599448320824,3.4818666371844422
2018-10-18,2.3416733741760254,0.7872936589094213,0.25496408343315125,0.049700341188837684,0.07612741955299519,3.5097588772604307
2018-10-19,2.347118616104126,0.8487935730757543,0.27051791548728943,0.050788526102200006,0.07733410325594246,3.5945527340253123
2018-10-20,2.579688310623169,0.8994477399901277,0.2542179226875305,0.05099421419369596,0.0787700119539801,3.863118199448503
2018-10-21,2.579688310623169,0.9053986471175686,0.2676973342895508,0.051188723904780215,0.07865360000139948,3.8826266159364677
2018-10-22,2.594907760620117,0.8810727193807484,0.24489104747772217,0.0502552903233136,0.07618518195799695,3.8473119997598983
2018-10-23,2.594907760620117,0.8146766602102451,0.22378697991371155,0.04903995835790447,0.0718300228672297,3.754241381969208
2018-10-24,2.6741769313812256,0.7675951788154258,0.19245551526546478,0.04793549309426294,0.06856805610178537,3.7507311746581644
2018-10-25,2.4543373584747314,0.6908608167855677,0.1872805953025818,0.03968994996616952,0.05894689385889301,3.4311156143879433
2018-10-26,2.2414188385009766,0.49730447522718807,0.17856872081756592,0.03761726619864208,0.05656185122961063,3.0114711519739834
2018-10-27,2.114309310913086,0.4525055253662326,0.17576920986175537,0.03630810536270595,0.053466923422688925,2.832359074926469
2018-10-28,2.114309310913086,0.45323417060663596,0.19421200454235077,0.035973618464924174,0.05087061086360335,2.8485997153906
2018-10-29,2.0047171115875244,0.46267558915994506,0.20492252707481384,0.03627835583924839,0.05129535673987998,2.759888940401412
2018-10-30,1.496896743774414,0.40247521221027077,0.13176794350147247,0.03413662869173193,0.039404779112890725,2.1046813072907797
2018-10-31,1.2550820112228394,0.37861031729220684,0.11646817624568939,0.032772143146796454,0.036771835603530346,1.8197044835110623
2018-11-01,1.3025532960891724,0.38350066143365796,0.12305296212434769,0.031625920362840385,0.04052190788649245,1.881254747896511
2018-11-02,1.2528443336486816,0.37959370755797267,0.12112189084291458,0.03375624416601087,0.042921062265141266,1.830237238480721
2018-11-03,1.2212834358215332,0.3824038803069757,0.11158875375986099,0.03474986340208159,0.043762179993749165,1.7937881132842006
2018-11-04,1.2212834358215332,0.4025222141603354,0.10925839841365814,0.035446267189927085,0.04842451822058923,1.8169348338060431
2018-11-05,1.1780623197555542,0.37288916782135295,0.11331202834844589,0.03449649770996453,0.039368344114602924,1.7381283577499205
2018-11-06,1.1780623197555542,0.3722033853058717,0.10076496750116348,0.03316275635193786,0.04488758220532278,1.72908101111985
2018-11-07,1.1780623197555542,0.3564039464695048,0.09932088851928711,0.0326208928718315,0.04394004835269675,1.7103480959688744
2018-11-08,1.3035749197006226,0.3265289266172893,0.10468702018260956,0.030059962414557245,0.03950553985303949,1.8043563687681181
2018-11-09,1.2165858745574951,0.27774905664077,0.09623625874519348,0.02803383971041719,0.03680297866816176,1.6554080083220375
2018-11-10,1.2165858745574951,0.2646047503233655,0.10947821289300919,0.021889985941190095,0.03251239907340252,1.6450712227884623
2018-11-11,1.243215799331665,0.24249012102523596,0.09393534809350967,0.0246474571986779,0.02688638772778033,1.6311751133768688
2018-11-12,1.251988172531128,0.23204874851238627,0.10361883044242859,0.01840656497871536,0.027863758809296788,1.6339260752739548
2018-11-13,1.1386815309524536,0.22140345327443758,0.09475873410701752,0.01641899044966802,0.021768376776132126,1.4930310855597089
2018-11-14,1.07063889503479,0.2093821527926556,0.08822944760322571,0.015048165950882432,0.015317914777629834,1.3986165761591838
2018-11-15,1.1492542028427124,0.2065021240826409,0.1005360558629036,0.014595982777434985,0.016134708836679494,1.4870230744023714
2018-11-16,1.0514869689941406,0.1975554057839351,0.09632957726716995,0.012994142141891747,0.01480700204387513,1.3731730962310125
2018-11-17,1.0934592485427856,0.20843897036742923,0.09087469428777695,0.013802817037570001,0.019287516898261754,1.4258632471338235
2018-11-18,0.948306143283844,0.20714199374859507,0.08592358976602554,0.012764623246085065,0.016020642958764444,1.2701569930033139
2018-11-19,0.8514800667762756,0.19506264219760622,0.08272071182727814,0.011005628401636497,0.01438519005529693,1.1546542392580934
2018-11-20,0.8514800667762756,0.19848026937556296,0.0824781283736229,0.01134444855529146,0.021297102525119443,1.1650800156058723
2018-11-21,0.8514800667762756,0.20573492652506184,0.0824781283736229,0.011520972320272984,0.021454626818406868,1.1726687208136402
2018-11-22,0.8995588421821594,0.2009715013894858,0.0850873589515686,0.0110046956278301,0.020348415148699332,1.216970813299743
2018-11-23,0.9212469458580017,0.19606939796182848,0.10680542886257172,0.010996203562241763,0.019766348044978666,1.2548843242896222
2018-11-24,0.9212469458580017,0.19369619953887732,0.10765910148620605,0.011172040556662996,0.02066506648489382,1.254439353924642
2018-11-25,0.9036703705787659,0.1870498342045762,0.10675866156816483,0.01073098043252497,0.012970903233725874,1.2211807500177578
2018-11-26,0.9688868522644043,0.19354676402640664,0.10774702578783035,0.010791659927901138,0.012410364020039278,1.2933826660265817
2018-11-27,0.9321415424346924,0.1917336812565837,0.11406414955854416,0.01067146887156818,0.011873501648258426,1.260484343769647
2018-11-28,0.9550690650939941,0.1879533814912519,0.11406569927930832,0.010531221281750587,0.011056809861690225,1.2786761770079953
2018-11-29,1.0931156873703003,0.20369318497493175,0.12104389071464539,0.011876147190898762,0.016921863752028626,1.4466507740028047
2018-11-30,0.9300478100776672,0.21158497491511855,0.1138533353805542,0.012672493522566395,0.01801957323879637,1.2861781871347029
2018-12-01,1.0338908433914185,0.23489060721957525,0.15392209589481354,0.013735834759511758,0.02404583427251142,1.4604852155378305
2018-12-02,0.8991962671279907,0.2176707721642648,0.08672719448804855,0.014176899074594317,0.021898582566909054,1.2396697154218075
2018-12-03,0.8991962671279907,0.21027331983343878,0.09718363732099533,0.01310799326616689,0.019182954433987143,1.238944171982579
2018-12-04,0.9673057198524475,0.19870852897671765,0.09943670779466629,0.014469202719588814,0.018429216658733736,1.2983493760021538
2018-12-05,0.9937839508056641,0.18890063649691005,0.10654143244028091,0.012321965561508148,0.014246158644929128,1.3157941439492924
2018-12-06,0.923555850982666,0.18645493957264792,0.09096745401620865,0.010449457623259748,0.013417206437425812,1.2248449086322082
2018-12-07,0.9044656157493591,0.18350364868066352,0.08601877838373184,0.010144573145740812,0.020158187448690464,1.2042908034081858
2018-12-08,0.9086880087852478,0.17448699708757925,0.08316501975059509,0.009729949207032585,0.016702639740809426,1.1927726145712643
2018-12-09,0.8214699625968933,0.16537605820302273,0.08023329824209213,0.009340286966562987,0.009530259920540395,1.0859498659291116
2018-12-10,0.8383755087852478,0.16225622784377686,0.08187577873468399,0.009297901486755852,0.007166742416859834,1.0989721592673243
2018-12-11,0.8596234321594238,0.15692616030269665,0.08425981551408768,0.009099730759674525,0.006532263959731694,1.1164414026956142
2018-12-12,0.9103264808654785,0.14940558272694004,0.11302457004785538,0.009014563467968145,0.011345185067608883,1.193116382175851
2018-12-13,1.011967658996582,0.16864589502073693,0.11322102695703506,0.009758962859994093,0.01516388925168475,1.318757433086033
2018-12-14,0.7969040274620056,0.16781681519978645,0.09998349845409393,0.009819689380325415,0.02768617005023801,1.1022102005464496
2018-12-15,0.7935909628868103,0.166311269593939,0.10290028154850006,0.009147067377483628,0.02734741741556198,1.099296998822295
2018-12-16,0.8099227547645569,0.16559760275752478,0.10924363136291504,0.009411006797667775,0.02810510016616327,1.1222800958488277
2018-12-17,0.8293845653533936,0.16987175906799434,0.11545182764530182,0.009505875025782628,0.027582508704284647,1.151796535796757
2018-12-18,0.7925732135772705,0.1701649722192061,0.10411827266216278,0.00930335398709699,0.027994663334652527,1.1041544757803892
2018-12-19,0.8049170970916748,0.16902341039081298,0.1045013889670372,0.00913371768477619,0.028138840331582874,1.1157144544658841
2018-12-20,0.8049170970916748,0.15419749667738702,0.1058429554104805,0.009271834409919865,0.02780859122535477,1.102037974814817
2018-12-21,0.8516207337379456,0.16782951419477588,0.10800501704216003,0.009366266457977125,0.022318680881758254,1.1591402123146168
2018-12-22,0.8480473756790161,0.14786184578586833,0.11917523294687271,0.009264573029372858,0.01985005069037899,1.1441990781315088
2018-12-23,0.8545675277709961,0.14706883211253477,0.12698793411254883,0.009261148872124725,0.02052923162512493,1.1584146744933295
2018-12-24,0.8545675277709961,0.13174973218058939,0.1179313212633133,0.008914558105784492,0.01982954584468532,1.1329926851653687
2018-12-25,0.8369564414024353,0.14654297599548116,0.117833711206913,0.008812753432708462,0.020778659541337348,1.1309245415788751
2018-12-26,0.7524315118789673,0.1276048475127565,0.08179567009210587,0.008648972044652545,0.020654205567154547,0.9911352070956367
2018-12-27,0.7883889079093933,0.12672132240179965,0.0863577350974083,0.008624900884138116,0.020705776185010148,1.0307986424777498
2018-12-28,0.759100079536438,0.12404798517982776,0.08339506387710571,0.008547762231997613,0.018708169894244016,0.9937990607196131
2018-12-29,0.759799599647522,0.12448752004534942,0.08147648721933365,0.008667943153212837,0.00815035540795925,0.9825819054733772
2018-12-30,0.7426536083221436,0.12830476027065188,0.08539332449436188,0.008863833035290779,0.007261905049495155,0.9724774311719433
2018-12-31,0.7298656105995178,0.12785559502183497,0.08585423231124878,0.008830532344686315,0.007336200155666422,0.9597421704329543
2019-01-01,0.7856060862541199,0.1360273362244864,0.08675428479909897,0.008723798006198151,0.007761677154831044,1.0248731824387343
2019-01-02,0.9183926582336426,0.1467473978787973,0.09324078261852264,0.008561826401058587,0.006694265093783961,1.173636930225805
2019-01-03,0.7507376670837402,0.12963039204776966,0.0790315717458725,0.008297055222355278,0.005772583394907539,0.9734692694946452
2019-01-04,0.7507376670837402,0.1258516481320955,0.07815404236316681,0.008069890998885674,0.005330844926116294,0.9681440935040044
2019-01-05,0.784660279750824,0.12887153308574706,0.13730531930923462,0.008021867657190578,0.005211884796274335,1.0640708845992706
2019-01-06,0.7883234024047852,0.12765968400841135,0.14116157591342926,0.008330018577418994,0.007173132761043597,1.072647813665088
2019-01-07,0.8939071297645569,0.13401486883572558,0.11825282126665115,0.008368222442973593,0.008759298486102993,1.1633023407960101
2019-01-08,0.9290298819541931,0.12416361436486009,0.11002302914857864,0.007959682567995651,0.013893160657875521,1.1850693686935032
2019-01-09,1.0029208660125732,0.11679619096845759,0.11468765884637833,0.007700276484760413,0.01281247340258176,1.2549174657147515
2019-01-10,0.9412100911140442,0.11909432812420677,0.10894840955734253,0.007740689868910479,0.013528895222664676,1.1905224138871686
2019-01-11,0.9596338868141174,0.11867537478045909,0.10592568665742874,0.007534815016825771,0.01670769323620828,1.2084774565050393
2019-01-12,1.014545202255249,0.11141049386392947,0.10557927936315536,0.007531375081768596,0.01662682448410916,1.2556931750482117
2019-01-13,1.0354242324829102,0.10980012145902239,0.12008488178253174,0.0077137280659427135,0.01751145228791264,1.2905344160783196
2019-01-14,1.0616662502288818,0.11390649150440522,0.11744379252195358,0.00770663179260801,0.027905198299904177,1.3286283643477528
2019-01-15,0.8897363543510437,0.11145594895514309,0.11586815863847733,0.007344578728773621,0.027055679631305826,1.1514607203047433
2019-01-16,0.8897363543510437,0.10894295100802326,0.11586815863847733,0.007509043803056231,0.02688615561435255,1.148942663414953
2019-01-17,0.8717950582504272,0.10747633957589942,0.10933529585599899,0.007458823304985986,0.02679251916005451,1.1228580361473661
2019-01-18,0.8381727337837219,0.10153542915506296,0.10554713755846024,0.006077786554719309,0.01921031324489361,1.070543400296858
2019-01-19,0.8420856595039368,0.09766730633148063,0.11230943351984024,0.005976022757232778,0.011586345316182804,1.0696247674286732
2019-01-20,0.7692642211914062,0.11660039051751812,0.10718554258346558,0.006179902816305355,0.0070598511065642034,1.0062899082152594
2019-01-21,0.7397568225860596,0.10474278286129964,0.10281939804553986,0.006086542030976033,0.007701240424116347,0.9611067859479915
2019-01-22,0.6857177019119263,0.10731949802045969,0.10368320345878601,0.005725388137402979,0.0058561482032974494,0.9083019397318725
2019-01-23,0.6687683463096619,0.09893031469861367,0.09664381295442581,0.005203327697570762,0.0058012372887483185,0.8753470389490206
2019-01-24,0.6825314164161682,0.10078311358513153,0.10057070106267929,0.0052485581133343406,0.006002803035775691,0.8951365922130892
2019-01-25,0.6998295783996582,0.10136247012994531,0.10875841230154037,0.005107785810200061,0.005573037604848481,0.9206312842461926
2019-01-26,0.6969373822212219,0.09970497837609153,0.10489638894796371,0.004727715909473846,0.005234365300955597,0.9115008307557065
2019-01-27,0.7238166332244873,0.11280982938854874,0.10429420322179794,0.00480652513095935,0.005922776959209193,0.9516499679250026
2019-01-28,0.7191495299339294,0.11734701842068594,0.1112775132060051,0.004676669651950604,0.0055542073092169535,0.958004938521788
2019-01-29,0.6908100247383118,0.10115172210425144,0.07679612934589386,0.004613822595829462,0.0039424123334406485,0.8773141111177272
2019-01-30,0.6465222239494324,0.10028074932593926,0.07981941848993301,0.004929012022853025,0.004164610206327334,0.8357160139944849
2019-01-31,0.6596355438232422,0.10091490542475878,0.09047365188598633,0.00426102564728309,0.0027669209442567327,0.8580520477255271
2019-02-01,0.6220125555992126,0.098885196330599,0.16780582070350647,0.005236301296540108,0.0026320394925944484,0.8965719134224527
2019-02-02,0.6272189021110535,0.1010340220684991,0.1153213158249855,0.006353034435126944,0.003373544700611115,0.8533008191402761
2019-02-03,0.6119669079780579,0.10051282224116424,0.09808716922998428,0.004725993346234021,0.0030852065458967497,0.8183780993413371
2019-02-04,0.6015441417694092,0.1042310976531968,0.1681879460811615,0.006353283480160576,0.0033588546641080638,0.8836753236480361
2019-02-05,0.6573162078857422,0.10774529363511719,0.15509864687919617,0.006435892844405636,0.0036750519623018323,0.9302710932067629
2019-02-06,0.6355884671211243,0.11171021264175968,0.10087034106254578,0.006481556107697113,0.0035638990056325193,0.8582144759387593
2019-02-07,0.6739753484725952,0.1112043813572119,0.15917037427425385,0.006102286611668403,0.003346067419192684,0.953798458134922
2019-02-08,0.6739753484725952,0.11229099904066227,0.1465684473514557,0.006022150397678272,0.0034711478682355776,0.942328093130627
2019-02-09,0.6739753484725952,0.10905657175014387,0.14561901986598969,0.00587514784155701,0.0033409253151642573,0.93786701324545
2019-02-10,0.6603848338127136,0.10962208714830662,0.10963807255029678,0.002623003999231949,0.002366763953744452,0.8846347614642935
2019-02-11,0.6336932182312012,0.12040481852056188,0.10485335439443588,0.0025055983417524687,0.002370042088958194,0.8638270315769095
2019-02-12,0.6328594088554382,0.10787710963737686,0.10580334812402725,0.002639919634223933,0.0025041031786341822,0.8516838894297004
2019-02-13,0.6727057099342346,0.12508564223556784,0.11341087520122528,0.0027798218287144326,0.003451947225731675,0.9174339964254739
2019-02-14,0.6762112975120544,0.10824376181973987,0.10057074576616287,0.002582498201388089,0.00226716855694829,0.8898754718562936
2019-02-15,0.6762112975120544,0.11311475303607768,0.11004939675331116,0.0028088489027607837,0.0032405804537839027,0.905424876657988
2019-02-16,0.6998760104179382,0.11939352533997082,0.1075986921787262,0.0033118081762164913,0.005289793091083441,0.9354698292039352
2019-02-17,0.761644721031189,0.1264131195331209,0.11312097311019897,0.0036103363036652566,0.006537767182731542,1.0113269171609056
2019-02-18,0.761644721031189,0.1150037072890692,0.12034917622804642,0.002995602228615803,0.004121072041985949,1.0041142788189064
2019-02-19,0.7634660601615906,0.11382784466655801,0.12140320241451263,0.0029902388161246493,0.0041541724189188105,1.0058415184777048
2019-02-20,0.7536563873291016,0.11744117512247425,0.12813521921634674,0.0036897690198662973,0.005747886680876217,1.008670437368665
2019-02-21,0.7536563873291016,0.117082091795383,0.1373748481273651,0.004044490792807976,0.007033856020505525,1.019191674065163
2019-02-22,0.7536563873291016,0.11836638114436561,0.11677149683237076,0.003291074374345765,0.0058414713757664735,0.9979268110559502
2019-02-23,0.7536563873291016,0.12568973153453247,0.1397813856601715,0.005871885624414645,0.00759556184723864,1.0325949519954587
2019-02-24,0.7536563873291016,0.12266597934309793,0.14215205609798431,0.005850374506793799,0.007158825672863187,1.0314836229498408
2019-02-25,0.8432419300079346,0.13780754136838835,0.20176240801811218,0.007461192644410148,0.009818333023302954,1.2000914050621483
2019-02-26,0.7693639397621155,0.13772608433591604,0.11519867181777954,0.005499990619169863,0.009885076766784759,1.0376737633017659
2019-02-27,0.7063326239585876,0.1300972788597855,0.08335020393133163,0.004700223354327959,0.005288954633207456,0.9297692847372402
2019-02-28,0.7063326239585876,0.12634346053892517,0.08184406906366348,0.004667797522579044,0.0054611421104238935,0.9246490931941793
2019-03-01,0.6920896172523499,0.11720641216556617,0.08050201088190079,0.0057145202243935244,0.006973638658092781,0.9024861991823031
2019-03-02,0.6920896172523499,0.11862764799328127,0.07915414869785309,0.0049860637334476245,0.00499703489215853,0.8998545125690904
2019-03-03,0.6920896172523499,0.10965299446813927,0.07718636095523834,0.004480834388052892,0.003940724986342351,0.8873505320501227
2019-03-04,0.6920896172523499,0.11337686646628924,0.08281780034303665,0.00537287710804104,0.00440475682054632,0.898061917990263
2019-03-05,0.6681029796600342,0.10763591426329276,0.0885818675160408,0.006420432971624597,0.004276566443739204,0.8750177608547316
2019-03-06,0.7286542057991028,0.132779396031585,0.10743599385023117,0.007196310522191912,0.008381112339486884,0.9844470185425979
2019-03-07,0.6681029796600342,0.11656437588156116,0.07368196547031403,0.004841341154924731,0.004322052929149007,0.867512715095983
2019-03-08,0.6740074157714844,0.10638358373482426,0.07843537628650665,0.004466437397518789,0.003263660787972764,0.8665564739783069
2019-03-09,0.5877779126167297,0.10672686523185358,0.07803892344236374,0.0034035499535506955,0.003222749642175617,0.7791700008866734
2019-03-10,0.5877779126167297,0.10119556978392243,0.07770143449306488,0.00430015380042654,0.00313153901090337,0.774106609705047
2019-03-11,0.5877779126167297,0.10098190125523104,0.08220095932483673,0.00445720320489066,0.0034127937090236257,0.7788307701107118
2019-03-12,0.6088114380836487,0.10296461623797797,0.08582562208175659,0.004651236275719476,0.003944367753467013,0.8061972804325697
2019-03-13,0.6311476826667786,0.11898287955537704,0.08681081235408783,0.00464056148247918,0.00531575380951715,0.8468976898682397
2019-03-14,0.6655352115631104,0.10868559515051482,0.08241394907236099,0.004646334926588248,0.004951133119429891,0.8662322238320043
2019-03-15,0.6246750950813293,0.1097278549369749,0.07756544649600983,0.004488144408815092,0.004167182940988118,0.8206237238641173
2019-03-16,0.5838450789451599,0.10206157822312015,0.07909899950027466,0.005264538163134991,0.005302286628116221,0.775572481459806
2019-03-17,0.6514055728912354,0.09963571321503123,0.09308674931526184,0.0057428555608180325,0.005435881448880148,0.8553067724312265
2019-03-18,0.6571624875068665,0.1011344085784952,0.0926070287823677,0.005722182277251734,0.005459736517612408,0.8620858436625936
2019-03-19,0.6390866637229919,0.12471561111027614,0.09301375597715378,0.007542801628132795,0.009961995337028176,0.8743208277755828
2019-03-20,0.6234565377235413,0.1278127698863413,0.07822246104478836,0.008070523839519183,0.01201623785205986,0.84957853034625
2019-03-21,0.6234782338142395,0.11619831635772646,0.07517994195222855,0.006575201749635323,0.008015267602495248,0.8294469614763251
2019-03-22,0.6385101079940796,0.11472184553047975,0.13225790858268738,0.00640653443487281,0.007928691849184861,0.8998250883913044
2019-03-23,0.6567620038986206,0.11959981458636357,0.12205789238214493,0.00783743413980638,0.010024881847306535,0.9162820268542421
2019-03-24,0.7046887278556824,0.13087006972058587,0.10877721011638641,0.008888453080649637,0.01316361718347153,0.9663880779567758
2019-03-25,0.7309583425521851,0.11572783739873536,0.11294685304164886,0.007574868595161601,0.009230820434717568,0.9764387220224485
2019-03-26,0.7494838833808899,0.10940800685178234,0.12459207326173782,0.0068663768607163155,0.00823664126033653,0.9985869816154629
2019-03-27,0.7597497701644897,0.1341648641160231,0.15276454389095306,0.007507811427695803,0.010782592009242396,1.0649695816084042
2019-03-28,0.6604397892951965,0.10865795865234315,0.07177387923002243,0.006025314154389451,0.006363370643932848,0.8532603119758845
2019-03-29,0.6635230183601379,0.10909936111519217,0.07444056868553162,0.005609812936554802,0.0062389680149279765,0.8589117291123445
2019-03-30,0.6471222043037415,0.1217859384656487,0.07456828653812408,0.007057007232327919,0.008683356809861677,0.8592167933497038
2019-03-31,0.6120972633361816,0.12196406433473435,0.06707201153039932,0.007227854793461287,0.00918122387758779,0.8175424178723645
2019-04-01,0.6120972633361816,0.12026553411109052,0.06702765077352524,0.006599817620450853,0.009488061169897836,0.8154783270111461
2019-04-02,0.6120972633361816,0.10473618222248844,0.06541608273983002,0.0068157878773375796,0.007940856964720229,0.797006173140558
2019-04-03,0.6120972633361816,0.09768650817379242,0.06697086244821548,0.006464043922974161,0.007630959085086269,0.79084963696625
2019-04-04,0.6221123337745667,0.10423684552162983,0.06942512094974518,0.0063224818457891,0.008805210985699483,0.8109019930774303
2019-04-05,0.6221123337745667,0.11470449062127593,0.07081376016139984,0.007829188297880567,0.011202325266271638,0.8266620981213947
2019-04-06,0.6522390246391296,0.12453860628268676,0.0774778351187706,0.00962828673407751,0.014411343246782058,0.8782950960214466
2019-04-07,0.7252026796340942,0.1366379509570682,0.13156192004680634,0.012114775531859153,0.01836901394574461,1.0238863401155727
2019-04-08,0.748180627822876,0.1262553917296291,0.1365388184785843,0.028916844955763844,0.03286627118314038,1.0727579541699936
2019-04-09,0.8136324286460876,0.14759991476941928,0.13211561739444733,0.023328211623617354,0.02940966897124396,1.1460858414048156
2019-04-10,0.8136324286460876,0.1568110252910949,0.13719263672828674,0.025071886201218006,0.029380763272320344,1.1620887401390076
2019-04-11,0.8136324286460876,0.16573079570598181,0.14357879757881165,0.027496418556276814,0.03252230888397303,1.182960749371131
2019-04-12,0.8863597512245178,0.14360819537189057,0.1412266343832016,0.027011390898473615,0.02768668695142464,1.2258926588295085
2019-04-13,0.9044773578643799,0.1635838843668188,0.1804867535829544,0.023828552354655936,0.032618153325421645,1.304994701494231
2019-04-14,0.7872182130813599,0.14598236950251106,0.07809299230575562,0.023995833764426936,0.026473835715083976,1.0617632443691376
2019-04-15,0.7661024928092957,0.12486841421711115,0.07562305778265,0.020090190499245795,0.020045012934164066,1.0067291682424666
2019-04-16,0.7242193818092346,0.12622386434987368,0.06929562240839005,0.01987662911218903,0.018867275177234587,0.958482772856922
2019-04-17,0.7497266530990601,0.13021601459168883,0.07450507581233978,0.019166504060820974,0.01874903420349312,0.9923632817674028
2019-04-18,0.8057122826576233,0.1541162525126861,0.07159056514501572,0.020101395361995317,0.021737860874859655,1.07325835655218
2019-04-19,0.6649158596992493,0.14499906472162566,0.06897838413715363,0.022334280753241616,0.023065901042314298,0.9242934903535845
2019-04-20,0.7125357389450073,0.14020274242225683,0.07018674910068512,0.020720191580228763,0.020395501127446286,0.9640409231756243
2019-04-21,0.6757951974868774,0.12621334968353484,0.06665406376123428,0.018960533270351094,0.01769504401251437,0.905318188214512
2019-04-22,0.6757951974868774,0.11696128182452223,0.06665406376123428,0.017286817450420388,0.013924887471262986,0.8906222479943173
2019-04-23,0.6877712607383728,0.11569362692339136,0.07183054089546204,0.017369456760859336,0.013342506231481784,0.9060073915495673
2019-04-24,0.7325466871261597,0.12081673659474111,0.10554545372724533,0.017587047585739823,0.016260732270816862,0.9927566573047027
2019-04-25,0.7197908759117126,0.14693694007237032,0.10634265094995499,0.018660248016256868,0.01938744434412563,1.0111181592944205
2019-04-26,0.7197908759117126,0.13465133349749553,0.1002180278301239,0.019900945047273546,0.01958831266903414,0.9941494949556398
2019-04-27,0.7092230916023254,0.1261792522230603,0.09526622295379639,0.01861191395269567,0.0158117863936462,0.965092267125524
2019-04-28,0.7002705931663513,0.12439258610607216,0.10287167876958847,0.017589091243067245,0.015148310437104753,0.960272259722184
2019-04-29,0.7232998013496399,0.11826027315595418,0.10210035741329193,0.017988580726099643,0.013301405309438392,0.974950417954424
2019-04-30,0.7325466871261597,0.13200824847027343,0.10043694823980331,0.017422223843708198,0.016041617131387496,0.998455724811332
2019-05-01,0.7855188250541687,0.14805970483008501,0.12431804835796356,0.01873741436630022,0.020008274344722077,1.0966422669532394
2019-05-02,0.7197908759117126,0.1517731139022247,0.13750803470611572,0.01875007238951927,0.02259281615039513,1.0504149130599676
2019-05-03,0.7197908759117126,0.16285963544329357,0.13736410439014435,0.02127816876987324,0.025863570404623233,1.0671563549196472
2019-05-04,0.7472660541534424,0.17078998296346062,0.1355086714029312,0.021429931378971572,0.026360605769386335,1.101355245668192
2019-05-05,0.7595191597938538,0.18783676776315025,0.12668105959892273,0.022313451378801624,0.027129872808718817,1.1234803113434473
2019-05-06,0.7804265022277832,0.20518868340767787,0.12668491899967194,0.02442526941671644,0.028664741112580685,1.1653901151644301
2019-05-07,0.8368610143661499,0.20518398831679321,0.1271916627883911,0.023996652699562235,0.030238095457859545,1.223471413628756
2019-05-08,0.7804265022277832,0.20701923033003128,0.11878781765699387,0.022977137154401934,0.02772766987706947,1.1569383572462797
2019-05-09,0.7804265022277832,0.223989260695326,0.13027028739452362,0.02405509627057022,0.0320337207448552,1.190774867333058
2019-05-10,0.7804265022277832,0.23389884426549895,0.12368219345808029,0.027264618646252993,0.03764350253352321,1.2029156611311387
2019-05-11,0.7804265022277832,0.2504224489022309,0.140865296125412,0.027658564879718607,0.04205168468082206,1.2414244968159667
2019-05-12,0.9440271854400635,0.2750820274752564,0.1315765082836151,0.0285520627079601,0.0441105089467508,1.4233482928536458
2019-05-13,0.9853138327598572,0.298705330675557,0.13127265870571136,0.0276723291608254,0.0420058087864699,1.4849699600884207
2019-05-14,1.190839171409607,0.3318612004970051,0.13913512229919434,0.029470619220734746,0.046055718238726465,1.7373618316652677
2019-05-15,1.1208194494247437,0.36714330183503396,0.1377374529838562,0.028574217136284608,0.043135090509607225,1.6974095118895256
2019-05-16,1.1809014081954956,0.3518706947783846,0.17471745610237122,0.028305706113799824,0.04034309320772139,1.7761383583977726
2019-05-17,1.2018685340881348,0.34855135133427845,0.17829768359661102,0.02986731201798502,0.04441653988717744,1.8030014209241867
2019-05-18,1.149918794631958,0.3829518235155665,0.17595067620277405,0.03151173257929193,0.0490971315628318,1.7894301584924222
2019-05-19,1.1208194494247437,0.3914736460184738,0.17553845047950745,0.030585977461851804,0.049147199301384836,1.7675647226859614
2019-05-20,1.0539101362228394,0.3902655197168913,0.17093627154827118,0.030773880530787983,0.047877008014355425,1.693762816033145
2019-05-21,1.1601766347885132,0.3958626043127434,0.18164780735969543,0.030623304938103224,0.04923511925750375,1.817545470656559
2019-05-22,1.09675931930542,0.40518992124409114,0.19090969860553741,0.03151381992492912,0.04764135961121061,1.7720141186911884
2019-05-23,1.0903323888778687,0.4023521861812389,0.1881747543811798,0.032028320432468796,0.04465308190802051,1.7575407317807765
2019-05-24,1.0300629138946533,0.4114568781457045,0.1369675248861313,0.03167188992302561,0.04289377773599911,1.6530529845855138
2019-05-25,1.051110863685608,0.4130330396009121,0.18178831040859222,0.03133354962359027,0.04324843679770295,1.7205142001164053
2019-05-26,0.78246009349823,0.3897533087056552,0.19863228499889374,0.030524568512527852,0.039437648991438916,1.440807904706746
2019-05-27,0.8081920742988586,0.372060407782373,0.18750232458114624,0.029929290636124723,0.03692255594355432,1.4346066532420572
2019-05-28,0.7536909580230713,0.3799977488307298,0.15785156190395355,0.03142169944491458,0.03837751608347654,1.3613394842861457
2019-05-29,0.8698247671127319,0.40899897980399114,0.17082498967647552,0.031020919216646688,0.04359353623050201,1.5242631920403473
2019-05-30,0.8720589280128479,0.42134217258238715,0.11925732344388962,0.030564516401156754,0.042337638930910866,1.4855605793711923
2019-05-31,1.123956322669983,0.4423059862584749,0.1368391066789627,0.03281535063169457,0.05168410044962515,1.7876008666887402
2019-06-01,1.123956322669983,0.4648207774809136,0.13663402199745178,0.032552035678603014,0.05326268388101153,1.811225841707963
2019-06-02,1.0793015956878662,0.4677716332618923,0.11846435070037842,0.03847114654447637,0.05920531961271384,1.763214045807327
2019-06-03,1.1346256732940674,0.4633537130541488,0.13259781897068024,0.04382509574799103,0.061138154014822005,1.8355404550817094
2019-06-04,1.1316299438476562,0.4255188248772688,0.10043945908546448,0.04482271451181627,0.05716881668161518,1.759579759003821
2019-06-05,1.0161411762237549,0.45566208131280544,0.101170614361763,0.04455555374554335,0.05723598869301578,1.6747654143368824
2019-06-06,1.1343134641647339,0.47085079105740496,0.11287260800600052,0.04445136178101342,0.06019731258716956,1.8226855375963222
2019-06-07,1.2492425441741943,0.5314569943923526,0.1506037712097168,0.0442876463107467,0.054509239655715185,2.0301001957427256
2019-06-08,1.2492425441741943,0.49607247630482687,0.14139516651630402,0.044054258558780736,0.05347712711208804,1.984241572666194
2019-06-09,1.1769109964370728,0.490976197318802,0.1549598127603531,0.03615043555233816,0.045545250707456054,1.904542692776022
2019-06-10,1.1769109964370728,0.4962919864784463,0.1979234665632248,0.038781174507361724,0.046352674753164395,1.9562602987392699
2019-06-11,1.295242190361023,0.5311719466607587,0.16508930921554565,0.0382231214823052,0.04374831672853913,2.0734748844481716
2019-06-12,1.3011319637298584,0.4214641920482204,0.18087318539619446,0.03450906497756939,0.04207461220652119,1.9800530183583638
2019-06-13,1.4357346296310425,0.4427498885341188,0.1861143708229065,0.034236716423314696,0.046316176315639904,2.1451517817270225
2019-06-14,1.6111080646514893,0.4918966135494274,0.2229386270046234,0.035638076401957514,0.04764289436377134,2.409224275971269
2019-06-15,1.55110764503479,0.5764359052354178,0.22134780883789062,0.03765404371817672,0.04872176716231757,2.435267169988593
2019-06-16,1.670587420463562,0.5989788711416069,0.21832744777202606,0.04558180183339936,0.04883354421607279,2.582309085426667
2019-06-17,1.6420351266860962,0.5705847841486791,0.21933431923389435,0.04059259768795465,0.04643414521529312,2.5189809729719177
2019-06-18,1.684665560722351,0.5319301670516798,0.214976504445076,0.03586755634307684,0.04333450192184805,2.510774290484032
2019-06-19,1.4176000356674194,0.5035723545885653,0.2071506679058075,0.033141010270324324,0.04015396529033951,2.201618033722456
2019-06-20,1.4079104661941528,0.4298855633386099,0.23103570938110352,0.030494089116669378,0.039056491045764516,2.1383823190763
2019-06-21,1.4079104661941528,0.40401238923584465,0.20547258853912354,0.032592498895340355,0.04199874451851202,2.0919866873829736
2019-06-22,1.4270586967468262,0.48838902894229225,0.20816732943058014,0.0338990897395469,0.04794105535079007,2.2054552002100354
2019-06-23,1.724617838859558,0.5495400127883232,0.22016523778438568,0.03436075580958837,0.04673163266707112,2.575415477908926
2019-06-24,1.6995190382003784,0.5210015621271491,0.19080911576747894,0.03295765454865404,0.04140000464145868,2.4856873752851194
2019-06-25,1.3641802072525024,0.44424052825451354,0.20093096792697906,0.03017104323358267,0.037900703282977455,2.0774234499505555
2019-06-26,1.0603034496307373,0.42798151011828495,0.16645631194114685,0.030233293213750925,0.0370500863523564,1.7220246512562765
2019-06-27,1.0974098443984985,0.3912610479729268,0.199792742729187,0.030871034761639157,0.03711016555251428,1.756444835414766
2019-06-28,1.0372765064239502,0.3516970890631651,0.15024808049201965,0.028039998315510673,0.030658440340140484,1.597920114634786
2019-06-29,0.9591332077980042,0.3015584920884519,0.15197864174842834,0.026794503562924996,0.029493275492492015,1.4689581206903013
2019-06-30,0.8815824389457703,0.2977235459198972,0.12559618055820465,0.02667443989852406,0.0289127377808988,1.3604893431032952
2019-07-01,0.9353814721107483,0.29589836020525884,0.11064740270376205,0.026893566749649,0.031093660068868528,1.3999144618382866
2019-07-02,0.8570556044578552,0.27581480048046536,0.1087551936507225,0.025188750119507594,0.025407228496503325,1.292221577205054
2019-07-03,0.8446335196495056,0.2787134216239087,0.11297688633203506,0.023720377932656658,0.025281465943926138,1.2853256714820323
2019-07-04,0.8777287602424622,0.26903435297013567,0.1616234928369522,0.02207066604288281,0.020827361328700854,1.351284633421134
2019-07-05,0.8613758683204651,0.25230264354984033,0.13464702665805817,0.02154034743900419,0.018764900225889176,1.2886307861932569
2019-07-06,0.8307809829711914,0.2356597297529672,0.1253330409526825,0.02010562663442605,0.01712424551258268,1.2290036258238497
2019-07-07,0.8067858219146729,0.2308382118167798,0.11943106353282928,0.019936103684819507,0.018449225901193533,1.195440426850295
2019-07-08,0.8547040224075317,0.2272579533013636,0.11660546064376831,0.02087386148650493,0.021204623032311846,1.2406459208714804
2019-07-09,0.7812387347221375,0.23944198908693104,0.13683748245239258,0.02164953926291424,0.02531021184611047,1.2044779573704856
2019-07-10,0.7812387347221375,0.23825628050033026,0.1342625617980957,0.019505644622053016,0.024395104468437956,1.1976583261110543
2019-07-11,0.7812387347221375,0.24934655798141114,0.12888796627521515,0.021274169207984136,0.023685636656202966,1.2044330648429509
2019-07-12,0.7928795218467712,0.2651871912166253,0.12989777326583862,0.022359852085287308,0.023625859910601395,1.2339501983251238
2019-07-13,0.8489681482315063,0.2626558612479268,0.1243446096777916,0.02580554449133545,0.029781266176765218,1.2915554298253253
2019-07-14,1.0174779891967773,0.2771428453572274,0.12729927897453308,0.02600081449641216,0.0354151517951401,1.48333607982009
2019-07-15,1.0025396347045898,0.28454734573574525,0.18092112243175507,0.024959874845769038,0.03427377825482293,1.5272417559726823
2019-07-16,0.9037356972694397,0.25630129846119576,0.10611951351165771,0.020472670277712397,0.027461226786489202,1.3140904063064949
2019-07-17,0.8296957612037659,0.2464557323686517,0.10045856982469559,0.018441124028335143,0.022662850434014645,1.2177140378594629
2019-07-18,0.7854768633842468,0.24047188464782332,0.09423572570085526,0.01810597657662767,0.021313731477456275,1.1596041817870093
2019-07-19,0.9184113144874573,0.24597804323593545,0.09711121022701263,0.01821064079289735,0.023318985702459945,1.3030301944457627
2019-07-20,0.7826620936393738,0.24255896568938662,0.08902814239263535,0.017331480231554026,0.01992416454391016,1.1515048464968598
2019-07-21,0.7336677312850952,0.2564601432159212,0.09546098858118057,0.017588504003479423,0.020274043060373705,1.12345141014605
2019-07-22,0.7843174338340759,0.24636610969062206,0.09657446295022964,0.019453125388455006,0.02546956244856794,1.1721806943119506
2019-07-23,0.9082845449447632,0.28876138485045,0.10105636715888977,0.02375203756502155,0.031322799439565695,1.3531771339586902
2019-07-24,0.8427514433860779,0.2527164363672694,0.09188519418239594,0.019162433475731003,0.024052236203961484,1.2305677436154356
2019-07-25,0.8558982610702515,0.26512343009928196,0.09556596726179123,0.01909908917118491,0.02308855845698462,1.2587753060594942
2019-07-26,0.8986149430274963,0.270051629175011,0.09665106981992722,0.020255492533678567,0.02716618550056105,1.3127393200566744
2019-07-27,0.8277865052223206,0.241036154620294,0.08877136558294296,0.017305251313946123,0.020112895631614627,1.1950121723711182
2019-07-28,0.8277865052223206,0.22970565333047752,0.09171797335147858,0.015122359084145562,0.019964508307707587,1.1842969992961299
2019-07-29,0.8115684986114502,0.22254203093519925,0.09390466660261154,0.01360824740776298,0.015602174267280694,1.1572256178243048
2019-07-30,0.8503894209861755,0.2293480436130888,0.09700571000576019,0.014987424647708582,0.01805394695307923,1.2097845462058123
2019-07-31,0.7856507897377014,0.22957629374527144,0.07989062368869781,0.014058942039581733,0.018284868982277176,1.1274615181935297
2019-08-01,0.7237260937690735,0.21964212991570994,0.07792950421571732,0.013552758667767308,0.015347313911099548,1.0501978004793677
2019-08-02,0.7856507897377014,0.2561386446890687,0.08436249196529388,0.014890572981906918,0.022449191845147664,1.1634916912191187
2019-08-03,0.7515796422958374,0.26598550205042903,0.0870935395359993,0.018736997764412337,0.028350941507326942,1.1517466231540048
2019-08-04,0.760748565196991,0.256166050717044,0.0881785973906517,0.01808441779482103,0.029125666783213863,1.1523032978827215
2019-08-05,0.7706505656242371,0.2959831551014814,0.09530459344387054,0.01769518812179271,0.031099512602571915,1.2107330148939535
2019-08-06,0.7849753499031067,0.27217276264806056,0.08667345345020294,0.017955049371329582,0.02757039901284506,1.189347014385545
2019-08-07,0.7659353613853455,0.2613424711783189,0.08739335834980011,0.01672140325553598,0.023590015880051926,1.1549826100490526
2019-08-08,0.8421215415000916,0.26206793713715115,0.08771886676549911,0.017535871479296646,0.025339742570686885,1.2347839594527252
2019-08-09,0.8097630739212036,0.26416542261893616,0.08907865732908249,0.018639418363376622,0.026819378152163512,1.2084659503847623
2019-08-10,0.8359940052032471,0.27436057927180907,0.09872265160083771,0.01851523182634786,0.02855930665036798,1.2561517745526098
2019-08-11,0.7832598686218262,0.25036585655777527,0.10056660324335098,0.01737444070939046,0.022782837951428672,1.1743496070837718
2019-08-12,0.7153581976890564,0.2415422493841781,0.09701105952262878,0.016193519382309927,0.01979046435834753,1.0898954903365208
2019-08-13,0.7246329188346863,0.23188345827635432,0.14106082916259766,0.015384229209640393,0.016840524071558862,1.1298019595548374
2019-08-14,0.7353344559669495,0.22504652892816088,0.13819453120231628,0.014473592158254119,0.016293932527797945,1.1293430407834788
2019-08-15,0.7606739401817322,0.23210827573237836,0.14436237514019012,0.015469304903203357,0.01721123664453665,1.1698251326020408
2019-08-16,0.7278848886489868,0.25369134912505803,0.14849025011062622,0.016265178063056267,0.021860588950325846,1.1681922548980532
2019-08-17,0.7365623712539673,0.2472084709863303,0.1434367597103119,0.016431400473605976,0.020238478927433294,1.1638774813516486
2019-08-18,0.7498453259468079,0.2673032518013879,0.15273664891719818,0.018914808756170756,0.028428759877596188,1.2172287952991607
2019-08-19,0.8837998509407043,0.2915845569523829,0.1657593697309494,0.023579224860086682,0.035787934324239865,1.4005109368083632
2019-08-20,0.9976752400398254,0.33351728685940774,0.15673397481441498,0.02648644453186428,0.03758932462718408,1.5520022708726966
2019-08-21,1.0496575832366943,0.38337682761028047,0.1514013558626175,0.02801396428143877,0.04234677509960539,1.6547965060906364
2019-08-22,1.1255605220794678,0.45503373327099866,0.1559765785932541,0.029150299563935948,0.04699657536179727,1.8127177088694537
2019-08-23,1.1085869073867798,0.5243378837020511,0.18637987971305847,0.03333805465588673,0.04636932562237616,1.8990120510801523
2019-08-24,1.3655173778533936,0.5045864243125509,0.18582046031951904,0.03841782604653658,0.051673610772796634,2.1460156993047965
2019-08-25,1.3018335103988647,0.48051833798656113,0.17280898988246918,0.03931836209430847,0.046754422562816984,2.0412336229250205
2019-08-26,1.2867720127105713,0.3883432320482678,0.1813199520111084,0.028899696165520208,0.03762308354971013,1.9229579764851779
2019-08-27,1.2623170614242554,0.37430989446449814,0.1754441261291504,0.030798284685707417,0.0381137340826134,1.8809831007862248
2019-08-28,1.0790566205978394,0.36988110181470774,0.17721696197986603,0.0297814865474464,0.032381285458026744,1.6883174563978862
2019-08-29,0.9916567206382751,0.3896713535245273,0.20166783034801483,0.028556478067673585,0.030559806064849388,1.64211218864334
2019-08-30,0.8521319031715393,0.37638902347840214,0.10696984827518463,0.02715344303926077,0.02448582171698562,1.3871300396813726
2019-08-31,0.7566950917243958,0.3571986679069286,0.10024689882993698,0.02589088718674743,0.02192803951851188,1.2619595851665206
2019-09-01,0.7661714553833008,0.3689502208465465,0.11165725439786911,0.028507998809893593,0.02566029554697492,1.3009472249845848
2019-09-02,0.7567322850227356,0.4007696913275858,0.11168550699949265,0.031857760572373404,0.032318274531511385,1.3333635184536987
2019-09-03,0.8262708187103271,0.4061079455428532,0.11048486083745956,0.03225304709308984,0.03295760069658934,1.4080742728803188
2019-09-04,0.9625773429870605,0.42491176686676446,0.13689742982387543,0.03632067546720056,0.0333981905912364,1.5941054057361375
2019-09-05,0.8257957100868225,0.3686147725015001,0.1273193061351776,0.033303270683863614,0.03077575346636156,1.3858088128737254
2019-09-06,0.8901227116584778,0.3581541650174586,0.11548604816198349,0.03195515006549763,0.029175191147062036,1.4248932660504796
2019-09-07,0.8125048875808716,0.3553292159726783,0.11777686327695847,0.031237761279720843,0.028559318122572407,1.3454080462328015
2019-09-08,0.8211120963096619,0.3682869527652494,0.11154021322727203,0.03335040155462957,0.031138632970105606,1.3654282968269185
2019-09-09,0.8211120963096619,0.387105575737427,0.11913566291332245,0.033757376154028476,0.03303760799063436,1.394148319105074
2019-09-10,0.8221194744110107,0.386932816850509,0.16203509271144867,0.03374337964003827,0.031831020129697234,1.436661783742704
2019-09-11,0.8285406827926636,0.39096269859338173,0.14522819221019745,0.03418324005324522,0.03548864460304934,1.4344034582525373
2019-09-12,0.8566780686378479,0.3797650525333363,0.14025215804576874,0.03214907212554004,0.032351996819239684,1.4411963481617325
2019-09-13,0.943057656288147,0.38412600181608597,0.1543903946876526,0.03257240367846651,0.035517815950594174,1.5496642724209462
2019-09-14,0.9846065044403076,0.42035184793871805,0.19158940017223358,0.0332589825374592,0.04156224504332352,1.671368980132042
2019-09-15,1.0134555101394653,0.4443072669264394,0.11881716549396515,0.033648527821375826,0.04332911691116758,1.6535575872924133
2019-09-16,0.9231656193733215,0.4157249759070244,0.10259336233139038,0.03222916608733886,0.03884028347468323,1.5125534071737585
2019-09-17,0.9539124369621277,0.4005881019692454,0.10932265222072601,0.03192238429688836,0.03871461627170883,1.5344601917206964
2019-09-18,1.2297601699829102,0.4320425209832336,0.12009879946708679,0.03258597190103532,0.04519223798543232,1.859679700319698
2019-09-19,1.3609522581100464,0.47141471221503284,0.12200471013784409,0.033818132589158306,0.04771544279925945,2.035905255851341
2019-09-20,1.321344256401062,0.4492271802457906,0.11422686278820038,0.03149698636208464,0.040943111402002345,1.9572383971991398
2019-09-21,1.2550681829452515,0.4125366146504804,0.11402773857116699,0.032038556149643196,0.04269807236556395,1.856369164682106
2019-09-22,1.3517447710037231,0.4123000290287739,0.1147930920124054,0.032914972140622716,0.05033149036405356,1.9620843545495787
2019-09-23,1.1674319505691528,0.4349119981724785,0.15120439231395721,0.03390427974408831,0.05299631765194908,1.8404489384516258
2019-09-24,1.3244872093200684,0.4440458439505897,0.14462393522262573,0.03590759694691328,0.054736072922391084,2.003800658362588
2019-09-25,1.4412387609481812,0.488765487188141,0.16270901262760162,0.03715427922748687,0.05922011838765187,2.189087658379063
2019-09-26,1.3669036626815796,0.4884538826894544,0.15959975123405457,0.03691327586014731,0.059112767093365416,2.1109833395586017
2019-09-27,1.3669036626815796,0.5862816318808981,0.17178961634635925,0.04189867550269663,0.06290619899898298,2.229779785410517
2019-09-28,1.576698899269104,0.6674770736208242,0.1707303822040558,0.04693468312077899,0.06517960601111587,2.5270206442258787
2019-09-29,1.578444242477417,0.7792537734043052,0.15258173644542694,0.04727248157138515,0.06896786631572177,2.6265201002142557
2019-09-30,1.578444242477417,0.8574809958709351,0.15943333506584167,0.04738801856778176,0.07502327149642596,2.7177698634784013
2019-10-01,1.578444242477417,0.8309309862388714,0.15027539432048798,0.0488314282037503,0.07406398879029569,2.682546040030822
2019-10-02,1.6897120475769043,0.8233901708750189,0.15008430182933807,0.04743578831824914,0.07391787554231609,2.7845401841418265
2019-10-03,1.6897120475769043,0.755585275273325,0.17106297612190247,0.04556909973558755,0.07106441622675316,2.732993814934473
2019-10-04,1.7212104797363281,0.8426936248782138,0.17969724535942078,0.04611261126555095,0.07687546002746405,2.8665894212669776
2019-10-05,1.6075806617736816,0.8798324376579847,0.17302799224853516,0.04584836640049224,0.07812811349845941,2.7844175715791533
2019-10-06,1.5885932445526123,0.9286445057681996,0.1902012825012207,0.04856873055180175,0.08025240122182992,2.836260164595664
2019-10-07,1.5642470121383667,0.9513315735149264,0.21469168365001678,0.048483611008111945,0.08115486591887709,2.8599087462302992
2019-10-08,1.5642470121383667,1.108780966508316,0.20373260974884033,0.049481161663839104,0.08268967930787002,3.0089314293672325
2019-10-09,1.5642470121383667,1.085480586466025,0.20770597457885742,0.04872772240824377,0.08315438620868926,2.9893156818001825
2019-10-10,1.5642470121383667,1.115421332462899,0.19242383539676666,0.04900290433609954,0.08195034924995875,3.0030454335840906
2019-10-11,1.5373117923736572,0.9889627908567176,0.189262256026268,0.04766077207437384,0.07833034180578241,2.8415279531367994
2019-10-12,1.507192611694336,0.9041934506704121,0.2002030611038208,0.04589789902312932,0.07257197242341587,2.7300589949151144
2019-10-13,1.507192611694336,0.7422952468556152,0.22068974375724792,0.03525598994338796,0.06680340651913978,2.572236998769727
2019-10-14,1.4307188987731934,0.6933431198860751,0.17210768163204193,0.03355655203358923,0.06549604607337763,2.395222298398277
2019-10-15,1.407686471939087,0.6050558465267617,0.14421644806861877,0.033688867439897595,0.06840136028976469,2.2590489942641296
2019-10-16,1.725526213645935,0.7059536512146847,0.16626450419425964,0.035138508061172614,0.07245862744596332,2.7053415045620155
2019-10-17,1.8566639423370361,0.7619668581812582,0.17296388745307922,0.03527634798806982,0.07719314815298933,2.904064184112433
2019-10-18,1.7703137397766113,0.7806349434630948,0.16976791620254517,0.03552623676217096,0.07546406215948967,2.831706898363912
2019-10-19,1.835831880569458,0.908986596219959,0.16295801103115082,0.04408655806477145,0.07314376359057889,3.025006809475918
2019-10-20,1.9978121519088745,0.8902341706428696,0.169157475233078,0.04426050804751271,0.07197214444397111,3.173436450276306
2019-10-21,1.861365556716919,0.8947720053214638,0.18740898370742798,0.044434574627605895,0.07000306917461245,3.057984189548029
2019-10-22,2.008049726486206,0.8408150312749008,0.2239103466272354,0.04743621993353037,0.0719860256391102,3.192197349960983
2019-10-23,2.111393690109253,0.899577306859416,0.24114911258220673,0.04827834009767547,0.07400763321854756,3.374406082867099
2019-10-24,2.577737331390381,0.8953914397218101,0.2897977828979492,0.0472676493192034,0.0730030881600288,3.8831972914893726
2019-10-25,2.7469608783721924,0.8447974381971268,0.2908887565135956,0.04856696763969926,0.0724980728657789,4.003712113588393
2019-10-26,2.7469608783721924,0.858253369363575,0.29476198554039,0.05166781300063157,0.07366757871534425,4.025311624992133
2019-10-27,2.7932863235473633,0.9064704776362285,0.2864529490470886,0.0517809628271209,0.07714601663262753,4.115136729690429
2019-10-28,2.7262182235717773,0.8665383340113857,0.28343531489372253,0.05235464758688663,0.07474484201915325,4.003291362082925
2019-10-29,2.926064968109131,0.9392981100621691,0.2893217206001282,0.052896194183797395,0.07661366725651325,4.284194660211739
2019-10-30,2.8831052780151367,1.0132544188043462,0.2949177324771881,0.05326243811242353,0.07803801602426592,4.32257788343336
2019-10-31,2.8831052780151367,1.0432148477483274,0.31957411766052246,0.052813049499615815,0.07829537828547461,4.377002671209077
2019-11-01,2.8831052780151367,1.0638232037247533,0.31540870666503906,0.052519628265845546,0.07891754180440962,4.393774358475185
2019-11-02,2.9292714595794678,0.9915688224361889,0.24069277942180634,0.051467451937667774,0.07669812765272972,4.289698641027861
2019-11-03,2.9292714595794678,0.9143444947993915,0.19567914307117462,0.04991103650545974,0.07018672986271692,4.15939286381821
2019-11-04,3.090886116027832,0.8158681494824729,0.1931321620941162,0.048251299220494,0.06426138825413116,4.212399115079046
2019-11-05,3.1456611156463623,0.6507202352827595,0.1928139179944992,0.03925921320570861,0.057952011331734186,4.086406493461063
2019-11-06,2.3789713382720947,0.5543666847195317,0.1881653219461441,0.03562791783064659,0.051770169913477423,3.2089014326818943
2019-11-07,2.0933115482330322,0.4378764730575893,0.1776098757982254,0.032852472274304934,0.04438357878039306,2.786033948143545
2019-11-08,1.8660563230514526,0.4287413778344179,0.17158490419387817,0.03281761692610624,0.044067527209144336,2.5432677492149995
2019-11-09,1.983821988105774,0.4095022481085644,0.15868882834911346,0.03129112797406923,0.041274925054905785,2.6245791175924267
2019-11-10,1.8620824813842773,0.34157088779770106,0.1455811709165573,0.029499324642398038,0.032443884286043966,2.411177749026978
2019-11-11,1.8245240449905396,0.3252537263138131,0.15356628596782684,0.029298248782507353,0.03254055772750236,2.3651828637821892
2019-11-12,1.7341152429580688,0.3128254052387917,0.13462769985198975,0.028665532363871902,0.0252180485851871,2.235451928997909
2019-11-13,1.6312551498413086,0.3127151347804334,0.166244775056839,0.027616258462589995,0.025137503261863488,2.1629688214030347
2019-11-14,1.421337366104126,0.3013363603218122,0.10936454683542252,0.027703179200728675,0.024895731786598502,1.884637184248688
2019-11-15,1.3870145082473755,0.2932252581692982,0.11598114669322968,0.025620587378832233,0.02763186039082916,1.8494733608795648
2019-11-16,1.3185217380523682,0.2659151144144832,0.10356375575065613,0.026269927539839023,0.028359508860500253,1.7426300446178467
2019-11-17,1.2902789115905762,0.26817326216017495,0.10025978088378906,0.02539201255220154,0.03808941990884093,1.7221933870955826
2019-11-18,1.2170137166976929,0.2596869981512809,0.10304849594831467,0.02504994186000343,0.039514227036369205,1.644313379693661
2019-11-19,1.2349262237548828,0.2624951725276066,0.10330131649971008,0.025295226040114846,0.0399991336407264,1.6660170724630408
2019-11-20,1.2349262237548828,0.25275376661847804,0.09788604825735092,0.025126239615102408,0.03876677223052922,1.6494590504763433
2019-11-21,1.2349262237548828,0.23784380197678523,0.10361389070749283,0.024413723936235393,0.03711852948624352,1.6379161698616398
2019-11-22,1.1754469871520996,0.23245821188029278,0.12093790620565414,0.024244318097855082,0.0380234063162654,1.591110829652167
2019-11-23,1.2208967208862305,0.22419285495392616,0.1255904883146286,0.024419223379815273,0.036668682369355034,1.6317679699039556
2019-11-24,1.2476210594177246,0.22014454233772568,0.13446098566055298,0.024168324393035644,0.02952718386268924,1.6559220956717282
2019-11-25,1.134340524673462,0.2198829031060773,0.12344133108854294,0.02240822863933204,0.028368259523898542,1.528441247031313
2019-11-26,1.2096707820892334,0.21307041425629378,0.16787877678871155,0.01578850012102417,0.02643327474666405,1.6328417480019268
2019-11-27,1.182706594467163,0.20983869065377914,0.1732683777809143,0.015943482608291027,0.01658259478574241,1.5983397402958897
2019-11-28,1.132433295249939,0.20991333262862977,0.16303841769695282,0.015221841010650314,0.01493660160940063,1.5355434881955725
2019-11-29,1.1483631134033203,0.21086903291518544,0.13251398503780365,0.01310451823536686,0.01314917508417866,1.5179998246758548
2019-11-30,1.3293704986572266,0.2223388815391779,0.1411687135696411,0.013153988823188825,0.016346144321619793,1.722378226910854
2019-12-01,1.0853976011276245,0.22893102302490043,0.09180990606546402,0.0133026588902291,0.014647401446868413,1.4340885905550866
2019-12-02,0.8881780505180359,0.21749147660234602,0.08299800008535385,0.011963557340266625,0.011267123958230168,1.2118982085042325
2019-12-03,0.8846960067749023,0.21027191594688158,0.08508563786745071,0.011835163928854942,0.011078588145668328,1.202967312663758
2019-12-04,0.9641737937927246,0.22054765723057893,0.09712642431259155,0.012640839565435002,0.013115908686977661,1.3076046235883076
2019-12-05,0.89084792137146,0.21530642159591118,0.08272461593151093,0.011788847260153095,0.010344281434038484,1.2110120875930734
2019-12-06,0.8578019142150879,0.20992042049153659,0.08943892270326614,0.011385227513429467,0.009724299952806326,1.1782707848761262
2019-12-07,0.8718371391296387,0.21239687391595424,0.08769772201776505,0.0112983683546733,0.009526098954460103,1.1927562023724914
2019-12-08,0.8414469957351685,0.20886469143622408,0.08410017192363739,0.0109484856764309,0.009222842035003967,1.1545831868064647
2019-12-09,0.7800300717353821,0.20439422623305387,0.07859481126070023,0.010112518032029815,0.008861989969674633,1.0819936172308406
2019-12-10,0.7800300717353821,0.2118866218931758,0.0785144791007042,0.011245996130039251,0.011002755791652616,1.092679924650954
2019-12-11,0.7927929162979126,0.22237110337695815,0.07822191715240479,0.011111168227248993,0.00975130333536028,1.1142484083898847
2019-12-12,0.7936970591545105,0.21235361300224695,0.0785144791007042,0.011105300699046954,0.01057035472042115,1.1062408066769298
2019-12-13,0.7818904519081116,0.21036800509543796,0.07974879443645477,0.010089010604737039,0.01077130044311171,1.0928675624878532
2019-12-14,0.7911620736122131,0.20127979703922108,0.08618240803480148,0.011150014695475136,0.01671467161386038,1.1064889649955711
2019-12-15,0.963555634021759,0.2098441683753364,0.11671710759401321,0.01170037557423872,0.020523102974860777,1.322340388540208
2019-12-16,0.868025004863739,0.20431510286945664,0.1409727782011032,0.0112144654002551,0.01807505777601477,1.2426024091105687
2019-12-17,0.9465737342834473,0.1964771180943302,0.11609327793121338,0.011410790653518917,0.018449963892072496,1.2890048848545823
2019-12-18,0.868025004863739,0.19390466574636325,0.11909255385398865,0.01179264195294191,0.018980296116818108,1.211795162533851
2019-12-19,0.8858887553215027,0.19295487270476858,0.1212380975484848,0.010662968689311549,0.02626679579848988,1.2370114900625575
2019-12-20,0.8569387197494507,0.17108498985316745,0.12722797691822052,0.010403017359085652,0.026178119722032853,1.191832823601957
2019-12-21,0.8357571959495544,0.15976753270992106,0.11596560478210449,0.010186722386367055,0.026198574405399282,1.1478756302333462
2019-12-22,0.8544760346412659,0.15501656911624206,0.11596560478210449,0.009895630563042625,0.02616310923654225,1.1615169483391972
2019-12-23,0.8533802032470703,0.15328635907155883,0.11639231443405151,0.009883749725982298,0.026704493714465195,1.159647120193128
2019-12-24,0.8377631902694702,0.16599481493791599,0.11908216029405594,0.010436742821565025,0.029009334053192903,1.1622862423762002
2019-12-25,0.8377631902694702,0.1690118431511455,0.11920572817325592,0.01068989959431035,0.029531727631580552,1.1662023888197626
2019-12-26,0.8688573241233826,0.17328789756907845,0.11786242574453354,0.010483241016137188,0.028526031242824115,1.199016919695956
2019-12-27,0.9806393980979919,0.16835865093110777,0.11379778385162354,0.010404403525087596,0.021953881068282884,1.2951541174740937
2019-12-28,0.9708640575408936,0.16165299768081584,0.11550441384315491,0.009793937808582735,0.01711990497155418,1.2749353118450013
2019-12-29,0.9389762282371521,0.17280720604779812,0.1249263808131218,0.0105837557528512,0.018639446185489676,1.265933017036413
2019-12-30,0.9927055239677429,0.1587592184546353,0.12457294762134552,0.010645521771241938,0.010410191235163397,1.297093403050129
2019-12-31,1.0131350755691528,0.1534271174051628,0.14112283289432526,0.01096067254884727,0.010515121479071273,1.3291608198965594
2020-01-01,0.9627737998962402,0.15034512622031296,0.17331165075302124,0.010655442830491397,0.00900062424401246,1.3060866439440784
2020-01-02,1.0438162088394165,0.1754444249893651,0.24381123483181,0.013002111753497638,0.014889095600275376,1.4909630760143648
2020-01-03,0.9585461020469666,0.18513362485872936,0.14249469339847565,0.013445283144322735,0.012694010009126254,1.3123137134576206
2020-01-04,0.8581556081771851,0.16398400024441126,0.0957554504275322,0.011296319433125639,0.008897338491723313,1.1380887167739775
2020-01-05,0.8758162260055542,0.16055860320017365,0.09728575497865677,0.010239792875212355,0.010031955342833554,1.1539323324024304
2020-01-06,0.8536809086799622,0.15207815024607468,0.08480550348758698,0.00911318782001211,0.010049636598165575,1.1097273868318014
2020-01-07,0.8536809086799622,0.14382618255397175,0.08211181312799454,0.009021819684549607,0.008584296912554678,1.0972250209590326
2020-01-08,0.8965758085250854,0.16322676376048068,0.10119958221912384,0.009603700298147232,0.011215131436574701,1.181820986239412
2020-01-09,0.8725937604904175,0.1421458183944191,0.07501064240932465,0.008937516618186758,0.009448110851492142,1.1081358487638402
2020-01-10,0.7992088198661804,0.13139560695514182,0.07508745044469833,0.008794060765671404,0.008319671768172231,1.0228056097998641
2020-01-11,0.7729591131210327,0.13325826577027589,0.07482723146677017,0.008895540345800527,0.00731212929182091,0.9972522799957002
2020-01-12,0.7573723793029785,0.12553557365404489,0.07231222093105316,0.008674382446524463,0.006038978723803296,0.9699335350584043
2020-01-13,0.7538530826568604,0.12727392391700496,0.07041815668344498,0.008800738946190994,0.006176899047594798,0.9665228012510961
2020-01-14,0.7573723793029785,0.1218939242608213,0.07149586826562881,0.008362773016963782,0.005976051359504291,0.9651009962058966
2020-01-15,0.8018537759780884,0.1401892533119087,0.08869361877441406,0.008798158096489195,0.010751336925318045,1.0502861430862183
2020-01-16,0.7386519312858582,0.11864932289516025,0.0737973153591156,0.007862436631189865,0.006630260815682681,0.9455912669870066
2020-01-17,0.7269469499588013,0.11453321070099648,0.07299574464559555,0.007842591954298967,0.008997577757462875,0.9313160750171551
2020-01-18,0.7269469499588013,0.11941523160055546,0.07004066556692123,0.007342058421420445,0.01320972836538572,0.9369546339130841
2020-01-19,0.7269469499588013,0.10833695397805414,0.07180006802082062,0.007334246358737628,0.013076308544526665,0.9274945268609402
2020-01-20,0.7269469499588013,0.10929673094723093,0.07297355681657791,0.007359666907570324,0.014175268913003894,0.9307521735431843
2020-01-21,0.7269469499588013,0.10848611760200816,0.07123791426420212,0.007219374931149231,0.013946076722634669,0.9278364334787955
2020-01-22,0.7269469499588013,0.11955345884514354,0.07150435447692871,0.007547658775023237,0.01572584211475605,0.9412782641706529
2020-01-23,0.7716242671012878,0.12016790781911445,0.0724368542432785,0.0074583712086852254,0.01601217293931953,0.9876995733116856
2020-01-24,0.7716242671012878,0.11833842479337293,0.07179563492536545,0.006988881727037353,0.014444519868571518,0.9831917284156352
2020-01-25,0.7716242671012878,0.1108608400395558,0.07382623106241226,0.006155617229186852,0.013811847838843589,0.9762788032712864
2020-01-26,0.8402662873268127,0.12447761615952926,0.09939230978488922,0.006763059609329763,0.018767339481902158,1.0896666123624632
2020-01-27,0.9483699202537537,0.13772136989216904,0.11145363003015518,0.007166139663262788,0.020429834448213256,1.225140894287554
2020-01-28,1.0443276166915894,0.13429271458408693,0.11179792881011963,0.0062998721633730805,0.019130005035730275,1.3158481372848994
2020-01-29,0.9871312379837036,0.13021404421133814,0.12927114963531494,0.0056757623347649345,0.021162422419242006,1.2734546165843637
2020-01-30,1.00873863697052,0.12417471426079045,0.12900175154209137,0.005011461459123256,0.02190239004609259,1.2888289542786178
2020-01-31,1.00873863697052,0.12145396739136904,0.12902839481830597,0.005714382172232261,0.012142492265331156,1.2770778736177586
2020-02-01,0.9826058745384216,0.11726264296097495,0.16236962378025055,0.005715533192927407,0.00877898355001149,1.276732658022586
2020-02-02,0.9698899388313293,0.10255045697951548,0.1723494529724121,0.004821622843693925,0.007314964843472829,1.2569264364704238
2020-02-03,0.9423530697822571,0.0988556751790924,0.1330198049545288,0.004123676146971967,0.0072662783973110896,1.1856185044601615
2020-02-04,0.869316816329956,0.10138533312926229,0.1129341721534729,0.003623922877750799,0.006492630089963101,1.093752874580405
2020-02-05,0.869316816329956,0.0938394332622145,0.11465323716402054,0.003525293437960066,0.005702967386279975,1.0870377475804314
2020-02-06,0.8399228453636169,0.09226862780492266,0.11419620364904404,0.0031883668789612703,0.005717053958441617,1.0552930976549864
2020-02-07,0.7578248381614685,0.09224554301102784,0.1160525381565094,0.00285812813407911,0.00491408730853596,0.9738951347716208
2020-02-08,0.8675891160964966,0.12696494529504204,0.15716110169887543,0.00369124462827806,0.009232092950693173,1.1646385006693853
2020-02-09,0.7218602895736694,0.10729869225233445,0.08111560344696045,0.002897485393293414,0.004799103223443336,0.9179711738897011
2020-02-10,0.7401552200317383,0.1007527756655241,0.08697140961885452,0.0024973696672545872,0.0033558737449431763,0.9337326487283146
2020-02-11,0.6971774101257324,0.10057696529019096,0.08180280774831772,0.0024865026309856156,0.002746725473903925,0.8847904112691307
2020-02-12,0.6831191182136536,0.09645922239202896,0.07825197279453278,0.0023373695000847875,0.002607682046924581,0.8627753649472247
2020-02-13,0.6662339568138123,0.09517602444300188,0.07208338379859924,0.0023688700162421117,0.002617460205855112,0.8384796952775105
2020-02-14,0.6799448132514954,0.09852738963870057,0.08047325164079666,0.0028339128830643023,0.002810198220683322,0.8645895656347402
2020-02-15,0.7227556705474854,0.12124769674971979,0.081110380589962,0.002850543718534928,0.004572014797154948,0.932536306402857
2020-02-16,0.7115962505340576,0.1312280752957502,0.08804335445165634,0.003721888097188316,0.0069051497958253485,0.9414947181744778
2020-02-17,0.6604028344154358,0.12128121781408457,0.07300075888633728,0.0028480708847914253,0.004231576643400898,0.8617644586440499
2020-02-18,0.6771401762962341,0.1258928493675069,0.07893506437540054,0.0031296647494289628,0.0031668528512723976,0.8882646076398429
2020-02-19,0.6771401762962341,0.11746541755535467,0.07157817482948303,0.0033845201360218667,0.003082379898827413,0.8726506687159211
2020-02-20,0.7013713717460632,0.1001535666316158,0.07269398123025894,0.0032440962215409966,0.002477335973811899,0.8799403518032909
2020-02-21,0.7013713717460632,0.09889190284372684,0.07380243390798569,0.0033253540747775734,0.002368374981975181,0.8797594375545285
2020-02-22,0.7460300326347351,0.13015372826155586,0.09544514864683151,0.0043975797086588,0.0063112943032300846,0.9823377835550114
2020-02-23,0.7193735837936401,0.10717563820837533,0.06739659607410431,0.003423614013467098,0.0028683404536648687,0.9002377725432518
2020-02-24,0.6702417731285095,0.10687391868819612,0.07062510401010513,0.003020382137606056,0.0023322621762584318,0.8530934401406753
2020-02-25,0.659691572189331,0.11353425325372295,0.07092094421386719,0.0036656907436414727,0.004440535263370753,0.8522529956639333
2020-02-26,0.708050012588501,0.11280693189304089,0.07217667996883392,0.004364420871372213,0.004229399088221439,0.9016274444099694
2020-02-27,0.7846670746803284,0.11950149665072005,0.06976191699504852,0.00311639785800131,0.003244217268911418,0.9802911034530097
2020-02-28,0.7731484174728394,0.10931044919460335,0.0721018984913826,0.003147838248890295,0.0026306136859808094,0.9603392170936964
2020-02-29,0.843220055103302,0.13487161517598215,0.09832163900136948,0.0038344536320303905,0.006428823345255362,1.0866765862579395
2020-03-01,0.7284086346626282,0.12178451431011092,0.0710841491818428,0.0034391940055942074,0.0036633422124005824,0.9283798343725768
2020-03-02,0.7428356409072876,0.09359678350089863,0.07019145041704178,0.0031807838021071185,0.002292035012265781,0.9120966936396009
2020-03-03,0.7896063327789307,0.11906133007629638,0.0742783471941948,0.003388329425427019,0.004490459070168282,0.9908247985450171
2020-03-04,0.68846195936203,0.10029961915243668,0.06473566591739655,0.003175941128721151,0.002486437323244055,0.8591596228838284
2020-03-05,0.6166659593582153,0.09215241750943427,0.06609322130680084,0.003295594722273251,0.002692187525550665,0.7808993804222744
2020-03-06,0.6554926633834839,0.11262024135188767,0.07151242345571518,0.003281672699436058,0.0033667251641729744,0.8462737260546958
2020-03-07,0.6166659593582153,0.1072712268424845,0.0674624815583229,0.0035117785368728818,0.003512146888607391,0.798423593184503
2020-03-08,0.6119087934494019,0.08550312066016545,0.07138365507125854,0.0032681720326689406,0.0026463058836653642,0.7747100470971601
2020-03-09,0.6042308211326599,0.08460320295613384,0.06699550151824951,0.0032050946290330565,0.0025490497806038947,0.7615836700166803
2020-03-10,0.6166659593582153,0.0894544267878347,0.06969435513019562,0.003349574073415236,0.0029323615667589983,0.7820966769164198
2020-03-11,0.6103367209434509,0.09082604138936426,0.07154110074043274,0.003633004090018015,0.0034482454143768136,0.7797851125776427
2020-03-12,0.5892505645751953,0.09082648246531128,0.06333377957344055,0.003808558760412732,0.0038510314711550126,0.751070416845515
2020-03-13,0.6550425291061401,0.12563711977889103,0.08657528460025787,0.005330255207630855,0.008785611390183773,0.8813708000831036
2020-03-14,0.5892505645751953,0.11047524345663867,0.06621662527322769,0.004037410112099353,0.005321482732879563,0.7753013261500407
2020-03-15,0.621286153793335,0.10057077934627669,0.06507138162851334,0.0038686792199490545,0.004323868723614198,0.7951208627116882
2020-03-16,0.6013771295547485,0.10483293872833967,0.06664533913135529,0.003909672717497289,0.0046341361954732535,0.781399216327414
2020-03-17,0.6166185736656189,0.09676397853421735,0.07270081341266632,0.00394386657258229,0.0046746141054193995,0.7947018462905042
2020-03-18,0.6844252943992615,0.09959241351669641,0.06904713064432144,0.003968422299710845,0.0050625004343887205,0.8620957612943789
2020-03-19,0.6706240773200989,0.0979063435081294,0.06774912774562836,0.004055168271173945,0.005046279113053691,0.8453809959580842
2020-03-20,0.6675078868865967,0.12023395620401994,0.06793339550495148,0.004645791589887027,0.0072190466038671896,0.8675400767893223
2020-03-21,0.6781484484672546,0.10245015688575648,0.06752780079841614,0.00408595314468231,0.005536483319049318,0.8577488426151589
2020-03-22,0.6781484484672546,0.09722921935264817,0.06966697424650192,0.004005311174547058,0.004971073397433122,0.8540210266383849
2020-03-23,0.6672313213348389,0.09721101692423532,0.06846755743026733,0.003928167571853386,0.004973536182078339,0.8418115994432732
2020-03-24,0.7306525111198425,0.09838293159995977,0.09908869862556458,0.003921291527997511,0.005217916513197967,0.9372633493865623
2020-03-25,0.7340635061264038,0.09807883893246623,0.1084585040807724,0.003780765218110148,0.00530421587737155,0.9496858302351241
2020-03-26,0.7426073551177979,0.1004078184271678,0.11109158396720886,0.003947215910071601,0.005452424089136529,0.9635063975113827
2020-03-27,0.8293760418891907,0.12864836898291887,0.12878617644309998,0.005058592802861343,0.00986825239738883,1.1017374325154596
2020-03-28,0.733375608921051,0.11745661815682788,0.076280876994133,0.004284279348641115,0.007414387775594367,0.9388117711962473
2020-03-29,0.7454009652137756,0.10929697948256008,0.07599663734436035,0.004192867453744638,0.0056231509532249585,0.9405106004476657
2020-03-30,0.7454009652137756,0.1172454379583391,0.07829199731349945,0.004577505595121005,0.00780091204622967,0.9533168181269649
2020-03-31,0.7633724212646484,0.11787108033322553,0.1388215571641922,0.004888891847589472,0.008597994131921109,1.0335519447415769
2020-04-01,0.8913136124610901,0.12991485529847197,0.12780174612998962,0.006040579715985995,0.012107344218407567,1.1671781378239452
2020-04-02,0.8913136124610901,0.12407169775483727,0.15949958562850952,0.007999895499506469,0.01519173960708852,1.1980765309510317
2020-04-03,0.9908319115638733,0.1485175033858356,0.16584423184394836,0.01020319303891906,0.02254348949718661,1.337940329329763
2020-04-04,0.8099026679992676,0.1270926400438345,0.08639294654130936,0.01266308295352522,0.016559126591391672,1.0526104641293283
2020-04-05,0.8042317628860474,0.15977552644702678,0.09752221405506134,0.011220634183885607,0.021157985897169464,1.0939081234691905
2020-04-06,0.7460047006607056,0.16548831034817793,0.11325393617153168,0.013928953518966829,0.02167934479319889,1.0603552454925809
2020-04-07,0.7193551063537598,0.12952702417373613,0.08382246643304825,0.011000960437833591,0.014097159640380903,0.9578027170387586
2020-04-08,0.7639808654785156,0.12492632335463867,0.09244385361671448,0.009529888795703012,0.012081018032302781,1.0029619492778747
2020-04-09,0.8183563351631165,0.12907739480504288,0.093318872153759,0.008517910771378239,0.010016139094924745,1.0592866519882214
2020-04-10,0.7981284856796265,0.12884330636142366,0.08664200454950333,0.008918865993024567,0.011139483907857548,1.0336721464914356
2020-04-11,0.7981284856796265,0.12418068135727595,0.08409979194402695,0.008289964765921618,0.009378087145728077,1.024077010892579
2020-04-12,0.7549303770065308,0.12416045292086628,0.08409979194402695,0.007746868145212416,0.008430994203667434,0.9793684842203039
2020-04-13,0.7044527530670166,0.11371345862955644,0.08468621224164963,0.007630290251595681,0.008229284017714429,0.9187119982075327
2020-04-14,0.7831648588180542,0.11614449592305551,0.08755870908498764,0.007260642752841515,0.007952184750582863,1.0020808913295218
2020-04-15,0.7575319409370422,0.11835346220237032,0.08755870908498764,0.006641982956818339,0.008106833323322836,0.9781929285045414
2020-04-16,0.7862205505371094,0.1416273370365904,0.09524953365325928,0.007947940867707348,0.011861759251746094,1.0429071213464125
2020-04-17,0.8128091096878052,0.14412100131277536,0.12993685901165009,0.006528306072000941,0.012147345374524495,1.105542621458756
2020-04-18,0.8128091096878052,0.13618640510272295,0.13450372219085693,0.006227876667553501,0.009770336162972649,1.099497449811911
2020-04-19,0.8128091096878052,0.13796885667807446,0.1356419324874878,0.005428775680477773,0.010659577632391462,1.1025082521662368
2020-04-20,0.7867007851600647,0.14013344787081952,0.11585843563079834,0.00583512328246535,0.011032861304028757,1.0595606532481767
2020-04-21,0.8167300820350647,0.13072235464707568,0.11648478358983994,0.0050509319954042484,0.008718798288695047,1.0777069505560797
2020-04-22,0.8167300820350647,0.1273916159094689,0.11414606124162674,0.00564749269146861,0.010908478397454947,1.074823730275084
2020-04-23,0.8167300820350647,0.13174994558783365,0.11372072994709015,0.005598349466654101,0.009920506297367961,1.0777196133340106
2020-04-24,0.7867007851600647,0.1272359290659178,0.12475157529115677,0.005782916055238953,0.011201355278553569,1.0556725608509316
2020-04-25,0.7867007851600647,0.12861479496798892,0.1258293092250824,0.005626614164971999,0.010945176749974986,1.057716680268083
2020-04-26,0.874538779258728,0.15394448798939966,0.16691142320632935,0.007045945639772957,0.0179748779027024,1.2204155139969324
2020-04-27,0.7736676335334778,0.13667811558546678,0.09339748322963715,0.00801963964039252,0.016119632415314073,1.0278825044042883
2020-04-28,0.7611862421035767,0.13157518707239563,0.08429388701915741,0.005704665190549473,0.011635047339709657,0.9943950287253888
2020-04-29,0.7489322423934937,0.139101157973186,0.08803457766771317,0.008408127051225674,0.01650290606471205,1.0009790111503305
2020-04-30,0.7736676335334778,0.15013367426852733,0.08465268462896347,0.009920292725305242,0.01845810239036259,1.0368323875466363
2020-05-01,0.8179378509521484,0.1479762981699078,0.08836525678634644,0.009277566970631587,0.01765033111364708,1.0812073039926813
2020-05-02,0.8565000891685486,0.15688473145939313,0.08710566908121109,0.010355416561122717,0.020622835068197787,1.1314687413384734
2020-05-03,0.7858690023422241,0.14124980554865088,0.08287429064512253,0.008493963073134084,0.016792961460077575,1.035280023069209
2020-05-04,0.8179378509521484,0.13970901007040135,0.08465268462896347,0.007356960962179379,0.015210261952435532,1.064866768566128
2020-05-05,0.7896794676780701,0.14731395842501985,0.08895144611597061,0.00822157075266197,0.0163976143891146,1.0505640573608372
2020-05-06,0.883110761642456,0.16890009779209372,0.08523600548505783,0.011420504427118821,0.026134643711834306,1.1748020130585608
2020-05-07,0.8908289670944214,0.15916164324044488,0.12958231568336487,0.011515685723186902,0.022920120569772585,1.2140087323111906
2020-05-08,0.8231507539749146,0.1604004574802131,0.09035743772983551,0.010687031518046425,0.023082967527445125,1.1076786482304548
2020-05-09,0.8305541276931763,0.15778538216891708,0.09278634935617447,0.01527062522275556,0.026897806116297628,1.1232942905573209
2020-05-10,0.8042692542076111,0.17185651192431176,0.0931437537074089,0.017929838751141302,0.033706031404070254,1.1209053899945434
2020-05-11,0.8042692542076111,0.1864739213555468,0.09696344286203384,0.022739271304304646,0.03916968531571861,1.149615575045215
2020-05-12,0.753426730632782,0.1820418611369004,0.17989252507686615,0.022703929872684186,0.03948715290692155,1.1775521996261542
2020-05-13,0.7893728017807007,0.17154023862403947,0.17007018625736237,0.024376354773798698,0.049565867061633274,1.2049254484975345
2020-05-14,0.9045585989952087,0.2149327826994081,0.2151160091161728,0.02644382618971512,0.050379437788598457,1.4114306547891031
2020-05-15,0.8795477747917175,0.27604480480698634,0.10918015241622925,0.025050638097260033,0.04515993077412833,1.3349833008863214
2020-05-16,0.9652847051620483,0.29137926650471396,0.11750132590532303,0.025753863835797704,0.04544610912303478,1.4453652705309177
2020-05-17,1.0888962745666504,0.33185414547777875,0.11920424550771713,0.02830599629273889,0.046263373061442,1.614524034906327
2020-05-18,1.1411635875701904,0.38784027661763115,0.11680092662572861,0.030447635625455383,0.05108491892135686,1.7273373453603627
2020-05-19,1.1491385698318481,0.5217838905791692,0.1174325942993164,0.0316446318116519,0.05433972566949039,1.874339412191476
2020-05-20,1.0716454982757568,0.536350526293113,0.12043724209070206,0.031877098308200756,0.05681577255191986,1.8171261375196925
2020-05-21,1.0863244533538818,0.5769497544335207,0.13235345482826233,0.03219328555813276,0.05505349138520614,1.8828744395590038
2020-05-22,1.0588345527648926,0.5559541156505252,0.1218266710639,0.033426489336257234,0.05577699289389389,1.8258188217094689
2020-05-23,0.949594259262085,0.6537344073376483,0.13189581036567688,0.03787261448933544,0.05782703237522309,1.8309241238299687
2020-05-24,0.949594259262085,0.6426011485689902,0.1374230682849884,0.03850530577268189,0.05720382635775263,1.825327608246498
2020-05-25,0.9568796753883362,0.6193390171001558,0.15543025732040405,0.039091104682145335,0.05682525471543724,1.8275653092064787
2020-05-26,0.9282656311988831,0.6000709319850699,0.1711672842502594,0.03939980713838823,0.05620007470151645,1.7951037292741172
2020-05-27,0.9420971870422363,0.6062255512888302,0.1733056753873825,0.045422837896983814,0.06136440156903071,1.8284156531844635
2020-05-28,0.8997569680213928,0.6367441204157411,0.19030912220478058,0.04474882483693736,0.06030818644120156,1.8318672219200536
2020-05-29,0.8997569680213928,0.6446262124852875,0.20864515006542206,0.04495930901844056,0.05816893537822471,1.8561565749687676
2020-05-30,0.865398645401001,0.6359175061172253,0.2021813690662384,0.04605407538378266,0.06187618352665464,1.8114277794949019
2020-05-31,1.0311627388000488,0.6508683730506382,0.22070743143558502,0.04649931090569187,0.06466217374823068,2.0139000279401946
2020-06-01,1.0644148588180542,0.7710624991920945,0.20766930282115936,0.04793479224626822,0.07212594285206572,2.163207395929642
2020-06-02,1.0644148588180542,0.7974342315654901,0.2072574943304062,0.04840296791518392,0.0762216853689251,2.1937312379980596
2020-06-03,1.0429686307907104,0.857870714532774,0.22544074058532715,0.048911514183888435,0.08206038297120562,2.2572519830639055
2020-06-04,1.0620535612106323,0.8102490867985532,0.20456759631633759,0.0489423309556968,0.08181786103406848,2.2076304363152883
2020-06-05,1.0620535612106323,0.8148467957382659,0.19466188549995422,0.0490291177129007,0.08451754823486428,2.205108908396617
2020-06-06,1.047702670097351,0.8131210734040233,0.19256599247455597,0.04890423510001173,0.08438022084997798,2.1866741919259196
2020-06-07,1.0593560934066772,0.7936633894598688,0.17425638437271118,0.04788828240778623,0.08413891526292187,2.1593030649099654
2020-06-08,1.0353991985321045,0.724428883713397,0.15627536177635193,0.047150411155004825,0.0829000185774674,2.0461538737543257
2020-06-09,1.0852099657058716,0.6613332548929807,0.16510993242263794,0.04659490365712239,0.08281569825267485,2.0410637549312876
2020-06-10,1.1175906658172607,0.6171909576813113,0.15319640934467316,0.045910892943434825,0.08271132192884977,2.01660024771553
2020-06-11,1.1019097566604614,0.6460812923600749,0.1609383076429367,0.045363799041941766,0.08097687847841893,2.0352700341838337
2020-06-12,1.0342594385147095,0.6074488321652063,0.16186760365962982,0.037730777309959634,0.07282659155894193,1.914133243208447
2020-06-13,1.0567001104354858,0.5110284283399422,0.163064643740654,0.03445251366414611,0.06627354634644095,1.831519242526669
2020-06-14,1.1342359781265259,0.49182266552947584,0.16430047154426575,0.032522304220189945,0.0600267382706261,1.8829081576910836
2020-06-15,1.0235774517059326,0.49286979829010835,0.17799854278564453,0.031697222379963176,0.05329452438827365,1.7794375395499225
2020-06-16,0.9761209487915039,0.480535259223971,0.1833333820104599,0.032106793764839374,0.05337512219969884,1.7254715059904728
2020-06-17,1.037746787071228,0.4900292192307337,0.18909239768981934,0.03286946482308346,0.054353611510832796,1.8040914803256973
2020-06-18,1.0896122455596924,0.551315746092329,0.19484958052635193,0.03395484022866719,0.0635953834958114,1.9333277959028519
2020-06-19,1.1612813472747803,0.5779554901462587,0.19667644798755646,0.03478765547715467,0.06728152817780216,2.0379824690635524
2020-06-20,1.1801384687423706,0.6388584201878296,0.19883623719215393,0.034997970827628844,0.06804456319865787,2.1208756601486405
2020-06-21,1.161217451095581,0.5951041762898988,0.1907411366701126,0.03642971923172624,0.05863563500800888,2.0421281182953277
2020-06-22,1.161217451095581,0.5075921232913003,0.19640286266803741,0.0321303758571117,0.052529159302979314,1.9498719722150097
2020-06-23,1.2059706449508667,0.5842059847690984,0.19250740110874176,0.03434509629249226,0.056112277468466434,2.0731414045896654
2020-06-24,1.2961668968200684,0.47238727306094064,0.18333536386489868,0.03386815783984003,0.052781822947092404,2.03853951453284
2020-06-25,1.284058928489685,0.42871701543623963,0.1792880892753601,0.033184313833274685,0.05179995535060564,1.977048302385165
2020-06-26,1.1730248928070068,0.4092094830641461,0.18615196645259857,0.03195998233423328,0.04503973715851333,1.8453860618164983
2020-06-27,0.9974896311759949,0.38264982798385266,0.17047551274299622,0.030325444907623088,0.038645401372128546,1.6195858181825953
2020-06-28,0.9974406361579895,0.37512060840696043,0.1645042449235916,0.029401028935055525,0.03710182685108654,1.6035683452746836
2020-06-29,0.9974406361579895,0.3699800639243492,0.16152556240558624,0.028854833283645607,0.037706309804863065,1.5955074055764336
2020-06-30,1.0313798189163208,0.37071831278746054,0.14677628874778748,0.029109239948650865,0.03721857212320766,1.6152022325234272
2020-07-01,1.050937533378601,0.366091289365475,0.15344583988189697,0.0294027764995143,0.036664180054487655,1.636541619179975
2020-07-02,1.0126804113388062,0.3554191577609068,0.15505149960517883,0.02810853719867429,0.03019857957557644,1.5814581854791425
2020-07-03,1.0508040189743042,0.3612728022958543,0.18185916543006897,0.029093643184237943,0.03239094386763366,1.655420573752099
2020-07-04,1.088179588317871,0.37969428175230996,0.15343117713928223,0.031376738865102075,0.038382680461760785,1.6910644665363261
2020-07-05,1.2438031435012817,0.407397432554863,0.15024486184120178,0.03302231550181785,0.05512449933331334,1.8895922527324778
2020-07-06,1.1789408922195435,0.43081681194376104,0.12902094423770905,0.03166436028653531,0.051137492600680914,1.8215805012882298
2020-07-07,1.156788945198059,0.3760030935398717,0.11606919765472412,0.02890657662628117,0.04794999507321728,1.7257178080921534
2020-07-08,1.0516152381896973,0.3524347671655347,0.11790399253368378,0.02769837723660021,0.043627339104926166,1.5932797142304422
2020-07-09,1.549912929534912,0.3461349907615228,0.1406945437192917,0.027511595698178185,0.04237950745677458,2.1066335671706797
2020-07-10,1.059064507484436,0.33891160426010924,0.11239948868751526,0.027867890791720352,0.04205638904440182,1.5802998802681827
2020-07-11,1.058127522468567,0.394309319047076,0.11834025382995605,0.029796754197036906,0.04881269297073479,1.649386542513371
2020-07-12,1.3715516328811646,0.3679382593530088,0.10886430740356445,0.02768819360006232,0.043654746555913476,1.9196971397937135
2020-07-13,0.9735087752342224,0.3370169738982921,0.11416517198085785,0.027637709503933943,0.0372490948402145,1.4895777254575207
2020-07-14,1.0537710189819336,0.35689302248932553,0.11616833508014679,0.028053594938669962,0.035448439641950345,1.5903344111320261
2020-07-15,1.0598998069763184,0.3672674526786358,0.10795842111110687,0.030269944109847617,0.038426942807749054,1.6038225676836577
2020-07-16,1.0348552465438843,0.32893500486002303,0.10344429314136505,0.029268351153016348,0.031827053032404615,1.5283299487306932
2020-07-17,0.970636785030365,0.30656135662670436,0.10283797979354858,0.025315919788079375,0.028710141377607742,1.4340621826163051
2020-07-18,0.8741694092750549,0.25517574526397696,0.09912189096212387,0.01900093739819145,0.02297971846381375,1.270447701363161
2020-07-19,0.8816824555397034,0.2443176842804651,0.09181360900402069,0.017324612844491025,0.021805634072727148,1.2569439957414072
2020-07-20,0.9153828024864197,0.24754170763440958,0.09798724949359894,0.01626349889668688,0.022246095908971617,1.2994213544200865
2020-07-21,0.8419864177703857,0.27081882810706276,0.09791471064090729,0.017787878722596212,0.02583187782168499,1.254339713062637
2020-07-22,0.9156279563903809,0.2932676501912562,0.1064530462026596,0.021264652645939797,0.028806868303715653,1.3654201737339522
2020-07-23,0.9155824780464172,0.31071179345749633,0.09961799532175064,0.022459340905237934,0.03411681896838376,1.382488426699286
2020-07-24,1.084109902381897,0.3741204114279243,0.11820606142282486,0.027177273361815482,0.03394061167162196,1.6375542602660833
2020-07-25,1.1843194961547852,0.3656151780834234,0.12236861884593964,0.02891875652069926,0.03591270905869984,1.7371347586635473
2020-07-26,1.2235498428344727,0.3984136811409224,0.13626466691493988,0.029093776280925267,0.03914789095543871,1.8264698581266992
2020-07-27,1.4484405517578125,0.4197820359048318,0.1596708744764328,0.030475517948823198,0.03854771941967507,2.0969166995075756
2020-07-28,1.5140657424926758,0.5062603813358697,0.21576173603534698,0.03442819453678943,0.041344000097909055,2.3118600544985908
2020-07-29,1.885786771774292,0.5010448271593679,0.23026156425476074,0.03454116174367174,0.041088572142352314,2.692722897074445
2020-07-30,1.8278710842132568,0.4754190035413125,0.19574080407619476,0.03480313359821667,0.04427723387519673,2.5781112593041775
2020-07-31,1.9600484371185303,0.45463127940133946,0.23700644075870514,0.03403451829916514,0.04271640430480195,2.728437079882542
2020-08-01,1.9949144124984741,0.42816004532818175,0.16603988409042358,0.031356443468421126,0.036449374607863995,2.6569201599933647
2020-08-02,1.5887120962142944,0.3826592891389082,0.1286238431930542,0.028951354532844167,0.030200758779029332,2.15914734185813
2020-08-03,1.2449853420257568,0.3634936272433415,0.1318967193365097,0.02477255996888205,0.026799788929610005,1.7919480375041001
2020-08-04,1.3605482578277588,0.3657707594880496,0.12826313078403473,0.024900908787345893,0.029807154019127716,1.909290210906317
2020-08-05,1.2172071933746338,0.3720217895557089,0.1292354017496109,0.026283461320247465,0.032539604556893184,1.7772874505570941
2020-08-06,1.2849913835525513,0.3638506571053695,0.14817067980766296,0.026948421761528972,0.03092366542994884,1.8548848076570614
2020-08-07,1.2377451658248901,0.37340747919753026,0.15178070962429047,0.028150727433155068,0.032143191605537864,1.823227273685404
2020-08-08,1.3937263488769531,0.4233106374622715,0.16763128340244293,0.029130935128875497,0.03596345517737599,2.049762660047919
2020-08-09,1.7270888090133667,0.43838152170858846,0.15478868782520294,0.029871338523094655,0.03878877187019374,2.388919128940447
2020-08-10,1.7270888090133667,0.45217346476170844,0.16646505892276764,0.0294722552530622,0.04111691960059757,2.4163165075515027
2020-08-11,1.5770453214645386,0.51739959213505,0.16052421927452087,0.029744310366054245,0.041461582537409586,2.326175025777573
2020-08-12,1.8141250610351562,0.6082007911904239,0.17894680798053741,0.031430737345479194,0.039462287712093466,2.6721656852636904
2020-08-13,1.8141250610351562,0.46260033869291595,0.17569445073604584,0.029544662609115657,0.03704626538198877,2.5190107784552227
2020-08-14,1.772513747215271,0.41214819761692134,0.17927362024784088,0.028526151072602566,0.035405131917320316,2.4278668480699563
2020-08-15,1.6448739767074585,0.3791498498704966,0.16945341229438782,0.02679938124966425,0.03280413311221514,2.2530807532342223
2020-08-16,1.6981568336486816,0.39965392738985955,0.17521384358406067,0.027828623034603452,0.03560421134730758,2.3364574390045125
2020-08-17,1.2095882892608643,0.37899166670683077,0.13075967133045197,0.02844106951083052,0.0308561072141438,1.7786368040231213
2020-08-18,1.0772427320480347,0.37454843780464614,0.12626135349273682,0.02753040792009654,0.02895651005118599,1.6345394413167003
2020-08-19,1.1317527294158936,0.3726500176643576,0.13050977885723114,0.02875455934157487,0.03290245254021409,1.6965695378192713
2020-08-20,1.2852327823638916,0.4111985306279799,0.13275864720344543,0.029963597800381145,0.04042650761354428,1.8995800656092425
2020-08-21,1.2567048072814941,0.45498724796543266,0.13011036813259125,0.02964558879505161,0.041627862950175905,1.9130758751247454
2020-08-22,1.401329517364502,0.4642497074150328,0.13499043881893158,0.030975762877129526,0.05128732221230121,2.0828327486878973
2020-08-23,2.1542577743530273,0.5523004135864442,0.15065614879131317,0.032050050203033,0.051279222180624466,2.9405436091144423
2020-08-24,2.101018190383911,0.5630954344848045,0.13725115358829498,0.040217182151331146,0.05336903088647999,2.8949509914948215
2020-08-25,2.034550666809082,0.5771196741970985,0.16708190739154816,0.04214104397083404,0.05646747559315727,2.8773607679617204
2020-08-26,2.1542577743530273,0.6360444371636347,0.17067930102348328,0.042572166882614344,0.05629714410199006,3.0598508235247497
2020-08-27,2.464310646057129,0.6402439107605078,0.20994018018245697,0.04480628137663732,0.06164567722821416,3.4209466956049455
2020-08-28,2.4091832637786865,0.747845068347744,0.2420429140329361,0.04469271955852662,0.06317177280489529,3.5069357385227886
2020-08-29,2.366079568862915,0.7550787474284262,0.25081169605255127,0.04501457885046947,0.061140058198251766,3.4781246493926137
2020-08-30,2.116726875305176,0.6893423773552729,0.1647702008485794,0.044860192200328115,0.05853059071332091,3.0742302364226775
2020-08-31,2.334012746810913,0.6393211288563043,0.22679027915000916,0.04510105255899688,0.055428624640092614,3.300653832016316
2020-09-01,2.161851167678833,0.5827417968539197,0.22438107430934906,0.04024779504867862,0.05041076558410736,3.059632599474888
2020-09-02,1.8795921802520752,0.4579099860587602,0.2568514347076416,0.035765758827685595,0.048295149032854784,2.6784145088790177
2020-09-03,1.5552217960357666,0.42993066603707414,0.1477048695087433,0.034906013838503225,0.04047598648336402,2.2082393319034512
2020-09-04,1.3887789249420166,0.42553317139397073,0.14533047378063202,0.03480207530837135,0.04431702640684613,2.038761671831837
2020-09-05,1.5136237144470215,0.4456161901401901,0.1531098484992981,0.03654192294909002,0.04143800394569905,2.190329679981299
2020-09-06,1.750465750694275,0.48029907245476566,0.16806432604789734,0.03652421778876585,0.05126406110580885,2.4866174280915128
2020-09-07,1.9750899076461792,0.5493235339588827,0.19569449126720428,0.03763892868401474,0.0562993225666427,2.814046184122924
2020-09-08,2.2176835536956787,0.5953883926290899,0.1918238252401352,0.03780744411752435,0.059021709679159456,3.1017249253615877
2020-09-09,2.2934272289276123,0.7327535495319906,0.23042535781860352,0.042061094487627876,0.06289286410189988,3.361560094867734
2020-09-10,2.258199691772461,0.8428081461126029,0.21326544880867004,0.04749615476498137,0.06921508105377827,3.4309845225124933
2020-09-11,2.3581485748291016,0.7859996632709954,0.2568294107913971,0.04709994742257919,0.06781783605509865,3.515895432369172
2020-09-12,2.0725643634796143,0.8354527946124344,0.18099798262119293,0.047548768682194466,0.06584144151717362,3.20240535091261
2020-09-13,1.474662184715271,0.8857249888469019,0.15808379650115967,0.0415850058826189,0.0661152283118065,2.6261712042577576
2020-09-14,1.474662184715271,0.9247621212308057,0.165866881608963,0.0417833783446487,0.06902144209015033,2.676096007989839
2020-09-15,1.8587371110916138,0.9358426994687363,0.24010984599590302,0.04717723744895641,0.07400279705593864,3.1558696910611483
2020-09-16,1.7054272890090942,0.9733458494490048,0.18689724802970886,0.04575380269847606,0.07122639997742304,2.9826505891637067
2020-09-17,1.629593849182129,0.9260766141746255,0.18995024263858795,0.039390751854427634,0.06931104918090147,2.8543225070306715
2020-09-18,1.629593849182129,0.917268144230799,0.20128373801708221,0.045025647833762276,0.06808568610587848,2.8612570653696503
2020-09-19,1.5987818241119385,0.8806911607981391,0.19078880548477173,0.04581070469703427,0.06822269104340468,2.7842951861352883
2020-09-20,1.7331351041793823,0.871560290011989,0.19640913605690002,0.04753843218178227,0.06631850293141574,2.9149614653614697
2020-09-21,1.5987818241119385,0.8799053579753737,0.18764011561870575,0.046033527293603924,0.06975120122360454,2.7821120262232264
2020-09-22,1.4986207485198975,0.870852420102967,0.19049949944019318,0.04538781161721653,0.06760012739271361,2.6729606070729877
2020-09-23,1.6928523778915405,0.8419572986941117,0.2051849514245987,0.040758320471250574,0.06471898284397705,2.845471931325479
2020-09-24,1.573285698890686,0.6764377870377423,0.19471630454063416,0.035756182160947926,0.057169273532232875,2.5373652461622433
2020-09-25,1.40886652469635,0.6657937568578063,0.1803242415189743,0.03551387291399302,0.05354447360329373,2.3440428695904174
2020-09-26,1.8922563791275024,0.7332424209639281,0.19210416078567505,0.037094836767374385,0.06281115133368123,2.917508948978161
2020-09-27,2.018726110458374,0.7862264201324014,0.19210416078567505,0.03683213055525323,0.06390193503012663,3.0977907569618304
2020-09-28,1.7574703693389893,0.7474190394651736,0.17792926728725433,0.03643634604807411,0.061927889214130546,2.781182911353622
2020-09-29,1.9041807651519775,0.7236696104717864,0.18588745594024658,0.03350921676059612,0.060094066125013744,2.90734111444962
2020-09-30,1.911065936088562,0.6829936667250087,0.18845634162425995,0.032528738750804205,0.058328437742853366,2.8733731209314883
2020-10-01,2.222508668899536,0.8024371863577846,0.20639482140541077,0.038875932450954796,0.05902635025386366,3.3292429593675497
2020-10-02,2.1336872577667236,0.824456263185241,0.24904443323612213,0.040388347719981205,0.06140478031766904,3.3089810822257375
2020-10-03,2.1851298809051514,0.8161800290621648,0.2862868309020996,0.03982625002260745,0.06490603676923411,3.3923290276612574
2020-10-04,2.217689275741577,0.8089914545132608,0.2655077278614044,0.04386145833493062,0.06973027403570752,3.40578019048688
2020-10-05,2.217689275741577,0.7034641818732079,0.22857362031936646,0.04065272709533109,0.06799373912771393,3.258373544157197
2020-10-06,2.267883539199829,0.6437197581552325,0.21176081895828247,0.03708317673973007,0.06598569920101753,3.2264329922540917
2020-10-07,2.4728100299835205,0.6405070004629889,0.20818522572517395,0.03773859181945023,0.06515720361478793,3.424398051605922
2020-10-08,2.232332706451416,0.643532596902584,0.20933109521865845,0.038205201071379195,0.06233874612436262,3.1857403457684
2020-10-09,2.1690618991851807,0.7802385822906275,0.21497373282909393,0.04710677067228712,0.06512122026499953,3.276502205242189
2020-10-10,2.09428071975708,0.8678680105970615,0.2313060164451599,0.0492050182876985,0.06934300810707636,3.3120027731940764
2020-10-11,2.2961978912353516,0.9074081940024752,0.25086677074432373,0.045950852614450866,0.0668759160649463,3.5672996246615476
2020-10-12,2.294795274734497,0.8766230269417932,0.26548245549201965,0.046380212126397986,0.06543124840833252,3.54871221770304
2020-10-13,2.3084828853607178,0.8877119363098258,0.25696834921836853,0.04912935604155887,0.06247217966590935,3.56476470659638
2020-10-14,2.3084828853607178,0.9274081862410113,0.19691266119480133,0.04709922597712394,0.06362320801556783,3.543526166789222
2020-10-15,2.3372905254364014,0.6509846158505279,0.22058089077472687,0.03787124098171377,0.061838448527211425,3.3085657215705813
2020-10-16,2.36726975440979,0.688389652690218,0.23213490843772888,0.038107532950043196,0.060027419881676335,3.385929268369457
2020-10-17,2.28023099899292,0.6071262235126185,0.22691810131072998,0.039426317670226814,0.06077967682660816,3.214481318313103
2020-10-18,2.2313876152038574,0.610282192684156,0.21206291019916534,0.03947195994254845,0.06450610907001397,3.157710787099741
2020-10-19,2.178856134414673,0.5412544093543075,0.17586253583431244,0.03747962360093912,0.06061492700242571,2.9940676302066573
2020-10-20,2.178856134414673,0.5721748670128057,0.19391882419586182,0.0379594396044777,0.06354913866168256,3.046458403889501
2020-10-21,2.3581714630126953,0.7506547325054247,0.26103490591049194,0.04252099468766178,0.06482946634770881,3.4772115624639826
2020-10-22,2.3929545879364014,0.7501800303649719,0.21184106171131134,0.046845018340117624,0.06566605871824854,3.4674867570710513
2020-10-23,2.394958972930908,0.7475223797414545,0.21269206702709198,0.04704039197350776,0.06527314041906013,3.4674869520920226
2020-10-24,2.4333086013793945,0.7539501547696292,0.19499030709266663,0.0485848058449455,0.0664027098177278,3.4972365789043636
2020-10-25,2.4333086013793945,0.6906216564440548,0.22015337646007538,0.04789088778447117,0.06522326843847728,3.457197790506473
2020-10-26,2.39593243598938,0.7031576600337897,0.2222912609577179,0.04858098610238471,0.06703823747572815,3.4370005805590003
2020-10-27,2.491084098815918,0.7240056564914055,0.2457583248615265,0.04946881437987697,0.06648575013395146,3.576802644682678
2020-10-28,2.5965240001678467,0.830610342454797,0.24700067937374115,0.049482054893113386,0.06780082803167495,3.791417904921173
2020-10-29,2.5965240001678467,0.8404718269242175,0.26179060339927673,0.050626205131454646,0.06977505281643273,3.8191876884392286
2020-10-30,2.8112900257110596,0.927754133770226,0.27375879883766174,0.05086025766213725,0.072484107506742,4.136147323487827
2020-10-31,2.8112900257110596,0.8704142587452954,0.26492518186569214,0.05038806067772267,0.06984782654524135,4.066865353545012
2020-11-01,2.500694513320923,0.8048580834288355,0.24180005490779877,0.049037640156326875,0.06873014427197069,3.665120436085855
2020-11-02,2.787929058074951,0.7508643959578369,0.1830461025238037,0.04363528491421386,0.06227292379116932,3.827747765261975
2020-11-03,2.51246976852417,0.5420414530825688,0.16929654777050018,0.03574273130061377,0.056683282101820213,3.316233782779673
2020-11-04,2.2118375301361084,0.4813943089062072,0.1665073186159134,0.034457605659308804,0.054188088147200726,2.948384851464738
2020-11-05,2.0906929969787598,0.4801697683205221,0.16069947183132172,0.034473676096904625,0.05279455053039558,2.8188304637579034
2020-11-06,1.8460975885391235,0.49852781388737755,0.1761326640844345,0.036983197361425045,0.05596815007232226,2.613709413944683
2020-11-07,2.1453139781951904,0.5476521023357614,0.18168172240257263,0.036666891499356355,0.062010025302544444,2.9733247197354253
2020-11-08,2.20035982131958,0.5648125298109699,0.18554726243019104,0.036255679519615,0.061725983805157446,3.0487012768855135
2020-11-09,2.7783203125,0.6456478896754896,0.20648889243602753,0.037451589876853576,0.06288602240381083,3.7307947068921816
2020-11-10,2.6071622371673584,0.6783204935934324,0.17677079141139984,0.044854612782745766,0.06285292251641342,3.5699610574713496
2020-11-11,2.561595916748047,0.6881306385757071,0.20568357408046722,0.04643115832590656,0.0628329601396242,3.564674247869752
2020-11-12,2.611384153366089,0.678573186266024,0.18953582644462585,0.045499149996840925,0.06075401133893251,3.5857463274125125
2020-11-13,2.2477333545684814,0.6187577945340552,0.18288591504096985,0.044061696364118476,0.052618879431200145,3.146057639938825
2020-11-14,2.259929656982422,0.48427330877348557,0.17998060584068298,0.03523941636104906,0.04693883495599245,3.0063618229136315
2020-11-15,2.2798335552215576,0.39317810707929024,0.21224911510944366,0.034776369288949054,0.046684764342720377,2.9667219110419607
2020-11-16,2.188656806945801,0.37218913667169296,0.18624404072761536,0.033293534798014536,0.041589704917707145,2.8219732240608306
2020-11-17,2.0884323120117188,0.33694572537659195,0.15850187838077545,0.02991163051020786,0.038882401584512546,2.652673947863806
2020-11-18,1.7815464735031128,0.3526722843431895,0.15797975659370422,0.030496115681294362,0.044493314998322576,2.3671879451196234
2020-11-19,1.3395572900772095,0.38989892552592653,0.1476198434829712,0.03259838154961385,0.05241795993319326,1.9620924005689144
2020-11-20,1.305811882019043,0.3642608893248768,0.13312825560569763,0.03273231724757066,0.04945177144643996,1.885385115643628
2020-11-21,1.305811882019043,0.3464969413299481,0.13532733917236328,0.03015799600868863,0.05151220581527412,1.8693063643453172
2020-11-22,1.360210657119751,0.32670500041601075,0.1365380734205246,0.029269712859151403,0.050548372638263034,1.9032718164537008
2020-11-23,1.7651031017303467,0.31785794743501383,0.12862010300159454,0.02809840779807676,0.04784714082098647,2.2875267007860183
2020-11-24,1.6607383489608765,0.3031616722295078,0.12653803825378418,0.026599995369027404,0.04698829087248222,2.164026345685678
2020-11-25,1.6900343894958496,0.292537434142912,0.12599919736385345,0.02586690485170878,0.04489342029741199,2.179331346151736
2020-11-26,1.600759506225586,0.26937454996483184,0.12549522519111633,0.025240534559260588,0.04434592778033996,2.0652157437211347
2020-11-27,1.9631249904632568,0.26722619941456344,0.12722867727279663,0.023842578544001018,0.04554904016106876,2.426971485855687
2020-11-28,1.9631249904632568,0.2830255216910245,0.12838797271251678,0.025083192673804825,0.05073866078215542,2.4503603383227586
2020-11-29,1.9290237426757812,0.2657418205196223,0.12902189791202545,0.02704881293984164,0.04830953821651189,2.3991458122637828
2020-11-30,1.5524919033050537,0.24476799219946546,0.12602770328521729,0.022630202496251958,0.04303249514906522,1.9889502964350536
2020-12-01,1.5753419399261475,0.2440863372894511,0.1254245936870575,0.022327625318725355,0.0407363820434723,2.0079168782648535
2020-12-02,1.6728662252426147,0.24634508694355103,0.12245480716228485,0.022970916182454962,0.0394811132554062,2.104118148786312
2020-12-03,1.6728662252426147,0.23728587503514514,0.12158560007810593,0.021954399798634252,0.037730860255839646,2.09142296041034
2020-12-04,1.6728662252426147,0.2415216507282638,0.116276815533638,0.022147982455156538,0.03909270111952842,2.0919053750792016
2020-12-05,1.696676254272461,0.24129484352590325,0.116276815533638,0.0222575794712604,0.040670967686429346,2.117176460489692
2020-12-06,1.641672134399414,0.24100461210064575,0.11924327909946442,0.02167021268084606,0.03982279162314045,2.063413029903511
2020-12-07,1.6820564270019531,0.23326076032023094,0.11320750415325165,0.021428431621450465,0.03914928931399414,2.0891024124108806
2020-12-08,1.3175376653671265,0.22977580474840859,0.11701541393995285,0.02004868467971671,0.03898739029951491,1.7233649590347195
2020-12-09,1.3373489379882812,0.27658111117966055,0.16380928456783295,0.015468801527246775,0.0468654928650711,1.8400736281280927
2020-12-10,1.0019594430923462,0.25686336211524446,0.11833500862121582,0.014891007220960125,0.044519064982822654,1.4365678860325892
2020-12-11,0.9419801235198975,0.23620919745730248,0.08958826959133148,0.013220992423636075,0.03808892619457623,1.3190875091867438
2020-12-12,1.0019594430923462,0.25682274700639685,0.10980957746505737,0.013657893639645313,0.041646573877504235,1.4238962350809499
2020-12-13,0.9013076424598694,0.2294071841536557,0.08258359879255295,0.011638439138370508,0.028533805043022352,1.253470669587471
2020-12-14,0.9198562502861023,0.21838158012258657,0.08306532353162766,0.01069843381090193,0.026766667881717415,1.2587682556329358
2020-12-15,0.9210364818572998,0.21289862201225326,0.08593633770942688,0.01014202762409975,0.02532824741316539,1.255341716616245
2020-12-16,0.9210364818572998,0.20682579864014897,0.09102971851825714,0.010036965714047458,0.024275703558879577,1.253204668288633
2020-12-17,0.9399911165237427,0.20676786823104232,0.09009325504302979,0.01100961303247803,0.02444640448476676,1.2723082573150595
2020-12-18,0.9443793892860413,0.20298664052299786,0.0917612612247467,0.010766990590996298,0.0241853942731951,1.2740796758979773
2020-12-19,1.001103401184082,0.2068346501723723,0.08529069274663925,0.010105930316195362,0.024726953804029388,1.3280616282233184
2020-12-20,1.0668127536773682,0.2112819632418582,0.09733486920595169,0.009869436726190547,0.024489433580975425,1.4097884564323437
2020-12-21,1.0112534761428833,0.19704340132672943,0.07980041205883026,0.009633305404929448,0.01806164844258744,1.31579224337596
2020-12-22,0.9942120313644409,0.18784067999237455,0.08250362426042557,0.009511391690364066,0.02180594887876584,1.295873676186371
2020-12-23,0.9592972993850708,0.1894157853243831,0.08009517192840576,0.009649798280253637,0.02924314470511838,1.267701199623232
2020-12-24,0.9688073396682739,0.18648837298983836,0.08684929460287094,0.009675143193188183,0.029333641749467017,1.2811537922036382
2020-12-25,0.9243725538253784,0.1806663909070467,0.0856878012418747,0.009564529817978194,0.027854348528004835,1.228145624320283
2020-12-26,0.8545136451721191,0.18214398531895298,0.13717828691005707,0.00987292433247142,0.031830200623280534,1.215539042356881
2020-12-27,0.872317910194397,0.19522326072966084,0.14048856496810913,0.010986267282797377,0.03412956760362781,1.2531455707785921
2020-12-28,0.7943411469459534,0.19066356860312236,0.08147598057985306,0.010415811058683779,0.031745896142976536,1.1086424033305893
2020-12-29,0.824892520904541,0.18765023212267748,0.08418814837932587,0.010205090075109207,0.031429078441358435,1.138365069923012
2020-12-30,0.8457987308502197,0.190786356972968,0.08766458928585052,0.010129943546592832,0.03200801852177669,1.1663876391774077
2020-12-31,0.9037661552429199,0.18910428720597314,0.10988759994506836,0.009910215902235274,0.03138641347385897,1.2440546717700558
2021-01-01,0.8801597356796265,0.20126501680375633,0.10378923267126083,0.011328108077869723,0.03519301294618609,1.2317351061786996
2021-01-02,1.009649634361267,0.20553626976927777,0.10508091747760773,0.010945060606359839,0.03488210045344837,1.3660939826679608
2021-01-03,1.009649634361267,0.2013293582731872,0.10629782825708389,0.010693739928750067,0.03438658288495945,1.3623571437052477
2021-01-04,0.9598063826560974,0.19963020895492262,0.11182515323162079,0.01045787603040383,0.03472695174046476,1.3164465726135095
2021-01-05,0.9598063826560974,0.20359444080605965,0.11039382964372635,0.011166092546744685,0.03493880879837931,1.3198995544510075
2021-01-06,0.9933958053588867,0.21466442646935513,0.11784713715314865,0.011522383523586172,0.03673071512124125,1.374160467626218
2021-01-07,1.0717159509658813,0.20874499439646227,0.11483554542064667,0.01170342269968483,0.035586329152910184,1.4425862426355853
2021-01-08,1.0892512798309326,0.2107489044902278,0.12281408160924911,0.01139202318141605,0.03562841552248375,1.4698347046343092
2021-01-09,1.0717159509658813,0.2030038635691865,0.12244852632284164,0.010858873482691824,0.03395262525025112,1.4419798395908523
2021-01-10,1.1853609085083008,0.2057708952272306,0.1375092715024948,0.011071425548186265,0.037833682703499134,1.5775461834897115
2021-01-11,1.1236152648925781,0.19112781728622752,0.1299605369567871,0.010587807488035,0.03624381903523732,1.4915352456588649
2021-01-12,1.1965259313583374,0.18456760729967114,0.1370425671339035,0.010112362440992426,0.03551065011084577,1.5637591183437503
2021-01-13,1.0897363424301147,0.1832907309342838,0.12685377895832062,0.00972191946813738,0.035576783888853894,1.4451795556797102
2021-01-14,1.0714468955993652,0.17718079095951333,0.11946449428796768,0.009690615320738437,0.03585861309986739,1.413641409267452
2021-01-15,0.9825361371040344,0.17455809961469437,0.11902652680873871,0.009453940179522382,0.03462868944211125,1.3202033931491013
2021-01-16,1.0040429830551147,0.16745991356055034,0.11182208359241486,0.008935115317598842,0.02670104544167812,1.318961140967357
2021-01-17,1.0766475200653076,0.20145795268018485,0.1108059510588646,0.010706590456056812,0.03423403968408425,1.4338520539444983
2021-01-18,0.9938095808029175,0.2594637596722212,0.2017626166343689,0.011661686330125633,0.05314093873413831,1.5198385821737714
2021-01-19,0.9467365741729736,0.2011704159134664,0.0812247171998024,0.0104802367975852,0.037998184177139585,1.277610128260967
2021-01-20,0.9662200212478638,0.18906456793127177,0.083895243704319,0.0094998814001392,0.03323822413987817,1.2819179384234718
2021-01-21,0.9662200212478638,0.18806246616357442,0.08873139321804047,0.00916444149064989,0.028743261860502405,1.280921583980631
2021-01-22,0.9782024025917053,0.1722721591746046,0.0895591601729393,0.008811009549346216,0.023180075533495728,1.2720248070220912
2021-01-23,0.9782024025917053,0.17111303400316055,0.08856349438428879,0.008680900642711775,0.01962219455067126,1.2661820261725376
2021-01-24,1.0140910148620605,0.14194587137787337,0.08719050884246826,0.008276823797811738,0.012060617402076012,1.26356483628229
2021-01-25,0.7538530826568604,0.11111682001296713,0.0741974413394928,0.008032847594728911,0.009274371641869594,0.9564745632459187
2021-01-26,0.8663918972015381,0.11366533284666715,0.07843894511461258,0.0076240329942877695,0.008162161364184189,1.07428236952129
2021-01-27,0.876475989818573,0.10640713006123453,0.07966789603233337,0.007572033949944738,0.007269169685691098,1.0773922195477768
2021-01-28,0.9101786017417908,0.1083336417214947,0.09609103947877884,0.007670435040505112,0.007465879734471374,1.1297395977170406
2021-01-29,0.9262348413467407,0.10647519827052732,0.09367062151432037,0.0071649178937263905,0.006863712267131192,1.1404092912924457
2021-01-30,0.8998202085494995,0.10296044132197055,0.0920981839299202,0.006991439589134982,0.0054081327536786095,1.1072784061442038
2021-01-31,0.8998202085494995,0.10324463494378491,0.0909472405910492,0.007099011854837785,0.005125499082145238,1.1062365950213167
2021-02-01,0.8998202085494995,0.10598645287310143,0.08404218405485153,0.006946061417619234,0.004560222341043892,1.1013551292361157
2021-02-02,0.9801177978515625,0.12689027996673896,0.10487110912799835,0.007178104623369588,0.0068396665882395425,1.2258969581579091
2021-02-03,0.8449766039848328,0.10758784008189375,0.06982149928808212,0.00674419115233864,0.0028168844520920625,1.0319470189592395
2021-02-04,0.762538731098175,0.11804147339345372,0.06840628385543823,0.0071247859628782145,0.005474851204992393,0.9615861255149376
2021-02-05,0.7516822218894958,0.1260591968966514,0.06946969777345657,0.005330518371200416,0.003414449579852893,0.9559560845106572
2021-02-06,0.6912140250205994,0.11888221825609338,0.06850475072860718,0.005129371932743929,0.003690500798525016,0.8874208667365688
2021-02-07,0.7692748308181763,0.1173792215052455,0.07024405151605606,0.004692726135183451,0.0026601728623015983,0.9642510028369629
2021-02-08,0.7728662490844727,0.10583188890492429,0.07188928872346878,0.004125244337428176,0.002468586036215618,0.9571812570865096
2021-02-09,0.7929061055183411,0.10499964590476413,0.07168616354465485,0.0039663257719619064,0.0022202579059111475,0.9757784986456332
2021-02-10,0.7660955786705017,0.10835105792882681,0.07954864203929901,0.004283009563325354,0.002252073715727773,0.9605303619176807
2021-02-11,0.7660955786705017,0.1179893390813403,0.07701414078474045,0.004829158893038503,0.00489517104823174,0.9708233884778527
2021-02-12,0.7025235891342163,0.12071828522335923,0.08433704823255539,0.005272158400200857,0.004314256325506843,0.9171653373158387
2021-02-13,0.8342459201812744,0.1344705016201541,0.14656727015972137,0.004586929755505592,0.004322228810848,1.1241928505275036
2021-02-14,0.8622992038726807,0.12693056052037427,0.11603322625160217,0.0035642826367723187,0.0034088885659131728,1.1122361618473426
2021-02-15,0.938492476940155,0.15013902440986732,0.11829904466867447,0.0034656978000840526,0.0034867901964300923,1.213883034015211
2021-02-16,0.9195680022239685,0.12243556298498158,0.11187277734279633,0.0037724235560052835,0.005166390023094097,1.1628151561308457
2021-02-17,0.9282242059707642,0.11802915307161661,0.10127436369657516,0.002586572848192885,0.0029274170605722246,1.153041712647721
2021-02-18,0.9121962189674377,0.10907565991748788,0.10908179730176926,0.002866864823033539,0.005271954709399886,1.138492495719128
2021-02-19,0.834871768951416,0.11107772299456899,0.10342887789011002,0.002907290405922444,0.0056204010420888,1.0579060612841062
2021-02-20,0.789685070514679,0.09687176635843478,0.10581711679697037,0.0026058565367315816,0.0038712922858314945,0.9988511024926472
2021-02-21,0.7629835605621338,0.10013481993381645,0.10582350194454193,0.003187391410221017,0.006142861009994424,0.9782721348607076
2021-02-22,0.789685070514679,0.09794340249975332,0.1064598485827446,0.002419256913606039,0.004047367966359472,1.0005549464771424
2021-02-23,0.9076683521270752,0.12350911803533458,0.14196640253067017,0.003327738637999297,0.008546162057219238,1.1850177733882983
2021-02-24,0.7393465638160706,0.11040404664009909,0.07778958976268768,0.0026167378948061047,0.00429485031192482,0.9344517884255882
2021-02-25,0.7331855297088623,0.09534162606951664,0.08198677748441696,0.002453577494263846,0.004532590352108111,0.9175001011091679
2021-02-26,0.7331855297088623,0.09657161459646176,0.08138451725244522,0.002484431155964223,0.004864575191186488,0.91849066790492
2021-02-27,0.6994525194168091,0.09183037949852652,0.07807137817144394,0.002302251012856948,0.0037958089015815493,0.875452337001218
2021-02-28,0.6414105892181396,0.09323403170184581,0.07744187861680984,0.002319169456083275,0.0035145975707836447,0.8179202665636622
2021-03-01,0.6414105892181396,0.09485684957012462,0.07847432047128677,0.0023367136915459037,0.002381352066244465,0.8194598250173414
2021-03-02,0.6203039884567261,0.09674686418477159,0.07636596262454987,0.00232375257308587,0.002396118525536874,0.7981366863646704
2021-03-03,0.7370152473449707,0.09721628002057486,0.07803994417190552,0.002427225678584233,0.00231610434394246,0.9170148015599778
2021-03-04,0.7370152473449707,0.09562754165889376,0.0795554518699646,0.0026540634452136384,0.002253748079850117,0.9171060523988929
2021-03-05,0.7279313206672668,0.09508286038396986,0.0795554518699646,0.0027755944393312876,0.0027623707941125033,0.908107598154645
2021-03-06,0.7810485363006592,0.09593633273091351,0.11568291485309601,0.002851732612603739,0.0030983864300960155,0.9986179029273684
2021-03-07,0.8089980483055115,0.09619334509366652,0.11808091402053833,0.002959618675778823,0.0030002596942263773,1.0292321857897215
2021-03-08,0.7926849126815796,0.0964460192896417,0.10883781313896179,0.0027014964450991796,0.0027245252671154727,1.0033947668223977
2021-03-09,0.756857693195343,0.0979915599596129,0.10259100794792175,0.002774869069178497,0.0025740086735064633,0.9627891388455625
2021-03-10,0.7341207265853882,0.10417903293793859,0.11739438772201538,0.0025495996376726205,0.0026781933371191236,0.960921940220134
2021-03-11,0.680837869644165,0.12730380605559868,0.14371110498905182,0.004458149987027249,0.009759389236345268,0.966070319912188
2021-03-12,0.6442397832870483,0.11497978878277977,0.07456673681735992,0.004164932937163822,0.006042615982148109,0.8439938578064999
2021-03-13,0.6442397832870483,0.10489018331692974,0.07883203774690628,0.002871856652773279,0.0035203174149719078,0.8343541784186296
2021-03-14,0.6442397832870483,0.11154757173082261,0.07782086730003357,0.0028823765918170054,0.0035417774740683938,0.8400323763837899
2021-03-15,0.6811038851737976,0.11458029804619956,0.07970938831567764,0.0032351910019743704,0.004260865785239422,0.8828896283228885
2021-03-16,0.6690860390663147,0.11898636124423921,0.08512244373559952,0.0034183493923432987,0.004640402580776801,0.8812535960192736
2021-03-17,0.7356212139129639,0.14862695547192953,0.08866257965564728,0.0045183287806459535,0.008610857866853573,0.9860399356880402
2021-03-18,0.677639901638031,0.11508159304224343,0.08701875805854797,0.005736309459615476,0.008909271723467423,0.8943858339219053
2021-03-19,0.6654626727104187,0.12520355434106678,0.08279354125261307,0.00401020589322278,0.006943983011094359,0.8844139572084156
2021-03-20,0.6654626727104187,0.13050752382504932,0.08086171001195908,0.003981321050152308,0.007445904626685666,0.888259132224265
2021-03-21,0.7224021553993225,0.14748243385178839,0.08982672542333603,0.004676334400698062,0.01260868350454623,0.9769963325796912
2021-03-22,0.6654626727104187,0.13601912089114312,0.09081675857305527,0.008272990598573653,0.01425341219355722,0.914824954966748
2021-03-23,0.7147372364997864,0.13795671004300664,0.09433034062385559,0.0074832304947007175,0.015314339783586884,0.9698218574449361
2021-03-24,0.7147372364997864,0.1327127907953329,0.08880360424518585,0.007267844831751578,0.013373190270202558,0.9568946666422593
2021-03-25,0.7233914136886597,0.12986524008936834,0.1528245359659195,0.005287918530793665,0.012899858069317614,1.0242689663440587
2021-03-26,0.7078962326049805,0.10726653837198893,0.15753985941410065,0.004511287596109603,0.010114512730951455,0.9873284307181311
2021-03-27,0.7382785677909851,0.0993681985685656,0.1571144312620163,0.003611057161013502,0.004552532424703293,1.0029247872072837
2021-03-28,0.7471845746040344,0.08838917279360313,0.1372968703508377,0.0035218830386083435,0.004167828066619503,0.9805603288537031
2021-03-29,0.6947797536849976,0.09356386115760594,0.12474779784679413,0.0036040251145656667,0.004209550359369492,0.9209049881633329
2021-03-30,0.6694413423538208,0.08830008373932328,0.11377260833978653,0.0034757589343583795,0.0033217995285459378,0.8783115928958349
2021-03-31,0.640754222869873,0.08719383867707604,0.13135118782520294,0.0033975398077951777,0.0032806185597966803,0.865977407739744
2021-04-01,0.6609418988227844,0.08808748910999567,0.12424898147583008,0.003162939340166515,0.0036121268219773514,0.880053435570754
2021-04-02,0.7439087629318237,0.0897406124660025,0.1249106228351593,0.0030353936132694872,0.0029899116403028438,0.9645853034865578
2021-04-03,0.728908121585846,0.09209164179348762,0.12285713851451874,0.0025582840619894696,0.0028048281328956134,0.9492200140887374
2021-04-04,0.7902647256851196,0.11697534696399906,0.14543208479881287,0.004367863567492564,0.008805963507823703,1.0658459845232477
2021-04-05,0.5824170112609863,0.13411578970691498,0.0746287927031517,0.00391343735843876,0.005233105269331165,0.8003081362988229
2021-04-06,0.5824170112609863,0.13761217126316996,0.07430139183998108,0.0034739876701807867,0.005091698978417776,0.8028962610127359
2021-04-07,0.5729790925979614,0.12722147879388573,0.07023010402917862,0.004460066757364302,0.006971724956929354,0.7818624671353194
2021-04-08,0.6118535995483398,0.14155957554028883,0.0749320462346077,0.007424723440863977,0.01218248310270547,0.8479524278668058
2021-04-09,0.6218863129615784,0.14336583993266305,0.06835287809371948,0.00516847994869899,0.009199573361675522,0.8479730842983354
2021-04-10,0.6218863129615784,0.13681607671350873,0.06988153606653214,0.005734441195073228,0.009182665478399651,0.8435010324150921
2021-04-11,0.6883894205093384,0.14970288206835283,0.07110404968261719,0.0051131680035536075,0.0074585272752806025,0.9217680475391427
2021-04-12,0.6511309146881104,0.15796101226822828,0.07594925165176392,0.003901901608364727,0.0072471733612971614,0.8961902535777644
2021-04-13,0.6766107678413391,0.1617768795975636,0.09040603041648865,0.007476036481659838,0.013597356386942306,0.9498670707239935
2021-04-14,0.7673216462135315,0.16485707448707118,0.0964752733707428,0.022259419312123878,0.025824902549465383,1.076738315932935
2021-04-15,0.8103534579277039,0.1776649327508331,0.14531758427619934,0.025342544400753522,0.034211530844537735,1.1928900502000275
2021-04-16,0.8224281072616577,0.20031946634024866,0.15191853046417236,0.02831643017369206,0.035433226171637675,1.2384157604114083
2021-04-17,0.8224281072616577,0.20602850608529866,0.15812967717647552,0.028771248060559876,0.03642537637247269,1.2517829149564645
2021-04-18,0.8224281072616577,0.23355529313501783,0.1599102020263672,0.03119810936235802,0.04129595072683486,1.2883876625122357
2021-04-19,0.8613379001617432,0.2415164199767225,0.17095844447612762,0.029410126845145025,0.03861567718249988,1.3418385686422383
2021-04-20,1.0660068988800049,0.2742361000621011,0.17976096272468567,0.028632102096581995,0.037061049134077234,1.5856971128974509
2021-04-21,1.074689507484436,0.29057614542013993,0.22642704844474792,0.031506821962840395,0.04219245818027366,1.665391981492438
2021-04-22,0.8609585762023926,0.2977263250363769,0.1462683230638504,0.029275093233736588,0.0383758762248108,1.3726041937611673
2021-04-23,0.8624701499938965,0.2573226443408852,0.08506687730550766,0.026637010023187652,0.03247544544783028,1.2639721271113071
2021-04-24,0.810998260974884,0.26499972460727933,0.08987551927566528,0.026376635439758205,0.028288395067518787,1.2205385353651055
2021-04-25,0.8624701499938965,0.22934576850815125,0.08249398320913315,0.025784667756255864,0.023950527300631675,1.2240450967680685
2021-04-26,0.814505398273468,0.2074907479301156,0.07279379665851593,0.021505665382856667,0.018556907195396762,1.134852515440353
2021-04-27,0.7308393120765686,0.2099879626408855,0.07343117147684097,0.0208312623703619,0.018236828941417097,1.0533265375060743
2021-04-28,0.7657984495162964,0.22579329380725122,0.07931260019540787,0.020828317661897192,0.02126634634525618,1.1129990075261091
2021-04-29,0.6931548714637756,0.2211569736566943,0.07526405155658722,0.02332350243446744,0.022632107775588738,1.0355315068871132
2021-04-30,0.7197930216789246,0.2354349203488382,0.07372213900089264,0.023117968003469463,0.021871968831142292,1.0739400178632672
2021-05-01,0.7197930216789246,0.2543930529471232,0.07863924652338028,0.024905961467104745,0.022979129393381887,1.1007104120099147
2021-05-02,0.7197930216789246,0.27936972292235274,0.08646666258573532,0.027295048440057743,0.026907678869987368,1.1398321344970577
2021-05-03,0.8785236477851868,0.30458789826198807,0.1400347799062729,0.028660225753327027,0.03607971408287374,1.3878862657896485
2021-05-04,0.85970538854599,0.36521561136775615,0.14118410646915436,0.02960136842394834,0.0414110265043505,1.4371175013111994
2021-05-05,0.91428542137146,0.47719688561755785,0.13417629897594452,0.03997174804659483,0.047792898834657344,1.6134232528462147
2021-05-06,1.105946660041809,0.5188186217470945,0.13513530790805817,0.04192551122238338,0.05860156997246793,1.860427670891813
2021-05-07,1.1141332387924194,0.6059783603585844,0.16831454634666443,0.04332491147557954,0.06228415770755054,1.9940352146807985
2021-05-08,1.1926771402359009,0.6119469669714548,0.14798744022846222,0.04359806295564914,0.06256334632457589,2.058772956716043
2021-05-09,1.1101365089416504,0.5836368152622478,0.12915845215320587,0.04309161782220566,0.060030466218260845,1.9260538603975705
2021-05-10,1.185246467590332,0.5126016295665581,0.1364079713821411,0.04339619064051817,0.056488874406771486,1.934141133586321
2021-05-11,1.1015440225601196,0.4806277360065625,0.14565598964691162,0.04220407727943865,0.05418577989325901,1.8242176053862915
2021-05-12,1.1624282598495483,0.41911916711144187,0.14197835326194763,0.03351447660065304,0.047366711432068095,1.804406968255659
2021-05-13,1.0753427743911743,0.39145609267864456,0.1304512619972229,0.031931099650973564,0.04399353589910159,1.673174764617117
2021-05-14,1.1313749551773071,0.37611532615069826,0.12491026520729065,0.031146741810557772,0.031548382705403145,1.6950956710512568
2021-05-15,1.1149646043777466,0.37188042632143153,0.11698751896619797,0.02868186206332604,0.02760801455671376,1.6601224262854157
2021-05-16,0.8705459833145142,0.36029781802765676,0.12386388331651688,0.028232202952104504,0.02736715124620301,1.4103070388569954
2021-05-17,0.8987166285514832,0.3395632685490931,0.1258762627840042,0.028552903628952252,0.025946833567292944,1.4186558970808256
2021-05-18,0.8705459833145142,0.31048644494455907,0.12055186182260513,0.028084372818723818,0.025108183913358787,1.354776846813761
2021-05-19,0.8937300443649292,0.2889154542056815,0.12751011550426483,0.0275607110236422,0.02364361080761145,1.3613599359061292
2021-05-20,0.8190226554870605,0.27616541970668845,0.13704828917980194,0.026500551481377636,0.022215614677156797,1.2809525305320855
2021-05-21,0.8371351361274719,0.2847287537630671,0.1569269597530365,0.026473422610460987,0.025013653035864152,1.3302779252899009
2021-05-22,0.881077766418457,0.31828372698741964,0.14648044109344482,0.029312369454483334,0.0351895975094941,1.4103439014632988
2021-05-23,1.2120954990386963,0.41223016269877555,0.1916404366493225,0.0319851608258287,0.04231464942824847,1.8902659086408715
2021-05-24,1.2164705991744995,0.3994347430378363,0.1201988011598587,0.03157123834079247,0.040070922286461474,1.8077463039994486
2021-05-25,1.1980446577072144,0.4138563959896894,0.1198013499379158,0.032830412407230544,0.042675896072576866,1.807208712114627
2021-05-26,1.2635494470596313,0.43254730835466576,0.1199214830994606,0.033683430873428635,0.04628070552835904,1.8959823749155453
2021-05-27,1.1725894212722778,0.5343026025144311,0.10696140676736832,0.034807765882860976,0.0419618555158633,1.8906230519528016
2021-05-28,1.1725894212722778,0.4702099929189664,0.12003381550312042,0.0322541001055719,0.043119585281257804,1.8382069150811944
2021-05-29,1.1725894212722778,0.4150547238735673,0.11795614659786224,0.032246854381538174,0.04141720367948855,1.7792643498047342
2021-05-30,1.2192219495773315,0.42293764913943405,0.11944649368524551,0.03317983554090383,0.04129491935889457,1.8360808473018095
2021-05-31,1.3026058673858643,0.4307800812973071,0.123583123087883,0.03235792512231728,0.04133040766513631,1.9306574045585079
2021-06-01,1.2718874216079712,0.41043273385183415,0.11558281630277634,0.031598291967480305,0.03811794581106303,1.8676192095411248
2021-06-02,0.955001950263977,0.38292383866079077,0.10303213447332382,0.02881711999018509,0.029488537532624096,1.4992635809209007
2021-06-03,0.9198887348175049,0.378881060534844,0.10013975948095322,0.02828308237187011,0.028319586658056315,1.4555122238632285
2021-06-04,0.9626637101173401,0.3817205894826359,0.11132979393005371,0.028503185795574534,0.029201583076581772,1.5134188624021858
2021-06-05,0.9626637101173401,0.34358473071315926,0.10761521756649017,0.02845860276548049,0.030528072188688256,1.4728503333511582
2021-06-06,0.9081392288208008,0.33542200780852294,0.13296599686145782,0.02902398237207162,0.03360492071129643,1.4391561365741499
2021-06-07,0.8714229464530945,0.3481062396980489,0.13039171695709229,0.02972198051674119,0.036436929296997995,1.416079812921975
2021-06-08,1.0935869216918945,0.4562092095616127,0.20411312580108643,0.032157522627474976,0.0404512442571311,1.8265180239392
2021-06-09,1.087090015411377,0.4681078824298889,0.2152198851108551,0.03134810072040463,0.042252570830101886,1.8440184545026275
2021-06-10,1.103288173675537,0.4576914113941655,0.19919726252555847,0.03287917955481249,0.04484040770330674,1.8378964348533802
2021-06-11,1.8307182788848877,0.6433324462588739,0.19788089394569397,0.04102457556701642,0.04759928737178904,2.760555482028261
2021-06-12,1.8515409231185913,0.6269098684296057,0.2022174745798111,0.04256607012154072,0.05019947915826516,2.7734338154078144
2021-06-13,1.6361385583877563,0.6558861140096428,0.2366364449262619,0.04511160939631838,0.0535877421832624,2.6273604689032415
2021-06-14,1.665834665298462,0.72061637274509,0.17797057330608368,0.04590430069271161,0.059552923783300994,2.6698788358256484
2021-06-15,1.6236813068389893,0.7429201749585477,0.17746494710445404,0.04788191414147203,0.0694850476721514,2.6614333907156147
2021-06-16,1.6236813068389893,0.815109414519908,0.1706312596797943,0.0476112232358433,0.07399195553132454,2.7310251598058595
2021-06-17,1.6867893934249878,0.8340628232031615,0.17994432151317596,0.048027273085314404,0.07775735355354764,2.8265811647801873
2021-06-18,1.6017889976501465,0.8282531048167119,0.16412702202796936,0.047558346417149885,0.0769586718652583,2.718686142777236
2021-06-19,1.5180572271347046,0.811143867203779,0.15103837847709656,0.047856207940056295,0.07756840048028557,2.605664081235922
2021-06-20,1.5463558435440063,0.7841965264960202,0.1556999832391739,0.04768357968453951,0.07408630076152029,2.6080222337252605
2021-06-21,1.5396252870559692,0.706703420401193,0.15174447000026703,0.046825938516130775,0.07116338206394213,2.516062498037502
2021-06-22,1.8338565826416016,0.6798709030833672,0.16236217319965363,0.04683393823519061,0.06192174993111311,2.7848453470909265
2021-06-23,1.6700336933135986,0.6329528898821617,0.16286107897758484,0.04710107731731413,0.0595004763752159,2.572449215865875
2021-06-24,1.7969540357589722,0.6507223238920836,0.17881599068641663,0.047571263790212356,0.05862615895707634,2.7326897730847612
2021-06-25,1.666288137435913,0.6356543124718712,0.15425361692905426,0.04654510563275931,0.055671953264887365,2.5584131257344853
2021-06-26,1.666288137435913,0.5228276496911424,0.1753254532814026,0.03813887927036113,0.05396244727001458,2.4565425669488334
2021-06-27,1.8116209506988525,0.6207800392824745,0.18632391095161438,0.03936825249521217,0.05992763424107782,2.7180207876692317
2021-06-28,2.0915348529815674,0.7052831983251757,0.20760875940322876,0.041657284022109387,0.06141327547249684,3.1074973702045776
2021-06-29,2.1296370029449463,0.8820669934002157,0.22606787085533142,0.045813985650425465,0.06632494219786259,3.3499107950487814
2021-06-30,2.6041579246520996,0.9327034734536548,0.2881059944629669,0.0498231550214556,0.06894758486100193,3.943738132451179
2021-07-01,2.6041579246520996,0.9137646120886669,0.3247621953487396,0.04926259590336204,0.06564633242972338,3.9575936604225914
2021-07-02,2.6041579246520996,0.8478582837379118,0.27906033396720886,0.04933525857376609,0.06715366984014232,3.8475654707711286
2021-07-03,2.3883464336395264,0.9264113226922843,0.2754369080066681,0.04997091334949548,0.0711710031911432,3.7113365808791174
2021-07-04,2.6041579246520996,0.8160005038118172,0.27903318405151367,0.04887429338873177,0.06609895621129687,3.814164862115459
2021-07-05,2.503791570663452,0.7994981088192556,0.23892226815223694,0.04875274261196,0.06562252499687356,3.656587215243778
2021-07-06,2.1629135608673096,0.8849408375015231,0.2456086426973343,0.04914739237933582,0.07156433264906353,3.414174766094566
2021-07-07,2.1590077877044678,0.8475667318759723,0.30961093306541443,0.04986950252185608,0.07187099492088027,3.4379259500885913
2021-07-08,2.1993885040283203,0.8951610858810428,0.24448177218437195,0.04424472874623036,0.06659603569199557,3.449872126531961
2021-07-09,2.4524037837982178,0.6591021776771655,0.22585701942443848,0.03854709074386812,0.05657005103560524,3.432480122679295
2021-07-10,2.354325532913208,0.5978934461335683,0.20716290175914764,0.03522416676439585,0.05169267032841009,3.24629871789873
2021-07-11,2.290877103805542,0.5425329194983577,0.278403639793396,0.03226522542445624,0.05046591536006896,3.194544803881821
2021-07-12,1.8126256465911865,0.49187494399693377,0.16579513251781464,0.031510280513910444,0.0446744636552431,2.5464804672750883
2021-07-13,1.6436408758163452,0.4191075545647946,0.14209897816181183,0.032485797326494474,0.042277024441140156,2.279610230310586
2021-07-14,1.5563992261886597,0.39468274243732154,0.13579674065113068,0.032467414194252434,0.04134018977343042,2.1606863132447947
2021-07-15,1.7101786136627197,0.3805180175895558,0.13776662945747375,0.03236170890108452,0.04297544188430863,2.3038004114951423
2021-07-16,1.354419469833374,0.3298397238434192,0.11809994280338287,0.030321819777852418,0.03184019410897513,1.8645211503670036
2021-07-17,1.2865352630615234,0.3087997728664027,0.11943183094263077,0.028057177514634782,0.026702080066431152,1.7695261244516227
2021-07-18,1.3054707050323486,0.3081037801934367,0.1112402155995369,0.02830438656119072,0.027107816256074002,1.780226903642587
2021-07-19,1.3533661365509033,0.32954432376124826,0.12078411877155304,0.028037080267734528,0.030269844443899605,1.8620015037953388
2021-07-20,1.2129340171813965,0.2849193447051417,0.1010030135512352,0.028261249019113508,0.025475720043717048,1.6525933445006038
2021-07-21,1.0992144346237183,0.2621627257701276,0.09873754531145096,0.026788527051054414,0.022647838599878716,1.50955107135623
2021-07-22,1.2994816303253174,0.27239929020770204,0.10677514970302582,0.02577687806998466,0.02402942823420938,1.7284623765402392
2021-07-23,1.1357944011688232,0.26493527506799847,0.10732125490903854,0.02517012894952703,0.02243702236796998,1.5556580824633572
2021-07-24,1.1357944011688232,0.2516808625952949,0.09974776208400726,0.023581812866231414,0.02200634480962077,1.5328111835239777
2021-07-25,1.046271800994873,0.23000741513150116,0.09473151713609695,0.021948128180449316,0.020695224258612796,1.4136540857015332
2021-07-26,1.028777003288269,0.22520193461733365,0.09234923869371414,0.020692361193317427,0.018450649761548876,1.3854711875541832
2021-07-27,1.1168028116226196,0.24214023658092085,0.09364549815654755,0.022036568662042365,0.02047343991062809,1.4950985549327585
2021-07-28,0.9928067326545715,0.2214714259823524,0.09515147656202316,0.02032652811209576,0.02018202906092783,1.3499381923719707
2021-07-29,0.9928067326545715,0.25439488176349945,0.10134155303239822,0.022184933726938572,0.023330225704130514,1.3940583268815385
2021-07-30,1.0465965270996094,0.25292995124432033,0.10164516419172287,0.023646087481218384,0.023352918273667343,1.4481706482905383
2021-07-31,1.0465965270996094,0.2458898495212842,0.10106554627418518,0.023556641452161416,0.02203998785107559,1.4391485521983158
2021-08-01,1.131836175918579,0.2717124331375153,0.10839612782001495,0.024202401203979252,0.02582956549000795,1.5619767035700967
2021-08-02,1.1110776662826538,0.2427389723678568,0.10267795622348785,0.019167698345925487,0.023678911855450676,1.4993412050753745
2021-08-03,1.1101678609848022,0.2471113738052437,0.10467441380023956,0.019802846959545626,0.02410996955442239,1.5058664651042537
2021-08-04,1.1854021549224854,0.2630492087892516,0.12642860412597656,0.02642404806018165,0.032736254152488924,1.634040270050384
2021-08-05,1.1190524101257324,0.2866787540663596,0.14316196739673615,0.02235701989879422,0.036854242318316605,1.608104393805939
2021-08-06,1.082297444343567,0.32724143257277977,0.14303243160247803,0.02341250012073948,0.03819999019354873,1.614183798833113
2021-08-07,1.7076528072357178,0.39410248794068165,0.15490327775478363,0.02252264176706883,0.03830561903544637,2.3174868337336982
2021-08-08,1.879775881767273,0.4292696850962746,0.16054923832416534,0.024530934745881295,0.0393432114659859,2.5334689513995796
2021-08-09,1.878260850906372,0.41932596798031263,0.16591106355190277,0.02625063728589385,0.04055854194507436,2.5303070616695558
2021-08-10,1.8169046640396118,0.5331899119813406,0.14096853137016296,0.028398459660799822,0.039977171957626706,2.5594387390095417
2021-08-11,1.7351020574569702,0.46484243532769826,0.10411953926086426,0.024047469374405755,0.032921684434479695,2.3610331858544185
2021-08-12,1.7694754600524902,0.364003921341778,0.11004451662302017,0.023317692024663033,0.03565798874278601,2.302499578784737
2021-08-13,1.7821242809295654,0.3943991028045263,0.1505449414253235,0.025615674942167394,0.04043478459313596,2.3931187846947184
2021-08-14,1.2933862209320068,0.3599468403521989,0.09079627692699432,0.023151038797725607,0.035244301292443915,1.8025246783013695
2021-08-15,1.2116012573242188,0.3774569103310543,0.0962761715054512,0.022598528068467842,0.034533577662249196,1.7424664448914413
2021-08-16,1.2116012573242188,0.386379141938358,0.09277166426181793,0.02391964822557732,0.032751789565005004,1.7474235013149768
2021-08-17,1.128793478012085,0.37412431952008474,0.0882236659526825,0.024598325232390677,0.0332896102670687,1.6490293989843117
2021-08-18,1.128793478012085,0.36645035757874206,0.08978872001171112,0.023275384541456775,0.027144298886554508,1.6354522390305495
2021-08-19,1.0658143758773804,0.36889172727485575,0.09012454003095627,0.02418299957967497,0.028771822380433368,1.5777854651433008
2021-08-20,1.0658143758773804,0.37319479769351616,0.09946129471063614,0.025002906006889713,0.028863296798337653,1.59233667108676
2021-08-21,1.047818899154663,0.380238201710956,0.10395991802215576,0.026309853853033225,0.03224187872600283,1.590568751466811
2021-08-22,1.0612585544586182,0.38334471258477726,0.11302778124809265,0.026554294351964425,0.03642967959886709,1.6206150222423195
2021-08-23,1.2339451313018799,0.4014214333203319,0.09641571342945099,0.026769099870961523,0.039372757227538274,1.7979241351501625
2021-08-24,1.3595961332321167,0.532235782865436,0.1243085116147995,0.028731073897822656,0.04963525417091502,2.0945067557810897
2021-08-25,1.7492161989212036,0.6270267484725931,0.105026014149189,0.03755679563001036,0.05504732625606394,2.57387308342906
2021-08-26,1.8255321979522705,0.6300119045523616,0.1113751083612442,0.03964971042680702,0.054987288759055064,2.6615562100517383
2021-08-27,2.0579047203063965,0.586959227375037,0.10931233316659927,0.03747549580677481,0.05353979904784179,2.84519157570265
2021-08-28,1.8392070531845093,0.5421618052481185,0.1127333790063858,0.02970074001638527,0.05580097838863276,2.5796039558440316
2021-08-29,1.561302900314331,0.49107788411097175,0.10270813852548599,0.029357834849553007,0.053634732726252285,2.238081490526594
2021-08-30,1.7880008220672607,0.5217670267769352,0.10920287668704987,0.02979625449458001,0.0574648126204465,2.5062317926462723
2021-08-31,1.8195422887802124,0.520337531657636,0.11634761840105057,0.029882939015276826,0.055140622611676744,2.541251000465852
2021-09-01,2.1963348388671875,0.5814657872883042,0.1403171569108963,0.033176023045915846,0.05808654042552257,3.0093803465378266
2021-09-02,2.1963348388671875,0.6868789768169823,0.15779802203178406,0.034412902592482954,0.06321581487626675,3.1386405551847036
2021-09-03,2.353320598602295,0.8423012912876389,0.15594111382961273,0.04684799478938149,0.06599177313884158,3.46440277164777
2021-09-04,2.3171727657318115,0.8704398127569357,0.17134031653404236,0.04830908897325444,0.07045452301668845,3.4777165070127323
2021-09-05,2.091576099395752,0.9062290912274651,0.16399626433849335,0.045775699951078434,0.07035871412074031,3.2779358690335294
2021-09-06,1.9130605459213257,0.9178130353015996,0.1532946527004242,0.04502582073442675,0.06953443725299513,3.0987284919107716
2021-09-07,1.8510221242904663,0.8793332621098224,0.16670037806034088,0.04528963555889877,0.06559482721510615,3.0079402272346347
2021-09-08,1.883675456047058,0.8956681800966795,0.1678272932767868,0.04461216196387143,0.06732365903636357,3.0591067504207596
2021-09-09,1.883675456047058,0.8783474687028543,0.1568429321050644,0.04478863146429071,0.0651179479919423,3.0287724363112094
2021-09-10,1.9425926208496094,0.8599812946734977,0.1747269332408905,0.040637143208932705,0.06425652820002646,3.082194520172956
2021-09-11,1.9456888437271118,0.9448313608469989,0.17966385185718536,0.04035536426327246,0.07052576624698306,3.181065186941552
2021-09-12,2.0224857330322266,0.948321819109065,0.17549923062324524,0.04539230888024545,0.07408972824882774,3.26578881989361
2021-09-13,1.974807620048523,0.8789189094096495,0.16594834625720978,0.0414049297817756,0.0685740360356852,3.1296538415328428
2021-09-14,2.0138137340545654,0.8675636035738954,0.1621217280626297,0.04395588915744922,0.06619998502963952,3.1536549398781792
2021-09-15,2.2072808742523193,0.7267765339951064,0.30567264556884766,0.041206107167971504,0.06453542042318652,3.345471581407432
2021-09-16,2.2935259342193604,0.9162257457685032,0.29754120111465454,0.04553657284484683,0.0731614014125277,3.625990855359893
2021-09-17,2.2935259342193604,0.9046723290813743,0.2349397838115692,0.05119249407992723,0.0709304309401701,3.555260972132401
2021-09-18,2.175264358520508,0.9080875395508301,0.2948165237903595,0.05018743289870463,0.07190261321878445,3.500258467979186
2021-09-19,2.150029420852661,0.7258207755657924,0.20823520421981812,0.040919288812886964,0.06254153066853371,3.1875462201196925
2021-09-20,2.150029420852661,0.6385497907388262,0.19991546869277954,0.0376044044246045,0.05705506680458458,3.083154151513456
2021-09-21,1.7250574827194214,0.5352919820553501,0.16630201041698456,0.03468329478396627,0.04438899486036333,2.5057237648360857
2021-09-22,1.3147640228271484,0.5098881306363507,0.13924099504947662,0.03291489315433077,0.04357745198121437,2.040385493648521
2021-09-23,1.2498393058776855,0.42550004174222567,0.127134308218956,0.03283765249734331,0.03585509058760112,1.8711663989238116
2021-09-24,1.229718804359436,0.40073943311644034,0.12821155786514282,0.0313821436620422,0.032509762195717766,1.8225617011987791
2021-09-25,1.1360008716583252,0.3684837917362857,0.10819021612405777,0.03138683699005791,0.029359030532706547,1.673420747041433
2021-09-26,1.2176730632781982,0.37046730021014374,0.10351652652025223,0.0308472979018163,0.030792669766054912,1.7532968576764656
2021-09-27,1.1745796203613281,0.37959852098861807,0.10462935268878937,0.032159613351836924,0.0335532842619714,1.724520391652544
2021-09-28,1.2198477983474731,0.4175427740488998,0.12189994752407074,0.032520646462482955,0.04002512088448878,1.8318362872674154
2021-09-29,1.287131667137146,0.48969322514395175,0.12813882529735565,0.032788860942917095,0.044626032952208974,1.9823786114735795
2021-09-30,1.5223966836929321,0.46159699400889753,0.11849505454301834,0.03302910730352081,0.043122159132535365,2.178639998680904
2021-10-01,1.5492526292800903,0.407931437445517,0.10986489057540894,0.03175342424381183,0.04338372138339798,2.1421861029282256
2021-10-02,1.4228066205978394,0.39467341557265406,0.10309852659702301,0.030003368952056512,0.04031950293035427,1.9909014346499272
2021-10-03,1.4152730703353882,0.37747823756249305,0.18074612319469452,0.025747779612818114,0.03478549110158799,2.034030701806982
2021-10-04,1.3102624416351318,0.3347435034114167,0.13097070157527924,0.024856170854897067,0.03167614768811206,1.8325089651648367
2021-10-05,1.200242519378662,0.2969656195934465,0.13009272515773773,0.028450434110550798,0.02673222654941035,1.6824835247898073
2021-10-06,1.200242519378662,0.2775509114937121,0.1342681348323822,0.028324850035127663,0.026375239587833887,1.6667616553277178
2021-10-07,1.1809203624725342,0.2834690890991767,0.12358099967241287,0.028695128448538235,0.02801894480551916,1.6446845244981811
2021-10-08,1.1665235757827759,0.2742210532615605,0.12322964519262314,0.029273290927880998,0.03124016010889008,1.6244877252737306
2021-10-09,1.097679615020752,0.2637442280436951,0.13715897500514984,0.027505200423593532,0.02765768469338236,1.5537457031865727
2021-10-10,1.0527979135513306,0.26520079526683055,0.12664523720741272,0.02727902992232969,0.027077840784923854,1.4990008167328275
2021-10-11,1.058637022972107,0.2512925469737875,0.12734101712703705,0.025061509417469673,0.025837956671871765,1.488170053162273
2021-10-12,1.1531070470809937,0.25554662256821675,0.13962645828723907,0.019149561207278492,0.023807073473734848,1.5912367626174628
2021-10-13,0.8606339693069458,0.23627041852744463,0.09223543107509613,0.01806167488846929,0.02029348977372913,1.2274949835716849
2021-10-14,0.9567268490791321,0.23866067327437454,0.09474176913499832,0.018445318704830904,0.023201725348166953,1.3317763355415029
2021-10-15,0.8014228343963623,0.2366045545834657,0.0908726379275322,0.019423465457501718,0.02224539579520749,1.1705688881600693
2021-10-16,0.8631195425987244,0.24117544156163623,0.09077263623476028,0.019245606437963924,0.02229178491392722,1.2366050117470122
2021-10-17,0.833448052406311,0.24816135464556688,0.10975191742181778,0.02012334871700791,0.022676741511343256,1.2341614147020468
2021-10-18,0.8855869174003601,0.24816546553111973,0.1109451875090599,0.020436349408816994,0.022628380427942275,1.2877623002772989
2021-10-19,0.9597293734550476,0.2753695946856758,0.12352373450994492,0.023749095928348243,0.029490502493045377,1.411862301072062
2021-10-20,1.1055434942245483,0.27589179865670344,0.12464335560798645,0.022717190941118875,0.030726708900741296,1.5595225483310984
2021-10-21,1.150618553161621,0.2977948288972907,0.12577058374881744,0.02512062610226779,0.0409499041434775,1.6402544960534746
2021-10-22,1.198551893234253,0.2936811488145039,0.12077885121107101,0.02975338176696962,0.04483018873429397,1.6875954637610913
2021-10-23,1.5373903512954712,0.3088692373368527,0.14471489191055298,0.030397966798151876,0.05102169000475421,2.072394137345783
2021-10-24,1.6849143505096436,0.39892515312719595,0.15518173575401306,0.031972747742232,0.051926411023630575,2.322920398156715
2021-10-25,1.9612455368041992,0.4387079667943268,0.19756829738616943,0.0409383516979391,0.05634458533352343,2.694804738016158
2021-10-26,1.9101898670196533,0.4330731782849183,0.14169786870479584,0.04013458030828294,0.052648728765642576,2.5777442230832928
2021-10-27,2.0063254833221436,0.4136029180705052,0.198836550116539,0.04031911027847995,0.047695359613252046,2.7067794214009195
2021-10-28,2.0110857486724854,0.43163009903653904,0.21563614904880524,0.0420624270436267,0.0459269782143506,2.746341402015807
2021-10-29,2.1441264152526855,0.43030667116461235,0.21556788682937622,0.0406870467084987,0.048722314314169485,2.879410334269342
2021-10-30,2.035400629043579,0.4163251410717652,0.16571561992168427,0.035173946319216165,0.04685346909930009,2.699468805455545
2021-10-31,1.8293159008026123,0.3333563167907692,0.15711374580860138,0.028926716811771197,0.04868395885583261,2.3973966390695867
2021-11-01,1.9373142719268799,0.3165376722595326,0.15313532948493958,0.032311504003336676,0.048243263332576516,2.4875420410072655
2021-11-02,1.8612595796585083,0.3072816955526333,0.14069603383541107,0.02866076021593699,0.04611476448615057,2.38401283374864
2021-11-03,1.830001950263977,0.27711362367347564,0.10908151417970657,0.02766885831324642,0.04465443608848835,2.288520382518894
2021-11-04,1.697628140449524,0.2761291896763651,0.11652358621358871,0.02636086043137823,0.04443396019165031,2.1610757369625064
2021-11-05,1.6454530954360962,0.2656540739677915,0.10818882286548615,0.023097214440399257,0.04441287459786918,2.086806081307642
2021-11-06,1.3033825159072876,0.2651687419876594,0.10611561685800552,0.022380064806802533,0.0418416170301995,1.7388885565899543
2021-11-07,1.0122777223587036,0.264915107258347,0.10610400885343552,0.020538366819022033,0.03982587711337167,1.4436610824028797
2021-11-08,0.9657970666885376,0.2552669318752875,0.09469513595104218,0.019336934477302947,0.03847063496005136,1.3735667039522215
2021-11-09,0.9079825282096863,0.23551173036479614,0.08761966228485107,0.017661956414191864,0.03262225216561112,1.2813981294391366
2021-11-10,0.9130500555038452,0.21505939679132388,0.09110581874847412,0.015543712538060297,0.024048201647686646,1.25880718522939
2021-11-11,0.8795661926269531,0.20716651702477062,0.08489789813756943,0.014787668861325641,0.02290575615420632,1.209324032804825
2021-11-12,0.845636785030365,0.20599512032785727,0.08438827842473984,0.014100653246191922,0.021745830275585673,1.1718666673047398
2021-11-13,0.8314967751502991,0.21241017745833743,0.08318355679512024,0.014349564758089208,0.022566878939902776,1.1640069531017485
2021-11-14,0.8843414187431335,0.22139046897684236,0.0891750231385231,0.014866720246393681,0.024150452358678725,1.2339240834635714
2021-11-15,0.9643951058387756,0.22412279102993854,0.09175660461187363,0.014863567246664402,0.02524030191383638,1.3203783706410885
2021-11-16,0.9643183946609497,0.22829492477303487,0.09175660461187363,0.015860426258957644,0.025205238339104413,1.3254355886439202
2021-11-17,1.0011084079742432,0.23343345690311554,0.0932406559586525,0.015951471357392374,0.03422719092516967,1.3779611831185732
2021-11-18,1.1313481330871582,0.25170727045692776,0.12414152175188065,0.01792199298960849,0.037456851507549446,1.5625757697931244
2021-11-19,1.0178991556167603,0.2446127012659432,0.12938421964645386,0.02454972779786551,0.04263251784616564,1.4590783221731884
2021-11-20,1.0083166360855103,0.23636909416322602,0.12306906282901764,0.021671089572349714,0.038502486247545556,1.4279283688976492
2021-11-21,1.0290673971176147,0.2292505343090083,0.12594155967235565,0.015882192003265818,0.03883654668586128,1.438978229788106
2021-11-22,1.0110490322113037,0.2271424172583627,0.12507520616054535,0.015084433815063742,0.03685801054668546,1.4152090999919609
2021-11-23,0.9388825297355652,0.2212590336255696,0.11784404516220093,0.014498473624012291,0.03551242212030747,1.3279965042676554
2021-11-24,1.0131453275680542,0.23084754839765168,0.14912842214107513,0.013866055595624921,0.0357117947848622,1.4426991484872682
2021-11-25,0.9427353143692017,0.22371553956522647,0.10292032361030579,0.012844033578725128,0.033712315246590414,1.3159275263700494
2021-11-26,0.7825603485107422,0.1994833366357747,0.07384093105792999,0.011864649964676243,0.0255453579389603,1.0932946241080834
2021-11-27,0.7825603485107422,0.18817983750560338,0.07410379499197006,0.011609430976763578,0.02882298019204515,1.0852763921771245
2021-11-28,0.7825603485107422,0.18243821294991322,0.07410379499197006,0.010781954468522533,0.027356635232695936,1.077240946153844
2021-11-29,0.7986652255058289,0.1779830014165251,0.07626945525407791,0.010718676596189561,0.027117233646962283,1.0907535924195837
2021-11-30,0.8585634231567383,0.17248694810231457,0.07857388257980347,0.010131214643397416,0.02072489104742149,1.1404803595296753
2021-12-01,0.8189066648483276,0.1679950263611248,0.07899798452854156,0.010025051043614423,0.018258023425292192,1.0941827502069006
2021-12-02,0.8627857565879822,0.15531140502356264,0.07857388257980347,0.009826794347717629,0.018129504402595996,1.124627342941662
2021-12-03,0.8880329728126526,0.15186643362770638,0.08160263299942017,0.009677640462712415,0.017821482675029882,1.1490011625775214
2021-12-04,0.8891723155975342,0.16106898761208002,0.07872364670038223,0.009396088393416017,0.01678774192352209,1.1551487802269347
2021-12-05,0.8850406408309937,0.16146304929754215,0.08000108599662781,0.009362193595373864,0.015323179734937508,1.151190149455475
2021-12-06,0.9468873143196106,0.1587574824898217,0.11316213756799698,0.009207628275954366,0.015505096299990317,1.243519658953374
2021-12-07,0.9735931158065796,0.15901832929290882,0.11154957115650177,0.00921217692257006,0.0077378526774453255,1.2611110458560058
2021-12-08,0.946011483669281,0.1588668097252818,0.11313103884458542,0.00904123016372492,0.007488416927094501,1.2345389793299677
2021-12-09,0.9226282835006714,0.16378936815797235,0.10543639957904816,0.009291228575735808,0.01459685452695681,1.2157421343403845
2021-12-10,0.941615641117096,0.15580383435980355,0.11050693690776825,0.009254787115708823,0.014816194830742072,1.2319973943311189
2021-12-11,0.9654800891876221,0.14985196007529086,0.11893106997013092,0.008921789850318076,0.009474701484266273,1.252659610567628
2021-12-12,0.946011483669281,0.1503314190617321,0.11437615007162094,0.008761165274286525,0.007813197357074437,1.2272934154339952
2021-12-13,0.9363757967948914,0.13367821297157353,0.10761057585477829,0.008764113659291844,0.008158214841220441,1.1945869141217553
2021-12-14,0.9363757967948914,0.1297323412036771,0.11419617384672165,0.008585412414044459,0.008370899069095425,1.19726062332843
2021-12-15,0.8969548344612122,0.14327688176955802,0.10659313946962357,0.009281772978945215,0.01738925577178168,1.1734958844511205
2021-12-16,0.8688573241233826,0.1434376645065499,0.10659313946962357,0.009360435504698823,0.01807134544243356,1.1463199090466882
2021-12-17,0.8688573241233826,0.14569623611086996,0.10582426190376282,0.009213913226878995,0.02137584557064803,1.1509675809355424
2021-12-18,0.850246250629425,0.1470108235093722,0.11356274783611298,0.008872413461894706,0.022161892753570243,1.1418541281903751
2021-12-19,0.9271860122680664,0.140407611602478,0.1140025407075882,0.008749010789327287,0.01956807245329792,1.2099132478207577
2021-12-20,1.0667804479599,0.1810474966822734,0.12934915721416473,0.010362491600016678,0.029277631474695757,1.4168172249310507
2021-12-21,0.9632306694984436,0.17493149133119335,0.11960659176111221,0.012336594837210772,0.038943049682731705,1.3090483971106917
2021-12-22,0.9301176071166992,0.164321217168981,0.11934418976306915,0.012026979254013751,0.03682769653801989,1.262637689840783
2021-12-23,1.0680993795394897,0.1872768566338058,0.13147300481796265,0.01188057328017022,0.03944066275909929,1.4381704770305277
2021-12-24,0.9794909954071045,0.1801341860128052,0.22766606509685516,0.01189554718190321,0.03876361997306354,1.4379504136717314
2021-12-25,0.9240767955780029,0.15063195768725376,0.10161158442497253,0.0095756858863404,0.03286781524688998,1.2187638388234596
2021-12-26,0.9861611127853394,0.14874401468971352,0.11928737908601761,0.00968187101985243,0.034296986123574985,1.2981713637044978
2021-12-27,0.9861611127853394,0.1409366314702549,0.14545653760433197,0.009739274262023876,0.03189878122221624,1.3141923373441664
2021-12-28,0.9861611127853394,0.13289279799917045,0.14094693958759308,0.011450923551106098,0.0304591983454563,1.3019109722686653
2021-12-29,0.8830726146697998,0.11634373781470178,0.11654665321111679,0.010009372007245377,0.022410935755696602,1.1483833134585604
2021-12-30,0.8612449765205383,0.11360189189468055,0.10650821030139923,0.009522383876923186,0.0224958932566316,1.1133733558501728
2021-12-31,0.892650842666626,0.11183222300185428,0.11651995033025742,0.010731666549458698,0.019571102325812356,1.1513057848740087
2022-01-01,0.9122216105461121,0.11363372544359678,0.11773376166820526,0.01063242073997838,0.0192999546280568,1.1735214730259493
2022-01-02,0.9190362095832825,0.11471854105354538,0.12366954237222672,0.010848028583038792,0.010031295521823752,1.1783036171139172
2022-01-03,0.8851248025894165,0.12201882714924416,0.119843028485775,0.011532399035006633,0.010803444622954869,1.1493225018823972
2022-01-04,0.883073627948761,0.11773693963446705,0.1601530760526657,0.010673267804335638,0.009936147632419385,1.1815730590726485
2022-01-05,0.901246964931488,0.11786310511806807,0.1422700136899948,0.008121552272057152,0.017752355707984516,1.1872539917195928
2022-01-06,0.9240882396697998,0.13077608193635967,0.12151958048343658,0.008450347900387985,0.020019035508518045,1.2048532854985021
2022-01-07,0.883073627948761,0.1400891720631105,0.11006543040275574,0.009762097807293308,0.023463255933287283,1.1664535841552077
2022-01-08,1.0842348337173462,0.16535686136264754,0.12172894924879074,0.011732968783227767,0.038746041221908945,1.421799654333921
2022-01-09,0.9442409873008728,0.14094339833254727,0.08716265112161636,0.009327587027635462,0.033416196162740386,1.2150908199454122
2022-01-10,0.9427140355110168,0.13820693084866373,0.08644835650920868,0.009328389092944015,0.03307900574624083,1.2097767177080743
2022-01-11,0.8916903734207153,0.1278141689816875,0.09019409865140915,0.007877559385721336,0.02946836384849594,1.1470445642880294
2022-01-12,0.8916903734207153,0.11733476712265865,0.09436395019292831,0.007703535382965632,0.024036950406787314,1.135129576526055
2022-01-13,0.99125075340271,0.15271386890046457,0.12233731895685196,0.009476723021764855,0.03276271779953202,1.3085413820813234
2022-01-14,0.890866756439209,0.1525958442822601,0.08481965959072113,0.009894477117730326,0.03724705625161945,1.17542379368154
2022-01-15,0.8104782104492188,0.1699885268672486,0.09084224700927734,0.009647095032553532,0.03521068777894256,1.1161667671372408
2022-01-16,0.74659663438797,0.1506255484463011,0.08465030044317245,0.009193225282824955,0.033467294937090684,1.0245330034973592
2022-01-17,0.74659663438797,0.14234389501638575,0.08461527526378632,0.008369603814192496,0.0307457124438515,1.012671120926186
2022-01-18,0.7952496409416199,0.13298031049862338,0.08577342331409454,0.007695919841187669,0.02895558231737627,1.0506548769129016
2022-01-19,0.8287461400032043,0.12385297829587615,0.09238806366920471,0.007468288515916917,0.028761085222581122,1.0812165557067832
2022-01-20,0.8287461400032043,0.11897280384700307,0.09831760078668594,0.006432971210009457,0.02112774535537683,1.0735972612022797
2022-01-21,0.7599750757217407,0.1213835704750323,0.09771765023469925,0.006547106983243435,0.020711546237391583,1.0063349496521075
2022-01-22,0.7379276752471924,0.11429855955508887,0.09483913332223892,0.006050808560034008,0.018875787466069334,0.9719919641506235
2022-01-23,0.754080057144165,0.1085155871705894,0.11251040548086166,0.005188037702522123,0.016280850596907457,0.9965749380950456
2022-01-24,0.8171484470367432,0.10171568536808677,0.08986778557300568,0.004365823494137132,0.017126775566186067,1.0302245170381588
2022-01-25,0.7766094207763672,0.09749137251759518,0.08377934992313385,0.004248531133541105,0.016002141029480294,0.9781308153801176
2022-01-26,0.8015356659889221,0.09547430430780397,0.1131119430065155,0.0040583170506907395,0.007550389316379409,1.0217306196703118
2022-01-27,0.8180309534072876,0.09635527047450593,0.11628732830286026,0.004041129562059875,0.007217240748020526,1.041931922494734
2022-01-28,0.8252604603767395,0.09876887283005323,0.11524201929569244,0.004107772304112496,0.006937526203994989,1.0503166510105928
2022-01-29,0.8086193203926086,0.10022841416713163,0.11135875433683395,0.003919155605439561,0.0069319253188856135,1.0310575698208995
2022-01-30,0.7554309964179993,0.09618925299565326,0.10147354006767273,0.0039627176115530315,0.007973732446030606,0.9650302395389089
2022-01-31,0.7314013242721558,0.11271726890145481,0.09942016005516052,0.005265404319851676,0.011271946815967873,0.9600761043645907
2022-02-01,0.6933138966560364,0.12805690053251773,0.09816889464855194,0.004955293962667244,0.021662465444439134,0.9461574512442125
2022-02-02,0.6933138966560364,0.11729330562194804,0.10284058004617691,0.003925714670015242,0.02237039926772226,0.9397438962618988
2022-02-03,0.6933138966560364,0.10567926082578852,0.10516557842493057,0.0038396061690426733,0.020493756861195242,0.9284920989369934
2022-02-04,0.7716119289398193,0.09975720653052379,0.10774576663970947,0.0038985407632992145,0.020331408291902525,1.0033448511652543
2022-02-05,0.7684230208396912,0.10542920248895592,0.11702336370944977,0.00533014691730218,0.0232872421590453,1.0194929761144442
2022-02-06,0.7825114130973816,0.11292365590231135,0.11323752254247665,0.004400418770402365,0.021502516337424317,1.0345755266499963
2022-02-07,0.8272877931594849,0.11135474262091472,0.1146686002612114,0.003971173043308489,0.02293018000457463,1.0802124890894942
2022-02-08,0.8272877931594849,0.12522966510758962,0.12306804209947586,0.005308810339537918,0.026539700786252368,1.1074340114923407
2022-02-09,0.837864100933075,0.12945231790683753,0.11796261370182037,0.005525911768698964,0.027014173989998724,1.1178191183004305
2022-02-10,0.8631426095962524,0.12289441611578396,0.118917316198349,0.005476374003658553,0.03359127316599914,1.1440219890800432
2022-02-11,0.8631426095962524,0.12328568204562249,0.11979669332504272,0.005414648731748385,0.03393312453166498,1.145572758230331
2022-02-12,0.8772652745246887,0.11814389658722839,0.12871502339839935,0.006364025471690434,0.032568651148577495,1.1630568711305842
2022-02-13,0.944646418094635,0.10292312944813779,0.13076598942279816,0.006116210868402745,0.023919143576462056,1.2083708914104359
2022-02-14,0.9952844381332397,0.11677339544761439,0.14745958149433136,0.00612531226571891,0.0249062590268247,1.2905489863677293
2022-02-15,0.9294390082359314,0.09682827250056718,0.13137830793857574,0.005934501623828311,0.0248584292895646,1.1884385195884672
2022-02-16,0.9491870403289795,0.09429420139036329,0.1325182169675827,0.005161360785875772,0.023157063153951583,1.2043178826267529
2022-02-17,0.9403353333473206,0.09691889260295201,0.1418188512325287,0.0037926563553492064,0.02292644884422572,1.2057921823823763
2022-02-18,0.8811795115470886,0.09375767697824453,0.14174769818782806,0.003778410557042119,0.021915937119638466,1.142379234389842
2022-02-19,0.8301588892936707,0.08760511782411817,0.1421232968568802,0.0031433635039913956,0.009164836312203894,1.0721955037908644
2022-02-20,0.8448984622955322,0.12138311301732435,0.1685084104537964,0.003935964933169348,0.013435233757077492,1.1521611844569
2022-02-21,0.7065286040306091,0.13380339338532388,0.10167432576417923,0.004115345436794169,0.01313464229294498,0.9592563109098514
2022-02-22,0.6413541436195374,0.12719977521275697,0.07102231681346893,0.003005974832296168,0.0082970634546749,0.8508792739327342
2022-02-23,0.6493078470230103,0.10340315741861851,0.07459461688995361,0.0027574104786032374,0.005746637856033589,0.8358096696662192
2022-02-24,0.6608145833015442,0.09762877403123092,0.07215374708175659,0.00264345970660925,0.005104753056396337,0.8383453171775374
2022-02-25,0.6608145833015442,0.09408646694148771,0.07215374708175659,0.002653572802929162,0.004774407625022019,0.8344827777527397
2022-02-26,0.6608145833015442,0.09533766433379735,0.06805706769227982,0.0026612071500921215,0.0040089824182460865,0.8308795048959595
2022-02-27,0.6850587725639343,0.1100284334516528,0.06810126453638077,0.002739148059667308,0.00462551219479162,0.8705531308064268
2022-02-28,0.6444807648658752,0.0925166692653492,0.06504835933446884,0.0026261591132909967,0.003834651771300226,0.8085066043502845
2022-03-01,0.7836689352989197,0.11482065378857782,0.07233204692602158,0.0030227335678475005,0.005671559721944022,0.9795159293033107
2022-03-02,0.6345912218093872,0.09402384319470322,0.06504835933446884,0.0028000555086326335,0.0027918959707719355,0.7992553758179638
2022-03-03,0.6302918195724487,0.09192007339403026,0.06920085847377777,0.002768509152721192,0.0026726150992159364,0.7968538756921939
2022-03-04,0.6302918195724487,0.09327167504306408,0.06957437098026276,0.0028474139925033395,0.0024216009917098504,0.7984068805799888
2022-03-05,0.6302918195724487,0.0938134359215157,0.06920085847377777,0.0028795911117170127,0.00252898172013732,0.7987146867995965
2022-03-06,0.6145064830780029,0.09149434469281706,0.06760085374116898,0.002781996035214953,0.00215664483390367,0.7785403223811076
2022-03-07,0.6215865612030029,0.09033340397392131,0.06641807407140732,0.0027976259043063128,0.0021496888276502273,0.7832853539802881
2022-03-08,0.596840500831604,0.09729266573452997,0.061937376856803894,0.0028586255215401935,0.002247962233602412,0.7611771311780805
2022-03-09,0.6593378186225891,0.1316816689782701,0.06662339717149734,0.004670574148714886,0.011116774964821833,0.8734302338858932
2022-03-10,0.6736263632774353,0.13032428602735313,0.06660602241754532,0.0065667996517022875,0.011163862964420044,0.8882873343384561
2022-03-11,0.7212766408920288,0.12184317944091877,0.07095612585544586,0.004395974877443339,0.008085109245748361,0.9265570303115851
2022-03-12,0.773908257484436,0.11884034910545414,0.10391717404127121,0.0043406684479356345,0.006121113769334737,1.0071275628484317
2022-03-13,0.773908257484436,0.11291141456214562,0.10175105184316635,0.0033270973596491804,0.00479581975371433,0.9966936410031115
2022-03-14,0.773908257484436,0.10006021363139964,0.0986119881272316,0.0028504154256378577,0.0031492913316615036,0.9785801660003667
2022-03-15,0.7614495754241943,0.10396733736432014,0.09859795868396759,0.0030609961493190713,0.004950147738642614,0.9720260153604439
2022-03-16,0.7889425158500671,0.10202664576149469,0.10001952201128006,0.0028069285353723404,0.004151227917325863,0.9979468400755401
2022-03-17,0.7217314839363098,0.10670348751579847,0.09309140592813492,0.0034829584004526545,0.00597605141192795,0.9309853871926238
2022-03-18,0.6743811368942261,0.11525731948803469,0.09636616706848145,0.00356036854915669,0.006459185230447016,0.8960241772303458
2022-03-19,0.6743811368942261,0.1091558375172737,0.09639944136142731,0.00300050268186893,0.004016586383936078,0.886953504838732
2022-03-20,0.6743811368942261,0.09913551948792977,0.103051096200943,0.0029005298973253826,0.00286053075218058,0.8823288132326048
2022-03-21,0.6998164057731628,0.13176838762484572,0.138119176030159,0.00459228509793513,0.010724339407906885,0.9850205939340094
2022-03-22,0.6781538128852844,0.13206186102385117,0.06648088991641998,0.004578974495726696,0.00832006579002191,0.8895956041113042
2022-03-23,0.6409631967544556,0.11585131208583364,0.06452201306819916,0.00362903443292573,0.00614561070165767,0.8311111670430718
2022-03-24,0.747657299041748,0.138840017563907,0.07348068058490753,0.004867972541734988,0.009518386883754714,0.9743643566160523
2022-03-25,0.6887273192405701,0.1100199108167762,0.06757757812738419,0.004070973860708076,0.003806571339642951,0.8742023533850815
2022-03-26,0.7356212139129639,0.14167239246491753,0.07503201067447662,0.004989318718339711,0.01137211240018816,0.9686870481708859
2022-03-27,0.677639901638031,0.11873376027686186,0.0674549862742424,0.004857351362313253,0.008381238374953337,0.8770672379264018
2022-03-28,0.6915854811668396,0.1269181043594702,0.0694073960185051,0.003716554560819158,0.006104229483142964,0.8977317655887771
2022-03-29,0.677639901638031,0.12371752973142797,0.06578933447599411,0.004080679980653335,0.006851414854754793,0.8780788606808612
2022-03-30,0.6887273192405701,0.12361160575256573,0.06648063659667969,0.004057450077995216,0.0052426292652330755,0.8881196409330437
2022-03-31,0.677639901638031,0.11642637295588897,0.06718657165765762,0.0032058310133263636,0.003844045505939193,0.8683027227708432
2022-04-01,0.6409631967544556,0.10584540500171451,0.06684386730194092,0.0030197125489709034,0.0025857846324711907,0.819257966239553
2022-04-02,0.6409631967544556,0.10607026951344938,0.06684386730194092,0.0029567073589992997,0.002436356298078245,0.8192703972269234
2022-04-03,0.5875596404075623,0.09138612440401869,0.06642241775989532,0.00291296367302099,0.002372051850999945,0.7506531980954972
2022-04-04,0.6017255783081055,0.09930381100879969,0.11838086694478989,0.003420739518455853,0.004406245345056335,0.8272372411252072
2022-04-05,0.6017255783081055,0.11390205572502818,0.12716510891914368,0.004684201356244409,0.0067846010966713735,0.8542615454051931
2022-04-06,0.6398277282714844,0.11464550132318135,0.09811797738075256,0.004443415529096486,0.005644454327199417,0.8626790768317141
2022-04-07,0.6398277282714844,0.10588787662359693,0.09794165194034576,0.003392930588856771,0.00364102859132746,0.8506912160156113
2022-04-08,0.6316066384315491,0.12667652493887874,0.10601972043514252,0.005235410808750984,0.008528426144148744,0.87806672075847
2022-04-09,0.6860365271568298,0.12412725656789741,0.10019642859697342,0.005819863958420997,0.010121356943833532,0.9263014332239553
2022-04-10,0.6860604286193848,0.12191628523174766,0.09940323233604431,0.0043646359228031615,0.008028957047797849,0.9197735391577777
2022-04-11,0.6752612590789795,0.11359177461103218,0.09843233972787857,0.00401765944656566,0.005937067456085702,0.8972401003205416
2022-04-12,0.6752612590789795,0.10722992554074542,0.09734297543764114,0.0036170890210781084,0.0037055574174638508,0.887156806495908
2022-04-13,0.676141083240509,0.10593957852136865,0.09812197834253311,0.0043657328825719745,0.005803349218936474,0.8903717222059192
2022-04-14,0.676141083240509,0.12770934876528084,0.10623806715011597,0.0057130370989504665,0.009611395368351037,0.9254129316232073
2022-04-15,0.7016853094100952,0.12003464039236117,0.10503044724464417,0.005864454079981288,0.00967638577003055,0.9422912368971124
2022-04-16,0.6903652548789978,0.10884435831846126,0.10473557561635971,0.004741601811674119,0.005857627482519694,0.9145444181080127
2022-04-17,0.6654810905456543,0.10661225845406802,0.10257069021463394,0.004642686687957262,0.006130083606823944,0.8854368095091376
2022-04-18,0.6517695784568787,0.10882584481368666,0.09745004773139954,0.005306370973418333,0.004900450895333798,0.8682522928707169
2022-04-19,0.6517695784568787,0.11105198509597812,0.09780862182378769,0.0051088851827508705,0.004897029878052651,0.870636100437448
2022-04-20,0.6627697944641113,0.11340524809051994,0.113740935921669,0.005654969062236551,0.007251204276360963,0.9028221518148977
2022-04-21,0.7133501768112183,0.11041222581152879,0.12791423499584198,0.00978178893800288,0.008471026040584096,0.969929452597176
2022-04-22,0.752269983291626,0.15024161676883485,0.1312490999698639,0.011357877022791101,0.016429153859650766,1.0615477309127668
2022-04-23,0.6876466870307922,0.1442282790633423,0.1262877881526947,0.012739052977773285,0.019735323054514545,0.990637130279117
2022-04-24,0.7692023515701294,0.14598751122386022,0.1348731517791748,0.014477495058086171,0.021832011493013684,1.0863725211242643
2022-04-25,0.7692023515701294,0.14968857506950917,0.1312541663646698,0.023799508505065785,0.02662959382215164,1.1005741953315258
2022-04-26,0.8248250484466553,0.17830398907537182,0.12561564147472382,0.025167256661169143,0.029799693251429917,1.18371162890935
2022-04-27,0.7692023515701294,0.16185039563991574,0.12703675031661987,0.02597314570133534,0.027244591666852395,1.1113072348948527
2022-04-28,0.7692023515701294,0.17937272838281149,0.13885580003261566,0.02211659191350098,0.027287897697998154,1.1368353695970557
2022-04-29,0.777517557144165,0.1963597072888284,0.12450394034385681,0.02647051693745835,0.031698280022759616,1.1565500017370682
2022-04-30,0.8654142618179321,0.2192903766409328,0.16249725222587585,0.028917824187087864,0.03777346886199378,1.3138931837338224
2022-05-01,0.860263466835022,0.22316304566144335,0.1793675720691681,0.02775846341421272,0.04180920982173681,1.332361757801583
2022-05-02,0.8654142618179321,0.21339374969989705,0.1405988484621048,0.026848786383723,0.035991694982910716,1.2822473413465676
2022-05-03,0.8555554747581482,0.21300266226262382,0.13252705335617065,0.027770315195753053,0.033820037194681664,1.2626755427673775
2022-05-04,0.8865199685096741,0.22176268082325762,0.13793757557868958,0.027046308426021376,0.03465941789012295,1.3079259512277654
2022-05-05,0.802783191204071,0.21000539893072093,0.13103288412094116,0.029170593989833453,0.0377489127879509,1.2107409810335175
2022-05-06,0.802783191204071,0.23197192726373286,0.14629727602005005,0.026832652875958162,0.03724620710044896,1.245131254464261
2022-05-07,0.7781281471252441,0.23010709374211374,0.1330193281173706,0.028451730521423874,0.037229873369384346,1.2069361728755366
2022-05-08,0.7655750513076782,0.2325971887323625,0.1360858678817749,0.02942402016983393,0.0373929862834726,1.201075114375122
2022-05-09,0.861278772354126,0.25623577143763304,0.13703633844852448,0.02871482692294819,0.0396643711053023,1.322930080268534
2022-05-10,0.834396481513977,0.2577690886358974,0.13751618564128876,0.027770676636074743,0.036719247253700855,1.2941716796809388
2022-05-11,0.6950340270996094,0.2452366377253901,0.10661313682794571,0.02647532302481097,0.031779147284026164,1.1051382719617822
2022-05-12,0.6950340270996094,0.2267676331639347,0.08353207260370255,0.02441033936115757,0.024324496731823932,1.0540685689602283
2022-05-13,0.7162657976150513,0.20925804987359653,0.07465523481369019,0.021688900397871743,0.0221862424449911,1.0440542251452007
2022-05-14,0.7047104835510254,0.21544264460909965,0.07842286676168442,0.020965193586401986,0.01994286092224087,1.0394840494304525
2022-05-15,0.7298534512519836,0.19578817084345662,0.1146540567278862,0.021098056428384894,0.017474605671959135,1.0788683409236706
2022-05-16,0.7826308012008667,0.20334757047494895,0.10966962575912476,0.02114182308349371,0.019088244572404777,1.1358780650908389
2022-05-17,0.7785060405731201,0.22096364647619962,0.11688358336687088,0.021809966639991976,0.023032762747662517,1.161195999803845
2022-05-18,0.699884295463562,0.23605159553623573,0.07796047627925873,0.02224762252174603,0.022264253474041935,1.0584082432748445
2022-05-19,0.6897326111793518,0.2480680912470783,0.07743030786514282,0.02568274631079299,0.026613375711381972,1.0675271323137479
2022-05-20,0.6669275760650635,0.27362795757934155,0.08364345133304596,0.025152967397852468,0.029139528250736145,1.0784914806260395
2022-05-21,0.7005952596664429,0.2846273824077671,0.08277399837970734,0.02784624232006704,0.029992160297757385,1.1258350430717416
2022-05-22,0.7208391427993774,0.30774198709860345,0.09284866601228714,0.028081107495067308,0.0350233670392782,1.1845342704446133
2022-05-23,0.7260360717773438,0.3313234214091553,0.1137114018201828,0.02999969652217276,0.039760678947078416,1.240831270475933
2022-05-24,0.7944130301475525,0.36324811844183585,0.12982943654060364,0.031278244356362186,0.04863839460573436,1.3674072240920885
2022-05-25,0.8450233936309814,0.5237767162307274,0.13381972908973694,0.03980535051817561,0.05072043054292843,1.59314562001255
2022-05-26,0.9909559488296509,0.5068190528354608,0.12467928975820541,0.04010386225175037,0.05293005340020499,1.7154882070752726
2022-05-27,0.9909559488296509,0.57249148992997,0.13896001875400543,0.04363805670380819,0.06447032219984634,1.8105158364172809
2022-05-28,1.0090892314910889,0.6157974730245324,0.14878305792808533,0.046555113428564616,0.07005026333605102,1.8902751392083221
2022-05-29,1.0590033531188965,0.6285255458502019,0.18743547797203064,0.04582555987555539,0.07043863378864172,1.9912285706053263
2022-05-30,1.1345888376235962,0.5844581550083221,0.19219958782196045,0.046493581262069955,0.06899948456416857,2.026739646280117
2022-05-31,1.2217035293579102,0.5865640109308885,0.14150245487689972,0.04641460535287109,0.07047596215970782,2.0666605626782775
2022-06-01,1.1317942142486572,0.5921591485734081,0.13318708539009094,0.04439634053145822,0.06605068488745552,1.9675874736310701
2022-06-02,1.1165008544921875,0.5710923224464144,0.13311375677585602,0.04264764103431991,0.06596292569599263,1.9293175004447705
2022-06-03,1.159628987312317,0.5308950158145831,0.11041665077209473,0.04134077970349691,0.06446823661340048,1.906749670215892
2022-06-04,1.227382779121399,0.5178931036077212,0.10999632626771927,0.04416490740692303,0.06726787551317787,1.9667049919169404
2022-06-05,1.2095202207565308,0.5219989127258264,0.11138308048248291,0.044303613979259256,0.06721441174060781,1.954420239684707
2022-06-06,1.2336513996124268,0.5186612550220329,0.115537129342556,0.045084433477272944,0.06488264721109573,1.9778168646653842
2022-06-07,1.2125567197799683,0.5788707863076217,0.11963553726673126,0.04393989164043761,0.0684873326820283,2.023490267676787
2022-06-08,1.407301902770996,0.6598383471537674,0.1382327675819397,0.04776844761924829,0.07436501496464998,2.3275064800906016
2022-06-09,1.428399682044983,0.7026348449261828,0.14011509716510773,0.047364634665097036,0.07842065584388934,2.39693491464526
2022-06-10,1.463110089302063,0.7431693744406178,0.14453423023223877,0.048230233709073055,0.07722005596587793,2.4762639836498708
2022-06-11,1.4743353128433228,0.767939085555136,0.19712874293327332,0.049035318549530985,0.08069875583870983,2.569137215719973
2022-06-12,1.4983851909637451,0.7428119915774274,0.23792092502117157,0.04900284587689163,0.0782780285047025,2.606398981943938
2022-06-13,1.475307822227478,0.7358801186257691,0.19467921555042267,0.04955512211969416,0.07848635101559763,2.5339086295389617
2022-06-14,1.475307822227478,0.7470228110752875,0.19491314888000488,0.049088541590208756,0.08036033019927918,2.5466926539722583
2022-06-15,1.6381187438964844,0.8562837868641859,0.1637750267982483,0.04865304797458558,0.08140949275186227,2.788240098285366
2022-06-16,1.6785780191421509,0.8719323480107233,0.252109169960022,0.04886488332989774,0.0829130713783425,2.9343974918211364
2022-06-17,1.6169135570526123,0.71685029979495,0.17067532241344452,0.04141190933482466,0.08132762846984015,2.6271787170656715
2022-06-18,1.5153841972351074,0.7582069798746007,0.18467505276203156,0.041734112387066154,0.08304240050150466,2.5830427427603104
2022-06-19,1.6598397493362427,0.9192735803891641,0.18878239393234253,0.04967167398059705,0.08436656247663055,2.9019339601149765
2022-06-20,1.681444764137268,0.9515866127800641,0.17549368739128113,0.049820031169988406,0.08485408948772157,2.943199184966323
2022-06-21,1.658724308013916,0.9588133208089362,0.17631010711193085,0.04977132798919493,0.08462479095887096,2.928243854882849
2022-06-22,1.681444764137268,0.9544743838852805,0.18820106983184814,0.049062664580572006,0.08515652750831591,2.9583394099432843
2022-06-23,1.6783933639526367,0.8909657021198063,0.17226968705654144,0.04846205406522767,0.08264027937260787,2.87273108656682
2022-06-24,1.6975250244140625,0.8108607933674967,0.2481805980205536,0.04772701482695681,0.08153055007262543,2.885823980701695
2022-06-25,1.6846002340316772,0.7561513037880832,0.1783856302499771,0.046320234158865645,0.07843023567102371,2.743887637899627
2022-06-26,1.6014375686645508,0.6385095520308679,0.17502395808696747,0.03790011292542126,0.07627219199176087,2.5291433836995685
2022-06-27,1.6636382341384888,0.6288254757928826,0.15862922370433807,0.038921337325821884,0.07604927443127382,2.566063545392805
2022-06-28,1.533504605293274,0.599715716967484,0.15258000791072845,0.0367967202138826,0.07144349601221045,2.3940405463975796
2022-06-29,1.339381456375122,0.5461323339685797,0.15243908762931824,0.03430107833942593,0.05671550815238658,2.1289694644648325
2022-06-30,1.1981167793273926,0.528276373916869,0.1503250002861023,0.033097266431437775,0.05395617153852742,1.963771591500329
2022-07-01,1.176103115081787,0.47878153446707633,0.14683274924755096,0.03234424981806662,0.048876839655182296,1.8829384882696631
2022-07-02,1.1564373970031738,0.430171034987626,0.1594904214143753,0.03136086034538305,0.04232356371935721,1.8197832774699154
2022-07-03,1.1264376640319824,0.40477042607621816,0.14736907184123993,0.032555313884987364,0.038058675756874424,1.7491911515913023
2022-07-04,1.1610503196716309,0.41113300619197507,0.1523607075214386,0.03350872453085542,0.05058036177783513,1.808633119693735
2022-07-05,1.1968642473220825,0.40708928579846343,0.14858709275722504,0.03370308564767462,0.04841757234048859,1.834661283865934
2022-07-06,1.180840253829956,0.39631249734587876,0.16138319671154022,0.03296696152263691,0.04168328058404744,1.8131861899940593
2022-07-07,1.224163293838501,0.3988018205230872,0.15618471801280975,0.03362212982740055,0.04572957418188721,1.8585015363836859
2022-07-08,1.2300326824188232,0.37116461395976025,0.15392917394638062,0.03292530222870085,0.04012235546040925,1.8281741280140742
2022-07-09,1.2300326824188232,0.35975616414738043,0.14514674246311188,0.03056247780798832,0.034239020011209875,1.7997370868485139
2022-07-10,1.2481367588043213,0.34107013781873025,0.13780537247657776,0.029752341589575803,0.03293062128516752,1.7896952319743724
2022-07-11,1.1377179622650146,0.34741982799802595,0.14526979625225067,0.029298492126653097,0.028009574853498302,1.6877156534954427
2022-07-12,1.2082535028457642,0.3642776620132587,0.14526979625225067,0.03198825555082155,0.03374261048281329,1.7835318271449083
2022-07-13,1.2744866609573364,0.3760356303478811,0.13290533423423767,0.03275626743531306,0.03426226935538404,1.8504461623301522
2022-07-14,1.3924752473831177,0.3937558233507159,0.14384350180625916,0.03289296526018091,0.03654021503742054,1.999507752837694
2022-07-15,1.3970551490783691,0.45176677184656067,0.14035022258758545,0.03332565436513548,0.03975497109426178,2.0622527689719123
2022-07-16,1.380900502204895,0.4498730747943706,0.14837361872196198,0.03277438607730849,0.037998511012509215,2.0499200928110453
2022-07-17,1.277206540107727,0.4607229449944695,0.1431470513343811,0.03249112726924197,0.03906428647448816,1.9526319501803078
2022-07-18,1.3375566005706787,0.3599551834054982,0.1287025362253189,0.02945707368930586,0.03252381943304589,1.8881952133238475
2022-07-19,1.275688886642456,0.34347001570198693,0.13886773586273193,0.028157073964464523,0.031063096637967157,1.8172468088096068
2022-07-20,1.525098443031311,0.3429054612180544,0.1411736011505127,0.0276050528755061,0.0357589710930209,2.0725415293684053
2022-07-21,1.3086459636688232,0.2965271700199852,0.10912243276834488,0.027660302469406456,0.028505999211175727,1.7704618681377355
2022-07-22,1.284178614616394,0.2765627871977851,0.11441757529973984,0.02639156435081162,0.02872467650570189,1.7302752179704326
2022-07-23,1.193209171295166,0.27577233636998727,0.10325874388217926,0.02862143812755737,0.029910294184110665,1.6307719838590007
2022-07-24,1.2522207498550415,0.3272066128366627,0.11649831384420395,0.02790939249957824,0.03546074951511985,1.759295818550606
2022-07-25,1.2791389226913452,0.3053408911427691,0.10780913382768631,0.026743101546737993,0.037047270587329414,1.7560793197958682
2022-07-26,1.3319745063781738,0.29507437654467966,0.10110794007778168,0.025589636074837076,0.030321448556423294,1.7840679076318957
2022-07-27,1.1771081686019897,0.2945186851707423,0.11080251634120941,0.02454278054551792,0.028773102495212567,1.635745253154672
2022-07-28,1.2316581010818481,0.31326899521841917,0.12309641391038895,0.029125036049292834,0.042909583532530646,1.7400581297924795
2022-07-29,1.3794071674346924,0.33858662754426166,0.10982906073331833,0.029033011130434494,0.044730137891647856,1.9015860047343547
2022-07-30,1.2316581010818481,0.3080210200511137,0.10788148641586304,0.02788647206441859,0.04308094413313419,1.7185280237463776
2022-07-31,1.244011640548706,0.29940879035023416,0.1667853146791458,0.02716604077478244,0.04032019613743202,1.7776919824903006
2022-08-01,1.2897253036499023,0.3059611799858283,0.1149631217122078,0.028372461964217114,0.04161545322139397,1.7806375205335496
2022-08-02,1.2719107866287231,0.2987041183951298,0.11778062582015991,0.0278569760202118,0.0425034305992152,1.7587559374634398
2022-08-03,1.423934817314148,0.29982193805628116,0.1754375398159027,0.027533770345672844,0.04234513511659563,1.9690732006486003
2022-08-04,1.2586179971694946,0.2689235631838342,0.11113245785236359,0.024012356602397478,0.02819312119314128,1.6908794960012312
2022-08-05,1.2061939239501953,0.24420749294367075,0.11088309437036514,0.019372437824964325,0.02996161607245633,1.6106185651616518
2022-08-06,1.1063096523284912,0.24764336997171613,0.1031985953450203,0.017706696966439554,0.025657844005924947,1.5005161586175921
2022-08-07,1.0149471759796143,0.25262148375070453,0.10279226303100586,0.018860297177021625,0.034262898115844785,1.423484118054191
2022-08-08,1.0627974271774292,0.24716057964911683,0.10200037807226181,0.020921762587183857,0.033053767954050774,1.4659339154400424
2022-08-09,1.0482395887374878,0.24738892109032523,0.10327844321727753,0.01972395086395223,0.029800771847831045,1.4484316757568738
2022-08-10,1.024074673652649,0.28282859652664194,0.11417899280786514,0.02074258881033596,0.038980801220418006,1.48080565301791
2022-08-11,1.191919207572937,0.2832197505867155,0.11631491780281067,0.023847953525147392,0.0409979287616845,1.656299758249295
2022-08-12,1.0948638916015625,0.3059246559829956,0.11354213953018188,0.021522174268648293,0.04658374144305797,1.582436602826446
2022-08-13,1.4881792068481445,0.3528279797850534,0.12815633416175842,0.024162718487415035,0.052904815138134276,2.046231054420506
2022-08-14,1.4578214883804321,0.3479502582512376,0.1362190991640091,0.026843754203836175,0.05156873989089682,2.0204033398904118
2022-08-15,1.8115453720092773,0.3624369049307085,0.13490881025791168,0.029284396757547543,0.05193458033946045,2.3901100642949054
2022-08-16,1.760888934135437,0.4655696767173126,0.1604728400707245,0.03708816546359034,0.055070548687603645,2.479090165074668
2022-08-17,1.7817692756652832,0.5379377291753775,0.15930546820163727,0.039582038008921426,0.05668318367120514,2.5752776947224243
2022-08-18,1.8322265148162842,0.6071918995689802,0.15691635012626648,0.042692803688874056,0.059023993847327504,2.6980515620477323
2022-08-19,2.2902798652648926,0.6772158879376584,0.2311454564332962,0.04455439011217281,0.06182995031129381,3.305025550059314
2022-08-20,1.9836006164550781,0.6416307422504484,0.17047275602817535,0.043139373098905316,0.05499090858042461,2.8938343964130318
2022-08-21,2.093876600265503,0.5168079182209284,0.18473540246486664,0.035873350159796175,0.05317703988543446,2.884470310996529
2022-08-22,2.0984160900115967,0.47533343699486474,0.1771802455186844,0.03297670741386024,0.053215522423777854,2.8371220023627837
2022-08-23,1.8209021091461182,0.4601231564082387,0.16071797907352448,0.03361765562012583,0.051973248890164955,2.527334149138172
2022-08-24,1.7087757587432861,0.44376812556089845,0.15409986674785614,0.032438885468225626,0.04715345701319907,2.3862360935334657
2022-08-25,1.8050224781036377,0.4299147276571443,0.1679612249135971,0.03178923122907399,0.04799728311947882,2.482684945022932
2022-08-26,1.8571499586105347,0.4746914595443149,0.1707967072725296,0.03292656556562705,0.05202951317424862,2.587594204167255
2022-08-27,1.8072861433029175,0.4463292747303466,0.16090179979801178,0.03334488334781347,0.05138223813163471,2.499244339310724
2022-08-28,1.9171521663665771,0.47218992146053024,0.15771882236003876,0.033353434567124,0.045725375109618605,2.6261397198638887
2022-08-29,1.9037456512451172,0.5327933350027563,0.15962707996368408,0.03299145400806366,0.04482036134557019,2.673977881565191
2022-08-30,2.0748836994171143,0.6482109119693056,0.16792769730091095,0.03559352799061075,0.04767457756341752,2.974290414241359
2022-08-31,2.403794765472412,0.7175451181705328,0.1820298731327057,0.042801577397485385,0.05134539142576635,3.3975167255989023
2022-09-01,2.444331645965576,0.7511033345674931,0.19816628098487854,0.045338511080695997,0.059929852944966513,3.4988696255436107
2022-09-02,2.444331645965576,0.8030032897785375,0.20024216175079346,0.04626456754428771,0.06255348082747836,3.5563951458666736
2022-09-03,2.6296427249908447,0.8486209808962848,0.27215152978897095,0.04872781292757073,0.07591257503793197,3.875055623641603
2022-09-04,2.5981833934783936,0.9741613496948982,0.23456141352653503,0.05110305538335286,0.08050499600962742,3.9385142080928075
2022-09-05,2.567735195159912,1.0122184214387908,0.2277592569589615,0.05020024869087347,0.08231807115174342,3.9402311934002814
2022-09-06,2.3583412170410156,1.017436261634301,0.2699563205242157,0.05101074186583997,0.08264945915352874,3.7793940002189013
2022-09-07,2.4117190837860107,1.0335702031048637,0.27370670437812805,0.05073709417318263,0.0836418552504109,3.8533749406925963
2022-09-08,2.337752103805542,0.997832289087619,0.2628212869167328,0.051040236309383064,0.08228171960865537,3.7317276357279323
2022-09-09,2.337752103805542,0.9555151364683045,0.27298036217689514,0.051162103489471575,0.08145147770991056,3.6988611836501235
2022-09-10,2.642366409301758,0.9575171962105535,0.28450238704681396,0.0514081186577966,0.07774030874088145,4.013534419957804
2022-09-11,2.523102045059204,0.9479614165546271,0.2781214416027069,0.050970593007641625,0.07673606695897187,3.8768915631831518
2022-09-12,2.4793643951416016,0.9801513015797692,0.24785366654396057,0.04969829395731885,0.07671979143996864,3.8337874486626187
2022-09-13,2.1760435104370117,0.9783937355643537,0.2477782964706421,0.05033848323822124,0.07607445403219297,3.528628479742422
2022-09-14,2.3779456615448,0.9502558361120534,0.25803062319755554,0.050696781389918545,0.07497093023075087,3.7118998324750785
2022-09-15,2.418046474456787,0.9695392737700586,0.24918587505817413,0.0510259501987861,0.07947238198335525,3.7672699554671607
2022-09-16,2.792962074279785,1.0011961896539288,0.2685052156448364,0.05138083044195339,0.07989139336943651,4.19393570338994
2022-09-17,2.792962074279785,1.0145497115143236,0.2511298656463623,0.052309342847197245,0.0806654431238731,4.191616437411541
2022-09-18,2.5437746047973633,1.0360042285389968,0.24660643935203552,0.0519518319481435,0.08219936440478377,3.960536469041323
2022-09-19,2.792962074279785,1.0252433663959857,0.24886120855808258,0.05154602825283653,0.08132994515594948,4.199942622642639
2022-09-20,2.623260974884033,1.0183763475075072,0.34962624311447144,0.05166855763038997,0.08122923639837118,4.1241613595347735
2022-09-21,2.7826714515686035,1.021285791324988,0.2685627043247223,0.05232657407430737,0.08336686679471977,4.208213388087341
2022-09-22,2.2152066230773926,1.0426686531413352,0.31531020998954773,0.05229594393030952,0.08558824537866146,3.7110696755172463
2022-09-23,2.2525634765625,1.0408579910937075,0.30633482336997986,0.05123706562341182,0.08569138733905657,3.736684743988656
2022-09-24,2.2525634765625,1.0375878651358148,0.32070639729499817,0.05029876826731953,0.08560621723304772,3.7467627244936805
2022-09-25,2.2525634765625,1.0024085803614668,0.2645607888698578,0.05110817732784378,0.08482726049955672,3.655468283621225
2022-09-26,2.2525634765625,0.9889013221379606,0.2926250100135803,0.05079598630779104,0.08539446479485414,3.670280259816686
2022-09-27,2.2525634765625,1.0243912024362696,0.32327908277511597,0.05124367249968789,0.08618389955590271,3.737661333829476
2022-09-28,2.2525634765625,1.0441180807680581,0.32192888855934143,0.05134781781721634,0.08618389955590271,3.7561421632630188
2022-09-29,2.2525634765625,1.0440744868611245,0.2886832654476166,0.05097812316690295,0.08395453708656711,3.720253889124711
2022-09-30,2.2525634765625,0.971038494367771,0.291093647480011,0.050260798689112256,0.0825550932781386,3.647511510377533
2022-10-01,2.164797782897949,0.9288224331874215,0.28909242153167725,0.049843748693665944,0.0812447428079904,3.513801129118704
2022-10-02,2.164797782897949,0.9250864313189868,0.26652178168296814,0.04933056470265978,0.080853302208389,3.486589862810953
2022-10-03,2.164797782897949,0.9232350486662038,0.25248971581459045,0.04350454131169925,0.0778734865822211,3.4619005752726637
2022-10-04,2.197054386138916,0.7636281150441995,0.2494209259748459,0.041349600461007704,0.07554695155271915,3.3269999791716884
2022-10-05,2.197054386138916,0.7136593030783509,0.2165202647447586,0.040797799164625635,0.07277508326535735,3.240806836392008
2022-10-06,2.047262668609619,0.668671951509892,0.20969171822071075,0.03960489926061176,0.06649565440635762,3.0317268920071916
2022-10-07,1.9990657567977905,0.5996769348909918,0.18936370313167572,0.038130173102296556,0.06463733605250041,2.890873903975255
2022-10-08,1.723004698753357,0.5422499438470567,0.17187689244747162,0.03779323107038628,0.05970732391880439,2.5346320900370753
2022-10-09,1.7483645677566528,0.5303483232084454,0.1775708943605423,0.03682390075684729,0.05932525745630686,2.5524329435387947
2022-10-10,1.723004698753357,0.5408794300251576,0.19126196205615997,0.03887922628601172,0.060942450671038595,2.554967767791725
2022-10-11,1.7281088829040527,0.6355231661274652,0.18369543552398682,0.03923757119704908,0.06703904196733433,2.6536040977198883
2022-10-12,1.9411399364471436,0.6143918778635609,0.17674967646598816,0.03889450980293874,0.06633570913979515,2.8375117097194265
2022-10-13,2.022005319595337,0.5996562093013331,0.18204855918884277,0.03800041069557839,0.06602466082573893,2.90773515960683
2022-10-14,1.7947829961776733,0.5862223164640947,0.1733393520116806,0.03837213024251896,0.06493513302717331,2.657651927923141
2022-10-15,2.1660726070404053,0.7446035517469669,0.17915618419647217,0.04266658260647329,0.06776663970207432,3.200265565292392
2022-10-16,2.334099292755127,0.7633955195126227,0.18122495710849762,0.04718873494768583,0.06938134143358049,3.3952898457575134
2022-10-17,2.2272143363952637,0.7656480684580411,0.21671932935714722,0.048055695188512285,0.07132637538933888,3.328963804788303
2022-10-18,2.2313876152038574,0.7103875581703756,0.2700243294239044,0.048081208200203535,0.07025965701699521,3.330140368015336
2022-10-19,2.178856134414673,0.6907324618648445,0.20743989944458008,0.041563032908995975,0.06374250309467538,3.182334031727769
2022-10-20,2.067770481109619,0.7913057597332549,0.2516884505748749,0.046682069442589465,0.06834942023673998,3.2257961810970786
2022-10-21,2.1775412559509277,0.9247685514373378,0.23638664186000824,0.04987471413221125,0.07009363668427228,3.4586648000647573
2022-10-22,2.4280436038970947,0.866338253915125,0.21782290935516357,0.04944118402561825,0.0666223179015441,3.6282682690945456
2022-10-23,2.4280436038970947,0.7852215836919985,0.20331822335720062,0.04166065683379837,0.06350728009589099,3.521751347875983
2022-10-24,2.463780641555786,0.7661769562680747,0.21244338154792786,0.039601383259218824,0.06103269731986118,3.543035059950869
2022-10-25,2.2683265209198,0.5575130763606244,0.19389182329177856,0.03520160561638939,0.056181990777382645,3.111115016965975
2022-10-26,2.184149742126465,0.5393503827327488,0.1914529651403427,0.035014099030672055,0.055461856268217355,3.005429045298446
2022-10-27,2.184149742126465,0.5098541664401992,0.18307477235794067,0.03433121893412305,0.051490661188998324,2.9629005610477264
2022-10-28,2.184149742126465,0.43581118504567906,0.17294269800186157,0.03267095856669818,0.041861513449239295,2.867436097189943
2022-10-29,2.0630886554718018,0.3755066021156863,0.19287951290607452,0.029694491153868754,0.04000183293012552,2.701171094577557
2022-10-30,1.7568644285202026,0.3474136896447562,0.16630953550338745,0.02845953506872266,0.03436955018214021,2.333416738919209
2022-10-31,1.6781244277954102,0.33263991237670915,0.15448015928268433,0.026687161441743056,0.03232583581964384,2.2242574967161906
2022-11-01,1.5715396404266357,0.3068425187722877,0.14074428379535675,0.025126457728019868,0.030365975675908017,2.074618876398208
2022-11-02,1.47087824344635,0.2853369643061902,0.13693125545978546,0.024800937563716718,0.03174084961933959,1.9496882503953823
2022-11-03,1.47087824344635,0.2975372071222122,0.14579658210277557,0.024528585086301357,0.033118038025249444,1.9718586557828885
2022-11-04,1.446977138519287,0.3022332287408973,0.13129976391792297,0.027764816845127223,0.038781706449921946,1.9470566544731565
2022-11-05,1.5036256313323975,0.30836215895779745,0.1318713128566742,0.028766275009848342,0.04575723997768625,2.0183826181344036
2022-11-06,1.5036256313323975,0.33343860941276116,0.14399603009223938,0.028632444523048813,0.0520682084382148,2.061760923798662
2022-11-07,1.733221173286438,0.3677578990988061,0.17876888811588287,0.030725940914706037,0.05334838931683012,2.363822290732663
2022-11-08,1.7077746391296387,0.5070580247395418,0.17901606857776642,0.034212924714164046,0.0542293964018325,2.4822910535629434
2022-11-09,2.000113010406494,0.5184311609708663,0.14627417922019958,0.03949492857698298,0.05398340147796228,2.758296680652505
2022-11-10,2.000113010406494,0.48183854127172265,0.1673366129398346,0.03823841296588895,0.052888683225396756,2.7404152608093373
2022-11-11,2.0595242977142334,0.4542583107772235,0.16769494116306305,0.033628424375250945,0.051435267180847434,2.7665412412106183
2022-11-12,2.1473238468170166,0.42074180834742786,0.16333329677581787,0.032064913295065736,0.047263400936478135,2.8107272661718063
2022-11-13,2.0595242977142334,0.31608825204256447,0.1618269830942154,0.029824183190283005,0.044865601445260916,2.612129317486557
2022-11-14,1.818366527557373,0.28668001914463465,0.15074272453784943,0.026614091023216286,0.04245416943130913,2.324857531694383
2022-11-15,1.6902559995651245,0.26392939206416755,0.12693995237350464,0.025185247423330902,0.03439279828422145,2.1407033897103487
2022-11-16,1.383224606513977,0.25360457741207443,0.1250346601009369,0.025062179613822688,0.03297082585523833,1.8198968494960492
2022-11-17,1.506659984588623,0.27067259515114617,0.13624367117881775,0.024503760219478993,0.03611378312440027,1.9741937942624663
2022-11-18,1.147400140762329,0.2427056996487267,0.10037616640329361,0.02380923854586205,0.03339454238768185,1.5476857877478933
2022-11-19,1.161005973815918,0.24228114247066043,0.10076895356178284,0.02359564470553957,0.034645996479816185,1.562297711033717
2022-11-20,1.161005973815918,0.24619714988871746,0.1079418957233429,0.022701747321610802,0.0389581521818893,1.5768049189314786
2022-11-21,1.161005973815918,0.2604264423435478,0.11817976832389832,0.022445317560489644,0.04033501005154582,1.6023925120953997
2022-11-22,1.244960904121399,0.25317412077468104,0.11163963377475739,0.02508588094924687,0.04580887533066209,1.6806694149507462
2022-11-23,1.2762336730957031,0.25054329088211863,0.10791688412427902,0.02504195680074675,0.04425743255672711,1.7039932374595745
2022-11-24,1.2231301069259644,0.24728971983784023,0.10598231852054596,0.023672358886920455,0.04433701071627396,1.6444115148875451
2022-11-25,1.1817727088928223,0.24480843340260738,0.10589757561683655,0.023321979285006615,0.04412596442977008,1.599926661627043
2022-11-26,1.2204176187515259,0.2479404217684419,0.10450400412082672,0.02280473666975432,0.04364044098699821,1.6393072222975469
2022-11-27,1.2928364276885986,0.2538755139589153,0.10546420514583588,0.024700762176040374,0.048720094138221016,1.7255970031076113
2022-11-28,1.3514964580535889,0.27478787906693725,0.1290557086467743,0.02793985924317358,0.05303094679792983,1.836310851808404
2022-11-29,1.7991344928741455,0.3074724757144376,0.15275633335113525,0.027306807754750903,0.05523975886740859,2.3419098685618778
2022-11-30,1.9841070175170898,0.28413445148306465,0.140268936753273,0.029381294580672235,0.050782356009581774,2.4886740563436813
2022-12-01,1.919999599456787,0.27157775514650295,0.1399562656879425,0.026942797877258305,0.04857933517689076,2.407055753345382
2022-12-02,2.0108489990234375,0.24968896480973513,0.13532747328281403,0.025586423858627645,0.047610363463497854,2.469062224438112
2022-12-03,1.5084609985351562,0.24355269372324104,0.14478899538516998,0.023243282514359278,0.04583095281503259,1.9658769229729594
2022-12-04,1.4365695714950562,0.23791044341263326,0.1288798600435257,0.02185294186138825,0.0446247271232076,1.869837543935811
2022-12-05,1.4495477676391602,0.23244805599702553,0.13382112979888916,0.022251217854319404,0.04070651732756243,1.8787746886169567
2022-12-06,1.0771301984786987,0.2241470328611092,0.14452868700027466,0.02098181620017294,0.03967777557614645,1.506465510116402
2022-12-07,1.1171540021896362,0.21383721542090972,0.1407000869512558,0.014693249521566665,0.0372807271981516,1.5236652812815201
2022-12-08,1.0895404815673828,0.20829602222861818,0.12227173894643784,0.014205320944113793,0.03746193165814613,1.4717754953446986
2022-12-09,1.150657057762146,0.21198371232387878,0.12907075881958008,0.015005186807079832,0.03892849758995864,1.5456452133026433
2022-12-10,1.0739243030548096,0.21395123667836338,0.1189722791314125,0.013350008669869948,0.03717777075985017,1.4573755982943055
2022-12-11,1.2137980461120605,0.21798638476611287,0.12420914322137833,0.012693805532078994,0.038344936233530136,1.607032315865161
2022-12-12,1.0153452157974243,0.20743275881723286,0.08822347223758698,0.011739677684423825,0.034964120987464355,1.3577052455241323
2022-12-13,1.1143866777420044,0.24747402567363644,0.11951463669538498,0.01297525789616933,0.04376272811571007,1.5381133261229052
2022-12-14,0.8868505358695984,0.21233801193066537,0.0822165384888649,0.013220475166663973,0.038163149072948765,1.2327887105287414
2022-12-15,0.8868505358695984,0.2014394079840283,0.08208928257226944,0.011671851092664338,0.03556602595299721,1.2176171034715577
2022-12-16,0.9199108481407166,0.20433607925770128,0.08523023873567581,0.011970928345830337,0.03575067154991675,1.2571987660298407
2022-12-17,0.8826586008071899,0.19183969919166186,0.09778010845184326,0.01203343503759109,0.02830487327996002,1.212616716768246
2022-12-18,0.9067421555519104,0.20017081348155374,0.0929955318570137,0.011614042996312385,0.02710966550082988,1.2386322093876199
2022-12-19,0.884329617023468,0.18543772047480636,0.08664588630199432,0.011275032963756607,0.027273289987424544,1.1949615467514498
2022-12-20,0.8738640546798706,0.1819005985833043,0.08247549831867218,0.010264406132633063,0.02434107403378622,1.1728456317482663
2022-12-21,0.9020054340362549,0.17765792882028342,0.08582761138677597,0.009790657710939435,0.02250588503696832,1.197787516991222
2022-12-22,0.8833606839179993,0.17286659839392612,0.08327579498291016,0.009823842795215223,0.022530900180916212,1.171857820270967
2022-12-23,0.9057486653327942,0.17493885777563975,0.08809506893157959,0.009781888165481763,0.02255472656115183,1.2011192067666472
2022-12-24,0.9834816455841064,0.171236876318579,0.11167163401842117,0.009498095209260662,0.022439550359909445,1.2983278014902768
2022-12-25,0.959172248840332,0.16796775973050396,0.1065104752779007,0.009696548572379785,0.02450375875561012,1.2678507911767267
2022-12-26,0.9789116382598877,0.1646721466523238,0.11114290356636047,0.009784821175176824,0.024308310065308862,1.2888198197190575
2022-12-27,0.959172248840332,0.16652736482547265,0.10771998018026352,0.009803873625324267,0.030406364587400463,1.2736298320587929
2022-12-28,0.9579421281814575,0.16808641143769068,0.10771998018026352,0.009724031041397572,0.03161137507112074,1.27508392591193
2022-12-29,1.0454119443893433,0.19476313326434147,0.11157425493001938,0.010785854036975422,0.03547053801411823,1.3980057246347977
2022-12-30,0.7549454569816589,0.17736901413110784,0.12879225611686707,0.009676808706168421,0.030105555738636543,1.100889091674439
2022-12-31,0.8072417378425598,0.1708616150466143,0.11253396421670914,0.009827836076912228,0.03077830407017406,1.1312434572529695
2023-01-01,0.8110102415084839,0.17486312354567038,0.14070682227611542,0.009712175017888191,0.029997813310034222,1.166290175658192
2023-01-02,0.872690737247467,0.19440549857994965,0.11380594968795776,0.010631977905720388,0.03452229549335844,1.2260564589144534
2023-01-03,0.8029642701148987,0.18084104893744282,0.08423887938261032,0.009508111720457629,0.030178891589098977,1.1077312017445085
2023-01-04,0.8194890022277832,0.17157989241190696,0.08809742331504822,0.010220320706339665,0.02417215782603951,1.1135587964871174
2023-01-05,0.8413363695144653,0.16991180772291073,0.09006336331367493,0.010346692586541613,0.021269533857925092,1.1329277669955178
2023-01-06,0.7679355144500732,0.1680244285696669,0.08757317066192627,0.010164444418704578,0.02089648028781734,1.0545940383881882
2023-01-07,0.7715206146240234,0.16535190607809858,0.08229155093431473,0.00872091776356336,0.020273935619321545,1.0481589250193217
2023-01-08,0.6933844089508057,0.16378099017422615,0.07669828832149506,0.008885264278297757,0.020625643256468488,0.9633745949812932
2023-01-09,0.7703702449798584,0.15898254308728196,0.10177737474441528,0.008710061691197793,0.0222242892022365,1.0620645137049898
2023-01-10,0.7703702449798584,0.1477710834763847,0.10166709870100021,0.009430865408829363,0.024708920366873107,1.0539482129329456
2023-01-11,0.7703702449798584,0.15644447410479115,0.10097542405128479,0.009480469600362529,0.02999360887706723,1.0672642216133639
2023-01-12,0.7703702449798584,0.1440746575283125,0.0995522066950798,0.009115306006308437,0.029674974474847966,1.052787389684407
2023-01-13,0.852599561214447,0.13980385568546777,0.10085656493902206,0.009098779719273566,0.030853730528924973,1.1332124920871354
2023-01-14,0.8824371099472046,0.12816730699400627,0.10136016458272934,0.0089867524638202,0.032293693726886084,1.1532450277146467
2023-01-15,0.8701457381248474,0.12881809391655044,0.1089635044336319,0.008809282265992556,0.03221296845796419,1.1489495871989865
2023-01-16,0.8384486436843872,0.12457616573688386,0.10669257491827011,0.008496566278394922,0.029356270353833223,1.1075702209717695
2023-01-17,0.7688724398612976,0.12419979245130736,0.10282055288553238,0.007915098055144286,0.023487054584243005,1.0272949378375247
2023-01-18,0.7688724398612976,0.12012157334436238,0.10179737210273743,0.007685109577458672,0.022338126106543812,1.0208146209923998
2023-01-19,0.7846956253051758,0.10787893594215882,0.1055452972650528,0.007624308108845474,0.02145351279521048,1.0271976794164432
2023-01-20,0.8045830726623535,0.11586144595524056,0.11329714953899384,0.0074385849390315745,0.022098183043510685,1.06327843613913
2023-01-21,0.8356473445892334,0.10763120495366807,0.11383702605962753,0.00711656478660017,0.019993372424789022,1.0842255128139182
2023-01-22,0.8187967538833618,0.10471238954210599,0.11656343191862106,0.007561950826965227,0.016670443321652757,1.064304969492707
2023-01-23,0.7938785552978516,0.10717831792203242,0.11475967615842819,0.007727482246105827,0.009213564090978364,1.0327575957153963
2023-01-24,0.802047848701477,0.11332141494947037,0.12199406325817108,0.007535932070881839,0.007792002756259362,1.0526912617362598
2023-01-25,0.7757049798965454,0.10603760499258003,0.14927934110164642,0.007866248105586435,0.006608782405416726,1.0454969565017749
2023-01-26,0.9068178534507751,0.10701397724466075,0.1602686196565628,0.00867265015454867,0.00720028341795216,1.1899733839244995
2023-01-27,0.9877399206161499,0.13438009102427703,0.15376640856266022,0.007836934176251356,0.01098895520520494,1.2947123095845434
2023-01-28,0.6817048788070679,0.11285280371096867,0.07856657356023788,0.006925421116717758,0.006253528612255872,0.8863032058072481
2023-01-29,0.7622336745262146,0.11142217034287807,0.08373194187879562,0.006842262466735155,0.006415206909506005,0.9706452561241294
2023-01-30,0.6989821195602417,0.12503153367147166,0.08373194187879562,0.006550010929730118,0.006182271380097647,0.9204778774203367
2023-01-31,0.6989821195602417,0.10722139422409831,0.08373194187879562,0.006434992686322922,0.0052336614734193486,0.9016041098228779
2023-02-01,0.6848873496055603,0.10442054764929595,0.08059944212436676,0.0060924298450461606,0.004824283209197164,0.8808240524334664
2023-02-02,0.7694087624549866,0.1047621941163678,0.07979601621627808,0.005781039691288888,0.0030121199681744583,0.9627601324470957
2023-02-03,0.7730008363723755,0.1032266881195608,0.08154376596212387,0.005450960852617545,0.0023703877993084214,0.9655926391059861
2023-02-04,0.6826030015945435,0.10193750071092807,0.07770152390003204,0.005453592648227103,0.0032104184628743,0.870906037316605
2023-02-05,0.6679584383964539,0.09924743656976535,0.07770152390003204,0.00532798735752419,0.004162322936629068,0.8543977091604045
2023-02-06,0.6817048788070679,0.10077512510351708,0.07677886635065079,0.0054693238148573655,0.003867225963033692,0.8685954200391267
2023-02-07,0.763217031955719,0.09978159976829248,0.1131778135895729,0.005027598712667699,0.0032733743374455085,0.9844774183636975
2023-02-08,0.7503129839897156,0.10075304327174735,0.1098288744688034,0.0044700030555372295,0.0030390414647580586,0.9684039462505617
2023-02-09,0.813471257686615,0.12248093616189193,0.11076541244983673,0.004983007783980578,0.007049684109579236,1.0587502981919035
2023-02-10,0.7855848073959351,0.10835604118996173,0.0850258320569992,0.004521299440363371,0.004112154594914631,0.9876001346781741
2023-02-11,0.6994525194168091,0.10766109987775292,0.08388138562440872,0.004237293105153893,0.003595948524791576,0.8988282465489162
2023-02-12,0.682251513004303,0.13210754657384835,0.10323528945446014,0.004584123841723014,0.007358268215778959,0.9295367410901135
2023-02-13,0.6937976479530334,0.11313312672089594,0.07900451868772507,0.004096742059402899,0.004186574363539259,0.8942186097845967
2023-02-14,0.7520872950553894,0.11343403597925936,0.08443835377693176,0.0040401587892706535,0.002996337782181607,0.9569961813830328
2023-02-15,0.7113813757896423,0.10934473196949139,0.08539652079343796,0.0038631197385715194,0.0023524505563630826,0.9123381988475063
2023-02-16,0.7113813757896423,0.10703530489204979,0.08606696873903275,0.0038497521246644577,0.0023330579174700955,0.9106664594628594
2023-02-17,0.6873276233673096,0.10828185228653159,0.0864534080028534,0.0038809109967576547,0.00250073602881916,0.8884445306822715
2023-02-18,0.6935651898384094,0.12418694732879285,0.0828399807214737,0.003973928498689085,0.0030496052338918134,0.9076156516212569
2023-02-19,0.6764218211174011,0.10483690547379139,0.07668816298246384,0.003877018109208766,0.002342654134415762,0.864166561817281
2023-02-20,0.6279790997505188,0.11961926615709992,0.0818513035774231,0.004095572778196412,0.0029210898439954716,0.8364663321072336
2023-02-21,0.6153160929679871,0.10188399787414597,0.07943607866764069,0.0038170620506729853,0.002230445375011517,0.8026836769354582
2023-02-22,0.6001067757606506,0.1014033648946577,0.07442574948072433,0.0037788301841528726,0.0022343577737233525,0.781949078093909
2023-02-23,0.6543932557106018,0.11483912205044401,0.11742593348026276,0.00431637331948468,0.004611681512676902,0.8955863660734701
2023-02-24,0.7480258345603943,0.10975491913292557,0.11233286559581757,0.0038602960387003186,0.0030902117252784335,0.9770641270531162
2023-02-25,0.757530689239502,0.10479247093918943,0.12854009866714478,0.0038220275916589445,0.002825094643089952,0.9975103810805851
2023-02-26,0.7078315615653992,0.10490831946792302,0.12323619425296783,0.0031066256886453326,0.002801731859833288,0.9418844328347685
2023-02-27,0.7087690830230713,0.10490348317381078,0.13544905185699463,0.0026309983021275745,0.0023562374979580747,0.9541088538539624
2023-02-28,0.7025600075721741,0.1034553350360687,0.11439946293830872,0.0026356875538784278,0.002383492234101212,0.9254339853345311
2023-03-01,0.7025600075721741,0.10342278971832843,0.10226979851722717,0.002579206985036744,0.002367620712986578,0.913199423505753
2023-03-02,0.7170185446739197,0.10680761118470264,0.10634290426969528,0.002763284818807269,0.002967529196312058,0.9358998741434369
2023-03-03,0.6871950626373291,0.12261179388971191,0.11769969016313553,0.002884025120445267,0.003441044397941781,0.9338316162085636
2023-03-04,0.673337996006012,0.11236132264768825,0.11673074215650558,0.0029214492718353706,0.0035189002161645573,0.9088704102982057
2023-03-05,0.630433976650238,0.1074389326226835,0.1068255677819252,0.002559889935435067,0.002462055642649763,0.8497204226329316
2023-03-06,0.6664322018623352,0.10664402596178897,0.10950685292482376,0.002601312446723665,0.002581502663316059,0.8877658958589877
2023-03-07,0.7443002462387085,0.13081582278562,0.12248248606920242,0.0035756356438091607,0.006823744336516197,1.0079979350738564
2023-03-08,0.7198933362960815,0.14301091574808691,0.07470478862524033,0.004678607009590889,0.00907236400197841,0.9513600116809781
2023-03-09,0.7010979652404785,0.13047361131679464,0.08113013207912445,0.006614874657145949,0.011197180228955132,0.9305137635224986
2023-03-10,0.7155263423919678,0.1440342327982216,0.09758993983268738,0.007020868133815669,0.01144181037652027,0.9756131935332126
2023-03-11,0.7010979652404785,0.14089706310769784,0.09503857046365738,0.00911856148185836,0.012818029018473428,0.9589701893121655
2023-03-12,0.7010979652404785,0.1445986799466382,0.09864375740289688,0.008081448845643746,0.012543811100227939,0.9649656625358853
2023-03-13,0.724907398223877,0.12438090821325562,0.11454905569553375,0.008980629087823183,0.01725446174122737,0.9900724529617169
2023-03-14,0.8072353601455688,0.1364204814524007,0.14125722646713257,0.010074984547263702,0.02684056596145699,1.1218286185738229
2023-03-15,0.7899441719055176,0.1507228994013388,0.13056984543800354,0.015206341698205507,0.03267612028600258,1.119119378729068
2023-03-16,0.7338921427726746,0.15321800817915174,0.1275867223739624,0.018537257815958903,0.035345402215347266,1.0685795333570949
2023-03-17,0.7748273611068726,0.1550741725506305,0.13667763769626617,0.02554195564602495,0.04559814491356083,1.137719271913355
2023-03-18,0.8036496043205261,0.16289157769777723,0.17318201065063477,0.024696465121902742,0.04591522622900462,1.2103348840198456
2023-03-19,0.7874442338943481,0.16996785817120336,0.1732984483242035,0.025671126522001386,0.05039783948816419,1.2067795063999205
2023-03-20,0.7874442338943481,0.16929608585223807,0.15935412049293518,0.026369202039031443,0.045505868564483874,1.1879695108430366
2023-03-21,0.8884084820747375,0.2031378061609363,0.15120205283164978,0.02473426839443128,0.04821763664926284,1.3157002461110179
2023-03-22,0.8018534779548645,0.1801863203215612,0.17059415578842163,0.02564617107028585,0.043869008065001665,1.2221491332001349
2023-03-23,0.8770332932472229,0.1657957265415535,0.17493262887001038,0.02272103926997219,0.0395118003947446,1.2799944883235035
2023-03-24,0.7422676682472229,0.15103516406184633,0.08310069888830185,0.022206129044758303,0.03625721987533214,1.0348668801174614
2023-03-25,0.7422676682472229,0.15651208390674812,0.08397390693426132,0.02100819940002553,0.03144974057449815,1.0352115990627562
2023-03-26,0.6886099576950073,0.15863959362849775,0.08586429059505463,0.020985147575954557,0.030736607171214098,0.9848355966657284
2023-03-27,0.6568804383277893,0.1421767293976302,0.0865730568766594,0.02019645210933627,0.02748202259463242,0.9333086993060475
2023-03-28,0.6568804383277893,0.13381135562456842,0.08593568205833435,0.018786461987722432,0.02211885676093767,0.9175327947593521
2023-03-29,0.7214859127998352,0.14629937613695307,0.09188421070575714,0.017829690435738645,0.013245936052809142,0.9907451261310932
2023-03-30,0.7092893123626709,0.13558771354678265,0.0980040431022644,0.015175907029938169,0.008443370232468713,0.9665003462741248
2023-03-31,0.7092893123626709,0.13519380639354744,0.09455641359090805,0.014868608205052893,0.007441976970816702,0.9613501175229959
2023-04-01,0.7223255634307861,0.13191345430409457,0.12669570744037628,0.014892653471497383,0.007767995382984249,1.0035953740297385
2023-04-02,0.8381655216217041,0.1349925909253689,0.12710537016391754,0.014905384084974523,0.007816400816949828,1.1229852676129148
2023-04-03,0.8173874616622925,0.13673824812985833,0.13197356462478638,0.014974057056673597,0.007673988725081887,1.1087473201986926
2023-04-04,0.7971835136413574,0.11962337464198114,0.12056566029787064,0.014844469501099009,0.0080260435905419,1.0602430616728502
2023-04-05,0.8241580724716187,0.14155181034775616,0.11480020731687546,0.014717096849411984,0.007891673994116596,1.1031188609797788
2023-04-06,0.8241580724716187,0.15581926768216126,0.10990235209465027,0.015713938360696615,0.011663084919384366,1.1172567155285111
2023-04-07,0.8241580724716187,0.1716785143547041,0.11366870999336243,0.016041095702833817,0.013011856624091525,1.1385582491466106
2023-04-08,0.8098070025444031,0.17323297009901534,0.11541057378053665,0.017278892332581154,0.012176478320410305,1.1279059170769465
2023-04-09,0.7068814039230347,0.163289418393124,0.11557242274284363,0.016761074016157368,0.010395497370592003,1.0128998164457517
2023-04-10,0.7506424784660339,0.15311017876545138,0.11427611112594604,0.015387469819965036,0.010342384538662855,1.0437586227160591
2023-04-11,0.7506424784660339,0.12387076899348558,0.11399702727794647,0.015021522013700344,0.00982756355948009,1.0133593603106463
2023-04-12,0.7194085121154785,0.12326369223217908,0.10456570982933044,0.014978085360809478,0.009853765536799154,0.9720697650745966
2023-04-13,0.7506424784660339,0.1289059524979254,0.10662101954221725,0.016000026414414673,0.010224635841160838,1.0123941127617522
2023-04-14,0.891943097114563,0.15220500654544886,0.11990027129650116,0.017159321909238683,0.014966782990169302,1.196174479855921
2023-04-15,0.674685001373291,0.1405891489205448,0.10325657576322556,0.01664087423990916,0.01406746220738818,0.9492390625043587
2023-04-16,0.7234729528427124,0.1531522497021124,0.10654933005571365,0.008807020230766209,0.01321622750802501,1.0051977803393297
2023-04-17,0.6439615488052368,0.15365639849269255,0.12986227869987488,0.009802811740086393,0.0153519006391006,0.9526349383769912
2023-04-18,0.6901047825813293,0.15387675858523814,0.13087275624275208,0.010492680824609869,0.01421271862248141,0.9995596968564108
2023-04-19,0.7021183371543884,0.14970543102621828,0.12752218544483185,0.009674550386514281,0.013909890179912022,1.0029303941918648
2023-04-20,0.8177506327629089,0.17647259642662902,0.14872796833515167,0.011188677636165113,0.01893095594950651,1.1730708311103613
2023-04-21,0.6756446361541748,0.16448897924943517,0.08793890476226807,0.015566088361359576,0.020377510296725167,0.9640161188239628
2023-04-22,0.6756446361541748,0.1577723713195291,0.0882134661078453,0.013959143868364936,0.01747342422515634,0.9530630416750705
2023-04-23,0.6938815712928772,0.1618203459188127,0.09169445186853409,0.014476261942795207,0.017530680289338265,0.9794033113123574
2023-04-24,0.7130957245826721,0.17581523690140843,0.09900961071252823,0.0160989851868557,0.020875371272817217,1.0248949286562816
2023-04-25,0.7760059833526611,0.19043369273800165,0.1456945389509201,0.02624502642273488,0.031043432112580868,1.1694226735768987
2023-04-26,0.7768409252166748,0.20083226099169174,0.15651479363441467,0.028983564736960576,0.034191704820126984,1.1973632493998687
2023-04-27,0.7884163856506348,0.2124904122689116,0.15604747831821442,0.02846330162184921,0.035844581498953386,1.2212621593585633
2023-04-28,0.830679714679718,0.20546340429408405,0.13602474331855774,0.02889930221389854,0.03421768601301071,1.235284850519269
2023-04-29,0.8017228841781616,0.21647705616398466,0.13964109122753143,0.02923676213683287,0.03405885779949045,1.221136651506001
2023-04-30,0.7778182029724121,0.2288597932737476,0.14258244633674622,0.02881695646300453,0.03688213302119683,1.2149595320671072
2023-05-01,0.7894082069396973,0.22607388534608014,0.1347939670085907,0.02884040703894116,0.03546179118112822,1.2145782575144375
2023-05-02,0.7894082069396973,0.23017725994523922,0.14002670347690582,0.02619405394736358,0.03425383554738689,1.2200600598565927
2023-05-03,0.933153510093689,0.24386478535561448,0.1560726910829544,0.028088208040273375,0.03702499521750215,1.3982041897900332
2023-05-04,0.9070291519165039,0.24642375789729995,0.19121286273002625,0.02840797963603855,0.03670339207920327,1.4097771442590719
2023-05-05,0.7555353045463562,0.20939418287615708,0.09837200492620468,0.02501593918681644,0.02646062118394103,1.1147780527194755
2023-05-06,0.7829449772834778,0.18546295246100158,0.1046241894364357,0.022560192404662806,0.024202886802609454,1.1197951983881873
2023-05-07,0.7898368835449219,0.1811935507384007,0.10044300556182861,0.02129880213640633,0.020574064810638337,1.1133463067921956
2023-05-08,0.7348850965499878,0.16712769388546875,0.10297910869121552,0.01922847331562051,0.01622477610612632,1.040445148548419
2023-05-09,0.8710161447525024,0.19655689763531575,0.10329952090978622,0.020182813514809873,0.02076840542788318,1.2118237822402975
2023-05-10,0.7698881030082703,0.1975748357431286,0.10671941936016083,0.02330163873966884,0.0250376709486316,1.1225216677998602
2023-05-11,0.7587211728096008,0.2348315575099951,0.11765230447053909,0.024392684817416892,0.029730992676806317,1.1653287122843583
2023-05-12,0.8103111386299133,0.2671817598327334,0.1380378156900406,0.025549094011537293,0.03291584602360766,1.2739956541878323
2023-05-13,0.8300018906593323,0.2917521361961117,0.14200091361999512,0.027071946928389743,0.033740114310490725,1.3245670017143196
2023-05-14,0.8826961517333984,0.31121386718890864,0.1431487798690796,0.028246806937050443,0.034673771269499214,1.3999793769979363
2023-05-15,0.7950266003608704,0.302963624001033,0.14094330370426178,0.029351526862442856,0.03508006909332385,1.303365124021932
2023-05-16,0.8044540286064148,0.3287906307116708,0.13794897496700287,0.02847467790765674,0.03418195088383158,1.333850263076577
2023-05-17,0.8457809686660767,0.3152608429925899,0.1948174238204956,0.029403912394189734,0.037155256260208686,1.4224184041335606
2023-05-18,0.8204891085624695,0.3133168010068405,0.1819552332162857,0.028381388052291057,0.03455973751444885,1.3787022683523356
2023-05-19,0.8840875029563904,0.30206882320630835,0.20289495587348938,0.028133378788439065,0.0352493906355608,1.452434051460188
2023-05-20,0.8501749634742737,0.3203649657399161,0.2441667765378952,0.026494483705924686,0.03012730345408212,1.4713284929120918
2023-05-21,0.7287372946739197,0.2821035807196511,0.12557238340377808,0.026336468349483926,0.026276584416006655,1.1890263115628394
2023-05-22,0.7287372946739197,0.2667779494794632,0.11345838755369186,0.025676241131946196,0.02531117681191356,1.1599610496509347
2023-05-23,0.7437344193458557,0.2634960550093199,0.12119390815496445,0.025075671135128964,0.025074664662583304,1.1785747183078523
2023-05-24,0.7287372946739197,0.2866531207140409,0.11197145283222198,0.025172817443611738,0.028160992877939734,1.180695678541734
2023-05-25,0.7181670665740967,0.2680774320208669,0.11900368332862854,0.024380331924525222,0.02683055602895647,1.156459069877074
2023-05-26,0.8290812373161316,0.292934239234298,0.12684325873851776,0.02611459743152327,0.030382629436922465,1.3053559621573931
2023-05-27,0.7978404760360718,0.2797395087855667,0.12776534259319305,0.025338590742139244,0.030313533172057813,1.2609974513290287
2023-05-28,0.7535718083381653,0.2805824506304623,0.1512869894504547,0.024564575422406844,0.028664409315260465,1.2386702331567494
2023-05-29,0.7755202651023865,0.2931070162806053,0.15009234845638275,0.025410467180473312,0.02905183967767382,1.2731819366975217
2023-05-30,0.794365644454956,0.3183024579655706,0.15704216063022614,0.02826661024122887,0.031744400581027864,1.3297212738730095
2023-05-31,0.9233452081680298,0.33554995879553123,0.23635061085224152,0.030048905890633325,0.039817097580302704,1.5651117812867386
2023-06-01,0.9233452081680298,0.3517519314845363,0.24185797572135925,0.02880598197545259,0.0401517124773564,1.5859128098267345
2023-06-02,0.9233452081680298,0.3524247901778371,0.24380092322826385,0.028854208616768996,0.03984781584628865,1.5882729460371883
2023-06-03,0.9233452081680298,0.3451721993602324,0.20093047618865967,0.028617408069265146,0.03788856624530445,1.5359538580314913
2023-06-04,0.9541821479797363,0.32482062946830625,0.22817488014698029,0.028249700780903844,0.03772392759971078,1.5731512859756376
2023-06-05,0.9541821479797363,0.3526572385784411,0.23545905947685242,0.02891771798323019,0.039564497504985634,1.6107806615232458
2023-06-06,0.9541821479797363,0.36353017872322146,0.23344039916992188,0.029558385764521338,0.04062427889462265,1.6213353905320238
2023-06-07,1.1681797504425049,0.3956650456549372,0.23615016043186188,0.031144198028107948,0.039408536660414856,1.870547691217827
2023-06-08,1.1493338346481323,0.39714068768165645,0.23341438174247742,0.03195981308517072,0.039843055097670534,1.8516917722551074
2023-06-09,1.2324446439743042,0.40657311252332606,0.22979901731014252,0.03202680384536046,0.04020263259719572,1.941046210250329
2023-06-10,1.2143503427505493,0.37930033446487293,0.23343084752559662,0.030952230245069972,0.03949919361230422,1.897532948598393
2023-06-11,0.973818838596344,0.3458194821754397,0.2331370711326599,0.029706339797994835,0.03873695940964923,1.6212186911120876
2023-06-12,0.9012438654899597,0.3493373571326761,0.22986310720443726,0.028532667295006014,0.03563870949625982,1.5446157066183388
2023-06-13,1.00187087059021,0.34507340754925186,0.2535150945186615,0.02823626145464663,0.03462913160304229,1.6633247657158121
2023-06-14,0.8714049458503723,0.3263354257890256,0.1688859462738037,0.02673132852114478,0.02860499580635456,1.421962642240701
2023-06-15,0.8393653631210327,0.3162095661528331,0.17772594094276428,0.026156037681668173,0.027042822391327586,1.3864997302896256
2023-06-16,0.921305239200592,0.3146250016837702,0.19933201372623444,0.025743312981581747,0.027921715768829396,1.4889272833610079
2023-06-17,0.9022334814071655,0.31096414219952895,0.19136573374271393,0.02625480489323021,0.03028594388918725,1.4611041061318257
2023-06-18,0.9022334814071655,0.3248088582402037,0.18529272079467773,0.02395093722211606,0.028755136127052158,1.4650411337912153
2023-06-19,0.8703035712242126,0.3122687551357754,0.1469980627298355,0.02376373237720799,0.027916725570293566,1.3812508470373253
2023-06-20,0.8311198353767395,0.3230958377744684,0.1526957005262375,0.023698122371956398,0.029055123358780376,1.359664619408182
2023-06-21,0.8703035712242126,0.34247481657530604,0.1446334570646286,0.02591888042304922,0.03355110559767001,1.4168818308848665
2023-06-22,0.8408142328262329,0.38790980606652425,0.14153322577476501,0.027322627764482535,0.03409060488975958,1.4316704973217642
2023-06-23,0.8310076594352722,0.3815933618863611,0.1414949595928192,0.028589740124678735,0.03447911679068783,1.4171648378298192
2023-06-24,0.8272725939750671,0.3986736958300082,0.1361469328403473,0.02903153222648774,0.03677525521989077,1.4279000100918013
2023-06-25,0.930954098701477,0.38037853347285805,0.16662663221359253,0.029121536201416574,0.04156091663762553,1.5486417172269697
2023-06-26,0.9436790347099304,0.36722226449148654,0.1398114114999771,0.028769587403891423,0.03889057259091909,1.5183728706962043
2023-06-27,0.9578210115432739,0.36535090346588456,0.14412562549114227,0.028013035308044946,0.037320414711134765,1.5326309905194806
2023-06-28,0.914696991443634,0.3616185843509871,0.1378423273563385,0.028742348344831976,0.04448445101020093,1.4873847025059925
2023-06-29,1.0885944366455078,0.36484470030646704,0.1644175946712494,0.02857520575048964,0.0408598245618526,1.6872917619355663
2023-06-30,1.1865421533584595,0.3381814589053308,0.27250486612319946,0.029736287704976917,0.04075083052704885,1.8677155966190153
2023-07-01,1.0619122982025146,0.3265550141736281,0.11510057747364044,0.027851578583913458,0.03826088324081354,1.5696803516745101
2023-07-02,1.0287282466888428,0.3140343898572956,0.12489933520555496,0.025593260311490403,0.03655034987081755,1.5298055819340013
2023-07-03,1.0085393190383911,0.31484571051224136,0.11741747707128525,0.023878999749025336,0.034874930291189266,1.4995564366621323
2023-07-04,1.0677800178527832,0.36128650044970195,0.12810233235359192,0.02623490756210573,0.04061374806085832,1.6240175062790412
2023-07-05,1.1009358167648315,0.5068211096799726,0.13711529970169067,0.033841899069037666,0.0453770110517534,1.824091136267286
2023-07-06,1.2585487365722656,0.5275878016429334,0.1347697675228119,0.03270444070159019,0.04225427149179251,1.9958650179313937
2023-07-07,1.2623553276062012,0.4261133871211215,0.13464371860027313,0.029703410447007243,0.04306926673591225,1.8958851105105154
2023-07-08,1.218848705291748,0.4231036156400104,0.15077726542949677,0.02569175880780312,0.039575590208698413,1.8579969353777568
2023-07-09,1.2606858015060425,0.5744047711301141,0.15077726542949677,0.03652184683707957,0.04674385735132083,2.0691335422540535
2023-07-10,1.453535556793213,0.5670045578528955,0.14563292264938354,0.03917079389131328,0.04636792934149781,2.251711760528303
2023-07-11,1.4972577095031738,0.5096426993582657,0.1456245481967926,0.03254548893675554,0.03893271706995073,2.2240031630649386
2023-07-12,1.4030320644378662,0.39996140460185625,0.12508895993232727,0.027007861606092684,0.036351824778275865,1.9914421153564184
2023-07-13,1.3697187900543213,0.3833231476438084,0.13732008635997772,0.02544928684360869,0.037065348233908724,1.9528766591356248
2023-07-14,1.4562398195266724,0.35296385808613745,0.15660560131072998,0.024916680342131733,0.034529389545558564,2.02525534881123
2023-07-15,0.9996074438095093,0.3011176304800003,0.11021450161933899,0.022203837631050608,0.029671607541852798,1.462815021081752
2023-07-16,0.77809739112854,0.3094729872094442,0.10977558046579361,0.022579241776265465,0.02638225605985457,1.2463074566398977
2023-07-17,0.8757262229919434,0.3074473012575461,0.10954657196998596,0.023286665136955546,0.028483649631938834,1.34449041098837
2023-07-18,0.9223563075065613,0.2892708925584974,0.11225347965955734,0.02178107055921686,0.026155302396672925,1.371817052680506
2023-07-19,0.9089329838752747,0.2638444173624606,0.11288762837648392,0.02332180086720472,0.024756774145804662,1.3337436046272284
2023-07-20,0.8361223936080933,0.26173302690939343,0.11585293710231781,0.022469687632260368,0.02257393289196725,1.258751978144032
2023-07-21,0.846347451210022,0.25504640994305117,0.10969418287277222,0.021802740379459756,0.022302317301738792,1.255193101707044
2023-07-22,0.8404644131660461,0.26767371922630123,0.11599469929933548,0.02242901622154584,0.02561777200812744,1.2721796199213562
2023-07-23,0.9221906065940857,0.2953013305158009,0.12346170097589493,0.02494119788000423,0.031182240570605896,1.3970770765363916
2023-07-24,0.9358097910881042,0.3142120321328114,0.13161765038967133,0.0261453533061375,0.03443656434338435,1.442221391260109
2023-07-25,1.0195871591567993,0.3143122436329405,0.1600784808397293,0.027356013938153963,0.03732070885313022,1.5586546064207534
2023-07-26,0.9338389039039612,0.3011819978858433,0.14799192547798157,0.026437095597761227,0.03482259673982804,1.4442725196053756
2023-07-27,0.9338389039039612,0.29052465046042597,0.1319626420736313,0.02557982677170653,0.02910354039361466,1.4110095636033395
2023-07-28,1.0348671674728394,0.3090799486359539,0.14056405425071716,0.02489199074176477,0.03033640115698351,1.5397395622582588
2023-07-29,0.8808879852294922,0.30638229490637936,0.18744084239006042,0.027273886004527913,0.03134040861733219,1.433325417147792
2023-07-30,0.9770729541778564,0.3492724346738544,0.12832385301589966,0.028767606432144516,0.03906754618545288,1.5225043944852077
2023-07-31,0.9005050659179688,0.35204199453904217,0.13826723396778107,0.02799256070354551,0.035632304861814346,1.4544391599901518
2023-08-01,0.9569827914237976,0.35632526076818555,0.12026450037956238,0.028307506489569822,0.03489364268534537,1.4967737017464608
2023-08-02,1.0423814058303833,0.37009422906042594,0.12848509848117828,0.029319526798518226,0.03799552902050747,1.608275789191013
2023-08-03,1.0725390911102295,0.375178971913911,0.12205597013235092,0.027028136961528924,0.04319793958791376,1.640000109705934
2023-08-04,1.2125954627990723,0.4637397772131514,0.11516176164150238,0.02947615253029728,0.04312890653923409,1.8641020607232577
2023-08-05,1.429521083831787,0.4653471691387012,0.15094946324825287,0.03431306358255609,0.045868573977878926,2.1259993537791764
2023-08-06,1.3232333660125732,0.3058583105308149,0.10330589860677719,0.02140843777550329,0.030537749228623474,1.7843437621542921
2023-08-07,1.2316335439682007,0.27865845687409796,0.10737410187721252,0.02458567125073597,0.029244425911626574,1.6714961998818738
2023-08-08,1.1023555994033813,0.27427957621145893,0.10215504467487335,0.02160050491836406,0.028534784502811897,1.5289255097108896
2023-08-09,0.8888641595840454,0.25600130170696916,0.11014711856842041,0.018409715296285246,0.024284646151807754,1.297706941307528
2023-08-10,0.8561827540397644,0.263231797794212,0.10423197597265244,0.01941669488713487,0.022612062806808296,1.265675285500572
2023-08-11,0.8946086764335632,0.26504685958371244,0.10370699316263199,0.020527423197050674,0.024649409790363216,1.3085393621673216
2023-08-12,0.9274303317070007,0.2616664415499836,0.10342446714639664,0.01911658199697404,0.023226864828842116,1.3348646872291972
2023-08-13,0.7794600129127502,0.2502743695258687,0.10751481354236603,0.021985413380053595,0.02310785729172302,1.1823424666527615
2023-08-14,0.7794600129127502,0.26722368578028627,0.11252698302268982,0.02264677127322409,0.024827030435318857,1.2066844834242694
2023-08-15,0.789221465587616,0.28067057688330704,0.12270418554544449,0.02358785228308833,0.024532788517017737,1.2407168688164736
2023-08-16,0.8593168258666992,0.27206443186660284,0.1637696772813797,0.02489732664012804,0.028266784300468646,1.3483150459552784
2023-08-17,0.9877035021781921,0.274507888187512,0.1469920128583908,0.024379797270412857,0.029407720955391205,1.462990921449899
2023-08-18,0.8582550883293152,0.26874100050969185,0.12315583229064941,0.02332916051540202,0.02574462548641199,1.2992257071314703
2023-08-19,0.8708872199058533,0.2661879827220476,0.11415047198534012,0.023583897694051066,0.021649497290532022,1.2964590695978242
2023-08-20,0.8402627110481262,0.25211620877735197,0.0961436778306961,0.022979152343206348,0.021695621617515013,1.2331973716168956
2023-08-21,0.8502265214920044,0.25309140574249334,0.09706609696149826,0.022843054087587234,0.022271355217170045,1.2454984335007533
2023-08-22,0.9015766978263855,0.2726296463881049,0.14645160734653473,0.024243842247171212,0.026981592238559227,1.3718833860467554
2023-08-23,0.9434475898742676,0.26467307942476975,0.12509310245513916,0.02397585200360669,0.028919521829240877,1.386109145587024
2023-08-24,0.8486884832382202,0.26178033924170435,0.14914117753505707,0.020814315458954444,0.028758993255533133,1.3091833087294693
2023-08-25,0.8591184020042419,0.2707367066454087,0.1078084409236908,0.02150658209451394,0.0303256406880494,1.2894957723559048
2023-08-26,0.8695207834243774,0.2674340355791095,0.1706753373146057,0.024281023385543006,0.027669252285628294,1.3595804319892641
2023-08-27,0.9706684350967407,0.30327596366090215,0.11944472789764404,0.023950118903537727,0.0327160484291397,1.4500552939879645
2023-08-28,1.0077191591262817,0.31468425603416667,0.11822976171970367,0.0229666413187215,0.03653365466786392,1.5001334728667375
2023-08-29,0.9040910601615906,0.28115827581104075,0.09912993013858795,0.02154360289305004,0.034205841421103875,1.3401287104253732
2023-08-30,0.9616578221321106,0.3335996341261362,0.11622482538223267,0.022343382141949274,0.04102769125021278,1.4748533550326415
2023-08-31,1.140924096107483,0.4168564539586184,0.1420215666294098,0.029106481408560377,0.044448831464868,1.7733574295689394
2023-09-01,1.1207637786865234,0.3458888151336188,0.15238328278064728,0.024900407030382012,0.03947695054905584,1.6834132341802273
2023-09-02,1.193506121635437,0.32976903774877486,0.1267218142747879,0.024960360438851636,0.0371704527375927,1.7121277868354443
2023-09-03,1.1078048944473267,0.29753042782002226,0.12258894741535187,0.02348256912308117,0.03371803178107112,1.5851248705868528
2023-09-04,1.1073687076568604,0.30395437822183863,0.1195555031299591,0.021565908295492146,0.03304128789989227,1.5854857852040425
2023-09-05,1.1886168718338013,0.3168579992298426,0.1033594086766243,0.0236696618100782,0.03669460801099511,1.6691985495613415
2023-09-06,1.4278714656829834,0.3500934235496994,0.10099829733371735,0.02340516654072688,0.0381836726785551,1.9405520257856823
2023-09-07,1.3635843992233276,0.338137333017751,0.09458910673856735,0.022583384848730095,0.03503132011202371,1.8539255439403999
2023-09-08,1.1589369773864746,0.33553616624715643,0.10483090579509735,0.021520323804172098,0.033589125914158045,1.6544134991470585
2023-09-09,1.207003116607666,0.3361187438617898,0.1043148934841156,0.02260343895489568,0.03360161368005539,1.7036418065885226
2023-09-10,1.4770212173461914,0.3373374884585378,0.1124693974852562,0.023451804046498527,0.03237347560979985,1.9826533829462838
2023-09-11,1.0875166654586792,0.32716981162106096,0.11923409253358841,0.024245519783084344,0.033109765366377206,1.5912758547627903
2023-09-12,1.2710013389587402,0.33389110577917036,0.16141261160373688,0.027558313863562153,0.03797256405928265,1.8318359342644923
2023-09-13,1.1274176836013794,0.31089037693382426,0.15976957976818085,0.024079065794869636,0.03385099715033673,1.656007703248591
2023-09-14,1.3563591241836548,0.31313095058668233,0.15257975459098816,0.024011049335674817,0.03382636657484218,1.8799072452718424
2023-09-15,1.3563591241836548,0.2977873156318577,0.15702442824840546,0.023615990417981656,0.032505458279295796,1.8672923167611952
2023-09-16,1.4046891927719116,0.28506755520802474,0.1406877338886261,0.022501758459451623,0.030625174087177326,1.8835714144151912
2023-09-17,1.1419556140899658,0.2827821738901098,0.1507633775472641,0.02176693092473464,0.02781311031171127,1.6250812067637854
2023-09-18,1.1867464780807495,0.30094541434996264,0.15430115163326263,0.02143688102223424,0.028869080659270994,1.69229900574548
2023-09-19,1.0452607870101929,0.26830672794922733,0.11520317941904068,0.02193812711753097,0.026104467766053338,1.4768132892620451
2023-09-20,0.8169347047805786,0.2545844786802721,0.10329245775938034,0.019776145683586505,0.020842487918987414,1.2154302748228052
2023-09-21,0.8037832975387573,0.26034375041684066,0.11905144155025482,0.019724536918420105,0.022558201902020826,1.2254612283262936
2023-09-22,0.9279011487960815,0.283168707888527,0.12657225131988525,0.022050831610474234,0.026543095922703014,1.386236035537671
2023-09-23,0.8936077356338501,0.26843551541698396,0.12193389981985092,0.021113346658185005,0.023972480743910375,1.3290629782727803
2023-09-24,0.749337375164032,0.26566590686422087,0.11816968023777008,0.019389452270703017,0.023232095481785817,1.1757945100185117
2023-09-25,0.8763196468353271,0.27044481726450076,0.11498060822486877,0.022282864046897912,0.027135939250966246,1.311163875622561
2023-09-26,0.8118833899497986,0.28253534140516146,0.12099515646696091,0.022336138443845587,0.02943509010926846,1.267185116375035
2023-09-27,0.9206629991531372,0.2888609672468271,0.1364544928073883,0.024549183203430133,0.02967436628147573,1.4002020086922586
2023-09-28,1.0286898612976074,0.3270848574462709,0.1446557492017746,0.030017894112838523,0.039998374840417926,1.5704467368989097
2023-09-29,1.194044828414917,0.4007486212111206,0.23086538910865784,0.03240346417276588,0.04624015827714536,1.9043024611846069
2023-09-30,1.5957043170928955,0.5265512614776662,0.21450190246105194,0.033152424337223256,0.04886105912435419,2.4187709644931914
2023-10-01,1.7362607717514038,0.6943673282323857,0.2683151066303253,0.043393866894801326,0.058927149719463626,2.80126422322838
2023-10-02,1.6411035060882568,0.7328839167508745,0.18459495902061462,0.043309005493457516,0.057794765002268204,2.6596861523554716
2023-10-03,1.6847723722457886,0.6817932774300581,0.18422874808311462,0.04383280726630807,0.058268307845255905,2.6528955128705256
2023-10-04,1.5847015380859375,0.717524694734089,0.18191169202327728,0.04464138259929529,0.06070676957484538,2.5894860770174444
2023-10-05,1.7917941808700562,0.7070657715807509,0.18483655154705048,0.043918839520839775,0.06141463398196167,2.789029977500659
2023-10-06,1.760393500328064,0.6531523780981723,0.24695786833763123,0.042756849494633854,0.05125008088151588,2.754510677140017
2023-10-07,1.6937434673309326,0.5872269285270011,0.2742578387260437,0.03979782698548855,0.050497073884128024,2.6455231354535944
2023-10-08,1.802471399307251,0.632443528110503,0.2723490297794342,0.03757972629326606,0.05397332660043969,2.798817010090894
2023-10-09,1.7843376398086548,0.7147356339592752,0.25686126947402954,0.041990167329428334,0.061949685873116,2.859874396444504
2023-10-10,1.7524980306625366,0.7743077603978465,0.19264595210552216,0.04557281192782634,0.06175153126365477,2.8267760863573863
2023-10-11,2.013700008392334,0.7395517066253539,0.25590622425079346,0.04598844389855735,0.06423281958274764,3.119379202749786
2023-10-12,2.013700008392334,0.730828281368048,0.23495931923389435,0.04637509927685723,0.0647689411673834,3.090631649438517
2023-10-13,1.8468210697174072,0.71211003745328,0.2583370506763458,0.04774163783291931,0.06468927723297457,2.9296990729129266
2023-10-14,1.8328553438186646,0.772462056154612,0.2616807222366333,0.04736754715969867,0.06601246038262405,2.980378129752233
2023-10-15,1.8328553438186646,0.7666793497626667,0.26746225357055664,0.047594554363679965,0.06509079405416018,2.979682295569728
2023-10-16,1.8059459924697876,0.757256120337547,0.26833340525627136,0.04822462471481172,0.06509495868067564,2.944855101459093
2023-10-17,1.7666566371917725,0.7174035079074552,0.24228811264038086,0.04766935574003921,0.0641992803326237,2.8382168938122714
2023-10-18,1.7270570993423462,0.7233074528873098,0.19282306730747223,0.04627587536698801,0.06918048328634846,2.758643978190465
2023-10-19,1.6992541551589966,0.6310141923018411,0.19820956885814667,0.04571088328869698,0.06729421287237815,2.6414830124800597
2023-10-20,1.843274712562561,0.5961899291264536,0.20019686222076416,0.040409257894720635,0.06382452900169142,2.743895290806191
2023-10-21,1.843274712562561,0.47166898450031225,0.22113575041294098,0.035816707508479706,0.062406250813778555,2.6343024057980724
2023-10-22,1.8165382146835327,0.45894983412903567,0.22229228913784027,0.03748249635068162,0.06445699426454893,2.599719828565639
2023-10-23,1.8111729621887207,0.43901004229071855,0.2250385731458664,0.03718829724148567,0.06173499985148646,2.574144874718278
2023-10-24,1.7376246452331543,0.43730703562974316,0.20392711460590363,0.03622499861633604,0.061732204583697076,2.4768159986688345
2023-10-25,1.6995590925216675,0.4498335076195494,0.19519387185573578,0.03582836824184525,0.0625717245339504,2.4429865647727484
2023-10-26,1.6995590925216675,0.48857040363835424,0.19824309647083282,0.035892645397261065,0.06186896167626831,2.4841341997043838
2023-10-27,1.757388710975647,0.5397260800756332,0.20033979415893555,0.038530228425467467,0.061156603110570015,2.597141416746253
2023-10-28,1.6340162754058838,0.522184404765043,0.17540191113948822,0.04251606785154689,0.057741261380252804,2.4318599205422147
2023-10-29,1.6340162754058838,0.518272879771718,0.18552464246749878,0.042562675338983974,0.055284501590038886,2.4356609745741236
2023-10-30,1.6340162754058838,0.5197205908698936,0.18028202652931213,0.04334402432840749,0.05704023485677172,2.434403151990269
2023-10-31,1.6100263595581055,0.524275120535076,0.1781001091003418,0.04371560138045605,0.05676565233452935,2.4128828429085085
2023-11-01,1.6460875272750854,0.5397278056097174,0.21070127189159393,0.04497190173251937,0.062181122084033376,2.5036696285929496
2023-11-02,1.728092908859253,0.6171063118664455,0.17586231231689453,0.04555644120186648,0.06497404749398862,2.631592021738448
2023-11-03,1.728092908859253,0.5765521861053806,0.1609797328710556,0.04495697871390926,0.06240351197185777,2.572985318521456
2023-11-04,1.6351853609085083,0.5339219163685012,0.147283673286438,0.040011261110185145,0.05660509100960259,2.4130073026832357
2023-11-05,1.8117332458496094,0.5323816693178991,0.18094861507415771,0.037503384004519906,0.05819713614710168,2.6207640503932876
2023-11-06,1.8384894132614136,0.5492636128482937,0.1823386698961258,0.039926290792710456,0.060939613227917154,2.6709576000264605
2023-11-07,1.8118222951889038,0.5261922213814139,0.1705738753080368,0.043765543411735476,0.06021967879268865,2.6125736140827787
2023-11-08,1.962368369102478,0.5094785665212469,0.1693936437368393,0.04330545827898075,0.05787527835388496,2.74242131599343
2023-11-09,1.9283510446548462,0.4712334505036588,0.16075368225574493,0.042033415788345935,0.05209202338085408,2.65446361658345
2023-11-10,1.9991053342819214,0.37441686805021734,0.15935763716697693,0.032714610417250475,0.049959920578480116,2.6155543704948463
2023-11-11,1.9749534130096436,0.3446027024116171,0.15289412438869476,0.029209067652259814,0.04648564232320611,2.548144949785421
2023-11-12,1.959892749786377,0.33562497874521685,0.1516079604625702,0.02820074791949389,0.04531299351644517,2.520639430430103
2023-11-13,1.8980824947357178,0.29080317447642895,0.16276945173740387,0.027315309180919227,0.04412606195329986,2.4230964920837694
2023-11-14,1.544008731842041,0.27815464260424067,0.16204769909381866,0.025595842625141065,0.040191102372183235,2.049998018537425
2023-11-15,1.8037745952606201,0.2830788230897864,0.1718042939901352,0.025320925994471954,0.035996504196349075,2.3199751425313626
2023-11-16,1.5171231031417847,0.2624712484300537,0.15205305814743042,0.024095250782505073,0.0313033634450216,1.9870460239467955
2023-11-17,1.5458157062530518,0.25298132764199893,0.151606485247612,0.023742957179683517,0.030919993199676248,2.0050664695220224
2023-11-18,1.5458157062530518,0.26565538536228994,0.15216723084449768,0.02391461889230171,0.031950880524445606,2.0195038218765866
2023-11-19,1.5458157062530518,0.282649714026608,0.1661428064107895,0.02406940962305025,0.036384819406865575,2.055062455720365
2023-11-20,1.5686447620391846,0.27055164970772366,0.15460823476314545,0.024021555595361944,0.03542373010020711,2.0532499322056226
2023-11-21,1.6339924335479736,0.2545294882832266,0.13341619074344635,0.023206198877818333,0.03438433479386186,2.0795286462463265
2023-11-22,1.5492430925369263,0.24098590721026977,0.13729524612426758,0.023171813743336732,0.03046907925044002,1.9811651388652405
2023-11-23,1.5618549585342407,0.2332936636890514,0.1299067586660385,0.022981551515407792,0.029592757022551357,1.9776296894272898
2023-11-24,1.5618549585342407,0.23996303564034116,0.13870447874069214,0.02314297678831951,0.03706292910105455,2.000728378804648
2023-11-25,1.534658432006836,0.25911286936004957,0.13310401141643524,0.02354789481713588,0.03625440746641773,1.9866776150668743
2023-11-26,1.5123240947723389,0.23782710514647326,0.1281747668981552,0.024475685334865667,0.04259699152991634,1.9453986436817494
2023-11-27,1.5123240947723389,0.22569637393394457,0.12696895003318787,0.022793745183619655,0.031191914582742886,1.918975078505834
2023-11-28,1.459366798400879,0.22514366573264108,0.12695087492465973,0.022414652676656918,0.03189133477199257,1.865767326506829
2023-11-29,1.3603198528289795,0.2160488496760082,0.125863716006279,0.020530735859596038,0.028368980565103348,1.751132134935966
2023-11-30,1.3603198528289795,0.20741602163093117,0.12692797183990479,0.021028778689141082,0.02830586627170404,1.7439984912606603
2023-12-01,1.3624786138534546,0.23364032384349384,0.16896888613700867,0.021586059178311235,0.03321042482202956,1.8198843078342979
2023-12-02,1.0542323589324951,0.219640405126889,0.09978562593460083,0.021131845610526258,0.029040793770647264,1.4238310293751584
2023-12-03,1.1075425148010254,0.2020957737220463,0.10626233369112015,0.019990702440245485,0.01995002180593242,1.45584134646037
2023-12-04,1.0111596584320068,0.20507398015986908,0.10626233369112015,0.019615330695408318,0.01936458755686625,1.3614758905352706
2023-12-05,0.975209653377533,0.20389761791807448,0.10278037935495377,0.018644023722452777,0.01716897040122706,1.317700644774241
2023-12-06,0.9511047601699829,0.20035546299786414,0.09498918801546097,0.017556790336797887,0.016390838976484193,1.28039704049659
2023-12-07,0.9959452152252197,0.21161622140389394,0.09774388372898102,0.012342499612460044,0.020994767932111674,1.3386425879026664
2023-12-08,1.023127794265747,0.21801217449101784,0.09582604467868805,0.012362846693052239,0.02677430216632701,1.3761031622948323
2023-12-09,0.8886550068855286,0.19988993740842023,0.08921296149492264,0.011367725776110053,0.02307714441264325,1.2122027759776246
2023-12-10,0.9111772179603577,0.19510696232108374,0.09681181609630585,0.011341230386812472,0.020407945446619544,1.2348451722111793
2023-12-11,0.9086254835128784,0.1933349314032391,0.09449664503335953,0.011199087485664552,0.020321181357291752,1.2279773287924332
2023-12-12,0.9044033885002136,0.1913113657453505,0.08908109366893768,0.011041222069274935,0.02228444446264244,1.218121514446419
2023-12-13,0.9586080312728882,0.1904262585406926,0.09509072452783585,0.010904054644622529,0.024536430605726335,1.2795654995917656
2023-12-14,0.9392780661582947,0.19022136696165387,0.09281671047210693,0.010831939053334873,0.03301488396229647,1.266162966607687
2023-12-15,0.8928742408752441,0.19518654484384496,0.08732140064239502,0.01100477867293139,0.033573276246997866,1.2199602412814134
2023-12-16,1.0879040956497192,0.20652162384462694,0.09136312454938889,0.01185117280324229,0.03467142156546855,1.432311438412446
2023-12-17,0.8982329964637756,0.2012731341674768,0.08541500568389893,0.010885116830796333,0.03363318802202421,1.2294394411679719
2023-12-18,0.9637770652770996,0.1943614957594088,0.11303303390741348,0.010762509179512271,0.032268569631231,1.3142026737546653
2023-12-19,1.0009628534317017,0.19336934689595298,0.11067615449428558,0.010750725966173874,0.0322575982030611,1.3480166789911752
2023-12-20,1.0263314247131348,0.19354707209387154,0.11609797924757004,0.010309638609155085,0.03262955049930872,1.37891566516304
2023-12-21,0.9445496201515198,0.17621371224132393,0.11241036653518677,0.009886645112554857,0.026606247815735826,1.269666591856321
2023-12-22,0.9445496201515198,0.17137838607001166,0.11246422678232193,0.009898520401988029,0.02496581679069607,1.2632565701965377
2023-12-23,0.8892168998718262,0.16805694987571154,0.1136287972331047,0.009491432436870608,0.02243891360123036,1.2028329930187436
2023-12-24,0.9789448380470276,0.16843268495103905,0.10856752842664719,0.009632193618686002,0.022663186211467234,1.2882404312548672
2023-12-25,0.9835149049758911,0.16856890208726175,0.12401804327964783,0.009386341065449774,0.021826463096919123,1.3073146545051697
2023-12-26,0.942577064037323,0.15554575035847437,0.11598416417837143,0.009414868085628296,0.02165652727180267,1.2451783739315996
2023-12-27,0.9802008271217346,0.15057110960691233,0.11213864386081696,0.009300603244803987,0.021135399800289938,1.2733465836345577
2023-12-28,0.9298486709594727,0.15118117916870916,0.10855934768915176,0.009239779309435054,0.020899472771276694,1.2197284498980454
2023-12-29,0.9007207751274109,0.1559053946336615,0.10898745805025101,0.009521116318689541,0.02134205864367473,1.1964768027736876
2023-12-30,0.9007207751274109,0.15887670587068664,0.1146794855594635,0.010175944390676478,0.02268394686022667,1.207136857808464
2023-12-31,0.899566650390625,0.1621578815544257,0.11595255881547928,0.009793521626224447,0.02268577069599329,1.2101563830827478
2024-01-01,0.9730592370033264,0.15254488709346234,0.12373176962137222,0.009223201963814959,0.022271471917782122,1.280830567599758
2024-01-02,0.9761616587638855,0.14875828098647556,0.15242041647434235,0.00890513056581804,0.020520870894000988,1.3067663576845225
2024-01-03,0.9564776420593262,0.14441883895933347,0.13064353168010712,0.008432335591774297,0.012588192718739235,1.2525605410092804
2024-01-04,0.9328356981277466,0.14761076938517764,0.1330590844154358,0.009531315787874127,0.012480473059473331,1.2355173407757074
2024-01-05,1.0745160579681396,0.16920914037110624,0.13369044661521912,0.009408444514675577,0.020294239942015017,1.4071183294111556
2024-01-06,0.9618299603462219,0.15348818123792968,0.1444140374660492,0.008346161808193352,0.012267234659877058,1.280345575518271
2024-01-07,0.9061397314071655,0.138954745357803,0.14438484609127045,0.008877626350027125,0.008977903946133311,1.2073348531523995
2024-01-08,0.9061397314071655,0.1518757401394967,0.1538715362548828,0.008770958523557052,0.009825368703795601,1.230483335028898
2024-01-09,0.8892729878425598,0.15475730576276361,0.174477681517601,0.009004414330982657,0.010634476481626283,1.2381468659355332
2024-01-10,0.7661876678466797,0.1356871928652701,0.08944600075483322,0.008890023386490635,0.0077866807391712665,1.007997565592445
2024-01-11,0.7856060862541199,0.13005885728277602,0.11764689534902573,0.010499651679196524,0.006481518101723945,1.0502930086668418
2024-01-12,0.8986895084381104,0.12555590256764063,0.12278442829847336,0.010664158273809364,0.005675805913558456,1.1633698034915922
2024-01-13,0.8986895084381104,0.12528533375707726,0.12447886168956757,0.010512419543418305,0.004943391647077265,1.1639095150752508
2024-01-14,0.8986895084381104,0.12491417334360769,0.12278442829847336,0.010494233532412488,0.004709638888779208,1.1615919825013832
2024-01-15,0.8407658934593201,0.1386126055495348,0.1205948144197464,0.010553077408800451,0.005866036998734707,1.1163924278361363
2024-01-16,0.7661876678466797,0.12468142694227977,0.11104818433523178,0.010350720610475619,0.005017598808258549,1.0172855985429254
2024-01-17,0.8028299808502197,0.12893344585294317,0.12022837996482849,0.010466691187756103,0.00463817831713235,1.0670966761728797
2024-01-18,0.8028299808502197,0.12210013500802896,0.10940859466791153,0.008219453168876694,0.0037648306185943396,1.0463229943136312
2024-01-19,0.7866411805152893,0.12093931919173875,0.1010027751326561,0.007290018147611305,0.003513871985011493,1.0193871649723067
2024-01-20,0.7705782651901245,0.12409403740927719,0.10267756134271622,0.007950248460513891,0.00361472291147617,1.008914835314108
2024-01-21,0.73884117603302,0.10778321462336005,0.08019210398197174,0.0065601881606663255,0.0038483051265447567,0.9372249879255629
2024-01-22,0.7419073581695557,0.10678468766976426,0.08194147795438766,0.005963489838352625,0.005348085560982571,0.9419450991930427
2024-01-23,0.7269469499588013,0.10771283708703429,0.08088291436433792,0.005480585124987404,0.005360736145983105,0.926384022681144
2024-01-24,0.7269469499588013,0.10500515427629555,0.08266657590866089,0.0054704103310831325,0.005484581868536417,0.9255736723433772
2024-01-25,0.7269469499588013,0.11143175576853322,0.08345616608858109,0.005094554293150548,0.005393837046208247,0.9323232631552744
2024-01-26,0.8644917607307434,0.10684130375766102,0.1134318858385086,0.005133008872644666,0.005505811021651519,1.0954037702212092
2024-01-27,0.8644917607307434,0.10693115746651356,0.11770351231098175,0.0049911448049512926,0.0052739416304870635,1.099391516943677
2024-01-28,0.8773730397224426,0.11208922001972031,0.11940652132034302,0.005995474286686613,0.005628469320192492,1.120492724669385
2024-01-29,0.9080777168273926,0.10708519345294903,0.1265600621700287,0.005938978526401449,0.005840933365901189,1.153502884342673
2024-01-30,0.9080777168273926,0.10528397929471499,0.11336258798837662,0.004324664718277467,0.005185308526025813,1.1362342573547874
2024-01-31,0.9080777168273926,0.10066648610837482,0.12039084732532501,0.0036644293565472144,0.0048284172825463914,1.137627896900186
2024-02-01,0.8934590220451355,0.10081495081552279,0.11792027205228806,0.003660241040176634,0.004804691602327852,1.120659177555451
2024-02-02,0.815969705581665,0.1019357248255547,0.11649858951568604,0.003681155387010682,0.00490440875144884,1.0429895840613654
2024-02-03,0.815969705581665,0.1118213576662045,0.11991968750953674,0.004481638462128949,0.00742092208308165,1.059613311302617
2024-02-04,0.9228742122650146,0.10213253417414789,0.1373705118894577,0.0038621341000155446,0.006027646391519304,1.172267038820155
2024-02-05,0.9271825551986694,0.1064896104998293,0.1375219225883484,0.003930603456615807,0.006408220108574104,1.1815329118520368
2024-02-06,0.9379741549491882,0.12334841121637138,0.13913032412528992,0.005115547677367109,0.008075805882699578,1.2136442438509163
2024-02-07,0.9379741549491882,0.1296816475139759,0.13794860243797302,0.003444455513970447,0.007287942012506398,1.2163368024276142
2024-02-08,0.8816676735877991,0.12406610221961824,0.1349789798259735,0.00309418506050397,0.005676512132029844,1.1494834528259248
2024-02-09,0.9040127992630005,0.12231279910625419,0.14464803040027618,0.003015910343159584,0.0042720988265275844,1.1782616379392181
2024-02-10,0.9040127992630005,0.12024030572682579,0.14464803040027618,0.0032286898957014326,0.004600800563827804,1.1767306258496317
2024-02-11,0.9040127992630005,0.12117697375077029,0.1465940922498703,0.00543420383907923,0.005007865225146101,1.1822259343278665
2024-02-12,0.8857836723327637,0.115957797179194,0.15233518183231354,0.005436197899248686,0.003897836257308623,1.1634106855008286
2024-02-13,0.8066325783729553,0.10490523578359932,0.13366086781024933,0.005257779060660526,0.0041355333536079635,1.0545919943810724
2024-02-14,0.7758364677429199,0.13465613937520743,0.21501599252223969,0.005826692388968775,0.008711028160701005,1.1400463201900368
2024-02-15,0.6797892451286316,0.11560221818151345,0.08362044394016266,0.004358872807652786,0.003523482371636155,0.8868942624295967
2024-02-16,0.7291257977485657,0.11099009263614439,0.08628934621810913,0.00425063683096232,0.0031341428899020187,0.9337900163236834
2024-02-17,0.7056177258491516,0.10909662251404847,0.08446215093135834,0.004214615996867794,0.003073501617957245,0.9064646169093835
2024-02-18,0.7023389339447021,0.11635505921547859,0.08617230504751205,0.005780564407662177,0.005775867411913358,0.9164227300272684
2024-02-19,0.7696734070777893,0.12242134123586282,0.08348765224218369,0.005111028366579495,0.004239100606559586,0.9849325295289749
2024-02-20,0.7636191844940186,0.11622259756904063,0.08589977025985718,0.004547319698512943,0.0035649218591651843,0.9738537938805946
2024-02-21,0.7906799912452698,0.12180254207175664,0.09702817350625992,0.005046789106515409,0.004246076180069451,1.0188035721098712
2024-02-22,0.7478850483894348,0.10862172094889241,0.0939483791589737,0.004880898152907604,0.003365796454428122,0.9587018431046367
2024-02-23,0.743480920791626,0.12747149117084186,0.11359169334173203,0.005420106786091053,0.006745811363912528,0.9967100234542035
2024-02-24,0.7067079544067383,0.12597435714300184,0.08279827982187271,0.0052524732147124845,0.005094495999242548,0.9258275605855678
2024-02-25,0.68169766664505,0.12177385845001781,0.07983628660440445,0.0051936207662655045,0.004019503457640792,0.8925209359233787
2024-02-26,0.6292160153388977,0.12099722175274792,0.08432488888502121,0.005179651902078539,0.003992958503614108,0.8437107363823596
2024-02-27,0.6136632561683655,0.12070375681787385,0.08363180607557297,0.00527806465395736,0.004075487968698988,0.8273523716844686
2024-02-28,0.6292160153388977,0.12344707586883576,0.08414660394191742,0.005296842460856145,0.0044152483970653425,0.8465217860075723
2024-02-29,0.6292160153388977,0.1127127412148914,0.08743095397949219,0.006000530284284832,0.005051355156061315,0.8404115959736275
2024-03-01,0.6292160153388977,0.11058345408506244,0.09115996211767197,0.005386401839631716,0.004654067970778844,0.8409999013520426
2024-03-02,0.7087740302085876,0.10891860008297304,0.10053467005491257,0.005400787992202101,0.0045951600991924,0.9282232484378677
2024-03-03,0.7029213905334473,0.11696446950924413,0.09760578721761703,0.009073153889823967,0.007702108861975547,0.9342669100121079
2024-03-04,0.5936989188194275,0.11678447689705589,0.08487164974212646,0.0072188129306021845,0.005527926854382486,0.8081017852435946
2024-03-05,0.5838450789451599,0.11170429097984795,0.08879460394382477,0.007076030637734284,0.005382885298465695,0.7968028898050326
2024-03-06,0.639340341091156,0.1306941026616157,0.150610089302063,0.008006462476993565,0.009202054659266224,0.9378530501910946
2024-03-07,0.6606136560440063,0.12328209660245731,0.16293339431285858,0.009236711027074119,0.008228661003472177,0.9642945189898685
2024-03-08,0.7317361235618591,0.13264954593198447,0.13330945372581482,0.009767446397820744,0.009914984120429009,1.0173775537379082
2024-03-09,0.7631911635398865,0.1275642281174212,0.13332538306713104,0.007689880043508059,0.009549992741292037,1.041320647509239
2024-03-10,0.790503203868866,0.12962362833257723,0.1444954127073288,0.007350320297018788,0.00786474828583637,1.079837313491627
2024-03-11,0.790503203868866,0.11210185532884483,0.1371103972196579,0.006596853812438069,0.006420324240014327,1.0527326344698211
2024-03-12,0.864192545413971,0.1071236589625868,0.14836230874061584,0.006607925465345194,0.00679529020375493,1.1330817287862738
2024-03-13,0.854890763759613,0.10553653028371156,0.1424998641014099,0.006715312810779496,0.007664737270091426,1.1173072082256055
2024-03-14,0.7477706074714661,0.11406067750927153,0.12608982622623444,0.006751257301600077,0.008545146017604931,1.003217514526177
2024-03-15,0.8287621140480042,0.13690539044969735,0.14006143808364868,0.00821168853777642,0.01354112900685335,1.12748176012598
2024-03-16,0.7114307880401611,0.13284667819321752,0.085090771317482,0.007772625236052684,0.01294617856159379,0.9500870413485071
2024-03-17,0.719866931438446,0.1301704651141689,0.08923736214637756,0.007446559046110082,0.011463423987524524,0.9581847417326271
2024-03-18,0.7610586285591125,0.12825260347027126,0.09666856378316879,0.007185770908513796,0.010041248681106446,1.0032068154021727
2024-03-19,0.8179378509521484,0.11206634503381864,0.10802876204252243,0.008262410267858442,0.008582156746608336,1.054877525042956
2024-03-20,0.8795680403709412,0.11183727771848503,0.10951296240091324,0.0075895006734335475,0.008454185076753567,1.1169619662405266
2024-03-21,0.9007742404937744,0.11562483683041638,0.21497003734111786,0.007480760830125134,0.008725147054545461,1.2475750225499793
2024-03-22,0.9420722126960754,0.12675214668722928,0.1960260570049286,0.010470365877993885,0.011897285552498,1.287218067818725
2024-03-23,0.8418275713920593,0.12559510350115885,0.11982543021440506,0.008484304526642662,0.011841830113151692,1.1075742397474178
2024-03-24,0.8842875957489014,0.1408171320478265,0.2263254076242447,0.009081369254173364,0.013769545077145418,1.2742810497522912
2024-03-25,0.8319621682167053,0.12224055802568567,0.1127205565571785,0.007741424979463842,0.010588504813237266,1.0852532125922707
2024-03-26,0.8861247301101685,0.11137190299862107,0.1453133523464203,0.006638706728656594,0.009362092055820337,1.1588107842396869
2024-03-27,0.8590590953826904,0.1216052885464245,0.1464129388332367,0.006679235782331835,0.010567606416147854,1.1443241649608313
2024-03-28,0.8590590953826904,0.11628604597293811,0.1472383439540863,0.006810605389887689,0.010768764536222369,1.140162855235825
2024-03-29,0.9089043140411377,0.12310255534007895,0.15494674444198608,0.006691755088702064,0.011437983992342346,1.205083352904247
2024-03-30,0.8417539000511169,0.11907335957548124,0.19693689048290253,0.006747656797787961,0.01019429126514786,1.1747060981724364
2024-03-31,0.8520926833152771,0.12066103411148271,0.11635366082191467,0.006703449240372165,0.010172973588264267,1.1059838010773109
2024-04-01,0.7757517099380493,0.11610152887118803,0.10906263440847397,0.0070540481687069185,0.010944258489974028,1.0189141798763923
2024-04-02,0.7884445190429688,0.10902225794856624,0.10775922983884811,0.006521496131127778,0.009396085476932766,1.0211435884384437
2024-04-03,0.7331991791725159,0.11018807867420924,0.1000242680311203,0.00648422338844823,0.009178816604041783,0.9590745658703353
2024-04-04,0.7694665193557739,0.11157643995840931,0.18317946791648865,0.006926186337624151,0.011325023315693464,1.0824736368839893
2024-04-05,0.7694665193557739,0.12895315516042216,0.1657787412405014,0.008251692839664324,0.01584195105380357,1.0882920596501653
2024-04-06,0.8842949271202087,0.12875495448695423,0.1731545329093933,0.011274912223743013,0.02048553691348704,1.2179648636537863
2024-04-07,0.8526068925857544,0.12528495920507915,0.09829709678888321,0.008860716788449349,0.016470863767367974,1.101520529135534
2024-04-08,0.8276368975639343,0.13399654541998882,0.10657666623592377,0.009361481407443495,0.018241337733244024,1.0958129283605345
2024-04-09,0.902493417263031,0.13614767557326066,0.16250942647457123,0.011159527104098878,0.020507665247231355,1.2328177116621932
2024-04-10,0.8842949271202087,0.12934902600709627,0.17586302757263184,0.009665159246611873,0.016633431897954555,1.2158055718445033
2024-04-11,0.8974713087081909,0.11580289754529549,0.1458299607038498,0.007859165891725941,0.013612164388910492,1.1805754972379725
2024-04-12,0.9495452642440796,0.13272266026718954,0.1857074350118637,0.00751479313320494,0.01444500773378973,1.2899351603901275
2024-04-13,0.8618576526641846,0.12447409476986208,0.11418958753347397,0.007203116417640598,0.012117709096012286,1.1198421604811732
2024-04-14,0.8152103424072266,0.12324379767511018,0.0987483561038971,0.006975178856656458,0.011685138398138633,1.055862813441029
2024-04-15,0.8144997358322144,0.12070089348969948,0.09942515939474106,0.006882676729857962,0.011151147168310787,1.0526596126148235
2024-04-16,0.7914584875106812,0.11019606898152502,0.10207691788673401,0.006460420632950413,0.01013093471690508,1.0203228297287958
2024-04-17,0.7754989862442017,0.10748303532643744,0.09757756441831589,0.0064844595955543425,0.010020250630005039,0.9970642962145143
2024-04-18,0.7563304305076599,0.1136998545993863,0.0888749361038208,0.006585146937032247,0.010743696979845346,0.9762340651277446
2024-04-19,0.7563304305076599,0.1207842357260761,0.08980809152126312,0.0066225396509543965,0.010936257765429246,0.9844815551713828
2024-04-20,0.7563304305076599,0.12276917031592949,0.09973184764385223,0.008088949774184569,0.013319421239951154,1.0002398194815774
2024-04-21,0.7553199529647827,0.14189426185156984,0.0955415889620781,0.008444876082310933,0.013947351168016337,1.015148031028758
2024-04-22,0.7553199529647827,0.13449666026532633,0.10113906860351562,0.00856663122251962,0.014415262278161136,1.0139375753343054
2024-04-23,0.8432358503341675,0.13171363588749885,0.11342734098434448,0.008432155581311758,0.014508895789199767,1.1113178785765223
2024-04-24,0.9650017023086548,0.13830239250595264,0.17336365580558777,0.007997770418643782,0.016815195774868067,1.301480716813707
2024-04-25,0.977367103099823,0.1457561773106332,0.2080046534538269,0.008386121880234687,0.01642489156852823,1.355938947313046
2024-04-26,0.8570626378059387,0.1370714960766808,0.10220669209957123,0.0069317052044587804,0.011941436572654784,1.1152139677593045
2024-04-27,0.7970093488693237,0.1381344334008727,0.10404087603092194,0.008297463190628077,0.014007739668383588,1.06148986116013
2024-04-28,0.8281976580619812,0.14934405337820145,0.11853057146072388,0.011688109397930097,0.021257932199856625,1.1290183244986935
2024-04-29,0.8116395473480225,0.1604815586601812,0.1108001172542572,0.02053090301694709,0.031211380464766517,1.1346635067441744
2024-04-30,0.8042692542076111,0.16064099259308406,0.09047883003950119,0.02087533562889835,0.031016855231191447,1.1072812677002861
2024-05-01,0.8296942710876465,0.16564648001308616,0.09007446467876434,0.020497056305861388,0.030038642511226798,1.1359509145965851
2024-05-02,0.8129637241363525,0.16152312205383504,0.0937797799706459,0.01883518054613032,0.026791851129622624,1.1138936578365863
2024-05-03,0.8129637241363525,0.163400894119458,0.08665956556797028,0.01956449248021606,0.027364690146451476,1.1099533664504484
2024-05-04,0.8249292373657227,0.14709902087803686,0.09430929273366928,0.018918654183052372,0.02439890244175721,1.1096551076022385
2024-05-05,0.8249292373657227,0.15704410749850836,0.1196061372756958,0.019471883601940142,0.0241492938740594,1.1452006596159263
2024-05-06,0.8667420744895935,0.15929233424769895,0.16561931371688843,0.019646099067138812,0.023749627685751572,1.2350494492070714
2024-05-07,0.8746545314788818,0.15882384507530542,0.18110008537769318,0.01945477987901669,0.022557250503905397,1.2565904923148026
2024-05-08,0.8359741568565369,0.16034823977513854,0.1763647198677063,0.019211455307128818,0.02269145235548214,1.2145900241619927
2024-05-09,0.8642613291740417,0.16187280987878627,0.16908133029937744,0.017961085612279444,0.021102313077719537,1.2342788680422043
2024-05-10,0.9220557808876038,0.16927262365646675,0.16619384288787842,0.018167047464316147,0.020268418018191865,1.2959577129144568
2024-05-11,0.9220557808876038,0.17099000798589697,0.16302776336669922,0.01854687337013044,0.02166577129358135,1.2962861969039117
2024-05-12,0.9714828729629517,0.16269599705527057,0.175029918551445,0.018931539639258716,0.022228124336026573,1.3503684525449524
2024-05-13,0.9220557808876038,0.18410476683173266,0.19482620060443878,0.019439132802671375,0.024677806881738984,1.3451036880081855
2024-05-14,0.9433669447898865,0.17759486290556795,0.1941015124320984,0.02065232518330303,0.029456256480266993,1.3651719017911228
2024-05-15,0.9588354825973511,0.1910822246968156,0.19964651763439178,0.02101169550830841,0.031477214309790134,1.402053134746657
2024-05-16,0.9348329305648804,0.19996224266144202,0.1831544041633606,0.02217528825706998,0.032428006084672445,1.3725528717314255
2024-05-17,0.9644529819488525,0.19909791417433453,0.18680179119110107,0.02270537483684311,0.032823176468872145,1.4058812386200035
2024-05-18,0.9311327338218689,0.19056373776847602,0.17957043647766113,0.023583179959505103,0.03268861283820897,1.3575387008657203
2024-05-19,0.8658894300460815,0.20279787742867006,0.18758656084537506,0.023489729273913282,0.03307560163389554,1.3128391992279356
2024-05-20,0.8658894300460815,0.2342979717404982,0.16007182002067566,0.023863119222960284,0.035337262482073924,1.3194596035122899
2024-05-21,0.8658894300460815,0.2286419065931187,0.15635685622692108,0.022934207811815037,0.03218554401440862,1.306007944692345
2024-05-22,0.8658894300460815,0.21419152607513378,0.15740597248077393,0.022356016866482753,0.028888674921744628,1.2887316203902164
2024-05-23,0.8516495227813721,0.2307687739222688,0.17171704769134521,0.02213318308970336,0.02953051226989048,1.30579903975458
2024-05-24,0.8516495227813721,0.24347602075681615,0.1913704127073288,0.02350302303658153,0.03153392223291759,1.3415329015150161
2024-05-25,0.8379101157188416,0.24245362994872155,0.17692172527313232,0.023638918526871805,0.030654064092995488,1.3115784535605626
2024-05-26,0.8421434164047241,0.23507252569698076,0.1816214919090271,0.0234805410693146,0.03002339186967182,1.3123413669497184
2024-05-27,0.8421434164047241,0.24218594703058482,0.18188825249671936,0.024366441665519458,0.02881459472782375,1.3193986523253713
2024-05-28,0.8421434164047241,0.21944330486307878,0.20572274923324585,0.02311443610698138,0.025083901518019813,1.3155078081260498
2024-05-29,0.9284201860427856,0.2199759418291701,0.21834540367126465,0.02265765114249061,0.02615025935164326,1.415549442037354
2024-05-30,0.9055973887443542,0.20831055420105493,0.19478876888751984,0.020458830840856614,0.02194902106204643,1.3511045637358319
2024-05-31,0.9284201860427856,0.21055752644885886,0.20949195325374603,0.01916510615654384,0.022958292937492967,1.3905930648394274
2024-06-01,0.9055973887443542,0.22958513102744296,0.21937984228134155,0.01928633502570692,0.026084618240771,1.3999333153196167
2024-06-02,0.8793590664863586,0.23819152405032332,0.18937474489212036,0.02061504550229142,0.028857153067955586,1.3563975339990493
2024-06-03,0.8489576578140259,0.22146165298248108,0.17614436149597168,0.021381600820818747,0.02782122539050429,1.2957664985038018
2024-06-04,0.8489576578140259,0.23094014855112452,0.17450007796287537,0.02014465039528408,0.0266398963743606,1.3011824310976703
2024-06-05,0.8628782629966736,0.2413167173851396,0.18220005929470062,0.020175608162347678,0.028423257196265633,1.3349939050351272
2024-06-06,0.8628782629966736,0.24799962459089023,0.1937563568353653,0.02341944183104512,0.03451915303562665,1.3625728392896008
2024-06-07,0.8902183771133423,0.27741596305502486,0.19914524257183075,0.025446613149225375,0.040943448818548056,1.4331696447079714
2024-06-08,0.9545920491218567,0.31479507115254945,0.20431970059871674,0.027222680124430017,0.051734471945673884,1.5526639729432266
2024-06-09,0.9900341033935547,0.3334706307157758,0.23278653621673584,0.026826248154201256,0.05368870126042785,1.6368062197406954
2024-06-10,0.9051845669746399,0.35177395882123075,0.16295225918293,0.02826068504660515,0.051367799493166104,1.4995392695185719
2024-06-11,1.123151183128357,0.5123612530969328,0.16180408000946045,0.041160937244551034,0.05637375269180149,1.8948512061711027
2024-06-12,1.0752670764923096,0.5991178824578269,0.15519888699054718,0.04290444503953277,0.06055245396806412,1.9330407449482807
2024-06-13,1.2141189575195312,0.6199229656698777,0.16598957777023315,0.044460447493624745,0.0634045941814178,2.1078965426346845
2024-06-14,1.1690185070037842,0.6520074412501666,0.16246865689754486,0.04400050238051091,0.06308718844891,2.0905822959809166
2024-06-15,1.1690185070037842,0.6316432950417208,0.16648752987384796,0.045074058425884675,0.0676411612267585,2.0798645515719962
2024-06-16,1.254652500152588,0.6818698775943683,0.1667490005493164,0.04669188512749116,0.07593300583631857,2.2258962692600828
2024-06-17,1.285590648651123,0.7371187079972528,0.16889236867427826,0.04781243677365935,0.07784697993644872,2.317261142032762
2024-06-18,1.1297253370285034,0.7358445982158137,0.16773325204849243,0.04628850651272216,0.07925682788957361,2.1588485216951057
2024-06-19,1.130211591720581,0.7293683129534463,0.1617702841758728,0.04610021802489255,0.08023260990460021,2.1476830167793928
2024-06-20,1.1388827562332153,0.7203825183537327,0.20700235664844513,0.04602318152337923,0.07931708812878352,2.191607900887556
2024-06-21,1.1388827562332153,0.7276466508019874,0.21118572354316711,0.04649804229166569,0.08029870749521456,2.20451188036525
2024-06-22,1.1388827562332153,0.7274348003943194,0.19497549533843994,0.045596905341577953,0.08051156460667144,2.187401521914224
2024-06-23,1.1388827562332153,0.7404078571449673,0.21069958806037903,0.04764676742069681,0.08174156577730601,2.219378534636564
2024-06-24,1.153208613395691,0.7539464703092931,0.2137637734413147,0.04808268279943103,0.08247114158898633,2.251472681534716
2024-06-25,1.1881320476531982,0.7697122584544784,0.2022046446800232,0.048280707029126076,0.08272498034092175,2.2910546381577475
2024-06-26,1.230009913444519,0.7858237240209438,0.19983023405075073,0.04831379002139277,0.08319214772944619,2.3471698092670525
2024-06-27,1.311362624168396,0.7889899478587743,0.19805829226970673,0.048632270681523,0.08236788290804728,2.4294110178864474
2024-06-28,1.2670220136642456,0.7887650041880381,0.20715025067329407,0.04728045672225379,0.08189620914312566,2.392113934390957
2024-06-29,1.220436453819275,0.7425842941467982,0.24362358450889587,0.04774384591432154,0.07676462663284446,2.331152805022135
2024-06-30,1.2840863466262817,0.8474518364915988,0.2805291414260864,0.049392255917931546,0.08314276961466617,2.544602350076565
2024-07-01,1.3489140272140503,0.8395939721828174,0.26514896750450134,0.0493494654888726,0.08384283235547547,2.5868492647457173
2024-07-02,1.3489140272140503,0.882018629896641,0.3116578459739685,0.0485103609904291,0.08290142478975233,2.674002288864841
2024-07-03,1.3386437892913818,0.8461853364333984,0.26113253831863403,0.04853223558711763,0.0810930688484757,2.575586968479008
2024-07-04,1.3430118560791016,0.7734730497453903,0.20422960817813873,0.04601268693638437,0.07772891902307849,2.4444561199620933
2024-07-05,1.320555329322815,0.5901434766137499,0.19698992371559143,0.03437831270922267,0.06419295614196394,2.206259998503343
2024-07-06,1.355945348739624,0.585861917014258,0.1742973029613495,0.03575434340491796,0.06472743350380308,2.2165863456239525
2024-07-07,1.377942681312561,0.5777063741409882,0.19480125606060028,0.034194578530378605,0.06852088836423471,2.253165778408763
2024-07-08,1.4350918531417847,0.5910410098933068,0.18824045360088348,0.03478647229455787,0.0680100373455911,2.317169826276124
2024-07-09,1.5094459056854248,0.6014640744141615,0.19320204854011536,0.03718057750043089,0.06982694627962704,2.4111195524197595
2024-07-10,1.5094459056854248,0.6116573221080133,0.19571326673030853,0.0365543001980272,0.06355582945194221,2.416926624173716
2024-07-11,1.487478494644165,0.606945673911649,0.17291682958602905,0.034514908795295174,0.058729951598381,2.360585858535519
2024-07-12,1.4071124792099,0.5791960361101465,0.17747458815574646,0.03371314688167031,0.056636485998363406,2.254132736355827
2024-07-13,1.4410375356674194,0.5685151537857231,0.2445160448551178,0.03329487177857103,0.05840559951543058,2.345769205602262
2024-07-14,1.2285562753677368,0.5332387958136591,0.15126283466815948,0.03154592414602718,0.05104816637692664,1.9956519963725092
2024-07-15,1.298032283782959,0.4651154920509178,0.16111887991428375,0.031067672628715574,0.04945281739778407,2.00478714577466
2024-07-16,1.2406868934631348,0.4334274385068388,0.1623416393995285,0.03101000429899705,0.044388333876672785,1.911854309545172
2024-07-17,1.068710446357727,0.4226201395763498,0.15552738308906555,0.03136543123018446,0.04288402192565946,1.7211074221789864
2024-07-18,1.001360535621643,0.40128194250412036,0.12785160541534424,0.030046527112081948,0.03532282431368407,1.5958634349668737
2024-07-19,0.9042911529541016,0.3919837296167892,0.12677885591983795,0.02849259415255165,0.03305201716600416,1.4845983498092845
2024-07-20,0.9432144165039062,0.3828626499170595,0.12076923251152039,0.0275073961304943,0.03285959492109226,1.507213289984073
2024-07-21,0.9842550158500671,0.38132541217791394,0.12809453904628754,0.027992303736842795,0.03180686311153451,1.5534741339226459
2024-07-22,1.1634600162506104,0.40685557190120014,0.13403992354869843,0.029158556584881652,0.03535607259621804,1.7688701408816088
2024-07-23,1.0167423486709595,0.3818836388222213,0.11991342157125473,0.028132727947668187,0.03365432841700137,1.5803264654291052
2024-07-24,1.0940133333206177,0.3724422073281627,0.13553400337696075,0.027408709609397775,0.029244682147304017,1.6586429357824428
2024-07-25,1.0940133333206177,0.36385090332726244,0.1446523219347,0.026616754152586786,0.03080891541488705,1.659942228150054
2024-07-26,1.0346899032592773,0.38212971481342667,0.1392715722322464,0.02733851422901913,0.031312295195213315,1.614741999729183
2024-07-27,1.3814270496368408,0.38317687671902106,0.14825953543186188,0.02833481370633406,0.035774889779182875,1.9769731652732407
2024-07-28,1.278993844985962,0.38371848606595443,0.15529672801494598,0.02794651257657656,0.03616682741256071,1.8821223990559994
2024-07-29,1.7849485874176025,0.40241674053521737,0.15255020558834076,0.029309783684997953,0.039241474702838966,2.4084667919289973
2024-07-30,2.0623886585235596,0.40046433397346104,0.21785695850849152,0.02987920679335267,0.04213101248676216,2.752720170285627
2024-07-31,1.912512183189392,0.3716009160495256,0.1649647355079651,0.028506272201341474,0.03763998927882401,2.5152240962270485
2024-08-01,2.0429561138153076,0.38370043627890094,0.1816321462392807,0.02700291605010757,0.038082934002276074,2.6733745463858734
2024-08-02,2.0193328857421875,0.3792411205216935,0.16873109340667725,0.02843835166701452,0.04158484215406549,2.637328293491638
2024-08-03,2.0193328857421875,0.3701967131904233,0.1766713559627533,0.028906543712709152,0.042112521875657644,2.637220020483731
2024-08-04,1.9443962574005127,0.39839565131149224,0.19871032238006592,0.028383894178226402,0.042817522527648186,2.6127036477979453
2024-08-05,1.9443962574005127,0.3835711596571685,0.22723115980625153,0.029175706525458683,0.0401476111555848,2.624521894544976
2024-08-06,1.8666346073150635,0.354045476554704,0.17069613933563232,0.027955301076376435,0.03430183022843772,2.4536333545102136
2024-08-07,1.8891425132751465,0.33764374749899534,0.14204339683055878,0.027197328544908875,0.03408512957141518,2.4301121157210246
2024-08-08,1.4586721658706665,0.33904800822778286,0.1538465917110443,0.026702196719532712,0.03338639721497321,2.0116553597439997
2024-08-09,1.1712253093719482,0.3197201137349395,0.11370337754487991,0.024757237769543132,0.027584340277197347,1.656990378698508
2024-08-10,1.1542367935180664,0.32543772664541454,0.11596544086933136,0.02685068523351546,0.03042278255552451,1.6529134288218523
2024-08-11,1.4428820610046387,0.34611738780369994,0.11137790232896805,0.028091596289276596,0.03549318526879412,1.9639621326953771
2024-08-12,1.2438232898712158,0.32977004737070187,0.1115201860666275,0.02692800524736011,0.02951105255337547,1.741552581109281
2024-08-13,1.2187418937683105,0.32226778923058436,0.11354755610227585,0.027103490526366923,0.02828934194219766,1.7099500715697353
2024-08-14,1.2652627229690552,0.3517878013479084,0.12377862632274628,0.02747056240903095,0.03120108868642973,1.7995008017351706
2024-08-15,1.4714354276657104,0.36409055300298415,0.144425168633461,0.027944628115964303,0.03614806546523145,2.044043842883351
2024-08-16,1.5327335596084595,0.3522674119692106,0.1321554332971573,0.028614676420331657,0.035479784646375585,2.0812508659415343
2024-08-17,1.5327335596084595,0.34585155927563555,0.14071597158908844,0.02719022507175988,0.03341997524549128,2.0799112907904345
2024-08-18,1.4095481634140015,0.3548138536833314,0.14428222179412842,0.02868857613242619,0.038153424625448316,1.9754862396493358
2024-08-19,1.5405957698822021,0.36871701761742687,0.1650080680847168,0.028453223330969203,0.0365901075001443,2.139364186415459
2024-08-20,1.4110301733016968,0.3735796652597549,0.17184263467788696,0.02697376552456055,0.03559264561716459,2.019018884381064
2024-08-21,1.5290791988372803,0.35312245812466714,0.15993963181972504,0.027333180228421867,0.03485544674263238,2.104329915752727
2024-08-22,1.4991213083267212,0.34028279936538125,0.16053785383701324,0.026867946380512774,0.031857286761355734,2.058667194670984
2024-08-23,1.3135138750076294,0.3303042087503938,0.15993963181972504,0.026949695682692353,0.030653255792615148,1.8613606670530558
2024-08-24,1.4285998344421387,0.3312328079937328,0.14824017882347107,0.026181526376281804,0.028914604890539097,1.9631689525261635
2024-08-25,1.461356282234192,0.3204596786390772,0.13714256882667542,0.02570233662438653,0.027126533875308733,1.9717874001996398
2024-08-26,1.2230292558670044,0.3059941482259742,0.1526821404695511,0.024987661014945834,0.024943972148829194,1.7316371777263047
2024-08-27,1.3556512594223022,0.32828268049543075,0.14516673982143402,0.02697995616665452,0.029872295707435267,1.885952931613257
2024-08-28,1.205289363861084,0.3425351656201443,0.15689249336719513,0.026249218443020098,0.03136947663595916,1.7623357179274026
2024-08-29,1.3239078521728516,0.3664490504472641,0.16234366595745087,0.02785280787783208,0.037500856114842475,1.9180542325702412
2024-08-30,1.4516059160232544,0.3862698451199779,0.1750975400209427,0.029565265013854234,0.04311077123574049,2.08564933741377
2024-08-31,1.450839877128601,0.43567669517008606,0.18886469304561615,0.030677450263310167,0.045979603733928655,2.1520383193415418
2024-09-01,1.55449640750885,0.4638357572217565,0.19048663973808289,0.030219929411518364,0.043953143116799626,2.282991876997007
2024-09-02,1.75582754611969,0.44193229507733905,0.18352781236171722,0.03088408025986951,0.0436299651603683,2.4558016989789837
2024-09-03,2.161672830581665,0.48021912137667555,0.1841403841972351,0.03232081101003671,0.04475742891923242,2.903110576084845
2024-09-04,2.110800266265869,0.47249156785904056,0.22663719952106476,0.03222258322709938,0.04182363554174398,2.883975252414818
2024-09-05,2.110800266265869,0.46919188012538576,0.2167036533355713,0.0327423567921173,0.04293683248444227,2.872374989003386
2024-09-06,2.0573854446411133,0.497204542736615,0.23345406353473663,0.0350555255333354,0.04607034872966206,2.8691699251754623
2024-09-07,2.4220447540283203,0.6161653758710053,0.21932590007781982,0.03752412253044793,0.049052767475978074,3.344112919983571
2024-09-08,2.292815685272217,0.7358190092040393,0.22715632617473602,0.04473116629093395,0.05500634549126252,3.3555285324331887
2024-09-09,2.238837718963623,0.7288957096239683,0.18245814740657806,0.045006556229001966,0.05431576799892086,3.249513900222092
2024-09-10,2.238837718963623,0.7288907400685909,0.21441707015037537,0.044022213243015536,0.06050634541575074,3.286674087841356
2024-09-11,2.238837718963623,0.7137229264325435,0.1976597011089325,0.044937398933329396,0.05903428310866018,3.254192028547089
2024-09-12,2.238837718963623,0.6763071040202409,0.19919782876968384,0.04431150163281207,0.049411735431934514,3.2080658888182945
2024-09-13,2.2769103050231934,0.654621486441048,0.17538954317569733,0.044747277614884215,0.04730653672053891,3.1989751489753617
2024-09-14,2.331805944442749,0.5924262441297847,0.26746582984924316,0.04065512865576864,0.045319112265861605,3.277672259343407
2024-09-15,2.0811233520507812,0.46197935290701037,0.18625637888908386,0.03522910910394848,0.03861056734408924,2.803198760294913
2024-09-16,2.0213849544525146,0.4529276652254479,0.1838884800672531,0.03536827775968863,0.04000475694863309,2.7335741344535376
2024-09-17,2.0703673362731934,0.45551326844498335,0.187221959233284,0.03561871134413372,0.041862549850524504,2.790583825146119
2024-09-18,2.046104907989502,0.4277563198835833,0.1793927252292633,0.03502724969668745,0.03856935273143436,2.7268505555304703
2024-09-19,2.038362741470337,0.4275097984604442,0.23119166493415833,0.035142627422199764,0.0375574482003301,2.7697642804874696
2024-09-20,2.038362741470337,0.39143011174533704,0.23416751623153687,0.03406772053498302,0.0362407716265296,2.7342688616087236
2024-09-21,1.803890347480774,0.40316937368036776,0.2598651945590973,0.03564456164971286,0.03942359435238546,2.541993071722337
2024-09-22,1.962620496749878,0.4441535381574996,0.2394503951072693,0.03522772473081455,0.04224374069865896,2.72369589544412
2024-09-23,2.029271364212036,0.46625476519816256,0.2514098882675171,0.03549930701080081,0.04340787130080414,2.825843195989321
2024-09-24,1.9546599388122559,0.48312198246427074,0.2547317147254944,0.038310319159257956,0.0489351773955612,2.7797591325568396
2024-09-25,2.029271364212036,0.6581635096104761,0.29790738224983215,0.0426596488888998,0.050477500349497315,3.0784794053107416
2024-09-26,2.029271364212036,0.7129921259397829,0.27126166224479675,0.047475049276014265,0.055248184046543254,3.116248385719173
2024-09-27,2.029271364212036,0.6871443925503102,0.2626391351222992,0.0476073809101566,0.055187268736437846,3.08184954153124
2024-09-28,2.100287914276123,0.7455779625091152,0.27811166644096375,0.048628713201099384,0.05796433670386838,3.2305705931311697
2024-09-29,2.1330621242523193,0.8890042712509396,0.29221534729003906,0.04983362737655352,0.07115351078055114,3.4352688809504026
2024-09-30,2.2414767742156982,0.8725891383964255,0.29327794909477234,0.050035350579555736,0.07158711622057441,3.5289663285070265
2024-10-01,2.192373275756836,0.8382790881375972,0.3149181008338928,0.04989621202801259,0.07245116500281275,3.467917841759151
2024-10-02,2.192373275756836,0.7975328530422077,0.287281334400177,0.050293887807470995,0.07286245150386747,3.4003438025105592
2024-10-03,2.192373275756836,0.7978112219413636,0.29223668575286865,0.05116613380585669,0.07336000107252767,3.4069473183294523
2024-10-04,2.192373275756836,0.8158962797973637,0.26398250460624695,0.0497519199639649,0.07635649896476258,3.398360479089174
2024-10-05,2.192373275756836,0.8014391146243343,0.2728264033794403,0.04959644106215971,0.07526792727636127,3.3915031620991316
2024-10-06,2.0890398025512695,0.7267019050110519,0.23046837747097015,0.04949555815636469,0.07117860445705655,3.166884247646713
2024-10-07,2.1033263206481934,0.7226758361096581,0.22913476824760437,0.04926364607574351,0.06785127432826926,3.1722518454094684
2024-10-08,2.1960015296936035,0.7050895482278638,0.23566213250160217,0.04905167090239496,0.06803508784438046,3.253839969169845
2024-10-09,2.1404306888580322,0.7061455286714782,0.24307219684123993,0.049088891023848114,0.06726998790627015,3.206007293300869
2024-10-10,2.1404306888580322,0.6648404808046628,0.244077667593956,0.047689242085216195,0.06154301140760455,3.158581090749472
2024-10-11,2.0397934913635254,0.6315956836221988,0.24936816096305847,0.04345056931562919,0.05656766921310563,3.0207755744775175
2024-10-12,2.0101077556610107,0.4764510050011204,0.21396370232105255,0.03801220139850376,0.050929589473122185,2.78946425385481
2024-10-13,1.9502068758010864,0.45142641730105154,0.1515413224697113,0.03509621464701017,0.05084775456544842,2.639118584784308
2024-10-14,1.8156896829605103,0.42947813367706333,0.15250523388385773,0.0355869477387285,0.054576132091426637,2.487836130351586
2024-10-15,1.8707773685455322,0.4409125677984914,0.15482035279273987,0.03540173269447036,0.05659987966955662,2.55851190150079
2024-10-16,1.8984054327011108,0.4505783590911867,0.15308623015880585,0.03718424995503241,0.05838561261392755,2.5976398845200634
2024-10-17,2.001615047454834,0.5309150024275764,0.18454481661319733,0.03636395221819795,0.06625634994207004,2.8196951686558758
2024-10-18,2.1476175785064697,0.5444829100498478,0.177774116396904,0.03720002843021396,0.06566442788569057,2.972739061269126
2024-10-19,2.059434175491333,0.52462233098339,0.17491163313388824,0.035909374120328984,0.06418811856297332,2.8590656322919137
2024-10-20,2.118474245071411,0.5410375152155174,0.18838705122470856,0.03745208700283378,0.06490011424568987,2.950251012760161
2024-10-21,2.233696222305298,0.7962517036532779,0.20272907614707947,0.04652981205438828,0.07066656321527612,3.3498733773753195
2024-10-22,2.3441851139068604,0.7897664039765646,0.2204103022813797,0.04685588901082865,0.06923069660001305,3.470448405775646
2024-10-23,2.258725643157959,0.6858611289605061,0.23267070949077606,0.04718564166698907,0.06545666874480928,3.28989979202104
2024-10-24,2.3197014331817627,0.5979012453327839,0.20871171355247498,0.03796505462235304,0.05948510262578133,3.2237645493151557
2024-10-25,2.1327736377716064,0.4773578066365027,0.18666109442710876,0.03397310951680163,0.05313762162794543,2.8839032699799647
2024-10-26,2.1431705951690674,0.446542831368077,0.20147208869457245,0.03303241416110775,0.05393512771785437,2.878153057110679
2024-10-27,2.1372299194335938,0.43056081574424476,0.18691694736480713,0.03232341255129791,0.052193872123832245,2.839224967217776
2024-10-28,2.1482458114624023,0.39061956097504685,0.18720458447933197,0.03125515199493546,0.05041575214711264,2.8077408610588295
2024-10-29,2.1482458114624023,0.40614008486474806,0.18335381150245667,0.031920691720211544,0.05183008575468555,2.821490485304504
2024-10-30,2.086003303527832,0.3584014286023377,0.16155152022838593,0.031192588105884104,0.048396534583931165,2.6855453750483713
2024-10-31,1.4841164350509644,0.3032613040318037,0.15387339890003204,0.02783363620826727,0.04332969843254253,2.0124144726236097
2024-11-01,1.4523264169692993,0.2977720553163715,0.17413729429244995,0.026637051948260246,0.04564766278686363,1.9965204813132447
2024-11-02,1.4523264169692993,0.2996726033049855,0.1473807543516159,0.028154839605459534,0.046409465736340916,1.9739440799677013
2024-11-03,1.4002835750579834,0.3022450440587839,0.1139751747250557,0.02715073849526652,0.04714876096342111,1.8908032933005106
2024-11-04,1.3838735818862915,0.29599790653743907,0.11753007024526596,0.02711281232143895,0.04637102716597106,1.8708853981564066
2024-11-05,1.7661837339401245,0.2993133629289463,0.11874189227819443,0.02722984857109473,0.04614184228267383,2.257610680001034
2024-11-06,1.7661837339401245,0.31394474764541924,0.132949098944664,0.026862675754380887,0.04811929356273139,2.2880595498473197
2024-11-07,1.633183479309082,0.3041127772185047,0.11171194911003113,0.026820879220462116,0.04482771967810131,2.120656804536181
2024-11-08,1.3921095132827759,0.2780737096654917,0.11234534531831741,0.0248229122437854,0.04374701138799675,1.851098491898367
2024-11-09,1.3868736028671265,0.28086968313101673,0.13904599845409393,0.026014786345328337,0.043813274115280236,1.8766173449128456
2024-11-10,1.7205049991607666,0.27916810010156823,0.14330486953258514,0.0260460932356167,0.04272084430277802,2.2117449063333146
2024-11-11,1.4340366125106812,0.2803949057688427,0.14074046909809113,0.026641877087982484,0.03899126524286584,1.9208051297084632
2024-11-12,1.5046494007110596,0.294014327862159,0.2322242259979248,0.028430808471153094,0.038142048363013034,2.0974608114053095
2024-11-13,1.4172310829162598,0.30025461075614646,0.14682964980602264,0.028751323466466246,0.045659235067421186,1.9387259020123162
2024-11-14,1.3667571544647217,0.289176571593893,0.141313835978508,0.030701994067838453,0.04367305300399436,1.8716226091089554
2024-11-15,1.3667571544647217,0.2863458535002416,0.1413792073726654,0.028909337503792466,0.045811525016536146,1.8692030778579574
2024-11-16,1.3667571544647217,0.28597100911705825,0.13939683139324188,0.027932485077257277,0.047321867969232205,1.8673793480215113
2024-11-17,1.352755069732666,0.31231069639345294,0.14466029405593872,0.028618737155906432,0.05110033612503489,1.889445133462999
2024-11-18,2.114227056503296,0.3580129128822226,0.1866443008184433,0.032536274715496576,0.05650997925002904,2.7479305241694876
2024-11-19,2.083186626434326,0.44378225938144317,0.14074717462062836,0.0350963031463862,0.05696925093801703,2.7597816145208007
2024-11-20,2.083186626434326,0.4747441083873207,0.190714493393898,0.03966638662218385,0.06001032025656922,2.8483219350942983
2024-11-21,2.083186626434326,0.4538211523251932,0.17017962038516998,0.041028548411891796,0.05853166119126775,2.806747608747849
2024-11-22,2.116544246673584,0.4684302599411814,0.22633399069309235,0.040519265110743746,0.05901242945853121,2.9108401918771327
2024-11-23,2.1011781692504883,0.4443257829984367,0.1349228024482727,0.03913469319269594,0.05217705338229002,2.771738501272184
2024-11-24,2.1321041584014893,0.43601628032252004,0.13652251660823822,0.03857447747094247,0.050802428719638235,2.794019861522828
2024-11-25,2.190006971359253,0.3309093004570287,0.12378565222024918,0.029700864304521016,0.04718325779941094,2.721586046140463
2024-11-26,2.0266621112823486,0.28984143793356404,0.11733008176088333,0.027659980294080448,0.043130121773147845,2.504623733044024
2024-11-27,1.781430721282959,0.2697104571026053,0.11785969883203506,0.025645675500995665,0.038361903517434646,2.2330084562360297
2024-11-28,1.0136710405349731,0.25310342542442404,0.11570269614458084,0.023800900246365598,0.036356981106176814,1.4426350434565203
2024-11-29,1.1343837976455688,0.24087702171147307,0.11720804125070572,0.02282312459271146,0.0293604959973276,1.5446524811977869
2024-11-30,1.0892314910888672,0.22701913539034616,0.12059251219034195,0.02169271888440916,0.029871134913638353,1.4884069924676027
2024-12-01,1.031015396118164,0.21622877198081114,0.11128414422273636,0.020819337060561865,0.026340495212508103,1.4056881445947815
2024-12-02,1.0323381423950195,0.2201438309149975,0.11164472252130508,0.020143885925197797,0.02654134573868207,1.410811927495202
2024-12-03,1.1398247480392456,0.2078157141321296,0.1195395439863205,0.01972257048125137,0.02576890559472231,1.5126714822336693
2024-12-04,1.1687126159667969,0.20098818349024422,0.12689456343650818,0.017778291109158444,0.024533458782125372,1.538907112784833
2024-12-05,1.1030627489089966,0.20010097339401212,0.12298579514026642,0.012574972014231054,0.02502958194564871,1.4637540714031547
2024-12-06,1.0757975578308105,0.2052115431474769,0.1153649315237999,0.012067886520945897,0.030776979743131296,1.4392188987661643
2024-12-07,1.1398247480392456,0.20426875743279774,0.11900799721479416,0.01811057511488434,0.03294498888685914,1.5141570666885809
2024-12-08,1.1538530588150024,0.2002713883701773,0.12229106575250626,0.01751895153955952,0.03237283018105548,1.526307294658301
2024-12-09,1.1484915018081665,0.20013503814819683,0.11645371466875076,0.01757257009153852,0.033610374800544955,1.5162631995171976
2024-12-10,1.1951457262039185,0.19535344632138948,0.12593984603881836,0.01210792481992478,0.03243676332615598,1.560983706710207
2024-12-11,1.1966791152954102,0.19487410000582936,0.11974532157182693,0.011430045705706585,0.03193291781917303,1.554661500397946
2024-12-12,1.167099952697754,0.19320566870855574,0.1137121394276619,0.010388273459812754,0.03108652886953452,1.515492563163319
2024-12-13,1.1911184787750244,0.1917200860068938,0.1190028041601181,0.011566874899326285,0.03367679914867698,1.5470850429900396
2024-12-14,1.2498046159744263,0.19072283004361879,0.13157719373703003,0.010304333488480387,0.03202616877380802,1.6144351420173635
2024-12-15,1.1514256000518799,0.18907278375806152,0.11823083460330963,0.009869643172746245,0.030153734873223988,1.4987525964592212
2024-12-16,1.2106578350067139,0.18412685400730616,0.11197001487016678,0.009852117010963526,0.031191439263983385,1.5477982601591338
2024-12-17,1.1344006061553955,0.18352208830222339,0.1174951046705246,0.00967667018232643,0.031192500563547308,1.476286969874017
2024-12-18,1.0017428398132324,0.1776202664019292,0.11124971508979797,0.009546317745238828,0.030281534969056747,1.3304406740192554
2024-12-19,0.9834709763526917,0.18131962915809022,0.11619695276021957,0.00955493441793602,0.030756671289289703,1.3212991639782272
2024-12-20,0.9677678942680359,0.1798005325483955,0.10349138081073761,0.009463217578436432,0.031160916758013316,1.2916839419636188
2024-12-21,0.934928834438324,0.18035381265145986,0.10769650340080261,0.009550929365647096,0.031023161111364064,1.2635532409675976
2024-12-22,0.9586238265037537,0.18141301844253838,0.11713088303804398,0.009674473977626323,0.03068371550677004,1.2975259174687324
2024-12-23,1.0002435445785522,0.17663312731885916,0.11669676750898361,0.009424162248155411,0.03167165197310128,1.3346692536276519
2024-12-24,1.0509452819824219,0.20243599515347194,0.14502689242362976,0.010425707171468271,0.036362003588519765,1.4451958803195115
2024-12-25,1.0079909563064575,0.18735390623955864,0.08347855508327484,0.010888525450760593,0.03754352437118108,1.3272554674512327
2024-12-26,0.9863995313644409,0.18779919276623422,0.09316916763782501,0.012645605170186217,0.04024238183884682,1.3202558787775331
2024-12-27,0.9879716038703918,0.17844526868796892,0.09424273669719696,0.010784645569146576,0.03625809833417124,1.3077023531588754
2024-12-28,0.9841667413711548,0.17162070827418646,0.09530025720596313,0.00999674250416114,0.035321426607925026,1.2964058759633905
2024-12-29,1.0002695322036743,0.1949047278971149,0.09565669298171997,0.010039263087952298,0.034291621263341864,1.3351618374338035
2024-12-30,1.1119531393051147,0.2425843546198281,0.12663237750530243,0.011594036267635157,0.043394530635213154,1.5361584383330937
2024-12-31,1.0292710065841675,0.2278502017869856,0.10349557548761368,0.014412957196433577,0.04349849676371545,1.418528237818916
2025-01-01,0.9886077642440796,0.21620085986216242,0.11111404746770859,0.014054556686088597,0.040306655130712375,1.3702838833907516
2025-01-02,0.9306941032409668,0.20318012213821227,0.10257232934236526,0.012499474828989637,0.037727372833186126,1.2866734023837203
2025-01-03,0.9564658403396606,0.20243963256586456,0.10123708844184875,0.012300648315718782,0.03774982848631422,1.3101930381494071
2025-01-04,0.9996273517608643,0.21143309840277946,0.10493798553943634,0.011453820506063524,0.0356858895427144,1.3631381457518579
2025-01-05,0.941068172454834,0.1899065053239783,0.09991143643856049,0.01072901051240538,0.0347323402584471,1.2763474649882254
2025-01-06,0.941068172454834,0.18025597483953185,0.0993146151304245,0.01032713459030275,0.03393427105486171,1.2649001680699548
2025-01-07,0.941068172454834,0.1774354061871672,0.09099508821964264,0.009999478576435244,0.032335699387595195,1.2518338448256743
2025-01-08,0.7886682152748108,0.17693334660310334,0.08831243216991425,0.00968884828042602,0.031147700506466446,1.0947505428347208
2025-01-09,0.7787128686904907,0.17102065090064622,0.08793125301599503,0.009418389912442777,0.02989874426611231,1.076981906785687
2025-01-10,0.8527306318283081,0.1655367088359803,0.12786684930324554,0.00935718660290871,0.03002646114124924,1.185517837711692
2025-01-11,0.8909080028533936,0.16421331116630286,0.12257134914398193,0.008904174225153246,0.029331715481426462,1.2159285528702581
2025-01-12,1.0028572082519531,0.16148576746180884,0.1237272322177887,0.008770803979900314,0.02192636830486075,1.3187673802163118
2025-01-13,1.0131770372390747,0.162452358693988,0.13085965812206268,0.008717516598064913,0.020901735954585436,1.3361083066077755
2025-01-14,0.9945003390312195,0.1628923468405437,0.11985328793525696,0.008653974081969266,0.010698764989112432,1.2965987128781018
2025-01-15,1.0107722282409668,0.16110089434203673,0.12248645722866058,0.008635144911958641,0.010827723329148616,1.3138224480527714
2025-01-16,1.0107722282409668,0.15080832947051656,0.12589336931705475,0.008372016375269825,0.00909130594511534,1.3049372493489233
2025-01-17,1.0177675485610962,0.14726471050521717,0.1280473917722702,0.008389056659463854,0.008928645272888128,1.3103973527709354
2025-01-18,0.9479641914367676,0.14814214912163942,0.1263919472694397,0.008336278636705082,0.009438885571755283,1.2402734520363072
2025-01-19,0.9479641914367676,0.11190577426663868,0.12821222841739655,0.007639542275043331,0.008741198551824167,1.2044629349476703
2025-01-20,0.9479641914367676,0.10738947819758492,0.13916195929050446,0.007506166657716611,0.0057234150977477655,1.2077452106803213
2025-01-21,0.9479641914367676,0.1076095995082857,0.13916195929050446,0.007562079552458173,0.0072073981900056495,1.2095052279780216
2025-01-22,0.9047963619232178,0.12203209843324972,0.15658369660377502,0.007417991691788673,0.006991660801753584,1.1978218094537847
2025-01-23,0.8542938828468323,0.11120339742738898,0.08547259867191315,0.007727178750582107,0.008763912759851517,1.067460970456568
2025-01-24,0.880614161491394,0.10494358059522894,0.14012086391448975,0.007182618655396464,0.008619149053100333,1.1414803737096093
2025-01-25,0.819873571395874,0.12145734409911838,0.12646637856960297,0.007190920345813339,0.009940319331497477,1.0849285337419063
2025-01-26,0.7823736071586609,0.10546024911892757,0.08361950516700745,0.007069215803181279,0.008215541165449283,0.9867381184132266
2025-01-27,0.786026120185852,0.10763553906270393,0.08588091284036636,0.006833750061811615,0.007742875290013248,0.9941191974407473
2025-01-28,0.7823736071586609,0.09849065031146947,0.08421894162893295,0.00694287500256462,0.006664971699793833,0.9786910458014219
2025-01-29,0.8022022843360901,0.09917737608680034,0.08937584608793259,0.006830660283293593,0.005201938229040061,1.0027881050231566
2025-01-30,0.7969073057174683,0.09512525262941683,0.08680766820907593,0.006635829429218135,0.005069779842642708,0.9905458358278219
2025-01-31,0.7516822218894958,0.09259032061270651,0.08046436309814453,0.006582243483453186,0.0048469089471418385,0.9361660580309419
2025-02-01,0.7952971458435059,0.11308820986374706,0.08390644192695618,0.006701750296359551,0.0070217084086578365,1.0060152563392264
2025-02-02,0.7671516537666321,0.10032766026804196,0.08240246027708054,0.006146780818102051,0.004543444278871789,0.9605719994087284
2025-02-03,0.8259080648422241,0.09538961982482072,0.08295848965644836,0.005515006639264789,0.004593980712921481,1.0143651616756795
2025-02-04,0.8744145035743713,0.12023134344506119,0.10480984300374985,0.0057972524434189,0.008336220350264607,1.113589162816866
2025-02-05,0.8336825370788574,0.10323533351863426,0.07579444348812103,0.005058003977753461,0.004851081446586455,1.0226213995099527
2025-02-06,0.8813868761062622,0.10410772963073743,0.07816712558269501,0.004990374461297324,0.004642899238851655,1.0732950050198438
2025-02-07,0.8995255827903748,0.10449131553960751,0.07986133545637131,0.004703384029305047,0.005302315283637445,1.093883933099296
2025-02-08,0.833114504814148,0.0971164345037204,0.07228159159421921,0.0042116308349776895,0.0045142135375354445,1.0112383752846006
2025-02-09,0.8042401671409607,0.12122570710053145,0.07495434582233429,0.005226356539401153,0.006400004044501333,1.0120465806477288
2025-02-10,0.8502597212791443,0.11764376465419901,0.08186034113168716,0.004522172740208415,0.005606865838792837,1.0598928656440318
2025-02-11,0.7660953402519226,0.10824096798547977,0.0796770304441452,0.00412046422344931,0.004587418406065292,0.9627212213110622
2025-02-12,0.7660953402519226,0.12072703232126535,0.07520902156829834,0.004595271298612264,0.006637255014975987,0.9732639204550746
2025-02-13,0.7796099185943604,0.11717909875450691,0.08900762349367142,0.004567968691842311,0.006937373845556943,0.9973019833799379
2025-02-14,0.7796099185943604,0.11605277907832251,0.08903934806585312,0.003919105722468029,0.004998743693430984,0.993619895154435
2025-02-15,0.8098896741867065,0.10855304566674992,0.12282316386699677,0.003950082947150427,0.006345237954516244,1.0515612046221199
2025-02-16,0.8510950803756714,0.13087934162455508,0.13418342173099518,0.005879120759767932,0.01800221331191696,1.1400391778029064
2025-02-17,0.8849003911018372,0.12893572167344675,0.1432993859052658,0.007900340760389354,0.02104158119685153,1.1860774206377906
2025-02-18,0.8720648884773254,0.12034279441967824,0.13593481481075287,0.004748996701927292,0.021533072017043322,1.154624566426727
2025-02-19,0.9285640120506287,0.14803902388445714,0.14478257298469543,0.006484584057167925,0.027624843016061128,1.2554950359930102
2025-02-20,0.8659455180168152,0.13581633988066874,0.14377105236053467,0.007224955688344522,0.025888392970554747,1.1786462589169178
2025-02-21,0.9626314043998718,0.15298562582702416,0.14213359355926514,0.006345666992954247,0.03652363788875124,1.3006199286678666
2025-02-22,0.8408559560775757,0.1324920123906917,0.14141525328159332,0.006223085001603842,0.03432276612344836,1.155309072874913
2025-02-23,0.856772780418396,0.11802042599517047,0.13950736820697784,0.0039377073644933005,0.02782740821276625,1.146065690197804
2025-02-24,0.8578720092773438,0.11190247411863358,0.147919163107872,0.003517014108567906,0.026255434872001774,1.1474660954844191
2025-02-25,0.8578720092773438,0.0986315053674711,0.12871508300304413,0.0030077998239562563,0.017060787229407327,1.1052871847012224
2025-02-26,0.8578720092773438,0.11129846534213364,0.1304749697446823,0.004705287486728362,0.013300747869948943,1.117651479720837
2025-02-27,0.773870050907135,0.12035428654166971,0.11904411762952805,0.004643198491968577,0.013368635232197919,1.0312802888024994
2025-02-28,0.7772805094718933,0.10959487443372842,0.1175767332315445,0.0033220432177713723,0.008741940538004816,1.0165161008929426
2025-03-01,0.7647331953048706,0.10096513591934612,0.13494808971881866,0.0029172518115208753,0.007129575810124899,1.010693248564681
2025-03-02,0.7746688723564148,0.09194600264597545,0.12798656523227692,0.0033371949194432727,0.005221887196608585,1.003160522350719
2025-03-03,0.7943022847175598,0.09620669847629167,0.14514686167240143,0.003425792542381764,0.003123438672438515,1.0422050760810733
2025-03-04,0.789882242679596,0.10375893250325947,0.1425343006849289,0.00376111163218996,0.0052576338424067046,1.045194221342381
2025-03-05,0.7703579068183899,0.10069860307147958,0.15464957058429718,0.0045617124252549405,0.003474647015646313,1.033742439915068
2025-03-06,0.7703579068183899,0.08911395105457884,0.15739919245243073,0.005775016365867066,0.003730854599525348,1.0263769212907918
2025-03-07,0.9195071458816528,0.08959708439398463,0.1676020473241806,0.0054838008164923725,0.0037165348644179444,1.1859066132807283
2025-03-08,0.8193234205245972,0.10149516935163592,0.1551593542098999,0.00627135042727857,0.006185307688114956,1.0884346022015265
2025-03-09,0.7936577796936035,0.09172150025080339,0.1518387645483017,0.0038952734378015067,0.0038235568745528304,1.044936874805063
2025-03-10,0.7936577796936035,0.08756311685733359,0.15308234095573425,0.0032218173427113026,0.0033302780929198167,1.0408553329423025
2025-03-11,0.7936577796936035,0.08716820829729376,0.1382405310869217,0.0030501971985464386,0.0032080165353783026,1.0253247328117436
2025-03-12,0.7936577796936035,0.08761120078223443,0.13559985160827637,0.0025451441018909055,0.0031627967007121496,1.0225767728867172
2025-03-13,0.7936577796936035,0.0973699234009695,0.12583035230636597,0.003467560553385282,0.005243228178305673,1.02556884413263
2025-03-14,0.7936577796936035,0.10102873006827741,0.13015085458755493,0.004299233050520101,0.004395044835154547,1.0335316422351104
2025-03-15,0.7936577796936035,0.10176430699431414,0.13141746819019318,0.003811086496932397,0.0057352802173881,1.0363859215924311
2025-03-16,0.7936577796936035,0.09490443975633917,0.11473298072814941,0.002637835682126492,0.0037835569224108703,1.0097165927826295
2025-03-17,0.7834601402282715,0.08981726936481048,0.11502514034509659,0.0025366195078626304,0.003437544358819569,0.9942767138048608
2025-03-18,0.7738036513328552,0.09158635585102981,0.11326881498098373,0.0026520250856948736,0.0034185734718861762,0.9847294207224497
2025-03-19,0.7786920666694641,0.1242195276392716,0.11732163280248642,0.004459043047368364,0.008439068014205662,1.033131338172796
2025-03-20,0.7656602263450623,0.11511404230459732,0.1182166263461113,0.003578318700135448,0.004217467308990338,1.0067866810048967
2025-03-21,0.726180374622345,0.10702487179187145,0.1182166263461113,0.0028060955150745505,0.003239601926373565,0.9574675702017759
2025-03-22,0.7656602263450623,0.1070697430464156,0.11763424426317215,0.0029137145979645377,0.003430634730281579,0.9967085629828961
2025-03-23,0.7656602263450623,0.10474569780382202,0.10984940826892853,0.0030999199805200345,0.002953745782050427,0.9863089981803833
2025-03-24,0.7924553751945496,0.11277961909803115,0.11113036423921585,0.004225518059849023,0.006013321452716399,1.026604198044362
2025-03-25,0.8553531169891357,0.10304017872606018,0.12126428633928299,0.00386739147396557,0.004208182168015199,1.0877331556964596
2025-03-26,0.8009011149406433,0.09767203131424594,0.12851808965206146,0.003759137249906483,0.003691985117923371,1.0345423582747806
2025-03-27,0.7305094003677368,0.09776856414378221,0.11864833533763885,0.003691129052037663,0.003985290664372147,0.9546027195655676
2025-03-28,0.7157789468765259,0.10793482517817311,0.11044538021087646,0.004338979649129409,0.006806886119819224,0.9453050180345242
2025-03-29,0.781104564666748,0.11475979442269947,0.11186165362596512,0.005179391006797783,0.008258664111843101,1.0211640678340537
2025-03-30,0.8381051421165466,0.12117554842061809,0.12271659076213837,0.005688357188328713,0.009549746142306234,1.0972353846299379
2025-03-31,0.9376607537269592,0.13490573371189818,0.12882210314273834,0.00675097018260649,0.014343580864778244,1.2224831416289805
2025-04-01,0.8365076780319214,0.12352139779384577,0.15045522153377533,0.010834538631537521,0.01693577284070362,1.1382546088317835
2025-04-02,0.861745297908783,0.13177045430428344,0.15886270999908447,0.010454848924447122,0.017381967880288268,1.1802152790168863
2025-04-03,0.8738375902175903,0.1261054231590192,0.157195046544075,0.012926330598460935,0.017249591020883883,1.1873139815400295
2025-04-04,0.8866991400718689,0.12239054056452658,0.13950416445732117,0.010143299497090181,0.015845038663000705,1.1745821832538077
2025-04-05,0.8866991400718689,0.12826853448346706,0.14688749611377716,0.01182174742887895,0.01801134017962204,1.191688258277614
2025-04-06,0.8866991400718689,0.13385185067517993,0.13056209683418274,0.019040306039037166,0.020851096018652218,1.1910044896389211
2025-04-07,0.8866991400718689,0.14186683053274976,0.13140098750591278,0.01960532383479256,0.02473108735250694,1.2043033692978309
2025-04-08,0.8604151606559753,0.1395910583750427,0.12707270681858063,0.02274159752860874,0.026335044059060682,1.1761555674372681
2025-04-09,0.9539665579795837,0.1613581619515915,0.1274719089269638,0.02297222973852422,0.03063642809056619,1.2964052866872295
2025-04-10,0.8624621629714966,0.14270057641371295,0.12000694870948792,0.02340078560631976,0.027455917923539408,1.1760263916245568
2025-04-11,0.9126105308532715,0.13688328843955228,0.12014313042163849,0.021603400206027242,0.023444521220900898,1.2146848711413905
2025-04-12,0.9756834506988525,0.12143261869015026,0.12744276225566864,0.020354794622318238,0.021963393922365352,1.2668770201893549
2025-04-13,0.9998443126678467,0.10897981368917778,0.13240672647953033,0.017496667580227433,0.015511111169691751,1.274238631586474
2025-04-14,0.8996192812919617,0.12090260324340696,0.1295052021741867,0.01611268434936008,0.011705515711843303,1.1778452867707585
2025-04-15,0.836169958114624,0.09863189146497015,0.11585799604654312,0.01501050304448803,0.009579890659348589,1.0752502393299739
2025-04-16,0.818717360496521,0.09923164361233225,0.13052813708782196,0.01504451884858381,0.00961641864135052,1.0731380786866096
2025-04-17,0.9603034853935242,0.10058967163790264,0.1469382643699646,0.014721396127687969,0.009093621190614042,1.2316464387196935
2025-04-18,0.9544158577919006,0.13196632917459314,0.17953689396381378,0.015511946319316176,0.013798817800334042,1.2952298450499578
2025-04-19,0.717568039894104,0.13592718412853433,0.08356888592243195,0.016828236684910496,0.01663308513163405,0.9705254317616149
2025-04-20,0.7202385663986206,0.14192198000520934,0.09208687394857407,0.01938187845235725,0.023565209179053366,0.9971945079838147
2025-04-21,0.7320484519004822,0.15630950238431376,0.08730393648147583,0.020473572086198905,0.024228488710105692,1.0203639515625764
2025-04-22,0.7552433013916016,0.16137926884589032,0.08568230271339417,0.02129490755014112,0.022143553036055388,1.0457433335370827
2025-04-23,0.7436425685882568,0.1744738667821669,0.09380142390727997,0.01972279693968614,0.02258254981503372,1.0542232060324235
2025-04-24,0.7436425685882568,0.18425649507072614,0.09787701815366745,0.02173078988904034,0.026388470301309603,1.0738953420030004
2025-04-25,0.7436425685882568,0.17915973795955914,0.09656306356191635,0.02215723158483824,0.02705046249342023,1.0685730641879907
2025-04-26,0.7436425685882568,0.19291375148218434,0.09397698938846588,0.02394385883504463,0.02840073262963893,1.0828779009235907
2025-04-27,0.7552433013916016,0.17102127834164513,0.09649746865034103,0.024196291201841615,0.02335974550703069,1.07031808509246
2025-04-28,0.7428230047225952,0.1505455544589634,0.09366561472415924,0.023317993232324193,0.020416794083249857,1.0307689612212918
2025-04-29,0.7958531379699707,0.1594128505361761,0.12057178467512131,0.021456997497348737,0.019093305893645517,1.1163880765722622
2025-04-30,0.8099568486213684,0.16036769226120387,0.12057178467512131,0.021299926761133396,0.01975176590726368,1.1319480182260906
2025-05-01,0.7681928277015686,0.17575095992497616,0.13370969891548157,0.021827589544282305,0.023574480837918254,1.123055556924227
2025-05-02,0.7548163533210754,0.18189580587935297,0.13478584587574005,0.02317016946340657,0.02796810696770958,1.1226362815072846
2025-05-03,0.7843092679977417,0.19457104478586704,0.1377781182527542,0.027114249078714056,0.03119111567474866,1.1749637957898256
2025-05-04,0.8861767053604126,0.19500374906014512,0.14113259315490723,0.026540321136015003,0.030856797724893106,1.2797101664363728
2025-05-05,0.7971698641777039,0.1744362411955715,0.13994359970092773,0.02580137504226357,0.027306134882901487,1.1646572149993684
2025-05-06,0.7797062993049622,0.18350326289338362,0.13254529237747192,0.02463554287388931,0.025783366721820924,1.146173764171528
2025-05-07,0.8037131428718567,0.19723588737130074,0.1446227878332138,0.02424713382852584,0.02785732733171413,1.1976762792366114
2025-05-08,0.8037131428718567,0.18748311699771447,0.13975827395915985,0.02497422727081276,0.02747503232793865,1.1834037934274824
2025-05-09,0.8037131428718567,0.18954832960939136,0.14446145296096802,0.024198193345698393,0.02700565526822739,1.188926774056142
2025-05-10,0.8534497618675232,0.2125253605621021,0.16056674718856812,0.02417955118801815,0.03135388260228989,1.2820753034085013
2025-05-11,0.7564583420753479,0.19194752660638958,0.15230046212673187,0.025477252498210583,0.029255224830876395,1.1554388081375562
2025-05-12,0.7564583420753479,0.18868883324541186,0.15299281477928162,0.024757040191816175,0.027473540228600414,1.1503705705204579
2025-05-13,0.7442545890808105,0.20144100203801213,0.1320350021123886,0.022686023730152317,0.025192346626401067,1.1256089635877646
2025-05-14,0.7564583420753479,0.21064948588633475,0.13731999695301056,0.022636185646445456,0.026168103731636458,1.153232114292775
2025-05-15,0.7564583420753479,0.2266020509270915,0.13331946730613708,0.024037288290866606,0.029213512348740225,1.1696306609481835
2025-05-16,0.7677298784255981,0.2536696473228203,0.13046741485595703,0.024646699454512595,0.030312069042195477,1.2068257091010837
2025-05-17,0.7677298784255981,0.25448109946987224,0.11956741660833359,0.02440368654276276,0.02983029869869401,1.1960123797452609
2025-05-18,0.7648037672042847,0.25901864969629634,0.12561441957950592,0.02379120002287303,0.026928256760170733,1.2001562932631307
2025-05-19,0.7480146884918213,0.2572936024823321,0.1388286054134369,0.02357088644341901,0.02780446022186766,1.1955122430528768
2025-05-20,0.7978655099868774,0.2575928025685877,0.1469697803258896,0.024084302310637514,0.026144149943829294,1.2526565451358214
2025-05-21,0.7997386455535889,0.2466513051094015,0.1478804349899292,0.0232085322104329,0.024992020295381084,1.2424709381587336
2025-05-22,0.7703339457511902,0.22151577117426344,0.14597392082214355,0.02199177214096363,0.023409505093426746,1.1832249149819876
2025-05-23,0.8421434164047241,0.2338362014436336,0.16660349071025848,0.021702405006532272,0.02457223583142576,1.288857749396574
2025-05-24,0.9030406475067139,0.25548777068856765,0.20105555653572083,0.021970250749203862,0.029112922657816544,1.4106671481380229
2025-05-25,0.8423773050308228,0.25560560407178834,0.132131427526474,0.022467109245329082,0.031279269383943854,1.2838607152583579
2025-05-26,0.8301587104797363,0.25378721470979115,0.12422069162130356,0.021889519642816744,0.029259333801192586,1.2593154702548406
2025-05-27,0.7752835154533386,0.23528588294907704,0.11489401757717133,0.021855081730500065,0.025680534240025286,1.1729990319501125
2025-05-28,0.7752835154533386,0.2403474621020488,0.11050008237361908,0.021297937384842217,0.023808355813548523,1.1712373531273972
2025-05-29,0.7752835154533386,0.2376673188522688,0.115801602602005,0.020606667457159562,0.02330065490141416,1.1726597592661863
2025-05-30,0.7879961133003235,0.24472960704026678,0.11050008237361908,0.0211879637533544,0.023610822693602596,1.188024589161166
2025-05-31,0.7995942234992981,0.23352506613164875,0.11051620543003082,0.019729941847946006,0.020751187991087636,1.1841166249000112
2025-06-01,0.7767640352249146,0.2277311643997275,0.1156466007232666,0.019767683669673554,0.020458821285407852,1.16036830530299
2025-06-02,0.7767640352249146,0.2498535739808168,0.1219187006354332,0.020260652802333273,0.02413575536727153,1.1929327180107694
2025-06-03,0.8251467943191528,0.25821722160213356,0.12241752445697784,0.024425406739620202,0.031678176791101756,1.2618851239089863
2025-06-04,0.8129637241363525,0.2612129688299093,0.13981227576732635,0.02640265332705,0.036779462424704715,1.2771710844853428
2025-06-05,0.8382680416107178,0.30036927586419654,0.1344243586063385,0.027133365591275927,0.03869114835957907,1.3388861900321078
2025-06-06,0.9512968063354492,0.3365375133802197,0.19663108885288239,0.0296613883080571,0.04602422974079687,1.5601510266174055
2025-06-07,0.8354884386062622,0.3649669395072133,0.1689753532409668,0.027404946057285474,0.04442172700006358,1.4412574044117912
2025-06-08,1.021927833557129,0.3893499360178072,0.18247371912002563,0.028697790930766052,0.049383702060396585,1.6718329816861244
2025-06-09,1.0161510705947876,0.4681994769597277,0.18641407787799835,0.03216764003915443,0.048592951967204596,1.7515252174388727
2025-06-10,1.0161510705947876,0.447739335533208,0.19133178889751434,0.032437567454200296,0.047527541550444835,1.735187304030155
2025-06-11,1.3104631900787354,0.4655431300507398,0.20323380827903748,0.03146746001144313,0.05211471331153019,2.062822301731486
2025-06-12,1.3407843112945557,0.5214145685429346,0.1996866911649704,0.03409326931344605,0.05547573243116184,2.1514545727470686
2025-06-13,1.362226963043213,0.5093444329149099,0.2171972393989563,0.03520226715330219,0.05151202712797768,2.175482929638359
2025-06-14,1.2809062004089355,0.48272502932058037,0.1739678680896759,0.03424506767522751,0.05546295724037642,2.027307122734796
2025-06-15,1.29845130443573,0.43595424926019,0.17254319787025452,0.03200566323364866,0.055038792625896345,1.9939932074257196
2025-06-16,1.29845130443573,0.44641724612098327,0.1575661599636078,0.03313021571079204,0.05682878602963639,1.9923937122607493
2025-06-17,1.3402087688446045,0.537063444437164,0.15238109230995178,0.04214188653321147,0.0624369174199347,2.1342321095448664
2025-06-18,1.4487948417663574,0.6308197724905602,0.1499779373407364,0.04338213395647848,0.0678814775156172,2.3408561630697498
2025-06-19,1.3510942459106445,0.6551469412120279,0.14334702491760254,0.04401819842322607,0.06935556780193217,2.262961978265433
2025-06-20,1.3510942459106445,0.6553602186157204,0.14774499833583832,0.044452012543343244,0.07111929728263783,2.2697707726881844
2025-06-21,1.3927421569824219,0.6430103990902716,0.16258656978607178,0.04477738659975416,0.0726001765125548,2.315716688971074
2025-06-22,1.2866237163543701,0.6464476312828704,0.18405267596244812,0.04494470692829572,0.07206703194142897,2.2341357624694136
2025-06-23,1.351841926574707,0.6443164474923089,0.15544329583644867,0.04466472354359006,0.06741401701695565,2.2636804104640103
2025-06-24,1.369423747062683,0.6042200344921924,0.1469401717185974,0.04312226031464074,0.06682355416936903,2.2305297677574827
2025-06-25,1.3181735277175903,0.4592393062499362,0.11845958232879639,0.03254225101955374,0.05766584612768764,1.9860805134435642
2025-06-26,1.2745834589004517,0.42975239219355493,0.12472956627607346,0.032827361578247304,0.05862405148535475,1.920516830433682
2025-06-27,1.087201476097107,0.5156772196150328,0.13274629414081573,0.03396521399694693,0.0651395803771084,1.8347297842270107
2025-06-28,1.1837478876113892,0.612944292690099,0.1287229061126709,0.035357292791724636,0.07288776202637683,2.033660141232261
2025-06-29,1.2512714862823486,0.6251284419747638,0.13826104998588562,0.03509858233000533,0.07391128127264543,2.1236708418456485
2025-06-30,1.2512714862823486,0.6306006242784754,0.13332150876522064,0.03532683740974513,0.0733903187864372,2.123910775522227
2025-07-01,1.3571531772613525,0.6091483649618541,0.13816003501415253,0.03497259658969782,0.07170072931975707,2.2111349031468137
2025-07-02,1.3577238321304321,0.587487406390717,0.13650493323802948,0.033192746009930885,0.06398015694311174,2.178889074712221
2025-07-03,1.136511206626892,0.5014384018052589,0.13552521169185638,0.03133867544646288,0.05762097823374469,1.862434473804215
2025-07-04,1.0903587341308594,0.423062099703291,0.15768542885780334,0.029943295463283805,0.04986656772145463,1.7509161258766923
2025-07-05,1.0467523336410522,0.37269985204564865,0.11922448873519897,0.028661882746372346,0.04106967936150258,1.6084082365297747
2025-07-06,0.9887439012527466,0.34340507663068015,0.11717023700475693,0.02772991286560429,0.029192761844154983,1.506241889597943
2025-07-07,0.9374478459358215,0.37011426582901114,0.12427869439125061,0.029116777447649667,0.035275696334216664,1.4962332799379496
2025-07-08,0.9374478459358215,0.37252838116294384,0.12021055072546005,0.029407055208248357,0.03536360849797103,1.4949574415304447
2025-07-09,0.9551774859428406,0.35619634421152846,0.11441683769226074,0.027673416660234203,0.027440264990684544,1.4809043494975485
2025-07-10,0.9551774859428406,0.3460745356085525,0.11239265650510788,0.027208865282526973,0.026058128373327813,1.4669116717123556
2025-07-11,0.9302194118499756,0.3327401667218337,0.1153806671500206,0.026162413226230124,0.02524743432944012,1.4297500932775002
2025-07-12,0.8519870638847351,0.3172347225077527,0.10515211522579193,0.02764772715771897,0.025977730901833848,1.3279993596778326
2025-07-13,0.874646008014679,0.2907781140686185,0.10552537441253662,0.025690872726143357,0.024645843962241988,1.3212862131842193
2025-07-14,0.7900772094726562,0.2883458252547097,0.10513216257095337,0.02655839264296431,0.02290989549010022,1.2330234854313837
2025-07-15,0.8057950139045715,0.2792128610336688,0.16096973419189453,0.025260811245757832,0.020962003671707405,1.2922004240476
2025-07-16,0.8119376301765442,0.2640042414486035,0.11818686872720718,0.024165374675471835,0.019557374077984652,1.2378514891058112
2025-07-17,0.8386390209197998,0.2499977497784558,0.11922340840101242,0.023493560674639535,0.017447562381023685,1.2488013021549313
2025-07-18,0.8264340758323669,0.22189222250717933,0.11812610179185867,0.02140126529394218,0.016184435247801634,1.2040381006731486
2025-07-19,0.8858197927474976,0.2248962194832124,0.12209270149469376,0.021257932804175813,0.01893535718069791,1.2730020037102774
2025-07-20,0.872814416885376,0.22947536771420307,0.12286149710416794,0.02105260680886129,0.018848590013842297,1.2650524785264503
2025-07-21,0.8898351192474365,0.2095465938119465,0.09274421632289886,0.019717655725051547,0.013833281945078395,1.2256768670524119
2025-07-22,0.8744099140167236,0.204071821376008,0.08973564207553864,0.018872886825374018,0.013320845533498785,1.200411109827143
2025-07-23,0.8899058699607849,0.20950997051196413,0.09132279455661774,0.018566615097024917,0.015068108779773298,1.224373358906165
2025-07-24,0.8172515630722046,0.21414747358385836,0.09084757417440414,0.01917253987295823,0.015026311449028574,1.156445462152454
2025-07-25,0.7601286768913269,0.2222931621614012,0.0938139483332634,0.019540592935217094,0.01679502776404181,1.1125714080852505
2025-07-26,0.7491031885147095,0.22890622375766703,0.08929884433746338,0.023632817942395516,0.023312030026001174,1.1142531045782365
2025-07-27,0.7761377692222595,0.2500915593369321,0.0950147807598114,0.02187799960140657,0.024429022592284747,1.1675511315126943
2025-07-28,0.8198311924934387,0.23490304383659483,0.09140273183584213,0.02232608600881006,0.024017868431087545,1.1924809226057733
2025-07-29,0.8661738634109497,0.23694657604958252,0.08904729038476944,0.015601661826384446,0.021694883663320935,1.229464275335007
2025-07-30,0.9035151600837708,0.25096586061936516,0.09866469353437424,0.015464747061634759,0.0216114294825394,1.2902218907816843
2025-07-31,1.0968903303146362,0.27413105118861,0.13615544140338898,0.020078566055789844,0.031161287165748883,1.558416676128174
2025-08-01,0.8991347551345825,0.2512762922826337,0.09737999737262726,0.017797351190501822,0.03267701091353587,1.2982654068938813
2025-08-02,0.8454363346099854,0.2420554902022703,0.08968572318553925,0.016934293367864388,0.028167470919954845,1.2222793122856142
2025-08-03,0.9232720136642456,0.25326247987784684,0.09481518715620041,0.017338988646046976,0.026671228860118242,1.315359898204458
2025-08-04,0.8637678027153015,0.23147213928481955,0.09227848052978516,0.016782825343254603,0.03024404485269427,1.2345452927258551
2025-08-05,0.8867699503898621,0.24594662475899481,0.09428951144218445,0.018055751402004765,0.034406215658085056,1.2794680536511311
2025-08-06,0.858625054359436,0.27342185012634634,0.09417951107025146,0.01978174618391913,0.04175315708908043,1.2877613188290333
2025-08-07,0.8696019649505615,0.25475531096728543,0.08832313120365143,0.01892825114311331,0.036133917450002766,1.2677425757146146
2025-08-08,0.874810516834259,0.2474515650797532,0.09736031293869019,0.01755291030119933,0.022423766922110528,1.2595990720760122
2025-08-09,0.9514760375022888,0.25723996401138355,0.09850803017616272,0.017947882749006022,0.02380028079677607,1.3489721952356173
2025-08-10,0.8816434741020203,0.2561701382929761,0.09111464023590088,0.01877621865769912,0.025232106100569918,1.2729365773891663
2025-08-11,0.788367509841919,0.23760148904791215,0.0898401290178299,0.01809199108094991,0.021298698386189373,1.1551998173748002
2025-08-12,0.8558230996131897,0.2618920431900713,0.09237396717071533,0.018265853356879243,0.023891480144218727,1.2522464434750742
2025-08-13,0.7286775708198547,0.24243716395178938,0.086025670170784,0.018061515947362137,0.019949449974032876,1.095151370863823
2025-08-14,0.8186427354812622,0.2634677715270577,0.09302888065576553,0.017773991775679142,0.023472526037307134,1.2163859054770718
2025-08-15,0.803968608379364,0.2736864569024364,0.11513560265302658,0.019154417324923702,0.02631468074419138,1.238259766003942
2025-08-16,0.7901248335838318,0.27530004129544555,0.08862155675888062,0.01908469328612321,0.025257553334573312,1.1983886782588546
2025-08-17,0.7371525168418884,0.24848080266080966,0.08681581914424896,0.018574510986627504,0.0201798279728499,1.1112034776064246
2025-08-18,0.7371525168418884,0.24362215681575763,0.08544211834669113,0.016686356348950267,0.017685888137433388,1.1005890364907207
2025-08-19,0.8002260327339172,0.2560049711153131,0.09380690008401871,0.017468747355686678,0.021317885647258485,1.1888245369361943
2025-08-20,0.722710132598877,0.2559549782661544,0.0922757089138031,0.017256133648385106,0.020257642465099302,1.1084545958923189
2025-08-21,0.7371525168418884,0.27271900809675137,0.0931043028831482,0.020477367743536062,0.0240128673736933,1.1474660629390174
2025-08-22,0.759461522102356,0.28590613055131464,0.11082766950130463,0.01997774388220749,0.02565059037177607,1.2018236564089588
2025-08-23,0.759461522102356,0.28428394552311653,0.11083974689245224,0.02051976690382286,0.02346190799011888,1.1985668894118664
2025-08-24,0.7660983800888062,0.2618621337832228,0.11251437664031982,0.019741095506477693,0.02177833659513992,1.1819943226139662
2025-08-25,0.7789360284805298,0.2538288424371588,0.11355102062225342,0.018702768335607994,0.020616128208771633,1.1856347880843217
2025-08-26,0.8629431128501892,0.26143446462396236,0.12357077747583389,0.019346857890232758,0.02337553956495019,1.2906707524051684
2025-08-27,0.9105527400970459,0.2609407345514274,0.1270626187324524,0.018052347346370064,0.02266862224438032,1.3392770629716761
2025-08-28,0.9166637063026428,0.26041718307716794,0.12482035905122757,0.018227081844897797,0.02349915415445505,1.3436274844303913
2025-08-29,0.9064427614212036,0.2785147397376063,0.14059978723526,0.01969337841369659,0.024503193873124676,1.369753860680891
2025-08-30,1.0010287761688232,0.30612292061964275,0.15758636593818665,0.021512263331048838,0.03492503268533239,1.521175358743034
2025-08-31,1.3646306991577148,0.3335039086737361,0.14586162567138672,0.028194093646163335,0.043271182785181106,1.915461509934182
2025-09-01,1.2497327327728271,0.36543673455558745,0.1541772037744522,0.027233513489803216,0.04333496594097337,1.8399151505336433
2025-09-02,1.0634053945541382,0.3193525999883715,0.13645866513252258,0.025581365121955663,0.03690478975693196,1.5817028145539198
2025-09-03,1.0634053945541382,0.3379664384592864,0.14114880561828613,0.026949750865057423,0.03871433208261845,1.6081847215793865
2025-09-04,1.3553435802459717,0.36216003545274184,0.16329243779182434,0.026633674472925417,0.04166805040517034,1.9490977783686336
2025-09-05,1.077528476715088,0.3133039373066798,0.11372653394937515,0.025243675125877645,0.033429145607772,1.5632317687047923
2025-09-06,0.9726825952529907,0.317956928239146,0.12306158244609833,0.02078431094585832,0.031230738319872234,1.4657161552039657
2025-09-07,0.9163640141487122,0.30068144963286486,0.11035183072090149,0.026536287155494866,0.031095998595875106,1.3850295802538486
2025-09-08,0.8684315085411072,0.2980319443116451,0.12561139464378357,0.026018333641949803,0.028768150323663803,1.3468613314621494
2025-09-09,0.9083889722824097,0.3106426589264868,0.11527109146118164,0.02623791462587125,0.028602062517344252,1.3891426998132936
2025-09-10,1.062105417251587,0.3685634594131375,0.12257231771945953,0.02964557505586024,0.039001086442537684,1.6218878558825818
2025-09-11,1.1858866214752197,0.43123996716992746,0.1239774227142334,0.031048702824339688,0.04369604541598089,1.815848759599701
2025-09-12,1.1008141040802002,0.4477460139558856,0.1071060448884964,0.03234854870947137,0.0438142582521576,1.7318289698862113
2025-09-13,1.43354332447052,0.45071875261259214,0.11973726749420166,0.030469401758886665,0.04443969895463227,2.0789084452908324
2025-09-14,1.4803762435913086,0.5700334239552685,0.13953310251235962,0.03470112520476043,0.05109407973453605,2.275737974998233
2025-09-15,1.5883992910385132,0.6185563349886605,0.22378991544246674,0.0425803352716037,0.06248247170856243,2.535808348449807
2025-09-16,1.713287591934204,0.710432029642484,0.22290003299713135,0.046313770651615516,0.06879717593398829,2.761730601159423
2025-09-17,1.577772855758667,0.7343938029447343,0.1660691201686859,0.04662341249151335,0.0731969160740622,2.598056107437663
2025-09-18,1.4669688940048218,0.7933852263625178,0.15535934269428253,0.04800861006570945,0.0764560666727724,2.540178139800104
2025-09-19,1.4669688940048218,0.810447889635904,0.1734202802181244,0.046893107962857214,0.07704551440661095,2.5747756862283184
2025-09-20,1.4849086999893188,0.8187300257350851,0.14875735342502594,0.04828404963012079,0.07878074858556752,2.579460877365118
2025-09-21,1.5372469425201416,0.8122495629444895,0.15106084942817688,0.04785944103266859,0.07764216306980788,2.6260589589952845
2025-09-22,1.5372469425201416,0.7897382457263029,0.18611390888690948,0.0481684330215739,0.07876551488323047,2.6400330450381584
2025-09-23,1.6785024404525757,0.8116644585080579,0.18421117961406708,0.04921927993537724,0.08018219541823905,2.803779553928317
2025-09-24,1.5659033060073853,0.8449807860116256,0.20049545168876648,0.04932182435805873,0.08292425734427698,2.743625625410113
2025-09-25,1.5372469425201416,0.77492485790172,0.1949077844619751,0.0489803979038121,0.07900412301983573,2.6350641058074844
2025-09-26,1.4852683544158936,0.7354536203331778,0.17767596244812012,0.04727344495657547,0.07832654859578865,2.5239979307495553
2025-09-27,1.4852683544158936,0.7271061863492425,0.19111871719360352,0.04663614845220431,0.07354984656031481,2.5236792529712586
2025-09-28,1.4306585788726807,0.7419287116501552,0.18198396265506744,0.038608425809834576,0.06510559505801328,2.4582852740457515
2025-09-29,1.2669546604156494,0.5775376801549614,0.16180303692817688,0.03527844148277392,0.06150888291966964,2.103082701901231
2025-09-30,1.2329133749008179,0.5809333012753055,0.17507435381412506,0.03507286772114769,0.06363247277501355,2.0876263704864098
2025-10-01,1.4306585788726807,0.5126551969508046,0.19331730902194977,0.03272239761601877,0.05770278959041229,2.227056272051866
2025-10-02,1.5719293355941772,0.5483889123869186,0.17988720536231995,0.033496284769726416,0.05227191576922354,2.385973653882366
2025-10-03,1.619859218597412,0.5867870081470894,0.195201113820076,0.034051742366671425,0.05131231319185778,2.4872113961231066
2025-10-04,1.619859218597412,0.7584871494232399,0.19508136808872223,0.03813277220595068,0.06130339058361462,2.6728638988989393
2025-10-05,1.8751589059829712,0.8127038964888744,0.20482641458511353,0.047144846572460965,0.06683494083134871,3.0066690044607687
2025-10-06,1.8037031888961792,0.9485377637650256,0.22261852025985718,0.04942323586035616,0.07058157404304534,3.0948642828244632
2025-10-07,1.8002370595932007,0.9661564936885418,0.2379980832338333,0.049339920727931,0.07997661639082786,3.133708173634335
2025-10-08,1.7410475015640259,0.9905660627754043,0.22201775014400482,0.047722135377719084,0.07655285258295903,3.077906302444113
2025-10-09,1.5942444801330566,0.8998923201936144,0.2304190993309021,0.04692893138474033,0.07471408073473523,2.8461989117770483
2025-10-10,1.62996244430542,0.8882950278716115,0.24294742941856384,0.04735251920640843,0.07426174260890216,2.882819163410906
2025-10-11,1.6325187683105469,0.8437615508274225,0.22492557764053345,0.04746842556860286,0.07385563023555652,2.8225299525826624
2025-10-12,2.033330202102661,0.8478476971016573,0.2389201521873474,0.047499415746058635,0.07456995810301029,3.2421674252407344
2025-10-13,2.0209383964538574,0.8297727074696464,0.22655338048934937,0.04962725838468739,0.07419960441298244,3.2010913472105234
2025-10-14,1.8561872243881226,0.734034656460322,0.24059711396694183,0.046465054381608875,0.07086400734709657,2.948148056544092
2025-10-15,1.7020792961120605,0.7500630454439796,0.20184777677059174,0.04623074042161862,0.07189894795109113,2.7721198066993415
2025-10-16,1.5694652795791626,0.8037430958025857,0.20985758304595947,0.04823715947615189,0.07269303099627586,2.7039961489001354
2025-10-17,1.674360752105713,0.8575877917004229,0.21208758652210236,0.04828198558204339,0.07558242458372012,2.8679005404940017
2025-10-18,2.6600213050842285,0.9449911030958433,0.3948914706707001,0.05054653947137399,0.07836632156479344,4.128816739886939
2025-10-19,2.7077996730804443,0.9770740374751963,0.3879551589488983,0.05048820652834111,0.07933222205113757,4.202649298084017
2025-10-20,2.7077996730804443,0.9843962762915972,0.2906227707862854,0.05007357789359152,0.07721091928670629,4.110103217338625
2025-10-21,2.7077996730804443,0.8757708252327863,0.26555877923965454,0.04897865185279592,0.07175160008227276,3.9698595294879535
2025-10-22,2.5978410243988037,0.824592389261138,0.2633461654186249,0.047783868947415,0.06816651024596453,3.8017299582719457
2025-10-23,2.6083245277404785,0.7409466137668999,0.1822918802499771,0.0420564146704997,0.06522367386793658,3.6388431102957917
2025-10-24,2.5627377033233643,0.5753440623692339,0.20795811712741852,0.0366382155643417,0.06241210783462356,3.445090206218982
2025-10-25,2.309060573577881,0.4977779457248181,0.22462475299835205,0.03614071686384822,0.05986184493054462,3.127465834095444
2025-10-26,2.1645288467407227,0.4845174073847905,0.20833085477352142,0.03429108366420945,0.05469816455138521,2.9463663571146292
2025-10-27,2.1941776275634766,0.4502991259410584,0.15885816514492035,0.03384868975609569,0.04931705855646827,2.8865006669620192
2025-10-28,1.7639169692993164,0.41031718038035203,0.15017743408679962,0.03196496953659449,0.040217818186972995,2.3965943714900355
2025-10-29,1.660645604133606,0.37176187172710234,0.12845216691493988,0.03154493210292028,0.035768139317338445,2.228172714195907
2025-10-30,1.3398712873458862,0.35371351213594493,0.11951064318418503,0.030941009221448944,0.02926062581833444,1.8732970777057996
2025-10-31,1.2899634838104248,0.32241824606800823,0.11227690428495407,0.03046013153299807,0.02821185389775847,1.7833306195941436
2025-11-01,1.2899634838104248,0.2895727227127309,0.10789375752210617,0.028011714721885933,0.031225855621933397,1.7466675343890812
2025-11-02,1.271252989768982,0.28699140234094905,0.10496854037046432,0.02914068749214421,0.031723342372966826,1.7240769623455063
2025-11-03,1.271252989768982,0.27237373372197526,0.10315573960542679,0.02786391892188826,0.02561461206429199,1.7002609940825641
2025-11-04,1.2452750205993652,0.2613784782247297,0.09940522909164429,0.020073251674715912,0.02932918451747292,1.6554611641079282
2025-11-05,1.267343521118164,0.24882183913642,0.09734373539686203,0.023674385311970653,0.034158688448134675,1.6713421694115516
2025-11-06,1.3138399124145508,0.2516794639502176,0.09806301444768906,0.02414680916213753,0.03734000062420287,1.7250692005987978
2025-11-07,1.2347819805145264,0.25026886036266116,0.09854148328304291,0.02549912437425425,0.03591911500218105,1.6450105635366659
2025-11-08,1.2034556865692139,0.24898733392518507,0.09678153693675995,0.024728170008776564,0.036085208247524106,1.6100379356874595
2025-11-09,1.2420403957366943,0.24167185761016546,0.09775623679161072,0.02444765434149026,0.03548896542764179,1.6414051099076026
2025-11-10,1.2035492658615112,0.25895641988263285,0.1022474393248558,0.023642607847720837,0.03766396104311714,1.6260596939598377
2025-11-11,1.2101722955703735,0.2447630235819336,0.103281669318676,0.02482453881779486,0.0389137853359078,1.6219553126246857
2025-11-12,1.361244559288025,0.24580681204891455,0.13515087962150574,0.024104571800503842,0.04026957167885993,1.8065763944378088
2025-11-13,1.1386185884475708,0.24123622537077147,0.09525802731513977,0.018547157805176507,0.036487193420501156,1.5301471923591596
2025-11-14,1.1386185884475708,0.238970829979499,0.09916853159666061,0.02313995541605285,0.03545851588466139,1.5353564213244448
2025-11-15,1.0395314693450928,0.2343720243876802,0.10055219382047653,0.023054043390528144,0.03503139056092194,1.4325411215046995
2025-11-16,1.0395314693450928,0.23967889504442194,0.10424453020095825,0.02439910049989212,0.03792302754983885,1.4457770226402038
2025-11-17,1.0395314693450928,0.24850818715187653,0.10109449177980423,0.019133678782883523,0.04013862698274585,1.448406454042403
2025-11-18,1.1388368606567383,0.2625581664548839,0.10424559563398361,0.01933399441046055,0.04256848523559276,1.567543102391659
2025-11-19,1.1228132247924805,0.260058296319461,0.10117661952972412,0.018699042522303064,0.04192180342586589,1.5446689865898344
2025-11-20,1.0669000148773193,0.23928906123638521,0.09613744169473648,0.016847682322350184,0.038588361949988305,1.4577625620807795
2025-11-21,1.0495026111602783,0.22645164410489008,0.0977340042591095,0.015291720886882666,0.03526404306338594,1.4242440234745464
2025-11-22,1.0117201805114746,0.21489703171090305,0.081950344145298,0.013790798521985484,0.031758736917545924,1.354117091807207
2025-11-23,1.0557926893234253,0.21340393032165028,0.08834561705589294,0.013414254936593017,0.027195539293974117,1.3981520309315358
2025-11-24,0.9245625138282776,0.20560895775148053,0.07241401076316833,0.01251576037755402,0.026236795199492177,1.2413380379199728
2025-11-25,0.847840428352356,0.19691548892095354,0.07214418053627014,0.01156158458509127,0.024371830134230308,1.1528335125289013
2025-11-26,0.8830963969230652,0.1945461033546549,0.0728212520480156,0.01096163330813073,0.021313847325915788,1.1827392329597823
2025-11-27,0.8830963969230652,0.19069731847438626,0.07422302663326263,0.01077896099533343,0.020470245122630022,1.1792659481486776
2025-11-28,0.934336245059967,0.19159348808845653,0.07462365180253983,0.010786592438094128,0.022748742652757333,1.2340887200418147
2025-11-29,0.8763466477394104,0.2062697587321476,0.07490275055170059,0.011218674809713646,0.02986356177297082,1.198601393605943
2025-11-30,0.8072733283042908,0.20065774139474826,0.07166502624750137,0.010589569237751511,0.027629042361575217,1.1178147075458673
2025-12-01,0.8238867521286011,0.19861220212133884,0.07411805540323257,0.010439930798490682,0.02657484831936742,1.1336317887710305
2025-12-02,0.8231675028800964,0.1918451195268427,0.0756942555308342,0.010090744727661359,0.026696169045306157,1.1274937917107408
2025-12-03,0.8028206825256348,0.19208604842572302,0.07266462594270706,0.01004033858002722,0.02736503533614262,1.1049767308102345
2025-12-04,0.8578212857246399,0.18550737829444083,0.10808850824832916,0.009986972563408246,0.027139453142636685,1.1885435979734549
2025-12-05,0.8765982389450073,0.1814271450258612,0.1035156399011612,0.009940695488834243,0.024649860470221087,1.1961315798310848
2025-12-06,0.8765982389450073,0.18030347174947653,0.10313614457845688,0.009673781166458267,0.019816220701062016,1.1895278571404608
2025-12-07,0.8754966259002686,0.1854822300482884,0.10743171721696854,0.010332857104758775,0.020048074471198656,1.1987915047414828
2025-12-08,0.8909410834312439,0.18562483951220607,0.11273426562547684,0.011407793235292684,0.02183979687121857,1.222547778675438
2025-12-09,0.8955554366111755,0.19245873997444912,0.11349396407604218,0.01189278648198242,0.030741939950277446,1.2441428670939267
2025-12-10,0.9887388348579407,0.23394668108179806,0.14118878543376923,0.01290804381902494,0.039527907718698956,1.416310252911232
2025-12-11,0.8216338753700256,0.18834929113592758,0.0695386677980423,0.011691296314732758,0.03426987595215997,1.125483006570888
2025-12-12,0.8337270021438599,0.17637860264758426,0.07003834843635559,0.010348429421289601,0.0314603341697256,1.1219527168188148
2025-12-13,0.8203052282333374,0.17670423577766928,0.07003834843635559,0.010251983894817246,0.031649246493577005,1.1089490428357565
2025-12-14,0.837186872959137,0.17967918876826253,0.07236875593662262,0.010543808835695258,0.030864639472498998,1.1306432659722163
2025-12-15,0.8203052282333374,0.17878191394292076,0.07082576304674149,0.010760048188993607,0.031762487587567424,1.1124354409995607
2025-12-16,0.8203052282333374,0.17337265051384115,0.07056184858083725,0.01024658004939296,0.029674570439269,1.1041608778166776
2025-12-17,0.8199169039726257,0.17743811075069996,0.07668203860521317,0.012992628512910021,0.034405126817099556,1.1214348086585484
2025-12-18,0.9650281071662903,0.23663141172894903,0.09666236490011215,0.016235929910326508,0.04658570727783261,1.3611435209835105
2025-12-19,0.9832065105438232,0.23824246860128712,0.11451943218708038,0.01556967187801878,0.05041698712867599,1.4019550703388854
2025-12-20,0.9057105779647827,0.19843328653702796,0.0844961479306221,0.014730402072485072,0.04181163367374678,1.2451820481786646
2025-12-21,0.9057105779647827,0.18528734936813382,0.0844961479306221,0.012315725293337335,0.038251534559664686,1.2260613351165406
2025-12-22,0.9190411567687988,0.17556657829351272,0.0844961479306221,0.011637739557353421,0.03682372480245275,1.22756534735274
2025-12-23,0.8755266666412354,0.17037835970497772,0.08420709520578384,0.010685672042665293,0.034396584770857684,1.1751943783655199
2025-12-24,0.8755266666412354,0.17189632295494486,0.08480985462665558,0.01057672896229535,0.03545944441491212,1.1782690176000432
2025-12-25,0.8755266666412354,0.17328327682061834,0.08361250907182693,0.01072092510246948,0.0350884640420454,1.1782318416781956
2025-12-26,0.7337408065795898,0.1799218453386599,0.08913616091012955,0.011993132011983739,0.03592453898863021,1.0507164838289933
2025-12-27,0.7337408065795898,0.18317464715391554,0.08581747859716415,0.011940807263775815,0.03557794731685546,1.0502516869113008
2025-12-28,0.7337408065795898,0.17842362480373375,0.08355946093797684,0.01128658112456664,0.036404980781621216,1.0434154542274883
2025-12-29,0.74659663438797,0.17710156290649093,0.08306031674146652,0.01099423240138645,0.036788846220129935,1.054541592657444
2025-12-30,0.8273543119430542,0.1664056863283805,0.11800559610128403,0.009929096727214719,0.03436672441401929,1.1560614155139528
2025-12-31,0.8443809747695923,0.15854964800819862,0.12088045477867126,0.009969776687006302,0.033823056824861725,1.1676039110683303
2026-01-01,0.8657811284065247,0.15596368069731723,0.13407202064990997,0.009599174981296069,0.03363422324098036,1.1990502279760282
2026-01-02,0.9311372637748718,0.17348415797643332,0.128839373588562,0.010150594669119144,0.035328616086628586,1.2789400060956149
2026-01-03,0.8049170970916748,0.16667582038514023,0.1035812646150589,0.009774523034936974,0.034678600923112465,1.119627306049923
2026-01-04,0.8049170970916748,0.1566347567710228,0.11010304093360901,0.00904372881354498,0.028602642851651566,1.109301266461503
2026-01-05,0.8049170970916748,0.15232038876098508,0.11010304093360901,0.008816090669126527,0.026451074139696964,1.1026076915950926
2026-01-06,0.8049170970916748,0.14592630836134965,0.10357501357793808,0.008651106862769346,0.023704868848748034,1.0867743947424797
2026-01-07,0.8747661113739014,0.14798640140924035,0.10743556171655655,0.008720046225930032,0.023317555329532353,1.1622256760551608
2026-01-08,0.8413422703742981,0.151093998713324,0.1223200261592865,0.009360184902256473,0.023149401576657732,1.1472658817258228
2026-01-09,0.8243768215179443,0.15195756783037365,0.11702459305524826,0.009330511259295154,0.022829841548300984,1.1255193352111625
2026-01-10,0.9436771869659424,0.15373199990990297,0.14458952844142914,0.009315624948385825,0.023431871146323665,1.274746211411984
2026-01-11,0.9688687324523926,0.15218006218543928,0.15355300903320312,0.010772588100115985,0.02228981596483672,1.3076642077359877
2026-01-12,0.9246801137924194,0.1477828044420505,0.14409855008125305,0.010138622360010953,0.02306604875246915,1.2497661394282034
2026-01-13,0.9384582042694092,0.1388874964904663,0.11060066521167755,0.007888157010532759,0.02268686895632543,1.218521391938411
2026-01-14,0.9423527121543884,0.13887406542356673,0.11476626992225647,0.008028907371842576,0.02265973261390225,1.2266816874859563
2026-01-15,0.9520499110221863,0.1350847941439117,0.1234944686293602,0.0078699194261948,0.02255934196465665,1.2410584351863096
2026-01-16,0.9328521490097046,0.13416157676507787,0.121376633644104,0.0074131233972443275,0.02318393148881521,1.218987414304946
2026-01-17,0.9097941517829895,0.13237136151559595,0.11689991503953934,0.007284822297278647,0.022431766005848338,1.1887820166412517
2026-01-18,0.9597650170326233,0.11708546496420111,0.11199716478586197,0.0075264433113615605,0.022491975739174393,1.2188660658332222
2026-01-19,0.9443163871765137,0.10991279572983775,0.11692806333303452,0.0071832129977143135,0.022306300378864764,1.2006467596159651
2026-01-20,0.9507157206535339,0.10569344962733236,0.1173415556550026,0.006841915637660023,0.021711435369054306,1.2023040769425832
2026-01-21,0.9315448999404907,0.1102021261478053,0.11320499330759048,0.006618850324409457,0.02180499164716959,1.1833758613674656
2026-01-22,0.8336510062217712,0.09906606295026722,0.1023673489689827,0.006506785889408788,0.02121082724440617,1.0628020312748363
2026-01-23,0.850807249546051,0.10026139242868148,0.10508978366851807,0.006560542124258737,0.011080903404814945,1.0737998711723242
2026-01-24,0.8422295451164246,0.10107465815417138,0.11137829720973969,0.006356442781667952,0.009332966970775208,1.0703719102327787
2026-01-25,0.8336510062217712,0.10090707393363181,0.10554605722427368,0.00617371102301703,0.008509282959085221,1.0547871313617792
2026-01-26,0.7853823900222778,0.09517039114624111,0.10543493926525116,0.00602908063423914,0.008391108779195857,1.0004079098472052
2026-01-27,0.801545262336731,0.09699018975878904,0.1064726933836937,0.006082746572602503,0.007856535062109486,1.0189474271139258
2026-01-28,0.8218597769737244,0.09823119900347828,0.11554407328367233,0.006073151087180331,0.00788375656655735,1.0495919569146126
2026-01-29,0.8635193109512329,0.13979777239124266,0.15091006457805634,0.00711605876854229,0.016948096438202616,1.178291303127277
2026-01-30,0.7970327734947205,0.13049958659322944,0.07485812157392502,0.007347312717486323,0.013804011444494408,1.0235418058238557
2026-01-31,0.7970327734947205,0.11982287826983533,0.07883922010660172,0.005800522365351234,0.009695422509555051,1.011190816746064
2026-02-01,0.8634282350540161,0.1171081757874599,0.08582867681980133,0.0058220646729064095,0.008996693857968438,1.0811838461921521
2026-02-02,0.8488778471946716,0.10525472896801535,0.0840793251991272,0.0053205102394850035,0.009483794316798173,1.0530162059180974
2026-02-03,0.8449333906173706,0.10810704898617056,0.08224351704120636,0.005305429969316258,0.017441004098436626,1.0580303907125004
2026-02-04,0.8488778471946716,0.10496613228001453,0.0840793251991272,0.0050436195395044585,0.018185466389020806,1.0611523906023388
2026-02-05,0.8449333906173706,0.10710994849616876,0.08511804044246674,0.005074731279329085,0.017990224384576,1.060226335219911
2026-02-06,0.7260481119155884,0.10694650625418528,0.07988620549440384,0.00495309244168748,0.017657924437673746,0.9354918405435387
2026-02-07,0.6862834692001343,0.10534556923025001,0.07860590517520905,0.0045560124659126565,0.016264707296550156,0.8910556633680562
2026-02-08,0.6862834692001343,0.1042821162508728,0.07860590517520905,0.004477454944987291,0.01590543343535061,0.889554379006554
2026-02-09,0.7503129839897156,0.09714237901853386,0.11015760153532028,0.004316912933842383,0.014193598354911421,0.9761234758323235
2026-02-10,0.6939973831176758,0.10581479447181322,0.11077705770730972,0.004408959432925529,0.014672058818592034,0.9296702535483162
2026-02-11,0.6882143020629883,0.11764718735694854,0.11131386458873749,0.004332646630123287,0.005869280596422825,0.9273772812352205
2026-02-12,0.8045392632484436,0.10763894879770679,0.11886969953775406,0.004265465372458517,0.0035802584534179983,1.0388936354097809
2026-02-13,0.8177030682563782,0.11761974362901491,0.13123348355293274,0.004177614756746153,0.0035706471339176523,1.0743045573289896
2026-02-14,0.847703218460083,0.11757257495560869,0.12956057488918304,0.004162064244407581,0.00436191285668045,1.1033603454059628
2026-02-15,0.7303717136383057,0.10211210023869177,0.0801684558391571,0.004254893760208549,0.0027434159440758304,0.9196505794204389
2026-02-16,0.7488822937011719,0.1041554775403534,0.08478713035583496,0.004191629513451941,0.002817032854511329,0.9448335639653235
2026-02-17,0.7488822937011719,0.12228529301779376,0.08810731768608093,0.00463312396998446,0.0031053887052919023,0.967013417080323
2026-02-18,0.7569140195846558,0.1225369264749935,0.08689337223768234,0.004239926076857695,0.003730286402575671,0.974314530776765
2026-02-19,0.6426077485084534,0.10605438353048792,0.08582320809364319,0.003947835571315108,0.0024129216538271033,0.8408460973577266
2026-02-20,0.6588941216468811,0.10595714967638305,0.09063596278429031,0.004596477015742771,0.0025476109116408783,0.8626313220349381
2026-02-21,0.6382540464401245,0.12179589938788266,0.07819408178329468,0.004033798676391073,0.002886928984310813,0.8451647552720039
2026-02-22,0.7301269769668579,0.10607470081728425,0.08258718252182007,0.004106018723845986,0.0022972768518264414,0.9251921558816346
2026-02-23,0.7766166925430298,0.1333829191365138,0.08819133788347244,0.00543793940732567,0.00749581972580707,1.0111247086961488
2026-02-24,0.7194920778274536,0.14135217072267162,0.07795148342847824,0.005432674270284017,0.007313654430131342,0.9515420606790188
2026-02-25,0.7096651792526245,0.11850734179062046,0.07341712713241577,0.003932141301202472,0.003575900682534995,0.9090976901593982
2026-02-26,0.7242698669433594,0.11034927610769671,0.07431136816740036,0.003915575931673287,0.0031126958600214923,0.9159587830101512
2026-02-27,0.7096651792526245,0.10627858984058078,0.07445701956748962,0.0038054520848883255,0.0026201371206313905,0.8968263778662147
2026-02-28,0.7242698669433594,0.10117959508601752,0.07620716094970703,0.003918412365611519,0.0027446848267302184,0.9083197201714256
2026-03-01,0.7218499183654785,0.12012488156322662,0.08135499060153961,0.004262399130503405,0.0034303957798396323,0.9310225854405878
2026-03-02,0.7218499183654785,0.10627630944782977,0.08484530448913574,0.003990472319987264,0.002921560149466394,0.9198835647718977
2026-03-03,0.6827804446220398,0.10575692941283617,0.07676953077316284,0.003946046340513169,0.0026430139673859496,0.871895965115938
2026-03-04,0.6024507880210876,0.10360483334659452,0.0761302039027214,0.0038248740581692787,0.0024744991033429464,0.7884851984319158
2026-03-05,0.5781006813049316,0.11256550869442043,0.07054158300161362,0.004592267968348431,0.004506597849931161,0.7703066388192452
2026-03-06,0.6304138898849487,0.12302846190013242,0.07311993837356567,0.005402801908249969,0.005798018141195234,0.8377631102080919
2026-03-07,0.7522571086883545,0.12017144433235254,0.10651905834674835,0.004738717000164237,0.005484882044716359,0.9891712104123359
2026-03-08,0.7522571086883545,0.11045814870215936,0.10500834137201309,0.0040775629788875195,0.003621657727928374,0.9754228194693428
2026-03-09,0.779177725315094,0.10831369759411051,0.1117701604962349,0.004028695878979439,0.0033395343233892324,1.006629813607808
2026-03-10,0.7871959209442139,0.10579829985735621,0.12802867591381073,0.004063877025446157,0.003655607919804787,1.0287423816606318
2026-03-11,0.7713225483894348,0.09598379774016731,0.1227680966258049,0.004020638164946179,0.0029770688200650357,0.9970721497404181
2026-03-12,0.7387390732765198,0.09707176828874926,0.11411185562610626,0.004829882923004214,0.0034142377299528556,0.9581668178443324
2026-03-13,0.7497466206550598,0.10479835610359321,0.10945169627666473,0.005411993235640019,0.005679061792355016,0.9750877280633128
2026-03-14,0.6977264285087585,0.1085245699055509,0.10975576937198639,0.003984998702840688,0.003998221546035848,0.9239899880351723
2026-03-15,0.6398277282714844,0.11434217212593215,0.12873749434947968,0.005891162049937523,0.0056633254993708505,0.8944618822962046
2026-03-16,0.696654200553894,0.13163376563617432,0.13284607231616974,0.005714065069924301,0.009296494356839997,0.9761445979330025
2026-03-17,0.8187524080276489,0.14767962660575346,0.15982307493686676,0.00978923631069034,0.02045473162374408,1.1564990775047035
2026-03-18,0.6763509511947632,0.13489877631601088,0.0781438946723938,0.009585456183841583,0.015438449396768094,0.9144175277637775
2026-03-19,0.6763509511947632,0.1260419094598493,0.07538942247629166,0.007730342369330599,0.012037138446377058,0.8975497639466118
2026-03-20,0.7179186344146729,0.13419731194560386,0.0797095000743866,0.008016519236275894,0.016055236478655636,0.9558972021495948
2026-03-21,0.7179186344146729,0.1397983581202768,0.08618789911270142,0.007125057124901011,0.0166664780606416,0.9676964268331937
2026-03-22,0.7025406956672668,0.13245144782538754,0.08036386221647263,0.009229310201250175,0.02118863498826441,0.9457739508986416
2026-03-23,0.7025406956672668,0.13217554187557223,0.0805141031742096,0.0071184833479495824,0.02894250171563797,0.9512913257806362
2026-03-24,0.7025406956672668,0.12151453613272332,0.0789404809474945,0.006459779093162168,0.027571328729497194,0.9370268205701441
2026-03-25,0.6781917810440063,0.10826292365927162,0.073510080575943,0.005552095647460853,0.02045410927913262,0.8859709902058144
2026-03-26,0.6813578605651855,0.10307443017710853,0.07514286041259766,0.005146665798664134,0.020213417257564353,0.8849352342111202
2026-03-27,0.664516270160675,0.1065811008684506,0.07036188989877701,0.005374422145550575,0.02002622722879817,0.8668599103022515
2026-03-28,0.6646031737327576,0.1011641300372081,0.10396963357925415,0.0054838360730927686,0.022586570466200266,0.8978073438885129
2026-03-29,0.7005767822265625,0.09803307377679524,0.10318157076835632,0.004997135287535595,0.021132475222570783,0.9279210372818205
2026-03-30,0.7005767822265625,0.0936146582980493,0.10327672213315964,0.004858277605791646,0.019329331920716737,0.9216557721842797
2026-03-31,0.7787985801696777,0.12871442484571471,0.14855121076107025,0.008445835736664076,0.02919646371546484,1.0937065152285916
2026-04-01,0.6681300401687622,0.14344385866903536,0.07549978047609329,0.01136775807106253,0.026089320694574005,0.9245307580795274
2026-04-02,0.7063612341880798,0.1444286375106176,0.0763995423913002,0.011686543433722793,0.026209423590143503,0.965085381113864
2026-04-03,0.7063612341880798,0.1475024595687412,0.07876697927713394,0.011993549219813491,0.025159030255832743,0.9697832525096012
2026-04-04,0.7488403916358948,0.1551532443322412,0.07876697927713394,0.013618826808308341,0.026610728819788477,1.0229901708733669
2026-04-05,0.8482502102851868,0.16154091682940763,0.08967051655054092,0.014912287682136606,0.023982933421988553,1.1383568647692603
2026-04-06,0.7988497018814087,0.15648556107350903,0.08233658969402313,0.014252711354535388,0.02173034886558258,1.073654912869059
2026-04-07,0.7988497018814087,0.16889238432861267,0.08927957713603973,0.014423266655755856,0.02441964020302798,1.0958645702048446
2026-04-08,0.9005054831504822,0.17040153800239338,0.09111081808805466,0.015560268637404987,0.02528045247169191,1.202858560350027
2026-04-09,0.7851811051368713,0.1339777384064696,0.09915351867675781,0.01562897425513609,0.019993397454302776,1.0539347339295375
2026-04-10,0.7397188544273376,0.1258010181847708,0.09367392212152481,0.013185746455111811,0.012300380252693845,0.984679921441439
2026-04-11,0.7497944235801697,0.12947087175894204,0.13060957193374634,0.011660200551532123,0.012781800841320736,1.0343168686657107
2026-04-12,0.7289431691169739,0.12155086920925401,0.11883430182933807,0.010985496329608766,0.010107758207821886,0.9904215946929965
2026-04-13,0.7093905210494995,0.11808775032002414,0.1278575211763382,0.00890151336070964,0.008047659898659626,0.9722849658052312
2026-04-14,0.6918559670448303,0.11651043863938548,0.11346065998077393,0.007785704228324834,0.0064027520127936345,0.9360155219061081
2026-04-15,0.7033714056015015,0.12741591202106897,0.10254229605197906,0.006679866999944968,0.007319017783661091,0.9473284984581555
2026-04-16,0.7794126272201538,0.13100268263099515,0.11314287781715393,0.006728227721030293,0.00756083915228199,1.037847254541615
2026-04-17,0.7925545573234558,0.11960226525245486,0.11862248182296753,0.014619914515848131,0.010291277430762337,1.0556904963454887
2026-04-18,0.7787536978721619,0.1301312813730355,0.11117743700742722,0.014775593464262023,0.01094104677232029,1.0457790564892069
2026-04-19,0.6675891876220703,0.1299333073726034,0.11336451023817062,0.01548824802045391,0.011783011557418389,0.9381582648107166
2026-04-20,0.6813279390335083,0.1390720286029829,0.11378080397844315,0.016119192317587003,0.0124166178650607,0.962716581797582
2026-04-21,0.7421277761459351,0.15096220048321013,0.12249825894832611,0.010898774092546377,0.013281156336178422,1.039768166006196
2026-04-22,0.6895841360092163,0.16194460040678865,0.08635600656270981,0.009289402297438994,0.01539702304666079,0.9625711683228145
2026-04-23,0.6320019364356995,0.1625276257566209,0.07519567757844925,0.014175928550314748,0.020518051835941773,0.9044192201570262
2026-04-24,0.6958479285240173,0.1712818976362827,0.09350967407226562,0.02475033549214183,0.02677429825836847,1.0121641339830758
2026-04-25,0.7268862724304199,0.19173968135880048,0.10639499127864838,0.02573682911309797,0.02927302297162801,1.0800307971525949
2026-04-26,0.759872317314148,0.18952825868632037,0.10359575599431992,0.025158339214306026,0.02777689194710348,1.105931563156198
2026-04-27,0.7196467518806458,0.17329994521336967,0.09590869396924973,0.024729209703843447,0.022651068195872315,1.0362356689629808
2026-04-28,0.7302387952804565,0.1665768693681015,0.09474913775920868,0.023441371681471482,0.022297849099089315,1.0373040231883275
2026-04-29,0.7431796789169312,0.16830610937118845,0.08322575688362122,0.022926992154979862,0.020697119432648063,1.0383356567593687
2026-04-30,0.7203553915023804,0.16896318636934896,0.09788203239440918,0.02383088081066597,0.021028210592448485,1.0320597016692528
2026-05-01,0.6714629530906677,0.1646092322937417,0.10932818055152893,0.024951822148660735,0.020041876583902125,0.9903940646685012
2026-05-02,0.7064318060874939,0.16600907202338866,0.1436123102903366,0.024915484767693417,0.022636273557912596,1.0636049467268252
2026-05-03,0.7169579267501831,0.17034873248157534,0.1436985284090042,0.023360690894733534,0.022943414346469508,1.0773092928819656
2026-05-04,0.6934919953346252,0.16988077923339134,0.12846779823303223,0.023295127134752666,0.02298705772997281,1.0381227576657743
2026-05-05,0.6934919953346252,0.1702344960350396,0.12286211550235748,0.02089416217129529,0.018487390174462562,1.0259701592177803
2026-05-06,0.6934919953346252,0.18062063165920986,0.12811705470085144,0.021597871434651337,0.01926970819184474,1.0430972613211826
2026-05-07,0.7051963806152344,0.1724735701930116,0.13656717538833618,0.02173372869676128,0.018591925796130015,1.0545627806894735
2026-05-08,0.7308128476142883,0.18091058664944656,0.1372542381286621,0.022745765854633858,0.02143269847944147,1.0931561367264726
2026-05-09,0.7729460000991821,0.18225587551826208,0.14862841367721558,0.02170955967782815,0.020858049854659205,1.1463978988271468
2026-05-10,0.8283721208572388,0.1742716787132312,0.15375828742980957,0.02239297817147279,0.01974221002009241,1.1985372751918448
2026-05-11,0.8452680706977844,0.18247581951026126,0.16977325081825256,0.02158863459725216,0.018472810572287834,1.2375785861958382
2026-05-12,0.828223466873169,0.17986296920848635,0.15441446006298065,0.021302597676277065,0.016659195858895585,1.2004626896798085
2026-05-13,0.7977716326713562,0.16427529047140227,0.15022249519824982,0.020154035182908397,0.01477969643662669,1.1472031499605433
2026-05-14,0.8119093775749207,0.15755006200760938,0.13464513421058655,0.018954753068978304,0.013866335071596849,1.1369256619336916
2026-05-15,0.8409633040428162,0.15111903051848716,0.13332948088645935,0.01849073901856478,0.012680010397877063,1.1565825648642045
2026-05-16,0.8409633040428162,0.15369463819449355,0.11724040657281876,0.018996119454566425,0.01262894933569466,1.1435234176003894
2026-05-17,0.869419276714325,0.15319424703087106,0.11969362944364548,0.019236127442488125,0.014264553975171792,1.1758078346065015
2026-05-18,0.9848953485488892,0.16944681800713193,0.1171884536743164,0.019680344824880392,0.017801780505832903,1.3090127455610507
2026-05-19,0.8542801141738892,0.1629960568213506,0.11391844600439072,0.01907169114661344,0.013865075197556337,1.1641313833438003
2026-05-20,0.912777841091156,0.1783187665336915,0.1440635323524475,0.018294227176989707,0.018763470081625364,1.27221783723591
2026-05-21,0.7749785780906677,0.17668809518862644,0.0878189280629158,0.0182958553464658,0.01640994413907566,1.0741914008277516
2026-05-22,0.7749785780906677,0.17345134341319732,0.0951685830950737,0.019035718625112417,0.017149087731919588,1.079783310955971
2026-05-23,0.7749785780906677,0.18278680952295523,0.10968631505966187,0.019008011247075105,0.02022487535266609,1.1066845892730262
2026-05-24,0.8748465776443481,0.20595653387583124,0.12445823848247528,0.02241500765950613,0.028511525277177388,1.2561878829393383
2026-05-25,0.9150913953781128,0.21894187265661857,0.12657298147678375,0.018305619576834745,0.028131096496828437,1.3070429655851783
2026-05-26,0.866820216178894,0.21016509693109392,0.12468241155147552,0.01828404743499028,0.02852815257824149,1.2484799246746954
2026-05-27,0.8017138242721558,0.2037309220674049,0.12439864128828049,0.018864068927536417,0.02752516424943011,1.1762326208048075
2026-05-28,0.8129637241363525,0.2074004168456727,0.1325538605451584,0.02085017235055081,0.029028605918969386,1.2027967797967039
2026-05-29,0.8129637241363525,0.23144430632934213,0.12893924117088318,0.020814849608770957,0.031674919750404436,1.2258370409957533
2026-05-30,0.8129637241363525,0.2418515737455671,0.12601712346076965,0.02315963495602083,0.03376190426145572,1.2377539605601657
2026-05-31,0.8380236029624939,0.2366840857142716,0.13849614560604095,0.026160431256947232,0.03631148094030235,1.275675746480056
2026-06-01,0.7436425685882568,0.25125730955346626,0.12742985785007477,0.025022357513133486,0.03449813678429209,1.1818502302892233
2026-06-02,0.7436425685882568,0.26977774096415214,0.13205339014530182,0.026214868803259357,0.03661811304405547,1.2083066815450256
2026-06-03,0.7436425685882568,0.2651514332128486,0.13060830533504486,0.026560442950338603,0.03541631135465521,1.2013790614411441
2026-06-04,0.7804265022277832,0.3005598161327361,0.23181414604187012,0.028414075135744656,0.03955958291964797,1.380774122457782
2026-06-05,0.9802616834640503,0.37623607418583765,0.21179768443107605,0.02925058291099878,0.04205473756583092,1.6396007625577937
2026-06-06,0.9802616834640503,0.3994897976392561,0.21112774312496185,0.032044116340060345,0.04734256651869206,1.6702659070870205
2026-06-07,1.1204349994659424,0.4643019972750527,0.21619121730327606,0.035230712974208135,0.049024331656071715,1.885183258674551
2026-06-08,1.2584280967712402,0.47432535168927165,0.22114545106887817,0.04228616600295015,0.05185729029947428,2.0480423558318144
2026-06-09,1.341660499572754,0.5224603741497653,0.21920205652713776,0.04274323278940516,0.0563142035044667,2.1823803665435286
2026-06-10,1.4835227727890015,0.5641617272462867,0.2239602655172348,0.044101848260397924,0.06025701908502291,2.3760036328979437
2026-06-11,1.4193989038467407,0.689430808570848,0.24413098394870758,0.04601593522209844,0.0654355341740071,2.4644121657624023
2026-06-12,1.399422526359558,0.7273739977499813,0.2228081375360489,0.04488823699621495,0.06670002179533807,2.461192920437141
2026-06-13,1.5006178617477417,0.7195974888470902,0.23472605645656586,0.04651984742762658,0.06951397541816247,2.570975229897187
2026-06-14,1.4653023481369019,0.7222298795309745,0.28929397463798523,0.04561340912318613,0.06674534556417813,2.5891849569932264
2026-06-15,1.4248234033584595,0.6659597908211745,0.17313790321350098,0.044660768395307894,0.05843040432832335,2.367012270116766
2026-06-16,1.3267918825149536,0.6033544522923897,0.1718801110982895,0.045065784466846295,0.0597191474369061,2.206811377809385
2026-06-17,1.4942224025726318,0.6326303574430061,0.18759097158908844,0.04034934026229417,0.060059996634129524,2.41485306850115
2026-06-18,1.277185082435608,0.5030121901821807,0.16177941858768463,0.03459460287372643,0.04821960684623298,2.024790900925433
2026-06-19,1.2878941297531128,0.44502295161641514,0.13899141550064087,0.03237487936302364,0.039981873319180156,1.9442652495523727
2026-06-20,1.2228374481201172,0.4379165431076154,0.13762223720550537,0.03170842198869877,0.03705253291189993,1.8671371833338366
2026-06-21,1.2860159873962402,0.4223929787130301,0.14741308987140656,0.028670297036790235,0.031100217601804234,1.9155925706192714
2026-06-22,1.0388100147247314,0.42719032357160713,0.15044879913330078,0.03201606614405613,0.0352319256019689,1.6836971291756644
2026-06-23,0.9458211064338684,0.43062840849724415,0.1504984349012375,0.03220444444898345,0.04061789753212429,1.5997702918134578
2026-06-24,0.995002269744873,0.42360450957498097,0.1562047153711319,0.030221907953709413,0.03786641328477614,1.6428998159294714
2026-06-25,0.995002269744873,0.3856015650697966,0.14008885622024536,0.029522466305115524,0.03359251374685262,1.5838076710868831
2026-06-26,0.930594801902771,0.3342082330703091,0.10628432780504227,0.027947064939287145,0.027070916143771086,1.4261053438611806
2026-06-27,0.9442917108535767,0.33479884285993405,0.10493503510951996,0.027714380697674523,0.02751652984127866,1.4392564993619839
2026-06-28,0.932371973991394,0.3148575459362011,0.10722063481807709,0.027442295179530625,0.027054309674563605,1.4089467595997665
2026-06-29,0.9197732210159302,0.3071139890087479,0.10437997430562973,0.02482963191665033,0.0233344370651314,1.3794312533120896
2026-06-30,0.9386864304542542,0.29665029858482933,0.09492466598749161,0.024416057495738254,0.02200131871828059,1.376678771240594
2026-07-01,0.9386864304542542,0.29735682192779656,0.09755504876375198,0.023784382581673962,0.021625682998242586,1.3790083667257194
2026-07-02,0.8723862171173096,0.28674394633380035,0.09053683280944824,0.023993330520666767,0.02247991775264175,1.2961402445338668
2026-07-03,0.8430893421173096,0.28111499532372397,0.09098925441503525,0.022088447664113033,0.018256062901596568,1.2555381024217784
2026-07-04,0.8967719078063965,0.28653543954279037,0.09568924456834793,0.02252438123766625,0.02080500808265241,1.3223259812378536
2026-07-05,0.8067508339881897,0.26138505319172745,0.08958771079778671,0.02150011054514517,0.01708531404362127,1.1963090225664703
2026-07-06,0.792702853679657,0.27220825490979217,0.09087345749139786,0.021342140960994047,0.01794102800571635,1.1950677350475574
2026-07-07,0.792702853679657,0.24300961721381636,0.08358342945575714,0.019909256919401035,0.018569358536617328,1.1577745158052488
2026-07-08,0.7643250226974487,0.22416213816871197,0.0908079668879509,0.018112755501465547,0.017779362882014333,1.1151872461375916
2026-07-09,0.7988615036010742,0.214150709102621,0.1523447185754776,0.01422705688387969,0.016370826740018506,1.1959548149030708
2026-07-10,0.8087379932403564,0.21650749851826998,0.1390722244977951,0.013815574494864863,0.01780177801628541,1.1959350687675718
2026-07-11,0.7643250226974487,0.23397874651666334,0.11655579507350922,0.014598287609093201,0.020670909566141312,1.1501287614628557
2026-07-12,0.7837356328964233,0.23860572149634077,0.1849290132522583,0.01550545911590627,0.02227456199944221,1.245050388760371
2026-07-13,0.8402756452560425,0.25588275770948377,0.12901712954044342,0.01596064830025945,0.026434542200829268,1.2675707230070583
2026-07-14,0.822300910949707,0.23205409539502977,0.10051298141479492,0.01565839338775147,0.021730317602345037,1.1922566987496284
2026-07-15,0.822300910949707,0.23231122831980855,0.10899829864501953,0.016676194887007705,0.022215651672003785,1.2025022844735467
2026-07-16,0.87283855676651,0.23915634987768783,0.11258489638566971,0.01703932446639255,0.02483004409704684,1.2664491715933068
2026-07-17,1.00103759765625,0.237465926290421,0.10572665929794312,0.018594989386190783,0.02830754457536696,1.3911327172061718
2026-07-18,0.9702940583229065,0.24131326079890325,0.11115097999572754,0.020354009581065122,0.027265589773223613,1.370377898471826
2026-07-19,0.9475218057632446,0.2332310391436227,0.09214133769273758,0.016332428451628106,0.023655070984062134,1.3128816820352953
2026-07-20,0.9048919677734375,0.2285897957200616,0.09050243347883224,0.015059219991739788,0.01961557535554177,1.258658992319613
2026-07-21,0.7765485644340515,0.21571168979135466,0.07738064229488373,0.013504880217307537,0.015261686148137742,1.0984074628857352
2026-07-22,0.7087618112564087,0.20583514641171213,0.07246710360050201,0.012569988148669478,0.013903963272569523,1.0135380126898619
2026-07-23,0.7087618112564087,0.20119162151250697,0.07194556295871735,0.011892910593334586,0.012029577978818609,1.0058214842997861
2026-07-24,0.7087618112564087,0.2287029462282274,0.08468736708164215,0.012432981917338054,0.015318117754029477,1.049903224237646
2026-07-25,0.8116686344146729,0.2327793114411277,0.08375412970781326,0.014411612625946937,0.01950237405182975,1.1621160622413904
2026-07-26,0.730145275592804,0.24693456295528804,0.07848713546991348,0.014136894046150742,0.018599422451950995,1.0883032905161074
2026-07-27,0.8969829678535461,0.27316221824436504,0.08828700333833694,0.01932114280765671,0.02828198278034172,1.3060353150242465
2026-07-28,0.8301564455032349,0.236522417678096,0.0714963972568512,0.015262384895508647,0.02354978780650895,1.1769874331401997
2026-07-29,0.8615896105766296,0.25231688988993667,0.08235917240381241,0.015286789795936014,0.022846658207510494,1.2343991208738252
2026-07-30,0.8756869435310364,0.23963433267701728,0.08903173357248306,0.016742654056452512,0.02153910352027232,1.2426347673572615
2026-07-31,0.8885754942893982,0.23090506276327966,0.0831739604473114,0.01455770792254324,0.017119605137305642,1.234331830559838
2026-08-01,0.9726154804229736,0.23666784087006104,0.08895666152238846,0.015342745989251047,0.020595817126114885,1.334178545930789
2026-08-02,0.8608417510986328,0.22475985508179544,0.08116636425256729,0.012928933952779916,0.015763587561066075,1.1954604919468415
2026-08-03,0.9440060257911682,0.23593579438858905,0.1034080907702446,0.01339345423610205,0.016358428651425266,1.3131017938375293
2026-08-04,0.7892544269561768,0.22947120582361177,0.07542367279529572,0.013674874456726474,0.015432688895180893,1.1232568689269915
2026-08-05,0.7892544269561768,0.23427115376058819,0.07471217960119247,0.013585211530219443,0.01682550702043951,1.1286484788686164
2026-08-06,0.7925297021865845,0.2252667225001193,0.07443621754646301,0.013203307322073296,0.015385529712315433,1.1208214792675553
2026-08-07,0.8116686344146729,0.2455279652142382,0.07987666875123978,0.013885485349608083,0.017640380740672715,1.1685991344704314
2026-08-08,0.730145275592804,0.2248518969216491,0.06948889791965485,0.013583815008768882,0.015182734653759444,1.0532526200966361
2026-08-09,0.7343628406524658,0.22350513256793134,0.06959671527147293,0.013312652246139974,0.016922482573911834,1.057699823311922
2026-08-10,0.730145275592804,0.21384896017534563,0.066981740295887,0.011867734096816625,0.01314712026977183,1.035990830430625
2026-08-11,0.730145275592804,0.20209753145288004,0.06576686352491379,0.011168664078944665,0.011293045396828091,1.0204713800463705
2026-08-12,0.7087618112564087,0.20386141011824008,0.06736920773983002,0.011509035689644615,0.011712688204493804,1.0032141530086172
2026-08-13,0.730145275592804,0.21639331518235436,0.06520424038171768,0.012226962070897188,0.01355638098018344,1.037526174207957
2026-08-14,0.730145275592804,0.19529259050663042,0.06993992626667023,0.010809464826619321,0.010048791667585892,1.01623604886031
2026-08-15,0.730145275592804,0.19474808746499603,0.07086846232414246,0.01108650185562648,0.011123968052003904,1.017972295289573
2026-08-16,0.730145275592804,0.18652676471915375,0.07334235310554504,0.009850984243129402,0.0073237190953481315,1.0071890967559802
2026-08-17,0.7583768963813782,0.1889128117027352,0.07612252235412598,0.010267957901089576,0.009275955855603486,1.0429561441949324
2026-08-18,0.8091877698898315,0.19669256675127342,0.09746605157852173,0.01150348215808652,0.010989307607845288,1.1258391779855585
2026-08-19,0.9067779183387756,0.21145479724091348,0.11220692098140717,0.01260687459959109,0.015591290739110857,1.2586378018997983
2026-08-20,0.9400460720062256,0.21833908000661406,0.1224481463432312,0.01215793032569485,0.01601727144044174,1.3090085001222076
2026-08-21,0.730145275592804,0.2026819333563394,0.07349332422018051,0.0105628971862188,0.011357673436392967,1.0282411037919357
2026-08-22,0.730145275592804,0.20360883663613463,0.07599557191133499,0.010252911104042167,0.010669970656220168,1.0306725659005358
2026-08-23,0.7451714277267456,0.1987413377244035,0.08124251663684845,0.010438458539201527,0.009254729692535086,1.0448484703197343
2026-08-24,0.7087618112564087,0.20318028628034127,0.07689931988716125,0.010239837020243692,0.009235471061109475,1.0083167255052643
2026-08-25,0.8116686344146729,0.214891483308846,0.09007122367620468,0.011458490232355767,0.011828493665620336,1.1399183252976997
2026-08-26,0.7233479619026184,0.20305294930413034,0.08798640221357346,0.011365318142814485,0.010162721024581082,1.0359153525877178
2026-08-27,0.7580157518386841,0.2001594895796186,0.0823260098695755,0.010654962353960273,0.008963475598365554,1.060119689240204
2026-08-28,0.730145275592804,0.19390163383994313,0.08449310809373856,0.009912608869093023,0.008782491773491326,1.02723511816907
2026-08-29,0.759820818901062,0.19513486100889507,0.09069114923477173,0.01005277021097612,0.008956356414071439,1.0646559557697763
2026-08-30,0.7318840622901917,0.1813760043401058,0.09373180568218231,0.010722789011111972,0.009650342674212754,1.0273650039978044
2026-08-31,0.9062923192977905,0.22018155479183316,0.1701582372188568,0.011600194795162454,0.017683505177651205,1.325915811281294
