date,year,month,doy,chirps_precip_mm
1990-01-01,1990,1,1,0.0
1990-01-02,1990,1,2,0.0
1990-01-03,1990,1,3,0.0
1990-01-04,1990,1,4,0.0
1990-01-05,1990,1,5,0.0
1990-01-06,1990,1,6,0.0
1990-01-07,1990,1,7,0.0
1990-01-08,1990,1,8,0.0
1990-01-09,1990,1,9,0.0
1990-01-10,1990,1,10,0.0
1990-01-11,1990,1,11,0.0
1990-01-12,1990,1,12,0.0
1990-01-13,1990,1,13,0.0
1990-01-14,1990,1,14,0.0
1990-01-15,1990,1,15,0.0
1990-01-16,1990,1,16,0.0
1990-01-17,1990,1,17,0.0
1990-01-18,1990,1,18,0.0
1990-01-19,1990,1,19,0.0
1990-01-20,1990,1,20,1.078624381095605
1990-01-21,1990,1,21,0.0
1990-01-22,1990,1,22,0.0
1990-01-23,1990,1,23,0.0
1990-01-24,1990,1,24,0.0
1990-01-25,1990,1,25,0.0
1990-01-26,1990,1,26,0.0024500326816097938
1990-01-27,1990,1,27,0.0
1990-01-28,1990,1,28,0.0
1990-01-29,1990,1,29,0.0
1990-01-30,1990,1,30,2.054016602989334
1990-01-31,1990,1,31,0.42898377181120995
1990-02-01,1990,2,32,0.0
1990-02-02,1990,2,33,0.0
1990-02-03,1990,2,34,0.0
1990-02-04,1990,2,35,0.0
1990-02-05,1990,2,36,0.0
1990-02-06,1990,2,37,0.0
1990-02-07,1990,2,38,0.0
1990-02-08,1990,2,39,0.0
1990-02-09,1990,2,40,0.0
1990-02-10,1990,2,41,0.0
1990-02-11,1990,2,42,0.0
1990-02-12,1990,2,43,0.0
1990-02-13,1990,2,44,5.214201860327749
1990-02-14,1990,2,45,0.4059816944670657
1990-02-15,1990,2,46,0.0
1990-02-16,1990,2,47,0.0
1990-02-17,1990,2,48,0.0
1990-02-18,1990,2,49,0.0
1990-02-19,1990,2,50,0.0
1990-02-20,1990,2,51,5.101726043551216
1990-02-21,1990,2,52,8.621834085553552
1990-02-22,1990,2,53,0.0
1990-02-23,1990,2,54,0.17910656146545542
1990-02-24,1990,2,55,0.0
1990-02-25,1990,2,56,0.0
1990-02-26,1990,2,57,0.0
1990-02-27,1990,2,58,0.0
1990-02-28,1990,2,59,0.0
1990-03-01,1990,3,60,0.0
1990-03-02,1990,3,61,0.0
1990-03-03,1990,3,62,4.278240077293317
1990-03-04,1990,3,63,7.916356830690901
1990-03-05,1990,3,64,11.276912847031053
1990-03-06,1990,3,65,0.0
1990-03-07,1990,3,66,0.0
1990-03-08,1990,3,67,0.0
1990-03-09,1990,3,68,2.976093627391152
1990-03-10,1990,3,69,0.0
1990-03-11,1990,3,70,0.0
1990-03-12,1990,3,71,0.0
1990-03-13,1990,3,72,0.0
1990-03-14,1990,3,73,0.0
1990-03-15,1990,3,74,0.0
1990-03-16,1990,3,75,0.0
1990-03-17,1990,3,76,0.0
1990-03-18,1990,3,77,3.065264120812894
1990-03-19,1990,3,78,0.0
1990-03-20,1990,3,79,0.4826260041046469
1990-03-21,1990,3,80,0.0
1990-03-22,1990,3,81,4.466043696305439
1990-03-23,1990,3,82,6.451613408536511
1990-03-24,1990,3,83,0.0
1990-03-25,1990,3,84,0.0
1990-03-26,1990,3,85,0.0
1990-03-27,1990,3,86,0.0
1990-03-28,1990,3,87,1.1993833009054646
1990-03-29,1990,3,88,7.189914092919516
1990-03-30,1990,3,89,1.1194892997096113
1990-03-31,1990,3,90,0.7081134353014988
1990-04-01,1990,4,91,0.0
1990-04-02,1990,4,92,0.0
1990-04-03,1990,4,93,0.0
1990-04-04,1990,4,94,0.007051820262640895
1990-04-05,1990,4,95,6.045282134870841
1990-04-06,1990,4,96,2.26492216130966
1990-04-07,1990,4,97,0.0
1990-04-08,1990,4,98,0.0
1990-04-09,1990,4,99,0.0
1990-04-10,1990,4,100,1.757979886493013
1990-04-11,1990,4,101,0.0
1990-04-12,1990,4,102,0.0
1990-04-13,1990,4,103,2.456678207219924
1990-04-14,1990,4,104,5.9188796363534735
1990-04-15,1990,4,105,3.996188338919389
1990-04-16,1990,4,106,0.6425046463143448
1990-04-17,1990,4,107,9.375146864108174
1990-04-18,1990,4,108,0.2579676549252835
1990-04-19,1990,4,109,0.007298327963272527
1990-04-20,1990,4,110,0.0
1990-04-21,1990,4,111,4.647531724068072
1990-04-22,1990,4,112,5.795671565162902
1990-04-23,1990,4,113,0.004666112842167557
1990-04-24,1990,4,114,4.7792872644533135
1990-04-25,1990,4,115,7.172516565907175
1990-04-26,1990,4,116,3.0059339283058146
1990-04-27,1990,4,117,0.25919841851754993
1990-04-28,1990,4,118,0.11944211315883974
1990-04-29,1990,4,119,7.4993281465569614
1990-04-30,1990,4,120,17.78906188750737
1990-05-01,1990,5,121,7.410981841340674
1990-05-02,1990,5,122,1.7034897545947925
1990-05-03,1990,5,123,1.8312798305618123
1990-05-04,1990,5,124,2.409346560624388
1990-05-05,1990,5,125,1.2242804440863642
1990-05-06,1990,5,126,0.0
1990-05-07,1990,5,127,0.0
1990-05-08,1990,5,128,0.0
1990-05-09,1990,5,129,0.0
1990-05-10,1990,5,130,28.662751882425617
1990-05-11,1990,5,131,9.004925149878376
1990-05-12,1990,5,132,7.890610376176616
1990-05-13,1990,5,133,2.0098101130487986
1990-05-14,1990,5,134,0.0
1990-05-15,1990,5,135,0.0
1990-05-16,1990,5,136,8.020670701523775
1990-05-17,1990,5,137,0.28502418715012007
1990-05-18,1990,5,138,0.0
1990-05-19,1990,5,139,0.00399195001282647
1990-05-20,1990,5,140,0.4699330961694039
1990-05-21,1990,5,141,2.9662698077767344
1990-05-22,1990,5,142,4.140405953390126
1990-05-23,1990,5,143,9.72688009530536
1990-05-24,1990,5,144,15.71358196839575
1990-05-25,1990,5,145,7.500500704962265
1990-05-26,1990,5,146,13.001233563120792
1990-05-27,1990,5,147,6.527244788873063
1990-05-28,1990,5,148,6.1046238422598105
1990-05-29,1990,5,149,12.691420151825733
1990-05-30,1990,5,150,8.779158781304151
1990-05-31,1990,5,151,11.971816300630772
1990-06-01,1990,6,152,18.36590757365909
1990-06-02,1990,6,153,0.0
1990-06-03,1990,6,154,0.0
1990-06-04,1990,6,155,0.0
1990-06-05,1990,6,156,5.454143207095686
1990-06-06,1990,6,157,2.7890497279555344
1990-06-07,1990,6,158,1.0377854012789234
1990-06-08,1990,6,159,10.34969151980262
1990-06-09,1990,6,160,8.190347065247321
1990-06-10,1990,6,161,32.0609756386372
1990-06-11,1990,6,162,8.44426046443374
1990-06-12,1990,6,163,18.38182859453465
1990-06-13,1990,6,164,1.6044966922729778
1990-06-14,1990,6,165,1.5550971802933768
1990-06-15,1990,6,166,0.0
1990-06-16,1990,6,167,4.749707389970876
1990-06-17,1990,6,168,5.085573552659974
1990-06-18,1990,6,169,17.1487859197427
1990-06-19,1990,6,170,5.442362530219217
1990-06-20,1990,6,171,6.024278692230774
1990-06-21,1990,6,172,22.088528630053172
1990-06-22,1990,6,173,0.009211947188585768
1990-06-23,1990,6,174,23.097919411606124
1990-06-24,1990,6,175,5.880035146343064
1990-06-25,1990,6,176,8.083142403771763
1990-06-26,1990,6,177,0.2531395178119035
1990-06-27,1990,6,178,0.0
1990-06-28,1990,6,179,9.152945709208085
1990-06-29,1990,6,180,27.81650221112864
1990-06-30,1990,6,181,15.747162983166218
1990-07-01,1990,7,182,6.687187555312295
1990-07-02,1990,7,183,0.0
1990-07-03,1990,7,184,3.6653584532484396
1990-07-04,1990,7,185,7.03351837268934
1990-07-05,1990,7,186,17.037927741767405
1990-07-06,1990,7,187,14.373537298544107
1990-07-07,1990,7,188,9.569774983627935
1990-07-08,1990,7,189,0.0
1990-07-09,1990,7,190,7.278862051301874
1990-07-10,1990,7,191,8.38624403235641
1990-07-11,1990,7,192,0.0
1990-07-12,1990,7,193,0.8620898383442112
1990-07-13,1990,7,194,1.4500298127212787
1990-07-14,1990,7,195,10.152107622037102
1990-07-15,1990,7,196,9.232821195883535
1990-07-16,1990,7,197,1.2227105414039983
1990-07-17,1990,7,198,2.4073579175000326
1990-07-18,1990,7,199,10.418143422662851
1990-07-19,1990,7,200,9.097189010466481
1990-07-20,1990,7,201,4.872020672556674
1990-07-21,1990,7,202,10.678104733133685
1990-07-22,1990,7,203,14.128431571479936
1990-07-23,1990,7,204,1.1995247301119663
1990-07-24,1990,7,205,0.0
1990-07-25,1990,7,206,0.0
1990-07-26,1990,7,207,1.0645854730532531
1990-07-27,1990,7,208,0.19694995645181482
1990-07-28,1990,7,209,5.956079219586848
1990-07-29,1990,7,210,11.928832957554597
1990-07-30,1990,7,211,15.464991396680897
1990-07-31,1990,7,212,12.486632257010454
1990-08-01,1990,8,213,0.2630714520288515
1990-08-02,1990,8,214,5.859872639536757
1990-08-03,1990,8,215,5.859872639536757
1990-08-04,1990,8,216,0.0
1990-08-05,1990,8,217,2.630097082464125
1990-08-06,1990,8,218,11.878087771378118
1990-08-07,1990,8,219,0.09742064177734584
1990-08-08,1990,8,220,0.0
1990-08-09,1990,8,221,0.0
1990-08-10,1990,8,222,3.4561630800021645
1990-08-11,1990,8,223,0.04483714058752641
1990-08-12,1990,8,224,14.10794128856806
1990-08-13,1990,8,225,4.091140086669236
1990-08-14,1990,8,226,3.8598702546359136
1990-08-15,1990,8,227,2.035669013998298
1990-08-16,1990,8,228,8.671202333849928
1990-08-17,1990,8,229,0.0
1990-08-18,1990,8,230,0.2488385721875136
1990-08-19,1990,8,231,1.9850010121083201
1990-08-20,1990,8,232,0.0
1990-08-21,1990,8,233,0.0
1990-08-22,1990,8,234,14.996798965597929
1990-08-23,1990,8,235,9.750937898953755
1990-08-24,1990,8,236,2.2471465511309763
1990-08-25,1990,8,237,3.5463921779634204
1990-08-26,1990,8,238,5.56711275473352
1990-08-27,1990,8,239,5.87750907555133
1990-08-28,1990,8,240,9.455522349990117
1990-08-29,1990,8,241,1.1573229435681276
1990-08-30,1990,8,242,5.87750907555133
1990-08-31,1990,8,243,6.502298777493638
1990-09-01,1990,9,244,15.111851774022027
1990-09-02,1990,9,245,8.050202469082093
1990-09-03,1990,9,246,0.0
1990-09-04,1990,9,247,8.395741831571911
1990-09-05,1990,9,248,19.375570951002526
1990-09-06,1990,9,249,20.649460312639835
1990-09-07,1990,9,250,26.236531356919397
1990-09-08,1990,9,251,7.701693865613441
1990-09-09,1990,9,252,0.0
1990-09-10,1990,9,253,0.0
1990-09-11,1990,9,254,11.5180448820781
1990-09-12,1990,9,255,7.190071345448187
1990-09-13,1990,9,256,2.558401402031752
1990-09-14,1990,9,257,7.5490972099900775
1990-09-15,1990,9,258,20.7299966428049
1990-09-16,1990,9,259,0.0
1990-09-17,1990,9,260,15.089871222276209
1990-09-18,1990,9,261,12.428448972685683
1990-09-19,1990,9,262,0.0
1990-09-20,1990,9,263,21.405994707637092
1990-09-21,1990,9,264,0.0
1990-09-22,1990,9,265,4.608809842548518
1990-09-23,1990,9,266,0.0
1990-09-24,1990,9,267,0.1691163936127121
1990-09-25,1990,9,268,24.158332956276496
1990-09-26,1990,9,269,14.833429879782644
1990-09-27,1990,9,270,21.639264870016824
1990-09-28,1990,9,271,15.39972591318426
1990-09-29,1990,9,272,2.838634196569905
1990-09-30,1990,9,273,4.333562016895724
1990-10-01,1990,10,274,9.49957679619417
1990-10-02,1990,10,275,1.76289807953381
1990-10-03,1990,10,276,9.83057930884243
1990-10-04,1990,10,277,16.172382638918204
1990-10-05,1990,10,278,1.066368313048166
1990-10-06,1990,10,279,0.0
1990-10-07,1990,10,280,2.2961088473100184
1990-10-08,1990,10,281,1.0633268507505547
1990-10-09,1990,10,282,1.004692036929862
1990-10-10,1990,10,283,12.829671295616702
1990-10-11,1990,10,284,2.4180807145416177
1990-10-12,1990,10,285,2.9914020704937068
1990-10-13,1990,10,286,6.907471356784164
1990-10-14,1990,10,287,3.032771369791889
1990-10-15,1990,10,288,0.4560279973879162
1990-10-16,1990,10,289,2.3817197443995606
1990-10-17,1990,10,290,0.4140321587331293
1990-10-18,1990,10,291,10.464948368256378
1990-10-19,1990,10,292,2.489723912445827
1990-10-20,1990,10,293,3.5433157061345577
1990-10-21,1990,10,294,14.431357485878232
1990-10-22,1990,10,295,5.764943285895496
1990-10-23,1990,10,296,6.990475377570694
1990-10-24,1990,10,297,0.0
1990-10-25,1990,10,298,0.03578757279534164
1990-10-26,1990,10,299,1.3752737994263493
1990-10-27,1990,10,300,9.907940568225243
1990-10-28,1990,10,301,2.4566147736023916
1990-10-29,1990,10,302,0.0
1990-10-30,1990,10,303,0.0
1990-10-31,1990,10,304,0.0
1990-11-01,1990,11,305,0.0
1990-11-02,1990,11,306,0.0
1990-11-03,1990,11,307,0.0
1990-11-04,1990,11,308,5.225737321856906
1990-11-05,1990,11,309,5.334050360865949
1990-11-06,1990,11,310,10.467030125902367
1990-11-07,1990,11,311,0.0
1990-11-08,1990,11,312,0.02370775307767291
1990-11-09,1990,11,313,10.497483064398974
1990-11-10,1990,11,314,0.3757078049013323
1990-11-11,1990,11,315,0.0
1990-11-12,1990,11,316,0.0
1990-11-13,1990,11,317,0.0
1990-11-14,1990,11,318,0.0
1990-11-15,1990,11,319,6.27344714389873
1990-11-16,1990,11,320,0.004335701005930766
1990-11-17,1990,11,321,0.9563003010288099
1990-11-18,1990,11,322,0.0
1990-11-19,1990,11,323,0.0
1990-11-20,1990,11,324,0.0
1990-11-21,1990,11,325,0.0
1990-11-22,1990,11,326,0.0
1990-11-23,1990,11,327,0.0
1990-11-24,1990,11,328,0.0
1990-11-25,1990,11,329,0.0
1990-11-26,1990,11,330,0.0
1990-11-27,1990,11,331,0.4073941343700978
1990-11-28,1990,11,332,0.0
1990-11-29,1990,11,333,0.0665796752811602
1990-11-30,1990,11,334,10.446132976884197
1990-12-01,1990,12,335,0.0
1990-12-02,1990,12,336,0.0
1990-12-03,1990,12,337,6.144553745722505
1990-12-04,1990,12,338,0.8537825619755592
1990-12-05,1990,12,339,16.21078067246726
1990-12-06,1990,12,340,0.0
1990-12-07,1990,12,341,0.0
1990-12-08,1990,12,342,4.380496769862595
1990-12-09,1990,12,343,0.0
1990-12-10,1990,12,344,0.0
1990-12-11,1990,12,345,0.0
1990-12-12,1990,12,346,0.0
1990-12-13,1990,12,347,0.0
1990-12-14,1990,12,348,0.0
1990-12-15,1990,12,349,0.0
1990-12-16,1990,12,350,0.0
1990-12-17,1990,12,351,0.0
1990-12-18,1990,12,352,0.0
1990-12-19,1990,12,353,0.0
1990-12-20,1990,12,354,0.0
1990-12-21,1990,12,355,0.0
1990-12-22,1990,12,356,0.0
1990-12-23,1990,12,357,0.0
1990-12-24,1990,12,358,0.0
1990-12-25,1990,12,359,0.0
1990-12-26,1990,12,360,0.0
1990-12-27,1990,12,361,0.0
1990-12-28,1990,12,362,0.0
1990-12-29,1990,12,363,0.0
1990-12-30,1990,12,364,0.0
1990-12-31,1990,12,365,0.0
1991-01-01,1991,1,1,1.781613850041956
1991-01-02,1991,1,2,1.4540499520792138
1991-01-03,1991,1,3,0.6861176482100925
1991-01-04,1991,1,4,0.0376056566540768
1991-01-05,1991,1,5,0.0
1991-01-06,1991,1,6,0.8484658054439249
1991-01-07,1991,1,7,0.0
1991-01-08,1991,1,8,0.0
1991-01-09,1991,1,9,0.0
1991-01-10,1991,1,10,0.0
1991-01-11,1991,1,11,0.0
1991-01-12,1991,1,12,0.0
1991-01-13,1991,1,13,0.0
1991-01-14,1991,1,14,0.0
1991-01-15,1991,1,15,0.0
1991-01-16,1991,1,16,0.0
1991-01-17,1991,1,17,0.0
1991-01-18,1991,1,18,0.0
1991-01-19,1991,1,19,0.0
1991-01-20,1991,1,20,0.395448538234526
1991-01-21,1991,1,21,0.0
1991-01-22,1991,1,22,0.0
1991-01-23,1991,1,23,0.0
1991-01-24,1991,1,24,0.0
1991-01-25,1991,1,25,0.0
1991-01-26,1991,1,26,0.0
1991-01-27,1991,1,27,0.0
1991-01-28,1991,1,28,0.0
1991-01-29,1991,1,29,0.0
1991-01-30,1991,1,30,0.0
1991-01-31,1991,1,31,0.0
1991-02-01,1991,2,32,0.0
1991-02-02,1991,2,33,0.0
1991-02-03,1991,2,34,0.964010925403291
1991-02-04,1991,2,35,0.0
1991-02-05,1991,2,36,0.0
1991-02-06,1991,2,37,0.0
1991-02-07,1991,2,38,0.0
1991-02-08,1991,2,39,0.0
1991-02-09,1991,2,40,0.0
1991-02-10,1991,2,41,2.4287818654950297
1991-02-11,1991,2,42,0.8345818176367596
1991-02-12,1991,2,43,0.0
1991-02-13,1991,2,44,0.0
1991-02-14,1991,2,45,0.0
1991-02-15,1991,2,46,0.0
1991-02-16,1991,2,47,0.0
1991-02-17,1991,2,48,0.0
1991-02-18,1991,2,49,0.0
1991-02-19,1991,2,50,0.0
1991-02-20,1991,2,51,2.750396441779999
1991-02-21,1991,2,52,0.0
1991-02-22,1991,2,53,0.0
1991-02-23,1991,2,54,0.0
1991-02-24,1991,2,55,0.0
1991-02-25,1991,2,56,0.0
1991-02-26,1991,2,57,0.0
1991-02-27,1991,2,58,0.1454884241867392
1991-02-28,1991,2,59,0.24217169217912174
1991-03-01,1991,3,60,0.0
1991-03-02,1991,3,61,0.4196349728689709
1991-03-03,1991,3,62,0.0
1991-03-04,1991,3,63,0.0
1991-03-05,1991,3,64,0.0
1991-03-06,1991,3,65,0.0
1991-03-07,1991,3,66,0.0
1991-03-08,1991,3,67,0.0
1991-03-09,1991,3,68,0.0
1991-03-10,1991,3,69,7.002538234327428
1991-03-11,1991,3,70,2.11933562902681
1991-03-12,1991,3,71,0.005336789463765619
1991-03-13,1991,3,72,0.0
1991-03-14,1991,3,73,0.0
1991-03-15,1991,3,74,0.0
1991-03-16,1991,3,75,0.0
1991-03-17,1991,3,76,0.0
1991-03-18,1991,3,77,0.0
1991-03-19,1991,3,78,0.0
1991-03-20,1991,3,79,0.0
1991-03-21,1991,3,80,0.0
1991-03-22,1991,3,81,0.0
1991-03-23,1991,3,82,0.0
1991-03-24,1991,3,83,0.0
1991-03-25,1991,3,84,3.510293242966097
1991-03-26,1991,3,85,0.0
1991-03-27,1991,3,86,1.329405007958923
1991-03-28,1991,3,87,0.0
1991-03-29,1991,3,88,0.0
1991-03-30,1991,3,89,0.0
1991-03-31,1991,3,90,0.9139305987517449
1991-04-01,1991,4,91,0.0
1991-04-02,1991,4,92,0.0
1991-04-03,1991,4,93,0.0
1991-04-04,1991,4,94,0.0
1991-04-05,1991,4,95,0.39744336746039305
1991-04-06,1991,4,96,0.0
1991-04-07,1991,4,97,3.6831051715950536
1991-04-08,1991,4,98,0.17037418334016252
1991-04-09,1991,4,99,0.0
1991-04-10,1991,4,100,0.0
1991-04-11,1991,4,101,0.0
1991-04-12,1991,4,102,0.0
1991-04-13,1991,4,103,0.0
1991-04-14,1991,4,104,0.0
1991-04-15,1991,4,105,0.0
1991-04-16,1991,4,106,0.0
1991-04-17,1991,4,107,0.0
1991-04-18,1991,4,108,1.1373792715121664
1991-04-19,1991,4,109,0.005388546853159469
1991-04-20,1991,4,110,0.0
1991-04-21,1991,4,111,0.0
1991-04-22,1991,4,112,1.6472531067783647
1991-04-23,1991,4,113,0.0
1991-04-24,1991,4,114,0.0
1991-04-25,1991,4,115,0.0
1991-04-26,1991,4,116,1.615710599767723
1991-04-27,1991,4,117,0.09754103222972017
1991-04-28,1991,4,118,0.19166092103428584
1991-04-29,1991,4,119,12.199076457828564
1991-04-30,1991,4,120,4.8998709759246415
1991-05-01,1991,5,121,6.060734381354969
1991-05-02,1991,5,122,0.0
1991-05-03,1991,5,123,1.6421734399538115
1991-05-04,1991,5,124,0.0
1991-05-05,1991,5,125,0.0870992783919909
1991-05-06,1991,5,126,0.052594252703224584
1991-05-07,1991,5,127,1.4917333703216777
1991-05-08,1991,5,128,0.0
1991-05-09,1991,5,129,5.433891859591876
1991-05-10,1991,5,130,8.118661941527913
1991-05-11,1991,5,131,24.659968574943967
1991-05-12,1991,5,132,13.024959024753752
1991-05-13,1991,5,133,4.9222409996398016
1991-05-14,1991,5,134,8.294971719601264
1991-05-15,1991,5,135,11.33415587579683
1991-05-16,1991,5,136,2.321947851646836
1991-05-17,1991,5,137,13.337122983675078
1991-05-18,1991,5,138,5.812302573378922
1991-05-19,1991,5,139,11.367999081031419
1991-05-20,1991,5,140,4.547316315139372
1991-05-21,1991,5,141,0.08810535596800138
1991-05-22,1991,5,142,5.517611128352295
1991-05-23,1991,5,143,5.140387018266252
1991-05-24,1991,5,144,4.211034601175999
1991-05-25,1991,5,145,10.2740366788838
1991-05-26,1991,5,146,4.464191425122456
1991-05-27,1991,5,147,16.67244453172757
1991-05-28,1991,5,148,10.265745846450892
1991-05-29,1991,5,149,6.406201647302486
1991-05-30,1991,5,150,10.908843570523725
1991-05-31,1991,5,151,0.0
1991-06-01,1991,6,152,6.848241806643176
1991-06-02,1991,6,153,21.861835978025027
1991-06-03,1991,6,154,15.57244847458249
1991-06-04,1991,6,155,20.94002999438112
1991-06-05,1991,6,156,0.0
1991-06-06,1991,6,157,1.375149482524385
1991-06-07,1991,6,158,1.7860175241439284
1991-06-08,1991,6,159,6.409077850282957
1991-06-09,1991,6,160,23.076909825448407
1991-06-10,1991,6,161,4.6763962821870555
1991-06-11,1991,6,162,6.33462036432317
1991-06-12,1991,6,163,8.580653057102476
1991-06-13,1991,6,164,11.81175513214399
1991-06-14,1991,6,165,0.0
1991-06-15,1991,6,166,0.3013269562136954
1991-06-16,1991,6,167,8.32109993588955
1991-06-17,1991,6,168,0.0
1991-06-18,1991,6,169,0.021177943588426815
1991-06-19,1991,6,170,5.919882341746909
1991-06-20,1991,6,171,12.546894607527602
1991-06-21,1991,6,172,1.0775941426465936
1991-06-22,1991,6,173,11.77880546866877
1991-06-23,1991,6,174,52.703653454065545
1991-06-24,1991,6,175,10.3589972173851
1991-06-25,1991,6,176,7.9923404123196775
1991-06-26,1991,6,177,9.975155740491118
1991-06-27,1991,6,178,31.73079767284377
1991-06-28,1991,6,179,20.136289894223317
1991-06-29,1991,6,180,11.005682468618609
1991-06-30,1991,6,181,9.825556897667603
1991-07-01,1991,7,182,8.483059528860762
1991-07-02,1991,7,183,11.663486834765504
1991-07-03,1991,7,184,2.377403939853087
1991-07-04,1991,7,185,8.187778678937356
1991-07-05,1991,7,186,24.7253030807214
1991-07-06,1991,7,187,14.417731171912788
1991-07-07,1991,7,188,8.527313313120535
1991-07-08,1991,7,189,4.888307686636565
1991-07-09,1991,7,190,0.0
1991-07-10,1991,7,191,0.0
1991-07-11,1991,7,192,0.042606252426762
1991-07-12,1991,7,193,0.8579818038932259
1991-07-13,1991,7,194,0.0
1991-07-14,1991,7,195,0.0
1991-07-15,1991,7,196,0.0
1991-07-16,1991,7,197,0.19810713879962
1991-07-17,1991,7,198,0.0
1991-07-18,1991,7,199,0.01791925438469868
1991-07-19,1991,7,200,3.7195009721479773
1991-07-20,1991,7,201,0.6308944656385147
1991-07-21,1991,7,202,0.5449846225512162
1991-07-22,1991,7,203,15.867701651198086
1991-07-23,1991,7,204,0.0
1991-07-24,1991,7,205,0.0
1991-07-25,1991,7,206,0.0
1991-07-26,1991,7,207,0.08183427825378575
1991-07-27,1991,7,208,2.2269617316042547
1991-07-28,1991,7,209,0.0
1991-07-29,1991,7,210,0.0
1991-07-30,1991,7,211,0.0
1991-07-31,1991,7,212,0.005043707653918426
1991-08-01,1991,8,213,0.9063710747565995
1991-08-02,1991,8,214,0.0
1991-08-03,1991,8,215,3.6555486431771502
1991-08-04,1991,8,216,8.138711739219758
1991-08-05,1991,8,217,10.102662718694441
1991-08-06,1991,8,218,7.20574681893719
1991-08-07,1991,8,219,12.746916534559485
1991-08-08,1991,8,220,0.0
1991-08-09,1991,8,221,1.4609870269141245
1991-08-10,1991,8,222,8.529204271344316
1991-08-11,1991,8,223,0.0
1991-08-12,1991,8,224,2.5907079524583256
1991-08-13,1991,8,225,0.22694928884097626
1991-08-14,1991,8,226,0.1723395512976397
1991-08-15,1991,8,227,3.0861113660592956
1991-08-16,1991,8,228,8.329378300174854
1991-08-17,1991,8,229,1.6677495608905901
1991-08-18,1991,8,230,6.687357695468389
1991-08-19,1991,8,231,6.737567640004653
1991-08-20,1991,8,232,3.4637433313976116
1991-08-21,1991,8,233,0.025061328082178633
1991-08-22,1991,8,234,4.333938373698062
1991-08-23,1991,8,235,10.771923013906145
1991-08-24,1991,8,236,8.621854653088786
1991-08-25,1991,8,237,0.21937031973705604
1991-08-26,1991,8,238,4.425996636874469
1991-08-27,1991,8,239,0.0
1991-08-28,1991,8,240,0.0
1991-08-29,1991,8,241,0.0
1991-08-30,1991,8,242,0.3466894446833071
1991-08-31,1991,8,243,1.3176436634684798
1991-09-01,1991,9,244,1.2508473079635634
1991-09-02,1991,9,245,27.3189729602294
1991-09-03,1991,9,246,5.7856682552265735
1991-09-04,1991,9,247,4.441138287538531
1991-09-05,1991,9,248,15.58063412877159
1991-09-06,1991,9,249,22.056853791231156
1991-09-07,1991,9,250,0.0
1991-09-08,1991,9,251,0.0
1991-09-09,1991,9,252,0.0
1991-09-10,1991,9,253,0.0
1991-09-11,1991,9,254,0.0
1991-09-12,1991,9,255,0.750241309532061
1991-09-13,1991,9,256,8.668622715511992
1991-09-14,1991,9,257,11.162497184576903
1991-09-15,1991,9,258,9.002448489345236
1991-09-16,1991,9,259,0.0
1991-09-17,1991,9,260,0.0
1991-09-18,1991,9,261,0.0
1991-09-19,1991,9,262,1.3281637978737644
1991-09-20,1991,9,263,18.576621802014575
1991-09-21,1991,9,264,15.0640379971894
1991-09-22,1991,9,265,4.614639894617043
1991-09-23,1991,9,266,16.128017390090992
1991-09-24,1991,9,267,13.683236060432623
1991-09-25,1991,9,268,26.799105984999166
1991-09-26,1991,9,269,4.3343254189871265
1991-09-27,1991,9,270,14.080085112278342
1991-09-28,1991,9,271,19.2656501291548
1991-09-29,1991,9,272,0.0
1991-09-30,1991,9,273,0.0
1991-10-01,1991,10,274,0.0
1991-10-02,1991,10,275,0.3017154389604505
1991-10-03,1991,10,276,7.186812610838695
1991-10-04,1991,10,277,13.27348119740621
1991-10-05,1991,10,278,27.58158763106705
1991-10-06,1991,10,279,0.0
1991-10-07,1991,10,280,32.41006510341484
1991-10-08,1991,10,281,0.41273072854820847
1991-10-09,1991,10,282,6.86614890168034
1991-10-10,1991,10,283,0.27973483951048866
1991-10-11,1991,10,284,7.53627510140263
1991-10-12,1991,10,285,9.1400696867638
1991-10-13,1991,10,286,8.962717165166534
1991-10-14,1991,10,287,14.430262578688021
1991-10-15,1991,10,288,13.289911853214972
1991-10-16,1991,10,289,2.535732694027663
1991-10-17,1991,10,290,0.0
1991-10-18,1991,10,291,0.0
1991-10-19,1991,10,292,3.987730309201186
1991-10-20,1991,10,293,2.581687442594445
1991-10-21,1991,10,294,2.203379351048768
1991-10-22,1991,10,295,13.320941625442277
1991-10-23,1991,10,296,11.026538840653863
1991-10-24,1991,10,297,4.095116300213103
1991-10-25,1991,10,298,1.4531104526871172
1991-10-26,1991,10,299,11.821192531577521
1991-10-27,1991,10,300,0.0
1991-10-28,1991,10,301,0.003099053255390079
1991-10-29,1991,10,302,0.0
1991-10-30,1991,10,303,0.0
1991-10-31,1991,10,304,0.0
1991-11-01,1991,11,305,0.0
1991-11-02,1991,11,306,0.0
1991-11-03,1991,11,307,0.0
1991-11-04,1991,11,308,0.0
1991-11-05,1991,11,309,9.240357831695087
1991-11-06,1991,11,310,6.56834545100767
1991-11-07,1991,11,311,3.5322786329797737
1991-11-08,1991,11,312,4.571131822510265
1991-11-09,1991,11,313,0.0
1991-11-10,1991,11,314,0.0
1991-11-11,1991,11,315,0.0
1991-11-12,1991,11,316,0.0
1991-11-13,1991,11,317,0.0
1991-11-14,1991,11,318,0.0
1991-11-15,1991,11,319,0.0
1991-11-16,1991,11,320,0.0
1991-11-17,1991,11,321,0.0
1991-11-18,1991,11,322,0.0
1991-11-19,1991,11,323,3.226957453374896
1991-11-20,1991,11,324,5.759139799545644
1991-11-21,1991,11,325,0.15445593145022357
1991-11-22,1991,11,326,0.0
1991-11-23,1991,11,327,0.0
1991-11-24,1991,11,328,0.0
1991-11-25,1991,11,329,0.0
1991-11-26,1991,11,330,0.0
1991-11-27,1991,11,331,0.0
1991-11-28,1991,11,332,0.0
1991-11-29,1991,11,333,0.27600557270883597
1991-11-30,1991,11,334,0.0
1991-12-01,1991,12,335,0.0
1991-12-02,1991,12,336,0.0
1991-12-03,1991,12,337,3.880604968739046
1991-12-04,1991,12,338,22.91232800749294
1991-12-05,1991,12,339,0.0
1991-12-06,1991,12,340,0.0
1991-12-07,1991,12,341,0.0
1991-12-08,1991,12,342,0.0
1991-12-09,1991,12,343,0.0
1991-12-10,1991,12,344,0.0
1991-12-11,1991,12,345,0.0
1991-12-12,1991,12,346,0.0
1991-12-13,1991,12,347,0.0
1991-12-14,1991,12,348,0.0
1991-12-15,1991,12,349,0.0
1991-12-16,1991,12,350,0.0
1991-12-17,1991,12,351,0.0
1991-12-18,1991,12,352,0.6799478719861668
1991-12-19,1991,12,353,0.0
1991-12-20,1991,12,354,0.0
1991-12-21,1991,12,355,0.0
1991-12-22,1991,12,356,0.0
1991-12-23,1991,12,357,0.009171361456391337
1991-12-24,1991,12,358,3.0504854130714287
1991-12-25,1991,12,359,0.0
1991-12-26,1991,12,360,0.0
1991-12-27,1991,12,361,0.0
1991-12-28,1991,12,362,0.0
1991-12-29,1991,12,363,0.0
1991-12-30,1991,12,364,0.0
1991-12-31,1991,12,365,0.0
1992-01-01,1992,1,1,0.0
1992-01-02,1992,1,2,0.0
1992-01-03,1992,1,3,0.0
1992-01-04,1992,1,4,0.0
1992-01-05,1992,1,5,0.0
1992-01-06,1992,1,6,0.3591888062751692
1992-01-07,1992,1,7,0.0
1992-01-08,1992,1,8,0.0
1992-01-09,1992,1,9,0.0
1992-01-10,1992,1,10,0.0
1992-01-11,1992,1,11,0.0
1992-01-12,1992,1,12,0.0
1992-01-13,1992,1,13,0.0
1992-01-14,1992,1,14,0.5116424117725735
1992-01-15,1992,1,15,0.0
1992-01-16,1992,1,16,0.0
1992-01-17,1992,1,17,0.0
1992-01-18,1992,1,18,1.3486315824072281
1992-01-19,1992,1,19,0.0571215122095417
1992-01-20,1992,1,20,0.0
1992-01-21,1992,1,21,0.12151809395534317
1992-01-22,1992,1,22,0.29133688383308765
1992-01-23,1992,1,23,0.0
1992-01-24,1992,1,24,0.0
1992-01-25,1992,1,25,0.0
1992-01-26,1992,1,26,0.0
1992-01-27,1992,1,27,0.0
1992-01-28,1992,1,28,1.382393509072939
1992-01-29,1992,1,29,0.46180898758112726
1992-01-30,1992,1,30,0.0
1992-01-31,1992,1,31,0.0
1992-02-01,1992,2,32,0.0
1992-02-02,1992,2,33,1.0394166612992863
1992-02-03,1992,2,34,0.27821846731524236
1992-02-04,1992,2,35,0.5919345431380938
1992-02-05,1992,2,36,0.5919345431380938
1992-02-06,1992,2,37,0.8021143261142133
1992-02-07,1992,2,38,0.0
1992-02-08,1992,2,39,0.0
1992-02-09,1992,2,40,0.0
1992-02-10,1992,2,41,0.0
1992-02-11,1992,2,42,0.0
1992-02-12,1992,2,43,0.0
1992-02-13,1992,2,44,0.0
1992-02-14,1992,2,45,0.0
1992-02-15,1992,2,46,0.0
1992-02-16,1992,2,47,0.0
1992-02-17,1992,2,48,0.0
1992-02-18,1992,2,49,1.7646153509463625
1992-02-19,1992,2,50,0.0
1992-02-20,1992,2,51,0.0
1992-02-21,1992,2,52,0.0
1992-02-22,1992,2,53,2.649745101742798
1992-02-23,1992,2,54,0.06548850620109604
1992-02-24,1992,2,55,0.05886485991359472
1992-02-25,1992,2,56,0.05886485991359472
1992-02-26,1992,2,57,0.0
1992-02-27,1992,2,58,0.0
1992-02-28,1992,2,59,0.0
1992-02-29,1992,2,60,0.0
1992-03-01,1992,3,61,0.0
1992-03-02,1992,3,62,0.0
1992-03-03,1992,3,63,0.0
1992-03-04,1992,3,64,0.0
1992-03-05,1992,3,65,0.0
1992-03-06,1992,3,66,0.0
1992-03-07,1992,3,67,0.0
1992-03-08,1992,3,68,0.0
1992-03-09,1992,3,69,0.0
1992-03-10,1992,3,70,0.0
1992-03-11,1992,3,71,0.0
1992-03-12,1992,3,72,0.0
1992-03-13,1992,3,73,0.0
1992-03-14,1992,3,74,0.0
1992-03-15,1992,3,75,0.07115617815816923
1992-03-16,1992,3,76,0.4561246354148851
1992-03-17,1992,3,77,0.0
1992-03-18,1992,3,78,1.0788644969003673
1992-03-19,1992,3,79,0.0
1992-03-20,1992,3,80,0.0
1992-03-21,1992,3,81,0.0
1992-03-22,1992,3,82,0.06934816825052767
1992-03-23,1992,3,83,0.0
1992-03-24,1992,3,84,0.014685454997836574
1992-03-25,1992,3,85,3.0709392304796386
1992-03-26,1992,3,86,9.994644955885951
1992-03-27,1992,3,87,8.965735841328607
1992-03-28,1992,3,88,0.0
1992-03-29,1992,3,89,0.3001458440566533
1992-03-30,1992,3,90,7.5225699741613585
1992-03-31,1992,3,91,14.191756797633625
1992-04-01,1992,4,92,10.241722808450131
1992-04-02,1992,4,93,4.820825554717783
1992-04-03,1992,4,94,1.7969554655553956
1992-04-04,1992,4,95,0.2972528565716519
1992-04-05,1992,4,96,2.008993049615862
1992-04-06,1992,4,97,0.0
1992-04-07,1992,4,98,0.0
1992-04-08,1992,4,99,0.0
1992-04-09,1992,4,100,0.0
1992-04-10,1992,4,101,0.0
1992-04-11,1992,4,102,0.0
1992-04-12,1992,4,103,6.2115291728356405
1992-04-13,1992,4,104,0.0
1992-04-14,1992,4,105,5.549554255162945
1992-04-15,1992,4,106,0.0
1992-04-16,1992,4,107,0.0
1992-04-17,1992,4,108,0.0026035357103862617
1992-04-18,1992,4,109,0.4580808720378255
1992-04-19,1992,4,110,0.0
1992-04-20,1992,4,111,0.0
1992-04-21,1992,4,112,0.0
1992-04-22,1992,4,113,0.0
1992-04-23,1992,4,114,7.758280953588708
1992-04-24,1992,4,115,0.0
1992-04-25,1992,4,116,0.0
1992-04-26,1992,4,117,0.0
1992-04-27,1992,4,118,0.0
1992-04-28,1992,4,119,0.0
1992-04-29,1992,4,120,2.525764963288744
1992-04-30,1992,4,121,1.583250572386213
1992-05-01,1992,5,122,7.214517753299934
1992-05-02,1992,5,123,2.6579364511633696
1992-05-03,1992,5,124,0.7673937443391626
1992-05-04,1992,5,125,4.8914722349772415
1992-05-05,1992,5,126,0.0
1992-05-06,1992,5,127,0.0
1992-05-07,1992,5,128,9.328466879167204
1992-05-08,1992,5,129,0.0
1992-05-09,1992,5,130,0.0
1992-05-10,1992,5,131,1.391496704905689
1992-05-11,1992,5,132,1.0239482384618777
1992-05-12,1992,5,133,0.002372502667738417
1992-05-13,1992,5,134,0.0
1992-05-14,1992,5,135,7.601710169766842
1992-05-15,1992,5,136,1.6055791606071574
1992-05-16,1992,5,137,8.616893941557294
1992-05-17,1992,5,138,4.783271071639138
1992-05-18,1992,5,139,9.389729444655782
1992-05-19,1992,5,140,0.0
1992-05-20,1992,5,141,0.0
1992-05-21,1992,5,142,1.7071540694310303
1992-05-22,1992,5,143,7.045123779579627
1992-05-23,1992,5,144,11.012654406297075
1992-05-24,1992,5,145,7.169470768712379
1992-05-25,1992,5,146,9.582500995380203
1992-05-26,1992,5,147,4.464021237466513
1992-05-27,1992,5,148,9.539884960641183
1992-05-28,1992,5,149,4.925306655140953
1992-05-29,1992,5,150,1.7277114615801978
1992-05-30,1992,5,151,4.069180610911296
1992-05-31,1992,5,152,4.184260266426801
1992-06-01,1992,6,153,3.9748674046819605
1992-06-02,1992,6,154,8.62002655238092
1992-06-03,1992,6,155,11.538642557850228
1992-06-04,1992,6,156,5.081253628906473
1992-06-05,1992,6,157,17.65282931323734
1992-06-06,1992,6,158,0.759597511810427
1992-06-07,1992,6,159,12.519184361335656
1992-06-08,1992,6,160,12.750850816720968
1992-06-09,1992,6,161,1.5390612800200987
1992-06-10,1992,6,162,2.1695135075665997
1992-06-11,1992,6,163,7.693525848065876
1992-06-12,1992,6,164,6.938037588234732
1992-06-13,1992,6,165,19.43434698354922
1992-06-14,1992,6,166,7.0182389847314965
1992-06-15,1992,6,167,7.390849470785774
1992-06-16,1992,6,168,16.416937109539422
1992-06-17,1992,6,169,0.02742294501114219
1992-06-18,1992,6,170,3.06409419471623
1992-06-19,1992,6,171,12.947140441557845
1992-06-20,1992,6,172,23.114195455928698
1992-06-21,1992,6,173,2.245751422393394
1992-06-22,1992,6,174,24.183346315848084
1992-06-23,1992,6,175,10.841639400447855
1992-06-24,1992,6,176,7.792720447367039
1992-06-25,1992,6,177,15.544717020322446
1992-06-26,1992,6,178,17.291784190682133
1992-06-27,1992,6,179,15.996914951844202
1992-06-28,1992,6,180,14.911681368602276
1992-06-29,1992,6,181,4.102777767916878
1992-06-30,1992,6,182,10.324851535994881
1992-07-01,1992,7,183,15.403834958922287
1992-07-02,1992,7,184,5.655787384244451
1992-07-03,1992,7,185,26.98188183219799
1992-07-04,1992,7,186,0.0
1992-07-05,1992,7,187,0.0
1992-07-06,1992,7,188,3.81159345732863
1992-07-07,1992,7,189,2.8640038943127273
1992-07-08,1992,7,190,10.167537395322842
1992-07-09,1992,7,191,0.0
1992-07-10,1992,7,192,3.21990353691343
1992-07-11,1992,7,193,14.03975962325867
1992-07-12,1992,7,194,9.750498653581843
1992-07-13,1992,7,195,11.602187878061997
1992-07-14,1992,7,196,6.931960017025318
1992-07-15,1992,7,197,0.0012109214256436987
1992-07-16,1992,7,198,0.8869242786646094
1992-07-17,1992,7,199,8.03930836216241
1992-07-18,1992,7,200,0.0
1992-07-19,1992,7,201,3.451031236589313
1992-07-20,1992,7,202,2.335183509619908
1992-07-21,1992,7,203,0.002283072870004453
1992-07-22,1992,7,204,1.0558618842380723
1992-07-23,1992,7,205,11.68426994840202
1992-07-24,1992,7,206,0.24047418629500023
1992-07-25,1992,7,207,8.368789623359788
1992-07-26,1992,7,208,8.769403086070229
1992-07-27,1992,7,209,0.0
1992-07-28,1992,7,210,6.120120515451538
1992-07-29,1992,7,211,0.3186572717619228
1992-07-30,1992,7,212,1.647643972791559
1992-07-31,1992,7,213,7.257080286000669
1992-08-01,1992,8,214,4.5114807545270486
1992-08-02,1992,8,215,0.0
1992-08-03,1992,8,216,1.5224925430799614
1992-08-04,1992,8,217,9.826726447034313
1992-08-05,1992,8,218,5.499229536264904
1992-08-06,1992,8,219,1.811488837999673
1992-08-07,1992,8,220,7.35950087224099
1992-08-08,1992,8,221,12.499319904261199
1992-08-09,1992,8,222,1.8023773148821889
1992-08-10,1992,8,223,13.278733716730185
1992-08-11,1992,8,224,7.505678598658081
1992-08-12,1992,8,225,17.456905974214063
1992-08-13,1992,8,226,29.93807968014616
1992-08-14,1992,8,227,5.9209861488759055
1992-08-15,1992,8,228,1.8747592824283785
1992-08-16,1992,8,229,6.826159347707428
1992-08-17,1992,8,230,5.404411579465497
1992-08-18,1992,8,231,0.0
1992-08-19,1992,8,232,1.5696366888494093
1992-08-20,1992,8,233,1.6606819581658594
1992-08-21,1992,8,234,2.8336094051931484
1992-08-22,1992,8,235,6.250081558817966
1992-08-23,1992,8,236,6.294162914297369
1992-08-24,1992,8,237,0.0
1992-08-25,1992,8,238,0.5827206609692446
1992-08-26,1992,8,239,13.541648133146325
1992-08-27,1992,8,240,1.4054225276143713
1992-08-28,1992,8,241,0.0
1992-08-29,1992,8,242,2.5359188384650198
1992-08-30,1992,8,243,0.0
1992-08-31,1992,8,244,0.022145596036772085
1992-09-01,1992,9,245,4.761617373991136
1992-09-02,1992,9,246,0.053814972989459066
1992-09-03,1992,9,247,4.781503014617633
1992-09-04,1992,9,248,8.159092198709391
1992-09-05,1992,9,249,4.18673203480785
1992-09-06,1992,9,250,20.124108355987143
1992-09-07,1992,9,251,0.0
1992-09-08,1992,9,252,0.0
1992-09-09,1992,9,253,0.0
1992-09-10,1992,9,254,16.80327588610907
1992-09-11,1992,9,255,26.222825097956
1992-09-12,1992,9,256,0.23276410515531068
1992-09-13,1992,9,257,12.97064006287723
1992-09-14,1992,9,258,0.8213104061724901
1992-09-15,1992,9,259,2.7633563206557445
1992-09-16,1992,9,260,5.848564116946632
1992-09-17,1992,9,261,5.487574908042832
1992-09-18,1992,9,262,4.003873987083468
1992-09-19,1992,9,263,11.478961606105377
1992-09-20,1992,9,264,9.74798676532461
1992-09-21,1992,9,265,0.0
1992-09-22,1992,9,266,3.1900477366459707
1992-09-23,1992,9,267,4.184751514297525
1992-09-24,1992,9,268,1.895634258518693
1992-09-25,1992,9,269,2.7351618640527016
1992-09-26,1992,9,270,9.1743784604567
1992-09-27,1992,9,271,3.6234399733016307
1992-09-28,1992,9,272,20.31818856044825
1992-09-29,1992,9,273,26.79116157782619
1992-09-30,1992,9,274,2.064086358161083
1992-10-01,1992,10,275,33.04321862002572
1992-10-02,1992,10,276,25.695890214571918
1992-10-03,1992,10,277,0.0
1992-10-04,1992,10,278,8.723879238837993
1992-10-05,1992,10,279,2.701243880271095
1992-10-06,1992,10,280,8.9227196878108
1992-10-07,1992,10,281,2.2732520334314055
1992-10-08,1992,10,282,0.20620613580293504
1992-10-09,1992,10,283,0.0
1992-10-10,1992,10,284,9.61711678079999
1992-10-11,1992,10,285,0.0
1992-10-12,1992,10,286,0.0
1992-10-13,1992,10,287,0.03346049775398993
1992-10-14,1992,10,288,0.6482305289744922
1992-10-15,1992,10,289,0.0
1992-10-16,1992,10,290,0.0
1992-10-17,1992,10,291,0.0
1992-10-18,1992,10,292,3.858005356461755
1992-10-19,1992,10,293,0.061845535995006154
1992-10-20,1992,10,294,9.051089278427883
1992-10-21,1992,10,295,0.45907765090618774
1992-10-22,1992,10,296,13.307346016296282
1992-10-23,1992,10,297,7.936515158736614
1992-10-24,1992,10,298,0.1403691259427467
1992-10-25,1992,10,299,5.895577662503914
1992-10-26,1992,10,300,9.335003551347908
1992-10-27,1992,10,301,7.994862370135545
1992-10-28,1992,10,302,5.780955759193925
1992-10-29,1992,10,303,0.0
1992-10-30,1992,10,304,7.931876286238611
1992-10-31,1992,10,305,2.7135783216845
1992-11-01,1992,11,306,8.720892792495786
1992-11-02,1992,11,307,4.886399665191425
1992-11-03,1992,11,308,4.747909448396067
1992-11-04,1992,11,309,5.354712199327163
1992-11-05,1992,11,310,4.660218387867716
1992-11-06,1992,11,311,9.3877568335337
1992-11-07,1992,11,312,3.4536023851685176
1992-11-08,1992,11,313,2.631491011166634
1992-11-09,1992,11,314,2.2166237711344605
1992-11-10,1992,11,315,0.6846424845823796
1992-11-11,1992,11,316,0.0
1992-11-12,1992,11,317,3.9809241183006367
1992-11-13,1992,11,318,0.0
1992-11-14,1992,11,319,0.0
1992-11-15,1992,11,320,3.749470607940213
1992-11-16,1992,11,321,9.960195506140014
1992-11-17,1992,11,322,9.714026165601016
1992-11-18,1992,11,323,1.7200443264042709
1992-11-19,1992,11,324,1.1808372114393175
1992-11-20,1992,11,325,0.0
1992-11-21,1992,11,326,0.0
1992-11-22,1992,11,327,0.0
1992-11-23,1992,11,328,0.0
1992-11-24,1992,11,329,1.1026641973186584
1992-11-25,1992,11,330,8.275742629448775
1992-11-26,1992,11,331,0.0
1992-11-27,1992,11,332,0.9206274850509469
1992-11-28,1992,11,333,3.2537410841758376
1992-11-29,1992,11,334,2.83059094216748
1992-11-30,1992,11,335,0.0
1992-12-01,1992,12,336,0.0
1992-12-02,1992,12,337,2.085807050152936
1992-12-03,1992,12,338,0.0
1992-12-04,1992,12,339,0.0
1992-12-05,1992,12,340,0.0
1992-12-06,1992,12,341,0.0
1992-12-07,1992,12,342,0.032717592714174036
1992-12-08,1992,12,343,1.9865531322786518
1992-12-09,1992,12,344,0.0
1992-12-10,1992,12,345,0.0
1992-12-11,1992,12,346,0.31611367592774814
1992-12-12,1992,12,347,0.0
1992-12-13,1992,12,348,2.1344109182186175
1992-12-14,1992,12,349,0.0
1992-12-15,1992,12,350,0.0
1992-12-16,1992,12,351,0.0
1992-12-17,1992,12,352,0.0
1992-12-18,1992,12,353,0.0
1992-12-19,1992,12,354,0.0
1992-12-20,1992,12,355,0.0
1992-12-21,1992,12,356,0.0
1992-12-22,1992,12,357,0.0
1992-12-23,1992,12,358,0.0
1992-12-24,1992,12,359,0.0
1992-12-25,1992,12,360,0.0
1992-12-26,1992,12,361,1.2664620730237461
1992-12-27,1992,12,362,0.11139962605768121
1992-12-28,1992,12,363,0.0
1992-12-29,1992,12,364,0.0
1992-12-30,1992,12,365,6.331334816765969
1992-12-31,1992,12,366,0.0
1993-01-01,1993,1,1,0.0
1993-01-02,1993,1,2,0.0
1993-01-03,1993,1,3,0.0
1993-01-04,1993,1,4,0.0
1993-01-05,1993,1,5,0.723337796476016
1993-01-06,1993,1,6,2.395272586855403
1993-01-07,1993,1,7,2.653021509538069
1993-01-08,1993,1,8,0.0
1993-01-09,1993,1,9,0.0
1993-01-10,1993,1,10,0.0
1993-01-11,1993,1,11,0.0
1993-01-12,1993,1,12,0.639794937749142
1993-01-13,1993,1,13,0.0672927675026548
1993-01-14,1993,1,14,0.5773221243112232
1993-01-15,1993,1,15,1.1913848298170062
1993-01-16,1993,1,16,0.38214762534406727
1993-01-17,1993,1,17,0.0
1993-01-18,1993,1,18,0.0
1993-01-19,1993,1,19,0.0
1993-01-20,1993,1,20,0.0
1993-01-21,1993,1,21,0.0
1993-01-22,1993,1,22,0.0
1993-01-23,1993,1,23,0.05857606920403297
1993-01-24,1993,1,24,1.060934905323496
1993-01-25,1993,1,25,0.7203607117404465
1993-01-26,1993,1,26,0.9855094134756512
1993-01-27,1993,1,27,0.0
1993-01-28,1993,1,28,0.0
1993-01-29,1993,1,29,0.0
1993-01-30,1993,1,30,0.0
1993-01-31,1993,1,31,0.0
1993-02-01,1993,2,32,0.0
1993-02-02,1993,2,33,0.0
1993-02-03,1993,2,34,0.0
1993-02-04,1993,2,35,0.0
1993-02-05,1993,2,36,0.0
1993-02-06,1993,2,37,0.0
1993-02-07,1993,2,38,0.0
1993-02-08,1993,2,39,0.0
1993-02-09,1993,2,40,0.317180801275559
1993-02-10,1993,2,41,0.608811856235514
1993-02-11,1993,2,42,0.0
1993-02-12,1993,2,43,0.0
1993-02-13,1993,2,44,0.0
1993-02-14,1993,2,45,0.0
1993-02-15,1993,2,46,2.3150131080839094
1993-02-16,1993,2,47,0.0
1993-02-17,1993,2,48,0.0
1993-02-18,1993,2,49,0.0
1993-02-19,1993,2,50,0.0
1993-02-20,1993,2,51,3.283452729843781
1993-02-21,1993,2,52,0.0
1993-02-22,1993,2,53,0.0
1993-02-23,1993,2,54,0.0
1993-02-24,1993,2,55,0.0
1993-02-25,1993,2,56,1.0630573451059337
1993-02-26,1993,2,57,0.9985407883015676
1993-02-27,1993,2,58,0.0
1993-02-28,1993,2,59,0.0
1993-03-01,1993,3,60,0.0
1993-03-02,1993,3,61,0.0
1993-03-03,1993,3,62,0.0
1993-03-04,1993,3,63,0.0
1993-03-05,1993,3,64,0.0
1993-03-06,1993,3,65,3.5161501172524594
1993-03-07,1993,3,66,1.5818400944694047
1993-03-08,1993,3,67,0.7139524051978635
1993-03-09,1993,3,68,0.0
1993-03-10,1993,3,69,0.13465194699083932
1993-03-11,1993,3,70,0.0
1993-03-12,1993,3,71,0.0
1993-03-13,1993,3,72,0.0
1993-03-14,1993,3,73,0.0
1993-03-15,1993,3,74,10.794670906757434
1993-03-16,1993,3,75,7.553450926819109
1993-03-17,1993,3,76,0.0
1993-03-18,1993,3,77,0.0
1993-03-19,1993,3,78,0.0
1993-03-20,1993,3,79,0.0
1993-03-21,1993,3,80,0.0
1993-03-22,1993,3,81,0.0
1993-03-23,1993,3,82,0.0
1993-03-24,1993,3,83,0.0
1993-03-25,1993,3,84,0.031984366406307536
1993-03-26,1993,3,85,5.514825246200259
1993-03-27,1993,3,86,2.7501772832390383
1993-03-28,1993,3,87,3.0088035631302392
1993-03-29,1993,3,88,3.173972345103335
1993-03-30,1993,3,89,0.0
1993-03-31,1993,3,90,0.0
1993-04-01,1993,4,91,0.11759320455631234
1993-04-02,1993,4,92,0.4092180077960171
1993-04-03,1993,4,93,0.08928982241856512
1993-04-04,1993,4,94,0.0
1993-04-05,1993,4,95,0.0012316122817094244
1993-04-06,1993,4,96,0.0
1993-04-07,1993,4,97,8.693139398210358
1993-04-08,1993,4,98,0.0
1993-04-09,1993,4,99,2.09063467161208
1993-04-10,1993,4,100,2.3766674961968173
1993-04-11,1993,4,101,5.513819408855994
1993-04-12,1993,4,102,0.0
1993-04-13,1993,4,103,0.1669799476581041
1993-04-14,1993,4,104,8.780181270076765
1993-04-15,1993,4,105,0.0
1993-04-16,1993,4,106,0.0
1993-04-17,1993,4,107,0.0
1993-04-18,1993,4,108,4.38550943984062
1993-04-19,1993,4,109,7.845889353609125
1993-04-20,1993,4,110,7.293570958505662
1993-04-21,1993,4,111,4.792145378332211
1993-04-22,1993,4,112,11.192101983913727
1993-04-23,1993,4,113,0.06269468113001127
1993-04-24,1993,4,114,4.664189627462712
1993-04-25,1993,4,115,0.0
1993-04-26,1993,4,116,4.219495049274775
1993-04-27,1993,4,117,0.0
1993-04-28,1993,4,118,0.0
1993-04-29,1993,4,119,1.7957405429062112
1993-04-30,1993,4,120,3.4627246459325156
1993-05-01,1993,5,121,0.15427686826939652
1993-05-02,1993,5,122,5.22326856192709
1993-05-03,1993,5,123,4.84124125337233
1993-05-04,1993,5,124,2.648336573247738
1993-05-05,1993,5,125,13.234526071828355
1993-05-06,1993,5,126,6.320841685358848
1993-05-07,1993,5,127,0.08345583798850616
1993-05-08,1993,5,128,10.470878493407904
1993-05-09,1993,5,129,9.500087549876431
1993-05-10,1993,5,130,3.7699637630604843
1993-05-11,1993,5,131,9.321011960148914
1993-05-12,1993,5,132,0.0
1993-05-13,1993,5,133,4.132220076207126
1993-05-14,1993,5,134,8.011686607007809
1993-05-15,1993,5,135,11.12517445590012
1993-05-16,1993,5,136,17.215795164345266
1993-05-17,1993,5,137,0.0
1993-05-18,1993,5,138,5.7759809559394695
1993-05-19,1993,5,139,13.822364935020964
1993-05-20,1993,5,140,14.186554082255132
1993-05-21,1993,5,141,6.272295159872721
1993-05-22,1993,5,142,4.4932349888606264
1993-05-23,1993,5,143,5.55518385213772
1993-05-24,1993,5,144,4.757030875231328
1993-05-25,1993,5,145,0.020991445813509983
1993-05-26,1993,5,146,6.978166687968662
1993-05-27,1993,5,147,8.70332091229536
1993-05-28,1993,5,148,3.126158192000434
1993-05-29,1993,5,149,5.492760698919942
1993-05-30,1993,5,150,5.270927292624395
1993-05-31,1993,5,151,7.3821880231071155
1993-06-01,1993,6,152,0.08025102321163856
1993-06-02,1993,6,153,0.16994928026567083
1993-06-03,1993,6,154,0.9190572307675745
1993-06-04,1993,6,155,8.427177752964296
1993-06-05,1993,6,156,5.420593885856504
1993-06-06,1993,6,157,21.669765562712893
1993-06-07,1993,6,158,0.0
1993-06-08,1993,6,159,0.10731972316032613
1993-06-09,1993,6,160,0.0
1993-06-10,1993,6,161,0.0
1993-06-11,1993,6,162,0.0
1993-06-12,1993,6,163,0.64682262865212
1993-06-13,1993,6,164,15.085950364592552
1993-06-14,1993,6,165,2.982842542007629
1993-06-15,1993,6,166,29.419358908261824
1993-06-16,1993,6,167,3.856826669146285
1993-06-17,1993,6,168,19.654253803161644
1993-06-18,1993,6,169,0.23737364808207617
1993-06-19,1993,6,170,35.491173960351496
1993-06-20,1993,6,171,24.213410845554677
1993-06-21,1993,6,172,18.88900533065698
1993-06-22,1993,6,173,9.273992181845781
1993-06-23,1993,6,174,5.2028660758397685
1993-06-24,1993,6,175,13.908251059596724
1993-06-25,1993,6,176,4.939275073974482
1993-06-26,1993,6,177,0.0
1993-06-27,1993,6,178,31.788866117251867
1993-06-28,1993,6,179,20.152972350288067
1993-06-29,1993,6,180,24.99928506950895
1993-06-30,1993,6,181,14.085992630670084
1993-07-01,1993,7,182,4.033068516056254
1993-07-02,1993,7,183,12.767507422859072
1993-07-03,1993,7,184,5.646558708172122
1993-07-04,1993,7,185,26.889061865279487
1993-07-05,1993,7,186,28.770903477019086
1993-07-06,1993,7,187,3.5032606400683486
1993-07-07,1993,7,188,9.776824694161958
1993-07-08,1993,7,189,0.17039214696451038
1993-07-09,1993,7,190,12.286884226345462
1993-07-10,1993,7,191,16.89193654121654
1993-07-11,1993,7,192,6.044415365454471
1993-07-12,1993,7,193,0.026430120275075762
1993-07-13,1993,7,194,0.0
1993-07-14,1993,7,195,1.4899792188288519
1993-07-15,1993,7,196,2.106717337372983
1993-07-16,1993,7,197,0.025016684765067996
1993-07-17,1993,7,198,0.0
1993-07-18,1993,7,199,0.0013136857579483779
1993-07-19,1993,7,200,0.03180949271184926
1993-07-20,1993,7,201,6.857324732912844
1993-07-21,1993,7,202,0.07977282128838668
1993-07-22,1993,7,203,1.8910741952073142
1993-07-23,1993,7,204,0.08014913909488391
1993-07-24,1993,7,205,0.07987545342555696
1993-07-25,1993,7,206,0.07226371523806858
1993-07-26,1993,7,207,7.8358371883962725
1993-07-27,1993,7,208,9.068985364328823
1993-07-28,1993,7,209,8.070575008049111
1993-07-29,1993,7,210,4.9716601569936545
1993-07-30,1993,7,211,4.017622638739576
1993-07-31,1993,7,212,7.462500184646711
1993-08-01,1993,8,213,2.7098269564224897
1993-08-02,1993,8,214,3.6019077444035674
1993-08-03,1993,8,215,5.236996443841635
1993-08-04,1993,8,216,2.3125523520823514
1993-08-05,1993,8,217,2.5765399981382675
1993-08-06,1993,8,218,8.10223419602957
1993-08-07,1993,8,219,16.587388172247724
1993-08-08,1993,8,220,1.236019397558263
1993-08-09,1993,8,221,1.1306036139719489
1993-08-10,1993,8,222,3.3643914508124957
1993-08-11,1993,8,223,0.29439636000017894
1993-08-12,1993,8,224,0.0
1993-08-13,1993,8,225,6.19945697316576
1993-08-14,1993,8,226,15.34871587072975
1993-08-15,1993,8,227,11.163109016398028
1993-08-16,1993,8,228,21.669036062333763
1993-08-17,1993,8,229,22.46603851596208
1993-08-18,1993,8,230,5.840622977609806
1993-08-19,1993,8,231,18.940598203467836
1993-08-20,1993,8,232,8.908319116455937
1993-08-21,1993,8,233,10.142751649392396
1993-08-22,1993,8,234,5.8849122192273295
1993-08-23,1993,8,235,0.0
1993-08-24,1993,8,236,4.276476709374833
1993-08-25,1993,8,237,4.082112336220042
1993-08-26,1993,8,238,23.024652037338615
1993-08-27,1993,8,239,3.1543240042558165
1993-08-28,1993,8,240,3.692599236505504
1993-08-29,1993,8,241,2.731787366139756
1993-08-30,1993,8,242,17.386396253834242
1993-08-31,1993,8,243,25.94979581285361
1993-09-01,1993,9,244,12.355437417058937
1993-09-02,1993,9,245,4.41138608923506
1993-09-03,1993,9,246,2.079994939593239
1993-09-04,1993,9,247,21.243318201030746
1993-09-05,1993,9,248,0.6778784784988756
1993-09-06,1993,9,249,1.3464301672365897
1993-09-07,1993,9,250,23.306536220952605
1993-09-08,1993,9,251,3.4194021975779596
1993-09-09,1993,9,252,7.8309043708170405
1993-09-10,1993,9,253,17.048418999126866
1993-09-11,1993,9,254,0.5221563022976363
1993-09-12,1993,9,255,0.8516612944688772
1993-09-13,1993,9,256,7.869351734130323
1993-09-14,1993,9,257,8.515142205646127
1993-09-15,1993,9,258,5.765413676252096
1993-09-16,1993,9,259,11.308554860906103
1993-09-17,1993,9,260,5.178827645641776
1993-09-18,1993,9,261,1.2437579650192456
1993-09-19,1993,9,262,18.66998485856926
1993-09-20,1993,9,263,32.032966821849506
1993-09-21,1993,9,264,12.953957036099276
1993-09-22,1993,9,265,12.445277742677604
1993-09-23,1993,9,266,5.056785973709877
1993-09-24,1993,9,267,3.025100764496876
1993-09-25,1993,9,268,3.018335610653666
1993-09-26,1993,9,269,23.59798601374426
1993-09-27,1993,9,270,16.575072572899355
1993-09-28,1993,9,271,18.11804429649183
1993-09-29,1993,9,272,3.642218593255823
1993-09-30,1993,9,273,0.0
1993-10-01,1993,10,274,0.0
1993-10-02,1993,10,275,26.356581218853506
1993-10-03,1993,10,276,11.549091184455918
1993-10-04,1993,10,277,15.810156422490838
1993-10-05,1993,10,278,4.280853864772767
1993-10-06,1993,10,279,3.1608910796830263
1993-10-07,1993,10,280,1.7765186636388661
1993-10-08,1993,10,281,2.8690060781635784
1993-10-09,1993,10,282,1.490013876963397
1993-10-10,1993,10,283,2.5550077238855144
1993-10-11,1993,10,284,8.059514410698014
1993-10-12,1993,10,285,0.9797923052372236
1993-10-13,1993,10,286,4.831616868447727
1993-10-14,1993,10,287,4.110708398781175
1993-10-15,1993,10,288,6.661966261745214
1993-10-16,1993,10,289,7.94184354328149
1993-10-17,1993,10,290,5.442755916993028
1993-10-18,1993,10,291,7.000998878642445
1993-10-19,1993,10,292,5.102693908318763
1993-10-20,1993,10,293,2.5749103158789
1993-10-21,1993,10,294,2.9013043409652353
1993-10-22,1993,10,295,1.33527154496519
1993-10-23,1993,10,296,1.1941023505234576
1993-10-24,1993,10,297,2.425364357059393
1993-10-25,1993,10,298,6.753405285116538
1993-10-26,1993,10,299,18.354883210109453
1993-10-27,1993,10,300,10.137063335126145
1993-10-28,1993,10,301,3.4802277930904477
1993-10-29,1993,10,302,13.79700149392714
1993-10-30,1993,10,303,0.06285340538776728
1993-10-31,1993,10,304,14.370031620716585
1993-11-01,1993,11,305,0.0
1993-11-02,1993,11,306,0.0
1993-11-03,1993,11,307,0.0
1993-11-04,1993,11,308,0.0
1993-11-05,1993,11,309,0.0
1993-11-06,1993,11,310,0.0
1993-11-07,1993,11,311,0.0
1993-11-08,1993,11,312,9.860491938640036
1993-11-09,1993,11,313,0.0
1993-11-10,1993,11,314,0.0
1993-11-11,1993,11,315,0.0
1993-11-12,1993,11,316,0.0
1993-11-13,1993,11,317,0.0
1993-11-14,1993,11,318,7.817020477345589
1993-11-15,1993,11,319,0.0
1993-11-16,1993,11,320,0.0
1993-11-17,1993,11,321,0.20822316913800867
1993-11-18,1993,11,322,0.03175669300729838
1993-11-19,1993,11,323,0.0
1993-11-20,1993,11,324,3.2342102176732452
1993-11-21,1993,11,325,2.4588979848603874
1993-11-22,1993,11,326,3.892481300114769
1993-11-23,1993,11,327,0.0
1993-11-24,1993,11,328,0.0
1993-11-25,1993,11,329,0.0
1993-11-26,1993,11,330,0.0
1993-11-27,1993,11,331,0.0
1993-11-28,1993,11,332,0.0
1993-11-29,1993,11,333,0.0
1993-11-30,1993,11,334,0.0
1993-12-01,1993,12,335,2.8238721541492167
1993-12-02,1993,12,336,0.0
1993-12-03,1993,12,337,0.0
1993-12-04,1993,12,338,0.22249209982979068
1993-12-05,1993,12,339,0.4757940046482854
1993-12-06,1993,12,340,0.0
1993-12-07,1993,12,341,0.0
1993-12-08,1993,12,342,0.0
1993-12-09,1993,12,343,0.0
1993-12-10,1993,12,344,0.0
1993-12-11,1993,12,345,0.0
1993-12-12,1993,12,346,2.1322282318795147
1993-12-13,1993,12,347,0.0
1993-12-14,1993,12,348,0.0
1993-12-15,1993,12,349,0.0
1993-12-16,1993,12,350,0.0
1993-12-17,1993,12,351,0.0
1993-12-18,1993,12,352,0.0
1993-12-19,1993,12,353,0.0
1993-12-20,1993,12,354,0.0
1993-12-21,1993,12,355,0.0
1993-12-22,1993,12,356,0.0
1993-12-23,1993,12,357,0.0962378241204766
1993-12-24,1993,12,358,0.0
1993-12-25,1993,12,359,3.4631444832761775
1993-12-26,1993,12,360,0.0
1993-12-27,1993,12,361,0.0
1993-12-28,1993,12,362,0.0
1993-12-29,1993,12,363,0.0
1993-12-30,1993,12,364,0.7425504027009521
1993-12-31,1993,12,365,0.0
1994-01-01,1994,1,1,0.0
1994-01-02,1994,1,2,0.0
1994-01-03,1994,1,3,0.0
1994-01-04,1994,1,4,0.0
1994-01-05,1994,1,5,0.12010961612678533
1994-01-06,1994,1,6,0.0
1994-01-07,1994,1,7,0.0
1994-01-08,1994,1,8,0.0
1994-01-09,1994,1,9,0.0016722317526456938
1994-01-10,1994,1,10,0.20467501781695707
1994-01-11,1994,1,11,0.0
1994-01-12,1994,1,12,0.0
1994-01-13,1994,1,13,0.0
1994-01-14,1994,1,14,0.0
1994-01-15,1994,1,15,0.5647351188136659
1994-01-16,1994,1,16,0.4108199663109114
1994-01-17,1994,1,17,2.428647335155867
1994-01-18,1994,1,18,2.141336163344706
1994-01-19,1994,1,19,0.0
1994-01-20,1994,1,20,0.0
1994-01-21,1994,1,21,0.0
1994-01-22,1994,1,22,0.0
1994-01-23,1994,1,23,0.0
1994-01-24,1994,1,24,0.0
1994-01-25,1994,1,25,0.0
1994-01-26,1994,1,26,0.0
1994-01-27,1994,1,27,0.0
1994-01-28,1994,1,28,0.0
1994-01-29,1994,1,29,0.0
1994-01-30,1994,1,30,0.12256565559799079
1994-01-31,1994,1,31,1.5527099068591814
1994-02-01,1994,2,32,0.2317075802918265
1994-02-02,1994,2,33,0.0
1994-02-03,1994,2,34,0.0
1994-02-04,1994,2,35,0.0
1994-02-05,1994,2,36,0.0
1994-02-06,1994,2,37,0.0
1994-02-07,1994,2,38,0.0
1994-02-08,1994,2,39,0.0
1994-02-09,1994,2,40,0.0
1994-02-10,1994,2,41,0.0
1994-02-11,1994,2,42,2.877009700737964
1994-02-12,1994,2,43,0.0
1994-02-13,1994,2,44,0.9324593100674455
1994-02-14,1994,2,45,0.0
1994-02-15,1994,2,46,0.0
1994-02-16,1994,2,47,0.0
1994-02-17,1994,2,48,0.0
1994-02-18,1994,2,49,2.380646011925397
1994-02-19,1994,2,50,0.2442195139691272
1994-02-20,1994,2,51,0.0
1994-02-21,1994,2,52,0.4014849846651131
1994-02-22,1994,2,53,0.0
1994-02-23,1994,2,54,0.0
1994-02-24,1994,2,55,0.0
1994-02-25,1994,2,56,0.0
1994-02-26,1994,2,57,1.8731832492014435
1994-02-27,1994,2,58,0.0
1994-02-28,1994,2,59,0.0
1994-03-01,1994,3,60,0.0
1994-03-02,1994,3,61,0.0
1994-03-03,1994,3,62,0.0
1994-03-04,1994,3,63,0.0
1994-03-05,1994,3,64,0.0
1994-03-06,1994,3,65,0.0
1994-03-07,1994,3,66,0.0
1994-03-08,1994,3,67,0.0
1994-03-09,1994,3,68,0.0
1994-03-10,1994,3,69,0.0
1994-03-11,1994,3,70,0.0
1994-03-12,1994,3,71,5.599297523498535
1994-03-13,1994,3,72,0.0
1994-03-14,1994,3,73,0.0
1994-03-15,1994,3,74,0.0
1994-03-16,1994,3,75,4.3457886471948575
1994-03-17,1994,3,76,0.0
1994-03-18,1994,3,77,0.0
1994-03-19,1994,3,78,0.0
1994-03-20,1994,3,79,0.0
1994-03-21,1994,3,80,0.0
1994-03-22,1994,3,81,0.0
1994-03-23,1994,3,82,0.0
1994-03-24,1994,3,83,0.0
1994-03-25,1994,3,84,0.0
1994-03-26,1994,3,85,0.0
1994-03-27,1994,3,86,0.0
1994-03-28,1994,3,87,0.0
1994-03-29,1994,3,88,0.0
1994-03-30,1994,3,89,0.0
1994-03-31,1994,3,90,10.534113342678229
1994-04-01,1994,4,91,3.391654086194696
1994-04-02,1994,4,92,0.0
1994-04-03,1994,4,93,0.0
1994-04-04,1994,4,94,0.0
1994-04-05,1994,4,95,0.0
1994-04-06,1994,4,96,0.0
1994-04-07,1994,4,97,0.0
1994-04-08,1994,4,98,0.0
1994-04-09,1994,4,99,0.0
1994-04-10,1994,4,100,1.163374906180757
1994-04-11,1994,4,101,0.0
1994-04-12,1994,4,102,0.0
1994-04-13,1994,4,103,0.0
1994-04-14,1994,4,104,0.0
1994-04-15,1994,4,105,0.0
1994-04-16,1994,4,106,0.0
1994-04-17,1994,4,107,0.0
1994-04-18,1994,4,108,0.44366910619519156
1994-04-19,1994,4,109,0.0
1994-04-20,1994,4,110,0.6899444781365105
1994-04-21,1994,4,111,0.12320251467908258
1994-04-22,1994,4,112,8.207624733396953
1994-04-23,1994,4,113,4.1928306916583375
1994-04-24,1994,4,114,7.927822979219774
1994-04-25,1994,4,115,4.382614751912225
1994-04-26,1994,4,116,0.7308104776273758
1994-04-27,1994,4,117,3.5810844233226042
1994-04-28,1994,4,118,0.02290361230967897
1994-04-29,1994,4,119,7.522487429236386
1994-04-30,1994,4,120,0.6561173097435593
1994-05-01,1994,5,121,0.0
1994-05-02,1994,5,122,0.0
1994-05-03,1994,5,123,0.0
1994-05-04,1994,5,124,0.0
1994-05-05,1994,5,125,0.7557119930413614
1994-05-06,1994,5,126,0.0
1994-05-07,1994,5,127,11.90512638012364
1994-05-08,1994,5,128,0.0
1994-05-09,1994,5,129,0.3639695291960454
1994-05-10,1994,5,130,0.0
1994-05-11,1994,5,131,8.65812749518425
1994-05-12,1994,5,132,7.763785942099293
1994-05-13,1994,5,133,10.667656089775363
1994-05-14,1994,5,134,5.386413731019316
1994-05-15,1994,5,135,6.630210662868766
1994-05-16,1994,5,136,2.6412325180179557
1994-05-17,1994,5,137,6.82833485380645
1994-05-18,1994,5,138,28.375452243883384
1994-05-19,1994,5,139,0.7424503455533875
1994-05-20,1994,5,140,13.865768992911065
1994-05-21,1994,5,141,11.100579682536482
1994-05-22,1994,5,142,11.18504899949627
1994-05-23,1994,5,143,3.8533878109857587
1994-05-24,1994,5,144,0.0
1994-05-25,1994,5,145,0.0
1994-05-26,1994,5,146,0.0
1994-05-27,1994,5,147,0.0
1994-05-28,1994,5,148,0.04471106108376994
1994-05-29,1994,5,149,4.838722002536901
1994-05-30,1994,5,150,9.248410390193584
1994-05-31,1994,5,151,8.666137917080597
1994-06-01,1994,6,152,11.551418157755666
1994-06-02,1994,6,153,15.503385409189276
1994-06-03,1994,6,154,4.415044349794624
1994-06-04,1994,6,155,13.432738490970909
1994-06-05,1994,6,156,2.354591605340505
1994-06-06,1994,6,157,14.236137682490607
1994-06-07,1994,6,158,12.981601588625937
1994-06-08,1994,6,159,11.235157611539654
1994-06-09,1994,6,160,6.560919010904782
1994-06-10,1994,6,161,9.607776021283204
1994-06-11,1994,6,162,0.8903295237893414
1994-06-12,1994,6,163,16.90425414516054
1994-06-13,1994,6,164,0.2676549499220795
1994-06-14,1994,6,165,5.953950545270932
1994-06-15,1994,6,166,0.0
1994-06-16,1994,6,167,0.0
1994-06-17,1994,6,168,3.7484059952320763
1994-06-18,1994,6,169,7.309313538244064
1994-06-19,1994,6,170,3.4922294126378226
1994-06-20,1994,6,171,11.355226591497582
1994-06-21,1994,6,172,11.21753046148949
1994-06-22,1994,6,173,10.41851564943024
1994-06-23,1994,6,174,0.0
1994-06-24,1994,6,175,2.8259284426845235
1994-06-25,1994,6,176,0.04884932464070063
1994-06-26,1994,6,177,3.2236879410760055
1994-06-27,1994,6,178,0.0
1994-06-28,1994,6,179,5.802577532451174
1994-06-29,1994,6,180,0.0
1994-06-30,1994,6,181,7.371278939179714
1994-07-01,1994,7,182,2.2120147310165432
1994-07-02,1994,7,183,6.980952421824138
1994-07-03,1994,7,184,16.519297985511656
1994-07-04,1994,7,185,0.15533965872002142
1994-07-05,1994,7,186,0.004178363130760684
1994-07-06,1994,7,187,4.49308061834677
1994-07-07,1994,7,188,2.8450148278255183
1994-07-08,1994,7,189,3.5166009790180284
1994-07-09,1994,7,190,0.0
1994-07-10,1994,7,191,0.0
1994-07-11,1994,7,192,0.0
1994-07-12,1994,7,193,3.654857468431387
1994-07-13,1994,7,194,6.642240682369435
1994-07-14,1994,7,195,2.322098177216864
1994-07-15,1994,7,196,1.6802963900995134
1994-07-16,1994,7,197,14.211648093193338
1994-07-17,1994,7,198,5.086266635673721
1994-07-18,1994,7,199,0.0
1994-07-19,1994,7,200,0.06603024612662113
1994-07-20,1994,7,201,0.0
1994-07-21,1994,7,202,14.118910681619127
1994-07-22,1994,7,203,0.18256426061844355
1994-07-23,1994,7,204,0.0
1994-07-24,1994,7,205,18.133124532511633
1994-07-25,1994,7,206,18.119137590321703
1994-07-26,1994,7,207,0.0
1994-07-27,1994,7,208,8.469862970870686
1994-07-28,1994,7,209,3.5924835433894584
1994-07-29,1994,7,210,1.492905556083032
1994-07-30,1994,7,211,0.17456953869789407
1994-07-31,1994,7,212,14.367953567905314
1994-08-01,1994,8,213,16.87945257156653
1994-08-02,1994,8,214,0.22399657264977518
1994-08-03,1994,8,215,10.143285762272846
1994-08-04,1994,8,216,0.13352238202360622
1994-08-05,1994,8,217,4.719986196144483
1994-08-06,1994,8,218,15.091363918709776
1994-08-07,1994,8,219,0.0
1994-08-08,1994,8,220,18.461032793781342
1994-08-09,1994,8,221,7.925649029940954
1994-08-10,1994,8,222,0.17147347941394536
1994-08-11,1994,8,223,16.176034820927647
1994-08-12,1994,8,224,0.008540777436871762
1994-08-13,1994,8,225,5.929697390795775
1994-08-14,1994,8,226,11.285706622026474
1994-08-15,1994,8,227,0.0
1994-08-16,1994,8,228,13.905989509417445
1994-08-17,1994,8,229,9.034840580123861
1994-08-18,1994,8,230,0.4090935546512163
1994-08-19,1994,8,231,4.186533117764203
1994-08-20,1994,8,232,0.0
1994-08-21,1994,8,233,2.9825148515039364
1994-08-22,1994,8,234,2.4070828383869864
1994-08-23,1994,8,235,14.08018441555739
1994-08-24,1994,8,236,0.3620409450678102
1994-08-25,1994,8,237,0.0
1994-08-26,1994,8,238,7.661621947010667
1994-08-27,1994,8,239,7.253408815376557
1994-08-28,1994,8,240,0.6021183603527
1994-08-29,1994,8,241,13.460058512806182
1994-08-30,1994,8,242,3.6288131584749332
1994-08-31,1994,8,243,0.3895324623880983
1994-09-01,1994,9,244,8.15812769258952
1994-09-02,1994,9,245,0.9157194228589074
1994-09-03,1994,9,246,3.4989817314098914
1994-09-04,1994,9,247,3.64258895312606
1994-09-05,1994,9,248,7.181249633852804
1994-09-06,1994,9,249,0.10390046241452985
1994-09-07,1994,9,250,0.0
1994-09-08,1994,9,251,6.047415585015304
1994-09-09,1994,9,252,0.0
1994-09-10,1994,9,253,6.661152198259505
1994-09-11,1994,9,254,7.5210392297386806
1994-09-12,1994,9,255,0.3524517379669216
1994-09-13,1994,9,256,0.4406958686661904
1994-09-14,1994,9,257,9.866680000210382
1994-09-15,1994,9,258,9.67017395698626
1994-09-16,1994,9,259,21.72562796066434
1994-09-17,1994,9,260,17.658248087025754
1994-09-18,1994,9,261,0.7703601938082606
1994-09-19,1994,9,262,11.454255169645375
1994-09-20,1994,9,263,14.139272309309819
1994-09-21,1994,9,264,16.347486677186144
1994-09-22,1994,9,265,0.0
1994-09-23,1994,9,266,0.0
1994-09-24,1994,9,267,0.0
1994-09-25,1994,9,268,0.0
1994-09-26,1994,9,269,0.0
1994-09-27,1994,9,270,56.31643436909131
1994-09-28,1994,9,271,0.0
1994-09-29,1994,9,272,0.0
1994-09-30,1994,9,273,0.0
1994-10-01,1994,10,274,0.0
1994-10-02,1994,10,275,26.661570659742054
1994-10-03,1994,10,276,0.0
1994-10-04,1994,10,277,0.0
1994-10-05,1994,10,278,13.736829267982344
1994-10-06,1994,10,279,0.0
1994-10-07,1994,10,280,0.0
1994-10-08,1994,10,281,18.656014207294078
1994-10-09,1994,10,282,1.6184815101983105
1994-10-10,1994,10,283,4.93738675280933
1994-10-11,1994,10,284,19.875575647256067
1994-10-12,1994,10,285,0.3192779545918835
1994-10-13,1994,10,286,0.0
1994-10-14,1994,10,287,14.864463179767288
1994-10-15,1994,10,288,1.3288270489415657
1994-10-16,1994,10,289,7.324897719226338
1994-10-17,1994,10,290,6.507894937769409
1994-10-18,1994,10,291,5.633862213181347
1994-10-19,1994,10,292,1.4179191721129236
1994-10-20,1994,10,293,0.3777564851361253
1994-10-21,1994,10,294,0.0
1994-10-22,1994,10,295,0.0
1994-10-23,1994,10,296,2.0097125781941028
1994-10-24,1994,10,297,0.0
1994-10-25,1994,10,298,1.955030104801404
1994-10-26,1994,10,299,0.0
1994-10-27,1994,10,300,0.0
1994-10-28,1994,10,301,6.160259939813165
1994-10-29,1994,10,302,1.1244469862670703
1994-10-30,1994,10,303,0.08050199717462012
1994-10-31,1994,10,304,0.0
1994-11-01,1994,11,305,5.143569847918414
1994-11-02,1994,11,306,7.771095349937806
1994-11-03,1994,11,307,0.0
1994-11-04,1994,11,308,2.961416348495745
1994-11-05,1994,11,309,7.46483496140494
1994-11-06,1994,11,310,4.343247671666672
1994-11-07,1994,11,311,0.0
1994-11-08,1994,11,312,0.05420199723558336
1994-11-09,1994,11,313,0.0
1994-11-10,1994,11,314,16.252522723533808
1994-11-11,1994,11,315,2.819263510552858
1994-11-12,1994,11,316,0.0
1994-11-13,1994,11,317,0.0
1994-11-14,1994,11,318,0.0
1994-11-15,1994,11,319,0.0
1994-11-16,1994,11,320,0.0
1994-11-17,1994,11,321,0.0
1994-11-18,1994,11,322,0.0
1994-11-19,1994,11,323,4.015483973980359
1994-11-20,1994,11,324,6.481694162658065
1994-11-21,1994,11,325,0.0
1994-11-22,1994,11,326,0.0
1994-11-23,1994,11,327,0.0
1994-11-24,1994,11,328,4.52934051264834
1994-11-25,1994,11,329,0.0
1994-11-26,1994,11,330,0.0
1994-11-27,1994,11,331,0.0
1994-11-28,1994,11,332,0.0
1994-11-29,1994,11,333,0.0
1994-11-30,1994,11,334,0.0
1994-12-01,1994,12,335,1.2036615304693568
1994-12-02,1994,12,336,4.621921969563306
1994-12-03,1994,12,337,13.290761246677127
1994-12-04,1994,12,338,0.0
1994-12-05,1994,12,339,0.0
1994-12-06,1994,12,340,0.0
1994-12-07,1994,12,341,1.0995121853619227
1994-12-08,1994,12,342,1.5048409102304228
1994-12-09,1994,12,343,0.0
1994-12-10,1994,12,344,0.11953330019547986
1994-12-11,1994,12,345,0.0
1994-12-12,1994,12,346,0.0
1994-12-13,1994,12,347,0.0
1994-12-14,1994,12,348,0.0
1994-12-15,1994,12,349,0.0
1994-12-16,1994,12,350,0.0
1994-12-17,1994,12,351,0.0
1994-12-18,1994,12,352,0.0
1994-12-19,1994,12,353,0.0
1994-12-20,1994,12,354,0.0
1994-12-21,1994,12,355,0.0
1994-12-22,1994,12,356,0.0
1994-12-23,1994,12,357,0.0
1994-12-24,1994,12,358,0.21425768005204385
1994-12-25,1994,12,359,0.0
1994-12-26,1994,12,360,2.3966070725147604
1994-12-27,1994,12,361,0.17134325138605244
1994-12-28,1994,12,362,0.0
1994-12-29,1994,12,363,0.0
1994-12-30,1994,12,364,0.0
1994-12-31,1994,12,365,0.0
1995-01-01,1995,1,1,0.0
1995-01-02,1995,1,2,0.0
1995-01-03,1995,1,3,0.0
1995-01-04,1995,1,4,0.0
1995-01-05,1995,1,5,0.0
1995-01-06,1995,1,6,0.0
1995-01-07,1995,1,7,0.0
1995-01-08,1995,1,8,0.0
1995-01-09,1995,1,9,0.0
1995-01-10,1995,1,10,0.12160596550277084
1995-01-11,1995,1,11,0.0
1995-01-12,1995,1,12,0.0
1995-01-13,1995,1,13,0.0
1995-01-14,1995,1,14,0.0
1995-01-15,1995,1,15,0.0
1995-01-16,1995,1,16,0.0
1995-01-17,1995,1,17,0.0
1995-01-18,1995,1,18,0.0
1995-01-19,1995,1,19,0.0
1995-01-20,1995,1,20,0.0
1995-01-21,1995,1,21,0.0
1995-01-22,1995,1,22,0.3579565355587741
1995-01-23,1995,1,23,0.0
1995-01-24,1995,1,24,0.0
1995-01-25,1995,1,25,0.0
1995-01-26,1995,1,26,0.0
1995-01-27,1995,1,27,0.0
1995-01-28,1995,1,28,0.0
1995-01-29,1995,1,29,0.0
1995-01-30,1995,1,30,0.0
1995-01-31,1995,1,31,4.521256221163037
1995-02-01,1995,2,32,0.0
1995-02-02,1995,2,33,0.0
1995-02-03,1995,2,34,0.0
1995-02-04,1995,2,35,0.6300474896631183
1995-02-05,1995,2,36,0.0
1995-02-06,1995,2,37,1.502498768850995
1995-02-07,1995,2,38,0.04803901527718591
1995-02-08,1995,2,39,0.0
1995-02-09,1995,2,40,0.0
1995-02-10,1995,2,41,0.0
1995-02-11,1995,2,42,0.0
1995-02-12,1995,2,43,0.0
1995-02-13,1995,2,44,0.0
1995-02-14,1995,2,45,0.0
1995-02-15,1995,2,46,0.0
1995-02-16,1995,2,47,0.0
1995-02-17,1995,2,48,0.0
1995-02-18,1995,2,49,0.0
1995-02-19,1995,2,50,0.0030343046327278773
1995-02-20,1995,2,51,0.0
1995-02-21,1995,2,52,0.6003945489775553
1995-02-22,1995,2,53,1.7943219213068944
1995-02-23,1995,2,54,0.0
1995-02-24,1995,2,55,4.437332125126856
1995-02-25,1995,2,56,0.0
1995-02-26,1995,2,57,0.0
1995-02-27,1995,2,58,0.0
1995-02-28,1995,2,59,0.0
1995-03-01,1995,3,60,0.0
1995-03-02,1995,3,61,0.0
1995-03-03,1995,3,62,0.0
1995-03-04,1995,3,63,0.0
1995-03-05,1995,3,64,0.0
1995-03-06,1995,3,65,0.0
1995-03-07,1995,3,66,0.0
1995-03-08,1995,3,67,0.002405646067965
1995-03-09,1995,3,68,0.0
1995-03-10,1995,3,69,3.138609753782768
1995-03-11,1995,3,70,0.0
1995-03-12,1995,3,71,0.02227680399158416
1995-03-13,1995,3,72,0.20327759846317126
1995-03-14,1995,3,73,0.3941944572490408
1995-03-15,1995,3,74,0.8631247836193062
1995-03-16,1995,3,75,21.536657940146245
1995-03-17,1995,3,76,0.18283725561192635
1995-03-18,1995,3,77,0.0
1995-03-19,1995,3,78,0.0
1995-03-20,1995,3,79,0.0
1995-03-21,1995,3,80,0.20433560455570696
1995-03-22,1995,3,81,0.0
1995-03-23,1995,3,82,0.0
1995-03-24,1995,3,83,0.0
1995-03-25,1995,3,84,0.0
1995-03-26,1995,3,85,0.0
1995-03-27,1995,3,86,0.0
1995-03-28,1995,3,87,0.0
1995-03-29,1995,3,88,0.0028870914773033948
1995-03-30,1995,3,89,0.0
1995-03-31,1995,3,90,1.36579329086964
1995-04-01,1995,4,91,0.0
1995-04-02,1995,4,92,1.1962855388286695
1995-04-03,1995,4,93,1.9653002550791958
1995-04-04,1995,4,94,0.0
1995-04-05,1995,4,95,0.0
1995-04-06,1995,4,96,0.17255722097382142
1995-04-07,1995,4,97,0.0
1995-04-08,1995,4,98,0.6747926262166629
1995-04-09,1995,4,99,0.0
1995-04-10,1995,4,100,0.006008295289654965
1995-04-11,1995,4,101,0.025141907432902646
1995-04-12,1995,4,102,3.591948131439312
1995-04-13,1995,4,103,0.37480615734441114
1995-04-14,1995,4,104,1.113124484523505
1995-04-15,1995,4,105,4.437655524223814
1995-04-16,1995,4,106,0.026613934998238505
1995-04-17,1995,4,107,0.0
1995-04-18,1995,4,108,3.7367558816404767
1995-04-19,1995,4,109,0.0
1995-04-20,1995,4,110,0.007072478660478895
1995-04-21,1995,4,111,0.0
1995-04-22,1995,4,112,2.6012490599351548
1995-04-23,1995,4,113,3.643335677613125
1995-04-24,1995,4,114,4.592135931654883
1995-04-25,1995,4,115,1.7295137603464759
1995-04-26,1995,4,116,17.627560276349797
1995-04-27,1995,4,117,13.832721602232313
1995-04-28,1995,4,118,22.870930904798662
1995-04-29,1995,4,119,9.308086972923084
1995-04-30,1995,4,120,4.083624050442542
1995-05-01,1995,5,121,1.087914831661831
1995-05-02,1995,5,122,3.191974038662008
1995-05-03,1995,5,123,6.110714830490086
1995-05-04,1995,5,124,8.480172925865741
1995-05-05,1995,5,125,9.615680468828126
1995-05-06,1995,5,126,19.883904609908996
1995-05-07,1995,5,127,18.574160160319664
1995-05-08,1995,5,128,2.60195001487356
1995-05-09,1995,5,129,9.384305754786594
1995-05-10,1995,5,130,14.462817750839259
1995-05-11,1995,5,131,0.0
1995-05-12,1995,5,132,0.0
1995-05-13,1995,5,133,3.399124274906585
1995-05-14,1995,5,134,6.848286490871442
1995-05-15,1995,5,135,0.0
1995-05-16,1995,5,136,5.940526116783024
1995-05-17,1995,5,137,2.5855734072491567
1995-05-18,1995,5,138,0.0
1995-05-19,1995,5,139,0.0
1995-05-20,1995,5,140,7.154513082242768
1995-05-21,1995,5,141,13.194332359893362
1995-05-22,1995,5,142,11.462302354940922
1995-05-23,1995,5,143,10.86757723786633
1995-05-24,1995,5,144,4.512192784718397
1995-05-25,1995,5,145,4.055524655867563
1995-05-26,1995,5,146,0.25849520005828414
1995-05-27,1995,5,147,1.783949765774973
1995-05-28,1995,5,148,13.220506548779381
1995-05-29,1995,5,149,0.0
1995-05-30,1995,5,150,0.0
1995-05-31,1995,5,151,2.823065488483524
1995-06-01,1995,6,152,0.0
1995-06-02,1995,6,153,0.6479668995204295
1995-06-03,1995,6,154,19.395457831834666
1995-06-04,1995,6,155,26.15188177426656
1995-06-05,1995,6,156,0.3676593685722188
1995-06-06,1995,6,157,5.07472495636372
1995-06-07,1995,6,158,0.0
1995-06-08,1995,6,159,6.410005777895502
1995-06-09,1995,6,160,7.5589483985046915
1995-06-10,1995,6,161,3.5091606837209706
1995-06-11,1995,6,162,1.558437124724662
1995-06-12,1995,6,163,6.0068362112625495
1995-06-13,1995,6,164,19.769255157403688
1995-06-14,1995,6,165,9.342936699678475
1995-06-15,1995,6,166,13.317177183319588
1995-06-16,1995,6,167,2.861311386769515
1995-06-17,1995,6,168,6.187022871713713
1995-06-18,1995,6,169,28.046718462369533
1995-06-19,1995,6,170,16.749738644409508
1995-06-20,1995,6,171,32.496853876645076
1995-06-21,1995,6,172,4.8344290756014745
1995-06-22,1995,6,173,19.39668747412413
1995-06-23,1995,6,174,14.340528445766846
1995-06-24,1995,6,175,23.15248186402374
1995-06-25,1995,6,176,0.0
1995-06-26,1995,6,177,35.39317547937899
1995-06-27,1995,6,178,7.9940496237745835
1995-06-28,1995,6,179,0.0
1995-06-29,1995,6,180,0.16498064320620656
1995-06-30,1995,6,181,2.787539844341327
1995-07-01,1995,7,182,4.837678232607724
1995-07-02,1995,7,183,9.360043063159667
1995-07-03,1995,7,184,5.291779042618237
1995-07-04,1995,7,185,3.4328760061390713
1995-07-05,1995,7,186,9.860891277246632
1995-07-06,1995,7,187,0.0
1995-07-07,1995,7,188,1.0315591817547751
1995-07-08,1995,7,189,16.758417389080275
1995-07-09,1995,7,190,5.210060760366068
1995-07-10,1995,7,191,4.809975544254088
1995-07-11,1995,7,192,3.9571300557054006
1995-07-12,1995,7,193,1.140193074609647
1995-07-13,1995,7,194,2.854456995937083
1995-07-14,1995,7,195,10.945220359901944
1995-07-15,1995,7,196,8.476782102102693
1995-07-16,1995,7,197,6.326248070370365
1995-07-17,1995,7,198,6.326248070370365
1995-07-18,1995,7,199,12.106150924189025
1995-07-19,1995,7,200,3.425544718135191
1995-07-20,1995,7,201,0.5115841237928689
1995-07-21,1995,7,202,14.83264494544947
1995-07-22,1995,7,203,1.1908170559923161
1995-07-23,1995,7,204,0.08602862738092026
1995-07-24,1995,7,205,0.0
1995-07-25,1995,7,206,10.795905561353168
1995-07-26,1995,7,207,2.535101860123204
1995-07-27,1995,7,208,1.1416175641253554
1995-07-28,1995,7,209,8.824031790914756
1995-07-29,1995,7,210,21.689421586941325
1995-07-30,1995,7,211,13.187939401048828
1995-07-31,1995,7,212,5.686563400601157
1995-08-01,1995,8,213,12.082338185522838
1995-08-02,1995,8,214,6.249826057608963
1995-08-03,1995,8,215,17.439051845590583
1995-08-04,1995,8,216,5.756809369866013
1995-08-05,1995,8,217,29.44185304110543
1995-08-06,1995,8,218,12.462333238318935
1995-08-07,1995,8,219,17.95035761569235
1995-08-08,1995,8,220,4.063527839655742
1995-08-09,1995,8,221,13.668295689086785
1995-08-10,1995,8,222,18.207561805090954
1995-08-11,1995,8,223,0.8613166754942424
1995-08-12,1995,8,224,24.506319324277666
1995-08-13,1995,8,225,13.59621822272189
1995-08-14,1995,8,226,9.187198962425715
1995-08-15,1995,8,227,0.7577312910975609
1995-08-16,1995,8,228,0.30911460695046084
1995-08-17,1995,8,229,2.709110622438694
1995-08-18,1995,8,230,0.9348118785312265
1995-08-19,1995,8,231,0.2791772444430027
1995-08-20,1995,8,232,14.505513031868825
1995-08-21,1995,8,233,10.123778532280717
1995-08-22,1995,8,234,7.816694428702146
1995-08-23,1995,8,235,8.11947011539031
1995-08-24,1995,8,236,14.140956274341494
1995-08-25,1995,8,237,12.87449350342755
1995-08-26,1995,8,238,17.674039958170976
1995-08-27,1995,8,239,5.997012688445554
1995-08-28,1995,8,240,21.14645335045041
1995-08-29,1995,8,241,12.011854905906453
1995-08-30,1995,8,242,16.00290627324285
1995-08-31,1995,8,243,16.893131561328328
1995-09-01,1995,9,244,17.85008404146634
1995-09-02,1995,9,245,14.748895936371834
1995-09-03,1995,9,246,6.441983861400209
1995-09-04,1995,9,247,14.339648436866671
1995-09-05,1995,9,248,13.67807400584119
1995-09-06,1995,9,249,0.167553430759917
1995-09-07,1995,9,250,18.189028907864135
1995-09-08,1995,9,251,16.50226617268037
1995-09-09,1995,9,252,20.842286758578123
1995-09-10,1995,9,253,10.849536771435153
1995-09-11,1995,9,254,0.0
1995-09-12,1995,9,255,0.5402426766654622
1995-09-13,1995,9,256,5.012998575825107
1995-09-14,1995,9,257,12.708492094160864
1995-09-15,1995,9,258,28.273200700705953
1995-09-16,1995,9,259,0.0
1995-09-17,1995,9,260,39.14703061791088
1995-09-18,1995,9,261,17.10181068148282
1995-09-19,1995,9,262,15.679428949862745
1995-09-20,1995,9,263,0.0
1995-09-21,1995,9,264,14.562318707697393
1995-09-22,1995,9,265,4.86557723194897
1995-09-23,1995,9,266,0.0
1995-09-24,1995,9,267,17.809183061889023
1995-09-25,1995,9,268,18.841620330638936
1995-09-26,1995,9,269,25.224909089422678
1995-09-27,1995,9,270,9.074958396754718
1995-09-28,1995,9,271,2.760940521521352
1995-09-29,1995,9,272,0.7689187371434569
1995-09-30,1995,9,273,6.822141453866379
1995-10-01,1995,10,274,6.211878117579318
1995-10-02,1995,10,275,35.673628342080136
1995-10-03,1995,10,276,9.804739383212908
1995-10-04,1995,10,277,16.155316912831662
1995-10-05,1995,10,278,8.067018232696979
1995-10-06,1995,10,279,21.523967982564304
1995-10-07,1995,10,280,0.5387214229162064
1995-10-08,1995,10,281,0.0
1995-10-09,1995,10,282,0.1597217594136922
1995-10-10,1995,10,283,9.057735638426426
1995-10-11,1995,10,284,5.809440467228928
1995-10-12,1995,10,285,15.796536845024983
1995-10-13,1995,10,286,1.3131269488767774
1995-10-14,1995,10,287,3.382650737488689
1995-10-15,1995,10,288,6.799231011078923
1995-10-16,1995,10,289,15.925773590369008
1995-10-17,1995,10,290,7.044311478287108
1995-10-18,1995,10,291,1.3922465842507696
1995-10-19,1995,10,292,0.2492038151496685
1995-10-20,1995,10,293,0.0
1995-10-21,1995,10,294,0.0
1995-10-22,1995,10,295,4.152884025295882
1995-10-23,1995,10,296,0.0
1995-10-24,1995,10,297,1.2194191410486375
1995-10-25,1995,10,298,0.0
1995-10-26,1995,10,299,2.1910183985415137
1995-10-27,1995,10,300,7.202347951254073
1995-10-28,1995,10,301,2.9401156684733296
1995-10-29,1995,10,302,12.894834243750717
1995-10-30,1995,10,303,5.851282458072455
1995-10-31,1995,10,304,10.034660530989253
1995-11-01,1995,11,305,0.0336280163272181
1995-11-02,1995,11,306,7.210821483006518
1995-11-03,1995,11,307,0.0
1995-11-04,1995,11,308,0.0
1995-11-05,1995,11,309,0.0
1995-11-06,1995,11,310,0.0
1995-11-07,1995,11,311,0.0
1995-11-08,1995,11,312,0.5704111948724272
1995-11-09,1995,11,313,0.0
1995-11-10,1995,11,314,0.5649609247026223
1995-11-11,1995,11,315,0.33073727501797284
1995-11-12,1995,11,316,0.0
1995-11-13,1995,11,317,0.0
1995-11-14,1995,11,318,4.553854521207556
1995-11-15,1995,11,319,5.579862510177348
1995-11-16,1995,11,320,2.155653777240992
1995-11-17,1995,11,321,0.5974455482446954
1995-11-18,1995,11,322,0.0
1995-11-19,1995,11,323,11.955253131183277
1995-11-20,1995,11,324,0.005863111245907978
1995-11-21,1995,11,325,3.699654448308185
1995-11-22,1995,11,326,2.9016210782599434
1995-11-23,1995,11,327,0.0
1995-11-24,1995,11,328,0.7821294451331929
1995-11-25,1995,11,329,2.2739575372972136
1995-11-26,1995,11,330,0.0
1995-11-27,1995,11,331,0.0
1995-11-28,1995,11,332,4.55010266731004
1995-11-29,1995,11,333,0.0
1995-11-30,1995,11,334,0.0
1995-12-01,1995,12,335,0.0
1995-12-02,1995,12,336,0.0
1995-12-03,1995,12,337,0.0
1995-12-04,1995,12,338,0.0
1995-12-05,1995,12,339,1.001507350493417
1995-12-06,1995,12,340,0.0
1995-12-07,1995,12,341,0.0
1995-12-08,1995,12,342,0.0
1995-12-09,1995,12,343,0.0
1995-12-10,1995,12,344,0.0
1995-12-11,1995,12,345,0.0
1995-12-12,1995,12,346,0.0
1995-12-13,1995,12,347,1.5733377533073394
1995-12-14,1995,12,348,0.0
1995-12-15,1995,12,349,2.397966832509895
1995-12-16,1995,12,350,8.179609430173368
1995-12-17,1995,12,351,0.0
1995-12-18,1995,12,352,2.0355306432710925
1995-12-19,1995,12,353,0.0
1995-12-20,1995,12,354,0.0
1995-12-21,1995,12,355,8.01268090334527
1995-12-22,1995,12,356,1.1209826673977172
1995-12-23,1995,12,357,0.0
1995-12-24,1995,12,358,0.0
1995-12-25,1995,12,359,3.530450090727647
1995-12-26,1995,12,360,0.0
1995-12-27,1995,12,361,14.221119251022403
1995-12-28,1995,12,362,0.1192431897308036
1995-12-29,1995,12,363,1.1989896183046607
1995-12-30,1995,12,364,0.0
1995-12-31,1995,12,365,0.0
1996-01-01,1996,1,1,0.0
1996-01-02,1996,1,2,0.0
1996-01-03,1996,1,3,0.0
1996-01-04,1996,1,4,0.963360592378136
1996-01-05,1996,1,5,3.5110679264750964
1996-01-06,1996,1,6,1.0558030732237793
1996-01-07,1996,1,7,0.0
1996-01-08,1996,1,8,0.0034062767396549334
1996-01-09,1996,1,9,1.4249610566847735
1996-01-10,1996,1,10,0.0
1996-01-11,1996,1,11,0.0
1996-01-12,1996,1,12,0.0
1996-01-13,1996,1,13,0.0
1996-01-14,1996,1,14,0.0
1996-01-15,1996,1,15,0.0
1996-01-16,1996,1,16,0.0
1996-01-17,1996,1,17,0.0
1996-01-18,1996,1,18,0.0
1996-01-19,1996,1,19,0.0
1996-01-20,1996,1,20,0.0
1996-01-21,1996,1,21,0.0
1996-01-22,1996,1,22,0.0
1996-01-23,1996,1,23,0.0
1996-01-24,1996,1,24,0.0
1996-01-25,1996,1,25,0.0
1996-01-26,1996,1,26,0.0
1996-01-27,1996,1,27,0.0
1996-01-28,1996,1,28,0.38635224732151374
1996-01-29,1996,1,29,0.0
1996-01-30,1996,1,30,0.0
1996-01-31,1996,1,31,0.0
1996-02-01,1996,2,32,1.225529511003486
1996-02-02,1996,2,33,0.0
1996-02-03,1996,2,34,0.3659967454764817
1996-02-04,1996,2,35,0.7744396977069139
1996-02-05,1996,2,36,0.7744396977069139
1996-02-06,1996,2,37,0.0
1996-02-07,1996,2,38,0.0
1996-02-08,1996,2,39,0.0
1996-02-09,1996,2,40,0.0
1996-02-10,1996,2,41,0.0
1996-02-11,1996,2,42,0.002528685530537505
1996-02-12,1996,2,43,0.0
1996-02-13,1996,2,44,0.0
1996-02-14,1996,2,45,0.0
1996-02-15,1996,2,46,0.0
1996-02-16,1996,2,47,0.0
1996-02-17,1996,2,48,0.0
1996-02-18,1996,2,49,2.0133037247408527
1996-02-19,1996,2,50,0.0
1996-02-20,1996,2,51,0.0
1996-02-21,1996,2,52,0.0
1996-02-22,1996,2,53,0.0
1996-02-23,1996,2,54,0.0
1996-02-24,1996,2,55,0.0
1996-02-25,1996,2,56,3.6412163853849626
1996-02-26,1996,2,57,0.0
1996-02-27,1996,2,58,0.0
1996-02-28,1996,2,59,0.0
1996-02-29,1996,2,60,0.0
1996-03-01,1996,3,61,0.0
1996-03-02,1996,3,62,0.0
1996-03-03,1996,3,63,0.0
1996-03-04,1996,3,64,0.0
1996-03-05,1996,3,65,0.0
1996-03-06,1996,3,66,0.0
1996-03-07,1996,3,67,0.0
1996-03-08,1996,3,68,0.0
1996-03-09,1996,3,69,0.0
1996-03-10,1996,3,70,0.0
1996-03-11,1996,3,71,0.0
1996-03-12,1996,3,72,0.0
1996-03-13,1996,3,73,0.0
1996-03-14,1996,3,74,0.0
1996-03-15,1996,3,75,0.0
1996-03-16,1996,3,76,0.0
1996-03-17,1996,3,77,0.0
1996-03-18,1996,3,78,0.0
1996-03-19,1996,3,79,0.0
1996-03-20,1996,3,80,0.0
1996-03-21,1996,3,81,3.9389868923610565
1996-03-22,1996,3,82,0.0
1996-03-23,1996,3,83,0.8841315563049905
1996-03-24,1996,3,84,0.218613346928496
1996-03-25,1996,3,85,0.0
1996-03-26,1996,3,86,0.3593630087406286
1996-03-27,1996,3,87,1.8540080343440954
1996-03-28,1996,3,88,11.989133115497122
1996-03-29,1996,3,89,2.928411680761319
1996-03-30,1996,3,90,0.0
1996-03-31,1996,3,91,0.0
1996-04-01,1996,4,92,0.0
1996-04-02,1996,4,93,1.5997597766336258
1996-04-03,1996,4,94,3.4367429418066373
1996-04-04,1996,4,95,0.0
1996-04-05,1996,4,96,0.0
1996-04-06,1996,4,97,0.0
1996-04-07,1996,4,98,0.0
1996-04-08,1996,4,99,0.0
1996-04-09,1996,4,100,7.407825608843906
1996-04-10,1996,4,101,0.0
1996-04-11,1996,4,102,8.96900062376654
1996-04-12,1996,4,103,2.9320052960231564
1996-04-13,1996,4,104,0.6845813470205488
1996-04-14,1996,4,105,0.07481669015933433
1996-04-15,1996,4,106,5.880865272412264
1996-04-16,1996,4,107,0.0
1996-04-17,1996,4,108,0.0
1996-04-18,1996,4,109,10.158872129269511
1996-04-19,1996,4,110,8.75860099968179
1996-04-20,1996,4,111,0.0
1996-04-21,1996,4,112,7.881186408064972
1996-04-22,1996,4,113,10.64779941097936
1996-04-23,1996,4,114,10.48281465479729
1996-04-24,1996,4,115,0.0
1996-04-25,1996,4,116,12.16222812573728
1996-04-26,1996,4,117,4.236577270780758
1996-04-27,1996,4,118,12.748364245370604
1996-04-28,1996,4,119,31.236594825702138
1996-04-29,1996,4,120,16.37986188028854
1996-04-30,1996,4,121,1.7524530425884834
1996-05-01,1996,5,122,2.392799861301391
1996-05-02,1996,5,123,2.377748891443091
1996-05-03,1996,5,124,1.9380745279451876
1996-05-04,1996,5,125,8.071331493447966
1996-05-05,1996,5,126,4.822008650733961
1996-05-06,1996,5,127,5.135638530425976
1996-05-07,1996,5,128,8.601876895450179
1996-05-08,1996,5,129,8.96055326047062
1996-05-09,1996,5,130,6.985068706027852
1996-05-10,1996,5,131,7.731223090857446
1996-05-11,1996,5,132,13.484614206770088
1996-05-12,1996,5,133,12.358232114594925
1996-05-13,1996,5,134,9.560451623100244
1996-05-14,1996,5,135,13.493954390466165
1996-05-15,1996,5,136,6.589906842665686
1996-05-16,1996,5,137,9.149800604699308
1996-05-17,1996,5,138,41.24454949692773
1996-05-18,1996,5,139,6.703960873984638
1996-05-19,1996,5,140,0.0537629079491845
1996-05-20,1996,5,141,20.847539678535203
1996-05-21,1996,5,142,6.934677464541147
1996-05-22,1996,5,143,11.75773719680953
1996-05-23,1996,5,144,5.839436012654602
1996-05-24,1996,5,145,12.373834013938906
1996-05-25,1996,5,146,0.6582607183072335
1996-05-26,1996,5,147,19.44845876391361
1996-05-27,1996,5,148,10.983895009158507
1996-05-28,1996,5,149,0.0
1996-05-29,1996,5,150,0.14656984857135893
1996-05-30,1996,5,151,10.422459063615774
1996-05-31,1996,5,152,0.00148845485059645
1996-06-01,1996,6,153,7.262890568122768
1996-06-02,1996,6,154,0.0030568329411484593
1996-06-03,1996,6,155,6.319509399785073
1996-06-04,1996,6,156,15.983310739301475
1996-06-05,1996,6,157,9.774250252592125
1996-06-06,1996,6,158,0.540911548752609
1996-06-07,1996,6,159,3.6831268620674904
1996-06-08,1996,6,160,7.903371232078948
1996-06-09,1996,6,161,14.681390003353078
1996-06-10,1996,6,162,10.716347080372088
1996-06-11,1996,6,163,15.162353601124723
1996-06-12,1996,6,164,12.69668493183025
1996-06-13,1996,6,165,5.41530914978789
1996-06-14,1996,6,166,0.8313244531168934
1996-06-15,1996,6,167,16.693440171317757
1996-06-16,1996,6,168,7.0431398088950425
1996-06-17,1996,6,169,13.897259945121709
1996-06-18,1996,6,170,17.7128994814228
1996-06-19,1996,6,171,9.504849624613358
1996-06-20,1996,6,172,16.403135436972494
1996-06-21,1996,6,173,8.445613394359697
1996-06-22,1996,6,174,16.957072121727233
1996-06-23,1996,6,175,9.327054566058116
1996-06-24,1996,6,176,11.645404251396092
1996-06-25,1996,6,177,13.859861584432943
1996-06-26,1996,6,178,11.476400710112436
1996-06-27,1996,6,179,17.20179371784769
1996-06-28,1996,6,180,4.273248489125732
1996-06-29,1996,6,181,8.088781685224435
1996-06-30,1996,6,182,0.2987248073200333
1996-07-01,1996,7,183,6.039699842711238
1996-07-02,1996,7,184,5.380147327289893
1996-07-03,1996,7,185,5.135680833481884
1996-07-04,1996,7,186,25.00470618314997
1996-07-05,1996,7,187,14.281299017184601
1996-07-06,1996,7,188,5.650850545113783
1996-07-07,1996,7,189,10.17375440503556
1996-07-08,1996,7,190,2.5074204510874285
1996-07-09,1996,7,191,2.414031190451333
1996-07-10,1996,7,192,4.563645550146405
1996-07-11,1996,7,193,15.275731085300857
1996-07-12,1996,7,194,4.327994080517368
1996-07-13,1996,7,195,0.0
1996-07-14,1996,7,196,1.5529092565600242
1996-07-15,1996,7,197,5.352851466531926
1996-07-16,1996,7,198,17.34789628112224
1996-07-17,1996,7,199,11.786855771997185
1996-07-18,1996,7,200,2.8224767948075455
1996-07-19,1996,7,201,0.008829219175794744
1996-07-20,1996,7,202,17.830066740768224
1996-07-21,1996,7,203,6.320073464535809
1996-07-22,1996,7,204,3.5855377586662205
1996-07-23,1996,7,205,0.0
1996-07-24,1996,7,206,3.5855377586662205
1996-07-25,1996,7,207,5.942695192782003
1996-07-26,1996,7,208,5.9879214909716145
1996-07-27,1996,7,209,13.531311116876413
1996-07-28,1996,7,210,0.612016554254697
1996-07-29,1996,7,211,24.330047181659825
1996-07-30,1996,7,212,5.532473952114429
1996-07-31,1996,7,213,13.314154784701886
1996-08-01,1996,8,214,9.325844801126022
1996-08-02,1996,8,215,0.0
1996-08-03,1996,8,216,0.0
1996-08-04,1996,8,217,0.06274701022856646
1996-08-05,1996,8,218,0.0
1996-08-06,1996,8,219,15.395888873421441
1996-08-07,1996,8,220,1.7558729084720954
1996-08-08,1996,8,221,18.76637014774758
1996-08-09,1996,8,222,1.9346310246573009
1996-08-10,1996,8,223,16.683755996601132
1996-08-11,1996,8,224,1.638923172779132
1996-08-12,1996,8,225,5.449887565904534
1996-08-13,1996,8,226,12.563524441527013
1996-08-14,1996,8,227,0.07848794335673381
1996-08-15,1996,8,228,10.97694955611699
1996-08-16,1996,8,229,5.987573634485149
1996-08-17,1996,8,230,3.762970345900829
1996-08-18,1996,8,231,8.2668289316957
1996-08-19,1996,8,232,4.678178758169712
1996-08-20,1996,8,233,14.831747627912064
1996-08-21,1996,8,234,11.667257320707234
1996-08-22,1996,8,235,6.633978034097513
1996-08-23,1996,8,236,5.15215744447177
1996-08-24,1996,8,237,11.664107392257161
1996-08-25,1996,8,238,17.597108247245387
1996-08-26,1996,8,239,0.1849972947397698
1996-08-27,1996,8,240,6.29814479978246
1996-08-28,1996,8,241,6.294728854832327
1996-08-29,1996,8,242,0.0
1996-08-30,1996,8,243,0.0
1996-08-31,1996,8,244,6.549048363907069
1996-09-01,1996,9,245,5.59402713182142
1996-09-02,1996,9,246,5.113778584975918
1996-09-03,1996,9,247,5.562311752392068
1996-09-04,1996,9,248,0.09045197683823038
1996-09-05,1996,9,249,0.0
1996-09-06,1996,9,250,0.28875872306366096
1996-09-07,1996,9,251,20.950925473790956
1996-09-08,1996,9,252,14.540759975928571
1996-09-09,1996,9,253,21.777851010349544
1996-09-10,1996,9,254,25.33987291633521
1996-09-11,1996,9,255,8.588306771656745
1996-09-12,1996,9,256,8.897017675684166
1996-09-13,1996,9,257,9.40722577635202
1996-09-14,1996,9,258,12.50111027160259
1996-09-15,1996,9,259,15.222302511193963
1996-09-16,1996,9,260,6.1229466401110795
1996-09-17,1996,9,261,3.090440299741815
1996-09-18,1996,9,262,11.64966914136898
1996-09-19,1996,9,263,2.7017109430847563
1996-09-20,1996,9,264,0.9476397475730484
1996-09-21,1996,9,265,51.93955540759193
1996-09-22,1996,9,266,19.212668484873312
1996-09-23,1996,9,267,0.39567295097344535
1996-09-24,1996,9,268,0.0
1996-09-25,1996,9,269,0.346213818822238
1996-09-26,1996,9,270,0.0
1996-09-27,1996,9,271,1.4903185590271677
1996-09-28,1996,9,272,44.061142737577384
1996-09-29,1996,9,273,13.154692246756598
1996-09-30,1996,9,274,10.884356243547048
1996-10-01,1996,10,275,16.150506170365986
1996-10-02,1996,10,276,11.992707689807471
1996-10-03,1996,10,277,2.246805872075458
1996-10-04,1996,10,278,0.12271062012094665
1996-10-05,1996,10,279,10.700263660282996
1996-10-06,1996,10,280,15.831129448885786
1996-10-07,1996,10,281,11.996605461544734
1996-10-08,1996,10,282,8.388149760886963
1996-10-09,1996,10,283,10.583185199702411
1996-10-10,1996,10,284,6.253562239979514
1996-10-11,1996,10,285,0.0
1996-10-12,1996,10,286,0.07723186816940372
1996-10-13,1996,10,287,0.0
1996-10-14,1996,10,288,5.0739844889342525
1996-10-15,1996,10,289,3.0502808841764155
1996-10-16,1996,10,290,9.50409567279497
1996-10-17,1996,10,291,8.795899291373566
1996-10-18,1996,10,292,3.402318471603753
1996-10-19,1996,10,293,1.2590456044152951
1996-10-20,1996,10,294,4.225514183160884
1996-10-21,1996,10,295,1.6743050271257338
1996-10-22,1996,10,296,3.1972194304298722
1996-10-23,1996,10,297,15.072511495845177
1996-10-24,1996,10,298,15.004521714793174
1996-10-25,1996,10,299,1.110376504515621
1996-10-26,1996,10,300,2.069932740676475
1996-10-27,1996,10,301,0.0
1996-10-28,1996,10,302,0.0
1996-10-29,1996,10,303,0.0
1996-10-30,1996,10,304,0.0
1996-10-31,1996,10,305,4.354755818282015
1996-11-01,1996,11,306,0.0
1996-11-02,1996,11,307,0.0
1996-11-03,1996,11,308,14.118693035897168
1996-11-04,1996,11,309,0.0036775291527860066
1996-11-05,1996,11,310,7.8878617744315065
1996-11-06,1996,11,311,0.0
1996-11-07,1996,11,312,0.0
1996-11-08,1996,11,313,0.0
1996-11-09,1996,11,314,0.0
1996-11-10,1996,11,315,0.0
1996-11-11,1996,11,316,5.119159928017839
1996-11-12,1996,11,317,0.0
1996-11-13,1996,11,318,0.0
1996-11-14,1996,11,319,0.0
1996-11-15,1996,11,320,0.0
1996-11-16,1996,11,321,0.0
1996-11-17,1996,11,322,0.5183592337058361
1996-11-18,1996,11,323,3.869208634972266
1996-11-19,1996,11,324,0.0
1996-11-20,1996,11,325,17.59222537570257
1996-11-21,1996,11,326,7.74966322916026
1996-11-22,1996,11,327,6.564526813144652
1996-11-23,1996,11,328,0.0
1996-11-24,1996,11,329,0.0
1996-11-25,1996,11,330,0.0
1996-11-26,1996,11,331,0.0
1996-11-27,1996,11,332,0.0
1996-11-28,1996,11,333,0.0
1996-11-29,1996,11,334,0.0
1996-11-30,1996,11,335,0.0
1996-12-01,1996,12,336,6.525962241715413
1996-12-02,1996,12,337,1.1134518902835013
1996-12-03,1996,12,338,0.0
1996-12-04,1996,12,339,0.0
1996-12-05,1996,12,340,0.0
1996-12-06,1996,12,341,0.0
1996-12-07,1996,12,342,0.0
1996-12-08,1996,12,343,0.0
1996-12-09,1996,12,344,0.0
1996-12-10,1996,12,345,3.4083543822309763
1996-12-11,1996,12,346,0.0
1996-12-12,1996,12,347,0.00766219307238359
1996-12-13,1996,12,348,0.8283097096355737
1996-12-14,1996,12,349,0.0
1996-12-15,1996,12,350,0.0
1996-12-16,1996,12,351,0.0
1996-12-17,1996,12,352,0.0
1996-12-18,1996,12,353,0.0
1996-12-19,1996,12,354,1.928282101438305
1996-12-20,1996,12,355,0.0
1996-12-21,1996,12,356,0.0
1996-12-22,1996,12,357,0.03097340339457979
1996-12-23,1996,12,358,0.3743575141791513
1996-12-24,1996,12,359,0.0
1996-12-25,1996,12,360,0.0
1996-12-26,1996,12,361,0.0
1996-12-27,1996,12,362,0.0
1996-12-28,1996,12,363,0.0
1996-12-29,1996,12,364,0.0
1996-12-30,1996,12,365,0.0
1996-12-31,1996,12,366,0.0
1997-01-01,1997,1,1,0.0
1997-01-02,1997,1,2,0.0
1997-01-03,1997,1,3,0.7339705894569505
1997-01-04,1997,1,4,0.6384208506258922
1997-01-05,1997,1,5,0.0
1997-01-06,1997,1,6,0.0
1997-01-07,1997,1,7,0.0
1997-01-08,1997,1,8,0.0
1997-01-09,1997,1,9,0.0
1997-01-10,1997,1,10,0.0
1997-01-11,1997,1,11,0.0
1997-01-12,1997,1,12,0.0
1997-01-13,1997,1,13,0.0
1997-01-14,1997,1,14,0.8431949575639937
1997-01-15,1997,1,15,0.0
1997-01-16,1997,1,16,0.0
1997-01-17,1997,1,17,0.0
1997-01-18,1997,1,18,0.0
1997-01-19,1997,1,19,0.0
1997-01-20,1997,1,20,0.12286608494441531
1997-01-21,1997,1,21,0.0
1997-01-22,1997,1,22,0.0
1997-01-23,1997,1,23,0.0
1997-01-24,1997,1,24,0.0
1997-01-25,1997,1,25,0.0
1997-01-26,1997,1,26,0.0
1997-01-27,1997,1,27,0.0
1997-01-28,1997,1,28,2.0401255134955982
1997-01-29,1997,1,29,2.5753336615202875
1997-01-30,1997,1,30,0.5516651505165461
1997-01-31,1997,1,31,0.5516651505165461
1997-02-01,1997,2,32,0.0
1997-02-02,1997,2,33,0.0
1997-02-03,1997,2,34,0.0
1997-02-04,1997,2,35,0.0
1997-02-05,1997,2,36,0.0
1997-02-06,1997,2,37,0.0
1997-02-07,1997,2,38,0.0
1997-02-08,1997,2,39,0.0
1997-02-09,1997,2,40,0.0
1997-02-10,1997,2,41,0.002728368751800459
1997-02-11,1997,2,42,0.0
1997-02-12,1997,2,43,0.0
1997-02-13,1997,2,44,0.0
1997-02-14,1997,2,45,0.6062537224352003
1997-02-15,1997,2,46,5.135733562089892
1997-02-16,1997,2,47,0.0
1997-02-17,1997,2,48,0.6592922572815837
1997-02-18,1997,2,49,0.29649391497111055
1997-02-19,1997,2,50,2.247855988545814
1997-02-20,1997,2,51,4.361943055445452
1997-02-21,1997,2,52,1.366572333281124
1997-02-22,1997,2,53,0.0
1997-02-23,1997,2,54,0.0
1997-02-24,1997,2,55,0.0
1997-02-25,1997,2,56,1.3806814093209785
1997-02-26,1997,2,57,0.0
1997-02-27,1997,2,58,0.0
1997-02-28,1997,2,59,0.0
1997-03-01,1997,3,60,2.03361327206874
1997-03-02,1997,3,61,0.021343706812527615
1997-03-03,1997,3,62,0.0
1997-03-04,1997,3,63,0.0
1997-03-05,1997,3,64,0.0
1997-03-06,1997,3,65,0.0
1997-03-07,1997,3,66,0.0
1997-03-08,1997,3,67,0.0
1997-03-09,1997,3,68,0.0
1997-03-10,1997,3,69,0.0
1997-03-11,1997,3,70,0.0
1997-03-12,1997,3,71,0.0
1997-03-13,1997,3,72,0.0
1997-03-14,1997,3,73,0.0
1997-03-15,1997,3,74,0.0
1997-03-16,1997,3,75,0.0
1997-03-17,1997,3,76,0.0
1997-03-18,1997,3,77,0.0
1997-03-19,1997,3,78,0.06263621566432505
1997-03-20,1997,3,79,3.4942026661314713
1997-03-21,1997,3,80,0.0
1997-03-22,1997,3,81,5.039271814657668
1997-03-23,1997,3,82,1.0281959658723256
1997-03-24,1997,3,83,0.0
1997-03-25,1997,3,84,11.659647934336691
1997-03-26,1997,3,85,0.0
1997-03-27,1997,3,86,4.764276224318587
1997-03-28,1997,3,87,0.0
1997-03-29,1997,3,88,0.0
1997-03-30,1997,3,89,0.0
1997-03-31,1997,3,90,0.0
1997-04-01,1997,4,91,0.0
1997-04-02,1997,4,92,0.0
1997-04-03,1997,4,93,0.0
1997-04-04,1997,4,94,0.13926981909211722
1997-04-05,1997,4,95,4.569275194595487
1997-04-06,1997,4,96,0.0
1997-04-07,1997,4,97,0.0
1997-04-08,1997,4,98,0.4480780844210353
1997-04-09,1997,4,99,0.0013830908338739612
1997-04-10,1997,4,100,5.452174476289606
1997-04-11,1997,4,101,6.889025252347536
1997-04-12,1997,4,102,7.683853790381065
1997-04-13,1997,4,103,8.11446366697269
1997-04-14,1997,4,104,0.0
1997-04-15,1997,4,105,1.0400907133211923
1997-04-16,1997,4,106,0.029251700680584816
1997-04-17,1997,4,107,1.8669431810207415
1997-04-18,1997,4,108,1.2093323911217004
1997-04-19,1997,4,109,7.038817994085865
1997-04-20,1997,4,110,0.0
1997-04-21,1997,4,111,0.0
1997-04-22,1997,4,112,0.0
1997-04-23,1997,4,113,5.695061133014104
1997-04-24,1997,4,114,0.0
1997-04-25,1997,4,115,0.0
1997-04-26,1997,4,116,0.0
1997-04-27,1997,4,117,0.0
1997-04-28,1997,4,118,0.9127018611555746
1997-04-29,1997,4,119,0.09081071449225032
1997-04-30,1997,4,120,0.5103492248793801
1997-05-01,1997,5,121,4.772812287983164
1997-05-02,1997,5,122,1.8941313545470984
1997-05-03,1997,5,123,2.927686120034694
1997-05-04,1997,5,124,0.6246254016623707
1997-05-05,1997,5,125,0.0
1997-05-06,1997,5,126,0.0
1997-05-07,1997,5,127,0.0
1997-05-08,1997,5,128,0.0
1997-05-09,1997,5,129,0.014874105358491522
1997-05-10,1997,5,130,7.609837982219413
1997-05-11,1997,5,131,0.0
1997-05-12,1997,5,132,10.592161390754844
1997-05-13,1997,5,133,1.0075804044675298
1997-05-14,1997,5,134,12.90843161340442
1997-05-15,1997,5,135,3.342106639419546
1997-05-16,1997,5,136,22.334861276695236
1997-05-17,1997,5,137,0.1388966068816982
1997-05-18,1997,5,138,6.8191881608840434
1997-05-19,1997,5,139,0.0
1997-05-20,1997,5,140,0.0
1997-05-21,1997,5,141,0.018686036268870037
1997-05-22,1997,5,142,4.806570453529391
1997-05-23,1997,5,143,0.07943860745981604
1997-05-24,1997,5,144,4.05575007179811
1997-05-25,1997,5,145,3.107341620589079
1997-05-26,1997,5,146,1.190911831821043
1997-05-27,1997,5,147,3.728649719413163
1997-05-28,1997,5,148,18.784686069562074
1997-05-29,1997,5,149,5.508717061263839
1997-05-30,1997,5,150,6.108877755375938
1997-05-31,1997,5,151,2.0568222320273892
1997-06-01,1997,6,152,7.584186665298803
1997-06-02,1997,6,153,15.523053419109893
1997-06-03,1997,6,154,0.0
1997-06-04,1997,6,155,13.212283952274994
1997-06-05,1997,6,156,17.66431137283541
1997-06-06,1997,6,157,21.735622991735134
1997-06-07,1997,6,158,19.867568980963085
1997-06-08,1997,6,159,6.0453818896537985
1997-06-09,1997,6,160,10.39956631329495
1997-06-10,1997,6,161,0.0
1997-06-11,1997,6,162,14.348359697786478
1997-06-12,1997,6,163,3.132775980484414
1997-06-13,1997,6,164,9.060273261589176
1997-06-14,1997,6,165,26.216719919938562
1997-06-15,1997,6,166,6.583065406624436
1997-06-16,1997,6,167,0.0
1997-06-17,1997,6,168,7.524810750155544
1997-06-18,1997,6,169,0.22390641487860333
1997-06-19,1997,6,170,0.0
1997-06-20,1997,6,171,5.1587108356276445
1997-06-21,1997,6,172,0.0
1997-06-22,1997,6,173,0.0
1997-06-23,1997,6,174,1.5906703468051444
1997-06-24,1997,6,175,12.127032436360228
1997-06-25,1997,6,176,9.60024688676983
1997-06-26,1997,6,177,6.6549982442341005
1997-06-27,1997,6,178,10.162594822399004
1997-06-28,1997,6,179,25.701233686702114
1997-06-29,1997,6,180,0.0
1997-06-30,1997,6,181,10.660631641732799
1997-07-01,1997,7,182,19.700632691485513
1997-07-02,1997,7,183,4.666733806268109
1997-07-03,1997,7,184,17.34055243073719
1997-07-04,1997,7,185,2.5730695281666165
1997-07-05,1997,7,186,0.0
1997-07-06,1997,7,187,0.0
1997-07-07,1997,7,188,0.0
1997-07-08,1997,7,189,0.0
1997-07-09,1997,7,190,7.131649870288199
1997-07-10,1997,7,191,0.0
1997-07-11,1997,7,192,0.4056927822242972
1997-07-12,1997,7,193,2.962788390342048
1997-07-13,1997,7,194,8.7102822363632
1997-07-14,1997,7,195,4.197911557266624
1997-07-15,1997,7,196,4.590473379502464
1997-07-16,1997,7,197,9.885255556588715
1997-07-17,1997,7,198,0.36290378548083596
1997-07-18,1997,7,199,0.017264594455611123
1997-07-19,1997,7,200,1.1926571361612024
1997-07-20,1997,7,201,5.199596095718477
1997-07-21,1997,7,202,0.0
1997-07-22,1997,7,203,0.9971900520512665
1997-07-23,1997,7,204,0.05781024975355814
1997-07-24,1997,7,205,0.0
1997-07-25,1997,7,206,2.5891500731871084
1997-07-26,1997,7,207,3.0185843463013495
1997-07-27,1997,7,208,2.214513618821452
1997-07-28,1997,7,209,4.407568301006375
1997-07-29,1997,7,210,12.834191741959705
1997-07-30,1997,7,211,5.448088579843876
1997-07-31,1997,7,212,6.43888063919064
1997-08-01,1997,8,213,5.593537566287966
1997-08-02,1997,8,214,6.531370952584955
1997-08-03,1997,8,215,3.5178271843616846
1997-08-04,1997,8,216,7.6387178610815605
1997-08-05,1997,8,217,2.4039753544708558
1997-08-06,1997,8,218,0.0
1997-08-07,1997,8,219,2.4357835248993727
1997-08-08,1997,8,220,4.071812720102639
1997-08-09,1997,8,221,1.4347869309994945
1997-08-10,1997,8,222,0.0
1997-08-11,1997,8,223,5.593282650348562
1997-08-12,1997,8,224,2.117804184773077
1997-08-13,1997,8,225,0.761339954361511
1997-08-14,1997,8,226,0.06997421835872386
1997-08-15,1997,8,227,10.788674368854254
1997-08-16,1997,8,228,3.6243183588307444
1997-08-17,1997,8,229,0.0345350370615491
1997-08-18,1997,8,230,0.0589896993138592
1997-08-19,1997,8,231,2.997264660518192
1997-08-20,1997,8,232,9.986771154117669
1997-08-21,1997,8,233,1.3339940156299228
1997-08-22,1997,8,234,0.6998175887746901
1997-08-23,1997,8,235,3.6977583515204824
1997-08-24,1997,8,236,3.0791012576327126
1997-08-25,1997,8,237,2.020491312330568
1997-08-26,1997,8,238,6.643697908318953
1997-08-27,1997,8,239,7.65566480864596
1997-08-28,1997,8,240,6.321833023273138
1997-08-29,1997,8,241,7.787216050970115
1997-08-30,1997,8,242,5.172154363343729
1997-08-31,1997,8,243,7.0678507187679065
1997-09-01,1997,9,244,12.104456092929267
1997-09-02,1997,9,245,6.2601879594565055
1997-09-03,1997,9,246,0.0
1997-09-04,1997,9,247,17.30396580512236
1997-09-05,1997,9,248,2.8216243344387033
1997-09-06,1997,9,249,1.5468535490697946
1997-09-07,1997,9,250,0.9733829876246776
1997-09-08,1997,9,251,11.503263000350993
1997-09-09,1997,9,252,31.855634087666346
1997-09-10,1997,9,253,21.326905531258085
1997-09-11,1997,9,254,5.143580657350986
1997-09-12,1997,9,255,12.232599128079189
1997-09-13,1997,9,256,6.36304702213307
1997-09-14,1997,9,257,12.179814909908028
1997-09-15,1997,9,258,20.006122148026744
1997-09-16,1997,9,259,0.6712803590369205
1997-09-17,1997,9,260,2.697817221092381
1997-09-18,1997,9,261,17.884129362425035
1997-09-19,1997,9,262,15.093369508668106
1997-09-20,1997,9,263,8.713317071359793
1997-09-21,1997,9,264,11.302565787118423
1997-09-22,1997,9,265,18.581032543174206
1997-09-23,1997,9,266,9.665275328672125
1997-09-24,1997,9,267,9.491625206533824
1997-09-25,1997,9,268,7.930649217725719
1997-09-26,1997,9,269,7.154477732347034
1997-09-27,1997,9,270,36.101429187853114
1997-09-28,1997,9,271,18.812190382319223
1997-09-29,1997,9,272,24.2151884137818
1997-09-30,1997,9,273,16.475405621140453
1997-10-01,1997,10,274,30.77505603036823
1997-10-02,1997,10,275,11.67147858212315
1997-10-03,1997,10,276,2.7053148430846345
1997-10-04,1997,10,277,17.535726961358147
1997-10-05,1997,10,278,9.653958935561914
1997-10-06,1997,10,279,28.88876102924755
1997-10-07,1997,10,280,12.758192150840008
1997-10-08,1997,10,281,0.4389172036523174
1997-10-09,1997,10,282,7.391368755133824
1997-10-10,1997,10,283,24.644577930600803
1997-10-11,1997,10,284,0.0
1997-10-12,1997,10,285,0.0
1997-10-13,1997,10,286,0.0
1997-10-14,1997,10,287,0.0
1997-10-15,1997,10,288,10.079793101002647
1997-10-16,1997,10,289,9.622049748335732
1997-10-17,1997,10,290,3.5268676615517274
1997-10-18,1997,10,291,4.062237074003326
1997-10-19,1997,10,292,0.9213005371244932
1997-10-20,1997,10,293,7.8366680354671585
1997-10-21,1997,10,294,0.014139426295943208
1997-10-22,1997,10,295,9.830183695091993
1997-10-23,1997,10,296,0.1881111307642658
1997-10-24,1997,10,297,0.0
1997-10-25,1997,10,298,0.004667289459306967
1997-10-26,1997,10,299,0.0
1997-10-27,1997,10,300,0.0
1997-10-28,1997,10,301,0.35457895112630133
1997-10-29,1997,10,302,0.0
1997-10-30,1997,10,303,0.0
1997-10-31,1997,10,304,1.7167238847966264
1997-11-01,1997,11,305,2.8034589026560615
1997-11-02,1997,11,306,0.0
1997-11-03,1997,11,307,0.03500714992598376
1997-11-04,1997,11,308,0.0
1997-11-05,1997,11,309,2.119011994345942
1997-11-06,1997,11,310,2.980899729326227
1997-11-07,1997,11,311,0.0
1997-11-08,1997,11,312,4.458029824030532
1997-11-09,1997,11,313,1.8335532859133776
1997-11-10,1997,11,314,12.601659036438589
1997-11-11,1997,11,315,25.5015311279967
1997-11-12,1997,11,316,13.248020742423739
1997-11-13,1997,11,317,9.10284507346133
1997-11-14,1997,11,318,18.4706072038121
1997-11-15,1997,11,319,5.2976964575261665
1997-11-16,1997,11,320,8.285320842582747
1997-11-17,1997,11,321,0.0
1997-11-18,1997,11,322,0.0
1997-11-19,1997,11,323,0.0
1997-11-20,1997,11,324,0.0
1997-11-21,1997,11,325,7.547477053288425
1997-11-22,1997,11,326,6.529199802987884
1997-11-23,1997,11,327,0.0
1997-11-24,1997,11,328,0.0
1997-11-25,1997,11,329,0.00516279722342863
1997-11-26,1997,11,330,0.0
1997-11-27,1997,11,331,7.49663655218551
1997-11-28,1997,11,332,0.18749163348958756
1997-11-29,1997,11,333,12.795724513904599
1997-11-30,1997,11,334,5.623478372585294
1997-12-01,1997,12,335,5.10136841583579
1997-12-02,1997,12,336,11.887685411795657
1997-12-03,1997,12,337,18.0216555133679
1997-12-04,1997,12,338,0.12342841898976174
1997-12-05,1997,12,339,0.0
1997-12-06,1997,12,340,0.0
1997-12-07,1997,12,341,1.2417430795965383
1997-12-08,1997,12,342,0.0
1997-12-09,1997,12,343,0.0
1997-12-10,1997,12,344,0.0
1997-12-11,1997,12,345,0.0
1997-12-12,1997,12,346,0.16551107387820574
1997-12-13,1997,12,347,0.0
1997-12-14,1997,12,348,0.0039033114450449814
1997-12-15,1997,12,349,0.0
1997-12-16,1997,12,350,0.0
1997-12-17,1997,12,351,0.0
1997-12-18,1997,12,352,0.0
1997-12-19,1997,12,353,0.0
1997-12-20,1997,12,354,0.0
1997-12-21,1997,12,355,0.0
1997-12-22,1997,12,356,0.6698732707065298
1997-12-23,1997,12,357,0.0
1997-12-24,1997,12,358,0.0
1997-12-25,1997,12,359,0.0
1997-12-26,1997,12,360,0.0
1997-12-27,1997,12,361,0.0
1997-12-28,1997,12,362,0.0
1997-12-29,1997,12,363,0.0
1997-12-30,1997,12,364,0.0
1997-12-31,1997,12,365,0.0
1998-01-01,1998,1,1,0.0
1998-01-02,1998,1,2,0.0
1998-01-03,1998,1,3,0.0
1998-01-04,1998,1,4,0.0
1998-01-05,1998,1,5,0.0
1998-01-06,1998,1,6,0.0
1998-01-07,1998,1,7,0.21165941005705152
1998-01-08,1998,1,8,0.0
1998-01-09,1998,1,9,0.0
1998-01-10,1998,1,10,0.0
1998-01-11,1998,1,11,0.0
1998-01-12,1998,1,12,0.0
1998-01-13,1998,1,13,0.0
1998-01-14,1998,1,14,0.0
1998-01-15,1998,1,15,0.0
1998-01-16,1998,1,16,0.021990649600057595
1998-01-17,1998,1,17,0.0
1998-01-18,1998,1,18,0.0
1998-01-19,1998,1,19,0.1737844591071285
1998-01-20,1998,1,20,0.0
1998-01-21,1998,1,21,0.0
1998-01-22,1998,1,22,0.0
1998-01-23,1998,1,23,2.4660489112777193
1998-01-24,1998,1,24,0.7566054466706418
1998-01-25,1998,1,25,0.0
1998-01-26,1998,1,26,1.0062453900531716
1998-01-27,1998,1,27,0.049625888990354826
1998-01-28,1998,1,28,0.0
1998-01-29,1998,1,29,0.0
1998-01-30,1998,1,30,0.0
1998-01-31,1998,1,31,0.0
1998-02-01,1998,2,32,0.0
1998-02-02,1998,2,33,0.0
1998-02-03,1998,2,34,0.0
1998-02-04,1998,2,35,0.0
1998-02-05,1998,2,36,0.0
1998-02-06,1998,2,37,0.12588512386740427
1998-02-07,1998,2,38,0.0
1998-02-08,1998,2,39,0.0
1998-02-09,1998,2,40,0.0
1998-02-10,1998,2,41,0.0
1998-02-11,1998,2,42,0.0
1998-02-12,1998,2,43,0.759484063077402
1998-02-13,1998,2,44,0.0
1998-02-14,1998,2,45,0.0
1998-02-15,1998,2,46,0.0
1998-02-16,1998,2,47,0.0
1998-02-17,1998,2,48,0.0
1998-02-18,1998,2,49,0.0
1998-02-19,1998,2,50,0.0
1998-02-20,1998,2,51,2.011256341966892
1998-02-21,1998,2,52,2.522795240901532
1998-02-22,1998,2,53,0.0
1998-02-23,1998,2,54,0.28135281745041146
1998-02-24,1998,2,55,0.5174774364620167
1998-02-25,1998,2,56,0.5174774364620167
1998-02-26,1998,2,57,0.0
1998-02-27,1998,2,58,0.0
1998-02-28,1998,2,59,0.0
1998-03-01,1998,3,60,0.0
1998-03-02,1998,3,61,0.0
1998-03-03,1998,3,62,0.010041800184748373
1998-03-04,1998,3,63,2.4493538349637034
1998-03-05,1998,3,64,2.6702535664718585
1998-03-06,1998,3,65,0.0
1998-03-07,1998,3,66,0.0
1998-03-08,1998,3,67,0.0
1998-03-09,1998,3,68,0.0
1998-03-10,1998,3,69,0.0
1998-03-11,1998,3,70,0.0
1998-03-12,1998,3,71,0.0
1998-03-13,1998,3,72,0.0
1998-03-14,1998,3,73,0.0
1998-03-15,1998,3,74,5.542553726842287
1998-03-16,1998,3,75,7.251896492875123
1998-03-17,1998,3,76,0.0
1998-03-18,1998,3,77,0.0
1998-03-19,1998,3,78,0.0
1998-03-20,1998,3,79,0.0
1998-03-21,1998,3,80,0.0
1998-03-22,1998,3,81,0.0
1998-03-23,1998,3,82,0.6373823757547544
1998-03-24,1998,3,83,0.0
1998-03-25,1998,3,84,0.050568535068449855
1998-03-26,1998,3,85,0.0
1998-03-27,1998,3,86,0.0
1998-03-28,1998,3,87,0.03121188244660287
1998-03-29,1998,3,88,1.3389552074716762
1998-03-30,1998,3,89,0.0
1998-03-31,1998,3,90,0.0
1998-04-01,1998,4,91,0.0
1998-04-02,1998,4,92,0.0
1998-04-03,1998,4,93,0.0
1998-04-04,1998,4,94,1.4611851584737692
1998-04-05,1998,4,95,0.9545974428059202
1998-04-06,1998,4,96,0.0626219054420687
1998-04-07,1998,4,97,2.1516038863803955
1998-04-08,1998,4,98,0.03934410359988176
1998-04-09,1998,4,99,0.0
1998-04-10,1998,4,100,0.0
1998-04-11,1998,4,101,0.0
1998-04-12,1998,4,102,0.0
1998-04-13,1998,4,103,0.0
1998-04-14,1998,4,104,0.0
1998-04-15,1998,4,105,0.0
1998-04-16,1998,4,106,0.0
1998-04-17,1998,4,107,0.6025769018983882
1998-04-18,1998,4,108,0.20203269069380708
1998-04-19,1998,4,109,1.345466215996632
1998-04-20,1998,4,110,0.0
1998-04-21,1998,4,111,1.5798053415085174
1998-04-22,1998,4,112,0.0
1998-04-23,1998,4,113,0.0015494029493340082
1998-04-24,1998,4,114,0.0
1998-04-25,1998,4,115,0.0
1998-04-26,1998,4,116,0.0
1998-04-27,1998,4,117,0.0
1998-04-28,1998,4,118,0.0
1998-04-29,1998,4,119,1.4112087194747975
1998-04-30,1998,4,120,4.255674265548524
1998-05-01,1998,5,121,7.928929383670968
1998-05-02,1998,5,122,14.138796287412406
1998-05-03,1998,5,123,0.1929570349649987
1998-05-04,1998,5,124,0.0
1998-05-05,1998,5,125,0.0
1998-05-06,1998,5,126,0.0
1998-05-07,1998,5,127,0.0
1998-05-08,1998,5,128,0.0
1998-05-09,1998,5,129,0.0
1998-05-10,1998,5,130,0.0
1998-05-11,1998,5,131,0.0
1998-05-12,1998,5,132,0.0
1998-05-13,1998,5,133,0.0
1998-05-14,1998,5,134,0.0
1998-05-15,1998,5,135,0.0
1998-05-16,1998,5,136,0.0
1998-05-17,1998,5,137,0.0
1998-05-18,1998,5,138,0.0
1998-05-19,1998,5,139,0.0
1998-05-20,1998,5,140,0.0
1998-05-21,1998,5,141,0.0
1998-05-22,1998,5,142,2.976338219009308
1998-05-23,1998,5,143,0.26474752830662274
1998-05-24,1998,5,144,0.23165407963256707
1998-05-25,1998,5,145,14.165659850136073
1998-05-26,1998,5,146,9.32101782408145
1998-05-27,1998,5,147,2.4770601228862725
1998-05-28,1998,5,148,0.0
1998-05-29,1998,5,149,0.0
1998-05-30,1998,5,150,27.21416620525828
1998-05-31,1998,5,151,8.11136458649427
1998-06-01,1998,6,152,18.561368401886156
1998-06-02,1998,6,153,24.664060190588163
1998-06-03,1998,6,154,12.131727977706106
1998-06-04,1998,6,155,3.9802573699673336
1998-06-05,1998,6,156,5.20488188158475
1998-06-06,1998,6,157,7.610101464475027
1998-06-07,1998,6,158,6.5606936768986985
1998-06-08,1998,6,159,2.5253419809701003
1998-06-09,1998,6,160,8.892528202662428
1998-06-10,1998,6,161,0.0
1998-06-11,1998,6,162,0.0
1998-06-12,1998,6,163,0.0
1998-06-13,1998,6,164,0.0
1998-06-14,1998,6,165,0.0
1998-06-15,1998,6,166,6.505985224461494
1998-06-16,1998,6,167,5.304560078957599
1998-06-17,1998,6,168,0.2772479225859851
1998-06-18,1998,6,169,10.42186934649689
1998-06-19,1998,6,170,0.0
1998-06-20,1998,6,171,0.0
1998-06-21,1998,6,172,13.314214691609115
1998-06-22,1998,6,173,12.491264844206325
1998-06-23,1998,6,174,12.05232370982542
1998-06-24,1998,6,175,17.45647814790715
1998-06-25,1998,6,176,14.794046051295886
1998-06-26,1998,6,177,9.111382493323104
1998-06-27,1998,6,178,6.403270892843593
1998-06-28,1998,6,179,4.900017041371435
1998-06-29,1998,6,180,8.416048206829473
1998-06-30,1998,6,181,8.981745712146251
1998-07-01,1998,7,182,30.579386683131457
1998-07-02,1998,7,183,0.3424519595674909
1998-07-03,1998,7,184,11.951824508166863
1998-07-04,1998,7,185,0.0
1998-07-05,1998,7,186,6.425584990036416
1998-07-06,1998,7,187,0.38685959327292424
1998-07-07,1998,7,188,0.10591026954193246
1998-07-08,1998,7,189,21.562926247881943
1998-07-09,1998,7,190,6.160934533129008
1998-07-10,1998,7,191,37.39571807603093
1998-07-11,1998,7,192,10.25089946994438
1998-07-12,1998,7,193,10.62205836388834
1998-07-13,1998,7,194,1.7952605195809554
1998-07-14,1998,7,195,7.0012304199589765
1998-07-15,1998,7,196,14.718599780768335
1998-07-16,1998,7,197,5.058817221246016
1998-07-17,1998,7,198,4.0286205179587125
1998-07-18,1998,7,199,4.803499755740881
1998-07-19,1998,7,200,2.0244601636537656
1998-07-20,1998,7,201,1.1572023669980793
1998-07-21,1998,7,202,9.764414461433327
1998-07-22,1998,7,203,10.771940673940081
1998-07-23,1998,7,204,8.109286210837277
1998-07-24,1998,7,205,1.2122229955701003
1998-07-25,1998,7,206,0.0
1998-07-26,1998,7,207,9.457732585013781
1998-07-27,1998,7,208,12.411953635877696
1998-07-28,1998,7,209,12.431794962927944
1998-07-29,1998,7,210,0.9258180478748953
1998-07-30,1998,7,211,4.493595251847049
1998-07-31,1998,7,212,0.04549935258343982
1998-08-01,1998,8,213,7.772851125848735
1998-08-02,1998,8,214,4.20591068584488
1998-08-03,1998,8,215,0.10418855418684958
1998-08-04,1998,8,216,20.41457420592647
1998-08-05,1998,8,217,15.891245399669597
1998-08-06,1998,8,218,11.408786247403784
1998-08-07,1998,8,219,0.004062013025455426
1998-08-08,1998,8,220,0.0013592778461655696
1998-08-09,1998,8,221,0.2643226022483348
1998-08-10,1998,8,222,0.10269909264598019
1998-08-11,1998,8,223,0.0
1998-08-12,1998,8,224,0.8552694559710191
1998-08-13,1998,8,225,4.499366525206285
1998-08-14,1998,8,226,8.486343377251451
1998-08-15,1998,8,227,2.8756728092625083
1998-08-16,1998,8,228,2.2298993273688468
1998-08-17,1998,8,229,7.637357900463422
1998-08-18,1998,8,230,6.479089484831771
1998-08-19,1998,8,231,0.0
1998-08-20,1998,8,232,1.7684188203721751
1998-08-21,1998,8,233,3.8992698751358064
1998-08-22,1998,8,234,6.063438963665345
1998-08-23,1998,8,235,7.834138169488851
1998-08-24,1998,8,236,22.471699968606057
1998-08-25,1998,8,237,10.097202074149786
1998-08-26,1998,8,238,3.937431736082324
1998-08-27,1998,8,239,3.140593743671591
1998-08-28,1998,8,240,23.775284601258946
1998-08-29,1998,8,241,14.945321097165573
1998-08-30,1998,8,242,3.992607848094689
1998-08-31,1998,8,243,11.520285370008702
1998-09-01,1998,9,244,28.901242768958582
1998-09-02,1998,9,245,0.0
1998-09-03,1998,9,246,22.968960358939214
1998-09-04,1998,9,247,12.661675226106128
1998-09-05,1998,9,248,17.720286195872685
1998-09-06,1998,9,249,22.0383025118706
1998-09-07,1998,9,250,14.320872462500644
1998-09-08,1998,9,251,23.186348491993947
1998-09-09,1998,9,252,10.863405442993763
1998-09-10,1998,9,253,2.9763506187162747
1998-09-11,1998,9,254,1.1614162854486383
1998-09-12,1998,9,255,8.661817978055636
1998-09-13,1998,9,256,14.875501502346765
1998-09-14,1998,9,257,20.191086058547175
1998-09-15,1998,9,258,4.141804714129333
1998-09-16,1998,9,259,4.724921147079682
1998-09-17,1998,9,260,4.045710345722205
1998-09-18,1998,9,261,0.0
1998-09-19,1998,9,262,11.393171635824283
1998-09-20,1998,9,263,13.42619177533095
1998-09-21,1998,9,264,15.721704358919729
1998-09-22,1998,9,265,7.966833883100018
1998-09-23,1998,9,266,6.3416437520466005
1998-09-24,1998,9,267,2.7450667331641623
1998-09-25,1998,9,268,8.205526901496816
1998-09-26,1998,9,269,2.7317993473373323
1998-09-27,1998,9,270,2.310418142042512
1998-09-28,1998,9,271,8.776908458453933
1998-09-29,1998,9,272,11.572848738618864
1998-09-30,1998,9,273,8.310813572126877
1998-10-01,1998,10,274,0.0
1998-10-02,1998,10,275,24.955564940803153
1998-10-03,1998,10,276,4.555280967359372
1998-10-04,1998,10,277,0.006598986819348176
1998-10-05,1998,10,278,0.0
1998-10-06,1998,10,279,3.1705756933135465
1998-10-07,1998,10,280,0.12924522197236338
1998-10-08,1998,10,281,2.9962802797479315
1998-10-09,1998,10,282,23.02702841395073
1998-10-10,1998,10,283,0.0
1998-10-11,1998,10,284,3.5670553550009245
1998-10-12,1998,10,285,10.246895247171757
1998-10-13,1998,10,286,7.4281653013613465
1998-10-14,1998,10,287,4.497628092459358
1998-10-15,1998,10,288,4.965469161975865
1998-10-16,1998,10,289,54.89058935243857
1998-10-17,1998,10,290,10.163287372188682
1998-10-18,1998,10,291,11.046093110866595
1998-10-19,1998,10,292,7.075296951954245
1998-10-20,1998,10,293,12.12683552478048
1998-10-21,1998,10,294,2.838306411475122
1998-10-22,1998,10,295,6.967965666310034
1998-10-23,1998,10,296,16.50301893184404
1998-10-24,1998,10,297,0.1803861077054505
1998-10-25,1998,10,298,17.437582454011295
1998-10-26,1998,10,299,0.9532737679836989
1998-10-27,1998,10,300,2.953728014317556
1998-10-28,1998,10,301,0.5289528483801044
1998-10-29,1998,10,302,8.39502867083317
1998-10-30,1998,10,303,0.0
1998-10-31,1998,10,304,4.7857399321869085
1998-11-01,1998,11,305,41.509149601649504
1998-11-02,1998,11,306,91.72911507754421
1998-11-03,1998,11,307,2.1610825684914348
1998-11-04,1998,11,308,1.5342549672980745
1998-11-05,1998,11,309,41.59454994234348
1998-11-06,1998,11,310,0.028346441705306577
1998-11-07,1998,11,311,0.0
1998-11-08,1998,11,312,0.0
1998-11-09,1998,11,313,0.0
1998-11-10,1998,11,314,0.0
1998-11-11,1998,11,315,0.5209711504064265
1998-11-12,1998,11,316,0.23665843483925683
1998-11-13,1998,11,317,0.0
1998-11-14,1998,11,318,0.0
1998-11-15,1998,11,319,0.0
1998-11-16,1998,11,320,1.6873207289435053
1998-11-17,1998,11,321,0.0
1998-11-18,1998,11,322,0.0
1998-11-19,1998,11,323,6.671363591126326
1998-11-20,1998,11,324,2.8060083353529657
1998-11-21,1998,11,325,8.995087068205525
1998-11-22,1998,11,326,7.280783503200624
1998-11-23,1998,11,327,3.8205079177351418
1998-11-24,1998,11,328,0.0
1998-11-25,1998,11,329,6.479768358854117
1998-11-26,1998,11,330,8.9678182619805
1998-11-27,1998,11,331,1.3443158594276932
1998-11-28,1998,11,332,4.47784654342832
1998-11-29,1998,11,333,0.0
1998-11-30,1998,11,334,0.0
1998-12-01,1998,12,335,0.0
1998-12-02,1998,12,336,0.0
1998-12-03,1998,12,337,0.20506931010126148
1998-12-04,1998,12,338,3.5413751956634067
1998-12-05,1998,12,339,0.0
1998-12-06,1998,12,340,5.5450417972979835
1998-12-07,1998,12,341,0.0
1998-12-08,1998,12,342,0.0
1998-12-09,1998,12,343,0.4466370083168213
1998-12-10,1998,12,344,0.08678053828928342
1998-12-11,1998,12,345,0.0
1998-12-12,1998,12,346,0.15888371703557308
1998-12-13,1998,12,347,0.0
1998-12-14,1998,12,348,0.0
1998-12-15,1998,12,349,0.0
1998-12-16,1998,12,350,0.0
1998-12-17,1998,12,351,0.026070696784577622
1998-12-18,1998,12,352,0.0
1998-12-19,1998,12,353,0.0
1998-12-20,1998,12,354,0.0
1998-12-21,1998,12,355,0.0
1998-12-22,1998,12,356,0.0
1998-12-23,1998,12,357,0.0
1998-12-24,1998,12,358,0.0
1998-12-25,1998,12,359,0.0
1998-12-26,1998,12,360,0.0
1998-12-27,1998,12,361,0.0
1998-12-28,1998,12,362,2.5997851917451533
1998-12-29,1998,12,363,0.0
1998-12-30,1998,12,364,0.0
1998-12-31,1998,12,365,0.0
1999-01-01,1999,1,1,0.0
1999-01-02,1999,1,2,0.3146810447853043
1999-01-03,1999,1,3,0.0
1999-01-04,1999,1,4,0.0
1999-01-05,1999,1,5,0.0
1999-01-06,1999,1,6,0.0
1999-01-07,1999,1,7,0.0
1999-01-08,1999,1,8,0.39754675776915566
1999-01-09,1999,1,9,0.0
1999-01-10,1999,1,10,0.0
1999-01-11,1999,1,11,0.0
1999-01-12,1999,1,12,0.0
1999-01-13,1999,1,13,0.0
1999-01-14,1999,1,14,0.0
1999-01-15,1999,1,15,0.16955221641645946
1999-01-16,1999,1,16,0.0
1999-01-17,1999,1,17,0.0
1999-01-18,1999,1,18,0.0
1999-01-19,1999,1,19,0.0
1999-01-20,1999,1,20,0.0
1999-01-21,1999,1,21,0.14202085359543945
1999-01-22,1999,1,22,0.0
1999-01-23,1999,1,23,0.4433208302799819
1999-01-24,1999,1,24,0.0
1999-01-25,1999,1,25,0.0
1999-01-26,1999,1,26,0.0
1999-01-27,1999,1,27,0.0
1999-01-28,1999,1,28,0.0
1999-01-29,1999,1,29,4.519926296203894
1999-01-30,1999,1,30,0.9462686761792339
1999-01-31,1999,1,31,0.0
1999-02-01,1999,2,32,0.0
1999-02-02,1999,2,33,0.0
1999-02-03,1999,2,34,0.0
1999-02-04,1999,2,35,0.0
1999-02-05,1999,2,36,0.0
1999-02-06,1999,2,37,0.0
1999-02-07,1999,2,38,0.0
1999-02-08,1999,2,39,0.6423840152471619
1999-02-09,1999,2,40,0.0
1999-02-10,1999,2,41,0.0
1999-02-11,1999,2,42,0.0
1999-02-12,1999,2,43,4.233476382754456
1999-02-13,1999,2,44,0.0
1999-02-14,1999,2,45,0.0
1999-02-15,1999,2,46,0.15379555887305646
1999-02-16,1999,2,47,0.0
1999-02-17,1999,2,48,0.0
1999-02-18,1999,2,49,0.0
1999-02-19,1999,2,50,0.012764857994151505
1999-02-20,1999,2,51,2.11636517470784
1999-02-21,1999,2,52,2.362536046069815
1999-02-22,1999,2,53,0.0034238032632744404
1999-02-23,1999,2,54,0.0
1999-02-24,1999,2,55,0.0
1999-02-25,1999,2,56,0.0
1999-02-26,1999,2,57,0.0
1999-02-27,1999,2,58,0.0
1999-02-28,1999,2,59,0.0
1999-03-01,1999,3,60,0.0
1999-03-02,1999,3,61,0.0
1999-03-03,1999,3,62,0.0
1999-03-04,1999,3,63,0.0
1999-03-05,1999,3,64,5.929140041808134
1999-03-06,1999,3,65,0.0
1999-03-07,1999,3,66,0.0
1999-03-08,1999,3,67,0.0
1999-03-09,1999,3,68,0.0
1999-03-10,1999,3,69,0.0
1999-03-11,1999,3,70,0.0
1999-03-12,1999,3,71,0.0
1999-03-13,1999,3,72,0.0
1999-03-14,1999,3,73,0.0
1999-03-15,1999,3,74,0.0
1999-03-16,1999,3,75,0.0
1999-03-17,1999,3,76,7.3180836495315305
1999-03-18,1999,3,77,0.0
1999-03-19,1999,3,78,0.0
1999-03-20,1999,3,79,0.0
1999-03-21,1999,3,80,0.0
1999-03-22,1999,3,81,0.5379912640257789
1999-03-23,1999,3,82,9.189834766543209
1999-03-24,1999,3,83,0.0
1999-03-25,1999,3,84,0.0
1999-03-26,1999,3,85,0.0
1999-03-27,1999,3,86,0.0
1999-03-28,1999,3,87,0.0
1999-03-29,1999,3,88,0.0
1999-03-30,1999,3,89,0.0
1999-03-31,1999,3,90,0.0
1999-04-01,1999,4,91,0.0
1999-04-02,1999,4,92,0.0
1999-04-03,1999,4,93,0.0
1999-04-04,1999,4,94,0.0
1999-04-05,1999,4,95,0.0
1999-04-06,1999,4,96,0.0
1999-04-07,1999,4,97,0.0
1999-04-08,1999,4,98,0.0
1999-04-09,1999,4,99,0.0
1999-04-10,1999,4,100,0.0
1999-04-11,1999,4,101,0.0
1999-04-12,1999,4,102,0.0
1999-04-13,1999,4,103,0.0
1999-04-14,1999,4,104,0.0
1999-04-15,1999,4,105,0.0
1999-04-16,1999,4,106,0.0
1999-04-17,1999,4,107,0.0
1999-04-18,1999,4,108,1.106795208823916
1999-04-19,1999,4,109,2.2942363795502736
1999-04-20,1999,4,110,3.6069892681400915
1999-04-21,1999,4,111,3.550146801510527
1999-04-22,1999,4,112,0.0
1999-04-23,1999,4,113,0.0
1999-04-24,1999,4,114,0.05769152955919019
1999-04-25,1999,4,115,8.690641421840654
1999-04-26,1999,4,116,7.057518129279293
1999-04-27,1999,4,117,5.094974901498436
1999-04-28,1999,4,118,10.566216173801239
1999-04-29,1999,4,119,7.479820650974298
1999-04-30,1999,4,120,0.0
1999-05-01,1999,5,121,0.0
1999-05-02,1999,5,122,0.0
1999-05-03,1999,5,123,2.1112600607349
1999-05-04,1999,5,124,5.565182757765795
1999-05-05,1999,5,125,2.978544574419249
1999-05-06,1999,5,126,8.97987364067823
1999-05-07,1999,5,127,6.634750525667408
1999-05-08,1999,5,128,9.825131760362693
1999-05-09,1999,5,129,14.31601325681093
1999-05-10,1999,5,130,7.147837321678593
1999-05-11,1999,5,131,0.09706666026242085
1999-05-12,1999,5,132,6.004702494352826
1999-05-13,1999,5,133,6.198088679695702
1999-05-14,1999,5,134,6.198088679695702
1999-05-15,1999,5,135,9.749096145973109
1999-05-16,1999,5,136,4.464488039592852
1999-05-17,1999,5,137,0.0
1999-05-18,1999,5,138,3.03405834367976
1999-05-19,1999,5,139,0.0
1999-05-20,1999,5,140,11.428203633430176
1999-05-21,1999,5,141,1.383776013373103
1999-05-22,1999,5,142,2.7617335088659583
1999-05-23,1999,5,143,0.047246754016238804
1999-05-24,1999,5,144,0.0
1999-05-25,1999,5,145,1.4260473247767516
1999-05-26,1999,5,146,11.012624252220457
1999-05-27,1999,5,147,6.897227590116764
1999-05-28,1999,5,148,10.404947892712444
1999-05-29,1999,5,149,2.6909290064372047
1999-05-30,1999,5,150,0.0
1999-05-31,1999,5,151,0.0
1999-06-01,1999,6,152,10.965589234843248
1999-06-02,1999,6,153,11.561732272562454
1999-06-03,1999,6,154,2.7920861667103516
1999-06-04,1999,6,155,5.221710915022053
1999-06-05,1999,6,156,10.564250875356983
1999-06-06,1999,6,157,14.176661420093199
1999-06-07,1999,6,158,1.5889649393217322
1999-06-08,1999,6,159,18.825962365133286
1999-06-09,1999,6,160,18.69142429524236
1999-06-10,1999,6,161,2.984791037764627
1999-06-11,1999,6,162,18.487982057564878
1999-06-12,1999,6,163,20.567037284323163
1999-06-13,1999,6,164,21.12756480369797
1999-06-14,1999,6,165,16.95842842986263
1999-06-15,1999,6,166,0.3522093353255141
1999-06-16,1999,6,167,23.11374711908637
1999-06-17,1999,6,168,18.544786969922807
1999-06-18,1999,6,169,21.13308880670314
1999-06-19,1999,6,170,7.495159418948614
1999-06-20,1999,6,171,1.2286927052410426
1999-06-21,1999,6,172,7.816786174500407
1999-06-22,1999,6,173,20.269763354470612
1999-06-23,1999,6,174,8.39687584584456
1999-06-24,1999,6,175,4.897319773781882
1999-06-25,1999,6,176,20.72695572292488
1999-06-26,1999,6,177,14.167739139220197
1999-06-27,1999,6,178,0.14492365000282686
1999-06-28,1999,6,179,1.8578577785279473
1999-06-29,1999,6,180,13.042866988476263
1999-06-30,1999,6,181,14.316427455156813
1999-07-01,1999,7,182,9.844112730475706
1999-07-02,1999,7,183,19.582309842620425
1999-07-03,1999,7,184,0.009082172196853233
1999-07-04,1999,7,185,39.2063975591586
1999-07-05,1999,7,186,10.386690509554251
1999-07-06,1999,7,187,2.71426564010679
1999-07-07,1999,7,188,0.0
1999-07-08,1999,7,189,2.099470510376552
1999-07-09,1999,7,190,17.804835458239022
1999-07-10,1999,7,191,10.912104214882383
1999-07-11,1999,7,192,2.9445749849157656
1999-07-12,1999,7,193,3.823446121804206
1999-07-13,1999,7,194,0.0
1999-07-14,1999,7,195,12.533906778108392
1999-07-15,1999,7,196,0.31170006419413093
1999-07-16,1999,7,197,22.154281785167377
1999-07-17,1999,7,198,18.079772683117465
1999-07-18,1999,7,199,0.0
1999-07-19,1999,7,200,1.5630015494380127
1999-07-20,1999,7,201,13.248507312964252
1999-07-21,1999,7,202,0.7713491839022338
1999-07-22,1999,7,203,0.0
1999-07-23,1999,7,204,0.0
1999-07-24,1999,7,205,4.849839694293627
1999-07-25,1999,7,206,10.077701431926542
1999-07-26,1999,7,207,0.8407163099029071
1999-07-27,1999,7,208,0.05549854852240007
1999-07-28,1999,7,209,0.0
1999-07-29,1999,7,210,11.009293313044818
1999-07-30,1999,7,211,12.19082142730605
1999-07-31,1999,7,212,0.0
1999-08-01,1999,8,213,2.1256909289212955
1999-08-02,1999,8,214,3.764040167196857
1999-08-03,1999,8,215,7.530289024701972
1999-08-04,1999,8,216,6.992635987207434
1999-08-05,1999,8,217,0.11791423966768162
1999-08-06,1999,8,218,0.19070245061251684
1999-08-07,1999,8,219,14.606772130028041
1999-08-08,1999,8,220,7.470381328767451
1999-08-09,1999,8,221,2.091082969075508
1999-08-10,1999,8,222,2.603800296579147
1999-08-11,1999,8,223,0.8324874976606786
1999-08-12,1999,8,224,6.27272738701478
1999-08-13,1999,8,225,6.27272738701478
1999-08-14,1999,8,226,6.363413013651928
1999-08-15,1999,8,227,6.1677175876720405
1999-08-16,1999,8,228,4.613140907978134
1999-08-17,1999,8,229,12.136604444941804
1999-08-18,1999,8,230,20.796832626664752
1999-08-19,1999,8,231,24.421295439778174
1999-08-20,1999,8,232,13.727420762347277
1999-08-21,1999,8,233,2.203570868280471
1999-08-22,1999,8,234,4.625832232227669
1999-08-23,1999,8,235,7.465783851414332
1999-08-24,1999,8,236,12.586578934950612
1999-08-25,1999,8,237,15.999446487671921
1999-08-26,1999,8,238,16.02782805965002
1999-08-27,1999,8,239,5.621368033822623
1999-08-28,1999,8,240,2.9586843710836432
1999-08-29,1999,8,241,3.634842419940995
1999-08-30,1999,8,242,0.17138278504774523
1999-08-31,1999,8,243,0.38310197335384605
1999-09-01,1999,9,244,6.217855348072199
1999-09-02,1999,9,245,33.76430987085965
1999-09-03,1999,9,246,0.0
1999-09-04,1999,9,247,1.4392536393372342
1999-09-05,1999,9,248,20.992772677665922
1999-09-06,1999,9,249,3.4922718880211274
1999-09-07,1999,9,250,2.4682002342349967
1999-09-08,1999,9,251,15.862902695946747
1999-09-09,1999,9,252,22.634836613672253
1999-09-10,1999,9,253,13.379705096680384
1999-09-11,1999,9,254,18.343009072281706
1999-09-12,1999,9,255,6.889931125935061
1999-09-13,1999,9,256,5.978854842337157
1999-09-14,1999,9,257,17.909767811790733
1999-09-15,1999,9,258,5.302534546827596
1999-09-16,1999,9,259,0.0
1999-09-17,1999,9,260,13.238779800818739
1999-09-18,1999,9,261,9.801026212934154
1999-09-19,1999,9,262,5.37829359944498
1999-09-20,1999,9,263,33.04036266127507
1999-09-21,1999,9,264,43.942425360920694
1999-09-22,1999,9,265,23.509627415772265
1999-09-23,1999,9,266,7.141170013635305
1999-09-24,1999,9,267,2.8287717677020785
1999-09-25,1999,9,268,0.0977288109682111
1999-09-26,1999,9,269,19.775610847358738
1999-09-27,1999,9,270,12.213214308559742
1999-09-28,1999,9,271,14.099996957190546
1999-09-29,1999,9,272,12.187282804351847
1999-09-30,1999,9,273,10.817297359562982
1999-10-01,1999,10,274,19.120231749568116
1999-10-02,1999,10,275,10.389309214442433
1999-10-03,1999,10,276,34.71140522168248
1999-10-04,1999,10,277,5.7486598992204705
1999-10-05,1999,10,278,3.124185690025846
1999-10-06,1999,10,279,0.7001230421491229
1999-10-07,1999,10,280,29.899829848566522
1999-10-08,1999,10,281,10.503285907330225
1999-10-09,1999,10,282,0.0429046952836822
1999-10-10,1999,10,283,0.01565695636376624
1999-10-11,1999,10,284,11.060690497780012
1999-10-12,1999,10,285,14.772317780524926
1999-10-13,1999,10,286,23.262886911962614
1999-10-14,1999,10,287,0.0022428677239373085
1999-10-15,1999,10,288,0.008240609671585358
1999-10-16,1999,10,289,16.813265799250274
1999-10-17,1999,10,290,19.719323653488356
1999-10-18,1999,10,291,6.154376954529771
1999-10-19,1999,10,292,3.083853399028304
1999-10-20,1999,10,293,5.867952036980185
1999-10-21,1999,10,294,14.23462797825216
1999-10-22,1999,10,295,1.3327458711802298
1999-10-23,1999,10,296,0.10801545431599621
1999-10-24,1999,10,297,5.08908551078427
1999-10-25,1999,10,298,6.853559913038697
1999-10-26,1999,10,299,0.0
1999-10-27,1999,10,300,0.0
1999-10-28,1999,10,301,0.0
1999-10-29,1999,10,302,0.0
1999-10-30,1999,10,303,0.0
1999-10-31,1999,10,304,0.0
1999-11-01,1999,11,305,7.958086968285466
1999-11-02,1999,11,306,0.0
1999-11-03,1999,11,307,2.7183115268836393
1999-11-04,1999,11,308,0.0
1999-11-05,1999,11,309,0.004109379360587963
1999-11-06,1999,11,310,0.0
1999-11-07,1999,11,311,0.0
1999-11-08,1999,11,312,0.0
1999-11-09,1999,11,313,6.082110767601491
1999-11-10,1999,11,314,2.510778003404972
1999-11-11,1999,11,315,13.503489218518174
1999-11-12,1999,11,316,0.0
1999-11-13,1999,11,317,8.849079553756123
1999-11-14,1999,11,318,0.0
1999-11-15,1999,11,319,3.7380731467416175
1999-11-16,1999,11,320,0.0
1999-11-17,1999,11,321,3.288580772911471
1999-11-18,1999,11,322,0.03007765784668126
1999-11-19,1999,11,323,0.0
1999-11-20,1999,11,324,0.0
1999-11-21,1999,11,325,0.0
1999-11-22,1999,11,326,0.0
1999-11-23,1999,11,327,0.0
1999-11-24,1999,11,328,0.0
1999-11-25,1999,11,329,0.0
1999-11-26,1999,11,330,0.0
1999-11-27,1999,11,331,0.0
1999-11-28,1999,11,332,0.0
1999-11-29,1999,11,333,0.0
1999-11-30,1999,11,334,0.0
1999-12-01,1999,12,335,0.0
1999-12-02,1999,12,336,0.0
1999-12-03,1999,12,337,0.0
1999-12-04,1999,12,338,0.0
1999-12-05,1999,12,339,0.0
1999-12-06,1999,12,340,0.0
1999-12-07,1999,12,341,0.0
1999-12-08,1999,12,342,0.0
1999-12-09,1999,12,343,0.0
1999-12-10,1999,12,344,0.0
1999-12-11,1999,12,345,0.0
1999-12-12,1999,12,346,0.0
1999-12-13,1999,12,347,0.0
1999-12-14,1999,12,348,0.4927828228667749
1999-12-15,1999,12,349,6.631967279680182
1999-12-16,1999,12,350,3.1011319608390076
1999-12-17,1999,12,351,0.0
1999-12-18,1999,12,352,0.0
1999-12-19,1999,12,353,0.0
1999-12-20,1999,12,354,3.0723195748647876
1999-12-21,1999,12,355,8.769558197224152
1999-12-22,1999,12,356,0.0
1999-12-23,1999,12,357,0.0
1999-12-24,1999,12,358,0.0
1999-12-25,1999,12,359,0.0
1999-12-26,1999,12,360,0.0
1999-12-27,1999,12,361,0.0
1999-12-28,1999,12,362,0.0
1999-12-29,1999,12,363,0.0
1999-12-30,1999,12,364,0.0
1999-12-31,1999,12,365,0.0
