date,year,month,doy,chirps_precip_mm
1981-01-01,1981,1,1,0.0
1981-01-02,1981,1,2,0.0
1981-01-03,1981,1,3,0.0
1981-01-04,1981,1,4,0.0
1981-01-05,1981,1,5,0.0
1981-01-06,1981,1,6,0.7780833821983142
1981-01-07,1981,1,7,0.990378554805079
1981-01-08,1981,1,8,0.0
1981-01-09,1981,1,9,0.0
1981-01-10,1981,1,10,0.0
1981-01-11,1981,1,11,0.0
1981-01-12,1981,1,12,0.0
1981-01-13,1981,1,13,0.0
1981-01-14,1981,1,14,0.0
1981-01-15,1981,1,15,0.0
1981-01-16,1981,1,16,0.0
1981-01-17,1981,1,17,0.0
1981-01-18,1981,1,18,0.0
1981-01-19,1981,1,19,0.0
1981-01-20,1981,1,20,0.0
1981-01-21,1981,1,21,0.0
1981-01-22,1981,1,22,1.9619563871606769
1981-01-23,1981,1,23,0.0
1981-01-24,1981,1,24,0.14099835103254799
1981-01-25,1981,1,25,0.22448426418664016
1981-01-26,1981,1,26,0.0
1981-01-27,1981,1,27,0.0
1981-01-28,1981,1,28,0.0
1981-01-29,1981,1,29,1.8472830175638402
1981-01-30,1981,1,30,0.0
1981-01-31,1981,1,31,0.0
1981-02-01,1981,2,32,0.0
1981-02-02,1981,2,33,0.0
1981-02-03,1981,2,34,0.0
1981-02-04,1981,2,35,0.0
1981-02-05,1981,2,36,0.9485747958210257
1981-02-06,1981,2,37,0.0
1981-02-07,1981,2,38,0.0
1981-02-08,1981,2,39,0.0
1981-02-09,1981,2,40,0.0
1981-02-10,1981,2,41,0.0
1981-02-11,1981,2,42,0.0
1981-02-12,1981,2,43,0.0
1981-02-13,1981,2,44,0.0033154499867887916
1981-02-14,1981,2,45,0.0
1981-02-15,1981,2,46,2.030577594537253
1981-02-16,1981,2,47,0.0
1981-02-17,1981,2,48,1.0428928043102748
1981-02-18,1981,2,49,0.0
1981-02-19,1981,2,50,0.0
1981-02-20,1981,2,51,0.7269073405016562
1981-02-21,1981,2,52,7.294774808889796
1981-02-22,1981,2,53,0.0
1981-02-23,1981,2,54,0.0
1981-02-24,1981,2,55,0.0
1981-02-25,1981,2,56,0.0
1981-02-26,1981,2,57,0.0
1981-02-27,1981,2,58,0.0
1981-02-28,1981,2,59,0.0
1981-03-01,1981,3,60,0.0
1981-03-02,1981,3,61,2.97235584136453
1981-03-03,1981,3,62,2.0985277671536116
1981-03-04,1981,3,63,0.24230288912724915
1981-03-05,1981,3,64,0.0
1981-03-06,1981,3,65,0.0
1981-03-07,1981,3,66,0.0
1981-03-08,1981,3,67,0.0
1981-03-09,1981,3,68,0.0
1981-03-10,1981,3,69,0.0
1981-03-11,1981,3,70,0.0
1981-03-12,1981,3,71,0.0
1981-03-13,1981,3,72,0.0
1981-03-14,1981,3,73,0.0
1981-03-15,1981,3,74,0.0
1981-03-16,1981,3,75,1.87730217735892
1981-03-17,1981,3,76,12.896666647638128
1981-03-18,1981,3,77,1.9101115455970668
1981-03-19,1981,3,78,0.0
1981-03-20,1981,3,79,0.0
1981-03-21,1981,3,80,7.944251633216504
1981-03-22,1981,3,81,0.9113916969748778
1981-03-23,1981,3,82,6.501931071766646
1981-03-24,1981,3,83,5.712285812200394
1981-03-25,1981,3,84,3.7712283326247467
1981-03-26,1981,3,85,7.981069728004289
1981-03-27,1981,3,86,0.0
1981-03-28,1981,3,87,0.0
1981-03-29,1981,3,88,0.0
1981-03-30,1981,3,89,0.0
1981-03-31,1981,3,90,0.0
1981-04-01,1981,4,91,0.0
1981-04-02,1981,4,92,0.0
1981-04-03,1981,4,93,0.0
1981-04-04,1981,4,94,0.0
1981-04-05,1981,4,95,0.0
1981-04-06,1981,4,96,0.0
1981-04-07,1981,4,97,0.0
1981-04-08,1981,4,98,3.9896967636793215
1981-04-09,1981,4,99,0.0
1981-04-10,1981,4,100,0.0
1981-04-11,1981,4,101,0.0
1981-04-12,1981,4,102,0.0
1981-04-13,1981,4,103,4.229292855905281
1981-04-14,1981,4,104,0.0
1981-04-15,1981,4,105,0.12425514848802269
1981-04-16,1981,4,106,6.437708997430205
1981-04-17,1981,4,107,6.437708997430205
1981-04-18,1981,4,108,0.6133654755001509
1981-04-19,1981,4,109,6.13847370344855
1981-04-20,1981,4,110,4.579588230645034
1981-04-21,1981,4,111,0.0
1981-04-22,1981,4,112,7.034305574654921
1981-04-23,1981,4,113,0.0
1981-04-24,1981,4,114,0.0
1981-04-25,1981,4,115,13.209150906393644
1981-04-26,1981,4,116,8.081625025090544
1981-04-27,1981,4,117,0.0
1981-04-28,1981,4,118,0.0
1981-04-29,1981,4,119,0.0
1981-04-30,1981,4,120,0.0
1981-05-01,1981,5,121,12.620461645857741
1981-05-02,1981,5,122,7.240207742807083
1981-05-03,1981,5,123,14.159317523368731
1981-05-04,1981,5,124,16.031600875127182
1981-05-05,1981,5,125,8.287097858688007
1981-05-06,1981,5,126,4.890942732493083
1981-05-07,1981,5,127,6.431766897669795
1981-05-08,1981,5,128,0.8478035551927595
1981-05-09,1981,5,129,4.890942732493083
1981-05-10,1981,5,130,0.0
1981-05-11,1981,5,131,0.0
1981-05-12,1981,5,132,2.8312155388825557
1981-05-13,1981,5,133,0.0
1981-05-14,1981,5,134,0.0
1981-05-15,1981,5,135,0.0
1981-05-16,1981,5,136,2.212144043931822
1981-05-17,1981,5,137,1.21679044066072
1981-05-18,1981,5,138,7.093844141322727
1981-05-19,1981,5,139,2.0846853267972865
1981-05-20,1981,5,140,7.113311987098916
1981-05-21,1981,5,141,0.7585493187262855
1981-05-22,1981,5,142,0.13631997378136015
1981-05-23,1981,5,143,10.777218686890784
1981-05-24,1981,5,144,4.786476737531517
1981-05-25,1981,5,145,8.033028534670212
1981-05-26,1981,5,146,3.0239466753083613
1981-05-27,1981,5,147,6.5847615082241475
1981-05-28,1981,5,148,16.75811121610872
1981-05-29,1981,5,149,8.832943395456907
1981-05-30,1981,5,150,22.725413332868047
1981-05-31,1981,5,151,6.158448099936802
1981-06-01,1981,6,152,15.031504179947175
1981-06-02,1981,6,153,9.167900430257237
1981-06-03,1981,6,154,16.923700904682754
1981-06-04,1981,6,155,6.6002510932131315
1981-06-05,1981,6,156,12.955435614557276
1981-06-06,1981,6,157,9.762800355905533
1981-06-07,1981,6,158,5.742654870081479
1981-06-08,1981,6,159,3.725428543442217
1981-06-09,1981,6,160,21.34837029219287
1981-06-10,1981,6,161,13.646283753631252
1981-06-11,1981,6,162,16.89912577439499
1981-06-12,1981,6,163,14.07883014756589
1981-06-13,1981,6,164,9.136814189243237
1981-06-14,1981,6,165,4.995090464240175
1981-06-15,1981,6,166,7.128765813999944
1981-06-16,1981,6,167,13.426242163371306
1981-06-17,1981,6,168,22.38431321706339
1981-06-18,1981,6,169,9.35883474574706
1981-06-19,1981,6,170,9.124062451319297
1981-06-20,1981,6,171,1.438877864280315
1981-06-21,1981,6,172,14.101584353197714
1981-06-22,1981,6,173,27.681910042489
1981-06-23,1981,6,174,22.674307431128668
1981-06-24,1981,6,175,10.461870277244616
1981-06-25,1981,6,176,0.0
1981-06-26,1981,6,177,15.689604847269788
1981-06-27,1981,6,178,2.6675708010958727
1981-06-28,1981,6,179,29.600694827167207
1981-06-29,1981,6,180,3.124677457764502
1981-06-30,1981,6,181,0.26598129072246535
1981-07-01,1981,7,182,0.5701057367480098
1981-07-02,1981,7,183,2.0532353174614926
1981-07-03,1981,7,184,14.144592612547656
1981-07-04,1981,7,185,9.966446158716385
1981-07-05,1981,7,186,0.11637215667436955
1981-07-06,1981,7,187,5.719976269902589
1981-07-07,1981,7,188,7.0011849019296575
1981-07-08,1981,7,189,12.687162455168156
1981-07-09,1981,7,190,9.254396176379059
1981-07-10,1981,7,191,2.788183486860026
1981-07-11,1981,7,192,1.8697971137242129
1981-07-12,1981,7,193,0.0
1981-07-13,1981,7,194,23.678658614326157
1981-07-14,1981,7,195,1.4628572020657369
1981-07-15,1981,7,196,0.14009840098220055
1981-07-16,1981,7,197,9.051566146231147
1981-07-17,1981,7,198,9.01286008088325
1981-07-18,1981,7,199,0.0
1981-07-19,1981,7,200,0.422524396639761
1981-07-20,1981,7,201,5.891105799258215
1981-07-21,1981,7,202,3.3568236200648087
1981-07-22,1981,7,203,11.805886129895748
1981-07-23,1981,7,204,8.193757650784786
1981-07-24,1981,7,205,0.06606236909737216
1981-07-25,1981,7,206,15.554467885026385
1981-07-26,1981,7,207,12.548255788329943
1981-07-27,1981,7,208,5.194081442010842
1981-07-28,1981,7,209,12.066935100612627
1981-07-29,1981,7,210,0.0
1981-07-30,1981,7,211,0.09416455658665046
1981-07-31,1981,7,212,0.0
1981-08-01,1981,8,213,0.6340794587554132
1981-08-02,1981,8,214,0.0
1981-08-03,1981,8,215,2.8821797530775712
1981-08-04,1981,8,216,0.01580906833658488
1981-08-05,1981,8,217,2.3064938421267773
1981-08-06,1981,8,218,0.11184257611108829
1981-08-07,1981,8,219,24.936580623432224
1981-08-08,1981,8,220,7.523723573590714
1981-08-09,1981,8,221,5.543481493874707
1981-08-10,1981,8,222,0.0
1981-08-11,1981,8,223,12.922407667557193
1981-08-12,1981,8,224,22.032560019995685
1981-08-13,1981,8,225,21.549750279031866
1981-08-14,1981,8,226,0.0
1981-08-15,1981,8,227,0.6272413902233683
1981-08-16,1981,8,228,1.1765554368036266
1981-08-17,1981,8,229,6.848108610334617
1981-08-18,1981,8,230,14.168222330121168
1981-08-19,1981,8,231,10.427940193566892
1981-08-20,1981,8,232,15.963412777010765
1981-08-21,1981,8,233,13.125191376570871
1981-08-22,1981,8,234,15.645980808606184
1981-08-23,1981,8,235,4.734813993980258
1981-08-24,1981,8,236,10.952675481892696
1981-08-25,1981,8,237,20.113882103227812
1981-08-26,1981,8,238,26.24637945860803
1981-08-27,1981,8,239,26.751737052799804
1981-08-28,1981,8,240,28.59148390679249
1981-08-29,1981,8,241,9.352635210461361
1981-08-30,1981,8,242,0.0
1981-08-31,1981,8,243,0.0
1981-09-01,1981,9,244,8.109857069598167
1981-09-02,1981,9,245,3.5743924743514244
1981-09-03,1981,9,246,10.581930949122048
1981-09-04,1981,9,247,8.72564989782953
1981-09-05,1981,9,248,3.492108846436021
1981-09-06,1981,9,249,1.0729013770282423
1981-09-07,1981,9,250,13.231535802055038
1981-09-08,1981,9,251,25.725815891300194
1981-09-09,1981,9,252,10.220123918830785
1981-09-10,1981,9,253,4.321403655621774
1981-09-11,1981,9,254,5.530440865363847
1981-09-12,1981,9,255,0.38017011301682974
1981-09-13,1981,9,256,4.613437296185825
1981-09-14,1981,9,257,0.9486386246832396
1981-09-15,1981,9,258,21.777309217714503
1981-09-16,1981,9,259,23.466351493567412
1981-09-17,1981,9,260,0.0
1981-09-18,1981,9,261,0.04580233581268389
1981-09-19,1981,9,262,0.0
1981-09-20,1981,9,263,0.052932127173782526
1981-09-21,1981,9,264,0.5928909349564109
1981-09-22,1981,9,265,16.58018276685308
1981-09-23,1981,9,266,16.18418393077867
1981-09-24,1981,9,267,29.238258571837225
1981-09-25,1981,9,268,0.0
1981-09-26,1981,9,269,31.21788579046778
1981-09-27,1981,9,270,15.547709335500397
1981-09-28,1981,9,271,2.761217829092201
1981-09-29,1981,9,272,8.642587225153187
1981-09-30,1981,9,273,0.0
1981-10-01,1981,10,274,0.011208633122121359
1981-10-02,1981,10,275,0.10999753113577482
1981-10-03,1981,10,276,16.59071357983652
1981-10-04,1981,10,277,14.483696767991693
1981-10-05,1981,10,278,0.1693640327290173
1981-10-06,1981,10,279,2.9608526863189675
1981-10-07,1981,10,280,0.06906662052680819
1981-10-08,1981,10,281,18.116383776055912
1981-10-09,1981,10,282,0.0
1981-10-10,1981,10,283,7.867775001787383
1981-10-11,1981,10,284,25.446780722061593
1981-10-12,1981,10,285,9.537696265520553
1981-10-13,1981,10,286,0.0
1981-10-14,1981,10,287,0.0
1981-10-15,1981,10,288,0.0
1981-10-16,1981,10,289,0.0
1981-10-17,1981,10,290,7.286158620902586
1981-10-18,1981,10,291,2.622622250846644
1981-10-19,1981,10,292,0.6305122213069455
1981-10-20,1981,10,293,2.0747617118462807
1981-10-21,1981,10,294,0.0
1981-10-22,1981,10,295,0.0
1981-10-23,1981,10,296,5.159331393068227
1981-10-24,1981,10,297,15.661805479569425
1981-10-25,1981,10,298,3.2630595602127053
1981-10-26,1981,10,299,0.0
1981-10-27,1981,10,300,1.5955570931095493
1981-10-28,1981,10,301,8.1219915363047
1981-10-29,1981,10,302,5.0927540232405875
1981-10-30,1981,10,303,44.535133433321555
1981-10-31,1981,10,304,1.3286551828556012
1981-11-01,1981,11,305,0.0
1981-11-02,1981,11,306,0.0
1981-11-03,1981,11,307,0.0
1981-11-04,1981,11,308,10.431879063906994
1981-11-05,1981,11,309,0.0
1981-11-06,1981,11,310,0.0
1981-11-07,1981,11,311,0.0
1981-11-08,1981,11,312,0.0
1981-11-09,1981,11,313,1.0913112333113042
1981-11-10,1981,11,314,0.0
1981-11-11,1981,11,315,0.0
1981-11-12,1981,11,316,0.0
1981-11-13,1981,11,317,0.01384717292426076
1981-11-14,1981,11,318,0.0
1981-11-15,1981,11,319,0.0
1981-11-16,1981,11,320,0.0
1981-11-17,1981,11,321,0.0
1981-11-18,1981,11,322,0.0
1981-11-19,1981,11,323,0.0
1981-11-20,1981,11,324,0.0
1981-11-21,1981,11,325,0.0
1981-11-22,1981,11,326,2.579686110409898
1981-11-23,1981,11,327,1.8746367875796255
1981-11-24,1981,11,328,0.0
1981-11-25,1981,11,329,0.0
1981-11-26,1981,11,330,1.0054862192786445
1981-11-27,1981,11,331,0.9583580417314348
1981-11-28,1981,11,332,9.97478421457629
1981-11-29,1981,11,333,0.0
1981-11-30,1981,11,334,0.0
1981-12-01,1981,12,335,1.3512990985962705
1981-12-02,1981,12,336,13.628743694292346
1981-12-03,1981,12,337,2.346545203383805
1981-12-04,1981,12,338,4.309578084930356
1981-12-05,1981,12,339,6.947504600450946
1981-12-06,1981,12,340,0.0
1981-12-07,1981,12,341,0.0
1981-12-08,1981,12,342,0.0
1981-12-09,1981,12,343,1.2231004694740082
1981-12-10,1981,12,344,0.0
1981-12-11,1981,12,345,0.0
1981-12-12,1981,12,346,0.0
1981-12-13,1981,12,347,0.0
1981-12-14,1981,12,348,0.0
1981-12-15,1981,12,349,0.0
1981-12-16,1981,12,350,0.0
1981-12-17,1981,12,351,0.0
1981-12-18,1981,12,352,0.0
1981-12-19,1981,12,353,0.0
1981-12-20,1981,12,354,0.0
1981-12-21,1981,12,355,0.0
1981-12-22,1981,12,356,3.323239404570883
1981-12-23,1981,12,357,2.472852337176511
1981-12-24,1981,12,358,0.0
1981-12-25,1981,12,359,0.0
1981-12-26,1981,12,360,0.0
1981-12-27,1981,12,361,0.0
1981-12-28,1981,12,362,0.0
1981-12-29,1981,12,363,0.0
1981-12-30,1981,12,364,0.0
1981-12-31,1981,12,365,0.0
1982-01-01,1982,1,1,0.0
1982-01-02,1982,1,2,0.0
1982-01-03,1982,1,3,0.0
1982-01-04,1982,1,4,0.9529515284958718
1982-01-05,1982,1,5,4.261523598672594
1982-01-06,1982,1,6,0.0
1982-01-07,1982,1,7,0.0
1982-01-08,1982,1,8,0.03379804799979634
1982-01-09,1982,1,9,0.0013977313715878368
1982-01-10,1982,1,10,0.0
1982-01-11,1982,1,11,0.0
1982-01-12,1982,1,12,0.0
1982-01-13,1982,1,13,0.0
1982-01-14,1982,1,14,0.0
1982-01-15,1982,1,15,0.0
1982-01-16,1982,1,16,0.1473361790026981
1982-01-17,1982,1,17,0.0
1982-01-18,1982,1,18,0.0
1982-01-19,1982,1,19,0.0
1982-01-20,1982,1,20,0.0
1982-01-21,1982,1,21,0.0
1982-01-22,1982,1,22,0.0
1982-01-23,1982,1,23,0.0
1982-01-24,1982,1,24,0.0
1982-01-25,1982,1,25,0.14151025477289236
1982-01-26,1982,1,26,0.3908182768456019
1982-01-27,1982,1,27,0.0
1982-01-28,1982,1,28,0.0
1982-01-29,1982,1,29,0.0
1982-01-30,1982,1,30,0.0
1982-01-31,1982,1,31,0.0
1982-02-01,1982,2,32,0.3122868215108183
1982-02-02,1982,2,33,0.0
1982-02-03,1982,2,34,0.0
1982-02-04,1982,2,35,0.0
1982-02-05,1982,2,36,0.0
1982-02-06,1982,2,37,0.0
1982-02-07,1982,2,38,0.0
1982-02-08,1982,2,39,0.0
1982-02-09,1982,2,40,0.017657679630939845
1982-02-10,1982,2,41,0.0
1982-02-11,1982,2,42,0.21614473726163078
1982-02-12,1982,2,43,0.0
1982-02-13,1982,2,44,0.2807147929376277
1982-02-14,1982,2,45,0.0
1982-02-15,1982,2,46,0.0
1982-02-16,1982,2,47,0.25020986729027783
1982-02-17,1982,2,48,0.0
1982-02-18,1982,2,49,1.4526145360157239
1982-02-19,1982,2,50,2.095247924072475
1982-02-20,1982,2,51,0.0
1982-02-21,1982,2,52,1.1712400571035337
1982-02-22,1982,2,53,0.0
1982-02-23,1982,2,54,0.0
1982-02-24,1982,2,55,0.0
1982-02-25,1982,2,56,2.493207975902819
1982-02-26,1982,2,57,3.8368367228941116
1982-02-27,1982,2,58,5.24739341359927
1982-02-28,1982,2,59,0.0
1982-03-01,1982,3,60,0.0
1982-03-02,1982,3,61,5.609529680284354
1982-03-03,1982,3,62,0.0
1982-03-04,1982,3,63,0.0
1982-03-05,1982,3,64,0.0
1982-03-06,1982,3,65,0.0
1982-03-07,1982,3,66,0.0
1982-03-08,1982,3,67,0.0
1982-03-09,1982,3,68,0.0
1982-03-10,1982,3,69,1.000915160522363
1982-03-11,1982,3,70,0.0
1982-03-12,1982,3,71,0.0
1982-03-13,1982,3,72,0.878705441594226
1982-03-14,1982,3,73,0.0
1982-03-15,1982,3,74,0.0
1982-03-16,1982,3,75,0.0
1982-03-17,1982,3,76,0.0
1982-03-18,1982,3,77,0.0
1982-03-19,1982,3,78,0.0
1982-03-20,1982,3,79,0.0
1982-03-21,1982,3,80,0.0
1982-03-22,1982,3,81,0.0
1982-03-23,1982,3,82,0.0
1982-03-24,1982,3,83,0.0
1982-03-25,1982,3,84,0.0
1982-03-26,1982,3,85,4.972549189842964
1982-03-27,1982,3,86,1.9852968060061171
1982-03-28,1982,3,87,0.03730929194093262
1982-03-29,1982,3,88,0.8703942978188025
1982-03-30,1982,3,89,1.6027285114964973
1982-03-31,1982,3,90,0.0
1982-04-01,1982,4,91,0.0
1982-04-02,1982,4,92,0.0
1982-04-03,1982,4,93,0.0
1982-04-04,1982,4,94,0.0
1982-04-05,1982,4,95,2.730091500864544
1982-04-06,1982,4,96,0.48849749336563425
1982-04-07,1982,4,97,0.0
1982-04-08,1982,4,98,0.7273711800166655
1982-04-09,1982,4,99,4.148689298161913
1982-04-10,1982,4,100,0.030072595486808455
1982-04-11,1982,4,101,1.2573884986819828
1982-04-12,1982,4,102,0.0
1982-04-13,1982,4,103,3.299970275970637
1982-04-14,1982,4,104,2.8800481823436606
1982-04-15,1982,4,105,2.431981212554472
1982-04-16,1982,4,106,1.8128885298507689
1982-04-17,1982,4,107,4.184809743668549
1982-04-18,1982,4,108,0.0
1982-04-19,1982,4,109,1.3491285081566557
1982-04-20,1982,4,110,1.5099667385795124
1982-04-21,1982,4,111,0.4787604980930469
1982-04-22,1982,4,112,2.4211589659036687
1982-04-23,1982,4,113,0.0
1982-04-24,1982,4,114,0.0
1982-04-25,1982,4,115,2.3921303834379897
1982-04-26,1982,4,116,0.0
1982-04-27,1982,4,117,0.0
1982-04-28,1982,4,118,4.892531216348862
1982-04-29,1982,4,119,5.740627002389185
1982-04-30,1982,4,120,1.089776997420148
1982-05-01,1982,5,121,8.309131704034618
1982-05-02,1982,5,122,8.721862852879845
1982-05-03,1982,5,123,0.0
1982-05-04,1982,5,124,7.4543664993234655
1982-05-05,1982,5,125,0.0
1982-05-06,1982,5,126,1.6111381707685875
1982-05-07,1982,5,127,0.0
1982-05-08,1982,5,128,6.817567788441159
1982-05-09,1982,5,129,0.0
1982-05-10,1982,5,130,0.0
1982-05-11,1982,5,131,0.4314165649602019
1982-05-12,1982,5,132,0.8022167352702542
1982-05-13,1982,5,133,6.287968907380777
1982-05-14,1982,5,134,0.0
1982-05-15,1982,5,135,5.497996766978897
1982-05-16,1982,5,136,0.0
1982-05-17,1982,5,137,6.810057997703552
1982-05-18,1982,5,138,1.4884342379108289
1982-05-19,1982,5,139,20.57222567139881
1982-05-20,1982,5,140,12.193768710178912
1982-05-21,1982,5,141,17.038786165307705
1982-05-22,1982,5,142,16.385779895226776
1982-05-23,1982,5,143,2.3395754243945506
1982-05-24,1982,5,144,2.43611594276134
1982-05-25,1982,5,145,32.69601319483845
1982-05-26,1982,5,146,13.638546853568071
1982-05-27,1982,5,147,18.908383971723406
1982-05-28,1982,5,148,6.374776959623551
1982-05-29,1982,5,149,18.148987535135095
1982-05-30,1982,5,150,14.839070482343924
1982-05-31,1982,5,151,5.12450668744379
1982-06-01,1982,6,152,0.09819707833709325
1982-06-02,1982,6,153,0.0
1982-06-03,1982,6,154,0.0
1982-06-04,1982,6,155,0.0
1982-06-05,1982,6,156,18.520672310083057
1982-06-06,1982,6,157,4.064204388943716
1982-06-07,1982,6,158,0.8518501362845544
1982-06-08,1982,6,159,0.0
1982-06-09,1982,6,160,7.816539781156932
1982-06-10,1982,6,161,5.648883800171539
1982-06-11,1982,6,162,15.400628772370307
1982-06-12,1982,6,163,26.889316134710242
1982-06-13,1982,6,164,28.508817847202042
1982-06-14,1982,6,165,19.245615078837012
1982-06-15,1982,6,166,11.75693989423165
1982-06-16,1982,6,167,21.942748772147997
1982-06-17,1982,6,168,9.16338065371313
1982-06-18,1982,6,169,0.0
1982-06-19,1982,6,170,0.0
1982-06-20,1982,6,171,28.972925676069607
1982-06-21,1982,6,172,12.302420900740376
1982-06-22,1982,6,173,20.267934240637018
1982-06-23,1982,6,174,12.897475954601674
1982-06-24,1982,6,175,15.620604035174022
1982-06-25,1982,6,176,0.0
1982-06-26,1982,6,177,3.8383334664166653
1982-06-27,1982,6,178,10.116151376064764
1982-06-28,1982,6,179,11.938739336139644
1982-06-29,1982,6,180,4.614523787169551
1982-06-30,1982,6,181,9.163228771373976
1982-07-01,1982,7,182,0.0
1982-07-02,1982,7,183,0.18088574024378593
1982-07-03,1982,7,184,1.4698414711637586
1982-07-04,1982,7,185,4.713049028863638
1982-07-05,1982,7,186,3.69686210855216
1982-07-06,1982,7,187,0.0030196620137035697
1982-07-07,1982,7,188,0.1937705418342388
1982-07-08,1982,7,189,3.252631833283638
1982-07-09,1982,7,190,6.214085929753339
1982-07-10,1982,7,191,2.8460526943666467
1982-07-11,1982,7,192,6.169477139769607
1982-07-12,1982,7,193,0.18865134916248338
1982-07-13,1982,7,194,0.0
1982-07-14,1982,7,195,7.747933431170184
1982-07-15,1982,7,196,6.512321209335491
1982-07-16,1982,7,197,20.51733560754176
1982-07-17,1982,7,198,16.718340531310776
1982-07-18,1982,7,199,2.7756041771546327
1982-07-19,1982,7,200,1.0717285817621507
1982-07-20,1982,7,201,0.6250616507644621
1982-07-21,1982,7,202,9.943224152337821
1982-07-22,1982,7,203,9.298961657484885
1982-07-23,1982,7,204,2.4216455626712468
1982-07-24,1982,7,205,0.0
1982-07-25,1982,7,206,5.20914300619892
1982-07-26,1982,7,207,0.0
1982-07-27,1982,7,208,0.06102877359872408
1982-07-28,1982,7,209,0.0
1982-07-29,1982,7,210,13.652263989281023
1982-07-30,1982,7,211,0.0
1982-07-31,1982,7,212,4.153101208379561
1982-08-01,1982,8,213,4.957275595538311
1982-08-02,1982,8,214,9.538242286663335
1982-08-03,1982,8,215,0.7486756910293044
1982-08-04,1982,8,216,1.92858641885138
1982-08-05,1982,8,217,0.3565807276131664
1982-08-06,1982,8,218,2.34734667512016
1982-08-07,1982,8,219,3.582830352515569
1982-08-08,1982,8,220,0.3461387566551758
1982-08-09,1982,8,221,1.4299674843659027
1982-08-10,1982,8,222,2.9300491687264723
1982-08-11,1982,8,223,0.0
1982-08-12,1982,8,224,0.0732119549209477
1982-08-13,1982,8,225,0.8147211651977763
1982-08-14,1982,8,226,0.0
1982-08-15,1982,8,227,3.4057239934023165
1982-08-16,1982,8,228,0.3051840081210819
1982-08-17,1982,8,229,4.923051521833269
1982-08-18,1982,8,230,6.820580295037284
1982-08-19,1982,8,231,16.418400577734758
1982-08-20,1982,8,232,6.963775218197088
1982-08-21,1982,8,233,1.4651726086934407
1982-08-22,1982,8,234,0.0
1982-08-23,1982,8,235,2.898075475586513
1982-08-24,1982,8,236,5.802184569089966
1982-08-25,1982,8,237,0.0
1982-08-26,1982,8,238,5.081846815250631
1982-08-27,1982,8,239,7.048988605526238
1982-08-28,1982,8,240,0.0
1982-08-29,1982,8,241,3.7054144502605455
1982-08-30,1982,8,242,7.0011883180368235
1982-08-31,1982,8,243,7.912474521021612
1982-09-01,1982,9,244,3.553834272227741
1982-09-02,1982,9,245,13.811793768824733
1982-09-03,1982,9,246,2.724752801702691
1982-09-04,1982,9,247,6.594246155038898
1982-09-05,1982,9,248,4.222791715728595
1982-09-06,1982,9,249,11.014456518409393
1982-09-07,1982,9,250,21.83405681420517
1982-09-08,1982,9,251,4.871662915825538
1982-09-09,1982,9,252,0.003991430706720426
1982-09-10,1982,9,253,11.579537658172484
1982-09-11,1982,9,254,2.1645228400022023
1982-09-12,1982,9,255,11.858637531700557
1982-09-13,1982,9,256,0.29692015141223166
1982-09-14,1982,9,257,0.7308972696003592
1982-09-15,1982,9,258,21.30012164549023
1982-09-16,1982,9,259,19.751792381028395
1982-09-17,1982,9,260,15.320303138240144
1982-09-18,1982,9,261,7.699272678464321
1982-09-19,1982,9,262,8.056829583164761
1982-09-20,1982,9,263,50.69277930893036
1982-09-21,1982,9,264,0.0
1982-09-22,1982,9,265,35.67033866336433
1982-09-23,1982,9,266,25.151440446358414
1982-09-24,1982,9,267,0.40004455072816464
1982-09-25,1982,9,268,25.23137965014375
1982-09-26,1982,9,269,19.432556637965824
1982-09-27,1982,9,270,13.699266578666961
1982-09-28,1982,9,271,9.745616634686787
1982-09-29,1982,9,272,5.5040704935354965
1982-09-30,1982,9,273,10.162201731656491
1982-10-01,1982,10,274,6.916503504799692
1982-10-02,1982,10,275,0.0
1982-10-03,1982,10,276,23.85373028793596
1982-10-04,1982,10,277,13.599540478772555
1982-10-05,1982,10,278,18.105585670307754
1982-10-06,1982,10,279,8.349667609299772
1982-10-07,1982,10,280,0.46190193849643685
1982-10-08,1982,10,281,20.21428740933704
1982-10-09,1982,10,282,8.448430211603284
1982-10-10,1982,10,283,11.473133641731668
1982-10-11,1982,10,284,0.0
1982-10-12,1982,10,285,0.7132017019986084
1982-10-13,1982,10,286,6.3807494058604926
1982-10-14,1982,10,287,8.486353134639055
1982-10-15,1982,10,288,12.31868543794447
1982-10-16,1982,10,289,7.875045595459174
1982-10-17,1982,10,290,0.2757882712330692
1982-10-18,1982,10,291,0.0
1982-10-19,1982,10,292,0.0
1982-10-20,1982,10,293,0.0
1982-10-21,1982,10,294,0.0
1982-10-22,1982,10,295,0.41235606856293017
1982-10-23,1982,10,296,0.22595565484544616
1982-10-24,1982,10,297,0.0
1982-10-25,1982,10,298,0.6380906086654468
1982-10-26,1982,10,299,0.0
1982-10-27,1982,10,300,0.0
1982-10-28,1982,10,301,0.0
1982-10-29,1982,10,302,0.10294294163214415
1982-10-30,1982,10,303,5.809391529568262
1982-10-31,1982,10,304,6.756498186171515
1982-11-01,1982,11,305,7.345991704386325
1982-11-02,1982,11,306,9.888037923164825
1982-11-03,1982,11,307,9.830584860195332
1982-11-04,1982,11,308,8.279367029820127
1982-11-05,1982,11,309,0.08227194050181699
1982-11-06,1982,11,310,0.5402655515695293
1982-11-07,1982,11,311,0.0
1982-11-08,1982,11,312,0.0
1982-11-09,1982,11,313,0.0
1982-11-10,1982,11,314,0.0
1982-11-11,1982,11,315,0.0
1982-11-12,1982,11,316,0.0
1982-11-13,1982,11,317,0.0
1982-11-14,1982,11,318,0.0
1982-11-15,1982,11,319,0.0
1982-11-16,1982,11,320,0.0
1982-11-17,1982,11,321,0.0
1982-11-18,1982,11,322,0.0
1982-11-19,1982,11,323,0.0
1982-11-20,1982,11,324,0.0
1982-11-21,1982,11,325,0.0
1982-11-22,1982,11,326,0.0
1982-11-23,1982,11,327,7.549006375984545
1982-11-24,1982,11,328,0.14348457159910227
1982-11-25,1982,11,329,1.601230106500856
1982-11-26,1982,11,330,0.0
1982-11-27,1982,11,331,0.0
1982-11-28,1982,11,332,0.0
1982-11-29,1982,11,333,0.16757325382445137
1982-11-30,1982,11,334,0.0
1982-12-01,1982,12,335,0.0
1982-12-02,1982,12,336,0.0
1982-12-03,1982,12,337,0.0
1982-12-04,1982,12,338,1.2196115423903675
1982-12-05,1982,12,339,5.410546289260508
1982-12-06,1982,12,340,2.959710733545266
1982-12-07,1982,12,341,0.32446001716526324
1982-12-08,1982,12,342,0.0
1982-12-09,1982,12,343,0.0
1982-12-10,1982,12,344,0.0
1982-12-11,1982,12,345,0.0
1982-12-12,1982,12,346,0.0
1982-12-13,1982,12,347,0.0
1982-12-14,1982,12,348,0.0
1982-12-15,1982,12,349,0.0
1982-12-16,1982,12,350,0.0
1982-12-17,1982,12,351,0.0
1982-12-18,1982,12,352,0.0
1982-12-19,1982,12,353,0.0
1982-12-20,1982,12,354,0.0
1982-12-21,1982,12,355,0.0
1982-12-22,1982,12,356,0.0
1982-12-23,1982,12,357,0.0
1982-12-24,1982,12,358,0.0
1982-12-25,1982,12,359,0.0
1982-12-26,1982,12,360,0.1835535061900802
1982-12-27,1982,12,361,0.30120070285028955
1982-12-28,1982,12,362,0.0
1982-12-29,1982,12,363,0.0
1982-12-30,1982,12,364,0.0
1982-12-31,1982,12,365,0.0
1983-01-01,1983,1,1,0.0
1983-01-02,1983,1,2,0.0
1983-01-03,1983,1,3,0.0
1983-01-04,1983,1,4,0.06229292764148859
1983-01-05,1983,1,5,0.0
1983-01-06,1983,1,6,0.0
1983-01-07,1983,1,7,0.0
1983-01-08,1983,1,8,0.0
1983-01-09,1983,1,9,0.0
1983-01-10,1983,1,10,0.0
1983-01-11,1983,1,11,0.0
1983-01-12,1983,1,12,0.0
1983-01-13,1983,1,13,0.0
1983-01-14,1983,1,14,0.0
1983-01-15,1983,1,15,0.0
1983-01-16,1983,1,16,0.0
1983-01-17,1983,1,17,0.8525697921419512
1983-01-18,1983,1,18,0.0
1983-01-19,1983,1,19,0.0
1983-01-20,1983,1,20,0.0
1983-01-21,1983,1,21,0.0
1983-01-22,1983,1,22,0.0
1983-01-23,1983,1,23,0.0
1983-01-24,1983,1,24,0.0
1983-01-25,1983,1,25,0.0
1983-01-26,1983,1,26,0.0
1983-01-27,1983,1,27,2.9362601498405243
1983-01-28,1983,1,28,1.9945920067356506
1983-01-29,1983,1,29,0.0
1983-01-30,1983,1,30,0.0
1983-01-31,1983,1,31,0.0
1983-02-01,1983,2,32,0.0
1983-02-02,1983,2,33,0.0
1983-02-03,1983,2,34,0.0
1983-02-04,1983,2,35,0.0
1983-02-05,1983,2,36,0.0
1983-02-06,1983,2,37,0.0
1983-02-07,1983,2,38,0.0
1983-02-08,1983,2,39,0.0
1983-02-09,1983,2,40,0.0
1983-02-10,1983,2,41,0.0
1983-02-11,1983,2,42,0.0
1983-02-12,1983,2,43,0.0
1983-02-13,1983,2,44,0.0
1983-02-14,1983,2,45,0.0
1983-02-15,1983,2,46,0.0
1983-02-16,1983,2,47,0.0
1983-02-17,1983,2,48,0.0
1983-02-18,1983,2,49,5.425955757996723
1983-02-19,1983,2,50,0.0
1983-02-20,1983,2,51,0.23686722424056866
1983-02-21,1983,2,52,6.02674689516106
1983-02-22,1983,2,53,13.362388814833805
1983-02-23,1983,2,54,0.7725308088533064
1983-02-24,1983,2,55,0.0
1983-02-25,1983,2,56,0.7069827045450481
1983-02-26,1983,2,57,6.748275277802549
1983-02-27,1983,2,58,2.3113844741994534
1983-02-28,1983,2,59,0.0
1983-03-01,1983,3,60,0.0
1983-03-02,1983,3,61,1.2978995526664363
1983-03-03,1983,3,62,0.0
1983-03-04,1983,3,63,0.062418851264031815
1983-03-05,1983,3,64,0.09428640353495787
1983-03-06,1983,3,65,0.0
1983-03-07,1983,3,66,0.0
1983-03-08,1983,3,67,0.0
1983-03-09,1983,3,68,0.0
1983-03-10,1983,3,69,3.0353451400305747
1983-03-11,1983,3,70,0.0
1983-03-12,1983,3,71,0.0
1983-03-13,1983,3,72,0.0
1983-03-14,1983,3,73,1.7269616826743066
1983-03-15,1983,3,74,0.0
1983-03-16,1983,3,75,0.0
1983-03-17,1983,3,76,0.0
1983-03-18,1983,3,77,0.0
1983-03-19,1983,3,78,0.0
1983-03-20,1983,3,79,0.0
1983-03-21,1983,3,80,0.0
1983-03-22,1983,3,81,0.0
1983-03-23,1983,3,82,0.0
1983-03-24,1983,3,83,0.0
1983-03-25,1983,3,84,16.094851934715738
1983-03-26,1983,3,85,0.0
1983-03-27,1983,3,86,0.0
1983-03-28,1983,3,87,6.046177605838988
1983-03-29,1983,3,88,5.327811634274967
1983-03-30,1983,3,89,7.162812830345593
1983-03-31,1983,3,90,2.392119847155067
1983-04-01,1983,4,91,10.402130117427618
1983-04-02,1983,4,92,1.4577548308385777
1983-04-03,1983,4,93,3.3460991451294895
1983-04-04,1983,4,94,3.2314006330727922
1983-04-05,1983,4,95,1.4668233815226273
1983-04-06,1983,4,96,1.4333739962808678
1983-04-07,1983,4,97,3.9393094786232936
1983-04-08,1983,4,98,0.9213084175531537
1983-04-09,1983,4,99,0.804290724418668
1983-04-10,1983,4,100,2.223920937713743
1983-04-11,1983,4,101,2.798800511552211
1983-04-12,1983,4,102,0.0
1983-04-13,1983,4,103,0.0
1983-04-14,1983,4,104,0.0
1983-04-15,1983,4,105,0.0
1983-04-16,1983,4,106,0.0
1983-04-17,1983,4,107,0.0
1983-04-18,1983,4,108,0.18626657222822987
1983-04-19,1983,4,109,0.0
1983-04-20,1983,4,110,0.0
1983-04-21,1983,4,111,0.0
1983-04-22,1983,4,112,0.0
1983-04-23,1983,4,113,0.0
1983-04-24,1983,4,114,0.14498593445608732
1983-04-25,1983,4,115,0.0
1983-04-26,1983,4,116,4.401908595641658
1983-04-27,1983,4,117,0.36230600717850187
1983-04-28,1983,4,118,0.0
1983-04-29,1983,4,119,0.0
1983-04-30,1983,4,120,0.0
1983-05-01,1983,5,121,0.0
1983-05-02,1983,5,122,0.0
1983-05-03,1983,5,123,0.0
1983-05-04,1983,5,124,0.0
1983-05-05,1983,5,125,0.0
1983-05-06,1983,5,126,0.0
1983-05-07,1983,5,127,0.0
1983-05-08,1983,5,128,0.0
1983-05-09,1983,5,129,0.0
1983-05-10,1983,5,130,0.0
1983-05-11,1983,5,131,0.0
1983-05-12,1983,5,132,0.0
1983-05-13,1983,5,133,1.0345834364417075
1983-05-14,1983,5,134,1.9365825183185226
1983-05-15,1983,5,135,0.0
1983-05-16,1983,5,136,0.0
1983-05-17,1983,5,137,0.0
1983-05-18,1983,5,138,0.0
1983-05-19,1983,5,139,14.273367986070266
1983-05-20,1983,5,140,0.0
1983-05-21,1983,5,141,2.492151543587421
1983-05-22,1983,5,142,6.970884975808853
1983-05-23,1983,5,143,8.843062185178788
1983-05-24,1983,5,144,1.5800056051472466
1983-05-25,1983,5,145,1.6818544787020386
1983-05-26,1983,5,146,5.992686570865433
1983-05-27,1983,5,147,0.2748256401823644
1983-05-28,1983,5,148,28.588414227339374
1983-05-29,1983,5,149,11.305133577994843
1983-05-30,1983,5,150,11.903791991890037
1983-05-31,1983,5,151,0.1656916767690768
1983-06-01,1983,6,152,19.659830358974325
1983-06-02,1983,6,153,9.468711036949355
1983-06-03,1983,6,154,11.692569553085953
1983-06-04,1983,6,155,5.842173716505063
1983-06-05,1983,6,156,4.093281115848178
1983-06-06,1983,6,157,2.3972768902063573
1983-06-07,1983,6,158,6.646997724114674
1983-06-08,1983,6,159,21.321783217795403
1983-06-09,1983,6,160,18.098402589636166
1983-06-10,1983,6,161,4.058675188331801
1983-06-11,1983,6,162,9.325765886363968
1983-06-12,1983,6,163,22.561672705304655
1983-06-13,1983,6,164,5.779834202853859
1983-06-14,1983,6,165,21.119172891593937
1983-06-15,1983,6,166,0.6386354568174178
1983-06-16,1983,6,167,7.528838034460661
1983-06-17,1983,6,168,10.315251989352365
1983-06-18,1983,6,169,16.52825315854646
1983-06-19,1983,6,170,11.03645704787515
1983-06-20,1983,6,171,0.0
1983-06-21,1983,6,172,10.848822826897882
1983-06-22,1983,6,173,7.390224683867017
1983-06-23,1983,6,174,0.9595217578106695
1983-06-24,1983,6,175,16.251762099621537
1983-06-25,1983,6,176,0.4928654903209199
1983-06-26,1983,6,177,3.0164655902596142
1983-06-27,1983,6,178,16.343805574410574
1983-06-28,1983,6,179,9.811605684248525
1983-06-29,1983,6,180,11.68965546892766
1983-06-30,1983,6,181,3.9031477475023317
1983-07-01,1983,7,182,0.0
1983-07-02,1983,7,183,0.0
1983-07-03,1983,7,184,0.0
1983-07-04,1983,7,185,17.300208743658448
1983-07-05,1983,7,186,1.4411839562394013
1983-07-06,1983,7,187,0.0
1983-07-07,1983,7,188,2.8424232227738946
1983-07-08,1983,7,189,1.0851213202684888
1983-07-09,1983,7,190,12.791706720170756
1983-07-10,1983,7,191,17.709959993427812
1983-07-11,1983,7,192,6.417934389326852
1983-07-12,1983,7,193,9.479255268588062
1983-07-13,1983,7,194,14.61487466735317
1983-07-14,1983,7,195,11.126582978623695
1983-07-15,1983,7,196,3.514806339959355
1983-07-16,1983,7,197,6.625629889627962
1983-07-17,1983,7,198,9.467642581656945
1983-07-18,1983,7,199,14.207727214058139
1983-07-19,1983,7,200,12.001818386529795
1983-07-20,1983,7,201,8.416622448192259
1983-07-21,1983,7,202,3.9929351391910792
1983-07-22,1983,7,203,10.650171264686847
1983-07-23,1983,7,204,7.793404450249037
1983-07-24,1983,7,205,1.558883455796638
1983-07-25,1983,7,206,4.288435443507981
1983-07-26,1983,7,207,7.043586317146549
1983-07-27,1983,7,208,13.245731200534458
1983-07-28,1983,7,209,4.7870422938795505
1983-07-29,1983,7,210,0.0
1983-07-30,1983,7,211,0.0
1983-07-31,1983,7,212,4.958931672235995
1983-08-01,1983,8,213,7.485683558736994
1983-08-02,1983,8,214,0.0
1983-08-03,1983,8,215,7.834307053401722
1983-08-04,1983,8,216,8.646919832438
1983-08-05,1983,8,217,13.599575419556716
1983-08-06,1983,8,218,5.778608204364367
1983-08-07,1983,8,219,7.556917255876815
1983-08-08,1983,8,220,9.379427141477231
1983-08-09,1983,8,221,7.533794819797934
1983-08-10,1983,8,222,4.8667510899602595
1983-08-11,1983,8,223,3.611945477273593
1983-08-12,1983,8,224,2.413749016649006
1983-08-13,1983,8,225,1.9799025410653797
1983-08-14,1983,8,226,4.330334454391793
1983-08-15,1983,8,227,0.0
1983-08-16,1983,8,228,0.0
1983-08-17,1983,8,229,0.0
1983-08-18,1983,8,230,6.590417653449908
1983-08-19,1983,8,231,0.00309913660995758
1983-08-20,1983,8,232,0.15237110337336654
1983-08-21,1983,8,233,5.090725361636896
1983-08-22,1983,8,234,2.710761450556679
1983-08-23,1983,8,235,8.297436874037432
1983-08-24,1983,8,236,5.817972118464309
1983-08-25,1983,8,237,2.9251739142180107
1983-08-26,1983,8,238,0.0
1983-08-27,1983,8,239,0.13739610719394765
1983-08-28,1983,8,240,9.149620074845831
1983-08-29,1983,8,241,14.035241025783309
1983-08-30,1983,8,242,27.157770069011182
1983-08-31,1983,8,243,12.26265585871977
1983-09-01,1983,9,244,15.272963558800122
1983-09-02,1983,9,245,22.81876767386508
1983-09-03,1983,9,246,17.37478597080391
1983-09-04,1983,9,247,14.963197176948816
1983-09-05,1983,9,248,12.46276980817267
1983-09-06,1983,9,249,11.390807798813833
1983-09-07,1983,9,250,14.45306177964656
1983-09-08,1983,9,251,3.4989702730170658
1983-09-09,1983,9,252,30.01226674213099
1983-09-10,1983,9,253,17.515177557482716
1983-09-11,1983,9,254,9.528101562227873
1983-09-12,1983,9,255,0.0
1983-09-13,1983,9,256,7.433125047369093
1983-09-14,1983,9,257,21.893914988639526
1983-09-15,1983,9,258,15.445447750140584
1983-09-16,1983,9,259,6.063763900608105
1983-09-17,1983,9,260,10.147912647546411
1983-09-18,1983,9,261,2.500846930620705
1983-09-19,1983,9,262,14.396145441436117
1983-09-20,1983,9,263,10.400957615843367
1983-09-21,1983,9,264,1.0411792675858398
1983-09-22,1983,9,265,0.0
1983-09-23,1983,9,266,1.483826530623252
1983-09-24,1983,9,267,0.0
1983-09-25,1983,9,268,0.0
1983-09-26,1983,9,269,18.08163928454415
1983-09-27,1983,9,270,12.727179850996716
1983-09-28,1983,9,271,7.412562033613217
1983-09-29,1983,9,272,4.857459210236048
1983-09-30,1983,9,273,9.579903977491348
1983-10-01,1983,10,274,10.585239805210936
1983-10-02,1983,10,275,16.79699526164097
1983-10-03,1983,10,276,9.276085136380072
1983-10-04,1983,10,277,0.0
1983-10-05,1983,10,278,0.8881636117397461
1983-10-06,1983,10,279,18.850333062010947
1983-10-07,1983,10,280,1.937197520575568
1983-10-08,1983,10,281,0.0
1983-10-09,1983,10,282,0.0
1983-10-10,1983,10,283,0.0
1983-10-11,1983,10,284,9.093396929562756
1983-10-12,1983,10,285,2.404049304886158
1983-10-13,1983,10,286,13.287630843115142
1983-10-14,1983,10,287,10.317752207357248
1983-10-15,1983,10,288,7.344284335874347
1983-10-16,1983,10,289,0.0
1983-10-17,1983,10,290,0.0
1983-10-18,1983,10,291,0.0
1983-10-19,1983,10,292,0.002198699609581589
1983-10-20,1983,10,293,0.0
1983-10-21,1983,10,294,8.227522125178764
1983-10-22,1983,10,295,1.2629058689977128
1983-10-23,1983,10,296,1.2837404464183961
1983-10-24,1983,10,297,0.3501567782350555
1983-10-25,1983,10,298,21.766897066086912
1983-10-26,1983,10,299,12.347623157010903
1983-10-27,1983,10,300,5.091109905216362
1983-10-28,1983,10,301,4.996954516304183
1983-10-29,1983,10,302,3.501664717685696
1983-10-30,1983,10,303,0.0
1983-10-31,1983,10,304,0.9026485666211282
1983-11-01,1983,11,305,4.023846364572912
1983-11-02,1983,11,306,4.2860711834424565
1983-11-03,1983,11,307,4.1522746256711445
1983-11-04,1983,11,308,0.0
1983-11-05,1983,11,309,0.0
1983-11-06,1983,11,310,2.5617827690863266
1983-11-07,1983,11,311,12.49004427224219
1983-11-08,1983,11,312,0.0
1983-11-09,1983,11,313,8.800247266952463
1983-11-10,1983,11,314,7.138361392822038
1983-11-11,1983,11,315,3.7307297805485407
1983-11-12,1983,11,316,17.769686653967483
1983-11-13,1983,11,317,0.0
1983-11-14,1983,11,318,0.0
1983-11-15,1983,11,319,0.9145057072676239
1983-11-16,1983,11,320,8.872869463894443
1983-11-17,1983,11,321,0.3814965982976487
1983-11-18,1983,11,322,9.298431086458502
1983-11-19,1983,11,323,4.284032489156354
1983-11-20,1983,11,324,0.0
1983-11-21,1983,11,325,0.0
1983-11-22,1983,11,326,0.0
1983-11-23,1983,11,327,4.8923335122367515
1983-11-24,1983,11,328,4.756045203486773
1983-11-25,1983,11,329,4.041157972894372
1983-11-26,1983,11,330,0.0
1983-11-27,1983,11,331,2.3426904015389898
1983-11-28,1983,11,332,4.258086295468029
1983-11-29,1983,11,333,4.777403863684786
1983-11-30,1983,11,334,0.0
1983-12-01,1983,12,335,0.0
1983-12-02,1983,12,336,0.732164082102216
1983-12-03,1983,12,337,0.5493907438145813
1983-12-04,1983,12,338,0.0
1983-12-05,1983,12,339,0.0
1983-12-06,1983,12,340,2.0442347118970976
1983-12-07,1983,12,341,0.0
1983-12-08,1983,12,342,0.32492878826234517
1983-12-09,1983,12,343,0.0
1983-12-10,1983,12,344,0.19425402534447272
1983-12-11,1983,12,345,0.06986186018129037
1983-12-12,1983,12,346,0.0
1983-12-13,1983,12,347,0.0
1983-12-14,1983,12,348,0.0
1983-12-15,1983,12,349,2.029204051874597
1983-12-16,1983,12,350,0.09859945443111703
1983-12-17,1983,12,351,0.0
1983-12-18,1983,12,352,0.39886599314345594
1983-12-19,1983,12,353,0.09859945443111703
1983-12-20,1983,12,354,0.0
1983-12-21,1983,12,355,0.0
1983-12-22,1983,12,356,0.0
1983-12-23,1983,12,357,0.0
1983-12-24,1983,12,358,0.0
1983-12-25,1983,12,359,0.0
1983-12-26,1983,12,360,0.0
1983-12-27,1983,12,361,1.3365878902548078
1983-12-28,1983,12,362,0.0
1983-12-29,1983,12,363,2.7694547837272916
1983-12-30,1983,12,364,0.003396502344038309
1983-12-31,1983,12,365,0.0
1984-01-01,1984,1,1,0.0
1984-01-02,1984,1,2,0.0
1984-01-03,1984,1,3,0.0
1984-01-04,1984,1,4,0.0
1984-01-05,1984,1,5,0.0
1984-01-06,1984,1,6,0.0
1984-01-07,1984,1,7,0.0
1984-01-08,1984,1,8,0.0
1984-01-09,1984,1,9,0.0
1984-01-10,1984,1,10,0.0
1984-01-11,1984,1,11,0.0
1984-01-12,1984,1,12,0.0
1984-01-13,1984,1,13,0.0
1984-01-14,1984,1,14,0.0
1984-01-15,1984,1,15,0.44672270370735095
1984-01-16,1984,1,16,0.05837081698341664
1984-01-17,1984,1,17,0.0
1984-01-18,1984,1,18,0.0
1984-01-19,1984,1,19,0.0
1984-01-20,1984,1,20,0.0
1984-01-21,1984,1,21,0.0
1984-01-22,1984,1,22,0.0
1984-01-23,1984,1,23,0.0
1984-01-24,1984,1,24,0.0
1984-01-25,1984,1,25,2.299083026740525
1984-01-26,1984,1,26,2.8676503504456465
1984-01-27,1984,1,27,1.3742144183409755
1984-01-28,1984,1,28,0.0
1984-01-29,1984,1,29,0.0
1984-01-30,1984,1,30,0.0
1984-01-31,1984,1,31,0.0
1984-02-01,1984,2,32,0.0
1984-02-02,1984,2,33,0.0
1984-02-03,1984,2,34,0.0
1984-02-04,1984,2,35,0.0
1984-02-05,1984,2,36,0.0
1984-02-06,1984,2,37,0.0
1984-02-07,1984,2,38,3.0856997016258703
1984-02-08,1984,2,39,0.0
1984-02-09,1984,2,40,0.0
1984-02-10,1984,2,41,0.0
1984-02-11,1984,2,42,0.3287174477981724
1984-02-12,1984,2,43,1.538052115464885
1984-02-13,1984,2,44,0.0
1984-02-14,1984,2,45,0.022769995397651108
1984-02-15,1984,2,46,0.9780444318960139
1984-02-16,1984,2,47,0.6265343498141723
1984-02-17,1984,2,48,2.384437946550031
1984-02-18,1984,2,49,0.39823873092092404
1984-02-19,1984,2,50,0.0
1984-02-20,1984,2,51,0.0
1984-02-21,1984,2,52,0.0
1984-02-22,1984,2,53,1.7260911642432522
1984-02-23,1984,2,54,1.1932864820436218
1984-02-24,1984,2,55,0.9623361168095672
1984-02-25,1984,2,56,1.0606028936107441
1984-02-26,1984,2,57,0.0
1984-02-27,1984,2,58,0.0
1984-02-28,1984,2,59,0.0
1984-02-29,1984,2,60,0.0
1984-03-01,1984,3,61,0.0
1984-03-02,1984,3,62,0.0
1984-03-03,1984,3,63,0.0
1984-03-04,1984,3,64,0.0
1984-03-05,1984,3,65,0.0
1984-03-06,1984,3,66,0.0
1984-03-07,1984,3,67,0.0
1984-03-08,1984,3,68,0.0
1984-03-09,1984,3,69,0.0
1984-03-10,1984,3,70,0.0
1984-03-11,1984,3,71,0.19098754856662048
1984-03-12,1984,3,72,0.0
1984-03-13,1984,3,73,0.0
1984-03-14,1984,3,74,0.03138292642771534
1984-03-15,1984,3,75,0.0
1984-03-16,1984,3,76,0.0
1984-03-17,1984,3,77,0.0
1984-03-18,1984,3,78,0.0
1984-03-19,1984,3,79,0.0
1984-03-20,1984,3,80,0.0
1984-03-21,1984,3,81,0.0
1984-03-22,1984,3,82,30.768114139406524
1984-03-23,1984,3,83,0.0
1984-03-24,1984,3,84,0.0
1984-03-25,1984,3,85,0.0
1984-03-26,1984,3,86,0.04255746221991819
1984-03-27,1984,3,87,0.0
1984-03-28,1984,3,88,0.0
1984-03-29,1984,3,89,0.0
1984-03-30,1984,3,90,0.0
1984-03-31,1984,3,91,0.0
1984-04-01,1984,4,92,1.22216770499817
1984-04-02,1984,4,93,1.10211042047262
1984-04-03,1984,4,94,0.0
1984-04-04,1984,4,95,0.0
1984-04-05,1984,4,96,0.0
1984-04-06,1984,4,97,0.0
1984-04-07,1984,4,98,0.0
1984-04-08,1984,4,99,0.0
1984-04-09,1984,4,100,3.39026507906354
1984-04-10,1984,4,101,0.0
1984-04-11,1984,4,102,0.102190090686517
1984-04-12,1984,4,103,2.925360959671253
1984-04-13,1984,4,104,1.106957792265352
1984-04-14,1984,4,105,8.271852551613897
1984-04-15,1984,4,106,3.8136696531513152
1984-04-16,1984,4,107,0.049474619041678235
1984-04-17,1984,4,108,5.269187590712242
1984-04-18,1984,4,109,0.0
1984-04-19,1984,4,110,0.0
1984-04-20,1984,4,111,0.0
1984-04-21,1984,4,112,0.0
1984-04-22,1984,4,113,0.0
1984-04-23,1984,4,114,0.0
1984-04-24,1984,4,115,0.0
1984-04-25,1984,4,116,0.0
1984-04-26,1984,4,117,0.0
1984-04-27,1984,4,118,0.0
1984-04-28,1984,4,119,0.0
1984-04-29,1984,4,120,0.0
1984-04-30,1984,4,121,0.0
1984-05-01,1984,5,122,0.0
1984-05-02,1984,5,123,0.0
1984-05-03,1984,5,124,0.0
1984-05-04,1984,5,125,0.12478756996537235
1984-05-05,1984,5,126,0.0
1984-05-06,1984,5,127,5.679089977124254
1984-05-07,1984,5,128,15.889035892976894
1984-05-08,1984,5,129,8.39106946453235
1984-05-09,1984,5,130,15.246432400403515
1984-05-10,1984,5,131,6.080632769509882
1984-05-11,1984,5,132,8.97555043029295
1984-05-12,1984,5,133,10.025075792551245
1984-05-13,1984,5,134,19.29059694644827
1984-05-14,1984,5,135,2.284727830404692
1984-05-15,1984,5,136,22.05245777962039
1984-05-16,1984,5,137,15.121292303235691
1984-05-17,1984,5,138,9.801682108676424
1984-05-18,1984,5,139,0.0
1984-05-19,1984,5,140,8.952867035489872
1984-05-20,1984,5,141,11.759494983342949
1984-05-21,1984,5,142,7.146580430208973
1984-05-22,1984,5,143,7.086629796865769
1984-05-23,1984,5,144,13.997292038407608
1984-05-24,1984,5,145,18.893803043966123
1984-05-25,1984,5,146,13.33271315032433
1984-05-26,1984,5,147,0.10513381827255551
1984-05-27,1984,5,148,4.61609982024326
1984-05-28,1984,5,149,11.258121128049588
1984-05-29,1984,5,150,11.435636968722996
1984-05-30,1984,5,151,7.381974074201085
1984-05-31,1984,5,152,3.563031562394124
1984-06-01,1984,6,153,15.973612216362714
1984-06-02,1984,6,154,19.10276570234323
1984-06-03,1984,6,155,9.34399255811402
1984-06-04,1984,6,156,6.604396374080565
1984-06-05,1984,6,157,0.22219537084901447
1984-06-06,1984,6,158,10.501767264744513
1984-06-07,1984,6,159,0.0674077752521126
1984-06-08,1984,6,160,9.902721857043955
1984-06-09,1984,6,161,8.997445158909406
1984-06-10,1984,6,162,0.03812918687540952
1984-06-11,1984,6,163,19.32180875309942
1984-06-12,1984,6,164,10.20088773930083
1984-06-13,1984,6,165,16.876437575263452
1984-06-14,1984,6,166,20.85283514303127
1984-06-15,1984,6,167,10.719085917783374
1984-06-16,1984,6,168,3.75638010232185
1984-06-17,1984,6,169,10.168048245332745
1984-06-18,1984,6,170,13.802083751331974
1984-06-19,1984,6,171,1.2525227245553092
1984-06-20,1984,6,172,11.702775832313499
1984-06-21,1984,6,173,0.0
1984-06-22,1984,6,174,1.9054454188113963
1984-06-23,1984,6,175,9.022602168330803
1984-06-24,1984,6,176,4.490020780248733
1984-06-25,1984,6,177,6.175099845819221
1984-06-26,1984,6,178,1.5420264964851438
1984-06-27,1984,6,179,5.682932204125575
1984-06-28,1984,6,180,7.1824559799707535
1984-06-29,1984,6,181,4.011153861407858
1984-06-30,1984,6,182,5.652444134079296
1984-07-01,1984,7,183,9.026921320084128
1984-07-02,1984,7,184,4.236888401714675
1984-07-03,1984,7,185,6.380670993166697
1984-07-04,1984,7,186,10.539656202917744
1984-07-05,1984,7,187,10.972569439895356
1984-07-06,1984,7,188,6.245264105849931
1984-07-07,1984,7,189,22.16192702728147
1984-07-08,1984,7,190,16.403088758210398
1984-07-09,1984,7,191,12.799391297672994
1984-07-10,1984,7,192,9.103420450325796
1984-07-11,1984,7,193,9.70206232017805
1984-07-12,1984,7,194,6.059640176089891
1984-07-13,1984,7,195,9.92909177358884
1984-07-14,1984,7,196,13.464203499583169
1984-07-15,1984,7,197,3.9878482622475127
1984-07-16,1984,7,198,0.0
1984-07-17,1984,7,199,4.3469843201996845
1984-07-18,1984,7,200,9.354281915133084
1984-07-19,1984,7,201,7.3898492304810945
1984-07-20,1984,7,202,4.631091132057765
1984-07-21,1984,7,203,3.9036967393263042
1984-07-22,1984,7,204,22.943049617577746
1984-07-23,1984,7,205,14.382996577734403
1984-07-24,1984,7,206,3.9647771171657267
1984-07-25,1984,7,207,8.948659737394115
1984-07-26,1984,7,208,2.1773885848078853
1984-07-27,1984,7,209,5.301947405936888
1984-07-28,1984,7,210,14.215922173518038
1984-07-29,1984,7,211,15.892570676819934
1984-07-30,1984,7,212,13.866113706235714
1984-07-31,1984,7,213,10.427356075198608
1984-08-01,1984,8,214,23.390905420700513
1984-08-02,1984,8,215,23.67089767280356
1984-08-03,1984,8,216,21.479366218931364
1984-08-04,1984,8,217,1.6237618050824505
1984-08-05,1984,8,218,1.4898258481867415
1984-08-06,1984,8,219,0.7844772425184111
1984-08-07,1984,8,220,12.909864494508419
1984-08-08,1984,8,221,0.2078616958248789
1984-08-09,1984,8,222,0.0
1984-08-10,1984,8,223,0.0
1984-08-11,1984,8,224,2.1410326870874967
1984-08-12,1984,8,225,20.150192517139203
1984-08-13,1984,8,226,1.5055484246676465
1984-08-14,1984,8,227,6.3928189560605
1984-08-15,1984,8,228,7.896949566115452
1984-08-16,1984,8,229,4.065213050664545
1984-08-17,1984,8,230,1.1438738182250923
1984-08-18,1984,8,231,6.930253866450236
1984-08-19,1984,8,232,8.08591164210564
1984-08-20,1984,8,233,6.689186324394966
1984-08-21,1984,8,234,7.842652124631274
1984-08-22,1984,8,235,4.930692442585079
1984-08-23,1984,8,236,2.095935595576949
1984-08-24,1984,8,237,3.2458907014402247
1984-08-25,1984,8,238,3.7847089848665467
1984-08-26,1984,8,239,6.460319889643913
1984-08-27,1984,8,240,0.0
1984-08-28,1984,8,241,1.6506163510074958
1984-08-29,1984,8,242,7.817034441687251
1984-08-30,1984,8,243,12.598148910429302
1984-08-31,1984,8,244,16.856344940525506
1984-09-01,1984,9,245,12.280291593268883
1984-09-02,1984,9,246,10.384226741500662
1984-09-03,1984,9,247,8.898287123712395
1984-09-04,1984,9,248,11.24683523372186
1984-09-05,1984,9,249,16.5618257009789
1984-09-06,1984,9,250,16.196617692172683
1984-09-07,1984,9,251,6.50889619324283
1984-09-08,1984,9,252,0.0
1984-09-09,1984,9,253,19.136385088203905
1984-09-10,1984,9,254,6.379860853474675
1984-09-11,1984,9,255,0.0
1984-09-12,1984,9,256,17.072700787836812
1984-09-13,1984,9,257,11.5324033236238
1984-09-14,1984,9,258,19.332903522656533
1984-09-15,1984,9,259,9.606997854401131
1984-09-16,1984,9,260,7.7183721053263215
1984-09-17,1984,9,261,8.547419712905102
1984-09-18,1984,9,262,27.610081851022716
1984-09-19,1984,9,263,16.24687728681622
1984-09-20,1984,9,264,17.442833059346874
1984-09-21,1984,9,265,6.043345159205394
1984-09-22,1984,9,266,0.23440360011662187
1984-09-23,1984,9,267,7.37948797253737
1984-09-24,1984,9,268,13.842579823635333
1984-09-25,1984,9,269,23.360531768945922
1984-09-26,1984,9,270,29.09571804424178
1984-09-27,1984,9,271,23.98771398335108
1984-09-28,1984,9,272,6.186425271459186
1984-09-29,1984,9,273,5.089467145381263
1984-09-30,1984,9,274,13.569655291014689
1984-10-01,1984,10,275,12.929275047196828
1984-10-02,1984,10,276,0.9811119215041018
1984-10-03,1984,10,277,0.8768322440223402
1984-10-04,1984,10,278,2.472666968008138
1984-10-05,1984,10,279,3.6092168837402663
1984-10-06,1984,10,280,0.0
1984-10-07,1984,10,281,0.5566471489250098
1984-10-08,1984,10,282,0.0
1984-10-09,1984,10,283,0.0
1984-10-10,1984,10,284,0.0
1984-10-11,1984,10,285,0.0
1984-10-12,1984,10,286,0.0
1984-10-13,1984,10,287,0.0
1984-10-14,1984,10,288,0.0
1984-10-15,1984,10,289,15.720567958213984
1984-10-16,1984,10,290,11.318910385363106
1984-10-17,1984,10,291,3.6963741464194
1984-10-18,1984,10,292,0.5040410482791517
1984-10-19,1984,10,293,0.08254018929031229
1984-10-20,1984,10,294,0.9210380755026524
1984-10-21,1984,10,295,0.06318991431438116
1984-10-22,1984,10,296,0.0
1984-10-23,1984,10,297,5.17442301030637
1984-10-24,1984,10,298,4.2736413289873445
1984-10-25,1984,10,299,1.4560015424766801
1984-10-26,1984,10,300,0.0
1984-10-27,1984,10,301,0.0
1984-10-28,1984,10,302,6.556571922653643
1984-10-29,1984,10,303,24.554404000900913
1984-10-30,1984,10,304,9.338051523933476
1984-10-31,1984,10,305,2.7469639309267766
1984-11-01,1984,11,306,0.0
1984-11-02,1984,11,307,0.0
1984-11-03,1984,11,308,0.17076912351214385
1984-11-04,1984,11,309,13.147340258779748
1984-11-05,1984,11,310,0.4477349847631773
1984-11-06,1984,11,311,2.766414027287598
1984-11-07,1984,11,312,0.6473105125378215
1984-11-08,1984,11,313,0.0
1984-11-09,1984,11,314,0.0
1984-11-10,1984,11,315,0.0
1984-11-11,1984,11,316,0.0
1984-11-12,1984,11,317,0.0
1984-11-13,1984,11,318,0.0
1984-11-14,1984,11,319,0.0
1984-11-15,1984,11,320,0.0
1984-11-16,1984,11,321,0.0
1984-11-17,1984,11,322,0.0
1984-11-18,1984,11,323,0.0
1984-11-19,1984,11,324,0.0
1984-11-20,1984,11,325,0.8192079218412528
1984-11-21,1984,11,326,0.8514368407421881
1984-11-22,1984,11,327,4.636422776726444
1984-11-23,1984,11,328,0.0
1984-11-24,1984,11,329,5.824898892421444
1984-11-25,1984,11,330,0.0
1984-11-26,1984,11,331,0.0
1984-11-27,1984,11,332,0.0
1984-11-28,1984,11,333,0.0
1984-11-29,1984,11,334,0.0
1984-11-30,1984,11,335,0.0
1984-12-01,1984,12,336,0.0
1984-12-02,1984,12,337,0.0019564018764348756
1984-12-03,1984,12,338,0.6016630614631281
1984-12-04,1984,12,339,0.0
1984-12-05,1984,12,340,3.8783467504440874
1984-12-06,1984,12,341,3.4245399309716475
1984-12-07,1984,12,342,1.1808321922889815
1984-12-08,1984,12,343,0.0
1984-12-09,1984,12,344,0.0
1984-12-10,1984,12,345,0.0
1984-12-11,1984,12,346,0.0
1984-12-12,1984,12,347,0.0
1984-12-13,1984,12,348,0.0
1984-12-14,1984,12,349,0.0
1984-12-15,1984,12,350,0.0
1984-12-16,1984,12,351,0.004339116244818681
1984-12-17,1984,12,352,0.0
1984-12-18,1984,12,353,0.0
1984-12-19,1984,12,354,0.0
1984-12-20,1984,12,355,0.0
1984-12-21,1984,12,356,0.0
1984-12-22,1984,12,357,0.0
1984-12-23,1984,12,358,0.0
1984-12-24,1984,12,359,0.3787810477111313
1984-12-25,1984,12,360,0.0
1984-12-26,1984,12,361,0.0
1984-12-27,1984,12,362,0.0
1984-12-28,1984,12,363,0.0
1984-12-29,1984,12,364,2.4555446895760356
1984-12-30,1984,12,365,0.0
1984-12-31,1984,12,366,0.0
1985-01-01,1985,1,1,0.0
1985-01-02,1985,1,2,0.0
1985-01-03,1985,1,3,0.0
1985-01-04,1985,1,4,0.0
1985-01-05,1985,1,5,1.0287132707536986
1985-01-06,1985,1,6,0.33944473505633044
1985-01-07,1985,1,7,0.0
1985-01-08,1985,1,8,0.0
1985-01-09,1985,1,9,0.0
1985-01-10,1985,1,10,0.0
1985-01-11,1985,1,11,0.0
1985-01-12,1985,1,12,0.0
1985-01-13,1985,1,13,0.43901591629888026
1985-01-14,1985,1,14,0.0
1985-01-15,1985,1,15,0.0
1985-01-16,1985,1,16,0.0
1985-01-17,1985,1,17,0.0
1985-01-18,1985,1,18,0.0
1985-01-19,1985,1,19,0.0
1985-01-20,1985,1,20,0.0
1985-01-21,1985,1,21,0.5365702425606146
1985-01-22,1985,1,22,0.0
1985-01-23,1985,1,23,0.3884677768979404
1985-01-24,1985,1,24,0.0
1985-01-25,1985,1,25,0.0
1985-01-26,1985,1,26,0.0
1985-01-27,1985,1,27,0.0
1985-01-28,1985,1,28,0.0
1985-01-29,1985,1,29,0.0
1985-01-30,1985,1,30,0.0
1985-01-31,1985,1,31,1.5690361748113526
1985-02-01,1985,2,32,0.0
1985-02-02,1985,2,33,0.0
1985-02-03,1985,2,34,0.0
1985-02-04,1985,2,35,0.0
1985-02-05,1985,2,36,0.0
1985-02-06,1985,2,37,0.0
1985-02-07,1985,2,38,0.0
1985-02-08,1985,2,39,0.0
1985-02-09,1985,2,40,0.0
1985-02-10,1985,2,41,0.0
1985-02-11,1985,2,42,0.0
1985-02-12,1985,2,43,0.18539727449212814
1985-02-13,1985,2,44,0.0
1985-02-14,1985,2,45,0.012733058226649947
1985-02-15,1985,2,46,0.12059870390373108
1985-02-16,1985,2,47,0.0
1985-02-17,1985,2,48,0.0
1985-02-18,1985,2,49,0.0
1985-02-19,1985,2,50,0.44649763850953306
1985-02-20,1985,2,51,0.9088022791123738
1985-02-21,1985,2,52,0.0
1985-02-22,1985,2,53,0.0
1985-02-23,1985,2,54,0.46436745842604327
1985-02-24,1985,2,55,0.9900120458954301
1985-02-25,1985,2,56,8.957697732589544
1985-02-26,1985,2,57,0.0
1985-02-27,1985,2,58,0.0
1985-02-28,1985,2,59,0.0
1985-03-01,1985,3,60,0.0
1985-03-02,1985,3,61,0.0
1985-03-03,1985,3,62,0.0
1985-03-04,1985,3,63,0.0
1985-03-05,1985,3,64,0.0
1985-03-06,1985,3,65,0.0
1985-03-07,1985,3,66,0.0
1985-03-08,1985,3,67,0.0
1985-03-09,1985,3,68,0.0
1985-03-10,1985,3,69,0.0
1985-03-11,1985,3,70,0.0
1985-03-12,1985,3,71,1.8903629991266604
1985-03-13,1985,3,72,13.298680900812352
1985-03-14,1985,3,73,0.0
1985-03-15,1985,3,74,0.0
1985-03-16,1985,3,75,0.0
1985-03-17,1985,3,76,0.0
1985-03-18,1985,3,77,0.0
1985-03-19,1985,3,78,0.0
1985-03-20,1985,3,79,0.0
1985-03-21,1985,3,80,0.0
1985-03-22,1985,3,81,4.384932293887822
1985-03-23,1985,3,82,0.0
1985-03-24,1985,3,83,0.0
1985-03-25,1985,3,84,0.0
1985-03-26,1985,3,85,0.0
1985-03-27,1985,3,86,0.0
1985-03-28,1985,3,87,0.0
1985-03-29,1985,3,88,0.0
1985-03-30,1985,3,89,0.0
1985-03-31,1985,3,90,10.712457867391922
1985-04-01,1985,4,91,0.0
1985-04-02,1985,4,92,0.0
1985-04-03,1985,4,93,0.0
1985-04-04,1985,4,94,0.0
1985-04-05,1985,4,95,0.0
1985-04-06,1985,4,96,0.0
1985-04-07,1985,4,97,0.0
1985-04-08,1985,4,98,0.0
1985-04-09,1985,4,99,0.0
1985-04-10,1985,4,100,0.0
1985-04-11,1985,4,101,0.0
1985-04-12,1985,4,102,0.0
1985-04-13,1985,4,103,0.0
1985-04-14,1985,4,104,0.0
1985-04-15,1985,4,105,0.0
1985-04-16,1985,4,106,2.373889520055684
1985-04-17,1985,4,107,1.1440756364494895
1985-04-18,1985,4,108,1.5235447571920147
1985-04-19,1985,4,109,1.265309541657784
1985-04-20,1985,4,110,6.012363477966779
1985-04-21,1985,4,111,2.543105774068281
1985-04-22,1985,4,112,2.8096818377957353
1985-04-23,1985,4,113,3.23639938952888
1985-04-24,1985,4,114,2.2891592372531244
1985-04-25,1985,4,115,0.21791825971495116
1985-04-26,1985,4,116,0.0567253301975149
1985-04-27,1985,4,117,0.0
1985-04-28,1985,4,118,5.165739013123125
1985-04-29,1985,4,119,9.556225875553762
1985-04-30,1985,4,120,16.580340463888373
1985-05-01,1985,5,121,8.45098163847649
1985-05-02,1985,5,122,8.256103978722953
1985-05-03,1985,5,123,0.14263040915246492
1985-05-04,1985,5,124,1.2461288733776552
1985-05-05,1985,5,125,0.24354004563688725
1985-05-06,1985,5,126,1.3592020621030068
1985-05-07,1985,5,127,11.235343981013918
1985-05-08,1985,5,128,3.282057963126525
1985-05-09,1985,5,129,0.0
1985-05-10,1985,5,130,6.351195633360334
1985-05-11,1985,5,131,0.0434282231044851
1985-05-12,1985,5,132,0.7264214084510019
1985-05-13,1985,5,133,1.5535607047845077
1985-05-14,1985,5,134,0.0
1985-05-15,1985,5,135,0.0
1985-05-16,1985,5,136,1.0490429395268692
1985-05-17,1985,5,137,4.3367060963782675
1985-05-18,1985,5,138,9.064306669441573
1985-05-19,1985,5,139,0.0
1985-05-20,1985,5,140,7.762626974216975
1985-05-21,1985,5,141,5.597365814646596
1985-05-22,1985,5,142,8.157369735614807
1985-05-23,1985,5,143,4.762914635221879
1985-05-24,1985,5,144,4.530359148468437
1985-05-25,1985,5,145,9.039885121119157
1985-05-26,1985,5,146,15.922387258354785
1985-05-27,1985,5,147,12.799650868392952
1985-05-28,1985,5,148,10.89228898159132
1985-05-29,1985,5,149,11.278653713813071
1985-05-30,1985,5,150,11.697061687324839
1985-05-31,1985,5,151,8.684548768102356
1985-06-01,1985,6,152,31.519881160624944
1985-06-02,1985,6,153,18.331040717233627
1985-06-03,1985,6,154,11.385613258311968
1985-06-04,1985,6,155,1.1563116936164732
1985-06-05,1985,6,156,6.887708910326722
1985-06-06,1985,6,157,1.2914991509536442
1985-06-07,1985,6,158,12.88812660353758
1985-06-08,1985,6,159,8.343745996222705
1985-06-09,1985,6,160,6.706123291067109
1985-06-10,1985,6,161,9.544725827100242
1985-06-11,1985,6,162,15.725874744119457
1985-06-12,1985,6,163,5.2389996891463015
1985-06-13,1985,6,164,19.01322663739489
1985-06-14,1985,6,165,18.506092739697696
1985-06-15,1985,6,166,12.567296069303742
1985-06-16,1985,6,167,0.4285460099667285
1985-06-17,1985,6,168,10.026644245211447
1985-06-18,1985,6,169,4.427679536888103
1985-06-19,1985,6,170,0.276964006816207
1985-06-20,1985,6,171,10.114270580867059
1985-06-21,1985,6,172,6.028825487453098
1985-06-22,1985,6,173,0.0
1985-06-23,1985,6,174,0.0
1985-06-24,1985,6,175,12.155898435563234
1985-06-25,1985,6,176,9.421507373771405
1985-06-26,1985,6,177,14.694720925892533
1985-06-27,1985,6,178,12.53995933017878
1985-06-28,1985,6,179,22.20937505193317
1985-06-29,1985,6,180,17.00379304734682
1985-06-30,1985,6,181,10.138771013408622
1985-07-01,1985,7,182,22.736835556144687
1985-07-02,1985,7,183,0.294143338640633
1985-07-03,1985,7,184,1.490149588593072
1985-07-04,1985,7,185,2.3317056733926544
1985-07-05,1985,7,186,4.068629837996345
1985-07-06,1985,7,187,10.81110929002492
1985-07-07,1985,7,188,9.597923331824552
1985-07-08,1985,7,189,0.1895933070546455
1985-07-09,1985,7,190,0.0
1985-07-10,1985,7,191,0.0
1985-07-11,1985,7,192,6.665186004242329
1985-07-12,1985,7,193,19.54894539854316
1985-07-13,1985,7,194,6.263243647242779
1985-07-14,1985,7,195,0.06287892005743895
1985-07-15,1985,7,196,5.675870814891381
1985-07-16,1985,7,197,8.075580436548005
1985-07-17,1985,7,198,7.49797881354403
1985-07-18,1985,7,199,6.507420026653326
1985-07-19,1985,7,200,0.7422699813875462
1985-07-20,1985,7,201,3.0717207092245933
1985-07-21,1985,7,202,4.438163929855916
1985-07-22,1985,7,203,7.523455851897277
1985-07-23,1985,7,204,26.869899298047653
1985-07-24,1985,7,205,5.01197347021961
1985-07-25,1985,7,206,0.0
1985-07-26,1985,7,207,2.5813199031169125
1985-07-27,1985,7,208,2.334833303934096
1985-07-28,1985,7,209,8.186184236404728
1985-07-29,1985,7,210,18.22416930823829
1985-07-30,1985,7,211,19.286412510385652
1985-07-31,1985,7,212,6.229744634673242
1985-08-01,1985,8,213,10.922820004624185
1985-08-02,1985,8,214,4.503731240445768
1985-08-03,1985,8,215,11.603748049200757
1985-08-04,1985,8,216,6.246363642385298
1985-08-05,1985,8,217,8.17988427990813
1985-08-06,1985,8,218,9.245271651379145
1985-08-07,1985,8,219,0.9307363524637167
1985-08-08,1985,8,220,0.0
1985-08-09,1985,8,221,5.172193841742161
1985-08-10,1985,8,222,3.764091748198384
1985-08-11,1985,8,223,7.853646262548067
1985-08-12,1985,8,224,1.4258770231722562
1985-08-13,1985,8,225,10.531430454568774
1985-08-14,1985,8,226,18.55041100167778
1985-08-15,1985,8,227,6.605027940401994
1985-08-16,1985,8,228,3.8651709214376395
1985-08-17,1985,8,229,0.0
1985-08-18,1985,8,230,0.025090648459897863
1985-08-19,1985,8,231,0.0
1985-08-20,1985,8,232,10.11586499561483
1985-08-21,1985,8,233,0.0
1985-08-22,1985,8,234,1.8094509015659441
1985-08-23,1985,8,235,0.0
1985-08-24,1985,8,236,23.82207211839305
1985-08-25,1985,8,237,6.9713040215395
1985-08-26,1985,8,238,23.76767679433488
1985-08-27,1985,8,239,9.097481994212133
1985-08-28,1985,8,240,6.197790555087747
1985-08-29,1985,8,241,8.806538142704413
1985-08-30,1985,8,242,8.2350983024665
1985-08-31,1985,8,243,15.872033931500095
1985-09-01,1985,9,244,0.0
1985-09-02,1985,9,245,0.0
1985-09-03,1985,9,246,4.7019693698756395
1985-09-04,1985,9,247,0.0019902962338955053
1985-09-05,1985,9,248,12.514050732950114
1985-09-06,1985,9,249,1.0813823401059672
1985-09-07,1985,9,250,0.0
1985-09-08,1985,9,251,0.0
1985-09-09,1985,9,252,15.880956627000778
1985-09-10,1985,9,253,6.7848706677517745
1985-09-11,1985,9,254,6.169836901658198
1985-09-12,1985,9,255,8.313485363250937
1985-09-13,1985,9,256,15.387573535154287
1985-09-14,1985,9,257,5.037766308384057
1985-09-15,1985,9,258,9.91993813077507
1985-09-16,1985,9,259,13.912879590407943
1985-09-17,1985,9,260,6.080894176226554
1985-09-18,1985,9,261,9.941216347967341
1985-09-19,1985,9,262,26.35340444961979
1985-09-20,1985,9,263,8.146576768021964
1985-09-21,1985,9,264,5.679588885009034
1985-09-22,1985,9,265,29.062863337247926
1985-09-23,1985,9,266,23.06737702834678
1985-09-24,1985,9,267,14.60111907821695
1985-09-25,1985,9,268,16.222999275292512
1985-09-26,1985,9,269,12.001519828140992
1985-09-27,1985,9,270,23.651017272176148
1985-09-28,1985,9,271,0.0
1985-09-29,1985,9,272,0.0
1985-09-30,1985,9,273,2.268527406244678
1985-10-01,1985,10,274,12.089792313132413
1985-10-02,1985,10,275,11.180989212630239
1985-10-03,1985,10,276,1.905605114926205
1985-10-04,1985,10,277,0.009555864916362617
1985-10-05,1985,10,278,5.935348947996142
1985-10-06,1985,10,279,4.580809473276343
1985-10-07,1985,10,280,0.0
1985-10-08,1985,10,281,1.0328450969068435
1985-10-09,1985,10,282,0.0
1985-10-10,1985,10,283,14.129706529132706
1985-10-11,1985,10,284,2.967620337734697
1985-10-12,1985,10,285,6.370248437029947
1985-10-13,1985,10,286,8.56562888601854
1985-10-14,1985,10,287,10.24294997344389
1985-10-15,1985,10,288,0.9333026811620978
1985-10-16,1985,10,289,0.003008907435792271
1985-10-17,1985,10,290,14.199405655354239
1985-10-18,1985,10,291,0.1722040104886458
1985-10-19,1985,10,292,0.0
1985-10-20,1985,10,293,0.01789645823843988
1985-10-21,1985,10,294,2.1182027626160176
1985-10-22,1985,10,295,1.9209828499350268
1985-10-23,1985,10,296,0.0
1985-10-24,1985,10,297,16.700776156749907
1985-10-25,1985,10,298,22.911576034477253
1985-10-26,1985,10,299,6.790686544947065
1985-10-27,1985,10,300,20.620321306083174
1985-10-28,1985,10,301,0.12517051647745248
1985-10-29,1985,10,302,2.2404129462254385
1985-10-30,1985,10,303,2.045998109847742
1985-10-31,1985,10,304,24.825667578640818
1985-11-01,1985,11,305,0.2527736578625088
1985-11-02,1985,11,306,42.01958416870953
1985-11-03,1985,11,307,0.0
1985-11-04,1985,11,308,0.0
1985-11-05,1985,11,309,0.0
1985-11-06,1985,11,310,7.698810187178793
1985-11-07,1985,11,311,1.9772152368493232
1985-11-08,1985,11,312,0.0
1985-11-09,1985,11,313,0.0
1985-11-10,1985,11,314,0.0
1985-11-11,1985,11,315,0.0
1985-11-12,1985,11,316,0.0
1985-11-13,1985,11,317,0.0
1985-11-14,1985,11,318,0.0
1985-11-15,1985,11,319,0.0
1985-11-16,1985,11,320,0.0
1985-11-17,1985,11,321,0.0
1985-11-18,1985,11,322,0.0
1985-11-19,1985,11,323,0.0
1985-11-20,1985,11,324,1.07655685174741
1985-11-21,1985,11,325,0.0
1985-11-22,1985,11,326,0.0
1985-11-23,1985,11,327,0.004691429493666309
1985-11-24,1985,11,328,0.0
1985-11-25,1985,11,329,5.0129232056241
1985-11-26,1985,11,330,0.0
1985-11-27,1985,11,331,8.843828668477908
1985-11-28,1985,11,332,4.946494072956618
1985-11-29,1985,11,333,7.6090521381365095
1985-11-30,1985,11,334,0.0
1985-12-01,1985,12,335,2.73054566971747
1985-12-02,1985,12,336,2.8612266888246642
1985-12-03,1985,12,337,0.2849726576833717
1985-12-04,1985,12,338,0.429482006832587
1985-12-05,1985,12,339,0.429482006832587
1985-12-06,1985,12,340,0.0
1985-12-07,1985,12,341,0.0
1985-12-08,1985,12,342,0.0
1985-12-09,1985,12,343,0.0
1985-12-10,1985,12,344,0.0031377748229509763
1985-12-11,1985,12,345,0.5982038677504866
1985-12-12,1985,12,346,6.794131479716852
1985-12-13,1985,12,347,0.0
1985-12-14,1985,12,348,1.8991795031556538
1985-12-15,1985,12,349,0.0
1985-12-16,1985,12,350,0.0
1985-12-17,1985,12,351,0.0
1985-12-18,1985,12,352,0.0
1985-12-19,1985,12,353,0.0
1985-12-20,1985,12,354,0.0
1985-12-21,1985,12,355,0.0
1985-12-22,1985,12,356,0.0
1985-12-23,1985,12,357,0.0
1985-12-24,1985,12,358,0.0
1985-12-25,1985,12,359,0.0
1985-12-26,1985,12,360,0.0
1985-12-27,1985,12,361,0.0
1985-12-28,1985,12,362,0.0
1985-12-29,1985,12,363,0.0
1985-12-30,1985,12,364,0.0
1985-12-31,1985,12,365,0.0
1986-01-01,1986,1,1,0.0
1986-01-02,1986,1,2,0.0
1986-01-03,1986,1,3,0.0
1986-01-04,1986,1,4,0.0
1986-01-05,1986,1,5,0.0
1986-01-06,1986,1,6,0.0
1986-01-07,1986,1,7,0.0
1986-01-08,1986,1,8,0.0
1986-01-09,1986,1,9,0.44758437041451815
1986-01-10,1986,1,10,0.0
1986-01-11,1986,1,11,0.9384043126302393
1986-01-12,1986,1,12,0.0
1986-01-13,1986,1,13,0.0
1986-01-14,1986,1,14,0.0
1986-01-15,1986,1,15,0.0
1986-01-16,1986,1,16,0.0
1986-01-17,1986,1,17,0.0
1986-01-18,1986,1,18,0.0
1986-01-19,1986,1,19,0.0
1986-01-20,1986,1,20,0.3526714625477076
1986-01-21,1986,1,21,0.0
1986-01-22,1986,1,22,0.0
1986-01-23,1986,1,23,0.0
1986-01-24,1986,1,24,0.02366156524945858
1986-01-25,1986,1,25,0.002312974942067595
1986-01-26,1986,1,26,2.344129560130625
1986-01-27,1986,1,27,0.0
1986-01-28,1986,1,28,0.0
1986-01-29,1986,1,29,0.0
1986-01-30,1986,1,30,0.0
1986-01-31,1986,1,31,0.0
1986-02-01,1986,2,32,0.0
1986-02-02,1986,2,33,0.0
1986-02-03,1986,2,34,0.0
1986-02-04,1986,2,35,2.0032644800477897
1986-02-05,1986,2,36,0.0
1986-02-06,1986,2,37,0.0
1986-02-07,1986,2,38,0.0
1986-02-08,1986,2,39,1.329782018624725
1986-02-09,1986,2,40,0.0
1986-02-10,1986,2,41,0.0
1986-02-11,1986,2,42,0.0
1986-02-12,1986,2,43,0.0
1986-02-13,1986,2,44,1.4369019641769987
1986-02-14,1986,2,45,0.0
1986-02-15,1986,2,46,0.23964382382468885
1986-02-16,1986,2,47,0.0
1986-02-17,1986,2,48,0.0
1986-02-18,1986,2,49,0.0
1986-02-19,1986,2,50,0.0
1986-02-20,1986,2,51,0.0
1986-02-21,1986,2,52,0.0
1986-02-22,1986,2,53,0.0
1986-02-23,1986,2,54,0.0
1986-02-24,1986,2,55,2.822725137738765
1986-02-25,1986,2,56,1.0568367409317947
1986-02-26,1986,2,57,0.020185457505828414
1986-02-27,1986,2,58,0.0
1986-02-28,1986,2,59,0.0
1986-03-01,1986,3,60,4.277804665210008
1986-03-02,1986,3,61,0.0
1986-03-03,1986,3,62,0.0
1986-03-04,1986,3,63,0.0
1986-03-05,1986,3,64,0.0
1986-03-06,1986,3,65,0.0
1986-03-07,1986,3,66,0.0
1986-03-08,1986,3,67,0.0
1986-03-09,1986,3,68,0.0
1986-03-10,1986,3,69,0.0
1986-03-11,1986,3,70,0.0
1986-03-12,1986,3,71,0.0
1986-03-13,1986,3,72,0.0
1986-03-14,1986,3,73,0.0
1986-03-15,1986,3,74,0.0
1986-03-16,1986,3,75,0.0
1986-03-17,1986,3,76,0.0
1986-03-18,1986,3,77,0.0
1986-03-19,1986,3,78,0.0
1986-03-20,1986,3,79,0.6992113758788318
1986-03-21,1986,3,80,5.993951951221411
1986-03-22,1986,3,81,0.04386325564870696
1986-03-23,1986,3,82,0.899876149066412
1986-03-24,1986,3,83,0.899876149066412
1986-03-25,1986,3,84,0.899876149066412
1986-03-26,1986,3,85,1.954113884266361
1986-03-27,1986,3,86,0.0
1986-03-28,1986,3,87,0.00842141793544413
1986-03-29,1986,3,88,0.0
1986-03-30,1986,3,89,0.0
1986-03-31,1986,3,90,0.0
1986-04-01,1986,4,91,0.0
1986-04-02,1986,4,92,0.0
1986-04-03,1986,4,93,0.0
1986-04-04,1986,4,94,0.0
1986-04-05,1986,4,95,0.0
1986-04-06,1986,4,96,0.0
1986-04-07,1986,4,97,0.0
1986-04-08,1986,4,98,0.0
1986-04-09,1986,4,99,0.0
1986-04-10,1986,4,100,0.0
1986-04-11,1986,4,101,0.0
1986-04-12,1986,4,102,0.0
1986-04-13,1986,4,103,0.0
1986-04-14,1986,4,104,0.0
1986-04-15,1986,4,105,0.0
1986-04-16,1986,4,106,0.0
1986-04-17,1986,4,107,0.0
1986-04-18,1986,4,108,0.0
1986-04-19,1986,4,109,0.0
1986-04-20,1986,4,110,0.0
1986-04-21,1986,4,111,4.625992496093319
1986-04-22,1986,4,112,1.2605359490957646
1986-04-23,1986,4,113,6.70531114039507
1986-04-24,1986,4,114,0.0
1986-04-25,1986,4,115,0.0
1986-04-26,1986,4,116,6.538981237468704
1986-04-27,1986,4,117,0.034720164133936506
1986-04-28,1986,4,118,8.720100952502287
1986-04-29,1986,4,119,0.0
1986-04-30,1986,4,120,0.0064445681927443165
1986-05-01,1986,5,121,1.7153542125541732
1986-05-02,1986,5,122,5.382663139647262
1986-05-03,1986,5,123,16.031331830486437
1986-05-04,1986,5,124,13.322232268259068
1986-05-05,1986,5,125,0.0
1986-05-06,1986,5,126,0.6601674491356047
1986-05-07,1986,5,127,0.0
1986-05-08,1986,5,128,0.0
1986-05-09,1986,5,129,0.35619795266235604
1986-05-10,1986,5,130,3.123570501804352
1986-05-11,1986,5,131,0.0
1986-05-12,1986,5,132,0.0
1986-05-13,1986,5,133,0.0
1986-05-14,1986,5,134,4.972157508466831
1986-05-15,1986,5,135,6.402965307542169
1986-05-16,1986,5,136,9.356002166420348
1986-05-17,1986,5,137,0.1580146493928087
1986-05-18,1986,5,138,8.312573485274342
1986-05-19,1986,5,139,7.185579151604659
1986-05-20,1986,5,140,10.264521942449207
1986-05-21,1986,5,141,6.356902006659227
1986-05-22,1986,5,142,0.0
1986-05-23,1986,5,143,31.73261970031333
1986-05-24,1986,5,144,9.245548809299944
1986-05-25,1986,5,145,12.93104684955561
1986-05-26,1986,5,146,7.343605493620716
1986-05-27,1986,5,147,5.110517722935173
1986-05-28,1986,5,148,17.95215357238652
1986-05-29,1986,5,149,31.596665945028587
1986-05-30,1986,5,150,10.450672000723204
1986-05-31,1986,5,151,3.1293305936488927
1986-06-01,1986,6,152,6.402260636200535
1986-06-02,1986,6,153,14.333595532071618
1986-06-03,1986,6,154,4.50162144971895
1986-06-04,1986,6,155,10.593973790056806
1986-06-05,1986,6,156,6.979893768201451
1986-06-06,1986,6,157,22.983929228966527
1986-06-07,1986,6,158,1.7905995353430688
1986-06-08,1986,6,159,9.522715697864642
1986-06-09,1986,6,160,0.5440809115856861
1986-06-10,1986,6,161,22.359498618092413
1986-06-11,1986,6,162,0.0
1986-06-12,1986,6,163,5.7475114681829025
1986-06-13,1986,6,164,9.531235709697036
1986-06-14,1986,6,165,5.721540061959673
1986-06-15,1986,6,166,1.7380515284893754
1986-06-16,1986,6,167,0.0
1986-06-17,1986,6,168,8.545104643781675
1986-06-18,1986,6,169,0.0
1986-06-19,1986,6,170,0.9104000983732627
1986-06-20,1986,6,171,5.935374333088277
1986-06-21,1986,6,172,0.5847955870648788
1986-06-22,1986,6,173,0.545345067365004
1986-06-23,1986,6,174,22.15194517706027
1986-06-24,1986,6,175,0.6704834465196017
1986-06-25,1986,6,176,0.8246175198853272
1986-06-26,1986,6,177,6.56888514312803
1986-06-27,1986,6,178,25.086433826600164
1986-06-28,1986,6,179,1.970567912501766
1986-06-29,1986,6,180,8.053268318924008
1986-06-30,1986,6,181,4.896298784829657
1986-07-01,1986,7,182,17.04415174641973
1986-07-02,1986,7,183,27.850877422293536
1986-07-03,1986,7,184,0.0
1986-07-04,1986,7,185,0.0
1986-07-05,1986,7,186,4.864915620391962
1986-07-06,1986,7,187,9.816878061981006
1986-07-07,1986,7,188,0.0
1986-07-08,1986,7,189,0.0
1986-07-09,1986,7,190,8.570862744236564
1986-07-10,1986,7,191,9.566894497336131
1986-07-11,1986,7,192,0.0
1986-07-12,1986,7,193,8.101912805026886
1986-07-13,1986,7,194,4.7586914419412825
1986-07-14,1986,7,195,13.7786531559708
1986-07-15,1986,7,196,0.08374623631246088
1986-07-16,1986,7,197,2.420594089288638
1986-07-17,1986,7,198,3.939234407262712
1986-07-18,1986,7,199,4.305268971988454
1986-07-19,1986,7,200,2.3195590474407393
1986-07-20,1986,7,201,1.1858767667640044
1986-07-21,1986,7,202,4.234886739176364
1986-07-22,1986,7,203,0.05658059622757233
1986-07-23,1986,7,204,9.155664770135331
1986-07-24,1986,7,205,12.560989044115091
1986-07-25,1986,7,206,0.0
1986-07-26,1986,7,207,0.0
1986-07-27,1986,7,208,5.603156238922014
1986-07-28,1986,7,209,4.3630765509993585
1986-07-29,1986,7,210,4.403738843342538
1986-07-30,1986,7,211,0.0
1986-07-31,1986,7,212,5.684327287457392
1986-08-01,1986,8,213,0.037529254123096094
1986-08-02,1986,8,214,0.0
1986-08-03,1986,8,215,1.2654757155959384
1986-08-04,1986,8,216,3.905070014457573
1986-08-05,1986,8,217,3.909597082738706
1986-08-06,1986,8,218,0.0
1986-08-07,1986,8,219,3.785553281288833
1986-08-08,1986,8,220,0.039305176557182964
1986-08-09,1986,8,221,7.345087411062476
1986-08-10,1986,8,222,3.6143595446555556
1986-08-11,1986,8,223,2.212320926767593
1986-08-12,1986,8,224,30.493446356635275
1986-08-13,1986,8,225,9.368405046172908
1986-08-14,1986,8,226,0.10251597410200393
1986-08-15,1986,8,227,0.013575637657211292
1986-08-16,1986,8,228,8.02072421382816
1986-08-17,1986,8,229,14.65230725683917
1986-08-18,1986,8,230,1.6333512972845619
1986-08-19,1986,8,231,0.08097442032030329
1986-08-20,1986,8,232,2.362032562621966
1986-08-21,1986,8,233,15.29198542433921
1986-08-22,1986,8,234,5.902167296348317
1986-08-23,1986,8,235,23.225301921112273
1986-08-24,1986,8,236,4.137085924724687
1986-08-25,1986,8,237,0.09305609283839524
1986-08-26,1986,8,238,8.718191542171878
1986-08-27,1986,8,239,10.045954035200822
1986-08-28,1986,8,240,0.0
1986-08-29,1986,8,241,0.0
1986-08-30,1986,8,242,0.0
1986-08-31,1986,8,243,0.0
1986-09-01,1986,9,244,10.347809553044213
1986-09-02,1986,9,245,0.03003353529131709
1986-09-03,1986,9,246,10.035744741214273
1986-09-04,1986,9,247,13.29866193397084
1986-09-05,1986,9,248,17.444124945433813
1986-09-06,1986,9,249,12.74704169256624
1986-09-07,1986,9,250,8.976473212242126
1986-09-08,1986,9,251,0.0
1986-09-09,1986,9,252,0.0
1986-09-10,1986,9,253,2.6706336349019053
1986-09-11,1986,9,254,18.123813254054838
1986-09-12,1986,9,255,0.0
1986-09-13,1986,9,256,11.6046702912861
1986-09-14,1986,9,257,4.201992424717294
1986-09-15,1986,9,258,0.0
1986-09-16,1986,9,259,0.0
1986-09-17,1986,9,260,5.286246191055835
1986-09-18,1986,9,261,16.074480596524378
1986-09-19,1986,9,262,11.83497963323487
1986-09-20,1986,9,263,0.0
1986-09-21,1986,9,264,0.0
1986-09-22,1986,9,265,0.0
1986-09-23,1986,9,266,4.4252080865261805
1986-09-24,1986,9,267,10.561676827065437
1986-09-25,1986,9,268,7.260856192338744
1986-09-26,1986,9,269,0.0
1986-09-27,1986,9,270,21.37733293151692
1986-09-28,1986,9,271,17.490998007235817
1986-09-29,1986,9,272,11.650725119933167
1986-09-30,1986,9,273,20.090239640475342
1986-10-01,1986,10,274,5.71805304937518
1986-10-02,1986,10,275,25.178049165567174
1986-10-03,1986,10,276,11.19890310790872
1986-10-04,1986,10,277,4.13732142742618
1986-10-05,1986,10,278,14.581036302097457
1986-10-06,1986,10,279,7.579891771869774
1986-10-07,1986,10,280,2.167874663736234
1986-10-08,1986,10,281,0.0
1986-10-09,1986,10,282,0.0
1986-10-10,1986,10,283,0.007819823250366054
1986-10-11,1986,10,284,0.0
1986-10-12,1986,10,285,0.0
1986-10-13,1986,10,286,0.1767578510106274
1986-10-14,1986,10,287,10.981967502919241
1986-10-15,1986,10,288,0.9492485314837457
1986-10-16,1986,10,289,0.32609675700785057
1986-10-17,1986,10,290,0.0
1986-10-18,1986,10,291,0.6874531872168299
1986-10-19,1986,10,292,0.028563292494367717
1986-10-20,1986,10,293,0.0
1986-10-21,1986,10,294,0.0
1986-10-22,1986,10,295,1.3261449003995947
1986-10-23,1986,10,296,2.1489172569175206
1986-10-24,1986,10,297,9.155794903163534
1986-10-25,1986,10,298,20.12174677807956
1986-10-26,1986,10,299,21.696975326578954
1986-10-27,1986,10,300,11.42205993130152
1986-10-28,1986,10,301,5.391662077405253
1986-10-29,1986,10,302,10.045744570382356
1986-10-30,1986,10,303,3.5456273521024544
1986-10-31,1986,10,304,0.0
1986-11-01,1986,11,305,12.051664192654071
1986-11-02,1986,11,306,16.555997576076148
1986-11-03,1986,11,307,0.0
1986-11-04,1986,11,308,0.0
1986-11-05,1986,11,309,0.0
1986-11-06,1986,11,310,0.0
1986-11-07,1986,11,311,0.0
1986-11-08,1986,11,312,0.0
1986-11-09,1986,11,313,0.0
1986-11-10,1986,11,314,0.8928090777270491
1986-11-11,1986,11,315,0.26760449905934863
1986-11-12,1986,11,316,4.036512880112845
1986-11-13,1986,11,317,9.448798048874202
1986-11-14,1986,11,318,0.0
1986-11-15,1986,11,319,0.0
1986-11-16,1986,11,320,0.0
1986-11-17,1986,11,321,0.0
1986-11-18,1986,11,322,0.0
1986-11-19,1986,11,323,0.0
1986-11-20,1986,11,324,0.2631640457248933
1986-11-21,1986,11,325,0.0
1986-11-22,1986,11,326,0.0
1986-11-23,1986,11,327,7.242018529668056
1986-11-24,1986,11,328,3.3123458719396552
1986-11-25,1986,11,329,0.0
1986-11-26,1986,11,330,0.0
1986-11-27,1986,11,331,0.0
1986-11-28,1986,11,332,0.0
1986-11-29,1986,11,333,0.0
1986-11-30,1986,11,334,2.6427192320247546
1986-12-01,1986,12,335,0.0
1986-12-02,1986,12,336,0.6436718743687116
1986-12-03,1986,12,337,0.2545248872721001
1986-12-04,1986,12,338,0.0
1986-12-05,1986,12,339,1.0394506017264895
1986-12-06,1986,12,340,0.0
1986-12-07,1986,12,341,0.0
1986-12-08,1986,12,342,0.0
1986-12-09,1986,12,343,1.4246158563590194
1986-12-10,1986,12,344,5.5621390569485865
1986-12-11,1986,12,345,1.6423797601292862
1986-12-12,1986,12,346,0.0
1986-12-13,1986,12,347,0.0
1986-12-14,1986,12,348,0.0
1986-12-15,1986,12,349,0.0
1986-12-16,1986,12,350,0.0
1986-12-17,1986,12,351,0.0
1986-12-18,1986,12,352,0.0
1986-12-19,1986,12,353,0.0
1986-12-20,1986,12,354,0.0
1986-12-21,1986,12,355,0.0
1986-12-22,1986,12,356,0.0
1986-12-23,1986,12,357,0.0
1986-12-24,1986,12,358,0.0
1986-12-25,1986,12,359,0.0
1986-12-26,1986,12,360,0.0
1986-12-27,1986,12,361,0.0
1986-12-28,1986,12,362,0.0
1986-12-29,1986,12,363,0.0
1986-12-30,1986,12,364,0.0
1986-12-31,1986,12,365,0.0
1987-01-01,1987,1,1,1.0177349080974052
1987-01-02,1987,1,2,0.0
1987-01-03,1987,1,3,0.0
1987-01-04,1987,1,4,0.4627213986796402
1987-01-05,1987,1,5,0.4627213986796402
1987-01-06,1987,1,6,0.0
1987-01-07,1987,1,7,0.0
1987-01-08,1987,1,8,0.0
1987-01-09,1987,1,9,0.0
1987-01-10,1987,1,10,0.0
1987-01-11,1987,1,11,0.0
1987-01-12,1987,1,12,0.0
1987-01-13,1987,1,13,0.0
1987-01-14,1987,1,14,0.3390757919583652
1987-01-15,1987,1,15,0.0
1987-01-16,1987,1,16,0.0
1987-01-17,1987,1,17,0.0
1987-01-18,1987,1,18,0.0
1987-01-19,1987,1,19,0.0
1987-01-20,1987,1,20,0.0
1987-01-21,1987,1,21,0.0
1987-01-22,1987,1,22,0.0
1987-01-23,1987,1,23,0.0
1987-01-24,1987,1,24,0.0
1987-01-25,1987,1,25,0.0
1987-01-26,1987,1,26,0.004500059766859302
1987-01-27,1987,1,27,0.5976019130880852
1987-01-28,1987,1,28,0.0
1987-01-29,1987,1,29,0.0
1987-01-30,1987,1,30,0.0
1987-01-31,1987,1,31,1.3573704945193261
1987-02-01,1987,2,32,0.0
1987-02-02,1987,2,33,0.29134838131113555
1987-02-03,1987,2,34,0.4071353692832725
1987-02-04,1987,2,35,0.0
1987-02-05,1987,2,36,0.0
1987-02-06,1987,2,37,3.834489936898076
1987-02-07,1987,2,38,3.588913476150468
1987-02-08,1987,2,39,0.0
1987-02-09,1987,2,40,0.0
1987-02-10,1987,2,41,0.0
1987-02-11,1987,2,42,0.0
1987-02-12,1987,2,43,0.0
1987-02-13,1987,2,44,0.0
1987-02-14,1987,2,45,0.0
1987-02-15,1987,2,46,0.0
1987-02-16,1987,2,47,0.0
1987-02-17,1987,2,48,0.0
1987-02-18,1987,2,49,0.0
1987-02-19,1987,2,50,0.1761197458502566
1987-02-20,1987,2,51,1.8005808462111894
1987-02-21,1987,2,52,0.20324659133018752
1987-02-22,1987,2,53,0.0
1987-02-23,1987,2,54,0.0
1987-02-24,1987,2,55,0.0
1987-02-25,1987,2,56,0.0
1987-02-26,1987,2,57,0.0
1987-02-27,1987,2,58,0.0
1987-02-28,1987,2,59,0.0
1987-03-01,1987,3,60,0.0
1987-03-02,1987,3,61,22.894725838990524
1987-03-03,1987,3,62,0.0
1987-03-04,1987,3,63,0.44077497153784745
1987-03-05,1987,3,64,0.0
1987-03-06,1987,3,65,0.0
1987-03-07,1987,3,66,0.0
1987-03-08,1987,3,67,0.0
1987-03-09,1987,3,68,0.0
1987-03-10,1987,3,69,0.0
1987-03-11,1987,3,70,0.0
1987-03-12,1987,3,71,44.20186061949024
1987-03-13,1987,3,72,0.0
1987-03-14,1987,3,73,0.0
1987-03-15,1987,3,74,0.0
1987-03-16,1987,3,75,0.0
1987-03-17,1987,3,76,0.0
1987-03-18,1987,3,77,0.0
1987-03-19,1987,3,78,15.815584178193573
1987-03-20,1987,3,79,3.049279462606762
1987-03-21,1987,3,80,8.191186625015664
1987-03-22,1987,3,81,0.0
1987-03-23,1987,3,82,8.161650245988481
1987-03-24,1987,3,83,0.0
1987-03-25,1987,3,84,0.0
1987-03-26,1987,3,85,0.0
1987-03-27,1987,3,86,0.0
1987-03-28,1987,3,87,0.0028345866803951313
1987-03-29,1987,3,88,0.0
1987-03-30,1987,3,89,0.0
1987-03-31,1987,3,90,7.145105131589764
1987-04-01,1987,4,91,0.26626723815767606
1987-04-02,1987,4,92,0.0
1987-04-03,1987,4,93,8.313878760750518
1987-04-04,1987,4,94,0.0
1987-04-05,1987,4,95,8.683196662426402
1987-04-06,1987,4,96,1.5371088615930684
1987-04-07,1987,4,97,0.0
1987-04-08,1987,4,98,6.496140153978048E-4
1987-04-09,1987,4,99,0.6711316514303772
1987-04-10,1987,4,100,1.059057407636569
1987-04-11,1987,4,101,9.264949052708724
1987-04-12,1987,4,102,7.885863527387457
1987-04-13,1987,4,103,3.719385500330137
1987-04-14,1987,4,104,5.217556485275786
1987-04-15,1987,4,105,0.37634978763242005
1987-04-16,1987,4,106,4.860401909884573
1987-04-17,1987,4,107,6.284966717546787
1987-04-18,1987,4,108,0.0
1987-04-19,1987,4,109,0.0
1987-04-20,1987,4,110,0.0
1987-04-21,1987,4,111,0.0
1987-04-22,1987,4,112,0.0
1987-04-23,1987,4,113,0.0
1987-04-24,1987,4,114,0.0
1987-04-25,1987,4,115,0.0
1987-04-26,1987,4,116,0.0
1987-04-27,1987,4,117,0.0
1987-04-28,1987,4,118,0.0
1987-04-29,1987,4,119,0.6981345237374
1987-04-30,1987,4,120,0.0
1987-05-01,1987,5,121,0.0
1987-05-02,1987,5,122,0.0
1987-05-03,1987,5,123,0.0
1987-05-04,1987,5,124,0.0
1987-05-05,1987,5,125,0.5691371635177142
1987-05-06,1987,5,126,0.0
1987-05-07,1987,5,127,3.3398934089432646
1987-05-08,1987,5,128,0.0
1987-05-09,1987,5,129,0.0
1987-05-10,1987,5,130,0.0
1987-05-11,1987,5,131,0.0
1987-05-12,1987,5,132,0.0
1987-05-13,1987,5,133,0.9632724236502235
1987-05-14,1987,5,134,0.09075972933287077
1987-05-15,1987,5,135,6.406971951530036
1987-05-16,1987,5,136,0.0
1987-05-17,1987,5,137,0.4281669676354939
1987-05-18,1987,5,138,0.0
1987-05-19,1987,5,139,1.5324125678598524
1987-05-20,1987,5,140,4.615894061638539
1987-05-21,1987,5,141,0.5501440665920064
1987-05-22,1987,5,142,0.6440711694593193
1987-05-23,1987,5,143,0.0
1987-05-24,1987,5,144,1.1450885427539537
1987-05-25,1987,5,145,21.181136923206086
1987-05-26,1987,5,146,4.200287675949479
1987-05-27,1987,5,147,9.059802604416243
1987-05-28,1987,5,148,10.473675916924268
1987-05-29,1987,5,149,18.171254651201213
1987-05-30,1987,5,150,5.528853027965641
1987-05-31,1987,5,151,7.403212150142249
1987-06-01,1987,6,152,6.4181993107767115
1987-06-02,1987,6,153,9.462810015719267
1987-06-03,1987,6,154,11.097239421184184
1987-06-04,1987,6,155,10.462396679827572
1987-06-05,1987,6,156,0.8107638479607068
1987-06-06,1987,6,157,2.6785134989273476
1987-06-07,1987,6,158,20.19895794459051
1987-06-08,1987,6,159,8.078703415220172
1987-06-09,1987,6,160,8.920093554815068
1987-06-10,1987,6,161,14.780494109370718
1987-06-11,1987,6,162,27.855162592350982
1987-06-12,1987,6,163,11.113541701918704
1987-06-13,1987,6,164,2.2206675242233604
1987-06-14,1987,6,165,0.0
1987-06-15,1987,6,166,1.388193400067556
1987-06-16,1987,6,167,5.285785040134227
1987-06-17,1987,6,168,12.849467780412317
1987-06-18,1987,6,169,7.159493815316639
1987-06-19,1987,6,170,6.164575298218617
1987-06-20,1987,6,171,4.804417843377376
1987-06-21,1987,6,172,0.0
1987-06-22,1987,6,173,14.839262951921992
1987-06-23,1987,6,174,7.37792216280943
1987-06-24,1987,6,175,0.00287770489494108
1987-06-25,1987,6,176,9.155826118018961
1987-06-26,1987,6,177,9.337447009335857
1987-06-27,1987,6,178,11.490523139942173
1987-06-28,1987,6,179,10.114331654023186
1987-06-29,1987,6,180,9.175264724218245
1987-06-30,1987,6,181,1.6167317717220402
1987-07-01,1987,7,182,1.1427324708956579
1987-07-02,1987,7,183,6.307115648021634
1987-07-03,1987,7,184,23.07685778604783
1987-07-04,1987,7,185,9.031685725377992
1987-07-05,1987,7,186,4.9255868303234385
1987-07-06,1987,7,187,0.11801301585167212
1987-07-07,1987,7,188,0.0
1987-07-08,1987,7,189,15.40035435738682
1987-07-09,1987,7,190,7.322184768413619
1987-07-10,1987,7,191,0.0
1987-07-11,1987,7,192,4.7409235308491064
1987-07-12,1987,7,193,6.782508500028903
1987-07-13,1987,7,194,18.579101151447574
1987-07-14,1987,7,195,5.9972158083061755
1987-07-15,1987,7,196,0.0
1987-07-16,1987,7,197,0.0
1987-07-17,1987,7,198,5.518903193866073
1987-07-18,1987,7,199,3.615065699269247
1987-07-19,1987,7,200,7.449286167194626
1987-07-20,1987,7,201,12.489588410607135
1987-07-21,1987,7,202,26.212072451500788
1987-07-22,1987,7,203,11.508416174003584
1987-07-23,1987,7,204,0.0
1987-07-24,1987,7,205,1.7963677770374369
1987-07-25,1987,7,206,7.217057017454655
1987-07-26,1987,7,207,3.452142020526255
1987-07-27,1987,7,208,6.903369993252333
1987-07-28,1987,7,209,7.567251131385439
1987-07-29,1987,7,210,12.609748175742798
1987-07-30,1987,7,211,7.74308790369941
1987-07-31,1987,7,212,15.565390109811569
1987-08-01,1987,8,213,22.339967129673827
1987-08-02,1987,8,214,4.253630140906434
1987-08-03,1987,8,215,7.665209674283593
1987-08-04,1987,8,216,19.015148207787888
1987-08-05,1987,8,217,0.0
1987-08-06,1987,8,218,4.846883646716088
1987-08-07,1987,8,219,2.0234862326835095
1987-08-08,1987,8,220,2.375095094058538
1987-08-09,1987,8,221,5.323902851307402
1987-08-10,1987,8,222,0.22555692850164397
1987-08-11,1987,8,223,1.2933372374058998
1987-08-12,1987,8,224,8.47517990453078
1987-08-13,1987,8,225,2.2537430767432785
1987-08-14,1987,8,226,4.55344867297698
1987-08-15,1987,8,227,3.7068319545409163
1987-08-16,1987,8,228,4.816293479952938
1987-08-17,1987,8,229,0.08236203769791708
1987-08-18,1987,8,230,0.0
1987-08-19,1987,8,231,1.8892432096786957
1987-08-20,1987,8,232,10.020019414594465
1987-08-21,1987,8,233,0.01114920642300355
1987-08-22,1987,8,234,0.0
1987-08-23,1987,8,235,5.315330795579827
1987-08-24,1987,8,236,3.474747781837303
1987-08-25,1987,8,237,2.44681431303294
1987-08-26,1987,8,238,6.025048093808034
1987-08-27,1987,8,239,26.967837443592824
1987-08-28,1987,8,240,0.0
1987-08-29,1987,8,241,1.2383984854411347
1987-08-30,1987,8,242,0.16451257523452512
1987-08-31,1987,8,243,0.0
1987-09-01,1987,9,244,4.553244422415738
1987-09-02,1987,9,245,3.110248609802717
1987-09-03,1987,9,246,9.590985166893725
1987-09-04,1987,9,247,3.377908558853692
1987-09-05,1987,9,248,13.508933246186789
1987-09-06,1987,9,249,21.9526567738998
1987-09-07,1987,9,250,5.272259432838428
1987-09-08,1987,9,251,19.632844036015676
1987-09-09,1987,9,252,8.216287153954168
1987-09-10,1987,9,253,9.460674605210214
1987-09-11,1987,9,254,13.327393823642455
1987-09-12,1987,9,255,16.993878728932767
1987-09-13,1987,9,256,8.49470870670541
1987-09-14,1987,9,257,0.0
1987-09-15,1987,9,258,0.0
1987-09-16,1987,9,259,0.0
1987-09-17,1987,9,260,5.4149950591539255
1987-09-18,1987,9,261,9.49231131146275
1987-09-19,1987,9,262,0.0
1987-09-20,1987,9,263,22.174440985780148
1987-09-21,1987,9,264,0.0034160021542481303
1987-09-22,1987,9,265,15.453167544947595
1987-09-23,1987,9,266,5.083829349192577
1987-09-24,1987,9,267,11.793890828236414
1987-09-25,1987,9,268,27.857337240694722
1987-09-26,1987,9,269,1.5684600366724795
1987-09-27,1987,9,270,18.06327253401331
1987-09-28,1987,9,271,1.2712132687638127
1987-09-29,1987,9,272,0.0
1987-09-30,1987,9,273,0.0
1987-10-01,1987,10,274,10.493337301893325
1987-10-02,1987,10,275,24.405031415878867
1987-10-03,1987,10,276,0.0
1987-10-04,1987,10,277,4.515473514105789
1987-10-05,1987,10,278,0.3958582745317526
1987-10-06,1987,10,279,3.6898236146009977
1987-10-07,1987,10,280,0.0
1987-10-08,1987,10,281,0.0
1987-10-09,1987,10,282,3.4565033317123
1987-10-10,1987,10,283,4.662986288851107
1987-10-11,1987,10,284,3.4366189963611258
1987-10-12,1987,10,285,0.9895758412286779
1987-10-13,1987,10,286,0.22621229395666184
1987-10-14,1987,10,287,0.0
1987-10-15,1987,10,288,0.0
1987-10-16,1987,10,289,0.0
1987-10-17,1987,10,290,0.9587832587135072
1987-10-18,1987,10,291,0.0
1987-10-19,1987,10,292,0.0
1987-10-20,1987,10,293,0.0
1987-10-21,1987,10,294,0.0
1987-10-22,1987,10,295,0.0
1987-10-23,1987,10,296,0.0
1987-10-24,1987,10,297,0.0
1987-10-25,1987,10,298,0.0
1987-10-26,1987,10,299,0.0
1987-10-27,1987,10,300,0.0
1987-10-28,1987,10,301,0.0
1987-10-29,1987,10,302,7.285195013346995
1987-10-30,1987,10,303,0.7601564206317029
1987-10-31,1987,10,304,0.0
1987-11-01,1987,11,305,0.0
1987-11-02,1987,11,306,0.0
1987-11-03,1987,11,307,0.0
1987-11-04,1987,11,308,0.0
1987-11-05,1987,11,309,0.0
1987-11-06,1987,11,310,0.0
1987-11-07,1987,11,311,0.0
1987-11-08,1987,11,312,0.0
1987-11-09,1987,11,313,0.0
1987-11-10,1987,11,314,0.0
1987-11-11,1987,11,315,0.0
1987-11-12,1987,11,316,0.0
1987-11-13,1987,11,317,0.0
1987-11-14,1987,11,318,0.0
1987-11-15,1987,11,319,0.0
1987-11-16,1987,11,320,0.0
1987-11-17,1987,11,321,0.0
1987-11-18,1987,11,322,0.0
1987-11-19,1987,11,323,4.680163109517037
1987-11-20,1987,11,324,0.0
1987-11-21,1987,11,325,0.0
1987-11-22,1987,11,326,0.0
1987-11-23,1987,11,327,0.4956829425301834
1987-11-24,1987,11,328,0.0
1987-11-25,1987,11,329,0.3572677201252262
1987-11-26,1987,11,330,0.32655080088000066
1987-11-27,1987,11,331,0.5940238071897649
1987-11-28,1987,11,332,0.0
1987-11-29,1987,11,333,0.0
1987-11-30,1987,11,334,22.591933084943914
1987-12-01,1987,12,335,0.0
1987-12-02,1987,12,336,0.0
1987-12-03,1987,12,337,12.344214566058346
1987-12-04,1987,12,338,5.517336372187124
1987-12-05,1987,12,339,4.421935428639406
1987-12-06,1987,12,340,0.0
1987-12-07,1987,12,341,0.0
1987-12-08,1987,12,342,0.0
1987-12-09,1987,12,343,0.0
1987-12-10,1987,12,344,0.0
1987-12-11,1987,12,345,0.0
1987-12-12,1987,12,346,0.0
1987-12-13,1987,12,347,0.0
1987-12-14,1987,12,348,0.0
1987-12-15,1987,12,349,0.0
1987-12-16,1987,12,350,0.0
1987-12-17,1987,12,351,0.0
1987-12-18,1987,12,352,0.0
1987-12-19,1987,12,353,0.0
1987-12-20,1987,12,354,0.0
1987-12-21,1987,12,355,0.0
1987-12-22,1987,12,356,0.0
1987-12-23,1987,12,357,0.0
1987-12-24,1987,12,358,0.0
1987-12-25,1987,12,359,0.0
1987-12-26,1987,12,360,0.0
1987-12-27,1987,12,361,0.0
1987-12-28,1987,12,362,0.0
1987-12-29,1987,12,363,0.0
1987-12-30,1987,12,364,0.0
1987-12-31,1987,12,365,0.0
1988-01-01,1988,1,1,0.0
1988-01-02,1988,1,2,0.0
1988-01-03,1988,1,3,0.0
1988-01-04,1988,1,4,0.0
1988-01-05,1988,1,5,0.0
1988-01-06,1988,1,6,0.0
1988-01-07,1988,1,7,4.835037885972752
1988-01-08,1988,1,8,0.0
1988-01-09,1988,1,9,0.0
1988-01-10,1988,1,10,0.0
1988-01-11,1988,1,11,0.0
1988-01-12,1988,1,12,0.0
1988-01-13,1988,1,13,0.0
1988-01-14,1988,1,14,0.0
1988-01-15,1988,1,15,0.0
1988-01-16,1988,1,16,3.1180985659846097
1988-01-17,1988,1,17,0.0
1988-01-18,1988,1,18,0.0
1988-01-19,1988,1,19,0.0
1988-01-20,1988,1,20,0.0
1988-01-21,1988,1,21,0.0
1988-01-22,1988,1,22,0.0
1988-01-23,1988,1,23,0.0
1988-01-24,1988,1,24,0.0
1988-01-25,1988,1,25,1.1779247678899316
1988-01-26,1988,1,26,0.0
1988-01-27,1988,1,27,0.0
1988-01-28,1988,1,28,0.0
1988-01-29,1988,1,29,0.0
1988-01-30,1988,1,30,0.0
1988-01-31,1988,1,31,0.0
1988-02-01,1988,2,32,0.0
1988-02-02,1988,2,33,0.0
1988-02-03,1988,2,34,0.0
1988-02-04,1988,2,35,0.0
1988-02-05,1988,2,36,0.0
1988-02-06,1988,2,37,0.0
1988-02-07,1988,2,38,0.0
1988-02-08,1988,2,39,0.0
1988-02-09,1988,2,40,0.0
1988-02-10,1988,2,41,0.001991115989292802
1988-02-11,1988,2,42,0.5195258362434211
1988-02-12,1988,2,43,0.9844754427645895
1988-02-13,1988,2,44,0.0
1988-02-14,1988,2,45,0.0
1988-02-15,1988,2,46,2.5850683727015165
1988-02-16,1988,2,47,3.0782465282779734
1988-02-17,1988,2,48,0.0
1988-02-18,1988,2,49,0.0
1988-02-19,1988,2,50,0.0
1988-02-20,1988,2,51,0.0
1988-02-21,1988,2,52,4.436015470730716
1988-02-22,1988,2,53,0.0
1988-02-23,1988,2,54,0.0
1988-02-24,1988,2,55,0.0
1988-02-25,1988,2,56,0.11675308485161881
1988-02-26,1988,2,57,0.0
1988-02-27,1988,2,58,0.0
1988-02-28,1988,2,59,0.0
1988-02-29,1988,2,60,0.0
1988-03-01,1988,3,61,0.22026981169480794
1988-03-02,1988,3,62,0.0
1988-03-03,1988,3,63,0.0
1988-03-04,1988,3,64,0.0
1988-03-05,1988,3,65,0.729604899730045
1988-03-06,1988,3,66,0.17415232431612776
1988-03-07,1988,3,67,0.45935963991879397
1988-03-08,1988,3,68,0.0
1988-03-09,1988,3,69,0.7751005690324583
1988-03-10,1988,3,70,0.7987317032250156
1988-03-11,1988,3,71,0.8597962033472821
1988-03-12,1988,3,72,0.0
1988-03-13,1988,3,73,0.0
1988-03-14,1988,3,74,0.0
1988-03-15,1988,3,75,4.669118552199774
1988-03-16,1988,3,76,7.380879689968849
1988-03-17,1988,3,77,6.349993775620252
1988-03-18,1988,3,78,6.401465461411431
1988-03-19,1988,3,79,0.0
1988-03-20,1988,3,80,0.0
1988-03-21,1988,3,81,0.0
1988-03-22,1988,3,82,0.0
1988-03-23,1988,3,83,0.0
1988-03-24,1988,3,84,0.0
1988-03-25,1988,3,85,0.0
1988-03-26,1988,3,86,0.0
1988-03-27,1988,3,87,0.0
1988-03-28,1988,3,88,0.0
1988-03-29,1988,3,89,0.0
1988-03-30,1988,3,90,0.0
1988-03-31,1988,3,91,0.0
1988-04-01,1988,4,92,0.0
1988-04-02,1988,4,93,0.0
1988-04-03,1988,4,94,0.0
1988-04-04,1988,4,95,0.0
1988-04-05,1988,4,96,0.2697711072625926
1988-04-06,1988,4,97,0.0
1988-04-07,1988,4,98,0.0
1988-04-08,1988,4,99,0.0
1988-04-09,1988,4,100,0.0
1988-04-10,1988,4,101,0.0
1988-04-11,1988,4,102,0.0
1988-04-12,1988,4,103,0.0
1988-04-13,1988,4,104,5.364716736598207
1988-04-14,1988,4,105,16.475499796070597
1988-04-15,1988,4,106,0.0
1988-04-16,1988,4,107,0.0
1988-04-17,1988,4,108,0.0
1988-04-18,1988,4,109,0.8845993389200736
1988-04-19,1988,4,110,0.0
1988-04-20,1988,4,111,0.0
1988-04-21,1988,4,112,3.2318448724660898
1988-04-22,1988,4,113,0.7244810508476329
1988-04-23,1988,4,114,0.0
1988-04-24,1988,4,115,0.0
1988-04-25,1988,4,116,0.0
1988-04-26,1988,4,117,0.0
1988-04-27,1988,4,118,0.0
1988-04-28,1988,4,119,0.0
1988-04-29,1988,4,120,0.0
1988-04-30,1988,4,121,0.0
1988-05-01,1988,5,122,1.9027812368561288
1988-05-02,1988,5,123,0.0
1988-05-03,1988,5,124,15.272308476888535
1988-05-04,1988,5,125,0.0
1988-05-05,1988,5,126,1.1190077263571407
1988-05-06,1988,5,127,0.0
1988-05-07,1988,5,128,4.7807521886466
1988-05-08,1988,5,129,0.0
1988-05-09,1988,5,130,0.0
1988-05-10,1988,5,131,0.0
1988-05-11,1988,5,132,0.0
1988-05-12,1988,5,133,0.0
1988-05-13,1988,5,134,5.698004353884051
1988-05-14,1988,5,135,6.04802006600551
1988-05-15,1988,5,136,6.854821703223562
1988-05-16,1988,5,137,0.0
1988-05-17,1988,5,138,7.246427597607315
1988-05-18,1988,5,139,0.0
1988-05-19,1988,5,140,3.774147521969387
1988-05-20,1988,5,141,0.27694405003705386
1988-05-21,1988,5,142,0.0
1988-05-22,1988,5,143,0.0
1988-05-23,1988,5,144,0.0
1988-05-24,1988,5,145,1.7969321660129252
1988-05-25,1988,5,146,3.1145543391467574
1988-05-26,1988,5,147,4.4634378015637495
1988-05-27,1988,5,148,5.902012253481808
1988-05-28,1988,5,149,8.751484778592397
1988-05-29,1988,5,150,21.391573027146613
1988-05-30,1988,5,151,16.483518547396837
1988-05-31,1988,5,152,0.0
1988-06-01,1988,6,153,0.005583470564370699
1988-06-02,1988,6,154,0.0
1988-06-03,1988,6,155,0.0
1988-06-04,1988,6,156,0.0
1988-06-05,1988,6,157,9.883658573274033
1988-06-06,1988,6,158,7.737368704012142
1988-06-07,1988,6,159,10.471088207677173
1988-06-08,1988,6,160,8.633003155390421
1988-06-09,1988,6,161,9.580720695452294
1988-06-10,1988,6,162,16.013712094702473
1988-06-11,1988,6,163,7.844947280900133
1988-06-12,1988,6,164,18.99678679051926
1988-06-13,1988,6,165,14.681326531812278
1988-06-14,1988,6,166,21.084612706428736
1988-06-15,1988,6,167,11.737335871199617
1988-06-16,1988,6,168,15.797775298178248
1988-06-17,1988,6,169,26.428655473207343
1988-06-18,1988,6,170,26.97760512794096
1988-06-19,1988,6,171,0.0
1988-06-20,1988,6,172,5.522799633666811
1988-06-21,1988,6,173,30.591644305496416
1988-06-22,1988,6,174,7.633701873418094
1988-06-23,1988,6,175,33.50565747307628
1988-06-24,1988,6,176,13.346221543420759
1988-06-25,1988,6,177,14.386639401150648
1988-06-26,1988,6,178,2.942173423885585
1988-06-27,1988,6,179,4.714448516937844
1988-06-28,1988,6,180,9.295930400656756
1988-06-29,1988,6,181,9.294887913887377
1988-06-30,1988,6,182,9.712506733598522
1988-07-01,1988,7,183,5.942298146323864
1988-07-02,1988,7,184,26.676500784605103
1988-07-03,1988,7,185,5.8034270656548115
1988-07-04,1988,7,186,19.895068666928847
1988-07-05,1988,7,187,18.33198468043647
1988-07-06,1988,7,188,1.362746860088195
1988-07-07,1988,7,189,7.120495158377732
1988-07-08,1988,7,190,0.0
1988-07-09,1988,7,191,12.863511646212732
1988-07-10,1988,7,192,0.38557602813740316
1988-07-11,1988,7,193,16.81157466787095
1988-07-12,1988,7,194,0.6959937442135585
1988-07-13,1988,7,195,0.0
1988-07-14,1988,7,196,28.34778056189661
1988-07-15,1988,7,197,0.010131510180495391
1988-07-16,1988,7,198,8.440067490759118
1988-07-17,1988,7,199,1.0852638014178044
1988-07-18,1988,7,200,17.58095133723412
1988-07-19,1988,7,201,0.0
1988-07-20,1988,7,202,2.5967001118206428
1988-07-21,1988,7,203,0.9535564505961989
1988-07-22,1988,7,204,1.2572177909027336
1988-07-23,1988,7,205,0.0
1988-07-24,1988,7,206,1.5228270630399285
1988-07-25,1988,7,207,0.0
1988-07-26,1988,7,208,0.0
1988-07-27,1988,7,209,2.05180013159349
1988-07-28,1988,7,210,2.2359867749708586
1988-07-29,1988,7,211,16.62111924505684
1988-07-30,1988,7,212,0.0
1988-07-31,1988,7,213,0.022758808724371513
1988-08-01,1988,8,214,11.421402719660305
1988-08-02,1988,8,215,8.41228819087518
1988-08-03,1988,8,216,0.0
1988-08-04,1988,8,217,5.546768673894337
1988-08-05,1988,8,218,0.0
1988-08-06,1988,8,219,0.17718919199965608
1988-08-07,1988,8,220,26.177394390923407
1988-08-08,1988,8,221,18.186059114559143
1988-08-09,1988,8,222,15.44931152976264
1988-08-10,1988,8,223,10.588227686354925
1988-08-11,1988,8,224,13.788460285927151
1988-08-12,1988,8,225,12.733685284367768
1988-08-13,1988,8,226,31.018634717486922
1988-08-14,1988,8,227,30.972527791826565
1988-08-15,1988,8,228,30.751008233966846
1988-08-16,1988,8,229,20.44689673404972
1988-08-17,1988,8,230,6.204541143077811
1988-08-18,1988,8,231,14.008537578705344
1988-08-19,1988,8,232,4.782265596596115
1988-08-20,1988,8,233,11.687309565458325
1988-08-21,1988,8,234,12.414442134904577
1988-08-22,1988,8,235,7.327055928435402
1988-08-23,1988,8,236,0.0
1988-08-24,1988,8,237,0.0
1988-08-25,1988,8,238,11.154085023850588
1988-08-26,1988,8,239,9.547477613480151
1988-08-27,1988,8,240,15.965868332494294
1988-08-28,1988,8,241,36.071437285308065
1988-08-29,1988,8,242,26.539081411476104
1988-08-30,1988,8,243,9.806855073011933
1988-08-31,1988,8,244,18.77448580054616
1988-09-01,1988,9,245,13.529839667276942
1988-09-02,1988,9,246,21.899766171601662
1988-09-03,1988,9,247,25.554612598974888
1988-09-04,1988,9,248,10.755507843046999
1988-09-05,1988,9,249,12.178923927419902
1988-09-06,1988,9,250,15.715520580711791
1988-09-07,1988,9,251,15.841616065663567
1988-09-08,1988,9,252,13.777969079132045
1988-09-09,1988,9,253,30.733993354166483
1988-09-10,1988,9,254,14.382927128772197
1988-09-11,1988,9,255,29.84410796292133
1988-09-12,1988,9,256,29.860248304986506
1988-09-13,1988,9,257,0.0
1988-09-14,1988,9,258,11.754085137482477
1988-09-15,1988,9,259,9.89013670281457
1988-09-16,1988,9,260,33.3211183243566
1988-09-17,1988,9,261,0.0
1988-09-18,1988,9,262,0.0
1988-09-19,1988,9,263,36.04319164665112
1988-09-20,1988,9,264,2.77277730996525
1988-09-21,1988,9,265,3.083058755215969
1988-09-22,1988,9,266,1.311112152988725
1988-09-23,1988,9,267,0.0
1988-09-24,1988,9,268,0.0
1988-09-25,1988,9,269,0.0
1988-09-26,1988,9,270,13.92154322021929
1988-09-27,1988,9,271,15.739470328749404
1988-09-28,1988,9,272,9.654047555461744
1988-09-29,1988,9,273,9.431482855642363
1988-09-30,1988,9,274,20.535217658617402
1988-10-01,1988,10,275,2.6847270396190934
1988-10-02,1988,10,276,8.1770008067954
1988-10-03,1988,10,277,6.595584577592705
1988-10-04,1988,10,278,8.167414873353215
1988-10-05,1988,10,279,0.0
1988-10-06,1988,10,280,0.0
1988-10-07,1988,10,281,0.821072364527646
1988-10-08,1988,10,282,9.155586421540791
1988-10-09,1988,10,283,6.841077919893012
1988-10-10,1988,10,284,3.0407533629285854
1988-10-11,1988,10,285,0.0
1988-10-12,1988,10,286,1.9852324819197078
1988-10-13,1988,10,287,0.0
1988-10-14,1988,10,288,0.0
1988-10-15,1988,10,289,0.0
1988-10-16,1988,10,290,0.0
1988-10-17,1988,10,291,0.0
1988-10-18,1988,10,292,0.0
1988-10-19,1988,10,293,0.0
1988-10-20,1988,10,294,0.0
1988-10-21,1988,10,295,1.8013254392831468
1988-10-22,1988,10,296,0.0
1988-10-23,1988,10,297,0.0019389007882164807
1988-10-24,1988,10,298,30.740896312824763
1988-10-25,1988,10,299,15.62301943643336
1988-10-26,1988,10,300,0.0
1988-10-27,1988,10,301,29.020576340578113
1988-10-28,1988,10,302,9.553306062607655
1988-10-29,1988,10,303,6.386769210567
1988-10-30,1988,10,304,0.0
1988-10-31,1988,10,305,2.163147333348625
1988-11-01,1988,11,306,0.0
1988-11-02,1988,11,307,0.0
1988-11-03,1988,11,308,0.0
1988-11-04,1988,11,309,0.0
1988-11-05,1988,11,310,0.0
1988-11-06,1988,11,311,0.0
1988-11-07,1988,11,312,0.0
1988-11-08,1988,11,313,0.0
1988-11-09,1988,11,314,3.4474926477022017
1988-11-10,1988,11,315,0.0
1988-11-11,1988,11,316,5.732488709836304
1988-11-12,1988,11,317,0.0
1988-11-13,1988,11,318,0.0
1988-11-14,1988,11,319,0.0
1988-11-15,1988,11,320,0.0
1988-11-16,1988,11,321,0.0
1988-11-17,1988,11,322,0.0
1988-11-18,1988,11,323,9.132414577859228
1988-11-19,1988,11,324,0.0
1988-11-20,1988,11,325,0.0
1988-11-21,1988,11,326,7.636822120542698
1988-11-22,1988,11,327,1.7203981165918611
1988-11-23,1988,11,328,11.066956173025247
1988-11-24,1988,11,329,11.686098441519897
1988-11-25,1988,11,330,1.9682595915741257
1988-11-26,1988,11,331,0.7137723795705713
1988-11-27,1988,11,332,0.13647933057872474
1988-11-28,1988,11,333,0.0
1988-11-29,1988,11,334,0.0
1988-11-30,1988,11,335,3.1707640547423455
1988-12-01,1988,12,336,6.864228752605304
1988-12-02,1988,12,337,5.1236243116212075
1988-12-03,1988,12,338,0.0
1988-12-04,1988,12,339,0.0
1988-12-05,1988,12,340,6.864228752605304
1988-12-06,1988,12,341,0.0
1988-12-07,1988,12,342,0.0
1988-12-08,1988,12,343,0.0
1988-12-09,1988,12,344,0.0
1988-12-10,1988,12,345,0.0
1988-12-11,1988,12,346,1.8804948264549404
1988-12-12,1988,12,347,0.0
1988-12-13,1988,12,348,0.0
1988-12-14,1988,12,349,0.0
1988-12-15,1988,12,350,0.4721698268622339
1988-12-16,1988,12,351,0.0
1988-12-17,1988,12,352,0.0
1988-12-18,1988,12,353,0.0
1988-12-19,1988,12,354,0.0
1988-12-20,1988,12,355,0.0
1988-12-21,1988,12,356,0.0
1988-12-22,1988,12,357,0.0
1988-12-23,1988,12,358,0.0
1988-12-24,1988,12,359,0.0
1988-12-25,1988,12,360,0.0
1988-12-26,1988,12,361,0.0
1988-12-27,1988,12,362,0.0
1988-12-28,1988,12,363,0.0
1988-12-29,1988,12,364,0.0
1988-12-30,1988,12,365,0.0
1988-12-31,1988,12,366,0.0
1989-01-01,1989,1,1,0.0
1989-01-02,1989,1,2,0.0
1989-01-03,1989,1,3,2.3158461883115073
1989-01-04,1989,1,4,0.3484223256176521
1989-01-05,1989,1,5,0.0
1989-01-06,1989,1,6,0.0
1989-01-07,1989,1,7,0.0
1989-01-08,1989,1,8,0.0
1989-01-09,1989,1,9,0.0
1989-01-10,1989,1,10,0.0
1989-01-11,1989,1,11,0.0
1989-01-12,1989,1,12,0.0
1989-01-13,1989,1,13,0.0
1989-01-14,1989,1,14,0.0
1989-01-15,1989,1,15,0.0
1989-01-16,1989,1,16,0.41448496668994583
1989-01-17,1989,1,17,0.0
1989-01-18,1989,1,18,0.0
1989-01-19,1989,1,19,0.0
1989-01-20,1989,1,20,0.0
1989-01-21,1989,1,21,0.0
1989-01-22,1989,1,22,0.0
1989-01-23,1989,1,23,0.2294315670735834
1989-01-24,1989,1,24,0.0
1989-01-25,1989,1,25,0.0
1989-01-26,1989,1,26,0.0
1989-01-27,1989,1,27,0.0
1989-01-28,1989,1,28,0.6938875948861816
1989-01-29,1989,1,29,0.0
1989-01-30,1989,1,30,1.6337645953296085
1989-01-31,1989,1,31,0.0
1989-02-01,1989,2,32,0.0
1989-02-02,1989,2,33,0.0
1989-02-03,1989,2,34,0.0
1989-02-04,1989,2,35,0.0
1989-02-05,1989,2,36,0.0
1989-02-06,1989,2,37,3.7583290379376315
1989-02-07,1989,2,38,0.04435988216187674
1989-02-08,1989,2,39,0.7131542592551227
1989-02-09,1989,2,40,0.8498205628881317
1989-02-10,1989,2,41,0.8498205628881317
1989-02-11,1989,2,42,0.0
1989-02-12,1989,2,43,0.0
1989-02-13,1989,2,44,0.0
1989-02-14,1989,2,45,0.0
1989-02-15,1989,2,46,0.0
1989-02-16,1989,2,47,0.0
1989-02-17,1989,2,48,0.0
1989-02-18,1989,2,49,1.102177285034634
1989-02-19,1989,2,50,0.442548179687755
1989-02-20,1989,2,51,0.0
1989-02-21,1989,2,52,0.0
1989-02-22,1989,2,53,3.6529503257844627
1989-02-23,1989,2,54,0.003112478243967561
1989-02-24,1989,2,55,0.0
1989-02-25,1989,2,56,0.0
1989-02-26,1989,2,57,0.0
1989-02-27,1989,2,58,0.0
1989-02-28,1989,2,59,0.0
1989-03-01,1989,3,60,0.0
1989-03-02,1989,3,61,0.0
1989-03-03,1989,3,62,0.0
1989-03-04,1989,3,63,0.0
1989-03-05,1989,3,64,0.0
1989-03-06,1989,3,65,2.309645349997788
1989-03-07,1989,3,66,9.941024887531153
1989-03-08,1989,3,67,2.6666222650369416
1989-03-09,1989,3,68,0.0
1989-03-10,1989,3,69,0.0
1989-03-11,1989,3,70,0.0
1989-03-12,1989,3,71,0.0
1989-03-13,1989,3,72,0.0
1989-03-14,1989,3,73,0.0
1989-03-15,1989,3,74,0.0
1989-03-16,1989,3,75,0.0
1989-03-17,1989,3,76,0.0
1989-03-18,1989,3,77,0.0
1989-03-19,1989,3,78,0.0
1989-03-20,1989,3,79,0.0
1989-03-21,1989,3,80,0.0
1989-03-22,1989,3,81,0.0
1989-03-23,1989,3,82,0.0
1989-03-24,1989,3,83,0.5096285864646963
1989-03-25,1989,3,84,0.0
1989-03-26,1989,3,85,0.5541421227099658
1989-03-27,1989,3,86,9.769293680799855
1989-03-28,1989,3,87,0.0
1989-03-29,1989,3,88,0.0
1989-03-30,1989,3,89,0.0
1989-03-31,1989,3,90,0.0
1989-04-01,1989,4,91,0.0014188730931220753
1989-04-02,1989,4,92,0.22583118155151735
1989-04-03,1989,4,93,0.0
1989-04-04,1989,4,94,0.0
1989-04-05,1989,4,95,0.0
1989-04-06,1989,4,96,0.0
1989-04-07,1989,4,97,0.07440018674299671
1989-04-08,1989,4,98,7.052104390372349
1989-04-09,1989,4,99,0.08868580550951334
1989-04-10,1989,4,100,0.0
1989-04-11,1989,4,101,2.9410980818817123
1989-04-12,1989,4,102,0.0
1989-04-13,1989,4,103,0.0
1989-04-14,1989,4,104,0.0
1989-04-15,1989,4,105,5.1062339738126274
1989-04-16,1989,4,106,0.0
1989-04-17,1989,4,107,0.0
1989-04-18,1989,4,108,0.0
1989-04-19,1989,4,109,10.75283753555252
1989-04-20,1989,4,110,12.177002266623981
1989-04-21,1989,4,111,14.324454920763834
1989-04-22,1989,4,112,3.0607482257722896
1989-04-23,1989,4,113,0.0
1989-04-24,1989,4,114,0.0
1989-04-25,1989,4,115,2.5725816250256015
1989-04-26,1989,4,116,8.718867220731505
1989-04-27,1989,4,117,11.30058268358693
1989-04-28,1989,4,118,4.94696552215117
1989-04-29,1989,4,119,0.0
1989-04-30,1989,4,120,0.0
1989-05-01,1989,5,121,0.0
1989-05-02,1989,5,122,1.9502630347406757
1989-05-03,1989,5,123,4.860792603008545
1989-05-04,1989,5,124,9.812229944174371
1989-05-05,1989,5,125,16.88257685888498
1989-05-06,1989,5,126,13.351958487926638
1989-05-07,1989,5,127,3.068495877527639
1989-05-08,1989,5,128,7.276368223839371
1989-05-09,1989,5,129,6.719151214441891
1989-05-10,1989,5,130,6.68776517008346
1989-05-11,1989,5,131,12.310619176353464
1989-05-12,1989,5,132,17.92400931903411
1989-05-13,1989,5,133,11.10197274758454
1989-05-14,1989,5,134,3.9234475330501506
1989-05-15,1989,5,135,4.326861566014033
1989-05-16,1989,5,136,3.031527460234331
1989-05-17,1989,5,137,5.266977894633064
1989-05-18,1989,5,138,2.319535320910411
1989-05-19,1989,5,139,3.7539285774045057
1989-05-20,1989,5,140,0.5936797945644474
1989-05-21,1989,5,141,0.0
1989-05-22,1989,5,142,0.7950591393383324
1989-05-23,1989,5,143,8.649644480879326
1989-05-24,1989,5,144,9.208438742334451
1989-05-25,1989,5,145,11.670485854761765
1989-05-26,1989,5,146,21.055826236778792
1989-05-27,1989,5,147,9.940449691778998
1989-05-28,1989,5,148,0.0
1989-05-29,1989,5,149,0.0
1989-05-30,1989,5,150,0.0
1989-05-31,1989,5,151,0.0
1989-06-01,1989,6,152,3.024382207622463
1989-06-02,1989,6,153,4.7512101221002885
1989-06-03,1989,6,154,7.0203693570392005
1989-06-04,1989,6,155,7.520295956958128
1989-06-05,1989,6,156,6.294393800422485
1989-06-06,1989,6,157,10.971828850804997
1989-06-07,1989,6,158,5.689667021860501
1989-06-08,1989,6,159,1.990984431524612
1989-06-09,1989,6,160,5.4122669476163425
1989-06-10,1989,6,161,6.609637779462205
1989-06-11,1989,6,162,9.204895114530943
1989-06-12,1989,6,163,6.741334449764797
1989-06-13,1989,6,164,11.219931197963215
1989-06-14,1989,6,165,14.698248398641077
1989-06-15,1989,6,166,18.21619435161633
1989-06-16,1989,6,167,14.679656632455274
1989-06-17,1989,6,168,0.0
1989-06-18,1989,6,169,1.497573133605918
1989-06-19,1989,6,170,25.788943561204196
1989-06-20,1989,6,171,12.779110234112645
1989-06-21,1989,6,172,7.656967758213033
1989-06-22,1989,6,173,6.728543284006781
1989-06-23,1989,6,174,12.41083503566242
1989-06-24,1989,6,175,7.212625500679834
1989-06-25,1989,6,176,6.584022620036853
1989-06-26,1989,6,177,8.843015476078078
1989-06-27,1989,6,178,13.867157221657656
1989-06-28,1989,6,179,17.518977676790403
1989-06-29,1989,6,180,7.207437247216651
1989-06-30,1989,6,181,5.164061586572865
1989-07-01,1989,7,182,0.3826737574971223
1989-07-02,1989,7,183,1.4378065240618092
1989-07-03,1989,7,184,5.044998767800891
1989-07-04,1989,7,185,17.520302077900578
1989-07-05,1989,7,186,8.125000934061477
1989-07-06,1989,7,187,0.0
1989-07-07,1989,7,188,1.8326506804684437
1989-07-08,1989,7,189,5.671284225013588
1989-07-09,1989,7,190,3.3637899714039246
1989-07-10,1989,7,191,3.3605587808311546
1989-07-11,1989,7,192,3.550615471453369
1989-07-12,1989,7,193,15.259522825096443
1989-07-13,1989,7,194,0.0
1989-07-14,1989,7,195,0.0
1989-07-15,1989,7,196,0.0
1989-07-16,1989,7,197,0.0
1989-07-17,1989,7,198,0.3356669869500547
1989-07-18,1989,7,199,12.0034585262632
1989-07-19,1989,7,200,6.2961244744527205
1989-07-20,1989,7,201,7.475590531041509
1989-07-21,1989,7,202,13.720839165783175
1989-07-22,1989,7,203,1.3112873424294675
1989-07-23,1989,7,204,15.08863655194934
1989-07-24,1989,7,205,6.881235534448142
1989-07-25,1989,7,206,12.042161597077829
1989-07-26,1989,7,207,0.0
1989-07-27,1989,7,208,6.016603854750606
1989-07-28,1989,7,209,9.74917263870272
1989-07-29,1989,7,210,33.109289283311156
1989-07-30,1989,7,211,7.340848286333714
1989-07-31,1989,7,212,16.808042384664933
1989-08-01,1989,8,213,3.063818866867435
1989-08-02,1989,8,214,0.2607993599866943
1989-08-03,1989,8,215,6.69420476268016
1989-08-04,1989,8,216,11.208451838009921
1989-08-05,1989,8,217,0.0
1989-08-06,1989,8,218,0.0
1989-08-07,1989,8,219,0.45987458099334194
1989-08-08,1989,8,220,0.2872298738082046
1989-08-09,1989,8,221,9.922006437077723
1989-08-10,1989,8,222,1.7864269869850553
1989-08-11,1989,8,223,0.0
1989-08-12,1989,8,224,0.14031403046340746
1989-08-13,1989,8,225,8.546061378416079
1989-08-14,1989,8,226,19.090091987665435
1989-08-15,1989,8,227,14.983317364150883
1989-08-16,1989,8,228,10.183024856506911
1989-08-17,1989,8,229,6.5590989648938285
1989-08-18,1989,8,230,0.11398286664189697
1989-08-19,1989,8,231,1.7672690295110736
1989-08-20,1989,8,232,8.759376962264584
1989-08-21,1989,8,233,15.775662967253677
1989-08-22,1989,8,234,8.480587752997213
1989-08-23,1989,8,235,3.8768321459070676
1989-08-24,1989,8,236,6.3506939464281436
1989-08-25,1989,8,237,8.561856029068394
1989-08-26,1989,8,238,12.183345506716305
1989-08-27,1989,8,239,10.330691300811374
1989-08-28,1989,8,240,3.06425288838
1989-08-29,1989,8,241,3.997379159406403
1989-08-30,1989,8,242,5.7973176109147255
1989-08-31,1989,8,243,3.251768943736363
1989-09-01,1989,9,244,16.753687856129936
1989-09-02,1989,9,245,11.61491670890455
1989-09-03,1989,9,246,5.576701591182388
1989-09-04,1989,9,247,0.0
1989-09-05,1989,9,248,6.926881975155155
1989-09-06,1989,9,249,12.738394394836165
1989-09-07,1989,9,250,1.0593614704402574
1989-09-08,1989,9,251,1.609494477076314
1989-09-09,1989,9,252,12.14535661875538
1989-09-10,1989,9,253,7.688367997261841
1989-09-11,1989,9,254,10.474035597909898
1989-09-12,1989,9,255,20.948071195819796
1989-09-13,1989,9,256,17.030118877701817
1989-09-14,1989,9,257,3.4330408497559484
1989-09-15,1989,9,258,11.414765658497096
1989-09-16,1989,9,259,7.925721898381284
1989-09-17,1989,9,260,17.771546092519614
1989-09-18,1989,9,261,15.907775136274259
1989-09-19,1989,9,262,10.375429373882525
1989-09-20,1989,9,263,14.69813757241028
1989-09-21,1989,9,264,9.009213156442716
1989-09-22,1989,9,265,24.474375882103796
1989-09-23,1989,9,266,45.8314702615027
1989-09-24,1989,9,267,18.28547870285407
1989-09-25,1989,9,268,10.37521735622828
1989-09-26,1989,9,269,1.1155198450873014
1989-09-27,1989,9,270,24.880245615706656
1989-09-28,1989,9,271,6.208133388505394
1989-09-29,1989,9,272,8.779714723070567
1989-09-30,1989,9,273,24.872730433481212
1989-10-01,1989,10,274,22.402462838956613
1989-10-02,1989,10,275,7.496371953836751
1989-10-03,1989,10,276,5.189323243159152
1989-10-04,1989,10,277,0.0
1989-10-05,1989,10,278,1.6073011381562798
1989-10-06,1989,10,279,5.419131371999462
1989-10-07,1989,10,280,6.5860590357094
1989-10-08,1989,10,281,20.12546749143592
1989-10-09,1989,10,282,14.380274099576338
1989-10-10,1989,10,283,6.144886735574548
1989-10-11,1989,10,284,15.459350410954203
1989-10-12,1989,10,285,19.975604423009752
1989-10-13,1989,10,286,1.3865325239957045
1989-10-14,1989,10,287,0.7819667598480023
1989-10-15,1989,10,288,6.967433311230317
1989-10-16,1989,10,289,8.578575968589146
1989-10-17,1989,10,290,16.161798607925114
1989-10-18,1989,10,291,0.09716542735504309
1989-10-19,1989,10,292,0.0
1989-10-20,1989,10,293,0.0
1989-10-21,1989,10,294,0.0
1989-10-22,1989,10,295,0.0
1989-10-23,1989,10,296,0.0
1989-10-24,1989,10,297,0.0
1989-10-25,1989,10,298,0.0
1989-10-26,1989,10,299,0.0
1989-10-27,1989,10,300,0.0
1989-10-28,1989,10,301,0.0
1989-10-29,1989,10,302,0.0
1989-10-30,1989,10,303,0.0
1989-10-31,1989,10,304,3.2404681908951525
1989-11-01,1989,11,305,0.689506348678978
1989-11-02,1989,11,306,0.0
1989-11-03,1989,11,307,0.0
1989-11-04,1989,11,308,0.0
1989-11-05,1989,11,309,2.2808823430241945
1989-11-06,1989,11,310,14.391874267999805
1989-11-07,1989,11,311,12.45523577065374
1989-11-08,1989,11,312,3.747283770216767
1989-11-09,1989,11,313,6.465292391658545
1989-11-10,1989,11,314,1.2329628935407755
1989-11-11,1989,11,315,20.790985675989916
1989-11-12,1989,11,316,0.0
1989-11-13,1989,11,317,0.2890526610965288
1989-11-14,1989,11,318,0.0
1989-11-15,1989,11,319,0.0
1989-11-16,1989,11,320,0.0
1989-11-17,1989,11,321,0.6968562541195953
1989-11-18,1989,11,322,0.0
1989-11-19,1989,11,323,0.0
1989-11-20,1989,11,324,0.0
1989-11-21,1989,11,325,0.0
1989-11-22,1989,11,326,1.0094785828210397
1989-11-23,1989,11,327,0.0
1989-11-24,1989,11,328,0.0
1989-11-25,1989,11,329,0.0
1989-11-26,1989,11,330,0.0
1989-11-27,1989,11,331,0.0
1989-11-28,1989,11,332,0.0024057858094458104
1989-11-29,1989,11,333,0.7297925540495859
1989-11-30,1989,11,334,0.0
1989-12-01,1989,12,335,0.0
1989-12-02,1989,12,336,0.0
1989-12-03,1989,12,337,0.0
1989-12-04,1989,12,338,1.3456739024821778
1989-12-05,1989,12,339,0.0
1989-12-06,1989,12,340,0.0
1989-12-07,1989,12,341,6.79482244239879
1989-12-08,1989,12,342,10.795023321492508
1989-12-09,1989,12,343,4.319251268719033
1989-12-10,1989,12,344,0.0
1989-12-11,1989,12,345,0.0
1989-12-12,1989,12,346,0.0
1989-12-13,1989,12,347,0.42433172581843465
1989-12-14,1989,12,348,0.0
1989-12-15,1989,12,349,0.0
1989-12-16,1989,12,350,0.0
1989-12-17,1989,12,351,0.0
1989-12-18,1989,12,352,0.0
1989-12-19,1989,12,353,0.0
1989-12-20,1989,12,354,0.0
1989-12-21,1989,12,355,0.0
1989-12-22,1989,12,356,0.0
1989-12-23,1989,12,357,0.0
1989-12-24,1989,12,358,0.0
1989-12-25,1989,12,359,0.0
1989-12-26,1989,12,360,0.0
1989-12-27,1989,12,361,0.0
1989-12-28,1989,12,362,0.0
1989-12-29,1989,12,363,0.0
1989-12-30,1989,12,364,0.0
1989-12-31,1989,12,365,0.0
