relative_level_m,wet_pixels,area_km2,volume_km3,mean_water_depth_m,area_pct_reference,volume_pct_reference,exposed_area_from_reference_km2,storage_loss_from_reference_km3,absolute_level_temporal_2014_median_m,absolute_level_temporal_2014_min_m,absolute_level_temporal_2014_max_m,absolute_level_area_anchored_2026_m,dA_dH_km2_per_m,dV_dH_numeric_km2,dVdH_minus_area_km2
-325.0,102894,5.738686506856591,0.0,0.0,4.534491245806233,0.0,120.81766117964669,25.315163370056663,1232.56,1232.31,1233.09,1230.3395226,1.0117185961703798,5.788971124067977,0.05028461721138644
-324.9,104708,5.839858366473652,0.0005788971124069293,0.0991286219765791,4.614433391314159,0.0022867603259936363,120.71648932002964,25.314584472944254,1232.6599999999999,1232.4099999999999,1233.19,1230.4395226000001,1.0203633802060075,5.840076644478059,0.00021827800440732403
-324.79999999999995,106553,5.942759182897839,0.0011680153288958774,0.19654428068652174,4.695741692561194,0.004613896074150688,120.61358850360544,25.313995354727766,1232.76,1232.51,1233.29,1230.5395226,1.0387684042818748,5.943140978390385,0.00038179549254646616
-324.69999999999993,108433,6.047612047330074,0.0017675253080852767,0.29226830263783393,4.778592427707225,0.006982081380426504,120.50873563917321,25.313395844748577,1232.8600000000001,1232.6100000000001,1233.3899999999999,1230.6395226,1.0716743564175253,6.048560210006276,0.0009481626762015694
-324.5999999999999,110396,6.1570940541813926,0.0023777273708974075,0.3861768798679712,4.865100934670874,0.009392502573022444,120.39925363232189,25.312785642685764,1232.96,1232.71,1233.49,1230.7395226,1.089242788489938,6.1563741388476245,-0.0007199153337680286
-324.4999999999999,112339,6.265460605028111,0.0029988001358550813,0.47862405095141874,4.950728050835096,0.011845865231121237,120.29088708147518,25.312164569920807,1233.06,1232.81,1233.5900000000001,1230.8395226000002,1.102628260545109,6.266005106477082,0.000544501448970891
-324.39999999999986,114350,6.3776197062904645,0.003630928392193109,0.5693234403129744,5.039351895717366,0.014342899309462295,120.17872798021283,25.31153244166447,1233.16,1232.91,1233.69,1230.9395226000001,1.1280048846497215,6.377655545893761,3.583960329667235e-05
-324.29999999999984,116384,6.491061581958107,0.004274331245034123,0.6584949458675018,5.128989340018976,0.016884470317461577,120.06528610454518,25.310889038811627,1233.2600000000002,1233.0100000000002,1233.79,1231.0395226,1.1514294607462807,6.491668780465252,0.0006071985071454122
-324.1999999999998,118479,6.607905598439773,0.0049292621482864545,0.7459643717444039,5.221315026258837,0.019471579449164826,119.94844208806352,25.310234107908375,1233.3600000000001,1233.1100000000001,1233.89,1231.1395226000002,1.1695556208209905,6.607585604809077,-0.00031999363069612485
-324.0999999999998,120578,6.724972706122358,0.00559584836599624,0.8320997884351006,5.313816990658579,0.022104729423216497,119.83137498038093,25.309567521690667,1233.46,1233.21,1233.9900000000002,1231.2395226000003,1.1829410928761661,6.725350541751596,0.0003778356292380991
-323.9999999999998,122721,6.84449381701506,0.00627433225663708,0.9166977755227731,5.408258014817061,0.02478487760445781,119.71185386948822,25.308889037800025,1233.5600000000002,1233.3100000000002,1234.0900000000001,1231.3395226000002,1.2052502129681266,6.845056506025118,0.0005626890100582926
-323.89999999999975,124900,6.966022748716038,0.006964859667201575,0.9998330350680124,5.504285542414508,0.027512600117918912,119.59032493778724,25.30819851038946,1233.6600000000003,1233.4100000000003,1234.19,1231.4395226000001,1.2339732050865262,6.966838791193043,0.0008160424770045083
-323.7999999999997,127146,7.091288458032421,0.007667700014876005,1.0812844605398435,5.603265729190032,0.03028896121581238,119.46505922847086,25.307495670041785,1233.7600000000002,1233.5100000000002,1234.2900000000002,1231.5395226000003,1.2501473171532052,7.090965511170633,-0.0003229468617886866
-323.6999999999997,129383,7.216052212146736,0.008383052769436024,1.161722853851429,5.701849290105816,0.033114748843974216,119.34029547435655,25.306780317287227,1233.8600000000001,1233.6100000000001,1234.3900000000003,1231.6395226000004,1.2682734772279194,7.217036794560376,0.0009845824136398562
-323.5999999999997,131694,7.344943153478063,0.009111107373788408,1.240459889668991,5.803693996979474,0.0359907113400865,119.21140453302522,25.306052262682876,1233.9600000000003,1233.7100000000003,1234.4900000000002,1231.7395226000003,1.2919769173256184,7.345082892248351,0.000139738770288389
-323.49999999999966,134016,7.4744475956119185,0.009852069347886027,1.3180999962686148,5.906023468792816,0.038917660549405236,119.08190009089137,25.305311300708777,1234.0600000000004,1233.8100000000004,1234.5900000000001,1231.8395226000002,1.3131705814129846,7.475226710928041,0.0007791153161225139
-323.39999999999964,136403,7.60757726976072,0.010606152715974357,1.3941564232456296,6.011217460704293,0.04189644191085707,118.94877041674256,25.304557217340687,1234.1600000000003,1233.9100000000003,1234.6900000000003,1231.9395226000004,1.3357585655060982,7.607684136041197,0.0001068662804772913
-323.2999999999996,138806,7.741599308713199,0.011373606175094614,1.4691545921646418,6.117116565255311,0.04492803782790345,118.81474837779008,25.303789763881568,1234.2600000000002,1234.0100000000002,1234.7900000000004,1232.0395226000005,1.3524904055750653,7.742045496670292,0.0004461879570927252
-323.1999999999996,141253,7.878075350875794,0.012154561815308768,1.5428339123409835,6.224954729565065,0.04801297008292451,118.6782723356275,25.303008808241355,1234.3600000000004,1234.1100000000004,1234.8900000000003,1232.1395226000004,1.3750783896681744,7.878391616051659,0.000316265175865027
-323.09999999999957,143737,8.016614986646896,0.012949284498305303,1.6153057767991414,6.334423466853757,0.05115228493299792,118.53973269985639,25.302214085558358,1234.4600000000005,1234.2100000000005,1234.9900000000002,1232.2395226000003,1.3993395577681749,8.01703984984895,0.0004248632020544818
-322.99999999999955,146271,8.157943262429493,0.013757969785278922,1.6864507808775446,6.4460956811410135,0.05434675488427681,118.39840442407379,25.301405400271385,1234.5600000000004,1234.3100000000004,1235.0900000000004,1232.3395226000005,1.4174657178428938,8.157710463943648,-0.0002327984858450094
-322.8999999999995,148820,8.30010813021554,0.014580826591094404,1.7567032094455093,6.55842893852784,0.05759720519260377,118.25623955628775,25.30058254346557,1234.6600000000003,1234.4100000000003,1235.1900000000005,1232.4395226000006,1.4336398299095814,8.30023060730968,0.00012247709414126007
-322.7999999999995,151412,8.444671228411474,0.015418015906741236,1.825768640331249,6.672657186133433,0.0609042718048504,118.11167645809181,25.29974535414992,1234.7600000000004,1234.5100000000004,1235.2900000000004,1232.5395226000005,1.458179862010726,8.444886246523867,0.00021501811239232893
-322.6999999999995,154049,8.591744102617751,0.016269803840399562,1.8936555425856367,6.788868563037731,0.06426900590198777,117.96460358388553,25.298893566216265,1234.8600000000006,1234.6100000000006,1235.3900000000003,1232.6395226000004,1.4782580700934846,8.59159644409722,-0.00014765852053066908
-322.59999999999945,156713,8.740322842430238,0.01713633519556107,1.960606662304516,6.906269817521257,0.06769197948700702,117.81602484407304,25.2980270348611,1234.9600000000005,1234.7100000000005,1235.4900000000005,1232.7395226000006,1.4944321821601547,8.740153510619086,-0.0001693318111524178
-322.49999999999943,159408,8.89063053904985,0.018017834542523776,2.026609301037197,7.025037227743891,0.07117407965786889,117.66571714745344,25.29714553551414,1235.0600000000004,1234.8100000000004,1235.5900000000006,1232.8395226000007,1.5200876702659023,8.891068528465315,0.0004379894154649122
-322.3999999999994,162164,9.044340376483488,0.018914548901254536,2.0913132538039956,7.146492879904774,0.07471628219325294,117.5120073100198,25.29624882115541,1235.1600000000005,1234.9100000000005,1235.6900000000005,1232.9395226000006,1.541839062355579,9.044191488216619,-0.0001488882668692071
-322.2999999999994,164937,9.198998351521036,0.019826672840167512,2.1553077935805054,7.268697714245171,0.07831935567762893,117.35734933498225,25.295336697216495,1235.2600000000007,1235.0100000000007,1235.7900000000004,1233.0395226000005,1.557455446419952,9.199129768966673,0.00013141744563682778
-322.19999999999936,167749,9.35583146576755,0.02075437485504829,2.2183356905249263,7.392621260644447,0.08198396570332636,117.20051622073574,25.294408995201614,1235.3600000000006,1235.1100000000006,1235.8900000000006,1233.1395226000006,1.5783702465061609,9.356108037480201,0.00027657171265182967
-322.09999999999934,170597,9.51467240082234,0.021697894447663978,2.280466792087204,7.518131310482691,0.08571105835061972,117.04167528568095,25.293465475609,1235.4600000000005,1235.2100000000005,1235.9900000000007,1233.2395226000008,1.5990061825912167,9.515347594697857,0.0006751938755176212
-321.9999999999993,173483,9.675632702285865,0.022657444373988294,2.3417015787128297,7.6453160028398415,0.08950147404850653,116.88071498421742,25.292505925682676,1235.5600000000006,1235.3100000000006,1236.0900000000006,1233.3395226000007,1.6296812227176563,9.676494718363708,0.0008620160778427532
-321.8999999999993,176441,9.840608645365945,0.023633193391337157,2.4015987468891264,7.7756737020749265,0.09335587942241379,116.71573904113734,25.291530176665326,1235.6600000000008,1235.4100000000008,1236.1900000000005,1233.4395226000006,1.6450187427808851,9.839907302411852,-0.000701342954092965
-321.7999999999993,179382,10.004636450842117,0.024625425834471113,2.461401366803121,7.905282219130499,0.09727539765198046,116.55171123566117,25.29053794422219,1235.7600000000007,1235.5100000000007,1236.2900000000006,1233.5395226000007,1.6547789828211248,10.00518481734838,0.0005483665062637755
-321.69999999999925,182375,10.171564441930245,0.02563423035480729,2.5201856116779133,8.03718235226458,0.10126037892818035,116.38478324457304,25.289529139701855,1235.8600000000006,1235.6100000000006,1236.3900000000008,1233.6395226000009,1.6868483429533205,10.172353049745496,0.000788607815250586
-321.5999999999992,185431,10.342006119432858,0.026659896444420673,2.5778264039436354,8.171858866416853,0.10531196680308448,116.21434156707043,25.28850347361224,1235.9600000000007,1235.7100000000007,1236.4900000000007,1233.7395226000008,1.7083208710418176,10.342093521002546,8.740156968833901e-05
-321.4999999999992,188501,10.513228616138687,0.02770264905900827,2.635027741761687,8.30715235412872,0.10943104989705726,116.0431190703646,25.287460720997654,1236.0600000000009,1235.8100000000009,1236.5900000000006,1233.8395226000007,1.7264470311165407,10.513821528452556,0.000592912313869931
-321.3999999999992,191622,10.687295525656245,0.028762660750111663,2.6912946012452963,8.444693388379129,0.11361830982348223,115.86905216084705,25.28640070930655,1236.1600000000008,1235.9100000000008,1236.6900000000007,1233.9395226000008,1.7479195592050645,10.687335079769994,3.955411374967355e-05
-321.29999999999916,194769,10.862812527979779,0.029840116074962755,2.7469972438631687,8.583380230668787,0.11787447562064049,115.6935351585235,25.2853232539817,1236.2600000000007,1236.0100000000007,1236.7900000000009,1234.039522600001,1.7649302632751669,10.862878783345149,6.625536537008259e-05
-321.19999999999914,197951,11.040281578311358,0.030935236506781188,2.802033289400289,8.723609506857441,0.12220042215240876,115.51606610819192,25.28422813354988,1236.3600000000008,1236.1100000000008,1236.8900000000008,1234.1395226000009,1.7891914313751762,11.040565609672152,0.0002840313607936906
-321.0999999999991,201185,11.220650814254896,0.03204822919689769,2.856182740860548,8.866130399124604,0.12659696770831447,115.33569687224839,25.283115140859763,1236.460000000001,1236.210000000001,1236.9900000000007,1234.2395226000008,1.8089907754567998,11.22057311721499,-7.76970399058996e-05
-320.9999999999991,204438,11.4020797334028,0.033179351130224695,2.909938529286425,9.00948861265122,0.13106512743058166,115.15426795310049,25.281984018926437,1236.5600000000009,1236.3100000000009,1237.0900000000008,1234.339522600001,1.831299895548747,11.402717183138975,0.0006374497361747444
-320.89999999999907,207752,11.586910793364728,0.034328772633526,2.9627200248391015,9.155535068116084,0.1356055741442729,114.96943689313856,25.280834597423137,1236.6600000000008,1236.4100000000008,1237.190000000001,1234.439522600001,1.8530512876384058,11.586887892893673,-2.2900471055464777e-05
-320.79999999999905,211083,11.772689990930566,0.03549672870880396,3.0151756935882874,9.302330705760463,0.14021923615468457,114.78365769557271,25.27966664134786,1236.760000000001,1236.510000000001,1237.2900000000009,1234.539522600001,1.8683888077016346,11.773064574760733,0.00037458383016719665
-320.699999999999,214452,11.96058855490514,0.036683385548478685,3.067021775733144,9.450800985923747,0.14490676995538812,114.59575913159814,25.278479984508184,1236.860000000001,1236.610000000001,1237.3900000000008,1234.6395226000009,1.8895824717889964,11.961118968161822,0.0005304132566816833
-320.599999999999,217859,12.150606485288451,0.037888952502436866,3.118276651318726,9.600945908605945,0.14966900252065038,114.40574120121484,25.277274417554224,1236.960000000001,1236.710000000001,1237.490000000001,1234.739522600001,1.9110549998775113,12.15142078206438,0.0008142967759283692
-320.499999999999,221305,12.34279955488073,0.039113669704892114,3.168946358642383,9.752809543347022,0.1545068824290371,114.21354813162256,25.27604970035177,1237.0600000000009,1236.8100000000009,1237.590000000001,1234.8395226000011,1.9283445679487843,12.343591305480714,0.0007917505999852636
-320.39999999999895,224774,12.536275398878296,0.04035767076353357,3.2192712332360407,9.905686777507437,0.15942093745786176,114.020072287625,25.27480569929313,1237.160000000001,1236.910000000001,1237.690000000001,1234.939522600001,1.9517691440453346,12.537703572961432,0.0014281740831361134
-320.29999999999893,228304,12.733153383689885,0.041621210419484966,3.268727640774224,10.061252253606101,0.1644121738859306,113.8231943028134,25.273542159637177,1237.2600000000011,1237.0100000000011,1237.7900000000009,1235.039522600001,1.9774246321510824,12.734240691057632,0.0010873073677473144
-320.1999999999989,231865,12.931760325308602,0.042904518901745674,3.3177632296337665,10.218183885443874,0.16948150116421562,113.62458736119468,25.272258851154916,1237.360000000001,1237.110000000001,1237.890000000001,1235.139522600001,1.9980605682361472,12.93266584685889,0.0009055215502886682
-320.0999999999989,235469,13.132765497337205,0.04420774358885733,3.3662173894615632,10.377010507500415,0.17462950146767464,113.42358218916608,25.270955626467806,1237.460000000001,1237.210000000001,1237.9900000000011,1235.2395226000012,8.138645873548095,13.132967576246946,0.00020207890974077714
-319.99999999999886,261050,14.559489500018591,0.04553111241699566,3.12724648875481,11.504353409506066,0.17985707519016395,111.9968581864847,25.269632257639667,1237.560000000001,1237.310000000001,1238.090000000001,1235.3395226000011,7.612429503378993,13.920525904496724,-0.6389635955218669
-319.89999999999884,262767,14.65525139801335,0.04699184876975731,3.2064853405467666,11.580020809636775,0.18562727833445591,111.90109628848994,25.268171521286906,1237.6600000000012,1237.4100000000012,1238.190000000001,1235.439522600001,0.9690524039945031,14.655787221260262,0.0005358232469117041
-319.7999999999988,264525,14.753299980817536,0.04846226986124838,3.284842708021918,11.657495060906308,0.19143573814961287,111.80304770568576,25.266701100195416,1237.7600000000011,1237.5100000000011,1238.290000000001,1235.5395226000012,0.9977753961129073,14.753760086874927,0.0004601060573907745
-319.6999999999988,266345,14.854806477235977,0.04994260078713297,3.3620499104896955,11.737701623654063,0.1972833438088975,111.7015412092673,25.26522076926953,1237.860000000001,1237.610000000001,1238.3900000000012,1235.6395226000013,1.0142283721807213,14.854101453144215,-0.0007050240917614303
-319.5999999999988,268162,14.956145655253726,0.0514330901518779,3.4389268022280004,11.817775977781901,0.2031710773500838,111.60020203124957,25.263730279904784,1237.9600000000012,1237.7100000000012,1238.4900000000011,1235.7395226000012,1.0242674762221051,14.95621278602994,6.713077621434138e-05
-319.49999999999875,270018,15.059659972480445,0.052933843344339634,3.5149427969203355,11.899569043968622,0.20909935508040592,111.49668771402284,25.26222952671232,1238.0600000000013,1237.8100000000013,1238.590000000001,1235.8395226000011,1.0538270603439595,15.060301783515285,0.0006418110348409556
-319.3999999999987,271941,15.166911067322566,0.05444515050858164,3.5897322972958468,11.98431476933342,0.21506932312742083,111.38943661918071,25.26071821954808,1238.1600000000012,1237.9100000000012,1238.6900000000012,1235.9395226000013,1.0797614124508512,15.166884170920019,-2.6896402546938702e-05
-319.2999999999987,273890,15.275612254970664,0.055967220178524325,3.663828280291199,12.070206302737468,0.22108180524216403,111.28073543153262,25.25919614987814,1238.2600000000011,1238.0100000000011,1238.7900000000013,1236.0395226000014,1.0942623405106298,15.27543113274512,-0.00018112222554300672
-319.1999999999987,275865,15.385763535424742,0.05750023673513136,3.737236478562843,12.157243644180774,0.2271375297666217,111.17058415107854,25.257663133321532,1238.3600000000013,1238.1100000000013,1238.8900000000012,1236.1395226000013,1.111830772583047,15.385928182261194,0.00016464683645267542
-319.09999999999866,277877,15.497978409487324,0.05904440581497727,3.8098133998452557,12.245911558603012,0.23323730900672876,111.05836927701597,25.256118964241686,1238.4600000000014,1238.2100000000014,1238.9900000000011,1236.2395226000012,1.138043988691092,15.498462980253251,0.000484570765927117
-318.99999999999864,279946,15.613372333163012,0.06059992933118272,3.8812838148019857,12.337091436803618,0.2393819405600268,110.94297535334027,25.25456344072548,1238.5600000000013,1238.3100000000013,1239.0900000000013,1236.3395226000014,1.1595165167796158,15.613194178070668,-0.00017815509234431204
-318.8999999999986,282035,15.7298817128433,0.06216704465059211,3.9521622467022945,12.429152705803652,0.24557236207341515,110.82646597365999,25.25299632540607,1238.6600000000012,1238.4100000000012,1239.1900000000014,1236.4395226000015,1.172623124833638,15.729885926541568,4.213698268529242e-06
-318.7999999999986,284151,15.847896958129793,0.06374590651649174,4.022357457579935,12.522403852382906,0.25180918481407794,110.70845072837349,25.25141746354017,1238.7600000000014,1238.5100000000014,1239.2900000000013,1236.5395226000014,1.1977208849370888,15.84845711228722,0.0005601541574264957
-318.69999999999857,286330,15.969425889830772,0.06533673607305028,4.0913641181463065,12.618431379980354,0.25809328234607415,110.58692179667251,25.249826633983613,1238.8600000000015,1238.6100000000015,1239.3900000000012,1236.6395226000013,1.2244918290474485,15.969874328180104,0.0004484383493323918
-318.59999999999854,288542,16.092795323939338,0.06693988138212849,4.159618017545403,12.715913202396855,0.2644260295839389,110.46355236256395,25.248223488674533,1238.9600000000014,1238.7100000000014,1239.4900000000014,1236.7395226000015,1.2406659411141097,16.09333881310878,0.0005434891694413579
-318.4999999999985,290779,16.21755907805365,0.06855540383567277,4.227233180142695,12.814496763312636,0.27080766903823983,110.33878860844963,25.24660796622099,1239.0600000000013,1238.8100000000013,1239.5900000000015,1236.8395226000016,1.2621384692026156,16.21852347625677,0.0009643982031199982
-318.3999999999985,293068,16.34522301777992,0.07018358607738058,4.293828600627637,12.915371940306926,0.2772393172085758,110.21112466872337,25.244979783979282,1239.1600000000014,1238.9100000000014,1239.6900000000014,1236.9395226000015,1.2833321332899952,16.345881953847204,0.0006589360672855094
-318.2999999999985,295381,16.474225504711708,0.07182458022644295,4.35981528879162,13.017304786260528,0.2837215749964255,110.08212218179158,25.24333878983022,1239.2600000000016,1239.0100000000016,1239.7900000000013,1237.0395226000014,1.311218533404958,16.475122769092557,0.0008972643808498049
-318.19999999999845,297770,16.60746672446097,0.07347861063119984,4.424432205724305,13.12258691725195,0.2902553286229706,109.94888096204232,25.241684759425464,1239.3600000000015,1239.1100000000015,1239.8900000000015,1237.1395226000016,1.3371528855118322,16.607554602926758,8.787846578783842e-05
-318.09999999999843,300176,16.741656081814135,0.07514609114702905,4.488569755572603,13.228618230422878,0.2968422129004054,109.81469160468916,25.240017278909633,1239.4600000000014,1239.2100000000014,1239.9900000000016,1237.2395226000017,1.3505383575670165,16.741824083502937,0.0001680016888023772
-317.9999999999984,302613,16.877574395974435,0.0768269754479012,4.552015215304021,13.33601569933292,0.30348204483157254,109.67877329052885,25.238336394608762,1239.5600000000015,1239.3100000000015,1240.0900000000015,1237.3395226000016,1.366154741631407,16.87738632447214,-0.00018807150229349645
-317.8999999999984,305075,17.01488703014048,0.07852156841192424,4.614874508001712,13.444514906742244,0.3101760287464757,109.5414606563628,25.236641801644737,1239.6600000000017,1239.4100000000017,1240.1900000000014,1237.4395226000015,1.3904159097313986,17.01557304114584,0.0006860110053601431
-317.79999999999836,307599,17.155657577920778,0.08023009005613113,4.676596609120175,13.55574642562979,0.31692503375676045,109.40069010858251,25.234933280000533,1239.7600000000016,1239.5100000000016,1240.2900000000016,1237.5395226000016,1.414398213830255,17.15577897306091,0.00012139514013398411
-317.69999999999834,310147,17.297766672906594,0.08195272420653721,4.737763305299947,13.668035613476643,0.32372978601225505,109.2585810135967,25.233210645850125,1239.8600000000015,1239.6100000000015,1240.3900000000017,1237.6395226000018,1.4316877819015104,17.298311729379538,0.0005450564729443386
-317.5999999999983,312733,17.441995134301145,0.08368975240200782,4.798175424176384,13.781999443842405,0.33059139764824874,109.11435255220215,25.231473617654654,1239.9600000000016,1239.7100000000016,1240.4900000000016,1237.7395226000017,1.456506678003808,17.442928112882342,0.0009329785811971192
-317.4999999999983,315370,17.58906800850742,0.08544130982911448,4.857637129368566,13.898210820746705,0.3375104026789586,108.96727967799586,25.229722060227548,1240.0600000000018,1239.8100000000018,1240.5900000000015,1237.8395226000016,1.4857873981245182,17.589813621204918,0.0007456126974965116
-317.3999999999983,318061,17.739152613926116,0.08720771512624961,4.916115049249152,14.016801952809455,0.34448805979028696,108.81719507257716,25.227955654930412,1240.1600000000017,1239.9100000000017,1240.6900000000016,1237.9395226000017,1.4988940061785672,17.738903945358206,-0.00024866856790950465
-317.29999999999825,320745,17.888846809743203,0.08898909061818693,4.974557139687663,14.135084598092408,0.35152485218975593,108.66750087676009,25.226174279438474,1240.2600000000016,1240.0100000000016,1240.7900000000018,1238.0395226000019,1.5122794782337337,17.889403324627136,0.0005565148839323797
-317.1999999999982,323484,18.04160850957293,0.09078559579117586,5.032012292196937,14.255791068073778,0.3586214098802107,108.51473917693036,25.224377774265488,1240.3600000000017,1240.1100000000017,1240.8900000000017,1238.1395226000018,1.546579750375109,18.042282897540023,0.0006743879670914055
-317.0999999999982,326291,18.198162759818295,0.09259754719769575,5.088290967599869,14.379494266773198,0.36577898330777586,108.358184926685,25.222565822858968,1240.4600000000019,1240.2100000000019,1240.9900000000016,1238.2395226000017,1.5644270464486705,18.19757380750401,-0.0005889523142847963
-316.9999999999982,329094,18.354493918862737,0.09442511055267748,5.144522696735196,14.50302118731273,0.37299822707984415,108.20185376764056,25.220738259503985,1240.5600000000018,1240.3100000000018,1241.0900000000017,1238.3395226000018,1.574466150490072,18.35468590006416,0.00019198120142149833
-316.89999999999816,331937,18.51305598991638,0.0962684843777094,5.200032043879982,14.62831088945112,0.38027992539672056,108.0432916965869,25.218894885678953,1240.6600000000017,1240.4100000000017,1241.1900000000019,1238.439522600002,1.5992850465923873,18.513724722564486,0.0006687326481049638
-316.79999999999814,334829,18.674350928181287,0.09812785549719122,5.2546862739474065,14.755759999048099,0.3876248162524561,107.881996758322,25.21703551455947,1240.7600000000018,1240.5100000000018,1241.2900000000018,1238.5395226000019,1.6246616706969732,18.67464779850339,0.00029687032210290454
-316.6999999999981,337763,18.83798832405585,0.10000341393741094,5.308603669199007,14.885060029323874,0.3950336502892065,107.71835936244744,25.21515995611925,1240.860000000002,1240.610000000002,1241.3900000000017,1238.6395226000018,1.6483651107946766,18.83838144979547,0.0003931257396203591
-316.5999999999981,340740,19.004023950340297,0.10189553178715118,5.36178716957082,15.016255049818412,0.402507897332693,107.55232373616299,25.213267838269513,1240.9600000000019,1240.7100000000019,1241.4900000000018,1238.739522600002,1.6639814948590494,19.00430715348621,0.00028320314591212536
-316.49999999999807,343730,19.170784623027735,0.10380427536810904,5.414711886305399,15.148022974332578,0.4100478193669927,107.38556306347556,25.211359094688554,1241.0600000000018,1240.8100000000018,1241.590000000002,1238.839522600002,1.688800390961365,19.171967661805144,0.0011830387774089957
-316.39999999999804,346796,19.341784028532647,0.10572992531951307,5.466399850372759,15.283140183884564,0.4176545249736479,107.21456365797064,25.20943344473715,1241.160000000002,1240.910000000002,1241.6900000000019,1238.939522600002,1.7191965670866516,19.342160985822694,0.0003769572900473861
-316.299999999998,349895,19.514623936445144,0.10767270756527446,5.517539457380316,15.4197116882556,0.42532890659766437,107.04172375005814,25.207490662491388,1241.260000000002,1241.010000000002,1241.7900000000018,1239.0395226000019,1.73676499915906,19.514593175005825,-3.076143931934894e-05
-316.199999999998,353024,19.689137028364538,0.10963284395451513,5.568189392789334,15.557605278825775,0.4330718405878087,106.86721065813875,25.205530526102148,1241.360000000002,1241.110000000002,1241.890000000002,1239.139522600002,1.7459675111970023,19.688850180518216,-0.00028684784632204696
-316.099999999998,356156,19.863817438684624,0.111610477601379,5.618782892356758,15.695631078015866,0.4408838922738076,106.69253024781867,25.203552892455285,1241.4600000000019,1241.2100000000019,1241.990000000002,1239.2395226000021,1.7685554952901115,19.864773211638212,0.0009557729535885073
-315.99999999999795,359366,20.04284812742264,0.11360579859684367,5.66814645676071,15.837094301323715,0.4487658125533534,106.51349955908064,25.20155757145982,1241.560000000002,1241.310000000002,1242.090000000002,1239.339522600002,1.799230535416569,20.043450493182522,0.0006023657598817067
-315.89999999999793,362608,20.22366354576802,0.11561916770001641,5.717023893240686,15.979967749910651,0.45671902649766555,106.33268414073527,25.199544202356645,1241.6600000000021,1241.4100000000021,1242.1900000000019,1239.439522600002,1.8151257834820769,20.224114323886035,0.00045077811801519374
-315.7999999999979,365875,20.40587328411914,0.1176506214616218,5.765527396133707,16.123942936996862,0.46474367848947623,106.15047440238415,25.19751274859504,1241.760000000002,1241.510000000002,1242.290000000002,1239.539522600002,1.832136487552197,20.406140357790342,0.0002670736712033772
-315.6999999999979,369178,20.590090843278542,0.11970039577157542,5.813495272200345,16.269504627522043,0.4728407003415182,105.96625684322474,25.19546297428509,1241.860000000002,1241.610000000002,1242.3900000000021,1239.6395226000022,1.8600228876671776,20.590837660581805,0.000746817303262759
-315.59999999999786,372545,20.77787786165266,0.1217687889937391,5.860501722289635,16.417886768605392,0.48101127065120947,105.77846982485063,25.193394581062925,1241.960000000002,1241.710000000002,1242.490000000002,1239.7395226000021,1.8859572397740518,20.778278318769487,0.0004004571168287896
-315.49999999999784,375941,20.96728229123344,0.12385605143533025,5.907110407299438,16.5675469263479,0.48925637818253204,105.58906539526984,25.191307318621334,1242.0600000000022,1241.8100000000022,1242.590000000002,1239.839522600002,1.9021313518407128,20.967186981197436,-9.531003600216081e-05
-315.3999999999978,379366,21.158304132020888,0.12596222638997953,5.95332336675078,16.718485100749582,0.49757619395405694,105.3980435544824,25.189201143666683,1242.1600000000021,1241.9100000000021,1242.690000000002,1239.9395226000022,1.930854343959117,21.15859766993973,0.00029353791884290104
-315.2999999999978,382865,21.35345316002535,0.12808777096931917,5.998457018141936,16.872684421109135,0.5059725236489061,105.20289452647793,25.187075599087343,1242.260000000002,1242.010000000002,1242.7900000000022,1240.0395226000023,1.947865048029237,21.35288655862401,-0.0005666014013385734
-315.1999999999978,386351,21.547877141626824,0.1302328037017053,6.0438809283035,17.02631083744906,0.514445835477987,105.00847054487646,25.184930566354957,1242.3600000000022,1242.1100000000022,1242.8900000000021,1240.1395226000022,1.9556732400614323,21.5482027487672,0.00032560714037543903
-315.09999999999775,389878,21.744587808037725,0.13239741151907358,6.088752414526518,17.181744104927816,0.5229964728399745,104.81175987846557,25.18276595853759,1242.4600000000023,1242.2100000000023,1242.990000000002,1240.2395226000021,23.174992815529023,21.745358390083595,0.0007705820458703272
-314.9999999999977,469456,26.182875704733682,0.13458187537972302,5.140072347186506,20.688709956763375,0.5316255455768042,100.3734719817696,25.18058149467694,1242.5600000000022,1242.3100000000022,1243.0900000000022,1240.3395226000023,22.616707085227727,24.035094077602473,-2.1477816271312093
-314.8999999999977,470981,26.2679292250843,0.13720443033459517,5.223267854840007,20.7559160052196,0.5419851664749026,100.28841846141898,25.177958939722068,1242.6600000000021,1242.4100000000021,1243.1900000000023,1240.4395226000024,0.8485831554979153,26.26783102307726,-9.820200703813953e-05
-314.7999999999977,472499,26.352592335833304,0.13983544158433966,5.306325837029569,20.82281356689602,0.5523781914429204,100.20375535066998,25.175327928472324,1242.7600000000023,1242.5100000000023,1243.2900000000022,1240.5395226000023,0.8449579234829796,26.35306119005418,0.00046885422087683537
-314.69999999999766,474011,26.436920809780933,0.1424750425726072,5.389244972882597,20.889446711332617,0.5628051476101863,100.11942687672236,25.172688327484057,1242.8600000000024,1242.6100000000024,1243.3900000000021,1240.6395226000022,0.8502563395048156,26.43830644038441,0.0013856306034760735
-314.59999999999764,475548,26.522643603734306,0.14512310287241775,5.471668097669753,20.95718159426849,0.5732655197638289,100.03370408276898,25.170040267184245,1242.9600000000023,1242.7100000000023,1243.4900000000023,1240.7395226000024,0.8605743075473524,26.52322732170384,0.0005837179695333816
-314.4999999999976,477097,26.609035671290442,0.14777968803694919,5.55374083685395,21.025445311684027,0.5837595668521195,99.94731201521284,25.167383682019715,1243.0600000000022,1242.8100000000022,1243.5900000000024,1240.8395226000025,0.8524872515140218,26.608815231898493,-0.00022043939194915652
-314.3999999999976,478605,26.69314105403715,0.15044486591879866,5.636087023787893,21.091902177960737,0.5942875569064989,99.86320663246613,25.164718504137863,1243.1600000000024,1242.9100000000024,1243.6900000000023,1240.9395226000024,0.8602954435461816,26.693980766397132,0.0008397123599834799
-314.29999999999757,480182,26.781094759999718,0.15311848419022983,5.71740944731385,21.161399842495463,0.6048488882016925,99.77525292650357,25.162044885866433,1243.2600000000025,1243.0100000000025,1243.7900000000022,1241.0395226000023,0.8722865955956187,26.7800180269842,-0.0010767330155161403
-314.19999999999754,481733,26.867598373156312,0.15580086952419672,5.79883871123587,21.22975169899094,0.6154448511617406,99.68874931334697,25.159362500532467,1243.3600000000024,1243.1100000000024,1243.8900000000024,1241.1395226000025,0.8650361315657471,26.867492056216662,-0.00010631693965024169
-314.0999999999975,483284,26.954101986312907,0.15849198260147437,5.880069114599159,21.298103555486417,0.6260752904677763,99.60224570019038,25.156671387455187,1243.4600000000023,1243.2100000000023,1243.9900000000025,1241.2395226000026,0.8717288675933482,26.954469534703502,0.0003675483905958288
-313.9999999999975,484859,27.04194414667502,0.16119176343113864,5.9608052792668085,21.367513080941205,0.6367399691435522,99.51440353982827,25.153971606625525,1243.5600000000024,1243.3100000000024,1244.0900000000024,1241.3395226000025,0.8692190915830067,27.041427679339552,-0.0005164673354691729
-313.8999999999975,486401,27.127945804629547,0.1639002681373435,6.041750057955842,21.43546831157694,0.6474391088907938,99.42840188187374,25.15126310191932,1243.6600000000026,1243.4100000000026,1244.1900000000023,1241.4395226000024,0.8725654595967717,27.1286728393124,0.0007270346828534002
-313.79999999999745,487988,27.216457238594415,0.16661749799900236,6.121939256764458,21.50540667151138,0.6581727147614668,99.33989044790887,25.14854587205766,1243.7600000000025,1243.5100000000025,1244.2900000000025,1241.5395226000026,0.8937591236841158,27.21679736081689,0.0003401222224752587
-313.69999999999743,489606,27.30669762936641,0.16934362760950813,6.201541830799456,21.57671118718493,0.6689414764346792,99.24965005713688,25.145819742447156,1243.8600000000024,1243.6100000000024,1244.3900000000026,1241.6395226000027,0.896547763695628,27.30636210324566,-0.00033552612075027355
-313.5999999999974,491203,27.395766791333582,0.17207877041965272,6.281217522777585,21.647090242519084,0.679745842063936,99.1605808951697,25.14308459963701,1243.9600000000025,1243.7100000000025,1244.4900000000025,1241.7395226000026,0.8853932036496678,27.395572099761292,-0.0001946915722896847
-313.4999999999974,492781,27.483776270096385,0.17482274202946163,6.360943282007314,21.71663197659379,0.6905850832321542,99.0725714164069,25.1403406280272,1244.0600000000027,1243.8100000000027,1244.5900000000024,1241.8395226000025,0.886787523655415,27.483952684966656,0.00017641487027120206
-313.39999999999736,494383,27.573124296064705,0.1775755609566473,6.44016829757632,21.7872313796278,0.7014592730880325,98.98322339043858,25.137587809100015,1244.1600000000026,1243.9100000000026,1244.6900000000026,1241.9395226000026,0.8918070756760981,27.572956567586555,-0.0001677284781500532
-313.29999999999734,495979,27.662137685231645,0.1803373333429802,6.519284062390424,21.857566365421985,0.7123688309129665,98.89421000127165,25.134826036713683,1244.2600000000025,1244.0100000000025,1244.7900000000027,1242.0395226000028,0.8904127556703507,27.66247123434308,0.0003335491114349054
-313.1999999999973,497576,27.751206847198816,0.1831080552035172,6.598201520089925,21.92794542075614,0.7233137409656281,98.80514083930447,25.132055314853144,1244.3600000000026,1244.1100000000026,1244.8900000000026,1242.1395226000027,0.9090966437473711,27.752177525299203,0.0009706781003870901
-313.0999999999973,499239,27.84395701398116,0.1858877688480413,6.676054296259053,22.001233065728403,0.7342941703781911,98.71239067252213,25.129275601208622,1244.4600000000028,1244.2100000000028,1244.9900000000025,1242.2395226000026,0.9071445957393178,27.84267539420177,-0.0012816197793910078
-312.99999999999727,500829,27.93263576634672,0.1886765902823588,6.754700553883161,22.071303634282756,0.7453105773969828,98.62371192015657,25.126486779774304,1244.5600000000027,1244.3100000000027,1245.0900000000026,1242.3395226000027,0.8912493476737743,27.93297981781795,0.00034405147123095503
-312.89999999999725,502435,28.022206883515956,0.19147436481160618,6.8329509380733615,22.14207931547665,0.7563623509460986,98.53414080298734,25.123689005245055,1244.6600000000026,1244.4100000000026,1245.1900000000028,1242.4395226000029,0.907981187742759,28.023391495017787,0.0011846115018308012
-312.7999999999972,504085,28.114232003895314,0.19428126858136363,6.91042417784862,22.214794056429284,0.7674501868360993,98.44211568260798,25.1208821014753,1244.7600000000027,1244.5100000000027,1245.2900000000027,1242.5395226000028,0.9138373317669188,28.114375239574233,0.0001432356789194955
-312.6999999999972,505712,28.20497434986938,0.1970972398595223,6.988031168354353,22.28649519796258,0.7785738412127069,98.35137333663391,25.11806613019714,1244.8600000000029,1244.6100000000029,1245.3900000000026,1242.6395226000027,0.9222032518013846,28.205811075680156,0.0008367258107746522
-312.5999999999972,507392,28.298672654255633,0.19992243079650096,7.064728202594197,22.360532025114352,0.789733915100756,98.25767503224765,25.11524093926016,1244.9600000000028,1244.7100000000028,1245.4900000000027,1242.7395226000028,0.9196934757910431,28.297849160517035,-0.0008234937385971364
-312.49999999999716,509010,28.388913045027632,0.202756809691627,7.142112463764801,22.431836540787902,0.8009302832761974,98.16743464147565,25.112406560365034,1245.0600000000027,1244.8100000000027,1245.5900000000029,1242.839522600003,0.907981187742759,28.389015694873134,0.00010264984550190093
-312.39999999999714,510648,28.480268891804226,0.20560023393547686,7.219041179581085,22.50402244726088,0.8121623824030516,98.07607879469906,25.109563136121185,1245.1600000000028,1244.9100000000028,1245.6900000000028,1242.9395226000029,0.9255496198151851,28.48097428368283,0.0007053918786041891
-312.2999999999971,512329,28.57402296899071,0.20845300454836485,7.295192727134838,22.578103343952627,0.8234314015722597,97.98232471751257,25.1067103655083,1245.260000000003,1245.010000000003,1245.7900000000027,1243.0395226000028,0.9400505478749638,28.574134207696925,0.00011123870621432275
-312.1999999999971,514019,28.66827900137926,0.21131506077701756,7.371041029942919,22.65258086650411,0.8347371007961407,97.88806868512403,25.103848309279645,1245.3600000000029,1245.1100000000029,1245.8900000000028,1243.139522600003,0.9291748518301209,28.66745112097222,-0.0008278804070407375
-312.09999999999707,515661,28.759857939356777,0.2141864947725606,7.447411431036816,22.724943051136975,0.8460798440902229,97.79648974714651,25.1009768752841,1245.4600000000028,1245.2100000000028,1245.990000000003,1243.239522600003,0.9311268998381742,28.760961172557412,0.0011032332006344348
-311.99999999999704,517358,28.85450438134694,0.21706725301153035,7.522820359092841,22.79972906046826,0.857459420026032,97.70184330515634,25.09809611704513,1245.560000000003,1245.310000000003,1246.0900000000029,1243.339522600003,0.945906691899088,28.854865172648775,0.0003607913018370823
-311.899999999997,519053,28.949039277736638,0.21995746780709166,7.598092140358203,22.874426930719597,0.8688763512672497,97.60730840876664,25.09520590224957,1245.660000000003,1245.410000000003,1246.1900000000028,1243.4395226000029,0.9386562278692165,28.948612883521985,-0.0004263942146529587
-311.799999999997,520724,29.042235626920824,0.22285697558823606,7.673547534393593,22.94806713201163,0.8803299916754093,97.51411205958246,25.092306394468427,1245.760000000003,1245.510000000003,1246.290000000003,1243.539522600003,0.9341944038508218,29.04205117797567,-0.00018444894515567967
-311.699999999997,522403,29.135878158506845,0.2257658780426881,7.748723989524611,23.02205988962343,0.8918207429375273,97.42046952799645,25.089397492013976,1245.8600000000029,1245.6100000000029,1246.390000000003,1243.6395226000031,0.9517628359232301,29.136822447674202,0.0009442891673572262
-311.59999999999695,524137,29.232588194105514,0.22868434007777222,7.822924831674136,23.098476471933655,0.9033492564707882,97.32375949239777,25.08647902997889,1245.960000000003,1245.710000000003,1246.490000000003,1243.739522600003,0.9618019399646138,29.23254549713437,-4.269697114267501e-05
-311.49999999999693,525852,29.32823854649981,0.23161238714211632,7.897248475215985,23.17405573298442,0.9149156328024041,97.22810914000348,25.083550982914545,1246.0600000000031,1245.8100000000031,1246.5900000000029,1243.839522600003,0.9618019399646138,29.328077742562197,-0.0001608039376144177
-311.3999999999969,527586,29.42494858209848,0.234549955626286,7.9711254200451265,23.250472315294644,0.9265196206622822,97.1313991044048,25.080613414430378,1246.160000000003,1245.910000000003,1246.690000000003,1243.939522600003,0.9556669319393366,29.42440311876651,-0.000545463331970808
-311.2999999999969,529279,29.519371932887722,0.23749726776587096,8.045471573914948,23.325082046466044,0.9381620979258147,97.03697575361556,25.07766610229079,1246.260000000003,1246.010000000003,1246.7900000000031,1244.0395226000032,0.9556669319393366,29.520896516014513,0.001524583126791157
-311.19999999999686,531013,29.61608196848639,0.24045413492949025,8.11903935116571,23.401498628776267,0.9498423194610102,96.94026571801689,25.074709235127173,1246.360000000003,1246.110000000003,1246.890000000003,1244.1395226000031,0.9693312679956562,29.61667121932516,0.0005892508387681517
-311.09999999999684,532755,29.713238186486898,0.24342060200973734,8.19232829764213,23.47826776740626,0.9615604626026654,96.8431095000164,25.071742768046924,1246.4600000000032,1246.2100000000032,1246.990000000003,1244.239522600003,0.9654271719795496,29.712821349031266,-0.0004168374556314802
-310.9999999999968,534475,29.809167402882345,0.24639669919929785,8.265802793789971,23.55406737615688,0.9733166466179767,96.74718028362093,25.068766670857364,1246.5600000000031,1246.3100000000031,1247.090000000003,1244.3395226000032,0.9679369479899089,29.809555495321163,0.0003880924388184326
-310.8999999999968,536226,29.906825576084923,0.24938251310880294,8.338648730015075,23.631233140646618,0.9851112136364014,96.64952211041836,25.06578085694786,1246.660000000003,1246.410000000003,1247.1900000000032,1244.4395226000033,0.9757451400221042,29.9066254661547,-0.00020010993022268053
-310.79999999999677,537974,30.00431643088681,0.25237802429253015,8.411390570215728,23.70826669651644,0.9969440868434153,96.55203125561647,25.062785345764134,1246.7600000000032,1246.5100000000032,1247.2900000000031,1244.5395226000032,0.9760240040232394,30.00403687544079,-0.00027955544602065174
-310.69999999999675,539726,30.102030376889616,0.25538332048389245,8.483923419330518,23.78547653054614,1.0088156128036903,96.45431730961367,25.05978004957277,1246.8600000000033,1246.6100000000033,1247.390000000003,1244.6395226000031,0.9810435560439225,30.10209425917535,6.388228573328547e-05
-310.5999999999967,541492,30.20052514209564,0.2583984431443666,8.556091058966139,23.863303338135445,1.0207259552984203,96.35582254440764,25.056764926912297,1246.9600000000032,1246.7100000000032,1247.4900000000032,1244.7395226000033,0.9785337800335987,30.19975326329624,-0.0007718787993979959
-310.4999999999967,543235,30.29773713289638,0.26142327113655306,8.628475123071402,23.940116546305415,1.03267463581045,96.2586105536069,25.05374009892011,1247.0600000000031,1246.8100000000031,1247.5900000000033,1244.8395226000034,0.9880151560726765,30.298524469172254,0.0007873362758736846
-310.3999999999967,545035,30.39812817331022,0.2644581480382024,8.699816861434206,24.019441718253738,1.044663011541175,96.15821951319307,25.05070522201846,1247.1600000000033,1246.9100000000033,1247.6900000000032,1244.9395226000033,0.9935924360956477,30.39810160326814,-2.6570042077622702e-05
-310.29999999999666,546798,30.496455620115555,0.26750289145720807,8.771605946258305,24.097136317223125,1.0566903620049968,96.05989206638773,25.047660478599454,1247.2600000000034,1247.0100000000034,1247.7900000000031,1245.0395226000032,0.989967204080712,30.496894231572355,0.00043861145680068603
-310.19999999999663,548585,30.596121614126407,0.2705575268845183,8.842870030938833,24.175888585151824,1.0687567878962998,95.96022607237688,25.044605843172146,1247.3600000000033,1247.1100000000033,1247.8900000000033,1245.1395226000034,0.9991697161186546,30.596396576942347,0.00027496281593997196
-310.0999999999966,550381,30.69628956333933,0.27362217077259793,8.913851630438934,24.255037478940274,1.0808627492258032,95.86005812316395,25.041541199284065,1247.4600000000032,1247.2100000000032,1247.9900000000034,1245.2395226000035,2.185178313007477,30.696866761686987,0.0005771983476563491
-309.9999999999966,556421,31.033157276728,0.27669690023685706,8.916169816996163,24.521217500366884,1.0930085506149263,95.52319040977528,25.038466469819806,1247.5600000000034,1247.3100000000034,1248.0900000000033,1245.3395226000034,2.0053110322660275,30.906678606636227,-0.1264786700917746
-309.89999999999657,557572,31.097351769792628,0.2798035064939266,8.997663484828388,24.571941540873837,1.1052802717634618,95.45899591671066,25.035359863562736,1247.6600000000035,1247.4100000000035,1248.1900000000032,1245.4395226000033,0.6397140186369443,31.097691392721494,0.00033962292886613454
-309.79999999999654,558715,31.16110008045542,0.28291643851540277,9.079154387519555,24.62231302506103,1.1175769809569651,95.39524760604786,25.03224693154126,1247.7600000000034,1247.5100000000034,1248.2900000000034,1245.5395226000035,0.6360887866220085,31.16109424948663,-5.830968788700375e-06
-309.6999999999965,559853,31.22456952711706,0.2860357253438253,9.160597877751906,24.67246416154836,1.129898792919325,95.33177815938623,25.029127644712837,1247.8600000000033,1247.6100000000033,1248.3900000000035,1245.6395226000036,0.632184690605902,31.224844673857326,0.000275146740268184
-309.5999999999965,560982,31.28753701857663,0.28916140745017566,9.242063613971572,24.722218672175945,1.1422458675190783,95.26881066792666,25.026001962606486,1247.9600000000034,1247.7100000000034,1248.4900000000034,1245.7395226000035,0.6263285465817777,31.287783952673173,0.0002469340965447486
-309.4999999999965,562099,31.349835236433442,0.2922932821343614,9.323598670613446,24.771444348323882,1.1546174040499868,95.20651245006985,25.0228700879223,1248.0600000000036,1247.8100000000036,1248.5900000000033,1245.8395226000034,0.6405506106403855,31.351156343651475,0.00132110721803258
-309.39999999999645,563279,31.415647140704735,0.2954316387189074,9.40396476302796,24.823446405490007,1.1670145453943641,95.14070054579855,25.019731731337757,1248.1600000000035,1247.9100000000035,1248.6900000000035,1245.9395226000036,0.6553304027013171,31.41582309005965,0.0001759493549151614
-309.29999999999643,564449,31.480901316973736,0.29857644675237477,9.48436779957725,24.875007767256424,1.1794371712628868,95.07544636952954,25.01658692330429,1248.2600000000034,1248.0100000000034,1248.7900000000036,1246.0395226000037,0.6441758426553391,31.48048214540916,-0.00041917156457671467
-309.1999999999964,565589,31.544482309235832,0.3017277351479906,9.565150956991566,24.925247042823692,1.1918853958686313,95.01186537726745,25.01343563490867,1248.3600000000035,1248.1100000000035,1248.8900000000035,1246.1395226000036,0.63859856263235,31.544598698806045,0.00011638957021276042
-309.0999999999964,566739,31.608621029500235,0.3048853664921374,9.645639593311861,24.975927013790685,1.2043586764001,94.94772665700305,25.010278003564526,1248.4600000000037,1248.2100000000037,1248.9900000000034,1246.2395226000035,0.6514263066852284,31.608873429391824,0.00025239989158976073
-308.99999999999636,567925,31.674767570572907,0.30804950983387047,9.72539132757711,25.028193488196635,1.2168576806351497,94.88158011593038,25.00711386022279,1248.5600000000036,1248.3100000000036,1249.0900000000036,1246.3395226000036,0.6603499547220002,31.674624438050405,-0.00014313252250275355
-308.89999999999634,569107,31.740691020444665,0.31122029137974894,9.80508871654014,25.080283684442705,1.2293829071151372,94.81565666605863,25.003943078676915,1248.6600000000035,1248.4100000000035,1249.1900000000037,1246.4395226000038,0.6553304027013349,31.740137809969045,-0.0005532104756191814
-308.7999999999963,570275,31.805833651113204,0.3143975373958657,9.884901645546455,25.131756907129173,1.2419336695560972,94.75051403539008,25.000765832660797,1248.7600000000036,1248.5100000000036,1249.2900000000036,1246.5395226000037,0.6572824507093882,31.805490034968088,-0.0003436161451162434
-308.6999999999963,571464,31.872147510586572,0.31758138938674396,9.96422940378451,25.184155590155047,1.2545105269294303,94.68420017591671,24.997581980669917,1248.8600000000038,1248.6100000000038,1249.3900000000035,1246.6395226000036,0.6623020027300535,31.87232120670231,0.00017369611573769816
-308.59999999999627,572650,31.938294051659245,0.3207720016372076,10.043492026166719,25.236422064560998,1.2671140886913013,94.61805363484405,24.994391368419453,1248.9600000000037,1248.7100000000037,1249.4900000000036,1246.7395226000037,0.6670426907496012,31.939035330697564,0.0007412790383192203
-308.49999999999625,573856,32.00555604873652,0.32396919645288497,10.122279892889853,25.289569929766376,1.2797436529131112,94.55079163776676,24.991194173603777,1249.0600000000036,1248.8100000000036,1249.5900000000038,1246.8395226000039,0.670389058763384,32.005607830986776,5.178225025304073e-05
-308.3999999999962,575054,32.07237186341195,0.3271731232034064,10.201089105500312,25.342365238651986,1.292399809635019,94.48397582309133,24.987990246853258,1249.1600000000037,1248.9100000000037,1249.6900000000037,1246.9395226000038,0.6625808667311887,32.071905722750486,-0.00046614066146588584
-308.2999999999962,576232,32.13807222208279,0.3303835775974365,10.280130535347498,25.39427915673817,1.3050817518650561,94.4182754644205,24.984779792459225,1249.2600000000039,1249.0100000000039,1249.7900000000036,1247.0395226000037,0.6673215547507542,32.138160362843365,8.814076057461762e-05
-308.1999999999962,577447,32.20583617436213,0.33360075527597655,10.358394468315145,25.44782364780329,1.3177902524246277,94.35051151214115,24.981562614780685,1249.3600000000038,1249.1100000000038,1249.8900000000037,1247.1395226000038,0.6726199707725902,32.20558109486098,-0.0002550795011515561
-308.09999999999616,578644,32.27259621623734,0.33682469381641017,10.436863881652734,25.500574887148925,1.3305254597519758,94.28375147026594,24.978338676240252,1249.4600000000037,1249.2100000000037,1249.9900000000039,1247.239522600004,0.6787549787978853,32.27340305070418,0.0008068344668430427
-307.99999999999613,579881,32.34158717012174,0.34005543588611886,10.514494359765795,25.555088908093417,1.3432875423918613,94.21476051638155,24.975107934170545,1249.5600000000038,1249.3100000000038,1250.0900000000038,1247.3395226000039,0.6770817947909672,32.34122067590878,-0.00036649421296175433
-307.8999999999961,581072,32.40801257519556,0.3432929379515934,10.592841420159866,25.607575730199223,1.3560763283781447,94.14833511130772,24.97187043210507,1249.660000000004,1249.410000000004,1250.1900000000037,1247.4395226000038,0.6662060987461422,32.40844564538323,0.0004330701876682497
-307.7999999999961,582270,32.474828389871,0.34653712501519696,10.670945535259024,25.660371039084836,1.3688915214550372,94.08151929663228,24.968626245041467,1249.7600000000039,1249.5100000000039,1250.2900000000038,1247.539522600004,0.6851688508243333,32.47557243554014,0.0007440456691369945
-307.69999999999607,583529,32.54504634536046,0.34978805243870287,10.747812392916373,25.715854589908695,1.3817333403127072,94.01130134114283,24.96537531761796,1249.8600000000038,1249.6100000000038,1250.390000000004,1247.639522600004,0.6940924988610873,32.544602154297586,-0.0004441910628756318
-307.59999999999604,584759,32.61364688964325,0.353046045446058,10.825101732433696,25.77006012407338,1.394603069651325,93.94270079686004,24.962117324610606,1249.960000000004,1249.710000000004,1250.4900000000039,1247.739522600004,0.6882363548369808,32.61436051940163,0.0007136297583798523
-307.499999999996,585997,32.68269361632789,0.35631092454258473,10.902128469746936,25.824618214557848,1.4075000004307188,93.8736540701754,24.95885244551408,1250.060000000004,1249.810000000004,1250.5900000000038,1247.8395226000039,0.6926981788553578,32.68332345577018,0.0006298394422898923
-307.399999999996,587243,32.75218652541435,0.3595827101372135,10.978891740806132,25.879528861362076,1.4204242132702802,93.80416116108893,24.95558065991945,1250.160000000004,1249.910000000004,1250.690000000004,1247.939522600004,0.6938136348599343,32.75195288770243,-0.0002336377119220856
-307.299999999996,588485,32.82145634329991,0.3628613151201267,11.055612868750728,25.934263230006422,1.433375364068664,93.73489134320337,24.952302054936535,1250.2600000000039,1250.0100000000039,1250.790000000004,1248.0395226000041,0.7019006908933004,32.82142200691105,-3.4336388857525435e-05
-307.19999999999595,589760,32.892566663593044,0.36614699453859717,11.131603023970305,25.99045189346982,1.4463544603140264,93.66378102291024,24.949016375518067,1250.360000000004,1250.110000000004,1250.890000000004,1248.139522600004,0.7069202429139834,32.89232552978708,-0.00024113380596446632
-307.09999999999593,591020,32.962840391882736,0.3694397802260856,11.207765345278375,26.045979513833654,1.4593616277549573,93.59350729462055,24.94572358983058,1250.4600000000041,1250.2100000000041,1250.9900000000039,1248.239522600004,0.7038527389013359,32.96320686920655,0.00036647732381567266
-306.9999999999959,592284,33.03333721137334,0.37273963591244,11.283741437547102,26.101683412357364,1.472396723117042,93.52301047512995,24.942423734144224,1250.560000000004,1250.310000000004,1251.090000000004,1248.339522600004,0.7002275068863824,33.03303519858803,-0.00030201278531194475
-306.8999999999959,593531,33.102885893260044,0.3760463872658047,11.359927605054219,26.15663812870157,1.4854590577542972,93.45346179324324,24.939116982790857,1250.660000000004,1250.410000000004,1251.1900000000041,1248.4395226000042,0.7019006908932649,33.10320995256618,0.00032405930613776945
-306.79999999999586,594801,33.17371734955203,0.37936027790295473,11.435567316910221,26.21260644446511,1.4985495940021092,93.38263033695125,24.93580309215371,1250.760000000004,1250.510000000004,1251.290000000004,1248.5395226000041,0.7049681949059479,33.173752996842566,3.564729053806559e-05
-306.69999999999584,596059,33.243879532241266,0.3826811378651747,11.511326092191947,26.268045925749,1.51166766048928,93.31246815426202,24.93248223219149,1250.8600000000042,1250.6100000000042,1251.390000000004,1248.639522600004,0.71556502694962,33.244424209499186,0.0005446772579205117
-306.5999999999958,597367,33.316830354941985,0.3860091627448561,11.586010993017474,26.325688884031447,1.5248140298451964,93.2395173315613,24.929154207311807,1250.9600000000041,1250.7100000000041,1251.490000000004,1248.7395226000042,0.7205845789702674,33.31599197814778,-0.0008383767942063969
-306.4999999999958,598643,33.38799644803535,0.3893443362608058,11.66120695103033,26.381921617034816,1.5379886377558634,93.16835123846793,24.925819033795857,1251.060000000004,1250.810000000004,1251.5900000000042,1248.8395226000043,0.7071991069151364,33.38740810644603,-0.0005883415893208621
-306.39999999999577,599903,33.458270176325044,0.3926866443661468,11.736609283644631,26.43744923739865,1.5511914287332835,93.09807751017824,24.922476725690515,1251.1600000000042,1250.9100000000042,1251.6900000000041,1248.9395226000042,0.7189113949634205,33.45936197378939,0.0010917974643476214
-306.29999999999575,601221,33.53177872702807,0.3960362086555652,11.810772457959196,26.49553289108081,1.564422883100986,93.02456895947522,24.919127161401097,1251.2600000000043,1251.0100000000043,1251.790000000004,1249.0395226000041,0.732296867018587,33.531910094272114,0.0001313672440446112
-306.1999999999957,602529,33.604729549728795,0.3993930263850028,11.885024272966543,26.553175849363264,1.5776829900193878,92.9516181367745,24.91577034367166,1251.3600000000042,1251.1100000000042,1251.8900000000042,1249.1395226000043,0.7175170749576555,33.604007171861134,-0.0007223778676603843
-306.0999999999957,603794,33.67528214201963,0.40275701008993897,11.960018876497648,26.60892381742695,1.5909714039859957,92.88106554448365,24.912406359966724,1251.4600000000041,1251.2100000000041,1251.9900000000043,1249.2395226000044,0.7147284349461609,33.67581382125253,0.0005316792328997622
-305.9999999999957,605092,33.74767523671806,0.4061281891492548,12.0342567688153,26.666126080309688,1.604288241053314,92.80867244978523,24.90903518090741,1251.5600000000043,1251.3100000000043,1252.0900000000042,1249.3395226000043,0.7219788989760324,33.74731320975343,-0.0003620269646305019
-305.89999999999566,606383,33.81967792181487,0.40950647273189117,12.108526689065398,26.723019856412623,1.617633142420343,92.73666976468841,24.90565689732477,1251.6600000000044,1251.4100000000044,1252.1900000000041,1249.4395226000042,0.73731641903927,33.81977416059355,9.623877868136788e-05
-305.79999999999563,607736,33.89513852052595,0.4128921439813751,12.181456161665754,26.78264594399379,1.6310072265611095,92.66120916597734,24.90227122607529,1251.7600000000043,1251.5100000000043,1252.2900000000043,1249.5395226000044,0.7532116671048136,33.89452914704744,-0.0006093734785039828
-305.6999999999956,609084,33.97032025523587,0.4162853785613022,12.254384869896533,26.84205168387509,1.6444111873822382,92.58602743126741,24.89887799149536,1251.8600000000042,1251.6100000000042,1252.3900000000044,1249.6395226000045,0.7345277790277756,33.96865572989294,-0.0016645253429317108
-305.5999999999956,610370,34.042044076331536,0.41968587512735517,12.32845695711765,26.89872511227817,1.6578438345129107,92.51430361017175,24.895477494929306,1251.9600000000044,1251.7100000000044,1252.4900000000043,1249.7395226000044,0.7219788989760324,34.04209289431514,4.881798360401035e-05
-305.49999999999557,611673,34.11471603503111,0.42309379714016676,12.402090543732147,26.956147722860763,1.6713058136555876,92.44163165147218,24.892069572916498,1252.0600000000045,1251.8100000000045,1252.5900000000042,1249.8395226000043,0.7465189310772126,34.11585392580909,0.001137890777982875
-305.39999999999554,613047,34.19134786254701,0.42650904591251854,12.474180533248703,27.016699270781327,1.684796734975856,92.36499982395628,24.888654324144145,1252.1600000000044,1251.9100000000044,1252.6900000000044,1249.9395226000045,0.7624141791427207,34.1907760214544,-0.0005718410926149886
-305.2999999999955,614407,34.26719887085969,0.4299319523444592,12.546457443595335,27.07663384514228,1.698317905595633,92.2891488156436,24.885231417712202,1252.2600000000043,1252.0100000000043,1252.7900000000045,1250.0395226000046,0.7490287070875186,34.26633311267255,-0.0008657581871389652
-305.1999999999955,615733,34.34115360396455,0.43336231253505464,12.61932891168294,27.13507005514421,1.7118685200651134,92.21519408253874,24.881801057521606,1252.3600000000044,1252.1100000000044,1252.8900000000044,1250.1395226000045,0.7481921150840951,34.3407883731517,-0.000365230812846562
-305.0999999999955,617090,34.41683729387654,0.4368001100190911,12.691465700039986,27.19487242088526,1.725448513343382,92.13951039262675,24.87836326003757,1252.4600000000046,1252.2100000000046,1252.9900000000043,1250.2395226000044,1.7049745030280437,34.415439175804885,-0.0013981180716555741
-304.99999999999545,621847,34.682148504570236,0.44024540037021714,12.693717643017528,27.4045112225287,1.7390581049575575,91.87419918193305,24.874917969686447,1252.5600000000045,1252.3100000000045,1253.0900000000045,1250.3395226000046,1.6282869027119269,34.58275584743328,-0.09939265713695278
-304.89999999999543,622929,34.742494674419,0.44371666118857933,12.771583196508027,27.45219446477764,1.752770285154143,91.81385301208428,24.871446708868085,1252.6600000000044,1252.4100000000044,1253.1900000000046,1250.4395226000047,0.5928648664438614,34.742128107733436,-0.00036656668556389604
-304.7999999999954,623973,34.800721477859035,0.44719382599176544,12.8501308881277,27.498203064507674,1.7665057872812948,91.75562620864426,24.8679695440649,1252.7600000000045,1252.5100000000045,1253.2900000000045,1250.5395226000046,0.5953746424541674,34.80131184412191,0.0005903662628767847
-304.6999999999954,625064,34.86156960290986,0.4506769235574053,12.927614237994257,27.546282932616347,1.780264725016454,91.69477808359343,24.864486446499257,1252.8600000000047,1252.6100000000047,1253.3900000000044,1250.6395226000045,0.6023462424828858,34.861489758580746,-7.984432911456452e-05
-304.59999999999536,626133,34.92119072635564,0.45416612394348316,13.00545927836063,27.593393270845663,1.794047770122949,91.63515696014764,24.86099724611318,1252.9600000000046,1252.7100000000046,1253.4900000000046,1250.7395226000046,0.5903550904334843,34.920885746710745,-0.00030497964489484275
-304.49999999999534,627181,34.979640620996584,0.45766110070674904,13.083642158176927,27.639578148735577,1.8078536330841173,91.5767070655067,24.857502269349915,1253.0600000000045,1252.8100000000045,1253.5900000000047,1250.8395226000048,0.5909128184357904,34.98027717258879,0.0006365515922084342
-304.3999999999953,628252,35.039373290042825,0.4611621793780025,13.161256497388653,27.686776626044836,1.8216835998122587,91.51697439646045,24.85400119067866,1253.1600000000046,1252.9100000000046,1253.6900000000046,1250.9395226000047,0.5950957784530498,35.03983427442761,0.00046098438478736625
-304.2999999999953,629315,35.09865977668722,0.4646690675616362,13.238940475734992,27.73362254703432,1.8355365152857637,91.45768790981606,24.850494302495026,1253.2600000000048,1253.0100000000048,1253.7900000000045,1251.0395226000046,0.5819891703990008,35.097653545977586,-0.0010062307096347922
-304.19999999999527,630339,35.15577112412265,0.4681817100871996,13.31735004287674,27.778749755964924,1.8494121615702284,91.40057656238064,24.84698165996946,1253.3600000000047,1253.1100000000047,1253.8900000000046,1251.1395226000047,0.5864509944174133,35.156561748167654,0.0007906240450026303
-304.09999999999525,631418,35.21594997557073,0.4717003799112713,13.394509596886904,27.82630078959395,1.8633116168991783,91.34039771093256,24.84346299014539,1253.4600000000046,1253.2100000000046,1253.9900000000048,1251.2395226000049,0.5914705464380964,35.21566890305758,-0.00028107251314679615
-303.9999999999952,632460,35.2740652334103,0.4752248438678128,13.472358253102545,27.87222125024404,1.8772339602197443,91.28228245309299,24.83993852618885,1253.5600000000047,1253.3100000000047,1254.0900000000047,1251.3395226000048,0.5959323704564734,35.27472967142892,0.0006644380186244803
-303.8999999999952,633555,35.33513644966205,0.4787553258455587,13.54898760692737,27.920477396512602,1.8911800759375748,91.22121123684124,24.836408044211105,1253.6600000000049,1253.4100000000049,1254.1900000000046,1251.4395226000047,0.6079235225058749,35.33563754863159,0.0005010989695364287
-303.7999999999952,634640,35.3956499379115,0.48229197137754065,13.625741361538566,27.968292847381452,1.9051505389374903,91.16069774859179,24.83287139867912,1253.7600000000048,1253.5100000000048,1254.2900000000047,1251.5395226000048,0.6034616984875334,35.39608967298866,0.00043973507715833193
-303.69999999999516,635719,35.455828789359586,0.485834543780158,13.702529608501454,28.015843881010483,1.9191444142715426,91.1005188971437,24.829328826276505,1253.8600000000047,1253.6100000000047,1254.3900000000049,1251.639522600005,0.5925860024427083,35.45543691574682,-0.00039187361276304955
-303.59999999999513,636765,35.51416713840007,0.48938305876069166,13.77993905512544,28.061940619820454,1.9331617639866578,91.04218054810322,24.825780311295972,1253.9600000000048,1253.7100000000048,1254.4900000000048,1251.7395226000049,0.5772484823794353,35.51439253294109,0.00022539454101888623
-303.4999999999951,637789,35.5712784858355,0.49293742228674786,13.857737007766977,28.10706782875106,1.9472022166359202,90.9850692006678,24.822225947769915,1254.060000000005,1253.810000000005,1254.5900000000047,1251.8395226000048,0.5853355384128013,35.57267648668743,0.001398000851928316
-303.3999999999951,638864,35.631234246082656,0.49649759405803073,13.934336111655082,28.1544425842202,1.9612656130250343,90.92511344042063,24.81866577599863,1254.1600000000049,1253.9100000000049,1254.6900000000048,1251.939522600005,0.5987210104679679,35.63185936700549,0.0006251209228338439
-303.29999999999507,639936,35.69102268792912,0.5000637941601506,14.010912450801658,28.201685131069425,1.97535282253654,90.86532499857417,24.81509957589651,1254.2600000000048,1254.0100000000048,1254.790000000005,1252.039522600005,0.5822680344001538,35.69092864928747,-9.403864164880815e-05
-303.19999999999504,640952,35.74768785296271,0.5036357797878899,14.088625308004342,28.24645978368026,1.9894628860408679,90.80865983354057,24.811527590268774,1254.360000000005,1254.110000000005,1254.8900000000049,1252.139522600005,0.5786428023852003,35.74848144967757,0.0007935967148569034
-303.099999999995,642011,35.80675124840619,0.5072134904500877,14.16530326728998,28.293129426509854,2.0035955645857335,90.7495964380971,24.807949879606575,1254.460000000005,1254.210000000005,1254.9900000000048,1252.2395226000049,0.5836623544058833,35.806515413168356,-0.00023583523783088367
-302.999999999995,643045,35.864420323843916,0.5107970828705252,14.24244636489857,28.338697330840173,2.017751477261677,90.69192736265937,24.804366287186138,1254.560000000005,1254.310000000005,1255.090000000005,1252.339522600005,0.5858932664151073,35.8652702092713,0.0008498854273852885
-302.899999999995,644112,35.923929901689235,0.5143865444919435,14.318771523595357,28.385719529989544,2.0319305744649916,90.63241778481405,24.800776825564718,1254.6600000000049,1254.4100000000049,1255.190000000005,1252.4395226000051,0.5884030424254844,35.923862779231754,-6.712245748019541e-05
-302.79999999999495,645155,35.98210093232904,0.5179818554263732,14.395542283663017,28.43168406017961,2.046132777634189,90.57424675417425,24.79718151463029,1254.760000000005,1254.510000000005,1255.290000000005,1252.539522600005,0.5850566744116483,35.98210275621603,1.8238869898823395e-06
-302.69999999999493,646210,36.04094123657159,0.5215829650431885,14.471957367026972,28.478177424849317,2.0603578867680876,90.5154064499317,24.793580405013476,1254.8600000000051,1254.6100000000051,1255.3900000000049,1252.639522600005,0.5819891703989652,36.04047849517064,-0.00046274140095192706
-302.5999999999949,647242,36.09849876640886,0.5251899511254089,14.548803110175868,28.523657190099694,2.0746062091252995,90.45784892009442,24.789973418931254,1254.960000000005,1254.710000000005,1255.490000000005,1252.739522600005,0.5730655223622112,36.09834249374817,-0.00015627266068918289
-302.4999999999949,648265,36.15555434104406,0.5288026335419397,14.62576478717238,28.56874032949032,2.088877033151677,90.40079334545922,24.786360736514723,1255.060000000005,1254.810000000005,1255.5900000000051,1252.8395226000052,0.5878453144231428,36.15634310792276,0.0007887668786992208
-302.39999999999486,649350,36.216067829293515,0.5324212197469951,14.701243167993628,28.616555780359178,2.103171178333199,90.34027985720977,24.782742150309666,1255.160000000005,1254.910000000005,1255.690000000005,1252.9395226000051,0.5847778104104953,36.21496080345168,-0.001107025841832865
-302.29999999999484,650362,36.272509903126185,0.5360456257026317,14.778288768388537,28.661154154810124,2.1174883127030433,90.2838377833771,24.779117744354032,1255.2600000000052,1255.0100000000052,1255.790000000005,1253.039522600005,0.5683248343426812,36.27234083066838,-0.00016907245780828362
-302.1999999999948,651388,36.32973279616208,0.5396756879131305,14.854931384745624,28.70636950282067,2.1318277904201515,90.22661489034121,24.77548768214353,1255.3600000000051,1255.1100000000051,1255.890000000005,1253.1395226000052,0.5811525783955773,36.330155244459355,0.00042244829727877686
-302.0999999999948,652446,36.38874041880533,0.5433116567515253,14.930762936513938,28.752995076110306,2.1461906005084934,90.16760726769796,24.77185171330514,1255.460000000005,1255.210000000005,1255.9900000000052,1253.2395226000053,0.5881241784242603,36.388893791288666,0.0001533724833393535
-301.99999999999477,653497,36.447357631846955,0.5469534666713898,15.006669953858962,28.799312162620126,2.1605764840464685,90.10899005465633,24.768209903385273,1255.5600000000052,1255.3100000000052,1256.0900000000051,1253.3395226000052,0.5867298584185308,36.44679146823218,-0.0005661636147777926
-301.89999999999475,654550,36.50608639048906,0.5506010150451733,15.082444312316687,28.845717388209902,2.1749850356345575,90.05026129601423,24.76456235501149,1255.6600000000053,1255.4100000000053,1256.190000000005,1253.4395226000051,0.5719500663576703,36.50454621064762,-0.0015401798414416135
-301.7999999999947,655548,36.561747645118515,0.554254375913521,15.159405980625257,28.889698789101256,2.1894165477482375,89.99460004138477,24.760908994143144,1255.7600000000052,1255.5100000000052,1256.2900000000052,1253.5395226000053,0.5644207383265747,36.562279887775944,0.000532242657428128
-301.6999999999947,656574,36.6189705381544,0.5579134710227301,15.23564051156008,28.934914137111797,2.2038707112696043,89.93737714834889,24.757249899033933,1255.8600000000051,1255.6100000000051,1256.3900000000053,1253.6395226000054,0.5895184984300254,36.6204995020407,0.0015289638863009714
-301.5999999999947,657662,36.67965134480455,0.5615784758139308,15.310354794129609,28.982861796600567,2.2183482192264985,89.87669634169873,24.75358489424273,1255.9600000000053,1255.7100000000053,1256.4900000000052,1253.7395226000053,0.5741809783668232,36.67830615208591,-0.0013451927186380885
-301.49999999999466,658633,36.73380673382779,0.565249132253149,15.387709102651122,29.025653319912692,2.232848052332691,89.8225409526755,24.749914237803512,1256.0600000000054,1255.8100000000054,1256.5900000000051,1253.8395226000052,0.5711134743541757,36.73497624458736,0.0011695107595670606
-301.39999999999463,659710,36.79387403967541,0.56892547106285,15.462505265125623,29.073116214461773,2.2473703319481144,89.76247364682789,24.74623789899381,1256.1600000000053,1255.9100000000053,1256.6900000000053,1253.9395226000054,0.5914705464380964,36.79358990222584,-0.0002841374495687887
-301.2999999999946,660754,36.85210084311544,0.5726078502335958,15.537997485442357,29.119124814191807,2.261916472207677,89.70424684338785,24.742555519823068,1256.2600000000052,1256.0100000000052,1256.7900000000054,1254.0395226000055,0.5758541623737058,36.85220324475225,0.0001024016368162961
-301.1999999999946,661775,36.909044872150176,0.5762959117118021,15.613948117813468,29.164119814502495,2.2764850587275203,89.64730281435311,24.73886745834486,1256.3600000000054,1256.1100000000054,1256.8900000000053,1254.1395226000054,0.5613532343139271,36.90869844782767,-0.00034642432250819866
-301.09999999999457,662767,36.96437148997825,0.5799895899231631,15.69050322093017,29.207836798154016,2.291075832475913,89.59197619652504,24.7351737801335,1256.4600000000055,1256.2100000000055,1256.9900000000052,1254.2395226000053,0.5649784663288807,36.96509324316208,0.0007217531838321634
-300.99999999999454,663801,37.02204056541598,0.5836889303604362,15.765984841626675,29.253404702484335,2.3056889731584214,89.53430712108731,24.73147443969623,1256.5600000000054,1256.3100000000054,1257.0900000000054,1254.3395226000055,0.5694402903472577,37.02167475450732,-0.0003658109086543959
-300.8999999999945,664809,37.078259548047726,0.5873939248740662,15.842003697959285,29.297826798775397,2.3203244485826575,89.47808813845556,24.727769445182595,1256.6600000000053,1256.4100000000053,1257.1900000000055,1254.4395226000056,0.5699980183495638,37.078967837629285,0.0007082895815599954
-300.7999999999945,665845,37.136040169085916,0.5911047239279638,15.917279312403153,29.343482842185658,2.3349828531114105,89.42030751741737,24.7240586461287,1256.7600000000054,1256.5100000000054,1257.2900000000054,1254.5395226000055,0.5686036983438342,37.13610851878295,6.834969703106708e-05
-300.6999999999945,666848,37.19198028771652,0.5948211465778245,15.993263654591617,29.387684590776864,2.3496634719781904,89.36436739878677,24.720342223478838,1256.8600000000056,1256.6100000000056,1257.3900000000053,1254.6395226000054,0.5633052823219982,37.192536746957856,0.0005564592413378477
-300.59999999999445,667865,37.24870122555034,0.598543231277357,16.068834928042882,29.43250331292767,2.364366457082901,89.30764646095295,24.716620138779305,1256.9600000000055,1256.7100000000055,1257.4900000000055,1254.7395226000056,0.5677671063403752,37.249076752248186,0.0003755266978444638
-300.49999999999443,668884,37.30553370898462,0.6022709619282758,16.144279468738056,29.477410174158415,2.3790917448340676,89.25081397751867,24.712892408128386,1257.0600000000054,1256.8100000000054,1257.5900000000056,1254.8395226000057,0.5839412184070363,37.30666639877204,0.0011326897874184283
-300.3999999999944,669959,37.365489469231775,0.606004564557113,16.21829589723751,29.524784929627558,2.39384022808207,89.19085821727151,24.70915880549955,1257.1600000000055,1256.9100000000055,1257.6900000000055,1254.9395226000056,0.5755752983725883,37.36462276539331,-0.0008667038384686521
-300.2999999999944,670948,37.42064876865916,0.6097438864813561,16.29431628112321,29.56836970465917,2.4086113037001957,89.13569891784412,24.705419483575305,1257.2600000000057,1257.0100000000057,1257.7900000000054,1255.0395226000055,0.5619109623162332,37.421247188488586,0.0005984198294228804
-300.19999999999436,671974,37.47787166169505,0.6134888139948125,16.369361086794054,29.613585052669713,2.4234045225260554,89.07847602480824,24.70167455606185,1257.3600000000056,1257.1100000000056,1257.8900000000056,1255.1395226000056,0.5652573303300337,37.47737225818981,-0.0004994035052376944
-300.09999999999434,672975,37.533700234725195,0.6172393609329958,16.444937671291523,29.65769866218098,2.438219939212718,89.02264745177808,24.697924009123668,1257.4600000000055,1257.2100000000055,1257.9900000000057,1255.2395226000058,0.7665971391599802,37.5341588990409,0.00045866431570118493
-299.9999999999943,674723,37.63119108952708,0.6209956457746224,16.50215227833828,29.734732218050798,2.453058021775004,88.92515659697621,24.69416772428204,1257.5600000000056,1257.3100000000056,1258.0900000000056,1255.3395226000057,0.742614835061106,37.60945665230392,-0.021734437223159375
-299.8999999999943,675638,37.68222320173745,0.6247612522634584,16.579734399393182,29.775055847124534,2.467932926723435,88.87412448476584,24.690402117793205,1257.6600000000058,1257.4100000000058,1258.1900000000055,1255.4395226000056,0.5072536180909194,37.681726885180595,-0.0004963165568554473
-299.79999999999427,676542,37.732641813145285,0.6285319911516603,16.657513520102704,29.814894711258578,2.4828281056842867,88.823705873358,24.686631378905002,1257.7600000000057,1257.5100000000057,1258.2900000000056,1255.5395226000057,0.5044649780794249,37.73232702593413,-0.00031478721115263397
-299.69999999999425,677447,37.78311619735336,0.6323077176686469,16.7351923638564,29.854777644932597,2.497742986784571,88.77323148914994,24.682855652388017,1257.8600000000056,1257.6100000000056,1258.3900000000058,1255.6395226000059,0.5022340660702364,37.7829134938434,-0.0002027035099558816
-299.5999999999942,678343,37.833088626359356,0.6360885738504306,16.813022593329855,29.894263952746872,2.512678131095177,88.72325906014393,24.679074796206233,1257.9600000000057,1257.7100000000057,1258.4900000000057,1255.7395226000058,0.49554133004267087,37.83334559665881,0.00025697029945348504
-299.4999999999942,679224,37.882224463361915,0.6398743867879804,16.891151347430505,29.93308921746159,2.5276328555905665,88.67412322314138,24.675288983268683,1258.0600000000059,1257.8100000000059,1258.5900000000056,1255.8395226000057,0.49721451404955336,37.882848059178315,0.0006235958163998134
-299.3999999999942,680126,37.93253152916929,0.643665143462268,16.96868406916906,29.972839942515687,2.5426071088429527,88.623816157334,24.671498226594395,1258.1600000000058,1257.9100000000058,1258.6900000000057,1255.9395226000058,0.49944542605874187,37.93195472980064,-0.000576799368651848
-299.29999999999416,681015,37.982113548573686,0.6474607777339422,17.046465223846287,30.012017763550173,2.557600629588562,88.57423413792961,24.66770259232272,1258.2600000000057,1258.0100000000057,1258.7900000000059,1256.039522600006,0.4958201940438239,37.98149750733831,-0.0006160412353750644
-299.19999999999413,681904,38.031695567978076,0.6512614429637374,17.12417585483847,30.05119558458465,2.5726140236332187,88.52465211852521,24.663901927092926,1258.3600000000058,1258.1100000000058,1258.8900000000058,1256.1395226000059,0.4908006420231409,38.031503743124965,-0.0001918248531111999
-299.0999999999941,682775,38.08027367697834,0.655067078482569,17.202268135971767,30.089580153899654,2.587647051321805,88.47607400952495,24.660096291574092,1258.460000000006,1258.210000000006,1258.9900000000057,1256.2395226000058,0.49749337805070637,38.081244307833664,0.0009706308553276699
-298.9999999999941,683688,38.13119424358824,0.6588776918253059,17.279230427882446,30.129815643893437,2.6026997424185736,88.42515344291505,24.656285678231356,1258.5600000000059,1258.3100000000059,1259.0900000000058,1256.339522600006,0.5100422581024139,38.13151514079536,0.00032089720711780956
-298.89999999999407,684604,38.18228212859884,0.6626933815107298,17.35604433697186,30.170183342507148,2.6177724860925773,88.37406555790444,24.65246998854593,1258.6600000000058,1258.4100000000058,1259.190000000006,1256.439522600006,0.5027917940725779,38.18195778182299,-0.0003243467758551333
-298.79999999999404,685491,38.23175260240278,0.6665140833816722,17.43352156290589,30.209273024461687,2.6328650289100635,88.32459508410051,24.648649286674992,1258.760000000006,1258.510000000006,1259.2900000000059,1256.539522600006,0.49944542605874187,38.23205263488473,0.00030003248195242804
-298.699999999994,686395,38.282171213810614,0.6703397920377084,17.510495637611008,30.24911188859573,2.647977349538266,88.27417647269267,24.644823578018954,1258.860000000006,1258.610000000006,1259.3900000000058,1256.6395226000059,0.49637792204605885,38.281903406831184,-0.0002678069794299631
-298.599999999994,687271,38.33102818681201,0.6741704640630402,17.588113232375854,30.287716805610582,2.6631092764760265,88.22531949969127,24.640992905993624,1258.960000000006,1258.710000000006,1259.490000000006,1256.739522600006,0.4947047380392119,38.331179161147965,0.00015097433595201437
-298.499999999994,688169,38.38111216141848,0.6780060278699398,17.66509592057851,30.327291252504804,2.6782605269373865,88.17523552508482,24.637157342186722,1259.0600000000059,1258.8100000000059,1259.590000000006,1256.8395226000061,0.4905217780219879,38.38006842392852,-0.0010437374899581187
-298.39999999999395,689030,38.42913254241643,0.6818464777478276,17.74295781970188,30.36523512642009,2.6934310783644033,88.12721514408685,24.633316892308834,1259.160000000006,1258.910000000006,1259.690000000006,1256.939522600006,0.49163723402656434,38.42919576105352,6.321863708791398e-05
-298.29999999999393,689932,38.479439608223814,0.6856918670221522,17.819694725377612,30.404985851474198,2.7086211414033525,88.07690807827947,24.62947150303451,1259.2600000000061,1259.0100000000061,1259.7900000000059,1257.039522600006,0.5047438420806134,38.47941105535006,-2.8552873750697927e-05
-298.1999999999939,690840,38.53008131083258,0.6895423599588993,17.89620827415792,30.445000993768133,2.7238313649380013,88.0262663756707,24.625621010097763,1259.360000000006,1259.110000000006,1259.890000000006,1257.139522600006,0.5125520341127909,38.530814770541944,0.0007334597093660022
-298.0999999999939,691770,38.581950015046395,0.6933980299762623,17.972083570318432,30.485985665941435,2.7390620389850175,87.9743976714569,24.6217653400804,1259.460000000006,1259.210000000006,1259.9900000000061,1257.2395226000062,0.5036283860759659,38.58159450241178,-0.00035551263461286453
-297.99999999999386,692646,38.630806988047794,0.6972586788593835,18.04929105092504,30.524590582956282,2.754312380555745,87.92554069845549,24.61790469119728,1259.560000000006,1259.310000000006,1260.090000000006,1257.3395226000061,0.49442587403802335,38.63100293731381,0.00019594926601484985
-297.89999999999384,693543,38.68083518985402,0.7011242305637269,18.12588138602632,30.564120960310532,2.769582089258931,87.87551249664926,24.614039139492935,1259.6600000000062,1259.4100000000062,1260.190000000006,1257.439522600006,0.4947047380392119,38.68029236707714,-0.0005428227768788929
-297.7999999999938,694420,38.72974793565566,0.7049947373328007,18.202926042897463,30.602769946865358,2.7848713714669686,87.82659975084763,24.610168632723862,1259.7600000000061,1259.5100000000061,1260.290000000006,1257.5395226000062,0.4941470100369414,38.72983508346551,8.714780985030757e-05
-297.6999999999938,695315,38.77966459186143,0.7088701975804217,18.27943085740845,30.642212185139666,2.8001802209141147,87.77668309464185,24.606293172476242,1259.860000000006,1259.610000000006,1260.3900000000062,1257.6395226000063,0.4960990580449769,38.77922246979124,-0.0004421220701900097
-297.59999999999377,696199,38.82896774726468,0.7127505818267608,18.35615580784969,30.681169658474293,2.815508521149099,87.7273799392386,24.602412788229902,1259.9600000000062,1259.7100000000062,1260.4900000000061,1257.7395226000062,0.4863388180046928,38.82862817181232,-0.0003395754523580763
-297.49999999999375,697059,38.876932355462394,0.716635923214786,18.433448314861582,30.7190694628496,2.830856403093329,87.6794153310409,24.598527446841878,1260.0600000000063,1259.8100000000063,1260.590000000006,1257.8395226000061,0.48550222600123377,38.87733122013029,0.000398864667893406
-297.3999999999937,697940,38.926068192464946,0.7205260480707886,18.510116267284946,30.757894727564306,2.8462231807006337,87.63027949403835,24.594637321985875,1260.1600000000062,1259.9100000000062,1260.6900000000062,1257.9395226000063,0.49163723402656434,38.92579027656747,-0.0002779158974774987
-297.2999999999937,698822,38.97525980226773,0.7244210812701012,18.586690247744073,30.796764061818987,2.861609347253759,87.58108788423556,24.59074228878656,1260.2600000000061,1260.0100000000061,1260.7900000000063,1258.0395226000064,0.502512930071425,38.975626589426845,0.00036678715911619975
-297.1999999999937,699742,39.026570778479254,0.7283211733886756,18.662187296002443,30.83730803859258,2.8770154975580766,87.52977690802403,24.586842196667988,1260.3600000000063,1260.1100000000063,1260.8900000000062,1258.1395226000063,0.49554133004267087,39.02572715630833,-0.0008436221709260394
-297.09999999999366,700599,39.074368068276286,0.7322262267013647,18.739297982296605,30.875075634347976,2.8924412455795494,87.481979618227,24.5829371433553,1260.4600000000064,1260.2100000000064,1260.9900000000061,1258.2395226000062,0.4818769939863513,39.074815159663885,0.00044709138759913003
-296.99999999999363,701470,39.122946177276546,0.7361361364206103,18.815968845622727,30.91346020366298,2.9078861773861924,87.43340150922674,24.57902723363605,1260.5600000000063,1260.3100000000063,1261.0900000000063,1258.3395226000064,0.4949836020403649,39.12356249456215,0.0006163172856048504
-296.8999999999936,702374,39.17336478868438,0.7400509392002789,18.891686818132357,30.953299067797023,2.9233504377681703,87.3829828978189,24.575112430856382,1260.6600000000062,1260.4100000000062,1261.1900000000064,1258.4395226000065,0.5064170260874604,39.17345020198373,8.541329934530495e-05
-296.7999999999936,703286,39.22422958249406,0.7439708264610088,18.96712400421616,30.993490488250842,2.938834782875602,87.33211810400923,24.571192543595654,1260.7600000000064,1260.5100000000064,1261.2900000000063,1258.5395226000064,0.5022340660702364,39.223958872525664,-0.0002707099683973979
-296.69999999999357,704175,39.27381160189845,0.7478957309747858,19.043115513102716,31.03266830928532,2.9543389471442776,87.28253608460483,24.567267639081876,1260.8600000000065,1260.6100000000065,1261.3900000000062,1258.6395226000063,0.4860599540035753,39.273049773215284,-0.0007618286831672094
-296.59999999999354,705029,39.3214415732948,0.7518254364156536,19.119986611229855,31.070303696420805,2.969862076043046,87.2349061132085,24.56333793364101,1260.9600000000064,1260.7100000000064,1261.4900000000064,1258.7395226000065,0.48884859401506986,39.321868240655405,0.00042666736060681387
-296.4999999999935,705928,39.37158132070149,0.7557601046229186,19.195574047861314,31.109922212854997,2.9854048088698035,87.1847663658018,24.559403265433744,1261.0600000000063,1260.8100000000063,1261.5900000000065,1258.8395226000066,0.5094845301001435,39.37201849018393,0.000437169482445654
-296.3999999999935,706856,39.42333847931485,0.7596998401136922,19.270307118010855,31.150818745948364,3.0009675584882145,87.13300920718844,24.55546352994297,1261.1600000000064,1260.9100000000064,1261.6900000000064,1258.9395226000065,0.507811346093261,39.422992077243876,-0.0003464020709742499
-296.2999999999935,707749,39.47314358992016,0.7636447030383693,19.345930766795405,31.190172845142726,3.016550562504468,87.08320409658313,24.551518667018293,1261.2600000000066,1261.0100000000066,1261.7900000000063,1259.0395226000064,0.49135837002541133,39.47313718444389,-6.405476270288091e-06
-296.19999999999345,708618,39.521610153319955,0.7675944675505828,19.42214562040312,31.228469275377776,3.0321529287798734,87.03473753318333,24.54756890250608,1261.3600000000065,1261.1100000000065,1261.8900000000065,1259.1395226000066,0.4860599540035398,39.522000136361264,0.0003899830413089944
-296.09999999999343,709492,39.57035558072089,0.7715491030656433,19.49815946161349,31.266986053312685,3.04777453649874,86.9859921057824,24.54361426699102,1261.4600000000064,1261.2100000000064,1261.9900000000066,1259.2395226000067,0.48912745801618734,39.570962480871785,0.0006069001508919314
-295.9999999999934,710372,39.619435644923215,0.7755086600467589,19.573945146443084,31.30576724848742,3.063415585000916,86.93691204158007,24.539654710009906,1261.5600000000065,1261.3100000000065,1262.0900000000065,1259.3395226000066,0.49526246604151786,39.6201105823105,0.000674937387287855
-295.8999999999934,711268,39.66940807392922,0.7794731251821072,19.64922500808319,31.3452535563017,3.079076021702018,86.88693961257407,24.535690244874555,1261.6600000000067,1261.4100000000067,1262.1900000000064,1259.4395226000065,0.4905217780219879,39.66912174483647,-0.0002863290927521689
-295.79999999999336,712131,39.717540000527634,0.7834424843957281,19.725352687636754,31.383285569296927,3.0947557909991654,86.83880768597565,24.531720885660935,1261.7600000000066,1261.5100000000066,1262.2900000000066,1259.5395226000066,0.49024291402083486,39.717924172077296,0.0003841715496619713
-295.69999999999334,713026,39.76745665673341,0.7874167100165245,19.800529785281086,31.42272780757124,3.1104547835859453,86.78889102976987,24.527746660040137,1261.8600000000065,1261.6100000000065,1262.3900000000067,1259.6395226000068,0.4969356500484004,39.767314662179324,-0.00014199455408459016
-295.5999999999933,713913,39.81692713053734,0.7913959473281656,19.87586698324617,31.461817489525775,3.1261735733621467,86.73942055596595,24.523767422728497,1261.9600000000066,1261.7100000000066,1262.4900000000066,1259.7395226000067,0.49749337805070637,39.817008221478474,8.109094113706306e-05
-295.4999999999933,714810,39.86695533234357,0.795380111660822,19.950861685580985,31.501347866880028,3.1419118258648697,86.68939235415971,24.51978325839584,1262.0600000000068,1261.8100000000068,1262.5900000000065,1259.8395226000066,0.4860599540035753,39.86577632040681,-0.0011790119367631746
-295.39999999999327,715656,39.914139121338074,0.7993691025922488,20.027216424790847,31.538630697695737,3.1576691444059977,86.64220856516522,24.515794267464415,1262.1600000000067,1261.9100000000067,1262.6900000000066,1259.9395226000067,0.48494449799896333,39.91448180613988,0.0003426848018079909
-295.29999999999325,716549,39.96394423194339,0.8033630080220517,20.102195202742767,31.577984796890103,3.173445876206698,86.5924034545599,24.51180036203461,1262.2600000000066,1262.0100000000066,1262.7900000000068,1260.0395226000069,0.49163723402656434,39.963647668511165,-0.00029656343222228543
-295.1999999999932,717419,40.01246656814341,0.8073618321259529,20.177757118546335,31.616325296665128,3.1892420377619146,86.54388111835988,24.50780153793071,1262.3600000000067,1262.1100000000067,1262.8900000000067,1260.1395226000068,0.4924738260300234,40.01265750923096,0.00019094108755268735
-295.0999999999932,718315,40.062438997149414,0.8113655395238998,20.25252480463387,31.65581160447941,3.205057489313306,86.49390868935387,24.50379783053276,1262.4600000000069,1262.2100000000069,1262.9900000000066,1260.2395226000067,0.6662060987461422,40.06234769988451,-9.12972649018684e-05
-294.9999999999932,719808,40.14570778789267,0.8153743016659316,20.31037305342605,31.721607427656547,3.2208929081230995,86.41063989861061,24.499789068390733,1262.5600000000068,1262.3100000000068,1263.0900000000067,1260.3395226000068,0.6006730584760034,40.12604530741609,-0.01966248047657615
-294.89999999999316,720469,40.18257360884464,0.8193907485853849,20.391694085145097,31.75073739357757,3.2367586833533077,86.37377407765865,24.49577262147128,1262.6600000000067,1262.4100000000067,1263.1900000000069,1260.439522600007,0.38148595357254883,40.1835444849615,0.0009708761168596425
-294.79999999999313,721176,40.222004978607195,0.8234110105629258,20.47165503064484,31.78189455833728,3.2526395288322516,86.3343427078961,24.491752359493738,1262.7600000000068,1262.5100000000068,1263.2900000000068,1260.5395226000069,0.38762096159780834,40.22203848133751,3.3502730317991336e-05
-294.6999999999931,721859,40.26009780116422,0.8274351562816541,20.552239102055207,31.811994054137667,3.2685357158720247,86.29624988533907,24.487728213775007,1262.860000000007,1262.610000000007,1263.3900000000067,1260.6395226000068,0.38929414560469083,40.26078825452424,0.0006904533600220475
-294.5999999999931,722572,40.29986380772815,0.8314631682138325,20.631910127060674,31.843415636137205,3.28444717523453,86.25648387877513,24.48370020184283,1262.9600000000069,1262.7100000000069,1263.4900000000068,1260.739522600007,0.4012852976541279,40.300646542797764,0.0007827350696132385
-294.49999999999307,723298,40.340354860695065,0.8354952855902156,20.71115359484024,31.87541012215636,3.300374851929488,86.21599282580823,24.479668084466446,1263.0600000000068,1262.8100000000068,1263.590000000007,1260.839522600007,0.40937235368745845,40.340668903457335,0.00031404276226965067
-294.39999999999304,724040,40.38173827846566,0.8395313019945257,20.789875269986133,31.908109720815062,3.3163179305709796,86.17460940803763,24.475632068062136,1263.160000000007,1262.910000000007,1263.6900000000069,1260.939522600007,0.40379507366446943,40.38072759723255,-0.0010106812331116544
-294.299999999993,724746,40.42111387542798,0.8435714311096639,20.869574097077802,31.939222816034793,3.332277255249551,86.13523381107531,24.471591938947,1263.260000000007,1263.010000000007,1263.7900000000068,1261.0395226000069,0.4035162096633164,40.42148695642984,0.00037308100186095317
-294.199999999993,725487,40.46244152039834,0.8476155993858135,20.948206967651835,31.97187834515352,3.3482525354285966,86.09390616610494,24.467547770670848,1263.360000000007,1263.110000000007,1263.890000000007,1261.139522600007,0.39403483362422087,40.46146710824065,-0.0009744121576957809
-294.099999999993,726159,40.49992084215284,0.8516637245313139,21.028775040095667,32.00149307601423,3.364243446039462,86.05642684435045,24.46349964552535,1263.4600000000069,1263.2100000000069,1263.990000000007,1261.2395226000071,0.3906884656104559,40.50089061116455,0.0009697690117107527
-293.99999999999295,726888,40.54057921352045,0.8557157775080483,21.10763570991762,32.0336197706533,3.3802498723757317,86.01576847298284,24.459447592548614,1263.560000000007,1263.310000000007,1264.090000000007,1261.339522600007,0.4010064336530104,40.54008968172115,-0.0004895317993032222
-293.89999999999293,727597,40.58012212888346,0.85977174246766,21.187017124714504,32.06486507449295,3.3962717518332,85.97622555761983,24.455391627589,1263.6600000000071,1263.4100000000071,1264.1900000000069,1261.439522600007,0.39013073760814987,40.579496949240344,-0.0006251796431158141
-293.7999999999929,728287,40.6186053610421,0.8638316768978982,21.26689651748634,32.09527305707314,3.412309311500069,85.93774232546119,24.451331693158764,1263.760000000007,1263.510000000007,1264.290000000007,1261.539522600007,0.3982177936414804,40.61953085208174,0.0009254910396379046
-293.6999999999929,729025,40.659765687611774,0.8678956486380781,21.345318497556143,32.12779637757196,3.4283628193553133,85.89658199889152,24.447267721418584,1263.860000000007,1263.610000000007,1264.3900000000071,1261.6395226000072,0.4004487056506334,40.659410599010776,-0.0003550886009975329
-293.59999999999286,729723,40.698695102172245,0.8719635590177022,21.424852979405774,32.158556916471916,3.4444318856305705,85.85765258433105,24.443199811038962,1263.960000000007,1263.710000000007,1264.490000000007,1261.7395226000071,0.3993332496460569,40.699380845525596,0.0006857433533511426
-293.49999999999284,730457,40.739632337541,0.876035524807185,21.503275178061205,32.19090395881084,3.4605169715925252,85.81671534896228,24.439127845249477,1264.0600000000072,1263.8100000000072,1264.590000000007,1261.839522600007,0.39459256162659795,40.739533151213266,-9.918632773775471e-05
-293.3999999999928,731138,40.77761361449758,0.8801114656479467,21.58320185110201,32.2209153155313,3.4766177598085823,85.7787340720057,24.435051904408716,1264.1600000000071,1263.9100000000071,1264.690000000007,1261.9395226000072,0.3943136976254094,40.77908976158124,0.0014761470836575086
-293.2999999999928,731871,40.8184950770661,0.8841913427595032,21.661537033399515,32.25321828833026,3.4927340970880096,85.73785260943718,24.43097202729716,1264.260000000007,1264.010000000007,1264.7900000000072,1262.0395226000073,0.39264051361845587,40.81828519847572,-0.00020987859038257284
-293.19999999999277,732546,40.85614171722129,0.8882751226876437,21.741532248338235,32.28296522781088,3.5088658512799302,85.700205969282,24.426888247369018,1264.3600000000072,1264.1100000000072,1264.8900000000071,1262.1395226000072,0.38957300960584385,40.85699823684403,0.0008565196227365846
-293.09999999999275,733268,40.89640967898729,0.8923627424068739,21.820075390759126,32.31478343567015,3.5250127734209302,85.65993800751599,24.42280062764979,1264.4600000000073,1264.2100000000073,1264.990000000007,1262.2395226000071,0.40379507366450496,40.89625630651519,-0.00015337247209856741
-292.9999999999927,733994,40.93690073195421,0.8964543739489486,21.898442674464633,32.346777921689316,3.541175543071133,85.61944695454908,24.418708996107714,1264.5600000000072,1264.3100000000072,1265.0900000000072,1262.3395226000073,0.39487142562771543,40.9361556771254,-0.0007450548288119307
-292.8999999999927,734684,40.97538396411285,0.9005499735423008,21.97782879425907,32.37718590426951,3.5573539873240216,85.58096372239044,24.414613396514362,1264.6600000000071,1264.4100000000071,1265.1900000000073,1262.4395226000074,0.39877552164378643,40.97623741633618,0.0008534522233318853
-292.7999999999927,735424,41.016655836282986,0.9046496214322177,22.05566502162208,32.40979736384827,3.573548423164661,85.5396918502203,24.410513748624446,1264.7600000000073,1264.5100000000073,1265.2900000000072,1262.5395226000073,0.40909348968630543,41.01666457014948,8.733866494026188e-06
-292.69999999999266,736151,41.05720266205013,0.9087533064563326,22.133833956893238,32.441835919407396,3.5897588064994523,85.49914502445316,24.40641006360033,1264.8600000000074,1264.6100000000074,1265.3900000000071,1262.6395226000072,0.39236164961730285,41.05642494928905,-0.0007777127610779644
-292.59999999999263,736831,41.095128166206464,0.9128609064220774,22.213360735366813,32.47180320658787,3.605984654643112,85.46121952029682,24.402302463634584,1264.9600000000073,1264.7100000000073,1265.4900000000073,1262.7395226000074,0.3870632335955024,41.09563825331268,0.00051008710621403
-292.4999999999926,737539,41.13461530876925,0.9169724341069969,22.291990024068923,32.50300444088755,3.6222260180695187,85.42173237773403,24.398190935949664,1265.0600000000072,1264.8100000000072,1265.5900000000074,1262.8395226000075,0.4049105296690814,41.13525700016143,0.0006416913921825085
-292.3999999999926,738283,41.1761102721403,0.9210879578221115,22.36947472052304,32.53579217862618,3.638483166620978,85.380237414363,24.39407541223455,1265.1600000000074,1264.9100000000074,1265.6900000000073,1262.9395226000074,0.4035162096633164,41.17530239491971,-0.0008078772205877272
-292.29999999999256,738986,41.21531855070193,0.9252074945859827,22.448146153421536,32.56677306522601,3.6547561675242384,85.34102913580136,24.38995587547068,1265.2600000000075,1265.0100000000075,1265.7900000000072,1263.0395226000073,0.3934771056219504,41.215233332679595,-8.521802233474318e-05
-292.19999999999254,739694,41.25480569326471,0.9293310044886494,22.526612084864883,32.59797429952568,3.671044863126906,85.30154199323857,24.385832365568014,1265.3600000000074,1265.1100000000074,1265.8900000000074,1263.1395226000075,0.4021218896575514,41.255377866303036,0.0005721730383285717
-292.0999999999925,740428,41.29574292863346,0.9334585701592453,22.604232396846115,32.630321341864615,3.6873495798307223,85.26060475786983,24.381704799897417,1265.4600000000073,1265.2100000000073,1265.9900000000075,1263.2395226000076,0.40602598567365794,41.2958949902557,0.00015206162223790898
-291.9999999999925,741150,41.33601089039946,0.9375901834867023,22.682164129786976,32.66213954972388,3.703670285595331,85.22033679610382,24.37757318656996,1265.5600000000074,1265.3100000000074,1266.0900000000074,1263.3395226000075,0.3984966576426334,41.335831591905766,-0.00017929849369124895
-291.8999999999925,741857,41.375442260162,0.9417257364776283,22.760499587079,32.69329671448358,3.720006553825058,85.18090542634128,24.373437633579034,1265.6600000000076,1265.4100000000076,1266.1900000000073,1263.4395226000074,0.3898518736070324,41.374917588695695,-0.000524671466308746
-291.79999999999245,742548,41.41398126512088,0.9458651670044433,22.839271620597778,32.723748766603755,3.736358139103434,85.1423664213824,24.36929820305222,1265.7600000000075,1265.5100000000075,1266.2900000000075,1263.5395226000076,0.3926405136184914,41.413981412850625,1.4772974310517384e-07
-291.69999999999243,743265,41.45397036288572,0.9500085327602003,22.91719042696946,32.75534662676317,3.752725269329652,85.10237732361756,24.365154837296462,1265.8600000000074,1265.6100000000074,1266.3900000000076,1263.6395226000077,0.39542915362995035,41.45375514394767,-0.00021521893805243053
-291.5999999999924,743966,41.49306709584689,0.9541559180332349,22.995550457361535,32.78623937428305,3.7691082774596336,85.0632805906564,24.36100745202343,1265.9600000000075,1265.7100000000075,1266.4900000000075,1263.7395226000076,0.40016984164955144,41.49355881394365,0.0004917180967609625
-291.4999999999924,744700,41.53400433121565,0.9583072445229909,23.072835377993098,32.818586416621976,3.7855068541903942,85.02234335528763,24.35685612553367,1266.0600000000077,1265.8100000000077,1266.5900000000074,1263.8395226000075,0.3926405136184914,41.53267124981618,-0.001333081399465641
-291.39999999999236,745374,41.571595198570606,0.9624624522831999,23.151924954669365,32.848289286562625,3.801920762722084,84.98475248793268,24.35270091777346,1266.1600000000076,1265.9100000000076,1266.6900000000076,1263.9395226000076,0.40323734566219893,41.57229390926169,0.0006987106910827379
-291.29999999999234,746146,41.614651800348106,0.9666217033048451,23.227917608018032,32.88231097142047,3.8183506429517524,84.94169588615517,24.348541666751817,1266.2600000000075,1266.0100000000075,1266.7900000000077,1264.0395226000078,0.4202480497322835,41.61421403981953,-0.0004377605285768027
-291.1999999999923,746881,41.65564480851708,0.9707852950911657,23.305011831017797,32.91470208329936,3.8347976700771844,84.9007028779862,24.344378074965498,1266.3600000000076,1266.1100000000076,1266.8900000000076,1264.1395226000077,0.40463166566789294,41.65571693940554,7.213088846214077e-05
-291.0999999999923,747597,41.6955781334817,0.9749528466927282,23.382643683979463,32.946255873918815,3.8512603392713003,84.86076955302158,24.340210523363936,1266.4600000000078,1266.2100000000078,1266.9900000000075,1264.2395226000076,0.3867843695943849,41.695095648292025,-0.0004824851896785276
-290.99999999999227,748268,41.733001682435976,0.979124314220826,23.461631676326476,32.975826535239555,3.86773847716486,84.8233460040673,24.336039055835837,1266.5600000000077,1266.3100000000077,1267.0900000000076,1264.3395226000077,0.38873641760238486,41.73366590841017,0.0006642259741909129
-290.89999999999225,748991,41.7733254170022,0.9832995798744121,23.538934716320153,33.00768881263879,3.8842316184199728,84.78302226950109,24.33186379018225,1266.6600000000076,1266.4100000000076,1267.1900000000078,1264.4395226000079,0.4051893936701989,41.773361872864875,3.6455862677087225e-05
-290.7999999999922,749721,41.814039561170034,0.9874789865954009,23.615967195678653,33.03985957681783,3.900741117726354,84.74230812533325,24.32768438346126,1266.7600000000077,1266.5100000000077,1267.2900000000077,1264.5395226000078,0.3984966576426334,41.813783516629016,-0.00025604454101824103
-290.6999999999922,750420,41.85302474853074,0.9916623365777397,23.693922781830775,33.07066418525777,3.917266193710209,84.70332293797254,24.323501033478923,1266.8600000000079,1266.6100000000079,1267.3900000000076,1264.6395226000077,0.3745143535437593,41.85244427078104,-0.000580477749700492
-290.5999999999922,751064,41.8889424318788,0.995849475449559,23.773564516913805,33.09904496899928,3.9338062365715243,84.66740525462448,24.319313894607102,1266.9600000000078,1266.7100000000078,1267.4900000000077,1264.7395226000078,0.3918039216150679,41.891182044353876,0.002239612475072761
-290.49999999999216,751825,41.931385532853774,1.0000405729866124,23.849452153281888,33.13258188891744,3.9503619169587605,84.6249621536495,24.31512279707005,1267.0600000000077,1266.8100000000077,1267.5900000000079,1264.839522600008,0.40714144167826993,41.93119513838566,-0.0001903944681131975
-290.39999999999213,752524,41.970370720214476,1.004235714477238,23.927253851812207,33.16338649735737,3.9669335717780525,84.58597696628881,24.310927655579423,1267.1600000000078,1266.9100000000078,1267.6900000000078,1264.9395226000079,0.40267961765985744,41.97102621241084,0.0006554921963655147
-290.2999999999921,753269,42.011921456385764,1.0084347782290966,24.003538597395327,33.196218304635984,3.9835207203201204,84.54442623011752,24.306728591827564,1267.260000000008,1267.010000000008,1267.7900000000077,1265.0395226000078,0.3990543856449394,42.01048343562957,-0.0014380207561970337
-290.1999999999921,753955,42.05018159734348,1.012637811164366,24.08165131986824,33.226450009056286,4.000123547937029,84.5061660891598,24.302525558892295,1267.3600000000079,1267.1100000000079,1267.8900000000078,1265.139522600008,0.4029584816610104,42.05131270880666,0.0011311114631809005
-290.09999999999206,754714,42.092513152717984,1.0168450407708598,24.157384879386807,33.2598987898945,4.016742953251515,84.4638345337853,24.298318329285802,1267.4600000000078,1267.2100000000078,1267.990000000008,1265.239522600008,1.034864308265795,42.092294322568,-0.00021883014998280714
-289.99999999999204,757666,42.25715445899669,1.0210562700288814,24.162920648612086,33.38999207188976,4.033378157996047,84.2991932275066,24.29410710002778,1267.560000000008,1267.310000000008,1268.0900000000079,1265.339522600008,1.017017012192216,42.19420397252868,-0.06295048646800439
-289.899999999992,758361,42.295916555156474,1.0252838815653675,24.2407297221786,33.4206204021698,4.050078076043926,84.26043113134682,24.289879488491295,1267.660000000008,1267.410000000008,1268.1900000000078,1265.4395226000079,0.3923616496173739,42.295753553554555,-0.00016300160191917712
-289.799999999992,759073,42.33562678892018,1.0295154207395942,24.317944455449343,33.451997914629374,4.06679350905287,84.2207208975831,24.285647949317067,1267.760000000008,1267.510000000008,1268.290000000008,1265.539522600008,0.3998909776483984,42.335560107106325,-6.668181385549588e-05
-289.699999999992,759795,42.37589475068617,1.0337509935867906,24.394788586028657,33.48381612248865,4.083524875883417,84.18045293581712,24.281412376469873,1267.8600000000079,1267.6100000000079,1268.390000000008,1265.6395226000081,0.3993332496460569,42.375660585779,-0.00023416490716954286
-289.59999999999195,760505,42.41549343884941,1.037990552856752,24.471966932395286,33.51510549586826,4.100271989887729,84.14085424765388,24.27717281719991,1267.960000000008,1267.710000000008,1268.490000000008,1265.739522600008,0.3998909776483984,42.415980020170444,0.0004865813210344072
-289.4999999999919,761229,42.45587294621587,1.0422341895908267,24.54864585898762,33.54701184280748,4.117035210697492,84.10047474028741,24.272929180465837,1268.0600000000081,1267.8100000000081,1268.5900000000079,1265.839522600008,0.39319824162079736,42.45559882015812,-0.00027412605774657095
-289.3999999999919,761915,42.49413308717359,1.0464816726207855,24.626497744382863,33.57724354722779,4.133813625151585,84.0622145993297,24.268681697435877,1268.160000000008,1267.910000000008,1268.690000000008,1265.939522600008,0.3890152816035379,42.49456584217057,0.0004327549969858069
-289.2999999999919,762624,42.533676002536595,1.0507331027592628,24.70355731060254,33.608488851067435,4.150607631480242,84.02267168396669,24.2644302672974,1268.260000000008,1268.010000000008,1268.7900000000081,1266.0395226000082,0.4012852976541279,42.534466269457305,0.0007902669207098256
-289.19999999999186,763354,42.57439014670443,1.054988565874679,24.77988674034695,33.64065961524648,4.16741756888104,83.98195753979886,24.260174804181982,1268.360000000008,1268.110000000008,1268.890000000008,1266.1395226000081,0.39013073760814987,42.57367192124035,-0.0007182254640838437
-289.09999999999184,764023,42.61170215005824,1.0592478371435128,24.85814421149719,33.670142137487275,4.1842425492557345,83.94464553644505,24.25591553291315,1268.4600000000082,1268.2100000000082,1268.990000000008,1266.239522600008,0.3962657456334449,42.61295491858331,0.0012527685250702802
-288.9999999999918,764775,42.65364329583114,1.0635111568583975,24.933653368886837,33.70328243154568,4.20108352180868,83.90270439067214,24.251652213198266,1268.5600000000081,1268.3100000000081,1269.090000000008,1266.3395226000082,0.40769916968054043,42.65313135163918,-0.0005119441919561041
-288.8999999999918,765485,42.69324198399437,1.0677784634138425,25.010479733868674,33.734571804925295,4.217940243185768,83.86310570250892,24.24738490664282,1268.660000000008,1268.410000000008,1269.1900000000082,1266.4395226000083,0.38985187360699686,42.692632306359954,-0.0006096776344151067
-288.79999999999177,766173,42.731613670552555,1.0720496833196713,25.087975651582944,33.764891648425554,4.234812423085981,83.82473401595072,24.24311368673699,1268.7600000000082,1268.5100000000082,1269.2900000000081,1266.5395226000082,0.38427459358400784,42.7312946445664,-0.00031902598615829447
-288.69999999999175,766863,42.77009690271119,1.0763247223427577,25.165356178431516,33.79529963100574,4.251699689269469,83.7862507837921,24.238838647713905,1268.8600000000083,1268.6100000000083,1269.390000000008,1266.6395226000081,0.4004487056506689,42.77037352461371,0.00027662190252186747
-288.5999999999917,767609,42.81170341168271,1.0806037580245962,25.24084939189116,33.828175507824334,4.268602743060937,83.74464427482059,24.234559612032065,1268.9600000000082,1268.7100000000082,1269.4900000000082,1266.7395226000083,0.40407393766562244,42.81094194835127,-0.0007614633314361186
-288.4999999999917,768312,42.85091169024433,1.08488691073243,25.317708957390074,33.85915639442414,4.285522059935265,83.70543599625896,24.230276459324234,1269.0600000000081,1268.8100000000081,1269.5900000000083,1266.8395226000084,0.3962657456334449,42.851327161324015,0.0004154710796839822
-288.3999999999917,769030,42.890956560809414,1.089174023456863,25.394025006475832,33.890798324123544,4.30245701967368,83.66539112569387,24.2259893465998,1269.1600000000083,1268.9100000000083,1269.6900000000082,1266.9395226000083,0.3965446096345979,42.890800449923084,-0.00015611088632994097
-288.29999999999166,769734,42.93022061217127,1.0934650708224165,25.470753591059,33.921823280263325,4.319407522037923,83.62612707433202,24.221698299234248,1269.2600000000084,1269.0100000000084,1269.7900000000081,1267.0395226000082,0.3929193776196444,42.93035116803641,0.00013055586514099105
-288.19999999999163,770439,42.96954043633336,1.0977600936904721,25.547401311330972,33.952892305943095,4.3363737284386925,83.58680725016993,24.21740327636619,1269.3600000000083,1269.1100000000083,1269.8900000000083,1267.1395226000084,0.3853900495885843,42.9692943334128,-0.00024610292056337357
-288.0999999999916,771116,43.007298622089,1.102058929689101,25.624927977296203,33.98272738450365,4.353354997474126,83.54904906441428,24.213104440367562,1269.4600000000082,1269.2100000000082,1269.9900000000084,1267.2395226000085,0.39124619361276186,43.007615367063636,0.00031674497463285434
-287.9999999999916,771842,43.04778967505593,1.1063616167638868,25.700776395610593,34.01472187052281,4.370351479036931,83.50855801144735,24.208801753292775,1269.5600000000084,1269.3100000000084,1270.0900000000083,1267.3395226000084,0.4121609936989885,43.047766119454295,-2.355560163636028e-05
-287.89999999999156,772594,43.08973082082882,1.1106684829129938,25.775711793867046,34.047862164581225,4.387364468785997,83.46661686567447,24.204494887143667,1269.6600000000085,1269.4100000000085,1270.1900000000082,1267.4395226000083,0.41383417770583547,43.089293704360195,-0.0004371164686247653
-287.79999999999154,773326,43.13055651059712,1.1149794755047608,25.85126568517176,34.08012106784021,4.404393758815648,83.42579117590617,24.200183894551902,1269.7600000000084,1269.5100000000084,1270.2900000000084,1267.5395226000085,0.38817868960007884,43.12886934716332,-0.001687163433800265
-287.6999999999915,773986,43.16736655874885,1.1192942567824284,25.92917627391328,34.109206964221265,4.421438014918579,83.38898112775443,24.195869113274235,1269.8600000000083,1269.6100000000083,1270.3900000000085,1267.6395226000086,0.38483232158631386,43.16708563954236,-0.00028091920649586655
-287.5999999999915,774706,43.2075229749144,1.1236128926326712,26.005029107663105,34.140937033000604,4.438497497360437,83.34882471158889,24.19155047742399,1269.9600000000084,1269.7100000000084,1270.4900000000084,1267.7395226000085,0.3990543856449394,43.20648879390814,-0.0010341810062541867
-287.4999999999915,775417,43.24717743587786,1.127935554541212,26.08113688375595,34.17227047592018,4.45557288354441,83.30917025062543,24.18722781551545,1270.0600000000086,1269.8100000000086,1270.5900000000083,1267.8395226000084,0.39710233763686836,43.24686165874863,-0.0003157771292308098
-287.39999999999145,776130,43.28694344244179,1.132262264964423,26.157131340769777,34.20369205791972,4.472664262177695,83.26940424406149,24.18290110509224,1270.1600000000085,1269.9100000000085,1270.6900000000085,1267.9395226000086,0.3820436815748193,43.285825264809255,-0.0011181776325344117
-287.2999999999914,776787,43.32358617219284,1.1365927195941758,26.23496390803621,34.232645745680855,4.489770431181823,83.23276151431045,24.178570650462486,1270.2600000000084,1270.0100000000084,1270.7900000000086,1268.0395226000087,0.36475411350354625,43.32272396947057,-0.0008622027222671136
-287.1999999999914,777438,43.359894265142515,1.140926809758319,26.312951843969838,34.26133501620217,4.506890961279881,83.19645342136077,24.174236560298343,1270.3600000000085,1270.1100000000085,1270.8900000000085,1268.1395226000086,0.38427459358400784,43.36050168397301,0.0006074188304978634
-287.0999999999914,778165,43.40044109090966,1.1452648199309725,26.388322126312474,34.2933735717613,4.5240269762020064,83.15590659559362,24.16989855012569,1270.4600000000087,1270.2100000000087,1270.9900000000084,1268.2395226000085,0.4051893936701989,43.400437585531016,-3.5053786433536516e-06
-286.99999999999136,778891,43.44093214387657,1.1496068972754272,26.463679312127184,34.32536805778045,4.541179057272874,83.11541554262672,24.165556472781237,1270.5600000000086,1270.3100000000086,1271.0900000000086,1268.3395226000086,0.4049105296690459,43.441234429655324,0.00030228577875135443
-286.89999999999134,779617,43.48142319684349,1.1539530668169053,26.5389902624134,34.35736254379961,4.5583473033471575,83.0749244896598,24.161210303239756,1270.6600000000085,1270.4100000000085,1271.1900000000087,1268.4395226000088,0.3867843695943849,43.48067215475829,-0.0007510420851986055
-286.7999999999913,780278,43.51828901779547,1.1583030317063807,26.61646534937824,34.38649250972065,4.575530541811345,83.03805866870782,24.15686033835028,1270.7600000000086,1270.5100000000086,1271.2900000000086,1268.5395226000087,0.3898518736070324,43.5190066716658,0.0007176538703319579
-286.6999999999913,781015,43.55939357156491,1.1626568681512406,26.691300608698327,34.41897176067949,4.592729073699982,82.99695411493838,24.15250650190542,1270.8600000000088,1270.6100000000088,1271.3900000000085,1268.6395226000086,0.3996121136472099,43.558367168052754,-0.0010264035121565485
-286.59999999999127,781711,43.59821144052493,1.1670147051399933,26.767490375883693,34.4496441604995,4.609943408543688,82.95813624597835,24.14814866491667,1270.9600000000087,1270.7100000000087,1271.4900000000086,1268.7395226000087,0.3837168655817018,43.5975761938872,-0.0006352466377279598
-286.49999999999125,782391,43.63613694468127,1.17137638339002,26.844181575353613,34.47961144767998,4.627172917143999,82.92021074182202,24.143786986666644,1271.0600000000086,1270.8100000000086,1271.5900000000088,1268.8395226000089,0.38232254557597234,43.63612780347498,-9.141206291474191e-06
-286.3999999999912,783082,43.67467594964014,1.1757419307006902,26.92045001218556,34.51006349980015,4.64441770931403,82.88167173686315,24.13942143935597,1271.1600000000087,1270.9100000000087,1271.6900000000087,1268.9395226000088,0.3937559696231034,43.67517146302278,0.000495513382638535
-286.2999999999912,783803,43.71488813860591,1.1801114176826266,26.9956407972696,34.54183763811945,4.661678063979981,82.84145954789739,24.135051952374035,1271.2600000000089,1271.0100000000089,1271.7900000000086,1269.0395226000087,0.39152505761387935,43.71444071248249,-0.0004474261234150845
-286.1999999999912,784486,43.75298096116293,1.184484818843189,27.072094125302904,34.57193713391984,4.678953880440779,82.80336672534035,24.130678551213474,1271.3600000000088,1271.1100000000088,1271.8900000000087,1269.1395226000088,0.3853900495885843,43.75307614310401,9.51819410772714e-05
-286.09999999999116,785185,43.79196614852364,1.1888620329112494,27.14794829899021,34.602741742359775,4.696244758655051,82.76438153797965,24.126301337145414,1271.4600000000087,1271.2100000000087,1271.9900000000089,1269.239522600009,0.39208278561618537,43.79175951333223,-0.0002066351914109532
-285.99999999999113,785892,43.83139751828619,1.1932431707458573,27.223479932348578,34.63389890711947,4.7135511365383955,82.7249501682171,24.121920199310807,1271.5600000000088,1271.3100000000088,1272.0900000000088,1269.3395226000089,0.3867843695943849,43.83110688072319,-0.000290637562997631
-285.8999999999911,786572,43.869323022442536,1.197628254287396,27.299902797103044,34.66386619429996,4.730873100759749,82.68702466406074,24.117535115769268,1271.660000000009,1271.410000000009,1272.1900000000087,1269.4395226000088,0.38399572958285483,43.86983885104908,0.0005158286065451989
-285.7999999999911,787269,43.90819666420278,1.202017138516069,27.375689047508587,34.69458266365995,4.7482100784616765,82.64815102230051,24.113146231540593,1271.7600000000089,1271.5100000000089,1272.2900000000088,1269.539522600009,0.39124619361272633,43.90837491694949,0.00017825274671423585
-285.69999999999106,787975,43.9475722611651,1.206409929270788,27.451116573664507,34.72569575887968,4.765562487729218,82.6087754253382,24.108753440785875,1271.8600000000088,1271.6100000000088,1272.390000000009,1269.639522600009,0.39989097764843395,43.94772591246034,0.00015365129524269605
-285.59999999999104,788703,43.98817485973248,1.2108066836985631,27.52573134847102,34.75777838397879,4.7829305543045875,82.5681728267708,24.1043566863581,1271.960000000009,1271.710000000009,1272.4900000000089,1269.739522600009,0.39347710562191485,43.98777328164806,-0.0004015780844213168
-285.499999999991,789386,44.0262676822895,1.2152074839271194,27.60187378808771,34.787877879779174,4.800314602608861,82.53008000421379,24.099955886129543,1272.060000000009,1271.810000000009,1272.5900000000088,1269.8395226000089,0.38399572958285483,44.02686955721969,0.0006018749301901494
-285.399999999991,790080,44.06497400564907,1.2196120576100091,27.677584864878316,34.818462140519266,4.817713556818651,82.49137368085422,24.095551312446652,1272.160000000009,1271.910000000009,1272.690000000009,1269.939522600009,0.39654460963463345,44.06570927778397,0.0007352721348965474
-285.299999999991,790808,44.105576604216445,1.2240206257826782,27.752060397407053,34.850544765618366,4.83512829006854,82.45077108228685,24.091142744273984,1272.2600000000089,1272.0100000000089,1272.790000000009,1270.0395226000091,0.39236164961730285,44.10490421843313,-0.0006723857833179636
-285.19999999999095,791487,44.14344633557255,1.2284330384536977,27.828208724695276,34.88046798325887,4.852558209862139,82.41290135093074,24.086730331602965,1272.360000000009,1272.110000000009,1272.890000000009,1270.139522600009,0.37367776154030025,44.143312754163354,-0.00013358140919450534
-285.0999999999909,792148,44.18031215652452,1.232849288333513,27.904947433728047,34.90959794917989,4.870003287404238,82.37603552997876,24.08231408172315,1272.4600000000091,1272.2100000000091,1272.9900000000089,1270.239522600009,0.6402717466392681,44.181408334739174,0.0010961782146523547
-284.9999999999909,793783,44.27150068490043,1.2372693201206475,27.947309239115988,34.981651647032955,4.887463304242852,82.28484700160286,24.077894049936017,1272.560000000009,1272.310000000009,1273.090000000009,1270.339522600009,0.637483106627738,44.24473061657085,-0.02677006832958284
-284.8999999999909,794434,44.3078087778501,1.241698234456829,28.024365652619817,35.01034091755426,4.904958408941328,82.24853890865319,24.073465135599832,1272.660000000009,1272.410000000009,1273.1900000000091,1270.4395226000092,0.3605711534862867,44.307927657697675,0.00011887984757663617
-284.79999999999086,795076,44.343614915597705,1.246130905652189,28.101698700569113,35.038633562215836,4.922468353991111,82.21273277090557,24.069032464404472,1272.760000000009,1272.510000000009,1273.290000000009,1270.5395226000091,0.3499743214426502,44.343736829344074,0.00012191374636927321
-284.69999999999084,795689,44.377803642138645,1.2505669818226999,28.18001070776816,35.06564819021824,4.939991749379339,82.17854404436464,24.064596388233962,1272.8600000000092,1272.6100000000092,1273.390000000009,1270.639522600009,0.34523363342308466,44.377920583675774,0.00011694153712937805
-284.5999999999908,796314,44.41266164228234,1.2550064897689261,28.257853579622395,35.0931916527003,4.957528700973645,82.14368604422094,24.060156880287735,1272.9600000000091,1272.7100000000091,1273.490000000009,1270.7395226000092,0.34495476942193165,44.41245734370582,-0.00020429857652004557
-284.4999999999908,796926,44.44679459602305,1.2594494732914432,28.336114780347614,35.12016221116273,4.975079381795133,82.10955309048023,24.05571389676522,1273.060000000009,1272.810000000009,1273.5900000000092,1270.8395226000093,0.35610932946787416,44.44770132236171,0.0009067263386626223
-284.39999999999077,797591,44.48388350817593,1.2638960300334006,28.412448067873896,35.149468455243635,4.992644177553935,82.07246417832735,24.051267340023262,1273.1600000000092,1272.9100000000092,1273.6900000000091,1270.9395226000092,0.3577825134747567,44.483311460651414,-0.0005720475245141188
-284.29999999999075,798209,44.518351098718014,1.2683461355835755,28.490411353535055,35.17670343094589,5.010222991820797,82.03799658778527,24.04681723447309,1273.2600000000093,1273.0100000000093,1273.790000000009,1271.0395226000091,0.34607022542657917,44.51866644647918,0.0003153477611661515
-284.1999999999907,798832,44.55309755326126,1.2727997633226984,28.56815425237544,35.204158754348015,5.027815719444237,82.00325013324203,24.042363606733964,1273.3600000000092,1273.1100000000092,1273.8900000000092,1271.1395226000093,0.35332068945645073,44.55393939319957,0.0008418399383103292
-284.0999999999907,799476,44.58901523660932,1.2772569234622173,28.64510276094951,35.232539538089526,5.0454224007615345,81.96733244989397,24.037906446594445,1273.4600000000091,1273.2100000000091,1273.9900000000093,1271.2395226000094,0.3566670574701802,44.58920314054931,0.00018790393998813215
-283.9999999999907,800111,44.62443096475531,1.2817176039508105,28.722329366241553,35.260523695971294,5.063042988167536,81.93191672174797,24.033445766105853,1273.5600000000093,1273.3100000000093,1274.0900000000092,1271.3395226000093,0.34830113743569663,44.6241929933411,-0.00023797141421511014
-283.89999999999065,800725,44.658675464096476,1.2861817620608877,28.800266660280123,35.28758239351367,5.080677312879648,81.89767222240681,24.028981607995775,1273.6600000000094,1273.4100000000094,1274.1900000000091,1271.4395226000092,0.3522052334518387,44.65934147498054,0.0006660108840677026
-283.79999999999063,801374,44.694872011445696,1.2906494722458086,28.87690274435269,35.31618352495504,5.098325669003652,81.86147567505759,24.024513897810856,1273.7600000000093,1273.5100000000093,1274.2900000000093,1271.5395226000094,0.3522052334518387,44.694767696794386,-0.00010431465130977813
-283.6999999999906,801988,44.72911651078686,1.2951207156002487,28.954757362308232,35.343242222497416,5.115987981859703,81.82723117571643,24.020042654456415,1273.8600000000092,1273.6100000000092,1274.3900000000094,1271.6395226000095,0.3443970414196256,44.72962667849294,0.000510167706082143
-283.5999999999906,802609,44.76375141972964,1.299595397581509,29.032316469542184,35.37060940681959,5.13366387798508,81.79259626677364,24.015567972475154,1273.9600000000094,1273.7100000000094,1274.4900000000093,1271.7395226000094,0.3519263694506502,44.76417442846815,0.00042300873851530696
-283.49999999999056,803250,44.799501784677005,1.3040735504859442,29.109108327896248,35.398857981941184,5.151353484956891,81.75684590182628,24.011089819570717,1274.0600000000095,1273.8100000000095,1274.5900000000092,1271.8395226000093,0.35638819346902717,44.79939652756006,-0.00010525711694242545
-283.39999999999054,803887,44.83502905842346,1.3085552768870232,29.186002649443495,35.4269302789029,5.169057207961026,81.72131862807983,24.00660809316964,1274.1600000000094,1273.9100000000094,1274.6900000000094,1271.9395226000095,0.3614077454897813,44.834947334695734,-8.172372772463632e-05
-283.2999999999905,804546,44.87178333377498,1.3130405399528855,29.26205384319014,35.45597210574398,5.186774901504206,81.6845643527283,24.002122830103776,1274.2600000000093,1274.0100000000093,1274.7900000000095,1272.0395226000096,0.3588979694794042,44.871042054724086,-0.000741279050892274
-283.1999999999905,805174,44.906808652319356,1.31752948529797,29.33919209219785,35.483647776845956,5.204507140792831,81.64953903418393,23.99763388475869,1274.3600000000094,1274.1100000000094,1274.8900000000094,1272.1395226000095,0.3388197613966366,44.90629360996538,-0.000515042353974593
-283.0999999999905,805761,44.93954728605432,1.3220217986748806,29.417781853915816,35.50951659680911,5.222252684486317,81.61680040044897,23.99314157138178,1274.4600000000096,1274.2100000000096,1274.9900000000093,1272.2395226000094,0.3443970414196256,44.940172027830855,0.0006247417765337104
-282.99999999999045,806409,44.9756880606033,1.3265175197035382,29.4941017448382,35.538073658710495,5.2400116890913395,81.58065962589998,23.988645850353123,1274.5600000000095,1274.3100000000095,1275.0900000000095,1272.3395226000096,0.3541572814598742,44.975316845248024,-0.00037121535527262495
-282.8999999999904,807031,45.01037874234631,1.3310168620439322,29.57133219569413,35.56548491257265,5.257784998607943,81.54596894415698,23.98414650801273,1274.6600000000094,1274.4100000000094,1275.1900000000096,1272.4395226000097,0.35555160146563924,45.01083295028366,0.0004542079373450747
-282.7999999999904,807684,45.04679838089644,1.335519686293597,29.647383039323113,35.594262322173904,5.275572062368277,81.50954930560684,23.979643683763065,1274.7600000000095,1274.5100000000095,1275.2900000000095,1272.5395226000096,0.36308092949662824,45.04635927048525,-0.0004391104111931554
-282.6999999999904,808333,45.082994928245654,1.3400261338980313,29.723538465685884,35.62286345361527,5.293373439110584,81.47335275825763,23.97513723615863,1274.8600000000097,1274.6100000000097,1275.3900000000094,1272.6395226000095,0.3519263694506502,45.08238605120366,-0.0006088770419907519
-282.59999999999036,808946,45.11718365478659,1.3445361635038398,29.800977246087363,35.64987808161767,5.311188965480614,81.4391640317167,23.970627206552823,1274.9600000000096,1274.7100000000096,1275.4900000000096,1272.7395226000096,0.3463490894276611,45.11756824454321,0.0003845897566208123
-282.49999999999034,809575,45.1522647461312,1.349049647546942,29.87778476078618,35.677597822259614,5.329018137574525,81.40408294037209,23.96611372250972,1275.0600000000095,1274.8100000000095,1275.5900000000097,1272.8395226000098,0.3533206894564152,45.15237423092113,0.00010948478993100252
-282.3999999999903,810213,45.187847792677886,1.353566638350026,29.954217880882442,35.7057141887613,5.346861162077487,81.3684998938254,23.961596731706635,1275.1600000000096,1274.9100000000096,1275.6900000000096,1272.9395226000097,0.3527629614541447,45.187623050547884,-0.000224742130001232
-282.2999999999903,810840,45.22281733842205,1.3580871721570535,30.031016466618954,35.733345790323305,5.364718182160456,81.33353034808124,23.95707619789961,1275.2600000000098,1275.0100000000098,1275.7900000000095,1273.0395226000096,0.3471856814311557,45.223214741955594,0.00039740353354744684
-282.19999999999027,811458,45.25728492896413,1.3626112812984192,30.10810930079378,35.76058076602557,5.382589325535012,81.29906275753916,23.952552088758242,1275.3600000000097,1275.1100000000097,1275.8900000000096,1273.1395226000097,0.34356044941616665,45.258122873527725,0.0008379445635924299
-282.09999999999025,812072,45.291529428305296,1.3671387967317612,30.185308687707003,35.787639463567935,5.400473924449736,81.26481825819799,23.9480245733249,1275.4600000000096,1275.2100000000096,1275.9900000000098,1273.2395226000099,0.34356044941616665,45.291913159095365,0.0003837307900695919
-281.9999999999902,812690,45.32599701884738,1.3716696639302404,30.262316422071752,35.8148744392702,5.418371763512622,81.2303506676559,23.94349370612642,1275.5600000000097,1275.3100000000097,1276.0900000000097,1273.3395226000098,0.3474645454322732,45.3257873661061,-0.0002096527412831506
-281.8999999999902,813318,45.361022337391766,1.3762039542049844,30.33890955915601,35.842550110372166,5.436283124417002,81.19532534911153,23.938959415851677,1275.6600000000099,1275.4100000000099,1276.1900000000096,1273.4395226000097,0.3527629614541092,45.36033775692081,-0.000684580470952767
-281.7999999999902,813955,45.39654961113822,1.3807417314816266,30.415125010797215,35.870622407333876,5.454208259682016,81.15979807536507,23.934421638575035,1275.7600000000098,1275.5100000000098,1276.2900000000097,1273.5395226000098,0.36447524950239324,45.39646537736635,-8.423377187227743e-05
-281.69999999999015,814625,45.43391738729226,1.3852832472804597,30.490068366147966,35.90014899911464,5.47214816286354,81.12243029921103,23.929880122776204,1275.8600000000097,1275.6100000000097,1276.3900000000099,1273.63952260001,0.3672638895138878,45.43344435304438,-0.00047303424788225357
-281.59999999999013,815272,45.470002389041014,1.3898284203522375,30.565831258614757,35.92866199147607,5.49010251301067,81.08634529746227,23.925334949704425,1275.9600000000098,1275.7100000000098,1276.4900000000098,1273.7395226000099,0.35053204944492067,45.46931098484368,-0.0006914041973331564
-281.4999999999901,815882,45.50402379718126,1.3943771094774307,30.642940846119306,35.955544410858565,5.508070752277786,81.05232388932203,23.92078626057923,1276.06000000001,1275.81000000001,1276.5900000000097,1273.8395226000098,0.3279440653518116,45.50329378713957,-0.000730010041692708
-281.3999999999901,816448,45.53559120211139,1.3989290791096676,30.72166281756329,35.98048777048231,5.526051950209225,81.0207564843919,23.916234290946996,1276.1600000000099,1275.9100000000099,1276.6900000000098,1273.93952260001,0.34160840140813115,45.536669836952676,0.0010786348412850089
-281.29999999999006,817107,45.5723454774629,1.4034844434448233,30.796844637695788,36.00952959732339,5.544046557901718,80.98400220904038,23.911678926611838,1276.2600000000098,1276.0100000000098,1276.79000000001,1274.03952260001,0.3678216175161582,45.57251213768028,0.00016666021737421488
-281.19999999999004,817767,45.60915552561464,1.4080435815372057,30.87195027644026,36.03861549370445,5.56205607269622,80.94719216088865,23.907119788519456,1276.36000000001,1276.11000000001,1276.8900000000099,1274.13952260001,0.34718568143112016,45.60849336307442,-0.0006621625402161158
-281.09999999999,818352,45.64178261374914,1.4126061421174403,30.949845979326547,36.06439617458766,5.580079107007867,80.91456507275414,23.902557227939223,1276.46000000001,1276.21000000001,1276.9900000000098,1274.2395226000099,0.3469068174300027,45.64299290877201,0.001210295022865182
-280.99999999999,819011,45.678536889100656,1.417172180118962,31.02490308653282,36.09343800142873,5.598115877834802,80.87781079740263,23.897991189937702,1276.56000000001,1276.31000000001,1277.09000000001,1274.33952260001,0.35053204944492067,45.6775418967821,-0.0009949923185530452
-280.89999999999,819609,45.71188902363814,1.4217416504967988,31.102229220096323,36.119791586331566,5.616166207240307,80.84445866286515,23.893421719559864,1276.6600000000099,1276.4100000000099,1277.19000000001,1274.4395226000102,0.35025318544376766,45.712377289243996,0.0004882656058526891
-280.79999999998995,820267,45.748587526189425,1.4263146555768131,31.177239182746334,36.14878934363268,5.634230499432169,80.80776016031386,23.88884871447985,1276.76000000001,1276.51000000001,1277.29000000001,1274.53952260001,0.3588979694794042,45.74833754117077,-0.00024998501865525213
-280.6999999999899,820896,45.78366861753404,1.4308913180050349,31.25331283428515,36.17650908427463,5.6523092388869385,80.77267906896924,23.884272052051628,1276.8600000000101,1276.6100000000101,1277.3900000000099,1274.63952260001,0.3563881934690627,45.78432671967999,0.0006581021459481917
-280.5999999999899,821545,45.819865164883254,1.4354715209207511,31.32858457254713,36.20511021571599,5.670401963981235,80.73648252162003,23.879691849135913,1276.96000000001,1276.71000000001,1277.49000000001,1274.73952260001,0.34495476942193165,45.81899706395329,-0.0008681009299635889
-280.4999999999899,822133,45.85265957141844,1.4400551174178275,31.40614156033523,36.231023105219116,5.688508094406203,80.70368811508484,23.875108252638835,1277.06000000001,1276.81000000001,1277.5900000000101,1274.8395226000102,0.3349156653805656,45.85344985515443,0.0007902837359878845
-280.39999999998986,822746,45.88684829795938,1.444642210891784,31.482707234787974,36.25803773322152,5.706628038594999,80.6694993885439,23.87052115916488,1277.16000000001,1276.91000000001,1277.69000000001,1274.9395226000102,0.35053204944492067,45.888266020217344,0.0014177222579618842
-280.29999999998984,823390,45.92276598130744,1.4492327706218733,31.55804620330957,36.286418516963025,5.724761675194473,80.63358170519584,23.86593059943479,1277.2600000000102,1277.0100000000102,1277.79000000001,1275.03952260001,0.3664272975103932,45.92353930188871,0.0007733205812670008
-280.1999999999898,824060,45.96013375746148,1.453826918752164,31.632347425797903,36.3159451087438,5.742909486698327,80.59621392904181,23.8613364513045,1277.3600000000101,1277.1100000000101,1277.89000000001,1275.1395226000102,0.37033139352653527,45.96012906700572,-4.690455760680834e-06
-280.0999999999898,824718,45.996832260012766,1.4584247964352766,31.70707035195453,36.34494286604491,5.761072030687876,80.55951542649052,23.856738573621385,1277.46000000001,1277.21000000001,1277.9900000000102,1275.2395226000103,0.4383742098070156,45.996243606051394,-0.0005886539613726427
-279.99999999998977,825632,46.0478085994229,1.4630261674733762,31.77189560094966,36.38522242557866,5.779248374134042,80.50853908708038,23.852137202583286,1277.5600000000102,1277.3100000000102,1278.0900000000101,1275.3395226000102,0.41160326569664696,46.038542191292656,-0.009266408130244486
-279.89999999998975,826194,46.079152913152114,1.467632504873537,31.850249236127752,36.40998950704253,5.797444335711795,80.47719477335117,23.847530865183124,1277.6600000000103,1277.4100000000103,1278.19000000001,1275.4395226000102,0.32320337733228155,46.07960839297309,0.0004554798209781552
-279.7999999999897,826791,46.11244927488937,1.472242089151973,31.927215151282052,36.43629902240539,5.815653123113452,80.44389841161392,23.84292128090469,1277.7600000000102,1277.5100000000102,1278.2900000000102,1275.5395226000103,0.3271074733483881,46.11239888427437,-5.0390615001560946e-05
-279.6999999999897,827367,46.14457440782181,1.476854984650394,32.0049540732151,36.461683077428866,5.833874990501743,80.41177327868148,23.83830838540627,1277.8600000000101,1277.6100000000101,1278.3900000000103,1275.6395226000104,0.3332424813736476,46.14502166391704,0.00044725609523510457
-279.5999999999897,827986,46.179097771164116,1.4814710934847586,32.08098826066373,36.48896212267109,5.852109551214967,80.37724991533918,23.833692276571902,1277.9600000000103,1277.7100000000103,1278.4900000000102,1275.7395226000103,0.3335213453748006,46.1783223843358,-0.0007753868283160159
-279.49999999998965,828563,46.21127867689678,1.4860906491272634,32.15861347438176,36.51439024723453,5.870357727515377,80.3450690096065,23.8290727209294,1278.0600000000104,1277.8100000000104,1278.5900000000101,1275.8395226000102,0.32682860934719954,46.212142937959875,0.0008642610630928971
-279.39999999998963,829158,46.24446349303357,1.4907135220723526,32.235502576366116,36.54061162351745,5.888619007829915,80.31188419346972,23.82444984798431,1278.1600000000103,1277.9100000000103,1278.6900000000103,1275.9395226000104,0.3318481613678826,46.24484111971668,0.000377626683111032
-279.2999999999896,829753,46.277648309170374,1.4953396173512088,32.312351037399026,36.56683299980037,5.9068930170126,80.27869937733291,23.819823752705453,1278.2600000000102,1278.0100000000102,1278.7900000000104,1276.0395226000105,0.3388197613966366,46.277754673577356,0.00010636440698164051
-279.1999999999896,830373,46.312227445312914,1.4999690730070703,32.38818678670305,36.59415611458256,5.9251803003620624,80.24412024119037,23.815194297049594,1278.3600000000104,1278.1100000000104,1278.8900000000103,1276.1395226000104,0.3298961133598471,46.31139193533697,-0.0008355099759427276
-279.09999999998956,830936,46.34362753184236,1.5046018957382783,32.46620896701445,36.618967265586406,5.943480884338099,80.21272015466093,23.810561474318384,1278.4600000000105,1278.2100000000105,1278.9900000000102,1276.2395226000103,0.3321270253690711,46.3445519325907,0.0009244007483388827
-278.99999999998954,831564,46.37865285038674,1.5092379833935905,32.5416520454411,36.64664293668838,5.961794365422705,80.17769483611654,23.805925386663073,1278.5600000000104,1278.3100000000104,1279.0900000000104,1276.3395226000105,0.3385408973954836,46.37816568617919,-0.00048716420755567924
-278.8999999999895,832150,46.41133571132147,1.5138775288755162,32.61870199754291,36.672467687111556,5.980121505619688,80.14501197518182,23.801285841181148,1278.6600000000103,1278.4100000000103,1279.1900000000105,1276.4395226000106,0.33045384136215306,46.41175409653069,0.0004183852092225493
-278.7999999999895,832749,46.44474361865919,1.5185203342128986,32.6952032867468,36.69886534155436,5.99846152290306,80.1116040678441,23.796643035843765,1278.7600000000105,1278.5100000000105,1279.2900000000104,1276.5395226000105,0.3243188333368936,46.444319670004816,-0.00042394865437245244
-278.6999999999895,833313,46.476199477988864,1.5231663928095194,32.773041038583436,36.72372056209817,6.016814391216429,80.08014820851443,23.791996977247145,1278.8600000000106,1278.6100000000106,1279.3900000000103,1276.6395226000104,0.32236678532882257,46.4768790027207,0.0006795247318365227
-278.59999999998945,833905,46.50921697572497,1.5278157100134448,32.8497405323094,36.749809729761175,6.035180131685736,80.04713071077832,23.787347660043217,1278.9600000000105,1278.7100000000105,1279.4900000000105,1276.7395226000106,0.3329636173724946,46.50960104406488,0.0003840683399118916
-278.4999999999894,834507,46.54279220146338,1.5324683130183343,32.926007240497086,36.7763395928239,6.053558851731417,80.01355548503992,23.782695057038328,1279.0600000000104,1278.8100000000104,1279.5900000000106,1276.8395226000107,0.3363099853862951,46.543155890240875,0.00036368877749737294
-278.3999999999894,835111,46.57647897280224,1.5371243411914952,33.00215849482912,36.80295759496656,6.07195110188244,79.97986871370105,23.778039028865166,1279.1600000000105,1278.9100000000105,1279.6900000000105,1276.9395226000106,0.3377043053920246,46.577082442665514,0.000603469863271755
-278.2999999999894,835718,46.6103330625418,1.5417837295068695,33.078153023238485,36.82970780572913,6.090356625272762,79.94601462396149,23.773379640549795,1279.2600000000107,1279.0100000000107,1279.7900000000104,1277.0395226000105,0.32682860934719954,46.61039451847236,6.145593056317011e-05
-278.19999999998936,836283,46.6418446946717,1.5464464200951917,33.15577310928819,36.85460709581291,6.108775193307118,79.9145029918316,23.768716949961473,1279.3600000000106,1279.1100000000106,1279.8900000000106,1277.1395226000107,0.32320337733228155,46.64275777906217,0.0009130843904756603
-278.09999999998934,836877,46.67497373800827,1.551112281062684,33.23220468787507,36.88078440255586,6.127206284978489,79.88137394849502,23.76405108899398,1279.4600000000105,1279.2100000000105,1279.9900000000107,1277.2395226000108,0.32292451333112854,46.67467326473418,-0.0003004732740876648
-277.9999999999893,837441,46.70642959733794,1.5557813547481407,33.30978985464591,36.90563962309967,6.145650067533649,79.84991808916536,23.75938201530852,1279.5600000000106,1279.3100000000106,1280.0900000000106,1277.3395226000107,0.3279440653518116,46.70692811678766,0.0004985194497209022
-277.8999999999893,838053,46.740562551078646,1.5604536666860438,33.385427592591796,36.932610181562104,6.16410664183895,79.81578513542465,23.75470970337062,1279.6600000000108,1279.4100000000108,1280.1900000000105,1277.4395226000106,0.3349156653805656,46.74006392264761,-0.0004986284310390943
-277.79999999998927,838642,46.773412730414066,1.5651293675326725,33.461945070237704,36.9585671406052,6.182576603017076,79.78293495608922,23.75003400252399,1279.7600000000107,1279.5100000000107,1280.2900000000107,1277.5395226000107,0.33240588937018856,46.77368830376354,0.00027557334947658774
-277.69999999998925,839245,46.8070437289527,1.5698084043467986,33.53786693808622,36.985141073207885,6.201059741939501,79.74930395755058,23.745354965709865,1279.8600000000106,1279.6100000000106,1280.3900000000108,1277.6395226000109,0.32850179335411755,46.8067423160342,-0.0003014129184961689
-277.5999999999892,839820,46.839113089084904,1.5744907159958814,33.61487039691174,37.010481058691376,6.219555817120359,79.71723459741838,23.74067265406078,1279.9600000000107,1279.7100000000107,1280.4900000000107,1277.7395226000108,0.3321270253690711,46.83965459285859,0.0005415037736824502
-277.4999999999892,840436,46.87346913402653,1.5791763352653725,33.69019542270261,37.03762789531369,6.238064958068797,79.68287855247675,23.73598703479129,1280.0600000000109,1279.8100000000109,1280.5900000000106,1277.8395226000107,0.3357522573839536,46.873363232627554,-0.00010590139897459494
-277.3999999999892,841024,46.90626354056171,1.583865388642409,33.76660746539271,37.06354078481681,6.256587664434511,79.65008414594158,23.731297981414254,1280.1600000000108,1279.9100000000108,1280.6900000000107,1277.9395226000108,0.32403996933570506,46.90638776054313,0.00012421998142286839
-277.29999999998915,841598,46.938277127893684,1.5885576128174832,33.84354326617289,37.08883670076034,6.275122896091852,79.6180705586096,23.72660575723918,1280.2600000000107,1280.0100000000107,1280.7900000000109,1278.039522600011,0.31567404930125703,46.938031150426255,-0.0002459774674292703
-277.19999999998913,842156,46.969398350421976,1.5932529948724965,33.92108587352562,37.11342750406432,6.293670602011724,79.58694933608132,23.721910375184166,1280.3600000000108,1280.1100000000108,1280.8900000000108,1278.1395226000109,0.32348224133339903,46.97017909716079,0.0007807467388118994
-277.0999999999891,842758,47.00297357616038,1.5979516486369176,33.99682035111474,37.13995736712703,6.312231231843482,79.5533741103429,23.717211721419744,1280.460000000011,1280.210000000011,1280.9900000000107,1278.2395226000108,0.3368677133886011,47.00315896209145,0.00018538593106853796
-276.9999999999891,843364,47.03677189309971,1.6026536266649167,34.07235577958584,37.16666350834964,6.330804993186697,79.51957579340358,23.712509743391745,1280.5600000000109,1280.3100000000109,1281.0900000000108,1278.339522600011,0.3298961133598471,47.036611618806994,-0.0001602742927175882
-276.89999999998906,843941,47.06895279883236,1.607358970960681,34.14902765800549,37.19209163291307,6.349392051966375,79.48739488767092,23.70780439909598,1280.6600000000108,1280.4100000000108,1281.190000000011,1278.439522600011,0.32710747334835255,47.06923416992889,0.00028137109652703884
-276.79999999998904,844537,47.1021933877694,1.6120674734989047,34.224891826746564,37.21835707873596,6.367991586440614,79.4541542987339,23.70309589655776,1280.760000000011,1280.510000000011,1281.2900000000109,1278.539522600011,0.324597697338011,47.10160317781354,-0.0005902099558596774
-276.699999999989,845105,47.13387233829998,1.616779291596246,34.301855786257676,37.24338857743965,6.386604218041936,79.4224753482033,23.698384078460418,1280.860000000011,1280.610000000011,1281.3900000000108,1278.6395226000109,0.3259920173437761,47.13444815066461,0.0005758123646302238
-276.599999999989,845706,47.16739179123817,1.6214943631290397,34.37744385582604,37.26987437096241,6.4052297013693344,79.38895589526513,23.693669006927625,1280.960000000011,1280.710000000011,1281.490000000011,1278.739522600011,0.3240399693357406,47.166564683400985,-0.000827107837181984
-276.499999999989,846267,47.19868033216714,1.6262126045329282,34.45462019463755,37.2945973828863,6.423867706326749,79.35766735433614,23.688950765523735,1281.0600000000109,1280.8100000000109,1281.590000000011,1278.8395226000112,0.33101156936442355,47.199402804663535,0.0007224724963919016
-276.39999999998895,846893,47.23359410511107,1.6309342436899747,34.52911586741806,37.322184914908334,6.442519133094279,79.32275358139222,23.684229126366688,1281.160000000011,1280.910000000011,1281.690000000011,1278.939522600011,0.3371465773897541,47.233064082169626,-0.0005300229414402224
-276.2999999999889,847476,47.26610964764511,1.6356592173493643,34.60532778226769,37.34787745671159,6.46118373181845,79.29023803885818,23.6795041527073,1281.2600000000111,1281.0100000000111,1281.7900000000109,1279.039522600011,0.3346368013794126,47.266870408136064,0.0007607604909551924
-276.1999999999889,848093,47.300521465386964,1.6403876177716041,34.68011698289602,37.37506836287388,6.47986186694687,79.25582622111632,23.674775752285058,1281.360000000011,1281.110000000011,1281.890000000011,1279.139522600011,0.33129043336557656,47.30015869949459,-0.0003627658923761601
-276.0999999999889,848664,47.33236773431824,1.6451192490892654,34.756749510683676,37.40023207019749,6.498552764763703,79.22397995218505,23.670044120967397,1281.460000000011,1281.210000000011,1281.9900000000112,1279.2395226000112,0.32543428934147006,47.33250194872941,0.0001342144111688981
-275.99999999998886,849260,47.36560832325527,1.649854118161352,34.83232194341557,37.42649751602038,6.517256452363393,79.19073936324801,23.665309251895312,1281.560000000011,1281.310000000011,1282.090000000011,1279.3395226000112,0.3279440653518471,47.36528759628132,-0.0003207269739533558
-275.89999999998884,849840,47.397956547388624,1.6545923066085237,34.90851562248801,37.45205784920373,6.535973252164006,79.15839113911466,23.66057106344814,1281.6600000000112,1281.4100000000112,1282.190000000011,1279.439522600011,0.31762609730929253,47.39790017516443,-5.6372224193523834e-05
-275.7999999999888,850399,47.429133542717146,1.659333698196387,34.98553682626112,37.47669272204769,6.5547027050162505,79.12721414378615,23.655829671860275,1281.7600000000111,1281.5100000000111,1282.290000000011,1279.5395226000112,0.3315692973667296,47.430333907288414,0.0012003645712681532
-275.6999999999888,851029,47.464270406861985,1.6640783733899835,35.05960081395047,37.504456532229604,6.5734451287732645,79.0920772796413,23.65108499666668,1281.860000000011,1281.610000000011,1282.3900000000112,1279.6395226000113,0.3424449934115546,47.46376275164892,-0.000507655213063174
-275.59999999998877,851627,47.49762254139947,1.668826450746719,35.134947002708415,37.53081011713243,6.592200991760709,79.05872514510381,23.646336919309945,1281.9600000000112,1281.7100000000112,1282.4900000000112,1279.7395226000112,0.3173472333081395,47.496863189091414,-0.0007593523080586806
-275.49999999998875,852167,47.52773985352363,1.673577746027804,35.2126516258847,37.55460766871693,6.6109695661982135,79.02860783297966,23.64158562402886,1282.0600000000113,1281.8100000000113,1282.590000000011,1279.8395226000112,0.3170683693069865,47.528956857799464,0.0012170042758370414
-275.3999999999887,852764,47.561036215260884,1.6783322421182811,35.28796627815597,37.580917184079794,6.6297507844782455,78.9953114712424,23.636831127938382,1282.1600000000112,1281.9100000000112,1282.6900000000112,1279.9395226000113,0.3282229293529646,47.561202262001515,0.00016604674063103175
-275.2999999999887,853344,47.593384439394235,1.6830899864802065,35.36394829460943,37.606477517263144,6.648544834085497,78.96296324710906,23.632073383576458,1282.2600000000111,1282.0100000000111,1282.7900000000113,1280.0395226000114,0.32710747334835255,47.59363712927834,0.00025268988410687143
-275.1999999999887,853937,47.62645770993057,1.687850969544139,35.43935557466845,37.63261075446612,6.667351677218749,78.92988997657272,23.627312400512523,1282.3600000000113,1282.1100000000113,1282.8900000000112,1280.1395226000113,0.32041473732078707,47.62618308755745,-0.0002746223731193709
-275.09999999998865,854493,47.65746738685841,1.6926152230977203,35.516264625603256,37.657113418690166,6.68617143944559,78.89888029964487,23.62254814695894,1282.4600000000114,1282.2100000000114,1282.9900000000112,1280.2395226000112,0.32376110533455205,47.65785132676168,0.0003839399032727897
-274.99999999998863,855098,47.691209930997495,1.6973825398094935,35.59109828132623,37.68377549037279,6.705003301764962,78.8651377555058,23.61778083024717,1282.5600000000113,1282.3100000000113,1283.0900000000113,1280.3395226000114,0.32599201734374056,47.68991126966678,-0.0012986613307148787
-274.8999999999886,855662,47.72266579032717,1.7021532053516557,35.66760525973514,37.7086307109166,6.723848392639647,78.83368189617612,23.613010164705006,1282.6600000000112,1282.4100000000112,1283.1900000000114,1280.4395226000115,0.30898131327365597,47.72204585614924,-0.0006199341779264955
-274.7999999999886,856206,47.75300619365224,1.7069269489807255,35.74491084516529,37.73260454066098,6.7427056425783,78.80334149285105,23.608236421075937,1282.7600000000114,1282.5100000000114,1283.2900000000113,1280.5395226000114,0.2964324332219129,47.75247143295752,-0.0005347606947196937
-274.69999999998856,856725,47.781952276971566,1.7117036996382495,35.82322651272669,37.755476631906085,6.761574770885701,78.77439540953172,23.603459670418413,1282.8600000000115,1282.6100000000115,1283.3900000000112,1280.6395226000113,0.2844412811725114,47.781776542511174,-0.0001757344603916522
-274.59999999998854,857226,47.809894449886755,1.7164833042892298,35.9022609030942,37.777555471431704,6.780455173042748,78.74645323661653,23.598680065767432,1282.9600000000114,1282.7100000000114,1283.4900000000114,1280.7395226000115,0.2886242411897354,47.81065053104207,0.0007560811553162239
-274.4999999999885,857760,47.839677125209526,1.72126582974446,35.97987973956087,37.80108860577638,6.799347112965549,78.71667056129377,23.593897540312202,1283.0600000000113,1282.8100000000113,1283.5900000000115,1280.8395226000116,0.3014519852425959,47.84007881210918,0.00040168689965014437
-274.3999999999885,858307,47.87018484693529,1.7260513200516538,36.05691779905792,37.82519464414067,6.818250764651457,78.686162839568,23.58911205000501,1283.1600000000115,1282.9100000000115,1283.6900000000114,1280.9395226000115,0.2958747052196069,47.86945205381747,-0.0007327931178195968
-274.2999999999885,858821,47.89885206625346,1.7308397201552257,36.135306912181036,37.84784638768591,6.837165910619804,78.65749562024982,23.584323649901435,1283.2600000000116,1283.0100000000116,1283.7900000000113,1281.0395226000114,0.2919706092035004,47.898891243967704,3.917771424255534e-05
-274.19999999998845,859354,47.928578968776,1.7356310983004495,36.21286371605467,37.87133545249061,6.856092820453185,78.62776871772729,23.579532271756214,1283.3600000000115,1283.1100000000115,1283.8900000000115,1281.1395226000116,0.30507721725754944,47.92887276046987,0.0002937916938705598
-274.0999999999884,859915,47.959867509704985,1.7404254947073219,36.28920564376321,37.89605846441451,6.875031653028697,78.59648017679831,23.574737875349342,1283.4600000000114,1283.2100000000114,1283.9900000000116,1281.2395226000117,0.29503811321618345,47.95878536119336,-0.0010821485116281337
-273.9999999999884,860412,47.98758659141925,1.7452228553726905,36.36821476837422,37.917961025780244,6.893982195022999,78.56876109508403,23.56994051468397,1283.5600000000115,1283.3100000000115,1284.0900000000115,1281.3395226000116,0.2880665131874294,47.98823392948566,0.0006473380664075989
-273.8999999999884,860948,48.017480812342484,1.7500231414932212,36.44554257922237,37.94158229920485,6.912944293155096,78.5388668741608,23.565140228563443,1283.6600000000117,1283.4100000000117,1284.1900000000114,1281.4395226000115,0.30005766523686644,48.018066485172305,0.0005856728298212488
-273.79999999998836,861488,48.04759812446664,1.754826468669727,36.522667878712134,37.965379850789354,6.931918404071509,78.50874956203666,23.560336901386936,1283.7600000000116,1283.5100000000116,1284.2900000000116,1281.5395226000117,0.2972690252253719,48.04799608832967,0.00039796386302981546
-273.69999999998834,862014,48.07693461738757,1.7596327407108892,36.60035222117714,37.98856042881425,6.950904147797133,78.47941306911571,23.555530629345775,1283.8600000000115,1283.6100000000115,1284.3900000000117,1281.6395226000118,0.3000576652368309,48.0773443800483,0.00040976266073045053
-273.5999999999883,862564,48.10760965751402,1.764441937545739,36.67698208468663,38.012798675798464,6.969901445047595,78.44873802898927,23.550721432510922,1283.9600000000116,1283.7100000000116,1284.4900000000116,1281.7395226000117,0.29894220923225445,48.10739502143904,-0.00021463607497906878
-273.4999999999883,863086,48.136723059234036,1.7692542197151793,36.754770729574716,38.03580297566348,6.988910929991834,78.41962462726926,23.545909150341483,1284.0600000000118,1283.8100000000118,1284.5900000000115,1281.8395226000116,0.29308606520814795,48.137188039882375,0.00046498064833855324
-273.39999999998827,863615,48.16622687055566,1.7740693751537175,36.832226446166125,38.059115762308295,7.007931764928392,78.39012081594763,23.541093994902944,1284.1600000000117,1283.9100000000117,1284.6900000000117,1281.9395226000117,0.2925283372058064,48.16607586290316,-0.00015100765249798087
-273.29999999998824,864135,48.19522872667521,1.7788874348877621,36.910032007031006,38.08203192309337,7.026964072417837,78.36111895982808,23.536275935168902,1284.2600000000116,1284.0100000000116,1284.7900000000118,1282.0395226000119,0.2919706092035004,48.1953415160835,0.00011278940829129169
-273.1999999999882,864662,48.224620992396375,1.7837084434569366,36.98750569212717,38.105256570658234,7.046008028400664,78.33172669410692,23.531454926599725,1284.3600000000117,1284.1100000000117,1284.8900000000117,1282.1395226000118,0.29587470521964243,48.22499281027644,0.00037181788006535044
-273.0999999999882,865196,48.25440366771915,1.7885324334498196,37.064646902813095,38.12878970500291,7.065063761608331,78.30194401878413,23.526630936606843,1284.4600000000119,1284.2100000000119,1284.9900000000116,1282.2395226000117,0.2933649292093009,48.25409157983057,-0.0003120878885809475
-272.9999999999882,865714,48.28329397823825,1.7933592617729048,37.142438181230744,38.15161772670805,7.0841307067926325,78.27305370826504,23.521804108283757,1284.5600000000118,1284.3100000000118,1285.0900000000117,1282.3395226000118,0.2922494732046889,48.2829646874249,-0.00032929081334742705
-272.89999999998815,866244,48.312853562360104,1.7981890263873068,37.21968159190356,38.17497458289283,7.103209250919726,78.24349412414318,23.516974343669357,1284.6600000000117,1284.4100000000117,1285.1900000000119,1282.439522600012,0.2933649292092654,48.31243807758635,-0.0004154847737538603
-272.79999999998813,866766,48.341966964080115,1.8030217493884242,37.29723597569244,38.19797888275784,7.122299481270891,78.21438072242317,23.51214162066824,1284.7600000000118,1284.5100000000118,1285.2900000000118,1282.5395226000119,0.2994999372345604,48.34185562484701,-0.00011133923310779892
-272.6999999999881,867318,48.37275354980703,1.8078573975122783,37.37346470572152,38.222305268822,7.141401266446702,78.18359413669626,23.507305972544383,1284.860000000012,1284.610000000012,1285.3900000000117,1282.6395226000118,0.29699016122421895,48.371817679271004,-0.0009358705360256181
-272.5999999999881,867831,48.40136499632497,1.8126961129242807,37.451342809483066,38.24491294282727,7.160515168029205,78.15498269017831,23.50246725713238,1284.9600000000119,1284.7100000000119,1285.4900000000118,1282.739522600012,0.28778764918624083,48.40141901768143,5.402135645482531e-05
-272.49999999998806,868350,48.43031107964429,1.8175376813158168,37.52892849122633,38.26778503407236,7.179640339456157,78.126036606859,23.497625688740847,1285.0600000000118,1284.8100000000118,1285.590000000012,1282.839522600012,0.2914128812012299,48.43053471476232,0.00022363511802581115
-272.39999999998804,868876,48.45964757256523,1.8223822198672353,37.60617980430696,38.29096561209727,7.198777243613562,78.09670011393806,23.492781150189426,1285.160000000012,1284.910000000012,1285.6900000000119,1282.939522600012,0.30200971324493747,48.4603017123485,0.0006541397832720008
-272.299999999988,869433,48.49071302229329,1.8272297416582888,37.68205554779596,38.31551234586128,7.217925932169083,78.06563466421,23.487933628398373,1285.260000000012,1285.010000000012,1285.7900000000118,1283.0395226000119,0.3067504012644675,48.49010232706439,-0.0006106952289002265
-272.199999999988,869976,48.52099765281814,1.8320802403326504,37.75850310089908,38.3394421060657,7.237086380013947,78.03535003368515,23.48308312972401,1285.360000000012,1285.110000000012,1285.890000000012,1283.139522600012,0.2994999372345604,48.519968533325134,-0.001029119493004771
-272.099999999988,870507,48.55061300974022,1.836933735364956,37.83543855556326,38.36284303179045,7.25625866407689,78.00573467676307,23.478229634691708,1285.4600000000119,1285.2100000000119,1285.990000000012,1283.2395226000122,0.28806651318739385,48.54986654102537,-0.0007464687148512894
-271.99999999998795,871009,48.57861095545563,1.8417902136408577,37.91360389719038,38.384965940856034,7.275442732553597,77.97773673104766,23.473373156415803,1285.560000000012,1285.310000000012,1286.090000000012,1283.339522600012,0.28081604915755787,48.57894611646575,0.0003351610101205438
-271.8999999999879,871514,48.60677621957174,1.8466495245882513,37.99160668970038,38.40722105854154,7.294637990653891,77.94957146693154,23.46851384546841,1285.6600000000121,1285.4100000000121,1286.1900000000119,1283.439522600012,0.30507721725754944,48.60794740374477,0.001171184173024642
-271.7999999999879,872103,48.639626398907154,1.851511803121609,38.065913334466096,38.43317801758463,7.3138449713171445,77.91672128759613,23.463651566935052,1285.760000000012,1285.510000000012,1286.290000000012,1283.539522600012,0.30842358527135,48.638729441267145,-0.0008969576400090773
-271.6999999999879,872620,48.668460936626026,1.856377270476507,38.143332144688145,38.455961969749794,7.333064548468492,77.88788674987725,23.458786099580156,1285.860000000012,1285.610000000012,1286.3900000000122,1283.6395226000122,0.2939226572115714,48.66899671805103,0.0005357814250004367
-271.59999999998786,873157,48.69841093034948,1.8612456024652213,38.21984263772494,38.47962731271437,7.352295441501057,77.8579367561538,23.45391776759144,1285.960000000012,1285.710000000012,1286.490000000012,1283.7395226000122,0.2925283372058064,48.69780421975095,-0.0006067105985323451
-271.49999999998784,873669,48.7269666040672,1.8661168313204595,38.29741437597915,38.502190917179675,7.37153777774053,77.82938108243609,23.449046538736205,1286.0600000000122,1285.8100000000122,1286.590000000012,1283.839522600012,0.2933649292093009,48.72700192208783,3.53180206289494e-05
-271.3999999999878,874209,48.757083916191355,1.870991002849641,38.37372649409655,38.52598846876418,7.390791738135455,77.79926377031194,23.44417236720702,1286.1600000000121,1285.9100000000121,1286.690000000012,1283.9395226000122,0.2944803852138774,48.75678674492207,-0.00029717126928829884
-271.2999999999878,874725,48.78586268110999,1.875868188669446,38.45106113898416,38.548728351389364,7.410057605586162,77.7704850053933,23.439295181387216,1286.260000000012,1286.010000000012,1286.7900000000122,1284.0395226000123,0.2939226572115359,48.78631192547032,0.0004492443603325569
-271.19999999998777,875263,48.815868447633676,1.8807482652347374,38.527395395050185,38.572437763893916,7.429334892064446,77.74047923886961,23.434415104821927,1286.3600000000122,1286.1100000000122,1286.8900000000122,1284.1395226000122,0.2972690252253364,48.815488492456595,-0.0003799551770811149
-271.09999999998774,875791,48.84531648615507,1.8856312863679396,38.60413693710862,38.59570648099876,7.448623810179737,77.71103120034822,23.429532083688724,1286.4600000000123,1286.2100000000123,1286.990000000012,1284.2395226000122,0.3061926732621615,48.84527751751333,-3.896864173924541e-05
-270.9999999999877,876361,48.87710698228612,1.8905173207382422,38.67899385745963,38.6208261187824,7.467924631189179,77.67924070421716,23.42464604931842,1286.5600000000122,1286.3100000000122,1287.0900000000122,1284.3395226000123,0.3064715372633145,48.87588420826799,-0.0012227740181316449
-270.8999999999877,876890,48.90661079360775,1.8954064632095953,38.755628992744086,38.64413890542721,7.487237729824505,77.64973689289553,23.419756906847066,1286.6600000000121,1286.4100000000121,1287.1900000000123,1284.4395226000124,0.2902974251966534,48.906097365945946,-0.0005134276618008471
-270.7999999999877,877402,48.935166467325466,1.9002985402114336,38.832984076600276,38.66670250989252,7.506562420446984,77.62118121917783,23.41486482984523,1286.7600000000123,1286.5100000000123,1287.2900000000122,1284.5395226000123,0.2889031051908529,48.93537992664075,0.00021345931528315987
-270.69999999998765,877926,48.96439141464593,1.9051935391949257,38.90977676126198,38.689794948837466,7.525898653486198,77.59195627185736,23.409969830861737,1286.8600000000124,1286.6100000000124,1287.3900000000122,1284.6395226000122,0.2955958412184539,48.964584929809924,0.00019351516399268576
-270.59999999998763,878462,48.99428563556917,1.910091457197398,38.986004845648736,38.71341622226208,7.5452464172389915,77.56206205093412,23.405071912859263,1286.9600000000123,1286.7100000000123,1287.4900000000123,1284.7395226000124,0.29726902522540744,48.994019847689515,-0.0002657878796554769
-270.4999999999876,878992,49.023845219691026,1.9149923431644658,39.062467143953974,38.73677307844687,7.564605905050414,77.53250246681226,23.400171026892195,1287.0600000000122,1286.8100000000122,1287.5900000000124,1284.8395226000125,0.2942015212127244,49.02347836017065,-0.00036685952037629477
-270.3999999999876,879517,49.05312593981173,1.9198961528694343,39.139119395268516,38.7599095869318,7.583976942216103,77.50322174669157,23.39526721718723,1287.1600000000124,1286.9100000000124,1287.6900000000123,1284.9395226000124,0.3011731212414429,49.05310642763446,-1.9512177267699826e-05
-270.29999999998756,880072,49.08407984393933,1.9248029644499949,39.21440455988625,38.78436818161586,7.603359837395695,77.47226784256395,23.390360405606668,1287.2600000000125,1287.0100000000125,1287.7900000000122,1285.0395226000123,0.2975478892264894,49.08291907797909,-0.0011607659602361764
-270.19999999998754,880584,49.11263551765704,1.9297127366850322,39.291573672344654,38.806931786081165,7.622754427757473,77.44371216884625,23.38545063337163,1287.3600000000124,1287.1100000000124,1287.8900000000124,1285.1395226000125,0.29866334523110144,49.11261903670285,-1.6480954187159114e-05
-270.0999999999875,881143,49.14381251298556,1.9346254882573377,39.36661380811959,38.83156665892512,7.64216078710223,77.41253517351772,23.380537881799324,1287.4600000000123,1287.2100000000123,1287.9900000000125,1285.2395226000126,0.35666705747025124,49.14309626754535,-0.0007162454402092067
-269.9999999999875,881863,49.183968929151106,1.9395413559385435,39.43442138092655,38.86329672770446,7.661579455705493,77.37237875735218,23.375622014118118,1287.5600000000125,1287.3100000000125,1288.0900000000124,1285.3395226000125,0.34662795342881414,49.17843183355235,-0.005537095598754149
-269.8999999999875,882386,49.21313810367134,1.9444611746240505,39.51101778000603,38.88634509710944,7.681013731572447,77.34320958283195,23.370702195432614,1287.6600000000126,1287.4100000000126,1288.1900000000123,1285.4395226000124,0.28722992118393487,49.21266926089306,-0.00046884277828240783
-269.79999999998745,882893,49.241414913387906,1.9493838897907245,39.588299670501954,38.90868835387488,7.700459449124073,77.31493277311537,23.36577948026594,1287.7600000000125,1287.5100000000125,1288.2900000000125,1285.5395226000126,0.2891819691920414,49.241688358914814,0.00027344552690777846
-269.6999999999874,883423,49.27097449750976,1.9543095122958356,39.66451916624076,38.93204521005967,7.719916651248778,77.28537318899353,23.360853857760826,1287.8600000000124,1287.6100000000124,1288.3900000000126,1285.6395226000127,0.29420152121275994,49.270968473716884,-6.023792877840606e-06
-269.5999999999874,883948,49.30025521763047,1.9592380834854701,39.74093186407722,38.9551817185446,7.73938550127194,77.25609246887282,23.355925286571193,1287.9600000000125,1287.7100000000125,1288.4900000000125,1285.7395226000126,0.2883453771885824,49.30024071915243,-1.4498478044799867e-05
-269.4999999999874,884457,49.32864357294749,1.9641695604396685,39.81803305690015,38.97761311438999,7.758865829651062,77.2277041135558,23.350993809616995,1288.0600000000127,1287.8100000000127,1288.5900000000124,1285.8395226000125,0.29169174520234736,49.32904861439298,0.0004050414454894735
-269.39999999998736,884994,49.358593566670955,1.9691038932083509,39.893841191981906,39.001278457354566,7.778357439073258,77.19775411983233,23.34605947684831,1288.1600000000126,1287.9100000000126,1288.6900000000126,1285.9395226000127,0.30730812926673795,49.35897485473689,0.000381288065938179
-269.29999999998734,885559,49.39010519880085,1.974041355410618,39.96835697079151,39.02617774743835,7.79786141038915,77.16624248770243,23.341122014646047,1288.2600000000125,1288.0100000000125,1288.7900000000127,1286.0395226000128,0.3011731212414429,49.38961438992706,-0.000490808873792048
-269.1999999999873,886074,49.41882819091926,1.9789818160863386,40.04509796227782,39.04887356052357,7.817377226279812,77.13751949558403,23.336181553970324,1288.3600000000126,1288.1100000000126,1288.8900000000126,1286.1395226000127,0.2900185611955004,49.418692080161144,-0.00013611075811326145
-269.0999999999873,886599,49.44810891103997,1.9839250938266526,40.121354234109326,39.07201006900849,7.836904170143667,77.10823877546332,23.33123827623001,1288.4600000000128,1288.2100000000128,1288.9900000000125,1286.2395226000126,0.2914128812012654,49.44746455368785,-0.0006443573521153212
-268.99999999998727,887119,49.47711076715952,1.9888713089970784,40.19780618065502,39.09492622979357,7.8564427174487825,77.07923691934377,23.326292061059583,1288.5600000000127,1288.3100000000127,1289.0900000000127,1286.3395226000127,0.28611446517935835,49.476723115369744,-0.0003876517897793974
-268.89999999998724,887625,49.50533180407585,1.9938204384497287,40.27486264187758,39.117225417019036,7.875992776756336,77.05101588242744,23.321342931606935,1288.6600000000126,1288.4100000000126,1289.1900000000128,1286.4395226000129,0.28583560117820533,49.50533636631815,4.562242295946817e-06
-268.7999999999872,888144,49.53427788739518,1.9987723762703442,40.35129735441173,39.14009750826414,7.895553929683648,77.02206979910811,23.316390993786317,1288.7600000000127,1288.5100000000127,1289.2900000000127,1286.5395226000128,0.2961535692207599,49.534673144028254,0.00039525663307671266
-268.6999999999872,888687,49.56456251792002,2.0037273730785365,40.4266127105246,39.16402726846855,7.915127166228718,76.99178516858328,23.311435996978126,1288.8600000000129,1288.6100000000129,1289.3900000000126,1286.6395226000127,0.30117312124147844,49.56469916455613,0.00013664663611479
-268.5999999999872,889224,49.59451251164349,2.0086853161032576,40.50216877586348,39.18769261143314,7.934712040923169,76.9618351748598,23.306478053953406,1288.9600000000128,1288.7100000000128,1289.4900000000127,1286.7395226000128,0.30145198524263145,49.59493916818824,0.00042665654475371184
-268.49999999998715,889768,49.62485291496856,2.0136463609121766,40.57737691157553,39.21166644117753,7.9543091682906635,76.93149477153473,23.301517009144487,1289.0600000000127,1288.8100000000127,1289.5900000000129,1286.839522600013,0.30089425724028995,49.62490677483183,5.3859863271554786e-05
-268.39999999998713,890303,49.65469136309156,2.0186102974582263,40.65296232932914,39.23524364506217,7.973917718602928,76.90165632341173,23.296553072598435,1289.1600000000128,1288.9100000000128,1289.6900000000128,1286.9395226000129,0.29503811321618345,49.654385044990555,-0.00030631810100345547
-268.2999999999871,890826,49.68386053761181,2.023577237921177,40.72906605937522,39.25829201446716,7.993538134992678,76.87248714889148,23.291586132135485,1289.260000000013,1289.010000000013,1289.7900000000127,1287.0395226000128,0.2992210732334074,49.684300643601844,0.00044010599003740936
-268.1999999999871,891376,49.71453557773825,2.028547157586949,40.80390441171727,39.28253026145136,8.013170319834314,76.84181210876503,23.286616212469713,1289.3600000000129,1289.1100000000129,1289.8900000000128,1287.139522600013,0.30451948925524347,49.71447497484184,-6.0602896411410256e-05
-268.09999999998706,891918,49.74476443546287,2.0335201329161476,40.879078552163335,39.306415952115806,8.032814575162648,76.81158325104042,23.281643237140514,1289.4600000000128,1289.2100000000128,1289.990000000013,1287.239522600013,0.3059138092610085,49.74513163790567,0.00036720244280274983
-267.99999999998704,892473,49.77571833959047,2.0384961839145324,40.95362662587953,39.33087454679987,8.052470980004463,76.78062934691282,23.27666718614213,1289.560000000013,1289.310000000013,1290.0900000000129,1287.339522600013,0.2978267532276424,49.77526694519616,-0.0004513943943109666
-267.899999999987,892986,49.80432978610841,2.043475186305189,41.03007098140214,39.35348222080514,8.072139043440885,76.75201790039488,23.271688183751472,1289.660000000013,1289.410000000013,1290.1900000000128,1287.4395226000129,0.2889031051908884,49.804557364196896,0.00022757808848439254
-267.799999999987,893509,49.83349896062866,2.048457095387374,41.106025828244036,39.37653059021013,8.091818588894965,76.72284872587463,23.26670627466929,1289.760000000013,1289.510000000013,1290.290000000013,1287.539522600013,0.2936437932104184,49.83346532955128,-3.363107737897053e-05
-267.69999999998697,894039,49.86305854475051,2.0534418793711016,41.18162702611198,39.399887446394914,8.11150949078985,76.69328914175279,23.26172149068556,1289.8600000000129,1289.6100000000129,1290.390000000013,1287.6395226000132,0.314000865294339,49.86406123918417,0.0010026944336587462
-267.59999999998695,894635,49.89629913368754,2.058429907635213,41.2541599953144,39.42615289221781,8.131213208246445,76.66004855281574,23.25673346242145,1289.960000000013,1289.710000000013,1290.490000000013,1287.739522600013,0.3078658572690795,49.89541483372252,-0.0008842999650227057
-267.4999999999869,895143,49.92463171620434,2.0634209623378483,41.33071975507656,39.44854021852323,8.150928880745477,76.63171597029896,23.251742407718815,1290.0600000000131,1289.8100000000131,1290.5900000000129,1287.839522600013,0.2919706092035004,49.92494658155012,0.00031486534577851444
-267.3999999999869,895682,49.954693255528255,2.0684148969515253,41.40581719461611,39.47229370056775,8.170655929473844,76.60165443097503,23.246748473105136,1290.160000000013,1289.910000000013,1290.690000000013,1287.939522600013,0.30284630524832545,49.95472009065907,2.6835130817914887e-05
-267.2999999999869,896229,49.98520097725402,2.0734119063559824,41.48051554898214,39.49639973893205,8.19039512424581,76.57114670924926,23.24175146370068,1290.260000000013,1290.010000000013,1290.7900000000132,1288.0395226000132,0.30340403325066695,49.984991818448634,-0.0002091588053829696
-267.19999999998686,896770,50.0153740621784,2.0784118953152175,41.55546038166915,39.52024136005652,8.210146088859965,76.54097362432489,23.236751474741446,1290.360000000013,1290.110000000013,1290.890000000013,1288.1395226000132,0.3014519852425959,50.0152837160158,-9.034616260095163e-05
-267.09999999998684,897310,50.04549137430255,2.083414963099188,41.630422759101606,39.54403891164101,8.229909215452654,76.51085631220073,23.231748406957475,1290.4600000000132,1290.2100000000132,1290.990000000013,1288.239522600013,0.2992210732334074,50.04571982810375,0.0002284538011991799
-266.9999999999868,897843,50.0752182768251,2.08842103928084,41.70568019765109,39.56752797644572,8.249684225822817,76.48112940967819,23.22674233077582,1290.5600000000131,1290.3100000000131,1291.090000000013,1288.3395226000132,0.302846305248361,50.075614447664506,0.0003961708394086827
-266.8999999999868,898396,50.106060635352236,2.093430085988723,41.77997750060015,39.59189843204984,8.269470970370582,76.45028705115105,23.22173328406794,1290.660000000013,1290.410000000013,1291.1900000000132,1288.4395226000133,0.30563494525985546,50.10574448716623,-0.0003161481860090021
-266.79999999998677,898939,50.13634526587708,2.098442188178276,41.85470993248646,39.61582819225425,8.28926978468707,76.4200024206262,23.216721181878388,1290.7600000000132,1290.5100000000132,1291.2900000000132,1288.5395226000132,0.3059138092610085,50.13627684131731,-6.84245597710742e-05
-266.69999999998674,899493,50.16724339720445,2.1034573413569886,41.928900192953456,39.640242717398344,8.309080651025956,76.38910428929884,23.211706028699673,1290.8600000000133,1290.6100000000133,1291.390000000013,1288.6395226000132,0.311769953285115,50.16760199702727,0.0003585998228174958
-266.5999999999867,900057,50.19869925653412,2.1084757085776835,42.00259647770124,39.66509793794216,8.32890421347877,76.35764842996917,23.20668766147898,1290.9600000000132,1290.7100000000132,1291.4900000000132,1288.7395226000133,0.309260177274809,50.19851206923245,-0.0001871873016696668
-266.4999999999867,900602,50.22909543265943,2.1134970437708374,42.0771472304202,39.68911583722651,8.348739500021274,76.32725225384385,23.201666326285824,1291.0600000000131,1290.8100000000131,1291.5900000000133,1288.8395226000134,0.31260654528860954,50.22916927305682,7.384039739122272e-05
-266.3999999999867,901178,50.261220565591856,2.118521542432297,42.15022075851871,39.71449989224998,8.368587282901485,76.29512712091143,23.196641827624365,1291.1600000000133,1290.9100000000133,1291.6900000000132,1288.9395226000133,0.30898131327362044,50.26058755524667,-0.0006330103451830382
-266.29999999998665,901710,50.290891695314166,2.1235491612818893,42.22532330799277,39.73794488751471,8.388447391153992,76.26545599118913,23.191614208774773,1291.2600000000134,1291.0100000000134,1291.7900000000132,1289.0395226000132,0.30256744124720797,50.291315819506444,0.0004241241922784411
-266.19999999998663,902263,50.32173405384131,2.128579805596201,42.29941288030228,39.76231534311883,8.408319450602212,76.23461363266198,23.186583564460463,1291.3600000000133,1291.1100000000133,1291.8900000000133,1289.1395226000134,0.3106544972805385,50.32187810932321,0.00014405548189699857
-266.0999999999866,902824,50.35302259477029,2.133613536903756,42.37309752136618,39.787038355042725,8.428203704296223,76.203325091733,23.181549833152907,1291.4600000000132,1291.2100000000132,1291.9900000000134,1289.2395226000135,0.302846305248361,50.35238379522972,-0.0006387995405674474
-265.9999999999866,903349,50.382303314891,2.138650282355249,42.448442044989825,39.810174863527656,8.448099864466576,76.1740443716123,23.176513087701412,1291.5600000000134,1291.3100000000134,1292.0900000000133,1289.3395226000134,0.28360468916905235,50.38195623777247,-0.00034707711852632883
-265.89999999998656,903841,50.40974353260411,2.143689928151313,42.525309155060725,39.831857077193526,8.468007481582825,76.14660415389918,23.17147344190535,1291.6600000000135,1291.4100000000135,1292.1900000000132,1289.4395226000133,0.2972690252253364,50.41087770033973,0.0011341677356213609
-265.79999999998654,904415,50.44175711993608,2.1487324578953193,42.598287224337724,39.85715299313705,8.487926490874981,76.11459056656722,23.166430912161342,1291.7600000000134,1291.5100000000134,1292.2900000000134,1289.5395226000135,0.32013587331963406,50.44129364786376,-0.0004634720723188934
-265.6999999999865,904989,50.47377070726805,2.153778186880888,42.67123610344315,39.88244890908057,8.507858137816424,76.08257697923523,23.161385183175774,1291.8600000000133,1291.6100000000133,1292.3900000000135,1289.6395226000136,0.31093336128169147,50.47290207908862,-0.0008686281794325623
-265.5999999999865,905530,50.50394379219243,2.158827038311139,42.745712041697615,39.90629053020504,8.527802119043987,76.05240389431086,23.156336331745525,1291.9600000000135,1291.7100000000135,1292.4900000000134,1289.7395226000135,0.30953904127592646,50.50409225094188,0.00014845874945024207
-265.49999999998647,906099,50.53567851552325,2.163879005331079,42.81883748066014,39.931366098448706,8.547758407479064,76.02066917098003,23.151284364725583,1292.0600000000136,1291.8100000000136,1292.5900000000133,1289.8395226000134,0.3173472333081395,50.53573505242172,5.653689846951693e-05
-265.39999999998645,906668,50.56741323885407,2.168934185321626,42.89193467494002,39.95644166669237,8.567727387795923,75.98893444764921,23.146229184735038,1292.1600000000135,1291.9100000000135,1292.6900000000135,1289.9395226000136,0.315116321298951,50.566885167918244,-0.0005280709358288505
-265.2999999999864,907229,50.598701779783056,2.1739923823646645,42.96537867367366,39.981164678616274,8.587708286078497,75.95764590672023,23.141170987692,1292.2600000000134,1292.0100000000134,1292.7900000000136,1290.0395226000137,0.30368289725181996,50.59774749615358,-0.000954283629475583
-265.1999999999864,907757,50.62814981830445,2.179053734820859,43.040358824904736,40.004433395721115,8.607701648879312,75.92819786819884,23.136109635235805,1292.3600000000135,1292.1100000000135,1292.8900000000135,1290.1395226000136,0.30284630524832545,50.62856174524754,0.00041192694308733735
-265.0999999999864,908315,50.659271040832735,2.184118094713716,43.11388714917075,40.029024199025095,8.627706891661381,75.89707664567055,23.131045275342945,1292.4600000000137,1292.2100000000137,1292.9900000000134,1290.2395226000135,0.418296001724248,50.659434265573815,0.00016322474107965945
-264.99999999998636,909257,50.71180901864932,2.189185621673976,43.169148646795485,40.070537705678056,8.647724644998315,75.84453866785397,23.125977748382688,1292.5600000000136,1292.3100000000136,1293.0900000000136,1290.3395226000137,0.4118821296978355,50.70101067134131,-0.010798347308011103
-264.89999999998633,909792,50.74164746677232,2.194258296847987,43.243733824071754,40.0941149095627,8.66776273481768,75.81470021973097,23.120905073208675,1292.6600000000135,1292.4100000000135,1293.1900000000137,1290.4395226000138,0.3034040332506314,50.741941905466604,0.0002944386942829169
-264.7999999999863,910345,50.77248982529946,2.199334010055072,43.31743465058836,40.118485365166826,8.687812825480291,75.78385786120383,23.11582936000159,1292.7600000000136,1292.5100000000136,1293.2900000000136,1290.5395226000137,0.2925283372058419,50.77164499834435,-0.0008448269551095677
-264.6999999999863,910841,50.8001531342135,2.204412625847658,43.393818519082444,40.14034385699259,8.707874381940929,75.75619455228978,23.110750744209003,1292.8600000000138,1292.6100000000138,1293.3900000000135,1290.6395226000136,0.2830469611667464,50.80034195013904,0.00018881592554009785
-264.59999999998627,911360,50.82909921753282,2.209494078445102,43.46907799780497,40.163215948237685,8.72794714435278,75.72724846897046,23.105669291611562,1292.9600000000137,1292.7100000000137,1293.4900000000137,1290.7395226000137,0.2922494732046534,50.829152140413306,5.2922880485084534e-05
-264.49999999998624,911889,50.858603028854446,2.214578456275743,43.54383180795017,40.1865287348825,8.748031462025624,75.69774465764884,23.10058491378092,1293.0600000000136,1292.8100000000136,1293.5900000000138,1290.8395226000139,0.2994999372345604,50.858590778609404,-1.2250245042366714e-05
-264.3999999999862,912434,50.88899920497975,2.219665796600826,43.617792278839325,40.21054663416685,8.768127482148886,75.66734848152353,23.095497573455837,1293.1600000000137,1292.9100000000137,1293.6900000000137,1290.9395226000138,0.2930860652081124,50.888357865285144,-0.0006413396946030048
-264.2999999999862,912940,50.91722024189608,2.2247561278488024,43.69358965944123,40.23284582139233,8.78823531702068,75.6391274446072,23.09040724220786,1293.2600000000139,1293.0100000000139,1293.7900000000136,1291.0395226000137,0.2844412811725114,50.91708670789537,-0.0001335340007102559
-264.1999999999862,913454,50.94588746121426,2.2298492139424075,43.76897380853399,40.25549756493758,8.808354034088213,75.61046022528902,23.085314156114254,1293.3600000000138,1293.1100000000138,1293.8900000000137,1291.1395226000138,0.2928072012069594,50.94569436479084,-0.00019309642342335565
-264.09999999998615,913990,50.97578168213749,2.234945266721763,43.84327602189402,40.27911883836218,8.828484470162676,75.5805660043658,23.0802181033349,1293.4600000000137,1293.2100000000137,1293.9900000000139,1291.239522600014,0.2969901612241834,50.97516673144333,-0.0006149506941568461
-263.99999999998613,914519,51.00528549345911,2.2400442472886986,43.91788469796842,40.302431625006996,8.848626471588457,75.55106219304417,23.075119122767966,1293.5600000000138,1293.3100000000138,1294.0900000000138,1291.3395226000139,0.2914128812012299,51.00470541190566,-0.0005800815534513504
-263.8999999999861,915035,51.03406425837775,2.2451462078041464,43.99309050592778,40.325171507632184,8.868780244411756,75.52228342812555,23.070017162252515,1293.660000000014,1293.410000000014,1294.1900000000137,1291.4395226000138,0.2816526411609813,51.03357133299573,-0.0004929253820193935
-263.7999999999861,915529,51.06161602169132,2.2502509615553,44.0693251972162,40.346941860378,8.888945051079334,75.49473166481197,23.064912408501364,1293.7600000000139,1293.5100000000139,1294.2900000000138,1291.539522600014,0.2950381132161479,51.0625199817557,0.0009039600643774293
-263.69999999998606,916093,51.09307188102099,2.2553587118004996,44.14216309116216,40.37179708092181,8.909121694502623,75.4632758054823,23.059804658256162,1293.8600000000138,1293.6100000000138,1294.390000000014,1291.639522600014,0.30005766523686644,51.09237371997981,-0.00069816104117848
-263.59999999998604,916605,51.12162755473871,2.260469436299298,44.21747789385012,40.39436068538711,8.929310086827375,75.43472013176458,23.054693933757363,1293.960000000014,1293.710000000014,1294.4900000000139,1291.739522600014,0.2936437932104539,51.12217671899518,0.0005491642564692256
-263.499999999986,917146,51.151800639663094,2.265583147144301,44.291366458516585,40.41820230651159,8.949510275821815,75.4045470468402,23.04958022291236,1294.060000000014,1293.810000000014,1294.5900000000138,1291.8395226000139,0.30200971324493747,51.152066424935775,0.0002657852726812848
-263.399999999986,917688,51.18202949738771,2.270699849584288,44.36517801038316,40.44208799717603,8.969722282219683,75.37431818911557,23.044463520472377,1294.160000000014,1293.910000000014,1294.690000000014,1291.939522600014,0.2975478892265249,51.181843503329404,-0.0001859940583059938
-263.29999999998597,918213,51.21131021750841,2.275819515844969,44.43978305141858,40.46522450566096,8.989945996306936,75.34503746899487,23.039343854211694,1294.2600000000139,1294.0100000000139,1294.790000000014,1292.0395226000142,0.2908551531989239,51.21137754350202,6.732599360503855e-05
-263.19999999998595,918731,51.24020052802751,2.28094212509299,44.5146994271686,40.48805252736609,9.010181335787621,75.31614715847579,23.03422124496367,1294.360000000014,1294.110000000014,1294.890000000014,1292.139522600014,0.2911340172000769,51.240257806534544,5.7278507036073734e-05
-263.0999999999859,919257,51.26953702094844,2.2860675674062785,44.58919858145402,40.511233105390986,9.030427866447388,75.28681066555484,23.029095802650385,1294.4600000000141,1294.2100000000141,1294.9900000000139,1292.239522600014,0.2919706092035004,51.26935466064622,-0.00018236030221885358
-262.9999999999859,919778,51.29859464986822,2.291195996025122,44.663913537268954,40.534193335716026,9.050686193616272,75.25775303663507,23.023967374031542,1294.560000000014,1294.310000000014,1295.090000000014,1292.339522600014,0.2964324332219129,51.29885986935021,0.00026521948198876544
-262.8999999999859,920320,51.32882350759284,2.296327339380151,44.7375798325178,40.55807902638047,9.070956034580831,75.22752417891044,23.01883603067651,1294.660000000014,1294.410000000014,1295.1900000000142,1292.4395226000142,0.30340403325066695,51.328889654314175,6.614672133764543e-05
-262.79999999998586,920866,51.35927545651837,2.301461773955987,44.811024951168626,40.5821409952048,9.09123808649091,75.19707222998491,23.013701596100674,1294.760000000014,1294.510000000014,1295.290000000014,1292.5395226000142,0.2953169772173009,51.3590356670849,-0.00023978943346492088
-262.69999999998583,921379,51.38788690303631,2.3065991465135705,44.88604777359083,40.604748669210075,9.11153174402132,75.16846078346697,23.008564223543093,1294.8600000000142,1294.6100000000142,1295.390000000014,1292.639522600014,0.2908551531989239,51.387794973126944,-9.192990936668366e-05
-262.5999999999858,921909,51.417446487158166,2.311739332950615,44.96021274662067,40.62810552539486,9.13183651694301,75.13890119934513,23.003424037106047,1294.9600000000141,1294.7100000000141,1295.490000000014,1292.7395226000142,0.2964324332219129,51.4171075031069,-0.00033898405126819853
-262.4999999999858,922442,51.44717338968071,2.316882568014194,45.034205289865646,40.65159459019956,9.152153332554253,75.10917429682257,22.99828080204247,1295.060000000014,1294.810000000014,1295.5900000000142,1292.8395226000143,0.30200971324490195,51.44724977628097,7.63866002628788e-05
-262.39999999998577,922992,51.47784842980716,2.3220287829058734,45.10733944275246,40.67583283718377,9.172481919087359,75.07849925669612,22.993134587150788,1295.1600000000142,1294.9100000000142,1295.6900000000142,1292.9395226000142,0.2936437932104184,51.47729023904015,-0.0005581907670091368
-262.29999999998574,923495,51.505902148322804,2.3271780260620045,45.182744675753334,40.69799981578932,9.192822467875686,75.05044553818048,22.98798534399466,1295.2600000000143,1295.0100000000143,1295.790000000014,1293.0395226000142,0.28416241717132285,51.50626291738229,0.0003607690594833457
-262.1999999999857,924011,51.53468091324144,2.332330035489352,45.257484749266744,40.72073969841451,9.213173943993125,75.02166677326184,22.98283333456731,1295.3600000000142,1295.1100000000142,1295.8900000000142,1293.1395226000143,0.2861144651793939,51.53486745934253,0.00018654610109081204
-262.0999999999857,924521,51.563125041358695,2.337484999553875,45.33249289446639,40.743215163799874,9.233537091523194,74.99322264514458,22.977678370502787,1295.4600000000141,1295.2100000000141,1295.9900000000143,1293.2395226000144,0.2975478892265249,51.56433281832015,0.001207776961457796
-261.9999999999857,925078,51.594190491086756,2.3426429020530186,45.40516829036645,40.76776189756388,9.253911846462538,74.96215719541652,22.972520468003644,1295.5600000000143,1295.3100000000143,1296.0900000000142,1293.3395226000143,0.31483745729776247,51.5945198772507,0.0003293861639406259
-261.89999999998565,925650,51.62609253281826,2.3478039035293277,45.47707928964116,40.79296967442746,9.27429884298658,74.93025515368502,22.967359466527334,1295.6600000000144,1295.4100000000144,1296.1900000000142,1293.4395226000142,0.30256744124720797,51.62499861092519,-0.0010939218930730021
-261.79999999998563,926163,51.65470397933621,2.352967901775206,45.55186111833068,40.81557734843273,9.294697677354707,74.90164370716707,22.962195468281458,1295.7600000000143,1295.5100000000143,1296.2900000000143,1293.5395226000144,0.29754788922656045,51.65520722303389,0.0005032436976790677
-261.6999999999856,926717,51.68560211066359,2.358134944973937,45.62460044336825,40.839991873576835,9.315108539900601,74.87074557583969,22.957028425082726,1295.8600000000142,1295.6100000000142,1296.3900000000144,1293.6395226000145,0.2902974251966179,51.68471225567562,-0.0008898549879674533
-261.5999999999856,927204,51.71276346437555,2.3633048442263433,45.700610176333015,40.86145373954285,9.335530684434424,74.84358422212773,22.951858525830318,1295.9600000000144,1295.7100000000144,1296.4900000000143,1293.7395226000144,0.2889031051908529,51.71368444336583,0.0009209789902797638
-261.49999999998556,927753,51.74338273170177,2.3684776818626125,45.77353773222697,40.88564791698709,9.355964436177016,74.81296495480152,22.94668568819405,1296.0600000000145,1295.8100000000145,1296.5900000000142,1293.8395226000143,0.29810561722883094,51.74306561054624,-0.0003171211555326181
-261.39999999998554,928273,51.77238458782133,2.373653457348455,45.84786805255289,40.90856407777216,9.376409793017828,74.78396309868197,22.941509912708206,1296.1600000000144,1295.9100000000144,1296.6900000000144,1293.9395226000145,0.29838448122994843,51.77276310677558,0.00037851895424978466
-261.2999999999855,928823,51.803059627947775,2.3788322344839696,45.920689850539034,40.93280232475637,9.396867006980115,74.75328805855551,22.936331135572694,1296.2600000000143,1296.0100000000143,1296.7900000000145,1294.0395226000146,0.29894220923225445,51.80231607304408,-0.0007435549036927114
-261.1999999999855,929345,51.83217302966779,2.384013920563066,45.9948673037208,40.95580662462139,9.417335711856122,74.72417465683549,22.931149449493596,1296.3600000000145,1296.1100000000145,1296.8900000000144,1294.1395226000145,0.3014519852425959,51.83248986637822,0.00031683671042515016
-261.09999999998547,929904,51.86335002499631,2.3891987324572477,46.067188704658264,40.980441497465335,9.437816764332025,74.69299766150698,22.925964637599414,1296.4600000000146,1296.2100000000146,1296.9900000000143,1294.2395226000144,0.30647153726327897,51.863269514062296,-8.051093401206799e-05
-260.99999999998545,930444,51.89346733712046,2.394386574465881,46.14042378226531,41.00423904904984,9.45830978637102,74.66288034938282,22.920776795590783,1296.5600000000145,1296.3100000000145,1297.0900000000145,1294.3395226000146,0.3028463052483965,51.89357086524708,0.00010352812661551525
-260.8999999999854,930990,51.923919286046,2.3995774466302997,46.213334425145376,41.02830101787417,9.478814778136385,74.63242840045729,22.915585923426363,1296.6600000000144,1296.4100000000144,1297.1900000000146,1294.4395226000147,0.29838448122998396,51.923648336202874,-0.000270949843127255
-260.7999999999854,931514,51.95314423336647,2.404771304133124,46.28731022190337,41.05139345681913,9.49933156259043,74.60320345313681,22.91039206592354,1296.7600000000145,1296.5100000000145,1297.2900000000145,1294.5395226000146,0.29894220923225445,51.953555794784286,0.0004115614178132887
-260.6999999999854,932062,51.983707727892465,2.4099681577892587,46.360066704056244,41.0755435647234,9.519860182454215,74.57263995861082,22.905195212267405,1296.8600000000147,1296.6100000000147,1297.3900000000144,1294.6395226000145,0.29475924921503044,51.983426250817054,-0.0002814770754113738
-260.59999999998536,932571,52.01209608320949,2.41516798938329,46.43473674891854,41.097974960568784,9.540400565773176,74.54425160329379,22.899995380673374,1296.9600000000146,1296.7100000000146,1297.4900000000146,1294.7395226000147,0.2992210732334074,52.01311586102929,0.001019777819799117
-260.49999999998533,933135,52.04355194253916,2.420370780961467,46.50664089249285,41.12283018111259,9.560952641626384,74.51279574396412,22.894792589095196,1297.0600000000145,1296.8100000000145,1297.5900000000147,1294.8395226000148,0.30200971324490195,52.04285609077669,-0.0006958517624724436
-260.3999999999853,933654,52.072498025858486,2.4255765606014474,46.58076052731212,41.145702272357696,9.581516520926241,74.48384966064481,22.889586809455217,1297.1600000000146,1296.9100000000146,1297.6900000000146,1294.9395226000147,0.28555673717708785,52.072311987644284,-0.0001860382142027106
-260.2999999999853,934159,52.10066328997459,2.4307852433589985,46.65555272934,41.1679573900432,9.602091868125905,74.4556843965287,22.884378126697666,1297.2600000000148,1297.0100000000148,1297.7900000000145,1295.0395226000146,0.28193150516213433,52.10072086433636,5.7574361768786275e-05
-260.19999999998527,934665,52.128884326890926,2.435996704774317,46.73026741755332,41.19025657726867,9.622678191584052,74.42746335961236,22.879166665282344,1297.3600000000147,1297.1100000000147,1297.8900000000147,1295.1395226000147,0.2936437932104184,52.129493363101545,0.0006090362106192515
-260.09999999998524,935212,52.15939204861669,2.441211142031621,46.80290636355996,41.21436261563297,9.64327627021811,74.3969556378866,22.87395222802504,1297.4600000000146,1297.2100000000146,1297.9900000000148,1295.2395226000149,0.5329091061967116,52.15999373397104,0.0006016853543542311
-259.9999999999852,936576,52.23546614813029,2.446428703521114,46.834629494517884,41.274473468153815,9.663886690199297,74.32088153837299,22.86873466653555,1297.5600000000147,1297.3100000000147,1298.0900000000147,1295.3395226000148,0.5421116182346541,52.213500309810065,-0.02196583832022725
-259.8999999999852,937156,52.26781437226364,2.4516538420935854,46.90561240292795,41.30003380133717,9.684527041186136,74.28853331423964,22.86350952796308,1297.6600000000149,1297.4100000000149,1298.1900000000146,1295.4395226000147,0.3179049613103745,52.26727889225406,-0.0005354800095815904
-259.7999999999852,937716,52.29904714039238,2.4568821592995667,46.977570216609756,41.324712743721086,9.705179948416298,74.25730054611091,22.858281210757095,1297.7600000000148,1297.5100000000148,1298.2900000000147,1295.5395226000148,0.2978267532276424,52.29799376796511,-0.0010533724272718814
-259.69999999998515,938224,52.327379722909185,2.4621134408471805,47.052106447616666,41.3471000700265,9.725844565393652,74.2289679635941,22.853049929209483,1297.8600000000147,1297.6100000000147,1298.3900000000149,1295.639522600015,0.29671129722310147,52.327935869847735,0.000556146938549773
-259.59999999998513,938780,52.358389399837016,2.4673477464735387,47.12421017444856,41.371602734250544,9.746521128091839,74.19795828666628,22.847815623583124,1297.9600000000148,1297.7100000000148,1298.4900000000148,1295.7395226000149,0.3123276812874565,52.35861408604425,0.00022468620723259392
-259.4999999999851,939344,52.38984525916669,2.472585163664392,47.195885985781985,41.39645795479435,9.767209982097214,74.1665024273366,22.84257820639227,1298.060000000015,1297.810000000015,1298.5900000000147,1295.8395226000148,0.3047983532563965,52.38939078325703,-0.00045447590966318785
-259.3999999999851,939873,52.41934907048831,2.4778256246301926,47.26929404060817,41.41977074143916,9.787910859627395,74.13699861601498,22.83733774542647,1298.1600000000149,1297.9100000000149,1298.6900000000148,1295.939522600015,0.2919706092035004,52.41920236300475,-0.0001467074835588278
-259.29999999998506,940391,52.448239381007404,2.483069004136995,47.343228932793615,41.4425987631443,9.808623265983044,74.10810830549588,22.832094365919666,1298.2600000000148,1298.0100000000148,1298.790000000015,1296.039522600015,0.2978267532276424,52.448651965800664,0.00041258479325989583
-259.19999999998504,940941,52.47891442113385,2.488315355023355,47.41552645420734,41.4668370101285,9.829347409887111,74.07743326536944,22.826848015033306,1298.360000000015,1298.110000000015,1298.8900000000149,1296.139522600015,0.31121222528280895,52.478782772186044,-0.0001316489478071503
-259.099999999985,941507,52.51048182606398,2.493564760691435,47.4869906726648,41.49178036975225,9.850083620794953,74.0458658604393,22.82159860936523,1298.460000000015,1298.210000000015,1298.9900000000148,1296.2395226000149,0.31790496131044554,52.51002293044792,-0.00045889561606315965
-258.999999999985,942081,52.542495413395955,2.498817359609447,47.55802593594293,41.51707628569578,9.870832445683932,74.01385227310733,22.816346010447216,1298.560000000015,1298.310000000015,1299.090000000015,1296.339522600015,0.31204881728633904,52.54167661010057,-0.0008188032953810875
-258.89999999998497,942626,52.57289158952126,2.5040730960134576,47.63049967965934,41.54109418498014,9.891593664275264,73.98345609698202,22.811090274043206,1298.6600000000149,1298.4100000000149,1299.190000000015,1296.4395226000152,0.30256744124720797,52.572554927957626,-0.00033666156363665323
-258.79999999998495,943166,52.60300890164541,2.509331870595041,47.70320031097213,41.56489173656463,9.912366884280646,73.95333878485788,22.805831499461622,1298.760000000015,1298.510000000015,1299.290000000015,1296.539522600015,0.30228857724601943,52.60307666013828,6.775849286810853e-05
-258.6999999999849,943710,52.63334930497048,2.5145937113454875,47.77567349505572,41.58886556630901,9.933152216271315,73.9229983815328,22.800569658711176,1298.8600000000151,1298.6100000000151,1299.3900000000149,1296.639522600015,0.3067504012644675,52.633616348033996,0.0002670430635163257
-258.5999999999849,944266,52.66435898189832,2.51985859386465,47.84751286407513,41.613368230533055,9.953949563861771,73.89198870460497,22.795304776192012,1298.960000000015,1298.710000000015,1299.490000000015,1296.739522600015,0.30619267326212596,52.66405256061429,-0.0003064212840300229
-258.4999999999849,944808,52.69458783962292,2.525126521857613,47.920035536531536,41.63725392119749,9.974758941687844,73.86175984688037,22.79003684819905,1299.060000000015,1298.810000000015,1299.5900000000152,1296.8395226000152,0.30814472127016146,52.69469217397439,0.00010433435146950387
-258.39999999998486,945371,52.725987926152364,2.5303975322994474,47.99146743051081,41.66206507220133,9.995580495808523,73.83035976035092,22.784765837757217,1299.160000000015,1298.910000000015,1299.690000000015,1296.9395226000152,0.31539518530013955,52.725806324303285,-0.00018160184907856092
-258.29999999998483,945939,52.75766687668296,2.5356716831224757,48.06261977144319,41.687096570905034,10.01641445506816,73.79868080982033,22.779491686934186,1299.2600000000152,1299.0100000000152,1299.790000000015,1297.039522600015,0.3098179052770795,52.757174107190906,-0.0004927694920553449
-258.1999999999848,946482,52.787951507207794,2.540948967120888,48.13501745325239,41.71102633110943,10.037260791002355,73.7683961792955,22.774214402935776,1299.3600000000151,1299.1100000000151,1299.890000000015,1297.1395226000152,0.30535608125870245,52.78791969168588,-3.1815521914779765e-05
-258.0999999999848,947034,52.818738092934716,2.5462292670608155,48.20693108155515,41.7353527171736,10.058119040513686,73.73760959356858,22.768934102995846,1299.460000000015,1299.210000000015,1299.9900000000152,1297.2395226000153,0.3120488172863035,52.81874724813342,9.155198704036138e-06
-257.99999999998477,947601,52.85036127066507,2.551512716570517,48.27805629375613,41.76034014633732,10.078989731460721,73.70598641583823,22.763650653486145,1299.5600000000152,1299.3100000000152,1300.0900000000152,1297.3395226000152,0.312048817286268,52.85033760335117,-2.36673138971355e-05
-257.89999999998474,948153,52.88114785639198,2.556799334581488,48.34992125218091,41.78466653240147,10.099872938626685,73.6751998301113,22.758364035475175,1299.6600000000153,1299.4100000000153,1300.190000000015,1297.4395226000152,0.317626097309257,52.88172207345431,0.0005742170623292964
-257.7999999999847,948740,52.913886490126934,2.5620890609852105,48.419974999630085,41.81053535236462,10.120768424570809,73.64246119637636,22.75307430907145,1299.7600000000152,1299.5100000000152,1300.2900000000152,1297.5395226000153,0.32348224133339903,52.91366834864609,-0.00021814148084331464
-257.6999999999847,949313,52.94584430465868,2.5673820682512196,48.490719186157484,41.835787198768166,10.141676870582538,73.61050338184461,22.747781301805443,1299.8600000000151,1299.6100000000151,1300.3900000000153,1297.6395226000154,0.31455859329664504,52.94598780777211,0.0001435031134349174
-257.5999999999847,949868,52.97679820878628,2.5726782585467673,48.56235834426258,41.860245793452236,10.162597890202788,73.57954947771701,22.742485111509897,1299.9600000000153,1299.7100000000153,1300.4900000000152,1297.7395226000153,0.31623177730352753,52.97773404835585,0.0009358395695713284
-257.49999999998465,950447,53.0090906601194,2.577977615060893,48.63274549624365,41.88576205709562,10.183531417024875,73.54725702638389,22.73718575499577,1300.0600000000154,1299.8100000000154,1300.5900000000152,1297.8395226000152,0.31957814531732803,53.00940242193451,0.00031176181511227696
-257.39999999998463,951014,53.04071383784976,2.5832801390311566,48.70372120044381,41.91074948625934,10.204477455937408,73.51563384865352,22.731883231025506,1300.1600000000153,1299.9100000000153,1300.6900000000153,1297.9395226000154,0.314000865294339,53.0409410258328,0.00022718798304310894
-257.2999999999846,951573,53.07189083317828,2.5885858032660622,48.77508154745805,41.93538435910329,10.225435899528497,73.48445685332501,22.7265775667906,1300.2600000000152,1300.0100000000152,1300.7900000000154,1298.0395226000155,0.32682860934723507,53.07270827295882,0.0008174397805404965
-257.1999999999846,952186,53.10607955971922,2.5938946806857506,48.84364845212959,41.96239898710569,10.246407035847405,73.45026812678407,22.721268689370913,1300.3600000000154,1300.1100000000154,1300.8900000000153,1298.1395226000154,0.33073270536330607,53.10538751697252,-0.0006920427466994283
-257.09999999998456,952759,53.138037374250956,2.5992068807694593,48.91424315247582,41.98765083350924,10.26739129735919,73.41831031225233,22.715956489287205,1300.4600000000155,1300.2100000000155,1300.9900000000152,1298.2395226000153,0.32348224133343456,53.138175361633984,0.00013798738302739366
-256.99999999998454,953346,53.17077600798592,2.60452231575808,48.984094483911555,42.0135196534724,10.288388337397684,73.38557167851737,22.710641054298584,1300.5600000000154,1300.3100000000154,1301.0900000000154,1298.3395226000155,0.32292451333112854,53.17074420048967,-3.1807496249314227e-05
-256.8999999999845,953917,53.2026222769172,2.6098410296095595,49.05474425725591,42.03868336079601,10.309398329605637,73.35372540958609,22.705322340447104,1300.6600000000153,1300.4100000000153,1301.1900000000155,1298.4395226000156,0.3184626893126805,53.20265549244523,3.32155280347024e-05
-256.7999999999845,954488,53.23446854584847,2.6151628468565713,49.125367798201054,42.06384706811961,10.330420580851728,73.32187914065481,22.700000523200092,1300.7600000000155,1300.5100000000155,1301.2900000000154,1298.5395226000155,0.319020417315022,53.233853600503785,-0.000614945344686646
-256.69999999998447,955061,53.266426360380215,2.6204878003296628,49.19586274852469,42.08909891452316,10.35145522082324,73.28992132612308,22.694675569727,1300.8600000000156,1300.6100000000156,1301.3900000000153,1298.6395226000154,0.31567404930125703,53.26582847288062,-0.0005978874995946626
-256.59999999998445,955620,53.29760335570874,2.62581601255115,49.267056063035845,42.11373378736712,10.372502733508027,73.25874433079454,22.68934735750551,1300.9600000000155,1300.7100000000155,1301.4900000000155,1298.7395226000156,0.314000865294339,53.29759796239766,-5.393311077739327e-06
-256.4999999999844,956187,53.3292265334391,2.6311473199221447,49.33781138326341,42.13872121653084,10.39356247265749,73.22712115306419,22.684016050134517,1301.0600000000154,1300.8100000000154,1301.5900000000156,1298.8395226000157,0.32459769733804655,53.32954750299147,0.00032096955236937674
-256.3999999999844,956784,53.36252289517636,2.636481922051751,49.40699537821275,42.16503073189371,10.414635226767842,73.19382479132693,22.678681448004912,1301.1600000000155,1300.9100000000155,1301.6900000000155,1298.9395226000156,0.31818382531156303,53.36195369446992,-0.0005692007064439508
-256.2999999999844,957328,53.392863298501425,2.641819710661041,49.47889188657145,42.189004561638086,10.435720568115487,73.16348438800186,22.67334365939562,1301.2600000000157,1301.0100000000157,1301.7900000000154,1299.0395226000155,0.30563494525981993,53.393022103031534,0.00015880453010908013
-256.19999999998436,957880,53.42364988422834,2.6471605264723594,49.55034955883556,42.21333094770225,10.456817867521565,73.13269780227495,22.668002843584304,1301.3600000000156,1301.1100000000156,1301.8900000000156,1299.1395226000157,0.318741553313869,53.42385491039671,0.00020502616837347887
-256.09999999998433,958471,53.45661160916421,2.6525044816431227,49.61976454916938,42.23937604582527,10.477927568030488,73.09973607733907,22.66265888841354,1301.4600000000155,1301.2100000000155,1301.9900000000157,1299.2395226000158,0.3363099853862951,53.45689496005128,0.0002833508870665469
-255.9999999999843,959086,53.490911881305614,2.657851905464372,49.68791542312923,42.266478812907614,10.499050970408266,73.06543580519767,22.65731146459229,1301.5600000000156,1301.3100000000156,1302.0900000000156,1299.3395226000157,0.32850179335411755,53.490265301815384,-0.0006465794902297262
-255.8999999999843,959649,53.52231196783505,2.6632025347034882,49.758734942241944,42.29128996391145,10.520187034832977,73.03403571866824,22.651960835353176,1301.6600000000158,1301.4100000000158,1302.1900000000155,1299.4395226000156,0.31790496131044554,53.52247233133004,0.00016036349499159996
-255.79999999998427,960226,53.55449287356772,2.6685563999306403,49.82880532975282,42.31671808847489,10.541335882062953,73.00185481293556,22.646606970126022,1301.7600000000157,1301.5100000000157,1302.2900000000157,1299.5395226000157,0.32515542534031705,53.5550100685865,0.0005171950187801144
-255.69999999998424,960815,53.58734305290313,2.6739135367172078,49.898229402369054,42.342675047517986,10.562497652612315,72.96900463360015,22.641249833339455,1301.8600000000156,1301.6100000000156,1302.3900000000158,1299.6395226000159,0.32543428934143454,53.58740087545957,5.782255644248835e-05
-255.59999999998422,961393,53.61957973143602,2.6792738801057348,49.96819992855956,42.36814724162139,10.583672089886013,72.93676795506727,22.635889489950927,1301.9600000000157,1301.7100000000157,1302.4900000000157,1299.7395226000158,0.3365888493874481,53.6202745296865,0.0006947982504783567
-255.4999999999842,962022,53.654660822780635,2.6846375916231477,50.035496459299345,42.395866982263335,10.60485983194798,72.90168686372266,22.630525778433515,1302.0600000000159,1301.8100000000159,1302.5900000000156,1299.8395226000157,0.3402140814024016,53.653770510478886,-0.0008903123017489634
-255.39999999998417,962613,53.687622547716515,2.690004634207833,50.10474494036329,42.42191208038637,10.626060732397368,72.86872513878677,22.625158735848828,1302.1600000000158,1301.9100000000158,1302.6900000000157,1299.9395226000158,0.33073270536330607,53.68725772939031,-0.0003648183262043858
-255.29999999998415,963208,53.72080736385331,2.695375043169028,50.173762745469155,42.44813345666929,10.647274930712783,72.83554032264998,22.619788326887633,1302.2600000000157,1302.0100000000157,1302.7900000000159,1300.039522600016,0.33658884938741257,53.721099150485834,0.0002917866325233831
-255.19999999998413,963820,53.75494031759401,2.7007488540379327,50.24187243221581,42.47510401513171,10.668502567249627,72.80140736890928,22.61441451601873,1302.3600000000158,1302.1100000000158,1302.8900000000158,1300.1395226000159,0.34188726540928416,53.75480658587918,-0.00013373171483266333
-255.0999999999841,964434,53.78918481693518,2.7061260044862063,50.30985343422048,42.50216271267409,10.689743395798395,72.7671628695681,22.609037365570458,1302.460000000016,1302.210000000016,1302.9900000000157,1300.2395226000158,1.2824955412865717,53.78787935454425,-0.0013054623909312113
-254.99999999998408,968419,54.011439425851385,2.711506429908844,50.20244708773751,42.6777798294597,10.710997161156282,72.54490826065191,22.60365694014782,1302.5600000000159,1302.3100000000159,1303.0900000000158,1300.339522600016,1.2716198452417111,53.91595972991038,-0.09547969594100891
-254.89999999998406,968994,54.04350878598358,2.716909196432191,50.272627693204726,42.70311981494319,10.732339178366953,72.51283890051971,22.598254173624472,1302.6600000000158,1302.4100000000158,1303.190000000016,1300.439522600016,0.3120488172863035,54.04341786500844,-9.092097513985209e-05
-254.79999999998404,969538,54.07384918930866,2.722315113481848,50.34439297915002,42.72709364468758,10.753693640791836,72.48249849719463,22.592848256574815,1302.760000000016,1302.510000000016,1303.2900000000159,1300.539522600016,0.2978267532276424,54.07385695266974,7.763361082879783e-06
-254.69999999998402,970062,54.103074136629125,2.7277239678227274,50.41717150737634,42.750186083632535,10.775059706109342,72.45327354987415,22.587439402233937,1302.860000000016,1302.610000000016,1303.3900000000158,1300.6395226000159,0.306750401264432,54.1036818118723,0.0006076752431738441
-254.599999999984,970638,54.13519926956156,2.733135849844225,50.48722248596169,42.775570138656,10.796437731375807,72.42114841694172,22.58202752021244,1302.960000000016,1302.710000000016,1303.490000000016,1300.739522600016,0.31455859329664504,54.13463457842815,-0.0005646911334125093
-254.49999999998397,971190,54.16598585528847,2.7385508947384154,50.558498133031556,42.799896524720154,10.817828250627187,72.39036183121482,22.576612475318246,1303.0600000000159,1302.8100000000159,1303.590000000016,1300.8395226000162,0.29838448122998396,54.1657313055102,-0.00025454977826910863
-254.39999999998395,971708,54.19487616580757,2.7439689961053295,50.63152073104181,42.822724546425285,10.83923084356215,72.36147152069572,22.571194373951332,1303.160000000016,1302.910000000016,1303.690000000016,1300.939522600016,0.303961761252973,54.195999062045715,0.0011228962381437668
-254.29999999998392,972280,54.22677820753908,2.749390094550827,50.701704682292615,42.84793232328886,10.860645275561867,72.3295694789642,22.565773275505837,1303.2600000000161,1303.0100000000161,1303.7900000000159,1301.039522600016,0.3142797292954565,54.22646550339909,-0.00031270413998640834
-254.1999999999839,972835,54.25773211166668,2.7548142892060117,50.77275038950002,42.87239091797292,10.882071938214182,72.29861557483662,22.56034908085065,1303.360000000016,1303.110000000016,1303.890000000016,1301.139522600016,0.31121222528280895,54.25780702011156,7.490844487989534e-05
-254.09999999998388,973396,54.28902065259565,2.760241655954852,50.84346010988283,42.89711392989682,10.903511131276076,72.26732703390763,22.55492171410181,1303.460000000016,1303.210000000016,1303.9900000000162,1301.2395226000162,0.3061926732621615,54.288672892579534,-0.0003477600161190253
-253.99999999998386,973933,54.31897064631912,2.7656720237845303,50.91539826467503,42.92077927286141,10.924962179212434,72.23737704018416,22.549491346272134,1303.560000000016,1303.310000000016,1304.090000000016,1301.3395226000162,0.3067504012644675,54.31920787304209,0.00023722672296599967
-253.89999999998383,974496,54.35037073284856,2.771105497529463,50.985953916495504,42.94559042386525,10.94642549614034,72.20597695365473,22.5440578725272,1303.6600000000162,1303.4100000000162,1304.190000000016,1301.439522600016,0.31957814531732803,54.35071335611284,0.00034262326428091683
-253.7999999999838,975079,54.3828862753826,2.776542166455755,51.05543961745567,42.971282965668514,10.967901434678911,72.17346141112068,22.538621203600908,1303.7600000000161,1303.5100000000161,1304.290000000016,1301.5395226000162,0.312327681287421,54.382112500230875,-0.0007737751517282732
-253.6999999999838,975616,54.41283626910606,2.7819819200295113,51.127309487615065,42.99494830863309,10.989389558196972,72.14351141739724,22.53318145002715,1303.860000000016,1303.610000000016,1304.3900000000162,1301.6395226000163,0.2969901612241834,54.412562923725,-0.0002733453810606079
-253.59999999998377,976144,54.44228430762745,2.7874246790405026,51.19962754116069,43.01821702573793,11.010889553798142,72.11406337887584,22.52773869101616,1303.9600000000162,1303.7100000000162,1304.4900000000162,1301.7395226000162,0.3059138092610085,54.44281736722941,0.000533059601956154
-253.49999999998374,976713,54.474019030958274,2.7928704835029596,51.26977104288443,43.0432925939816,11.032401579546702,72.08232865554501,22.522292886553704,1304.0600000000163,1303.8100000000163,1304.590000000016,1301.8395226000162,0.30535608125870245,54.47330235899825,-0.0007166719600277816
-253.39999999998372,977239,54.50335552387921,2.7983193395123047,51.34214788457006,43.0664731720065,11.053925659520804,72.05299216262408,22.51684403054436,1304.1600000000162,1303.9100000000162,1304.6900000000162,1301.9395226000163,0.3064715372633145,54.503635946786176,0.00028042290696816963
-253.2999999999837,977812,54.53531333841095,2.8037712106923194,51.412030830260846,43.09172501841005,11.075461650027043,72.02103434809234,22.511392159364345,1304.2600000000161,1304.0100000000161,1304.7900000000163,1302.0395226000164,0.3075869932679265,54.534060711836325,-0.0012526265746259924
-253.19999999998367,978342,54.56487292253281,2.8092261516546744,51.484150904978875,43.11508187459484,11.097009766792537,71.99147476397047,22.50593721840199,1304.3600000000163,1304.1100000000163,1304.8900000000162,1302.1395226000163,0.29503811321618345,54.56472141840901,-0.00015150412379938416
-253.09999999998365,978870,54.5943209610542,2.8146841549760038,51.5563543135541,43.138350591699684,11.11856998049349,71.96202672544908,22.50047921508066,1304.4600000000164,1304.2100000000164,1304.9900000000162,1302.2395226000162,0.3073081292667024,54.59509282592203,0.0007718648678292084
-252.99999999998363,979444,54.62633454838616,2.8201451702198614,51.626110254970015,43.1636465076432,11.140142091895768,71.93001313811712,22.4950181998368,1304.5600000000163,1304.3100000000163,1305.0900000000163,1302.3395226000164,0.312327681287421,54.62613845128212,-0.00019609710404466796
-252.8999999999836,979990,54.6567864973117,2.8256093826662627,51.69732001725423,43.18770847646753,11.161726832892796,71.89956118919159,22.4895539873904,1304.6600000000162,1304.4100000000162,1305.1900000000164,1302.4395226000165,0.30312516924951394,54.65714160281444,0.0003551055027415373
-252.79999999998358,980531,54.68695958223608,2.831076598540427,51.76876937696941,43.211550097591996,11.183323438035115,71.86938810426722,22.484086771516235,1304.7600000000164,1304.5100000000164,1305.2900000000163,1302.5395226000164,0.30145198524263145,54.68736659537292,0.00040701313684365914
-252.69999999998356,981071,54.71707689436024,2.8365468559853397,51.84024836454132,43.235347649176504,11.204932057995212,71.83927079214305,22.478616514071323,1304.8600000000165,1304.6100000000165,1305.3900000000162,1302.6395226000163,0.3059138092610085,54.71784993054036,0.0007730361801208119
-252.59999999998354,981628,54.74814234408829,2.8420201685265374,51.91080549664383,43.25989438294051,11.226552746201678,71.808205342415,22.473143201530124,1304.9600000000164,1304.7100000000164,1305.4900000000164,1302.7395226000165,0.31121222528280895,54.74838762452356,0.00024528043526572674
-252.49999999998352,982187,54.779319339416816,2.847496533510247,51.98123247693062,43.28452925578446,11.24818549217158,71.77702834708647,22.467666836546414,1305.0600000000163,1304.8100000000163,1305.5900000000165,1302.8395226000166,0.30898131327365597,54.77917274032625,-0.00014659909056291553
-252.3999999999835,982736,54.80993860674304,2.852976003074605,52.0521656399669,43.3087234332287,11.269830501861062,71.74640907976024,22.462187366982057,1305.1600000000165,1304.9100000000165,1305.6900000000164,1302.9395226000165,0.314000865294339,54.810572266525284,0.0006336597822453882
-252.29999999998347,983313,54.8421195124757,2.8584586479635545,52.12159328220896,43.33415155779214,11.291488054722976,71.7142281740276,22.456704722093107,1305.2600000000166,1305.0100000000166,1305.7900000000163,1303.0395226000164,0.314000865294339,54.841853097192406,-0.0002664152832920763
-252.19999999998345,983862,54.87273877980192,2.863944373694046,52.19248095464544,43.35834573523638,11.313157777530218,71.68360890670137,22.451218996362616,1305.3600000000165,1305.1100000000165,1305.8900000000165,1303.1395226000166,0.30898131327362044,54.87285022512313,0.00011144532120965778
-252.09999999998342,984421,54.903915775130436,2.8694332180085818,52.2628154567499,43.382980608080324,11.334839819373283,71.65243191137284,22.445730152048082,1305.4600000000164,1305.2100000000164,1305.9900000000166,1303.2395226000167,0.29866334523110144,54.90324665198502,-0.0006691231454141189
-251.9999999999834,984933,54.932471448848155,2.8749250230244456,52.33562130372214,43.405544212545635,11.356533556583605,71.62387623765514,22.440238347032217,1305.5600000000165,1305.3100000000165,1306.0900000000165,1303.3395226000166,0.2992210732334074,54.933036025521474,0.0005645766733195501
-251.89999999998338,985494,54.96375998977713,2.8804198252136883,52.405800217259994,43.43026722446952,11.378239133233139,71.59258769672616,22.434743544842974,1305.6600000000167,1305.4100000000167,1306.1900000000164,1303.4395226000165,0.310375633279421,54.96373900800223,-2.09817749023955e-05
-251.79999999998336,986046,54.99454657550405,2.8859177708260484,52.47643540189689,43.454593610533685,11.399957127037844,71.56180111099923,22.429245599230615,1305.7600000000166,1305.5100000000166,1306.2900000000166,1303.5395226000167,0.304240625254126,54.99465520141598,0.00010862591192761784
-251.69999999998333,986585,55.02460811482797,2.8914187562539744,52.54773919007336,43.47834709257821,11.421687128727003,71.53173957167532,22.42374461380269,1305.8600000000165,1305.6100000000165,1306.3900000000167,1303.6395226000168,0.30758699326785544,55.02497061863209,0.0003625038041192852
-251.5999999999833,987149,55.05606397415764,2.8969227649497773,52.61768742330623,43.50320231312202,11.443429072933899,71.50028371234565,22.418240605106885,1305.9600000000166,1305.7100000000166,1306.4900000000166,1303.7395226000167,0.3106544972805385,55.05526569549032,-0.0007982786673181863
-251.4999999999833,987699,55.08673901428409,2.902429809393075,52.688357694226,43.52744056010623,11.465183008955545,71.4696086722192,22.41273356066359,1306.0600000000168,1305.8100000000168,1306.5900000000165,1303.8395226000166,0.30173084924378446,55.08606529539859,-0.0006737188855012732
-251.39999999998327,988231,55.11641014400641,2.90793997800886,52.75996695741044,43.550885555370954,11.486949286088496,71.43993754249688,22.407223392047804,1306.1600000000167,1305.9100000000167,1306.6900000000167,1303.9395226000167,0.2936437932104184,55.11616098440865,-0.00024915959775739793
-251.29999999998324,988752,55.14546777292619,2.913453041589959,52.832139416910096,43.573845785695994,11.50872699891819,71.4108799135771,22.401710328466702,1306.2600000000166,1306.0100000000166,1306.7900000000168,1304.0395226000169,0.30451948925520794,55.14605382252167,0.0005860495954834732
-251.19999999998322,989323,55.177314041857464,2.9189691887733664,52.90161798305439,43.5990094930196,11.530516892598797,71.37903364464583,22.396194181283295,1306.3600000000167,1306.1100000000167,1306.8900000000167,1304.1395226000168,0.3100967692782325,55.17675858121602,-0.000555460641443517
-251.0999999999832,989864,55.20748712678185,2.9244883933062047,52.972677176742906,43.622851114144076,11.552318863426157,71.34886055972143,22.390674976750457,1306.4600000000169,1306.2100000000169,1306.9900000000166,1304.2395226000167,0.304519489255279,55.20740842034338,-7.870643847240899e-05
-250.99999999998317,990415,55.238217939708534,2.930010670457438,53.043178794353736,43.64713343066826,11.574132971715756,71.31812974679475,22.385152699599224,1306.5600000000168,1306.3100000000168,1307.0900000000167,1304.3395226000168,0.3128854092897625,55.23858504165099,0.000367101942458703
-250.89999999998315,990986,55.270064208639816,2.9355361103145374,53.11258729921386,43.67229713799187,11.595959573331273,71.28628347786346,22.379627259742126,1306.6600000000167,1306.4100000000167,1307.1900000000169,1304.439522600017,0.30898131327362044,55.26989651902448,-0.00016768961533841775
-250.79999999998313,991523,55.30001420236327,2.941064649761245,53.18379555923437,43.69596248095645,11.61779841895076,71.25633348414001,22.374098720295418,1306.7600000000168,1306.5100000000168,1307.2900000000168,1304.5395226000169,0.30368289725178443,55.30023919260309,0.00022499023981481514
-250.6999999999831,992075,55.33080078809019,2.9465961581530604,53.25417518242946,43.7202888670206,11.639648992502098,71.2255468984131,22.368567211903603,1306.860000000017,1306.610000000017,1307.3900000000167,1304.6395226000168,0.314837457297798,55.3310529203383,0.0002521322481143784
-250.59999999998308,992652,55.362981693822846,2.9521308603453154,53.323191237633445,43.74571699158405,11.661512182209187,71.19336599268044,22.363032509711346,1306.9600000000169,1306.7100000000169,1307.4900000000168,1304.739522600017,0.30563494525985546,55.36197828552409,-0.0010034082987573356
-250.49999999998306,993171,55.39192777714217,2.957668553810168,53.39529914376203,43.768589082829145,11.683387188046213,71.16441990936111,22.357494816246493,1307.0600000000168,1306.8100000000168,1307.590000000017,1304.839522600017,0.30005766523686644,55.39212573161753,0.000197954475360973
-250.39999999998304,993728,55.42299322687023,2.9632092854916414,53.46534196307202,43.79313581659315,11.705274195451533,71.13335445963305,22.351954084565023,1307.160000000017,1306.910000000017,1307.6900000000169,1304.939522600017,0.309817905277115,55.42290377292478,-8.945394544923602e-05
-250.29999999998302,994282,55.45389135819761,2.9687531345647553,53.53552405165687,43.81755034173725,11.727173517182441,71.10245632830568,22.34641023549191,1307.260000000017,1307.010000000017,1307.7900000000168,1305.0395226000169,0.30758699326789096,55.453541927469026,-0.00034943072858339974
-250.199999999983,994831,55.484510625523825,2.9742999938771377,53.605951649304245,43.84174451918149,11.749084729965464,71.07183706097946,22.340863376179524,1307.360000000017,1307.110000000017,1307.890000000017,1305.139522600017,0.2919706092035004,55.483365266755875,-0.0011453587679497446
-250.09999999998297,995329,55.51228548003832,2.979849807618109,53.67910511790465,43.8636911500872,11.771007613337158,71.04406220646496,22.335313562438554,1307.4600000000169,1307.2100000000169,1307.990000000017,1305.2395226000172,0.34662795342881414,55.512937327440454,0.0006518474021319776
-249.99999999998295,996074,55.5538362162096,2.9854025813426284,53.738909581757056,43.896522957365804,11.792942189240733,71.00251147029368,22.329760788714033,1307.560000000017,1307.310000000017,1308.090000000017,1305.339522600017,0.3544361454610272,55.54808443716739,-0.0057517790422139115
-249.89999999998292,996600,55.583172709130544,2.990959424505545,53.810519960013465,43.91970353539071,11.814892840246562,70.97317497737274,22.32420394555112,1307.6600000000171,1307.4100000000171,1308.1900000000169,1305.439522600017,0.30340403325066695,55.583537103542405,0.00036439441186075783
-249.7999999999829,997162,55.61451702285975,2.996519288763339,53.8801638344113,43.94447061685458,11.836855425186346,70.94183066364354,22.318644081293325,1307.760000000017,1307.510000000017,1308.290000000017,1305.539522600017,0.3011731212414429,55.61376661901804,-0.0007504038417138759
-249.69999999998288,997680,55.643407333378846,3.002082177829351,53.95216291919079,43.967298638559704,11.858829958728531,70.91294035312444,22.313081192227312,1307.860000000017,1307.610000000017,1308.3900000000172,1305.6395226000172,0.29503811321618345,55.6436456167772,0.00023828339835318957
-249.59999999998286,998220,55.673524645503,3.007648017886697,54.02294963427717,43.991096190144205,11.880816149281541,70.88282304100028,22.307515352169965,1307.960000000017,1307.710000000017,1308.490000000017,1305.7395226000172,0.30228857724605496,55.673395790787325,-0.00012885471567614104
-249.49999999998283,998764,55.70386504882807,3.013216856987511,54.093497001442,44.01507001988859,11.90281418666099,70.85248263767522,22.30194651306915,1308.0600000000172,1307.8100000000172,1308.590000000017,1305.839522600017,0.3103756332793855,55.70428846744432,0.00042341861625061483
-249.3999999999828,999333,55.73559977215889,3.0187888755801886,54.16266960292293,44.040145588132255,11.924824783674431,70.8207479143444,22.296374494476474,1308.1600000000171,1307.9100000000171,1308.690000000017,1305.9395226000172,0.31902041731505754,55.73607023488063,0.0004704627217364532
-249.2999999999828,999908,55.7676691322911,3.0243640710344897,54.23149502375912,44.065485573615746,11.946847929931886,70.7886785542122,22.290799299022172,1308.260000000017,1308.010000000017,1308.7900000000172,1306.0395226000173,0.30451948925524347,55.766869023665144,-0.0008001086259525891
-249.19999999998277,1000425,55.796503670009955,3.0299422493849244,54.30344286990668,44.0882695257809,11.968882859230556,70.75984401649333,22.28522112067174,1308.3600000000172,1308.1100000000172,1308.8900000000172,1306.1395226000172,0.28890310519081736,55.79623930411213,-0.0002643658978271901
-249.09999999998274,1000944,55.82544975332927,3.0355233188953146,54.37525953320752,44.111141617026,11.99092920919404,70.73089793317402,22.279640051161348,1308.4600000000173,1308.2100000000173,1308.990000000017,1306.2395226000172,0.29475924921503044,55.825581354989524,0.00013160166025016906
-248.99999999998272,1001482,55.855455519852974,3.041107365655925,54.44602210029438,44.134851029530566,12.012987319896242,70.7008921666503,22.274056004400737,1308.5600000000172,1308.3100000000172,1309.0900000000172,1306.3395226000173,0.30117312124151396,55.85547204533081,1.6525477832374236e-05
-248.8999999999827,1002024,55.88568437757759,3.0466944133043836,54.516544750891086,44.15873672019501,12.03505728471056,70.6706633089257,22.26846895675228,1308.6600000000171,1308.4100000000171,1309.1900000000173,1306.4395226000174,0.2975478892264894,55.88553224054843,-0.00015213702916128113
-248.79999999998267,1002549,55.914965097698285,3.052284472104037,54.5879706223707,44.181873228679926,12.057139144179283,70.641382588805,22.262878897952625,1308.7600000000173,1308.5100000000173,1309.2900000000172,1306.5395226000173,0.2894608331931233,55.914813027662625,-0.00015207003566075628
-248.69999999998265,1003062,55.94357654421623,3.0578773759099187,54.6600264910317,44.2044809026852,12.079232241996289,70.61277114228706,22.257285994146745,1308.8600000000174,1308.6100000000174,1309.3900000000172,1306.6395226000172,0.29280720120699494,55.94389285949866,0.0003163152824328108
-248.59999999998263,1003599,55.9735265379397,3.0634732506759392,54.73075291404895,44.22814624564979,12.101337075704926,70.5828211485636,22.251690119380722,1308.9600000000173,1308.7100000000173,1309.4900000000173,1306.7395226000174,0.28695105718288844,55.97288461520157,-0.0006419227381257997
-248.4999999999826,1004091,56.00096675565282,3.0690719528329615,54.80391019362474,44.249828459315665,12.12345307817815,70.55538093085048,22.246091417223703,1309.0600000000172,1308.8100000000172,1309.5900000000174,1306.8395226000175,0.2978267532276424,56.002004751841014,0.0010379961881952227
-248.39999999998258,1004667,56.03309188858524,3.07467365162631,54.87246104034223,44.27521251433913,12.145580917969118,70.52325579791804,22.240489718430354,1309.1600000000174,1308.9100000000174,1309.6900000000173,1306.9395226000174,0.3151163212989155,56.032655184943444,-0.0004367036417960435
-248.29999999998256,1005221,56.063990019912616,3.080278483869953,54.942191641656436,44.29962703948323,12.167721135520598,70.49235766659066,22.23488488618671,1309.2600000000175,1309.0100000000175,1309.7900000000172,1307.0395226000173,0.305913809261044,56.06366804644129,-0.0003219734713226785
-248.19999999998254,1005764,56.09427465043746,3.0858863852356007,55.01250180104673,44.323556799687644,12.18987347672287,70.46207303606582,22.229276984821063,1309.3600000000174,1309.1100000000174,1309.8900000000174,1307.1395226000175,0.2930860652081124,56.09404184930188,-0.00023280113558143967
-248.09999999998251,1006272,56.12260723295425,3.0914972922398154,55.08470551639911,44.34594412599306,12.212037690803555,70.43374045354904,22.223666077816848,1309.4600000000173,1309.2100000000173,1309.9900000000175,1307.2395226000176,0.2894608331931233,56.12303152975389,0.0004242967996361813
-247.9999999999825,1006802,56.1521668170761,3.097110991541554,55.15568084186041,44.36930098217784,12.234212935022516,70.4041808694272,22.218052378515107,1309.5600000000175,1309.3100000000175,1310.0900000000174,1307.3395226000175,0.30702926526562047,56.1528416593305,0.000674842254397845
-247.89999999998247,1007373,56.18401308600739,3.1027278605716844,55.224390180565756,44.394464689501454,12.256400700307784,70.37233460049589,22.21243550948498,1309.6600000000176,1309.4100000000176,1310.1900000000173,1307.4395226000174,0.3022885772460905,56.18365947007847,-0.0003536159289225793
-247.79999999998245,1007886,56.21262453252533,3.1083477234355725,55.296256833499086,44.417072363506726,12.278600291840087,70.34372315397795,22.20681564662109,1309.7600000000175,1309.5100000000175,1310.2900000000175,1307.5395226000176,0.28778764918624083,56.21288829056852,0.00026375804318945484
-247.69999999998242,1008405,56.24157061584465,3.1139704382298006,55.36777163460861,44.43994445475182,12.300811149072313,70.31477707065864,22.201192931826863,1309.8600000000174,1309.6100000000174,1310.3900000000176,1307.6395226000177,0.28973969719431186,56.241839086354446,0.0002684705097948381
-247.5999999999824,1008925,56.27057247196421,3.1195960912528458,55.43921012723174,44.46286061553689,12.323033612900849,70.28577521453909,22.195567278803818,1309.9600000000175,1309.7100000000175,1310.4900000000175,1307.7395226000176,0.2861144651794294,56.27093499788173,0.0003625259175237261
-247.49999999998238,1009431,56.29879350888055,3.1252246252293796,55.511396078788216,44.485159802762375,12.345267457076595,70.25755417762274,22.189938744827284,1310.0600000000177,1309.8100000000177,1310.5900000000174,1307.8395226000175,0.29475924921503044,56.29963131387824,0.0008378049976869306
-247.39999999998236,1009982,56.32952432180723,3.130856017515624,55.58108390245282,44.509442119286554,12.367512592152062,70.22682336469606,22.18430735254104,1310.1600000000176,1309.9100000000176,1310.6900000000176,1307.9395226000177,0.31093336128165594,56.32966958745411,0.00014526564688566168
-247.29999999998233,1010546,56.360980181136895,3.1364905591468726,55.65003569963826,44.53429733983036,12.389770167775348,70.19536750536639,22.17867281090979,1310.2600000000175,1310.0100000000175,1310.7900000000177,1308.0395226000178,0.3034040332506314,56.36033877140872,-0.0006414097281748354
-247.1999999999823,1011070,56.39020512845737,3.1421280852699085,55.72116785374541,44.55738977877532,12.412039532743002,70.16614255804592,22.173035284786753,1310.3600000000176,1310.1100000000176,1310.8900000000176,1308.1395226000177,0.302846305248361,56.39038313840584,0.00017800994847050333
-247.0999999999823,1011632,56.42154944218658,3.1477686357745567,55.79018419194563,44.58215686023918,12.434320844627878,70.1347982443167,22.167394734282105,1310.4600000000178,1310.2100000000178,1310.9900000000175,1308.2395226000176,0.2992210732334074,56.42075594311873,-0.0007934990678535314
-246.99999999998226,1012143,56.45004934310406,3.1534122364585344,55.86199256075151,44.60467639516452,12.45661420533616,70.10629834339923,22.161751133598127,1310.5600000000177,1310.3100000000177,1311.0900000000177,1308.3395226000177,0.28137377715986384,56.449943232811066,-0.00010611029299667507
-246.89999999998224,1012641,56.47782419761857,3.1590586244211214,55.934495871643826,44.62662302607022,12.47891857635699,70.07852348888471,22.15610474563554,1310.6600000000176,1310.4100000000176,1311.1900000000178,1308.4395226000179,0.2744021771311098,56.47766960116622,-0.0001545964523472776
-246.79999999998222,1013127,56.5049297785303,3.1647077703787705,56.007640090568486,44.64804082249626,12.501233842014454,70.05141790797299,22.15045559967789,1310.7600000000177,1310.5100000000177,1311.2900000000177,1308.5395226000178,0.28444128117244033,56.505694387547805,0.0007646090175086329
-246.6999999999822,1013661,56.53471245385307,3.1703597632986336,56.078108929738804,44.67157395684094,12.52356035374674,70.02163523265023,22.14480360675803,1310.8600000000179,1310.6100000000179,1311.3900000000176,1308.6395226000177,0.314279729295492,56.53537415085645,0.0006616970033803682
-246.59999999998217,1014254,56.56778572438941,3.176014845208944,56.14529196322411,44.69770719404392,12.545899067614176,69.98856196211388,22.13914852484772,1310.9600000000178,1310.7100000000178,1311.4900000000177,1308.7395226000178,0.31372200129322153,56.56674611668528,-0.0010396077041292529
-246.49999999998215,1014786,56.597456854111726,3.181673112521973,56.21583175942346,44.72115218930865,12.568250364464669,69.95889083239156,22.13349025753469,1311.0600000000177,1310.8100000000177,1311.5900000000179,1308.839522600018,0.30228857724605496,56.59799445378062,0.0005375996688954388
-246.39999999998213,1015338,56.628243439838634,3.187334444099703,56.28524302516818,44.74547857537279,12.59061376577863,69.92810424666465,22.12782892595696,1311.1600000000178,1310.9100000000178,1311.6900000000178,1308.9395226000179,0.2958747052196069,56.62803478260989,-0.00020865722874674475
-246.2999999999821,1015847,56.65663179515566,3.1929987194784974,56.35701626286069,44.76790997121819,12.612988795700394,69.89971589134763,22.122164650578164,1311.260000000018,1311.010000000018,1311.7900000000177,1309.0395226000178,0.2894608331931944,56.65695044185971,0.0003186467040521279
-246.19999999998208,1016376,56.686135606477286,3.1986658341880774,56.42765730925181,44.791222757863,12.635375041551304,69.870212080026,22.116497535868586,1311.3600000000179,1311.1100000000179,1311.8900000000178,1309.139522600018,0.29671129722306594,56.68597446199631,-0.00016114448097681588
-246.09999999998206,1016911,56.71597405460029,3.2043359143708994,56.497943794213874,44.814799961747646,12.657773001619493,69.84037363190299,22.110827455685765,1311.4600000000178,1311.2100000000178,1311.990000000018,1309.239522600018,0.2997788012356779,56.71584195659381,-0.00013209800647473458
-245.99999999998204,1017451,56.746091366724436,3.210009002579399,56.567931381115855,44.83859751333213,12.680182843995661,69.81025631977886,22.105154367477265,1311.560000000018,1311.310000000018,1312.0900000000179,1309.339522600018,0.2908551531989239,56.7455388588981,-0.0005525078263346472
-245.89999999998201,1017954,56.774145085240086,3.2156850221426816,56.63995498857248,44.8607644919377,12.702604265814319,69.78220260126321,22.09947834791398,1311.660000000018,1311.410000000018,1312.1900000000178,1309.4395226000179,0.2914128812012654,56.77455829465162,0.0004132094115334439
-245.799999999982,1018496,56.8043739429647,3.221363914238332,56.709786423714334,44.884650182602144,12.725037034715061,69.75197374353858,22.09379945581833,1311.760000000018,1311.510000000018,1312.290000000018,1309.539522600018,0.30033652923801946,56.804453759430814,7.981646611199267e-05
-245.69999999998197,1019031,56.8342123910877,3.2270459128945705,56.77998826989305,44.908227386486786,12.747482075156551,69.72213529541558,22.08811745716209,1311.8600000000179,1311.6100000000179,1312.390000000018,1309.6395226000182,0.2972690252253364,56.83456648436121,0.00035409327350777176
-245.59999999998195,1019562,56.86382774800978,3.2327308275352067,56.85039075914743,44.93162831221154,12.769938634324408,69.6925199384935,22.082432542521456,1311.960000000018,1311.710000000018,1312.490000000018,1309.739522600018,0.29838448122998396,56.86390180893184,7.406092205997084e-05
-245.49999999998192,1020101,56.893889287333714,3.2384186932563592,56.92032543075462,44.95538179425607,12.792406850855375,69.66245839916957,22.076744676800303,1312.0600000000181,1311.8100000000181,1312.5900000000179,1309.839522600018,0.29420152121275994,56.893366261316054,-0.0005230260176602997
-245.3999999999819,1020617,56.92266805225235,3.2441095007874723,56.99152221412973,44.97812167688126,12.814886688128892,69.63367963425094,22.07105386926919,1312.160000000018,1311.910000000018,1312.690000000018,1309.939522600018,0.2902974251966179,56.92254577609971,-0.00012227615263782354
-245.29999999998188,1021142,56.95194877237305,3.2498032024115817,57.06219492857874,45.00125818536619,12.83737795765332,69.60439891413023,22.065360167645082,1312.260000000018,1312.010000000018,1312.7900000000182,1310.0395226000182,0.2992210732334074,56.952098260399694,0.00014948802664349614
-245.19999999998186,1021690,56.98251226689904,3.2554999204395547,57.13156178848689,45.02540829327045,12.859881142581257,69.57383541960425,22.05966344961711,1312.360000000018,1312.110000000018,1312.890000000018,1310.1395226000182,0.2930860652081124,56.98194855175257,-0.0005637151464696899
-245.09999999998183,1022193,57.01056598541469,3.261199592121935,57.2034242381713,45.04757527187601,12.882395995039694,69.5457817010886,22.053963777934726,1312.4600000000182,1312.2100000000182,1312.990000000018,1310.239522600018,0.3298961133598471,57.01067887786462,0.00011289244993406555
-244.9999999999818,1022873,57.04849148957103,3.2669020562151303,57.2653539281113,45.07754255905649,12.904921878083925,69.50785619693227,22.048261313841532,1312.5600000000181,1312.3100000000181,1313.090000000018,1310.3395226000182,0.32878065735523504,57.043787661833214,-0.004703827737813526
-244.8999999999818,1023372,57.07632211688575,3.272608349654304,57.33740767235104,45.09953325950217,12.927462887816944,69.48002556961754,22.042555020402357,1312.660000000018,1312.410000000018,1313.1900000000182,1310.4395226000183,0.2894608331931944,57.07713457065732,0.0008124537715730185
-244.79999999998176,1023911,57.10638365620968,3.2783174831292645,57.40719816658858,45.1232867415467,12.950015116263998,69.44996403029361,22.0368458869274,1312.7600000000182,1312.5100000000182,1313.2900000000182,1310.5395226000182,0.29782675322767793,57.10627138029688,-0.00011227591279805438
-244.69999999998174,1024440,57.1358874675313,3.284029603930366,57.47752856375228,45.14659952819151,12.972579145251693,69.42046021897198,22.031133766126295,1312.8600000000183,1312.6100000000183,1313.390000000018,1310.6395226000182,0.2894608331931233,57.1356597082997,-0.0002277592315991228
-244.59999999998172,1024949,57.16427582284832,3.289744615070927,57.54895986552549,45.169030924036896,12.995154591663075,69.39207186365496,22.025418754985736,1312.9600000000182,1312.7100000000182,1313.4900000000182,1310.7395226000183,0.28332582516789934,57.164098348305934,-0.00017747454238303817
-244.4999999999817,1025456,57.19255263256489,3.29546242360003,57.62048154716608,45.19137418080235,13.017741088323277,69.36379505393839,22.019700946456634,1313.0600000000181,1312.8100000000181,1313.5900000000183,1310.8395226000184,0.2702192171138858,57.19180469702742,-0.000747935537468436
-244.39999999998167,1025918,57.21831966627111,3.301182976010335,57.694511045844415,45.21173430826908,13.040338423867523,69.33802802023217,22.013980394046328,1313.1600000000183,1312.9100000000183,1313.6900000000182,1310.9395226000183,0.2757964971368393,57.219310972057606,0.000991305786499197
-244.29999999998165,1026445,57.24771193199227,3.3069062857944442,57.764863855570354,45.23495895583395,13.062946651594302,69.30863575451102,22.00825708426222,1313.2600000000184,1313.0100000000184,1313.7900000000182,1311.0395226000182,0.29475924921503044,57.24781918866091,0.0001072566686417531
-244.19999999998163,1026975,57.277271516114126,3.31263253984807,57.83502691667338,45.258315812018736,13.085566509779374,69.27907617038916,22.002530830208592,1313.3600000000183,1313.1100000000183,1313.8900000000183,1311.1395226000184,0.28332582516789934,57.27676210953012,-0.0005094065840083317
-244.0999999999816,1027461,57.30437709702586,3.3183616382163525,57.90764696033278,45.279733608444786,13.10819760358088,69.25197058947742,21.99680173184031,1313.4600000000182,1313.2100000000182,1313.9900000000184,1311.2395226000185,0.2794217291517928,57.30447155933295,9.44623070893158e-05
-243.99999999998158,1027977,57.3331558619445,3.324093434159939,57.97855332024976,45.302473491069975,13.130839353348795,69.2231918245588,21.991069935896725,1313.5600000000184,1313.3100000000184,1314.0900000000183,1311.3395226000184,0.2911340172000769,57.332968378810314,-0.000187483134183708
-243.89999999998156,1028505,57.36260390046589,3.3298282318921175,58.048763575481146,45.325742208174816,13.153492960786942,69.1937437860374,21.985335138164544,1313.6600000000185,1313.4100000000185,1314.1900000000182,1311.4395226000183,0.2894608331931944,57.36242204214764,-0.0001818583182497946
-243.79999999998154,1029015,57.39104802858315,3.335565918568371,58.119968760757246,45.34821767356017,13.176157980136729,69.16529965792014,21.979597451488292,1313.7600000000184,1313.5100000000184,1314.2900000000184,1311.5395226000185,0.29141288120119435,57.39151544087749,0.00046741229434132947
-243.69999999998151,1029550,57.420886476706144,3.3413065349802955,58.18974139899005,45.37179487744481,13.198834572533185,69.13546120979714,21.97385683507637,1313.8600000000183,1313.6100000000183,1314.3900000000185,1311.6395226000186,0.2855567371770523,57.420609852065944,-0.0002766246402003958
-243.5999999999815,1030039,57.44815937601857,3.347050040538787,58.26209363177605,45.39334488249078,13.221522577641162,69.1081883104847,21.968113329517877,1313.9600000000185,1313.7100000000185,1314.4900000000184,1311.7395226000185,0.27523876913456885,57.448339759405954,0.00018038338738080029
-243.49999999998147,1030537,57.47593423053307,3.352796202932179,58.33391397318194,45.415291513396475,13.244221077782738,69.08041345597022,21.962367167124484,1314.0600000000186,1313.8100000000186,1314.5900000000183,1311.8395226000184,0.2880665131874649,57.476093950104435,0.00015971957136429182
-243.39999999998145,1031072,57.50577267865608,3.3585452593288103,58.40361937394457,45.438868717281125,13.266931009820668,69.05057500784721,21.956618110727852,1314.1600000000185,1313.9100000000185,1314.6900000000185,1311.9395226000186,0.29838448122998396,57.50577767612015,4.997464067457713e-06
-243.29999999998142,1031607,57.53561112677908,3.364297358467406,58.47330535960093,45.46244592116577,13.289652961302915,69.02073655972421,21.950866011589255,1314.2600000000184,1314.0100000000184,1314.7900000000186,1312.0395226000187,0.2902974251966179,57.535245235013114,-0.000365891765966353
-243.1999999999814,1032113,57.563832163695416,3.370052308375816,58.54461354817954,45.48474510839124,13.312386173900771,68.99251552280788,21.945111061680848,1314.3600000000185,1314.1100000000185,1314.8900000000185,1312.1395226000186,0.28555673717708785,57.563907462568395,7.529887297863525e-05
-243.09999999998138,1032631,57.59272247421451,3.3758101399599223,58.61522072465569,45.507573130096375,13.335130769698708,68.96362521228878,21.939353230096742,1314.4600000000187,1314.2100000000187,1314.9900000000184,1312.2395226000185,0.2925283372058064,57.59284014093337,0.00011766671885737878
-242.99999999998136,1033162,57.62233783113659,3.381570876404005,58.685069084037615,45.530974055821126,13.357886840279301,68.9340098553667,21.933592493652657,1314.5600000000186,1314.3100000000186,1315.0900000000186,1312.3395226000187,0.2883453771885824,57.62198533323098,-0.000352497905609539
-242.89999999998133,1033665,57.65039154965224,3.3873345370265713,58.756487960869784,45.55314103442669,13.380654461954553,68.90595613685105,21.92782883303009,1314.6600000000185,1314.4100000000185,1315.1900000000187,1312.4395226000188,0.27300785712538034,57.65025763648108,-0.00013391317116173695
-242.7999999999813,1034141,57.67693940256168,3.393100927931304,58.829420615557176,45.57411813545302,13.403432868794908,68.87940828394161,21.92206244212536,1314.7600000000186,1314.5100000000186,1315.2900000000186,1312.5395226000187,0.2735655851276508,57.67732587481812,0.0003864722564443923
-242.6999999999813,1034646,57.705104666677784,3.3988700022015372,58.90068169591656,45.59637325313852,13.426221875470082,68.8512430198255,21.916293367855125,1314.8600000000188,1314.6100000000188,1315.3900000000185,1312.6395226000186,0.28583560117824086,57.70500675210821,-9.791456957231048e-05
-242.59999999998126,1035166,57.73410652279734,3.4046419292817283,58.971068131752325,45.619289413923596,13.449022151319847,68.82224116370594,21.910521440774936,1314.9600000000187,1314.7100000000187,1315.4900000000187,1312.7395226000187,0.28973969719431186,57.73417619415847,6.967136113189554e-05
-242.49999999998124,1035685,57.76305260611666,3.410416837440372,59.041492503795325,45.6421615051687,13.471834203030618,68.79329508038663,21.90474653261629,1315.0600000000186,1314.8100000000186,1315.5900000000188,1312.8395226000189,0.29169174520234736,57.76334851151256,0.00029590539590174103
-242.39999999998122,1036212,57.79244487183782,3.4161945989840334,59.111439333634074,45.66538615273357,13.494657526187583,68.76390281466547,21.898968771072628,1315.1600000000187,1314.9100000000187,1315.6900000000187,1312.9395226000188,0.29838448122998396,57.79273540924628,0.0002905374084605228
-242.2999999999812,1036755,57.82272950236267,3.4219753845222236,59.180454018214405,45.689315912937985,13.51749279473271,68.73361818414062,21.89318798553444,1315.2600000000189,1315.0100000000189,1315.7900000000186,1313.0395226000187,0.2897396971943474,57.82193648301522,-0.0007930193474479097
-242.19999999998117,1037251,57.850392811276706,3.427758986280639,59.25212984227948,45.711174404763746,13.540339187915604,68.70595487522658,21.887404383776023,1315.3600000000188,1315.1100000000188,1315.8900000000187,1313.1395226000188,0.2777485451448748,57.85015591069672,-0.0002369005799849333
-242.09999999998115,1037751,57.87827921139166,3.4335454157043657,59.323557342882644,45.73320917474939,13.563196750946666,68.67806847511163,21.881617954352297,1315.4600000000187,1315.2100000000187,1315.9900000000189,1313.239522600019,0.2710558091173093,57.87780288632851,-0.0004763250631469873
-241.99999999998113,1038223,57.90460397310018,3.4393345468579075,59.39656453665868,45.754009997615846,13.586064986355288,68.6517437134031,21.875828823198756,1315.5600000000188,1315.3100000000188,1316.0900000000188,1313.3395226000189,0.2791428651506754,57.905186509070084,0.0005825359699045407
-241.8999999999811,1038752,57.934107784421805,3.445126453006182,59.46628997594677,45.777322784260654,13.60894418355267,68.62223990208147,21.87003691705048,1315.660000000019,1315.410000000019,1316.1900000000187,1313.4395226000188,0.29977880123571343,57.93383812874528,-0.0002696556765258151
-241.79999999998108,1039298,57.964559733347336,3.450921314483659,59.53502157799233,45.80138475308498,13.631835054896328,68.59178795315594,21.864242055573005,1315.7600000000189,1315.5100000000189,1316.2900000000188,1313.539522600019,0.30033652923798393,57.964068377689735,-0.0004913556576013889
-241.69999999998106,1039829,57.994175090269415,3.4567192666817226,59.604594104515684,45.82478567880974,13.654738135209536,68.56217259623386,21.85844410337494,1315.8600000000188,1315.6100000000188,1316.390000000019,1313.639522600019,0.2908551531989239,57.99405602093475,-0.00011906933466576675
-241.59999999998104,1040341,58.022730763987134,3.4625201256878486,59.67523555159739,45.847349283275044,13.677652698000733,68.53361692251616,21.852643244368814,1315.960000000019,1315.710000000019,1316.4900000000189,1313.739522600019,0.2827680971656289,58.02265277399146,-7.798999567398823e-05
-241.49999999998101,1040843,58.050728709702554,3.4683237972365237,59.7464299643982,45.86947219234063,13.700578370902138,68.50561897680073,21.846839572820137,1316.060000000019,1315.810000000019,1316.5900000000188,1313.8395226000189,0.28332582516789934,58.051174395684924,0.00044568598237049173
-241.399999999981,1041357,58.07939592902073,3.4741303605669884,59.81691622297087,45.89212393588588,13.723515466924724,68.47695175748257,21.841033009489674,1316.160000000019,1315.910000000019,1316.690000000019,1313.939522600019,0.2908551531989239,58.08005421527057,0.0006582862498447639
-241.29999999998097,1041886,58.10889974034235,3.4799398080795805,59.88652037174294,45.91543672253069,13.746463956048297,68.44744794616093,21.83522356197708,1316.2600000000189,1316.0100000000189,1316.790000000019,1314.0395226000192,0.2955958412184539,58.10879724379945,-0.00010249654290106491
-241.19999999998095,1042417,58.13851509726443,3.485752120015751,59.95598811191111,45.93883764825545,13.769423760222603,68.41783258923886,21.829411250040913,1316.360000000019,1316.110000000019,1316.890000000019,1314.139522600019,0.28806651318739385,58.13774498115251,-0.0007701161119229027
-241.09999999998092,1042919,58.166513042979844,3.4915673570758137,60.027104504199144,45.96096055732103,13.792395119226121,68.38983464352344,21.82359601298085,1316.4600000000191,1316.2100000000191,1316.9900000000189,1314.239522600019,0.28555673717708785,58.166886333317926,0.00037329033808219947
-240.9999999999809,1043441,58.19562644469986,3.497385497282417,60.09705043051289,45.98396485718605,13.81537794624388,68.36072124180342,21.817777872774247,1316.560000000019,1316.310000000019,1317.090000000019,1314.339522600019,0.2897396971943474,58.1955859479926,-4.04967072640261e-05
-240.89999999998088,1043958,58.22446098241873,3.5032064742654145,60.167263297177314,46.00674880935121,13.838371979100417,68.33188670408455,21.811956895791248,1316.660000000019,1316.410000000019,1317.1900000000192,1314.4395226000192,0.2894608331931944,58.2245155950231,5.4612604373005524e-05
-240.79999999998086,1044479,58.253518611338514,3.509030400401424,60.23722659249674,46.029709039676256,13.861377661706038,68.30282907516477,21.806132969655238,1316.760000000019,1316.510000000019,1317.290000000019,1314.5395226000192,0.2908551531988884,58.2539242051011,0.0004055937625864203
-240.69999999998083,1045001,58.28263201305852,3.5148572591064378,60.307112731609585,46.05271333954126,13.884394928550567,68.27371567344477,21.800306110950224,1316.8600000000192,1316.6100000000192,1317.390000000019,1314.639522600019,0.2972690252253364,58.28340856566722,0.0007765526087055719
-240.5999999999808,1045545,58.312972416383595,3.52068708211456,60.375709490078904,46.07668716928565,13.90742390499011,68.24337527011969,21.794476287942103,1316.9600000000191,1316.7100000000191,1317.490000000019,1314.7395226000192,0.29894220923229,58.312862396058264,-0.00011002032533014017
-240.4999999999808,1046073,58.34242045490499,3.526519831585652,60.445209576305274,46.09995588639049,13.93046444154849,68.21392723159829,21.78864353847101,1317.060000000019,1316.810000000019,1317.5900000000192,1314.8395226000193,0.2939226572115714,58.34207532719385,-0.00034512771114236784
-240.39999999998076,1046599,58.37175694782592,3.5323554971800015,60.51480513662294,46.123136464415396,13.953516497381763,68.18459073867737,21.78280787287666,1317.1600000000192,1316.9100000000192,1317.6900000000192,1314.9395226000192,0.29671129722306594,58.37184018894314,8.324111721691452e-05
-240.29999999998074,1047137,58.401762714349616,3.5381941996234434,60.58368849120526,46.14684587691995,13.976580549381318,68.15458497215367,21.77696917043322,1317.2600000000193,1317.0100000000193,1317.790000000019,1315.0395226000192,0.2783062731471808,58.40089692815618,-0.0008657861934366906
-240.19999999998072,1047597,58.42741820245537,3.5440356765656356,60.65706453578502,46.16711786530674,13.9996555612104,68.12892948404792,21.771127693491028,1317.3600000000192,1317.1100000000192,1317.8900000000192,1315.1395226000193,0.2685460331069678,58.42813755691431,0.0007193544589370049
-240.0999999999807,1048100,58.45547192097102,3.549879827134829,60.72793034558159,46.189284843912304,14.022741134405262,68.10087576553227,21.765283542921836,1317.4600000000191,1317.2100000000191,1317.9900000000193,1315.2395226000194,0.38288027357827836,58.455770547919094,0.000298626948072922
-239.99999999998067,1048970,58.503994257171044,3.5557268306752223,60.77750546475524,46.22762534368733,14.045837977411653,68.05235342933224,21.75943653938144,1317.5600000000193,1317.3100000000193,1318.0900000000192,1315.3395226000193,0.3820436815748193,58.49378103348988,-0.01021322368116273
-239.89999999998065,1049470,58.531880657286,3.561578583341529,60.8485246560788,46.249660113672974,14.068953580423042,68.02446702921728,21.753584786715134,1317.6600000000194,1317.4100000000194,1318.1900000000192,1315.4395226000192,0.2872299211840059,58.532435164586666,0.0005545073006629764
-239.79999999998063,1050000,58.56144024140786,3.5674333177081423,60.91778656744284,46.27301696985776,14.092080961751886,67.99490744509544,21.74773005234852,1317.7600000000193,1317.5100000000193,1318.2900000000193,1315.5395226000194,0.28667219318166437,58.56104988760568,-0.0003903538021816644
-239.6999999999806,1050498,58.58921509592235,3.573290793319053,60.98888314972058,46.29496360076346,14.115219171548466,67.96713259058095,21.74187257673761,1317.8600000000192,1317.6100000000192,1318.3900000000194,1315.6395226000195,0.2794217291517928,58.58904145012762,-0.0001736457947316694
-239.59999999998058,1051002,58.61732458723823,3.57915112599817,61.059612515604286,46.317174648908995,14.138368667340577,67.93902309926506,21.736012244058493,1317.9600000000194,1317.7100000000194,1318.4900000000193,1315.7395226000194,0.29782675322767793,58.618068975640966,0.0007443884027367176
-239.49999999998056,1051566,58.6487804465679,3.585014407114184,61.126836394838925,46.34202986945281,14.161529810052969,67.90756723993539,21.73014896294248,1318.0600000000195,1317.8100000000195,1318.5900000000192,1315.8395226000193,0.30368289725178443,58.64780692135158,-0.0009735252163167729
-239.39999999998054,1052091,58.6780611666886,3.5908806873824433,61.196307716809464,46.36516637793773,14.184702800021494,67.87828651981468,21.724282682674218,1318.1600000000194,1317.9100000000194,1318.6900000000194,1315.9395226000195,0.28416241717132285,58.677444015889094,-0.0006171507995063052
-239.2999999999805,1052585,58.705612930002175,3.5967498959173643,61.26756397562803,46.386936730683544,14.207887357233808,67.85073475650111,21.718413474139297,1318.2600000000193,1318.0100000000193,1318.7900000000195,1316.0395226000196,0.2922494732046889,58.70679096327223,0.0011780332700581653
-239.1999999999805,1053139,58.73651106132955,3.6026220455751004,61.3353088305404,46.41135125582765,14.231083532474301,67.81983662517374,21.712541324481563,1318.3600000000195,1318.1100000000195,1318.8900000000194,1316.1395226000195,0.30033652923801946,58.73643813839891,-7.29229306415391e-05
-239.09999999998047,1053662,58.76568023584979,3.608497183545047,61.40483984976824,46.434399625232636,14.25429151215061,67.7906674506535,21.706666186511615,1318.4600000000196,1318.2100000000196,1318.9900000000193,1316.2395226000194,0.2869510571828174,58.76549409982118,-0.00018613602860995115
-238.99999999998045,1054168,58.79390127276613,3.6143751443950674,61.47534125396232,46.45669881245811,14.277510642772429,67.76244641373717,21.700788225661597,1318.5600000000195,1318.3100000000195,1319.0900000000195,1316.3395226000196,0.28946083319315885,58.7941575293783,0.0002562566121753207
-238.89999999998042,1054700,58.82357240248844,3.6202560150509253,61.54430727668244,46.48014380772283,14.300741267714056,67.73277528401485,21.69490735500574,1318.6600000000194,1318.4100000000194,1319.1900000000196,1316.4395226000197,0.2942015212127244,58.82333690188061,-0.00023550060782895343
-238.7999999999804,1055223,58.852741577008686,3.626139811775446,61.61377897800479,46.50319217712782,14.32398345121693,67.7036061094946,21.689023558281217,1318.7600000000195,1318.5100000000195,1319.2900000000195,1316.5395226000196,0.2902974251966534,58.852417974976824,-0.0003236020318624355
-238.69999999998038,1055741,58.88163188752778,3.6320264986459234,61.683523065114876,46.52602019883295,14.347237051379114,67.67471579897551,21.68313687141074,1318.8600000000197,1318.6100000000197,1319.3900000000194,1316.6395226000195,0.28583560117824086,58.88136026573673,-0.000271621791050336
-238.59999999998035,1056248,58.90990869724435,3.637916083828596,61.75389105634055,46.5483634555984,14.370502100458907,67.64643898925894,21.677247286228067,1318.9600000000196,1318.7100000000196,1319.4900000000196,1316.7395226000197,0.28639332918051136,58.910407707812986,0.0004990105686388802
-238.49999999998033,1056768,58.9389105533639,3.6438085801874887,61.823480379542254,46.571279616383464,14.39377864927179,67.61743713313939,21.671354789869174,1319.0600000000195,1318.8100000000195,1319.5900000000197,1316.8395226000198,0.2894608331931944,58.93908210238375,0.0001715490198535008
-238.3999999999803,1057286,58.967800863883,3.6497039002490754,61.89316621580967,46.59410763808861,14.417066352279702,67.58854682262029,21.665459469807587,1319.1600000000196,1318.9100000000196,1319.6900000000196,1316.9395226000197,0.2808160491575934,58.96739133815368,-0.0004095257293172949
-238.2999999999803,1057775,58.99507376319543,3.655602058455122,61.964530684860335,46.615657643134575,14.44036526653053,67.56127392330785,21.65956131160154,1319.2600000000198,1319.0100000000198,1319.7900000000195,1317.0395226000196,0.28444128117247586,58.995660448138324,0.0005866849428954879
-238.19999999998026,1058306,59.02468912011751,3.661503032338706,62.033414947555364,46.639058568859326,14.4636753032754,67.53165856638577,21.653660337717955,1319.3600000000197,1319.1100000000197,1319.8900000000197,1317.1395226000197,0.30061539323913694,59.02469415338623,5.033268720922024e-06
-238.09999999998024,1058853,59.05519684184327,3.667406997285802,62.10134236124125,46.66316460722362,14.486997155324278,67.50115084466002,21.64775637277086,1319.4600000000196,1319.2100000000196,1319.9900000000198,1317.2395226000199,0.3047983532563965,59.05506185763237,-0.00013498421090218926
-237.99999999998022,1059399,59.0856487907688,3.673314044710235,62.169310482110376,46.68722657604795,14.510331183780202,67.47069889573449,21.641849325346428,1319.5600000000197,1319.3100000000197,1320.0900000000197,1317.3395226000198,0.2916917452023829,59.0850985222007,-0.0005502685680980335
-237.8999999999802,1059899,59.11353519088376,3.679224016990245,62.23995917533349,46.70926134603359,14.533676766005438,67.44281249561953,21.63593935306642,1319.6600000000199,1319.4100000000199,1320.1900000000196,1317.4395226000197,0.2889031051908529,59.114530428337474,0.0009952374537149922
-237.79999999998017,1060435,59.143429411806984,3.685136950795905,62.308475978571344,46.7328826194582,14.557034046854174,67.4129182746963,21.63002641926076,1319.7600000000198,1319.5100000000198,1320.2900000000197,1317.5395226000198,0.30089425724028995,59.143862989237924,0.00043357743093963563
-237.69999999998015,1060978,59.17371404233183,3.691052789588095,62.37656110190381,46.75681237966261,14.580402802985478,67.38263364417145,21.624110580468567,1319.8600000000197,1319.6100000000197,1320.3900000000199,1317.63952260002,0.2992210732334074,59.17364326364823,-7.077868360028106e-05
-237.59999999998013,1061508,59.20327362645368,3.6969716794486374,62.44539284727538,46.7801692358474,14.60378361145201,67.35307406004961,21.618191690608025,1319.9600000000198,1319.7100000000198,1320.4900000000198,1317.7395226000199,0.2919706092035359,59.20325321644459,-2.041000909258628e-05
-237.4999999999801,1062025,59.23210816417255,3.7028934402313864,62.514969583188645,46.80295318801256,14.627175760640167,67.32423952233074,21.612269929825278,1320.06000000002,1319.81000000002,1320.5900000000197,1317.8395226000198,0.2849990091748174,59.23214738083988,3.9216667332198085e-05
-237.39999999998008,1062530,59.260273428288656,3.7088181089248082,62.58523449799603,46.82520830569806,14.650579396661847,67.29607425821463,21.606345261131853,1320.1600000000199,1319.9100000000199,1320.6900000000198,1317.93952260002,0.2872299211839704,59.26075478645788,0.0004813581692246771
-237.29999999998006,1063055,59.28955414840936,3.714745591188681,62.65430132751878,46.848344814182994,14.673994146854152,67.26679353809394,21.600417778867982,1320.2600000000198,1320.0100000000198,1320.79000000002,1318.03952260002,0.2889031051908884,59.28938014555131,-0.00017400285804569648
-237.19999999998004,1063566,59.31805404932685,3.720675984953921,62.72417469831252,46.870864349108324,14.697420398063949,67.23829363717644,21.59448738510274,1320.36000000002,1320.11000000002,1320.8900000000199,1318.13952260002,0.28388355317020536,59.31833870516145,0.00028465583460501875
-237.09999999998,1064073,59.34633085904341,3.7266092589297157,62.79426554239691,46.89320760587377,14.72085802668622,67.21001682745987,21.588554111126946,1320.46000000002,1320.21000000002,1320.9900000000198,1318.2395226000199,0.2883453771885824,59.346824593174155,0.0004937341307424958
-236.99999999998,1064600,59.375723124764576,3.732545349872559,62.86315607524415,46.916432253438636,14.74430678289636,67.18062456173871,21.582618020184103,1320.56000000002,1320.31000000002,1321.09000000002,1318.33952260002,0.2894608331931944,59.37539951970862,-0.0003236050559536352
-236.89999999997997,1065111,59.404223025682064,3.7384843388336604,62.932972580373814,46.93895178836398,14.767766986862991,67.15212466082122,21.576679031223,1320.6600000000199,1320.4100000000199,1321.19000000002,1318.4395226000202,0.28778764918627636,59.40422472681134,1.7011292783308818e-06
-236.79999999997995,1065632,59.433280654601845,3.744426194817924,63.00217914233542,46.96191201868901,14.791238516149235,67.12306703190144,21.57073717523874,1320.76000000002,1320.51000000002,1321.29000000002,1318.53952260002,0.2836046891690168,59.43285169495097,-0.0004289596508755267
-236.69999999997992,1066128,59.46094396351588,3.7503709091726534,63.07284511786107,46.98377051051478,14.814721336575198,67.09540372298741,21.56479246088401,1320.8600000000201,1320.6100000000201,1321.3900000000199,1318.63952260002,0.28750878518512335,59.46184128664766,0.000897323131781036
-236.5999999999799,1066663,59.49078241163888,3.756318563075256,63.14118609306377,47.007347714399415,14.838215768808006,67.06556527486441,21.558844806981405,1320.96000000002,1320.71000000002,1321.49000000002,1318.73952260002,0.2928072012069594,59.49092794536921,0.00014553373032555328
-236.49999999997988,1067178,59.519505403757286,3.76226909476173,63.21069150759826,47.03004352748463,14.861721568867397,67.036842282746,21.552894275294932,1321.06000000002,1320.81000000002,1321.5900000000202,1318.8395226000202,0.30061539323917247,59.520370010370804,0.0008646066135185038
-236.39999999997985,1067741,59.55090549028673,3.768222637077333,63.27733568538202,47.054854678488475,14.885239261518928,67.00544219621656,21.54694073297933,1321.16000000002,1320.91000000002,1321.69000000002,1318.9395226000202,0.30842358527135,59.55059862274321,-0.00030686754352160506
-236.29999999997983,1068284,59.58119012081157,3.7741792144862814,63.3451464603754,47.078784438692885,14.908768943401189,66.97515756569172,21.54098415557038,1321.2600000000202,1321.0100000000202,1321.79000000002,1319.03952260002,0.28667219318166437,59.58015954549419,-0.0010305753173796006
-236.1999999999798,1068769,59.608239928923076,3.7801386689864342,63.41637789496679,47.10015816557896,14.932309990373856,66.9481077575802,21.535024701070228,1321.3600000000201,1321.1100000000201,1321.89000000002,1319.1395226000202,0.2849990091747819,59.609035006428805,0.0007950775057281589
-236.0999999999798,1069306,59.63818992264654,3.7861010214875694,63.48450592478269,47.123823508543545,14.955862485034775,66.91815776385675,21.52906234856909,1321.46000000002,1321.21000000002,1321.9900000000202,1319.2395226000203,0.28750878518512335,59.63778319103548,-0.0004067316110578645
-235.99999999997976,1069800,59.665741685960114,3.792066225624644,63.55516781444705,47.145593861289356,14.979426244232673,66.89060600054317,21.52309714443202,1321.5600000000202,1321.3100000000202,1322.0900000000202,1319.3395226000202,0.28137377715986384,59.66618830598471,0.0004466200245971663
-235.89999999997974,1070315,59.694464678078525,3.7980342591487695,63.624563510718836,47.16828967437458,15.003001180079954,66.86188300842477,21.517129110907895,1321.6600000000203,1321.4100000000203,1322.19000000002,1319.4395226000202,0.2889031051908884,59.69438876843476,-7.590964376191778e-05
-235.79999999997972,1070836,59.723522306998305,3.804005103378334,63.69358263607615,47.19124990469962,15.026587218780486,66.83282537950498,21.51115826667833,1321.7600000000202,1321.5100000000202,1322.2900000000202,1319.5395226000203,0.2944803852138419,59.72338834358204,-0.00013396341626759067
-235.6999999999797,1071371,59.75336075512131,3.8099789368174886,63.761751450790904,47.21482710858426,15.05018506546166,66.80298693138198,21.505184433239172,1321.8600000000201,1321.6100000000201,1322.3900000000203,1319.6395226000204,0.29671129722306594,59.75298417438813,-0.00037658073317459184
-235.59999999997967,1071900,59.78286456644293,3.8159557002132143,63.83025851784243,47.238139895229075,15.073794486062102,66.77348312006035,21.49920766984345,1321.9600000000203,1321.7100000000203,1322.4900000000202,1319.7395226000203,0.2950381132161479,59.782700257062565,-0.00016430938036648968
-235.49999999997965,1072429,59.81236837776455,3.821935476868904,63.898748378098354,47.26145268187389,15.097415809647012,66.74397930873874,21.493227893187758,1322.0600000000204,1321.8100000000204,1322.5900000000202,1319.8395226000202,0.2936437932104184,59.812142626146894,-0.0002257516176555896
-235.39999999997963,1072953,59.84159332508503,3.8279181287384465,63.96751683972658,47.284545120818855,15.121048490906416,66.71475436141826,21.487245241318217,1322.1600000000203,1321.9100000000203,1322.6900000000203,1319.9395226000204,0.2914128812012654,59.84147804536182,-0.00011527972321090374
-235.2999999999796,1073474,59.870650954004816,3.8339037724779788,64.03644709698158,47.307505351143895,15.144692990655573,66.68569673249847,21.481259597578685,1322.2600000000202,1322.0100000000202,1322.7900000000204,1320.0395226000205,0.30005766523686644,59.87111490275086,0.0004639487460451619
-235.19999999997958,1074029,59.901604858132416,3.839892351718999,64.10333013302704,47.33196394582796,15.168349086227542,66.65474282837087,21.475271018337665,1322.3600000000204,1322.1100000000204,1322.8900000000203,1320.1395226000204,0.2933649292092654,59.900638552328495,-0.000966305803920875
-235.09999999997956,1074526,59.92932393984668,3.845883900188447,64.17365735760185,47.35386650719369,15.192016910850532,66.6270237466566,21.469279469868216,1322.4600000000205,1322.2100000000205,1322.9900000000202,1320.2395226000203,0.5764118903760118,59.92943953436681,0.00011559452012477323
-234.99999999997954,1076096,60.016887236207644,3.8518782396258753,64.17990697295065,47.42305568494862,15.215695760359825,66.53946045029565,21.463285130430787,1322.5600000000204,1322.3100000000204,1323.0900000000204,1320.3395226000205,0.5705557463518698,59.986775975387445,-0.030111260820198993
-234.8999999999795,1076572,60.04343508911708,3.8578812553835276,64.25150809006215,47.44403278597496,15.239408883083547,66.5129125973862,21.457282114673134,1322.6600000000203,1322.4100000000203,1323.1900000000205,1320.4395226000206,0.26966148911154425,60.04396757464519,0.000532485528104587
-234.7999999999795,1077063,60.070819534029965,3.863887033140807,64.32219608643636,47.465670930100856,15.263132916262743,66.48552815247332,21.451276336915857,1322.7600000000205,1322.5100000000205,1323.2900000000204,1320.5395226000205,0.2755176331356863,60.07075871384812,-6.082018184372373e-05
-234.69999999997947,1077560,60.09853861574423,3.8698954071263,64.39250431478028,47.48757349146659,15.286867205066898,66.45780907075905,21.445267962930362,1322.8600000000206,1322.6100000000206,1323.3900000000203,1320.6395226000204,0.26575739309547325,60.09756553075702,-0.0009730849872156
-234.59999999997945,1078016,60.12397101264907,3.875906546246961,64.46524540821723,47.5076692016935,15.310612416712544,66.43237667385421,21.4392568238097,1322.9600000000205,1322.7100000000205,1323.4900000000205,1320.7395226000206,0.25878579306675475,60.1242085797048,0.0002375670557270837
-234.49999999997942,1078488,60.150295774357595,3.8819202488422433,64.53701014878679,47.52847002455996,15.334367754599857,66.4060519121457,21.43324312121442,1323.0600000000204,1322.8100000000204,1323.5900000000206,1320.8395226000207,0.27328672112653335,60.150747193881635,0.0004514195240403751
-234.3999999999794,1078996,60.17862835687439,3.8879366956857404,64.60660207523007,47.55085735086537,15.358133932820984,66.37771932962889,21.42722667437092,1323.1600000000205,1322.9100000000205,1323.6900000000205,1320.9395226000206,0.26268988908282576,60.17763867128447,-0.0009896855899214074
-234.29999999997938,1079430,60.20283375217417,3.893955776576503,64.68060610910821,47.56998353121292,15.381910516059955,66.35351393432911,21.42120759348016,1323.2600000000207,1323.0100000000207,1323.7900000000204,1321.0395226000205,0.2515353290368477,60.20356430322631,0.0007305510521362635
-234.19999999997935,1079898,60.22893542268177,3.899977408546388,64.75255425281327,47.590608075919484,15.40569717657587,66.32741226382151,21.415185961510275,1323.3600000000206,1323.1100000000206,1323.8900000000206,1321.1395226000207,0.26408420908855523,60.229645828674116,0.0007104059923435102
-234.09999999997933,1080377,60.255650593991895,3.9060017057422405,64.82382427602083,47.611717385565726,15.429494365271788,66.3006970925114,21.40916166431442,1323.4600000000205,1323.2100000000205,1323.9900000000207,1321.2395226000208,0.28360468916905235,60.25656985826339,0.0009192642714950239
-233.9999999999793,1080915,60.285656360515596,3.9120287225180435,64.89153405121168,47.63542679807029,15.453302296856902,66.27069132598768,21.403134647538618,1323.5600000000206,1323.3100000000206,1324.0900000000206,1321.3395226000207,0.27691195314145134,60.28447078443144,-0.0011855760841541496
-233.8999999999793,1081370,60.3110329846202,3.9180585998991297,64.96420979720686,47.65547843875722,15.477121528409713,66.24531470188309,21.397104770157533,1323.6600000000208,1323.4100000000208,1324.1900000000205,1321.4395226000206,0.27161353711957975,60.312278315877776,0.0012453312575786413
-233.79999999997926,1081889,60.339979067939524,3.924091178181222,65.03302186702632,47.67835053000232,15.500951429066122,66.21636861856376,21.39107219187544,1323.7600000000207,1323.5100000000207,1324.2900000000207,1321.5395226000207,0.2738444491288393,60.33958378630806,-0.00039528163146229645
-233.69999999997924,1082352,60.36580187444598,3.930126516656394,65.10518198417394,47.69875472700904,15.524792233041778,66.19054581205731,21.38503685340027,1323.8600000000206,1323.6100000000206,1324.3900000000208,1321.6395226000209,0.2696614891115798,60.366377811976605,0.0005759375306269021
-233.59999999997922,1082856,60.39391136576185,3.9361644537436202,65.1748556225336,47.72096577515457,15.548643302059045,66.16243632074143,21.378998916313044,1323.9600000000207,1323.7100000000207,1324.4900000000207,1321.7395226000208,0.28109491315867535,60.39386867150588,-4.269425597414056e-05
-233.4999999999792,1083360,60.422020857077726,3.9422052903906977,65.24451242231027,47.7431768233001,15.572505824922409,66.13432682942556,21.372958079665963,1324.0600000000209,1323.8100000000209,1324.5900000000206,1321.8395226000207,0.2682671691058148,60.42174682309214,-0.000274033985583344
-233.39999999997917,1083818,60.44756479958303,3.9482488031082412,65.31692080895004,47.76336067260695,15.596378918803731,66.10878288692027,21.36691456694842,1324.1600000000208,1323.9100000000208,1324.6900000000207,1321.9395226000208,0.2473523690196237,60.44728465851212,-0.00028014107090967855
-233.29999999997915,1084247,60.47149133088166,3.954294747322403,65.39105717908794,47.78226650525464,15.620261617586994,66.08485635562162,21.36086862273426,1324.2600000000207,1324.0100000000207,1324.7900000000209,1322.039522600021,0.25014100903108266,60.471964253576864,0.00047292269520227137
-233.19999999997913,1084715,60.497593001389255,3.9603431959589592,65.46282256003168,47.802891049961204,15.644154209343721,66.05875468511402,21.354820174097704,1324.3600000000208,1324.1100000000208,1324.8900000000208,1322.1395226000209,0.26436307308970824,60.49725013266868,-0.0003428687205726533
-233.0999999999791,1085195,60.524363945499616,3.9663941973489396,65.53384354308224,47.82404442914742,15.668056884991225,66.03198374100367,21.348769172707723,1324.460000000021,1324.210000000021,1324.9900000000207,1322.2395226000208,0.2699403531127328,60.523850880274374,-0.0005130652252418599
-232.99999999997908,1085683,60.551581072011814,3.9724479661350167,65.60436401174609,47.84555036465341,15.691970492411343,66.00476661449147,21.342715403921645,1324.5600000000209,1324.3100000000209,1325.0900000000208,1322.339522600021,0.2671517131012383,60.55142048243157,-0.00016058958024700587
-232.89999999997906,1086153,60.577794288119875,3.9785044814454285,65.67595483128488,47.866263048439926,15.715894949156409,65.97855339838341,21.336658888611232,1324.6600000000208,1324.4100000000208,1325.190000000021,1322.439522600021,0.26157443307821376,60.57795441473205,0.00016012661217246205
-232.79999999997904,1086621,60.60389595862747,3.984563557017966,65.74764697863834,47.88688759314648,15.739829519453137,65.95245172787583,21.330599813038695,1324.760000000021,1324.510000000021,1325.2900000000209,1322.539522600021,0.26296875308394324,60.60426298275829,0.0003670241308242339
-232.699999999979,1087096,60.630388038736676,3.990625334041983,65.81889813227615,47.90782062463285,15.763774761027943,65.9259596477666,21.32453803601468,1324.860000000021,1324.610000000021,1325.3900000000208,1322.6395226000209,0.2707769451161563,60.63085871659027,0.0004706778535918943
-232.599999999979,1087592,60.65805134765071,3.996689728761287,65.88885794987014,47.9296791164586,15.787730343026979,65.89829633885257,21.318473641295377,1324.960000000021,1324.710000000021,1325.490000000021,1322.739522600021,0.2727289931241918,60.657856062027655,-0.00019528562305737296
-232.49999999997897,1088074,60.68493383736153,4.002756905254391,65.95964850158637,47.95092063472477,15.81169691359346,65.87141384914176,21.312406464802272,1325.0600000000209,1324.8100000000209,1325.590000000021,1322.8395226000212,0.2760753611379923,60.685633303803414,0.0006994664418868979
-232.39999999997895,1088582,60.71326641987832,4.0088268554220505,66.02884495948496,47.97330796103019,15.835674440733731,65.84308126662496,21.306336514634612,1325.160000000021,1324.910000000021,1325.690000000021,1322.939522600021,0.2702192171138858,60.712636268358274,-0.0006301515200490826
-232.29999999997892,1089043,60.738977680784316,4.014899432508066,66.10087271485702,47.99362401895696,15.859662344731213,65.81737000571897,21.300263937548596,1325.2600000000211,1325.0100000000211,1325.7900000000209,1323.039522600021,0.25460283304953074,60.738797289525166,-0.0001803912591498147
-232.1999999999789,1089495,60.76418698648824,4.020974614879958,66.17342902611496,48.013543451023985,15.883660540133256,65.79216070001505,21.294188755176705,1325.360000000021,1325.110000000021,1325.890000000021,1323.139522600021,0.26045897707363724,60.76471820317903,0.000531216690788483
-232.09999999997888,1089977,60.791069476199056,4.0270523761487045,66.24414426078451,48.03478496929014,15.907668922697892,65.76527821030423,21.288110993907956,1325.460000000021,1325.210000000021,1325.9900000000212,1323.2395226000212,0.27886400114948684,60.791604554949394,0.0005350787503388688
-231.99999999997885,1090495,60.81995978671815,4.033132935790951,66.31265377244964,48.057612990995274,15.931688359402134,65.73638789978514,21.282030434265714,1325.560000000021,1325.310000000021,1326.090000000021,1323.3395226000212,0.27719081714260435,60.81939488643893,-0.0005649002792225133
-231.89999999997883,1090971,60.84650763962759,4.039216255125995,66.38369911135818,48.07859009202161,15.955718697449408,65.7098400468757,21.275947114930666,1325.6600000000212,1325.4100000000212,1326.190000000021,1323.439522600021,0.26241102508167274,60.846362334702725,-0.00014530492486386493
-231.7999999999788,1091436,60.8724419917345,4.045302208257894,66.45539551061844,48.09908242810826,15.979759439525353,65.68390569476878,21.26986116179877,1325.7600000000211,1325.5100000000211,1326.290000000021,1323.5395226000212,0.2638053450874022,60.872571261825016,0.0001292700905182187
-231.6999999999788,1091917,60.89926870864508,4.051390769378362,66.52609883972612,48.12027987683445,16.003810483682035,65.6570789778582,21.2637726006783,1325.860000000021,1325.610000000021,1326.3900000000212,1323.6395226000213,0.2646419370908968,60.8987833318404,-0.0004853768046828577
-231.59999999997876,1092385,60.92537037915269,4.057481964924265,66.59757568437607,48.14090442154102,16.0278719343504,65.6309773073506,21.2576814051324,1325.9600000000212,1325.7100000000212,1326.4900000000212,1323.7395226000212,0.2612955690771318,60.92555507098247,0.00018469182978009258
-231.49999999997874,1092854,60.95152782246052,4.063575880392562,66.66897493084893,48.16157303578756,16.051944129260683,65.60481986404277,21.2515874896641,1326.0600000000213,1325.8100000000213,1326.590000000021,1323.8395226000212,0.26380534508743775,60.95182304470406,0.00029522224353684123
-231.39999999997872,1093331,60.97813144817019,4.0696723295332085,66.73986612712663,48.18259420635387,16.076026332687654,65.5782162383331,21.245491040523454,1326.1600000000212,1325.9100000000212,1326.6900000000212,1323.9395226000213,0.2755176331356863,60.978316312432305,0.00018486426211694607
-231.2999999999787,1093842,61.00663134908767,4.075771543655051,66.80866413247718,48.20511374127919,16.100119458347894,65.54971633741562,21.23939182640161,1326.2600000000211,1326.0100000000211,1326.7900000000213,1324.0395226000214,0.2774696811437218,61.006059223272814,-0.0005721258148554398
-231.19999999997867,1094326,61.033625384398945,4.081873541377866,66.87909354342976,48.2264433986253,16.124223579793274,65.52272230210434,21.233289828678796,1326.3600000000213,1326.1100000000213,1326.8900000000212,1324.1395226000213,0.26519966509313175,61.033099101086684,-0.0005262833122614552
-231.09999999997865,1094793,61.05967128210631,4.087978163475271,66.95054325772736,48.24702387379189,16.14833806804748,65.49667640439698,21.227185206581392,1326.4600000000214,1326.2100000000214,1326.9900000000212,1324.2395226000212,0.25934352106902525,61.05943511769941,-0.0002361644068997748
-230.99999999997863,1095256,61.08549408861276,4.094085428401408,67.02222007834438,48.267428070798594,16.17246299600809,65.47085359789052,21.221077941655253,1326.5600000000213,1326.3100000000213,1327.0900000000213,1324.3395226000214,0.2691037611092738,61.08595340547456,0.00045931686180011866
-230.8999999999786,1095758,61.113492034328175,4.100195354156369,67.0914918730751,48.28955097986419,16.196598434779098,65.44285565217511,21.214968015900293,1326.6600000000212,1326.4100000000212,1327.1900000000214,1324.4395226000215,0.26268988908282576,61.11216248311368,-0.001329551214496405
-230.79999999997858,1096198,61.13803206642934,4.106307860898034,67.16454099203484,48.30894157745156,16.22074406896803,65.41831562007394,21.208855509158628,1326.7600000000214,1326.5100000000214,1327.2900000000213,1324.5395226000214,0.2498621450299652,61.13792422686831,-0.00010783956103210812
-230.69999999997856,1096654,61.16346446333418,4.112422939001745,67.23659254892323,48.32903728767847,16.244899860555552,65.39288322316911,21.202740431054917,1326.8600000000215,1326.6100000000215,1327.3900000000212,1324.6395226000213,0.25962238507017826,61.16369580882721,0.0002313454930273906
-230.59999999997854,1097129,61.18995654344339,4.118540600059802,67.30746077807292,48.34997031916483,16.26906585533358,65.3663911430599,21.19662276999686,1326.9600000000214,1326.7100000000214,1327.4900000000214,1324.7395226000215,0.2744021771311098,61.19027754376448,0.0003210003210938339
-230.4999999999785,1097638,61.218344898760414,4.124660994510501,67.37622523659603,48.37240171501022,16.29324264756372,65.33800278774288,21.19050237554616,1327.0600000000213,1326.8100000000213,1327.5900000000215,1324.8395226000216,0.26770944110350875,61.21742657186105,-0.0009183268993666616
-230.3999999999785,1098089,61.2434984316641,4.130784085374177,67.44853235292123,48.39227707753727,16.317430091168838,65.3128492548392,21.184379284682485,1327.1600000000215,1326.9100000000215,1327.6900000000214,1324.9395226000215,0.2671517131012028,61.244215368646735,0.0007169369826343086
-230.29999999997847,1098596,61.271775241380666,4.136909837584233,67.51738171918217,48.41462033430272,16.341628047628806,65.28457244512262,21.17825353247243,1327.2600000000216,1327.0100000000216,1327.7900000000213,1325.0395226000214,0.2791428651506754,61.27151435562126,-0.0002608857594097458
-230.19999999997844,1099090,61.29932700469425,4.143038388245304,67.58701262622401,48.436390687048544,16.365837058534577,65.25702068180904,21.172124981811358,1327.3600000000215,1327.1100000000215,1327.8900000000215,1325.1395226000216,0.2707769451161563,61.29922489589687,-0.00010210879737826417
-230.09999999997842,1099567,61.32593063040391,4.149169682563415,67.6576717207836,48.457411857614844,16.390056907438904,65.23041705609938,21.16599368749325,1327.4600000000214,1327.2100000000214,1327.9900000000216,1325.2395226000217,0.40909348968630543,61.32594813493567,1.750453176185829e-05
-229.9999999999784,1100557,61.38114570263153,4.155303577872294,67.69674189535613,48.50104070218643,16.41428703078124,65.17520198387176,21.15985979218437,1327.5600000000215,1327.3100000000215,1328.0900000000215,1325.3395226000216,0.40212188965758694,61.36642463397462,-0.01472106865691103
-229.89999999997838,1101009,61.406355008335446,4.161442967490213,67.76892989211505,48.52096013425345,16.438538857752192,65.14999267816785,21.15372040256645,1327.6600000000217,1327.4100000000217,1328.1900000000214,1325.4395226000215,0.2479100970219297,61.40638979655218,3.4788216737524635e-05
-229.79999999997835,1101446,61.430727722035925,4.167584855831607,67.84202320847074,48.54021852322091,16.46280055518472,65.12561996446736,21.147578514225057,1327.7600000000216,1327.5100000000216,1328.2900000000216,1325.5395226000217,0.2548816970506482,61.431746448233426,0.0010187261975005413
-229.69999999997833,1101923,61.45733134774559,4.173729316779863,67.91263507950815,48.56123969378721,16.487072414933106,65.0990163387577,21.1414340532768,1327.8600000000215,1327.6100000000215,1328.3900000000217,1325.6395226000218,0.2671517131012028,61.45754776266097,0.00021641491538559876
-229.5999999999783,1102404,61.48415806465618,4.179876365384143,67.98298125817422,48.582437142513406,16.511354496444582,65.07218962184712,21.13528700467252,1327.9600000000216,1327.7100000000216,1328.4900000000216,1325.7395226000217,0.26408420908855523,61.48393573191664,-0.00022233273953986554
-229.4999999999783,1102870,61.51014818956331,4.186026103926249,68.05423539259998,48.60297354814002,16.535647203752884,65.04619949693998,21.129137266130414,1328.0600000000218,1327.8100000000218,1328.5900000000215,1325.8395226000216,0.2568337450586837,61.510156761891835,8.57232852524703e-06
-229.39999999997826,1103325,61.53552481366793,4.192178396736524,68.12615004797001,48.623025188826965,16.55995000093551,65.02082287283537,21.12298497332014,1328.1600000000217,1327.9100000000217,1328.6900000000217,1325.9395226000217,0.25711260905987227,61.53580933308114,0.00028451941321350205
-229.29999999997824,1103792,61.561570711375296,4.198333265792868,68.19730583997433,48.64360566399356,16.584262974809594,64.99477697512799,21.116830104263794,1328.2600000000216,1328.0100000000216,1328.7900000000218,1326.0395226000219,0.26018011307248423,61.56143008300624,-0.00014062836905281983
-229.19999999997822,1104258,61.587560836282435,4.204490682753128,68.26850464056989,48.66414206962018,16.60858601341792,64.96878685022085,21.110672687303534,1328.3600000000217,1328.1100000000217,1328.8900000000217,1326.1395226000218,0.26268988908282576,61.58753276290518,-2.8073377258408527e-05
-229.0999999999782,1104734,61.61410868919187,4.210650772345452,68.3390681440478,48.685119170646516,16.632919609461826,64.94223899731142,21.10451259771121,1328.4600000000219,1328.2100000000219,1328.9900000000216,1326.2395226000217,0.26436307308970824,61.61409281921314,-1.5869978732041545e-05
-228.99999999997817,1105206,61.64043345090039,4.216813501316973,68.40986127516236,48.70591999351297,16.657263631585778,64.9159142356029,21.09834986873969,1328.5600000000218,1328.3100000000218,1329.0900000000217,1326.3395226000218,0.26018011307248423,61.63996532482051,-0.00046812607988044874
-228.89999999997815,1105667,61.66614471180638,4.222978765410418,68.48131637134601,48.726236051439734,16.681617667952526,64.8902029746969,21.092184604646246,1328.6600000000217,1328.4100000000217,1329.1900000000219,1326.439522600022,0.2540451050472247,61.66557774500651,-0.0005669667998731143
-228.79999999997813,1106117,61.691242471909845,4.229146616865977,68.5534355835296,48.74606734442682,16.705981924921353,64.86510521459344,21.086016753190684,1328.7600000000218,1328.5100000000218,1329.2900000000218,1326.5395226000219,0.2573914730609542,61.691509540109635,0.00026706819978983276
-228.6999999999781,1106590,61.717623006418584,4.2353170673184435,68.62411189876794,48.76691223683323,16.73035644845204,64.83872468008471,21.07984630273822,1328.860000000022,1328.610000000022,1329.3900000000217,1326.6395226000218,0.2724501291230388,61.71806266614983,0.00043965973124215907
-228.59999999997808,1107094,61.745732497734465,4.24149022939921,68.69284819893967,48.789123284978764,16.754741683461297,64.81061518876882,21.073673140657455,1328.9600000000219,1328.7100000000219,1329.4900000000218,1326.739522600022,0.2699403531127328,61.74540062441753,-0.0003318733169379584
-228.49999999997806,1107558,61.77161107704114,4.247666147443329,68.76404991518949,48.80957155152545,16.77913780508153,64.78473660946214,21.067497222613333,1329.0600000000218,1328.8100000000218,1329.590000000022,1326.839522600022,0.26045897707363724,61.771997582577164,0.00038650553602082027
-228.39999999997804,1108028,61.797824293149205,4.253844628915728,68.83486073452754,48.83028423531196,16.80354405276037,64.75852339335408,21.061318741140933,1329.160000000022,1328.910000000022,1329.6900000000219,1326.939522600022,0.26101670507590774,61.798007707397616,0.00018341424841139542
-228.299999999978,1108494,61.82381441805634,4.260025748984812,68.9059028318483,48.85082064093857,16.827960723428173,64.73253326844696,21.05513762107185,1329.260000000022,1329.010000000022,1329.7900000000218,1327.0395226000219,0.26213216108051973,61.82408360807999,0.0002691900236513334
-228.199999999978,1108968,61.85025072536532,4.266209445637347,68.97642928855157,48.87170960288498,16.852387572120172,64.70609696113797,21.048953924419315,1329.360000000022,1329.110000000022,1329.890000000022,1327.139522600022,0.2649208010920498,61.850214099135464,-3.6626229857006365e-05
-228.09999999997797,1109444,61.87679857827476,4.272395791804642,69.04681382958135,48.89268670391131,16.876824886929732,64.67954910822853,21.042767578252022,1329.4600000000219,1329.2100000000219,1329.990000000022,1327.2395226000222,0.2587857930667192,61.876395031421936,-0.00040354685282295577
-227.99999999997794,1109896,61.902007883978676,4.278584724643634,69.1186743516119,48.91260613597833,16.901272419614084,64.65433980252462,21.03657864541303,1329.560000000022,1329.310000000022,1330.090000000022,1327.339522600022,0.25822806506444873,61.90222897328979,0.0002210893111112
-227.89999999997792,1110370,61.92844419128766,4.284776237599303,69.18914714479622,48.93349509792473,16.92573014427958,64.62790349521563,21.03038713245736,1329.6600000000221,1329.4100000000221,1330.1900000000219,1327.439522600022,0.2724501291230743,61.92882447285639,0.00038028156873082253
-227.7999999999779,1110873,61.9564979098033,4.290970489538208,69.25779594232445,48.95566207653029,16.950198688481162,64.59984977669998,21.024192880518456,1329.760000000022,1329.510000000022,1330.290000000022,1327.539522600022,0.26157443307821376,61.955578188535135,-0.0009197212681684164
-227.69999999997788,1111308,61.980759077903315,4.297167353237012,69.3306667612109,48.9748323264178,16.974677549660996,64.57558860859997,21.01799601681965,1329.860000000022,1329.610000000022,1330.3900000000222,1327.6395226000222,0.2529296490426127,61.981169033023896,0.00040995512058117356
-227.59999999997785,1111780,62.00708383961184,4.303366723344816,69.40121123057405,48.99563314928425,16.99916631166178,64.54926384689145,21.011796646711847,1329.960000000022,1329.710000000022,1330.490000000022,1327.7395226000222,0.26352648108624926,62.00716883721225,8.499760041047466e-05
-227.49999999997783,1112253,62.03346437412058,4.309568787004458,69.47167678744611,49.01647804169067,17.023665713735472,64.5228833123827,21.005594583052204,1330.0600000000222,1329.8100000000222,1330.590000000022,1327.839522600022,0.2568337450586837,62.0331874398239,-0.00027693429667863256
-227.3999999999778,1112701,62.058450588623586,4.315773360832783,69.54368534660034,49.03622119559781,17.04817503148163,64.4978970978797,20.99939000922388,1330.1600000000221,1329.9100000000221,1330.690000000022,1327.9395226000222,0.2671517131012383,62.05945434307931,0.0010037544557235378
-227.29999999997779,1113211,62.08689471674084,4.321980677873077,69.61180290287116,49.058696660983166,17.072695185468213,64.46945296976244,20.993182692183588,1330.260000000022,1330.010000000022,1330.7900000000222,1328.0395226000223,0.28276809716555784,62.08738881942234,0.0004941026815004079
-227.19999999997776,1113715,62.11500420805671,4.3281908385966705,69.6802792462063,49.080907709128695,17.097226572577252,64.44134347844658,20.98697253145999,1330.3600000000222,1330.1100000000222,1330.8900000000222,1328.1395226000222,0.2635264810862848,62.114365199776756,-0.0006390082799541119
-227.09999999997774,1114156,62.139600012958105,4.334403550913034,69.75267864629274,49.100342376256044,17.121768038992247,64.41674767354519,20.98075981914363,1330.4600000000223,1330.2100000000223,1330.990000000022,1328.2395226000222,0.2498621450299652,62.13979333836457,0.00019332540646388452
-226.99999999997772,1114611,62.164976637062715,4.340618797264346,69.82418448584235,49.12039401694298,17.146319515356264,64.39137104944058,20.97454457279232,1330.5600000000222,1330.3100000000222,1331.0900000000222,1328.3395226000223,0.25906465706787224,62.165441584315396,0.00046494725268075854
-226.8999999999777,1115085,62.19141294437169,4.346836639229901,69.8944827498615,49.14128297888937,17.170881244919936,64.3649347421316,20.96832673082676,1330.6600000000221,1330.4100000000221,1331.1900000000223,1328.4395226000224,0.2651996650931673,62.191370989339205,-4.195503248638488e-05
-226.79999999997767,1115562,62.21801657008136,4.353057071462217,69.96457475559357,49.16230414945568,17.19545320655963,64.33833111642193,20.962106298594446,1330.7600000000223,1330.5100000000223,1331.2900000000222,1328.5395226000223,0.26408420908859076,62.21756054099337,-0.00045602908799224906
-226.69999999997765,1116032,62.24422978618942,4.359280151338102,70.03508865500216,49.18301683324219,17.220035626925306,64.31211790031386,20.95588321871856,1330.8600000000224,1330.6100000000224,1331.3900000000222,1328.6395226000222,0.26157443307821376,62.24427105526905,4.126907963097892e-05
-226.59999999997763,1116500,62.270331456697015,4.365505925673274,70.10571203895165,49.20364137794875,17.24462869094849,64.28601622980628,20.94965744438339,1330.9600000000223,1330.7100000000223,1331.4900000000223,1328.7395226000224,0.26603625709662626,62.27096850754554,0.0006370508485247228
-226.4999999999776,1116986,62.29743703760876,4.371734345039614,70.1751878235442,49.225059174374806,17.26923220337815,64.25891064889453,20.94342902501705,1331.0600000000222,1330.8100000000222,1331.5900000000224,1328.8395226000225,0.25543942505295425,62.29685000938337,-0.0005870282253894743
-226.39999999997758,1117416,62.32141934170762,4.377965295675153,70.24816414515242,49.244009076562456,17.293845714831562,64.23492834479566,20.93719807438151,1331.1600000000224,1330.9100000000224,1331.6900000000223,1328.9395226000224,0.2593435210689897,62.32227980176906,0.0008604600614390279
-226.29999999997756,1117916,62.34930574182257,4.384198800999971,70.31672203623503,49.2660438465481,17.318469317822768,64.20704194468073,20.93096456905669,1331.2600000000225,1331.0100000000225,1331.7900000000222,1329.0395226000223,0.2691037611092738,62.348675835391454,-0.000629906431115046
-226.19999999997754,1118381,62.375240093929484,4.390435030842235,70.38746502988647,49.286536182634755,17.343103683207268,64.1811075925738,20.92472833921443,1331.3600000000224,1331.1100000000224,1331.8900000000224,1329.1395226000225,0.25850692906560174,62.37499161214092,-0.00024848178856728964
-226.0999999999775,1118843,62.4010071276357,4.396673799322402,70.4583788259923,49.30689631010149,17.367748076723398,64.15534055886758,20.91848957073426,1331.4600000000223,1331.2100000000223,1331.9900000000225,1329.2395226000226,0.26408420908859076,62.4011283022759,0.00012117464019922863
-225.9999999999775,1119328,62.428056935747215,4.402915256502692,70.52782791292546,49.328270036987576,17.392403091147173,64.12829075075607,20.91224811355397,1331.5600000000225,1331.3100000000225,1332.0900000000224,1329.3395226000225,0.2632476170851673,62.42756648339254,-0.0004904523546755968
-225.89999999997747,1119787,62.453656651052746,4.4091593126190824,70.59889763147696,49.3484979558344,17.41706837189261,64.10269103545053,20.90600405743758,1331.6600000000226,1331.4100000000226,1332.1900000000223,1329.4395226000224,0.25041987303220015,62.45333189436622,-0.00032475668652409695
-225.79999999997744,1120226,62.478140910353666,4.415405922881568,70.67121169973645,49.36784448388179,17.441743742030155,64.07820677614961,20.899757447175094,1331.7600000000225,1331.5100000000225,1332.2900000000225,1329.5395226000226,0.2654785290943203,62.47931721475596,0.0011763044022927716
-225.69999999997742,1120739,62.50675235687162,4.421655176062036,70.73884035467644,49.39045215788707,17.466429552226664,64.04959532963167,20.893508193994627,1331.8600000000224,1331.6100000000224,1332.3900000000226,1329.6395226000227,0.2668728491001208,62.50595824721984,-0.0007941096517853907
-225.5999999999774,1121183,62.5315154801737,4.427907114531015,70.81080764682461,49.41001903363432,17.491125969854263,64.02483220632959,20.88725625552565,1331.9600000000225,1331.7100000000225,1332.4900000000225,1329.7395226000226,0.2624110250816372,62.53243757200777,0.0009220918340702156
-225.49999999997738,1121680,62.55923456188796,4.434161663576441,70.8794104440306,49.43192159500005,17.515832699785246,63.997113124615325,20.88100170648022,1332.0600000000227,1331.8100000000227,1332.5900000000224,1329.8395226000225,0.2819315051620988,62.559715819965604,0.0004812580776416553
-225.39999999997735,1122194,62.587901781206135,4.440419057695012,70.94692314846667,49.454573338545295,17.54055066832884,63.96844590529715,20.87474431236165,1332.1600000000226,1331.9100000000226,1332.6900000000226,1329.9395226000227,0.26045897707363724,62.586700669480116,-0.0012011117260186666
-225.29999999997733,1122614,62.6113263573027,4.44667900371034,71.02036104992527,49.47308254533324,17.565278717379208,63.945021329200586,20.868484366346323,1332.2600000000225,1332.0100000000225,1332.7900000000227,1330.0395226000228,0.2487466890253887,62.612378804246276,0.0010524469435750916
-225.1999999999773,1123086,62.637651119011224,4.4529415334558635,71.09049355946149,49.49388336819969,17.590016972684843,63.91869656749206,20.8622218366008,1332.3600000000226,1332.1100000000226,1332.8900000000226,1330.1395226000227,0.2691037611092738,62.638349994262484,0.0006988752512597785
-225.09999999997729,1123579,62.66514710952457,4.459206673709195,71.15927879201347,49.51560965140553,17.61476554002272,63.89120057697872,20.85595669634747,1332.4600000000228,1332.2100000000228,1332.9900000000225,1330.2395226000226,0.3781395855587128,62.66454961837493,-0.0005974911496409163
-224.99999999997726,1124442,62.713279036122984,4.4654744433795415,71.20460789185363,49.553641664400764,17.639524494088015,63.8430686503803,20.84968892667712,1332.5600000000227,1332.3100000000227,1333.0900000000227,1330.3395226000227,0.3672638895138878,62.702114141351856,-0.011164894771127365
-224.89999999997724,1124896,62.73859988742736,4.471747096537468,71.27585098426135,49.57364923554773,17.66430273891398,63.817747799075924,20.843416273519196,1332.6600000000226,1332.4100000000226,1333.1900000000228,1330.4395226000229,0.24930441702762368,62.73895418391413,0.0003542964867691012
-224.79999999997722,1125336,62.76313991952852,4.478022234216327,71.34796378826495,49.593039833135094,17.689090798098626,63.79320776697477,20.837141135840334,1332.7600000000227,1332.5100000000227,1333.2900000000227,1330.5395226000228,0.24567918501270566,62.763487930446274,0.0003480109177544932
-224.6999999999772,1125777,62.787735724429915,4.484299794123561,71.41999536031646,49.61247450026244,17.71388842557378,63.76861196207337,20.8308635759331,1332.8600000000229,1332.6100000000229,1333.3900000000226,1330.6395226000227,0.25432396904837773,62.78832739295404,0.0005916685241231789
-224.59999999997717,1126248,62.81400471333821,4.490579899694921,71.49010670770639,49.633231253588924,17.738696108935557,63.74234297316508,20.82458347036174,1332.9600000000228,1332.7100000000228,1333.4900000000227,1330.7395226000228,0.25376624104603623,62.81375653838886,-0.0002481749493483676
-224.49999999997715,1126687,62.838488972639134,4.496862545431242,71.56223230302763,49.65257778163631,17.763513826461143,63.71785871386415,20.81830082462542,1333.0600000000227,1332.8100000000227,1333.5900000000229,1330.839522600023,0.25934352106902525,62.83938427959064,0.0008953069515058587
-224.39999999997713,1127178,62.865873417552024,4.503147776550842,71.6310381411733,49.67421592576222,17.78834175677201,63.69047426895126,20.81201559350582,1333.1600000000228,1332.9100000000228,1333.6900000000228,1330.9395226000229,0.2612955690770963,62.86523174878701,-0.000641668765013037
-224.2999999999771,1127624,62.890748086454565,4.509435591781002,71.70268646799967,49.69387094058942,17.813179894840665,63.66559960004872,20.80572777827566,1333.260000000023,1333.010000000023,1333.7900000000227,1331.0395226000228,0.24372713700463464,62.89045978292441,-0.00028830353015507626
-224.19999999997708,1128052,62.91461884495296,4.515725868507429,71.77546254608968,49.71273270369713,17.838027756315924,63.641728841550325,20.799437501549235,1333.3600000000229,1333.1100000000229,1333.8900000000228,1331.139522600023,0.2512564650356947,62.91542963088366,0.0008107859306960563
-224.09999999997706,1128525,62.940999379461715,4.522018677707181,71.84535870561282,49.73357759610356,17.86288562157148,63.61534830704157,20.793144692349482,1333.4600000000228,1333.2100000000228,1333.990000000023,1331.239522600023,0.24567918501270566,62.940168138956565,-0.0008312405051498217
-223.99999999997704,1128933,62.963754681955514,4.528313902135223,71.9193752819981,49.75155796841184,17.887753027465795,63.59259300454777,20.78684946792144,1333.560000000023,1333.310000000023,1334.0900000000229,1331.339522600023,0.23424576096557462,62.96416696861275,0.0004122866572373596
-223.899999999977,1129365,62.98784853165484,4.534611511100906,71.9918463133729,49.770596009679444,17.91262985276463,63.568499154848446,20.780551858955757,1333.660000000023,1333.410000000023,1334.1900000000228,1331.4395226000229,0.2479100970219297,62.98844802807639,0.0005994964215503273
-223.799999999977,1129822,63.01333670135991,4.540911591740842,72.06270655467199,49.79073578944632,17.93751644167516,63.543010985143376,20.774251778315822,1333.760000000023,1333.510000000023,1334.290000000023,1331.539522600023,0.2526507850414242,63.013697214141075,0.00036051278116389085
-223.69999999997697,1130271,63.03837868866314,4.547214250543738,72.13406095042086,49.81052301289343,17.962413214849263,63.51796899784015,20.767949119512924,1333.8600000000229,1333.6100000000229,1334.390000000023,1331.6395226000232,0.2585069290655662,63.039079758454356,0.0007010697912193109
-223.59999999997694,1130749,63.065038087173036,4.553519407692535,72.20354646259521,49.8315882529997,17.987319856993455,63.49130959933025,20.761643962364126,1333.960000000023,1333.710000000023,1334.490000000023,1331.739522600023,0.2498621450299652,63.064389349000734,-0.0006487381723019325
-223.49999999997692,1131167,63.08835111766914,4.5598271284135405,72.2768474311333,49.85000932070771,18.0122366257648,63.467996568834145,20.75533624164312,1334.0600000000231,1333.8100000000231,1334.5900000000229,1331.839522600023,0.2543239690483422,63.08946181337817,0.0011106957090305514
-223.3999999999769,1131661,63.115902880982716,4.566137300055214,72.34527419603823,49.871779673453524,18.037163076167,63.44044480552057,20.74902607000145,1334.160000000023,1333.910000000023,1334.690000000023,1331.939522600023,0.2665939850989323,63.11513033021967,-0.0007725507630453876
-223.29999999997688,1132123,63.14166991468894,4.572450154479587,72.41573054145464,49.89213980092026,18.06210012410184,63.41467777181435,20.742713215577076,1334.260000000023,1334.010000000023,1334.7900000000232,1332.0395226000232,0.2498621450299652,63.141098667432935,-0.0005712472560048809
-223.19999999997685,1132557,63.16587530998872,4.578765519788703,72.48796121827257,49.91126598126781,18.087047090537716,63.390472376514566,20.73639785026796,1334.360000000023,1334.110000000023,1334.890000000023,1332.1395226000232,0.2493044170276592,63.16574400971532,-0.00013130027340224615
-223.09999999997683,1133017,63.19153079809448,4.585083303281533,72.55850974605279,49.9315379696546,18.11200360928688,63.364816888408804,20.73008006677513,1334.4600000000232,1334.2100000000232,1334.990000000023,1332.239522600023,0.2509776010345417,63.19097939484364,-0.0005514032508457944
-222.9999999999768,1133457,63.21607083019564,4.591403715667675,72.63032414653895,49.95092856724197,18.13697051269473,63.340276856307646,20.72375965438899,1334.5600000000231,1334.3100000000231,1335.090000000023,1332.3395226000232,0.24874668902531766,63.21651420436792,0.0004433741722777995
-222.89999999997679,1133909,63.24128013589956,4.59772660612241,72.70135260137569,49.970847999308994,18.161947204973217,63.31506755060373,20.717436763934252,1334.660000000023,1334.410000000023,1335.1900000000232,1332.4395226000233,0.2520930570391537,63.2415111216589,0.00023098575934454857
-222.79999999997676,1134361,63.26648944160348,4.60405201789201,72.77236430419713,49.990767431376014,18.186933856953832,63.289858244899804,20.711111352164654,1334.7600000000232,1334.5100000000232,1335.2900000000232,1332.5395226000232,0.2509776010345417,63.26685270383603,0.0003632622325469015
-222.69999999997674,1134809,63.29147565610648,4.61037997666318,72.84361644076097,50.01051058528315,18.211930570104236,63.26487203039681,20.704783393393484,1334.8600000000233,1334.6100000000233,1335.390000000023,1332.6395226000232,0.24763123302074116,63.29169144684254,0.00021579073606403654
-222.59999999997672,1135249,63.31601568820764,4.616710356181381,72.91536439873025,50.029901182870525,18.236936845693553,63.240331998295645,20.69845301387528,1334.9600000000232,1334.7100000000232,1335.4900000000232,1332.7395226000233,0.24567918501270566,63.31622102974886,0.00020534154121776282
-222.4999999999767,1135690,63.34061149310903,4.623043220869133,72.9870317303786,50.04933584999786,18.261952938203713,63.21573619339426,20.69212014918753,1335.0600000000231,1334.8100000000231,1335.5900000000233,1332.8395226000234,0.25543942505295425,63.340976450598795,0.00036495748976506093
-222.39999999997667,1136165,63.367103573218245,4.629378551471504,73.05649604328902,50.07026888148423,18.28697877157386,63.18924411328504,20.68578481858516,1335.1600000000233,1334.9100000000233,1335.6900000000232,1332.9395226000233,0.25990124907136675,63.36635842902447,-0.0007451441937718073
-222.29999999997665,1136622,63.392591742923315,4.63571649255494,73.12710152874351,50.09040866125111,18.31201491687061,63.16375594357997,20.67944687750172,1335.2600000000234,1335.0100000000234,1335.7900000000232,1333.0395226000232,0.2543239690483422,63.39234098014381,-0.0002507627795083067
-222.19999999997663,1137077,63.417968367027925,4.6420570196675355,73.1978197851103,50.11046030193805,18.337061277503995,63.13837931947536,20.673106350389126,1335.3600000000233,1335.1100000000233,1335.8900000000233,1333.1395226000234,0.24065963299198714,63.41727527856542,-0.0006930884625049316
-222.0999999999766,1137485,63.440723669521724,4.648399947610656,73.27154670910299,50.128440674246335,18.362117121902074,63.11562401698156,20.666763422446007,1335.4600000000232,1335.2100000000232,1335.9900000000234,1333.2395226000235,0.24316940900232864,63.44171492498312,0.0009912554613933366
-221.99999999997658,1137949,63.4666022488284,4.654745362652535,73.34165053303231,50.148888940793015,18.38718279084176,63.089745437674885,20.66041800740413,1335.5600000000234,1335.3100000000234,1336.0900000000233,1333.3395226000234,0.24846782502423573,63.465917431189276,-0.0006848176391258676
-221.89999999997656,1138376,63.49041723452658,4.661093131096897,73.41412033692163,50.16770663436076,18.412257756195803,63.065930451976705,20.654070238959765,1335.6600000000235,1335.4100000000235,1336.1900000000232,1333.4395226000233,0.24400600100582318,63.49002921182466,-0.0003880227019195104
-221.79999999997654,1138824,63.51540344902958,4.667443368494903,73.485219569462,50.1874497882679,18.437342474414596,63.04094423747371,20.64772000156176,1335.7600000000234,1335.5100000000234,1336.2900000000234,1333.5395226000235,0.25906465706787224,63.51598486631621,0.000581417286632302
-221.6999999999765,1139305,63.54223016594017,4.673796328070163,73.55417516609931,50.20864723699409,18.46243794578246,63.01411752056312,20.6413670419865,1335.8600000000233,1335.6100000000233,1336.3900000000235,1333.6395226000236,0.25516056105180124,63.542094590483536,-0.00013557545663189785
-221.5999999999765,1139739,63.56643556123995,4.680151787413002,73.62614792053489,50.22777341734163,18.487543291736326,62.98991212526334,20.63501158264366,1335.9600000000235,1335.7100000000235,1336.4900000000234,1333.7395226000235,0.24540032101155268,63.56656828083406,0.0001327195941129844
-221.49999999997647,1140185,63.59131023014249,4.686509641726333,73.69732790164956,50.24742843216883,18.51265809830657,62.9650374563608,20.628653728330328,1336.0600000000236,1335.8100000000236,1336.5900000000233,1333.8395226000234,0.24484259300928218,63.590952296803245,-0.00035793333924516446
-221.39999999997644,1140617,63.61540407984182,4.692869977872366,73.76939666975129,50.26646647343643,18.537782708616437,62.94094360666147,20.622293392184297,1336.1600000000235,1335.9100000000235,1336.6900000000235,1333.9395226000236,0.24818896102308272,63.615850016753114,0.00044593691129790614
-221.29999999997642,1141075,63.64094802234712,4.699232811729686,73.83976759867846,50.286650322743284,18.56291718538954,62.91539966415617,20.615930558326976,1336.2600000000234,1336.0100000000234,1336.7900000000236,1334.0395226000237,0.24874668902531766,63.64077910612567,-0.00016891622144754592
-221.1999999999764,1141509,63.66515341764689,4.705598133693594,73.91167508581363,50.30577650309082,18.58806149068538,62.891194268856395,20.609565236363068,1336.3600000000235,1336.1100000000235,1336.8900000000235,1334.1395226000236,0.24065963299202267,63.6653827023193,0.0002292846724074593
-221.09999999997638,1141938,63.68907994894553,4.711965888270154,73.98389004908474,50.324682335738515,18.613215405291722,62.86726773755775,20.60319748178651,1336.4600000000237,1336.2100000000237,1336.9900000000234,1334.2395226000235,0.2526507850414597,63.689972637247664,0.0008926883021302956
-220.99999999997635,1142415,63.715683574655195,4.718336128221046,74.05297822305566,50.345703506304815,18.63837913762784,62.84066411184809,20.596827241835616,1336.5600000000236,1336.3100000000236,1337.0900000000236,1334.3395226000237,0.25571828905407173,63.71515150508828,-0.0005320695669155384
-220.89999999997633,1142855,63.74022360675636,4.7247089185711735,74.12444844436288,50.36509410389219,18.663552944555214,62.81612407974693,20.59045445148549,1336.6600000000235,1336.4100000000235,1337.1900000000237,1334.4395226000238,0.2462369130150117,63.740284784043126,6.117728676713341e-05
-220.7999999999763,1143298,63.76493095725821,4.731084185177858,74.19570779977971,50.38461691009947,18.688736533195318,62.79141672924508,20.584079184878803,1336.7600000000236,1336.5100000000236,1337.2900000000236,1334.5395226000237,0.24177508899659914,63.764889849939266,-4.110731894257924e-05
-220.69999999997628,1143722,63.78857862455569,4.737461896541165,74.26818403377086,50.4033023950473,18.71392977911705,62.7677690619476,20.577701473515496,1336.8600000000238,1336.6100000000238,1337.3900000000235,1334.6395226000236,0.2484678250242002,63.789362879373634,0.0007842548179439746
-220.59999999997626,1144189,63.81462452226306,4.743842057753735,74.33785113158109,50.42388287021389,18.739132702437374,62.74172316424023,20.571321312302928,1336.9600000000237,1336.7100000000237,1337.4900000000237,1334.7395226000237,0.24958328102877667,63.81410002092166,-0.0005245013414025834
-220.49999999997624,1144617,63.83849528076146,4.750224716545352,74.41003575748272,50.442744633321595,18.764345491698556,62.71785240574183,20.564938653511312,1337.0600000000236,1336.8100000000236,1337.5900000000238,1334.8395226000239,0.2484678250242002,63.839024966145224,0.0005296853837677418
-220.39999999997622,1145080,63.86431808726791,4.756609862746967,74.4799287803756,50.46314883032831,18.78956810673081,62.692029599235376,20.558553507309696,1337.1600000000237,1336.9100000000237,1337.6900000000237,1334.9395226000238,0.25655488105756624,63.864342867044826,2.4779776914840568e-05
-220.2999999999762,1145537,63.88980625697298,4.762997585118764,74.55019609797183,50.48328861009519,18.81480089815475,62.666541429530305,20.5521657849379,1337.2600000000239,1337.0100000000239,1337.7900000000236,1335.0395226000237,0.24958328102877667,63.889608955145405,-0.00019730182757626835
-220.19999999997617,1145975,63.91423474347368,4.769387784537999,74.62168331797173,50.50259106860261,18.840043474415562,62.64211294302961,20.545775585518662,1337.3600000000238,1337.1100000000238,1337.8900000000237,1335.1395226000238,0.24930441702762368,63.91424433642808,9.592954398840448e-06
-220.09999999997615,1146431,63.93966714037852,4.775780433986053,74.69198148155671,50.52268677882952,18.865295728784243,62.61668054612477,20.53938293607061,1337.4600000000237,1337.2100000000237,1337.9900000000239,1335.239522600024,0.7596255391312261,63.93893823152122,-0.0007289088572974833
-219.99999999997613,1148699,64.06615985129996,4.782175572184307,74.64432991276395,50.62263649548441,18.89055781421806,62.49018783520333,20.532987797872355,1337.5600000000238,1337.3100000000238,1338.0900000000238,1335.3395226000239,0.7696646431726277,64.01573688358349,-0.05042296771647159
-219.8999999999761,1149191,64.09360006901308,4.788583581362772,74.71235156406634,50.6443187091503,18.915870742619088,62.46274761749021,20.52657978869389,1337.660000000024,1337.410000000024,1338.1900000000237,1335.4395226000238,0.2568337450586837,64.09272142684493,-0.0008786421681463708
-219.79999999997608,1149620,64.1175266003117,4.794994116469678,74.78445240659623,50.66322454179797,18.941193648946797,62.43882108619158,20.520169253586985,1337.7600000000239,1337.5100000000239,1338.2900000000238,1335.539522600024,0.2493044170276592,64.11785536140448,0.0003287610927742435
-219.69999999997606,1150085,64.14346095241862,4.801407152435056,74.8541952857318,50.68371687788463,18.966526434169754,62.412886734084665,20.513756217621605,1337.8600000000238,1337.6100000000238,1338.390000000024,1335.639522600024,0.25348737704491875,64.14326498037914,-0.00019597203947796515
-219.59999999997603,1150529,64.1682240757207,4.807822769465757,74.9252895606455,50.70328375363188,18.9918694151212,62.388123610782586,20.507340600590908,1337.960000000024,1337.710000000024,1338.4900000000239,1335.739522600024,0.2479100970219297,64.16857308499762,0.00034900927691694505
-219.499999999976,1150974,64.19304297182302,4.8142408670520584,74.99630246793609,50.72289469891911,19.017222194767463,62.36330471468027,20.500922503004603,1338.060000000024,1337.810000000024,1338.5900000000238,1335.8395226000239,0.2481889610230472,64.19339946886699,0.00035649704396689685
-219.399999999976,1151419,64.21786186792532,4.820661449359534,75.06729917719812,50.74250564420633,19.042584789563392,62.338485818577965,20.49450192069713,1338.160000000024,1337.910000000024,1338.690000000024,1335.939522600024,0.2551605610517657,64.21847546906424,0.0006136011389230589
-219.29999999997597,1151889,64.24407508403338,4.827084562145874,75.13664965729349,50.763218327992846,19.0679573802611,62.3122726024699,20.48807880791079,1338.2600000000239,1338.0100000000239,1338.790000000024,1336.0395226000242,0.2462369130150117,64.2433997896332,-0.0006752944001817696
-219.19999999997594,1152302,64.26710925052834,4.833510129317463,75.20970190949933,50.78141904800099,19.093339666275455,62.28923843597495,20.4816532407392,1338.360000000024,1338.110000000024,1338.890000000024,1336.139522600024,0.2504198730322712,64.26790232283923,0.0007930723108984239
-219.09999999997592,1152787,64.29415905863985,4.839938142610444,75.27803790381878,50.802792774887074,19.11873161496256,62.26218862786344,20.475225227446217,1338.4600000000241,1338.2100000000241,1338.9900000000239,1336.239522600024,0.2559971530552602,64.2932169667428,-0.0009420918970448611
-218.9999999999759,1153220,64.3183086811394,4.8463687727108145,75.3497545580199,50.82187488569463,19.144133900566516,62.23803900536389,20.46879459734585,1338.560000000024,1338.310000000024,1339.090000000024,1336.339522600024,0.25181419303800073,64.31857114784536,0.0002624667059620833
-218.89999999997588,1153690,64.34452189724746,4.852801856840017,75.41903667556213,50.84258756948115,19.169545880079205,62.211825789255826,20.462361513216646,1338.660000000024,1338.410000000024,1339.1900000000242,1336.4395226000242,0.26324761708509625,64.34462869932204,0.00010680207458335644
-218.79999999997585,1154164,64.37095820455643,4.8592376984506815,75.48804358339854,50.86347653142753,19.194968752199703,62.18538948194686,20.455925671605982,1338.760000000024,1338.510000000024,1339.290000000024,1336.5395226000242,0.25181419303800073,64.37080993829468,-0.0001482662617462438
-218.69999999997583,1154593,64.39488473585507,4.865676018827679,75.55997714393718,50.88238236407523,19.220401415947045,62.161462950648215,20.449487351228985,1338.8600000000242,1338.6100000000242,1339.390000000024,1336.639522600024,0.24679464101731768,64.39548513858782,0.0006004027327435324
-218.5999999999758,1155049,64.4203171327599,4.872116795478402,75.63012745556271,50.902478074302124,19.245843782470907,62.13603055374338,20.44304657457826,1338.9600000000241,1338.7100000000241,1339.490000000024,1336.7395226000242,0.2546028330494597,64.42067130121258,0.0003541684526737754
-218.49999999997578,1155506,64.44580530246498,4.878560153087924,75.70019693587916,50.92261785406901,19.271296344302456,62.11054238403831,20.436603216968738,1339.060000000024,1338.810000000024,1339.5900000000242,1336.8395226000243,0.24874668902535318,64.44554389256054,-0.000261409904439347
-218.39999999997576,1155941,64.47006647056499,4.885005904256917,75.7716902073811,50.941788103956526,19.29675836117657,62.0862812159383,20.430157465799745,1339.1600000000242,1338.9100000000242,1339.6900000000242,1336.9395226000242,0.25404510504715366,64.47041070040439,0.0003442298393991905
-218.29999999997574,1156417,64.49661432347442,4.891454235228008,75.84048072191126,50.96276520498285,19.322230568789173,62.05973336302887,20.423709134828655,1339.2600000000243,1339.0100000000243,1339.790000000024,1337.0395226000242,0.2682671691058503,64.4967940762707,0.0001797527962850154
-218.19999999997572,1156903,64.52371990438617,4.897905263072174,75.9086002842069,50.984183001408915,19.347713429594236,62.03262778211712,20.417258106984487,1339.3600000000242,1339.1100000000242,1339.8900000000242,1337.1395226000243,0.25320851304380126,64.52276949381383,-0.0009504105723436851
-218.0999999999757,1157325,64.54725602608319,4.904358789126773,75.98090284651217,51.00278034727679,19.373206158834265,62.0090916604201,20.41080458092989,1339.4600000000241,1339.2100000000241,1339.9900000000243,1337.2395226000244,0.2392653129862221,64.54739064204556,0.0001346159623665244
-217.99999999997567,1157761,64.57157296698342,4.9108147412005865,76.05227061313144,51.02199466670427,19.398708471339383,61.98477471951986,20.404348628856077,1339.5600000000243,1339.3100000000243,1340.0900000000242,1337.3395226000243,0.24540032101151715,64.57183141524989,0.0002584482664644838
-217.89999999997565,1158205,64.5963360902855,4.917273155409826,76.12309695919927,51.041561542451525,19.424220509775914,61.96001159621778,20.397890214646836,1339.6600000000244,1339.4100000000244,1340.1900000000242,1337.4395226000242,0.2651996650932028,64.59747696448525,0.0011408741997485095
-217.79999999997563,1158712,64.62461290000208,4.923734236593487,76.18976757682564,51.06390479921698,19.449743083299193,61.93173478650121,20.391429133463177,1339.7600000000243,1339.5100000000243,1340.2900000000243,1337.5395226000244,0.26798830510466176,64.62391807940898,-0.0006948205930967788
-217.6999999999756,1159166,64.64993375130645,4.930197939025711,76.25990705560594,51.08391237036394,19.475276011282862,61.90641393519684,20.384965431030952,1339.8600000000242,1339.6100000000242,1340.3900000000244,1337.6395226000245,0.2543239690483422,64.64978136062095,-0.00015239068549988133
-217.59999999997558,1159624,64.67547769381176,4.936664192865614,76.3297677712856,51.104096219670794,19.500819017841337,61.88086999269153,20.37849917719105,1339.9600000000244,1339.7100000000244,1340.4900000000243,1337.7395226000244,0.2576703370621783,64.67571815564845,0.00024046183669668153
-217.49999999997556,1160090,64.7014678187189,4.943133082656844,76.39908721246563,51.124632625297416,19.526372436939084,61.85487986778439,20.37203028739982,1340.0600000000245,1339.8100000000245,1340.5900000000242,1337.8395226000243,0.2582280650644132,64.70149536767515,2.7548956254008772e-05
-217.39999999997553,1160550,64.72712330682465,4.9496044919391515,76.46878524906234,51.14490461368421,19.551935808534633,61.829224379678635,20.36555887811751,1340.1600000000244,1339.9100000000244,1340.6900000000244,1337.9395226000245,0.26129556907706075,64.7270385738637,-8.473296095701244e-05
-217.2999999999755,1161027,64.75372693253432,4.9560784903716195,76.53734734890648,51.16592578425052,19.577509407795404,61.80262075396897,20.359084879685042,1340.2600000000243,1340.0100000000243,1340.7900000000245,1338.0395226000246,0.25767033706210724,64.75320189297128,-0.0005250395630440607
-217.1999999999755,1161474,64.77865737423708,4.962555132317749,76.60787261533135,51.18562486861768,19.603093449468194,61.7776903122662,20.352608237738913,1340.3600000000245,1340.1100000000245,1340.8900000000244,1338.1395226000245,0.24651577701612917,64.77855093465115,-0.00010643958593448133
-217.09999999997547,1161911,64.80303008793756,4.969034200558553,76.67904099261385,51.20488325758514,19.62868707549419,61.75331759856573,20.34612916949811,1340.4600000000246,1340.2100000000246,1340.9900000000243,1338.2395226000244,0.2540451050472247,64.80369618215609,0.0006660942185305885
-216.99999999997544,1162385,64.82946639524654,4.975515871554183,76.74775296190006,51.225772219531535,19.654290982926597,61.726881291256745,20.33964749850248,1340.5600000000245,1340.3100000000245,1341.0900000000245,1338.3395226000246,0.2618532970793667,64.82996050561614,0.0004941103696012306
-216.89999999997542,1162850,64.85540074735344,4.982000192659679,76.81704430548876,51.24626455561818,19.679905358827344,61.700946939149844,20.333163177396983,1340.6600000000244,1340.4100000000244,1341.1900000000246,1338.4395226000247,0.2534873770448477,64.85526274859583,-0.00013799875760867053
-216.7999999999754,1163294,64.88016387065552,4.988486924103905,76.887705370919,51.265831431365434,19.70552925605212,61.676183815847764,20.326676445952756,1340.7600000000245,1340.5100000000245,1341.2900000000245,1338.5395226000246,0.25237192104037776,64.88003074381484,-0.00013312684068012004
-216.69999999997538,1163755,64.90587513156153,4.994976198808445,76.95722750342452,51.28614748929222,19.731163199667964,61.65047255494176,20.320187171248218,1340.8600000000247,1340.6100000000247,1341.3900000000244,1338.6395226000245,0.25822806506448426,64.90587530989504,1.7833350796081504e-07
-216.59999999997535,1164220,64.93180948366843,5.001468099165887,77.02647036848481,51.30663982537886,19.756807515142228,61.624538202834856,20.313695270890776,1340.9600000000246,1340.7100000000246,1341.4900000000246,1338.7395226000247,0.2568337450586837,64.93126633451426,-0.0005431491541685318
-216.49999999997533,1164676,64.95724188057328,5.0079624520753505,77.09629145404153,51.32673553560577,19.78246151869152,61.59910580593001,20.307200917981312,1341.0600000000245,1340.8100000000245,1341.5900000000247,1338.8395226000248,0.2618532970793667,64.95697207684204,-0.0002698037312427459
-216.3999999999753,1165159,64.98418014308432,5.014459493581258,77.16431110679946,51.3480211234119,19.80812614273891,61.57216754341897,20.300703876475403,1341.1600000000246,1340.9100000000246,1341.6900000000246,1338.9395226000247,0.2621321610804842,64.9835595785396,-0.0006205645447181496
-216.29999999997528,1165616,65.00966831278939,5.020959163991061,77.23403755627662,51.36816090317878,19.833801151486792,61.5466793737139,20.2942042060656,1341.2600000000248,1341.0100000000248,1341.7900000000245,1339.0395226000246,0.2562760170563777,65.00953582713805,-0.00013248565133494594
-216.19999999997526,1166078,65.0354353464956,5.027461400746689,77.30341734412009,51.38852103064552,19.859486297818176,61.52091234000768,20.287701969309975,1341.3600000000247,1341.1100000000247,1341.8900000000247,1339.1395226000247,0.25348737704491875,65.03498845579882,-0.0004468906967787234
-216.09999999997524,1166525,65.06036578819838,5.033966161682224,77.373775887921,51.40822011501269,19.885181415169185,61.495981898304905,20.281197208374437,1341.4600000000246,1341.2100000000246,1341.9900000000248,1339.2395226000249,0.2559971530552602,65.06069533011099,0.00032954191260614607
-215.99999999997522,1166996,65.08663477710667,5.040473539812714,77.44252805624592,51.42897686833916,19.910886870968007,61.46971290939662,20.27468983024395,1341.5600000000247,1341.3100000000247,1342.0900000000247,1339.3395226000248,0.26324761708509625,65.08670390169185,6.912458518115727e-05
-215.8999999999752,1167469,65.11301531161541,5.046983502462566,77.51113165791665,51.44982176074559,19.936602536139464,61.44333237488787,20.268179867594096,1341.6600000000249,1341.4100000000249,1342.1900000000246,1339.4395226000247,0.26408420908859076,65.11280147270438,-0.00021383891103710084
-215.79999999997517,1167943,65.1394516189244,5.053496100107258,77.57965372000629,51.47071072269198,19.96232861007188,61.41689606757889,20.261667269949406,1341.7600000000248,1341.5100000000248,1342.2900000000247,1339.5395226000248,0.25822806506448426,65.13914723019636,-0.0003043887280398394
-215.69999999997515,1168395,65.16466092462832,5.0600113319086075,77.64962266528464,51.49063015475902,19.988065089454256,61.391686761874965,20.255152038148054,1341.8600000000247,1341.6100000000247,1342.3900000000249,1339.639522600025,0.25348737704491875,65.16499192496549,0.00033100033716948474
-215.59999999997513,1168852,65.19014909433339,5.066529098492254,77.7192439176774,51.5107699345259,20.013811581737837,61.366198592169894,20.24863427156441,1341.9600000000248,1341.7100000000248,1342.4900000000248,1339.7395226000249,0.25794920106322466,65.19054840241888,0.0003993080854911568
-215.4999999999751,1169320,65.21625076484098,5.073049441589094,77.78811848417463,51.53139447923245,20.03956825176807,61.34009692166231,20.242113928467568,1342.060000000025,1341.810000000025,1342.5900000000247,1339.8395226000248,0.24874668902528213,65.21594402553883,-0.0003067393021467524
-215.39999999997508,1169744,65.23989843213846,5.079572287297364,77.85990489517788,51.55007996418028,20.06533480761809,61.31644925436483,20.2355910827593,1342.1600000000249,1341.9100000000249,1342.6900000000248,1339.939522600025,0.2504198730322712,65.24096380156487,0.0010653694264135538
-215.29999999997506,1170218,65.26633473944744,5.08609763434941,77.92834781750562,51.570968926126675,20.09111124428041,61.29001294705584,20.229065735707252,1342.2600000000248,1342.0100000000248,1342.790000000025,1340.039522600025,0.2721712651219213,65.26693927772493,0.0006045382774857444
-215.19999999997503,1170720,65.29433268516286,5.092625675152913,77.99491113124026,51.59309183519226,20.11689832180417,61.26201500134043,20.22253769490375,1342.360000000025,1342.110000000025,1342.8900000000249,1340.139522600025,0.26826716910577925,65.2938606547729,-0.0004720303899574674
-215.099999999975,1171180,65.31998817326861,5.099156406480368,78.06425795660407,51.61336382357905,20.142696027440074,61.236359513234675,20.216006963576294,1342.460000000025,1342.210000000025,1342.9900000000248,1340.2395226000249,0.6054137464956044,65.32051865051805,0.0005304772494412191
-214.999999999975,1172891,65.415415434462,5.105689778883019,78.05025382737615,51.68876680646994,20.168504165855563,61.14093225204128,20.209473591173644,1342.560000000025,1342.310000000025,1343.090000000025,1340.339522600025,0.6059714744979104,65.38099347989251,-0.03442195456949548
-214.89999999997497,1173353,65.44118246816822,5.11223260517635,78.11950231282927,51.70912693393669,20.194349649045567,61.115165218335065,20.202930764880314,1342.6600000000249,1342.4100000000249,1343.190000000025,1340.4395226000252,0.25739147306098975,65.44143696218602,0.0002544940177955368
-214.79999999997494,1173814,65.46689372907422,5.11877806627546,78.18880314466763,51.72944299186345,20.220205540249697,61.08945395742907,20.196385303781202,1342.760000000025,1342.510000000025,1343.290000000025,1340.539522600025,0.2559971530552602,65.46711762042254,0.00022389134832678792
-214.69999999997492,1174271,65.49238189877929,5.125326028700437,78.2583543322917,51.74958277163033,20.246071312195387,61.063965787724,20.189837341356224,1342.8600000000251,1342.6100000000251,1343.3900000000249,1340.639522600025,0.2590646570678367,65.49277180921183,0.00038991043254554825
-214.5999999999749,1174743,65.5187066604878,5.131876620637304,78.32689139042748,51.77038359449678,20.27194747124327,61.03764102601549,20.18328674941936,1342.960000000025,1342.710000000025,1343.490000000025,1340.739522600025,0.25794920106322466,65.51843591989257,-0.00027074059522647076
-214.49999999997488,1175196,65.54397173899194,5.138429715884418,78.39667904695466,51.790347096103766,20.297833518871407,61.012375947511345,20.176733654172246,1343.060000000025,1342.810000000025,1343.5900000000252,1340.8395226000252,0.2691037611092738,65.54459078940327,0.0006190504113305906
-214.39999999997485,1175708,65.57252741270966,5.144985538795188,78.46251687712065,51.81291070056907,20.32373034132101,60.983820273793626,20.170177831261476,1343.160000000025,1342.910000000025,1343.690000000025,1340.9395226000252,0.2721712651219213,65.57160312108736,-0.0009242916222973463
-214.29999999997483,1176172,65.59840599201634,5.151544036508639,78.53154293315615,51.83335896711576,20.349637729780564,60.95794169448695,20.163619333548024,1343.2600000000252,1343.0100000000252,1343.790000000025,1341.039522600025,0.26045897707363724,65.59802657234158,-0.00037941967475774163
-214.1999999999748,1176642,65.6246192081244,5.15810514410966,78.60015351481202,51.85407165090226,20.375555427822288,60.931728478378886,20.157058225947004,1343.3600000000251,1343.1100000000251,1343.890000000025,1341.1395226000252,0.25376624104603623,65.62404573809872,-0.0005734700256851966
-214.09999999997478,1177082,65.64915924022556,5.164668845656261,78.67075382881197,51.87346224848962,20.401483372472114,60.90718844627773,20.1504945244004,1343.460000000025,1343.210000000025,1343.9900000000252,1341.2395226000253,0.2515353290368122,65.64979620200447,0.0006369617789090398
-213.99999999997476,1177544,65.67492627393177,5.171235103350064,78.73986918204844,51.89382237595637,20.42742141441882,60.88142141257151,20.1439282667066,1343.5600000000252,1343.3100000000252,1344.0900000000252,1341.3395226000252,0.25265078504149524,65.67492938900484,3.1150730706031027e-06
-213.89999999997474,1177988,65.69968939723387,5.1778038315340655,78.810172149034,51.91338925170363,20.453369215299976,60.85665828926942,20.137359538522595,1343.6600000000253,1343.4100000000253,1344.190000000025,1341.4395226000252,0.2618532970794378,65.7002439379208,0.0005545406869345015
-213.79999999997472,1178483,65.72729693334767,5.184375152137651,78.87704795459624,51.93520367398941,20.479327256761238,60.82905075315561,20.13078821791901,1343.7600000000252,1343.5100000000252,1344.2900000000252,1341.5395226000253,0.26826716910577925,65.72688566189623,-0.00041127145144059796
-213.6999999999747,1178950,65.75334283105504,5.1909492086664475,78.94578412543892,51.955784149156,20.50529610567877,60.80300485544825,20.124214161390213,1343.8600000000251,1343.6100000000251,1344.3900000000253,1341.6395226000254,0.2559971530552602,65.7532299496084,-0.00011288144663978983
-213.59999999997467,1179401,65.77849636395874,5.197525798127575,79.01557629668464,51.97565951168307,20.531274960189766,60.77785132254455,20.117637571929087,1343.9600000000253,1343.7100000000253,1344.4900000000252,1341.7395226000253,0.25822806506448426,65.77884516142473,0.00034879746598903694
-213.49999999997465,1179876,65.80498844406794,5.204104977698735,79.08374578808797,51.996592543169434,20.557264046157673,60.75135924243534,20.111058392357926,1344.0600000000254,1343.8100000000254,1344.5900000000252,1341.8395226000252,0.25237192104023565,65.80447210773268,-0.0005163363352664874
-213.39999999997463,1180306,65.8289707481668,5.210686692549125,79.15491664730656,52.01554244535708,20.583263146989765,60.72737693833649,20.104476677507538,1344.1600000000253,1343.9100000000253,1344.6900000000253,1341.9395226000254,0.24846782502416467,65.82926658944739,0.0002958412805895705
-213.2999999999746,1180767,65.85468200907279,5.217270831016628,79.22399246112593,52.03585850328384,20.609271821598167,60.7016656774305,20.097892539040036,1344.2600000000252,1344.0100000000252,1344.7900000000254,1342.0395226000255,0.25850692906560174,65.85466175540071,-2.0253672076364637e-05
-213.19999999997458,1181233,65.88067213397993,5.223857624900208,79.29271902807207,52.05639490891046,20.635290985635518,60.67567555252336,20.091305745156454,1344.3600000000254,1344.1100000000254,1344.8900000000253,1342.1395226000254,0.26101670507594327,65.88104360883656,0.0003714748566352455
-213.09999999997456,1181703,65.90688535008799,5.230447039738398,79.36116252429483,52.077107592696976,20.661320502972092,60.6494623364153,20.084716330318265,1344.4600000000255,1344.2100000000255,1344.9900000000252,1342.2395226000253,0.2677094411035443,65.90716273332283,0.0002773832348452743
-212.99999999997453,1182193,65.93421402220065,5.237039057446876,79.42824730849931,52.09870166728292,20.687360302171157,60.62213366430264,20.078124312609788,1344.5600000000254,1344.3100000000254,1345.0900000000254,1342.3395226000255,0.2506987370333887,65.93294932379969,-0.0012646984009592188
-212.8999999999745,1182602,65.95702509749468,5.243633629603162,79.50076010633076,52.11672610913117,20.713410191954157,60.59932258900861,20.0715297404535,1344.6600000000253,1344.4100000000253,1345.1900000000255,1342.4395226000256,0.24456372900809367,65.95787251783669,0.0008474203420121285
-212.7999999999745,1183070,65.98312676800228,5.250230631950446,79.56929125851129,52.137350653837736,20.739469681481637,60.57322091850101,20.064932738106215,1344.7600000000255,1344.5100000000255,1345.2900000000254,1342.5395226000255,0.2646419370908968,65.98339393090419,0.00026716290190620384
-212.69999999997447,1183551,66.00995348491287,5.256830308389345,79.63693399042977,52.15854810256393,20.76553973421021,60.54639420159042,20.05833306166732,1344.8600000000256,1344.6100000000256,1345.3900000000253,1342.6395226000254,0.2716135371196153,66.01025035234079,0.00029686742792023324
-212.59999999997444,1184044,66.03744947542621,5.263432682020917,79.70375482141448,52.18027438576977,20.791620441393725,60.51889821107707,20.051730688035747,1344.9600000000255,1344.7100000000255,1345.4900000000255,1342.7395226000256,0.26603625709662626,66.03718842228635,-0.0002610531398659077
-212.49999999997442,1184505,66.06316073633221,5.270037746073806,79.77271579704309,52.20059044369655,20.817711776283947,60.49318695017108,20.045125623982855,1345.0600000000254,1344.8100000000254,1345.5900000000256,1342.8395226000257,0.26854603310689673,66.06359370868948,0.00043297235727379757
-212.3999999999744,1185007,66.0911586820476,5.276645400762658,79.83889987687502,52.22271335276212,20.843813344708614,60.46518900445568,20.038517969294006,1345.1600000000255,1344.9100000000255,1345.6900000000255,1342.9395226000256,0.2693826251103913,66.09027586806268,-0.0008828139849299532
-212.29999999997437,1185471,66.1170372613543,5.283255801247421,79.9076307724319,52.24316161930881,20.869925759580813,60.43931042514899,20.031907568809242,1345.2600000000257,1345.0100000000257,1345.7900000000254,1343.0395226000255,0.2596223850702138,66.11728199231354,0.00024473095923838173
-212.19999999997435,1185938,66.14308315906166,5.289868857161124,79.97614572093632,52.2637420944754,20.896048663932774,60.413264527441626,20.025294512895538,1345.3600000000256,1345.1100000000256,1345.8900000000256,1343.1395226000257,0.2654785290943203,66.14343458342634,0.0003514243646804971
-212.09999999997433,1186423,66.17013296717317,5.2964844881641095,80.04343123795265,52.28511582136148,20.922181740406653,60.38621471933011,20.018678881892555,1345.4600000000255,1345.2100000000255,1345.9900000000257,1343.2395226000258,0.26296875308397877,66.16986638427393,-0.00026658289924341716
-211.9999999999743,1186881,66.19567690967847,5.3031028304379815,80.11252513776492,52.305299670668326,20.948325526947254,60.36067077682482,20.01206053961868,1345.5600000000256,1345.3100000000256,1346.0900000000256,1343.3395226000257,0.25934352106902525,66.19608947217644,0.0004125624979707254
-211.89999999997428,1187353,66.22200167138699,5.309723706058548,80.18065857336894,52.32610049353478,20.974479320718135,60.334346015116296,20.005439663998114,1345.6600000000258,1345.4100000000258,1346.1900000000255,1343.4395226000256,0.26101670507594327,66.22162516004067,-0.000376511346317443
-211.79999999997426,1187817,66.24788025069367,5.316347155469993,80.24931719101045,52.34654876008146,21.000643281481985,60.30846743580962,19.998816214586668,1345.7600000000257,1345.5100000000257,1346.2900000000257,1343.5395226000257,0.25934352106902525,66.24774502649274,-0.00013522420093181609
-211.69999999997424,1188283,66.27387037560081,5.322973255063849,80.31782699420464,52.36708516570808,21.026817711000753,60.28247731090248,19.992190114992813,1345.8600000000256,1345.6100000000256,1346.3900000000258,1343.6395226000259,0.25850692906560174,66.27386134309603,-9.03250477790607e-06
-211.59999999997422,1188744,66.2995816365068,5.329601927738615,80.38666000878587,52.38740122363485,21.053002304707963,60.256766049996486,19.985561442318048,1345.9600000000257,1345.7100000000257,1346.4900000000257,1343.7395226000258,0.2710558091173093,66.30003323711519,0.0004516006083861157
-211.4999999999742,1189255,66.32808153742428,5.336233261711275,80.45209718149941,52.409920758560176,21.079197411078493,60.228266149079005,19.978930108345388,1346.0600000000259,1345.8100000000259,1346.5900000000256,1343.8395226000257,0.27328672112653335,66.32743416307078,-0.00064737435350537
-211.39999999997417,1189724,66.35423898073212,5.3428674145712325,80.52036307918004,52.43058937280672,21.105403652622268,60.20210870577117,19.97229595548543,1346.1600000000258,1345.9100000000258,1346.6900000000257,1343.9395226000258,0.2596223850702138,66.35438909043697,0.00015010970484752306
-211.29999999997415,1190186,66.38000601443834,5.349504139529365,80.58908790044089,52.45094950027346,21.13162005447248,60.17634167206495,19.965659230527297,1346.2600000000257,1346.0100000000257,1346.7900000000259,1344.039522600026,0.27021921711381475,66.38078707894093,0.0007810645025898566
-211.19999999997412,1190693,66.4082828241549,5.356143571987023,80.65475185030408,52.4732927570389,21.157847151491776,60.14806486234839,19.95901979806964,1346.3600000000258,1346.1100000000258,1346.8900000000258,1344.1395226000259,0.2693826251103913,66.4078189115511,-0.00046391260379152754
-211.0999999999741,1191152,66.43388253946043,5.362785703311679,80.72365332744612,52.493520675885726,21.184084909579926,60.12246514704286,19.952377666744983,1346.460000000026,1346.210000000026,1346.9900000000257,1344.2395226000258,0.26603625709662626,66.43433393104569,0.0004513915852584205
-210.99999999997408,1191647,66.46149007557423,5.369430438773235,80.79010014171493,52.51533509817151,21.210332954533946,60.094857610929054,19.945732931283427,1346.5600000000259,1346.3100000000259,1347.0900000000258,1344.339522600026,0.2730078571253448,66.46110039398845,-0.0003896815857871161
-210.89999999997406,1192131,66.48848411088551,5.376077923390479,80.85727920077977,52.53666475551762,21.23659185920729,60.06786357561778,19.939085446666184,1346.6600000000258,1346.4100000000258,1347.190000000026,1344.439522600026,0.2721712651219213,66.48836343270284,-0.00012067818266814356
-210.79999999997403,1192623,66.51592432859863,5.382728111459779,80.9239015437611,52.558346969183496,21.262861443061393,60.04042335790466,19.932435258596882,1346.760000000026,1346.510000000026,1347.2900000000259,1344.539522600026,0.26994035311269726,66.51567137671316,-0.0002529518854714752
-210.699999999974,1193099,66.54247218150806,5.389381057665825,80.99159650944735,52.57932407020982,21.28914192211181,60.01387550499523,19.925782312390837,1346.860000000026,1346.610000000026,1347.3900000000258,1344.6395226000259,0.26436307308970824,66.54250232946502,3.0147956962878197e-05
-210.599999999974,1193571,66.56879694321658,5.396036611925675,81.05954831253017,52.600124893076284,21.31543270350065,59.987550743286704,19.919126758130986,1346.960000000026,1346.710000000026,1347.490000000026,1344.739522600026,0.2635264810862848,66.56891261329143,0.00011567007484813985
-210.49999999997397,1194044,66.59517747772533,5.402694840188486,81.12741860317999,52.6209697854827,21.34173404774039,59.96117020877796,19.91246852986818,1347.0600000000259,1346.8100000000259,1347.590000000026,1344.8395226000262,0.26687284910004977,66.59539860583513,0.00022112810979990627
-210.39999999997394,1194528,66.6221715130366,5.409355691646845,81.19452681887357,52.6422994428288,21.3680457541315,59.93417617346668,19.90580767840982,1347.160000000026,1346.910000000026,1347.690000000026,1344.939522600026,0.2671517131012383,66.62207371555118,-9.77974854237118e-05
-210.29999999997392,1195002,66.64860782034559,5.4160192549316,81.26230137515746,52.6631884047752,21.3943681727837,59.9077398661577,19.89914411512506,1347.2600000000261,1347.0100000000261,1347.7900000000259,1345.039522600026,0.2707769451161918,66.6489238514699,0.00031603112431355385
-210.1999999999739,1195499,66.67632690205986,5.422685476417142,81.32849735982708,52.68509096614093,21.42070109186502,59.88002078444343,19.892477893639523,1347.360000000026,1347.110000000026,1347.890000000026,1345.139522600026,0.2696614891115798,66.67586591205539,-0.0004609900044698634
-210.09999999997387,1195969,66.70254011816792,5.429354428114014,81.39651681173696,52.70580364992745,21.447044795831633,59.85380756833537,19.88580894194265,1347.460000000026,1347.210000000026,1347.9900000000262,1345.2395226000262,0.6372042426266206,66.70239606260868,-0.00014405555923246993
-209.99999999997385,1197784,66.80376775058521,5.436025955629667,81.37304434572175,52.78578986497534,21.473398674801835,59.75257993591808,19.879137414426996,1347.560000000026,1347.310000000026,1348.090000000026,1345.3395226000262,0.6486376666737161,66.76673747227443,-0.03703027831078032
-209.89999999997383,1198295,66.83226765150269,5.442707775608472,81.43832263764426,52.80830939990067,21.499793211076916,59.7240800350006,19.87245559444819,1347.6600000000262,1347.4100000000262,1348.190000000026,1345.439522600026,0.2696614891115798,66.83139802821033,-0.0008696232923597336
-209.7999999999738,1198751,66.85770004840754,5.449392235235312,81.50732423176004,52.828405110127584,21.526198174494002,59.69864763809575,19.86577113482135,1347.7600000000261,1347.5100000000261,1348.290000000026,1345.5395226000262,0.25906465706790777,66.85775754463819,5.7496230652986924e-05
-209.69999999997378,1199224,66.88408058291628,5.456079327117402,81.57515629378345,52.849250002534006,21.552613535850114,59.672267103587004,19.85908404293926,1347.860000000026,1347.610000000026,1348.3900000000262,1345.6395226000263,0.2551605610517657,66.88384564817468,-0.0002349347415986358
-209.59999999997376,1199666,66.9087321606179,5.46276900436495,81.64508320455525,52.868728739201316,21.57903910992111,59.647615525885385,19.852394365691712,1347.9600000000262,1347.7100000000262,1348.4900000000262,1345.7395226000262,0.24763123302074116,66.90895067841053,0.00021851779263215576
-209.49999999997374,1200112,66.93360682952044,5.469461117253088,81.71472263826716,52.88838375402851,21.605474305263574,59.622740856982844,19.845702252803576,1348.0600000000263,1347.8100000000263,1348.590000000026,1345.8395226000262,0.2665939850989323,66.93465813545414,0.001051305933700064
-209.39999999997372,1200622,66.9620509576377,5.476155935992044,81.77999116927336,52.91085921941387,21.631920189262388,59.59429672886559,19.83900743406462,1348.1600000000262,1347.9100000000262,1348.6900000000262,1345.9395226000263,0.2769119531414158,66.96204886315014,-2.094487555837077e-06
-209.2999999999737,1201105,66.98898922014874,5.48285352702572,81.84708548157352,52.932144807220006,21.65837702438437,59.56735846635455,19.83230984303094,1348.2600000000261,1348.0100000000261,1348.7900000000263,1346.0395226000264,0.26826716910577925,66.98903775925669,4.853910795077354e-05
-209.19999999997367,1201584,67.01570439145887,5.489553743543898,81.91443771862436,52.95325411686625,21.68484423069955,59.54064329504442,19.825609626512765,1348.3600000000263,1348.1100000000263,1348.8900000000262,1346.1395226000263,0.27997945715413436,67.01637635888187,0.000671967423002684
-209.09999999997365,1202109,67.04498511157958,5.4962568022975,81.97864155164413,52.976390625351186,21.711322664417782,59.51136257492371,19.818906567759164,1348.4600000000264,1348.2100000000264,1348.9900000000262,1346.2395226000262,0.2749599051333803,67.04424366523493,-0.0007414463446480113
-208.99999999997362,1202570,67.07069637248556,5.5029625922769485,82.04719631529622,52.99670668327794,21.73781188702884,59.48565131401773,19.812200777779715,1348.5600000000263,1348.3100000000263,1349.0900000000263,1346.3395226000264,0.2551605610517657,67.07104263524182,0.00034626275626692404
-208.8999999999736,1203024,67.09601722378994,5.509671010824552,82.11621551913832,53.01671425442491,21.764311493014155,59.460330462713344,19.80549235923211,1348.6600000000262,1348.4100000000262,1349.1900000000264,1346.4395226000265,0.27412331313002786,67.09767099612984,0.0016537723398926119
-208.79999999997358,1203553,67.12552103511157,5.516382126476177,82.18010141911158,53.040027041069735,21.790821753104215,59.43082665139171,19.798781243580486,1348.7600000000264,1348.5100000000264,1349.2900000000263,1346.5395226000264,0.28137377715986384,67.1248854539119,-0.0006355811996741068
-208.69999999997356,1204033,67.15229197922193,5.523095987915337,82.24731911792792,53.06118042025595,21.817342859608708,59.40405570728136,19.792067382141326,1348.8600000000265,1348.6100000000265,1349.3900000000262,1346.6395226000263,0.26408420908859076,67.15189882849992,-0.0003931507220045205
-208.59999999997353,1204500,67.1783378769293,5.52981250624188,82.31541120252923,53.081760895422555,21.84387446135412,59.37800980957398,19.785350863814784,1348.9600000000264,1348.7100000000264,1349.4900000000264,1346.7395226000265,0.2568337450586837,67.17848595935557,0.00014808242626429546
-208.4999999999735,1204954,67.20365872823368,5.536531685107211,82.38437891449499,53.10176846656951,21.870416572764228,59.35268895826961,19.778631684949453,1349.0600000000263,1348.8100000000263,1349.5900000000265,1346.8395226000266,0.2604589770735662,67.20454936683218,0.0008906385985056886
-208.3999999999735,1205434,67.23042967234403,5.54325341611525,82.45155420143816,53.122921845755734,21.89696876565266,59.32591801415926,19.771909953941414,1349.1600000000265,1348.9100000000265,1349.6900000000264,1346.9395226000265,0.26603625709662626,67.23032500895732,-0.00010466338670767072
-208.29999999997347,1205908,67.25686597965301,5.549977750109005,82.51912528585589,53.143810807702124,21.92353124085955,59.29948170685027,19.76518561994766,1349.2600000000266,1349.0100000000266,1349.7900000000263,1347.0395226000264,0.2626898890828613,67.25641022649432,-0.0004557531586897312
-208.19999999997344,1206376,67.28296765016061,5.5567046981605515,82.58709287397622,53.164435352408695,21.950104042121826,59.27338003634267,19.75845867189611,1349.3600000000265,1349.1100000000265,1349.8900000000265,1347.1395226000266,0.25906465706790777,67.28258782900245,-0.0003798211581624855
-208.09999999997342,1206837,67.30867891106661,5.563434267674809,82.65552611759986,53.184751410335465,21.976687198690424,59.24766877543668,19.75172910238185,1349.4600000000264,1349.2100000000264,1349.9900000000266,1347.2395226000267,0.25962238507014274,67.30869771491886,1.88038522566103e-05
-207.9999999999734,1207307,67.33489212717465,5.570166437703539,82.72332904585676,53.20546409412196,22.003280627815563,59.22145555932863,19.744996932353125,1349.5600000000265,1349.3100000000265,1350.0900000000265,1347.3395226000266,0.2665939850989323,67.33515794609336,0.0002658189187059179
-207.89999999997337,1207793,67.3619977080864,5.576901299264031,82.79002240152622,53.22688189054802,22.0298846890339,59.19434997841688,19.738262070792633,1349.6600000000267,1349.4100000000267,1350.1900000000264,1347.4395226000265,0.2671517131012383,67.3618657691924,-0.00013193889400042735
-207.79999999997335,1208265,67.38832246979491,5.58363881085738,82.85766147925855,53.24768271341446,22.05649921841639,59.16802521670837,19.731524559199283,1349.7600000000266,1349.5100000000266,1350.2900000000266,1347.5395226000267,0.25627601705630665,67.38798570531631,-0.00033676447860386816
-207.69999999997333,1208712,67.41325291149768,5.590378896405097,82.92700107120375,53.267381797781624,22.083123915437657,59.14309477500561,19.724784473651567,1349.8600000000265,1349.6100000000265,1350.3900000000267,1347.6395226000268,0.25906465706790777,67.4134634065041,0.00021049500642789098
-207.5999999999733,1209194,67.44013540120851,5.597121503538684,82.99392446709686,53.2886233160478,22.109758573231584,59.11621228529478,19.71804186651798,1349.9600000000266,1349.7100000000266,1350.4900000000266,1347.7395226000267,0.26492080109201427,67.43951522419879,-0.000620177009722056
-207.49999999997328,1209662,67.4662370717161,5.60386679944994,83.06179568742026,53.309247860754354,22.13640385223948,59.09011061478719,19.711296570606724,1350.0600000000268,1349.8100000000268,1350.5900000000265,1347.8395226000266,0.2568337450586837,67.46579978754029,-0.00043728417580268797
-207.39999999997326,1210115,67.49150215022026,5.610614663496195,83.13068289705988,53.329211362361356,22.163059275898473,59.06484553628303,19.704548706560466,1350.1600000000267,1349.9100000000267,1350.6900000000267,1347.9395226000267,0.2635264810862848,67.49195947574037,0.00045732552011656935
-207.29999999997324,1210607,67.51894236793336,5.617365191345091,83.19687771076426,53.350893576027225,22.18972522211504,59.037405318569924,19.697798178711572,1350.2600000000266,1350.0100000000266,1350.7900000000268,1348.0395226000269,0.2833258251678283,67.51983088702502,0.0008885190916601005
-207.19999999997322,1211131,67.54816731525383,5.624118629673603,83.26086188875114,53.37398601497218,22.216402665312977,59.00818037124945,19.69104474038306,1350.3600000000267,1350.1100000000267,1350.8900000000267,1348.1395226000268,0.27245012912310984,67.54795806690082,-0.0002092483530162781
-207.0999999999732,1211584,67.573432393758,5.630874782958474,83.32971381632257,53.393949516579184,22.24309083313599,58.98291529274529,19.684288587098187,1350.4600000000269,1350.2100000000269,1350.9900000000266,1348.2395226000267,0.2615744330782493,67.57443949449508,0.001007100737083988
-206.99999999997317,1212069,67.6004822018695,5.637633517572505,83.39635064639518,53.41532324346526,22.2697891977297,58.95586548463379,19.677529852484156,1350.5600000000268,1350.3100000000268,1351.0900000000267,1348.3395226000268,0.2654785290943203,67.60042872418862,-5.347768087915483e-05
-206.89999999997315,1212536,67.62652809957687,5.644394868703316,83.46421186065045,53.435903718631856,22.2964978980923,58.92981958692641,19.670768501353347,1350.6600000000267,1350.4100000000267,1351.1900000000269,1348.439522600027,0.2596223850702138,67.62671423849778,0.0001861389209096842
-206.79999999997312,1213000,67.65240667888355,5.651158860420208,83.53226644609693,53.456351985178536,22.32321702930238,58.903941007619736,19.664004509636456,1350.7600000000268,1350.5100000000268,1351.2900000000268,1348.5395226000269,0.26241102508167274,67.65251133370211,0.00010465481855703729
-206.6999999999731,1213477,67.67901030459322,5.657925370970059,83.59941059282997,53.47737315574484,22.34994611041056,58.87733738191007,19.657237999086604,1350.860000000027,1350.610000000027,1351.3900000000267,1348.6395226000268,0.26073784107475473,67.6784560512743,-0.0005542533189242249
-206.59999999997308,1213935,67.70455424709851,5.664694551630466,83.66785092412343,53.49755700505169,22.376685738993853,58.85179343940477,19.650468818426198,1350.9600000000269,1350.7100000000269,1351.4900000000268,1348.739522600027,0.2696614891115798,67.70546178225966,0.000907535161147166
-206.49999999997306,1214444,67.73294260241555,5.671466463326514,83.73276348877029,53.51998840089709,22.40343615571863,58.82340508408774,19.64369690673015,1351.0600000000268,1350.8100000000268,1351.590000000027,1348.839522600027,0.2657573930954377,67.73211638986419,-0.0008262125513596175
-206.39999999997303,1214888,67.75770572571761,5.678240974908442,83.80214344762341,53.53955527664433,22.430196842516892,58.79864196078567,19.636922395148222,1351.160000000027,1350.910000000027,1351.6900000000269,1348.939522600027,0.2573914730609187,67.75780008498083,9.435926321543775e-05
-206.299999999973,1215367,67.78442089702774,5.685018023343513,83.86909481722508,53.56066458629058,22.456967550396605,58.77192678947554,19.63014534671315,1351.260000000027,1351.010000000027,1351.7900000000268,1349.0395226000269,0.26352648108635585,67.78379821317962,-0.0006226838481211416
-206.199999999973,1215833,67.8104110219349,5.691797734551081,83.9369301671086,53.581200991917214,22.48374877676462,58.74593666456839,19.623365635505582,1351.360000000027,1351.110000000027,1351.890000000027,1349.139522600027,0.25014100903108266,67.80994111662771,-0.00046990530718460377
-206.09999999997297,1216264,67.83444909883397,5.6985800115668415,84.00716873611046,53.60019496364483,22.510540138592386,58.721898587669315,19.61658335848982,1351.4600000000269,1351.2100000000269,1351.990000000027,1349.2395226000272,0.24651577701612917,67.83491790289467,0.00046880406070215486
-205.99999999997294,1216717,67.85971417733813,5.705364718131663,84.07587310523891,53.62015846525183,22.53734109762884,58.69663350916515,19.609798651925,1351.560000000027,1351.310000000027,1352.090000000027,1349.339522600027,0.26157443307832035,67.86042000996807,0.0007058326299329565
-205.89999999997292,1217202,67.88676398544965,5.712152095568839,84.14235353438174,53.641532192137916,22.564152607149673,58.66958370105364,19.603011274487823,1351.6600000000271,1351.4100000000271,1352.1900000000269,1349.439522600027,0.2682671691058503,67.88680758016474,4.359471509474133e-05
-205.7999999999729,1217679,67.91336761115932,5.718942079647699,84.2093726288428,53.66255336270422,22.59097441343077,58.64298007534397,19.596221290408963,1351.760000000027,1351.510000000027,1352.290000000027,1349.539522600027,0.2654785290943203,67.91350888369654,0.00014127253722051591
-205.69999999997287,1218154,67.93985969126852,5.725734797345581,84.27651784040171,53.68348639419058,22.617807018058226,58.61648799523476,19.589428572711082,1351.860000000027,1351.610000000027,1352.3900000000272,1349.6395226000272,0.26659398509886123,67.94034898619249,0.0004892949239660993
-205.59999999997285,1218635,67.9666864081791,5.7325301494449405,84.3432341988514,53.70468384291677,22.64465002910273,58.589661278324186,19.582633220611722,1351.960000000027,1351.710000000027,1352.490000000027,1349.7395226000272,0.26129556907706075,67.96656398686811,-0.00012242131099071685
-205.49999999997283,1219091,67.99211880508395,5.739328110142957,84.41166727861719,53.724779553143684,22.67150334463795,58.56422888141934,19.575835259913706,1352.0600000000272,1351.8100000000272,1352.590000000027,1349.839522600027,0.2707769451161918,67.99337815735998,0.001259352276036907
-205.3999999999728,1219606,68.02084179720235,5.746128825076416,84.47600284348069,53.7474753662289,22.698367539958536,58.535505889300936,19.569034544980248,1352.1600000000271,1351.9100000000271,1352.690000000027,1349.9395226000272,0.2805371851564404,68.0204564462365,-0.000385350965856901
-205.29999999997278,1220097,68.04822624211525,5.752932201432208,84.54198616380248,53.76911351035481,22.72524224843401,58.50812144438804,19.562231168624454,1352.260000000027,1352.010000000027,1352.7900000000272,1350.0395226000273,0.27077694511612077,68.04749334588267,-0.0007328962325772181
-205.19999999997276,1220577,68.07499718622559,5.759738323745595,84.60871923342555,53.79026688954102,22.75212780399569,58.4813505002777,19.55542504631107,1352.3600000000272,1352.1100000000272,1352.8900000000272,1350.1395226000272,0.26603625709662626,68.07465210020199,-0.0003450860236000608
-205.09999999997274,1221051,68.10143349353459,5.766547131852251,84.67585535331963,53.81115585148743,22.779023968982365,58.4549141929687,19.54861623820441,1352.4600000000273,1352.2100000000273,1352.990000000027,1350.2395226000272,0.4124398577002126,68.101287781531,-0.00014571200358659553
-204.99999999997272,1222056,68.15748515776565,5.773358581301904,84.70615616081173,53.855445739158576,22.80593056780649,58.39886252873764,19.54180478875476,1352.5600000000272,1352.3100000000272,1353.0900000000272,1350.3395226000273,0.40267961765975085,68.14240125086414,-0.015083906901509181
-204.8999999999727,1222495,68.18196941706655,5.780175612102427,84.7757209350365,53.874792267205954,22.832859214092007,58.37437826943673,19.534987757954234,1352.6600000000271,1352.4100000000271,1353.1900000000273,1350.4395226000274,0.2534873770448477,68.18272203758893,0.0007526205223769011
-204.79999999997267,1222965,68.20818263317463,5.786995125709425,84.84312148927988,53.895504950992475,22.859797667963743,58.34816505332866,19.52816824434724,1352.7600000000273,1352.5100000000273,1353.2900000000272,1350.5395226000273,0.26464193709096784,68.20851384255816,0.0003312093835319274
-204.69999999997265,1223444,68.23489780448476,5.793817314870942,84.90988484326772,53.91661426063873,22.88674669081535,58.32144988201853,19.52134605518572,1352.8600000000274,1352.6100000000274,1353.3900000000272,1350.6395226000272,0.2674305771023558,68.23503444209376,0.00013663760900328725
-204.59999999997262,1223924,68.26166874859511,5.800642132597847,84.97656501720418,53.93776763982494,22.91370609703027,58.294678937908174,19.514521237458816,1352.9600000000273,1352.7100000000273,1353.4900000000273,1350.7395226000274,0.2565548810574952,68.26117526244883,-0.0004934861462828621
-204.4999999999726,1224364,68.28620878069627,5.807469549923435,85.04600934244779,53.95715823741231,22.94067577218419,58.270138905807016,19.507693820133227,1353.0600000000272,1352.8100000000272,1353.5900000000274,1350.8395226000275,0.2498621450299652,68.28660373579889,0.0003949551026209974
-204.39999999997258,1224820,68.31164117760112,5.8142994533450105,85.11432829184429,53.97725394763922,22.96765526791857,58.24470650890217,19.50086391671165,1353.1600000000274,1352.9100000000274,1353.6900000000273,1350.9395226000274,0.25181419303800073,68.31162180498534,-1.9372615781776403e-05
-204.29999999997256,1225267,68.33657161930388,5.821131874284435,85.18325892486048,53.99695303200639,22.9946447083561,58.219776067199405,19.494031495772226,1353.2600000000275,1353.0100000000275,1353.7900000000272,1351.0395226000273,0.26129556907706075,68.33733727960218,0.0007656602982990535
-204.19999999997253,1225757,68.36390029141654,5.827966920800933,85.24918701182803,54.01854710659232,23.0216445203525,58.192447395086745,19.48719644925573,1353.3600000000274,1353.1100000000274,1353.8900000000274,1351.1395226000275,0.26826716910577925,68.36358203229148,-0.0003182591250663336
-204.0999999999725,1226229,68.39022505312505,5.834804590690896,85.3163531214945,54.03934792945876,23.048654695203084,58.16612263337824,19.480358779365766,1353.4600000000273,1353.2100000000273,1353.9900000000275,1351.2395226000276,0.25906465706790777,68.39006805257932,-0.0001570005457267598
-203.9999999999725,1226686,68.41571322283014,5.841644934411453,85.38455070087775,54.05948770922566,23.075675432223676,58.14063446367315,19.47351843564521,1353.5600000000275,1353.3100000000275,1354.0900000000274,1351.3395226000275,0.25627601705644876,68.41591643677738,0.0002032139472447625
-203.89999999997247,1227148,68.44148025653635,5.848487773978255,85.45238577623704,54.079847836692394,23.10270602834022,58.114867429966935,19.466675596078407,1353.6600000000276,1353.4100000000276,1354.1900000000273,1351.4395226000274,0.2618532970793667,68.44148694127206,6.684735708972767e-06
-203.79999999997244,1227625,68.46808388224602,5.85533323179971,85.51916308728505,54.1008690072587,23.129746967090597,58.08826380425727,19.459830138256955,1353.7600000000275,1353.5100000000275,1354.2900000000275,1351.5395226000276,0.25543942505295425,68.46743188991958,-0.0006519923264391991
-203.69999999997242,1228064,68.49256814154695,5.862181260356242,85.58857434344468,54.1202155353061,23.156798060762902,58.06377954495633,19.45298210970042,1353.8600000000274,1353.6100000000274,1354.3900000000276,1351.6395226000277,0.24763123302074116,68.49239148670483,-0.000176654842121593
-203.5999999999724,1228513,68.51761012885018,5.869031710097055,85.65727407975992,54.14000275875321,23.183858718601343,58.03873755765311,19.446131659959608,1353.9600000000275,1353.7100000000275,1354.4900000000275,1351.7395226000276,0.2579492010632957,68.51818723794884,0.0005771090986570471
-203.49999999997237,1228989,68.54415798175962,5.875884897803835,85.7240802252976,54.16097985977955,23.21093019195745,58.01218970474366,19.439278472252827,1354.0600000000277,1353.8100000000277,1354.5900000000274,1351.8395226000275,0.2601801130724487,68.5441889442635,3.096250387102373e-05
-203.39999999997235,1229446,68.56964615146468,5.88274054788591,85.79219637347147,54.181119639546424,23.2380113921925,57.986701535038605,19.432422822170754,1354.1600000000276,1353.9100000000276,1354.6900000000276,1351.9395226000277,0.24707350501843517,68.56894150423874,-0.0007046472259446546
-203.29999999997233,1229875,68.59357268276332,5.889598686104685,85.86225291607629,54.20002547219411,23.265102421069237,57.962775003739964,19.425564683951976,1354.2600000000275,1354.0100000000275,1354.7900000000277,1352.0395226000278,0.25320851304380126,68.59427664990821,0.0007039671448865192
-203.1999999999723,1230354,68.62028785407345,5.896459403215895,85.9288060078557,54.221134781840355,23.292203637091113,57.936059832429834,19.418703966840766,1354.3600000000276,1354.1100000000276,1354.8900000000276,1352.1395226000277,0.26519966509313175,68.62051456493904,0.00022671086559000742
-203.09999999997228,1230826,68.64661261578196,5.903322789017677,85.99583525058735,54.2419356047068,23.31931539497888,57.909735070721325,19.411840581038987,1354.4600000000278,1354.2100000000278,1354.9900000000275,1352.2395226000276,0.2579492010632957,68.64659349981852,-1.9115963439730876e-05
-202.99999999997226,1231279,68.67187769428612,5.910188721915862,86.06417823940791,54.261899106313805,23.346437214411043,57.88446999221716,19.4049746481408,1354.5600000000277,1354.3100000000277,1355.0900000000277,1352.3395226000277,0.24567918501277672,68.671806394498,-7.129978811803994e-05
-202.89999999997224,1231707,68.69574845278453,5.917057150296579,86.13425551893432,54.28076086942152,23.37356889150242,57.86059923371876,19.398106219760084,1354.6600000000276,1354.4100000000276,1355.1900000000278,1352.4395226000279,0.24791009702185865,68.696337695217,0.0005892424324684953
-202.79999999997221,1232168,68.7214597136905,5.923927989454908,86.20201046565894,54.301076927348284,23.400710091651476,57.83488797281278,19.391235380601756,1354.7600000000277,1354.5100000000277,1355.2900000000277,1352.5395226000278,0.2629687530839077,68.7218597105246,0.00039999683409064346
-202.6999999999722,1232650,68.74834220340132,5.930801522238688,86.26828418191677,54.32231844561444,23.427861932164227,57.808005483101965,19.384361847817974,1354.8600000000279,1354.6100000000279,1355.3900000000276,1352.6395226000277,0.2716135371196153,68.74878479124874,0.00044258784741657564
-202.59999999997217,1233142,68.77578242111444,5.937677746413161,86.33384510345127,54.344000659280326,23.455024404212924,57.780565265388844,19.3774856236435,1354.9600000000278,1354.7100000000278,1355.4900000000277,1352.7395226000278,0.26101670507594327,68.77520045436341,-0.0005819667510280624
-202.49999999997215,1233586,68.80054554441652,5.944556562329564,86.4027532818305,54.36356753502757,23.482197114164855,57.755802142086765,19.3706068077271,1355.0600000000277,1354.8100000000277,1355.5900000000279,1352.839522600028,0.2654785290943203,68.80149520448667,0.0009496600701481839
-202.39999999997212,1234094,68.82887812693332,5.951438045454061,86.46716621587957,54.385954861333,23.509380360126592,57.72746955956997,19.3637253246026,1355.1600000000278,1354.9100000000278,1355.6900000000278,1352.9395226000279,0.2674305771023558,68.82818422124073,-0.0006939056925858722
-202.2999999999721,1234545,68.854031659837,5.958322199173814,86.535560163129,54.405830223860036,23.536574155478096,57.70231602666628,19.35684117088285,1355.260000000028,1355.010000000028,1355.7900000000277,1353.0395226000278,0.2543239690483422,68.85418391673991,0.00015225690290776583
-202.19999999997208,1235006,68.879742920743,5.9652088822374125,86.60323963609048,54.426146281786814,23.563777942247825,57.67660476576029,19.34995448781925,1355.3600000000279,1355.1100000000279,1355.8900000000278,1353.139522600028,0.2557182890541428,68.87973069802027,-1.2222722730825808e-05
-202.09999999997206,1235462,68.90517531764785,5.972098145313422,86.67125680738035,54.446241992013725,23.590991920586823,57.65117236885544,19.343065224743242,1355.4600000000278,1355.2100000000278,1355.990000000028,1353.239522600028,0.27272899312415627,68.90607549348513,0.0009001758372875202
-201.99999999997203,1235984,68.93428871936784,5.978990097336113,86.7346310292203,54.469246291878726,23.618216520807426,57.622058967135445,19.33617327272055,1355.560000000028,1355.310000000028,1356.0900000000279,1353.339522600028,0.2749599051333803,68.93314464069387,-0.001144078673974036
-201.899999999972,1236448,68.96016729867453,5.985884774241564,86.8020628244128,54.48969455842542,23.645451884864393,57.59618038782875,19.329278595815097,1355.660000000028,1355.410000000028,1356.1900000000278,1353.4395226000279,0.2573914730610608,68.95983957213299,-0.0003277265415420061
-201.799999999972,1236907,68.98576701398007,5.992782065250543,86.86983307783034,54.50992247727224,23.67269757515742,57.57058067252322,19.32238130480612,1355.760000000028,1355.510000000028,1356.290000000028,1353.539522600028,0.26045897707363724,68.98604746749947,0.00028045351940875207
-201.69999999997196,1237382,69.01225909408927,5.999681983735067,86.93646697690735,54.53085550875861,23.699953644508664,57.54408859241401,19.315481386321597,1355.8600000000279,1355.6100000000279,1356.390000000028,1353.6395226000282,0.2587857930667192,69.01228665971098,2.7565621707026366e-05
-201.59999999997194,1237835,69.03752417259342,6.006584522582488,87.00463399536258,54.5508190103656,23.72722006482174,57.518823513909865,19.308578847474173,1355.960000000028,1355.710000000028,1356.490000000028,1353.739522600028,0.2534873770448477,69.03783838536377,0.0003142127703483766
-201.49999999997192,1238291,69.06295656949825,6.0134895514121425,87.07257624223995,54.570914720592505,23.75449632106673,57.49339111700503,19.30167381864452,1356.0600000000281,1355.8100000000281,1356.5900000000279,1353.839522600028,0.2554394250528832,69.06289416808043,-6.240141782143382e-05
-201.3999999999719,1238751,69.08861205760401,6.020397101416107,87.14022357832982,54.5911867089793,23.781782536458625,57.46773562889928,19.294766268640558,1356.160000000028,1355.910000000028,1356.690000000028,1353.939522600028,0.26213216108055526,69.0886463997574,3.4342153384159246e-05
-201.29999999997187,1239231,69.11538300171438,6.0273072806920975,87.20645128368301,54.612340088165524,23.80907913800521,57.44096468478891,19.287856089364567,1356.260000000028,1356.010000000028,1356.7900000000282,1354.0395226000282,0.25516056105183677,69.11443403033238,-0.0009489713820016732
-201.19999999997185,1239666,69.13964416981439,6.034219988222176,87.27583227650817,54.63151033805304,23.83638572666525,57.4167035166889,19.280943381834486,1356.360000000028,1356.110000000028,1356.890000000028,1354.1395226000282,0.2442848650069762,69.13948668138138,-0.00015748843300400495
-201.09999999997183,1240107,69.16423997471578,6.041135178028377,87.34477788286,54.65094500518038,23.863702120816512,57.3921077117875,19.274028192028286,1356.4600000000282,1356.2100000000282,1356.990000000028,1354.239522600028,0.2493044170276592,69.16442605780749,0.00018608309170531356
-200.9999999999718,1240560,69.18950505321993,6.0480528734337415,87.41286512718416,54.67090850678737,23.891028412589716,57.366842633283355,19.26711049662292,1356.5600000000281,1356.3100000000281,1357.090000000028,1354.3395226000282,0.25571828905407173,69.19001719249327,0.0005121392733400398
-200.89999999997178,1241024,69.21538363252661,6.054973181466878,87.48016501091017,54.69135677333405,23.918365024769443,57.34096405397668,19.260190188589785,1356.660000000028,1356.410000000028,1357.1900000000282,1354.4395226000283,0.25767033706210724,69.21568929276664,0.0003056602400306474
-200.79999999997176,1241484,69.24103912063237,6.061896011292298,87.54773308256117,54.711628761720846,23.945711598537198,57.31530856587092,19.253267358764365,1356.7600000000282,1356.5100000000282,1357.2900000000282,1354.5395226000282,0.25460283304953074,69.24102972856662,-9.392065749125322e-06
-200.69999999997174,1241937,69.26630419913653,6.068821387412595,87.61578169329047,54.731592263327855,23.973068230683165,57.29004348736676,19.24634198264407,1356.8600000000283,1356.6100000000283,1357.390000000028,1354.6395226000282,0.24874668902542424,69.2660653185273,-0.0002388806092312734
-200.59999999997171,1242376,69.29078845843746,6.075749224356007,87.68480427958197,54.750938791375255,24.00043458357665,57.265559228065825,19.239414145700657,1356.9600000000282,1356.7100000000282,1357.4900000000282,1354.7395226000283,0.25934352106902525,69.29133104408508,0.000542585647622218
-200.4999999999717,1242867,69.31817290335034,6.082679653621415,87.75014399329936,54.77257693550115,24.027811176664752,57.23817478315294,19.232483716435247,1357.0600000000281,1356.8100000000281,1357.5900000000283,1354.8395226000284,0.26352648108621374,69.31755073789888,-0.0006221654514604325
-200.39999999997167,1243321,69.34349375465472,6.089612734503589,87.81808364097347,54.79258450664811,24.05519824417376,57.21285393184857,19.225550635553073,1357.1600000000283,1356.9100000000283,1357.6900000000282,1354.9395226000283,0.2512564650356947,69.3435112277645,1.747310977862071e-05
-200.29999999997165,1243768,69.3684241963575,6.096548355866971,87.88650494077532,54.81228359101528,24.08259534709582,57.18792349014579,19.21861501418969,1357.2600000000284,1357.0100000000284,1357.7900000000282,1355.0395226000282,0.2579492010632957,69.36885452795437,0.0004303315968741117
-200.19999999997162,1244246,69.39508359486739,6.103486505409183,87.95272214155256,54.833348831121555,24.110002436834055,57.1612640916359,19.21167686464748,1357.3600000000283,1357.1100000000283,1357.8900000000283,1355.1395226000284,0.27077694511612077,69.39516158200391,7.798713652107381e-05
-200.0999999999716,1244739,69.42257958538073,6.110427388183375,88.01786716479391,54.855075114327406,24.13742032338975,57.133768101122556,19.204735981873288,1357.4600000000282,1357.2100000000282,1357.9900000000284,1355.2395226000285,0.4208057777345895,69.42140913490915,-0.0011704504715766006
-199.99999999997158,1245755,69.47924475041432,6.117370787236168,88.0460173280696,54.899849766938246,24.164848149753322,57.07710293608896,19.197792582820494,1357.5600000000284,1357.3100000000284,1358.0900000000283,1355.3395226000284,0.4241521457484256,69.46402580926828,-0.015218941146045495
-199.89999999997156,1246260,69.50741001453044,6.124320193345232,88.11032078543785,54.92210488462375,24.19229970520046,57.04893767197285,19.190843176711432,1357.6600000000285,1357.4100000000285,1358.1900000000282,1355.4395226000283,0.2766330891402983,69.50724359140861,-0.0001664231218256873
-199.79999999997153,1246747,69.5345713682424,6.131272235954453,88.17588309395559,54.94356675058976,24.219761675354853,57.02177631826089,19.18389113410221,1357.7600000000284,1357.5100000000284,1358.2900000000284,1355.5395226000285,0.2724501291230388,69.5340022319284,-0.000569136313998797
-199.6999999999715,1247237,69.56190004035506,6.138226993791621,88.24122098779132,54.9651608251757,24.24723437120715,56.99444764614823,19.17693637626504,1357.8600000000283,1357.6100000000283,1358.3900000000285,1355.6395226000286,0.2799794571540633,69.56190283170382,2.791348762798407e-06
-199.5999999999715,1247751,69.59056725967322,6.1451846165207975,88.30485019026203,54.98781256872094,24.274718383960572,56.965780426830065,19.169978753535865,1357.9600000000285,1357.7100000000285,1358.4900000000284,1355.7395226000285,0.2875087851851589,69.59043383673598,-0.00013342293723894727
-199.49999999997146,1248268,69.6194017973921,6.152145080558971,88.36825542487534,55.010596520886104,24.302213620457472,56.936945889111186,19.163018289497693,1358.0600000000286,1357.8100000000286,1358.5900000000283,1355.8395226000284,0.2900185611955004,69.61914062682135,-0.000261170570752256
-199.39999999997144,1248791,69.64857097191233,6.159108444646165,88.43122491529641,55.03364489029108,24.329720312732785,56.90777671459095,19.156054925410498,1358.1600000000285,1357.9100000000285,1358.6900000000285,1355.9395226000286,0.28695105718278185,69.64803360369169,-0.0005373682206482044
-199.29999999997142,1249297,69.67679200882867,6.166074687279712,88.49538719432456,55.05594407751656,24.357238375846634,56.87955567767462,19.14908868277695,1358.2600000000284,1358.0100000000284,1358.7900000000286,1356.0395226000287,0.27746968114379283,69.6764360835028,-0.00035592532587713777
-199.1999999999714,1249786,69.7040649081411,6.173043731862868,88.56074233257358,55.07749408256253,24.384767507226442,56.85228277836218,19.142119638193794,1358.3600000000285,1358.1100000000285,1358.8900000000285,1356.1395226000286,0.28583560117824086,69.7047508550191,0.0006859468779936151
-199.09999999997137,1250322,69.73395912906433,6.18001563745072,88.6227558944801,55.10111535598713,24.41230794015171,56.822388557438956,19.135147732605944,1358.4600000000287,1358.2100000000287,1358.9900000000284,1356.2395226000285,0.28388355317020536,69.73323675984608,-0.0007223692182520836
-198.99999999997135,1250804,69.76084161877516,6.186990379214841,88.68858568285533,55.122356874253306,24.439859576545143,56.79550606772813,19.128172990841822,1358.5600000000286,1358.3100000000286,1359.0900000000286,1356.3395226000287,0.2707769451161918,69.76098023095125,0.00013861217608734933
-198.89999999997133,1251293,69.78811451808758,6.193967833496913,88.75390711252945,55.143906879299266,24.467421927931447,56.768233168415705,19.12119553655975,1358.6600000000285,1358.4100000000285,1359.1900000000287,1356.4395226000288,0.2774696811437218,69.78828349019527,0.00016897210768718196
-198.7999999999713,1251799,69.81633555500392,6.200948035912883,88.8180106649617,55.16620606652474,24.494995135000796,56.74001213149937,19.11421533414378,1358.7600000000286,1358.5100000000286,1359.2900000000286,1356.5395226000287,0.27189240112073276,69.81572531704619,-0.0006102379577299644
-198.69999999997128,1252268,69.84249299831174,6.207930978560325,88.88472779329894,55.18687468077127,24.522579166537017,56.713854688191546,19.10723239149634,1358.8600000000288,1358.6100000000288,1359.3900000000285,1356.6395226000286,0.27077694511612077,69.84296927299287,0.00047627468113375926
-198.59999999997126,1252770,69.87049094402715,6.214916629767485,88.94909060745285,55.208997589836855,24.550173897430287,56.68585674247613,19.10024674028918,1358.9600000000287,1358.7100000000287,1359.4900000000287,1356.7395226000287,0.27914286515063985,69.87031104595874,-0.00017989806841001155
-198.49999999997124,1253269,69.89832157134188,6.221905040769521,89.01365441828412,55.23098829028254,24.577779530069822,56.658026115161405,19.093258329287142,1359.0600000000286,1358.8100000000286,1359.5900000000288,1356.8395226000289,0.2783062731472874,69.89792707360951,-0.0003944977323726562
-198.39999999997121,1253768,69.92615219865662,6.22889621518221,89.0782063552737,55.252978990728224,24.605396078738664,56.63019548784666,19.086267154874452,1359.1600000000287,1358.9100000000287,1359.6900000000287,1356.9395226000288,0.2880665131874649,69.926240464863,8.826620637591986e-05
-198.2999999999712,1254302,69.95593487397939,6.235890288862496,89.14026093848945,55.276512125072884,24.633024080099144,56.6004128125239,19.079273081194167,1359.2600000000289,1359.0100000000289,1359.7900000000286,1357.0395226000287,0.29364379321038286,69.95566137533162,-0.00027349864777193034
-198.19999999997117,1254821,69.98488095729871,6.2428873474572795,89.20337167203839,55.29938421631798,24.660663872473783,56.57146672920457,19.072276022599382,1359.3600000000288,1359.1100000000288,1359.8900000000287,1357.1395226000288,0.26994035311269726,69.98394231483644,-0.0009386424622732648
-198.09999999997115,1255270,70.00992294460194,6.249887077325466,89.27144631013138,55.31917143976509,24.688314216917007,56.54642474190135,19.0652762927312,1359.4600000000287,1359.2100000000287,1359.9900000000289,1357.239522600029,0.26296875308397877,70.01021653524504,0.00029359064309630867
-197.99999999997112,1255764,70.03747470791552,6.256889390764331,89.33630769610241,55.34094179251091,24.715974766985383,56.518872978587765,19.05827397929233,1359.5600000000288,1359.3100000000288,1360.0900000000288,1357.3395226000289,0.28667219318166437,70.03790689148217,0.0004321835666445395
-197.8999999999711,1256298,70.06725738323829,6.263894658703766,89.39831374364933,55.36447492685558,24.74364698792677,56.489090303265,19.051268711352897,1359.660000000029,1359.410000000029,1360.1900000000287,1357.4395226000288,0.2797005931529458,70.06631838961083,-0.0009389936274573074
-197.79999999997108,1256767,70.09341482654612,6.270902654442256,89.46493290361579,55.385143541102124,24.771329984224472,56.462932859957164,19.044260715614406,1359.7600000000289,1359.5100000000289,1360.2900000000288,1357.539522600029,0.2540451050472247,70.09254107588502,-0.000873750661099848
-197.69999999997106,1257209,70.11806640424774,6.277913166918946,89.53346104447957,55.404622277769434,24.799022922145554,56.438281282255545,19.037250203137717,1359.8600000000288,1359.6100000000288,1360.390000000029,1357.639522600029,0.2696614891115087,70.11859278830568,0.0005263840579345924
-197.59999999997103,1257734,70.14734712436844,6.284926372999921,89.5960664322344,55.42775878625435,24.826726500346712,56.40900056213485,19.03023699705674,1359.960000000029,1359.710000000029,1360.4900000000289,1357.739522600029,0.2657573930954377,70.14551542324395,-0.0018317011244874948
-197.499999999971,1258162,70.17121788286684,6.291942270003599,89.66557029844358,55.44662054936207,24.85444070823516,56.385129803636445,19.023221100053064,1360.060000000029,1359.810000000029,1360.5900000000288,1357.8395226000289,0.26157443307832035,70.17202006609064,0.0008021832237972149
-197.399999999971,1258672,70.19966201098411,6.298960777013143,89.7292180128666,55.46909601474744,24.882165226173075,56.356685675519174,19.01620259304352,1360.160000000029,1359.910000000029,1360.690000000029,1357.939522600029,0.2766330891402983,70.19906696534913,-0.0005950456349808064
-197.29999999997096,1259154,70.22654450069491,6.305982083396671,89.79485076806351,55.490337533013594,24.909900802202706,56.32980318580837,19.00918128665999,1360.2600000000289,1360.0100000000289,1360.790000000029,1358.0395226000292,0.2632476170850252,70.22630647616319,-0.0002380245317255003
-197.19999999997094,1259616,70.25231153440113,6.313006038308378,89.861897785627,55.51069766048033,24.937646840452715,56.30403615210216,19.002157331748286,1360.360000000029,1360.110000000029,1360.890000000029,1358.139522600029,0.2668728491001208,70.25269621052524,0.0003846761241135255
-197.09999999997092,1260111,70.27991907051495,6.32003262263878,89.92657797880517,55.53251208276613,24.965403265436773,56.27642861598834,18.995130747417882,1360.4600000000291,1360.2100000000291,1360.9900000000289,1358.239522600029,0.27495990513345137,70.27989130425107,-2.776626388367731e-05
-196.9999999999709,1260602,70.30730351542783,6.327062016569232,89.9915328879148,55.55415022689203,24.993170788907573,56.249044171075454,18.98810135348743,1360.560000000029,1360.310000000029,1361.090000000029,1358.339522600029,0.28081604915755787,70.30782905723065,0.00052554180281561
-196.89999999997087,1261118,70.33608228034647,6.334094188450229,90.05469146267934,55.57689010951722,25.020949285843187,56.22026540615681,18.981069181606433,1360.660000000029,1360.410000000029,1361.1900000000292,1358.4395226000292,0.28332582516789934,70.33558203752584,-0.0005002428206353216
-196.79999999997085,1261618,70.36396868046143,6.34112913297674,90.11898066428331,55.59892487950286,25.048738735287674,56.19237900604186,18.974034237079923,1360.760000000029,1360.510000000029,1361.290000000029,1358.5395226000292,0.26687284910004977,70.36334090758137,-0.000627772880051225
-196.69999999997083,1262075,70.3894568501665,6.348166856631749,90.1863310317152,55.619064659269746,25.076539162850125,56.16689083633679,18.966996513424913,1360.8600000000292,1360.6100000000292,1361.390000000029,1358.639522600029,0.2579492010632957,70.39018879282358,0.0007319426570830956
-196.5999999999708,1262543,70.4155585206741,6.355207170735308,90.25288308789614,55.63968920397631,25.104349823206704,56.14078916582919,18.959956199321354,1360.9600000000291,1360.7100000000291,1361.490000000029,1358.7395226000292,0.27495990513345137,70.41664222518865,0.0010837045145564161
-196.49999999997078,1263061,70.4444488311932,6.362250185076789,90.31584873809885,55.662517225681455,25.13217115004756,56.11189885531009,18.952913184979874,1361.060000000029,1360.810000000029,1361.5900000000292,1358.8395226000293,0.26882489710808527,70.44358283860892,-0.0008659925842806615
-196.39999999997076,1263507,70.46932350009573,6.369295887303033,90.38395107190692,55.682172240508635,25.160003094575234,56.08702418640756,18.94586748275363,1361.1600000000292,1360.9100000000292,1361.6900000000292,1358.9395226000292,0.26882489710808527,70.47045935804124,0.0011358579455134077
-196.29999999997074,1264025,70.49821381061483,6.376344276948401,90.44689123724044,55.705000262213765,25.18784565495035,56.05813387588846,18.93881909310826,1361.2600000000293,1361.0100000000293,1361.790000000029,1359.0395226000292,0.2902974251966179,70.49825687866121,4.3068046380767555e-05
-196.19999999997071,1264548,70.52738298513506,6.383395538678768,90.50946268663033,55.72804863161875,25.215699560640363,56.028964701368224,18.931767831377893,1361.3600000000292,1361.1100000000292,1361.8900000000292,1359.1395226000293,0.27691195314148687,70.5265063231285,-0.0008766620065614461
-196.0999999999707,1265018,70.55359620124314,6.39044957821303,90.57581643301737,55.74876131540527,25.243564439215888,56.00275148526015,18.924713791843633,1361.4600000000291,1361.2100000000291,1361.9900000000293,1359.2395226000294,0.2651996650932028,70.5537014945479,0.00010529330475606002
-195.99999999997067,1265499,70.58042291815372,6.397506278977681,90.64137071545095,55.76995876413146,25.271439830188076,55.97592476834957,18.917657091078983,1361.5600000000293,1361.3100000000293,1362.0900000000292,1359.3395226000293,0.27579649713680376,70.58061680382012,0.00019388566640543559
-195.89999999997065,1266007,70.60875550067051,6.404565701573797,90.7049792360804,55.79234609043687,25.299325972943393,55.947592185832775,18.910597668482865,1361.6600000000294,1361.4100000000294,1362.1900000000292,1359.4395226000292,0.2707769451161918,70.60800662530013,-0.0007488753703768225
-195.79999999997062,1266470,70.63457830717697,6.411627880302745,90.7718009219187,55.812750287443585,25.327223002979157,55.92176937932632,18.903535489753917,1361.7600000000293,1361.5100000000293,1362.2900000000293,1359.5395226000294,0.25292964904254167,70.63448204343544,-9.626374152560402e-05
-195.6999999999706,1266914,70.65934143047903,6.418692597982488,90.83997201272771,55.83231716319083,25.355130062382532,55.897006256024255,18.896470772074174,1361.8600000000292,1361.6100000000292,1362.3900000000294,1359.6395226000295,0.25906465706790777,70.65991983371744,0.000578403238407077
-195.59999999997058,1267399,70.68639123859056,6.425759864269491,90.90519054198666,55.85369089007692,25.383047189298498,55.86995644791273,18.889403505787172,1361.9600000000294,1361.7100000000294,1362.4900000000293,1359.7395226000294,0.26826716910592135,70.68613337890595,-0.0002578596846092296
-195.49999999997056,1267876,70.71299486430023,6.432829824658271,90.97097127625568,55.874712060643226,25.41097495845974,55.84335282220306,18.882333545398392,1362.0600000000295,1361.8100000000295,1362.5900000000292,1359.8395226000293,0.2640842090885197,70.71280035406046,-0.00019451023976557735
-195.39999999997053,1268346,70.73920808040828,6.439902424340306,91.03724227475318,55.89542474442973,25.438913153361536,55.81713960609501,18.875260945716356,1362.1600000000294,1361.9100000000294,1362.6900000000294,1359.9395226000295,0.2626898890827192,70.7391663540123,-4.1726395977548236e-05
-195.2999999999705,1268818,70.76553284211678,6.446977657929078,91.10335779302007,55.916225567296166,25.46686175272606,55.7908148443865,18.868185712127584,1362.2600000000293,1362.0100000000293,1362.7900000000295,1360.0395226000296,0.26464193709082573,70.7657893495728,0.0002565074560152425
-195.1999999999705,1269295,70.79213646782645,6.454055582210224,91.16910301391253,55.93724673786247,25.49482098086803,55.764211218676834,18.86110778784644,1362.3600000000295,1362.1100000000295,1362.8900000000294,1360.1395226000295,0.2643630730897793,70.79230088603917,0.00016441821271939716
-195.09999999997046,1269766,70.81840545673475,6.461136118106288,91.23526682697769,55.95800349118897,25.52279052541554,55.737942229768535,18.854027251950374,1362.4600000000296,1362.2100000000296,1362.9900000000293,1360.2395226000294,0.35332068945648626,70.81886977644199,0.0004643197072340399
-194.99999999997044,1270562,70.86280060571777,6.468219356165516,91.27806551359487,55.993082845006114,25.550770744052436,55.69354708078552,18.846944013891147,1362.5600000000295,1362.3100000000295,1363.0900000000295,1360.3395226000296,0.3583402414770982,70.85447283135844,-0.008327774359329965
-194.89999999997042,1271051,70.89007350503019,6.475307012672563,91.34292987033074,56.014632850052074,25.57876841644917,55.6662741814731,18.8398563573841,1362.6600000000294,1362.4100000000294,1363.1900000000296,1360.4395226000297,0.27802740914595675,70.89028274215914,0.00020923712895637436
-194.7999999999704,1271559,70.91840608754697,6.482397412713951,91.40641718190332,56.03702017635748,25.606776926359775,55.63794159895632,18.832765957342712,1362.7600000000295,1362.5100000000295,1363.2900000000295,1360.5395226000296,0.2813737771597928,70.918138470199,-0.0002676173479727595
-194.69999999997037,1272060,70.94634826046216,6.489490640366607,91.47039698987788,56.0590990158831,25.634796605905063,55.60999942604113,18.825672729690055,1362.8600000000297,1362.6100000000297,1363.3900000000294,1360.6395226000295,0.26464193709096784,70.9455842651753,-0.0007639952868601085
-194.59999999997035,1272508,70.97133447496518,6.496586529566989,91.53817633031306,56.078842169790256,25.662826799100557,55.58501321153811,18.818576840489673,1362.9600000000296,1362.7100000000296,1363.4900000000296,1360.7395226000297,0.2599012490714023,70.97180453928308,0.00047006431790919123
-194.49999999997033,1272992,70.99832851027645,6.503685001274466,91.60335373716732,56.10017182713636,25.69086719371983,55.558019176226836,18.811478368782197,1363.0600000000295,1362.8100000000295,1363.5900000000297,1360.8395226000298,0.2735655851275797,70.99831564371675,-1.2866559700341895e-05
-194.3999999999703,1273489,71.0260475919907,6.510786192695735,91.6675841248687,56.12207438850208,25.718918331756996,55.53030009451258,18.804377177360927,1363.1600000000296,1362.9100000000296,1363.6900000000296,1360.9395226000297,0.2799794571540633,71.02583894890108,-0.00020864308962131872
-194.29999999997028,1273996,71.05432440170728,6.51789016906425,91.7310835610118,56.144417645267524,25.746980470897356,55.50202328479601,18.797273200992414,1363.2600000000298,1363.0100000000298,1363.7900000000295,1361.0395226000296,0.27635422513918084,71.0538533447036,-0.00047105700367922054
-194.19999999997026,1274480,71.08131843701855,6.524996963364679,91.79622869750423,56.16574730261364,25.775053741437006,55.475029249484734,18.790166406691984,1363.3600000000297,1363.1100000000297,1363.8900000000297,1361.1395226000297,0.2716135371196153,71.08131122294002,-7.214078536321722e-06
-194.09999999997024,1274970,71.10864710913121,6.532106431308841,91.8609296740514,56.18734137719957,25.80313757340852,55.447700577372075,18.783056938747823,1363.4600000000296,1363.2100000000296,1363.9900000000298,1361.2395226000299,0.2696614891115798,71.10788520258868,-0.0007619065425359395
-193.9999999999702,1275447,71.13525073484088,6.539218540405201,91.92655501813532,56.20836254776588,25.831231838463793,55.421096951662406,18.77594482965146,1363.5600000000297,1363.3100000000297,1364.0900000000297,1361.3395226000298,0.26268988908279023,71.13501972387186,-0.00023101096901712026
-193.8999999999702,1275912,71.16118508694778,6.546333435253619,91.99303563108214,56.22885488385252,25.859337107801434,55.395162599555505,18.768829934803044,1363.6600000000299,1363.4100000000299,1364.1900000000296,1361.4395226000297,0.2682671691058503,71.16203603465438,0.0008509477065956617
-193.79999999997017,1276409,71.18890416866206,6.553450947612134,92.05719661150533,56.25075744521827,25.88745271683177,55.367443517841224,18.76171242244453,1363.7600000000298,1363.5100000000298,1364.2900000000297,1361.5395226000298,0.27105580911738036,71.18860601546858,-0.0002981531934835857
-193.69999999997015,1276884,71.21539624877127,6.5605711564567155,92.12293270880888,56.27169047670463,25.915578977525794,55.340951437732016,18.75459221359995,1363.8600000000297,1363.6100000000297,1364.3900000000299,1361.63952260003,0.26798830510466176,71.2152751240521,-0.0001211247191719167
-193.59999999997012,1277370,71.24250182968301,6.567694002636949,92.18786305874137,56.29310827313068,25.94371565622746,55.31384585682028,18.747469367419715,1363.9600000000298,1363.7100000000298,1364.4900000000298,1361.7395226000299,0.2677094411034732,71.24201541275596,-0.0004864169270462071
-193.4999999999701,1277844,71.26893813699198,6.57481955953927,92.25364838327268,56.31399723507706,25.97186304282797,55.28740954951131,18.740343810517395,1364.06000000003,1363.81000000003,1364.5900000000297,1361.8395226000298,0.26380534508733117,71.26881327292466,-0.0001248640673168211
-193.39999999997008,1278316,71.29526289870049,6.581947765291536,92.3195665137453,56.33479805794351,26.000020892919892,55.2610847878028,18.733215604765128,1364.1600000000299,1363.9100000000299,1364.6900000000298,1361.93952260003,0.26826716910577925,71.2957988501668,0.0005359514663183518
-193.29999999997005,1278806,71.32259157081315,6.589078719309306,92.38417413320283,56.35639213252944,26.02818959921473,55.23375611569014,18.726084650747357,1364.2600000000298,1364.0100000000298,1364.79000000003,1362.03952260003,0.26659398509900334,71.32286439458055,0.0002728237674034517
-193.19999999997003,1279272,71.3485816957203,6.596212338170456,92.4505040100344,56.37692853815607,26.056368832178276,55.20776599078299,18.718951031886206,1364.36000000003,1364.11000000003,1364.8900000000299,1362.13952260003,0.27049808111507434,71.34942575022447,0.0008440545041707992
-193.09999999997,1279776,71.37669118703617,6.603348604459355,92.51407559865554,56.39913958630161,26.08455852301527,55.179656499467114,18.711814765597307,1364.46000000003,1364.21000000003,1364.9900000000298,1362.2395226000299,0.27217126512185025,71.37628566566232,-0.0004055213738496377
-192.99999999997,1280248,71.40301594874468,6.610487595303591,92.57994928461855,56.41994040916805,26.11275897639524,55.153331737758606,18.70467577475307,1364.56000000003,1364.31000000003,1365.09000000003,1362.33952260003,0.2610167050758722,71.40280014413943,-0.00021580460524717182
-192.89999999996996,1280712,71.42889452805136,6.617629164488186,92.64638922683213,56.44038867571473,26.14096961473954,55.12745315845193,18.697534205568477,1364.6600000000299,1364.4100000000299,1365.19000000003,1362.4395226000302,0.2626898890828613,71.42893110386207,3.657581071081495e-05
-192.79999999996994,1281190,71.45555392656127,6.624773381524367,92.71180499605398,56.46145391582101,26.16919071263153,55.10079375994202,18.690389988532296,1364.76000000003,1364.51000000003,1365.29000000003,1362.53952260003,0.27412331313002786,71.45617092704664,0.0006170004853771616
-192.69999999996992,1281695,71.48371919067738,6.631920398673598,92.77525671241945,56.48370903350652,26.197422871534695,55.07262849582591,18.683242971383066,1364.8600000000301,1364.6100000000301,1365.3900000000299,1362.63952260003,0.27802740914609886,71.4839956899342,0.0002764992568273783
-192.5999999999699,1282187,71.5111594083905,6.639070180662357,92.83963839472285,56.5053912471724,26.22566595211152,55.04518827811279,18.676093189394305,1364.96000000003,1364.71000000003,1365.49000000003,1362.73952260003,0.2691037611092738,71.51095751931928,-0.00020188907122076216
-192.49999999996987,1282660,71.53753994289924,6.646222590177466,92.90538359974963,56.52623613957882,26.25391941194725,55.01880774360404,18.668940779879197,1365.06000000003,1364.81000000003,1365.5900000000302,1362.8395226000303,0.2590646570678367,71.53718897854297,-0.0003509643562722431
-192.39999999996985,1283116,71.56297233980408,6.6533776184580695,92.97234870102497,56.54633184980572,26.28218321643475,54.99337534669921,18.661785751598593,1365.16000000003,1364.91000000003,1365.69000000003,1362.9395226000302,0.2702192171138858,71.56378495207456,0.0008126122704794625
-192.29999999996983,1283629,71.59158378632203,6.660535347167883,93.03517250082706,56.568939523811004,26.310457688162156,54.964763900181254,18.65462802288878,1365.2600000000302,1365.0100000000302,1365.79000000003,1363.03952260003,0.2682671691058503,71.59070691506905,-0.0008768712529843015
-192.1999999999698,1284078,71.61662577362526,6.667695759841086,93.1026236968657,56.58872674725811,26.338742762086163,54.93972191287803,18.64746761021558,1365.3600000000301,1365.1100000000301,1365.89000000003,1363.1395226000302,0.25237192104023565,71.61666401426564,3.824064037871722e-05
-192.09999999996978,1284534,71.64205817053009,6.67485867997074,93.16955501309758,56.60882245748502,26.367037740968758,54.914289515973195,18.640304690085923,1365.46000000003,1365.21000000003,1365.9900000000302,1363.2395226000303,0.25767033706210724,71.64229879682088,0.00024062629078969167
-191.99999999996976,1285002,71.66815984103769,6.682024219600454,93.2356046872335,56.62944700219158,26.395343067404813,54.888187845465595,18.63313915045621,1365.5600000000302,1365.3100000000302,1366.0900000000302,1363.3395226000303,0.27495990513345137,71.66902587263128,0.0008660315935884455
-191.89999999996974,1285520,71.6970501515568,6.68919248514527,93.29801534380175,56.65227502389672,26.423659161755186,54.85929753494649,18.625970884911393,1365.6600000000303,1365.4100000000303,1366.19000000003,1363.4395226000302,0.28248923316440483,71.69693948973607,-0.00011066182072738684
-191.7999999999697,1286015,71.72465768767059,6.696363607498404,93.36208527697866,56.6740894461825,26.451986541074476,54.8316899988327,18.618799762558258,1365.7600000000302,1365.5100000000302,1366.2900000000302,1363.5395226000303,0.26743057710228474,71.72452975859602,-0.00012792907456571356
-191.6999999999697,1286479,71.75053626697726,6.703537391096992,93.42839426528792,56.69453771272917,26.480324432849937,54.80581141952602,18.611625978959673,1365.8600000000301,1365.6100000000301,1366.3900000000303,1363.6395226000304,0.2671517131012383,71.7509955057422,0.00045923876493247917
-191.59999999996967,1286973,71.77808803029085,6.710713806599556,93.4925126978527,56.716308065475,26.508672721176815,54.77825965621244,18.604449563457106,1365.9600000000303,1365.7100000000303,1366.4900000000302,1363.7395226000303,0.26938262511046235,71.77765008837201,-0.0004379419188325073
-191.49999999996965,1287445,71.80441279199937,6.71789292111467,93.55821821946846,56.73710888834145,26.537031671147513,54.75193489450392,18.59727044894199,1366.0600000000304,1365.8100000000304,1366.5900000000302,1363.8395226000303,0.2710558091173093,71.80440350017493,-9.291824440538221e-06
-191.39999999996962,1287945,71.83229919211432,6.725074687299594,93.62187710730922,56.7591436583271,26.565401095748655,54.72404849438897,18.59008868275707,1366.1600000000303,1365.9100000000303,1366.6900000000303,1363.9395226000304,0.2777485451449103,71.83188389937372,-0.00041529274059826093
-191.2999999999696,1288441,71.85996250102836,6.732259297894547,93.68581701943144,56.781002150152865,26.593781756342974,54.696385185474924,18.582904072162115,1366.2600000000302,1366.0100000000302,1366.7900000000304,1364.0395226000305,0.27189240112073276,71.85964984718524,-0.00031265384312462174
-191.19999999996958,1288920,71.88667767233848,6.739446617269034,93.75098189942264,56.80211145979911,26.62217311716266,54.66967001416481,18.575716752787628,1366.3600000000304,1366.1100000000304,1366.8900000000303,1364.1395226000304,0.26101670507594327,71.88670693946918,2.926713069939524e-05
-191.09999999996955,1289377,71.91216584204356,6.746636639282444,93.81773668313036,56.82225123956599,26.650575153951074,54.64418184445972,18.568526730774217,1366.4600000000305,1366.2100000000305,1366.9900000000302,1364.2395226000303,0.2741233131299568,71.91381994624591,0.0016541042023447972
-190.99999999996953,1289903,71.94150233496448,6.753829381258287,93.8794598674351,56.84543181759088,26.678987935139563,54.614845351538804,18.561333988798374,1366.5600000000304,1366.3100000000304,1367.0900000000304,1364.3395226000305,0.27384444912876826,71.94094808153933,-0.0005542534251503639
-190.8999999999695,1290359,71.96693473186933,6.761024828898756,93.9462664915302,56.865527527817804,26.70741140424891,54.58941295463396,18.554138541157908,1366.6600000000303,1366.4100000000303,1367.1900000000305,1364.4395226000306,0.26492080109201427,71.96776697922543,0.0008322473561008792
-190.7999999999695,1290853,71.9944864951829,6.768222934654135,94.01029528986213,56.887297880563615,26.73584537344815,54.56186119132039,18.546940435402526,1366.7600000000305,1366.5100000000305,1367.2900000000304,1364.5395226000305,0.2777485451449103,71.99495018163088,0.0004636864479863334
-190.69999999996946,1291355,72.02248444089832,6.775423818935085,94.07373088462396,56.90942078962921,26.764290318383672,54.53386324560496,18.539739551121578,1366.8600000000306,1366.6100000000306,1367.3900000000303,1364.6395226000304,0.2643630730897793,72.02199837515491,-0.000486065743416475
-190.59999999996944,1291801,72.04735910980087,6.782627334329169,94.14123457311435,56.9290758044564,26.792745656746625,54.50898857670242,18.532536035727492,1366.9600000000305,1366.7100000000305,1367.4900000000305,1364.7395226000306,0.2504198730322712,72.04757981388592,0.000220704085052148
-190.49999999996942,1292253,72.07256841550479,6.789833334897866,94.2082887313502,56.94899523652344,26.82121081205042,54.4837792709985,18.525330035158795,1367.0600000000304,1366.8100000000304,1367.5900000000306,1364.8395226000307,0.26324761708509625,72.07324826915463,0.0006798536498422436
-190.3999999999694,1292745,72.1000086332179,6.797041983983004,94.27241567418443,56.9706774501893,26.849686429528226,54.45633905328539,18.51812138607366,1367.1600000000305,1366.9100000000305,1367.6900000000305,1364.9395226000306,0.2732867211264623,72.10003342431443,2.4791096535636825e-05
-190.29999999996937,1293233,72.1272257597301,6.804253341582732,94.33682316091058,56.9921833856953,26.87817274618482,54.42912192677319,18.51091002847393,1367.2600000000307,1367.0100000000307,1367.7900000000304,1365.0395226000305,0.2797005931529458,72.12762990354074,0.00040414381064124427
-190.19999999996935,1293748,72.1559487518485,6.811467509963715,94.39925089737274,57.014879198780505,26.90667016599415,54.40039893465479,18.503695860092947,1367.3600000000306,1367.1100000000306,1367.8900000000306,1365.1395226000307,0.27830627314721634,72.15574791682408,-0.00020083502441536893
-190.09999999996933,1294231,72.18288701435955,6.8186844911661,94.46400349447978,57.036164786586646,26.93517869701521,54.373460672143736,18.496478878890564,1367.4600000000305,1367.2100000000305,1367.9900000000307,1365.2395226000308,0.37953390556451333,72.1829581246056,7.11102460542179e-05
-189.9999999999693,1295109,72.23185553296142,6.825904101588639,94.49991352463303,57.074857842681446,26.963697613986053,54.32449215354187,18.489259268468025,1367.5600000000306,1367.3100000000306,1368.0900000000306,1365.3395226000307,0.37925504156332485,72.22068080815183,-0.011174724809592362
-189.89999999996928,1295591,72.25873802267223,6.833128627327734,94.56473797236453,57.096099360947605,26.99223594744844,54.297609663831054,18.482034742728928,1367.6600000000308,1367.4100000000308,1368.1900000000305,1365.4395226000306,0.26631512109774375,72.25871915190686,-1.887076537343546e-05
-189.79999999996926,1296064,72.28511855718098,6.840355845419024,94.63020856786693,57.11694425335402,27.020784916244896,54.27122912932231,18.47480752463764,1367.7600000000307,1367.5100000000307,1368.2900000000307,1365.5395226000308,0.2671517131012383,72.2851296840253,1.1126844327691288e-05
-189.69999999996924,1296549,72.3121683652925,6.8475856532645425,94.69479076707043,57.1383179802401,27.04934411509277,54.244179321210794,18.46757771679212,1367.8600000000306,1367.6100000000306,1368.3900000000308,1365.639522600031,0.2707769451161918,72.31175138281917,-0.00041698247332533356
-189.5999999999692,1297035,72.33927394620423,6.854818195695591,94.75928941163053,57.15973577666615,27.077914116104903,54.21707374029906,18.460345174361073,1367.9600000000307,1367.7100000000307,1368.4900000000307,1365.7395226000308,0.26994035311269726,72.33960925492913,0.00033530872489961894
-189.4999999999692,1297517,72.36615643591504,6.862053575115532,94.8240712658593,57.18097729493232,27.10649532379523,54.19019125058824,18.45310979494113,1368.0600000000309,1367.8100000000309,1368.5900000000306,1365.8395226000307,0.2702192171138858,72.3669376621564,0.0007812262413580129
-189.39999999996917,1298004,72.39331778962702,6.869291583228026,94.88847580090192,57.202439160898344,27.135086915351206,54.16302989687627,18.445871786828636,1368.1600000000308,1367.9100000000308,1368.6900000000308,1365.9395226000308,0.2710558091173093,72.39322571140465,-9.207822236589891e-05
-189.29999999996915,1298489,72.42036759773852,6.876532220257816,94.95301457807776,57.22381288778442,27.163688891660605,54.13598008876477,18.438631149798848,1368.2600000000307,1368.0100000000307,1368.790000000031,1366.039522600031,0.28025832115525184,72.4205787895852,0.00021119184668805246
-189.19999999996912,1299009,72.44936945385808,6.883775698985946,95.01498426939547,57.24672904856949,27.192302093251467,54.106978232645204,18.431387671070716,1368.3600000000308,1368.1100000000308,1368.8900000000308,1366.139522600031,0.2883453771885824,72.44921368579698,-0.00015576806110573216
-189.0999999999691,1299523,72.47803667317625,6.891022062994978,95.07738315358245,57.26938079211473,27.22092669228369,54.07831101332704,18.424141307061685,1368.460000000031,1368.210000000031,1368.9900000000307,1366.2395226000308,0.2755176331356863,72.47768390996669,-0.0003527632095625677
-188.99999999996908,1299997,72.50447298048523,6.898271235767943,95.14269881838366,57.29026975406113,27.24956238649983,54.051874706018054,18.41689213428872,1368.5600000000309,1368.3100000000309,1369.0900000000308,1366.339522600031,0.2629687530839077,72.50494257612615,0.0004695956409221935
-188.89999999996905,1300466,72.53063042379304,6.905523051510206,95.20836936286865,57.31093836830765,27.27820852097764,54.025717262710245,18.409640318546458,1368.6600000000308,1368.4100000000308,1369.190000000031,1366.439522600031,0.2596223850702138,72.53073465221121,0.00010422841816648543
-188.79999999996903,1300928,72.55639745749929,6.912777382698389,95.27453987427675,57.331298495774405,27.306864591974055,53.999950229004,18.402385987358272,1368.760000000031,1368.510000000031,1369.290000000031,1366.539522600031,0.27161353711968633,72.55704224984753,0.0006447923482397755
-188.699999999969,1301440,72.58495313121699,6.9200344599601795,95.33703834526614,57.353862100239695,27.335531510514958,53.971394555286295,18.39512891009648,1368.860000000031,1368.610000000031,1369.3900000000308,1366.639522600031,0.29001856119542935,72.58522046417225,0.0002673329552607129
-188.599999999969,1301968,72.61440116973839,6.927294426791226,95.39835508108733,57.37713081734454,27.36420984343709,53.9419465167649,18.38786894326544,1368.960000000031,1368.710000000031,1369.490000000031,1366.739522600031,0.2755176331356863,72.61333894892854,-0.001062220809842529
-188.49999999996896,1302428,72.64005665784414,6.934557127749969,95.46464370772391,57.39740280573134,27.392898976714946,53.916291028659145,18.380606242306694,1369.0600000000309,1368.8100000000309,1369.590000000031,1366.8395226000312,0.26073784107475473,72.64014364122599,8.698338184842669e-05
-188.39999999996894,1302903,72.66654873795335,6.941822455519475,95.52982185176765,57.4183358372177,27.421598486425005,53.88979894854994,18.373340914537188,1369.160000000031,1368.910000000031,1369.690000000031,1366.939522600031,0.26296875308397877,72.66653559517347,-1.3142779877739486e-05
-188.29999999996892,1303371,72.69265040846095,6.949090434869007,95.59550237640225,57.43896038192427,27.45030847041084,53.86369727804234,18.366072935187656,1369.2600000000311,1369.0100000000311,1369.790000000031,1367.039522600031,0.26882489710808527,72.69317126778954,0.0005208593285885854
-188.1999999999689,1303867,72.72031371737498,6.956361089773036,95.65911825970245,57.460818873750014,27.47902902337646,53.83603396912831,18.358802280283626,1369.360000000031,1369.110000000031,1369.890000000031,1367.1395226000311,0.2780274091460278,72.72105055390676,0.0007368365317859116
-188.09999999996887,1304368,72.74825589029017,6.963634644979791,95.72235869793876,57.48289771327564,27.50776103312267,53.80809179621312,18.35152872507687,1369.460000000031,1369.210000000031,1369.9900000000312,1367.2395226000313,0.27189240112073276,72.74888296612681,0.0006270758366468954
-187.99999999996885,1304842,72.77469219759914,6.970910866366265,95.78756922033725,57.503786675222024,27.5365035748164,53.78165548890415,18.3442525036904,1369.560000000031,1369.310000000031,1370.090000000031,1367.3395226000312,0.27635422513918084,72.7754355207133,0.0007433231141646957
-187.89999999996883,1305359,72.80352673531802,6.978189732083937,95.84961120707246,57.5265706273872,27.56525656215158,53.75282095118527,18.336973637972726,1369.6600000000312,1369.4100000000312,1370.190000000031,1367.439522600031,0.2810949131587464,72.80299437285684,-0.0005323624611719424
-187.7999999999688,1305850,72.8309111802309,6.985471465240839,95.91355307850336,57.548208771513096,27.59402087644992,53.72543650627239,18.329691904815824,1369.7600000000311,1369.5100000000311,1370.2900000000311,1367.5395226000312,0.27858513714833383,72.83147843456099,0.000567254330093192
-187.69999999996878,1306358,72.8592437627477,6.992756027770852,95.97623673588262,57.570596097818516,27.62279636734258,53.69710392375559,18.32240734228581,1369.860000000031,1369.610000000031,1370.3900000000313,1367.6395226000313,0.26492080109201427,72.85852442763078,-0.0007193351169121343
-187.59999999996876,1306800,72.88389534044931,7.000043170126369,96.04375750539042,57.590074834485826,27.651582049066196,53.67245234605397,18.315120199930295,1369.9600000000312,1369.7100000000312,1370.4900000000312,1367.7395226000313,0.26492080109201427,72.88467752887462,0.0007821884253047529
-187.49999999996874,1307308,72.91222792296611,7.007332963276631,96.10641675467772,57.612462160791246,27.68037820196357,53.64411976353718,18.30783040678003,1370.0600000000313,1369.8100000000313,1370.590000000031,1367.8395226000312,0.2735655851276508,72.91177169038453,-0.00045623258158400404
-187.3999999999687,1307781,72.93860845747486,7.014625524464449,96.1716390374264,57.63330705319766,27.709185289167458,53.61773922902843,18.300537845592213,1370.1600000000312,1369.9100000000312,1370.6900000000312,1367.9395226000313,0.2755176331356863,72.93921567565737,0.0006072181825089729
-187.2999999999687,1308296,72.96733144959326,7.0219208064117655,96.23376197144603,57.656002866282876,27.738003123919984,53.58901623691003,18.293242563644895,1370.2600000000311,1370.0100000000311,1370.7900000000313,1368.0395226000314,0.2749599051333803,72.966793428938,-0.0005380206552558775
-187.19999999996867,1308767,72.99360043850155,7.02921888315024,96.29911171558781,57.676759619609356,27.766831998661154,53.56274724800174,18.285944486906423,1370.3600000000313,1370.1100000000313,1370.8900000000313,1368.1395226000313,0.2668728491001208,72.99395297279875,0.00035253429720683016
-187.09999999996865,1309253,73.0207060194133,7.036519597006329,96.36334651620047,57.69817741603542,27.795671290548654,53.53564166708999,18.278643773050334,1370.4600000000314,1370.2100000000314,1370.9900000000312,1368.2395226000313,0.27245012912310984,73.02079440802731,8.838861401727627e-05
-186.99999999996862,1309744,73.04809046432618,7.043823042031849,96.42720291876452,57.719815560161315,27.824521371106137,53.50825722217711,18.271340328024813,1370.5600000000313,1370.3100000000313,1371.0900000000313,1368.3395226000314,0.27523876913456885,73.0478604236366,-0.00023004068957277468
-186.8999999999686,1310240,73.07575377324022,7.051129169091059,96.49067994524236,57.74167405198708,27.85338204623752,53.480593913263064,18.264034200965604,1370.6600000000312,1370.4100000000312,1371.1900000000314,1368.4395226000315,0.26408420908859076,73.07467393368982,-0.0010798395503996971
-186.79999999996858,1310691,73.10090730614391,7.05843797681859,96.5574605970089,57.761549414514135,27.88225331054931,53.45544038035938,18.25672539323807,1370.7600000000314,1370.5100000000314,1371.2900000000313,1368.5395226000314,0.2573914730609187,73.10142913316824,0.0005218270243290135
-186.69999999996855,1311163,73.12723206785242,7.065749454917697,96.62268426024403,57.78235023738058,27.911135123367295,53.42911561865087,18.249413915138966,1370.8600000000315,1370.6100000000315,1371.3900000000313,1368.6395226000313,0.2716135371195442,73.12809623119549,0.0008641633430670481
-186.59999999996853,1311665,73.15523001356783,7.0730635960648325,96.6856859687683,57.80447314644616,27.940027455761985,53.401117672935456,18.242099773991832,1370.9600000000314,1370.7100000000314,1371.4900000000314,1368.7395226000315,0.2805371851564404,73.15557037564915,0.0003403620813173802
-186.4999999999685,1312169,73.18333950488372,7.08038056899283,96.7485307024058,57.8266841945917,27.968930974262094,53.37300818161957,18.234782801063833,1371.0600000000313,1370.8100000000313,1371.5900000000315,1368.8395226000316,0.2699403531127683,73.18340368007439,6.41751906726995e-05
-186.3999999999685,1312633,73.2092180841904,7.087700276800851,96.81431467619304,57.84713246113838,27.99784529608977,53.34712960231289,18.227463093255814,1371.1600000000315,1370.9100000000315,1371.6900000000314,1368.9395226000315,0.26296875308397877,73.20997421834063,0.0007561341502366759
-186.29999999996846,1313112,73.23593325550053,7.095022563836501,96.87898069222209,57.868241770784635,28.026769806386678,53.32041443100276,18.22014080622016,1371.2600000000316,1371.0100000000316,1371.7900000000313,1369.0395226000314,0.26073784107475473,73.23561014974229,-0.00032310575824112675
-186.19999999996844,1313568,73.26136565240536,7.102347398830802,96.94533176638393,57.88833748101153,28.05570438163404,53.29498203409793,18.21281597122586,1371.3600000000315,1371.1100000000315,1371.8900000000315,1369.1395226000316,0.2674305771023558,73.26194168773935,0.0005760353339923086
-186.09999999996842,1314071,73.28941937092101,7.1096749521740525,97.0082040927582,57.9105044596171,28.084649694907892,53.26692831558228,18.20548841788261,1371.4600000000314,1371.2100000000314,1371.9900000000316,1369.2395226000317,0.26910376110934486,73.28885911345576,-0.0005602574652527892
-185.9999999999684,1314533,73.31518640462724,7.1170051706534965,97.07409228116362,57.930864587083846,28.11360553600712,53.241161281876046,18.198158199403167,1371.5600000000316,1371.3100000000316,1372.0900000000315,1369.3395226000316,0.27133467311849785,73.315597667635,0.00041126300776284097
-185.89999999996837,1315044,73.34368630554472,7.124338071707583,97.13635120585681,57.953384122009176,28.142571973817116,53.212661380958565,18.19082529834908,1371.6600000000317,1371.4100000000317,1372.1900000000314,1369.4395226000315,0.2677094411034732,73.34259193441237,-0.0010943711323534444
-185.79999999996835,1315493,73.36872829284795,7.131673689040383,97.20317981490194,57.97317134545628,28.171549141475758,53.18761939365534,18.18348968101628,1371.7600000000316,1371.5100000000316,1372.2900000000316,1369.5395226000317,0.25990124907126017,73.36927971846458,0.0005514256166350151
-185.69999999996833,1315976,73.39566655535899,7.1390119276512785,97.26748543480628,57.994456933262406,28.200536663711443,53.1606811311443,18.176151442405384,1371.8600000000315,1371.6100000000315,1372.3900000000317,1369.6395226000318,0.26464193709082573,73.39564602250599,-2.053285300007701e-05
-185.5999999999683,1316442,73.42165668026612,7.146352818244887,97.33303689081215,58.01499333888903,28.22953466181361,53.13469100623716,18.168810551811774,1371.9600000000316,1371.7100000000316,1372.4900000000316,1369.7395226000317,0.2691037611092738,73.42221803073848,0.0005613504723527285
-185.49999999996828,1316941,73.44948730758085,7.15369637125743,97.39613758364634,58.03698403933471,28.258543177007425,53.106860378922434,18.161466998799234,1372.0600000000318,1371.8100000000318,1372.5900000000315,1369.8395226000316,0.26603625709662626,73.44889271382421,-0.0005945937566451676
-185.39999999996826,1317396,73.47486393168546,7.161042596787655,97.46248191008233,58.05703568002164,28.28756224918499,53.081483754817825,18.154120773269007,1372.1600000000317,1371.9100000000317,1372.6900000000317,1369.9395226000318,0.26018011307251976,73.47525427154926,0.00039033986379877206
-185.29999999996824,1317874,73.50152333019537,7.168391422111743,97.52711368863393,58.07810092012793,28.316591591072548,53.05482435630792,18.14677194794492,1372.2600000000316,1372.0100000000316,1372.7900000000318,1370.039522600032,0.2757964971368748,73.5019333272354,0.00040999704003752413
-185.1999999999682,1318385,73.53002323111285,7.175742983453106,97.58929302795086,58.10062045505325,28.34563174078005,53.02632445539044,18.139420386603557,1372.3600000000317,1372.1100000000317,1372.8900000000317,1370.1395226000318,0.27579649713680376,73.5294023460225,-0.0006208850903561824
-185.0999999999682,1318863,73.55668262962274,7.183097302580951,97.65390506733068,58.12168569515953,28.37468278430025,52.999665056880545,18.132066067475712,1372.4600000000319,1372.2100000000319,1372.9900000000316,1370.2395226000317,0.3251554253403526,73.55656352143943,-0.00011910818331273276
-184.99999999996817,1319551,73.59505431618093,7.190454296157397,97.70295521850674,58.152005538659786,28.40374439243172,52.96129337032235,18.124709073899265,1372.5600000000318,1372.3100000000318,1373.0900000000318,1370.3395226000318,0.31678950530590455,73.58876762028704,-0.006286695893891192
-184.89999999996814,1319999,73.62004053068394,7.197815056105012,97.76977850351834,58.17174869256693,28.43282087848877,52.93630715581935,18.117348313951652,1372.6600000000317,1372.4100000000317,1373.190000000032,1370.439522600032,0.26129556907706075,73.62064241966581,0.0006018889818761863
-184.79999999996812,1320488,73.64731342999636,7.205178424641334,97.83355412536586,58.19329869761289,28.461907668997227,52.90903425650693,18.109984945415327,1372.7600000000318,1372.5100000000318,1373.2900000000318,1370.539522600032,0.27412331312988575,73.64766258731524,0.00034915731887963375
-184.6999999999681,1320982,73.67486519330993,7.212544588622478,97.89694992584005,58.2150690503587,28.49100550207642,52.88148249319336,18.102618781434185,1372.860000000032,1372.610000000032,1373.3900000000317,1370.6395226000318,0.2744021771310743,73.67518547154903,0.0003202782391014125
-184.59999999996808,1321472,73.70219386542259,7.219913461735647,97.96063160506368,58.23666312494464,28.520114036773393,52.8541538210807,18.095249908321016,1372.9600000000319,1372.7100000000319,1373.4900000000318,1370.739522600032,0.2707769451161918,73.70245551538262,0.00026164996003785745
-184.49999999996805,1321953,73.72902058233318,7.227285079725558,98.02497066477169,58.25786057367083,28.549233414286995,52.82732710417011,18.087878290331105,1373.0600000000318,1372.8100000000318,1373.590000000032,1370.839522600032,0.25850692906560174,73.72875545232688,-0.00026513000629790895
-184.39999999996803,1322399,73.75389525123572,7.234659212826116,98.09189315604183,58.27751558849803,28.578362726994808,52.80245243526757,18.080504157230546,1373.160000000032,1372.910000000032,1373.690000000032,1370.939522600032,0.2512564650356947,73.75401502582605,0.00011977459033118976
-184.299999999968,1322854,73.77927187534033,7.242035882730726,98.15813708445222,58.29756722918497,28.607502060590168,52.77707581116296,18.073127487325937,1373.260000000032,1373.010000000032,1373.7900000000318,1371.039522600032,0.2646419370908968,73.77983597793587,0.0005641025955469559
-184.19999999996799,1323348,73.80682363865391,7.249415180021706,98.22147631652125,58.319337581930796,28.63665177289148,52.74952404784938,18.065748190034956,1373.360000000032,1373.110000000032,1373.890000000032,1371.139522600032,0.2738444491288393,73.80645440312632,-0.0003692355275859427
-184.09999999996796,1323836,73.83404076516611,7.256797173611355,98.28525025051877,58.34084351743678,28.665812136116237,52.72230692133718,18.058366196445306,1373.4600000000319,1373.2100000000319,1373.990000000032,1371.2395226000322,0.26798830510466176,73.83349873704132,-0.0005420281247836556
-183.99999999996794,1324309,73.86042129967485,7.264181879769118,98.3501278756055,58.361688409843204,28.69498321453202,52.69592638682843,18.050981490287544,1373.560000000032,1373.310000000032,1374.090000000032,1371.339522600032,0.2601801130724487,73.86001291413916,-0.00040838553569244596
-183.89999999996792,1324769,73.88607678778061,7.271569176194186,98.41595997957722,58.38196039822999,28.724164525025973,52.67027089872268,18.043594193862475,1373.6600000000321,1373.4100000000321,1374.190000000032,1371.439522600032,0.2571126090598012,73.88601243415135,-6.435362925572008e-05
-183.7999999999679,1325231,73.91184382148683,7.278959082255951,98.4816330632506,58.40232052569673,28.753356144111105,52.64450386501646,18.03620428780071,1373.760000000032,1373.510000000032,1374.290000000032,1371.5395226000321,0.2668728491001208,73.912467542747,0.0006237212601689635
-183.69999999996787,1325726,73.93945135760065,7.286351669702739,98.54484359727041,58.42413494798253,28.782558355207765,52.61689632890264,18.028811700353923,1373.860000000032,1373.610000000032,1374.3900000000322,1371.6395226000323,0.2682671691058503,73.93908942289865,-0.0003619347019991892
-183.59999999996785,1326193,73.96549725530801,7.293746900140534,98.61012459585825,58.44471542314912,28.811771006651846,52.59085043119528,18.02141646991613,1373.960000000032,1373.710000000032,1374.490000000032,1371.7395226000322,0.2649208010919432,73.96535570119478,-0.00014155411322747113
-183.49999999996783,1326676,73.99243551781905,7.3011447408429815,98.67420486631639,58.466001010955246,28.840993969167656,52.56391216868424,18.01401862921368,1374.0600000000322,1373.8100000000322,1374.590000000032,1371.839522600032,0.26045897707363724,73.99167720839296,-0.0007583094260894541
-183.3999999999678,1327127,74.01758905072275,7.3085452355822165,98.74065515122113,58.485876373482306,28.87022741566395,52.53875863578054,18.006618134474447,1374.1600000000321,1373.9100000000321,1374.6900000000321,1371.9395226000322,0.26073784107475473,74.01791113025092,0.00032207952817486785
-183.29999999996778,1327611,74.04458308603401,7.315948323069035,98.80463928831196,58.5072060308284,28.899471104036017,52.51176460046928,17.99921504698763,1374.260000000032,1374.010000000032,1374.7900000000323,1372.0395226000323,0.2691037611092738,74.04444935967284,-0.00013372636117026104
-183.19999999996776,1328092,74.07140980294461,7.323354125454154,98.86883677436127,58.528403479554605,28.928725516803812,52.48493788355867,17.991809244602507,1374.3600000000322,1374.1100000000322,1374.8900000000322,1372.1395226000323,0.2702192171138858,74.07165432202099,0.00024451907637512704
-183.09999999996774,1328580,74.0986269294568,7.3307626539334425,98.93250330957493,58.54990941506058,28.957990698193285,52.45772075704649,17.98440071612322,1374.4600000000323,1374.2100000000323,1374.990000000032,1372.2395226000322,0.27105580911723826,74.09888198146425,0.0002550520074464657
-182.9999999999677,1329064,74.12562096476807,7.338173901850451,98.99645772058066,58.57123907240669,28.987266621910113,52.43072672173521,17.976989468206213,1374.5600000000322,1374.3100000000322,1375.0900000000322,1372.3395226000323,0.25543942505295425,74.12539767863242,-0.00022328613565036903
-182.8999999999677,1329496,74.1497148144674,7.345587733469173,99.06427491796596,58.59027711367429,29.016552751769705,52.406632872035885,17.96957563658749,1374.6600000000321,1374.4100000000321,1375.1900000000323,1372.4395226000324,0.25516056105183677,74.1506373160532,0.0009225015858049801
-182.79999999996767,1329979,74.17665307697845,7.353004029313665,99.12827991420592,58.61156270148043,29.045848615817984,52.37969460952483,17.962159340743,1374.7600000000323,1374.5100000000323,1375.2900000000323,1372.5395226000323,0.2624110250817438,74.17586695928681,-0.0007861176916463819
-182.69999999996764,1330437,74.20219701948376,7.360422906861033,99.19413713489317,58.63174655078729,29.07515467811322,52.354150667019525,17.95474046319563,1374.8600000000324,1374.6100000000324,1375.3900000000322,1372.6395226000323,0.2562760170563777,74.20165459838377,-0.0005424210999933621
-182.59999999996762,1330898,74.22790828038974,7.367844360233344,99.25975998679534,58.65206260871405,29.104470915436377,52.328439406113546,17.947319009823318,1374.9600000000323,1374.7100000000323,1375.4900000000323,1372.7395226000324,0.24595804901382315,74.22712361573889,-0.0007846646508511412
-182.4999999999676,1331319,74.25138862928654,7.375268331584184,99.32835557334211,58.67061588504197,29.13379709928246,52.30495905721675,17.93989503847248,1375.0600000000322,1374.8100000000322,1375.5900000000324,1372.8395226000325,0.2506987370333887,74.25212636976215,0.0007377404756141459
-182.39999999996758,1331797,74.27804802779643,7.3826947855073,99.39268709302294,58.69168112514824,29.16313308978964,52.27829965870686,17.932468584549362,1375.1600000000324,1374.9100000000324,1375.6900000000323,1372.9395226000324,0.26436307308970824,74.27783304338521,-0.0002149844112153687
-182.29999999996755,1332267,74.30426124390449,7.390123898192865,99.45760545192297,58.71239380893475,29.192479582944614,52.252086442598795,17.925039471863798,1375.2600000000325,1375.0100000000325,1375.7900000000323,1373.0395226000323,0.27189240112073276,74.30516912212754,0.0009078782230460547
-182.19999999996753,1332772,74.33242650802059,7.397555819331729,99.51990223988612,58.734648926620245,29.221837170056435,52.2239211784827,17.917607550724934,1375.3600000000324,1375.1100000000324,1375.8900000000324,1373.1395226000325,0.2749599051333803,74.33294867799434,0.0005221699737489871
-182.0999999999675,1333253,74.35925322493118,7.404990487928467,99.58398137120776,58.755846375346444,29.251205610180868,52.19709446157211,17.910172882128194,1375.4600000000323,1375.2100000000323,1375.9900000000325,1373.2395226000326,0.26018011307251976,74.35932886696392,7.56420327405749e-05
-181.99999999996749,1333705,74.3844625306351,7.412427685105126,99.65021501704513,58.775765807413464,29.280584038705864,52.17188515586818,17.902735684951537,1375.5600000000325,1375.3100000000325,1376.0900000000324,1373.3395226000325,0.2579492010632957,74.38478088779576,0.0003183571606513169
-181.89999999996746,1334178,74.41084306514385,7.419867444106029,99.71486867324187,58.796610699819894,29.309972586953215,52.145504621359436,17.895295925950634,1375.6600000000326,1375.4100000000326,1376.1900000000323,1373.4395226000324,0.2699403531127683,74.41112433296111,0.00028126781725745786
-181.79999999996744,1334673,74.43845060125767,7.427309909971721,99.77786815791453,58.818425122105694,29.339371827862305,52.117897085245616,17.88785346008494,1375.7600000000325,1375.5100000000325,1376.2900000000325,1373.5395226000326,0.25906465706790777,74.43786979718551,-0.000580804072157548
-181.69999999996742,1335107,74.46265599655744,7.43475501806547,99.84541806310526,58.83755130245322,29.368781506105005,52.09369168994584,17.880408351991193,1375.8600000000324,1375.6100000000324,1376.3900000000326,1373.6395226000327,0.2568337450586127,74.46368391145496,0.001027914897520077
-181.5999999999674,1335594,74.4898173502694,7.442202646754016,99.90899308772569,58.85901316841924,29.398201141205426,52.06653033623388,17.872960723302647,1375.9600000000326,1375.7100000000326,1376.4900000000325,1373.7395226000326,0.2668728491001208,74.48962752176283,-0.00018982850657778272
-181.49999999996737,1336064,74.51603056637748,7.449652943569825,99.9738296168878,58.879725852205766,29.427631315946556,52.040317120125806,17.865510426486836,1376.0600000000327,1375.8100000000327,1376.5900000000324,1373.8395226000325,0.2596223850702138,74.51610197481511,7.140843763409066e-05
-181.39999999996735,1336525,74.54174182728346,7.457105867148981,100.03932943272815,58.900041910132515,29.457071866932573,52.01460585921983,17.85805750290768,1376.1600000000326,1375.9100000000326,1376.6900000000326,1373.9395226000327,0.26380534508733117,74.54221553899184,0.0004737117083806197
-181.29999999996733,1337010,74.56879163539496,7.4645613866776275,100.10302196092562,58.92141563701858,29.486522672442543,51.98755605110833,17.850601983379036,1376.2600000000325,1376.0100000000325,1376.7900000000327,1374.0395226000328,0.26826716910577925,74.56857227544457,-0.0002193599503925725
-181.1999999999673,1337487,74.59539526110463,7.472019581604074,100.16730329600007,58.9424368075849,29.515984046313303,51.96095242539866,17.84314378845259,1376.3600000000326,1376.1100000000326,1376.8900000000326,1374.1395226000327,0.2657573930955088,74.59497470077744,-0.0004205603271856262
-181.09999999996728,1337963,74.62194311401407,7.479480381617787,100.23164862096887,58.96341390861124,29.54545571080407,51.934404572489214,17.835682988438876,1376.4600000000328,1376.2100000000328,1376.9900000000325,1374.2395226000326,0.26073784107475473,74.62151635996301,-0.00042675405106251674
-180.99999999996726,1338422,74.64754282931959,7.48694388487607,100.29725830352979,58.98364182745805,29.57493805365599,51.908804857183696,17.828219485180593,1376.5600000000327,1376.3100000000327,1377.0900000000327,1374.3395226000328,0.25767033706210724,74.64737986660234,-0.00016296271725479983
-180.89999999996724,1338887,74.6734771814265,7.49440985759111,100.36240631171773,59.004134163544705,29.604430151360056,51.88287050507678,17.82075351246555,1376.6600000000326,1376.4100000000326,1377.1900000000328,1374.439522600033,0.2582280650645553,74.6728055514371,-0.0006716299894122812
-180.7999999999672,1339348,74.69918844233251,7.501878445986361,100.42784402909253,59.02445022147149,29.633932581528388,51.857159244170774,17.813284924070302,1376.7600000000327,1376.5100000000327,1377.2900000000327,1374.5395226000328,0.2610167050760143,74.69891031185064,-0.0002781304818739727
-180.6999999999672,1339823,74.72568052244172,7.509349639653483,100.49222151142894,59.04538325295785,29.663445303045954,51.830667164061566,17.80581373040318,1376.8600000000329,1376.6100000000329,1377.3900000000326,1374.6395226000327,0.2668728490999787,74.7254350411834,-0.0002454812583181365
-180.59999999996717,1340305,74.75256301215252,7.516823532994601,100.55606430207071,59.066624771224,29.692968688820184,51.803784674350766,17.798339837062063,1376.9600000000328,1376.7100000000328,1377.4900000000328,1374.7395226000328,0.2537662410459652,74.75167962654842,-0.0008833856040979526
-180.49999999996714,1340733,74.77643377065093,7.5242999755787965,100.62394789589466,59.085486534331714,29.722502144618613,51.77991391585236,17.790863394477867,1377.0600000000327,1376.8100000000327,1377.590000000033,1374.839522600033,0.24958328102884772,74.77693697797469,0.0005032073237600798
-180.39999999996712,1341200,74.8024796683583,7.5317789203902,100.68889365409856,59.10606700949831,29.752045484719073,51.753868018144985,17.783384449666464,1377.1600000000328,1376.9100000000328,1377.6900000000328,1374.939522600033,0.2651996650932028,74.80254453782554,6.486946723782694e-05
-180.2999999999671,1341684,74.82947370366958,7.539260484486365,100.75255258833454,59.12739666684441,29.781599171522508,51.72687398283371,17.775902885570297,1377.260000000033,1377.010000000033,1377.7900000000327,1375.0395226000328,0.2696614891115087,74.82932033686329,-0.00015336680628763588
-180.19999999996708,1342167,74.85641196618062,7.546744784457576,100.81627727317627,59.148682254650545,29.811163665584054,51.69993572032267,17.768418585599086,1377.3600000000329,1377.1100000000329,1377.8900000000328,1375.139522600033,0.2512564650356947,74.85572156606511,-0.0006904001155021433
-180.09999999996705,1342585,74.87972499667673,7.554231628799582,100.88487409822685,59.16710332235856,29.840738210423304,51.67662268982656,17.76093174125708,1377.4600000000328,1377.2100000000328,1377.990000000033,1375.239522600033,0.26603625709662626,74.88147398711706,0.0017489904403333867
-179.99999999996703,1343121,74.90961921759995,7.561721079255002,100.94459374155225,59.190724595783166,29.870323049936047,51.64672846890333,17.75344229080166,1377.560000000033,1377.310000000033,1378.090000000033,1375.339522600033,0.2696614891115798,74.90833872412738,-0.0012804934725778594
-179.899999999967,1343552,74.93365729449906,7.569213296544411,101.01219625243186,59.20971856751079,29.899918819000963,51.62269039200423,17.74595007351225,1377.660000000033,1377.410000000033,1378.1900000000328,1375.439522600033,0.24093849699321118,74.93366852134956,1.1226850503476271e-05
-179.79999999996699,1343985,74.9578069169986,7.576707812959276,101.07963565888508,59.228800678318365,29.929523670075042,51.59854076950468,17.73845555709739,1377.760000000033,1377.510000000033,1378.290000000033,1375.539522600033,0.25097760103450617,74.95766702470179,-0.00013989229681499182
-179.69999999996696,1344452,74.98385281470597,7.584204829949354,101.14450705394971,59.249381153484954,29.959138398925447,51.57249487179732,17.73095854010731,1377.8600000000329,1377.6100000000329,1378.390000000033,1375.6395226000332,0.2587857930667192,74.9832561238702,-0.0005966908357635248
-179.59999999996694,1344913,75.00956407561196,7.591704464184053,101.20981981086278,59.269697211411724,29.98876346641985,51.546783610891325,17.72345890587261,1377.960000000033,1377.710000000033,1378.490000000033,1375.739522600033,0.26045897707363724,75.00970295280808,0.00013887719612171168
-179.49999999996692,1345386,75.03594461012071,7.5992067705399196,101.27422010910425,59.29054210381814,30.018399089331695,51.52040307638258,17.715956599516744,1378.0600000000331,1377.8100000000331,1378.590000000033,1375.839522600033,0.26241102508167274,75.03595705321116,1.2443090454894445e-05
-179.3999999999669,1345854,75.06204628062831,7.606711655594698,101.33898597909402,59.31116664852471,30.04804489862422,51.49430140587498,17.708451714461965,1378.160000000033,1377.910000000033,1378.690000000033,1375.9395226000331,0.25655488105756624,75.06192008635138,-0.00012619427693039142
-179.29999999996687,1346306,75.08725558633223,7.614219154557193,101.40494675295034,59.33108608059173,30.077701033379306,51.46909210017105,17.70094421549947,1378.260000000033,1378.010000000033,1378.7900000000332,1376.0395226000333,0.2534873770448477,75.08725386020272,-1.7261295113257802e-06
-179.19999999996685,1346763,75.11274375603729,7.621729106366742,101.47051918542299,59.3512258603586,30.10736685737487,51.443603930466,17.69343426368992,1378.360000000033,1378.110000000033,1378.890000000033,1376.1395226000332,0.2456791850126346,75.11175832884075,-0.00098542719653949
-179.09999999996683,1347187,75.13639142333477,7.629241506222964,101.53856688749076,59.369911345306434,30.13704235164842,51.419956263168515,17.6859218638337,1378.4600000000332,1378.2100000000332,1378.990000000033,1376.239522600033,0.2473523690196237,75.13666470730752,0.00027328397274573035
-178.9999999999668,1347650,75.16221422984123,7.636756439308208,101.60366505376619,59.39031554231315,30.166727852687426,51.39413345666206,17.678406930748455,1378.5600000000331,1378.3100000000331,1379.0900000000331,1376.3395226000332,0.24679464101738874,75.16151689160434,-0.0006973382368897774
-178.89999999996678,1348072,75.18575035153826,7.644273809601289,101.67184305350078,59.40891288818104,30.196422981188842,51.37059733496503,17.67088956045537,1378.660000000033,1378.410000000033,1379.1900000000333,1376.4395226000333,0.24623691301508274,75.18601294686614,0.000262595327882309
-178.79999999996676,1348533,75.21146161244425,7.6517936418975845,101.73706876388562,59.42922894610781,30.2261278350994,51.34488607405903,17.66336972815908,1378.7600000000332,1378.5100000000332,1379.2900000000332,1376.5395226000333,0.2571126090598012,75.21163248906869,0.00017087662443771023
-178.69999999996674,1348994,75.23717287335023,7.659316136099106,101.80228527449246,59.44954500403456,30.255843204072363,51.319174813153055,17.65584723395756,1378.8600000000333,1378.6100000000333,1379.390000000033,1376.6395226000332,0.2590646570678367,75.23734063236697,0.00016775901673327098
-178.5999999999667,1349462,75.26327454385783,7.666841110024061,101.86696176176066,59.47016954874113,30.28556836845292,51.293073142645454,17.6483222600326,1378.9600000000332,1378.7100000000332,1379.4900000000332,1376.7395226000333,0.25404510504715366,75.26280342269837,-0.0004711211594639053
-178.4999999999667,1349905,75.28798189435967,7.674368696783649,101.93351586381927,59.48969235494841,30.31530385405714,51.26836579214361,17.640794673273014,1379.0600000000331,1378.8100000000331,1379.5900000000333,1376.8395226000334,0.2498621450299652,75.28839231798536,0.00041042362568077806
-178.39999999996667,1350358,75.31324697286384,7.681898788487661,101.99930420282546,59.50965585655541,30.345049234696948,51.24310071363945,17.633264581569,1379.1600000000333,1378.9100000000333,1379.6900000000333,1376.9395226000333,0.2440060010058587,75.3131806506564,-6.632220743085782e-05
-178.29999999996664,1350780,75.33678309456086,7.6894313329137844,102.06742333638272,59.5282532024233,30.37480430408367,51.21956459194243,17.62573203714288,1379.2600000000334,1379.0100000000334,1379.7900000000332,1377.0395226000333,0.24567918501270566,75.33755331133868,0.000770216777823407
-178.19999999996662,1351239,75.36238280986639,7.696966299149933,102.13273535377455,59.54848112127012,30.404568940108344,51.1939648766369,17.61819707090673,1379.3600000000333,1379.1100000000333,1379.8900000000333,1377.1395226000334,0.25739147306098975,75.36217000571119,-0.00021280415519697726
-178.0999999999666,1351703,75.38826138917307,7.70450376691493,102.19765816248704,59.5689293878168,30.434343457676388,51.16808629733022,17.610659603141734,1379.4600000000332,1379.2100000000332,1379.9900000000334,1377.2395226000335,0.2579492010632957,75.38806375245818,-0.0001976367148870395
-177.99999999996658,1352164,75.41397265007906,7.712043911900428,102.26279880101691,59.58924544574357,30.464128550805263,51.14237503642423,17.603119458156236,1379.5600000000334,1379.3100000000334,1380.0900000000333,1377.3395226000334,0.2523719210403067,75.41360214569171,-0.00037050438734809177
-177.89999999996655,1352608,75.43873577338114,7.719586487344071,102.32921334384235,59.608812321490824,30.493923244733903,51.11761191312215,17.595576882712592,1379.6600000000335,1379.4100000000335,1380.1900000000333,1377.4395226000333,0.2462369130150117,75.43868388500972,-5.188837141645308e-05
-177.79999999996653,1353047,75.46322003268207,7.727131648677433,102.39599695495262,59.628158849538224,30.52372815344836,51.09312765382121,17.58803172137923,1379.7600000000334,1379.5100000000334,1380.2900000000334,1377.5395226000335,0.23564008097133965,75.46306800728065,-0.00015202540141956433
-177.6999999999665,1353453,75.48586378957542,7.734679100945531,102.46526584774524,59.64605108276657,30.553542111816988,51.07048389692787,17.580484269111132,1379.8600000000333,1379.6100000000333,1380.3900000000335,1377.6395226000336,0.24651577701612917,75.48694419792457,0.001080408349153572
-177.59999999996649,1353931,75.51252318808531,7.7422290375170215,102.52907346550728,59.66711632287284,30.58336588368496,51.043824498417976,17.572934332539642,1379.9600000000335,1379.7100000000335,1380.4900000000334,1377.7395226000335,0.2629687530839077,75.51242433901837,-9.88490669442399e-05
-177.49999999996646,1354396,75.53845754019221,7.749781585813338,102.59385534434382,59.68760865895949,30.61319997239264,51.017890146311075,17.565381784243325,1380.0600000000336,1379.8100000000336,1380.5900000000333,1377.8395226000334,0.24902555302647067,75.53796307246658,-0.0004944677256304431
-177.39999999996644,1354824,75.56232829869062,7.757336630131518,102.66142937612393,59.706470422067206,30.643043920889994,50.99401938781267,17.557826739925144,1380.1600000000335,1379.9100000000335,1380.6900000000335,1377.9395226000336,0.23982304098867022,75.56265765351428,0.0003293548236626975
-177.29999999996642,1355256,75.58642214838996,7.764894117344045,102.72868984458795,59.72550846333482,30.67289751931261,50.96992553811333,17.550269252712617,1380.2600000000334,1380.0100000000334,1380.7900000000336,1378.0395226000337,0.24372713700467016,75.58675311790113,0.00033096951116817763
-177.1999999999664,1355698,75.61107372609156,7.772453980755102,102.79518062276921,59.744987200002114,30.702760504198572,50.945273960411726,17.54270938930156,1380.3600000000336,1380.1100000000336,1380.8900000000335,1378.1395226000336,0.25014100903108266,75.6113819685389,0.0003082424473319634
-177.09999999996637,1356153,75.63645035019618,7.780016393737756,102.86067574187233,59.765038840689066,30.732633560406455,50.9198973363071,17.535146976318906,1380.4600000000337,1380.2100000000337,1380.9900000000334,1378.2395226000335,0.25543942505295425,75.63684598018526,0.00039562998907172187
-176.99999999996635,1356614,75.66216161110216,7.787581349951142,102.92570532122419,59.78535489861582,30.76251666288856,50.89418607540112,17.52758202010552,1380.5600000000336,1380.3100000000336,1381.0900000000336,1378.3395226000337,0.25014100903108266,75.66224096729555,7.935619338184097e-05
-176.89999999996633,1357050,75.68647855200241,7.795148841931218,102.99262154963853,59.804569218043305,30.792409782160416,50.869869134500874,17.520014528125444,1380.6600000000335,1380.4100000000335,1381.1900000000337,1378.4395226000338,0.24707350501843517,75.68661046021687,0.00013190821445618894
-176.7999999999663,1357500,75.71157631210586,7.802718672043189,103.05846281522443,59.82440051103038,30.822312137524726,50.844771374397425,17.512444698013475,1380.7600000000336,1380.5100000000336,1381.2900000000336,1378.5395226000337,0.25488169705057717,75.71123603955682,-0.00034027254903890025
-176.69999999996628,1357964,75.73745489141254,7.810291089139133,103.12323143597871,59.84484877757706,30.85222471199739,50.81889279509075,17.50487228091753,1380.8600000000338,1380.6100000000338,1381.3900000000335,1378.6395226000336,0.25850692906560174,75.73724201222473,-0.00021287918781354165
-176.59999999996626,1358427,75.763277697919,7.817866120445638,103.18806627686823,59.865252974583775,30.882147613128907,50.79306998858429,17.497297249611023,1380.9600000000337,1380.7100000000337,1381.4900000000337,1378.7395226000338,0.25822806506448426,75.7633417416501,6.404373110058259e-05
-176.49999999996624,1358890,75.78910050442545,7.8254437574874665,103.25289131819854,59.88565717159049,30.912080807440397,50.76724718207784,17.489719612569196,1381.0600000000336,1380.8100000000336,1381.5900000000338,1378.839522600034,0.25655488105756624,75.7891369490208,3.644459535223632e-05
-176.3999999999662,1359347,75.81458867413052,7.8330239478354455,103.3181619108122,59.90579695135737,30.942024087826034,50.74175901237277,17.482139422221216,1381.1600000000337,1380.9100000000337,1381.6900000000337,1378.9395226000338,0.2481889610230472,75.81429579424007,-0.00029287989045201357
-176.2999999999662,1359780,75.83873829663007,7.840606616646318,103.38524602003721,59.92487906216494,30.971977158639874,50.71760938987322,17.474556753410344,1381.2600000000339,1381.0100000000339,1381.7900000000336,1379.0395226000337,0.24344827300348165,75.83864074697526,-9.754965481079125e-05
-176.19999999996617,1360220,75.86327832873123,7.848191675984844,103.45178654126983,59.94426965975231,31.00193967251999,50.69306935777206,17.46697169407182,1381.3600000000338,1381.1100000000338,1381.8900000000338,1379.1395226000338,0.2493044170276592,75.86343242345359,0.0001540947223617195
-176.09999999996614,1360674,75.88859918003561,7.855779303131012,103.5172527627532,59.96427723089928,31.03191232975807,50.667748506467674,17.45938406692565,1381.4600000000337,1381.2100000000337,1381.990000000034,1379.239522600034,0.2504198730322712,75.88872743535924,0.00012825532363081038
-175.99999999996612,1361118,75.91336230333769,7.863369421471919,103.58346914013832,59.98384410664653,31.061894827717712,50.642985383165595,17.451793948584744,1381.5600000000338,1381.3100000000338,1382.0900000000338,1379.339522600034,0.25237192104023565,75.91343802329085,7.571995315913682e-05
-175.8999999999661,1361579,75.93907356424367,7.870961990735673,103.6483804885626,60.004160164573285,31.091887007316817,50.617274122259616,17.44420137932099,1381.660000000034,1381.410000000034,1382.1900000000337,1379.4395226000338,0.2579492010632957,75.93891859388442,-0.00015497035924738611
-175.79999999996608,1362043,75.96495214355036,7.878557205190699,103.7130542819622,60.02460843111998,31.121889635954833,50.591395542952924,17.436606164865964,1381.7600000000339,1381.5100000000339,1382.2900000000338,1379.539522600034,0.2504198730322712,75.96452280177893,-0.00042934177143649777
-175.69999999996605,1362477,75.98915753885014,7.886154895296033,103.78000165700173,60.043734611467514,31.151902043910773,50.56719014765315,17.42900847476063,1381.8600000000338,1381.6100000000338,1382.390000000034,1379.639522600034,0.2462369130150117,75.9890027554693,-0.00015478338083596554
-175.59999999996603,1362926,76.01419952615338,7.893755005741797,103.84579532441012,60.06352183491463,31.18192401269946,50.54214816034991,17.421408364314864,1381.960000000034,1381.710000000034,1382.490000000034,1379.739522600034,0.2498621450299652,76.01400113110776,-0.00019839504561502963
-175.499999999966,1363373,76.03912996785614,7.9013576955222575,103.91173201037915,60.08322091928179,31.21195617038031,50.517217718647146,17.413805674534405,1382.060000000034,1381.810000000034,1382.5900000000338,1379.839522600034,0.24344827300348165,76.03911926501131,-1.070284483262185e-05
-175.39999999996598,1363799,76.06288918075408,7.9089628295948025,103.97925867370257,60.10199454330956,31.24199798350778,50.4934585057492,17.40620054046186,1382.160000000034,1381.910000000034,1382.690000000034,1379.939522600034,0.2462369130150117,76.06370453178077,0.0008153510266879493
-175.29999999996596,1364256,76.08837735045915,7.916570436428618,104.04441140813532,60.122134323076445,31.272049564540886,50.46797033604413,17.398592933628045,1382.2600000000339,1382.0100000000339,1382.790000000034,1380.0395226000342,0.25460283304953074,76.08856881014252,0.00019145968336431451
-175.19999999996594,1364712,76.113809747364,7.924180543356834,104.10962964091108,60.14223003330336,31.302111021451005,50.442537939139285,17.39098282669983,1382.360000000034,1382.110000000034,1382.890000000034,1380.139522600034,0.2537662410461073,76.11387728527095,6.753790694347117e-05
-175.09999999996592,1365166,76.13913059866839,7.931793211885675,104.17499056686623,60.16223760445033,31.33218259720013,50.4172170878349,17.383370158170987,1382.4600000000341,1382.2100000000341,1382.990000000034,1380.239522600034,0.28611446517935835,76.13883048235127,-0.00030011631712056897
-174.9999999999659,1365738,76.17103264039989,7.939408309453308,104.23133354296124,60.18744538131391,31.36226376814228,50.3853150461034,17.375755060603353,1382.560000000034,1382.310000000034,1383.090000000034,1380.3395226000341,0.27914286515063985,76.16705185691985,-0.003980783480031391
-174.89999999996587,1366167,76.19495917169853,7.947026622257063,104.29858757912251,60.2063512139616,31.39235763991546,50.36138851480476,17.3681367477996,1382.660000000034,1382.410000000034,1383.1900000000342,1380.4395226000343,0.24958328102884772,76.19556836114585,0.0006091894473172488
-174.79999999996585,1366633,76.22094929660567,7.95464742312554,104.36300645077092,60.22688761958822,31.422461340045995,50.33539838989762,17.360515946931123,1382.760000000034,1382.510000000034,1383.290000000034,1380.5395226000342,0.2571126090598012,76.22100528948607,5.599288040514239e-05
-174.69999999996583,1367089,76.2463816935105,7.962270823314963,104.42817936359398,60.24698332981512,31.452575308018407,50.30996599299279,17.3528925467417,1382.8600000000342,1382.6100000000342,1383.390000000034,1380.639522600034,0.2420539529976811,76.24564042544165,-0.0007412680688503315
-174.5999999999658,1367501,76.26936008720521,7.969896551210632,104.4967014551843,60.26513998028329,31.48269847089987,50.28698759929807,17.34526681884603,1382.9600000000341,1382.7100000000341,1383.4900000000341,1380.7395226000342,0.2493044170276592,76.27006731128489,0.0007072240796759388
-174.49999999996578,1367983,76.29624257691604,7.977524836777223,104.55986516943993,60.28638149854946,31.51283173709721,50.26010510958724,17.33763853327944,1383.060000000034,1382.810000000034,1383.5900000000343,1380.8395226000343,0.2716135371196153,76.29687049497163,0.0006279180555850417
-174.39999999996576,1368475,76.32368279462915,7.9851559253096305,104.622256590998,60.30806371221533,31.54297607557473,50.23266489187414,17.330007444747032,1383.1600000000342,1382.9100000000342,1383.6900000000342,1380.9395226000343,0.2526507850414242,76.32316673739835,-0.0005160572307971734
-174.29999999996573,1368889,76.34677273392434,7.992789470124707,104.69060032151363,60.32630850176344,31.573130116864096,50.20957495257895,17.322373899931954,1383.2600000000343,1383.0100000000343,1383.790000000034,1381.0395226000342,0.24121736099432867,76.34739786080073,0.0006251268763861617
-174.1999999999657,1369340,76.37192626682803,8.000425404881794,104.75610340021973,60.346183864290495,31.603293598906316,50.18442141967526,17.31473796517487,1383.3600000000342,1383.1100000000342,1383.8900000000342,1381.1395226000343,0.2587857930667192,76.37246568731908,0.000539420491051601
-174.0999999999657,1369817,76.3985298925377,8.008063963262174,104.81960810667863,60.36720503485681,31.63346744478959,50.15781779396559,17.30709940679449,1383.4600000000341,1383.2100000000341,1383.9900000000343,1381.2395226000344,0.25850692906560174,76.3984827309022,-4.716163549289831e-05
-173.99999999996567,1370267,76.42362765264116,8.015705101427978,104.88516899329575,60.387036327843894,31.66365148134549,50.13272003386213,17.299458268628683,1383.5600000000343,1383.3100000000343,1384.0900000000343,1381.3395226000343,0.25571828905407173,76.42436962063665,0.0007419679954949743
-173.89999999996564,1370734,76.44967355034852,8.023348837186305,104.94941920062297,60.407616803010484,31.693845778915648,50.106674136154766,17.291814532870358,1383.6600000000344,1383.4100000000344,1384.1900000000342,1381.4395226000343,0.24846782502423573,76.44923639477919,-0.0004371555693296614
-173.79999999996562,1371158,76.47332121764602,8.030994948706937,105.0169499746247,60.426302287958315,31.724049461225977,50.08302646885727,17.284168421349726,1383.7600000000343,1383.5100000000343,1384.2900000000343,1381.5395226000344,0.23954417698741065,76.4732006590574,-0.00012055858861970137
-173.6999999999656,1371593,76.49758238574601,8.03864347731812,105.08362782999507,60.44547253784582,31.754262691531377,50.05876530075727,17.27651989273854,1383.8600000000342,1383.6100000000342,1384.3900000000344,1381.6395226000345,0.24735236901955265,76.49754542498238,-3.6960763637239324e-05
-173.59999999996558,1372045,76.52279169144994,8.046294457791937,105.14899260648599,60.465391969912844,31.784485607188586,50.03355599505335,17.268868912264725,1383.9600000000344,1383.7100000000344,1384.4900000000343,1381.7395226000344,0.2440060010058587,76.5221196038973,-0.0006720875526440295
-173.49999999996555,1372468,76.5463835859472,8.053947901238903,105.21656966583971,60.48403338532071,31.81471825208638,50.00996410055609,17.26121546881776,1384.0600000000345,1383.8100000000345,1384.5900000000343,1381.8395226000343,0.24679464101731768,76.5469102011101,0.0005266151628973148
-173.39999999996553,1372930,76.57215061965341,8.061603839832163,105.28114692606046,60.50439351278744,31.844960753315174,49.98419706684987,17.2535595302245,1384.1600000000344,1383.9100000000344,1384.6900000000344,1381.9395226000345,0.2526507850414242,76.57196320353783,-0.00018741611557970828
-173.2999999999655,1373374,76.5969137429555,8.069262293879614,105.34709428317838,60.5239603885347,31.87521319109525,49.95943394354779,17.24590107617705,1384.2600000000343,1384.0100000000343,1384.7900000000345,1382.0395226000346,0.25543942505295425,76.59707790456727,0.00016416161177801314
-173.19999999996548,1373846,76.62323850466402,8.07692325541308,105.41088334345775,60.544761211401145,31.90547553395071,49.93310918183927,17.23824011464358,1384.3600000000345,1384.1100000000345,1384.8900000000344,1382.1395226000345,0.24679464101731768,76.62235972912262,-0.0008787755413948162
-173.09999999996546,1374259,76.64627267115897,8.084586765825442,105.47919010375531,60.56296193140929,31.935747945391775,49.91007501534432,17.23057660423122,1384.4600000000346,1384.2100000000346,1384.9900000000343,1382.2395226000344,0.23062052895065663,76.64658465050783,0.00031197934886506573
-172.99999999996544,1374673,76.66936261045416,8.092252572343185,105.54740898863004,60.58120672095741,31.966029426912094,49.88698507604913,17.222910797713478,1384.5600000000345,1384.3100000000345,1385.0900000000345,1382.3395226000346,0.2339668969644216,76.66955837863573,0.00019576818156963327
-172.89999999996542,1375098,76.69306605055186,8.099920677501173,105.6147719033967,60.5999362754452,31.996319988524895,49.863281635951424,17.215242692555492,1384.6600000000344,1384.4100000000344,1385.1900000000346,1382.4395226000347,0.24763123302074116,76.6935380808771,0.000472030325241235
-172.7999999999654,1375561,76.71888885705832,8.107591279959363,105.67920626516538,60.620340472451915,32.02662041497707,49.83745882944497,17.2075720900973,1384.7600000000346,1384.5100000000346,1385.2900000000345,1382.5395226000346,0.2548816970506482,76.7184181429828,-0.0004707140755186856
-172.69999999996537,1376012,76.744042389962,8.115264361129773,105.74455173853646,60.64021583497897,32.056930632842324,49.81230529654128,17.19989900892689,1384.8600000000347,1384.6100000000347,1385.3900000000344,1382.6395226000345,0.24400600100578765,76.7437590780226,-0.0002833119393983452
-172.59999999996535,1376436,76.76769005725949,8.122940031774972,105.81196367529402,60.6589013199268,32.087251079655154,49.7886576292438,17.192223338281693,1384.9600000000346,1384.7100000000346,1385.4900000000346,1382.7395226000347,0.24874668902535318,76.76903456366819,0.0013445064086994307
-172.49999999996533,1376904,76.79379172776709,8.13061816804251,105.87598274695742,60.67952586463336,32.1175812661734,49.7625559587362,17.184545202014153,1385.0600000000345,1384.8100000000345,1385.5900000000347,1382.8395226000348,0.2638053450874022,76.79419871027294,0.00040698250585080586
-172.3999999999653,1377382,76.82045112627698,8.13829887151703,105.93922259242326,60.70059110473963,32.1479215936769,49.73589656022631,17.176864498539633,1385.1600000000346,1384.9100000000346,1385.6900000000346,1382.9395226000347,0.2554394250528832,76.81978832521581,-0.0006628010611677837
-172.29999999996528,1377820,76.84487961277767,8.145982125707556,106.00552914852966,60.719893563247055,32.17827199702296,49.71146807372561,17.169181244349105,1385.2600000000348,1385.0100000000348,1385.7900000000345,1383.0395226000346,0.25097760103450617,76.84545030793359,0.000570695155914791
-172.19999999996526,1378282,76.87064664648389,8.15366796157862,106.06998011966864,60.74025369071379,32.20863259852772,49.685701040019396,17.161495408478043,1385.3600000000347,1385.1100000000347,1385.8900000000347,1383.1395226000348,0.25041987303234226,76.87051624961967,-0.00013039686422189334
-172.09999999996523,1378718,76.89496358738415,8.161356228957484,106.13642101127783,60.75946801014129,32.239002804978604,49.66138409911913,17.15380714109918,1385.4600000000346,1385.2100000000346,1385.9900000000348,1383.239522600035,0.24372713700474122,76.89495205913843,-1.1528245721592612e-05
-171.9999999999652,1379156,76.91939207388485,8.16904695199045,106.20269780790363,60.77877046864871,32.26938271175836,49.636955612618436,17.146116418066214,1385.5600000000347,1385.3100000000347,1386.0900000000347,1383.3395226000348,0.24344827300348165,76.91923968880543,-0.00015238507941717216
-171.8999999999652,1379591,76.94365324198486,8.176740076895248,106.26919482468179,60.79794071853623,32.29977210641618,49.612694444518425,17.138423293161416,1385.6600000000349,1385.4100000000349,1386.1900000000346,1383.4395226000347,0.24818896102297613,76.94383362255464,0.00018038056977331962
-171.79999999996517,1380046,76.96902986608946,8.184435718714965,106.33414157556913,60.817992359223155,32.33017144339545,49.58731782041383,17.130727651341697,1385.7600000000348,1385.5100000000348,1386.2900000000348,1383.5395226000348,0.2543239690483422,76.96908961274016,5.9746650705960747e-05
-171.69999999996514,1380503,76.99451803579454,8.1921338948178,106.39892428457438,60.83813213899005,32.360580791304066,49.561829650708745,17.123029475238862,1385.8600000000347,1385.6100000000347,1386.390000000035,1383.639522600035,0.2546028330496018,76.994821543022,0.00030350722745708936
-171.59999999996512,1380959,77.01995043269939,8.199834683023573,106.46377512523395,60.85822784921696,32.391000457546006,49.5363972538039,17.11532868703309,1385.9600000000348,1385.7100000000348,1386.4900000000348,1383.739522600035,0.24874668902535318,77.01991608222738,-3.435047200639474e-05
-171.4999999999651,1381395,77.04426737359962,8.207537878034248,106.53015672450518,60.87744216864444,32.421429631152634,49.51208031290366,17.107625492022414,1386.060000000035,1385.810000000035,1386.5900000000347,1383.8395226000348,0.2420539529976811,77.04428207799604,1.4704396420484045e-05
-171.39999999996508,1381827,77.06836122329894,8.215243539439175,106.59683700340034,60.89648020991203,32.45186854751389,49.48798646320435,17.099919830617488,1386.1600000000349,1385.9100000000349,1386.6900000000348,1383.939522600035,0.24038076899090519,77.06841966218302,5.843888408207931e-05
-171.29999999996505,1382257,77.09234352739782,8.222951561966688,106.66366056240511,60.9154301120997,32.48231679078547,49.46400415910547,17.092211808089974,1386.2600000000348,1386.0100000000348,1386.790000000035,1384.039522600035,0.2381498569817522,77.0921322629972,-0.00021126440061891572
-171.19999999996503,1382681,77.1159911946953,8.230661965891779,106.73093658501733,60.93411559704753,32.51277444105768,49.44035649180799,17.084501404164882,1386.360000000035,1386.110000000035,1386.890000000035,1384.139522600035,0.24428486500690513,77.11634230128831,0.0003511065930155155
-171.099999999965,1383133,77.14120050039921,8.23837483042695,106.79604124626394,60.95403502911454,32.54324181123589,49.41514718610408,17.07678853962971,1386.460000000035,1386.210000000035,1386.9900000000348,1384.239522600035,0.2520930570390471,77.14120302705007,2.52665086009074e-06
-170.99999999996498,1383585,77.16640980610312,8.246090206497193,106.86113591674452,60.97395446118156,32.573719102484056,49.38993788040017,17.06907316355947,1386.560000000035,1386.310000000035,1387.090000000035,1384.339522600035,0.2548816970506482,77.16629208650438,-0.0001177195987338564
-170.89999999996496,1384047,77.19217683980935,8.253808088844254,106.92544797606513,60.9943145886483,32.60420629403104,49.36417084669394,17.061355281212407,1386.6600000000349,1386.4100000000349,1387.190000000035,1384.4395226000352,0.24846782502423573,77.19138261841245,-0.000794221396901662
-170.79999999996494,1384476,77.21610337110798,8.261528483020879,106.99229982268314,61.01322042129598,32.634703407811294,49.34024431539531,17.053634887035784,1386.760000000035,1386.510000000035,1387.290000000035,1384.539522600035,0.23842872098279863,77.21613978513297,3.641402498999469e-05
-170.69999999996492,1384902,77.23986258400592,8.269251316801284,107.05937375027905,61.03199404532376,32.66521015851843,49.31648510249737,17.04591205325538,1386.8600000000351,1386.6100000000351,1387.390000000035,1384.639522600035,0.23814985698168115,77.23982957489233,-3.300911359360725e-05
-170.5999999999649,1385330,77.26373334250432,8.27697644893586,107.12628151482981,61.05085580843147,32.69572598818798,49.29261434399896,17.038186921120804,1386.960000000035,1386.710000000035,1387.490000000035,1384.7395226000351,0.24093849699321118,77.26361314666127,-0.00012019584305278386
-170.49999999996487,1385766,77.28805028340457,8.28470403943062,107.19256093344002,61.07007012785896,32.72625152887598,49.268297403098714,17.030459330626044,1387.060000000035,1386.810000000035,1387.5900000000352,1384.8395226000353,0.24121736099432867,77.28783509528573,-0.00021518811884391198
-170.39999999996485,1386195,77.3119768147032,8.292434015954921,107.25937115577499,61.088975960506644,32.75678649486179,49.244370871800086,17.02272935410174,1387.160000000035,1386.910000000035,1387.690000000035,1384.9395226000352,0.24149622499544615,77.31197823946847,1.424765272872719e-06
-170.29999999996483,1386632,77.33634952840367,8.300166435078518,107.32555241736718,61.1082343494741,32.78733110960737,49.219998158099614,17.014996934978143,1387.2600000000352,1387.0100000000352,1387.790000000035,1385.039522600035,0.25209305703911816,77.33706366257199,0.0007141341683194469
-170.1999999999648,1387099,77.36239542611104,8.307901428687439,107.3894026022285,61.128814824640685,32.81788589408911,49.19395226039225,17.007261941369222,1387.3600000000351,1387.1100000000351,1387.8900000000351,1385.1395226000352,0.24400600100578765,77.36178859286215,-0.0006068332488808892
-170.09999999996478,1387507,77.38515072860484,8.315638792797094,107.45780959916488,61.14679519694898,32.84845004252675,49.171196957898445,16.99952457725957,1387.460000000035,1387.210000000035,1387.9900000000353,1385.2395226000353,0.23814985698168115,77.38528834253944,0.00013761393459787996
-169.99999999996476,1387953,77.41002539750738,8.323378486355951,107.52326256986301,61.16645021177617,32.87902339275846,49.146322288995904,16.99178488370071,1387.5600000000352,1387.3100000000352,1388.0900000000352,1385.3395226000353,0.24874668902535318,77.40956451920341,-0.00046087830396857044
-169.89999999996473,1388399,77.43490006640992,8.331120705700938,107.58870610740092,61.186105226603374,32.909606720354695,49.12144762009336,16.984042664355727,1387.6600000000353,1387.4100000000353,1388.190000000035,1385.4395226000352,0.24372713700467016,77.4340520883476,-0.0008479780623247279
-169.7999999999647,1388827,77.45877082490833,8.338865296773623,107.65553349178766,61.20496698971108,32.94019941675359,49.09757686159496,16.97629807328304,1387.7600000000352,1387.5100000000352,1388.2900000000352,1385.5395226000353,0.23508235296903363,77.45813861498449,-0.0006322099238360579
-169.6999999999647,1389242,77.48191653700374,8.346612333423938,107.72335928781229,61.22325584879918,32.97080177367726,49.074431149499546,16.968551036632725,1387.8600000000351,1387.6100000000351,1388.3900000000353,1385.6395226000354,0.24261168100012923,77.48230968495648,0.00039314795273526215
-169.59999999996467,1389697,77.50729316110836,8.354361758710619,107.78807281200052,61.24330748948612,33.001413566196234,49.04905452539492,16.960801611346042,1387.9600000000353,1387.7100000000353,1388.4900000000353,1385.7395226000353,0.2548816970506482,77.50759905819052,0.00030589708215700284
-169.49999999996464,1390156,77.53289287641388,8.362113853235579,107.85246806880595,61.263535408332935,33.03203590274465,49.023454810089405,16.953049516821082,1388.0600000000354,1387.8100000000354,1388.5900000000352,1385.8395226000353,0.24093849699306907,77.53262063833118,-0.0002722380827009374
-169.39999999996462,1390561,77.55548086050699,8.369868282838288,107.92104168488774,61.281383572021305,33.062667463321034,49.0008668259963,16.945295087218376,1388.1600000000353,1387.9100000000353,1388.6900000000353,1385.9395226000354,0.24121736099432867,77.55629566774643,0.0008148072394362771
-169.2999999999646,1391021,77.58113634861276,8.377625112369133,107.98533647050576,61.30165556040811,33.093308504097486,48.97521133789053,16.937538257687528,1388.2600000000352,1388.0100000000352,1388.7900000000354,1386.0395226000355,0.2587857930667192,77.58155581588709,0.0004194672743267347
-169.19999999996458,1391489,77.60723801912035,8.385384594001469,108.04900171728228,61.32228010511466,33.12396002120961,48.94910966738294,16.929778776055194,1388.3600000000354,1388.1100000000354,1388.8900000000353,1386.1395226000354,0.2504198730322712,77.60676854602988,-0.00046947309046174723
-169.09999999996455,1391919,77.63122032321922,8.393146466078342,108.11560646777546,61.34123000730233,33.154620981059686,48.92512736328406,16.92201690397832,1388.4600000000355,1388.2100000000355,1388.9900000000353,1386.2395226000353,0.24484259300928218,77.63123476826021,1.4445040989130575e-05
-168.99999999996453,1392367,77.65620653772221,8.400910840955124,108.18080376968074,61.36097316120946,33.185291827474074,48.900141148781074,16.91425252910154,1388.5600000000354,1388.3100000000354,1389.0900000000354,1386.3395226000355,0.2537662410459652,77.65604154478805,-0.00016499293415961347
-168.8999999999645,1392829,77.68197357142843,8.408677674387304,108.24490274639508,61.381333288676196,33.21597238567804,48.87437411507486,16.90648569566936,1388.6600000000353,1388.4100000000353,1389.1900000000355,1386.4395226000356,0.24623691301508274,77.68108473975242,-0.0008888316760078396
-168.79999999996448,1393250,77.70545392032524,8.416447057903078,108.31217930382114,61.39988656500413,33.24666301722642,48.85089376617805,16.898716312153585,1388.7600000000355,1388.5100000000355,1389.2900000000354,1386.5395226000355,0.23201484895645716,77.70539368270018,-6.0237625064019085e-05
-168.69999999996446,1393661,77.72837654121973,8.424218753123847,108.38022261607951,61.41799914593233,33.27736278047568,48.827971145283556,16.890944616932813,1388.8600000000356,1388.6100000000356,1389.3900000000353,1386.6395226000354,0.22894734494373858,77.72824850349076,-0.0001280377289702983
-168.59999999996444,1394071,77.751243389314,8.431992707603781,108.44833265730975,61.43606765732056,33.3080714682542,48.80510429718929,16.883170662452883,1388.9600000000355,1388.7100000000355,1389.4900000000355,1386.7395226000356,0.24456372900802262,77.75225535628175,0.001011966967752187
-168.49999999996442,1394538,77.77728928702135,8.439769204195107,108.51199985962286,61.45664813248714,33.338790197885324,48.77905839948194,16.875394165861557,1389.0600000000354,1388.8100000000354,1389.5900000000356,1386.8395226000357,0.24986214502989415,77.77706561038082,-0.00022367664053035696
-168.3999999999644,1394967,77.80121581831999,8.44754812072586,108.57861322440543,61.47555396513483,33.369518486765166,48.7551318681833,16.867615249330804,1389.1600000000356,1388.9100000000356,1389.6900000000355,1386.9395226000356,0.23703440097706913,77.80145190738999,0.00023608907000038926
-168.29999999996437,1395388,77.82469616721677,8.455329494576588,108.64584008666326,61.494107241462736,33.400256482554404,48.731651519286515,16.859833875480074,1389.2600000000357,1389.0100000000357,1389.7900000000354,1387.0395226000355,0.24289054500117563,77.82555336994896,0.0008572027321918085
-168.19999999996435,1395838,77.84979392732023,8.463113231399854,108.71079812107054,61.513938534449814,33.43100381256165,48.70655375918305,16.852050138656807,1389.3600000000356,1389.1100000000356,1389.8900000000356,1387.1395226000357,0.25069873703345974,77.84958652226172,-0.00020740505851790658
-168.09999999996433,1396287,77.87483591462347,8.470899411881044,108.77582356857799,61.53372575789693,33.46176079551046,48.68151177187981,16.844263958175617,1389.4600000000355,1389.2100000000355,1389.9900000000357,1387.2395226000358,0.24763123302074116,77.8746010944001,-0.00023482022336906994
-167.9999999999643,1396726,77.8993201739244,8.478688151618737,108.84161931950784,61.553072285944324,33.49252788803851,48.65702751257889,16.836475218437926,1389.5600000000356,1389.3100000000356,1390.0900000000356,1387.3395226000357,0.24456372900809367,77.89957548772739,0.00025531380299526063
-167.89999999996428,1397164,77.9237486604251,8.486479326978593,108.90748292873897,61.57237474445176,33.52330460176523,48.63259902607818,16.82868404307807,1389.6600000000358,1389.4100000000358,1390.1900000000355,1387.4395226000356,0.24818896102311824,77.92395810675818,0.00020944633307351523
-167.79999999996426,1397616,77.94895796612903,8.494272943240093,108.97224497768255,61.592294176518784,33.554090957545654,48.60738972037426,16.820890426816568,1389.7600000000357,1389.5100000000357,1390.2900000000357,1387.5395226000358,0.2493044170276592,77.94888208708518,-7.587904384820376e-05
-167.69999999996423,1398058,77.97360954383065,8.502069103396014,109.03777769344919,61.611772913186094,33.584887362222005,48.58273814267264,16.81309426666065,1389.8600000000356,1389.6100000000356,1390.3900000000358,1387.639522600036,0.24567918501270566,77.9740049169236,0.00039537309295667455
-167.5999999999642,1398497,77.99809380313158,8.509867744223481,109.10353483384505,61.631119441233494,33.61569356605117,48.558253883371705,16.805295625833182,1389.9600000000357,1389.7100000000357,1390.4900000000357,1387.7395226000358,0.24065963299202267,77.99837318843902,0.00027938530743654155
-167.4999999999642,1398921,78.02174147042906,8.517668778033705,109.17045194719189,61.64980492618132,33.64650922264477,48.53460621607422,16.797494592022957,1390.0600000000359,1389.8100000000359,1390.5900000000356,1387.8395226000357,0.2334091689621156,78.02159776321832,-0.0001437072107393078
-167.39999999996417,1399334,78.04477563692402,8.525472063776128,109.23821606506885,61.668005646189464,33.67733377482464,48.51157204957927,16.789691306280535,1390.1600000000358,1389.9100000000358,1390.6900000000358,1387.9395226000358,0.24316940900236417,78.04528626481486,0.000510627890847104
-167.29999999996414,1399793,78.07037535222955,8.533277835286672,109.30238002298752,61.68823356503629,33.708168146289836,48.48597233427374,16.78188553476999,1390.2600000000357,1390.0100000000357,1390.790000000036,1388.039522600036,0.25348737704491875,78.07017461215808,-0.00020074007146320128
-167.19999999996412,1400243,78.09547311233301,8.541086098698562,109.3672367720087,61.70806485802337,33.739012361267825,48.460874574170276,16.774077271358102,1390.3600000000358,1390.1100000000358,1390.8900000000358,1388.139522600036,0.25404510504715366,78.09535582204305,-0.00011729028996398938
-167.0999999999641,1400704,78.12118437323899,8.548896906451084,109.43122502607083,61.72838091595013,33.76986662690437,48.4351633132643,16.76626646360558,1390.460000000036,1390.210000000036,1390.9900000000357,1388.2395226000358,0.25041987303220015,78.12082128673907,-0.0003630864999166761
-166.99999999996407,1401141,78.14555708693946,8.556710262955914,109.49707932130161,61.747639304917584,33.80073096062647,48.410790599563825,16.75845310710075,1390.5600000000359,1390.3100000000359,1391.0900000000358,1388.339522600036,0.2459580490138942,78.14583286391141,0.0002757769719465841
-166.89999999996405,1401586,78.17037598304178,8.56452607302387,109.56229857307903,61.76725025020482,33.83160498641767,48.38597170346151,16.750637297032792,1390.6600000000358,1390.4100000000358,1391.190000000036,1388.439522600036,0.24289054500124668,78.17005412649492,-0.00032185654686145426
-166.79999999996403,1402012,78.19413519593972,8.572344273781217,109.62899266422657,61.78602387423259,33.86248845591404,48.362212490563564,16.742819096275447,1390.760000000036,1390.510000000036,1391.290000000036,1388.539522600036,0.23368803296330415,78.193820888237,-0.0003143077027232266
-166.699999999964,1402424,78.21711358963445,8.58016483720152,109.69677150472845,61.80418052470077,33.893381258405505,48.339234096868836,16.734998532855144,1390.860000000036,1390.610000000036,1391.3900000000358,1388.639522600036,0.2414962249955172,78.21777954754948,0.0006659579150323225
-166.59999999996398,1402878,78.24243444093884,8.58798782969073,109.7612553987358,61.82418809584773,33.924283656208964,48.31391324556445,16.727175540365934,1390.960000000036,1390.710000000036,1391.490000000036,1388.739522600036,0.25543942505295425,78.24290433529353,0.00046989435469413365
-166.49999999996396,1403340,78.26820147464505,8.595813418068582,109.82510465445144,61.844548223314476,33.955196308296,48.28814621185823,16.71934995198808,1391.0600000000359,1390.8100000000359,1391.590000000036,1388.8395226000362,0.2534873770448477,78.26846185562357,0.0002603809785171052
-166.39999999996394,1403787,78.29313191634782,8.603641522061858,109.89011821949346,61.86424730768164,33.98611889757124,48.26321577015547,16.711521847994803,1391.160000000036,1390.910000000036,1391.690000000036,1388.939522600036,0.24038076899083413,78.29299965124885,-0.000132265098969242
-166.29999999996392,1404202,78.31627762844323,8.611472017998837,109.95762667442312,61.88253616676972,34.01705093550642,48.240070058060056,16.703691352057824,1391.2600000000361,1391.0100000000361,1391.790000000036,1389.039522600036,0.23647667297476313,78.31660145655444,0.00032382811120612587
-166.1999999999639,1404635,78.34042725094278,8.619304842353174,110.02371501936689,61.90161827757729,34.04799217115968,48.215920435560506,16.69585852770349,1391.360000000036,1391.110000000036,1391.890000000036,1389.1395226000361,0.24233281699886963,78.34062591919103,0.00019866824824532614
-166.09999999996387,1405071,78.36474419184302,8.627140143182679,110.08955917807586,61.92083259700477,34.07894318938922,48.19160349466027,16.688023226873984,1391.460000000036,1391.210000000036,1391.9900000000362,1389.2395226000363,0.2523719210403067,78.36527274505025,0.0005285532072321075
-165.99999999996385,1405540,78.39090163515085,8.634977896902186,110.15280749150385,61.941501211251314,34.10990389702888,48.16544605135243,16.680185473154477,1391.560000000036,1391.310000000036,1392.090000000036,1389.3395226000362,0.24567918501277672,78.39001943499207,-0.0008822001587844852
-165.89999999996382,1405952,78.41388002884558,8.64281814706968,110.22051381579773,61.959657861719485,34.14087446614149,48.142467657657704,16.672345222986984,1391.6600000000362,1391.4100000000362,1392.190000000036,1389.439522600036,0.2320148489563861,78.41420919173324,0.000329162887652501
-165.7999999999638,1406372,78.43730460494214,8.650660738740537,110.28758295954346,61.97816706850743,34.17185428466455,48.119043081561145,16.664502631316125,1391.7600000000361,1391.5100000000361,1392.2900000000361,1389.5395226000362,0.24512145701032861,78.43829391703402,0.0009893120918746945
-165.69999999996378,1406831,78.46290432024766,8.65850580585309,110.35158436798686,61.998394987354246,34.20284388168146,48.09344336625563,16.65665756420357,1391.860000000036,1391.610000000036,1392.3900000000363,1389.6395226000363,0.2559971530552602,78.4630070565894,0.00010273634174495783
-165.59999999996376,1407290,78.4885040355532,8.666353340151858,110.41557546091374,62.01862290620108,34.23384322458141,48.06784365095008,16.648810029904805,1391.9600000000362,1391.7100000000362,1392.4900000000362,1389.7395226000363,0.25041987303234226,78.48812337224479,-0.00038066330841957097
-165.49999999996373,1407729,78.51298829485414,8.674203430527543,110.48112699457732,62.03796943424848,34.26485266450061,48.04335939164915,16.640959939529118,1392.0600000000363,1391.8100000000363,1392.590000000036,1389.8395226000362,0.24707350501843517,78.51300721016776,1.8915313617640095e-05
-165.3999999999637,1408176,78.5379187365569,8.682055941593894,110.54604045106525,62.05766851861564,34.29587166663606,48.01842894994638,16.63310742846277,1392.1600000000362,1391.9100000000362,1392.6900000000362,1389.9395226000363,0.23842872098279863,78.53721831657855,-0.0007004199783580134
-165.2999999999637,1408584,78.56067403905071,8.689910874190863,110.61400605946058,62.07564889092393,34.32690023430575,47.99567364745258,16.6252524958658,1392.2600000000361,1392.0100000000361,1392.7900000000363,1390.0395226000364,0.2348034889678451,78.5610051397001,0.00033110064939023687
-165.19999999996367,1409018,78.58487943435048,8.697768142621838,110.67991966429015,62.094775071271464,34.35793802899076,47.9714682521528,16.617395227434827,1392.3600000000363,1392.1100000000363,1392.8900000000363,1390.1395226000363,0.24735236901955265,78.58505388585432,0.00017445150383821328
-165.09999999996364,1409471,78.61014451285463,8.705627884968036,110.74433126814134,62.11473857287846,34.38898559613977,47.946203173648655,16.609535485088628,1392.4600000000364,1392.2100000000364,1392.9900000000362,1390.2395226000363,0.26241102508167274,78.60975993410679,-0.00038457874784114665
-164.99999999996362,1409959,78.63736163936683,8.713490094608664,110.80598220689265,62.13624450838445,34.42004290959929,47.91898604713646,16.601673275448,1392.5600000000363,1392.3100000000363,1393.0900000000363,1390.3395226000364,0.2579492010632957,78.63587915077036,-0.0014824885964657142
-164.8999999999636,1410396,78.6617343530673,8.721355060798194,110.87163450595997,62.15550289735191,34.45111111198281,47.894613333435984,16.59380830925847,1392.6600000000362,1392.4100000000362,1393.1900000000364,1390.4395226000365,0.24177508899663466,78.66160199572762,-0.00013235733968031127
-164.79999999996357,1410826,78.68571665716617,8.729222415007813,110.93782691261558,62.174452799539566,34.482188747527225,47.87063102933712,16.585940955048848,1392.7600000000364,1392.5100000000364,1393.2900000000363,1390.5395226000364,0.2423328169989407,78.68600328740315,0.0002866302369852747
-164.69999999996355,1411265,78.7102009164671,8.737092261455679,111.00330274506739,62.193799327586966,34.51327622791526,47.846146770036185,16.578071108600984,1392.8600000000365,1392.6100000000365,1393.3900000000363,1390.6395226000363,0.23842872098286969,78.7100887766522,-0.00011213981490243441
-164.59999999996353,1411681,78.73340240136275,8.744964432763147,111.07057698565539,62.21213225621503,34.54437289196753,47.822945285140534,16.570198937293515,1392.9600000000364,1392.7100000000364,1393.4900000000364,1390.7395226000365,0.23285144095980959,78.73328468149367,-0.0001177198690811565
-164.4999999999635,1412100,78.75677120465907,8.75283891839198,111.13760486252873,62.230597393462986,34.57547869805585,47.79957648184421,16.562324451664683,1393.0600000000363,1392.8100000000363,1393.5900000000365,1390.8395226000366,0.2348034889678451,78.75664582463315,-0.00012538002592066277
-164.39999999996348,1412523,78.78036309915633,8.760715761928077,111.20430799362356,62.24923880887085,34.60659381835334,47.775984587346954,16.554447608128584,1393.1600000000365,1392.9100000000365,1393.6900000000364,1390.9395226000365,0.23787099298056366,78.78012907936892,-0.00023401978741333096
-164.29999999996346,1412953,78.8043454032552,8.768594944207859,111.27044960956748,62.268188711058514,34.63771817715997,47.75200228324809,16.546568425848804,1393.2600000000366,1393.0100000000366,1393.7900000000363,1391.0395226000364,0.2275530249380091,78.80368254062914,-0.0006628626260578585
-164.19999999996344,1413339,78.82587370414394,8.776476498436207,111.34004719537691,62.28519955348743,34.66885190564173,47.73047398235934,16.538686871620456,1393.3600000000365,1393.1100000000365,1393.8900000000365,1391.1395226000366,0.22281233691844357,78.82641299634115,0.0005392921972031672
-164.09999999996342,1413752,78.8489078706389,8.78436022680713,111.40750663558876,62.30340027349557,34.699994222425076,47.70743981586439,16.530803143249532,1393.4600000000364,1393.2100000000364,1393.9900000000366,1391.2395226000367,0.23089939295170303,78.84873140568769,-0.0001764649512097094
-163.9999999999634,1414167,78.8720535827343,8.792246244717347,111.47479804737883,62.32168913258365,34.7311455833503,47.68429410376899,16.522917125339315,1393.5600000000366,1393.3100000000366,1394.0900000000365,1391.3395226000366,0.22755302493793805,78.87158830386423,-0.0004652788700667543
-163.89999999996337,1414568,78.8944184756265,8.800134544467907,111.54318283221271,62.33936101811214,34.762305958005,47.66192921087679,16.515028825588757,1393.6600000000367,1393.4100000000367,1394.1900000000364,1391.4395226000365,0.23340916896218666,78.89453960290692,0.00012112728042268373
-163.79999999996335,1415004,78.91873541652674,8.808025152637933,111.60879740596303,62.35857533753963,34.79347545138208,47.63761226997654,16.507138217418728,1393.7600000000366,1393.5100000000366,1394.2900000000366,1391.5395226000367,0.23480348896791614,78.91804351309499,-0.0006919034317576234
-163.69999999996332,1415410,78.94137917342009,8.815918153170529,111.67676883125559,62.37646757076798,34.824654395073715,47.6149685130832,16.499245216886134,1393.8600000000365,1393.6100000000365,1394.3900000000367,1391.6395226000368,0.22532211292878507,78.94109511703415,-0.0002840563859365375
-163.5999999999633,1415812,78.96379983911251,8.823813371661343,111.74504506672326,62.39418352583643,34.855842100147555,47.592547847390776,16.49134999839532,1393.9600000000366,1393.7100000000366,1394.4900000000366,1391.7395226000367,0.24344827300348165,78.96439998220582,0.0006001430933082474
-163.49999999996328,1416283,78.9900688280208,8.831711033166973,111.80786602928023,62.414940279162906,34.88703945562254,47.56627885848249,16.48345233688969,1394.0600000000368,1393.8100000000368,1394.5900000000365,1391.8395226000366,0.24679464101731768,78.98895440655019,-0.0011144214706035882
-163.39999999996326,1416697,79.01315876731599,8.839611162542656,111.87517750776452,62.433185068711026,34.918246559681876,47.5431889191873,16.475552207514006,1394.1600000000367,1393.9100000000367,1394.6900000000367,1391.9395226000368,0.23564008097133965,79.01332441555519,0.0001656482392036196
-163.29999999996323,1417128,79.03719684421507,8.847513698050088,111.9411372279413,62.45217904043866,34.9494631684468,47.51915084228821,16.467649672006573,1394.2600000000366,1394.0100000000366,1394.7900000000368,1392.039522600037,0.24372713700467016,79.03753075622284,0.00033391200776122787
-163.1999999999632,1417571,79.06190419471693,8.855418668693904,112.0061394788116,62.47170184664594,34.98068939649147,47.494443491786356,16.45974470136276,1394.3600000000367,1394.1100000000367,1394.8900000000367,1392.1395226000368,0.2334091689621156,79.06099248793019,-0.0009117067867379092
-163.0999999999632,1417965,79.08387867800751,8.863325896547678,112.07500244942446,62.48906524539462,35.01192454097064,47.47246900849578,16.451837473508984,1394.4600000000369,1394.2100000000369,1394.9900000000366,1392.2395226000367,0.2334091689621156,79.08423337339649,0.00035469538897814346
-162.99999999996317,1418408,79.10858602850936,8.871235515368587,112.13998329045532,62.50858805160191,35.04316913025212,47.44776165799392,16.443927854688077,1394.5600000000368,1394.3100000000368,1395.0900000000368,1392.3395226000368,0.23731326497825767,79.10805252840893,-0.0005335001004311835
-162.89999999996314,1418816,79.13134133100317,8.879147507053363,112.20772146288095,62.5265684239102,35.07442309282434,47.425006355500116,16.4360158630033,1394.6600000000367,1394.4100000000367,1395.190000000037,1392.439522600037,0.23954417698741065,79.13191333990673,0.0005720089035605724
-162.79999999996312,1419267,79.15649486390686,8.887061898036572,112.27204935382787,62.54644378643725,35.10568653310919,47.39985282259643,16.42810147202009,1394.7600000000368,1394.5100000000368,1395.2900000000368,1392.539522600037,0.2437271370045991,79.15610876840239,-0.00038609550446722096
-162.6999999999631,1419690,79.1800867584041,8.894978728807047,112.33858275436839,62.5650852018451,35.136959611045704,47.376260928099185,16.420184641249616,1394.860000000037,1394.610000000037,1395.3900000000367,1392.6395226000368,0.2314571209540801,79.17989770816367,-0.00018905024043647245
-162.59999999996307,1420097,79.20278628809768,8.902897877578209,112.406372235368,62.58302150461343,35.16824184555235,47.3535613984056,16.412265492478454,1394.9600000000369,1394.7100000000369,1395.4900000000368,1392.739522600037,0.22504324892773864,79.2027364552816,-4.983281608872403e-05
-162.49999999996305,1420497,79.22509540818966,8.910819276098108,112.47470552338366,62.60064932060195,35.19953296702017,47.33125227831363,16.404344093958557,1395.0600000000368,1394.8100000000368,1395.590000000037,1392.839522600037,0.2348034889678451,79.22555541403216,0.00046000584249838994
-162.39999999996303,1420939,79.24974698589126,8.91874298866102,112.53970300055106,62.62012805726924,35.23083322942449,47.30660070061202,16.396420381395643,1395.160000000037,1394.910000000037,1395.690000000037,1392.939522600037,0.2361978089735746,79.2492139011394,-0.0005330847518649762
-162.299999999963,1421344,79.27233496998439,8.926669118878339,112.60762184258009,62.637976220957626,35.262143042051235,47.2840127165189,16.388494251178322,1395.260000000037,1395.010000000037,1395.7900000000368,1393.039522600037,0.23089939295184514,79.27289239128203,0.0005574212976426907
-162.19999999996298,1421767,79.29592686448164,8.93459756713928,112.67410471673644,62.65661763636549,35.29346201141771,47.26042082202164,16.38056580291738,1395.360000000037,1395.110000000037,1395.890000000037,1393.139522600037,0.2317359849551976,79.29578233482987,-0.00014452965177724764
-162.09999999996296,1422175,79.31868216697544,8.942528275345309,112.74176563498878,62.67459800867376,35.32478990802299,47.23766551952785,16.372635094711356,1395.4600000000369,1395.2100000000369,1395.990000000037,1393.2395226000372,0.2378709929804926,79.31907889855226,0.00039673157682784677
-161.99999999996294,1422620,79.34350106307775,8.950461382918993,112.80648399676004,62.694208953960995,35.35612728261433,47.212846623425534,16.36470198713767,1395.560000000037,1395.310000000037,1396.090000000037,1393.339522600037,0.2534873770449898,79.34402356778278,0.0005225047050316789
-161.89999999996292,1423084,79.36937964238444,8.958397080058868,112.86968753469947,62.71465722050769,35.3874748865143,47.18696804411884,16.356766289997793,1395.6600000000371,1395.4100000000371,1396.190000000037,1393.439522600037,0.24595804901382315,79.36890243054236,-0.0004772118420817151
-161.7999999999629,1423502,79.39269267288053,8.966335163405105,112.93652931446529,62.73307828821567,35.41883191641057,47.16365501362276,16.348828206651557,1395.760000000037,1395.510000000037,1396.290000000037,1393.5395226000371,0.2322937129575036,79.39247378967607,-0.0002188832044538458
-161.69999999996287,1423917,79.41583838497596,8.974275574816808,113.00359924821468,62.75136714730377,35.45019814263486,47.14050930152733,16.340887795239855,1395.860000000037,1395.610000000037,1396.3900000000372,1393.6395226000373,0.22978393694723315,79.41582670052425,-1.1684451706628352e-05
-161.59999999996285,1424326,79.43864946026999,8.982218328745214,113.07113589887416,62.76939158915203,35.4815736222725,47.1176982262333,16.332945041311447,1395.960000000037,1395.710000000037,1396.490000000037,1393.7395226000372,0.2317359849551976,79.43906683321087,0.000417372940887617
-161.49999999996282,1424748,79.462185581967,8.990163388183452,113.1376304633592,62.787988935019904,35.512958209138866,47.09416210453628,16.324999981873212,1396.0600000000372,1395.8100000000372,1396.590000000037,1393.839522600037,0.24344827300348165,79.46263454196027,0.0004489599932639976
-161.3999999999628,1425199,79.4873391148707,8.998110855653609,113.20181246286329,62.807864297546956,35.54435230821688,47.069008571632594,16.317052514403052,1396.1600000000371,1395.9100000000371,1396.6900000000371,1393.9395226000372,0.2540451050472247,79.48720945149046,-0.00012966338023545632
-161.29999999996278,1425659,79.51299460297646,9.006060830073755,113.26527035037145,62.82813628593376,35.57575631025287,47.043353083526824,16.30910253998291,1396.260000000037,1396.010000000037,1396.7900000000373,1394.0395226000373,0.24093849699321118,79.51191656204185,-0.0010780409346153874
-161.19999999996276,1426063,79.53552681426935,9.01401323896602,113.33316820815766,62.84594038008216,35.60716992894463,47.02082087223394,16.301150131090644,1396.3600000000372,1396.1100000000372,1396.8900000000372,1394.1395226000373,0.22922620894485607,79.5355742490393,4.7434769953724754e-05
-161.09999999996273,1426481,79.55883984476544,9.021967944923567,113.39994352013122,62.86436144779016,35.638592621507435,46.99750784173784,16.293195425133096,1396.4600000000373,1396.2100000000373,1396.990000000037,1394.2395226000372,0.2359189449724571,79.55885188347575,1.2038710309525413e-05
-160.9999999999627,1426909,79.58271060326385,9.02992500934272,113.46591415261979,62.883223210897874,35.67002463046917,46.97363708323944,16.28523836071394,1396.5600000000372,1396.3100000000372,1397.0900000000372,1394.3395226000373,0.2462369130150117,79.58271271976638,2.1165025287928074e-06
-160.8999999999627,1427364,79.60808722736846,9.037884487467524,113.52972797417483,62.90327485158481,35.701466174054936,46.94826045913483,16.277278882589137,1396.6600000000371,1396.4100000000371,1397.1900000000373,1394.4395226000374,0.24540032101151715,79.6076078293755,-0.00047939799296159435
-160.79999999996267,1427789,79.63179066746616,9.045846530908598,113.59592011038764,62.92200440607261,35.73291785115725,46.924557019037124,16.269316839148065,1396.7600000000373,1396.5100000000373,1397.2900000000373,1394.5395226000373,0.2423328169989407,79.63231992059272,0.0005292531265581601
-160.69999999996264,1428233,79.65655379076826,9.053810951451645,113.66059063053429,62.94157128181987,35.76437891829169,46.89979389573503,16.261352418605018,1396.8600000000374,1396.6100000000374,1397.3900000000372,1394.6395226000373,0.24651577701620023,79.65646627761096,-8.751315729682574e-05
-160.59999999996262,1428673,79.68109382286941,9.061777824164125,113.72557013723232,62.960961879407236,35.795849671989856,46.87525386363387,16.253385545892538,1396.9600000000373,1396.7100000000373,1397.4900000000373,1394.7395226000374,0.2392653129862221,79.68091367668428,-0.00018014618513007008
-160.4999999999626,1429091,79.70440685336551,9.069747134186986,113.79229194783245,62.979382947115226,35.827330053555514,46.851940833137775,16.245416235869676,1397.0600000000372,1396.8100000000372,1397.5900000000374,1394.8395226000375,0.23814985698168115,79.70475182742128,0.00034497405576416895
-160.39999999996257,1429527,79.72872379426576,9.077718774529613,113.85757030244223,62.998597266542724,35.85881964035413,46.827623892237526,16.23744459552705,1397.1600000000374,1396.9100000000374,1397.6900000000373,1394.9395226000374,0.2353612169701511,79.72834796070862,-0.00037583355714332356
-160.29999999996255,1429935,79.75147909675955,9.085692803779132,113.92506956210545,63.016577638851,35.890318663816686,46.804868589743734,16.22947056627753,1397.2600000000375,1397.0100000000375,1397.7900000000373,1395.0395226000373,0.2334091689621156,79.75186731709078,0.0003882203312315369
-160.19999999996253,1430364,79.7754056280582,9.093669147993035,113.99088574229268,63.035483471498694,35.92182683185536,46.78094205844509,16.221494222063626,1397.3600000000374,1397.1100000000374,1397.8900000000374,1395.1395226000375,0.23452462496679868,79.77491843302238,-0.00048719503581651225
-160.0999999999625,1430776,79.79838402175292,9.101647787465739,114.05804640084746,63.05364012196687,35.953344066629136,46.75796366475036,16.213515582590922,1397.4600000000373,1397.2100000000373,1397.9900000000375,1395.2395226000376,0.26464193709082573,79.79815769570455,-0.00022632604837724557
-159.99999999996248,1431313,79.82833401547637,9.109628779532178,114.11523103771762,63.07730546493144,35.98487059462255,46.728013671026915,16.205534590524486,1397.5600000000375,1397.3100000000375,1398.0900000000374,1395.3395226000375,0.2774696811437218,79.8256858783498,-0.0026481371265703046
-159.89999999996246,1431771,79.85387795798168,9.117612924641413,114.17871188972201,63.097489314238295,36.0164095777708,46.702469728521606,16.19755044541525,1397.6600000000376,1397.4100000000376,1398.1900000000373,1395.4395226000374,0.2604589770737083,79.85407358418345,0.00019562620177282497
-159.79999999996244,1432247,79.88042581089113,9.12559959424902,114.24074798816119,63.11846641526464,36.04795853319667,46.67592187561216,16.189563775807642,1397.7600000000375,1397.5100000000375,1398.2900000000375,1395.5395226000376,0.2565548810574952,79.87963866722569,-0.0007871436654340869
-159.69999999996242,1432691,79.90518893419319,9.133588852374862,114.30532827970572,63.13803329101189,36.079517713791546,46.651158752310096,16.181574517681803,1397.8600000000374,1397.6100000000374,1398.3900000000376,1395.6395226000377,0.23842872098279863,79.90490549679637,-0.0002834373968170212
-159.5999999999624,1433102,79.9281115550877,9.141580575348382,114.3725329860679,63.1561458719401,36.11108663103176,46.62823613141559,16.17358279470828,1397.9600000000376,1397.7100000000376,1398.4900000000375,1395.7395226000376,0.23982304098859916,79.9289830162161,0.0008714611283977547
-159.49999999996237,1433551,79.95315354239092,9.149574648978108,114.43669503451207,63.175933095387194,36.142664833838,46.603194144112365,16.165588721078556,1398.0600000000377,1397.8100000000377,1398.5900000000374,1395.8395226000375,0.24149622499544615,79.95278729355051,-0.0003662488404074793
-159.39999999996235,1433968,79.9764108000868,9.157571132807096,114.50340220565583,63.19431009355523,36.174252557417326,46.57993688641649,16.157592237249567,1398.1600000000376,1397.9100000000376,1398.6900000000376,1395.9395226000377,0.2395441769874817,79.97675623441864,0.00034543433184808237
-159.29999999996232,1434410,80.00106237778843,9.165570000224996,114.56810357020626,63.21378883022255,36.20584969665349,46.55528530871486,16.149593369831667,1398.2600000000375,1398.0100000000375,1398.7900000000377,1396.0395226000378,0.24456372900809367,80.00094423986411,-0.00011813792431780712
-159.1999999999623,1434845,80.02532354588843,9.173571321655071,114.63335498287273,63.23295908011005,36.23745652973259,46.53102414061486,16.14159204840159,1398.3600000000376,1398.1100000000376,1398.8900000000376,1396.1395226000377,0.2481889610230472,80.02552571392698,0.00020216803855532817
-159.09999999996228,1435300,80.05070016999305,9.181575105367784,114.69699935003807,63.253010720797,36.26907308932462,46.50564751651024,16.13358826468888,1398.4600000000378,1398.2100000000378,1398.9900000000375,1396.2395226000376,0.2526507850414242,80.05031321266868,-0.00038695732436622166
-158.99999999996226,1435751,80.07585370289672,9.18958138429761,114.76095426211084,63.27288608332404,36.30069950552738,46.480493983606564,16.125581985759055,1398.5600000000377,1398.3100000000377,1399.0900000000377,1396.3395226000378,0.2534873770448477,80.07606786503855,0.000214162141830343
-158.89999999996223,1436209,80.10139764540203,9.197590318940795,114.8243425121903,63.2930699326309,36.33233641233345,46.454950041101256,16.11757305111587,1398.6600000000376,1398.4100000000376,1399.1900000000378,1396.439522600038,0.24651577701620023,80.10160343869754,0.00020579329550685088
-158.7999999999622,1436635,80.12515685829997,9.205601704985353,114.8902799811713,63.311843556658665,36.36398300266924,46.43119082820331,16.10956166507131,1398.7600000000377,1398.5100000000377,1399.2900000000377,1396.5395226000378,0.23898644898510463,80.12534799992861,0.00019114162863331785
-158.6999999999622,1437066,80.14919493519906,9.213615388540786,114.95580705445676,63.3308375283863,36.395638668636266,46.407152751304224,16.10154798151588,1398.8600000000379,1398.6100000000379,1399.3900000000376,1396.6395226000377,0.24846782502423573,80.14940160130206,0.00020666610299713284
-158.59999999996217,1437526,80.17485042330483,9.221631585305616,115.01900579318222,63.3511095167731,36.42730426228719,46.381497263198455,16.093531784751047,1398.9600000000378,1398.7100000000378,1399.4900000000378,1396.7395226000378,0.2568337450587548,80.17476500460357,-8.541870126066442e-05
-158.49999999996214,1437987,80.20056168421083,9.22965034154171,115.08211598172338,63.37142557469986,36.45897996636571,46.35578600229246,16.085513028514953,1399.0600000000377,1398.8100000000377,1399.590000000038,1396.839522600038,0.24540032101151715,80.20000002718912,-0.0005616570217057415
-158.39999999996212,1438406,80.22393048750715,9.237671585311059,115.1485788489208,63.38989071194783,36.49066549670219,46.33241719899614,16.077491784745604,1399.1600000000378,1398.9100000000378,1399.6900000000378,1396.939522600038,0.2361978089735746,80.22397689043822,4.640293107627258e-05
-158.2999999999621,1438834,80.24780124600555,9.245695136919801,115.21431108843022,63.40875247505554,36.52236014346964,46.308546440497736,16.06946823313686,1399.260000000038,1399.010000000038,1399.7900000000377,1397.0395226000378,0.24679464101731768,80.2478959955078,9.474950225296652e-05
-158.19999999996207,1439291,80.27328941571062,9.253721164510162,115.27771232331085,63.42889225482243,36.55406457086376,46.283058270792665,16.0614422055465,1399.3600000000379,1399.1100000000379,1399.8900000000378,1397.139522600038,0.2512564650356947,80.27320931751086,-8.009819975995924e-05
-158.09999999996205,1439735,80.2980525390127,9.261749778783306,115.34214698773047,63.448459130569674,36.58577921617646,46.258295147490585,16.053413591273355,1399.4600000000378,1399.2100000000378,1399.990000000038,1397.239522600038,0.25488169705057717,80.29897747206626,0.0009249330535539002
-157.99999999996203,1440205,80.32426575512075,9.26978096000458,115.40449044706796,63.46917181435618,36.617504001451884,46.23208193138254,16.045382410052085,1399.560000000038,1399.310000000038,1400.090000000038,1397.339522600038,0.25460283304953074,80.32410675503336,-0.00015900008739322402
-157.899999999962,1440648,80.34897310562262,9.277814600134317,115.46898786046937,63.48869462056347,36.64923849991157,46.20737458088067,16.037348769922346,1399.660000000038,1399.410000000038,1400.1900000000378,1397.439522600038,0.2501410090311537,80.34887570974198,-9.73958806440578e-05
-157.79999999996198,1441102,80.37429395692699,9.285850735146532,115.53259478861325,63.50870219171044,36.68098285366012,46.182053729576296,16.02931263491013,1399.760000000038,1399.510000000038,1400.290000000038,1397.539522600038,0.24428486500690513,80.37396317688027,-0.00033078004672404404
-157.69999999996196,1441524,80.39783007862401,9.293889392769698,115.59875911676794,63.527299537578315,36.712737172230604,46.158517607879276,16.021273977286967,1399.8600000000379,1399.6100000000379,1400.390000000038,1397.6395226000382,0.23396689696449266,80.39797492039716,0.00014484177314955105
-157.59999999996194,1441941,80.4210873363199,9.301930330130615,115.66531413869187,63.54567653574636,36.7445004962249,46.13526035018339,16.01323303992605,1399.960000000038,1399.710000000038,1400.490000000038,1397.739522600038,0.23508235296903363,80.42122212800668,0.00013479168677577036
-157.49999999996191,1442367,80.44484654921783,9.309973637195302,115.73113799774939,63.56445015977412,36.77627318102693,46.11150113728546,16.00518973286136,1400.0600000000381,1399.8100000000381,1400.590000000038,1397.839522600038,0.24679464101724663,80.44524606651966,0.00039951730182963274
-157.3999999999619,1442826,80.47044626452336,9.318019379343923,115.79430476517584,63.58467807862095,36.80805548490152,46.085901421979926,15.99714399071274,1400.160000000038,1399.910000000038,1400.690000000038,1397.9395226000381,0.2509776010345772,80.4701118394313,-0.000334425092063384
-157.29999999996187,1443267,80.49504206942476,9.326067659563192,115.8589078258971,63.60411274574829,36.83984781466697,46.06130561707853,15.989095710493471,1400.260000000038,1400.010000000038,1400.7900000000382,1398.0395226000383,0.25292964904254167,80.49572212669761,0.0006800572728593579
-157.19999999996185,1443733,80.52103219433188,9.334118523769266,115.92149615322893,63.6246491513749,36.87165035170134,46.03531549217141,15.981044846287396,1400.360000000038,1400.110000000038,1400.890000000038,1398.1395226000382,0.2585069290655307,80.52103534038895,3.146057068192931e-06
-157.09999999996182,1444194,80.54674345523787,9.342171866631274,115.98447641552369,63.64496520930167,36.903462679926456,46.00960423126541,15.972991503425389,1400.4600000000382,1400.2100000000382,1400.990000000038,1398.239522600038,0.2529296490426838,80.54626662314136,-0.00047683209650983827
-156.9999999999618,1444640,80.57161812414043,9.350227777093899,116.04865329485587,63.66462022412888,36.93528515069176,45.98472956236286,15.964935592962764,1400.5600000000381,1400.3100000000381,1401.0900000000381,1398.3395226000382,0.25460283304953074,80.57171091892074,9.279478031487542e-05
-156.89999999996178,1445107,80.59766402184779,9.358286208815061,116.11113451474586,63.68520069929547,36.96711758093669,45.958683664655496,15.956877161241602,1400.660000000038,1400.410000000038,1401.1900000000383,1398.4395226000383,0.24902555302639962,80.59690716543614,-0.0007568564116553489
-156.79999999996176,1445533,80.62142323474572,9.366347158526988,116.17690165621312,63.70397432332322,36.998959957752874,45.93492445175757,15.948816211529675,1400.7600000000382,1400.5100000000382,1401.2900000000382,1398.5395226000383,0.2523719210403067,80.62221529210532,0.0007920573596038594
-156.69999999996173,1446012,80.64813840605586,9.374410651873486,116.23840099909314,63.725083632969486,37.03081238243853,45.90820928044742,15.940752718183177,1400.8600000000383,1400.6100000000383,1401.390000000038,1398.6395226000382,0.25516056105183677,80.64725332244038,-0.0008850836154863373
-156.5999999999617,1446448,80.6724553469561,9.38247660919148,116.3033475160676,63.74429795239697,37.06267454030844,45.88389233954719,15.932686760865183,1400.9600000000382,1400.7100000000382,1401.4900000000382,1398.7395226000383,0.2462369130150117,80.67194986690977,-0.0005054800463284437
-156.4999999999617,1446895,80.69738578865888,9.390545041846872,116.3674008776454,63.76399703676414,37.09454647626022,45.85896189784441,15.92461832820979,1401.0600000000381,1400.8100000000381,1401.5900000000383,1398.8395226000384,0.24707350501850622,80.69705030105054,-0.0003354876083392355
-156.39999999996166,1447334,80.72187004795981,9.398616019251694,116.43208976288128,63.78334356481154,37.126428464485386,45.834477638543476,15.916547350804969,1401.1600000000383,1400.9100000000383,1401.6900000000383,1398.9395226000383,0.2417750889965636,80.7217416560432,-0.00012839191660418692
-156.29999999996164,1447762,80.7457408064582,9.406689390178084,116.49765419485406,63.80220532791924,37.15831990760338,45.810606880045086,15.908473979878579,1401.2600000000384,1401.0100000000384,1401.7900000000382,1399.0395226000383,0.24149622499544615,80.74605141651756,0.00031061005935839603
-156.19999999996162,1448200,80.77016929295891,9.414765229535002,116.56240555082913,63.82150778642667,37.19022110151971,45.786178393544375,15.900398140521661,1401.3600000000383,1401.1100000000383,1401.8900000000383,1399.1395226000384,0.24902555302654172,80.77089611861066,0.0007268256517534155
-156.0999999999616,1448655,80.79554591706352,9.42284356940181,116.62578007795555,63.84155942711361,37.222132172954325,45.760801769439766,15.892319800654853,1401.4600000000382,1401.2100000000382,1401.9900000000384,1399.2395226000385,0.2546028330494597,80.79591071305894,0.00036479599542360575
-155.99999999996157,1449113,80.82108985956881,9.430924411677617,116.68890419647123,63.86174327642046,37.25405312940909,45.73525782693447,15.884238958379045,1401.5600000000384,1401.3100000000384,1402.0900000000383,1399.3395226000384,0.2587857930667192,80.82128410516798,0.0001942455991610359
-155.89999999996155,1449583,80.84730307567688,9.439007826222847,116.7510537412422,63.88245596020697,37.28598424684675,45.70904461082641,15.876155543833816,1401.6600000000385,1401.4100000000385,1402.1900000000383,1399.4395226000383,0.2546028330494597,80.84692751552191,-0.00037556015496420514
-155.79999999996153,1450026,80.87201042617872,9.447093797180726,116.81536971068854,63.90197876641425,37.31792546262987,45.68433726032457,15.868069572875937,1401.7600000000384,1401.5100000000384,1402.2900000000384,1399.5395226000385,0.2506987370333887,80.87235700095314,0.00034657477442578966
-155.6999999999615,1450482,80.89744282308357,9.455182297623042,116.87863012309045,63.922074476641164,37.34987667038658,45.65890486341972,15.859981072433621,1401.8600000000383,1401.6100000000383,1402.3900000000385,1399.6395226000386,0.24930441702773026,80.89716818655668,-0.00027463652688197726
-155.59999999996148,1450920,80.92187130958428,9.46327323081804,116.94333160702901,63.9413769351486,37.38183748800692,45.63447637691901,15.851890139238623,1401.9600000000385,1401.7100000000385,1402.4900000000384,1399.7395226000385,0.2506987370333887,80.92198038185394,0.00010907226966594408
-155.49999999996146,1451381,80.94758257049025,9.471366693699416,117.00617106695708,63.96169299307535,37.41380829839858,45.60876511601303,15.843796676357247,1402.0600000000386,1401.8100000000386,1402.5900000000383,1399.8395226000384,0.2442848650069762,80.946664617313,-0.0009179531772502969
-155.39999999996144,1451796,80.97072828258568,9.479462563741507,117.07270966686177,63.97998185216345,37.44578861756043,45.585619403917605,15.835700806315156,1402.1600000000385,1401.9100000000385,1402.6900000000385,1399.9395226000386,0.2295050729460446,80.97025938947786,-0.00046889310782205484
-155.29999999996141,1452204,80.99348358507947,9.487560745577316,117.13980342148294,63.99796222447173,37.477778068773645,45.56286410142381,15.827602624479347,1402.2600000000384,1402.0100000000384,1402.7900000000386,1400.0395226000387,0.23898644898503357,80.99410229234286,0.0006187072633849766
-155.1999999999614,1452653,81.0185255723827,9.495661384199979,117.2035817378146,64.01774944791883,37.509777224790334,45.53782211412059,15.819501985856684,1402.3600000000386,1402.1100000000386,1402.8900000000385,1400.1395226000386,0.2512564650356947,81.01890519575113,0.00037962336843122557
-155.09999999996137,1453105,81.04373487808662,9.50376452661647,117.26710943064134,64.03766887998586,37.54178627129752,45.51261280841666,15.811398843440193,1402.4600000000387,1402.2100000000387,1402.9900000000384,1400.2395226000385,0.3884575536012674,81.04420101330992,0.00046613522329153056
-154.99999999996135,1454046,81.09621708310297,9.511870224402644,117.29117049510953,64.07913831709885,37.573805412030225,45.460130603400316,15.803293145654019,1402.5600000000386,1402.3100000000386,1403.0900000000386,1400.3395226000387,0.39236164961740944,81.08329131260665,-0.012925770496323707
-154.89999999996132,1454512,81.12220720801012,9.519981184878993,117.35357693693247,64.09967472272548,37.605845341450326,45.43414047849316,15.79518218517767,1402.6600000000385,1402.4100000000385,1403.1900000000387,1400.4395226000388,0.24874668902542424,81.12194908588182,-0.0002581221283008972
-154.7999999999613,1454938,81.14596642090807,9.528094614219825,117.41920189596529,64.11844834675325,37.63789502338297,45.41038126559522,15.787068755836838,1402.7600000000386,1402.5100000000386,1403.2900000000386,1400.5395226000387,0.25543942505295425,81.14699851334964,0.0010320924415765376
-154.69999999996128,1455428,81.17329509302073,9.536210584581667,117.47965354435378,64.14004242133919,37.66995474286099,45.38305259348256,15.778952785474996,1402.8600000000388,1402.6100000000388,1403.3900000000385,1400.6395226000386,0.24986214502989415,81.17241811873073,-0.0008769742899943367
-154.59999999996126,1455834,81.19593884991406,9.544329097843574,117.54687775069279,64.15793465456753,37.70202450730703,45.36040883658923,15.770834272213088,1402.9600000000387,1402.7100000000387,1403.4900000000387,1400.7395226000388,0.24065963299195162,81.19703759374688,0.0010987438328271537
-154.49999999996123,1456291,81.22142701961913,9.55244999210042,117.609974887452,64.1780744343344,37.7341036771632,45.33492066688416,15.762713377956242,1403.0600000000386,1402.8100000000386,1403.5900000000388,1400.839522600039,0.2512564650356947,81.22119486539276,-0.0002321542263672427
-154.3999999999612,1456735,81.24619014292121,9.560573336816656,117.67411271837523,64.19764131008165,37.766192526828064,45.31015754358208,15.754590033240007,1403.1600000000387,1402.9100000000387,1403.6900000000387,1400.9395226000388,0.24874668902535318,81.2461711523244,-1.8990596814205674e-05
-154.2999999999612,1457183,81.27117635742421,9.568699226330889,117.73791958231915,64.2173844639888,37.79829142895818,45.28517132907908,15.746464143725774,1403.2600000000389,1403.0100000000389,1403.7900000000386,1401.0395226000387,0.2479100970219297,81.27095132796029,-0.00022502946391966816
-154.19999999996116,1457624,81.2957721623256,9.576827527082253,117.80228260775881,64.23681913111614,37.830399855961176,45.26057552417768,15.73833584297441,1403.3600000000388,1403.1100000000388,1403.8900000000388,1401.1395226000388,0.25209305703911816,81.29598694047642,0.00021477815081993867
-154.09999999996114,1458087,81.32159496883204,9.584958423718989,117.86486021815725,64.25722332812285,37.86251853723484,45.23475271767124,15.730204946337674,1403.4600000000387,1403.2100000000387,1403.990000000039,1401.239522600039,0.25320851304380126,81.32147627048623,-0.00011869834581546002
-153.99999999996112,1458532,81.34641386493438,9.593091822336353,117.92888421933992,64.27683427341009,37.894647101836505,45.20993382156891,15.72207154772031,1403.5600000000388,1403.3100000000388,1404.0900000000388,1401.339522600039,0.2512564650356947,81.34656022391906,0.00014635898467929565
-153.8999999999611,1458988,81.3718462618392,9.601227735763775,117.99201046598897,64.29692998363697,37.926785600444994,45.18450142466409,15.713935634292888,1403.660000000039,1403.410000000039,1404.1900000000387,1401.4395226000388,0.23870758498391612,81.37100394189443,-0.0008423199447662455
-153.79999999996107,1459388,81.39415538193117,9.609366023124736,118.05965647083717,64.3145577996255,37.95893347656965,45.162192304572116,15.705797346931927,1403.7600000000389,1403.5100000000389,1404.2900000000388,1401.539522600039,0.2359189449724571,81.39497504395845,0.0008196620272826749
-153.69999999996105,1459834,81.4190300508337,9.617506730772572,118.123572889138,64.33421281445268,37.9910909133155,45.13731763566959,15.69765663928409,1403.8600000000388,1403.6100000000388,1404.390000000039,1401.639522600039,0.24567918501270566,81.41889334897282,-0.0001367018608817716
-153.59999999996103,1460269,81.44329121893372,9.625649801794534,118.18836957262833,64.3533830643402,38.02325768586572,45.113056467569564,15.689513568262129,1403.960000000039,1403.710000000039,1404.490000000039,1401.739522600039,0.24651577701620023,81.44305018007766,-0.000241038856060527
-153.499999999961,1460718,81.46833320623695,9.633795340808591,118.25202458015993,64.37317028778732,38.05543420748238,45.08801448026634,15.681368029248071,1404.060000000039,1403.810000000039,1404.5900000000388,1401.839522600039,0.24958328102877667,81.46798389542677,-0.0003493108101793041
-153.39999999996098,1461164,81.49320787513949,9.641943398573623,118.31591429492637,64.39282530261451,38.087620678673275,45.0631398113638,15.67321997148304,1404.160000000039,1403.910000000039,1404.690000000039,1401.939522600039,0.2442848650069762,81.4928169831179,-0.0003908920215849321
-153.29999999996096,1461594,81.51719017923836,9.650093904205217,118.38109094519555,64.41177520480217,38.119816819430696,45.03915750726493,15.665069465851445,1404.2600000000389,1404.0100000000389,1404.790000000039,1402.0395226000392,0.23898644898510463,81.51707352210872,-0.00011665712963804253
-153.19999999996094,1462021,81.54100516493652,9.65824681327805,118.44650177836164,64.43059289836991,38.15202245426564,45.015342521566765,15.656916556778613,1404.360000000039,1404.110000000039,1404.890000000039,1402.139522600039,0.24316940900236417,81.54122355458604,0.000218389649518258
-153.09999999996091,1462466,81.56582406103884,9.66640214891614,118.51044552289937,64.45020384365714,38.18423767452267,44.99052362546445,15.648761221140523,1404.4600000000391,1404.2100000000391,1404.990000000039,1402.239522600039,0.24261168100012923,81.5654987690774,-0.0003252919614453731
-152.9999999999609,1462891,81.58952750113656,9.674559913031867,118.57600122634733,64.46893339814496,38.21646248775606,44.96682018536673,15.640603457024795,1404.560000000039,1404.310000000039,1405.090000000039,1402.3395226000391,0.24065963299202267,81.58961884034362,9.133920706005938e-05
-152.89999999996087,1463329,81.61395598763725,9.68272007268421,118.64049420850195,64.48823585665237,38.248696763842126,44.94239169886603,15.632443297372452,1404.660000000039,1404.410000000039,1405.1900000000392,1402.4395226000393,0.2356400809712686,81.61347426976099,-0.000481717876269272
-152.79999999996085,1463736,81.63665551733082,9.690882607885824,118.70749170791943,64.50617215942067,38.280940423826834,44.919692169172464,15.624280762170839,1404.760000000039,1404.510000000039,1405.290000000039,1402.5395226000392,0.24316940900236417,81.63741371233263,0.0007581950018078487
-152.69999999996082,1464201,81.66258986943774,9.69904755542668,118.76977660068744,64.52666449550735,38.31319361303799,44.89375781706555,15.616115814629982,1404.8600000000392,1404.6100000000392,1405.390000000039,1402.639522600039,0.24958328102884772,81.66202380329158,-0.0005660661461632799
-152.5999999999608,1464631,81.6865721735366,9.707215012646486,118.83489237404015,64.545614397695,38.34545671598705,44.86977551296668,15.607948357410176,1404.9600000000391,1404.7100000000391,1405.4900000000391,1402.7395226000392,0.23842872098279863,81.68665309138267,8.091784606278907e-05
-152.49999999996078,1465056,81.71027561363431,9.715384886044962,118.90040528053044,64.5643439521828,38.377729363329074,44.84607207286898,15.5997784840117,1405.060000000039,1404.810000000039,1405.5900000000393,1402.8395226000393,0.24372713700467016,81.7110063321157,0.0007307184813925005
-152.39999999996076,1465505,81.73531760093755,9.723557213912912,118.96396196056841,64.5841311756299,38.410011706320454,44.82103008556574,15.591606156143751,1405.1600000000392,1404.9100000000392,1405.6900000000392,1402.9395226000393,0.2568337450586837,81.73599270568917,0.0006751047516218023
-152.29999999996073,1465977,81.76164236264606,9.731732084586103,119.0256433624697,64.60493199849634,38.44230409390528,44.79470532385723,15.58343128547056,1405.2600000000393,1405.0100000000393,1405.790000000039,1403.0395226000392,0.25292964904254167,81.7610117591808,-0.0006306034652538983
-152.1999999999607,1466412,81.78590353074607,9.739909416264753,119.09031991806746,64.62410224838386,38.47460620295792,44.77044415575722,15.57525395379191,1405.3600000000392,1405.1100000000392,1405.8900000000392,1403.1395226000393,0.2523719210403067,81.7863722621219,0.00046873137583247626
-152.0999999999607,1466882,81.81211674685413,9.74808935903853,119.1521469759963,64.64481493217036,38.50691862636284,44.74423093964916,15.567074011018132,1405.4600000000391,1405.2100000000391,1405.9900000000393,1403.2395226000394,0.24958328102884772,81.81178469237197,-0.0003320544821576732
-151.99999999996066,1467307,81.83582018695185,9.756271773203231,119.2176207303266,64.66354448665818,38.53924081226023,44.72052749955144,15.558891596853432,1405.5600000000393,1405.3100000000393,1406.0900000000393,1403.3395226000393,0.24484259300928218,81.83640260823226,0.0005824212804128592
-151.89999999996064,1467760,81.861085265456,9.764456639560182,119.28081099702472,64.68350798826516,38.5715726848115,44.69526242104729,15.550706730496481,1405.6600000000394,1405.4100000000394,1406.1900000000392,1403.4395226000393,0.2571126090598012,81.86144701339757,0.0003617479415680691
-151.79999999996062,1468229,81.88724270876382,9.772644062605913,119.34269294379375,64.70417660251171,38.60391465679899,44.669104977739465,15.54251930745075,1405.7600000000393,1405.5100000000393,1406.2900000000393,1403.5395226000394,0.25767033706210724,81.88671746583125,-0.0005252429325679486
-151.6999999999606,1468684,81.91261933286843,9.780833983053352,119.40570406260557,64.72422824319864,38.63626649402681,44.643728353634856,15.53432938700331,1405.8600000000392,1405.6100000000392,1406.3900000000394,1403.6395226000395,0.2562760170563777,81.91241819104063,-0.00020114182780162082
-151.59999999996057,1469148,81.93849791217511,9.789026546244125,119.46797653938431,64.74467650974533,38.66862877062371,44.61784977432818,15.526136823812537,1405.9600000000394,1405.7100000000394,1406.4900000000393,1403.7395226000394,0.24121736099432867,81.93792287773205,-0.0005750344430595078
-151.49999999996055,1469549,81.96086280506731,9.7972215676289,119.53536398134622,64.7623483952738,38.7010007575826,44.59548488143598,15.517941802427762,1406.0600000000395,1405.8100000000395,1406.5900000000393,1403.8395226000393,0.2423328169989407,81.96249763415791,0.0016348290906051943
-151.39999999996053,1470017,81.98696447557491,9.805419045770961,119.59729340500387,64.78297293998038,38.73338244922815,44.56938321092838,15.509744324285702,1406.1600000000394,1405.9100000000394,1406.6900000000394,1403.9395226000395,0.2493044170276592,81.98638680612885,-0.0005776694460593035
-151.2999999999605,1470443,82.01072368847285,9.813618844990131,119.66262951499232,64.80174656400814,38.76577330959632,44.545623998030436,15.501544525066532,1406.2600000000393,1406.0100000000393,1406.7900000000395,1404.0395226000396,0.24791009702185865,82.01100825521235,0.0002845667394950624
-151.19999999996048,1470906,82.03654649497929,9.821821247422006,119.72494780753736,64.82215076101484,38.798174453179605,44.519801191523996,15.493342122634656,1406.3600000000395,1406.1100000000395,1406.8900000000394,1404.1395226000395,0.2392653129862221,82.03581299614551,-0.0007334988337817094
-151.09999999996046,1471301,82.0585767510701,9.830026007589364,119.79279189071693,64.8395582293035,38.830584910293474,44.49777093543318,15.485137362467299,1406.4600000000396,1406.2100000000396,1406.9900000000393,1404.2395226000394,0.24065963299202267,82.0596940361879,0.001117285117800293
-150.99999999996044,1471769,82.0846784215777,9.838233186229248,119.85468391191333,64.86018277401007,38.8630049208615,44.47166926492558,15.476930183827415,1406.5600000000395,1406.3100000000395,1407.0900000000395,1404.3395226000396,0.25320851304380126,82.08414791328276,-0.0005305082949433881
-150.89999999996041,1472209,82.10921845367888,9.846442837172024,119.91884739137787,64.87957337159746,38.89543469752447,44.44712923282441,15.468720532884639,1406.6600000000394,1406.4100000000394,1407.1900000000396,1404.4395226000397,0.24567918501277672,82.10910261946944,-0.00011583420943850342
-150.7999999999604,1472650,82.13381425858027,9.854655006753147,119.98292172001084,64.8990080387248,38.92787442331678,44.422533427923014,15.460508363303516,1406.7600000000396,1406.5100000000396,1407.2900000000395,1404.5395226000396,0.24679464101724663,82.1339960475502,0.0001817889699253783
-150.69999999996037,1473094,82.15857738188234,9.862869636381538,120.04674314816586,64.91857491447203,38.96032386679187,44.39777030462095,15.452293733675125,1406.8600000000397,1406.6100000000397,1407.3900000000394,1404.6395226000395,0.2551605610517657,82.15904152037133,0.0004641384889936262
-150.59999999996035,1473565,82.18484637079064,9.871086815057224,120.10835635710956,64.93933166779853,38.99278337951776,44.37150131571265,15.44407655499944,1406.9600000000396,1406.7100000000396,1407.4900000000396,1404.7395226000397,0.2579492010632957,82.18473514018065,-0.00011123060998841083
-150.49999999996032,1474019,82.21016722209501,9.879306583409578,120.17134762322185,64.95933923894549,39.025253121988705,44.34618046440828,15.435856786647085,1407.0600000000395,1406.8100000000395,1407.5900000000397,1404.8395226000398,0.24958328102877667,82.21023157269833,6.435060332421472e-05
-150.3999999999603,1474460,82.2347630269964,9.887528861371768,120.23539069633902,64.97877390607283,39.05773277792454,44.32158465950688,15.427634508684894,1407.1600000000396,1406.9100000000396,1407.6900000000396,1404.9395226000397,0.24567918501277672,82.23516268376392,0.0003996567675130791
-150.29999999996028,1474900,82.25930305909758,9.895753615946335,120.29950714312429,64.99816450366022,39.09022221697867,44.29704462740571,15.419409754110328,1407.2600000000398,1407.0100000000398,1407.7900000000395,1405.0395226000396,0.23954417698741065,82.25893199416481,-0.0003710649327643978
-150.19999999996026,1475319,82.2826718623939,9.903980647770604,120.36532630264617,65.01662964090816,39.12272065162831,44.27367582410939,15.411182722286059,1407.3600000000397,1407.1100000000397,1407.8900000000397,1405.1395226000398,0.24093849699314013,82.28287599918933,0.00020413679543196395
-150.09999999996023,1475764,82.30749075849621,9.912210191146176,120.42901684647683,65.03624058619539,39.15522900741205,44.24885692800707,15.402953178910487,1407.4600000000396,1407.2100000000396,1407.9900000000398,1405.23952260004,0.2766330891402983,82.30754156765163,5.0809155411002394e-05
-149.9999999999602,1476311,82.33799848022197,9.920442156084139,120.48437342653018,65.0603466245597,39.187746928855525,44.21834920628132,15.394721213972524,1407.5600000000397,1407.3100000000397,1408.0900000000397,1405.3395226000398,0.27691195314148687,82.33503317425804,-0.002965305963925857
-149.8999999999602,1476757,82.36287314912452,9.928677197781031,120.54797044056942,65.0800016393869,39.22027700411719,44.19347453737876,15.386486172275632,1407.6600000000399,1407.4100000000399,1408.1900000000396,1405.4395226000397,0.24372713700467016,82.36287904711335,5.897988827996414e-06
-149.79999999996016,1477185,82.38674390762291,9.936914731893564,120.61302899693966,65.0988634024946,39.252816924923216,44.16960377888037,15.378248638163099,1407.7600000000398,1407.5100000000398,1408.2900000000398,1405.5395226000398,0.2381498569816101,82.38696988793836,0.0002259803154487372
-149.69999999996014,1477611,82.41050312052086,9.945154591758623,120.67824142772648,65.11763702652237,39.2853660329207,44.14584456598243,15.37000877829804,1407.8600000000397,1407.6100000000397,1408.39000000004,1405.63952260004,0.2367555369758806,82.41025474759171,-0.00024837292914980935
-149.59999999996012,1478034,82.4340950150181,9.953396782843086,120.74368962296178,65.13627844193023,39.3179243497049,44.122252671485185,15.361766587213577,1407.9600000000398,1407.7100000000398,1408.4900000000398,1405.73952260004,0.2479100970219297,82.43483314840832,0.000738133390214557
-149.4999999999601,1478500,82.46008513992525,9.961641558388308,120.8056181543416,65.15681484755686,39.35049287563026,44.09626254657803,15.353521811668355,1408.06000000004,1407.81000000004,1408.5900000000397,1405.8395226000398,0.25181419303800073,82.46008635575835,1.215833094647678e-06
-149.39999999996007,1478937,82.48445785362571,9.969888800114242,120.86990761103733,65.1760732365243,39.38307114346672,44.071889832877574,15.34527456994242,1408.1600000000399,1407.9100000000399,1408.6900000000398,1405.93952260004,0.2423328169989407,82.48443410575362,-2.3747872091917088e-05
-149.29999999996005,1479369,82.50855170332505,9.978138445209463,120.93459695048008,65.19511127779191,39.415658905096485,44.04779598317823,15.3370249248472,1408.2600000000398,1408.0100000000398,1408.79000000004,1406.03952260004,0.23954417698741065,82.5083036396694,-0.0002480636556470017
-149.19999999996003,1479796,82.5323666890232,9.98639046084218,120.99968608037467,65.21392897135964,39.44825603082738,44.02398099748008,15.328772909214482,1408.36000000004,1408.11000000004,1408.89000000004,1406.13952260004,0.2359189449724571,82.53190609193494,-0.00046059708826362566
-149.09999999996,1480215,82.55573549231956,9.994644826427853,121.06542043172385,65.23239410860764,39.480862439346296,44.00061219418373,15.32051854362881,1408.46000000004,1408.21000000004,1408.9900000000398,1406.23952260004,0.24707350501850622,82.5561358407043,0.00040034838474412027
-148.99999999995998,1480682,82.58178139002692,10.002901688010324,121.12722103641053,65.25297458377422,39.513478707555876,43.97456629647637,15.312261682046339,1408.56000000004,1408.31000000004,1409.09000000004,1406.33952260004,0.25990124907126017,82.5817999986151,1.8608588177926322e-05
-148.89999999995996,1481147,82.60771574213382,10.01116118642758,121.18917823219044,65.27346691986087,39.54610539179456,43.94863194436947,15.304002183629082,1408.6600000000399,1408.4100000000399,1409.19000000004,1406.4395226000402,0.25850692906560174,82.6076807752082,-3.496692562521275e-05
-148.79999999995994,1481609,82.63348277584005,10.01942322416537,121.25137278002758,65.29382704732761,39.578742106861405,43.922864910663236,15.295740145891292,1408.76000000004,1408.51000000004,1409.29000000004,1406.53952260004,0.2442848650069762,82.63277465353835,-0.000708122301702474
-148.6999999999599,1482023,82.65657271513523,10.027687741358292,121.31748767175927,65.31207183687572,39.61138861627599,43.89977497136806,15.28747562869837,1408.8600000000401,1408.6100000000401,1409.39000000004,1406.63952260004,0.2440060010058587,82.6572086978734,0.0006359827381743344
-148.5999999999599,1482484,82.68228397604123,10.035954665904947,121.37974646192717,65.3323878948025,39.64404463522324,43.87406371046205,15.279208704151715,1408.96000000004,1408.71000000004,1409.49000000004,1406.7395226000401,0.2459580490138942,82.68159315472924,-0.0006908213119913853
-148.49999999995987,1482905,82.70576432493802,10.044224059989242,121.44527218836954,65.3509411711304,39.67671040934215,43.85058336156527,15.270939310067421,1409.06000000004,1408.81000000004,1409.5900000000402,1406.8395226000403,0.24093849699306907,82.70597675239453,0.00021242745651761652
-148.39999999995985,1483348,82.73047167543986,10.052495861255432,121.50898765200331,65.37046397733768,39.70938569231493,43.82587601106343,15.262667508801231,1409.16000000004,1408.91000000004,1409.69000000004,1406.9395226000402,0.24679464101731768,82.73004879485535,-0.00042288058450878907
-148.29999999995982,1483790,82.75512325314149,10.060770069748216,121.57277609234056,65.38994271400499,39.74207048431818,43.801224433361796,15.254393300308447,1409.2600000000402,1409.0100000000402,1409.79000000004,1407.03952260004,0.25069873703345974,82.7548902260599,-0.00023302708159178565
-148.1999999999598,1484247,82.78061142284656,10.069046839300647,121.63532820345536,65.41008249377188,39.77476539302345,43.775736263656725,15.246116530756016,1409.3600000000401,1409.1100000000401,1409.8900000000401,1407.1395226000402,0.25181419303800073,82.78006824010782,-0.0005431827387383237
-148.09999999995978,1484693,82.8054860917491,10.077326083396242,121.69877334251125,65.42973750859908,39.807470076673205,43.750861594754184,15.23783728666042,1409.46000000004,1409.21000000004,1409.9900000000403,1407.2395226000403,0.24093849699314013,82.80471076861367,-0.0007753231354286072
-147.99999999995975,1485111,82.8287991222452,10.085607781454373,121.76450568321347,65.44815857630708,39.840184453969805,43.727548564258086,15.22955558860229,1409.5600000000402,1409.3100000000402,1410.0900000000402,1407.3395226000403,0.2481889610230472,82.82967223983114,0.0008731175859395535
-147.89999999995973,1485583,82.85512388395372,10.093892017844212,121.8258032174527,65.46895939917353,39.872908858188495,43.70122380254956,15.221271352212451,1409.6600000000403,1409.4100000000403,1410.19000000004,1407.4395226000402,0.2493044170276592,82.85501643203068,-0.00010745192304284501
-147.7999999999597,1486005,82.87866000565074,10.102178784740783,121.89119351171951,65.48755674504142,39.90564325841904,43.67768768085254,15.21298458531588,1409.7600000000402,1409.5100000000402,1410.2900000000402,1407.5395226000403,0.23898644898510463,82.87941322278064,0.0007532171298976209
-147.6999999999597,1486440,82.90292117375076,10.110467900488771,121.95550841084248,65.50672699492891,39.93838693708632,43.65342651275253,15.204695469567891,1409.8600000000401,1409.6100000000401,1410.3900000000403,1407.6395226000404,0.2454003210115882,82.90320401708348,0.0002828433327266566
-147.59999999995966,1486885,82.92774006985307,10.118759425544203,122.01899409076869,65.52633794021617,39.97114013300383,43.628607616650214,15.19640394451246,1409.9600000000403,1409.7100000000403,1410.4900000000403,1407.7395226000403,0.25543942505295425,82.9281337839068,0.00039371405372889967
-147.49999999995964,1487356,82.95400905876136,10.127053527245556,122.08033875821421,65.54709469354263,40.00390350719229,43.60233862774193,15.188109842811107,1410.0600000000404,1409.8100000000404,1410.5900000000402,1407.8395226000403,0.2551605610517657,82.95368136026742,-0.00032769849393332606
-147.39999999995962,1487800,82.97877218206344,10.13535016181626,122.14389168808529,65.56666156928989,40.03667688672544,43.57757550443985,15.179813208240402,1410.1600000000403,1409.9100000000403,1410.6900000000403,1407.9395226000404,0.2437271370045991,82.97856473831348,-0.0002074437499572923
-147.2999999999596,1488230,83.00275448616229,10.143649240193223,122.20858576307019,65.58561147147753,40.069459919786084,43.553593200341,15.17151412986344,1410.2600000000402,1410.0100000000402,1410.7900000000404,1408.0395226000405,0.24038076899090519,83.00257343933413,-0.00018104682816044715
-147.19999999995957,1488662,83.02684833586163,10.151950676504132,122.2731065912232,65.60464951274514,40.10225226716129,43.52949935064166,15.16321269355253,1410.3600000000404,1410.1100000000404,1410.8900000000403,1408.1395226000404,0.24261168100012923,83.02702858776615,0.00018025190452419793
-147.09999999995955,1489100,83.05127682236233,10.16025464591078,122.33712755124118,65.62395197125257,40.13505462077544,43.50507086414096,15.154908724145884,1410.4600000000405,1410.2100000000405,1410.9900000000403,1408.2395226000403,0.2479100970217876,83.05170646256487,0.00042964020254032675
-146.99999999995953,1489551,83.076430355266,10.168561017796648,122.40007152825494,65.64382733377961,40.16786646466698,43.47991733123729,15.146602352260015,1410.5600000000404,1410.3100000000404,1411.0900000000404,1408.3395226000405,0.24846782502416467,83.0762662747013,-0.00016408056470140764
-146.8999999999595,1489991,83.10097038736717,10.176869899165723,122.46391169353649,65.66321793136697,40.200688221523194,43.45537729913612,15.13829347089094,1410.6600000000403,1410.4100000000403,1411.1900000000405,1408.4395226000406,0.2546028330496018,83.1014909762591,0.000520588891930629
-146.79999999995948,1490464,83.12735092187593,10.185181315991905,122.52503181009651,65.68406282377342,40.23351999394625,43.42899676462736,15.129982054064758,1410.7600000000405,1410.5100000000405,1411.2900000000404,1408.5395226000405,0.2573914730610608,83.12710564133269,-0.00024528054323980086
-146.69999999995946,1490914,83.1524486819794,10.193495320293994,122.58803537198905,65.7038941167605,40.26636198742089,43.40389900452389,15.121668049762668,1410.8600000000406,1410.6100000000406,1411.3900000000403,1408.6395226000404,0.2593435210689542,83.15305166129221,0.0006029793128163874
-146.59999999995944,1491394,83.17921962608973,10.201811926324167,122.64856501640342,65.7250474959467,40.299214258246096,43.377128060413554,15.113351443732496,1410.9600000000405,1410.7100000000405,1411.4900000000405,1408.7395226000406,0.2587857930666482,83.17903806606337,-0.00018156002636260382
-146.4999999999594,1491842,83.20420584059273,10.21013112790721,122.71171901416078,65.74479064985384,40.332076782028516,43.35214184591055,15.105032242149452,1411.0600000000404,1410.8100000000404,1411.5900000000406,1408.8395226000407,0.24986214503003626,83.20410903842385,-9.68021688834142e-05
-146.3999999999594,1492290,83.22919205509575,10.218452748131854,122.77486415304237,65.764533803761,40.364948859932966,43.327155631407535,15.096710621924808,1411.1600000000406,1410.9100000000406,1411.6900000000405,1408.9395226000406,0.2434482730035527,83.22883010633558,-0.00036194876017248134
-146.29999999995937,1492715,83.25289549519346,10.22677689392848,122.8398944336887,65.78326335824879,40.397830914356014,43.30345219130983,15.088386476128182,1411.2600000000407,1411.0100000000407,1411.7900000000404,1409.0395226000405,0.2336880329632331,83.25291852385743,2.302866397485559e-05
-146.19999999995935,1493128,83.27592966168841,10.23510333183663,122.90590298321642,65.80146407825693,40.43072202308178,43.28041802481488,15.080060038220033,1411.3600000000406,1411.1100000000406,1411.8900000000406,1409.1395226000407,0.23675553697595164,83.27605153932308,0.0001218776346689765
-146.09999999995932,1493564,83.30024660258866,10.24343210423635,122.97000935790774,65.82067839768442,40.46362235351998,43.25610108391463,15.071731265820313,1411.4600000000405,1411.2100000000405,1411.9900000000407,1409.2395226000408,0.24065963299202267,83.29987602024555,-0.00037058234310904936
-145.9999999999593,1493991,83.32406158828682,10.251763307040683,123.03484865747124,65.83949609125216,40.49653228454649,43.23228609821646,15.06340006301598,1411.5600000000406,1411.3100000000406,1412.0900000000406,1409.3395226000407,0.25237192104023565,83.32485811603799,0.000796527751163012
-145.89999999995928,1494469,83.35072098679672,10.260097075859562,123.09548081155562,65.86056133135843,40.52945235184788,43.20562669970657,15.0550662941971,1411.6600000000408,1411.4100000000408,1412.1900000000405,1409.4395226000406,0.26073784107475473,83.35067996605099,-4.1020745726427776e-05
-145.79999999995925,1494926,83.37620915650179,10.268433443033897,123.15783539354105,65.88070111112532,40.56238268317727,43.1801385300015,15.046729927022765,1411.7600000000407,1411.5100000000407,1412.2900000000407,1409.5395226000408,0.2515353290368122,83.3760234748926,-0.00018568160918164267
-145.69999999995923,1495371,83.40102805260409,10.276772280554544,123.22117029627748,65.90031205641253,40.59532277287271,43.1553196338992,15.038391089502118,1411.8600000000406,1411.6100000000406,1412.3900000000408,1409.639522600041,0.2520930570391892,83.40092244126859,-0.00010561133549913393
-145.5999999999592,1495830,83.42662776790964,10.285113627522154,123.28334373211189,65.92053997525936,40.628272775389696,43.12971991859365,15.030049742534509,1411.9600000000407,1411.7100000000407,1412.4900000000407,1409.7395226000408,0.2479100970219297,83.42606630861077,-0.0005614592988649747
-145.4999999999592,1496260,83.45061007200849,10.29345749381627,123.34789985278925,65.93948987744702,40.661232729754374,43.1057376144948,15.021705876240393,1412.0600000000409,1411.8100000000409,1412.5900000000406,1409.8395226000407,0.24344827300348165,83.4506824678548,7.239584631690832e-05
-145.39999999995916,1496703,83.47531742251034,10.301803764015729,123.41137574683479,65.95901268365431,40.6942021800299,43.08103026399294,15.013359606040934,1412.1600000000408,1411.9100000000408,1412.6900000000408,1409.9395226000408,0.2493044170276592,83.47533938881418,2.1966303833664824e-05
-145.29999999995914,1497154,83.50047095541403,10.310152561694036,123.47418456117754,65.97888804618137,40.727181614356525,43.055876731089256,15.005010808362627,1412.2600000000407,1412.0100000000407,1412.790000000041,1410.039522600041,0.26241102508167274,83.50078310471793,0.000312149303894671
-145.19999999995912,1497644,83.52779962752669,10.318503920636676,123.53376919600072,66.00048212076729,40.76017116619374,43.0285480589766,14.996659449419987,1412.3600000000408,1412.1100000000408,1412.8900000000408,1410.139522600041,0.26073784107475473,83.52698865749437,-0.0008109700323188918
-145.0999999999591,1498089,83.552618523629,10.326857959425539,123.59705945667119,66.0200930660545,40.79317130396391,43.00372916287429,14.988305410631124,1412.460000000041,1412.210000000041,1412.9900000000407,1410.2395226000408,0.5733443863633998,83.5530766552066,0.00045813157760221657
-144.99999999995907,1499700,83.6424685047994,10.335214535967722,123.56419795734135,66.09108909494827,40.82618146637143,42.91387918170389,14.97994883408894,1412.5600000000409,1412.3100000000409,1413.0900000000408,1410.339522600041,0.5811525783956129,83.61060844039375,-0.031860064405648814
-144.89999999995905,1500173,83.66884903930814,10.343580081113622,123.62522252761173,66.11193398735469,40.859227056572095,42.887498647195144,14.971583288943041,1412.6600000000408,1412.4100000000408,1413.190000000041,1410.439522600041,0.26882489710808527,83.66931635133285,0.0004673120247105089
-144.79999999995903,1500664,83.69623348422103,10.351948399237992,123.68475818197494,66.1335721314806,40.89228360059689,42.86011420228226,14.96321497081867,1412.760000000041,1412.510000000041,1413.290000000041,1410.539522600041,0.2607378410748258,83.69612082609736,-0.00011265812366900718
-144.699999999959,1501108,83.72099660752312,10.360319305278844,123.74816025957188,66.15313900722786,40.92535036741363,42.83535107898017,14.954844064777818,1412.860000000041,1412.610000000041,1413.3900000000408,1410.639522600041,0.2657573930954377,83.72234125923484,0.001344651711718825
-144.59999999995898,1501617,83.74938496284013,10.368692867489843,123.80619716897581,66.17557040307324,40.95842762663804,42.80696272366316,14.94647050256682,1412.960000000041,1412.710000000041,1413.490000000041,1410.739522600041,0.2822103691632163,83.74925418400295,-0.0001307788371747165
-144.49999999995896,1502120,83.77743868135578,10.377069156115649,123.86472204747662,66.1977373816788,40.991515655750725,42.77890900514751,14.938094213941014,1413.0600000000409,1412.8100000000409,1413.590000000041,1410.8395226000412,0.28025832115525184,83.777195219117,-0.00024346223877103057
-144.39999999995894,1502622,83.80543662707119,10.38544830653367,123.92332436317047,66.21986029074439,41.02461498951971,42.7509110594321,14.929715063522993,1413.160000000041,1412.910000000041,1413.690000000041,1410.939522600041,0.27691195314148687,83.80538420909856,-5.241797262556247e-05
-144.2999999999589,1503113,83.83282107198409,10.393830232957473,123.98282796701643,66.2414984348703,41.057725289071314,42.7235266145192,14.92133313709919,1413.2600000000411,1413.0100000000411,1413.790000000041,1411.039522600041,0.2757964971368748,83.8329934407548,0.0001723687707197996
-144.1999999999589,1503611,83.86059592649858,10.402214905221825,124.04174797826467,66.263445065776,41.09084643524678,42.69575176000471,14.912948464834837,1413.360000000041,1413.110000000041,1413.890000000041,1411.1395226000411,0.2685460331069678,83.86006064184497,-0.0005352846536084144
-144.09999999995887,1504076,83.88653027860549,10.410602245085846,124.10338358864006,66.28393740186266,41.123978118978826,42.669817407897796,14.904561124970817,1413.460000000041,1413.210000000041,1413.9900000000412,1411.2395226000413,0.27105580911738036,83.8873549772043,0.0008246985988051847
-143.99999999995885,1504583,83.91480708832206,10.41899237621727,124.16154833378887,66.30628065862811,41.15712082877998,42.64154059818122,14.896170993839393,1413.560000000041,1413.310000000041,1414.090000000041,1411.3395226000412,0.2691037611092738,83.91444553014391,-0.000361558178155974
-143.89999999995882,1505041,83.94035103082736,10.427385134191878,124.22374943800733,66.32646450793494,41.19027391514139,42.61599665567593,14.887778235864785,1413.6600000000412,1413.4100000000412,1414.190000000041,1411.439522600041,0.25990124907126017,83.94084451999244,0.0004934891650805184
-143.7999999999588,1505515,83.96678733813633,10.435780545121272,124.28462343207352,66.34735346988134,41.22343748120917,42.58956034836696,14.87938282493539,1413.7600000000411,1413.5100000000411,1414.2900000000411,1411.5395226000412,0.28444128117244033,83.96814645719043,0.0013591190541006881
-143.69999999995878,1506061,83.99723928706186,10.44417876348332,124.33954796764425,66.37141543870565,41.256612137202026,42.55910839944143,14.870984606573343,1413.860000000041,1413.610000000041,1414.3900000000413,1411.6395226000413,0.2914128812012299,83.99672833280329,-0.0005109542585728377
-143.59999999995875,1506560,84.02506991437659,10.452579890787836,124.39834803397662,66.39340613915134,41.28979828410422,42.5312777721267,14.862583479268826,1413.9600000000412,1413.7100000000412,1414.4900000000412,1411.7395226000413,0.2741233131299568,84.02469632004704,-0.0003735943295453126
-143.49999999995873,1507044,84.05206394968786,10.460983702747333,124.45837985619366,66.41473579649745,41.32299503593493,42.504283736815424,14.85417966730933,1414.0600000000413,1413.8100000000413,1414.590000000041,1411.8395226000412,0.27635422513918084,84.05224247844579,0.00017852875792812029
-143.3999999999587,1507551,84.08034075940444,10.46939033928353,124.5165070065742,66.4370790532629,41.35620294541317,42.47600692709885,14.845773030773133,1414.1600000000412,1413.9100000000412,1414.6900000000412,1411.9395226000413,0.27440217713114534,84.0799430604229,-0.0003976989815299703
-143.2999999999587,1508028,84.1069443851141,10.477799691359422,124.577105588131,66.4581002238292,41.38942158182079,42.44940330138918,14.83736367869724,1414.2600000000411,1414.0100000000411,1414.7900000000413,1412.0395226000414,0.2716135371195442,84.10712044585031,0.000176060736208683
-143.19999999995866,1508525,84.13466346682836,10.486211763372703,124.63604573051018,66.48000278519493,41.422650962529545,42.42168421967493,14.82895160668396,1414.3600000000413,1414.1100000000413,1414.8900000000413,1412.1395226000413,0.2797005931529458,84.13441187271835,-0.0002515941100114105
-143.09999999995864,1509031,84.1628845037447,10.494626573733969,124.69423589286589,66.5023019724204,41.455891160265026,42.39346318275858,14.820536796322694,1414.4600000000414,1414.2100000000414,1414.9900000000412,1412.2395226000413,0.27161353711968633,84.16233987934807,-0.0005446243966389375
-142.99999999995862,1509499,84.1889861742523,10.503044231348577,124.75556137010169,66.52292651712698,41.48914260522533,42.36736151225098,14.812119138708086,1414.5600000000413,1414.3100000000413,1415.0900000000413,1412.3395226000414,0.27384444912876826,84.189873098393,0.0008869241406870287
-142.8999999999586,1510013,84.21765339357047,10.51146454835365,124.81307807557769,66.54557826067222,41.522404555314246,42.338694292932814,14.803698821703012,1414.6600000000412,1414.4100000000412,1415.1900000000414,1412.4395226000415,0.2783062731471453,84.21694533282694,-0.0007080607435341335
-142.79999999995857,1510497,84.24464742888175,10.519887620415146,124.87306839637378,66.56690791801832,41.55567738843156,42.31170025762154,14.795275749641517,1414.7600000000414,1414.5100000000414,1415.2900000000413,1412.5395226000414,0.2755176331356863,84.24471466041626,6.723153451559938e-05
-142.69999999995855,1511001,84.27275692019762,10.528313491285738,124.93139985031652,66.58911896616385,41.588961277409176,42.283590766305664,14.786849878770925,1414.8600000000415,1414.6100000000415,1415.3900000000413,1412.6395226000413,0.2841624171713939,84.27272609205733,-3.082814029653491e-05
-142.59999999995853,1511516,84.30147991231604,10.53674216563356,124.9888160515459,66.61181477924907,41.62225624068717,42.25486777418725,14.778421204423102,1414.9600000000414,1414.7100000000414,1415.4900000000414,1412.7395226000415,0.2780274091460278,84.30075599532658,-0.000723916989457507
-142.4999999999585,1511998,84.32836240202684,10.545173642484809,125.04895556031043,66.63305629751521,41.65556227441879,42.227985284476446,14.769989727571854,1415.0600000000413,1414.8100000000413,1415.5900000000415,1412.8395226000416,0.2788640011494513,84.32885114449975,0.0004887424729105305
-142.39999999995848,1512516,84.35725271254594,10.553607935862464,125.10611235556384,66.65588431922036,41.68887943399768,42.199094973957344,14.761555434194198,1415.1600000000415,1414.9100000000415,1415.6900000000414,1412.9395226000415,0.28527787317600595,84.35704013713703,-0.00021257540890928794
-142.29999999995846,1513021,84.38541797666205,10.56204505051224,125.16433886045712,66.67813943690587,41.72220773817031,42.17092970984123,14.753118319544424,1415.2600000000416,1415.0100000000416,1415.7900000000413,1413.0395226000414,0.28137377715986384,84.38522428028492,-0.00019369637713850807
-142.19999999995844,1513525,84.41352746797793,10.570484980718525,125.22264259988914,66.7003504850514,41.75554716435893,42.14282021852536,14.744678389338137,1415.3600000000415,1415.1100000000415,1415.8900000000415,1413.1395226000416,0.28109491315867535,84.41342069634528,-0.00010677163264460887
-142.0999999999584,1514029,84.4416369592938,10.578927734651511,125.28094096223197,66.72256153319694,41.78889774483739,42.114710727209484,14.736235635405151,1415.4600000000414,1415.2100000000414,1415.9900000000416,1413.2395226000417,0.28221036916328734,84.4418991193369,0.00026216004309276286
-141.9999999999584,1514537,84.4699695418106,10.587373360542397,125.3389034940033,66.74494885950236,41.82225967012868,42.08637814469269,14.727790009514266,1415.5600000000416,1415.3100000000416,1416.0900000000415,1413.3395226000416,0.28221036916328734,84.47045059617164,0.0004810543610460627
-141.89999999995837,1515041,84.49807903312647,10.59582182477075,125.39719181801497,66.76715990764788,41.85563280742531,42.058268653376814,14.719341545285912,1415.6600000000417,1415.4100000000417,1416.1900000000414,1413.4395226000415,0.28025832115525184,84.49843748495266,0.00035845182618743365
-141.79999999995835,1515542,84.52602120604166,10.60427304803939,125.45572235312349,66.7892387471735,41.88901684348741,42.030326480461625,14.710890322017272,1415.7600000000416,1415.5100000000416,1416.2900000000416,1413.5395226000417,0.2766330891402983,84.5262129252377,0.0001917191960387754
-141.69999999995832,1516033,84.55340565095455,10.612727067355802,125.51507518415364,66.81087689129939,41.92241192450202,42.00294203554874,14.70243630270086,1415.8600000000415,1415.6100000000415,1416.3900000000417,1413.6395226000418,0.2785851371484049,84.55354057662485,0.00013492567030937153
-141.5999999999583,1516541,84.58173823347136,10.62118375615472,125.57301348947237,66.83326421760482,41.955817550510815,41.97460945303193,14.693979613901943,1415.9600000000416,1415.7100000000416,1416.4900000000416,1413.7395226000417,0.2841624171713939,84.58137227470512,-0.0003659587662383501
-141.49999999995828,1517052,84.61023813438884,10.629643341810747,125.63069879235398,66.85578375253016,41.98923461968934,41.94610955211445,14.685520028245916,1416.0600000000418,1415.8100000000418,1416.5900000000415,1413.8395226000416,0.28667219318166437,84.6102083321774,-2.980221144355255e-05
-141.39999999995825,1517569,84.6390726721077,10.63810579782116,125.68788222708025,66.87856770469531,42.02266302734648,41.917275014395585,14.677057572235503,1416.1600000000417,1415.9100000000417,1416.6900000000417,1413.9395226000418,0.29057628919773537,84.63945270243934,0.0003800303316410236
-141.29999999995823,1518094,84.6683533922284,10.646571232351238,125.74439924478882,66.90170421318024,42.0561032007569,41.88799429427489,14.668592137705424,1416.2600000000416,1416.0100000000416,1416.7900000000418,1414.039522600042,0.29252833720577087,84.66869430648224,0.0003409142538401966
-141.1999999999582,1518618,84.69757833954887,10.655039536682459,125.8009939076047,66.9247966521252,42.08955471046052,41.85876934695442,14.660123833374204,1416.3600000000417,1416.1100000000417,1416.8900000000417,1414.1395226000418,0.2805371851564404,84.69704580439505,-0.0005325351538232326
-141.0999999999582,1519100,84.7244608292597,10.66351064151212,125.861062285208,66.94603817039136,42.12301728269768,41.83188685724359,14.651652728544542,1416.4600000000419,1416.2100000000419,1416.9900000000416,1414.2395226000417,0.2863933291805469,84.7255777607541,0.0011169314944083908
-140.99999999995816,1519645,84.75485700538499,10.671984652234615,125.91590652505683,66.9700560696757,42.15649133379749,41.801490681118295,14.643178717822048,1416.5600000000418,1416.3100000000418,1417.0900000000418,1414.3395226000418,0.29587470521953585,84.7546951167522,-0.0001618886327889868
-140.89999999995814,1520161,84.78363577030362,10.680461580535475,125.97314898680509,66.9927959523009,42.18997690992017,41.77271191619967,14.634701789521188,1416.6600000000417,1416.4100000000417,1417.190000000042,1414.439522600042,0.2942015212126889,84.78384723006347,0.00021145975985348286
-140.79999999995812,1520700,84.81369730962754,10.688941421680632,126.02848078487537,67.01654943434542,42.22347399236518,41.742650376875744,14.626221948376031,1416.7600000000418,1416.5100000000418,1417.2900000000418,1414.539522600042,0.2908551531989239,84.81325566430205,-0.0004416453254947328
-140.6999999999581,1521204,84.84180680094342,10.69742423166834,126.08670931262378,67.03876048249094,42.25698280233692,41.71454088555987,14.617739138388323,1416.860000000042,1416.610000000042,1417.3900000000417,1414.6395226000418,0.28918196919207695,84.84200743247929,0.0002006315358755728
-140.59999999995807,1521737,84.87153370346597,10.705909823167131,126.14252807746685,67.06224954729566,42.29050259983832,41.684813983037316,14.609253546889532,1416.9600000000419,1416.7100000000419,1417.4900000000418,1414.739522600042,0.29810561722883094,84.87144060204517,-9.310142080209971e-05
-140.49999999995805,1522273,84.9014279243892,10.714398519788752,126.19809562367658,67.08587082072026,42.324034663201026,41.65491976211409,14.600764850267911,1417.0600000000418,1416.8100000000418,1417.590000000042,1414.839522600042,0.2978267532276424,84.9015933969429,0.00016547255370369385
-140.39999999995803,1522805,84.93109905411151,10.722890141846523,126.2539901316328,67.109315815985,42.357578282626434,41.625248632391774,14.59227322821014,1417.160000000042,1416.910000000042,1417.690000000042,1414.939522600042,0.29280720120703047,84.93089174936246,-0.00020730474905406027
-140.299999999958,1523323,84.95998936463062,10.731384698138628,126.31104097814509,67.13214383769014,42.39113349286914,41.59635832187267,14.583778671918035,1417.260000000042,1417.010000000042,1417.7900000000418,1415.039522600042,0.28499900917474635,84.96017321724027,0.00018385260965203543
-140.19999999995798,1523827,84.98809885594648,10.739882176489974,126.36924841316795,67.15435488583566,42.424700245835055,41.56824883055681,14.575281193566688,1417.360000000042,1417.110000000042,1417.890000000042,1415.139522600042,0.27914286515063985,84.98869862581046,0.0005997698639816917
-140.09999999995796,1524324,85.01581793766076,10.748382437863794,126.42803067242407,67.1762574472014,42.458277992300935,41.54052974884253,14.566780932192868,1417.4600000000419,1417.2100000000419,1417.990000000042,1415.2395226000422,0.501676338068037,85.01675102781405,0.0009330901532962343
-139.99999999995794,1525626,85.0884341235601,10.756885526695541,126.42006681043236,67.23363598824403,42.49186690779576,41.46791356294318,14.558277843361122,1417.560000000042,1417.310000000042,1418.090000000042,1415.339522600042,0.505580434084037,85.06675604231417,-0.02167808124593762
-139.8999999999579,1526137,85.11693402447759,10.765395789072262,126.47772047306582,67.25615552316935,42.52548416023975,41.4394136620257,14.549767580984401,1417.6600000000421,1417.4100000000421,1418.190000000042,1415.439522600042,0.2791428651505688,85.1166755121346,-0.000258512342981021
-139.7999999999579,1526627,85.14426269659023,10.773908861797972,126.53710914369611,67.27774959775527,42.55911251412895,41.412084989913055,14.54125450825869,1417.760000000042,1417.510000000042,1418.290000000042,1415.5395226000421,0.2752387691344978,85.14463000224961,0.00036730565938114523
-139.69999999995787,1527124,85.1719817783045,10.782424715072715,126.59591205871503,67.29965215912101,42.5927518517475,41.38436590819879,14.532738654983948,1417.860000000042,1417.610000000042,1418.3900000000422,1415.6395226000423,0.2916917452024184,85.17309011477546,0.0011083364709634225
-139.59999999995784,1527673,85.20260104563073,10.790943479820932,126.65039972244253,67.32384633656525,42.62640269027337,41.35374664087256,14.524219890235731,1417.960000000042,1417.710000000042,1418.490000000042,1415.7395226000422,0.29922107323344294,85.20270311548184,0.00010206985110983169
-139.49999999995782,1528197,85.2318259929512,10.799465255695816,126.7069563497202,67.34693877551021,42.66006542335675,41.324521693552086,14.515698114360847,1418.0600000000422,1417.8100000000422,1418.590000000042,1415.839522600042,0.29420152121275994,85.23238158776502,0.0005555948138180611
-139.3999999999578,1528728,85.2614413498733,10.807989956138488,126.76292806014767,67.37033970123497,42.69373970907262,41.29490633662999,14.507173413918174,1418.1600000000421,1417.9100000000421,1418.6900000000421,1415.9395226000422,0.30033652923798393,85.26229049376406,0.0008491438907611837
-139.29999999995778,1529274,85.29189329879881,10.816517713794573,126.81765283251022,67.39440167005928,42.72742607139795,41.264454387704475,14.49864565626209,1418.260000000042,1418.010000000042,1418.7900000000423,1416.0395226000423,0.2969901612241479,85.2919839381763,9.063937748976514e-05
-139.19999999995775,1529793,85.32083938211814,10.825048352926128,126.87461154062301,67.41727376130439,42.76112381613241,41.23550830438515,14.490115017130535,1418.3600000000422,1418.1100000000422,1418.8900000000422,1416.1395226000423,0.2919706092035359,85.32104791663976,0.00020853452161873065
-139.09999999995773,1530321,85.35028742063953,10.833581923377904,126.93081945917514,67.44054247840923,42.794833140172834,41.206060265863755,14.481581446678758,1418.4600000000423,1418.2100000000423,1418.990000000042,1416.2395226000422,0.305356081258738,85.35115985793587,0.0008724372963371252
-138.9999999999577,1530888,85.3819105983699,10.842118584897719,126.98378976195825,67.46552990757297,42.82855467455532,41.17443708813339,14.473044785158944,1418.5600000000422,1418.3100000000422,1419.0900000000422,1416.3395226000423,0.30033652923798393,85.38147417624592,-0.0004364221239825383
-138.89999999995769,1531398,85.41035472648714,10.850658218213157,127.04148405612688,67.48800537295831,42.86228794812976,41.145992960016144,14.464505151843506,1418.6600000000421,1418.4100000000421,1419.1900000000423,1416.4395226000424,0.2914128812012299,85.41069038921582,0.00033566272867346925
-138.79999999995766,1531933,85.44019317461016,10.859200722975565,127.09709938018423,67.51158257684297,42.89603256449875,41.11615451189313,14.455962647081098,1418.7600000000423,1418.5100000000423,1419.2900000000423,1416.5395226000423,0.2916917452024184,85.43959764356136,-0.000595531048801945
-138.69999999995764,1532444,85.46869307552764,10.867746137741873,127.15470129089465,67.53410211176829,42.92978867596993,41.08765461097565,14.44741723231479,1418.8600000000424,1418.6100000000424,1419.3900000000422,1416.6395226000423,0.28639332918047583,85.46880615200155,0.00011307647390879083
-138.59999999995762,1532960,85.49747184044627,10.87629448420597,127.21188416545345,67.55684199439348,42.963556368238535,41.05887584605702,14.438868885850694,1418.9600000000423,1418.7100000000423,1419.4900000000423,1416.7395226000424,0.28778764918627636,85.49734024158045,-0.00013159886582059244
-138.4999999999576,1533476,85.52625060536491,10.884845605790193,127.26906100461518,67.57958187701867,42.99733502279125,41.03009708113838,14.43031776426647,1419.0600000000422,1418.8100000000422,1419.5900000000424,1416.8395226000425,0.2894608331931944,85.52578936137127,-0.00046124399364089186
-138.39999999995757,1533998,85.55536400708492,10.893399642078247,127.32573542877049,67.60258617688368,43.03112519101181,41.00098367941837,14.421763727978416,1419.1600000000424,1418.9100000000424,1419.6900000000423,1416.9395226000424,0.29699016122421895,85.5553707525438,6.745458875911936e-06
-138.29999999995755,1534541,85.58564863760976,10.901956679940705,127.38066315419556,67.62651593708809,43.064927216056525,40.97069904889352,14.413206690115958,1419.2600000000425,1419.0100000000425,1419.7900000000423,1417.0395226000423,0.3022885772460905,85.58523684423436,-0.0004117933754059777
-138.19999999995753,1535082,85.61582172253415,10.910516689447098,127.43575276081759,67.65035755821256,43.09874097969401,40.94052596396914,14.404646680609565,1419.3600000000424,1419.1100000000424,1419.8900000000424,1417.1395226000425,0.3073081292667024,85.61556110714136,-0.0002606153927899868
-138.0999999999575,1535643,85.64711026346312,10.919079792162139,127.48917924461713,67.67508057013646,43.132566962129374,40.90923742304017,14.396083577894524,1419.4600000000423,1419.2100000000423,1419.9900000000425,1417.2395226000426,0.29503811321618345,85.64600448410474,-0.0011057793583830744
-137.99999999995748,1536140,85.6748293451774,10.927645890343923,127.5479154597118,67.6969831315022,43.16640477726241,40.88151834132589,14.38751747971274,1419.5600000000425,1419.3100000000425,1420.0900000000424,1417.3395226000425,0.2914128812012299,85.67552154155108,0.0006921963736772341
-137.89999999995746,1536688,85.70539283970338,10.936214896470451,127.60241256842131,67.72113323940646,43.20025407936355,40.85095484679991,14.378948473586211,1419.6600000000426,1419.4100000000426,1420.1900000000423,1417.4395226000424,0.30200971324490195,85.70513399564204,-0.0002588440613351395
-137.79999999995744,1537223,85.7352312878264,10.944786917143055,127.65798555321695,67.7447104432911,43.23411528952956,40.82111639867689,14.370376452913607,1419.7600000000425,1419.5100000000425,1420.2900000000425,1417.5395226000426,0.29866334523113697,85.73538627781869,0.00015498999229635047
-137.6999999999574,1537759,85.76512550874962,10.95336197372602,127.7134722155636,67.76833171671572,43.267988492153684,40.79122217775367,14.361801396330643,1419.8600000000424,1419.6100000000424,1420.3900000000426,1417.6395226000427,0.2975478892265249,85.7652285880327,0.00010307928307895509
-137.5999999999574,1538290,85.79474086567171,10.961939962860667,127.76936968693346,67.79173264244048,43.30187327894827,40.761606820831574,14.353223407195996,1419.9600000000426,1419.7100000000426,1420.4900000000425,1417.7395226000426,0.30200971324490195,85.79501521203251,0.0002743463607970398
-137.49999999995737,1538842,85.82552745139861,10.97052097676843,127.8235194415884,67.81605902850463,43.33577001420661,40.73082023510467,14.344642393288233,1420.0600000000427,1419.8100000000427,1420.5900000000424,1417.8395226000425,0.29587470521953585,85.82480478653319,-0.0007226648654210521
-137.39999999995734,1539351,85.85391580671563,10.979104923817976,127.88123664080064,67.83849042435,43.36967833596644,40.70243187978765,14.336058446238686,1420.1600000000426,1419.9100000000426,1420.6900000000426,1417.9395226000427,0.29810561722883094,85.85486076280043,0.0009449560847940575
-137.29999999995732,1539911,85.8851485748444,10.987691948920993,127.93471433941572,67.86316936673393,43.40359881665815,40.67119911165889,14.32747142113567,1420.2600000000425,1420.0100000000425,1420.7900000000427,1418.0395226000428,0.29810561722883094,85.88468650315784,-0.00046207168655598707
-137.1999999999573,1540420,85.91353693016141,10.996281861118613,127.99242417475399,67.88560076257932,43.43753070195572,40.64281075634187,14.31888150893805,1420.3600000000426,1420.1100000000426,1420.8900000000426,1418.1395226000427,0.28611446517935835,85.9136562897934,0.0001193596319808421
-137.09999999995728,1540937,85.94237146788028,11.004874680178956,128.0494649172192,67.90838471474447,43.471474069947206,40.61397621862301,14.310288689877707,1420.4600000000428,1420.2100000000428,1420.9900000000425,1418.2395226000426,0.2880665131874649,85.94258740636043,0.00021593848015299955
-136.99999999995725,1541453,85.97115023279892,11.013470378599887,128.10658399680375,67.93112459736967,43.50542881199362,40.58519745370437,14.301692991456775,1420.5600000000427,1420.3100000000427,1421.0900000000427,1418.3395226000428,0.30507721725754944,85.97231147807042,0.0011612452715041854
-136.89999999995723,1542031,86.0033869113318,11.022069142474574,128.158547451604,67.95659679147307,43.53939566320051,40.552960775171485,14.293094227582088,1420.6600000000426,1420.4100000000426,1421.1900000000428,1418.439522600043,0.30396176125293745,86.00276538737353,-0.0006215239582729737
-136.7999999999572,1542543,86.03194258504952,11.030670931677367,128.21599280723737,67.97916039593838,43.57337446506345,40.524405101453766,14.284492438379296,1420.7600000000427,1420.5100000000427,1421.2900000000427,1418.5395226000428,0.2972690252253364,86.0328596541135,0.0009170690639734858
-136.69999999995719,1543097,86.06284071637688,11.0392757144054,128.2699434798547,68.00357492108247,43.60736509195473,40.493506970126404,14.275887655651262,1420.8600000000429,1420.6100000000429,1421.3900000000426,1418.6395226000427,0.30842358527131447,86.06302885716876,0.00018814079187734478
-136.59999999995716,1543649,86.0936273021038,11.047883537448804,128.32405700228682,68.02790130714662,43.641367728704786,40.46272038439949,14.267279832607858,1420.9600000000428,1420.7100000000428,1421.4900000000428,1418.7395226000428,0.31595291330241004,86.09397687474345,0.0003495726396494092
-136.49999999995714,1544230,86.12603129903738,11.056494509780354,128.3757575150677,68.05350570986995,43.675382805778064,40.43031638746591,14.258668860276309,1421.0600000000427,1420.8100000000427,1421.590000000043,1418.839522600043,0.32850179335411755,86.12637432127346,0.00034302223608051463
-136.39999999995712,1544827,86.15932766077464,11.065108812313063,128.42612764898146,68.0798152252328,43.70941103781743,40.39702002572865,14.2500545577436,1421.1600000000428,1420.9100000000428,1421.6900000000428,1418.939522600043,0.3061926732621615,86.15822194823382,-0.0011057125408200363
-136.2999999999571,1545328,86.18726983368983,11.073726154170005,128.48447543979847,68.10189406475843,43.743451275800396,40.36907785281346,14.241437215886657,1421.260000000043,1421.010000000043,1421.7900000000427,1419.0395226000428,0.2936437932104539,86.1881077083021,0.0008378746122730263
-136.19999999995707,1545880,86.21805641941674,11.082346433854728,128.53857873974212,68.12622045082259,43.77750311879549,40.33829126708655,14.232816936201935,1421.3600000000429,1421.1100000000429,1421.8900000000428,1419.139522600043,0.2994999372345604,86.21767527074412,-0.00038114867261640484
-136.09999999995705,1546402,86.24716982113675,11.090969689224158,128.59517259783837,68.14922475068761,43.811566716345204,40.309177865366536,14.224193680832505,1421.4600000000428,1421.2100000000428,1421.990000000043,1419.239522600043,0.30563494525985546,86.24779760252608,0.0006277813893262874
-135.99999999995703,1546976,86.27918340846873,11.099595993375237,128.6474391027414,68.17452066663112,43.845642357197214,40.27716427803456,14.215567376681426,1421.560000000043,1421.310000000043,1422.090000000043,1419.339522600043,0.310933361281727,86.27870962975834,-0.0004737787103863411
-135.899999999957,1547517,86.30935649339311,11.108225431150112,128.70244759617037,68.1983622877556,43.8797303764951,40.246991193110176,14.20693793890655,1421.660000000043,1421.410000000043,1422.1900000000428,1419.439522600043,0.30033652923798393,86.30953554107548,0.00017904768236576274
-135.79999999995698,1548053,86.33925071431634,11.116857900483456,128.75786862301453,68.2219835611802,43.91383037106022,40.21709697218695,14.198305469573206,1421.760000000043,1421.510000000043,1422.290000000043,1419.539522600043,0.3034040332506314,86.33971647612127,0.00046576180493218544
-135.69999999995696,1548605,86.37003730004325,11.125493374445341,128.81195518992521,68.24630994724437,43.94794223451397,40.186310386460036,14.189669995611322,1421.8600000000429,1421.6100000000429,1422.390000000043,1419.6395226000432,0.3190204173149865,86.37048864155841,0.0004513415151592426
-135.59999999995694,1549197,86.40305479777935,11.134131998211771,128.86271236902994,68.27239911490736,43.982066540330806,40.15329288872394,14.181031371844892,1421.960000000043,1421.710000000043,1422.490000000043,1419.739522600043,0.314837457297798,86.40212428718624,-0.0009305105931076696
-135.4999999999569,1549734,86.43300479150282,11.142773799302782,128.91804266416318,68.29606445787195,44.01620339722042,40.12334289500046,14.17238957075388,1422.0600000000431,1421.8100000000431,1422.590000000043,1419.839522600043,0.304798353256432,86.43326375561482,0.00025896411199255454
-135.3999999999569,1550290,86.46401446843065,11.151418650962897,128.97178924111202,68.320567122096,44.05035230447315,40.09233321807264,14.163744719093765,1422.160000000043,1421.910000000043,1422.690000000043,1419.9395226000431,0.315395185300104,86.46421546200908,0.00020099357843150756
-135.29999999995687,1550865,86.49608382856286,11.160066642395188,129.02395285912235,68.34590710757949,44.084513614459084,40.06026385794043,14.155096727661475,1422.260000000043,1422.010000000043,1422.7900000000432,1420.0395226000433,0.30842358527131447,86.49530907456062,-0.0007747540022364774
-135.19999999995684,1551396,86.52569918548492,11.168717712777815,129.0797741932771,68.36930803330422,44.11868708691969,40.03064850101836,14.146445657278848,1422.360000000043,1422.110000000043,1422.890000000043,1420.1395226000432,0.29503811321618345,86.52560670600758,-9.24794773453641e-05
-135.09999999995682,1551923,86.55509145120611,11.177371763736394,129.1359246040129,68.39253268086912,44.15287233325635,40.00125623529718,14.137791606320269,1422.4600000000432,1422.2100000000432,1422.990000000043,1420.239522600043,0.7476343870818601,86.55569039536964,0.0005989441635279036
-134.9999999999568,1554077,86.67522606290133,11.186028850856893,129.05681772019892,68.48745846996728,44.18706957304481,39.881121623601956,14.12913451919977,1422.5600000000431,1422.3100000000431,1423.0900000000431,1420.3395226000432,0.750980755095483,86.6306313923254,-0.04459467057593258
-134.89999999995678,1554616,86.70528760222524,11.194697890014863,129.11205532668757,68.51121195201179,44.22131402579136,39.851060084278046,14.1204654800418,1422.660000000043,1422.410000000043,1423.1900000000433,1420.4395226000433,0.2994999372345604,86.70540281783208,0.00011521560684002452
-134.79999999995675,1555151,86.73512605034826,11.203369931420463,129.1676214884048,68.53478915589645,44.255570338021435,39.82122163615503,14.1117934386362,1422.7600000000432,1422.5100000000432,1423.2900000000432,1420.5395226000433,0.29224947320472444,86.73461601377159,-0.0005100365766708137
-134.69999999995673,1555664,86.7637374968662,11.21204481321762,129.22500962596945,68.55739682990172,44.2898378703709,39.79261018963709,14.103118556839043,1422.8600000000433,1422.6100000000433,1423.390000000043,1420.6395226000432,0.28472014517362887,86.76321247397783,-0.0005250228883681984
-134.5999999999567,1556172,86.792070079383,11.220722573915262,129.28280848299164,68.57978415620713,44.324116774957815,39.76427760712029,14.0944407961414,1422.9600000000432,1422.7100000000432,1423.4900000000432,1420.7395226000433,0.27997945715413436,86.79155909170576,-0.0005109876772309008
-134.49999999995669,1556668,86.81973338829704,11.229403125035965,129.3415988138665,68.60164264803291,44.358406702278494,39.73661429820625,14.085760245020698,1423.0600000000431,1422.8100000000431,1423.5900000000433,1420.8395226000434,0.2936437932104539,86.82069786727725,0.0009644789802081277
-134.39999999995666,1557225,86.8507988380251,11.238086713488721,129.39531776152705,68.6261893817969,44.392708627673244,39.70554884847819,14.077076656567941,1423.1600000000433,1422.9100000000433,1423.6900000000433,1420.9395226000433,0.2964324332218419,86.85048681137985,-0.00031202664524698775
-134.29999999995664,1557731,86.87901987494142,11.246773222398245,129.45327005976227,68.64848856902238,44.427022089461126,39.67732781156187,14.068390147658418,1423.2600000000434,1423.0100000000434,1423.7900000000432,1421.0395226000433,0.28973969719431186,86.87985206633883,0.0008321913974072004
-134.19999999995662,1558264,86.90874677746397,11.255462683901992,129.50897465731964,68.67197763382707,44.46134721459156,39.64760090903931,14.05970068615467,1423.3600000000433,1423.1100000000433,1423.8900000000433,1421.1395226000434,0.29922107323344294,86.90908842211526,0.0003416446512858329
-134.0999999999566,1558804,86.93886408958812,11.264155040082672,129.56409263037148,68.69577518541158,44.495683774279584,39.617483596915164,14.05100832997399,1423.4600000000432,1423.2100000000432,1423.9900000000434,1421.2395226000435,0.29838448122994843,86.93847112834034,-0.00039296124778331887
-133.99999999995657,1559334,86.96842367370998,11.272850378127664,129.62003796252984,68.71913204159637,44.53003211293292,39.58792401279331,14.042312991928998,1423.5600000000434,1423.3100000000434,1424.0900000000433,1421.3395226000434,0.29838448122994843,86.96850992068745,8.624697747450227e-05
-133.89999999995655,1559874,86.99854098583413,11.281548742066814,129.67514873500897,68.74292959318086,44.56439240447834,39.55780670066916,14.033614627989849,1423.6600000000435,1423.4100000000435,1424.1900000000433,1421.4395226000433,0.29252833720577087,86.99793646453895,-0.0006045212951732992
-133.79999999995653,1560383,87.02692934115115,11.290249965420577,129.73283156024124,68.76536098902625,44.59876399128806,39.52941834535214,14.024913404636086,1423.7600000000434,1423.5100000000434,1424.2900000000434,1421.5395226000435,0.29169174520234736,87.02675759166436,-0.0001717494867818914
-133.6999999999565,1560920,87.05687933487461,11.29895409358515,129.78818193243964,68.78902633199083,44.63314705268623,39.49946835162868,14.016209276471512,1423.8600000000433,1423.6100000000433,1424.3900000000435,1421.6395226000436,0.2944803852138774,87.05589804035138,-0.000981294523228371
-133.59999999995648,1561439,87.08582541819393,11.307661145028652,129.8450246148354,68.81189842323592,44.667541661625634,39.47052226830935,14.007502225028011,1423.9600000000435,1423.7100000000435,1424.4900000000434,1421.7395226000435,0.29475924921506597,87.08539892384418,-0.00042649434975317035
-133.49999999995646,1561977,87.11583118471763,11.316371173369923,129.90028355896703,68.83560783574049,44.701948029911506,39.44051650178565,13.99879219668674,1424.0600000000436,1423.8100000000436,1424.5900000000433,1421.8395226000434,0.29531697721737193,87.1154546571581,-0.000376527559538431
-133.39999999995644,1562498,87.14488881363742,11.325084235960086,129.9569531860807,68.85856806606554,44.736366384092335,39.411458872865865,13.990079134096577,1424.1600000000435,1423.9100000000435,1424.6900000000435,1421.9395226000436,0.2919706092035359,87.14502896506767,0.00014015143024437293
-133.2999999999564,1563024,87.17422530655836,11.33380017916294,130.01320217422418,68.88174864409044,44.770796117274166,39.38212237994493,13.981363190893722,1424.2600000000434,1424.0100000000434,1424.7900000000436,1422.0395226000437,0.3117699532851505,87.17503296084779,0.0008076542894315253
-133.1999999999564,1563616,87.20724280429447,11.34251924255226,130.06395888477402,68.90783781175345,44.8052381758217,39.34910488220882,13.972644127504402,1424.3600000000436,1424.1100000000436,1424.8900000000435,1422.1395226000436,0.312048817286268,87.2064927047979,-0.0007500994965710106
-133.09999999995637,1564143,87.23663507001562,11.351241477703905,130.12012061897462,68.93106245931831,44.83969276347,39.319712616487664,13.963921892352758,1424.4600000000437,1424.2100000000437,1424.9900000000434,1422.2395226000435,0.29503811321618345,87.23674160153513,0.00010653151950634765
-132.99999999995634,1564674,87.26625042693772,11.35996659087257,130.17594471282484,68.95446338504307,44.87415871986586,39.29009725956557,13.955196779184092,1424.5600000000436,1424.3100000000436,1425.0900000000436,1422.3395226000437,0.29922107323344294,87.26643183067443,0.00018140373671826637
-132.89999999995632,1565216,87.29647928466233,11.368694764070044,130.23085074253942,68.97834907570751,44.90863676399256,39.25986840184096,13.946468605986619,1424.6600000000435,1424.4100000000435,1425.1900000000437,1422.4395226000438,0.3014519852425959,87.29661054055047,0.00013125588814943967
-132.7999999999563,1565755,87.32654082398625,11.377425912980685,130.28600246416278,69.00210255775204,44.94312656278631,39.22980686251704,13.937737457075977,1424.7600000000436,1424.5100000000436,1425.2900000000436,1422.5395226000437,0.3034040332506314,87.32673341879324,0.00019259480698963216
-132.69999999995628,1566304,87.35716009131247,11.386160110753806,130.34031897158872,69.02629673519628,44.977628405201635,39.19918759519082,13.929003259302856,1424.8600000000438,1424.6100000000438,1425.3900000000435,1422.6395226000436,0.2964324332218419,87.35684726715422,-0.00031282415824307463
-132.59999999995625,1566818,87.38582731063063,11.394897282434119,130.39754423710664,69.04894847874151,45.01214199515006,39.170520375872655,13.920266087622544,1424.9600000000437,1424.7100000000437,1425.4900000000437,1422.7395226000438,0.2955958412184894,87.3863612180941,0.0005339074634633789
-132.49999999995623,1567364,87.41627925955618,11.40363738299743,130.45210205227085,69.07301044756585,45.046667154776905,39.14006842694711,13.911525987059234,1425.0600000000436,1424.8100000000436,1425.5900000000438,1422.839522600044,0.30563494525985546,87.41657111596227,0.0002918564060934159
-132.3999999999562,1567914,87.44695429968262,11.412380596657316,130.50632452614462,69.09724869455006,45.081204611762985,39.10939338682067,13.902782773399347,1425.1600000000437,1424.9100000000437,1425.6900000000437,1422.9395226000438,0.30451948925524347,87.44711718982957,0.00016289014695303194
-132.29999999995619,1568456,87.47718315740724,11.4211268064354,130.5612091542102,69.1211343852145,45.11575390402008,39.07916452909605,13.894036563621263,1425.2600000000439,1425.0100000000439,1425.7900000000436,1423.0395226000437,0.305913809261044,87.47733763415283,0.00015447674559254665
-132.19999999995616,1569011,87.50813706153484,11.429876064184151,130.61500847797475,69.14559297989857,45.15031523637593,39.04821062496845,13.885287305872511,1425.3600000000438,1425.1100000000438,1425.8900000000438,1423.1395226000438,0.30563494525985546,87.5077133555061,-0.0004237060287408667
-132.09999999995614,1569552,87.53831014645922,11.438628349106503,130.669969867692,69.16943460102304,45.18488852667791,39.01803754004406,13.87653502095016,1425.4600000000437,1425.2100000000437,1425.990000000044,1423.239522600044,0.2947592492149949,87.53760907396837,-0.0007010724908553811
-131.99999999995612,1570068,87.56708891137785,11.44738358599895,130.72700860918485,69.19217448364822,45.21947347785703,38.989258775125435,13.867779784057713,1425.5600000000438,1425.3100000000438,1426.0900000000438,1423.339522600044,0.2914128812012299,87.5673404522041,0.00025154082625533647
-131.8999999999561,1570597,87.59659272269948,11.456141817196949,130.78296154124547,69.21548727029304,45.25407025714686,38.9597549638038,13.859021552859714,1425.660000000044,1425.410000000044,1426.1900000000437,1423.4395226000438,0.30507721725754944,87.59731003629722,0.0007173135977325273
-131.79999999995607,1571162,87.62810435482938,11.464903048006212,130.8359131173463,69.24038656037682,45.288678885506044,38.92824333167391,13.85026032205045,1425.7600000000439,1425.5100000000439,1426.2900000000438,1423.539522600044,0.3123276812874565,87.62766155533254,-0.0004427994968381199
-131.69999999995605,1571717,87.65905825895699,11.47366734950802,130.8896944296757,69.2648451550609,45.32329964371996,38.8972894275463,13.841496020548643,1425.8600000000438,1425.6100000000438,1426.390000000044,1423.639522600044,0.304798353256432,87.65838561133758,-0.000672647619410327
-131.59999999995603,1572255,87.68906402548068,11.482434725128483,130.94488865557875,69.28855456756544,45.35793254532246,38.86728366102261,13.83272864492818,1425.960000000044,1425.710000000044,1426.490000000044,1423.739522600044,0.2877876491862053,87.68827440808134,-0.0007896173993344746
-131.499999999956,1572749,87.71661578879424,11.49120500438964,131.00374314552198,69.31032492031126,45.39257691689121,38.83973189770904,13.823958365667023,1426.060000000044,1425.810000000044,1426.5900000000438,1423.839522600044,0.29559584121841836,87.71768625280681,0.0010704640125709375
-131.39999999995598,1573315,87.74818319372437,11.499978262379049,131.05659677295188,69.33526827993501,45.4272330550372,38.808164492778914,13.815185107677614,1426.160000000044,1425.910000000044,1426.690000000044,1423.939522600044,0.309817905277115,87.74781228242142,-0.0003709113029515265
-131.29999999995596,1573860,87.77857936984968,11.508754566846129,131.1111964839929,69.35928617921937,45.46190122738429,38.77776831665361,13.806408803210534,1426.2600000000439,1426.0100000000439,1426.790000000044,1424.0395226000442,0.31651064130471607,87.7789786194972,0.000399249647514921
-131.19999999995593,1574450,87.81148532198533,11.517534058102953,131.16204578331295,69.38528720780242,45.49658198819348,38.74486236451796,13.79762931195371,1426.360000000044,1426.110000000044,1426.890000000044,1424.139522600044,0.3123276812874565,87.81068415970189,-0.0008011622834374066
-131.0999999999559,1574980,87.84104490610719,11.526316703678072,131.21789154487504,69.40864406398721,45.53127520919598,38.7153027803961,13.788846666378591,1426.4600000000441,1426.2100000000441,1426.990000000044,1424.239522600044,0.2922494732046534,87.84095506429189,-8.984181529569923e-05
-130.9999999999559,1575498,87.86993521662627,11.535102249115814,131.2747325997027,69.43147208569233,45.565979885240594,38.68641246987701,13.780061120940848,1426.560000000044,1426.310000000044,1427.090000000044,1424.3395226000441,0.29057628919773537,87.87001339019119,7.817356491557348e-05
-130.89999999995587,1576022,87.89916016394675,11.543890706356114,131.33106943029733,69.45456452463729,45.600696063492464,38.65718752255654,13.771272663700548,1426.660000000044,1426.410000000044,1427.1900000000442,1424.4395226000443,0.30563494525985546,87.8997128415431,0.0005526775963602404
-130.79999999995584,1576594,87.93106220567826,11.552682191684127,131.3834031102845,69.47977230150089,45.6354242033014,38.62528548082503,13.762481178372536,1426.760000000044,1426.510000000044,1427.290000000044,1424.5395226000442,0.314837457297798,87.93114959313063,8.738745236769319e-05
-130.69999999995582,1577151,87.96212765540632,11.561476936274746,131.43698594430435,69.50431903526488,45.67016521785484,38.59422003109697,13.753686433781917,1426.8600000000442,1426.6100000000442,1427.390000000044,1424.639522600044,0.31204881728633904,87.96259723173354,0.00046957632721955633
-130.5999999999558,1577713,87.99347196913554,11.570274711130478,131.49014866908365,69.52908611672876,45.70491820256651,38.562875717367746,13.744888658926184,1426.9600000000441,1426.7100000000441,1427.4900000000441,1424.7395226000442,0.30005766523686644,87.9927142398792,-0.0007577292563354376
-130.49999999995578,1578227,88.0221391884537,11.579075479122725,131.54730827811565,69.551737860274,45.73968301077098,38.53420849804958,13.736087890933938,1427.060000000044,1426.810000000044,1427.5900000000443,1424.8395226000443,0.30033652923798393,88.0227675525548,0.0006283641010895735
-130.39999999995575,1578790,88.05353927498315,11.587879264640993,131.60038040552925,69.57654901127785,45.77445973881169,38.502808411520135,13.72728410541567,1427.1600000000442,1426.9100000000442,1427.6900000000442,1424.9395226000443,0.302567441247279,88.05284154338368,-0.0006977315994731725
-130.29999999995573,1579312,88.08265267670318,11.596686047431405,131.65686653415915,69.59955331114287,45.80924830668176,38.47369500980011,13.718477322625258,1427.2600000000443,1427.0100000000443,1427.790000000044,1425.0395226000442,0.29810561722883094,88.08328740471369,0.0006347280105103437
-130.1999999999557,1579859,88.11316039842893,11.60549592212194,131.711266167782,69.62365934950716,45.84404908818079,38.443187288074355,13.709667447934724,1427.3600000000442,1427.1100000000442,1427.8900000000442,1425.1395226000443,0.29587470521953585,88.11324128567136,8.088724243293655e-05
-130.09999999995568,1580373,88.1418276177471,11.614308695688544,131.76841245064037,69.64631109305239,45.87886132082484,38.41452006875619,13.700854674368118,1427.4600000000441,1427.2100000000441,1427.9900000000443,1425.2395226000444,0.7705012351759801,88.14243317375073,0.0006055560036344332
-129.99999999995566,1582622,88.26726064546416,11.623124408756693,131.6810369299025,69.74542348844783,45.91368516509273,38.289087041039124,13.69203896129997,1427.5600000000443,1427.3100000000443,1428.0900000000443,1425.3395226000443,0.7705012351760512,88.21943288425967,-0.04782776120448773
-129.89999999995564,1583136,88.29592786478234,11.6319525822654,131.7382677044715,69.76807523199307,45.94855823061341,38.260419821720944,13.683210787791262,1427.6600000000444,1427.4100000000444,1428.1900000000442,1425.4395226000443,0.27691195314148687,88.2955268137611,-0.00040105102124243786
-129.79999999995562,1583615,88.32264303609247,11.64078351411945,131.79840541414188,69.78918454163933,45.9834421921544,38.233704650410814,13.674379855937213,1427.7600000000443,1427.5100000000443,1428.2900000000443,1425.5395226000444,0.28778764918627636,88.3238328987026,0.0011898626101327636
-129.6999999999556,1584168,88.35348539461961,11.649617348845144,131.8523802067752,69.81355499724344,46.01833762062374,38.202862291883676,13.665546021211519,1427.8600000000442,1427.6100000000442,1428.3900000000444,1425.6395226000445,0.29308606520814795,88.35261004066334,-0.0008753539562746937
-129.59999999995557,1584666,88.38126024913412,11.658454036127587,131.91092776075013,69.83550162814916,46.053244317267435,38.17508743736917,13.656709333929076,1427.9600000000444,1427.7100000000444,1428.4900000000443,1425.7395226000444,0.2886242411897709,88.38173485603684,0.00047460690272771444
-129.49999999995555,1585203,88.41121024285758,11.667293695816355,131.96622536630093,69.85916697111375,46.08816275551549,38.14513744364571,13.647869674240308,1428.0600000000445,1427.8100000000445,1428.5900000000443,1425.8395226000443,0.2939226572115714,88.4113762727683,0.00016602991071579254
-129.39999999995553,1585720,88.44004478057644,11.676136311382145,132.02318407177586,69.88195092327891,46.123092870073826,38.116302905926844,13.639027058674518,1428.1600000000444,1427.9100000000444,1428.6900000000444,1425.9395226000445,0.27997945715413436,88.44017807765148,0.00013329707503828558
-129.2999999999555,1586207,88.46720613428842,11.68498173143189,132.08263538575775,69.90341278924494,46.15803406290929,38.08914155221487,13.630181638624773,1428.2600000000443,1428.0100000000443,1428.7900000000445,1426.0395226000446,0.2894608331931944,88.46819755741116,0.0009914231227412529
-129.19999999995548,1586758,88.4979369472151,11.693829950893631,132.13675204506131,69.9276951057691,46.19298631398664,38.05841073928819,13.621333419163031,1428.3600000000445,1428.1100000000445,1428.8900000000444,1426.1395226000445,0.29280720120688836,88.49712960822023,-0.0008073389948606291
-129.09999999995546,1587257,88.52576757452981,11.702681157353538,132.19519556835309,69.94968580621477,46.227950364309045,38.03058011197348,13.612482212703124,1428.4600000000446,1428.2100000000446,1428.9900000000443,1426.2395226000444,0.2838835531701343,88.52619943465277,0.00043186012295848286
-128.99999999995543,1587776,88.55471365784913,11.711535190780566,132.2519683822895,69.97255789745988,46.262925581721625,38.00163402865415,13.603628179276097,1428.5600000000445,1428.3100000000445,1429.0900000000445,1426.3395226000446,0.293086065208219,88.55485283351105,0.00013917566191423703
-128.8999999999554,1588308,88.58438478757147,11.720392127920244,132.30765395081949,69.99600289272462,46.29791226938469,37.97196289893182,13.594771242136419,1428.6600000000444,1428.4100000000444,1429.1900000000446,1426.4395226000447,0.2955958412185605,88.58466053672406,0.00027574915259265254
-128.7999999999554,1588836,88.61383282609286,11.729252122887914,132.36366996907697,70.01927160982946,46.33291103608494,37.94251486041043,13.585911247168749,1428.7600000000446,1428.5100000000446,1429.2900000000445,1426.5395226000446,0.2983844812298774,88.61423108852054,0.00039826242768015163
-128.69999999995537,1589378,88.64406168381745,11.738114974137952,132.41851457581419,70.04315730049389,46.36792108567648,37.91228600268583,13.57704839591871,1428.8600000000447,1428.6100000000447,1429.3900000000444,1426.6395226000445,0.29866334523099486,88.64365239786625,-0.00040928595120703903
-128.59999999995534,1589907,88.67356549513907,11.746980853367491,132.47443911580888,70.0664700871387,46.402943096397635,37.882782191364214,13.568182516689172,1428.9600000000446,1428.7100000000446,1429.4900000000446,1426.7395226000447,0.28778764918627636,88.67297829959882,-0.0005871955402483309
-128.49999999995532,1590410,88.70161921365472,11.755849569797876,132.53252504310746,70.08863706574427,46.43797631463424,37.854728472848564,13.559313800258787,1429.0600000000445,1428.8100000000445,1429.5900000000447,1426.8395226000448,0.28081604915755787,88.70116155047783,-0.0004576631768884454
-128.3999999999553,1590914,88.7297287049706,11.764721085677591,132.59052244818298,70.1108481138898,46.473020591260195,37.82661898153269,13.550442284379072,1429.1600000000446,1428.9100000000446,1429.6900000000446,1426.9395226000447,0.28332582516789934,88.729429062885,-0.00029964208559363215
-128.29999999995528,1591426,88.75828437868832,11.773595455610456,132.64784845748332,70.13341171835509,46.5080761419716,37.79806330781497,13.541567914446206,1429.2600000000448,1429.0100000000448,1429.7900000000445,1427.0395226000446,0.2866721931817354,88.758177055104,-0.0001073235843165321
-128.19999999995525,1591942,88.78706314360696,11.782472721088617,132.70483676243776,70.1561516009803,46.54314313067079,37.76928454289633,13.532690648968046,1429.3600000000447,1429.1100000000447,1429.8900000000447,1427.1395226000448,0.29866334523113697,88.7875426919234,0.00047954831644858587
-128.09999999995523,1592497,88.81801704773456,11.791352964148846,132.75857034515502,70.18061019566436,46.57822188141957,37.73833063876873,13.523810405907817,1429.4600000000446,1429.2100000000446,1429.9900000000448,1427.239522600045,0.2947592492149949,88.81711893844822,-0.0008981092863393769
-127.99999999995521,1592999,88.84601499344997,11.80023614487631,132.8167182934008,70.20273310472994,46.61331223654631,37.71033269305332,13.514927225180353,1429.5600000000447,1429.3100000000447,1430.0900000000447,1427.3395226000448,0.27719081714260435,88.84565672874285,-0.0003582647071169731
-127.89999999995518,1593491,88.87345521116309,11.8091220954946,132.87569463161026,70.22441531839583,46.64841353330033,37.682892475340196,13.506041274562063,1429.6600000000449,1429.4100000000449,1430.1900000000446,1427.4395226000447,0.28918196919207695,88.87430574906628,0.0008505379031902294
-127.79999999995516,1594036,88.9038513872884,11.818011006026127,132.9302479207991,70.24843321768017,46.68352652230849,37.65249629921489,13.497152364030535,1429.7600000000448,1429.5100000000448,1430.2900000000448,1427.5395226000448,0.30507721725754944,88.90421332761233,0.00036194032392700137
-127.69999999995514,1594585,88.93447065461461,11.826902938160124,132.98446430395944,70.27262739512442,46.71865144725571,37.62187703188867,13.488260431896538,1429.8600000000447,1429.6100000000447,1430.390000000045,1427.639522600045,0.30424062525405493,88.93440235807954,-6.829653507622879e-05
-127.59999999995512,1595127,88.96469951233922,11.835797886497748,133.03926109317266,70.29651308578886,46.75378828681546,37.591648174164064,13.479365483558915,1429.9600000000448,1429.7100000000448,1430.4900000000448,1427.739522600045,0.2975478892265249,88.9643096133275,-0.00038989901172215014
-127.4999999999551,1595652,88.99398023245993,11.844695800082794,133.09547195375944,70.31964959427378,46.78893683970045,37.562367454043354,13.470467569973868,1430.060000000045,1429.810000000045,1430.5900000000447,1427.8395226000448,0.2953169772173009,88.99312300751058,-0.0008572249493568052
-127.39999999995507,1596186,89.0237629077827,11.853596511099253,133.15092649339113,70.34318272861844,46.824096443003604,37.53258477872059,13.46156685895741,1430.1600000000449,1429.9100000000449,1430.6900000000448,1427.939522600045,0.2849990091748174,89.02282282067767,-0.0009400871050218029
-127.29999999995505,1596674,89.05098003429491,11.862500364646934,133.21021689012858,70.36468866412446,46.859268459938775,37.50536765220838,13.452663005409729,1430.2600000000448,1430.0100000000448,1430.790000000045,1428.039522600045,0.27440217713114534,89.05171148294151,0.000731448646604349
-127.19999999995503,1597170,89.07864334320894,11.871406853395845,133.26883311027527,70.38654715595021,46.894450886450166,37.47770434329435,13.443756516660818,1430.360000000045,1430.110000000045,1430.890000000045,1428.139522600045,0.2771908171425333,89.07838872600927,-0.0002546171996726798
-127.099999999955,1597668,89.10641819772343,11.88031604239214,133.32727633637134,70.40849378685591,46.929643979483224,37.44992948877986,13.434847327664523,1430.460000000045,1430.210000000045,1430.9900000000448,1428.239522600045,0.27468104113219177,89.10565752617705,-0.0007606715463737146
-126.99999999995498,1598155,89.13357955143539,11.889227984901085,133.38663211702715,70.42995565282193,46.964847949446494,37.4227681350679,13.425935385155578,1430.560000000045,1430.310000000045,1431.090000000045,1428.339522600045,0.2730078571253448,89.13355113811824,-2.8413317153308526e-05
-126.89999999995496,1598647,89.16101976914851,11.898142752619767,133.44556604922056,70.4516378664878,47.000063079557904,37.39532791735478,13.417020617436895,1430.6600000000449,1430.4100000000449,1431.190000000045,1428.4395226000452,0.2824892331644759,89.16162852670614,0.0006087575576287918
-126.79999999995493,1599168,89.1900773980683,11.90706031060643,133.50207397470334,70.47459809681285,47.03528923179048,37.36627028843499,13.408103059450232,1430.760000000045,1430.510000000045,1431.290000000045,1428.539522600045,0.2902974251966179,89.19022420054507,0.00014680247677745228
-126.69999999995491,1599688,89.21907925418785,11.91598079745988,133.55866141042424,70.49751425759793,47.07052695363747,37.33726843231544,13.399182572596782,1430.8600000000451,1430.6100000000451,1431.390000000045,1428.639522600045,0.28973969719431186,89.21921292781707,0.00013367362922167558
-126.59999999995489,1600207,89.24802533750717,11.924904153191997,133.61532771280784,70.52038634884302,47.10577600813368,37.308322348996114,13.390259216864665,1430.960000000045,1430.710000000045,1431.490000000045,1428.7395226000451,0.312048817286268,89.24902108298528,0.0009957454781073238
-126.49999999995487,1600807,89.28148901764511,11.933830601676481,133.6652281786871,70.54682807282579,47.14103727962539,37.27485866885817,13.381332768380181,1431.060000000045,1430.810000000045,1431.5900000000452,1428.8395226000453,0.31678950530590455,89.28055361601554,-0.0009354016295759493
-126.39999999995484,1601343,89.31138323856837,11.942760263915204,133.72047135373248,70.57044934625041,47.17631124609437,37.24496444793492,13.372403106141459,1431.160000000045,1430.910000000045,1431.690000000045,1428.9395226000452,0.29699016122429,89.31158007478886,0.00019683622049626592
-126.29999999995482,1601872,89.34088704988999,11.951692917691444,133.7762956284209,70.59376213289524,47.21159702973978,37.2154606366133,13.363470452365219,1431.2600000000452,1431.0100000000452,1431.790000000045,1429.039522600045,0.29057628919773537,89.3410060689054,0.00011901901541477855
-126.1999999999548,1602385,89.36949849640793,11.96062846512899,133.83345175210678,70.6163698069005,47.24689424393084,37.18684919009536,13.354534904927673,1431.3600000000451,1431.1100000000451,1431.8900000000451,1429.1395226000452,0.28499900917474635,89.36982555645741,0.0003270600494857945
-126.09999999995478,1602894,89.39788685172495,11.96956688280274,133.8909375190873,70.63880120274588,47.282202796133674,37.15846083477834,13.345596487253923,1431.460000000045,1431.210000000045,1431.9900000000453,1429.2395226000453,0.29197060920346485,89.39842252441636,0.0005356726914129695
-125.99999999995475,1603432,89.42789261824863,11.978508149633877,133.94599603020887,70.66251061525044,47.31752260308271,37.12845506825465,13.336655220422786,1431.5600000000452,1431.3100000000452,1432.0900000000452,1429.3395226000453,0.28304696116671085,89.42654115976224,-0.0013514584863969503
-125.89999999995473,1603909,89.4544962439583,11.987452191034695,134.00614496048118,70.68353178581675,47.35285337014147,37.101851442544984,13.327711179021968,1431.6600000000453,1431.4100000000453,1432.190000000045,1429.4395226000452,0.2766330891402983,89.45458897460198,9.273064367221195e-05
-125.79999999995471,1604424,89.4832192360767,11.996399067428802,134.06311451289682,70.70622759890196,47.38819533599538,37.07312845042658,13.31876430262786,1431.7600000000452,1431.5100000000452,1432.2900000000452,1429.5395226000453,0.2866721931818065,89.48313975683743,-7.94792392753152e-05
-125.69999999995468,1604937,89.51183068259468,12.005348818986068,134.12024675885075,70.72883527290726,47.42354865932353,37.04451700390861,13.309814551070595,1431.8600000000451,1431.6100000000451,1432.3900000000453,1429.6395226000454,0.29503811321618345,89.51240739847674,0.0005767158820617624
-125.59999999995466,1605482,89.54222685871996,12.0143015489085,134.17470137150718,70.75285317219158,47.45891374779466,37.01412082778333,13.300861821148162,1431.9600000000453,1431.7100000000453,1432.4900000000453,1429.7395226000453,0.29280720120688836,89.54166560042505,-0.0005612582949083844
-125.49999999995464,1605987,89.57039212283607,12.023257152106156,134.23249432265033,70.7751082898771,47.49429018628231,36.98595556366722,13.291906217950507,1432.0600000000454,1431.8100000000454,1432.5900000000452,1429.8395226000453,0.29085515319899496,89.57061209074492,0.0002199679088477069
-125.39999999995462,1606525,89.60039788935977,12.032215671326654,134.2875249972021,70.79881770238167,47.529678143648184,36.95594979714352,13.282947698730009,1432.1600000000453,1431.9100000000453,1432.6900000000453,1429.9395226000454,0.292528337205913,89.59958094051908,-0.0008169488406934988
-125.2999999999546,1607036,89.62889779027726,12.041177068294264,134.34480803802168,70.82133723730699,47.56507746869544,36.92744989622602,13.273986301762399,1432.2600000000452,1432.0100000000452,1432.7900000000454,1430.0395226000455,0.29754788922645387,89.62921789540596,0.0003201051286936263
-125.19999999995457,1607592,89.65990746720507,12.05014151490574,134.3983264684198,70.84583990153101,47.600488840450915,36.89644021929821,13.265021855150923,1432.3600000000454,1432.1100000000454,1432.8900000000453,1430.1395226000454,0.2886242411896288,89.65878315704465,-0.001124310160420805
-125.09999999995455,1608071,89.6866226385152,12.059108824925678,134.4582778362644,70.86694921117727,47.63591152324721,36.869725047988084,13.256054545130985,1432.4600000000455,1432.2100000000455,1432.9900000000453,1430.2395226000453,0.5557759542909382,89.68661229525203,-1.0343263170398131e-05
-124.99999999995453,1609585,89.77106265806329,12.068078837364794,134.4317253248069,70.93367049469381,47.671344881144186,36.78528502844,13.247084532691868,1432.5600000000454,1432.3100000000454,1433.0900000000454,1430.3395226000455,0.5772484823794708,89.74330119461007,-0.02776146345321706
-124.8999999999545,1610141,89.80207233499112,12.077057485164604,134.4852871558824,70.95817315891784,47.70681235045718,36.75427535151216,13.23810588489206,1432.6600000000453,1432.4100000000453,1433.1900000000455,1430.4395226000456,0.3061926732621615,89.8022590289816,0.00018669399047155366
-124.79999999995448,1610683,89.83230119271573,12.086039289170595,134.54001654975548,70.98205884958229,47.74229228742102,36.724046493787554,13.229124080886068,1432.7600000000455,1432.5100000000455,1433.2900000000454,1430.5395226000455,0.3006153932392435,89.83267432404095,0.0003731313252188784
-124.69999999995446,1611219,89.86219541363899,12.095024020029415,134.59524290894046,71.00568012300691,47.77778378604374,36.6941522728643,13.220139350027248,1432.8600000000456,1432.6100000000456,1433.3900000000453,1430.6395226000454,0.2994999372346315,89.86242521433044,0.00022980069145717152
-124.59999999995443,1611757,89.89220118016267,12.104011774213465,134.6502990838383,71.02938953551146,47.81328722741075,36.664146506340614,13.211151595843198,1432.9600000000455,1432.7100000000455,1433.4900000000455,1430.7395226000456,0.3075869932678199,89.89237754200761,0.0001763618449359683
-124.49999999995441,1612322,89.92371281229256,12.11300249553782,134.70309573207453,71.05428882559524,47.84880238958027,36.63263487421072,13.202160874518842,1433.0600000000454,1432.8100000000454,1433.5900000000456,1430.8395226000457,0.31483745729772694,89.92347720288991,-0.00023560940265099362
-124.39999999995439,1612886,89.95516867162223,12.121996469654047,134.7559751002737,71.07914404613905,47.884330400933585,36.601179014881055,13.193166900402616,1433.1600000000456,1432.9100000000456,1433.6900000000455,1430.9395226000456,0.2875087851851589,89.95382773165831,-0.0013409399639243702
-124.29999999995437,1613353,89.98121456932961,12.130993261084157,134.81695395139783,71.09972452130565,47.91986954124485,36.57513311717368,13.184170108972506,1433.2600000000457,1433.0100000000457,1433.7900000000454,1431.0395226000455,0.2668728491001208,89.98141384266773,0.00019927333812574943
-124.19999999995434,1613843,90.00854324144227,12.139992752422584,134.87600526827566,71.1213185958916,47.955419346738395,36.54780444506102,13.175170617634079,1433.3600000000456,1433.1100000000456,1433.8900000000456,1431.1395226000457,0.2797005931529458,90.00889490584768,0.00035166440541445354
-124.09999999995432,1614356,90.03715468796021,12.14899504006533,134.9331293527637,71.14392626989685,47.99098019819785,36.519192998543076,13.166168329991333,1433.4600000000455,1433.2100000000455,1433.9900000000457,1431.2395226000458,0.28276809716559337,90.03690226614479,-0.00025242181541784703
-123.9999999999543,1614857,90.0650968608754,12.158000132875816,134.9912514018213,71.16600510942247,48.02655213063554,36.49125082562789,13.157163237180846,1433.5600000000456,1433.3100000000456,1434.0900000000456,1431.3395226000457,0.3073081292667024,90.06633460455076,0.0012377436753610027
-123.89999999995428,1615458,90.09861631381357,12.167008306986245,135.0410117798984,71.19249090294521,48.06213623482933,36.45773137268972,13.148155063070417,1433.6600000000458,1433.4100000000458,1434.1900000000455,1431.4395226000456,0.30200971324490195,90.0970449291867,-0.0015713846268710085
-123.79999999995425,1615940,90.1254988035244,12.176019541861658,135.10071737195767,71.21373242121138,48.097732429661995,36.43084888297889,13.139143828195005,1433.7600000000457,1433.5100000000457,1434.2900000000457,1431.5395226000458,0.2880665131874649,90.1268548743951,0.001356070870699
-123.69999999995423,1616491,90.15622961645107,12.185033677961128,135.1546502088602,71.23801473773557,48.13334008491471,36.400118070052216,13.130129692095535,1433.8600000000456,1433.6100000000456,1434.3900000000458,1431.639522600046,0.31149108928396196,90.15650791980757,0.0002783033564952575
-123.5999999999542,1617057,90.1877970213812,12.194050843445623,135.20732567128488,71.2629580973593,48.16895970684912,36.368550665122086,13.12111252661104,1433.9600000000457,1433.7100000000457,1434.4900000000457,1431.7395226000458,0.30507721725754944,90.18742136962597,-0.00037565175523468497
-123.49999999995418,1617585,90.2172450599026,12.203071162235057,135.26317672560765,71.28622681446416,48.20459178497391,36.33910262660069,13.112092207821606,1434.0600000000459,1433.8100000000459,1434.5900000000456,1431.8395226000457,0.2964324332219129,90.21758319135866,0.0003381314560613191
-123.39999999995416,1618120,90.2470835080256,12.212094360083901,135.3184378417934,71.30980401834879,48.24023523596391,36.30926417847769,13.103069009972762,1434.1600000000458,1433.9100000000458,1434.6900000000458,1431.9395226000458,0.3028463052483965,90.24726103022425,0.00017752219865485586
-123.29999999995414,1618671,90.27781432095229,12.221120614441107,135.3723581631367,71.33408633487299,48.27589076077826,36.278533365551,13.094042755615556,1434.2600000000457,1434.0100000000457,1434.790000000046,1432.039522600046,0.2964324332219129,90.27743448312089,-0.0003798378314030515
-123.19999999995412,1619183,90.30636999466999,12.23014984698053,135.42953667279914,71.35664993933828,48.31155805001291,36.249977691833294,13.085013523076134,1434.3600000000458,1434.1100000000458,1434.8900000000458,1432.139522600046,0.29169174520234736,90.30686919217935,0.0004991975093560086
-123.0999999999541,1619717,90.33615266999277,12.239181988279546,135.4848709684431,71.38018307368296,48.34723682943449,36.220195016510516,13.075981381777117,1434.460000000046,1434.210000000046,1434.9900000000457,1432.2395226000458,0.28806651318739385,90.33570776773324,-0.00044490225953097706
-122.99999999995407,1620216,90.36398329730748,12.248216988534079,135.54312837489792,71.40217377412861,48.38292690230687,36.1923643891958,13.066946381522584,1434.5600000000459,1434.3100000000459,1435.0900000000458,1432.339522600046,0.2833258251678283,90.36419472364051,0.00021142633302417835
-122.89999999995405,1620733,90.39281783502635,12.257254827224278,135.59987530861892,71.42495772629378,48.41862818757248,36.16352985147694,13.057908542832385,1434.6600000000458,1434.4100000000458,1435.190000000046,1432.439522600046,0.294201521212831,90.39290701023438,8.917520803208845e-05
-122.79999999995403,1621271,90.42282360155006,12.26629556993613,135.65486103362355,71.44866713879836,48.4543409443092,36.13352408495322,13.048867800120533,1434.760000000046,1434.510000000046,1435.290000000046,1432.539522600046,0.2875087851851589,90.42182816331423,-0.000995438235833035
-122.699999999954,1621764,90.4503195920634,12.275339192856945,135.71360773759002,71.47039342200418,48.490065078452105,36.10602809443989,13.039824177199717,1434.860000000046,1434.610000000046,1435.3900000000458,1432.639522600046,0.2810949131586043,90.45055930382422,0.00023971176082682177
-122.59999999995398,1622279,90.4790425841818,12.284385681796898,135.7705091802612,71.49308923508941,48.52580053394853,36.07730510232149,13.030777688259764,1434.960000000046,1434.710000000046,1435.490000000046,1432.739522600046,0.28973969719431186,90.4792020109902,0.00015942680840907997
-122.49999999995396,1622803,90.50826753150227,12.293435033259147,135.82665284119264,71.51618167403437,48.56154729698523,36.04808015500102,13.021728336797516,1435.0600000000459,1434.8100000000459,1435.590000000046,1432.8395226000462,0.2902974251966179,90.5080453469485,-0.00022218455376332713
-122.39999999995393,1623320,90.53710206922113,12.302487290866292,135.88337830230407,71.53896562619951,48.59730553988029,36.01924561728215,13.01267607919037,1435.160000000046,1434.910000000046,1435.690000000046,1432.939522600046,0.2944803852138774,90.53730640696573,0.00020433774459149845
-122.29999999995391,1623859,90.56716360854506,12.311542494540545,135.93825845926065,71.56271910824404,48.63307542033448,35.98918407795823,13.003620875516118,1435.2600000000461,1435.0100000000461,1435.790000000046,1433.039522600046,0.3006153932392435,90.56693658811797,-0.0002270204270899967
-122.19999999995389,1624398,90.597225147869,12.32060067818392,135.993135088572,71.58647259028858,48.668857072267606,35.95912253863429,12.994562691872742,1435.360000000046,1435.110000000046,1435.890000000046,1433.1395226000461,0.30507721725754944,90.59731303186467,8.788399567549732e-05
-122.09999999995387,1624953,90.62817905199658,12.329661957146921,136.04666987817288,71.61093118497263,48.704650951337406,35.928168634506704,12.985501412909741,1435.460000000046,1435.210000000046,1435.9900000000462,1433.2395226000463,0.29949993723448937,90.62782100184208,-0.00035805015450307565
-121.99999999995384,1625472,90.65712513531591,12.338726242384293,136.10321553840762,71.63380327621775,48.74045670579718,35.89922255118738,12.97643712767237,1435.560000000046,1435.310000000046,1436.090000000046,1433.3395226000462,0.2866721931817354,90.657017295632,-0.00010783968390626342
-121.89999999995382,1625981,90.68551349063294,12.347793360606053,136.16059374115443,71.65623467206314,48.77627365111654,35.870834195870344,12.96737000945061,1435.6600000000462,1435.4100000000462,1436.190000000046,1433.439522600046,0.29838448122994843,90.68620546642462,0.000691975791681898
-121.7999999999538,1626542,90.71680203156191,12.356863483477582,136.21361431125428,71.68095768398702,48.81210246540836,35.839545654941375,12.95829988657908,1435.7600000000461,1435.5100000000461,1436.2900000000461,1433.5395226000462,0.308702449272503,90.71681630098949,1.4269427580870797e-05
-121.69999999995377,1627088,90.74725398048746,12.365936723866254,136.26788890521345,71.70501965281136,48.847943594521524,35.80909370601583,12.949226646190409,1435.860000000046,1435.610000000046,1436.3900000000463,1433.6395226000463,0.2925283372058419,90.74682858735042,-0.00042539313703571224
-121.59999999995375,1627591,90.7753076990031,12.375012849195056,136.32576041745503,71.72718663141691,48.88379611972994,35.78103998750019,12.940150520861607,1435.9600000000462,1435.7100000000462,1436.4900000000462,1433.7395226000463,0.29001856119542935,90.77584009214416,0.0005323931410714522
-121.49999999995373,1628128,90.80525769272656,12.384091891884687,136.3807802163932,71.75085197438149,48.91966016910191,35.75108999377673,12.931071478171976,1436.0600000000463,1435.8100000000463,1436.590000000046,1433.8395226000462,0.29503811321618345,90.80515906417286,-9.862855370101897e-05
-121.3999999999537,1628649,90.83431532164634,12.393173881007895,136.4371365284517,71.77381220470654,48.95553585748064,35.72203236485694,12.921989489048768,1436.1600000000462,1435.9100000000462,1436.6900000000462,1433.9395226000463,0.29671129722310147,90.83470349199824,0.00038817035189708804
-121.29999999995368,1629192,90.86459995217119,12.402258832583092,136.49164624189535,71.79774196491095,48.9914232481421,35.6917477343321,12.91290453747357,1436.2600000000461,1436.0100000000461,1436.7900000000463,1434.0395226000464,0.2978267532276424,90.86455672270611,-4.322946507784309e-05
-121.19999999995366,1629717,90.89388067229189,12.41134679235244,136.54766086069333,71.82087847339588,49.02732252177703,35.6624670142114,12.903816577704223,1436.3600000000463,1436.1100000000463,1436.8900000000463,1434.1395226000463,0.3036828972517489,90.894465428107,0.0005847558151117482
-121.09999999995364,1630281,90.92533653162155,12.420437725668716,136.60040423770332,71.84573369393969,49.06323354152194,35.63101115488173,12.894725644387947,1436.4600000000464,1436.2100000000464,1436.9900000000462,1434.2395226000463,0.30173084924378446,90.92493273387596,-0.00040379774559085035
-120.99999999995362,1630799,90.95422684214066,12.42953177889922,136.65700001465356,71.86856171564482,49.099156885557164,35.60212084436263,12.885631591157443,1436.5600000000463,1436.3100000000463,1437.0900000000463,1434.3395226000464,0.2866721931817354,90.95450272224049,0.00027588009983503525
-120.8999999999536,1631309,90.98267097025791,12.438628626213168,136.71426100778396,71.89103718103019,49.135091266785395,35.57367671624537,12.876534743843495,1436.6600000000462,1436.4100000000462,1437.1900000000464,1434.4395226000465,0.28778764918627636,90.98277194975458,0.00010097949666487693
-120.79999999995357,1631831,91.01178437197792,12.447728333289175,136.7705118538668,71.9140414808952,49.17103694465044,35.54456331452536,12.867435036767487,1436.7600000000464,1436.5100000000464,1437.2900000000463,1434.5395226000464,0.2908551531989239,91.01169559010236,-8.878187556149442e-05
-120.69999999995355,1632352,91.04084200089771,12.456830965331193,136.82684267362512,71.93700171122025,49.20699417672101,35.515505685605575,12.85833240472547,1436.8600000000465,1436.6100000000465,1437.3900000000463,1434.6395226000463,0.2886242411897709,91.04058206343073,-0.0002599374669784993
-120.59999999995352,1632866,91.06950922021589,12.465936449701864,136.8837556767533,71.9596534547655,49.242962676064934,35.486838466287395,12.849226920354798,1436.9600000000464,1436.7100000000464,1437.4900000000464,1434.7395226000465,0.29252833720577087,91.06958451627837,7.529606247658194e-05
-120.4999999999535,1633401,91.09934766833888,12.475044882234453,136.93890463026983,71.98323065865013,49.278942821242914,35.45700001816441,12.84011848782221,1437.0600000000463,1436.8100000000463,1437.5900000000465,1434.8395226000466,0.2964324332218419,91.0992863459862,-6.132235267841679e-05
-120.39999999995348,1633929,91.12879570686027,12.484156306971066,136.9946372069882,72.00649937575497,49.31493478623015,35.42755197964301,12.831007063085597,1437.1600000000465,1436.9100000000465,1437.6900000000464,1434.9395226000465,0.29671129722310147,91.12873334715661,-6.23597036621959e-05
-120.29999999995346,1634465,91.15868992778351,12.493270628903888,137.04969475538905,72.03012064917958,49.35093819572662,35.397657758719774,12.821892741152775,1437.2600000000466,1437.0100000000466,1437.7900000000463,1435.0395226000464,0.2936437932104539,91.15809678674596,-0.0005931410375552559
-120.19999999995343,1634982,91.18752446550238,12.502387926328419,137.10634211874304,72.05290460134474,49.38695335901534,35.36882322100091,12.812775443728244,1437.3600000000465,1437.1100000000465,1437.8900000000465,1435.1395226000466,0.300894257240361,91.18821328754821,0.0006888220458307615
-120.09999999995341,1635544,91.2188687792316,12.511508271561402,137.1592132088573,72.07767168280861,49.42298056176201,35.33747890727169,12.80365509849526,1437.4600000000464,1437.2100000000464,1437.9900000000466,1435.2395226000467,0.7091511549231719,91.21789726191055,-0.0009715173210480543
-119.99999999995339,1637525,91.32935469648704,12.520631505780806,137.09317828194847,72.16497344149174,49.4590191765876,35.22699299001624,12.794531864275857,1437.5600000000466,1437.3100000000466,1438.0900000000465,1435.3395226000466,0.6977177308760053,91.2884709752481,-0.04088372123894146
-119.89999999995337,1638046,91.35841232540683,12.529765965756456,137.14955904801687,72.18793367181678,49.49510213541399,35.197935361096455,12.785397404300207,1437.6600000000467,1437.4100000000467,1438.1900000000464,1435.4395226000465,0.28276809716559337,91.35839277146911,-1.9553937718796988e-05
-119.79999999995334,1638539,91.38590831592018,12.538903184335105,137.2082787751941,72.20965995502263,49.53119599127848,35.17043937058311,12.776260185721558,1437.7600000000466,1437.5100000000466,1438.2900000000466,1435.5395226000467,0.26519966509313175,91.38533303614818,-0.0005752797719935643
-119.69999999995332,1638997,91.41145225842547,12.54804303236369,137.26992321366524,72.22984380432948,49.567300234000435,35.14489542807782,12.767120337692972,1437.8600000000465,1437.6100000000465,1438.3900000000467,1435.6395226000468,0.2744021771310743,91.41237568853025,0.0009234301047769122
-119.5999999999533,1639523,91.4407887513464,12.557185659472815,137.3258677111741,72.25302438235438,49.603415454650914,35.11555893515688,12.757977710583848,1437.9600000000466,1437.7100000000466,1438.4900000000466,1435.7395226000467,0.2897396971943829,91.44044324437085,-0.00034550697554891485
-119.49999999995327,1640036,91.46940019786436,12.566331121012569,137.38289628913483,72.27563205635967,49.63954187187394,35.08694748863893,12.748832249044094,1438.0600000000468,1437.8100000000468,1438.5900000000465,1435.8395226000466,0.28081604915755787,91.46883121484927,-0.0005689830150856778
-119.39999999995325,1640530,91.49695196117793,12.575479425715788,137.44151205224358,72.29740240910547,49.675679520165936,35.05939572532536,12.739683944340875,1438.1600000000467,1437.9100000000467,1438.6900000000467,1435.9395226000468,0.28304696116671085,91.49752097767043,0.0005690164925056251
-119.29999999995323,1641051,91.52600959009771,12.584630625208106,137.4978618817623,72.32036263943051,49.71182860345861,35.03033809640557,12.730532744848556,1438.2600000000466,1438.0100000000466,1438.7900000000468,1436.039522600047,0.2760753611379923,91.52545817019666,-0.0005514199010576704
-119.1999999999532,1641520,91.55216703340554,12.593784517349832,137.55856278917585,72.34103125367704,49.747988323259406,35.00418065309775,12.721378852706831,1438.3600000000467,1438.1100000000467,1438.8900000000467,1436.1395226000468,0.2780274091460278,91.5528456796411,0.0006786462355563572
-119.09999999995318,1642048,91.58161507192693,12.602941194344039,137.61431466835197,72.3642999707819,49.78415904378906,34.974732614576354,12.712222175712624,1438.4600000000469,1438.2100000000469,1438.9900000000466,1436.2395226000467,0.28137377715986384,91.58081250408678,-0.0008025678401537562
-118.99999999995316,1642529,91.60844178883752,12.612100679850654,137.674000709697,72.38549741950808,49.820340858509034,34.94790589766576,12.703062690206009,1438.5600000000468,1438.3100000000468,1439.0900000000468,1436.3395226000468,0.2810949131587464,91.60911357504764,0.0006717862101197625
-118.89999999995314,1643056,91.6378340545587,12.621263017059054,137.72982684798828,72.40872206707297,49.85653393802611,34.91851363194459,12.693900352997609,1438.6600000000467,1438.4100000000467,1439.190000000047,1436.439522600047,0.27858513714833383,91.63722275119389,-0.0006113033648063038
-118.79999999995312,1643528,91.6641588162672,12.630428124400897,137.7902583464218,72.42952288993942,49.892737960128855,34.89218887023608,12.684735245655766,1438.7600000000468,1438.5100000000468,1439.2900000000468,1436.539522600047,0.28416241717132285,91.66536567549618,0.0012068592289722346
-118.69999999995309,1644075,91.69466653799297,12.639596090194155,137.84439779773928,72.45362892830371,49.92895327369109,34.861681148510314,12.675567279862507,1438.860000000047,1438.610000000047,1439.3900000000467,1436.6395226000468,0.2919706092035359,91.69424238875497,-0.00042414923800038196
-118.59999999995307,1644575,91.72255293810792,12.64876697287865,137.90247401218457,72.47566369828937,49.96518010956189,34.83379474839536,12.666396397178012,1438.9600000000469,1438.7100000000469,1439.4900000000468,1436.739522600047,0.27914286515063985,91.7226233037373,7.036562936946211e-05
-118.49999999995305,1645076,91.75049511102311,12.657940614854908,137.96046113471223,72.49774253781499,50.001417845191554,34.80585257548017,12.657222755201754,1439.0600000000468,1438.8100000000468,1439.590000000047,1436.839522600047,0.26826716910577925,91.74990794883075,-0.0005871621923603243
-118.39999999995302,1645537,91.77620637192909,12.66711695446842,138.02179731785927,72.51805859574173,50.03766623703233,34.780141314574195,12.648046415588242,1439.160000000047,1438.910000000047,1439.690000000047,1436.939522600047,0.26882489710808527,91.77675181040019,0.0005454384710930071
-118.299999999953,1646040,91.80426009044474,12.676295965216992,138.0796049413003,72.5402255743473,50.07392518039522,34.752087596058544,12.63886740483967,1439.260000000047,1439.010000000047,1439.7900000000468,1437.039522600047,0.27356558512772183,91.80380599102777,-0.0004540994169701662
-118.19999999995298,1646518,91.83091948895465,12.68547771566663,138.13950449654848,72.56129081445357,50.11019494612977,34.72542819754864,12.629685654390032,1439.360000000047,1439.110000000047,1439.890000000047,1437.139522600047,0.2657573930955088,91.83100374478003,8.425582538507115e-05
-118.09999999995296,1646993,91.85741156906386,12.694662165965953,138.19965040514288,72.58222384593995,50.146475376815,34.69893611743943,12.62050120409071,1439.4600000000469,1439.2100000000469,1439.990000000047,1437.2395226000472,0.2657573930954377,91.85760491933891,0.00019335027505462676
-117.99999999995293,1647471,91.88407096757375,12.703849236650504,138.2595383821614,72.60328908604622,50.18276615855025,34.67227671892954,12.61131413340616,1439.560000000047,1439.310000000047,1440.090000000047,1437.339522600047,0.27217126512185025,91.88417236537774,0.00010139780398787934
-117.89999999995291,1647969,91.91184582208824,12.713039000439032,138.3177422532389,72.62523571695192,50.21906757858927,34.64450186441505,12.60212436961763,1439.6600000000471,1439.4100000000471,1440.190000000047,1437.439522600047,0.2797005931529458,91.91200522361852,0.0001594015302828211
-117.79999999995289,1648474,91.94001108620435,12.72223163769523,138.37535461864013,72.64749083463744,50.25538034940501,34.616336600298936,12.592931732361432,1439.760000000047,1439.510000000047,1440.290000000047,1437.5395226000471,0.27746968114379283,91.9401815698866,0.0001704836822540301
-117.69999999995287,1648964,91.96733975831701,12.731427036753013,138.43422099856548,72.66908490922336,50.291704029893914,34.58900792818628,12.58373633330365,1439.860000000047,1439.610000000047,1440.3900000000472,1437.6395226000473,0.27942172915182834,91.96769566967033,0.0003559113533242453
-117.59999999995284,1649476,91.99589543203473,12.74062517682917,138.49123503821716,72.69164851368866,50.3280385379581,34.56045225446856,12.574538193227493,1439.960000000047,1439.710000000047,1440.490000000047,1437.7395226000472,0.2894608331931944,91.99607755804846,0.00018212601372624704
-117.49999999995282,1650002,92.02523192495566,12.749826252264628,138.54707003250806,72.71482909171357,50.36438464128343,34.531115761547625,12.565337117792035,1440.0600000000472,1439.8100000000472,1440.590000000047,1437.839522600047,0.2844412811725114,92.0251869944941,-4.4930461555736656e-05
-117.3999999999528,1650496,92.05278368826924,12.759030214228073,138.60558804430832,72.73659944445939,50.40074214697638,34.50356399823404,12.55613315582859,1440.1600000000471,1439.9100000000471,1440.6900000000471,1437.9395226000472,0.2744021771310743,92.05343922800874,0.0006555397394976126
-117.29999999995277,1650986,92.08011236038189,12.768236940110233,138.66443700826605,72.7581935190453,50.43711057070556,34.4762353261214,12.54692642994643,1440.260000000047,1440.010000000047,1440.7900000000473,1438.0395226000473,0.26603625709662626,92.07995458207459,-0.00015777830729746256
-117.19999999995275,1651450,92.10599093968858,12.777446205144491,138.72546264130875,72.778641785592,50.473489024597555,34.450356746814705,12.537717164912172,1440.3600000000472,1440.1100000000472,1440.8900000000472,1438.1395226000473,0.2671517131012383,92.1062459135164,0.0002549738278219138
-117.09999999995273,1651944,92.13354270300215,12.786658189292941,138.7839630840147,72.80041213833782,50.509878219538905,34.42280498350114,12.528505180763721,1440.4600000000473,1440.2100000000473,1440.990000000047,1438.2395226000472,0.28499900917474635,92.13406705654685,0.0005243535447050363
-116.9999999999527,1652472,92.16299074152354,12.795873018555806,138.83960270389417,72.82368085544266,50.54627865325589,34.39335694497974,12.519290351500857,1440.5600000000472,1440.3100000000472,1441.0900000000472,1438.3395226000473,0.2861144651794294,92.16255032043314,-0.000440421090402765
-116.89999999995268,1652970,92.19076559603805,12.80509069935703,138.89775853979174,72.84562748634838,50.582690351124405,34.36558209046524,12.510072670699632,1440.6600000000471,1440.4100000000471,1441.1900000000473,1438.4395226000474,0.2769119531414158,92.19046232879641,-0.00030326724163387553
-116.79999999995266,1653465,92.21837313215184,12.814311111021569,138.95616107495474,72.86744190863415,50.61911283645367,34.33797455435145,12.500852259035094,1440.7600000000473,1440.5100000000473,1441.2900000000473,1438.5395226000473,0.2730078571253448,92.21801112228327,-0.00036200986856727013
-116.69999999995264,1653949,92.24536716746313,12.823534301581493,139.0154833283012,72.88877156598026,50.655546298980056,34.31098051904016,12.49162906847517,1440.8600000000474,1440.6100000000474,1441.3900000000472,1438.6395226000473,0.2657573930955088,92.24506013531658,-0.00030703214655147804
-116.59999999995262,1654418,92.27152461077095,12.832760123048637,139.07606032501445,72.9094401802268,50.691990154120475,34.284823075732334,12.482403247008026,1440.9600000000473,1440.7100000000473,1441.4900000000473,1438.7395226000474,0.25990124907126017,92.27149126977287,-3.334099808682822e-05
-116.49999999995259,1654881,92.2973474172774,12.841988599835451,139.13713621450754,72.92984437723351,50.72844449830903,34.25900026922589,12.473174770221211,1441.0600000000472,1440.8100000000472,1441.5900000000474,1438.8395226000475,0.2710558091173093,92.2979775414996,0.0006301242222122028
-116.39999999995257,1655390,92.32573577259443,12.85121971855694,139.19433851261698,72.9522757730789,50.76490927867228,34.23061191390886,12.463943651499722,1441.1600000000474,1440.9100000000474,1441.6900000000473,1438.9395226000474,0.2702192171138858,92.3249388964695,-0.0007968761249230738
-116.29999999995255,1655850,92.35139126070018,12.86045358761475,139.25565616343314,72.97254776146569,50.80138492341859,34.204956425803104,12.454709782441913,1441.2600000000475,1441.0100000000475,1441.7900000000473,1439.0395226000473,0.26994035311269726,92.35191464095524,0.0005233802550606015
-116.19999999995252,1656358,92.37972384321698,12.869690101485135,139.31293108568974,72.9949350877711,50.83787101570788,34.17662384328631,12.445473268571527,1441.3600000000474,1441.1100000000474,1441.8900000000474,1439.1395226000475,0.28025832115525184,92.37955214943841,-0.0001716937785687378
-116.0999999999525,1656855,92.40744292493125,12.878929498044641,139.37112737235958,73.01683764913683,50.874368495200486,34.14890476157204,12.436233872012021,1441.4600000000473,1441.2100000000473,1441.9900000000475,1439.2395226000476,0.28025832115525184,92.4079427440819,0.0004998191506473404
-115.99999999995248,1657363,92.43577550744804,12.888171690033957,139.42839359848816,73.03922497544225,50.910877017204534,34.120572179055245,12.426991680022706,1441.5600000000475,1441.3100000000475,1442.0900000000474,1439.3395226000475,0.27245012912310984,92.43560943011006,-0.0001660773379796865
-115.89999999995246,1657832,92.46193295075588,12.897416619930667,139.4889356985396,73.05989358968878,50.947396354494856,34.09441473574741,12.417746750125996,1441.6600000000476,1441.4100000000476,1442.1900000000473,1439.4395226000474,0.2657573930954377,92.46227215257649,0.00033920182060853676
-115.79999999995243,1658316,92.48892698606714,12.906664144464475,139.54820933763003,73.0812232470349,50.98392594112493,34.067420700436145,12.408499225592188,1441.7600000000475,1441.5100000000475,1442.2900000000475,1439.5395226000476,0.27384444912876826,92.48901602729063,8.90412234895166e-05
-115.69999999995241,1658814,92.51670184058165,12.91591442313613,139.60629990238883,73.1031698779406,51.020466407154856,34.03964584592164,12.399248946920533,1441.8600000000474,1441.6100000000474,1442.3900000000476,1439.6395226000477,0.26938262511046235,92.51666469611052,-3.714447112201924e-05
-115.59999999995239,1659282,92.54280351108925,12.925167477403702,139.66691073774203,73.12379442264717,51.05701783734833,34.01354417541404,12.38999589265296,1441.9600000000476,1441.7100000000476,1442.4900000000475,1439.7395226000476,0.2568337450586837,92.54273637495031,-6.71361389379399e-05
-115.49999999995237,1659735,92.5680685895934,12.934422970411124,139.7287765369367,73.14375792425416,51.093578901055984,33.98827909690989,12.38074039964554,1442.0600000000477,1441.8100000000477,1442.5900000000474,1439.8395226000475,0.25404510504715366,92.5679583352729,-0.0001102543204893891
-115.39999999995234,1660193,92.59361253209869,12.943681069070761,139.79021570827769,73.163941773561,51.1301502576153,33.9627351544046,12.371482300985901,1442.1600000000476,1441.9100000000476,1442.6900000000476,1439.9395226000477,0.2760753611379923,92.59485167529132,0.0012391431926346286
-115.29999999995232,1660725,92.623283661821,12.952941940746186,139.84541930125226,73.18738676882573,51.166732568146145,33.93306402468228,12.362221429310477,1442.2600000000475,1442.0100000000475,1442.7900000000477,1440.0395226000478,0.29113401720011245,92.62300707024846,-0.00027659157254333877
-115.1999999999523,1661237,92.65183933553872,12.962205670484815,139.90230267898056,73.20995037329104,51.20332616860297,33.90450835096456,12.352957699571848,1442.3600000000476,1442.1100000000476,1442.8900000000476,1440.1395226000477,0.2810949131587464,92.65132098019134,-0.0005183553473813163
-115.09999999995227,1661733,92.67950264445277,12.971472204942229,139.96052886369932,73.23180886511682,51.23993084826454,33.87684504205052,12.343691165114434,1442.4600000000478,1442.2100000000478,1442.9900000000475,1440.2395226000476,0.619078082551924,92.6792762571102,-0.0002263873425647489
-114.99999999995225,1663457,92.77565495204914,12.98074152573624,139.91538547957762,73.30778475202732,51.27654653451753,33.78069273445415,12.334421844320422,1442.5600000000477,1442.3100000000477,1443.0900000000477,1440.3395226000478,0.6148951225346645,92.7411699408247,-0.03448501122443304
-114.89999999995223,1663938,92.80248166895973,12.990020438930397,139.97492529637015,73.32898220075352,51.31320011268535,33.75386601754356,12.325142931126265,1442.6600000000476,1442.4100000000476,1443.1900000000478,1440.439522600048,0.26715171310116725,92.80218244794632,-0.00029922101340673635
-114.7999999999522,1664415,92.82908529466938,12.999301962225834,140.0347953549458,73.35000337131981,51.349864001279556,33.727262391833904,12.315861407830829,1442.7600000000477,1442.5100000000477,1443.2900000000477,1440.5395226000478,0.26715171310116725,92.82904992644653,-3.5368222853549014e-05
-114.69999999995218,1664896,92.85591201157997,13.008586248915691,140.09432428269514,73.371200820046,51.38653880583893,33.70043567492331,12.306577121140972,1442.8600000000479,1442.6100000000479,1443.3900000000476,1440.6395226000477,0.2816526411609813,92.85677408328118,0.000862071701206446
-114.59999999995216,1665425,92.88541582290159,13.017873317042495,140.14980932919332,73.39451360669082,51.42322459763513,33.670931863601695,12.297290053014168,1442.9600000000478,1442.7100000000478,1443.4900000000478,1440.7395226000478,0.28081604915755787,92.88468657377669,-0.0007292491249017985
-114.49999999995214,1665903,92.9120752214115,13.027163186230451,140.2095815337935,73.4155788467971,51.459921454187686,33.64427246509179,12.288000183826211,1443.0600000000477,1442.8100000000477,1443.590000000048,1440.839522600048,0.2657573930955088,92.91212879915908,5.357774757897005e-05
-114.39999999995212,1666378,92.9385673015207,13.03645574280233,140.26960089139465,73.43651187828347,51.496628926448636,33.61778038498258,12.278707627254333,1443.1600000000478,1442.9100000000478,1443.6900000000478,1440.939522600048,0.2696614891115798,92.93901340848312,0.00044610696241420555
-114.29999999995209,1666870,92.96600751923383,13.045750988912152,140.32818378495068,73.45819409194934,51.533347022926804,33.59034016726946,12.26941238114451,1443.260000000048,1443.010000000048,1443.7900000000477,1441.0395226000478,0.26882489710808527,92.96567369401306,-0.0003338252207640835
-114.19999999995207,1667342,92.99233228094234,13.055048877541138,140.38844448056298,73.47899491481579,51.570075557888515,33.56401540556095,12.260114492515525,1443.3600000000479,1443.1100000000479,1443.8900000000478,1441.139522600048,0.2774696811436507,92.99316469270411,0.0008324117617775073
-114.09999999995205,1667865,93.02150145546257,13.064349621850697,140.44440712565503,73.50204328422076,51.60681537336433,33.53484623104072,12.250813748205966,1443.4600000000478,1443.2100000000478,1443.990000000048,1441.239522600048,0.27523876913456885,93.02068435044634,-0.0008171050162246729
-113.99999999995202,1668329,93.04738003476926,13.073653014411232,140.50533190215526,73.52249155076746,51.6435656499655,33.508967651734025,12.241510355645431,1443.560000000048,1443.310000000048,1444.090000000048,1441.339522600048,0.2702192171138858,93.0477726112956,0.00039257652633750695
-113.899999999952,1668834,93.07554529888536,13.08295917637296,140.5627991150715,73.54474666845294,51.680326866259826,33.48080238761793,12.232204193683703,1443.660000000048,1443.410000000048,1444.1900000000478,1441.439522600048,0.2693826251103913,93.07473429824016,-0.0008110006452000107
-113.79999999995198,1669295,93.10125655979135,13.092267961270883,140.62396626046382,73.56506272637971,51.717098443681024,33.455091126711935,12.22289540878578,1443.760000000048,1443.510000000048,1444.290000000048,1441.539522600048,0.26715171310130936,93.10158544935504,0.00032888956368992694
-113.69999999995196,1669792,93.12897564150563,13.101579493462836,140.68209602021795,73.58696528774547,51.75388087346762,33.427372044997654,12.213583876593827,1443.8600000000479,1443.6100000000479,1444.390000000048,1441.6395226000482,0.2724501291230388,93.1288780085076,-9.763299803466907e-05
-113.59999999995193,1670272,93.15574658561597,13.110893736872589,140.74165274197932,73.60811866693167,51.79067401311122,33.400601100887314,12.204269633184074,1443.960000000048,1443.710000000048,1444.490000000048,1441.739522600048,0.2585069290655307,93.15531768702996,-0.0004288985860085859
-113.49999999995191,1670719,93.18067702731875,13.120210557000245,140.80398399717205,73.62781775129883,51.82747733131014,33.375670659184536,12.194952813056418,1444.0600000000481,1443.8100000000481,1444.590000000048,1441.839522600048,0.26464193709096784,93.1816392671014,0.0009622397826518636
-113.39999999995189,1671221,93.20867497303418,13.129530064726014,140.86167482291177,73.64994066036444,51.86429126606354,33.34767271346911,12.185633305330649,1444.160000000048,1443.910000000048,1444.690000000048,1441.9395226000481,0.2816526411609813,93.20901024847144,0.00033527543726563636
-113.29999999995186,1671729,93.23700755555096,13.138852359049945,140.91885511471148,73.67232798666984,51.901116208441586,33.31934013095233,12.176311011006717,1444.260000000048,1444.010000000048,1444.7900000000482,1442.0395226000483,0.2724501291230388,93.23646395768873,-0.000543597862233014
-113.19999999995184,1672198,93.2631649988588,13.148177357517556,140.97931758672829,73.69299660091639,51.937951832732445,33.29318268764449,12.166986012539107,1444.360000000048,1444.110000000048,1444.890000000048,1442.1395226000482,0.2679883051047328,93.26356531658047,0.00040031772167026247
-113.09999999995182,1672690,93.29060521657192,13.157505072113265,141.03783592751307,73.71467881458227,51.974798186276985,33.26574246993137,12.157658297943398,1444.4600000000482,1444.2100000000482,1444.990000000048,1442.239522600048,0.26129556907706075,93.29004897200018,-0.0005562445717401943
-112.9999999999518,1673135,93.31542411267422,13.16683536731196,141.100311041973,73.7342897598695,52.01165473372368,33.240923573829065,12.148328002744703,1444.5600000000481,1444.3100000000481,1445.0900000000481,1442.3395226000482,0.25794920106322466,93.31611336947996,0.0006892568057423887
-112.89999999995177,1673615,93.34219505678458,13.176168294787164,141.15982902235655,73.7554431390557,52.048521679193385,33.21415262971871,12.138995075269499,1444.660000000048,1444.410000000048,1445.1900000000483,1442.4395226000483,0.2727289931242273,93.34277001292928,0.0005749561447032647
-112.79999999995175,1674113,93.36996991129908,13.18550392131455,141.21782339483136,73.77738976996142,52.085399286463456,33.18637777520421,12.129659448742112,1444.7600000000482,1444.5100000000482,1445.2900000000482,1442.5395226000483,0.2746810411322628,93.36976790514805,-0.00020200615102794472
-112.69999999995173,1674600,93.39713126501104,13.194842248368198,141.27674019160506,73.79885163592743,52.1222875613568,33.159216421492246,12.120321121688464,1444.8600000000483,1444.6100000000483,1445.390000000048,1442.6395226000482,0.2716135371195442,93.39671792463074,-0.00041334038030527154
-112.5999999999517,1675087,93.424292618723,13.20418326489948,141.33565151825675,73.82031350189344,52.15918646022913,33.132055067780286,12.110980105157182,1444.9600000000482,1444.7100000000482,1445.4900000000482,1442.7395226000483,0.2730078571253448,93.42400784851328,-0.0002847702097170668
-112.49999999995168,1675579,93.45173283643612,13.213527049937905,141.39413629777073,73.84199571555934,52.19609629526293,33.104614850067165,12.101636320118757,1445.0600000000481,1444.8100000000481,1445.5900000000483,1442.8395226000484,0.2651996650932028,93.45110698201701,-0.0006258544191126703
-112.39999999995166,1676038,93.47733255174165,13.222873486295889,141.45540020599915,73.86222363440615,52.23301660354362,33.07901513476163,12.092289883760774,1445.1600000000483,1444.9100000000483,1445.6900000000483,1442.9395226000483,0.2691037611092738,93.47775956510907,0.00042701336741401974
-112.29999999995164,1676544,93.50555358865799,13.232222601850932,141.51269196331427,73.88452282163162,52.26994749519293,33.0507940978453,12.08294076820573,1445.2600000000484,1445.0100000000484,1445.7900000000482,1443.0395226000483,0.2665939850989323,93.5048239522772,-0.0007296363807824946
-112.19999999995161,1676994,93.53065134876145,13.241574451086349,141.57470583317706,73.90435411461871,52.30688918543096,33.025696337741834,12.073588918970314,1445.3600000000483,1445.1100000000483,1445.8900000000483,1443.1395226000484,0.2506987370333887,93.53081011453162,0.00015876577016626925
-112.09999999995159,1677443,93.55569333606468,13.250928763873842,141.63679719923317,73.92414133806582,52.343840607196455,33.00065435043861,12.06423460618282,1445.4600000000482,1445.2100000000482,1445.9900000000484,1443.2395226000485,0.24958328102884772,93.55573320262612,3.9866561436952e-05
-111.99999999995157,1677889,93.58056800496723,13.260285597726877,141.69913562635168,73.94379635289302,52.3808019876792,32.97577968153605,12.054877772329785,1445.5600000000484,1445.3100000000484,1446.0900000000483,1443.3395226000484,0.26241102508167274,93.58126546624281,0.0006974612755783482
-111.89999999995155,1678384,93.60817554108102,13.269645016967095,141.75732985142477,73.9656107751788,52.417773580962645,32.94817214542226,12.045518353089568,1445.6600000000485,1445.4100000000485,1446.1900000000483,1443.4395226000483,0.26882489710808527,93.60765837088965,-0.0005171701913724291
-111.79999999995152,1678853,93.63433298438886,13.279007129401059,141.81771478646615,73.98627938942535,52.454755812904466,32.922014702114424,12.036156240655604,1445.7600000000484,1445.5100000000484,1446.2900000000484,1443.5395226000485,0.27105580911738036,93.63474371747233,0.00041073308346994963
-111.6999999999515,1679356,93.66238670290451,13.288371965710594,141.87522263190968,74.00844636803092,52.491748804704045,32.893960983598774,12.026791404346069,1445.8600000000483,1445.6100000000483,1446.3900000000485,1443.6395226000486,0.27021921711381475,93.6620592273235,-0.0003274755810167562
-111.59999999995148,1679822,93.68837682781164,13.297739541246528,141.93585150574472,74.02898277365753,52.52875261700025,32.86797085869165,12.017423828810134,1445.9600000000485,1445.7100000000485,1446.4900000000484,1443.7395226000485,0.2660362570965552,93.68873240726005,0.0003555794484100261
-111.49999999995146,1680310,93.71559395432384,13.30710971219205,141.9946153110636,74.0504887091635,52.565766681687684,32.84075373217945,12.008053657864613,1446.0600000000486,1445.8100000000486,1446.5900000000483,1443.8395226000484,0.26519966509313175,93.71513037065286,-0.00046358367097809605
-111.39999999995143,1680773,93.74141676083028,13.316482567320664,142.05548654439514,74.07089290617022,52.60279134943958,32.81493092567301,11.998680802735999,1446.1600000000485,1445.9100000000485,1446.6900000000485,1443.9395226000486,0.2621321610804842,93.74181630589788,0.00039954506760864206
-111.29999999995141,1681250,93.76802038653994,13.325858075453233,142.11516912183967,74.09191407673651,52.63982649709207,32.78832729996334,11.98930529460343,1446.2600000000484,1446.0100000000484,1446.7900000000486,1444.0395226000487,0.26770944110361533,93.76835395263384,0.00033356609390011727
-111.19999999995139,1681733,93.79495864905101,13.335236238111195,142.17433890031484,74.11319966454266,52.676872130655134,32.761389037452275,11.979927131945468,1446.3600000000486,1446.1100000000486,1446.8900000000485,1444.1395226000486,0.26018011307251976,93.79448294057197,-0.0004757084790441013
-111.09999999995136,1682183,93.82005640915446,13.344616972041353,142.23629235357458,74.13303095752974,52.713927921261856,32.736291277348826,11.97054639801531,1446.4600000000487,1446.2100000000487,1446.9900000000484,1444.2395226000485,0.26603625709662626,93.82106064033592,0.0010042311814544291
-110.99999999995134,1682687,93.84816590047035,13.354000450239266,142.2936753436578,74.15524200567528,52.75099455227958,32.70818178603294,11.961162919817397,1446.5600000000486,1446.3100000000486,1447.0900000000486,1444.3395226000487,0.27635422513918084,93.84824659270319,8.069223284223881e-05
-110.89999999995132,1683174,93.87532725418231,13.363386621359897,142.35249039586742,74.1767038716413,52.78807182088506,32.68102043232098,11.951776748696766,1446.6600000000485,1446.4100000000485,1447.1900000000487,1444.4395226000488,0.25990124907126017,93.87444567598007,-0.0008815782022395524
-110.7999999999513,1683619,93.90014615028461,13.372775339374465,142.41485117575542,74.19631481692852,52.82515915023516,32.656201536218674,11.942388030682197,1446.7600000000486,1446.5100000000486,1447.2900000000486,1444.5395226000487,0.2506987370333887,93.90000203092907,-0.00014411935553937383
-110.69999999995127,1684073,93.925467001589,13.382166621766087,142.47644487665622,74.2163223880755,52.86225660939171,32.63088068491429,11.932996748290575,1446.8600000000488,1446.6100000000488,1447.3900000000485,1444.6395226000486,0.25711260905987227,93.92569749409314,0.00023049250414430844
-110.59999999995125,1684541,93.9515686720966,13.39156047887329,142.53684816707644,74.23694693278206,52.899364239193986,32.60477901440669,11.923602891183373,1446.9600000000487,1446.7100000000487,1447.4900000000487,1444.7395226000488,0.2691037611092738,93.95206947295857,0.000500800861971129
-110.49999999995123,1685038,93.97928775381087,13.400957035660683,142.59479249051103,74.25884949414778,52.9364825332774,32.57705993269242,11.91420633439598,1447.0600000000486,1446.8100000000486,1447.5900000000488,1444.839522600049,0.26129556907706075,93.97872730147037,-0.0005604523404940664
-110.3999999999512,1685478,94.00382778591202,13.410356224333587,142.6575549122835,74.27824009173516,52.97361122383928,32.552519900591264,11.904807145723076,1447.1600000000487,1446.9100000000487,1447.6900000000487,1444.9395226000488,0.2529296490426127,94.00422849953111,0.00040071361908644576
-110.29999999995118,1685945,94.0298736836194,13.419757881360594,142.7180251939273,74.29882056690177,53.01074966489761,32.52647400288389,11.895405488696069,1447.2600000000489,1447.0100000000489,1447.7900000000486,1445.0395226000487,0.24651577701612917,94.02911421428735,-0.0007594693320527313
-110.19999999995116,1686362,94.05313094131526,13.42916204717645,142.7827219867419,74.31719756506978,53.04789801617776,32.50321674518803,11.886001322880213,1447.3600000000488,1447.1100000000488,1447.8900000000488,1445.1395226000488,0.2571126090598012,94.05425984679503,0.0011289054797742892
-110.09999999995114,1686867,94.08129620543137,13.438568733329957,142.83996155820546,74.33945268275528,53.085056323299874,32.475051481071915,11.876594636726706,1447.4600000000487,1447.2100000000487,1447.990000000049,1445.239522600049,0.5984421464668859,94.08022844617925,-0.0010677592521233237
-109.99999999995111,1688508,94.17281937060866,13.44797809286569,142.8010564273581,74.41177079784818,53.122225190820835,32.38352831589462,11.867185277190973,1447.5600000000488,1447.3100000000488,1448.0900000000488,1445.339522600049,0.5942591864495553,94.14002031541392,-0.03279905519474369
-109.89999999995109,1688998,94.20014804272131,13.457396737393045,142.8596134614342,74.4333648724341,53.159430735931,32.35619964378198,11.857766632663617,1447.660000000049,1447.410000000049,1448.1900000000487,1445.4395226000488,0.2601801130724487,94.19934977188537,-0.0007982708359435264
-109.79999999995107,1689441,94.22485539322317,13.46681796282007,142.92213988145457,74.45288767864139,53.19664647611526,32.33149229328012,11.848345407236593,1447.7600000000489,1447.5100000000489,1448.2900000000488,1445.539522600049,0.25850692906560174,94.2253511156618,0.0004957224386288317
-109.69999999995105,1689925,94.25184942853444,13.476241807616182,142.98119229834754,74.4742173359875,53.233872563335616,32.304498257968845,11.83892156244048,1447.8600000000488,1447.6100000000488,1448.390000000049,1445.639522600049,0.25767033706210724,94.2511412283115,-0.0007082002229452655
-109.59999999995102,1690365,94.2763894606356,13.485668191065738,143.0439611467787,74.49360793357486,53.27110867874898,32.27995822586769,11.829495178990925,1447.960000000049,1447.710000000049,1448.490000000049,1445.739522600049,0.2504198730322712,94.27665215049859,0.00026268986299271546
-109.499999999951,1690823,94.30193340314091,13.495097138046285,143.1052010392483,74.51379178288171,53.308354920626684,32.25441428336238,11.820066232010378,1448.060000000049,1447.810000000049,1448.5900000000488,1445.839522600049,0.26129556907706075,94.30224766651592,0.0003142633750172763
-109.39999999995098,1691302,94.32864857445102,13.504528640599045,143.1646572349681,74.53490109252796,53.345611257529946,32.227699112052264,11.810634729457618,1448.160000000049,1447.910000000049,1448.690000000049,1445.939522600049,0.2601801130724487,94.3283418132127,-0.0003067612383205187
-109.29999999995096,1691756,94.35396942575541,13.513962806408932,143.2262244890789,74.55490866367492,53.3828781148359,32.20237826074788,11.80120056364773,1448.2600000000489,1448.0100000000489,1448.790000000049,1446.0395226000492,0.2573914730610608,94.35433037342264,0.0003609476672323808
-109.19999999995093,1692225,94.38012686906325,13.523399506673734,143.28651544869402,74.57557727792147,53.420154983749825,32.17622081744004,11.79176386338293,1448.360000000049,1448.110000000049,1448.890000000049,1446.139522600049,0.2646419370908968,94.38025630381745,0.0001294347542000196
-109.09999999995091,1692705,94.4068978131736,13.5328388576697,143.3458695407034,74.5967306571077,53.457442323586356,32.14944987332969,11.782324512386962,1448.4600000000491,1448.2100000000491,1448.990000000049,1446.239522600049,0.2657573930955088,94.40665892982578,-0.00023888334781929643
-108.99999999995089,1693178,94.43327834768236,13.542280838459703,143.405810699487,74.61757554951411,53.49474005163962,32.123069338820926,11.77288253159696,1448.560000000049,1448.310000000049,1449.090000000049,1446.3395226000491,0.25432396904841326,94.43278260545993,-0.0004957422224265429
-108.89999999995086,1693617,94.4577626069833,13.551725414190797,143.4686259781143,74.63692207756152,53.53204803023345,32.09858507951999,11.763437955865866,1448.660000000049,1448.410000000049,1449.1900000000492,1446.4395226000493,0.24763123302074116,94.45818683444158,0.0004242274582821892
-108.79999999995084,1694066,94.48280459428652,13.561172475826595,143.5305877514844,74.65670930100863,53.56936582865213,32.07354309221677,11.753990894230068,1448.760000000049,1448.510000000049,1449.290000000049,1446.5395226000492,0.2520930570390471,94.48287028918128,6.569489475793944e-05
-108.69999999995082,1694521,94.50818121839112,13.570621988248636,143.59203418473805,74.67676094169555,53.60669330817066,32.04816646811217,11.744541381808027,1448.8600000000492,1448.6100000000492,1449.390000000049,1446.639522600049,0.25794920106322466,94.50794722105127,-0.00023399733984774684
-108.5999999999508,1694991,94.53439443449918,13.58007406527081,143.65220348113772,74.69747362548206,53.64403091837686,32.02195325200411,11.735089304785852,1448.9600000000491,1448.7100000000491,1449.4900000000491,1446.7395226000492,0.25432396904841326,94.533599226021,-0.0007952084781805979
-108.49999999995077,1695433,94.55904601220081,13.589528708093845,143.71473995560837,74.71695236214939,53.68137866401384,31.997301674302477,11.725634661962818,1449.060000000049,1448.810000000049,1449.5900000000493,1446.8395226000493,0.24261168100005817,94.5589851668286,-6.0845372203743864e-05
-108.39999999995075,1695861,94.5829167706992,13.59898586230418,143.7784573219781,74.7358141252571,53.71873633013707,31.973430915804087,11.716177507752482,1449.1600000000492,1448.9100000000492,1449.6900000000492,1446.9395226000493,0.24791009702185865,94.58360545591528,0.0006886852160761237
-108.29999999995073,1696322,94.60862803160519,13.608445429185032,143.8393697521854,74.75613018318386,53.75610352679534,31.947719654898094,11.70671794087163,1449.2600000000493,1449.0100000000493,1449.790000000049,1447.0395226000492,0.25153532903688325,94.60847007451443,-0.00015795709076371622
-108.1999999999507,1696763,94.63322383650659,13.617907556319087,143.90197231202978,74.7755648503112,53.793480836970026,31.9231238499967,11.697255813737575,1449.3600000000492,1449.1100000000492,1449.8900000000492,1447.1395226000493,0.24372713700467016,94.63326445572997,4.061922338394197e-05
-108.09999999995068,1697196,94.65737345900614,13.627372082076183,143.9652462782297,74.79464696111877,53.8308676221894,31.89897422749715,11.68779128798048,1449.4600000000491,1449.2100000000491,1449.9900000000493,1447.2395226000494,0.2481889610230472,94.65758322037466,0.00020976136852368654
-107.99999999995066,1697653,94.68286162871121,13.636839072963166,144.02647784810924,74.81478674088567,53.86826414516891,31.87348605779208,11.678324297093496,1449.5600000000493,1449.3100000000493,1450.0900000000493,1447.3395226000493,0.26073784107475473,94.68302636205983,0.00016473334862610045
-107.89999999995064,1698131,94.7095210272211,13.646308687348599,144.08592229525078,74.83585198099193,53.905671031496304,31.846826659282186,11.668854682708064,1449.6600000000494,1449.4100000000494,1450.1900000000492,1447.4395226000493,0.25850692906560174,94.70938894049716,-0.0001320867239371637
-107.79999999995061,1698580,94.73456301452434,13.65578095075127,144.14782225424545,74.85563920443904,53.94308838197596,31.821784671978946,11.659382419305393,1449.7600000000493,1449.5100000000493,1450.2900000000493,1447.5395226000494,0.24540032101151715,94.73467741554151,0.00011440101717141715
-107.69999999995059,1699011,94.75860109142342,13.665255622831712,144.21124273085698,74.87463317616665,53.98051524721851,31.79774659507987,11.649907747224951,1449.8600000000492,1449.6100000000492,1450.3900000000494,1447.6395226000495,0.2548816970506482,94.75933685171759,0.0007357602941766572
-107.59999999995057,1699494,94.78553935393448,13.674732818121617,144.27024323889117,74.8959187639728,54.01795207964723,31.770808332568805,11.640430551935046,1449.9600000000494,1449.7100000000494,1450.4900000000493,1447.7395226000494,0.26743057710242685,94.78549981930546,-3.953462902472893e-05
-107.49999999995055,1699970,94.81208720684391,13.684212722795577,144.3298331038935,74.91689586499913,54.0553996146893,31.744260479659374,11.630950647261086,1450.0600000000495,1449.8100000000495,1450.5900000000493,1447.8395226000493,0.2551605610517657,94.8114964361378,-0.0005907707061112433
-107.39999999995052,1700409,94.83657146614485,13.69369511740885,144.39255769908638,74.93624239304654,54.09285698549375,31.71977622035844,11.621468252647812,1450.1600000000494,1449.9100000000494,1450.6900000000494,1447.9395226000495,0.24121736099432867,94.83617938058732,-0.00039208555752168195
-107.2999999999505,1700835,94.86033067904279,13.703179958671699,144.4563798226259,74.9550160170743,54.130324021057376,31.696017007460497,11.611983411384964,1450.2600000000493,1450.0100000000493,1450.7900000000495,1448.0395226000496,0.25014100903108266,94.86102582284391,0.0006951438011242317
-107.19999999995048,1701306,94.88659966795107,13.712667322573424,144.51637397229882,74.97577277040078,54.16780102155324,31.669748018552212,11.602496047483239,1450.3600000000495,1450.1100000000495,1450.8900000000494,1448.1395226000495,0.2565548810574952,94.88616163963914,-0.0004380283119331807
-107.09999999995046,1701755,94.9116416552543,13.722157190999631,144.5782303591624,74.99555999384789,54.20528791542583,31.644706031248987,11.593006179057031,1450.4600000000496,1450.2100000000496,1450.9900000000493,1448.2395226000494,0.24010190498971665,94.91094392109177,-0.0006977341625287181
-106.99999999995043,1702167,94.93462004894903,13.731649511357645,144.6432239816992,75.01371664431608,54.24278449492349,31.621727637554258,11.583513858699018,1450.5600000000495,1450.3100000000495,1451.0900000000495,1448.3395226000496,0.24093849699321118,94.9349821485123,0.0003620995632758195
-106.89999999995041,1702619,94.95982935465295,13.741144187429338,144.70481129562006,75.0336360763831,54.28029037996519,31.596518331850334,11.574019182627325,1450.6600000000494,1450.4100000000494,1451.1900000000496,1448.4395226000497,0.25543942505295425,94.96014919218966,0.0003198375367077233
-106.79999999995039,1703083,94.98570793395963,13.750641541196089,144.76537407876611,75.05408434292978,54.317806842442316,31.570639752543656,11.564521828860574,1450.7600000000496,1450.5100000000496,1451.2900000000495,1448.5395226000496,0.2587857930667192,94.9862667801483,0.0005588461886674168
-106.69999999995036,1703547,95.01158651326631,13.760141440785372,144.82593066545695,75.07453260947645,54.355333361431796,31.544761173236978,11.555021929271291,1450.8600000000497,1450.6100000000497,1451.3900000000494,1448.6395226000495,0.26073784107475473,95.0120550131362,0.00046849986989627723
-106.59999999995034,1704018,95.0378555021746,13.76964395219872,144.8858865705745,75.09528936280293,54.39287019765301,31.518492184328693,11.545519417857943,1450.9600000000496,1450.7100000000496,1451.4900000000496,1448.7395226000497,0.25404510504715366,95.03745646443916,-0.000399037735434149
-106.49999999995032,1704458,95.06239553427575,13.779148932078265,144.94847152373777,75.11467996039029,54.43041678481344,31.493952152227536,11.536014437978398,1451.0600000000495,1450.8100000000495,1451.5900000000497,1448.8395226000498,0.23787099298056366,95.06208929998705,-0.0003062342887005798
-106.3999999999503,1704871,95.08542970077072,13.788656370058721,145.01334656057148,75.13288068039844,54.46797308196813,31.47091798573257,11.526506999997942,1451.1600000000496,1450.9100000000496,1451.6900000000496,1448.9395226000497,0.24261168100012923,95.08616542812545,0.0007357273547370369
-106.29999999995027,1705328,95.11091787047579,13.798166165163893,145.07447172315747,75.15302046016534,54.50553869024077,31.4454298160275,11.51699720489277,1451.2600000000498,1451.0100000000498,1451.7900000000495,1449.0395226000496,0.2610167050758722,95.11128708110502,0.00036921062923056525
-106.19999999995025,1705807,95.1376330417859,13.807678627474946,145.13372033767544,75.17412976981157,54.543114834514455,31.418714644717383,11.507484742581717,1451.3600000000497,1451.1100000000497,1451.8900000000497,1449.1395226000498,0.2587857930667192,95.13730167325431,-0.00033136853159021484
-106.09999999995023,1706256,95.16267502908914,13.817193625498549,145.19551516679135,75.1939169932587,54.58070099536403,31.393672657414143,11.497969744558114,1451.4600000000496,1451.2100000000496,1451.9900000000498,1449.23952260005,0.25516056105183677,95.16276248902268,8.74599335389803e-05
-105.9999999999502,1706722,95.18866515399628,13.826711179972756,145.25585748685407,75.21445339888531,54.618297254709,31.367682532507004,11.488452190083907,1451.5600000000497,1451.3100000000497,1452.0900000000497,1449.3395226000498,0.26073784107475473,95.18847040105011,-0.00019475294617166128
-105.89999999995018,1707191,95.2148225973041,13.836231319578763,145.31593865481318,75.23512201313184,54.655903725845846,31.34152508919918,11.4789320504779,1451.6600000000499,1451.4100000000499,1452.1900000000496,1449.4395226000497,0.2599012490713312,95.21458259014817,-0.00024000715593786026
-105.79999999995016,1707654,95.24064540381056,13.84575409649079,145.37652530373154,75.25552621013856,54.69352061487327,31.315702282692726,11.469409273565873,1451.7600000000498,1451.5100000000498,1452.2900000000498,1449.5395226000498,0.2629687530840498,95.24078018955714,0.00013478574658165599
-105.69999999995014,1708134,95.26741634792093,13.855279475616678,145.43565897721598,75.27667958932479,54.73114778317019,31.28893133858236,11.459883894439985,1451.8600000000497,1451.6100000000497,1452.39000000005,1449.63952260005,0.25767033706210724,95.2662946506336,-0.001121697287331358
-105.59999999995011,1708578,95.292179471223,13.86480735542092,145.49785126499194,75.29624646507202,54.76878482965083,31.264168215280293,11.450356014635743,1451.9600000000498,1451.7100000000498,1452.4900000000498,1449.73952260005,0.24902555302639962,95.29158044327794,-0.0005990279450571734
-105.49999999995009,1709027,95.31722145852622,13.874337791705338,145.5596122023159,75.31603368851913,54.806431974743695,31.239126227977067,11.440825578351324,1452.06000000005,1451.81000000005,1452.5900000000497,1449.8395226000498,0.2459580490138942,95.31647532159347,-0.0007461369327472767
-105.39999999995007,1709460,95.34137108102578,13.883870650485244,145.62272907409783,75.33511579932672,54.84408868918221,31.214976605477503,11.431292719571418,1452.1600000000499,1451.9100000000499,1452.6900000000498,1449.93952260005,0.2442848650069762,95.34112694924822,-0.00024413177756343885
-105.29999999995005,1709903,95.36607843152763,13.893406017095192,145.68498826415086,75.35463860553398,54.881755310055084,31.19026925497566,11.421757352961471,1452.2600000000498,1452.0100000000498,1452.79000000005,1450.03952260005,0.25376624104603623,95.36663703476384,0.0005586032362145943
-105.19999999995002,1710370,95.392124329235,13.9029439778922,145.7451972650046,75.37521908070059,54.919432178489956,31.164223357268284,11.412219392164463,1452.36000000005,1452.11000000005,1452.89000000005,1450.13952260005,0.2568337450587548,95.39276071630971,0.0006363870747065903
-105.09999999995,1710824,95.41744518053939,13.912484569238458,145.80650889273593,75.39522665184755,54.9571194381248,31.138902505963898,11.402678800818205,1452.46000000005,1452.21000000005,1452.9900000000498,1450.23952260005,0.3145585932966095,95.41761311549284,0.00016793495345268639
-104.99999999994998,1711498,95.45503604789434,13.922027500515304,145.8490623117041,75.4249295217882,54.994815940957295,31.101311638608948,11.393135869541359,1452.56000000005,1452.31000000005,1453.09000000005,1450.33952260005,0.3073081292667024,95.44789994061479,-0.007136107279549719
-104.89999999994996,1711926,95.47890680639274,13.931574149226586,145.9125854622144,75.44379128489592,55.03252712840542,31.077440880110544,11.383589220830077,1452.6600000000499,1452.4100000000499,1453.19000000005,1450.4395226000502,0.23508235296903363,95.4783682196886,-0.0005385867041383108
-104.79999999994993,1712341,95.50205251848816,13.941123174159246,145.97720998153832,75.46208014398401,55.07024770240716,31.05429516801513,11.374040195897416,1452.76000000005,1452.51000000005,1453.29000000005,1450.53952260005,0.24038076899090519,95.50240889836107,0.00035637987291181616
-104.69999999994991,1712788,95.52698296019094,13.950674631006263,146.03910014430105,75.48177922835119,55.107977882960974,31.02936472631235,11.3644887390504,1452.8600000000501,1452.6100000000501,1453.39000000005,1450.63952260005,0.24958328102877667,95.52705509104828,7.213085734747438e-05
-104.59999999994989,1713236,95.55196917469392,13.96022858517746,146.10089886954103,75.50152238225832,55.14571792844887,31.004378511809364,11.354934784879203,1452.96000000005,1452.71000000005,1453.49000000005,1450.7395226000501,0.2537662410459652,95.55227516082242,0.0003059861284953058
-104.49999999994986,1713698,95.57773620840014,13.969785086038431,146.16149785739177,75.52188250972505,55.183468033874924,30.978611478103147,11.345378284018231,1453.06000000005,1452.81000000005,1453.5900000000502,1450.8395226000503,0.24846782502423573,95.57713575258832,-0.000600455811820666
-104.39999999994984,1714127,95.60166273969878,13.979344012327982,146.22490458550394,75.54078834237274,55.221227720232925,30.954684946804505,11.335819357728681,1453.16000000005,1452.91000000005,1453.69000000005,1450.9395226000502,0.2523719210403067,95.60211782048654,0.0004550807877592433
-104.29999999994982,1714603,95.62821059260821,13.988905509602533,146.28429647395112,75.56176544339907,55.25899756250012,30.928137093895074,11.32625786045413,1453.2600000000502,1453.0100000000502,1453.79000000005,1451.03952260005,0.25265078504149524,95.62778511022415,-0.0004254823840597055
-104.1999999999498,1715033,95.65219289670709,13.99846956935003,146.3476073618793,75.58071534558674,55.29677752705214,30.904154789796195,11.316693800706632,1453.3600000000501,1453.1100000000501,1453.8900000000501,1451.1395226000502,0.24177508899670572,95.6523996297311,0.00020673302400098237
-104.09999999994977,1715470,95.67656561040756,14.008035989528484,146.4103137498563,75.59997373455418,55.33456681578244,30.879782076095722,11.30712738052818,1453.46000000005,1453.21000000005,1453.9900000000503,1451.2395226000503,0.24651577701612917,95.67662030962863,5.469922106726699e-05
-103.99999999994975,1715917,95.70149605211033,14.017604893411962,146.4721605373781,75.61967281892134,55.372365915648395,30.854851634392958,11.297558476644701,1453.5600000000502,1453.3100000000502,1454.0900000000502,1451.3395226000503,0.2456791850126346,95.70116848719051,-0.00032756491981444924
-103.89999999994973,1716351,95.7257014474101,14.027176223225926,146.5351103322256,75.63879899926889,55.410174598428945,30.830646239093184,11.287987146830737,1453.6600000000503,1453.4100000000503,1454.19000000005,1451.4395226000502,0.24484259300928218,95.72554975350255,-0.00015169390755431778
-103.7999999999497,1716795,95.7504645707122,14.036750003362666,146.5971999853479,75.65836587501614,55.44799296047856,30.80588311579109,11.278413366693997,1453.7600000000502,1453.5100000000502,1454.2900000000502,1451.5395226000503,0.25543942505295425,95.75057125566315,0.00010668495094989794
-103.69999999994968,1717267,95.7767893324207,14.046326337477064,146.6568929213661,75.6791666978826,55.48582141125493,30.77955835408258,11.268837032579599,1453.8600000000501,1453.6100000000501,1454.3900000000503,1451.6395226000504,0.2495832810287056,95.77629478097703,-0.0004945514436798248
-103.59999999994966,1717690,95.80038122691795,14.055905262318866,146.72076543229292,75.69780811329044,55.52366009592694,30.755966459585338,11.259258107737796,1453.9600000000503,1453.7100000000503,1454.4900000000503,1451.7395226000503,0.2459580490138942,95.80110106145735,0.0007198345393959471
-103.49999999994964,1718149,95.8259809422235,14.06548655768936,146.78155568446394,75.71803603213728,55.561508144665304,30.73036674427979,11.249676812367303,1454.0600000000504,1453.8100000000504,1454.5900000000502,1451.8395226000503,0.2442848650069762,95.82517882373035,-0.0008021184931408243
-103.39999999994961,1718566,95.84923819991936,14.075070298083617,146.84592765073702,75.7364130303053,55.59936585174055,30.70710948658393,11.240093071973046,1454.1600000000503,1453.9100000000503,1454.6900000000503,1451.9395226000504,0.24512145701032861,95.84990303391899,0.0006648339996360164
-103.29999999994959,1719028,95.87500523362557,14.084656538296148,146.9064487034451,75.75677315777205,55.63723343360206,30.681342452877715,11.230506831760515,1454.2600000000502,1454.0100000000502,1454.7900000000504,1452.0395226000505,0.23480348896791614,95.8739493789981,-0.0010558546274666014
-103.19999999994957,1719408,95.89619889771295,14.09424508795942,146.97397029253426,75.77351958296113,55.67511013825969,30.660148788790337,11.220918282097243,1454.3600000000504,1454.1100000000504,1454.8900000000503,1452.1395226000504,0.22838961694150364,95.89693177741177,0.0007328796988161912
-103.09999999994955,1719847,95.92068315701388,14.103835924651634,147.03644157292825,75.79286611100854,55.71299587714281,30.635664529489404,11.21132744540503,1454.4600000000505,1454.2100000000505,1454.9900000000503,1452.2395226000503,0.2571126090598012,95.92095214078292,0.0002689837690326158
-102.99999999994952,1720330,95.94762141952492,14.113429278387581,147.0951449299353,75.81415169881465,55.750891558856225,30.608726266978366,11.201734091669081,1454.5600000000504,1454.3100000000504,1455.0900000000504,1452.3395226000505,0.2599012490713312,95.94661392283889,-0.0010074966860287304
-102.8999999999495,1720779,95.97266340682816,14.123025247436207,147.15675012132044,75.83393892226178,55.78879757158208,30.583684279675126,11.192138122620456,1454.6600000000503,1454.4100000000503,1455.1900000000505,1452.4395226000506,0.24177508899663466,95.97178753693333,-0.0008758698948270194
-102.79999999994948,1721197,95.99597643732426,14.132623635894971,147.22099988349154,75.85235998996978,55.826713141465845,30.560371249179028,11.182539734161692,1454.7600000000505,1454.5100000000505,1455.2900000000504,1452.5395226000505,0.24261168100005817,95.99610704065162,0.0001306033273635876
-102.69999999994945,1721649,96.02118574302818,14.14222446884434,147.2823352410139,75.8722794220368,55.864638367580426,30.535161943475103,11.172938901212323,1454.8600000000506,1454.6100000000506,1455.3900000000503,1452.6395226000504,0.24958328102877667,96.02069653203762,-0.0004892109905654252
-102.59999999994943,1722092,96.04589309353003,14.151827775201383,147.34443420105694,75.89180222824409,55.902573364154065,30.51045459297326,11.16333559485528,1454.9600000000505,1454.7100000000505,1455.4900000000505,1452.7395226000506,0.24261168100005817,96.04553637625575,-0.0003567172742720004
-102.49999999994941,1722519,96.0697080792282,14.161433576119595,147.40789640414783,75.91061992181183,55.94051821474735,30.48663960727508,11.153729793937067,1455.0600000000504,1454.8100000000504,1455.5900000000506,1452.8395226000507,0.24289054500124668,96.07007465716013,0.00036657793192773624
-102.39999999994939,1722963,96.09447120253029,14.17104179013282,147.46989720423872,75.93018679755909,55.97847259755251,30.461876483973,11.144121579923842,1455.1600000000506,1454.9100000000506,1455.6900000000505,1452.9395226000506,0.2481889610230472,96.09448076235455,9.559824263760675e-06
-102.29999999994936,1723409,96.11934587143283,14.18065247227207,147.53172052626957,75.94984181238628,56.01643672995316,30.43700181507046,11.134510897784592,1455.2600000000507,1455.0100000000507,1455.7900000000504,1453.0395226000505,0.24512145701039967,96.11926945172488,-7.641970795191355e-05
-102.19999999994934,1723842,96.14349549393238,14.19026564402317,147.5946507990103,75.96892392319384,56.054410696822636,30.41285219257091,11.124897726033494,1455.3600000000506,1455.1100000000506,1455.8900000000506,1453.1395226000507,0.2504198730322712,96.14404595489393,0.0005504609615485379
-102.09999999994932,1724307,96.1694298460393,14.199881281463055,147.65483484924573,75.9894162592805,56.09239440366002,30.386917840463994,11.115282088593608,1455.4600000000505,1455.2100000000505,1455.9900000000507,1453.2395226000508,0.25767033706210724,96.16932251151043,-0.00010733452886313444
-101.9999999999493,1724766,96.19502956134481,14.209499508525475,147.71552722964645,76.00964417812732,56.130388340028595,30.361318125158476,11.105663861531188,1455.5600000000506,1455.3100000000506,1456.0900000000506,1453.3395226000507,0.2610167050758722,96.19545727177497,0.00042771043015932264
-101.89999999994927,1725243,96.22163318705448,14.219120372917414,147.7746729290647,76.03066534869363,56.16839269438058,30.334714499448808,11.096042997139248,1455.6600000000508,1455.4100000000508,1456.1900000000505,1453.4395226000506,0.2559971530552602,96.22120642179283,-0.0004267652616505302
-101.79999999994925,1725684,96.24622899195587,14.228743749809839,147.836896040873,76.05010001582096,56.20640697361611,30.310118694547413,11.086419620246824,1455.7600000000507,1455.5100000000507,1456.2900000000507,1453.5395226000508,0.2481889610230472,96.24639169497271,0.0001627030168407373
-101.69999999994923,1726133,96.2712709792591,14.238369651256413,147.89842812321402,76.06988723926807,56.244431225349594,30.285076707244187,11.07679371880025,1455.8600000000506,1455.6100000000506,1456.3900000000508,1453.639522600051,0.24958328102884772,96.2713360689267,6.50896676006596e-05
-101.5999999999492,1726579,96.29614564816166,14.247998017023628,147.96021087990067,76.08954225409528,56.28246521164654,30.26020203834163,11.067165353033035,1455.9600000000507,1455.7100000000507,1456.4900000000507,1453.7395226000508,0.2501410090311537,96.29599716155637,-0.0001484866052834377
-101.49999999994918,1727030,96.32129918106534,14.257628850688729,148.02155880276442,76.10941761662232,56.320508946637766,30.235048505437945,11.057534519367934,1456.0600000000509,1455.8100000000509,1456.5900000000506,1453.8395226000507,0.25404510504715366,96.3208402714062,-0.0004589096591445241
-101.39999999994916,1727490,96.3469546691711,14.267262185077914,148.08212915569322,76.12968960500912,56.35856255999338,30.20939301733219,11.047901184978748,1456.1600000000508,1455.9100000000508,1456.6900000000508,1453.9395226000509,0.24846782502416467,96.34624868597339,-0.0007059831977045405
-101.29999999994914,1727921,96.37099274607019,14.276898100425928,148.14518034533904,76.14868357673674,56.39662636865682,30.1853549404331,11.038265269630735,1456.2600000000507,1456.0100000000507,1456.790000000051,1454.039522600051,0.24679464101731768,96.37155359745148,0.0005608513812944693
-101.19999999994911,1728375,96.39631359737457,14.286536495797408,148.2062535655566,76.16869114788372,56.434699973913034,30.160034089128715,11.028626874259254,1456.3600000000508,1456.1100000000508,1456.8900000000508,1454.139522600051,0.24316940900243522,96.39588229802567,-0.00043129934890373534
-101.09999999994909,1728793,96.41962662787068,14.296177276885537,148.27040693759687,76.18711221559172,56.47278300323107,30.136721058632602,11.018986093171126,1456.460000000051,1456.210000000051,1456.9900000000507,1454.2395226000508,0.2334091689621156,96.41971317335073,8.654548004471962e-05
-100.99999999994907,1729212,96.442995431167,14.305820438432084,148.3344681951774,76.20557735283968,56.51087543583987,30.11335225533628,11.009342931624579,1456.5600000000509,1456.3100000000509,1457.0900000000508,1454.339522600051,0.23898644898510463,96.44333316915971,0.00033773799270875315
-100.89999999994905,1729650,96.46742391766772,14.315465943519374,148.39689256901096,76.22487981134712,56.54897712590718,30.08892376883557,10.999697426537288,1456.6600000000508,1456.4100000000508,1457.190000000051,1454.439522600051,0.2481889610230472,96.46769640439369,0.0002724867259757957
-100.79999999994902,1730102,96.49263322337163,14.325113977712967,148.4581102119126,76.24479924341415,56.58708880645436,30.06371446313166,10.990049392343696,1456.760000000051,1456.510000000051,1457.290000000051,1454.539522600051,0.2493044170276592,96.49273067258571,9.744921408127993e-05
-100.699999999949,1730544,96.51728480107326,14.334764489653894,148.52017977089315,76.26427798008146,56.625210274603134,30.039062885430027,10.980398880402769,1456.860000000051,1456.610000000051,1457.3900000000508,1454.639522600051,0.2512564650356947,96.51758455761944,0.0002997565461839713
-100.59999999994898,1731003,96.54288451637878,14.344417494624494,148.58078424403118,76.28450589892827,56.66334159072183,30.01346317012451,10.970745875432169,1456.960000000051,1456.710000000051,1457.490000000051,1454.739522600051,0.24651577701612917,96.54238706482452,-0.0004974515542528479
-100.49999999994895,1731428,96.5665879564765,14.354072967066864,148.64430100332825,76.3032354534161,56.70148265385156,29.98975973002679,10.961090402989798,1457.0600000000509,1456.8100000000509,1457.590000000051,1454.8395226000512,0.2506987370333887,96.56734073300491,0.000752776528415211
-100.39999999994893,1731902,96.59302426378547,14.3637309627711,148.70360538195027,76.32412441536246,56.73963368437448,29.96332342271782,10.951432407285562,1457.160000000051,1456.910000000051,1457.690000000051,1454.939522600051,0.2523719210403067,96.59241202894542,-0.0006122348400481314
-100.29999999994891,1732333,96.61706234068457,14.373391449472658,148.7665956846232,76.3431183870901,56.77779455483912,29.939285345818718,10.941771920584005,1457.2600000000511,1457.0100000000511,1457.790000000051,1455.039522600051,0.24818896102311824,96.61809094740042,0.0010286067158489232
-100.19999999994889,1732792,96.6426620559901,14.383054580960584,148.82717709729204,76.36334630593691,56.81596587274321,29.913685630513186,10.932108789096079,1457.360000000051,1457.110000000051,1457.890000000051,1455.1395226000511,0.2551605610517657,96.64332027830446,0.0006582223143567489
-100.09999999994886,1733248,96.66809445289493,14.392720113528323,148.88800896496105,76.38344201616383,56.85414667539674,29.888253233608353,10.92244325652834,1457.460000000051,1457.210000000051,1457.9900000000512,1455.2395226000513,0.3731200335380298,96.66858421882883,0.0004897659338922722
-99.99999999994884,1734130,96.71728606269772,14.402388297804356,148.91224603291593,76.42231135041852,56.892337952832726,29.839061623805563,10.912775072252307,1457.560000000051,1457.310000000051,1458.090000000051,1455.3395226000512,0.3667061615115462,96.70573130817122,-0.011554754526500233
-99.89999999994882,1734563,96.74143568519726,14.412061259789962,148.9750607659754,76.44139346122608,56.93054810318494,29.814912001306027,10.903102110266701,1457.6600000000512,1457.4100000000512,1458.190000000051,1455.439522600051,0.25404510504715366,96.74225070908125,0.0008150238839874646
-99.7999999999488,1735041,96.76809508370717,14.421736747946175,149.0340048077929,76.46245870133235,56.96876823242044,29.78825260279612,10.893426622110487,1457.7600000000511,1457.5100000000511,1458.2900000000511,1455.5395226000512,0.25711260905987227,96.76754274477008,-0.0005523389370836185
-99.69999999994877,1735485,96.79285820700925,14.43141476833892,149.0958634311087,76.48202557707961,57.00699836450085,29.76348947949404,10.883748601717743,1457.860000000051,1457.610000000051,1458.3900000000513,1455.6395226000514,0.24512145701039967,96.79257060132458,-0.0002876056846616848
-99.59999999994875,1735920,96.81711937510926,14.441095262066444,149.1584892762169,76.50119582696712,57.04523826675238,29.73922831139403,10.874068107990219,1457.9600000000512,1457.7100000000512,1458.4900000000512,1455.7395226000513,0.2509776010345772,96.81730680268247,0.0001874275732092201
-99.49999999994873,1736385,96.84305372721617,14.450778229699461,149.21853115458197,76.52168816305378,57.08348794142945,29.713293959287114,10.864385140357202,1458.0600000000513,1457.8100000000513,1458.590000000051,1455.8395226000512,0.27189240112073276,96.84372799392422,0.0006742667080459341
-99.3999999999487,1736895,96.87149785533342,14.460464007665234,149.27470234082986,76.54416362843914,57.121748717487606,29.68484983116987,10.854699362391429,1458.1600000000512,1457.9100000000512,1458.6900000000512,1455.9395226000513,0.26519966509313175,96.87079883901404,-0.0006990163193734134
-99.29999999994868,1737336,96.89609366023481,14.470152389467268,149.33679824293756,76.56359829556648,57.160019779224044,29.660254026268476,10.845010980589395,1458.2600000000511,1458.0100000000511,1458.7900000000514,1456.0395226000514,0.24902555302654172,96.89607335019517,-2.0310039644755307e-05
-99.19999999994866,1737788,96.92130296593874,14.479843222335278,149.3979422400456,76.5835177276335,57.19830052316533,29.63504472056455,10.835320147721385,1458.3600000000513,1458.1100000000513,1458.8900000000513,1456.1395226000514,0.25376624104603623,96.92129471330715,-8.252631587879478e-06
-99.09999999994864,1738246,96.94684690844403,14.489536648409935,149.45856529087283,76.60370157694034,57.23659151079578,29.609500778059257,10.825626721646728,1458.4600000000514,1458.2100000000514,1458.9900000000512,1456.2395226000513,0.24512145701039967,96.94647532700925,-0.0003715814347771129
-98.99999999994861,1738667,96.97032725734083,14.499232517400683,149.52236346405715,76.62225485326827,57.274892148437395,29.58602042916246,10.81593085265598,1458.5600000000513,1458.3100000000513,1459.0900000000513,1456.3395226000514,0.25153532903688325,96.97122126929185,0.0008940119510185696
-98.89999999994859,1739148,96.99715397425142,14.508930892663797,149.58099591783173,76.64345230199446,57.31320268636023,29.55919371225187,10.806232477392866,1458.6600000000512,1458.4100000000512,1459.1900000000514,1456.4395226000515,0.2657573930954377,96.99727834640339,0.00012437215197280693
-98.79999999994857,1739620,97.02347873595993,14.518631973069969,149.6403979966646,76.6642531248609,57.35152391014363,29.53286895054336,10.796531396986694,1458.7600000000514,1458.5100000000514,1459.2900000000514,1456.5395226000514,0.25320851304380126,97.02331677214329,-0.00016196381663746706
-98.69999999994855,1740056,97.04779567686019,14.52833555601823,149.7028907734617,76.6834674442884,57.389855019472904,29.508552009643097,10.786827814038432,1458.8600000000515,1458.6100000000515,1459.3900000000513,1456.6395226000514,0.24846782502423573,97.04800391962247,0.00020824276228381677
-98.59999999994852,1740511,97.07317230096479,14.538041573853898,149.7637424352455,76.70351908497533,57.42819574709842,29.4831753855385,10.777121796202765,1458.9600000000514,1458.7100000000514,1459.4900000000514,1456.7395226000515,0.24707350501843517,97.07257391420693,-0.0005983867578578383
-98.4999999999485,1740942,97.09721037786389,14.547750070801076,149.826653249738,76.72251305670297,57.46654626771431,29.4591373086394,10.767413299255587,1459.0600000000513,1458.8100000000513,1459.5900000000515,1456.8395226000516,0.25041987303220015,97.0976999352167,0.0004895573528074237
-98.39999999994848,1741409,97.12325627557124,14.557461113840946,149.8864604841558,76.74309353186955,57.50490684590973,29.43309141093205,10.757702256215717,1459.1600000000515,1458.9100000000515,1459.6900000000514,1456.9395226000515,0.26603625709662626,97.12384986274239,0.0005935871711528762
-98.29999999994845,1741896,97.15041762928323,14.567174840773628,149.94454163193188,76.76455539783558,57.54327802602295,29.40593005722006,10.747988529283035,1459.2600000000516,1459.0100000000516,1459.7900000000514,1457.0395226000514,0.2649208010920853,97.15023485080175,-0.0001827784814736333
-98.19999999994843,1742359,97.17624043578967,14.57689116081111,150.00468319663963,76.78495959484228,57.58165944942303,29.38010725071362,10.738272209245553,1459.3600000000515,1459.1100000000515,1459.8900000000515,1457.1395226000516,0.25237192104023565,97.17576306972269,-0.00047736606697412753
-98.09999999994841,1742801,97.20089201349128,14.586609993387578,150.0666268717265,76.80443833150959,57.620050797858745,29.355455673012003,10.728553376669085,1459.4600000000514,1459.2100000000514,1459.9900000000516,1457.2395226000517,0.2493044170276592,97.20068940963365,-0.00020260385763037903
-97.99999999994839,1743253,97.22610131919521,14.596331298693041,150.12770337024003,76.82435776357661,57.6584519140726,29.330246367308078,10.718832071363622,1459.5600000000516,1459.3100000000516,1460.0900000000515,1457.3395226000516,0.24651577701620023,97.22548119456013,-0.0006201246350769907
-97.89999999994836,1743685,97.25019516889454,14.606055089626494,150.19049642275925,76.84339580484422,57.696862849018224,29.30615251760875,10.709108280430168,1459.6600000000517,1459.4100000000517,1460.1900000000514,1457.4395226000515,0.25097760103450617,97.25053820189322,0.00034303299868554404
-97.79999999994834,1744153,97.27629683940212,14.615781406333424,150.2501830478116,76.86402034955078,57.73528376127841,29.280050847101165,10.699381963723239,1459.7600000000516,1459.5100000000516,1460.2900000000516,1457.5395226000517,0.25041987303220015,97.27567699480977,-0.000619844592350205
-97.69999999994832,1744583,97.30027914350099,14.62551022502546,150.31313736988747,76.88297025173844,57.773714556884265,29.2560685430023,10.689653145031203,1459.8600000000515,1459.6100000000515,1460.3900000000517,1457.6395226000518,0.2506987370333887,97.30094330916079,0.0006641656597992096
-97.5999999999483,1745052,97.32643658680881,14.63524159499526,150.37272613943472,76.90363886598497,57.812155430551755,29.229911099694476,10.679921775061402,1459.9600000000517,1459.7100000000517,1460.4900000000516,1457.7395226000517,0.2576703370621783,97.32611883352153,-0.00031775328727690066
-97.49999999994827,1745507,97.35181321091343,14.644975448792168,150.43351495738165,76.92369050667192,57.85060611583716,29.204534475589853,10.670187921264494,1460.0600000000518,1459.8100000000518,1460.5900000000515,1457.8395226000516,0.2559971530552602,97.35167061323924,-0.00014259767419844138
-97.39999999994825,1745970,97.37763601741987,14.654711929117914,150.4936095028671,76.94409470367863,57.88906717644111,29.178711669083413,10.660451440938749,1460.1600000000517,1459.9100000000517,1460.6900000000517,1457.9395226000518,0.2495832810287056,97.37714347020815,-0.0004925472117207619
-97.29999999994823,1746402,97.40172986711919,14.664450877486216,150.55636996891397,76.96313274494622,57.92753798631082,29.1546178193841,10.650712492570447,1460.2600000000516,1460.0100000000516,1460.7900000000518,1458.039522600052,0.2568337450586837,97.40275445198282,0.0010245848636287747
-97.1999999999482,1746891,97.42900276643162,14.674192480008314,150.61421202459633,76.98468274999217,57.96601928062323,29.127344920071664,10.640970890048349,1460.3600000000517,1460.1100000000517,1460.8900000000517,1458.1395226000518,0.2593435210690963,97.42857578775842,-0.0004269786732038483
-97.09999999994818,1747332,97.45359857133302,14.683936592643771,150.67618649192912,77.00411741711953,58.00451049038956,29.10274911517027,10.631226777412891,1460.4600000000519,1460.2100000000519,1460.9900000000516,1458.2395226000517,0.2576703370621783,97.45379030928747,0.0001917379544522646
-96.99999999994816,1747815,97.48053683384407,14.693683238070177,150.73453342912558,77.02540300492566,58.04301170519086,29.075810852659217,10.621480131986486,1460.5600000000518,1460.3100000000518,1461.0900000000518,1458.3395226000519,0.26994035311269726,97.48003520557688,-0.0005016282671874706
-96.89999999994814,1748300,97.50758664195557,14.703432599684891,150.79270348137504,77.04677673181173,58.08152364948368,29.048761044547717,10.611730770371771,1460.6600000000517,1460.4100000000517,1461.190000000052,1458.439522600052,0.26798830510466176,97.50727580475143,-0.00031083720413960236
-96.79999999994811,1748776,97.53413449486501,14.713184693231131,150.85164562572453,77.06775383283806,58.12004638545692,29.022213191638272,10.601978676825532,1460.7600000000518,1460.5100000000518,1461.2900000000518,1458.539522600052,0.2685460331069678,97.53445989866633,0.0003254038013125182
-96.69999999994809,1749263,97.56129584857698,14.72293949166463,150.9096344365477,77.08921569880408,58.15857980628025,28.99505183792631,10.592223878392033,1460.860000000052,1460.610000000052,1461.3900000000517,1458.6395226000518,0.2693826251103913,97.56150905391733,0.00021320534035851324
-96.59999999994807,1749742,97.5880110198871,14.732696995041918,150.96830892515675,77.11032500845035,58.19712391217699,28.96833666661618,10.582466375014745,1460.9600000000519,1460.7100000000519,1461.4900000000519,1458.739522600052,0.25320851304380126,97.58741451180468,-0.0005965080824239521
-96.49999999994805,1750171,97.61193755118575,14.742456974566995,151.03129129914407,77.12923084109804,58.23567779935681,28.94441013531754,10.572706395489668,1461.0600000000518,1460.8100000000518,1461.590000000052,1458.839522600052,0.25181419303800073,97.61257449539298,0.000636944207229817
-96.39999999994802,1750645,97.63837385849472,14.752219509941002,151.09038513198806,77.15011980304442,58.27424178265527,28.91797382800857,10.562943860115661,1461.160000000052,1460.910000000052,1461.690000000052,1458.939522600052,0.26659398509886123,97.6383445517018,-2.9306792910688273e-05
-96.299999999948,1751127,97.66525634820553,14.761984643477339,151.14878305184084,77.17136132131057,58.31281602921885,28.891091338297755,10.553178726579324,1461.260000000052,1461.010000000052,1461.7900000000518,1459.039522600052,0.2713346731184268,97.66494777501573,-0.00030857318979826687
-96.19999999994798,1751618,97.69264079311841,14.77175249949601,151.20639978171775,77.19299946543647,58.351401030136614,28.863706893384872,10.543410870560653,1461.360000000052,1461.110000000052,1461.890000000052,1459.139522600052,0.2562760170563777,97.69170120712768,-0.0009395859907357362
-96.09999999994795,1752046,97.71651155161682,14.78152298371877,151.26945025980302,77.2118612285442,58.38999641299049,28.83983613488647,10.533640386337893,1461.4600000000519,1461.2100000000519,1461.990000000052,1459.2395226000522,0.2420539529978232,97.71670792099538,0.0001963693785569376
-95.99999999994793,1752486,97.74105158371799,14.791295841080213,151.33145798427438,77.23125182613158,58.428601170220716,28.815296102785297,10.52386752897645,1461.560000000052,1461.310000000052,1462.090000000052,1459.339522600052,0.24930441702773026,97.74094753600872,-0.0001040477092715264
-95.89999999994791,1752940,97.76637243502238,14.801071173225974,151.39225077685157,77.25125939727853,58.46721570334801,28.78997525148091,10.514092196830688,1461.6600000000522,1461.4100000000522,1462.190000000052,1459.439522600052,0.2615744330782493,97.7668372902786,0.0004648552562258601
-95.79999999994789,1753424,97.79336647033365,14.810849208538274,151.45044846197473,77.27258905462465,58.505840914528235,28.762981216169635,10.504314161518389,1461.760000000052,1461.510000000052,1462.290000000052,1459.5395226000521,0.2677094411034732,97.79353185731956,0.0001653869859126189
-95.69999999994786,1753900,97.81991432324308,14.820629879597444,151.50933204278937,77.29356615565098,58.54447653744006,28.736433363260204,10.494533490459219,1461.860000000052,1461.610000000052,1462.3900000000522,1459.6395226000523,0.2546028330494597,97.81922333745165,-0.0006909857914365602
-95.59999999994784,1754337,97.84428703694356,14.830413053205769,151.5715787024558,77.31282454461844,58.583122045925684,28.71206064955973,10.484750316850894,1461.960000000052,1461.710000000052,1462.490000000052,1459.7395226000522,0.2442848650069762,97.84435422965137,6.719270781729847e-05
-95.49999999994782,1754776,97.86877129624449,14.840198750443378,151.6336473206836,77.33217107266583,58.621777523255865,28.687576390258798,10.474964619613285,1462.0600000000522,1461.8100000000522,1462.590000000052,1459.839522600052,0.2520930570391892,97.86925500912324,0.00048371287874715563
-95.3999999999478,1755241,97.8947056483514,14.849986904207597,151.6934629493692,77.35266340875249,58.66044270436149,28.661642038151882,10.465176465849066,1462.1600000000522,1461.9100000000522,1462.6900000000521,1459.9395226000522,0.2724501291230388,97.8952214557062,0.0005158073548017228
-95.29999999994777,1755753,97.92326132206911,14.859777794734525,151.74921253756847,77.37522701321778,58.699118696231686,28.633086364434178,10.455385575322138,1462.260000000052,1462.010000000052,1462.7900000000523,1460.0395226000524,0.2724501291230388,97.92226108433671,-0.0010002377323985456
-95.19999999994775,1756218,97.94919567417602,14.86957135642447,151.80901950320742,77.39571934930444,58.73780523973441,28.607152012327262,10.445592013632194,1462.3600000000522,1462.1100000000522,1462.8900000000522,1460.1395226000523,0.2596223850702138,97.94885407910034,-0.0003415950756817665
-95.09999999994773,1756684,97.97518579908316,14.879367565550348,151.86873537615264,77.41625575493106,58.77650224114293,28.581161887420123,10.435795804506315,1462.4600000000523,1462.2100000000523,1462.990000000052,1460.2395226000522,0.6271651385851835,97.9753261436922,0.00014034460903644685
-94.9999999999477,1758467,98.07462870189309,14.889166421653211,151.8146601085813,77.49483174469987,58.81520969864428,28.481718984610197,10.425996948403451,1462.5600000000522,1462.3100000000522,1463.0900000000522,1460.3395226000523,0.6199146745552764,98.0378770738257,-0.03675162806739252
-94.89999999994768,1758907,98.09916873399425,14.898975140965119,151.87667065115696,77.51422234228724,58.853956117810235,28.45717895250904,10.416188229091544,1462.6600000000522,1462.4100000000522,1463.1900000000524,1460.4395226000524,0.2359189449724571,98.09884416272823,-0.0003245712660202571
-94.79999999994766,1759313,98.12181249088759,14.908786190485761,151.94161024971197,77.53211457551558,58.89271174177057,28.434535195615695,10.406377179570901,1462.7600000000523,1462.5100000000523,1463.2900000000523,1460.5395226000524,0.2300628009483506,98.12201098095599,0.00019849006839933736
-94.69999999994764,1759732,98.14518129418393,14.918599543161314,152.00542040310427,77.55057971276356,58.931476463657205,28.41116639231936,10.396563826895349,1462.8600000000524,1462.6100000000524,1463.3900000000522,1460.6395226000523,0.2454003210115882,98.14600099443439,0.0008197002504601869
-94.59999999994761,1760193,98.17089255508992,14.928415390684654,152.0655970638891,77.57089577069033,58.97025104069569,28.385455131413366,10.386747979372009,1462.9600000000523,1462.7100000000523,1463.4900000000523,1460.7395226000524,0.24846782502423573,98.17052818464204,-0.00036437044788328876
-94.49999999994759,1760623,98.19487485918879,14.938233648798247,152.12844530042568,77.58984567287798,59.009035140051765,28.3614728273145,10.376929721258415,1463.0600000000522,1462.8100000000522,1463.5900000000524,1460.8395226000525,0.24707350501843517,98.19488363951264,8.780323852874972e-06
-94.39999999994757,1761079,98.22030725609362,14.94805436741256,152.1890409937114,77.60994138310488,59.047828958881816,28.336040430409668,10.367109002644103,1463.1600000000524,1462.9100000000524,1463.6900000000524,1460.9395226000524,0.24484259300921113,98.21967564139908,-0.0006316146945408718
-94.29999999994754,1761501,98.24384337779064,14.95787758392653,152.25256941961172,77.62853872897277,59.086632644919206,28.312504308712647,10.357285786130133,1463.2600000000525,1463.0100000000525,1463.7900000000523,1461.0395226000524,0.23508235296903363,98.2439322208806,8.884308995504853e-05
-94.19999999994752,1761922,98.26732372668744,14.96770315385674,152.3161778119313,77.64709200530068,59.125445627425314,28.28902395981585,10.347460216199922,1463.3600000000524,1463.1100000000524,1463.8900000000524,1461.1395226000525,0.24679464101738874,98.26818644963663,0.0008627229491935395
-94.0999999999475,1762386,98.29320230599413,14.977531221216463,152.37606334759838,77.66754027184737,59.16426847528158,28.263145380509158,10.3376321488402,1463.4600000000523,1463.2100000000523,1463.9900000000525,1461.2395226000526,0.24261168100005817,98.2926829877719,-0.0005193182222313908
-93.99999999994748,1762792,98.31584606288746,14.9873616904543,152.44095728848913,77.68543250507572,59.20310081104072,28.240501623615827,10.327801679602363,1463.5600000000525,1463.3100000000525,1464.0900000000524,1461.3395226000525,0.2334091689621156,98.31659647301915,0.0007504101316868628
-93.89999999994745,1763223,98.33988413978656,14.997194540511071,152.50368323795365,77.70442647680335,59.24194255151474,28.216463546716724,10.317968829545592,1463.6600000000526,1463.4100000000526,1464.1900000000524,1461.4395226000524,0.2423328169989407,98.340390025301,0.0005058855144426389
-93.79999999994743,1763661,98.36431262628726,15.007029768459365,152.56579716543283,77.72372893531077,59.28079368513976,28.19203506021603,10.308133601597298,1463.7600000000525,1463.5100000000525,1464.2900000000525,1461.5395226000526,0.24372713700467016,98.36445665684133,0.00014403055406830845
-93.69999999994741,1764097,98.38862956718751,15.016867431842444,152.62807804013312,77.74294325473826,59.31965443922329,28.16771811931578,10.298295938214219,1463.8600000000524,1463.6100000000524,1464.3900000000526,1461.6395226000527,0.2348034889678451,98.38812293778156,-0.0005066294059474785
-93.59999999994739,1764503,98.41127332408084,15.026707393046925,152.6929475199662,77.76083548796659,59.358524270164686,28.14507436242245,10.288455977009738,1463.9600000000526,1463.7100000000526,1464.4900000000525,1461.7395226000526,0.23842872098272758,98.41146227943263,0.00018895535178842238
-93.49999999994736,1764952,98.43631531138406,15.036549724298334,152.75408955255128,77.7806227114137,59.39740346326936,28.120032375119223,10.278613645758329,1464.0600000000527,1463.8100000000527,1464.5900000000524,1461.8395226000525,0.24121736099432867,98.43554026696928,-0.0007750444147802682
-93.39999999994734,1765368,98.45951679627971,15.046394501100323,152.81808189484076,77.79895564004177,59.43629231679197,28.096830890223572,10.26876886895634,1464.1600000000526,1463.9100000000526,1464.6900000000526,1461.9395226000527,0.23703440097706913,98.45978738130306,0.00027058502334398327
-93.29999999994732,1765802,98.48372219157949,15.0562416817746,152.8805100652657,77.8180818203893,59.47519066609484,28.0726254949238,10.258921688282063,1464.2600000000525,1464.0100000000525,1464.7900000000527,1462.0395226000528,0.23619780897364565,98.48378600459489,6.381301540159257e-05
-93.1999999999473,1766215,98.50675635807445,15.066091258301247,152.94475034317077,77.83628254039745,59.51409847949768,28.049591328428832,10.249072111755416,1464.3600000000527,1464.1100000000527,1464.8900000000526,1462.1395226000527,0.23257257695869213,98.50719804660491,0.00044168853045789547
-93.09999999994727,1766636,98.53023670697124,15.075943121383926,153.00829090890906,77.85483581672537,59.553015325257924,28.02611097953205,10.239220248672737,1464.4600000000528,1464.2100000000528,1464.9900000000525,1462.2395226000526,0.2398230409885281,98.53054898011158,0.000312273140337993
-92.99999999994725,1767075,98.55472096627217,15.085797368097273,153.07026614442955,77.87418234477276,59.591941586839965,28.001626720231116,10.22936600195939,1464.5600000000527,1464.3100000000527,1465.0900000000527,1462.3395226000528,0.23898644898517568,98.55467917722795,-4.17890442179214e-05
-92.89999999994723,1767493,98.57803399676828,15.095654057219376,153.13405477039908,77.89260341248077,59.63087749642908,27.978313689735003,10.219509312837287,1464.6600000000526,1464.4100000000526,1465.1900000000528,1462.439522600053,0.23759212897937515,98.57872235038063,0.0006883536123467593
-92.7999999999472,1767927,98.60223939206806,15.105513112567355,153.196450767248,77.91172959282831,59.66982275308755,27.95410829443523,10.209650257489308,1464.7600000000527,1464.5100000000527,1465.2900000000527,1462.5395226000528,0.24289054500117563,98.60260335168763,0.00036395961957680356
-92.69999999994718,1768364,98.62661210576853,15.115374577889718,153.25858057133487,77.93098798179575,59.708777529630794,27.929735580734757,10.199788792166945,1464.8600000000529,1464.6100000000529,1465.3900000000526,1462.6395226000527,0.2420539529978232,98.62641276399276,-0.0001993417757688576
-92.59999999994716,1768795,98.65065018266763,15.125238395120157,153.32122360180426,77.94998195352339,59.74774159668519,27.905697503835654,10.189924974936506,1464.9600000000528,1464.7100000000528,1465.4900000000528,1462.7395226000529,0.2334091689621156,98.64990859666736,-0.0007415860002737418
-92.49999999994714,1769201,98.67329393956096,15.135104559609056,153.38602731636342,77.96787418675173,59.786714935883815,27.883053746942323,10.180058810447607,1465.0600000000527,1464.8100000000527,1465.590000000053,1462.839522600053,0.23062052895058557,98.67350400809785,0.00021006853688732008
-92.39999999994711,1769622,98.69677428845776,15.144973095921781,153.44952461828262,77.98642746307965,59.82569764426482,27.859573398045526,10.170190274134882,1465.1600000000528,1464.9100000000528,1465.6900000000528,1462.939522600053,0.24010190498971665,98.69730625553105,0.0005319670732859549
-92.29999999994709,1770062,98.72131432055892,15.154844020860166,153.5113680886655,78.00581806066701,59.864689788198845,27.83503336594437,10.160319349196497,1465.260000000053,1465.010000000053,1465.7900000000527,1463.0395226000528,0.23564008097133965,98.72079003308983,-0.0005242874690907229
-92.19999999994707,1770467,98.74390230465204,15.164717253928403,153.5762401524409,78.0236662243554,59.90369104971121,27.812445381851248,10.15044611612826,1465.3600000000529,1465.1100000000529,1465.8900000000529,1463.139522600053,0.2322937129575036,98.74400471695054,0.00010241229850294076
-92.09999999994704,1770895,98.76777306315043,15.17459282180356,153.63911072593675,78.0425279874631,59.94270153418171,27.788574623352858,10.140570548253102,1465.4600000000528,1465.2100000000528,1465.990000000053,1463.239522600053,0.23452462496672763,98.7672316903948,-0.0005413727556344838
-91.99999999994702,1771308,98.7908072296454,15.184470700266488,153.70327590267826,78.06072870747126,59.981721145939815,27.76554045685789,10.130692669790175,1465.560000000053,1465.310000000053,1466.090000000053,1463.339522600053,0.24930441702773026,98.79146332564714,0.0006560960017480966
-91.899999999947,1771789,98.81763394655599,15.194351114468695,153.761535341823,78.08192615619744,60.0207507743794,27.7387137399473,10.120812255587968,1465.660000000053,1465.410000000053,1466.1900000000528,1463.439522600053,0.2498621450299652,98.81669237291617,-0.0009415736398210584
-91.79999999994698,1772204,98.8407796586514,15.204234038741076,153.8255170714881,78.10021501528554,60.05979031810232,27.715568027851887,10.110929331315587,1465.760000000053,1465.510000000053,1466.290000000053,1463.539522600053,0.2392653129862221,98.8413737984004,0.0005941397489976907
-91.69999999994695,1772647,98.86548700915324,15.21411938922838,153.88706260881327,78.1197378214928,60.09883944586341,27.690860677350045,10.101043980828283,1465.8600000000529,1465.6100000000529,1466.390000000053,1463.6395226000532,0.23647667297476313,98.8652551110911,-0.00023189806213963493
-91.59999999994693,1773052,98.88807499324636,15.224007089763298,153.95190057853824,78.13758598518118,60.13789785678646,27.668272693256924,10.091156280293365,1465.960000000053,1465.710000000053,1466.490000000053,1463.739522600053,0.2339668969644216,98.88847813626424,0.0004031430178770279
-91.49999999994691,1773486,98.91228038854614,15.233897084855636,154.01421365490725,78.15671216552872,60.17696533167401,27.64406729795715,10.081266285201027,1466.0600000000532,1465.8100000000532,1466.590000000053,1463.839522600053,0.23508235296896257,98.91184751320476,-0.00043287534137448347
-91.39999999994689,1773895,98.93509146384017,15.243789459265944,154.07869173333108,78.17473660737697,60.21604220534732,27.62125622266312,10.071373910790719,1466.160000000053,1465.910000000053,1466.690000000053,1463.9395226000531,0.23870758498405822,98.93552607543394,0.0004346115937750028
-91.29999999994686,1774342,98.96002190554296,15.253684190070727,154.13986270769345,78.19443569174416,60.25512838725395,27.596325780960328,10.061479179985936,1466.260000000053,1466.010000000053,1466.7900000000532,1464.0395226000533,0.24344827300362376,98.95940985450149,-0.0006120510414717728
-91.19999999994684,1774768,98.9837811184409,15.263581341236847,154.20285190937415,78.21320931577192,60.29422413007593,27.572566568062385,10.051582028819816,1466.360000000053,1466.110000000053,1466.890000000053,1464.1395226000532,0.24289054500117563,98.98407667303695,0.0002955545960503514
-91.09999999994682,1775213,99.0086000145432,15.27348100540534,154.26418516332768,78.23282026105915,60.33332979976401,27.54774767196008,10.041682364651322,1466.4600000000532,1466.2100000000532,1466.990000000053,1464.239522600053,0.24735236901955265,99.00895205990787,0.0003520453646643773
-90.9999999999468,1775655,99.03325159224482,15.283383131648835,154.3257732723547,78.25229899772646,60.37244519514481,27.523096094258463,10.031780238407828,1466.5600000000532,1466.3100000000532,1467.0900000000531,1464.3395226000532,0.24623691301494063,99.03350587747376,0.0002542852289337816
-90.89999999994677,1776096,99.0578473971462,15.29328770658084,154.38744237260124,78.27173366485378,60.411570263339,27.498500289357082,10.021875663475823,1466.660000000053,1466.410000000053,1467.1900000000533,1464.4395226000534,0.23619780897364565,99.0576167552856,-0.0002306418606110583
-90.79999999994675,1776502,99.08049115403956,15.303194654999896,154.45214771097727,78.28962589808214,60.450704707285645,27.475856532463723,10.011968715056767,1466.7600000000532,1466.5100000000532,1467.2900000000532,1464.5395226000533,0.23368803296330415,99.08115377605576,0.0006626220161933816
-90.69999999994673,1776934,99.10458500373888,15.313103937336054,154.51458614915086,78.30866393934974,60.489848370675475,27.45176268276441,10.002059432720609,1466.8600000000533,1466.6100000000533,1467.390000000053,1464.6395226000532,0.2317359849551976,99.10423279739481,-0.000352206344061301
-90.5999999999467,1777333,99.12683835103061,15.323015501559379,154.5798873085925,78.3262476857983,60.529001047979726,27.429509335472673,9.992147868497284,1466.9600000000532,1466.7100000000532,1467.4900000000532,1464.7395226000533,0.2303416649494681,99.12752915877283,0.000690807742216748
-90.49999999994668,1777760,99.15065333672878,15.332929443167814,154.6427474471111,78.34506537936602,60.56816311643457,27.405694349774507,9.98223392688885,1467.0600000000532,1466.8100000000532,1467.5900000000534,1464.8395226000534,0.24205395299775215,99.15110890471189,0.0004555679831099724
-90.39999999994666,1778201,99.17524914163018,15.342845723340327,154.70438295979994,78.36450004649336,60.60733442268907,27.38109854487311,9.972317646716336,1467.1600000000533,1466.9100000000533,1467.6900000000533,1464.9395226000534,0.23870758498405822,99.17464421920631,-0.0006049224238608986
-90.29999999994664,1778616,99.1983948537256,15.35276437201166,154.76827417066875,78.38278890558146,60.646515084991506,27.357952832777684,9.962398998045003,1467.2600000000534,1467.0100000000534,1467.7900000000532,1465.0395226000533,0.23313030496099812,99.19820361318234,-0.0001912405432591413
-90.19999999994661,1779037,99.22187520262239,15.362685364062967,154.8316370023305,78.40134218190937,60.68570500411739,27.3344724838809,9.952478005993695,1467.3600000000533,1467.1100000000533,1467.8900000000533,1465.1395226000534,0.23647667297476313,99.22184668278095,-2.8519841436036586e-05
-90.09999999994659,1779464,99.24569018832057,15.37260874134822,154.8944716105899,78.42015987547713,60.72490434539831,27.31065749818272,9.942554628708443,1467.4600000000532,1467.2100000000532,1467.9900000000534,1465.2395226000535,0.25014100903108266,99.24540464285673,-0.00028554546383929846
-89.99999999994657,1779934,99.27190340442861,15.382534444991542,154.95355601598462,78.44087255926362,60.764112876262715,27.284444282074674,9.93262892506512,1467.5600000000534,1467.3100000000534,1468.0900000000534,1465.3395226000534,0.24763123302074116,99.2703140359801,-0.001589368448506434
-89.89999999994654,1780352,99.29521643492473,15.392462804155421,155.01716353318193,78.45929362697163,60.803331896968785,27.26113125157856,9.922700565901241,1467.6600000000535,1467.4100000000535,1468.1900000000533,1465.4395226000534,0.2258798409310911,99.29502771310142,-0.00018872182330653686
-89.79999999994652,1780744,99.31707937261484,15.402393450534168,155.083028496518,78.47656888664037,60.842559952634794,27.239268313888445,9.912769919522495,1467.7600000000534,1467.5100000000534,1468.2900000000534,1465.5395226000535,0.2264375689333971,99.31747270407429,0.00039333145944908665
-89.6999999999465,1781164,99.34050394871142,15.41232629869624,155.14644768314727,78.49507809342832,60.881796705788915,27.21584373779187,9.902837071360423,1467.8600000000533,1467.6100000000533,1468.3900000000535,1465.6395226000536,0.2297839369471621,99.34046221822898,-4.1730482436719285e-05
-89.59999999994648,1781568,99.36303616000428,15.422261542977818,155.21125499973,78.51288218757671,60.92104292409825,27.193311526499002,9.892901827078845,1467.9600000000535,1467.7100000000535,1468.4900000000534,1465.7395226000535,0.22727416093682057,99.36347508124996,0.00043892124567435076
-89.49999999994645,1781979,99.38595878089879,15.432198993712495,155.27544517363395,78.53099476850491,60.96029785834226,27.170388905604497,9.882964376344168,1468.0600000000536,1467.8100000000536,1468.5900000000534,1465.8395226000534,0.2300628009483506,99.38600158875047,4.2807851684756315e-05
-89.39999999994643,1782393,99.40904872019397,15.442138743295573,155.33936741272382,78.54923955805303,60.999561873500994,27.14729896630932,9.87302462676109,1468.1600000000535,1467.9100000000535,1468.6900000000535,1465.9395226000536,0.23619780897364565,99.40925833437645,0.00020961418248077734
-89.29999999994641,1782826,99.43319834269353,15.452080845379374,155.40162745368244,78.5683216688606,61.038835181511956,27.123149343809757,9.863082524677289,1468.2600000000534,1468.0100000000534,1468.7900000000536,1466.0395226000537,0.23731326497825767,99.43276128803986,-0.0004370546536733855
-89.19999999994639,1783244,99.45651137318963,15.462025295553184,155.46518857408128,78.5867427365686,61.07811776495194,27.09983631331366,9.853138074503478,1468.3600000000536,1468.1100000000536,1468.8900000000535,1466.1395226000536,0.2233700649206785,99.45564991527603,-0.000861457913600816
-89.09999999994636,1783627,99.47787235567768,15.471971975362434,155.53179424709896,78.60362137037761,61.117409155901505,27.07847533082561,9.843191394694228,1468.4600000000537,1468.2100000000537,1468.9900000000534,1466.2395226000535,0.217513920896572,99.47787647975485,4.124077179312735e-06
-88.99999999994634,1784024,99.50001415736895,15.481920870849141,155.59717254273932,78.6211169777462,61.156709299223806,27.056333529134335,9.833242499207522,1468.5600000000536,1468.3100000000536,1469.0900000000536,1466.3395226000537,0.2256009769299736,99.50038361715553,0.00036945978658309286
-88.89999999994632,1784436,99.52299255106368,15.491872052085869,155.66123621269963,78.63927362821438,61.1960184717196,27.033355135439606,9.823291317970794,1468.6600000000535,1468.4100000000535,1469.1900000000537,1466.4395226000538,0.23285144095988064,99.52347426677545,0.00048171571177135775
-88.7999999999463,1784859,99.54658444556094,15.5018255657025,155.72433400947057,78.65791504362225,61.235336857586326,27.00976324094235,9.813337804354163,1468.7600000000537,1468.5100000000537,1469.2900000000536,1466.5395226000537,0.22894734494373858,99.54645159612038,-0.0001328494405612446
-88.69999999994627,1785257,99.56878202005244,15.511781342405099,155.78960621694796,78.67545472053081,61.27466418309897,26.98756566645085,9.803382027651564,1468.8600000000538,1468.6100000000538,1469.3900000000535,1466.6395226000536,0.2261587049322796,99.56928390858148,0.0005018885290439812
-88.59999999994625,1785670,99.5918161865474,15.52173942248422,155.85356324268795,78.69365544053896,61.314000607413334,26.964531499955882,9.793423947572443,1468.9600000000537,1468.7100000000537,1469.4900000000537,1466.7395226000538,0.23619780897364565,99.59245656179074,0.0006403752433357113
-88.49999999994623,1786104,99.61602158184718,15.531699833717461,155.9156809023557,78.7127816208865,61.35334624025655,26.94032610465611,9.783463536339202,1469.0600000000536,1468.8100000000536,1469.5900000000538,1466.839522600054,0.2367555369758806,99.6159162901541,-0.00010529169307460506
-88.3999999999462,1786519,99.63916729394259,15.541662605742257,155.9794509311108,78.73107047997459,61.39270119870243,26.917180392560695,9.773500764314406,1469.1600000000537,1468.9100000000537,1469.6900000000537,1466.9395226000538,0.22560097692990255,99.63889527972705,-0.0002720142155396843
-88.29999999994618,1786913,99.66114177723317,15.55162761277341,156.04504760275645,78.74843387872328,61.43206498587413,26.895205909270118,9.763535757283252,1469.2600000000539,1469.0100000000539,1469.7900000000536,1467.0395226000537,0.2320148489563861,99.6616719409986,0.0005301637654326896
-88.19999999994616,1787351,99.68557026373388,15.56159494013046,156.1067955869622,78.7677363372307,61.47143793880098,26.870777422769407,9.753568429926203,1469.3600000000538,1469.1100000000538,1469.8900000000538,1467.1395226000539,0.2300628009483506,99.68482474408582,-0.000745519648063464
-88.09999999994614,1787738,99.70715433742285,15.571564577722233,156.17299160926703,78.7847912491996,61.510820017620844,26.849193349080437,9.74359879233443,1469.4600000000537,1469.2100000000537,1469.990000000054,1467.239522600054,0.21890824090237257,99.70728173362211,0.00012739619926094292
-87.99999999994611,1788136,99.72935191191436,15.581536396477189,156.2382197193012,78.80233092610817,61.5502107124751,26.826995774588923,9.733626973579474,1469.5600000000538,1469.3100000000538,1470.0900000000538,1467.339522600054,0.2236489289219381,99.72924597036132,-0.00010594155304488595
-87.89999999994609,1788540,99.75188412320725,15.59151042691631,156.3029166211904,78.82013502025659,61.589610143927786,26.80446356329604,9.723652943140353,1469.660000000054,1469.410000000054,1470.1900000000537,1467.4395226000538,0.2336880329632331,99.7521653955892,0.00028127238195452264
-87.79999999994607,1788974,99.77608951850702,15.601486829556311,156.36498588835215,78.8392612006041,61.62901894605229,26.780258167996266,9.713676540500352,1469.7600000000539,1469.5100000000539,1470.2900000000539,1467.539522600054,0.24484259300921113,99.77619808413243,0.00010856562541050607
-87.69999999994604,1789418,99.8008526418091,15.61146566653314,156.42617526088253,78.85882807635137,61.66843736429814,26.755495044694186,9.703697703523522,1469.8600000000538,1469.6100000000538,1470.390000000054,1467.639522600054,0.2281107529403151,99.79986080254552,-0.0009918392635768214
-87.59999999994602,1789792,99.8217116690951,15.621446801716825,156.4934776264034,78.87531008430064,61.707864860924495,26.734636017408192,9.693716568339838,1469.960000000054,1469.710000000054,1470.490000000054,1467.739522600054,0.22727416093689162,99.82283965806805,0.0011279889729536308
-87.499999999946,1790233,99.84630747399649,15.631430234464759,156.5549155489374,78.89474475142798,61.74730143339293,26.710040212506797,9.683733135591904,1470.060000000054,1469.810000000054,1470.5900000000538,1467.839522600054,0.2367555369758806,99.8458283714854,-0.00047910251109328783
-87.39999999994598,1790641,99.86906277649028,15.641415967391127,156.6192325484925,78.91272512373625,61.78674709203,26.687284910013005,9.673747402665535,1470.160000000054,1469.910000000054,1470.690000000054,1467.939522600054,0.2356400809712686,99.86918571956724,0.00012294307695981388
-87.29999999994595,1791078,99.89343549019075,15.651404071608676,156.6810070632279,78.93198351270371,61.82620211774539,26.662912196312533,9.663759298447987,1470.2600000000539,1470.0100000000539,1470.790000000054,1468.0395226000542,0.23926531298629317,99.89297967108999,-0.0004558191007646428
-87.19999999994593,1791499,99.91691583908755,15.66139456332535,156.74417521601086,78.95053678903163,61.86566657456375,26.639431847415736,9.653768806731312,1470.360000000054,1470.110000000054,1470.890000000054,1468.139522600054,0.22113915291159658,99.91635267957919,-0.000563159508359945
-87.09999999994591,1791871,99.93766332077308,15.671387342144596,156.81162458085146,78.96693065790095,61.90514006589846,26.618684365730203,9.643776027912066,1470.4600000000542,1470.2100000000542,1470.990000000054,1468.239522600054,0.22532211292878507,99.93874732369933,0.0010840029262482176
-86.99999999994589,1792307,99.96198026167332,15.681382312790094,156.87346600918164,78.98614497732844,61.944622215388826,26.59436742482997,9.63378105726657,1470.560000000054,1470.310000000054,1471.090000000054,1468.3395226000541,0.23313030496099812,99.96150730630235,-0.0004729553709665879
-86.89999999994586,1792707,99.9842893817653,15.691379643605861,156.93845243718448,79.00377279331695,61.98411368802768,26.572058304737993,9.623783726450801,1470.660000000054,1470.410000000054,1471.1900000000542,1468.4395226000543,0.21723505689545453,99.98408797710454,-0.0002014046607570208
-86.79999999994584,1793086,100.00542727305242,15.70137913038552,157.0052701991348,79.02047514896606,62.02361367715865,26.550920413450868,9.613784239671142,1470.760000000054,1470.510000000054,1471.290000000054,1468.5395226000542,0.2150041448862305,100.00548260880805,5.533575563276827e-05
-86.69999999994582,1793478,100.02729021074255,15.711380740127629,157.07094241007727,79.03775040863482,62.063122052419374,26.529057475760737,9.603782629929034,1470.8600000000542,1470.6100000000542,1471.390000000054,1468.639522600054,0.21751392089664306,100.02701634407003,-0.00027386667251505514
-86.5999999999458,1793866,100.04893005723176,15.721384533654339,157.13695813299665,79.05484939014367,62.10263905406963,26.50741762927153,9.593778836402324,1470.9600000000542,1470.7100000000542,1471.4900000000541,1468.7395226000542,0.22811075294024405,100.04932069486584,0.00039063763408364593
-86.49999999994577,1794296,100.07291236133061,15.731390604266606,157.19928832955006,79.07379929233132,62.142165050666996,26.483435325172678,9.583772765790057,1471.060000000054,1470.810000000054,1471.5900000000543,1468.8395226000544,0.2295050729460446,100.07222978083972,-0.0006825804908885402
-86.39999999994575,1794689,100.09483107182098,15.74139897961051,157.26485384960185,79.09111862154005,62.18170015141907,26.46151661468231,9.573764390446152,1471.1600000000542,1470.9100000000542,1471.6900000000542,1468.9395226000543,0.22699529693570308,100.09502243482072,0.00019136299974320536
-86.29999999994573,1795110,100.11831142071776,15.751409608753574,157.32795914388635,79.10967189786797,62.221244155132304,26.438036265785527,9.563753761303088,1471.2600000000543,1471.0100000000543,1471.790000000054,1469.0395226000542,0.23424576096561014,100.1179406614892,-0.0003707592285593364
-86.1999999999457,1795529,100.14168022401411,15.761422567742812,157.39123342533256,79.12813703511594,62.26079736220771,26.414667462489177,9.55374080231385,1471.3600000000542,1471.1100000000542,1471.8900000000542,1469.1395226000543,0.23313030496099812,100.14167172145332,-8.502560788770097e-06
-86.09999999994568,1795946,100.16493748170997,15.77143794309787,157.45467765082688,79.14651403328396,62.30036011441537,26.391410204793317,9.543725426958792,1471.4600000000542,1471.2100000000542,1471.9900000000544,1469.2395226000544,0.2361978089735746,100.16554656112471,0.0006090794147439738
-85.99999999994566,1796376,100.18891978580884,15.781455677055042,157.51697603680913,79.16546393547162,62.33993218357697,26.36742790069445,9.53370769300162,1471.5600000000543,1471.3100000000543,1472.0900000000543,1469.3395226000544,0.24065963299202267,100.18898708396132,6.729815248718296e-05
-85.89999999994563,1796809,100.21306940830839,15.791475740514667,157.57900475210312,79.1845460462792,62.37951345474299,26.3432782781949,9.523687629541996,1471.6600000000544,1471.4100000000544,1472.1900000000542,1469.4395226000543,0.24344827300348165,100.21296815987166,-0.00010124843672087991
-85.79999999994561,1797249,100.23760944040954,15.801498270687022,157.64041420082833,79.20393664386656,62.41910446992171,26.318738246093744,9.513665099369641,1471.7600000000543,1471.5100000000543,1472.2900000000543,1469.5395226000544,0.23452462496672763,100.23708250798785,-0.0005269324216925497
-85.69999999994559,1797650,100.25997433330174,15.81152315701627,157.70523842797763,79.22160852939506,62.45870479239526,26.296373353201545,9.503640213040393,1471.8600000000542,1471.6100000000542,1472.3900000000544,1469.6395226000545,0.2244855209253616,100.26044107815773,0.0004667448559843024
-85.59999999994557,1798054,100.28250654459463,15.821550358902657,157.7697935967224,79.23941262354344,62.498314261786426,26.27384114190866,9.493613011154006,1471.9600000000544,1471.7100000000544,1472.4900000000544,1469.7395226000544,0.2244855209253616,100.28253934992328,3.280532865801433e-05
-85.49999999994554,1798455,100.30487143748682,15.831579664886258,157.83460402272686,79.25708450907194,62.537932042785876,26.251476249016463,9.483583705170405,1472.0600000000545,1471.8100000000545,1472.5900000000543,1469.8395226000544,0.22727416093682057,100.30462478453494,-0.000246652951886972
-85.39999999994552,1798869,100.327961376782,15.841611283859569,157.89826750656624,79.27532929862005,62.577558960561085,26.228386309721287,9.473552086197094,1472.1600000000544,1471.9100000000544,1472.6900000000544,1469.9395226000545,0.22225460891613755,100.3275693873865,-0.00039198939549578427
-85.2999999999455,1799252,100.34932235927006,15.85164517876374,157.96464595955888,79.29220793242906,62.61719486872211,26.207025327233225,9.463518191292923,1472.2600000000543,1472.0100000000543,1472.7900000000545,1470.0395226000546,0.21779278489776055,100.34962031633304,0.0002979570629833006
-85.19999999994548,1799650,100.37151993376156,15.86168120792284,158.02970024156733,79.30974760933762,62.65683920762048,26.184827752741725,9.453482162133822,1472.3600000000545,1472.1100000000545,1472.8900000000544,1470.1395226000545,0.23173598495526865,100.37213272403724,0.0006127902756816184
-85.09999999994545,1800083,100.39566955626113,15.871719605308552,158.0916754224557,79.32882972014521,62.696492901491496,26.16067813024216,9.44344376474811,1472.4600000000546,1472.2100000000546,1472.9900000000544,1470.2395226000544,0.26213216108055526,100.39568911546203,1.955920090779273e-05
-84.99999999994543,1800590,100.42394636597768,15.881760345745937,158.1471443859377,79.35117297691065,62.7361558508891,26.132401320525602,9.433403024310726,1472.5600000000545,1472.3100000000545,1473.0900000000545,1470.3395226000546,0.23898644898510463,100.42033653919579,-0.003609826781897141
-84.89999999994541,1800940,100.44346684605816,15.891803672616396,158.21639944957815,79.3665973159006,62.775829017218875,26.11288084044513,9.423359697440267,1472.6600000000544,1472.4100000000544,1473.1900000000546,1470.4395226000547,0.20496504084486447,100.44385811700057,0.00039127094241564464
-84.79999999994538,1801325,100.46493937414667,15.901849117369341,158.28257316862,79.38356408878956,62.815510549611545,26.09140831235662,9.413314252687321,1472.7600000000546,1472.5100000000546,1473.2900000000545,1470.5395226000546,0.21639846489203104,100.46518925888894,0.0002498847422742756
-84.69999999994536,1801716,100.48674653903657,15.911896710468177,158.34821265993327,79.40079527891834,62.85520056840369,26.069601147466713,9.403266659588486,1472.8600000000547,1472.6100000000547,1473.3900000000544,1470.6395226000545,0.22281233691844357,100.48688025157833,0.00013371254175353897
-84.59999999994534,1802124,100.50950184153037,15.921946493419663,158.41235108819075,79.41877565122661,62.89489923755536,26.04684584497292,9.393216876637,1472.9600000000546,1472.7100000000546,1473.4900000000546,1470.7395226000547,0.22113915291152553,100.50877849349934,-0.0007233480310304685
-84.49999999994532,1802509,100.53097436961889,15.931998466166883,158.47850442183355,79.43574242411556,62.93460655684176,26.025373316884398,9.38316490388978,1473.0600000000545,1472.8100000000545,1473.5900000000547,1470.8395226000548,0.22337006492074957,100.53104286379937,6.849418048204825e-05
-84.3999999999453,1802925,100.55417585451453,15.942052701992427,158.54192594704344,79.45407535274362,62.97432281574387,26.00217183198876,9.373110668064236,1473.1600000000547,1472.9100000000547,1473.6900000000546,1470.9395226000547,0.23006280094827955,100.55391844375195,-0.000257410762571908
-84.29999999994527,1803334,100.57698692980856,15.952109249855637,158.6059568575903,79.47209979459187,63.01404820766097,25.97936075669473,9.363054120201026,1473.2600000000548,1473.0100000000548,1473.7900000000545,1471.0395226000546,0.21500414488630157,100.57618555863415,-0.000801371174404153
-84.19999999994525,1803696,100.5971766834918,15.962167939104159,158.67411457605633,79.4880529680615,63.05378205848186,25.95917100301149,9.352995430952504,1473.3600000000547,1473.1100000000547,1473.8900000000547,1471.1395226000548,0.21277323287714858,100.59760578185418,0.0004290983623889133
-84.09999999994523,1804097,100.619541576384,15.972228771012013,158.73883463170924,79.50572485358998,63.09352437323916,25.936806110119292,9.34293459904465,1473.4600000000546,1473.2100000000546,1473.9900000000548,1471.239522600055,0.22197574491494904,100.61948563731207,-5.593907192746883e-05
-83.9999999999452,1804492,100.6415718324748,15.982291836231624,158.80407614097393,79.52313232187863,63.13327551002825,25.91477585402849,9.332871533825038,1473.5600000000547,1473.3100000000547,1474.0900000000547,1471.3395226000548,0.22169688091383155,100.6416467975076,7.496503280890465e-05
-83.89999999994518,1804892,100.66388095256677,15.99235710037152,158.86887083071218,79.54076013786717,63.17303533299585,25.892466733936516,9.322806269685143,1473.6600000000549,1473.4100000000549,1474.1900000000546,1471.4395226000547,0.22392779292312665,100.66390689260045,2.5940033680171837e-05
-83.79999999994516,1805295,100.68635739105943,16.00242461761015,158.93339507216203,79.55852016247559,63.21280405615779,25.869990295443856,9.312738752446514,1473.7600000000548,1473.5100000000548,1474.2900000000548,1471.5395226000549,0.21751392089664306,100.68600424841391,-0.0003531426455225528
-83.69999999994513,1805672,100.70738373674611,16.012494301221206,159.000201445791,79.57513437904477,63.252581336927655,25.848963949757177,9.302669068835456,1473.8600000000547,1473.6100000000547,1474.390000000055,1471.639522600055,0.20273412883564043,100.70708261755028,-0.0003011191958250947
-83.59999999994511,1806022,100.72690421682657,16.022566034133664,159.06937832262963,79.59055871803471,63.29236671285128,25.82944346967672,9.292597335922999,1473.9600000000548,1473.7100000000548,1474.4900000000548,1471.739522600055,0.20580163284828795,100.72773929462966,0.0008350778030887795
-83.49999999994509,1806410,100.74854406331578,16.032639849080137,159.13520138816466,79.60765769954358,63.3321603132291,25.80780362318751,9.282523520976525,1474.060000000055,1473.810000000055,1474.5900000000547,1471.8395226000548,0.22532211292885612,100.74920051484224,0.0006564515264670945
-83.39999999994507,1806830,100.77196863941235,16.042715874236638,159.19819857485905,79.62616690633153,63.371962644382215,25.784379047090937,9.272447495820025,1474.1600000000549,1473.9100000000549,1474.6900000000549,1471.939522600055,0.2314571209540801,100.7718901479937,-7.849141864824105e-05
-83.29999999994504,1807240,100.7948354875066,16.05279422710974,159.2620708141288,79.64423541771976,63.411774170485266,25.761512198996684,9.262369142946923,1474.2600000000548,1474.0100000000548,1474.790000000055,1472.039522600055,0.22755302493793805,100.7947275579816,-0.0001079295250008272
-83.19999999994502,1807646,100.81747924439995,16.062874819748238,159.32628885521825,79.6621276509481,63.451594544113284,25.73886844210334,9.252288550308425,1474.360000000055,1474.110000000055,1474.890000000055,1472.139522600055,0.21946596890467857,100.81684753427434,-0.0006317101256030355
-83.099999999945,1808027,100.83872868128755,16.0729575966166,159.39270364481726,79.67891814567717,63.491423545889695,25.717619005215738,9.242205773440062,1474.460000000055,1474.210000000055,1474.9900000000548,1472.239522600055,0.2177927848976895,100.83864884930772,-7.983197983207901e-05
-82.99999999994498,1808427,100.8610378013795,16.083042549518105,159.457436688185,79.69654596166566,63.53126114343581,25.69530988512379,9.232120820538558,1474.560000000055,1474.310000000055,1475.090000000055,1472.339522600055,0.2322937129575036,100.8614394731874,0.00040167180790717794
-82.89999999994495,1808860,100.88518742387906,16.093129884511242,159.5192544659145,79.71562807247324,63.57110815072422,25.671160262624227,9.22203348554542,1474.6600000000549,1474.4100000000549,1475.190000000055,1472.4395226000552,0.23117825695296262,100.88487497976965,-0.0003124441094115582
-82.79999999994493,1809256,100.9072734527701,16.103219524514063,159.58432899340218,79.73307961030187,63.610964263265664,25.649074233733188,9.2119438455426,1474.760000000055,1474.510000000055,1475.290000000055,1472.539522600055,0.22811075294024405,100.90765477533274,0.0003813225626458916
-82.69999999994491,1809678,100.93080957446712,16.113311415466313,159.64710362872748,79.75167695616975,63.650829267511256,25.625538112036168,9.20185195459035,1474.8600000000552,1474.6100000000552,1475.390000000055,1472.639522600055,0.22337006492082062,100.93011064956478,-0.0006989249023376942
-82.59999999994488,1810057,100.95194746575427,16.12340554664398,159.71366527736862,79.76837931181889,63.69070312109896,25.604400220749014,9.191757823412683,1474.960000000055,1474.710000000055,1475.490000000055,1472.7395226000551,0.21528300888741903,100.95176950876954,-0.0001779569847286666
-82.49999999994486,1810450,100.97386617624461,16.13350176936807,159.77898420971508,79.7856986410276,63.7305852367168,25.582481510258674,9.181661600688592,1475.060000000055,1474.810000000055,1475.5900000000552,1472.8395226000553,0.22309120091956103,100.97358282752316,-0.00028334872145308054
-82.39999999994484,1810857,100.9965657059382,16.14360026320949,159.84306149788526,79.80363494379591,63.77047632370604,25.55978198056509,9.171563106847174,1475.160000000055,1474.910000000055,1475.690000000055,1472.9395226000552,0.22113915291159658,100.99607490457379,-0.0004908013644069342
-82.29999999994482,1811243,101.01809400682694,16.15370098434899,159.90898604023653,79.82064578622484,63.81037620897184,25.538253679676345,9.161462385707672,1475.2600000000552,1475.0100000000552,1475.790000000055,1473.039522600055,0.2258798409310911,101.01895673875765,0.0008627319307095149
-82.1999999999448,1811667,101.04174167412442,16.163804054557247,159.9715502399797,79.83933127117267,63.8502853735329,25.514606012378863,9.151359315499416,1475.3600000000552,1475.1100000000552,1475.8900000000551,1473.1395226000552,0.23508235296903363,101.04209016293201,0.0003484888075888648
-82.09999999994477,1812086,101.06511047742076,16.173909402381582,160.03454927202637,79.85779640842064,63.890203535136735,25.491237209082527,9.14125396767508,1475.460000000055,1475.210000000055,1475.9900000000553,1473.2395226000554,0.2300628009483506,101.06530573644226,0.00019525902149553076
-81.99999999994475,1812492,101.0877542343141,16.18401711570454,160.09869086804676,79.87568864164899,63.93013104093713,25.468593452189182,9.131146254352124,1475.5600000000552,1475.3100000000552,1476.0900000000552,1473.3395226000553,0.2150041448862305,101.08740171410749,-0.0003525202066185784
-81.89999999994473,1812857,101.10811130639802,16.194126882724408,160.16644632644483,79.8917740237385,63.970066659254435,25.44823638010527,9.121036487332255,1475.6600000000553,1475.4100000000553,1476.190000000055,1473.4395226000552,0.2150041448862305,101.10863063528515,0.000519328887136794
-81.7999999999447,1813263,101.13075506329136,16.2042388418316,160.23057310004646,79.90966625696684,64.01001093675869,25.425592623211926,9.110924528225063,1475.7600000000552,1475.5100000000552,1476.2900000000552,1473.5395226000553,0.2200236969069846,101.13052840167686,-0.00022666161450501932
-81.69999999994468,1813646,101.15211604577942,16.214352988404748,160.29672558769266,79.92654489077586,64.04996385519458,25.404231640723864,9.100810381651915,1475.8600000000552,1475.6100000000552,1476.3900000000554,1473.6395226000554,0.21472528088511303,101.15251226976827,0.000396223988843758
-81.59999999994466,1814033,101.17370011946839,16.22446934428556,160.36251837312767,79.94359980274474,64.08992550084122,25.382647567034894,9.090694025771104,1475.9600000000553,1475.7100000000553,1476.4900000000553,1473.7395226000554,0.22309120091956103,101.17441900445984,0.0007188849914427919
-81.49999999994463,1814446,101.19673428596334,16.234587872205644,160.42600570814554,79.96180052275288,64.12989572648097,25.359613400539942,9.080575497851019,1476.0600000000554,1475.8100000000554,1476.5900000000552,1473.8395226000553,0.22058142490921953,101.19665874828088,-7.553768246282289e-05
-81.39999999994461,1814824,101.21781640445025,16.24470867603522,160.49258177161178,79.97845880886203,64.16987494242214,25.33853128205304,9.070454694021443,1476.1600000000553,1475.9100000000553,1476.6900000000553,1473.9395226000554,0.2239277929230556,101.21882087115836,0.0010044667081103853
-81.29999999994459,1815249,101.24151984454797,16.25483163637988,160.55499424878727,79.99718836334984,64.20986267703275,25.31482784195532,9.060331733676783,1476.2600000000552,1476.0100000000552,1476.7900000000554,1474.0395226000555,0.22866848094262113,101.24097974807654,-0.0005400964714254997
-81.19999999994457,1815644,101.26355010063878,16.26495687198484,160.6200538675588,80.0145958316385,64.24985939938034,25.292797585864506,9.050206498071823,1476.3600000000554,1476.1100000000554,1476.8900000000554,1474.1395226000554,0.21695619289433707,101.26341542002109,-0.00013468061769117412
-81.09999999994454,1816027,101.28491108312684,16.27508431946389,160.68616880264184,80.0314744654475,64.2898648590766,25.271436603376443,9.040079050592773,1476.4600000000555,1476.2100000000555,1476.9900000000553,1474.2395226000554,0.22476438492647907,101.28584851141083,0.0009374282839900161
-80.99999999994452,1816450,101.30850297762409,16.285214041687126,160.74873838856374,80.05011588085536,64.32987930447109,25.2478447088792,9.029949328369536,1476.5600000000554,1476.3100000000554,1477.0900000000554,1474.3395226000555,0.23368803296330415,101.30883005427192,0.0003270766478351561
-80.8999999999445,1816865,101.33164868971951,16.295346085474748,160.8120098328961,80.06840473994345,64.36990292051303,25.224698996783772,9.019817284581915,1476.6600000000553,1476.4100000000553,1477.1900000000555,1474.4395226000556,0.23062052895065663,101.33178327292141,0.00013458320189840833
-80.79999999994448,1817277,101.35462708341423,16.305480398341714,160.87554034333732,80.08656139041162,64.40993549987593,25.201720603089058,9.009682971714948,1476.7600000000555,1476.5100000000555,1477.2900000000554,1474.5395226000555,0.22866848094255007,101.35442465892507,-0.00020242448916008016
-80.69999999994445,1817685,101.37738238590804,16.315616970406538,160.93941850164097,80.10454176271992,64.44997700352593,25.17896530059525,8.999546399650125,1476.8600000000556,1476.6100000000556,1477.3900000000554,1474.6395226000554,0.23034166494953914,101.37733950396492,-4.288194311641291e-05
-80.59999999994443,1818103,101.40069541640415,16.325755866242513,161.0024053503819,80.12296283042791,64.49002768654056,25.15565227009914,8.98940750381415,1476.9600000000555,1476.7100000000555,1477.4900000000555,1474.7395226000556,0.23089939295177409,101.40068633446813,-9.081936013899394e-06
-80.49999999994441,1818513,101.4235622644984,16.335897107673436,161.06609492843202,80.14103134181613,64.5300876351282,25.132785422004886,8.979266262383227,1477.0600000000554,1476.8100000000554,1477.5900000000556,1474.8395226000557,0.2353612169701511,101.424024477196,0.00046221269759882944
-80.39999999994438,1818947,101.44776765979819,16.346040671137956,161.12765266510226,80.16015752216369,64.57015675621678,25.1085800267051,8.969122698918707,1477.1600000000556,1476.9100000000556,1477.6900000000555,1474.9395226000556,0.23368803296330415,101.447560780102,-0.00020687969619359592
-80.29999999994436,1819351,101.47029987109107,16.35618661982946,161.191862452447,80.17796161631207,64.61023529943292,25.086047815412215,8.958976750227201,1477.2600000000557,1477.0100000000557,1477.7900000000554,1475.0395226000555,0.22922620894485607,101.470786424729,0.0004865536379270452
-80.19999999994434,1819769,101.49361290158717,16.366334828422907,161.25482540751062,80.19638268402008,64.65032276971742,25.062734784916117,8.948828541633755,1477.3600000000556,1477.1100000000556,1477.8900000000556,1475.1395226000557,0.23954417698741065,101.49396604164815,0.0003531400609801949
-80.09999999994432,1820210,101.51820870648856,16.376485413037795,161.31574445315334,80.21581735114742,64.69041962576574,25.038138980014722,8.938677957018868,1477.4600000000555,1477.2100000000555,1477.9900000000557,1475.2395226000558,0.37590867354948876,101.5178691593743,-0.00033954711426531503
-79.9999999999443,1821117,101.56879463629708,16.386638402254786,161.33536349360972,80.25578842390138,64.73052598047724,24.987553050206202,8.928524967801877,1477.5600000000557,1477.3100000000557,1478.0900000000556,1475.3395226000557,0.3499743214425792,101.5543491029026,-0.014445533394479071
-79.89999999994427,1821465,101.5882035707771,16.396796282858382,161.40453031472927,80.27112462381139,64.77065165715216,24.96814411572619,8.91836708719828,1477.6600000000558,1477.4100000000558,1478.1900000000555,1475.4395226000556,0.18879092877827444,101.58814420128202,-5.9369495076566636e-05
-79.79999999994425,1821794,101.60655282205275,16.406956031095046,161.4753731467413,80.28562350246195,64.8107847113543,24.94979486445054,8.908207338961617,1477.7600000000557,1477.5100000000557,1478.2900000000557,1475.5395226000558,0.196320256809299,101.6073313502553,0.0007785282025452034
-79.69999999994423,1822169,101.62746762213897,16.417117749128437,161.5421316033271,80.30214957995119,64.8509255466507,24.92888006436432,8.898045620928226,1477.8600000000556,1477.6100000000556,1478.3900000000558,1475.639522600056,0.208032544857512,101.62741894383961,-4.8678299350513043e-05
-79.5999999999442,1822540,101.64815933102426,16.42728151488382,161.60923742246274,80.31849937928052,64.8910744708619,24.908188355479027,8.887881855172843,1477.9600000000557,1477.7100000000557,1478.4900000000557,1475.7395226000558,0.19910889682068691,101.6475781356663,-0.0005811953579666351
-79.49999999994418,1822883,101.66728940150311,16.437447264755573,161.6788188366174,80.33361523149068,64.93123123273283,24.889058285000175,8.87771610530109,1478.0600000000559,1477.8100000000559,1478.5900000000556,1475.8395226000557,0.19046411278512143,101.66708259018795,-0.00020681131516653295
-79.39999999994416,1823223,101.6862521535813,16.447614931401862,161.7486590671106,80.34859887508094,64.9713955662497,24.870095532921994,8.8675484386548,1478.1600000000558,1477.9100000000558,1478.6900000000558,1475.9395226000559,0.1932527527965804,101.6864434380246,0.00019128444330362981
-79.29999999994413,1823576,101.70593995206244,16.457784553443183,161.8173389007595,80.36415542269079,65.01156762397123,24.85040773444085,8.85737881661348,1478.2600000000557,1478.0100000000557,1478.790000000056,1476.039522600056,0.20106094482879347,101.7066376365752,0.000697684512758201
-79.19999999994411,1823944,101.72646434254706,16.46795625892918,161.88468129076088,80.38037301340023,65.05174791171937,24.829883343956226,8.847207111127481,1478.3600000000558,1478.1100000000558,1478.8900000000558,1476.139522600056,0.19966662482313502,101.72656007328857,9.57307415063724e-05
-79.09999999994409,1824292,101.74587327702707,16.478129865457845,161.95379070158708,80.39570921331025,65.09193570896936,24.810474409476214,8.837033504598818,1478.460000000056,1478.210000000056,1478.9900000000557,1476.2395226000558,0.1915795687896624,101.74561724806568,-0.0002560289613882105
-78.99999999994407,1824631,101.764780256305,16.4883053823788,162.02369170209298,80.4106487873605,65.13213105265413,24.791567430198285,8.826857987677862,1478.5600000000559,1478.3100000000559,1479.0900000000559,1476.339522600056,0.1935316167976979,101.76501618217532,0.00023592587031373569
-78.89999999994404,1824986,101.78457960038662,16.498482868694285,162.09216497693936,80.42629347405031,65.17233417584443,24.771768086116666,8.816680501362377,1478.6600000000558,1478.4100000000558,1479.190000000056,1476.439522600056,0.19548366480580445,101.78450710285192,-7.249753470262021e-05
-78.79999999994402,1825332,101.80387698926617,16.508662283799374,162.16143011468992,80.44154153488039,65.21254491814257,24.752470697237115,8.806501086257288,1478.760000000056,1478.510000000056,1479.290000000056,1476.539522600056,0.1938104807988864,101.8038702480358,-6.741230365037154e-06
-78.699999999944,1825681,101.82334169654641,16.518843642743896,162.23042150760776,80.45692180433036,65.25276333899843,24.73300598995688,8.796319727312767,1478.860000000056,1478.610000000056,1479.3900000000558,1476.639522600056,0.1899063847828154,101.82295406487769,-0.0003876316687154713
-78.59999999994398,1826013,101.84185826622274,16.529026874612356,162.30091591027494,80.47155289160082,65.29298915828153,24.714489420280543,8.786136495444307,1478.960000000056,1478.710000000056,1479.490000000056,1476.739522600056,0.19632025680922793,101.84203291795215,0.0001746517294094474
-78.49999999994395,1826385,101.86260574790826,16.539212049327492,162.3678476305533,80.48794676047015,65.33322265220077,24.693741938595025,8.77595132072917,1479.0600000000559,1478.8100000000559,1479.590000000056,1476.8395226000562,0.19743571281383995,101.86196476746275,-0.0006409804455103085
-78.39999999994393,1826721,101.88134540878552,16.549399267565853,162.4379733224327,80.50275412590052,65.37346421844882,24.675002277717766,8.76576410249081,1479.160000000056,1478.910000000056,1479.690000000056,1476.939522600056,0.18711774477135643,101.88127549328286,-6.991550266377544e-05
-78.2999999999439,1827056,101.90002929686254,16.559588304426153,162.50818001419373,80.5175174217909,65.41371296862023,24.656318389640745,8.75557506563051,1479.2600000000562,1479.0100000000562,1479.790000000056,1477.039522600056,0.19576252880699296,101.90043641905007,0.00040712218752503304
-78.19999999994388,1827423,101.92049791454693,16.56977935484967,162.57553381207228,80.53369094296036,65.45396967277237,24.63584977195636,8.745384015206994,1479.360000000056,1479.110000000056,1479.890000000056,1477.1395226000561,0.19743571281383995,101.92022090051479,-0.0002770140321359804
-78.09999999994386,1827764,101.93951643942532,16.579972348606262,162.6451932255186,80.54871865609057,65.49423405348203,24.616831247077968,8.735191021450401,1479.460000000056,1479.210000000056,1479.9900000000562,1477.2395226000563,0.19743571281383995,101.94001591121788,0.0004994717925654868
-77.99999999994384,1828131,101.9599850571097,16.590167358031916,162.7125322619403,80.56489217726003,65.53450639649094,24.59636262939358,8.724996012024747,1479.560000000056,1479.310000000056,1480.090000000056,1477.3395226000562,0.1932527527965804,101.95974326695661,-0.00024179015309755414
-77.89999999994382,1828457,101.97816698998464,16.600364297259656,162.78351324837985,80.57925884729067,65.57478636260723,24.578180696518643,8.714799072797007,1479.6600000000562,1479.4100000000562,1480.190000000056,1477.439522600056,0.1915795687896624,101.97886005352711,0.0006930635424708953
-77.7999999999438,1828818,101.99830097086765,16.610563130042625,162.85137077711587,80.5951679512203,65.61507380864849,24.55804671563564,8.704600240014038,1479.7600000000562,1479.5100000000562,1480.2900000000561,1477.5395226000562,0.19213729679203945,101.99773234516624,-0.0005686257014048124
-77.69999999994377,1829146,102.01659444934306,16.620763843728696,162.9221592177519,80.60962276033091,65.65536868463627,24.539753237160227,8.694399526327967,1479.860000000056,1479.610000000056,1480.3900000000563,1477.6395226000564,0.19715684881265141,102.01728488099843,0.0006904316553715262
-77.59999999994375,1829525,102.03773234063019,16.63096658701883,162.98839856123087,80.62632511598001,65.69567157796938,24.5186153458731,8.684196783037834,1479.9600000000562,1479.7100000000562,1480.4900000000562,1477.7395226000563,0.19492593680349843,102.0371719535019,-0.000560387128288653
-77.49999999994373,1829845,102.05557963670377,16.6411712781194,163.05988694942934,80.64042736877083,65.73598216554647,24.500768049799518,8.673992091937262,1480.0600000000563,1479.8100000000563,1480.590000000056,1477.8395226000562,0.19185843279092196,102.05653174075859,0.0009521040548179371
-77.3999999999437,1830213,102.07610402718838,16.651377893366984,163.1270908314822,80.65664495948027,65.77630035389227,24.480243659314908,8.663785476689679,1480.1600000000562,1479.9100000000562,1480.6900000000562,1477.9395226000563,0.2066382248517825,102.07633454581308,0.00023051862470424567
-77.29999999994368,1830586,102.09690728167413,16.661586545028566,163.19384189631802,80.67308289788957,65.81662658648398,24.459440404829152,8.653576825028097,1480.2600000000562,1480.0100000000562,1480.7900000000564,1478.0395226000564,0.19938776082187545,102.09669490669918,-0.00021237497495008029
-77.19999999994366,1830928,102.11598157935276,16.67179723234833,163.26334991347983,80.68815468055973,65.85696086033599,24.440366107150524,8.643366137708334,1480.3600000000563,1480.1100000000563,1480.8900000000563,1478.1395226000564,0.1932527527965804,102.11634351553082,0.00036193617805224676
-77.09999999994363,1831279,102.13555783223346,16.68200981373168,163.3320477980189,80.70362308908966,65.8973026161211,24.420789854269827,8.633153556324984,1480.4600000000564,1480.2100000000564,1480.9900000000562,1478.2395226000563,0.20998459286561855,102.13637539297858,0.0008175607451192946
-76.99999999994361,1831681,102.1579784979259,16.692224507426932,163.39619041860573,80.72133904415813,65.93765271596416,24.39836918857739,8.62293886262973,1480.5600000000563,1480.3100000000563,1481.0900000000563,1478.3395226000564,0.205243904846053,102.15742404724956,-0.0005544506763328627
-76.89999999994359,1832015,102.17660661320268,16.70244129854113,163.46639267214556,80.73605827050854,65.97801110103501,24.379741073300607,8.612722071515531,1480.6600000000562,1480.4100000000562,1481.1900000000564,1478.4395226000565,0.18934865678043836,102.17694535086999,0.00033873766730607713
-76.79999999994357,1832360,102.19584822928199,16.712659896497108,163.53560527235254,80.75126226179864,66.0183766234952,24.360499457221295,8.602503473559555,1480.7600000000564,1480.5100000000564,1481.2900000000564,1478.5395226000564,0.19436820880119243,102.19585529011461,7.06083261547974e-06
-76.69999999994354,1832712,102.21548025496293,16.72288046959916,163.6041862532579,80.76677473986854,66.05874994818068,24.34086743154036,8.592282900457501,1480.8600000000565,1480.6100000000565,1481.3900000000563,1478.6395226000564,0.19381048079895746,102.21536025717292,-0.0001199977900085969
-76.59999999994352,1833055,102.23461032544179,16.733102968548547,163.67356333909163,80.78189059207868,66.09913088035147,24.321737361061494,8.582060401508116,1480.9600000000564,1480.7100000000564,1481.4900000000564,1478.7395226000565,0.19966662482306397,102.23516255669387,0.0005522312520724881
-76.4999999999435,1833428,102.25541357992755,16.743327502110503,163.74025507239426,80.79832853048798,66.13951984965217,24.30093410657574,8.57183586794616,1481.0600000000563,1480.8100000000563,1481.5900000000565,1478.8395226000566,0.20161867283109947,102.25504444031179,-0.0003691396157563531
-76.39999999994347,1833778,102.27493406000802,16.753553977436614,163.80899319482094,80.81375286947794,66.17991648931284,24.281413626495265,8.56160939262005,1481.1600000000565,1480.9100000000565,1481.6900000000564,1478.9395226000565,0.18488683276206133,102.27405165639942,-0.0008824036085997022
-76.29999999994345,1834091,102.29239094647997,16.763782312441787,163.88102924696233,80.82754663548894,66.2203204750808,24.263956740023318,8.551381057614876,1481.2600000000566,1481.0100000000566,1481.7900000000564,1479.0395226000564,0.18823320077582634,102.29286226632614,0.00047131984617010403
-76.19999999994343,1834453,102.3125807001632,16.774012549889886,163.94867996779138,80.84349980895854,66.26073197588194,24.24376698634009,8.541150820166777,1481.3600000000565,1481.1100000000565,1481.8900000000565,1479.1395226000566,0.19883003281964048,102.31253269720985,-4.800295334916882e-05
-76.0999999999434,1834804,102.3321569530439,16.784244818981236,164.01730715676058,80.85896821748848,66.30115150208358,24.22419073345938,8.530918551075427,1481.4600000000564,1481.2100000000564,1481.9900000000566,1479.2395226000567,0.19269502479434544,102.33199707744863,-0.00015987559527275153
-75.99999999994338,1835144,102.35111970512207,16.79447894930538,164.08690982268672,80.87395186107871,66.34157838053007,24.205227981381213,8.520684420751284,1481.5600000000566,1481.3100000000566,1482.0900000000565,1479.3395226000566,0.1896275207816269,102.35096573358024,-0.0001539715418346077
-75.89999999994336,1835484,102.37008245720024,16.804715012127957,164.156505580171,80.88893550466895,66.38201289273506,24.186265229303046,8.510448357928706,1481.6600000000567,1481.4100000000567,1482.1900000000564,1479.4395226000565,0.1915795687896624,102.37033345350429,0.00025099630404668005
-75.79999999994334,1835831,102.38943561888001,16.814953015996085,164.22546832454174,80.90422763503899,66.42245507246137,24.166912067623272,8.500210354060577,1481.7600000000566,1481.5100000000566,1482.2900000000566,1479.5395226000567,0.20050321682648745,102.38997284267899,0.0005372237989718087
-75.69999999994332,1836203,102.41018310056555,16.825193006696495,164.2921875276247,80.92062150390832,66.46290510057584,24.14616458593774,8.489970363360168,1481.8600000000565,1481.6100000000565,1482.3900000000567,1479.6395226000568,0.20022435282544104,102.40966924123713,-0.0005138593284215176
-75.5999999999433,1836549,102.42948048944511,16.835434949844338,164.3612255905091,80.93586956473838,66.50336284125136,24.126867197058175,8.479728420212325,1481.9600000000567,1481.7100000000567,1482.4900000000566,1479.7395226000567,0.19157956878973345,102.42903309797329,-0.00044739147182326633
-75.49999999994327,1836890,102.4484990143235,16.845678813316095,164.43070396727697,80.95089727786859,66.54382816759356,24.107848672179784,8.469484556740568,1482.0600000000568,1481.8100000000568,1482.5900000000565,1479.8395226000566,0.2013398088298399,102.44884132987353,0.0003423155500286157
-75.39999999994325,1837271,102.46974845121109,16.855924718110316,164.49659507201704,80.96768777259764,66.58430155757114,24.086599235292198,8.459238651946347,1482.1600000000567,1481.9100000000567,1482.6900000000567,1479.9395226000568,0.20831140885862948,102.469588360795,-0.00016009041608811003
-75.29999999994322,1837637,102.49016129609524,16.86617273098826,164.5638226898843,80.98381722422714,66.62478327490449,24.06618639040805,8.448990639068402,1482.2600000000566,1482.0100000000566,1482.7900000000568,1480.039522600057,0.1982723048173345,102.48994220387829,-0.00021909221695182168
-75.1999999999432,1837982,102.50940291217456,16.876422706551097,164.63292368418197,80.99902121551725,66.66527274523895,24.046944774328722,8.438740663505566,1482.3600000000567,1482.1100000000567,1482.8900000000567,1480.1395226000568,0.19185843279092196,102.50926188092706,-0.0001410312475087494
-75.09999999994318,1838325,102.52853298265343,16.88667458336445,164.70219647267817,81.0141370677274,66.70576972589632,24.027814703849856,8.428488786692213,1482.4600000000569,1482.2100000000569,1482.9900000000566,1480.2395226000567,0.2032918568380175,102.52869178595063,0.00015880329719664132
-74.99999999994316,1838711,102.55006128354218,16.89692844490829,164.76760943311115,81.03114791015632,66.74627454663931,24.00628640296111,8.418234925148372,1482.5600000000568,1482.3100000000568,1483.0900000000568,1480.3395226000569,0.1896275207816269,102.54809691126353,-0.001964372278649762
-74.89999999994313,1839005,102.56645848680976,16.907184202746706,164.84125953243284,81.04410435490789,66.78678685812827,23.989889199693522,8.407979167309957,1482.6600000000567,1482.4100000000567,1483.190000000057,1480.439522600057,0.17791523273334284,102.56685896104896,0.00040047423919986613
-74.79999999994311,1839349,102.58564433008885,16.917441816700507,164.9104212112312,81.059264276658,66.82730650164729,23.970703356414433,8.397721553356156,1482.7600000000568,1482.5100000000568,1483.2900000000568,1480.539522600057,0.18070387274487287,102.58508288306471,-0.0005614470241397385
-74.69999999994309,1839653,102.60259926135875,16.927701219323325,164.98316164684613,81.07266141680928,66.86783321076959,23.95374842514454,8.387462150733338,1482.860000000057,1482.610000000057,1483.3900000000567,1480.6395226000568,0.17875182473683737,102.6029795583548,0.00038029699605601763
-74.59999999994307,1839990,102.62139469503623,16.937962412612183,165.05293523779662,81.0875128517796,66.90836699338382,23.934952991467057,8.37720095744448,1482.9600000000569,1482.7100000000569,1483.4900000000569,1480.739522600057,0.1860022887667444,102.62128506219082,-0.00010963284540821405
-74.49999999994304,1840320,102.6397997191121,16.948225476335768,165.12332957309846,81.10205579997013,66.9489081645924,23.916547967391182,8.366937893720895,1483.0600000000568,1482.8100000000568,1483.590000000057,1480.839522600057,0.1913007047885449,102.64018350882392,0.00038378971181884936
-74.39999999994302,1840676,102.65965483599395,16.958490449313953,165.19138386356684,81.11774455619991,66.98945687774163,23.89669285050934,8.35667292074271,1483.160000000057,1482.910000000057,1483.690000000057,1480.939522600057,0.18544456076436736,102.65897425587748,-0.0006805801164659897
-74.299999999943,1840985,102.67688863126499,16.96875727118695,165.26364888329877,81.13136204405104,67.03001289439818,23.8794590552383,8.346406098869714,1483.260000000057,1483.010000000057,1483.7900000000568,1481.039522600057,0.18488683276206133,102.67735986862529,0.00047123736030130203
-74.19999999994297,1841339,102.69663220254637,16.979025921287683,165.33186685031998,81.14696266120087,67.07057613292297,23.85971548395692,8.33613744876898,1483.360000000057,1483.110000000057,1483.890000000057,1481.139522600057,0.19966662482306397,102.69647136990382,-0.00016083264254973528
-74.09999999994295,1841701,102.71682195622961,16.989296565460933,165.39935953918558,81.16291583467049,67.11114724843628,23.839525730273678,8.32586680459573,1483.4600000000569,1483.2100000000569,1483.990000000057,1481.2395226000572,0.20050321682648745,102.71653397455732,-0.000287981672286719
-73.99999999994293,1842058,102.73673284591167,16.999569228082596,165.46729448345585,81.17864866044023,67.15172633722784,23.819614840591612,8.315594141974067,1483.560000000057,1483.310000000057,1484.090000000057,1481.339522600057,0.1879543367747799,102.73584008585595,-0.0008927600557200321
-73.8999999999429,1842375,102.75441282358457,17.009843733478107,165.5388149867754,81.19261870461114,67.19231270534769,23.801934862918714,8.305319636578556,1483.6600000000572,1483.4100000000572,1484.190000000057,1481.439522600057,0.17484772872083743,102.75400088179077,-0.00041194179379999696
-73.79999999994288,1842685,102.77170239165585,17.020120028258958,165.6109574150719,81.20628026200224,67.23290614190044,23.784645294847437,8.295043341797705,1483.760000000057,1483.510000000057,1484.290000000057,1481.5395226000571,0.18460796876087282,102.77215723649925,0.0004548448434036345
-73.69999999994286,1843037,102.79133441733676,17.030398164925412,165.67931782830394,81.22179274007212,67.27350685427274,23.76501326916653,8.28476520513125,1483.860000000057,1483.610000000057,1484.3900000000572,1481.6395226000573,0.17986728074137834,102.79046076012882,-0.0008736572079328653
-73.59999999994284,1843330,102.80767584780413,17.04067812041099,165.7529749591646,81.23470511528372,67.31411475134735,23.748671838699153,8.274485249645672,1483.960000000057,1483.710000000057,1484.490000000057,1481.7395226000572,0.1759631847253784,102.80841009867281,0.0007342508686747351
-73.49999999994282,1843668,102.82652705428184,17.05095984694515,165.82257842807428,81.24960061979401,67.35472964442097,23.729820632221447,8.264203523111512,1484.0600000000572,1483.8100000000572,1484.590000000057,1481.839522600057,0.1862811527678619,102.82630139917664,-0.00022565510519712006
-73.39999999994279,1843998,102.84493207835771,17.06124338069083,165.89289365947408,81.26414356798453,67.39535167634449,23.711415608145572,8.253919989365833,1484.1600000000572,1483.9100000000572,1484.6900000000571,1481.9395226000572,0.18293478475402583,102.84464787354798,-0.0002842048097306815
-73.29999999994277,1844324,102.86311401123265,17.071528776519866,165.9635617744924,81.27851023801517,67.43598106387276,23.693233675270633,8.243634593536797,1484.260000000057,1484.010000000057,1484.7900000000573,1482.0395226000574,0.18126160074717887,102.86313395864843,1.9947415779597577e-05
-73.19999999994275,1844648,102.88118439850716,17.081816007482566,166.03440276617215,81.29278876896588,67.47661770054906,23.675163287996128,8.233347362574097,1484.3600000000572,1484.1100000000572,1484.8900000000572,1482.1395226000573,0.1954836648058755,102.882134412552,0.0009500140448466254
-73.09999999994272,1845025,102.90221074419384,17.092105203402383,166.10046645054015,81.30940298553506,67.5172620992022,23.65413694230945,8.22305816665428,1484.4600000000573,1484.2100000000573,1484.990000000057,1482.2395226000572,0.1965991208103454,102.90189428103466,-0.0003164631591801026
-72.9999999999427,1845353,102.92050422266924,17.102396386338775,166.17093469866433,81.32385779464565,67.55791434697147,23.63584346383405,8.212766983717888,1484.5600000000572,1484.3100000000572,1485.0900000000572,1482.3395226000573,0.1834925127564029,102.92066599411034,0.00016177144109974506
-72.89999999994268,1845683,102.93890924674513,17.112689336601207,166.24121492857475,81.33840074283619,67.59857357603497,23.61743843975816,8.202474033455456,1484.6600000000572,1484.4100000000572,1485.1900000000574,1482.4395226000574,0.1815404647483674,102.9389983837557,8.913701057622347e-05
-72.79999999994266,1846004,102.95681231561892,17.122984186015533,166.31229931171745,81.35254706516696,67.63924030713142,23.599535370884368,8.19217918404113,1484.7600000000573,1484.5100000000573,1485.2900000000573,1482.5395226000574,0.17986728074137834,102.95732041585713,0.000508100238207021
-72.69999999994263,1846328,102.97488270289341,17.133280800684386,166.38310577267566,81.36682559611765,67.67991401133919,23.581464983609877,8.181882569372277,1484.8600000000574,1484.6100000000574,1485.3900000000572,1482.6395226000573,0.1804250087437554,102.97510068122779,0.00021797833437631198
-72.59999999994261,1846651,102.99289731736768,17.14357920615178,166.45399491311196,81.38106005752839,67.72059478956231,23.56345036913561,8.171584163904882,1484.9600000000573,1484.7100000000573,1485.4900000000573,1482.7395226000574,0.19715684881272247,102.99368108758631,0.0007837702186321849
-72.49999999994259,1847035,103.01431407265596,17.153879536901908,166.5193783147775,81.39798276087737,67.76128317304045,23.542033613847323,8.161283833154755,1485.0600000000572,1484.8100000000572,1485.5900000000574,1482.8395226000575,0.19743571281383995,103.01317785054766,-0.0011362221083004442
-72.39999999994257,1847359,103.03238445993046,17.164181841721895,166.59016416723898,81.41226129182806,67.80197935449262,23.523963226572832,8.150981528334768,1485.1600000000574,1484.9100000000574,1485.6900000000574,1482.9395226000574,0.1901852487839329,103.03297314039285,0.0005886804623997932
-72.29999999994254,1847717,103.05235112241276,17.17448613152999,166.65787771429822,81.42803818713779,67.84268337704805,23.503996564090528,8.140677238526674,1485.2600000000575,1485.0100000000575,1485.7900000000573,1483.0395226000574,0.1882332007758974,103.05229962666475,-5.149574801066592e-05
-72.19999999994252,1848034,103.07003110008564,17.184792301647235,166.7292821999833,81.44200823130868,67.8833948272038,23.486316586417644,8.130371068409428,1485.3600000000574,1485.1100000000574,1485.8900000000574,1483.1395226000575,0.17289568071273087,103.0701433866618,0.00011228657615447446
-72.0999999999425,1848337,103.08693025855531,17.19510016020733,166.8019419831379,81.45536130192,67.92411294704925,23.469417427947974,8.120063209849334,1485.4600000000573,1485.2100000000573,1485.9900000000575,1483.2395226000576,0.1779152327334139,103.08751718387997,0.0005869253246544304
-71.99999999994247,1848672,103.10561414663233,17.205409805084013,166.87170672021048,81.47012459781038,67.96483812320545,23.450733539870953,8.10975356497265,1485.5600000000575,1485.3100000000575,1486.0900000000574,1483.3395226000575,0.1801461447424958,103.10541238989956,-0.0002017567327783354
-71.89999999994245,1848983,103.12295948750382,17.215721242685312,166.9436304799948,81.48383022474142,68.00557038098538,23.433388198999467,8.09944212737135,1485.6600000000576,1485.4100000000576,1486.1900000000574,1483.4395226000574,0.1868388807701679,103.12377387891885,0.0008143914150338105
-71.79999999994243,1849342,103.14298192278638,17.226034559859805,167.01121335386003,81.49965118959115,68.0463100634584,23.41336576371691,8.089128810196858,1485.7600000000575,1485.5100000000575,1486.2900000000575,1483.5395226000576,0.201339808829982,103.14328559726547,0.00030367447909895873
-71.6999999999424,1849705,103.16322744926983,17.236349899804768,167.078428292491,81.51564843260071,68.0870577362827,23.39312023723346,8.078813470251895,1485.8600000000574,1485.6100000000574,1486.3900000000576,1483.6395226000577,0.19046411278512143,103.16284103091148,-0.0003864183583459635
-71.59999999994238,1850025,103.18107474534341,17.24666712806599,167.1495201094941,81.52975068539153,68.12781286833697,23.375272941159878,8.068496241990673,1485.9600000000576,1485.7100000000576,1486.4900000000575,1483.7395226000576,0.18488683276213239,103.18128461281431,0.00020986747090034896
-71.49999999994236,1850368,103.20020481582226,17.256986156727336,167.2185262376685,81.54486653760168,68.16857511233478,23.356142870681026,8.058177213329326,1486.0600000000577,1485.8100000000577,1486.5900000000574,1483.8395226000575,0.19771457681488636,103.20020087302892,-3.942793341593642e-06
-71.39999999994234,1850734,103.2206176607064,17.2673071682406,167.28544703151732,81.56099598923116,68.20934518899749,23.33573002579689,8.047856201816064,1486.1600000000576,1485.9100000000576,1486.6900000000576,1483.9395226000577,0.19743571281383995,103.22029169340948,-0.00032596729691647397
-71.29999999994232,1851076,103.23969195838504,17.277630215066022,167.35453087200682,81.57606777190136,68.25012330555364,23.31665572811825,8.03753315499064,1486.2600000000575,1486.0100000000575,1486.7900000000577,1484.0395226000578,0.19157956878973345,103.23998031316859,0.00028835478354949373
-71.19999999994229,1851421,103.25893357446435,17.287955164303238,167.42333632407863,81.59127176319146,68.29090893701999,23.297414112038936,8.027208205753425,1486.3600000000577,1486.1100000000577,1486.8900000000576,1484.1395226000577,0.19102184078742743,103.25897226155047,3.868708611776128e-05
-71.09999999994227,1851761,103.27789632654253,17.29828200951834,167.49258674697327,81.6062554067817,68.3317020579813,23.278451359960755,8.016881360538324,1486.4600000000578,1486.2100000000578,1486.9900000000575,1484.2395226000576,0.19185843279092196,103.27796129423785,6.496769532304825e-05
-70.99999999994225,1852109,103.29730526102254,17.308610756562093,167.56110638922152,81.62159160669171,68.3725026915493,23.259042425480743,8.00655261349457,1486.5600000000577,1486.3100000000577,1487.0900000000577,1484.3395226000578,0.18906979277932087,103.29683687351842,-0.00046838750412803165
-70.89999999994222,1852439,103.3157102850984,17.318941376893047,167.63124726241193,81.63613455488223,68.41331072497947,23.240637401404882,7.996221993163616,1486.6600000000576,1486.4100000000576,1487.1900000000578,1484.439522600058,0.17986728074130728,103.31551516693632,-0.0001951181620825082
-70.7999999999422,1852754,103.33327871717081,17.329273859595485,167.7027388923438,81.65001645997317,68.45412611515253,23.223068969332473,7.985889510461178,1486.7600000000577,1486.5100000000577,1487.2900000000577,1484.5395226000578,0.18600228876667335,103.33398489160952,0.0007061744387044655
-70.69999999994218,1853106,103.35291074285175,17.339608173871373,167.770874078364,81.66552893804307,68.49494874041005,23.20343694365154,7.97555519618529,1486.8600000000579,1486.6100000000579,1487.3900000000576,1484.6395226000577,0.18906979277946298,103.35265866500245,-0.0002520778492964837
-70.59999999994216,1853432,103.37109267572671,17.34994439132849,167.84135624603442,81.67989560807374,68.53577888361718,23.185255010776572,7.965218978728174,1486.9600000000578,1486.7100000000578,1487.4900000000578,1484.7395226000579,0.18488683276220344,103.37125165030935,0.00015897458263225417
-70.49999999994213,1853769,103.3898881094042,17.36028242420144,167.91083481811384,81.69474704304406,68.57661619808295,23.16645957709909,7.954880945855223,1487.0600000000577,1486.8100000000577,1487.590000000058,1484.839522600058,0.18544456076436736,103.38935962599331,-0.00052848341088918
-70.39999999994211,1854097,103.4081815878796,17.370622263253694,167.98112099564943,81.70920185215462,68.61746064732117,23.14816609862369,7.944541106802969,1487.1600000000578,1486.9100000000578,1487.6900000000578,1484.939522600058,0.19074297678616783,103.40825161988882,7.003200921928965e-05
-70.29999999994209,1854453,103.42803670476144,17.380964074525423,168.04886400522062,81.7248906083844,68.658312887224,23.128310981741848,7.93419929553124,1487.260000000058,1487.010000000058,1487.7900000000577,1485.0395226000578,0.18823320077596845,103.4275520473549,-0.0004846574065453524
-70.19999999994207,1854772,103.4458282280348,17.39130777366317,168.11995294122414,81.73894879163527,68.69917258457828,23.110519458468488,7.923855596393494,1487.3600000000579,1487.1100000000579,1487.8900000000579,1485.139522600058,0.1868388807701679,103.4462326461054,0.00040441807060176416
-70.09999999994204,1855123,103.46540448091548,17.40165332105465,168.1881340759117,81.75441720016516,68.74003958290749,23.090943205587806,7.913510049002014,1487.4600000000578,1487.2100000000578,1487.990000000058,1485.239522600058,0.1901852487839329,103.4647787144187,-0.000625766496781921
-69.99999999994202,1855454,103.4838652777916,17.412000729406056,168.25812103814798,81.76900421789568,68.78091393240368,23.072482408711693,7.903162640650606,1487.560000000058,1487.310000000058,1488.090000000058,1485.339522600058,0.1899063847828154,103.4836541194037,-0.0002111583878985357
-69.899999999942,1855804,103.50338575787205,17.42235005187853,168.32637815960004,81.78442855688563,68.82179584306407,23.052961928631234,7.892813318178131,1487.660000000058,1487.410000000058,1488.1900000000578,1485.439522600058,0.1887909287782034,103.50285453810477,-0.0005312197672822094
-69.79999999994197,1856131,103.52162346354724,17.43270130031368,168.3967147834791,81.79883929645624,68.86268536166536,23.034724222956044,7.8824620697429815,1487.760000000058,1487.510000000058,1488.290000000058,1485.539522600058,0.18070387274487287,103.5213659179991,-0.00025754554813772756
-69.69999999994195,1856452,103.53952653242104,17.44305432506214,168.46758826543643,81.81298561878702,68.90358189706242,23.01682115408225,7.872109044994524,1487.8600000000579,1487.6100000000579,1488.390000000058,1485.6395226000582,0.17875182473676632,103.53931163395292,-0.00021489846811562074
-69.59999999994193,1856772,103.5573738284946,17.453409162640476,168.5385455172487,81.82708787157783,68.94448559350305,22.998973858008682,7.861754207416187,1487.960000000058,1487.710000000058,1488.490000000058,1485.739522600058,0.19297388879546293,103.55820069543744,0.0008268669428304065
-69.4999999999419,1857144,103.57812131018014,17.46376596520123,168.6047762239612,81.84348174044716,68.98539705202045,22.97822637632315,7.851397404855433,1488.0600000000582,1487.8100000000582,1488.590000000058,1485.839522600058,0.198551168818523,103.57747788029347,-0.0006434298866651034
-69.39999999994188,1857484,103.59708406225832,17.47412465821654,168.67390444807486,81.85846538403742,69.02631597821454,22.95926362424497,7.841038711840124,1488.160000000058,1487.910000000058,1488.690000000058,1485.9395226000581,0.19157956878973345,103.59678028414609,-0.00030377811222592754
-69.29999999994186,1857831,103.61643722393809,17.484485321258063,168.7423905868353,81.87375751440744,69.06724268640944,22.939910462565194,7.8306780487986,1488.260000000058,1488.010000000058,1488.7900000000582,1486.0395226000583,0.1873966087724739,103.61599194991331,-0.00044527402478422573
-69.19999999994184,1858156,103.63456338401282,17.494847856606526,168.81286788250577,81.88808011489812,69.10817679059429,22.921784302490465,7.8203155134501365,1488.360000000058,1488.110000000058,1488.890000000058,1486.1395226000582,0.18209819275060235,103.63441034412435,-0.00015303988847392702
-69.09999999994182,1858484,103.65285686248822,17.505212203326895,168.8830653896043,81.90253492400869,69.14911805006342,22.903490824015066,7.809951166729768,1488.4600000000582,1488.2100000000582,1488.990000000058,1486.239522600058,0.17958841674026085,103.65258546971208,-0.00027139277614196544
-68.99999999994179,1858800,103.67048106736088,17.515578373700475,168.95434643849643,81.91646089863963,69.19006651333046,22.885866619142405,7.799584996356188,1488.5600000000582,1488.3100000000582,1489.0900000000581,1486.3395226000582,0.18600228876667335,103.67082183639839,0.00034076903750701604
-68.89999999994177,1859151,103.69005732024156,17.52594636769418,169.02243880111058,81.93192930716954,69.23102218026472,22.866290366261723,7.789217002362484,1488.660000000058,1488.410000000058,1489.1900000000583,1486.4395226000584,0.20078208082760493,103.6900526376249,-4.682616662421424e-06
-68.79999999994175,1859520,103.71063748352641,17.536316384228005,169.08888817710243,81.94819096741895,69.2719858366403,22.845710202976875,7.7788469858286575,1488.7600000000582,1488.5100000000582,1489.2900000000582,1486.5395226000583,0.19353161679784,103.71026959633498,-0.0003678871914303272
-68.69999999994172,1859845,103.72876364360114,17.54668842161345,169.15933252517732,81.96251356790962,69.31295747578726,22.827584042902146,7.768474948443213,1488.8600000000583,1488.6100000000583,1489.390000000058,1486.6395226000582,0.18488683276213239,103.72921142109959,0.0004477774984508187
-68.5999999999417,1860183,103.74761485007885,17.55706222651223,169.2285866222869,81.97740907241992,69.35393609696833,22.80873283642444,7.758101143544433,1488.9600000000582,1488.7100000000582,1489.4900000000582,1486.7395226000583,0.1887909287782034,103.74717986245201,-0.00043498762683213954
-68.49999999994168,1860522,103.76652182935679,17.567437857585944,169.297742160766,81.99234864647019,69.3949219319086,22.789825857146496,7.747725512470719,1489.0600000000582,1488.8100000000582,1489.5900000000584,1486.8395226000584,0.1938104807988864,103.76624894782623,-0.00027288153056304054
-68.39999999994166,1860878,103.78637694623863,17.5778154763018,169.3653444074564,82.00803740269997,69.43591561843614,22.769970740264654,7.737347893754862,1489.1600000000583,1488.9100000000583,1489.6900000000583,1486.9395226000584,0.18934865678043836,103.78569399666416,-0.000682949574468239
-68.29999999994163,1861201,103.80439156071289,17.588194996385283,169.43594323847404,82.02227186411069,69.4769168157492,22.7519561257904,7.7269683736713795,1489.2600000000584,1489.0100000000584,1489.7900000000582,1487.0395226000583,0.18600228876667335,103.80452449398403,0.00013293327114638487
-68.19999999994161,1861545,103.82357740399198,17.5985763812006,169.50462333543078,82.03743178586082,69.51792537912905,22.73277028251131,7.716586988856061,1489.3600000000583,1489.1100000000583,1489.8900000000583,1487.1395226000584,0.18544456076450946,103.82316050142803,-0.00041690256394133485
-68.09999999994159,1861866,103.8414804728658,17.60895962848557,169.57539076194956,82.05157810819162,69.55894129963957,22.71486721363749,7.706203741571091,1489.4600000000582,1489.2100000000582,1489.9900000000584,1487.2395226000585,0.18628115276793294,103.84189217032512,0.0004116974593273426
-67.99999999994156,1862213,103.86083363454557,17.61934475963467,169.6437833498597,82.06687023856166,69.59996466179327,22.695514051957716,7.695818610421991,1489.5600000000584,1489.3100000000584,1490.0900000000584,1487.3395226000584,0.18795433677470885,103.86076036663692,-7.326790864681243e-05
-67.89999999994154,1862540,103.87907134022075,17.629731780558906,169.71399101960282,82.08128097813226,69.64099548893982,22.67727634628254,7.685431589497757,1489.6600000000585,1489.4100000000585,1490.1900000000583,1487.4395226000584,0.1801461447424958,103.8789356174075,-0.00013572281324059077
-67.79999999994152,1862859,103.89686286349408,17.64012054675816,169.78491997332782,82.0953391613831,69.68203321027461,22.65948482300921,7.675042823298504,1489.7600000000584,1489.5100000000584,1490.2900000000584,1487.5395226000585,0.17429000071846035,103.89654268350026,-0.000320179993821057
-67.6999999999415,1863165,103.91392934036445,17.65051108909561,169.8570268792581,82.10882444061433,69.72307794771345,22.64241834613884,7.664652280961054,1489.8600000000583,1489.6100000000583,1490.3900000000585,1487.6395226000586,0.1815404647483674,103.91449296475368,0.0005636243892297443
-67.59999999994147,1863510,103.93317095644376,17.660903445351114,169.92557123800668,82.1240284319044,69.76412985049436,22.623176730059527,7.654259924705549,1489.9600000000585,1489.7100000000585,1490.4900000000584,1487.7395226000585,0.1918584327908509,103.93346612986899,0.00029517342522922263
-67.49999999994145,1863853,103.95230102692263,17.671297782321588,169.99429168715463,82.13914428411458,69.8051895774988,22.60404665958066,7.643865587735075,1490.0600000000586,1489.8100000000586,1490.5900000000584,1487.8395226000584,0.19381048079895746,103.95294569204817,0.0006446651255487268
-67.39999999994143,1864205,103.97193305260356,17.681694034489528,170.06218423912202,82.15465676218447,69.84625686991943,22.584414633899726,7.633469335567135,1490.1600000000585,1489.9100000000585,1490.6900000000585,1487.9395226000586,0.19297388879539187,103.97223126257268,0.0002982099691166695
-67.2999999999414,1864545,103.99089580468171,17.692092228574108,170.1311647685374,82.1696404057747,69.88733183330235,22.565451881821573,7.623071141482555,1490.2600000000584,1490.0100000000584,1490.7900000000586,1488.0395226000587,0.18656001676897938,103.99105792413502,0.0001621194533072412
-67.19999999994138,1864874,104.00924505595736,17.702492246074357,170.20114160573274,82.18413928442526,69.92841399954487,22.547102630545922,7.612671123982306,1490.3600000000586,1490.1100000000586,1490.8900000000585,1488.1395226000586,0.18823320077596845,104.00930525085096,6.019489359232466e-05
-67.09999999994136,1865220,104.02854244483692,17.71289408962428,170.26955942420201,82.19938734525532,69.9695033790518,22.52780524166637,7.602269280432381,1490.4600000000587,1490.2100000000587,1490.9900000000584,1488.2395226000585,0.19102184078742743,104.0280908881814,-0.0004515566555198802
-66.99999999994134,1865559,104.04744942411486,17.723297864252,170.3386095704169,82.21432691930559,70.01060038670542,22.508898262388428,7.5918655058046625,1490.5600000000586,1490.3100000000586,1491.0900000000586,1488.3395226000587,0.17289568071265982,104.0462698037063,-0.0011796204085641193
-66.89999999994131,1865840,104.06312158097946,17.733703343585027,170.41294816228515,82.22671046003752,70.05170412828876,22.49322610552383,7.581460026471635,1490.6600000000585,1490.4100000000585,1491.1900000000587,1488.4395226000588,0.1754054567230013,104.06361060696689,0.0004890259874343883
-66.79999999994129,1866188,104.08253051545947,17.7441105863734,170.481160464655,82.24204665994755,70.0928148358763,22.47381717104382,7.571052783683264,1490.7600000000587,1490.5100000000587,1491.2900000000586,1488.5395226000587,0.19966662482306397,104.08257910339124,4.8587931772203774e-05
-66.69999999994127,1866556,104.10305490594408,17.75451985940571,170.54753941127584,82.25826425065698,70.1339335633368,22.45329278055921,7.5606435106509515,1490.8600000000588,1490.6100000000588,1491.3900000000585,1488.6395226000586,0.20161867283109947,104.10277977819894,-0.0002751277451409351
-66.59999999994125,1866911,104.1228542500257,17.764931142329043,170.61509954069146,82.27390893734679,70.17506023027211,22.43349343647759,7.550232227727619,1490.9600000000587,1490.7100000000587,1491.4900000000587,1488.7395226000588,0.1938104807988864,104.12250334916641,-0.00035090085928857206
-66.49999999994122,1867251,104.14181700210386,17.77534436007555,170.68402368778004,82.28889258093703,70.2161945401491,22.414530684399423,7.539819009981112,1491.0600000000586,1490.8100000000586,1491.5900000000588,1488.839522600059,0.19353161679776895,104.14185189381348,3.489170961756827e-05
-66.3999999999412,1867605,104.16156057338526,17.78575951270781,170.75166131153685,82.30449319808686,70.25733649321498,22.394787113118028,7.5294038573488535,1491.1600000000587,1490.9100000000587,1491.6900000000587,1488.9395226000588,0.19632025680922793,104.16164076058881,8.01872035509632e-05
-66.29999999994118,1867955,104.18108105346572,17.79617668822767,170.81965850493216,82.3199175370768,70.2984864370948,22.37526663303757,7.518986681828991,1491.2600000000589,1491.0100000000589,1491.7900000000586,1489.0395226000587,0.1938104807988864,104.18135799818079,0.00027694471506833906
-66.19999999994116,1868300,104.20032266954505,17.80659578430745,170.8881059877163,82.33512152836691,70.33964396757355,22.35602501695824,7.508567585749212,1491.3600000000588,1491.1100000000588,1491.8900000000588,1489.1395226000589,0.19213729679203945,104.20045929383737,0.00013662429232397244
-66.09999999994113,1868644,104.21950851282413,17.817016780086444,170.956637910973,82.35028145011704,70.38080900224728,22.336839173679152,7.498146589970219,1491.4600000000587,1491.2100000000587,1491.990000000059,1489.239522600059,0.19715684881272247,104.21959297956522,8.446674108597563e-05
-65.99999999994111,1869007,104.2397540393076,17.82743970290337,171.02342448142048,82.36627869312662,70.4219816491094,22.31659364719569,7.487723667153293,1491.5600000000588,1491.3100000000588,1492.0900000000588,1489.339522600059,0.19771457681502846,104.23945380228719,-0.0003002370204114868
-65.89999999994109,1869353,104.25905142818715,17.837864670846905,171.09176063368938,82.38152675395669,70.46316237463404,22.297296258316138,7.477298699209758,1491.660000000059,1491.410000000059,1492.1900000000587,1489.4395226000588,0.1952048008046159,104.2594898279039,0.00043839971675652123
-65.79999999994106,1869707,104.27879499946853,17.848291600868954,171.15935795920848,82.39712737110652,70.50435085076444,22.277552687034756,7.4668717691877085,1491.7600000000589,1491.5100000000589,1492.2900000000589,1489.539522600059,0.19241616079308588,104.2784998915285,-0.0002951079400332901
-65.69999999994104,1870043,104.29753466034578,17.858720370825218,171.22859546952603,82.41193473653686,70.54554659500602,22.25881302615751,7.456442999231445,1491.8600000000588,1491.6100000000588,1492.390000000059,1489.639522600059,0.19548366480580445,104.29754286845666,8.208110884311282e-06
-65.59999999994102,1870408,104.3178917324297,17.86915110944265,171.2951710649612,82.4280201186264,70.58675011585618,22.238455954073586,7.446012260614012,1491.960000000059,1491.710000000059,1492.490000000059,1489.739522600059,0.19408934480007495,104.3172853007981,-0.000606431631595683
-65.499999999941,1870739,104.3363525293058,17.87958382788538,171.36485409400714,82.4426071363569,70.62796145741548,22.219995157197488,7.435579542171283,1492.060000000059,1491.810000000059,1492.5900000000588,1489.839522600059,0.1798672807414494,104.3363776888272,2.5159521399586993e-05
-65.39999999994097,1871053,104.353865188578,17.89001838498042,171.43608770649124,82.45644497190789,70.66918006202215,22.20248249792529,7.425144985076244,1492.160000000059,1491.910000000059,1492.690000000059,1489.939522600059,0.17652091272761333,104.35415291066775,0.00028772208975169633
-65.29999999994095,1871372,104.37165671185133,17.90045465846752,171.50685561969178,82.47050315515872,70.71040544672358,22.184690974651957,7.414708711589142,1492.2600000000589,1492.0100000000589,1492.790000000059,1490.0395226000592,0.18209819275060235,104.37187440181688,0.00021768996555238118
-65.19999999994093,1871706,104.39028482712813,17.910892759860786,171.5762418842088,82.48522238150913,70.75163805202295,22.16606285937516,7.404270610195876,1492.360000000059,1492.110000000059,1492.890000000059,1490.139522600059,0.1943682088012635,104.39079790306451,0.000513075936382279
-65.0999999999409,1872069,104.41053035361159,17.921332818048135,171.64296318918403,82.50121962451873,70.79287838705353,22.145817332891696,7.393830552008527,1492.4600000000592,1492.2100000000592,1492.990000000059,1490.239522600059,0.309260177274809,104.41036841396807,-0.00016193964351884915
-64.99999999994088,1872815,104.4521368625831,17.931774833543585,171.67456188220038,82.5340955013373,70.8341264538458,22.104210823920184,7.383388536513078,1492.560000000059,1492.310000000059,1493.090000000059,1490.3395226000591,0.30591380926097295,104.44129162645721,-0.010845236125888391
-64.89999999994086,1873166,104.4717131154638,17.942221076373432,171.74238405130205,82.54956390986723,70.87539121946133,22.084634571039487,7.372942293683231,1492.660000000059,1492.410000000059,1493.1900000000592,1490.4395226000593,0.2144464168839245,104.47284720888445,0.0011340934206458542
-64.79999999994084,1873584,104.4950261459599,17.952669402985368,171.80405675872902,82.56798497757521,70.91666421643632,22.06132154054339,7.362493967071295,1492.760000000059,1492.510000000059,1493.290000000059,1490.5395226000592,0.21026345686673603,104.49401518363982,-0.0010109623200804663
-64.69999999994081,1873920,104.51376580683716,17.963119879410165,171.87324311526282,82.5827923430056,70.95794570560561,22.04258187966613,7.352043490646498,1492.8600000000592,1492.6100000000592,1493.390000000059,1490.639522600059,0.19715684881272247,104.51445061636502,0.0006848095278684241
-64.59999999994079,1874291,104.53445751572245,17.973572293108646,171.93921239229027,82.59914214233493,70.99923484739658,22.021890170780836,7.341591076948017,1492.9600000000592,1492.7100000000592,1493.4900000000591,1490.7395226000592,0.20552276884717047,104.53449995682045,4.24410980031098e-05
-64.49999999994077,1874657,104.5548703606066,17.984026779401535,172.0056341457377,82.61527159396442,71.04053217635341,22.001477325896687,7.331136590655127,1493.060000000059,1492.810000000059,1493.5900000000593,1490.8395226000594,0.20831140885862948,104.55540559977986,0.0005352391732600381
-64.39999999994075,1875038,104.57611979749419,17.994483374228608,172.07067358278275,82.63206208869349,71.08183783444542,21.9802278890091,7.320679995828055,1493.1600000000592,1492.9100000000592,1493.6900000000592,1490.9395226000593,0.21667732889307748,104.57667462619962,0.0005548287054324419
-64.29999999994072,1875434,104.59820582638523,18.00494211432678,172.13433033652453,82.6495136265221,71.12315196679089,21.95814186011806,7.310221255729882,1493.2600000000593,1493.0100000000593,1493.790000000059,1491.0395226000592,0.2105423208678535,104.59767603747773,-0.000529788907499551
-64.1999999999407,1875793,104.61822826166777,18.015402909436105,172.2013764597175,82.6653345913718,71.16447421684477,21.93811942483552,7.299760460620558,1493.3600000000592,1493.1100000000592,1493.8900000000592,1491.1395226000593,0.20552276884724152,104.61820787547717,-2.038619059874236e-05
-64.09999999994068,1876171,104.63931038015468,18.02586575590188,172.26667196499955,82.68199287748095,71.20580457017029,21.917037306348604,7.289297614154783,1493.4600000000592,1493.2100000000592,1493.9900000000594,1491.2395226000594,0.21082118486911308,104.63936246752732,5.2087372637288354e-05
-63.999999999940655,1876549,104.6603924986416,18.036330781929617,172.33196198995444,82.69865116359011,71.24714353320503,21.895955187861688,7.278832588127045,1493.5600000000593,1493.3100000000593,1494.0900000000593,1491.3395226000594,0.20161867283109947,104.66018874976164,-0.00020374887995444624
-63.89999999994063,1876894,104.67963411472091,18.046797793651837,172.40027581557956,82.7138551548802,71.28849034013342,21.876713571782375,7.268365576404825,1493.6600000000594,1493.4100000000594,1494.1900000000592,1491.4395226000593,0.19799344081614595,104.68007988266784,0.00044576794692829935
-63.79999999994061,1877259,104.69999118680484,18.057266797906156,172.46674611164516,82.72994053696974,71.32984501796537,21.85635649969845,7.257896572150507,1493.7600000000593,1493.5100000000593,1494.2900000000593,1491.5395226000594,0.20831140885862948,104.70021607688416,0.0002248900793233588
-63.69999999994059,1877641,104.72129639649265,18.067737836867217,172.53164789385045,82.74677510123875,71.37120773329923,21.83505129001064,7.247425533189446,1493.8600000000592,1493.6100000000592,1494.3900000000594,1491.6395226000595,0.20886913686086442,104.72105818619985,-0.0002382102927924734
-63.599999999940565,1878008,104.74176501417702,18.0782110095434,172.59792220511537,82.76294862240822,71.41257887723809,21.814582672326267,7.236952360513264,1493.9600000000594,1493.7100000000594,1494.4900000000594,1491.7395226000594,0.201339808829982,104.74146261965308,-0.0003023945239419845
-63.49999999994054,1878363,104.76156435825865,18.088686129391153,172.6652922777319,82.77859330909804,71.45395771289729,21.794783328244634,7.22647724066551,1494.0600000000595,1493.8100000000595,1494.5900000000593,1491.8395226000594,0.20552276884724152,104.76175458533709,0.00019022707843419084
-63.39999999994052,1878745,104.78286956794648,18.099163360460473,172.73017464676386,82.79542787336706,71.4953448883074,21.77347811855681,7.21600000959619,1494.1600000000594,1493.9100000000594,1494.6900000000594,1491.9395226000595,0.20663822485171143,104.78273739728483,-0.00013217066164372682
-63.299999999940496,1879104,104.802892003229,18.109642676870614,172.79716552394999,82.81124883821676,71.53674030123425,21.753455683274282,7.205520693186049,1494.2600000000593,1494.0100000000593,1494.7900000000595,1492.0395226000596,0.20022435282529893,104.80316581173047,0.0002738085014613034
-63.199999999940474,1879463,104.82291443851155,18.120123993622823,172.8641498920732,82.82706980306645,71.57814361591562,21.73343324799174,7.19503937643384,1494.3600000000595,1494.1100000000595,1494.8900000000594,1492.1395226000595,0.20803254485758305,104.82354113909769,0.0006267005861388952
-63.09999999994045,1879850,104.84449851220053,18.13060738509844,172.9285526888053,82.84412471503535,71.61955512617281,21.711849174302756,7.184555984958223,1494.4600000000596,1494.2100000000596,1494.9900000000594,1492.2395226000594,0.21444641688399554,104.84434060955553,-0.00015790264500026296
-62.99999999994043,1880232,104.86580372188835,18.14109286174474,172.9934088891,82.86095927930437,71.66097487327467,21.690543964614932,7.1740705083119245,1494.5600000000595,1494.3100000000595,1495.0900000000595,1492.3395226000596,0.20635936085066503,104.86529903587669,-0.000504686011666422
-62.899999999940405,1880590,104.88577038437067,18.15158044490562,173.06046738643622,82.87673617461411,71.70240294153389,21.670577302132614,7.163582925151044,1494.6600000000594,1494.4100000000594,1495.1900000000596,1492.4395226000597,0.20496504084486447,104.88606520547708,0.0002948211064079942
-62.79999999994038,1880967,104.90679673005734,18.162070074785838,173.1257710739169,82.89335039118328,71.74383909474722,21.64955095644595,7.153093295270825,1494.7600000000596,1494.5100000000596,1495.2900000000595,1492.5395226000596,0.2024552648344519,104.90645069106337,-0.0003460389939675679
-62.69999999994036,1881316,104.92626143733757,18.172561735043836,173.1936455764849,82.90873066063325,71.78528326836216,21.630086249165714,7.142601635012827,1494.8600000000597,1494.6100000000597,1495.3900000000594,1492.6395226000595,0.19157956878973345,104.92610334956568,-0.00015808777189363354
-62.59999999994034,1881654,104.94511264381529,18.183055295455755,173.26252588025912,82.92362616514356,71.82673494796829,21.611235042687994,7.132108074600907,1494.9600000000596,1494.7100000000596,1495.4900000000596,1492.7395226000597,0.1993877608219465,104.94546446202891,0.00035181821361618404
-62.499999999940314,1882031,104.96613898950197,18.193550827936246,173.32780840644094,82.94024038171274,71.86819441764291,21.590208697001316,7.121612542120417,1495.0600000000595,1494.8100000000595,1495.5900000000597,1492.8395226000598,0.2111000488701595,104.96619494025596,5.595075398900917e-05
-62.39999999994029,1882411,104.98733265358933,18.204048534443814,173.39280915449993,82.95698680690182,71.90966247516288,21.569015032913953,7.111114835612849,1495.1600000000597,1494.9100000000597,1495.6900000000596,1492.9395226000597,0.208032544857512,104.98713260050295,-0.00020005308638815222
-62.29999999994027,1882777,105.00774549847348,18.214548254456354,173.4590926411342,82.97311625853132,71.95113848643349,21.548602188029804,7.100615115600309,1495.2600000000598,1495.0100000000598,1495.7900000000595,1493.0395226000596,0.208032544857512,105.00745103102759,-0.00029446744589733953
-62.199999999940246,1883157,105.02893916256085,18.225050024650024,173.52407983900324,82.98986268372042,71.99262259633299,21.52740852394244,7.090113345406639,1495.3600000000597,1495.1100000000597,1495.8900000000597,1493.1395226000598,0.20161867283109947,105.0281535787633,-0.0007855837975512259
-62.09999999994022,1883500,105.04806923303971,18.23555388517211,173.59247074516117,83.00497853593056,72.03411496345123,21.508278453463575,7.079609484884553,1495.4600000000596,1495.2100000000596,1495.9900000000598,1493.23952260006,0.20022435282537,105.04887424219645,0.0008050091567355366
-61.9999999999402,1883875,105.06898403312593,18.246059799498468,173.65790644502556,83.0215046134198,72.07561544351049,21.487363653377358,7.069103570558195,1495.5600000000597,1495.3100000000597,1496.0900000000597,1493.3395226000598,0.20580163284828795,105.06908523694959,0.00010120382366096692
-61.89999999994018,1884238,105.08922955960938,18.256567702219506,173.72444139828715,83.03750185642937,72.11712377812967,21.467118126893908,7.058595667837157,1495.6600000000599,1495.4100000000599,1496.1900000000596,1493.4395226000597,0.19827230481726343,105.08895921827728,-0.00027034133209724587
-61.799999999940155,1884586,105.10863849408939,18.267077591342126,173.79235287468163,83.05283805633938,72.15863995943566,21.447709192413896,7.048085778714537,1495.7600000000598,1495.5100000000598,1496.2900000000598,1493.5395226000599,0.1932527527965804,105.10855847967261,-8.001441678118226e-05
-61.69999999994013,1884931,105.1278801101687,18.277589413915443,173.86053437738357,83.06804204762948,72.20016377826177,21.428467576334583,7.03757395614122,1495.8600000000597,1495.6100000000597,1496.39000000006,1493.63952260006,0.20301299283690002,105.12841102262766,0.0005309124589558678
-61.59999999994011,1885314,105.14924109265678,18.288103273546657,173.9252046282608,83.08492068143849,72.24169564387735,21.407106593846507,7.027060096510006,1495.9600000000598,1495.7100000000598,1496.4900000000598,1493.73952260006,0.22783188893919765,105.15029994546578,0.0010588528089954252
-61.49999999994009,1885748,105.17344648795655,18.29861947390454,173.9851653145162,83.10404686178603,72.28323675583526,21.382901198546733,7.016543896152122,1496.06000000006,1495.81000000006,1496.5900000000597,1493.8395226000598,0.20831140885862948,105.1721468614357,-0.0012996265208471414
-61.399999999940064,1886061,105.19090337442852,18.30913770291895,174.05628353382718,83.11784062779704,72.32478588139551,21.36544431207477,7.006025667137713,1496.1600000000599,1495.9100000000599,1496.6900000000599,1493.93952260006,0.18656001676897938,105.19152341973832,0.0006200453098017533
-61.29999999994004,1886417,105.21075849131036,18.319657778588496,174.12342655149249,83.13352938402682,72.36634230161593,21.34558919519293,6.9955055914681665,1496.2600000000598,1496.0100000000598,1496.79000000006,1494.03952260006,0.18851206477701488,105.2103189243223,-0.00043956698806368877
-61.19999999994002,1886737,105.22860578738393,18.330179766703818,174.19388605927404,83.14763163681764,72.4079062763828,21.32774189911936,6.984983603352845,1496.36000000006,1496.11000000006,1496.89000000006,1494.13952260006,0.1932527527965804,105.22937978724593,0.0007739998620053257
-61.099999999939996,1887110,105.24940904186968,18.340703654545948,174.25944545921166,83.16406957522692,72.44947775545363,21.306938644633604,6.974459715510715,1496.46000000006,1496.21000000006,1496.9900000000598,1494.23952260006,0.20273412883571149,105.24893287850654,-0.0004761633631460427
-60.99999999993997,1887464,105.26915261315108,18.351229553279524,174.32675287809755,83.17967019237676,72.49105717795116,21.28719507335221,6.963933816777139,1496.56000000006,1496.31000000006,1497.09000000006,1494.33952260006,0.1954836648058755,105.26892294739235,-0.0002296657587237405
-60.89999999993995,1887811,105.28850577483087,18.36175743913543,174.39470058017287,83.1949623227468,72.5326444499826,21.26784191167242,6.953405930921232,1496.6600000000599,1496.4100000000599,1497.19000000006,1494.4395226000602,0.20022435282537,105.28868348609983,0.00017771126896093392
-60.79999999993993,1888182,105.30919748371616,18.37228728997675,174.4604244355545,83.21131212207617,72.57423948410263,21.247150202787125,6.9428760800799125,1496.76000000006,1496.51000000006,1497.29000000006,1494.53952260006,0.20663822485171143,105.30917015557286,-2.7328143303861907e-05
-60.699999999939905,1888552,105.32983341980122,18.38281927316655,174.5262351256194,83.22761785186553,72.61584294142916,21.22651426670207,6.932344096890112,1496.8600000000602,1496.6100000000602,1497.39000000006,1494.63952260006,0.204128448841441,105.32996336210424,0.0001299423030189928
-60.59999999993988,1888914,105.35002317348446,18.393353282649176,174.59277870646542,83.24357102533514,72.65745440302094,21.206324513018828,6.921810087407486,1496.96000000006,1496.71000000006,1497.49000000006,1494.7395226000601,0.20050321682648745,105.35019170192177,0.00016852843731385292
-60.49999999993986,1889271,105.36993406316653,18.40388931150694,174.6597781913225,83.25930385110489,72.6990738415517,21.18641362333676,6.911274058549722,1497.06000000006,1496.81000000006,1497.5900000000602,1494.8395226000603,0.20245526483452295,105.37045929081947,0.000525227652943272
-60.39999999993984,1889640,105.39051422645137,18.414427374507344,174.7256620737278,83.27556551135432,72.74070131535608,21.165833460051914,6.900735995549319,1497.16000000006,1496.91000000006,1497.69000000006,1494.9395226000602,0.205243904846053,105.3906408877207,0.00012666126933424948
-60.299999999939814,1890007,105.41098284413575,18.42496743968449,174.7917241880599,83.29173903252376,72.7823366981623,21.14536484236754,6.8901959303721725,1497.2600000000602,1497.0100000000602,1497.79000000006,1495.03952260006,0.20580163284828795,105.41081264421668,-0.00017019991906863652
-60.19999999993979,1890378,105.43167455302104,18.435509537036193,174.8574099310646,83.30808883185311,72.82398010846781,21.124673133482247,6.87965383302047,1497.3600000000602,1497.1100000000602,1497.8900000000601,1495.1395226000602,0.19743571281383995,105.4308610536042,-0.0008134994168358389
-60.09999999993977,1890715,105.45046998669852,18.446053611895216,174.926234223726,83.32294026682344,72.86563133032598,21.105877699804765,6.869109758161446,1497.46000000006,1497.21000000006,1497.9900000000603,1495.2395226000604,0.24177508899663466,105.45108804829728,0.0006180615987574356
-59.999999999939746,1891245,105.48002957082038,18.456599754645858,174.9771954913409,83.34629712300823,72.90729072077305,21.07631811568291,6.858563615410805,1497.5600000000602,1497.3100000000602,1498.0900000000602,1495.3395226000603,0.24400600100578765,105.4753056768219,-0.004723893998473727
-59.89999999993972,1891590,105.49927118689969,18.467148673030586,175.0452724959083,83.36150111429832,72.94896107553443,21.057076499603596,6.848014697026077,1497.6600000000603,1497.4100000000603,1498.19000000006,1495.4395226000602,0.20329185683794646,105.49963050681401,0.00035931991432391897
-59.7999999999397,1891974,105.52068794218798,18.477699680747225,175.1097347931495,83.3784238176473,72.99063968357818,21.03565974431531,6.837463689309438,1497.7600000000602,1497.5100000000602,1498.2900000000602,1495.5395226000603,0.19715684881272247,105.51972375267144,-0.0009641895165373171
-59.69999999993968,1892297,105.53870255666224,18.488252617781125,175.1798361160925,83.39265827905803,73.03232591281413,21.017645129841043,6.826910752275538,1497.8600000000602,1497.6100000000602,1498.3900000000604,1495.6395226000604,0.1798672807414494,105.5388278641418,0.00012530747954997423
-59.599999999939655,1892619,105.55666139833627,18.498807446320058,175.25002402748999,83.40684867092878,73.07401961387639,20.999686288167013,6.816355923736605,1497.9600000000603,1497.7100000000603,1498.4900000000603,1495.7395226000604,0.19157956878973345,105.55761315875644,0.00095176042016476
-59.49999999993963,1892984,105.5770184704202,18.50936414041288,175.31622325173635,83.42293405301831,73.1157206842527,20.979329216083087,6.805799229643782,1498.0600000000604,1497.8100000000604,1498.5900000000602,1495.8395226000603,0.19436820880119243,105.57658879716983,-0.000429673250366136
-59.39999999993961,1893316,105.59553504009652,18.519922764079496,175.38547209450806,83.43756514028878,73.15742937683457,20.960812646406765,6.795240605977167,1498.1600000000603,1497.9100000000603,1498.6900000000603,1495.9395226000604,0.1899063847828154,105.59577093479092,0.00023589469439855293
-59.29999999993959,1893665,105.61499974737677,18.530483294599843,175.45313960065693,83.45294540973876,73.19914560187318,20.941347939126516,6.784680075456819,1498.2600000000602,1498.0100000000602,1498.7900000000604,1496.0395226000605,0.1926950247942744,105.61505241360791,5.266623114152935e-05
-59.199999999939564,1894007,105.63407404505539,18.54104577456222,175.52144932566017,83.46801719240894,73.24086952760092,20.9222736414479,6.774117595494442,1498.3600000000604,1498.1100000000604,1498.8900000000604,1496.1395226000604,0.19855116881845195,105.63432461492411,0.0002505698687258473
-59.09999999993954,1894377,105.65470998114047,18.55161015952283,175.58715709724936,83.48432292219833,73.28260097845582,20.901637705362816,6.763553210533832,1498.4600000000605,1498.2100000000605,1498.9900000000603,1496.2395226000604,0.1999454888242525,105.6541854610019,-0.0005245201385690734
-58.99999999993952,1894724,105.67406314282024,18.56217661165443,175.65499101295404,83.49961505256836,73.32434059505294,20.882284543683042,6.752986758402233,1498.5600000000604,1498.3100000000604,1499.0900000000604,1496.3395226000605,0.1954836648057334,105.67427683537387,0.0002136925536291301
-58.899999999939496,1895078,105.69380671410163,18.57274501488991,175.72216946569625,83.51521566971819,73.36608791890383,20.86254097240166,6.742418355166752,1498.6600000000603,1498.4100000000603,1499.1900000000605,1496.4395226000606,0.1921372967919684,105.69356688652404,-0.0002398275775874481
-58.79999999993947,1895413,105.71249060217865,18.583315325031737,175.79110301132903,83.52997896560856,73.40784277541933,20.84385708432464,6.731848045024925,1498.7600000000605,1498.5100000000605,1499.2900000000604,1496.5395226000605,0.1899063847828154,105.712855886171,0.00036528399235180586
-58.69999999993945,1895759,105.7317879910582,18.59388758606715,175.85901023105413,83.54522702643864,73.44960533835786,20.82455969544509,6.721275783989512,1498.8600000000606,1498.6100000000606,1499.3900000000604,1496.6395226000604,0.19297388879546293,105.7318638913726,7.59003143997461e-05
-58.59999999993943,1896105,105.75108537993775,18.604461697810017,175.92691016804926,83.5604750872687,73.49137521196401,20.805262306565538,6.710701672246646,1498.9600000000605,1498.7100000000605,1499.4900000000605,1496.7395226000606,0.1993877608219465,105.75124034020843,0.0001549602706774067
-58.499999999939405,1896474,105.7716655432226,18.615037834135197,175.9926700457254,83.57673674751811,73.53315308307857,20.78468214328069,6.700125535921465,1499.0600000000604,1498.8100000000604,1499.5900000000606,1496.8395226000607,0.19659912081041644,105.77129402784846,-0.0003715153741410404
-58.39999999993938,1896810,105.79040520409984,18.62561595661559,176.061486111916,83.59154411294847,73.5749387999067,20.765942482403446,6.689547413441073,1499.1600000000606,1498.9100000000606,1499.6900000000605,1496.9395226000606,0.1996666248229929,105.79103934563459,0.0006341415347463908
-58.29999999993936,1897190,105.8115988681872,18.63619604200433,176.12621150560267,83.60829053813757,73.61673227061863,20.744748818316083,6.678967328052334,1499.2600000000607,1499.0100000000607,1499.7900000000604,1497.0395226000605,0.20831140885862948,105.8114887845782,-0.0001100836090017765
-58.19999999993934,1897557,105.83206748587158,18.64677825437251,176.19213814245694,83.62446405930702,73.65853414332824,20.72428020063171,6.668385115684153,1499.3600000000606,1499.1100000000606,1499.8900000000606,1497.1395226000607,0.20273412883571149,105.83209364405188,2.6158180304491907e-05
-58.099999999939314,1897917,105.85214569395436,18.657362460733143,176.25870820489888,83.64032909369669,73.70034389271011,20.70420199254893,6.6578009093235195,1499.4600000000605,1499.2100000000605,1499.9900000000607,1497.2395226000608,0.2021764008334055,105.8524756098573,0.0003299159029381826
-57.99999999993929,1898282,105.87250276603827,18.66794874949449,176.32480825307158,83.65641447578622,73.74216186799471,20.68384492046502,6.647214620562174,1499.5600000000607,1499.3100000000607,1500.0900000000606,1497.3395226000607,0.19632025680922793,105.87246270706012,-4.005897814352011e-05
-57.89999999993927,1898621,105.89140974531621,18.67853695327456,176.3933164946909,83.67135404983648,73.78398740798943,20.664937941187077,6.636626416782104,1499.6600000000608,1499.4100000000608,1500.1900000000605,1497.4395226000606,0.19157956878973345,105.89166417448135,0.0002544291651389585
-57.799999999939246,1898969,105.91081867979622,18.68912708232939,176.46098212905767,83.6866902497465,73.82582055320766,20.645529006707065,6.626036287727274,1499.7600000000607,1499.5100000000607,1500.2900000000607,1497.5395226000608,0.1938104807988864,105.91122001412579,0.0004013343295667937
-57.69999999993922,1899316,105.930171841476,18.69971919727739,176.52873465797293,83.70198238011653,73.86766154310436,20.62617584502729,6.615444172779274,1499.8600000000606,1499.6100000000606,1500.3900000000608,1497.639522600061,0.1893486567805094,105.93012296670487,-4.887477112447414e-05
-57.5999999999392,1899648,105.94868841115233,18.710313106922733,176.5978738152388,83.71661346738699,73.90950962241747,20.607659275350954,6.60485026313393,1499.9600000000607,1499.7100000000607,1500.4900000000607,1497.7395226000608,0.19241616079315693,105.94900429362816,0.0003158824758315859
-57.49999999993918,1900006,105.96865507363464,18.72090899813612,176.6645899688685,83.73239036269672,73.95136552932394,20.58769261286865,6.594254371920542,1500.0600000000609,1499.8100000000609,1500.5900000000606,1497.8395226000607,0.19102184078742743,105.96851733550785,-0.00013773812678152808
-57.399999999939155,1900333,105.98689277930983,18.731506810389842,176.73418211621072,83.74680110226734,73.99322902472707,20.56945490719346,6.583656559666821,1500.1600000000608,1499.9100000000608,1500.6900000000608,1497.9395226000609,0.1907429767862389,105.98777159953306,0.000878820223235266
-57.29999999993913,1900690,106.00680366899189,18.742106552456033,176.80097789740543,83.76253392803709,74.0351001432786,20.549544017511394,6.57305681760063,1500.2600000000607,1500.0100000000607,1500.790000000061,1498.039522600061,0.1921372967919684,106.00680187966054,-1.7893313497552299e-06
-57.19999999993911,1901022,106.02532023866823,18.75270817076578,176.87009224355566,83.77716501530756,74.07697867337052,20.531027447835058,6.562455199290884,1500.3600000000608,1500.1100000000608,1500.8900000000608,1498.139522600061,0.19520480080468697,106.02571401664454,0.00039377797631345857
-57.09999999993909,1901390,106.04584462915284,18.763311695259368,176.93585034732408,83.79338260601699,74.11886473327299,20.510503057350448,6.551851674797295,1500.460000000061,1500.210000000061,1500.9900000000607,1498.2395226000608,0.19687798481153393,106.04514189187601,-0.0007027372768249052
-56.999999999939064,1901728,106.06469583563054,18.773917199144158,177.00439388652256,83.80827811052728,74.16075861216983,20.491651850872742,6.541246170912505,1500.5600000000609,1500.3100000000609,1501.0900000000609,1498.339522600061,0.1854445607644384,106.06441655954175,-0.00027927608878997034
-56.89999999993904,1902055,106.08293354130574,18.78452457857128,177.0739547964811,83.82268885009792,74.20265989983707,20.47341414519755,6.530638791485384,1500.6600000000608,1500.4100000000608,1501.190000000061,1498.439522600061,0.18879092877827444,106.0833894574839,0.00045591617816853613
-56.79999999993902,1902405,106.10245402138621,18.79513387703566,177.14136822176872,83.83811318908786,74.24456876808846,20.45389366511708,6.520029493021003,1500.760000000061,1500.510000000061,1501.290000000061,1498.539522600061,0.19241616079308588,106.10219259845823,-0.0002614229279771507
-56.699999999938996,1902745,106.12141677346436,18.805745017090977,177.2097055322517,83.85309683267809,74.2864849109954,20.434930913038926,6.509418352965685,1500.860000000061,1500.610000000061,1501.3900000000608,1498.639522600061,0.19102184078735637,106.12140219607087,-1.457739348609266e-05
-56.59999999993897,1903090,106.14065838954369,18.81635815747488,177.27757150721186,83.8683008239682,74.3284089556036,20.4156892969596,6.498805212581782,1500.960000000061,1500.710000000061,1501.490000000061,1498.739522600061,0.1954836648058755,106.14100618860309,0.0003477990593978575
-56.49999999993895,1903446,106.16051350642554,18.8269732183287,177.3444060930354,83.88398958019798,74.37034058645523,20.395834180077742,6.488190151727963,1501.0600000000609,1500.8100000000609,1501.590000000061,1498.8395226000612,0.18962752078169795,106.16026760680457,-0.00024589962097820717
-56.39999999993893,1903770,106.17858389370004,18.837590210996243,177.4142159388316,83.89826811114868,74.41227984836063,20.37776379280325,6.4775731590604195,1501.160000000061,1500.910000000061,1501.690000000061,1498.939522600061,0.19687798481153393,106.17973642881539,0.0011525351153522934
-56.299999999938905,1904152,106.19988910338786,18.84820916561447,177.4786143822178,83.91510267541771,74.45422686036683,20.356458583115426,6.466954204442192,1501.2600000000612,1501.0100000000612,1501.790000000061,1499.039522600061,0.19632025680922793,106.19935923035287,-0.0005298730349920788
-56.19999999993888,1904474,106.21784794506189,18.85883008284232,177.54859891904894,83.92929306728847,74.49618162507679,20.338499741441396,6.456333287214342,1501.360000000061,1501.110000000061,1501.890000000061,1499.1395226000611,0.1862811527678619,106.218348956821,0.0005010117591126573
-56.09999999993886,1904820,106.23714533394144,18.869452835405838,177.61633914477258,83.94454112811853,74.53814363973271,20.319202352561845,6.445710534650825,1501.460000000061,1501.210000000061,1501.9900000000612,1499.2395226000613,0.1938104807988864,106.2372218836876,7.654974615434185e-05
-55.99999999993884,1905169,106.25661004122168,18.88007752721906,177.6837932237311,83.95992139756852,74.58011331481603,20.29973764528161,6.435085842837601,1501.560000000061,1501.310000000061,1502.090000000061,1499.3395226000612,0.18488683276213239,106.25617842474952,-0.000431616472155838
-55.899999999938814,1905483,106.27412270049388,18.89070407109079,177.75450496382226,83.97375923311951,74.62209030590391,20.28222498600941,6.424459298965871,1501.6600000000612,1501.4100000000612,1502.190000000061,1499.439522600061,0.1815404647483674,106.27432253091087,0.00019983041698878878
-55.79999999993879,1905820,106.29291813417136,18.901332391725248,177.82306407155448,83.98861066808983,74.66407431556283,20.263429552331928,6.413830978331415,1501.7600000000612,1501.5100000000612,1502.2900000000611,1499.5395226000612,0.1907429767862389,106.2927480763514,-0.00017005781995749203
-55.69999999993877,1906167,106.31227129585113,18.911962620706067,177.89068364532358,84.00390279845986,74.70606586357471,20.244076390652154,6.403200749350596,1501.860000000061,1501.610000000061,1502.3900000000613,1499.6395226000614,0.1985511688183809,106.31234474153955,7.344568841460841e-05
-55.599999999938746,1906532,106.33262836793504,18.922594860673563,177.9566173723938,84.01998818054939,74.74806535538944,20.223719318568243,6.3925685093831,1501.9600000000612,1501.7100000000612,1502.4900000000612,1499.7395226000613,0.20301299283682897,106.33248276658689,-0.00014560134815155834
-55.49999999993872,1906895,106.35287389441851,18.93322911725939,178.02273153478953,84.03598542355897,74.79007281325325,20.20347379208478,6.381934252797272,1502.0600000000613,1501.8100000000613,1502.590000000061,1499.8395226000612,0.20078208082760493,106.35284221610473,-3.167831377481889e-05
-55.3999999999387,1907252,106.37278478410057,18.943865429116787,178.0894000995291,84.0517182493287,74.83208838985418,20.183562902402713,6.371297940939876,1502.1600000000612,1501.9100000000612,1502.6900000000612,1499.9395226000613,0.1918584327908509,106.37257271098261,-0.00021207311796445083
-55.29999999993868,1907583,106.39124558097669,18.954503631801593,178.15848971685276,84.0663052670592,74.87411143560463,20.1651021055266,6.36065973825507,1502.2600000000612,1502.0100000000612,1502.7900000000614,1500.0395226000614,0.18377137675759145,106.39083577004695,-0.0004098109297387964
-55.199999999938655,1907911,106.4095390594521,18.965143596270803,178.227852163468,84.08076007616981,74.91614144075876,20.146808627051186,6.35001977378586,1502.3600000000613,1502.1100000000613,1502.8900000000613,1500.1395226000614,0.1946470728023099,106.40957137698332,3.2317531221792706e-05
-55.09999999993863,1908281,106.43017499553716,18.97578554607699,178.29328521608358,84.09706580595918,74.95817928839429,20.12617269096613,6.339377823979671,1502.4600000000614,1502.2100000000614,1502.9900000000612,1500.2395226000613,3.6570225110744516,106.4295261468882,-0.0006488486489644174
-54.99999999993861,1921025,107.14094356166716,18.986429501500183,177.20984033122835,84.65868802335332,75.0002250586214,19.41540412483613,6.32873386855648,1502.5600000000613,1502.3100000000613,1503.0900000000613,1500.3395226000614,3.7203246393355083,106.79850241989088,-0.34244114177627694
-54.899999999938586,1921622,107.17423992340443,18.997145246560976,177.2547699907917,84.6849975387162,75.04255441239309,19.38210776309886,6.318018123495687,1502.6600000000612,1502.4100000000612,1503.1900000000614,1500.4395226000615,0.3296172493587296,107.1737813708689,-0.00045855253553384046
-54.799999999938564,1922207,107.20686701153892,19.00786425777436,177.30080905851398,84.7107782195994,75.08489666812612,19.34948067496437,6.307299112282301,1502.7600000000614,1502.5100000000614,1503.2900000000614,1500.5395226000614,0.33017497736096457,107.20713501913743,0.0002680075985068697
-54.69999999993854,1922806,107.24027491887664,19.01858667356481,177.34556059233975,84.73717587404221,75.12725237262507,19.31607276762665,6.296576696491854,1502.8600000000615,1502.6100000000615,1503.3900000000613,1500.6395226000614,0.33547339338290716,107.24081875644805,0.0005438375714135191
-54.59999999993852,1923410,107.27396169021551,19.029312421525656,177.38985417988275,84.76379387618488,75.16962123986902,19.282385996287772,6.285850948531007,1502.9600000000614,1502.7100000000614,1503.4900000000614,1500.7395226000615,0.32878065735523504,107.27366726337385,-0.0002944268416626983
-54.499999999938495,1923985,107.3060310503477,19.040041407017487,177.4368245721804,84.78913386166836,75.21200289601319,19.25031663615559,6.275121963039176,1503.0600000000613,1502.8100000000613,1503.5900000000615,1500.8395226000616,0.3285017933540465,107.30636514731775,0.0003340969700502683
-54.39999999993847,1924588,107.33966204888634,19.050773694555126,177.48121552570865,84.81570779427106,75.25439759590414,19.216685637616948,6.264389675501537,1503.1600000000615,1502.9100000000615,1503.6900000000614,1500.9395226000615,0.3307327053633416,107.33961698709497,-4.506179136853916e-05
-54.29999999993845,1925171,107.37217759142038,19.06150933041491,177.5274541133832,84.84140033607432,75.29680552234274,19.184170095082905,6.253654039641752,1503.2600000000616,1503.0100000000616,1503.7900000000614,1501.0395226000614,0.3418872654093197,107.37352001503783,0.0013424236174444104
-54.19999999993843,1925814,107.40803950196822,19.072248398558138,177.56816423605466,84.86973705027586,75.33922700699304,19.148308184535068,6.242914971498525,1503.3600000000615,1503.1100000000615,1503.8900000000615,1501.1395226000616,0.3496954574414617,107.40805912172904,1.961976082043293e-05
-54.099999999938404,1926425,107.44211668290869,19.082990942239263,177.61182980560994,84.89666353919831,75.38166222071885,19.114231003594597,6.2321724278173996,1503.4600000000614,1503.2100000000614,1503.9900000000616,1501.2395226000617,0.33268475337130604,107.4416826678072,-0.0004340151014901039
-53.99999999993838,1927007,107.4745764526425,19.093736735091706,177.65817149793702,84.9223120114616,75.42411026932658,19.081771233860792,6.221426634964956,1503.5600000000616,1503.3100000000616,1504.0900000000615,1501.3395226000616,0.3310115693644591,107.47504200012656,0.00046554748406890667
-53.89999999993836,1927612,107.5083189967816,19.104485950639294,177.70239669742404,84.94897408314425,75.46657183827027,19.04802868972169,6.210677419417369,1503.6600000000617,1503.4100000000617,1504.1900000000614,1501.4395226000615,0.3371465773897541,107.50861322543017,0.0002942286485705381
-53.799999999938336,1928216,107.54200576812046,19.115238457736794,177.74671693359173,84.97559208528689,75.50904640949986,19.014341918382826,6.199924912319869,1503.7600000000616,1503.5100000000616,1504.2900000000616,1501.5395226000617,0.3449547694218961,107.54263317320975,0.0006274050892898231
-53.69999999993831,1928849,107.57730995066599,19.12599447727394,177.78836899756047,85.00348810408872,75.55153485557432,18.979037735837295,6.189168892782721,1503.8600000000615,1503.6100000000615,1504.3900000000617,1501.6395226000618,0.3407718094046366,107.57704621554977,-0.0002637351162206869
-53.59999999993829,1929438,107.6101601300014,19.13675386697991,177.83408038665894,85.02944506313182,75.5940366144952,18.946187556501883,6.178409503076754,1503.9600000000617,1503.7100000000617,1504.4900000000616,1501.7395226000617,0.3285017933541886,107.61024226432082,8.213431941328508e-05
-53.49999999993827,1930027,107.64301030933684,19.147516525726807,177.879794244903,85.05540202217492,75.63655128678694,18.913337377166442,6.167646844329855,1504.0600000000618,1503.8100000000618,1504.5900000000615,1501.8395226000616,0.34579136142546174,107.6437118949917,0.0007015856548520105
-53.399999999938245,1930678,107.67931840228651,19.158282609358913,177.9197982827508,85.08409129269623,75.67907948806587,18.877029284216775,6.156880760697749,1504.1600000000617,1503.9100000000617,1504.6900000000617,1501.9395226000618,0.35108977744719116,107.67845286856125,-0.0008655337252605477
-53.29999999993822,1931286,107.7132282648263,19.169052216300525,177.96377032884985,85.11088557299878,75.72162160712779,18.843119421676988,6.146111153756138,1504.2600000000616,1504.0100000000616,1504.7900000000618,1502.039522600062,0.34774340943335513,107.7132876248407,5.936001440431937e-05
-53.1999999999382,1931925,107.7488670841732,19.17982526688389,178.00489031500115,85.13904600904043,75.76417732926903,18.807480602330088,6.135338103172774,1504.3600000000617,1504.1100000000617,1504.8900000000617,1502.1395226000618,0.3407718094046366,107.74776400060824,-0.0011030835649563642
-53.09999999993818,1932508,107.78138262670724,19.190601769100653,178.0511745295184,85.16473855084368,75.80674668605822,18.774965059796045,6.12456160095601,1504.4600000000619,1504.2100000000619,1504.9900000000616,1502.2395226000617,0.3379831693932487,107.78204396342794,0.0006613367206966814
-52.999999999938154,1933137,107.81646371805186,19.201381675676576,178.09322448090703,85.19245829148564,75.84932949075255,18.739883968451423,6.113781694380087,1504.5600000000618,1504.3100000000618,1505.0900000000618,1502.3395226000619,0.3430027214138606,107.81614091543183,-0.0003228026200332579
-52.89999999993813,1933738,107.84998317099003,19.212164997283743,178.13785809149314,85.21894408500839,75.89192578550893,18.706364515513258,6.10299837277292,1504.6600000000617,1504.4100000000617,1505.190000000062,1502.439522600062,0.34272385741274314,107.85037319089773,0.00039001990769804706
-52.79999999993811,1934366,107.88500848953443,19.222951750314763,178.1800086911938,85.24661975611036,75.93453563508146,18.67133919696886,6.092211619741899,1504.7600000000618,1504.5100000000618,1505.2900000000618,1502.539522600062,0.34049294540359015,107.8848722088633,-0.00013628067112847475
-52.699999999938086,1934959,107.91808176007076,19.23374197172552,178.22538779448473,85.27275299331333,75.97715918545333,18.638265926432524,6.081421398331141,1504.860000000062,1504.610000000062,1505.3900000000617,1502.6395226000618,0.34551249742420215,107.91940434524169,0.0013225851709250946
-52.59999999993806,1935605,107.95411098901928,19.244535631183815,178.2658895976764,85.30122191613479,76.01979631680624,18.602236697484003,6.070627738872847,1504.9600000000619,1504.7100000000619,1505.4900000000619,1502.739522600062,0.34077180940470764,107.95347702061282,-0.0006339684064613493
-52.49999999993804,1936181,107.98623612195172,19.25533266712965,178.3128420679844,85.32660597115826,76.06244678596578,18.570111564551567,6.059830702927012,1505.0600000000618,1504.8100000000618,1505.590000000062,1502.839522600062,0.32459769733804655,107.986570946553,0.00033482460128198
-52.39999999993802,1936769,108.01903052848691,19.26613294537313,178.35869152975079,85.35251886066138,76.1051100628548,18.53731715801638,6.049030424683533,1505.160000000062,1504.910000000062,1505.690000000062,1502.939522600062,0.34467590542077864,108.02000778650199,0.0009772580150837484
-52.299999999937995,1937417,108.05517130303589,19.276936668686954,178.39902002122275,85.38107592256279,76.14778694846639,18.501176383467396,6.038226701369709,1505.260000000062,1505.010000000062,1505.7900000000618,1503.039522600062,0.36085001748736867,108.05468535312046,-0.00048594991542927346
-52.19999999993797,1938063,108.0912005319844,19.28774388244376,178.43953797826936,85.40954484538422,76.1904776220316,18.46514715451889,6.027419487612903,1505.360000000062,1505.110000000062,1505.890000000062,1503.139522600062,0.35248409745292064,108.09019127960072,-0.001009252383681769
-52.09999999993795,1938681,108.12566812252649,19.29855470694288,178.48264008018919,85.43677982108649,76.23318255875701,18.430679563976796,6.016608663113782,1505.4600000000619,1505.2100000000619,1505.990000000062,1503.2395226000622,0.34383931341742624,108.12529792641087,-0.00037019611562527643
-51.99999999993793,1939296,108.1599683946679,19.309368942029046,178.5260224149711,85.46388258816884,76.275900967989,18.396379291835387,6.005794428027617,1505.560000000062,1505.310000000062,1506.090000000062,1503.339522600062,0.33965635340009565,108.15943609069377,-0.0005323039741256252
-51.899999999937904,1939899,108.19359939320653,19.320186594161022,178.57051343625173,85.49045652077153,76.31863287524097,18.36274829329676,5.9949767758956405,1505.6600000000622,1505.4100000000622,1506.190000000062,1503.439522600062,0.34718568143112016,108.19375817259511,0.00015877938858466223
-51.79999999993788,1940541,108.22940553095414,19.33100769366357,178.61141894690354,85.51874916543309,76.36137840030183,18.326942155549148,5.984155676393094,1505.760000000062,1505.510000000062,1506.290000000062,1503.5395226000621,0.3505320494449562,108.22843661542078,-0.0009689155333632016
-51.69999999993786,1941156,108.26370580309553,19.341832281484113,178.65481453832777,85.54585193251543,76.40413770492218,18.292641883407754,5.97333108857255,1505.860000000062,1505.610000000062,1506.3900000000622,1503.6395226000623,0.3477434094334262,108.2633298375485,-0.00037596554703611673
-51.599999999937836,1941788,108.29895421284084,19.352660359631084,178.69665039975493,85.57370388177729,76.44691079703574,18.257393473662447,5.9625030104255785,1505.960000000062,1505.710000000062,1506.490000000062,1503.7395226000622,0.33993521740121313,108.29794661270437,-0.0010076001364751619
-51.49999999993781,1942375,108.33169284657579,19.36349187080666,178.74263165286362,85.59957270174044,76.48969745030453,18.224654839927496,5.951671499250004,1506.0600000000622,1505.8100000000622,1506.590000000062,1503.839522600062,0.32599201734370503,108.33142581578879,-0.00026703078700052174
-51.39999999993779,1942957,108.3641526163096,19.374326644794248,178.78907532635725,85.62522117400374,76.53249699233872,18.19219507019369,5.940836725262415,1506.1600000000622,1505.9100000000622,1506.6900000000621,1503.9395226000622,0.33575225738402464,108.36490916920675,0.000756552897158258
-51.29999999993777,1943579,108.39884329805261,19.385164852640504,178.83184232270088,85.65263242786588,76.57531009880705,18.157504388450675,5.929998517416159,1506.260000000062,1506.010000000062,1506.7900000000623,1504.0395226000624,0.35053204944488514,108.39960439219149,0.0007610941388804804
-51.199999999937745,1944214,108.43425902619859,19.396006565672693,178.87341823386703,85.68061658574764,76.61813705146663,18.122088660304698,5.91915680438397,1506.3600000000622,1506.1100000000622,1506.8900000000622,1504.1395226000623,0.34523363342308466,108.43408600912234,-0.00017301707624994833
-51.09999999993772,1944817,108.46789002473724,19.406851669842332,178.9179421247744,85.70719051835034,76.66097739980295,18.088457661766043,5.90831170021433,1506.4600000000623,1506.2100000000623,1506.990000000062,1504.2395226000622,0.3449547694219672,108.46821338883537,0.0003233640981221697
-50.9999999999377,1945451,108.503249980083,19.417700208350464,178.95961837009307,85.73513060669214,76.70383131446883,18.05309770642029,5.897463161706199,1506.5600000000622,1506.3100000000622,1507.0900000000622,1504.3395226000623,0.3558304654666857,108.50291258229197,-0.000337397791028593
-50.89999999993768,1946093,108.5390561178306,19.4285522523588,179.00056391928683,85.76342325135371,76.74669907656738,18.01729156867269,5.886611117697864,1506.6600000000622,1506.4100000000622,1507.1900000000624,1504.4395226000624,0.3494165934403442,108.5383125163688,-0.0007436014617923092
-50.799999999937654,1946704,108.57313329877108,19.439407870853742,179.04436650419274,85.79034974027617,76.78958095860881,17.983214387732204,5.875755499202921,1506.7600000000623,1506.5100000000623,1507.2900000000623,1504.5395226000624,0.33547339338290716,108.57312475223158,-8.54653950455031e-06
-50.69999999993763,1947296,108.6061507965072,19.450266877309247,179.08992018097354,85.81643890793917,76.83247622377762,17.950196889996093,5.864896492747416,1506.8600000000624,1506.6100000000624,1507.3900000000622,1504.6395226000623,0.34272385741274314,108.60720496929648,0.0010541727892814379
-50.59999999993761,1947933,108.64167807025365,19.461129311847607,179.13133944104743,85.8445112049009,76.87538503056497,17.91466961624964,5.854034058209056,1506.9600000000623,1506.7100000000623,1507.4900000000623,1504.7395226000624,0.3650329775046282,108.64234512460175,0.0006670543480993274
-50.499999999937586,1948605,108.67915739200814,19.471995346334175,179.16954652213812,85.87412593576158,76.91830805787366,17.87719029449515,5.8431680237224874,1507.0600000000622,1506.8100000000622,1507.5900000000624,1504.8395226000625,0.3628020654954752,108.67835111678944,-0.0008062752186930311
-50.39999999993756,1949234,108.71423848335276,19.482864982070968,179.21171369888543,85.90184567640355,76.96124531084692,17.842109203150528,5.832298387985695,1507.1600000000624,1506.9100000000624,1507.6900000000624,1504.9395226000624,0.36419638550127575,108.71454287057789,0.00030438722512826644
-50.29999999993754,1949911,108.75199666910841,19.493738254908294,179.24947451052728,85.9316807549641,77.00419693110067,17.80435101739488,5.821425115148369,1507.2600000000625,1507.0100000000625,1507.7900000000623,1505.0395226000624,0.36112888148862826,108.75122587326842,-0.000770795839983407
-50.19999999993752,1950529,108.7864642596505,19.504615227245626,179.29266623366118,85.95891573066636,77.04716316512544,17.769883426852786,5.810548142811037,1507.3600000000624,1507.1100000000624,1507.8900000000624,1505.1395226000625,0.33491566538060114,108.78616106470217,-0.00030319494833008775
-50.099999999937495,1951112,108.81897980218454,19.51549548712124,179.3390778207743,85.98460827246964,77.09014238558935,17.737367884318743,5.799667882935424,1507.4600000000623,1507.2100000000623,1507.9900000000625,1505.2395226000626,1.4152348058336963,108.81929429165466,0.0003144894701136991
-49.99999999993747,1955604,109.0695112208173,19.52637908610396,179.02692390884306,86.18256864602068,77.13313479619964,17.486836465685982,5.788784283952701,1507.5600000000625,1507.3100000000625,1508.0900000000624,1505.3395226000625,1.3851174937095272,108.95921687198349,-0.11029434883381839
-49.89999999993745,1956079,109.09600330092651,19.53728733049564,179.08343788364718,86.20350167750705,77.17622456114495,17.460344385576775,5.777876039561022,1507.6600000000626,1507.4100000000626,1508.1900000000624,1505.4395226000624,0.2601801130724487,109.09559962948398,-0.00040367144252684284
-49.79999999993743,1956537,109.1215472434318,19.548198206029866,179.14150504502217,86.2236855268139,77.21932471963387,17.43480044307148,5.7669651640267965,1507.7600000000625,1507.5100000000625,1508.2900000000625,1505.5395226000626,0.26687284910004977,109.12207957271013,0.0005323292783288025
-49.699999999937404,1957036,109.14937787074653,19.55911174641019,179.19581520264703,86.24567622725958,77.26243540480225,17.406969815756753,5.756051623646474,1507.8600000000624,1507.6100000000624,1508.3900000000626,1505.6395226000627,0.2651996650932028,109.14838493593626,-0.0009929348102701852
-49.59999999993738,1957488,109.17458717645046,19.570027883017058,179.25442531225266,86.2655956593266,77.30555634558898,17.38176051005283,5.7451354870396045,1507.9600000000626,1507.7100000000626,1508.4900000000625,1505.7395226000626,0.2638053450874733,109.17540308029193,0.0008159038414703446
-49.49999999993736,1957982,109.20213893976404,19.580946827026253,179.30918768749677,86.28736601207243,77.34868837618102,17.354208746739246,5.73421654303041,1508.0600000000627,1507.8100000000627,1508.5900000000624,1505.8395226000625,0.2766330891402983,109.20275884399662,0.0006199042325789605
-49.399999999937336,1958480,109.22991379427853,19.591868434785862,179.36358049027487,86.30931264297811,77.39183092912432,17.326433892224756,5.7232949352708005,1508.1600000000626,1507.9100000000626,1508.6900000000626,1505.9395226000627,0.2696614891115798,109.22964556231153,-0.0002682319669986555
-49.29999999993731,1958949,109.25607123758637,19.60279275613872,179.42062655274162,86.32998125722466,77.43498420130813,17.300276448916918,5.712370613917944,1508.2600000000625,1508.0100000000625,1508.7900000000627,1506.0395226000628,0.2596223850702138,109.25605939036603,-1.1847220335425845e-05
-49.19999999993729,1959411,109.28183827129259,19.613719646663938,179.4783100003571,86.3503413846914,77.47814762224083,17.2745094152107,5.701443723392725,1508.3600000000627,1508.1100000000627,1508.8900000000626,1506.1395226000627,0.2679883051045907,109.28244755375333,0.0006092824607435432
-49.09999999993727,1959910,109.3096688986073,19.624649245649476,179.53260167545443,86.37233208513707,77.52132174213794,17.246678787895988,5.690514124407187,1508.4600000000628,1508.2100000000628,1508.9900000000625,1506.2395226000626,0.2716135371195442,109.30956280023808,-0.00010609836921560145
-48.999999999937245,1960385,109.3361609787165,19.635581559223994,179.58908913077966,86.39326511662343,77.5645065852089,17.22018670778678,5.679581810832669,1508.5600000000627,1508.3100000000627,1509.0900000000627,1506.3395226000628,0.2682671691058503,109.33632985391584,0.00016887519933561634
-48.89999999993722,1960872,109.36332233242848,19.646516511620263,179.64447396633875,86.41472698258946,77.60770185215789,17.193025354074805,5.6686468584364,1508.6600000000626,1508.4100000000626,1509.1900000000628,1506.439522600063,0.26938262511046235,109.36313361692797,-0.000188715500513581
-48.7999999999372,1961351,109.39003750373861,19.657454185947383,179.70058914437755,86.4358362922357,77.65090787128261,17.166310182764676,5.6577091841092795,1508.7600000000627,1508.5100000000627,1509.2900000000627,1506.5395226000628,0.2696614891115087,109.3904281308211,0.0003906270824955982
-48.69999999993718,1961839,109.4172546302508,19.668394597246433,179.75587729477425,86.45734222774168,77.69412470199836,17.13909305625249,5.64676877281023,1508.8600000000629,1508.6100000000629,1509.3900000000626,1506.6395226000627,0.2855567371770523,109.41786303957328,0.0006084093224814069
-48.599999999937154,1962375,109.44714885117403,19.679337758555302,179.80676486433848,86.48096350116631,77.7373523958074,17.109198835329252,5.63582561150136,1508.9600000000628,1508.7100000000628,1509.4900000000628,1506.7395226000629,0.2805371851564404,109.44584324933443,-0.0013056018396042646
-48.49999999993713,1962845,109.4733620672821,19.690283765896304,179.8636982921443,86.50167618495283,77.78059133201727,17.08298561922119,5.624879604160359,1509.0600000000627,1508.8100000000627,1509.590000000063,1506.839522600063,0.2685460331069678,109.47331762931992,-4.443796217401541e-05
-48.39999999993711,1963338,109.50085805779544,19.701232422081173,179.9185209277785,86.52340246815866,77.82384073169455,17.055489628707846,5.61393094797549,1509.1600000000628,1508.9100000000628,1509.6900000000628,1506.939522600063,0.2757964971368748,109.50038304564498,-0.0004750121504599747
-48.299999999937086,1963834,109.52852136670948,19.71218384250544,179.97306634413155,86.54526095998443,77.86710105067482,17.027826319793803,5.6029795275512235,1509.260000000063,1509.010000000063,1509.7900000000627,1507.0395226000628,0.26603625709662626,109.52770863919125,-0.000812727518237466
-48.19999999993706,1964292,109.55406530921478,19.723137963809016,180.03109157237333,86.56544480929128,77.910372038673,17.00228237728851,5.592025406247647,1509.3600000000629,1509.1100000000629,1509.8900000000629,1507.139522600063,0.2582280650644132,109.55385098176758,-0.00021432744719618313
-48.09999999993704,1964760,109.58016697972238,19.734094612701796,180.0881962185142,86.58606935399784,77.95365301115821,16.97618070678091,5.581068757354867,1509.4600000000628,1509.2100000000628,1509.990000000063,1507.239522600063,0.2677094411035443,109.5806341917456,0.000467212023224306
-47.99999999993702,1965252,109.6076071974355,19.74505409064737,180.14309951206877,86.60775156766373,77.99694515897241,16.948740489067788,5.570109279409294,1509.560000000063,1509.310000000063,1510.090000000063,1507.339522600063,0.26268988908279023,109.6074229593365,-0.00018423809899559274
-47.899999999936995,1965702,109.63270495753895,19.756016097293667,180.2018485719679,86.6275828606508,78.0402472956644,16.92364272896434,5.559147272762996,1509.660000000063,1509.410000000063,1510.1900000000628,1507.439522600063,0.2587857930667192,109.6329251371686,0.0002201796296503744
-47.79999999993697,1966180,109.65936435604885,19.76698067567481,180.25802713477478,86.64864810075709,78.08355959122757,16.896983330454432,5.548182694381854,1509.760000000063,1509.510000000063,1510.290000000063,1507.539522600063,0.27635422513918084,109.65991662099675,0.0005522649478990616
-47.69999999993695,1966693,109.6879758025668,19.777948080617872,180.31099521990677,86.67125577476234,78.1268830522803,16.86837188393649,5.537215289438791,1509.8600000000629,1509.6100000000629,1510.390000000063,1507.6395226000632,0.28081604915755787,109.68740604487955,-0.0005697576872449872
-47.59999999993693,1967187,109.71552756588038,19.78891815688379,180.36570206529086,86.69302612750818,78.17021706559697,16.840820120622908,5.526245213172874,1509.960000000063,1509.710000000063,1510.490000000063,1507.739522600063,0.2730078571253448,109.71501837252852,-0.000509193351859949
-47.499999999936904,1967672,109.74257737399188,19.799891084292383,180.42123265263132,86.71439985439424,78.21356234150214,16.81377031251141,5.515272285764279,1510.0600000000632,1509.8100000000632,1510.590000000063,1507.839522600063,0.2716135371196153,109.74281558369745,0.00023820970557153487
-47.39999999993688,1968161,109.76985027330431,19.810866720000533,180.47639375179574,86.73594985944021,78.25691831573667,16.786497413198973,5.50429665005613,1510.160000000063,1509.910000000063,1510.690000000063,1507.9395226000631,0.28221036916328734,109.77028274093078,0.0004324676264673144
-47.29999999993686,1968684,109.79901944782455,19.821845140840576,180.52843495801642,86.75899822884519,78.30028529180379,16.75732823867874,5.4933182292160865,1510.260000000063,1510.010000000063,1510.7900000000632,1508.0395226000633,0.28053718515636933,109.79824735220295,-0.0007720956215990782
-47.199999999936836,1969167,109.8259577103356,19.83282636947098,180.58414224604147,86.78028381665133,78.343663359209,16.730389976167686,5.482337000585684,1510.360000000063,1510.110000000063,1510.890000000063,1508.1395226000632,0.2721712651219213,109.82583022575686,-0.00012748457874067753
-47.09999999993681,1969660,109.85345370084895,19.843810306885732,180.63892975931424,86.80201009985718,78.3870521268586,16.70289398565434,5.47135306317093,1510.4600000000632,1510.2100000000632,1510.990000000063,1508.239522600063,0.25906465706790777,109.85262991443281,-0.0008237864161344532
-46.99999999993679,1970096,109.8777706417492,19.85479689545387,180.69894191964826,86.82122441928466,78.43045136709867,16.678577044754093,5.460366474602793,1510.5600000000632,1510.3100000000632,1511.0900000000631,1508.3395226000632,0.2651996650932028,109.87912493111483,0.0013542893656364186
-46.89999999993677,1970611,109.9064936338676,19.86578613187196,180.75170515448355,86.84392023236988,78.47386106687999,16.64985405263569,5.449377238184702,1510.660000000063,1510.410000000063,1511.1900000000633,1508.4395226000634,0.2716135371196153,109.90585010061525,-0.0006435332523437864
-46.799999999936745,1971070,109.93209334917313,19.876778065474,180.80960218177728,86.86414815121671,78.51728142108178,16.624254337330157,5.438385304582663,1510.7600000000632,1510.5100000000632,1511.2900000000632,1508.5395226000633,0.2654785290943203,109.93235002191115,0.0002566727380184375
-46.69999999993672,1971563,109.95958933968647,19.887772601876346,180.86437682519133,86.88587443442256,78.56071205686962,16.596758346816813,5.427390768180317,1510.8600000000633,1510.6100000000633,1511.390000000063,1508.6395226000632,0.2696614891115798,109.95923125479068,-0.00035808489579380876
-46.5999999999367,1972037,109.98602564699546,19.898769911724962,180.9208924012843,86.90676339636894,78.60415364832949,16.57032203950783,5.416393458331701,1510.9600000000632,1510.7100000000632,1511.4900000000632,1508.7395226000633,0.26324761708509625,109.98596052176481,-6.512523064827747e-05
-46.499999999936676,1972507,110.0122388631035,19.909769793980704,180.9777711983112,86.92747608015544,78.6476054013162,16.54410882339978,5.405393576075959,1511.0600000000632,1510.8100000000632,1511.5900000000634,1508.8395226000634,0.27189240112073276,110.01256544133184,0.0003265782283392582
-46.399999999936654,1973012,110.04040412721962,19.920772424813233,181.03143643295314,86.94973119784095,78.69106801173547,16.51594355928367,5.39439094524343,1511.1600000000633,1510.9100000000633,1511.6900000000633,1508.9395226000634,0.27328672112653335,110.04002805674871,-0.0003760704709065976
-46.29999999993663,1973487,110.06689620732882,19.93177779959206,181.08785190096873,86.97066422932733,78.73454146129592,16.489451479174463,5.383385570464604,1511.2600000000634,1511.0100000000634,1511.7900000000632,1509.0395226000633,0.27105580911723826,110.0669659881646,6.978083577280358e-05
-46.19999999993661,1973984,110.09461528904308,19.942785818010872,181.14224538278242,86.99256679069303,78.77802535376739,16.46173239746021,5.372377552045791,1511.3600000000633,1511.1100000000633,1511.8900000000633,1509.1395226000634,0.2724501291230388,110.09407023420178,-0.0005450548412966327
-46.099999999936585,1974464,110.12138623315344,19.953796613638904,181.1981967916016,87.01372016987926,78.82152021677528,16.434961453349842,5.361366756417759,1511.4600000000632,1511.2100000000632,1511.9900000000634,1509.2395226000635,0.26854603310703884,110.12165704204787,0.0002708088944274323
-45.99999999993656,1974947,110.1483244956645,19.964810149419286,181.2538705498431,87.0350057576854,78.86502590393751,16.40802319083879,5.350353220637377,1511.5600000000634,1511.3100000000634,1512.0900000000634,1509.3395226000634,0.2738444491288393,110.14917953481242,0.0008550391479218433
-45.89999999993654,1975446,110.17615512297922,19.97582644954587,181.30807366846977,87.05699645813108,78.90854251082465,16.380192563524062,5.339336920510792,1511.6600000000635,1511.4100000000635,1512.1900000000633,1509.4395226000634,0.27523876913456885,110.17632585631186,0.0001707333326379512
-45.79999999993652,1975934,110.20337224949142,19.98684541459055,181.36328323367428,87.07850239363708,78.95206964467563,16.352975437011864,5.328317955466112,1511.7600000000634,1511.5100000000634,1512.2900000000634,1509.5395226000635,0.27077694511612077,110.2030511282032,-0.0003211212882234804
-45.699999999936495,1976417,110.23031051200246,19.99786705977152,181.4189488071345,87.09978798144321,78.99560736560538,16.326037174500826,5.317296310285144,1511.8600000000633,1511.6100000000633,1512.3900000000635,1509.6395226000636,0.26631512109774375,110.23049385109738,0.00018333909491730083
-45.59999999993647,1976889,110.25663527371098,20.008891513360776,181.4756224302411,87.12058880430965,79.0391561803142,16.299712412792303,5.306271856695886,1511.9600000000635,1511.7100000000635,1512.4900000000634,1509.7395226000635,0.2702192171138858,110.25786792736875,0.0012326536577660363
-45.49999999993645,1977386,110.28435435542525,20.019918633356998,181.5299980705935,87.1424913656754,79.08271552786817,16.271993331078036,5.295244736699665,1512.0600000000636,1511.8100000000636,1512.5900000000634,1509.8395226000634,0.2757964971368748,110.28482338438373,0.0004690289584772245
-45.399999999936426,1977878,110.31179457313837,20.030948478037658,181.5848301221937,87.16417357934127,79.12628563847511,16.244553113364915,5.284214892019005,1512.1600000000635,1511.9100000000635,1512.6900000000635,1509.9395226000636,0.28332582516789934,110.31243803628278,0.0006434631444136585
-45.299999999936404,1978402,110.34101952045884,20.04198112096426,181.6367223002519,87.18726601828622,79.16986680271776,16.215328166044443,5.273182249092404,1512.2600000000634,1512.0100000000634,1512.7900000000636,1510.0395226000637,0.28388355317020536,110.34078138699662,-0.00023813346221857046
-45.19999999993638,1978896,110.36857128377243,20.053016634315064,181.6913673980255,87.20903637103204,79.21345930571484,16.18777640273086,5.262146735741599,1512.3600000000636,1512.1100000000636,1512.8900000000635,1510.1395226000636,0.27970059315287477,110.36893597957933,0.0003646958069083439
-45.09999999993636,1979405,110.39695963908943,20.064054908160177,181.74463294780705,87.23146776687743,79.25706271322106,16.159388047413856,5.251108461896486,1512.4600000000637,1512.2100000000637,1512.9900000000634,1510.2395226000635,0.34300272141378957,110.39723282397281,0.0002731848833832373
-44.999999999936335,1980126,110.4371718280552,20.075096080879863,181.77843337147132,87.26324190519672,79.3006775718664,16.119175858448088,5.2400672891768,1512.5600000000636,1512.3100000000636,1513.0900000000636,1510.3395226000637,0.33268475337144815,110.43116133866751,-0.006010489387691109
-44.89999999993631,1980598,110.46349658976374,20.086141140427916,181.83510173522092,87.2840427280632,79.34430778426756,16.09285109673955,5.229022229628747,1512.6600000000635,1512.4100000000635,1513.1900000000637,1510.4395226000638,0.26464193709096784,110.46348019955293,-1.63902108027969e-05
-44.79999999993629,1981075,110.4901002154734,20.09718877691978,181.8913073454277,87.3050638986295,79.38794817611638,16.066247471029882,5.2179745931368835,1512.7600000000637,1512.5100000000637,1513.2900000000636,1510.5395226000637,0.2610167050758722,110.48966656662049,-0.0004336488529190774
-44.69999999993627,1981534,110.51569993077892,20.108239073741245,181.94916275548147,87.32529181747631,79.43159907680358,16.040647755724365,5.206924296315417,1512.8600000000638,1512.6100000000638,1513.3900000000635,1510.6395226000636,0.26492080109201427,110.51625267099769,0.0005527402187652797
-44.599999999936244,1982025,110.54308437569182,20.119292027453984,182.00407688170287,87.34692996160221,79.47526047274705,16.013263310811467,5.195871342602679,1512.9600000000637,1512.7100000000637,1513.4900000000637,1510.7395226000638,0.2766330891402983,110.54321369197383,0.00012931628201329204
-44.49999999993622,1982526,110.571026548607,20.130347716479648,182.05807022719782,87.36900880112782,79.51893267372814,15.985321137896292,5.184815653577015,1513.0600000000636,1512.8100000000636,1513.5900000000638,1510.839522600064,0.27774854514483927,110.57101360972625,-1.2938880743718073e-05
-44.3999999999362,1983021,110.5986340847208,20.14140623017593,182.1126128442708,87.39082322341362,79.56261603272777,15.957713601782487,5.173757139880731,1513.1600000000637,1512.9100000000637,1513.6900000000637,1510.9395226000638,0.26436307308970824,110.59823015884135,-0.0004039258794534817
-44.299999999936176,1983474,110.62389916322495,20.15246736251142,182.17100929317783,87.41078672502061,79.6063097358803,15.932448523278339,5.162696007545243,1513.2600000000639,1513.0100000000639,1513.7900000000636,1511.0395226000637,0.24958328102884772,110.62360103472415,-0.00029812850080190856
-44.19999999993615,1983916,110.64855074092658,20.16353095038288,182.23041165350588,87.43026546168794,79.65001313889506,15.907796945576706,5.151632419673781,1513.3600000000638,1513.1100000000638,1513.8900000000638,1511.1395226000639,0.2646419370908968,110.64896440212792,0.0004136612013354579
-44.09999999993613,1984423,110.67682755064314,20.17459715539185,182.2838402750605,87.45260871845338,79.69372688013071,15.879520135860147,5.140566214664812,1513.4600000000637,1513.2100000000637,1513.990000000064,1511.239522600064,0.2735655851276508,110.6759505414196,-0.0008770092235437232
-43.99999999993611,1984897,110.70326385795212,20.185666140491172,182.34029817216793,87.47349768039976,79.73745160328384,15.853083828551163,5.129497229565491,1513.5600000000638,1513.3100000000638,1514.0900000000638,1511.339522600064,0.2665939850989323,110.70340320787393,0.00013934992180963945
-43.899999999936085,1985379,110.73014634766294,20.196737836033428,182.39601862911925,87.49473919866594,79.78118703323312,15.826201338840349,5.118425534023235,1513.660000000064,1513.410000000064,1514.1900000000637,1511.4395226000638,0.27077694511612077,110.73074171473519,0.0005953670722504967
-43.79999999993606,1985868,110.75741924697536,20.207812288834123,182.45109380684647,87.51628920371189,79.82493335490922,15.798928439527927,5.107351081222539,1513.7600000000639,1513.5100000000639,1514.2900000000639,1511.539522600064,0.27830627314721634,110.75812638245435,0.0007071354789900397
-43.69999999993604,1986377,110.7858076022924,20.218889461309924,182.50432883870184,87.53872059955728,79.86869041985041,15.770540084210893,5.096273908746738,1513.8600000000638,1513.6100000000638,1514.390000000064,1511.639522600064,0.2668728491001208,110.78509217971468,-0.0007154225777128431
-43.59999999993602,1986825,110.8107938167954,20.22996930727007,182.56316564897534,87.55846375346442,79.91245804559384,15.74555386970789,5.0851940627865915,1513.960000000064,1513.710000000064,1514.490000000064,1511.739522600064,0.25376624104603623,110.81091342107565,0.00011960428025759029
-43.499999999935994,1987287,110.83656085050161,20.241051643994147,182.62071187228236,87.57882388093115,79.95623551035705,15.719786836001674,5.074111726062515,1514.060000000064,1513.810000000064,1514.5900000000638,1511.839522600064,0.26743057710228474,110.83692902543798,0.0003681749363693143
-43.39999999993597,1987784,110.86427993221587,20.252136693075165,182.6750392954127,87.60072644229689,80.00002368947712,15.692067754287422,5.063026676981497,1514.160000000064,1513.910000000064,1514.690000000064,1511.939522600064,0.2738444491288393,110.86409855520495,-0.00018137701091802683
-43.29999999993595,1988269,110.8913297403274,20.263224463705193,182.73046694593066,87.62210016918299,80.04382261926456,15.665017946175894,5.05193890635147,1514.2600000000639,1514.0100000000639,1514.790000000064,1512.0395226000642,0.26938262511046235,110.89133648264786,6.7423204654915025e-06
-43.199999999935926,1988750,110.91815645723797,20.2743149603717,182.78625977874066,87.64329761790916,80.0876323174458,15.638191229265317,5.040848409684962,1514.360000000064,1514.110000000064,1514.890000000064,1512.139522600064,0.26436307308970824,110.91769253510599,-0.000463922131984873
-43.0999999999359,1989217,110.94420235494535,20.28540800221222,182.8433354030779,87.66387809307577,80.13145206957759,15.61214533155794,5.029755367844444,1514.4600000000642,1514.2100000000642,1514.990000000064,1512.239522600064,0.2559971530552602,110.94349231717594,-0.0007100377694087001
-42.99999999993588,1989668,110.96935588784903,20.29650365883514,182.90187859923924,87.68375345560281,80.17528215062714,15.586991798654253,5.018659711221524,1514.560000000064,1514.310000000064,1515.090000000064,1512.3395226000641,0.2657573930954377,110.97020292983166,0.000847041982623864
-42.89999999993586,1990170,110.99735383356445,20.30760204279819,182.95573129832022,87.7058763646684,80.21912300522015,15.55899385293884,5.007561327258472,1514.660000000064,1514.410000000064,1515.1900000000642,1512.4395226000643,0.27189240112073276,110.997179297294,-0.0001745362704497211
-42.799999999935835,1990643,111.02373436807319,20.3187030946946,183.0122469789451,87.72672125707483,80.26297439868792,15.532613318430094,4.996460275362061,1514.760000000064,1514.510000000064,1515.290000000064,1512.5395226000642,0.26826716910577925,111.02350556831175,-0.0002287997614445203
-42.69999999993581,1991132,111.05100726738561,20.329806743911856,183.06728812429677,87.74827126212077,80.30683605209676,15.505340419117672,4.985356626144807,1514.8600000000642,1514.6100000000642,1515.390000000064,1512.639522600064,0.27440217713114534,111.05068603067797,-0.0003212367076486089
-42.59999999993579,1991627,111.07861480349943,20.340913231900743,183.12177612121178,87.77008568440658,80.35070891922597,15.477732883003853,4.97425013815592,1514.9600000000642,1514.7100000000642,1515.4900000000641,1512.7395226000642,0.27412331313002786,111.07871669318432,0.00010188968488478167
-42.49999999993577,1992115,111.10583193001163,20.352022487250498,183.1769056017757,87.79159161991257,80.39459271798862,15.450515756491654,4.963140882806165,1515.060000000064,1514.810000000064,1515.5900000000643,1512.8395226000644,0.26324761708509625,111.10587318336204,4.125335040328082e-05
-42.399999999935744,1992571,111.13126432691647,20.363134406537423,183.23497469294412,87.81168733013946,80.43848703984028,15.425083359586822,4.95202896351924,1515.1600000000642,1514.9100000000642,1515.6900000000642,1512.9395226000643,0.2604589770735662,111.13184992246917,0.0005855955527067636
-42.29999999993572,1993049,111.15792372542636,20.374248857235,183.2910167300523,87.83275257024575,80.48239136127447,15.39842396107693,4.940914512821664,1515.2600000000643,1515.0100000000643,1515.790000000064,1513.0395226000642,0.27551763313575733,111.1584148539916,0.0004911285652440256
-42.1999999999357,1993559,111.18636785354363,20.385366089508224,183.34411387878177,87.85522803563111,80.52630667049334,15.369979832959658,4.9297972805484385,1515.3600000000642,1515.1100000000642,1515.8900000000642,1513.1395226000643,0.27133467311849785,111.18558764380596,-0.0007802097376696793
-42.099999999935676,1994022,111.21219066005007,20.396485974763763,183.40153047709583,87.87563223263783,80.57023245952732,15.344157026453217,4.9186773952928995,1515.4600000000642,1515.2100000000642,1515.9900000000644,1513.2395226000644,0.26659398509886123,111.21224892355913,5.826350906090738e-05
-41.99999999993565,1994515,111.23968665056341,20.40760853929294,183.45618505200616,87.89735851584366,80.61416883223244,15.316661035939873,4.907554830763722,1515.5600000000643,1515.3100000000643,1516.0900000000643,1513.3395226000644,0.27719081714260435,111.23973100449092,4.435392750679057e-05
-41.89999999993563,1995016,111.2676288234786,20.418733920964666,183.51010205635035,87.91943735536928,80.65811633321869,15.288718863024684,4.896429449091997,1515.6600000000644,1515.4100000000644,1516.1900000000642,1513.4395226000643,0.2665939850989323,111.26693469033142,-0.0006941331471779222
-41.79999999993561,1995471,111.29300544758321,20.429861926231013,183.5682471155213,87.93948899605623,80.70207419793272,15.263342238920075,4.88530144382565,1515.7600000000643,1515.5100000000643,1516.2900000000643,1513.5395226000644,0.25739147306098975,111.29284139869212,-0.00016404889109367105
-41.699999999935585,1995939,111.31910711809081,20.44099248924441,183.62519264154682,87.96011354076279,80.74604216626336,15.237240568412474,4.874170880812251,1515.8600000000642,1515.6100000000642,1516.3900000000644,1513.6395226000645,0.2693826251103913,111.3194014795519,0.00029436146108707817
-41.59999999993556,1996437,111.3468819726053,20.45212580652693,183.67937605615907,87.98206017166848,80.79002101451242,15.209465713897984,4.863037563529733,1515.9600000000644,1515.7100000000644,1516.4900000000644,1513.7395226000644,0.2663151210978148,111.34622522503574,-0.0006567475695646863
-41.49999999993554,1996894,111.37237014231039,20.46326173428942,183.73732828116786,88.00219995143539,80.83401017468377,15.1839775441929,4.851901635767241,1516.0600000000645,1515.8100000000645,1516.5900000000643,1513.8395226000644,0.2599012490714023,111.37248898280828,0.00011884049789046003
-41.39999999993552,1997369,111.3988622224196,20.474400304323495,183.79362136970656,88.02313298292174,80.87800977236066,15.157485464083692,4.840763065733167,1516.1600000000644,1515.9100000000644,1516.6900000000644,1513.9395226000645,0.2654785290943203,111.39876231566828,-9.990675131632543e-05
-41.299999999935494,1997846,111.42546584812926,20.485541486752563,183.8497270872886,88.04415415348805,80.92201968952456,15.130881838374023,4.8296218833041,1516.2600000000643,1516.0100000000643,1516.7900000000645,1514.0395226000646,0.26519966509313175,111.42545675136002,-9.096769247207703e-06
-41.19999999993547,1998320,111.45190215543823,20.496685395673772,183.90610657400654,88.06504311543443,80.9660403768822,15.104445531065053,4.8184779743828905,1516.3600000000645,1516.1100000000645,1516.8900000000644,1514.1395226000645,0.27021921711381475,111.45252097817514,0.000618822736910829
-41.09999999993545,1998815,111.47950969155204,20.5078319909482,183.96055066702803,88.08685753772023,81.01007167587676,15.076837994951248,4.8073313791084615,1516.4600000000646,1516.2100000000646,1516.9900000000644,1514.2395226000644,0.26436307308970824,111.47916686734982,-0.00034282420222098153
-40.999999999935426,1999268,111.50477477005619,20.51898122904725,184.01885723155124,88.10682103932723,81.05411341456147,15.0515729164471,4.796182141009414,1516.5600000000645,1516.3100000000645,1517.0900000000645,1514.3395226000646,0.26882489710808527,111.50544760591595,0.0006728358597598572
-40.8999999999354,1999779,111.53327467097367,20.53013308046939,184.07182198347414,88.12934057425254,81.09816547639937,15.023073015529619,4.785030289587272,1516.6600000000644,1516.4100000000644,1517.1900000000646,1514.4395226000647,0.27802740914609886,111.53257208715523,-0.0007025838184375743
-40.79999999993538,2000265,111.56038025188542,20.541287743464682,184.12708613116732,88.1507583706786,81.14222864451814,14.995967434617867,4.77387562659198,1516.7600000000646,1516.5100000000646,1517.2900000000645,1514.5395226000646,0.2836046891690168,111.56131174478297,0.0009314928975499015
-40.69999999993536,2000796,111.58999560880748,20.552445342818352,184.17820729079952,88.17415929640335,81.18630341184462,14.966352077695802,4.762718027238311,1516.8600000000647,1516.6100000000647,1517.3900000000644,1514.6395226000645,0.28527787317586384,111.58953670944548,-0.00045889936200183
-40.599999999935335,2001288,111.6174358265206,20.56360565080658,184.2329157495357,88.19584151006924,81.23038887882379,14.938911859982682,4.7515577192500835,1516.9600000000646,1516.7100000000646,1517.4900000000646,1514.7395226000647,0.2791428651507109,111.61735458517077,-8.124134983233944e-05
-40.49999999993531,2001797,111.64582418183764,20.57476881373539,184.28605784865942,88.21827290591462,81.27448562339394,14.910523504665647,4.740394556321274,1517.0600000000645,1516.8100000000645,1517.5900000000647,1514.8395226000648,0.2699403531127683,111.64543630880152,-0.0003878730361179805
-40.39999999993529,2002256,111.67142389714317,20.585934738068342,184.34380094436122,88.23850082476146,81.31859327606726,14.884923789360116,4.72922863198832,1517.1600000000647,1516.9100000000647,1517.6900000000646,1514.9395226000647,0.2554394250528832,111.67160453923505,0.0001806420918768481
-40.29999999993527,2002713,111.69691206684823,20.59710313464324,184.40172385711355,88.25864060452832,81.36271069459481,14.85943561965506,4.718060235413422,1517.2600000000648,1517.0100000000648,1517.7900000000645,1515.0395226000646,0.2596223850702138,111.69696851818306,5.645133482801157e-05
-40.199999999935244,2003187,111.72334837415723,20.608274131771985,184.45807820542277,88.27952956647474,81.40683838583443,14.832999312346061,4.706889238284678,1517.3600000000647,1517.1100000000647,1517.8900000000647,1515.1395226000648,0.2727289931242273,111.72376811310829,0.00041973895106650616
-40.09999999993522,2003691,111.75145786547309,20.61944788826587,184.51166796488377,88.30174061462026,81.45097697712278,14.804889821030201,4.695715481790792,1517.4600000000646,1517.2100000000646,1517.9900000000648,1515.239522600065,0.2886242411896288,111.75144098174502,-1.6883728065408832e-05
-39.9999999999352,2004222,111.78107322239516,20.63062441996834,184.56276921695385,88.325141540345,81.49512653104463,14.775274464108122,4.684538950088324,1517.5600000000647,1517.3100000000647,1518.0900000000647,1515.3395226000648,0.2810949131587464,111.77988642316637,-0.0011867992287903917
-39.899999999935176,2004699,111.80767684810485,20.641803865550507,184.61884235009387,88.34616271091133,81.53928759537887,14.74867083839844,4.673359504506156,1517.6600000000649,1517.4100000000649,1518.1900000000646,1515.4395226000647,0.2571126090599433,111.80725080960842,-0.0004260384964283048
-39.79999999993515,2005144,111.83249574420716,20.652985870130266,184.67785890578298,88.36577365619856,81.5834587682696,14.723851942296122,4.662177499926397,1517.7600000000648,1517.5100000000648,1518.2900000000648,1515.5395226000649,0.24958328102877667,111.83249802262439,2.278417227330465e-06
-39.69999999993513,2005594,111.85759350431061,20.664170365155037,184.73641098276184,88.38560494918562,81.62763977892031,14.698754182192673,4.6509930049016255,1517.8600000000647,1517.6100000000647,1518.390000000065,1515.639522600065,0.24400600100578765,111.85727018321998,-0.00032332109063304415
-39.59999999993511,2006019,111.88129694440833,20.675357324166914,184.79726181973115,88.40433450367343,81.67183052281695,14.675050742094953,4.639806045889749,1517.9600000000648,1517.7100000000648,1518.4900000000648,1515.739522600065,0.2479100970219297,111.88212500040393,0.0008280559955977651
-39.499999999935085,2006483,111.90717552371501,20.686546790155123,184.85451619473048,88.4247827702201,81.71603116977563,14.649172162788275,4.628616579901539,1518.060000000065,1517.810000000065,1518.5900000000647,1515.8395226000648,0.26938262511032024,111.90812639427533,0.00095087056031673
-39.39999999993506,2006985,111.93517346943041,20.697738949445775,184.90826706136605,88.44690567928568,81.76024245582204,14.621174217072877,4.617424420610888,1518.1600000000649,1517.9100000000649,1518.6900000000649,1515.939522600065,0.2651996650932028,111.93470469633395,-0.0004687730964576531
-39.29999999993504,2007434,111.96021545673366,20.708933731094394,184.96689780931365,88.4666929027328,81.8044641007112,14.596132229769623,4.606229638962269,1518.2600000000648,1518.0100000000648,1518.790000000065,1516.039522600065,0.27133467311849785,111.96119654620999,0.0009810894763262468
-39.19999999993502,2007958,111.98944040405412,20.720131188755023,185.01861527298902,88.48978534167776,81.8486963163874,14.566907282449165,4.59503218130164,1518.360000000065,1518.110000000065,1518.890000000065,1516.139522600065,0.2771908171425333,111.98905599035425,-0.00038441369987651797
-39.099999999934994,2008428,112.01565362016218,20.731331542292473,185.07530753327632,88.51049802546426,81.892939971361,14.540694066341104,4.58383182776419,1518.460000000065,1518.210000000065,1518.9900000000648,1516.239522600065,0.25237192104037776,112.01551643495986,-0.00013718520231975617
-38.99999999993497,2008863,112.03991478826221,20.74253429204202,185.13522016900978,88.5296682753518,81.93719309185556,14.516432898241078,4.572629078014643,1518.560000000065,1518.310000000065,1519.090000000065,1516.339522600065,0.23870758498398717,112.04006014693003,0.00014535866782239282
-38.89999999993495,2009284,112.06339513715899,20.753739554321864,185.1964196597873,88.54822155167969,81.98145613735146,14.492952549344295,4.561423815734798,1518.6600000000649,1518.4100000000649,1519.190000000065,1516.4395226000652,0.25097760103450617,112.06487429545813,0.0014791582991335872
-38.799999999934926,2009763,112.09011030846912,20.764947266901117,185.25226899818824,88.56933086132595,82.02572886202408,14.466237378034165,4.550216103155545,1518.760000000065,1518.510000000065,1519.290000000065,1516.539522600065,0.2657573930955088,112.09035258597577,0.00024227750664351788
-38.6999999999349,2010237,112.1165466157781,20.776157624839062,185.30857622683183,88.59021982327234,82.07001203639697,14.439801070725181,4.539005745217601,1518.8600000000652,1518.6100000000652,1519.390000000065,1516.639522600065,0.2657573930955088,112.1167375627119,0.0001909469337988412
-38.59999999993488,2010716,112.14326178708824,20.787370614413664,185.3644194323501,88.6113291329186,82.11430560626532,14.413085899415051,4.527792755642999,1518.960000000065,1518.710000000065,1519.490000000065,1516.7395226000651,0.25794920106322466,112.14271723985073,-0.0005445472375100735
-38.49999999993486,2011162,112.16813645599076,20.798586168287038,185.42330135303064,88.63098414774579,82.1586093056309,14.388211230512525,4.516577201769625,1519.060000000065,1518.810000000065,1519.5900000000652,1516.8395226000653,0.25237192104023565,112.1681808627472,4.440675644445946e-05
-38.399999999934835,2011621,112.1937361712963,20.809804250586218,185.48098103100884,88.6512120665926,82.20292299278825,14.362611515206993,4.5053591194704445,1519.160000000065,1518.910000000065,1519.690000000065,1516.9395226000652,0.2618532970793667,112.19414629767194,0.00041012637564108445
-38.29999999993481,2012101,112.22050711540665,20.821024997546576,185.53672169859655,88.67236544577882,82.24724720589458,14.33584057109664,4.494138372510086,1519.2600000000652,1519.0100000000652,1519.790000000065,1517.039522600065,0.2607378410748258,112.22039587771354,-0.00011123769310472653
-38.19999999993479,2012556,112.24588373951127,20.832248329761764,185.59476424193076,88.69241708646577,82.29158163127879,14.310463946992016,4.482915040294898,1519.3600000000652,1519.1100000000652,1519.8900000000651,1517.1395226000652,0.2529296490426838,112.24592303852836,3.929901708943362e-05
-38.09999999993477,2013008,112.2710930452152,20.84347418215429,185.65307967350017,88.71233651853281,82.33592601187165,14.285254641288091,4.471689187902374,1519.460000000065,1519.210000000065,1519.9900000000653,1517.2395226000654,0.26129556907706075,112.27146637032268,0.00037332510748910863
-37.999999999934744,2013493,112.2981428533267,20.854702623035834,185.70834826960845,88.73371024541888,82.38028061751811,14.258204833176592,4.460460747020829,1519.5600000000652,1519.3100000000652,1520.0900000000652,1517.3395226000653,0.26715171310116725,112.29811084375972,-3.2009566979240844e-05
-37.89999999993472,2013966,112.32452338783544,20.865933804323046,185.76472149609666,88.75455513782528,82.42464604831954,14.231824298667846,4.449229565733617,1519.6600000000653,1519.4100000000653,1520.190000000065,1517.4395226000652,0.25934352106902525,112.3246054206101,8.20327746566818e-05
-37.7999999999347,2014423,112.35001155754051,20.877167544119963,185.82256694675672,88.77469491759217,82.46902158575021,14.206336128962775,4.437995825936699,1519.7600000000652,1519.5100000000652,1520.2900000000652,1517.5395226000653,0.2621321610804842,112.35043058705915,0.0004190295186390358
-37.699999999934676,2014906,112.37694982005155,20.88840389044046,185.87801078325157,88.7959805053983,82.51340741947465,14.179397866451737,4.4267594796162015,1519.8600000000652,1519.6100000000652,1520.3900000000654,1517.6395226000654,0.26659398509886123,112.37687130297846,-7.851707309214362e-05
-37.59999999993465,2015379,112.4033303545603,20.899642918380565,185.93437447498766,88.81682539780472,82.55780384613723,14.15301733194299,4.415520451676098,1519.9600000000653,1519.7100000000653,1520.4900000000653,1517.7395226000654,0.26129556907706075,112.40349549413796,0.00016513957766051135
-37.49999999993463,2015843,112.42920893386697,20.910884589539297,185.99156560675866,88.8372736643514,82.60221071404641,14.127138752636313,4.404278780517366,1520.0600000000654,1519.8100000000654,1520.5900000000652,1517.8395226000653,0.2593435210690963,112.42961456028924,0.0004056264222640493
-37.39999999993461,2016309,112.45519905877413,20.922128841292626,186.04856882035114,88.85781006997803,82.6466277758246,14.10114862772916,4.393034528764037,1520.1600000000653,1519.9100000000653,1520.6900000000653,1517.9395226000654,0.25543942505295425,112.45502830676914,-0.00017075200499050425
-37.299999999934585,2016759,112.48029681887758,20.933375595200655,186.10704440893159,88.87764136296511,82.69105472161841,14.07605086762571,4.381787774856008,1520.2600000000652,1520.0100000000652,1520.7900000000654,1518.0395226000655,0.2512564650356947,112.48018448378559,-0.00011233509198405045
-37.19999999993456,2017210,112.50545035178128,20.944624878189387,186.16542409900921,88.89751672549217,82.73549165779099,14.05089733472201,4.370538491867276,1520.3600000000654,1520.1100000000654,1520.8900000000654,1518.1395226000654,0.2629687530840498,112.50578033367844,0.00032998189716693105
-37.09999999993454,2017702,112.5328905694944,20.955876751267397,186.22001661217567,88.91919893915804,82.77993882533846,14.023457117008888,4.359286618789266,1520.4600000000655,1520.2100000000655,1520.9900000000653,1518.2395226000654,0.26854603310689673,112.53243901485972,-0.0004515546346794963
-36.999999999934516,2018173,112.55915955840267,20.967131365992365,186.2765451363673,88.9399556924845,82.82439682294428,13.997188128100618,4.348032004064297,1520.5600000000654,1520.3100000000654,1521.0900000000654,1518.3395226000655,0.26994035311269726,112.55970120436528,0.0005416459626133019
-36.899999999934494,2018670,112.58687864011695,20.978388691508272,186.33067143255232,88.96185825385027,82.86886552872092,13.969469046386337,4.336774678548391,1520.6600000000653,1520.4100000000653,1521.1900000000655,1518.4395226000656,0.2755176331358284,112.58670583593981,-0.00017280417714005125
-36.79999999993447,2019161,112.61426308502985,20.98964870715956,186.38534881954732,88.98349639797617,82.91334486107478,13.94208460147344,4.325514662897103,1520.7600000000655,1520.5100000000655,1521.2900000000654,1518.5395226000655,0.2716135371196153,112.61391725779671,-0.00034582723313292263
-36.69999999993445,2019644,112.64120134754089,21.00091147495984,186.44076256044224,89.00478198578229,82.9578350649721,13.915146338962401,4.314251895096824,1520.8600000000656,1520.6100000000656,1521.3900000000654,1518.6395226000654,0.2679883051045907,112.64122076644693,1.9418906049395446e-05
-36.599999999934425,2020122,112.66786074605078,21.012176951312853,186.4966354395734,89.02584722588857,83.00233596819889,13.888486940452509,4.30298641874381,1520.9600000000655,1520.7100000000655,1521.4900000000655,1518.7395226000656,0.2512564650356947,112.66712570142029,-0.0007350446304883462
-36.4999999999344,2020545,112.69145264054804,21.023444900100127,186.55758185280135,89.04448864129643,83.04684663803957,13.864895045955251,4.291718469956535,1521.0600000000654,1520.8100000000654,1521.5900000000656,1518.8395226000657,0.24261168100005817,112.69202468837814,0.0005720478301043386
-36.39999999993438,2020992,112.7163830822508,21.034715356250533,186.61630883685464,89.06418772566359,83.09136721247023,13.839964604252486,4.280448013806129,1521.1600000000656,1520.9100000000656,1521.6900000000655,1518.9395226000656,0.2573914730609187,112.7171384084357,0.0007553261849011506
-36.29999999993436,2021468,112.74293093516023,21.04598832778182,186.67235411757756,89.08516482668993,83.13589772316256,13.813416751343055,4.269175042274842,1521.2600000000657,1521.0100000000657,1521.7900000000654,1519.0395226000655,0.26882489710808527,112.74330311777868,0.00037218261844884637
-36.199999999934334,2021956,112.77014806167243,21.057264016874093,186.72728890413595,89.10667076219592,83.18043896876878,13.786199624830857,4.2578993531825695,1521.3600000000656,1521.1100000000656,1521.8900000000656,1519.1395226000657,0.2657573930955088,112.76969010447993,-0.00045795719249497324
-36.09999999993431,2022421,112.79608241377935,21.06854226580272,186.784344056518,89.12716309828258,83.22499032624478,13.760265272723942,4.2466211042539435,1521.4600000000655,1521.2100000000655,1521.9900000000657,1519.2395226000658,0.25655488105756624,112.79536405317394,-0.0007183606054042002
-35.99999999993429,2022876,112.82145903788395,21.079823089684734,186.84231944391365,89.14721473896951,83.26955185530588,13.734888648619332,4.235340280371929,1521.5600000000657,1521.3100000000657,1522.0900000000656,1519.3395226000657,0.26464193709082573,112.8214498194864,-9.21839755108067e-06
-35.899999999934266,2023370,112.84901080119752,21.091106555766622,186.89668970977644,89.16898509171533,83.31412382158929,13.707336885305764,4.224056814290041,1521.6600000000658,1521.4100000000658,1522.1900000000655,1519.4395226000656,0.2744021771310743,112.84823934164868,-0.0007714595488437226
-35.79999999993424,2023860,112.87633947331018,21.102392737553068,186.95142698654547,89.19057916630126,83.35870651545329,13.680008213193105,4.212770632503595,1521.7600000000657,1521.5100000000657,1522.2900000000657,1519.5395226000658,0.26519966509327386,112.87520472570739,-0.0011347476027907533
-35.69999999993422,2024321,112.90205073421619,21.113681596711768,187.00884048967092,89.21089522422804,83.40329978547759,13.654296952287098,4.201481773344895,1521.8600000000656,1521.6100000000656,1522.3900000000658,1519.639522600066,0.26018011307251976,112.90212621280423,7.547858804457519e-05
-35.5999999999342,2024793,112.9283754959247,21.124973162795634,187.06523555329088,89.23169604709449,83.44790374840211,13.627972190578589,4.190190207261029,1521.9600000000657,1521.7100000000657,1522.4900000000657,1519.7395226000658,0.2654785290943203,112.92870303453289,0.00032753860818957037
-35.499999999934175,2025273,112.95514644003507,21.13626733731868,187.12088827700623,89.2528494262807,83.4925180151874,13.601201246468221,4.178896032737981,1522.0600000000659,1521.8100000000659,1522.5900000000656,1519.8395226000657,0.2665939850989323,112.95536276363397,0.0002163235989058876
-35.39999999993415,2025749,112.9816942929445,21.147564235348366,187.17690832743153,89.27382652730704,83.53714304037308,13.57465339355879,4.167599134708297,1522.1600000000658,1521.9100000000658,1522.6900000000658,1519.9395226000659,0.25767033706210724,112.98168646838508,-7.824559418168064e-06
-35.29999999993413,2026197,113.0066805074475,21.158863674612363,187.23551191487238,89.29356968121417,83.58177810394673,13.549667179055788,4.1562996954443,1522.2600000000657,1522.0100000000657,1522.790000000066,1520.039522600066,0.2509776010345772,113.00668050901709,1.5695889032940613e-09
-35.19999999993411,2026649,113.03188981315142,21.170165571450177,187.293741672777,89.31348911328121,83.62642287543251,13.524457873351864,4.144997798606486,1522.3600000000658,1522.1100000000658,1522.8900000000658,1520.139522600066,0.2559971530552602,113.03186046888344,-2.934426798617551e-05
-35.099999999934084,2027115,113.05787993805856,21.181470046706146,187.35067434760774,89.33402551890782,83.67107783218992,13.498467748444725,4.133693323350517,1522.460000000066,1522.210000000066,1522.9900000000657,1520.2395226000658,0.36893707352077026,113.05807344487378,0.00019350681522212199
-34.99999999993406,2027972,113.1056772278556,21.192777186139157,187.37147157914555,89.37179311466322,83.71574331298388,13.450670458647693,4.122386183917506,1522.5600000000659,1522.3100000000659,1523.0900000000659,1520.339522600066,0.36280206549540417,113.09486894230915,-0.010808285546445973
-34.89999999993404,2028416,113.13044035115766,21.20408902049461,187.43044714293495,89.39135999041048,83.7604273396682,13.425907335345627,4.1110743495620525,1522.6600000000658,1522.4100000000658,1523.190000000066,1520.439522600066,0.24484259300928218,113.13031566821493,-0.00012468294272593994
-34.799999999934016,2028850,113.15464574645746,21.215403249272804,187.49034217127576,89.41048617075802,83.80512082480516,13.401701940045825,4.099760120783859,1522.760000000066,1522.510000000066,1523.290000000066,1520.539522600066,0.2501410090311537,113.15494641995585,0.0003006734983870274
-34.69999999993399,2029313,113.1804685529639,21.226720009778607,187.54755375345843,89.43089036776472,83.84982431077668,13.375879133539385,4.088443360278056,1522.860000000066,1522.610000000066,1523.3900000000658,1520.639522600066,0.2414962249953751,113.17960263696632,-0.0008659159975792363
-34.59999999993397,2029716,113.20294499145655,21.238039169800203,187.61030617536534,89.44865039237315,83.89453727531945,13.35340269504674,4.07712420025646,1522.960000000066,1522.710000000066,1523.490000000066,1520.739522600066,0.23117825695289157,113.20315169906435,0.0002067076078020591
-34.49999999993395,2030142,113.22670420435449,21.249360640118425,187.67092789141887,89.46742401640091,83.93925936599975,13.329643482148796,4.0658027299382375,1523.0600000000659,1522.8100000000659,1523.590000000066,1520.8395226000662,0.24456372900816473,113.22709590241328,0.0003916980587916896
-34.399999999933925,2030593,113.25185773725819,21.26068458898069,187.72923476721246,89.48729937892799,83.9839912474288,13.304489949245095,4.0544787810759715,1523.160000000066,1522.910000000066,1523.690000000066,1520.939522600066,0.2454003210115882,113.2516455122747,-0.00021222498348549834
-34.2999999999339,2031022,113.27578426855682,21.272010969220887,187.78957132434164,89.50620521157566,84.02873273329097,13.280563417946468,4.043152400835776,1523.2600000000662,1523.0100000000662,1523.790000000066,1521.039522600066,0.24289054500124668,113.2760660894125,0.00028182085567607373
-34.19999999993388,2031464,113.30043584625845,21.28333980219858,187.84870193331585,89.52568394824299,84.07348390796082,13.255911840244835,4.031823567858083,1523.360000000066,1523.110000000066,1523.890000000066,1521.1395226000661,0.24065963299202267,113.30021535871462,-0.0002204875438280851
-34.09999999993386,2031885,113.32391619515523,21.294671012292635,187.90976986376873,89.54423722457089,84.11824447271962,13.232431491348052,4.020492357764027,1523.460000000066,1523.210000000066,1523.9900000000662,1521.2395226000663,0.23201484895631505,113.32390651939174,-9.67576349353294e-06
-33.999999999933834,2032296,113.34683881604973,21.30600458350246,187.9717582426795,89.5623498054991,84.16301436436186,13.209508870453561,4.009158786554202,1523.560000000066,1523.310000000066,1524.090000000066,1521.3395226000662,0.24093849699321118,113.34775015680103,0.0009113407513012817
-33.89999999993381,2032749,113.37210389455389,21.317340562324,188.02985769895403,89.58231330710609,84.20779376655582,13.184243791949399,3.997822807732664,1523.6600000000662,1523.4100000000662,1524.190000000066,1521.439522600066,0.24902555302654172,113.37215377206272,4.987750882889941e-05
-33.79999999993379,2033189,113.39664392665505,21.328679014256878,188.08915569011256,89.60170390469347,84.25258293803829,13.159703759848242,3.986484355799785,1523.7600000000662,1523.5100000000662,1524.2900000000661,1521.5395226000662,0.24958328102877667,113.3967429983492,9.907169415157568e-05
-33.699999999933766,2033644,113.42202055075965,21.340019910923676,188.14706180775008,89.6217555453804,84.29738176671269,13.134327135743632,3.975143459132987,1523.860000000066,1523.610000000066,1524.3900000000663,1521.6395226000664,0.25767033706210724,113.42226713622189,0.00024658546223577105
-33.59999999993374,2034113,113.44817799406748,21.351363467684127,188.20367012681905,89.64242415962693,84.34219110329343,13.108169692435808,3.9637999023725357,1523.9600000000662,1523.7100000000662,1524.4900000000662,1521.7395226000663,0.2462369130150117,113.44747639927995,-0.0007015947875288475
-33.49999999993372,2034527,113.47126793336267,21.362709406203535,188.2653626356677,89.66066894917505,84.38700984830231,13.085079753140619,3.9524539638531273,1524.0600000000663,1523.8100000000663,1524.590000000066,1521.8395226000662,0.24093849699321118,113.47178410777963,0.0005161744169583926
-33.3999999999337,2034977,113.49636569346613,21.37405782450569,188.32372026989205,89.68050024216213,84.43183838895308,13.059981993037155,3.941105545550972,1524.1600000000662,1523.9100000000662,1524.6900000000662,1521.9395226000663,0.2509776010345772,113.49663732381634,0.00027163035021260384
-33.299999999933675,2035427,113.5214634535696,21.385408733668303,188.3820740420155,89.70033153514922,84.47667676900494,13.034884232933692,3.9297546363883598,1524.2600000000662,1524.0100000000662,1524.7900000000664,1522.0395226000664,0.25097760103450617,113.52169910055784,0.00023564698824429797
-33.19999999993365,2035877,113.54656121367304,21.396762164325807,188.4404242243952,89.7201628281363,84.52152510947005,13.009786472830243,3.9184012057308557,1524.3600000000663,1524.1100000000663,1524.8900000000663,1522.1395226000664,0.25432396904827115,113.54676907393842,0.00020786026537678026
-33.09999999993363,2036339,113.57232824737926,21.408118087483096,188.49765975434337,89.74052295560303,84.56638329581192,12.984019439124026,3.9070452825735664,1524.4600000000664,1524.2100000000664,1524.9900000000662,1522.2395226000663,0.25348737704491875,113.57189823990812,-0.000430007471138083
-32.99999999993361,2036786,113.59725868908204,21.419476543973794,188.5562802408756,89.7602220399702,84.61125148933158,12.959088997421247,3.895686826082869,1524.5600000000663,1524.3100000000663,1525.0900000000663,1522.3395226000664,0.24456372900816473,113.59723862672726,-2.0062354778360714e-05
-32.899999999933584,2037216,113.6212409931809,21.430837535208447,188.61647125025365,89.77917194215786,84.65612969560101,12.935106693322382,3.884325834848216,1524.6600000000662,1524.4100000000662,1525.1900000000664,1522.4395226000665,0.24177508899663466,113.62203996707794,0.0007989738970337612
-32.79999999993356,2037653,113.64561370688138,21.442200951967212,188.67601003301075,89.79843033112532,84.70101748317975,12.91073397962191,3.8729624180894504,1524.7600000000664,1524.5100000000664,1525.2900000000664,1522.5395226000664,0.24679464101724663,113.64629832293903,0.0006846160576543525
-32.69999999993354,2038101,113.67059992138437,21.45356679487304,188.73452598746312,89.81817348503245,84.74591485452864,12.885747765118921,3.861596575183622,1524.8600000000665,1524.6100000000665,1525.3900000000663,1522.6395226000664,0.24902555302647067,113.67061224938114,1.2327996770977734e-05
-32.599999999933516,2038546,113.69541881748668,21.464935074417095,188.79331548858966,89.83778443031967,84.79082185108983,12.860928869016604,3.8502282956395675,1524.9600000000664,1524.7100000000664,1525.4900000000664,1522.7395226000665,0.24567918501277672,113.6951228380454,-0.0002959794412760175
-32.49999999993349,2038982,113.71973575838693,21.476305819440654,188.852934595891,89.85699874974716,84.83573858679223,12.836611928116355,3.8388575506160088,1525.0600000000663,1524.8100000000663,1525.5900000000665,1522.8395226000666,0.24846782502416467,113.72007512575834,0.0003393673714100487
-32.39999999993347,2039437,113.74511238249153,21.487679089442253,188.9107904450916,89.87705039043409,84.88066529666705,12.81123530401176,3.82748428061441,1525.1600000000665,1524.9100000000665,1525.6900000000664,1522.9395226000665,0.24623691301494063,113.74493602595209,-0.00017635653944125806
-32.29999999993345,2039865,113.76898314098993,21.49905480664585,188.97114321574645,89.8959121535418,84.92560167348321,12.787364545513356,3.816108563410811,1525.2600000000666,1525.0100000000666,1525.7900000000664,1523.0395226000664,0.24316940900236417,113.76900638520198,2.3244212044915002e-05
-32.199999999933425,2040309,113.79374626429201,21.510432890719297,189.03000908995628,89.91547902928905,84.97054739991256,12.762601422211276,3.8047304793373655,1525.3600000000665,1525.1100000000665,1525.8900000000665,1523.1395226000666,0.2462369130150117,113.7935573069913,-0.00018895730070767058
-32.0999999999334,2040748,113.81823052359294,21.521813518107255,189.08933497824918,89.93482555733645,85.01550317294706,12.738117162910342,3.793349851949408,1525.4600000000664,1525.2100000000664,1525.9900000000666,1523.2395226000667,0.23898644898517568,113.81813596229362,-9.456129932061685e-05
-31.99999999993338,2041166,113.84154355408906,21.53319651791176,189.15060219366038,89.95324662504447,85.06046831750533,12.71480413241423,3.781966852144901,1525.5600000000666,1525.3100000000666,1526.0900000000665,1523.3395226000666,0.24065963299202267,113.84222672793071,0.0006831738416508415
-31.899999999933357,2041611,113.86636245019136,21.544581963452845,189.20936350168475,89.97285757033168,85.10544312321625,12.689985236311927,3.7705814066038172,1525.6600000000667,1525.4100000000667,1526.1900000000664,1523.4395226000665,0.2546028330494597,113.86681807792368,0.0004556277323217728
-31.799999999933334,2042079,113.89246412069896,21.55596988152735,189.2659891762737,89.99348211503826,85.15042769593273,12.663883565804326,3.759193488529313,1525.7600000000666,1525.5100000000666,1526.2900000000666,1523.5395226000667,0.25571828905407173,113.8921176839099,-0.00034643678905865727
-31.69999999993331,2042528,113.91750610800219,21.567360386989634,189.3243727311076,90.01326933848536,85.19542248935272,12.6388415785011,3.7478029830670287,1525.8600000000665,1525.6100000000665,1526.3900000000667,1523.6395226000668,0.2498621450299652,113.91747439483107,-3.17131711113916e-05
-31.59999999993329,2042975,113.94243654970496,21.578753376406322,189.3829378222314,90.03296842285253,85.24042709489345,12.613911136798322,3.7364099936503408,1525.9600000000667,1525.7100000000667,1526.4900000000666,1523.7395226000667,0.2518141930380718,113.94249236044881,5.581074384508611e-05
-31.499999999933266,2043431,113.96786894660981,21.590148885461726,189.4406650314397,90.05306413307945,85.28544165351519,12.588478739893475,3.7250144845949364,1526.0600000000668,1525.8100000000668,1526.5900000000665,1523.8395226000666,0.24735236901955265,113.96755152701327,-0.00031741959654141283
-31.399999999933243,2043862,113.99190702350889,21.60154688671173,189.50070624098586,90.07205810480706,85.33046605680815,12.5644406629944,3.713616483344932,1526.1600000000667,1525.9100000000667,1526.6900000000667,1523.9395226000668,0.2356400809712686,113.99165836909697,-0.0002486544119193468
-31.29999999993322,2044276,114.01499696280408,21.612947217135552,189.5623189306096,90.09030289435518,85.37549966080735,12.54135072369921,3.7022161529211104,1526.2600000000666,1526.0100000000666,1526.7900000000668,1524.039522600067,0.24121736099432867,114.01529322803208,0.0002962652280018574
-31.199999999933198,2044727,114.04015049570776,21.62434994535734,189.6204963897451,90.11017825688224,85.42054273659201,12.516197190795523,3.6908134246993214,1526.3600000000667,1526.1100000000667,1526.8900000000667,1524.1395226000668,0.26045897707363724,114.04036099612448,0.00021050041671344388
-31.099999999933175,2045210,114.06708875821882,21.63575528933478,189.6757033502871,90.13146384468837,85.46559614513899,12.489258928284471,3.679408080721881,1526.4600000000669,1526.2100000000669,1526.9900000000666,1524.2395226000667,0.2571126090598012,114.06645899956082,-0.0006297586579933068
-30.999999999933152,2045649,114.09157301751974,21.647163237157258,189.73498799804568,90.15081037273575,85.51065983939887,12.464774668983551,3.6680001328994045,1526.5600000000668,1526.3100000000668,1527.0900000000668,1524.3395226000669,0.24679464101731768,114.09157923938572,6.221865987754427e-06
-30.89999999993313,2046095,114.11644768642229,21.658573605182664,189.79361909948085,90.17046538756297,85.55573309394838,12.439900000080996,3.656589764873999,1526.6600000000667,1526.4100000000667,1527.190000000067,1524.439522600067,0.23982304098867022,114.11604859021415,-0.00039909620814171376
-30.799999999933107,2046509,114.13953762571748,21.669986446875306,189.85521492065962,90.18871017711108,85.60081611998224,12.416810060785807,3.6451769231813564,1526.7600000000668,1526.5100000000668,1527.2900000000668,1524.539522600067,0.23564008097133965,114.13987088003657,0.0003332543190879278
-30.699999999933084,2046940,114.16357570261657,21.681401579358678,189.91522861754365,90.2077041488387,85.64590819510144,12.392771983886718,3.633761790697985,1526.860000000067,1526.610000000067,1527.3900000000667,1524.6395226000668,0.24902555302647067,114.16392826909164,0.00035256647507253547
-30.59999999993306,2047402,114.18934273632279,21.692819232529132,189.9723626802942,90.22806427630545,85.69101022744289,12.367004950180501,3.6223441375275307,1526.9600000000669,1526.7100000000669,1527.4900000000669,1524.739522600067,0.25041987303220015,114.18889075229477,-0.00045198402801815973
-30.49999999993304,2047838,114.21365967722302,21.70423935750914,190.0319052803935,90.24727859573292,85.73612202393052,12.342688009280266,3.610924012547521,1527.0600000000668,1526.8100000000668,1527.590000000067,1524.839522600067,0.24093849699314013,114.21351158241255,-0.00014809481046995643
-30.399999999933016,2048266,114.23753043572142,21.71566193484562,190.09218644711927,90.26614035884063,85.7812435077207,12.318817250781862,3.5995014352110424,1527.160000000067,1526.910000000067,1527.690000000067,1524.939522600067,0.2442848650069762,114.237693994793,0.00016355907158072114
-30.299999999932993,2048714,114.26251665022443,21.727086896308105,190.15060698179914,90.28588351274777,85.82637440928936,12.29383103627886,3.5880764737485578,1527.260000000067,1527.010000000067,1527.7900000000668,1525.039522600067,0.24484259300928218,114.26194432430879,-0.0005723259156411586
-30.19999999993297,2049144,114.28649895432329,21.738514323710486,190.21069437430825,90.30483341493543,85.87151505181785,12.269848732179994,3.5766490463461764,1527.360000000067,1527.110000000067,1527.890000000067,1525.139522600067,0.25069873703345974,114.28720400400509,0.0007050496817981866
-30.099999999932948,2049613,114.31265639763113,21.74994433710891,190.26715870771795,90.32550202918198,85.91666590955217,12.243691288872157,3.565219032947752,1527.4600000000669,1527.2100000000669,1527.990000000067,1525.2395226000672,0.3034040332506314,114.31235474713633,-0.00030165049480501693
-29.999999999932925,2050232,114.34717976097343,21.761376794659917,190.30969404010656,90.3527810744242,85.96182642218204,12.209167925529854,3.553786575396746,1527.560000000067,1527.310000000067,1528.090000000067,1525.339522600067,0.2967112972230304,114.34229273551993,-0.00488702545349895
-29.899999999932902,2050677,114.37199865707575,21.77281279565602,190.36838606744956,90.37239201971143,86.00700093213455,12.184349029427537,3.5423505744006434,1527.6600000000672,1527.4100000000672,1528.190000000067,1525.439522600067,0.24512145701039967,114.37221065617578,0.00021199910003133482
-29.79999999993288,2051111,114.39620405237552,21.78425123679116,190.42809520862588,90.39151820005897,86.05218508112831,12.160143634127763,3.5309121332655025,1527.760000000067,1527.510000000067,1528.290000000067,1525.5395226000671,0.2610167050758722,114.3974681533031,0.0012641009275711212
-29.699999999932857,2051613,114.42420199809094,21.795692289286684,190.48148825761814,90.41364110912455,86.09737954552217,12.13214568841235,3.5194710807699785,1527.860000000067,1527.610000000067,1528.3900000000672,1525.6395226000673,0.2699403531127683,114.42396408540971,-0.00023791268122863585
-29.599999999932834,2052079,114.45019212299809,21.807136029608245,190.5382212567403,90.43417751475118,86.14258462737084,12.106155563505197,3.508027340448418,1527.960000000067,1527.710000000067,1528.490000000067,1525.7395226000672,0.2518141930380718,114.4498887369913,-0.0003033860067915839
-29.49999999993281,2052516,114.47456483669856,21.81858226703409,190.5976432245797,90.45343590371864,86.18779957328498,12.081782849804725,3.4965811030225744,1528.0600000000672,1527.8100000000672,1528.590000000067,1525.839522600067,0.25767033706210724,114.4751849911803,0.0006201544817372451
-29.39999999993279,2053003,114.50172619041052,21.830031066606487,190.65241890156537,90.47489776968466,86.23302464019464,12.054621496092764,3.4851323034501753,1528.1600000000672,1527.9100000000672,1528.6900000000671,1525.9395226000672,0.2707769451161918,114.50167501162593,-5.1178784588046256e-05
-29.299999999932766,2053487,114.52872022572181,21.841482602036418,190.7074710953688,90.49622742703077,86.27826051429321,12.027627460781474,3.4736807680202446,1528.260000000067,1528.010000000067,1528.7900000000673,1526.0395226000674,0.26045897707363724,114.52846871137024,-0.0002515143515751106
-29.199999999932743,2053937,114.55381798582526,21.852936760348765,190.7656780418512,90.51605872001785,86.32350674930625,12.002529700678025,3.4622266097078978,1528.3600000000672,1528.1100000000672,1528.8900000000672,1526.1395226000673,0.24874668902528213,114.55407538494124,0.000257399115980661
-29.09999999993272,2054379,114.57846956352688,21.864393417113412,190.82462438539486,90.53553745668516,86.36876285370965,11.977878122976406,3.4507699529432507,1528.4600000000673,1528.2100000000673,1528.990000000067,1526.2395226000672,0.24512145701039967,114.57857202281171,0.0001024592848324346
-28.999999999932697,2054816,114.60284227722735,21.875852474753334,190.88403079772715,90.5547958456526,86.41402844205453,11.953505409275934,3.439310895303329,1528.5600000000672,1528.3100000000672,1529.0900000000672,1526.3395226000673,0.24958328102884772,114.60313159455049,0.0002893173231370838
-28.899999999932675,2055274,114.62838621973266,21.88731404343233,190.94148286687252,90.57497969495947,86.45930394951009,11.927961466770626,3.427849326624333,1528.6600000000672,1528.4100000000672,1529.1900000000674,1526.4395226000674,0.2559971530552602,114.62846922570984,8.300597717436631e-05
-28.799999999932652,2055734,114.65404170783842,21.89877816859848,190.9987458130868,90.59525168334626,86.50458955560539,11.90230597866487,3.4163852014581835,1528.7600000000673,1528.5100000000673,1529.2900000000673,1526.5395226000674,0.2532085130437302,114.65412963610228,8.792826386638808e-05
-28.69999999993263,2056182,114.67902792234142,21.910244869359556,191.05712061142322,90.61499483725339,86.54988533582002,11.877319764161868,3.404918500697107,1528.8600000000674,1528.6100000000674,1529.3900000000672,1526.6395226000673,0.2562760170563777,114.67961608351409,0.0005881611726721303
-28.599999999932606,2056653,114.7052969112497,21.92171409181519,191.11335467599685,90.63575159057987,86.59519107723665,11.851050775253583,3.393449278241473,1528.9600000000673,1528.7100000000673,1529.4900000000673,1526.7395226000674,0.24735236901955265,114.70483007034211,-0.0004668409075918589
-28.499999999932584,2057069,114.72849839614534,21.933185835373628,191.1746962785189,90.65408451920793,86.64050677751773,11.827849290357946,3.3819775346830347,1529.0600000000672,1528.8100000000672,1529.5900000000674,1526.8395226000675,0.2493044170276592,114.72955719285102,0.001058796705677878
-28.39999999993256,2057547,114.75515779465525,21.944660003253766,191.2302716930763,90.67514975931421,86.68583205435837,11.80118989184804,3.3705033668028967,1529.1600000000674,1528.9100000000674,1529.6900000000674,1526.9395226000674,0.2643630730897793,114.75492135478936,-0.00023643986588695043
-28.29999999993254,2058017,114.78137101076331,21.95613681964459,191.28658793930694,90.69586244310072,86.73116779335027,11.774976675739978,3.3590265504120715,1529.2600000000675,1529.0100000000675,1529.7900000000673,1527.0395226000674,0.2610167050758722,114.78134461122981,-2.6399533496146432e-05
-28.199999999932515,2058483,114.80736113567043,21.967616272176016,191.343273243746,90.71639884872734,86.77651394562912,11.748986550832853,3.3475470978806463,1529.3600000000674,1529.1100000000674,1529.8900000000674,1527.1395226000675,0.2546028330494597,114.80740146064936,4.0324978925809774e-05
-28.099999999932493,2058930,114.83229157737321,21.979098299936727,191.4017215717354,90.73609793309451,86.82187027058293,11.724056109130075,3.336065070119936,1529.4600000000673,1529.2100000000673,1529.9900000000675,1527.2395226000676,0.2501410090311537,114.83277045638833,0.0004788790151195599
-27.99999999993247,2059380,114.85738933747668,21.9905828262673,191.4598873708861,90.75592922608159,86.86723646539153,11.698958349026611,3.324580543789363,1529.5600000000675,1529.3100000000675,1530.0900000000674,1527.3395226000675,0.26073784107475473,114.85812883606857,0.0007394985918978136
-27.899999999932447,2059865,114.88443914558817,22.002069925703946,191.51479599270755,90.77730295296766,86.91261282448797,11.671908540915112,3.3130934443527167,1529.6600000000676,1529.4100000000676,1530.1900000000674,1527.4395226000674,0.2710558091173093,114.88435116048211,-8.798510606311538e-05
-27.799999999932425,2060352,114.91160049930015,22.0135596964994,191.56951605276328,90.79876481893369,86.95799973599036,11.644747187203137,3.3016036735572634,1529.7600000000675,1529.5100000000675,1530.2900000000675,1527.5395226000676,0.2543239690483422,114.91060525172658,-0.0009952475735701682
-27.699999999932402,2060777,114.93530393939785,22.025052046754297,191.62999784963796,90.81749437342148,87.0033968368777,11.621043747105432,3.2901113233023658,1529.8600000000674,1529.6100000000674,1530.3900000000676,1527.6395226000677,0.24261168100005817,114.93557397286283,0.00027003346497167513
-27.59999999993238,2061222,114.96012283550017,22.036546811293977,191.68861573701275,90.83710531870871,87.04880347467675,11.596224851003115,3.2786165587626854,1529.9600000000676,1529.7100000000676,1530.4900000000675,1527.7395226000676,0.2459580490138942,114.95994251540766,-0.00018032009251101044
-27.499999999932356,2061659,114.98449554920064,22.048044035257384,191.74797375897742,90.85636370767617,87.09421982769545,11.571852137302642,3.267119334799279,1530.0600000000677,1529.8100000000677,1530.5900000000674,1527.8395226000675,0.2562760170563777,114.98484789138388,0.00035234218323410005
-27.399999999932334,2062141,115.01137803891146,22.05954378087226,191.8031429325968,90.87760522594233,87.13964614174593,11.544969647591827,3.255619589184402,1530.1600000000676,1529.9100000000676,1530.6900000000676,1527.9395226000677,0.26408420908859076,115.01084836333689,-0.0005296755745689552
-27.29999999993231,2062606,115.03731239101838,22.071046204930056,191.8598909013913,90.89809756202898,87.18508303618606,11.519035295484912,3.2441171651266067,1530.2600000000675,1530.0100000000675,1530.7900000000677,1528.0395226000678,0.2546028330494597,115.03712196418859,-0.0001904268297892031
-27.199999999932288,2063054,115.06229860552136,22.0825512052651,191.9182171127377,90.91784071593611,87.23053010744079,11.494049080981924,3.2326121647915613,1530.3600000000677,1530.1100000000677,1530.8900000000676,1528.1395226000677,0.2638053450874022,115.06317641901772,0.000877813496359181
-27.099999999932265,2063552,115.09007346003587,22.094058840213865,191.9718892862281,90.93978734684184,87.27598758595099,11.46627422646742,3.2211045298427976,1530.4600000000678,1530.2100000000678,1530.9900000000675,1528.2395226000676,0.2663151210978148,115.0895820344624,-0.0004914255734718154
-26.999999999932243,2064009,115.11556162974094,22.105569121672,192.02937299452717,90.9599271266087,87.32145551870686,11.440786056762349,3.2095942483846613,1530.5600000000677,1530.3100000000677,1531.0900000000677,1528.3395226000678,0.26492080109201427,115.1162197211772,0.0006580914362643853
-26.89999999993222,2064502,115.14305762025428,22.117082084158106,192.08350500037088,90.98165340981456,87.36693404206382,11.413290066249004,3.1980812858985566,1530.6600000000676,1530.4100000000676,1531.1900000000678,1528.439522600068,0.2677094411034732,115.14287969502331,-0.00017792523097170942
-26.799999999932197,2064969,115.16910351796164,22.12859769761101,192.14005337950607,91.00223388498115,87.4124230372742,11.387244168541642,3.186565672445653,1530.7600000000677,1530.5100000000677,1531.2900000000677,1528.5395226000678,0.2462369130150117,115.16831528874827,-0.000788229213370073
-26.699999999932174,2065385,115.1923050028573,22.14011574721586,192.20134319446672,91.02056681360921,87.457921655776,11.364042683645991,3.175047622840804,1530.8600000000679,1530.6100000000679,1531.3900000000676,1528.6395226000677,0.24567918501277672,115.19278727310957,0.000482270252277317
-26.59999999993215,2065850,115.21823935496421,22.151636255065636,192.2580693740763,91.04105914969585,87.50342998484096,11.338108331539075,3.1635271149910267,1530.9600000000678,1530.7100000000678,1531.4900000000678,1528.7395226000679,0.26464193709082573,115.21842943550946,0.00019008054525215812
-26.49999999993213,2066334,115.24523339027547,22.163159433102965,192.3130248523851,91.06238880704197,87.54894886168518,11.311114296227814,3.1520039369536974,1531.0600000000677,1530.8100000000677,1531.590000000068,1528.839522600068,0.26603625709662626,115.24513147987017,-0.00010191040530571627
-26.399999999932106,2066804,115.27144660638355,22.17468528136162,192.36928080794658,91.08310149082847,87.59447828644205,11.284901080119738,3.140478088695044,1531.1600000000678,1530.9100000000678,1531.6900000000678,1528.939522600068,0.25906465706790777,115.27137339856489,-7.320781865871595e-05
-26.299999999932083,2067263,115.29704632168907,22.186213707782684,192.42655744953922,91.1033294096753,87.64001789546036,11.25930136481422,3.1289496622739783,1531.260000000068,1531.010000000068,1531.7900000000677,1529.0395226000678,0.25934352106902525,115.2975648315725,0.0005185098834346036
-26.19999999993206,2067734,115.32331531059737,22.197744794327935,192.4827146578583,91.12408616300179,87.68556801250558,11.233032375905921,3.1174185757287276,1531.3600000000679,1531.1100000000679,1531.8900000000679,1529.139522600068,0.2663151210978148,115.32374601779445,0.0004307071970828247
-26.099999999932038,2068218,115.35030934590864,22.209278456986247,192.53765839834733,91.14541582034789,87.73112830571687,11.206038340594645,3.1058849130704154,1531.4600000000678,1531.2100000000678,1531.990000000068,1529.239522600068,0.2624110250816017,115.34969771714819,-0.0006116287604527315
-25.999999999932015,2068675,115.3757975156137,22.22081473387137,192.59511277366684,91.16555560011476,87.77669892565119,11.180550170889589,3.094348636185291,1531.560000000068,1531.310000000068,1532.090000000068,1529.339522600068,0.2506987370333887,115.37538419373155,-0.0004133218821493756
-25.899999999931993,2069117,115.40044909331533,22.232353533825002,192.65396026186548,91.18503433678208,87.8222795122149,11.155898593187956,3.082809836231661,1531.660000000068,1531.410000000068,1532.1900000000678,1529.439522600068,0.2520930570391892,115.40037155865426,-7.753466107374152e-05
-25.79999999993197,2069579,115.42621612702155,22.243894808183107,192.71094171279657,91.20539446424881,87.86786987317522,11.13013155948174,3.0712685618735556,1531.760000000068,1531.510000000068,1532.290000000068,1529.539522600068,0.2671517131012383,115.42667214741518,0.00045602039362790947
-25.699999999931947,2070075,115.45387943593559,22.255438868254487,192.76475573611063,91.22725295607458,87.9134712382647,11.102468250567696,3.059724501802176,1531.8600000000679,1531.6100000000679,1532.390000000068,1529.6395226000682,0.2702192171138858,115.45382052324489,-5.891269070446015e-05
-25.599999999931924,2070548,115.48025997044434,22.266985572287762,192.820708734001,91.248097848481,87.95908304753682,11.07608771605895,3.0481777977689006,1531.960000000068,1531.710000000068,1532.490000000068,1529.739522600068,0.2551605610517657,115.47967523146428,-0.0005847389800521796
-25.4999999999319,2070990,115.50491154814596,22.278534803300786,192.87954516128448,91.2675765851483,88.0047048388885,11.051436138357332,3.0366285667558763,1532.0600000000682,1531.8100000000682,1532.590000000068,1529.839522600068,0.2599012490713312,115.50548959564469,0.0005780474987346906
-25.39999999993188,2071480,115.53224022025861,22.290086670206897,192.93390855843825,91.28917065973424,88.05033704254939,11.024107466244672,3.025076699849766,1532.160000000068,1531.910000000068,1532.690000000068,1529.9395226000681,0.2618532970793667,115.53131066409252,-0.0009295561660991325
-25.299999999931856,2071929,115.55728220756184,22.30164106543361,192.99208703589807,91.30895788318135,88.09597923358648,10.999065478941446,3.013522304623052,1532.260000000068,1532.010000000068,1532.7900000000682,1530.0395226000683,0.25292964904254167,115.55695946072875,-0.00032274683309196917
-25.199999999931833,2072387,115.58282615006713,22.313198062099048,193.04942442857967,91.3291417324882,88.1416317008311,10.973521536436152,3.001965307957615,1532.360000000068,1532.110000000068,1532.890000000068,1530.1395226000682,0.2506987370333887,115.5824902612686,-0.00033588879853141407
-25.09999999993181,2072828,115.60742195496853,22.324757563485868,193.10834188640433,91.34857639961554,88.18729406223025,10.948925731534757,2.990405806570795,1532.4600000000682,1532.2100000000682,1532.990000000068,1530.239522600068,0.3215301933254701,115.60817695623982,0.0007550012712869147
-24.999999999931788,2073540,115.64713218873224,22.3363196974903,193.14201117445936,91.37995391207512,88.23296682299981,10.909215497771044,2.978843672566363,1532.5600000000682,1532.3100000000682,1533.0900000000681,1530.3395226000682,0.3259920173437761,115.64068109596619,-0.006451092766056377
-24.899999999931765,2073997,115.6726203584373,22.347885699705067,193.19944192891268,91.40009369184199,88.27865486398022,10.883727328065987,2.9672776703515957,1532.660000000068,1532.410000000068,1533.1900000000683,1530.4395226000684,0.25153532903674114,115.67274803969765,0.00012768126035211935
-24.799999999931742,2074442,115.6974392545396,22.359454247098245,193.25798730865972,91.4197046371292,88.32435295892859,10.858908431963684,2.9557091229584174,1532.7600000000682,1532.5100000000682,1533.2900000000682,1530.5395226000683,0.2509776010345772,115.69775029703221,0.00031104249261204586
-24.69999999993172,2074897,115.72281587864423,22.37102524976448,193.31559710078645,91.43975627781616,88.3700607527006,10.83353180785906,2.944138120292184,1532.8600000000683,1532.6100000000683,1533.390000000068,1530.6395226000682,0.25516056105183677,115.72280449098895,-1.1387655277417252e-05
-24.599999999931697,2075357,115.74847136674998,22.382598807996448,193.37273783147424,91.46002826620294,88.41577864147257,10.807876319753305,2.9325645620602145,1532.9600000000682,1532.7100000000682,1533.4900000000682,1530.7395226000683,0.24623691301494063,115.74789111297929,-0.0005802537706927069
-24.499999999931674,2075780,115.77206326124723,22.39417482798708,193.43332231587826,91.4786696816108,88.46150625468769,10.784284425256061,2.9209885420695834,1533.0600000000682,1532.8100000000682,1533.5900000000684,1530.8395226000684,0.2423328169989407,115.77249923465484,0.000435973407618917
-24.39999999993165,2076226,115.79693793014978,22.405753307843383,193.4917598715678,91.498324696438,88.50724358486822,10.759409756353506,2.9094100622132792,1533.1600000000683,1532.9100000000683,1533.6900000000683,1530.9395226000684,0.26241102508167274,115.79789063628691,0.0009527061371272794
-24.29999999993163,2076721,115.82454546626357,22.417334406114342,193.5456281384146,91.52013911872378,88.55299125831462,10.731802220239715,2.8978289639423203,1533.2600000000684,1533.0100000000684,1533.7900000000682,1531.0395226000683,0.2749599051333803,115.82479433645044,0.0002488701868657017
-24.199999999931606,2077212,115.85192991117647,22.42891826671068,193.59986738163883,91.54177726284969,88.59874984350328,10.704417775326817,2.8862451033459813,1533.3600000000683,1533.1100000000683,1533.8900000000683,1531.1395226000684,0.2612955690771318,115.85162505988686,-0.0003048512896128841
-24.099999999931583,2077658,115.87680458007901,22.440504731126325,193.65829781419595,91.56143227767689,88.64451871430327,10.679543106424276,2.874658638930338,1533.4600000000682,1533.2100000000682,1533.9900000000684,1531.2395226000685,0.2562760170563777,115.87715032214967,0.0003457420706638459
-23.99999999993156,2078131,115.90318511458776,22.452093696775115,193.71420789323295,91.58227717008332,88.69029746547854,10.65316257191553,2.8630696732815473,1533.5600000000684,1533.3100000000684,1534.0900000000684,1531.3395226000684,0.2540451050472247,115.90251917224217,-0.0006659423455914748
-23.899999999931538,2078569,115.92761360108847,22.46368523496078,193.77337751693238,91.60157962859074,88.7360863786932,10.62873408541482,2.8514781350958813,1533.6600000000685,1533.4100000000685,1534.1900000000683,1531.4395226000684,0.2557182890541428,115.92798788279744,0.00037428170897158
-23.799999999931515,2079048,115.9543287723986,22.47527929435168,193.82872146556397,91.622688938237,88.78188525117693,10.60201891410469,2.8398840757049832,1533.7600000000684,1533.5100000000684,1534.2900000000684,1531.5395226000685,0.2713346731184268,115.95387966655018,-0.00044910584841773016
-23.699999999931492,2079542,115.98188053571216,22.486876010894097,193.88266431815723,91.64445929098281,88.82769461994495,10.574467150791122,2.828287359162566,1533.8600000000683,1533.6100000000683,1534.3900000000685,1531.6395226000686,0.2621321610804842,115.98062091742668,-0.001259618285487818
-23.59999999993147,2079988,116.0067552046147,22.498475418535172,193.9410802315087,91.66411430581,88.87351461909532,10.549592481888581,2.816687951521491,1533.9600000000685,1533.7100000000685,1534.4900000000684,1531.7395226000685,0.25209305703911816,116.0066687419303,-8.646268440770655e-05
-23.499999999931447,2080446,116.03229914712,22.510077344642486,193.9983738157377,91.68429815511685,88.91934456669517,10.524048539383287,2.8050860254141767,1534.0600000000686,1533.8100000000686,1534.5900000000684,1531.8395226000684,0.25571828905407173,116.03216324331787,-0.00013590380213202025
-23.399999999931424,2080905,116.05789886242553,22.52168185118384,194.05557115833133,91.70452607396368,88.96518470752982,10.498448824077755,2.7934815188728237,1534.1600000000685,1533.9100000000685,1534.6900000000685,1531.9395226000686,0.25516056105183677,116.05758854347276,-0.0003103189527706718
-23.2999999999314,2081361,116.08333125933038,22.533288862351185,194.11304463697527,91.72462178419059,89.01103474214216,10.473016427172908,2.781874507705478,1534.2600000000684,1534.0100000000684,1534.7900000000686,1532.0395226000687,0.26213216108055526,116.08355870498688,0.00022744565650612003
-23.19999999993138,2081845,116.11032529464165,22.544898562924843,194.1679045831186,91.7459514415367,89.05689540045176,10.446022391861632,2.77026480713182,1534.3600000000686,1534.1100000000686,1534.8900000000685,1532.1395226000686,0.2657573930954377,116.11013604687375,-0.00018924776790640863
-23.099999999931356,2082314,116.13648273794948,22.556510889560567,194.22416072697078,91.76662005578324,89.10276643223607,10.419864948553808,2.758652480496096,1534.4600000000687,1534.2100000000687,1534.9900000000684,1532.2395226000685,0.25934352106902525,116.13638650999835,-9.622795113273241e-05
-22.999999999931333,2082775,116.16219399885547,22.56812584022685,194.2811603614271,91.78693611371,89.14864782947018,10.394153687647815,2.7470375298298144,1534.5600000000686,1534.3100000000686,1535.0900000000686,1532.3395226000687,0.2520930570391892,116.16223203004752,3.8031192048038065e-05
-22.89999999993131,2083218,116.18690134935733,22.57974333596658,194.3398358483848,91.80645891991728,89.19453928025762,10.369446337145959,2.735420034090083,1534.6600000000685,1534.4100000000685,1535.1900000000687,1532.4395226000688,0.2638053450874733,116.1878712674215,0.000969918064171793
-22.799999999931288,2083721,116.21495506787298,22.591363414480337,194.3929109750661,91.82862589852284,89.24044093352329,10.341392618630309,2.7237999555763253,1534.7600000000687,1534.5100000000687,1535.2900000000686,1532.5395226000687,0.26798830510466176,116.21380572333779,-0.0011493445351931086
-22.699999999931265,2084179,116.24049901037827,22.602986097111256,194.45018121518214,91.8488097478297,89.28635287357683,10.315848676125015,2.7121772729454072,1534.8600000000688,1534.6100000000688,1535.3900000000685,1532.6395226000686,0.25516056105169466,116.24013244913925,-0.00036656123901934734
-22.599999999931242,2084636,116.26598718008333,22.61461144097017,194.50754248482494,91.86894952759656,89.33227532601758,10.290360506419958,2.700551929086494,1534.9600000000687,1534.7100000000687,1535.4900000000687,1532.7395226000688,0.2481889610230472,116.26578373920978,-0.00020344087354828844
-22.49999999993122,2085069,116.2901368025829,22.6262392538591,194.5671393634181,91.88803163840414,89.37820753162478,10.266210883920394,2.688924116197562,1535.0600000000686,1534.8100000000686,1535.5900000000688,1532.839522600069,0.26743057710242685,116.29182367017249,0.0016868675895977958
-22.399999999931197,2085595,116.31947329550383,22.63786980570421,194.61805632659485,91.91121221642905,89.42415055666116,10.23687439099946,2.6772935643524534,1535.1600000000687,1534.9100000000687,1535.6900000000687,1532.9395226000688,0.28527787317586384,116.3193131266152,-0.00016016888862679934
-22.299999999931174,2086092,116.34719237721808,22.64950311648443,194.67167753434697,91.93311477779476,89.47010448004758,10.209155309285208,2.6656602535722342,1535.2600000000689,1535.0100000000689,1535.7900000000686,1533.0395226000687,0.26687284910004977,116.34662207711781,-0.0005703001002643759
-22.19999999993115,2086552,116.37284786532385,22.66113913011964,194.72874941021428,91.95338676618158,89.51606908025622,10.183499821179439,2.654024239937023,1535.3600000000688,1535.1100000000688,1535.8900000000688,1533.1395226000689,0.2557182890541428,116.3729103360046,6.247068074571871e-05
-22.09999999993113,2087009,116.39833603502892,22.672777698551634,194.7860980738461,91.97352654594845,89.56204377242732,10.158011651474368,2.6423856715050285,1535.4600000000687,1535.2100000000687,1535.990000000069,1533.239522600069,0.2612955690771318,116.39859318632344,0.0002571512945195309
-21.999999999931106,2087489,116.42510697913929,22.68441884875691,194.84129701355084,91.99467992513468,89.60802866312348,10.131240707364,2.6307445212997536,1535.5600000000688,1535.3100000000688,1536.0900000000688,1533.339522600069,0.2852778731759349,116.42575314667819,0.0006461675389033417
-21.899999999931083,2088032,116.45539160966412,22.696062849180976,194.89061464198906,92.01860968533907,89.65402481275859,10.100956076839168,2.619100520875687,1535.660000000069,1535.410000000069,1536.1900000000687,1533.4395226000688,0.2785851371482628,116.45392041979984,-0.001471189864275857
-21.79999999993106,2088488,116.48082400656895,22.707709632840874,194.94805111921485,92.03870539556598,89.70003195673648,10.075523679934335,2.6074537372157884,1535.7600000000689,1535.5100000000689,1536.2900000000689,1533.539522600069,0.2671517131012383,116.48155543468499,0.0007314281160404335
-21.699999999931038,2088990,116.50882195228438,22.71935916026792,195.00119200906968,92.06082830463158,89.74604993914788,10.047525734218908,2.595804209788742,1535.8600000000688,1535.6100000000688,1536.390000000069,1533.639522600069,0.2810949131587464,116.50887197790405,5.002561967160091e-05
-21.599999999931015,2089496,116.53704298920071,22.73101140723646,195.0539573013098,92.08312749185706,89.79207866429654,10.019304697302573,2.5841519628202043,1535.960000000069,1535.710000000069,1536.490000000069,1533.739522600069,0.2707769451161918,116.536139828141,-0.0009031610597105555
-21.499999999930992,2089961,116.56297734130763,22.742666388233552,195.11054802281546,92.10361982794372,89.83811818940929,9.993370345195657,2.572496981823111,1536.060000000069,1535.810000000069,1536.5900000000688,1533.839522600069,0.2610167050758722,116.5628847551951,-9.258611252960236e-05
-21.39999999993097,2090432,116.5892463302159,22.754323984187504,195.1665758241579,92.12437658127018,89.88416804412893,9.967101356287387,2.5608393858691585,1536.160000000069,1535.910000000069,1536.690000000069,1533.939522600069,0.26854603310689673,116.58920910978019,-3.722043571485756e-05
-21.299999999930947,2090924,116.61668654792902,22.765984230055516,195.22064040722663,92.14605879493605,89.93022836654346,9.939661138574266,2.549179140001147,1536.2600000000689,1536.0100000000689,1536.790000000069,1534.0395226000692,0.26715171310130936,116.61606723552799,-0.0006193124010280826
-21.199999999930924,2091390,116.64267667283617,22.777647197634614,195.2771305267816,92.1665952005627,89.97629944026559,9.913671013667113,2.5375161724220483,1536.360000000069,1536.110000000069,1536.890000000069,1534.139522600069,0.2624110250817438,116.64302666034095,0.00034998750477654994
-21.0999999999309,2091865,116.66916875294538,22.789312835387587,195.33277796506334,92.18752823204906,90.02238106171296,9.887178933557905,2.5258505346690754,1536.4600000000692,1536.2100000000692,1536.990000000069,1534.239522600069,0.26659398509886123,116.66923296784337,6.42148979892454e-05
-20.99999999993088,2092346,116.69599546985596,22.800981044228187,195.38786187498584,92.20872568077523,90.06847283947492,9.860352216647328,2.5141823258284752,1536.560000000069,1536.310000000069,1537.090000000069,1534.3395226000691,0.27774854514483927,116.69629165094268,0.0002961810867248005
-20.899999999930856,2092861,116.72471846197436,22.81265209371778,195.43976969325055,92.23142149386047,90.11457583837318,9.831629224528925,2.5025112763388826,1536.660000000069,1536.410000000069,1537.1900000000692,1534.4395226000693,0.2777485451449103,116.72462610621625,-9.235575811317176e-05
-20.799999999930833,2093342,116.75154517888495,22.824325969449436,195.49485134846267,92.25261894258665,90.16069000149751,9.804802507618334,2.4908374006072265,1536.760000000069,1536.510000000069,1537.290000000069,1534.5395226000692,0.27328672112653335,116.75215667500271,0.0006114961177559053
-20.69999999993081,2093841,116.77937580619968,22.836002525052788,195.54824957233973,92.27460964303232,90.2068147506554,9.776971880303606,2.479160845003875,1536.8600000000692,1536.6100000000692,1537.390000000069,1534.639522600069,0.2788640011494513,116.77925971826954,-0.00011608793013806462
-20.599999999930787,2094342,116.80731797911486,22.847681821393095,195.60145902398222,92.29668848255793,90.25295032627693,9.74902970738843,2.4674815486635673,1536.9600000000692,1536.7100000000692,1537.4900000000691,1534.7395226000692,0.27189240112073276,116.80690343758287,-0.00041454153198117183
-20.499999999930765,2094816,116.83375428642384,22.85936390574031,195.65718867254256,92.31757744450434,90.29909691508794,9.722593400079447,2.455799464316353,1537.060000000069,1536.810000000069,1537.5900000000693,1534.8395226000694,0.2632476170851673,116.83363385050215,-0.00012043592168708983
-20.399999999930742,2095286,116.8599675025319,22.871048548163202,195.7132886218514,92.33829012829085,90.3452536088137,9.696380183971385,2.4441148218934607,1537.1600000000692,1536.9100000000692,1537.6900000000692,1534.9395226000693,0.2671517131012383,116.85983626944179,-0.00013123309011575657
-20.29999999993072,2095774,116.8871846290441,22.882735872994203,195.76770495084972,92.35979606379684,90.39142089859239,9.669163057459187,2.4324274970624593,1537.2600000000693,1537.0100000000693,1537.790000000069,1535.0395226000692,0.26882489710808527,116.88678116544068,-0.0004034636034191408
-20.199999999930697,2096250,116.91373248195353,22.894425904396297,195.8232400794339,92.38077316482317,90.43759887987267,9.642615204549756,2.420737465660366,1537.3600000000692,1537.1100000000692,1537.8900000000692,1535.1395226000693,0.2710558091173093,116.91390197645048,0.0001694944969443668
-20.099999999930674,2096746,116.94139579086757,22.9061186533895,195.87690482465004,92.40263165664894,90.48378759618579,9.614951895635713,2.4090447166671645,1537.4600000000692,1537.2100000000692,1537.9900000000694,1535.2395226000694,0.3547150094621447,116.94124352433461,-0.00015226653296451786
-19.99999999993065,2097522,116.98467548384598,22.91781415310117,195.90441276443778,92.43682961966664,90.52998717839154,9.571672202657311,2.3973492169554937,1537.5600000000693,1537.3100000000693,1538.0900000000693,1535.3395226000694,0.3549938734633332,116.97658114707406,-0.00809433677191862
-19.89999999993063,2098019,117.01239456556026,22.929513969618917,195.95799278145583,92.45873218103239,90.57620381285176,9.54395312094303,2.385649400437746,1537.6600000000694,1537.4100000000694,1538.1900000000692,1535.4395226000693,0.27440217713114534,117.0118405708406,-0.0005539947196524508
-19.799999999930606,2098506,117.03955591927222,22.941216521215342,196.01250484100433,92.4801940469984,90.62243125142429,9.51679176723107,2.373946848841321,1537.7600000000693,1537.5100000000693,1538.2900000000693,1535.5395226000694,0.2724501291230388,117.03945192800414,-0.00010399126807669745
-19.699999999930583,2098996,117.06688459138488,22.952921860004523,196.0667351840818,92.50178812158434,90.66866969997021,9.48946309511841,2.36224151005214,1537.8600000000692,1537.6100000000692,1538.3900000000694,1535.6395226000695,0.2699403531127683,117.06675987782613,-0.00012471355874765777
-19.59999999993056,2099474,117.09354398989478,22.964629873190912,196.12208402516853,92.52285336169064,90.71491871292439,9.462803696608503,2.3505334968657507,1537.9600000000694,1537.7100000000694,1538.4900000000694,1535.7395226000694,0.26241102508167274,117.09342519848245,-0.00011879141233350765
-19.499999999930537,2099937,117.11936679640122,22.976340545044227,196.1788316785045,92.54325755869733,90.76117822814903,9.436980890102063,2.3388228250124357,1538.0600000000695,1537.8100000000695,1538.5900000000693,1535.8395226000694,0.27468104113219177,117.12012735791242,0.0007605615111998532
-19.399999999930515,2100459,117.14848019812123,22.9880538986625,196.23006512577163,92.56626185856234,90.80744833688604,9.407867488382053,2.327109471394163,1538.1600000000694,1537.9100000000694,1538.6900000000694,1535.9395226000695,0.27719081714260435,117.1474976617271,-0.0009825363941331489
-19.299999999930492,2100931,117.17480495982976,22.999770044576575,196.28596823746736,92.5870626814288,90.85372947575449,9.38154272667353,2.3153933254800876,1538.2600000000693,1538.0100000000693,1538.7900000000695,1536.0395226000696,0.2727289931242273,117.17494369145307,0.0001387316233092406
-19.19999999993047,2101437,117.20302599674609,23.011488887400795,196.3386925525256,92.60936186865426,90.90002126796186,9.353321689757195,2.303674482655868,1538.3600000000695,1538.1100000000695,1538.8900000000694,1536.1395226000695,0.27133467311849785,117.20213833635235,-0.0008876603937437721
-19.099999999930446,2101904,117.22907189445347,23.023210472243854,196.39505883807277,92.62994234382086,90.94632389169654,9.327275792049818,2.291952897812809,1538.4600000000696,1538.2100000000696,1538.9900000000694,1536.2395226000694,0.2704980811150033,117.22914696490142,7.507044794863305e-05
-18.999999999930424,2102407,117.2571256129691,23.03493471679378,196.44805888236806,92.65210932242641,90.99263702180968,9.299222073534182,2.2802286532628813,1538.5600000000695,1538.3100000000695,1539.0900000000695,1536.3395226000696,0.2732867211264623,117.2562519473019,-0.0008736656671999299
-18.8999999999304,2102884,117.28372923867877,23.046661722633317,196.50348664930416,92.67313049299273,91.03896105957357,9.272618447824513,2.2685016474233457,1538.6600000000694,1538.4100000000694,1539.1900000000696,1536.4395226000697,0.27607536113806336,117.28413604964832,0.00040681096955097473
-18.799999999930378,2103397,117.31234068519673,23.058391544003715,196.55554913766528,92.695738166998,91.08529621925211,9.244007001306557,2.2567718260529475,1538.7600000000696,1538.5100000000696,1539.2900000000695,1536.5395226000696,0.28472014517362887,117.3124650842971,0.00012439910037187474
-18.699999999930355,2103905,117.34067326771351,23.070124215650182,196.60807777210843,92.71812549330342,91.13164263809585,9.215674418789774,2.2450391544064807,1538.8600000000697,1538.6100000000697,1539.3900000000694,1536.6395226000695,0.2738444491286972,117.34033080140823,-0.000342466305284006
-18.599999999930333,2104379,117.36710957502248,23.081859610164003,196.6637816483825,92.7390144552498,91.1779998128147,9.189238111480805,2.23330375989266,1538.9600000000696,1538.7100000000696,1539.4900000000696,1536.7395226000697,0.2663151210978148,117.36705814463735,-5.143038512755993e-05
-18.49999999993031,2104860,117.39393629193309,23.093597627279117,196.7188285590014,92.76021190397601,91.22436734733752,9.1624113945702,2.221565742777546,1539.0600000000695,1538.8100000000695,1539.5900000000697,1536.8395226000698,0.26157443307832035,117.39362427776601,-0.0003120141670791554
-18.399999999930287,2105317,117.41942446163816,23.10533833501956,196.7761163960419,92.7803516837429,91.27074551037292,9.136923224865129,2.2098250350371025,1539.1600000000697,1538.9100000000697,1539.6900000000696,1536.9395226000697,0.26826716910577925,117.42022633269757,0.0008018710594086542
-18.299999999930264,2105822,117.44758972575426,23.11708167254566,196.82891514866463,92.8026068014284,91.31713406159194,9.108757960749031,2.198081697511004,1539.2600000000698,1539.0100000000698,1539.7900000000695,1537.0395226000696,0.2716135371196153,117.44696784565407,-0.0006218801001836027
-18.19999999993024,2106291,117.4737471690621,23.128827728588696,196.88507675934517,92.82327541567493,91.36353335150105,9.082600517441193,2.1863356414679664,1539.3600000000697,1539.1100000000697,1539.8900000000697,1537.1395226000698,0.2654785290943203,117.47392704101969,0.00017987195759872066
-18.09999999993022,2106774,117.50068543157313,23.14057645795387,196.93992739667763,92.84456100348106,91.40994320157166,9.055662254930155,2.174586912102793,1539.4600000000696,1539.2100000000696,1539.9900000000698,1537.23952260007,0.27105580911723826,117.50096671273297,0.0002812811598431608
-17.999999999930196,2107263,117.52795833088555,23.15232792193125,196.99421525513708,92.86611100852701,91.45636385391191,9.028389355617733,2.1628354481254135,1539.5600000000697,1539.3100000000697,1540.0900000000697,1537.3395226000698,0.2716135371196153,117.52800226270722,4.393182166495535e-05
-17.899999999930174,2107748,117.55500813899707,23.164082058406418,197.04887460870404,92.8874847354131,91.50279506315731,9.00133954750622,2.1510813116502447,1539.6600000000699,1539.4100000000699,1540.1900000000696,1537.4395226000697,0.2746810411323339,117.55532432996061,0.00031619096354518206
-17.79999999993015,2108248,117.58289453911203,23.17583898679725,197.10213018346968,92.90951950539876,91.54923730103258,8.973453147391254,2.1393243832594138,1539.7600000000698,1539.5100000000698,1540.2900000000698,1537.5395226000699,0.2830469611667819,117.58332664211649,0.00043210300445650773
-17.699999999930128,2108763,117.61161753123044,23.187598723734844,197.1539819829248,92.93221531848397,91.59569063323389,8.94473015527285,2.1275646463218187,1539.8600000000697,1539.6100000000697,1540.39000000007,1537.63952260007,0.2930860652080769,117.61183813982879,0.0002206085983544881
-17.599999999930105,2109299,117.64151175215366,23.199361354425218,197.20386969611098,92.95583659190856,91.64215539634218,8.914835934349625,2.115802015631445,1539.9600000000698,1539.7100000000698,1540.4900000000698,1537.73952260007,0.29252833720577087,117.6410074404981,-0.000504311655561196
-17.499999999930083,2109812,117.6701231986716,23.21112692522295,197.25590739829346,92.97844426591385,91.68863177346738,8.886224487831683,2.1040364448337137,1540.06000000007,1539.81000000007,1540.5900000000697,1537.8395226000698,0.28053718515636933,117.66977903219465,-0.00034416647694968105
-17.39999999993006,2110305,117.69761918918495,23.222895310231664,197.30981365819827,93.00017054911969,91.73511926729346,8.858728497318339,2.092268059824999,1540.1600000000699,1539.9100000000699,1540.6900000000699,1537.93952260007,0.27942172915182834,117.69797613274075,0.0003569435558006262
-17.299999999930037,2110814,117.72600754450198,23.234666520449505,197.36222271588113,93.02260194496509,91.78161792126527,8.830340142001305,2.080496849607158,1540.2600000000698,1540.0100000000698,1540.79000000007,1538.03952260007,0.27858513714833383,117.72570397576652,-0.00030356873546111274
-17.199999999930014,2111304,117.75333621661463,23.24644045102682,197.41640617522327,93.04419601955101,91.82812732120554,8.80301146988866,2.0687229190298417,1540.36000000007,1540.11000000007,1540.89000000007,1538.13952260007,0.2713346731184268,117.7532889277341,-4.7288880523410626e-05
-17.09999999992999,2111787,117.78027447912568,23.258217178235057,197.47124279589903,93.06548160735714,91.8746477684019,8.776073207377607,2.0569461918216057,1540.46000000007,1540.21000000007,1540.9900000000698,1538.23952260007,0.27161353711968633,117.78054757302976,0.000273093904084476
-16.99999999992997,2112278,117.80765892403858,23.269996560541433,197.52532876954746,93.08711975148306,91.92117870377128,8.74868876246471,2.04516680951523,1540.56000000007,1540.31000000007,1541.09000000007,1538.33952260007,0.28193150516216986,117.80832026780494,0.0006613437663673949
-16.899999999929946,2112798,117.83666078015813,23.281778842288624,197.57670226012476,93.11003591226813,91.96772109251654,8.71968690634516,2.033384527768039,1540.6600000000699,1540.4100000000699,1541.19000000007,1538.4395226000702,0.28332582516789934,117.83660264692166,-5.8133236464641413e-05
-16.799999999929923,2113294,117.86432408907217,23.293563881070824,197.6303182587079,93.1318944040939,92.01427437210603,8.692023597431117,2.0215994889858386,1540.76000000007,1540.51000000007,1541.29000000007,1538.53952260007,0.28081604915755787,117.86456893222797,0.0002448431557979802
-16.6999999999299,2113805,117.89282398998965,23.305351756075073,197.68253034683386,93.15441393901922,92.06083885534454,8.663523696513636,2.00981161398159,1540.8600000000702,1540.6100000000702,1541.39000000007,1538.63952260007,0.28053718515636933,117.89288871702459,6.47270349389828e-05
-16.599999999929878,2114300,117.92043152610346,23.31714245881423,197.73623753787427,93.17622836130501,92.10741450870614,8.63591616039983,1.9980209112424312,1540.96000000007,1540.71000000007,1541.49000000007,1538.7395226000701,0.2763542251391098,117.92068742813218,0.0002559020287264957
-16.499999999929855,2114796,117.94809483501749,23.328935893560704,197.78984922302112,93.19808685313077,92.15400095404752,8.608252851485801,1.9862274764959587,1541.06000000007,1540.81000000007,1541.5900000000702,1538.8395226000703,0.2813737771597928,117.94807647541394,-1.8359603544126912e-05
-16.399999999929832,2115309,117.97670628153543,23.340732074109322,197.84186904158713,93.22069452713603,92.20059824586106,8.579641404967859,1.9744312959473405,1541.16000000007,1540.91000000007,1541.69000000007,1538.9395226000702,0.2905762891978064,117.97657588583252,-0.000130395702910846
-16.29999999992981,2115838,118.00621009285706,23.352531208737876,197.89239219158188,93.24400731378086,92.24720720688602,8.550137593646227,1.962632161318787,1541.2600000000702,1541.0100000000702,1541.79000000007,1539.03952260007,0.28081604915755787,118.0054463865149,-0.0007637063421555013
-16.199999999929787,2116316,118.03286949136695,23.36433316338663,197.94768409909344,93.26507255388712,92.29382730755938,8.523478195136335,1.9508302066700338,1541.3600000000702,1541.1100000000702,1541.8900000000701,1539.1395226000702,0.28416241717132285,118.03364036207357,0.0007708707066171883
-16.099999999929764,2116857,118.06304257629134,23.3761379368103,197.9970821241951,93.2889141750116,92.3404585429621,8.49330511021195,1.9390254332463641,1541.46000000007,1541.21000000007,1541.9900000000703,1539.2395226000704,0.3022885772460905,118.06285487023204,-0.00018770605929319117
-15.999999999929742,2117400,118.09332720681618,23.38794573436068,198.046293448922,93.31284393521601,92.38710172427513,8.463020479687103,1.9272176356959818,1541.5600000000702,1541.3100000000702,1542.0900000000702,1539.3395226000703,0.29113401720011245,118.0926776825895,-0.0006495242266879586
-15.899999999929719,2117901,118.12126937973137,23.39975647234682,198.0994328559258,93.33492277474164,92.4337565209023,8.435078306771914,1.9154068977098433,1541.6600000000703,1541.4100000000703,1542.19000000007,1539.4395226000702,0.2880665131874649,118.1217356178881,0.0004662381567328566
-15.799999999929696,2118433,118.15094050945369,23.411570081484264,198.14967177185542,93.35836777000637,92.48042265915609,8.405407177049597,1.9035932885723987,1541.7600000000702,1541.5100000000702,1542.2900000000702,1539.5395226000703,0.3011731212414074,118.15099019321721,4.9683763521102264e-05
-15.699999999929673,2118981,118.18150400397967,23.42338667038547,198.1984141071407,93.38251787791063,92.5271005680776,8.374843682523618,1.891776699671194,1541.8600000000702,1541.6100000000702,1542.3900000000704,1539.6395226000704,0.30535608125859587,118.18158128430737,7.728032770160098e-05
-15.59999999992965,2119528,118.21201172570542,23.43520639774113,198.24725132095102,93.40662391627491,92.57379087452706,8.344335960797864,1.879956972315533,1541.9600000000703,1541.7100000000703,1542.4900000000703,1539.7395226000704,0.2836046891690879,118.21115883437456,-0.0008528913308651909
-15.499999999929628,2119998,118.2382249418135,23.44702890215235,198.30328909023223,93.42733660006144,92.62049215090596,8.318122744689788,1.8681344679043121,1542.0600000000704,1541.8100000000704,1542.5900000000702,1539.8395226000703,0.27328672112653335,118.23890154805707,0.0006766062435730191
-15.399999999929605,2120508,118.26666906993074,23.458854178050746,198.35558372054592,93.44981206544679,92.66720437521806,8.289678616572544,1.8563091920059165,1542.1600000000703,1541.9100000000703,1542.6900000000703,1539.9395226000704,0.2827680971655223,118.26687404748594,0.00020497755519954808
-15.299999999929582,2121012,118.29477856124662,23.470682276961853,198.40843833026838,93.47202311359233,92.7139277509996,8.26156912525667,1.8444810930948101,1542.2600000000702,1542.0100000000702,1542.7900000000704,1540.0395226000705,0.28332582516789934,118.29493319407486,0.00015463282824157432
-15.19999999992956,2121524,118.32333423496434,23.482513164689568,198.46054302407012,93.49458671805763,92.76066214316913,8.233013451538952,1.832650205367095,1542.3600000000704,1542.1100000000704,1542.8900000000704,1540.1395226000704,0.29197060920360696,118.32381114730235,0.0004769123380157225
-15.099999999929537,2122059,118.35317268308735,23.494347039191318,198.51049622557906,93.51816392194229,92.80740833369833,8.203175003415936,1.8208163308653447,1542.4600000000705,1542.2100000000705,1542.9900000000703,1540.2395226000704,0.4972145140495889,118.35378496848571,0.0006122853983612231
-14.999999999929514,2123307,118.42277713777428,23.50618392168327,198.49377366261166,93.57316270782646,92.85416640639541,8.133570548729011,1.8089794483733925,1542.5600000000704,1542.3100000000704,1543.0900000000704,1540.3395226000705,0.48829086601276384,118.40255588215805,-0.0202212556162209
-14.899999999929491,2123810,118.45083085628993,23.518027550367755,198.54675041411,93.59532968643201,92.90095112791333,8.105516830213361,1.7971358196889078,1542.6600000000703,1542.4100000000703,1543.1900000000705,1540.4395226000706,0.2836046891690168,118.450724060231,-0.00010679605892960353
-14.799999999929469,2124324,118.47949807560809,23.52987406649532,198.59869807584477,93.61798142997726,92.94774725541365,8.076849610895195,1.785289303561342,1542.7600000000705,1542.5100000000705,1543.2900000000704,1540.5395226000705,0.2822103691632163,118.47907451086064,-0.00042356474745020023
-14.699999999929446,2124822,118.50727293012258,23.54172336526993,198.65213993364972,93.63992806088295,92.9945543749309,8.049074756380705,1.7734400047867318,1542.8600000000706,1542.6100000000706,1543.3900000000704,1540.6395226000704,0.2855567371770523,118.50709140587276,-0.00018152424982531556
-14.599999999929423,2125348,118.53660942304352,23.553575484776502,198.7029627337872,93.66310863890786,93.04137263690818,8.019738263459772,1.7615878852801607,1542.9600000000705,1542.7100000000705,1543.4900000000705,1540.7395226000706,0.2908551531989239,118.53607634487194,-0.0005330781715713329
-14.4999999999294,2125865,118.56544396076238,23.565430580538912,198.75462692433024,93.68589259107301,93.08820265569618,7.990903725740907,1.7497327895177506,1543.0600000000704,1542.8100000000704,1543.5900000000706,1540.8395226000707,0.2855567371771234,118.56520957732788,-0.00023438343450266075
-14.399999999929378,2126372,118.59372077047895,23.577288526691973,198.8072249821929,93.70823584783847,93.13504393410201,7.962626916024334,1.7378748433646898,1543.1600000000706,1542.9100000000706,1543.6900000000705,1540.9395226000706,0.28388355317020536,118.59362031959823,-0.00010045088072274666
-14.299999999929355,2126883,118.62222067139643,23.589149304602838,198.85944784281827,93.73075538276377,93.18189639852218,7.934127015106853,1.7260140654538247,1543.2600000000707,1543.0100000000707,1543.7900000000704,1541.0395226000705,0.2889031051908884,118.62255406819745,0.0003333968010110766
-14.199999999929332,2127408,118.65150139151714,23.601013037505616,198.91036152697976,93.75389189124871,93.2287605357563,7.904846294986143,1.7141503325510463,1543.3600000000706,1543.1100000000706,1543.8900000000706,1541.1395226000707,0.2908551531989239,118.65163660967514,0.00013521815799322212
-14.09999999992931,2127926,118.68039170203623,23.612879631924777,198.96192870013627,93.77671991295385,93.2756359765571,7.875955984467055,1.7022837381318858,1543.4600000000705,1543.2100000000705,1543.9900000000707,1541.2395226000708,0.2738444491288393,118.67957880941533,-0.0008128926208996745
-13.999999999929287,2128390,118.70627028134292,23.624748953267506,199.01854297397304,93.79716817950055,93.32252218925589,7.850077405160363,1.6904144167891566,1543.5600000000707,1543.3100000000707,1544.0900000000706,1541.3395226000707,0.27886400114952237,118.70721826585425,0.0009479845113276042
-13.899999999929264,2128926,118.73616450226615,23.636621075577953,199.06842346357612,93.82078945292514,93.36941946634195,7.820183184237138,1.67854229447871,1543.6600000000708,1543.4100000000708,1544.1900000000705,1541.4395226000706,0.29894220923225445,118.73633639827887,0.0001718960127163882
-13.799999999929241,2129462,118.76605872318939,23.648496220547166,199.11830429319227,93.84441072634975,93.41632868353966,7.790288963313898,1.6666671495094967,1543.7600000000707,1543.5100000000707,1544.2900000000707,1541.5395226000708,0.29308606520814795,118.76589901427934,-0.0001597089100471294
-13.699999999929219,2129977,118.79478171530779,23.660374255380816,199.1701479959196,93.86710653943499,93.46324931628462,7.761565971195495,1.6547891146758467,1543.8600000000706,1543.6100000000706,1544.3900000000708,1541.639522600071,0.2891819691920059,118.79456455314566,-0.0002171621621300801
-13.599999999929196,2130499,118.8238951170278,23.672255133457803,199.22133599595745,93.8901108393,93.51018118041407,7.732452569475484,1.6429082365988599,1543.9600000000707,1543.7100000000707,1544.4900000000707,1541.7395226000708,0.28472014517362887,118.82331407768133,-0.000581039346471357
-13.499999999929173,2130998,118.85172574434253,23.684138918196357,199.27467413592643,93.91210153974566,93.55712452644285,7.704621942160756,1.6310244518603056,1544.0600000000709,1543.8100000000709,1544.5900000000706,1541.8395226000707,0.2869510571828529,118.85230184999298,0.0005761056504525186
-13.39999999992915,2131528,118.88128532846439,23.696025593827805,199.32511268158487,93.93545839593045,93.60407929208148,7.6750623580389,1.6191377762288575,1544.1600000000708,1543.9100000000708,1544.6900000000708,1541.9395226000709,0.2947592492149949,118.8812144240276,-7.09044367823708e-05
-13.299999999929128,2132055,118.91067759418554,23.707915161081168,199.37583100813504,93.95868304349531,93.65104548020976,7.645670092317744,1.607248208975495,1544.2600000000707,1544.0100000000707,1544.790000000071,1542.039522600071,0.3006153932391014,118.91105301473569,0.00037542055014228026
-13.199999999929105,2132606,118.94140840711222,23.719807804430758,199.42430581654696,93.98296536001949,93.69802381953842,7.614939279391066,1.5953555656259049,1544.3600000000708,1544.1100000000708,1544.8900000000708,1542.139522600071,0.3134431372920685,118.94226049979831,0.0008520926860882128
-13.099999999929082,2133179,118.97336622164397,23.731703613181132,199.47072497696374,94.00821720642305,93.74501466283846,7.582981464859316,1.5834597568755306,1544.460000000071,1544.210000000071,1544.9900000000707,1542.2395226000708,0.30424062525419704,118.9728305984047,-0.0005356232392728089
-12.99999999992906,2133697,119.00225653216307,23.743602370550445,199.52228690834275,94.0310452281282,93.79201715377789,7.554091154340213,1.571560999506218,1544.5600000000709,1544.3100000000709,1545.0900000000709,1542.339522600071,0.2978267532276424,119.0024669349898,0.000210402826724021
-12.899999999929037,2134247,119.03293157228951,23.755504106568136,199.5708565082366,94.05528347511239,93.83903141097906,7.523416114213774,1.559659263488527,1544.6600000000708,1544.4100000000708,1545.190000000071,1542.439522600071,0.3017308492437134,119.03247853971173,-0.000453032577780732
-12.799999999929014,2134779,119.06260270201183,23.767408866258393,199.62110962535502,94.07872847037713,93.88605761229655,7.493744984491457,1.54775450379827,1544.760000000071,1544.510000000071,1545.290000000071,1542.539522600071,0.29113401720011245,119.06206632439556,-0.000536377616271011
-12.699999999928991,2135291,119.09115837572955,23.77931651983302,199.67323220427403,94.10129207484243,93.93309524504086,7.465189310773738,1.535846850223642,1544.860000000071,1544.610000000071,1545.3900000000708,1542.639522600071,0.2978267532276424,119.09145662125432,0.00029824552477464294
-12.599999999928968,2135847,119.12216805265737,23.79122715758265,199.72124035776324,94.12579473906646,93.98014466587816,7.434179633845915,1.5239362124740126,1544.960000000071,1544.710000000071,1545.490000000071,1542.739522600071,0.2916917452022763,119.12105459589858,-0.001113456758787379
-12.499999999928946,2136337,119.14949672477002,23.803140730752204,199.77541983023556,94.14738881365238,94.02720568221608,7.406850961733269,1.5120226393044582,1545.0600000000709,1544.8100000000709,1545.590000000071,1542.8395226000712,0.28722992118404145,119.15006726746489,0.0005705426948736658
-12.399999999928923,2136877,119.1796140368942,23.81505717103615,199.8249227729817,94.1711863652369,94.07427802423399,7.376733649609093,1.5001061990205145,1545.160000000071,1544.910000000071,1545.690000000071,1542.939522600071,0.2983844812300195,119.17937566792735,-0.0002383689668477018
-12.2999999999289,2137407,119.20917362101603,23.826976605885797,199.87536094860747,94.19454322142168,94.12136219539028,7.347174065487252,1.488186764170866,1545.2600000000712,1545.0100000000712,1545.790000000071,1543.039522600071,0.2972690252253364,119.209476966271,0.00030334525496300557
-12.199999999928878,2137943,119.23906784193927,23.838899066429406,199.92523841288104,94.21816449484629,94.1684583186478,7.317279844564013,1.4762643036272571,1545.360000000071,1545.110000000071,1545.890000000071,1543.1395226000711,0.30479835325636095,119.2392694223874,0.00020158044812035314
-12.099999999928855,2138500,119.27013329166732,23.85082445977028,199.9731517147268,94.24271122861029,94.21556602704592,7.286214394835966,1.4643389102863829,1545.460000000071,1545.210000000071,1545.9900000000712,1543.2395226000713,0.30981790527704395,119.269479045188,-0.0006542464793142244
-11.999999999928832,2139054,119.3010314229947,23.86275296223845,200.02134665232256,94.2671257537544,94.26268601712381,7.25531626350859,1.4524104078182134,1545.560000000071,1545.310000000071,1546.090000000071,1543.3395226000712,0.3045194892553145,119.30035347787468,-0.000677945120017398
-11.89999999992881,2139592,119.3310371895184,23.87468453046586,200.07103845539126,94.29083516625896,94.30981811756888,7.225310496984889,1.4404788395908028,1545.6600000000712,1545.4100000000712,1546.190000000071,1543.439522600071,0.3067504012644675,119.33122207487956,0.00018488536116478826
-11.799999999928787,2140154,119.3623815032476,23.88661920665343,200.1184871299131,94.31560224772282,94.35696249508331,7.193966183255682,1.428544163403231,1545.7600000000712,1545.5100000000712,1546.2900000000711,1543.5395226000712,0.3031251692494429,119.36197350068156,-0.0004080025660471165
-11.699999999928764,2140679,119.3916622233683,23.898556925166,200.1693960877645,94.33873875620775,94.40411889039494,7.164685463134987,1.416606444890661,1545.860000000071,1545.610000000071,1546.3900000000713,1543.6395226000714,0.2955958412184894,119.39194584953853,0.00028362617022992254
-11.599999999928741,2141214,119.42150067149132,23.910497595823344,200.2193697230212,94.3623159600924,94.45128694727372,7.134847015011971,1.4046657742333188,1545.9600000000712,1545.7100000000712,1546.4900000000712,1543.7395226000713,0.30061539323917247,119.42193307618267,0.0004324046913524171
-11.499999999928718,2141757,119.45178530201615,23.922441311781245,200.26859582966378,94.3862457202968,94.49846703370376,7.104562384487139,1.3927220582754174,1546.0600000000713,1545.8100000000713,1546.590000000071,1543.8395226000712,0.3056349452597844,119.45190620354892,0.00012090153276744786
-11.399999999928696,2142310,119.48262766054329,23.93438797706406,200.31688661102243,94.41061617590093,94.54565877056193,7.07372002596,1.3807753929926037,1546.1600000000712,1545.9100000000712,1546.6900000000712,1543.9395226000713,0.29587470521967796,119.48163895273876,-0.0009887078045238695
-11.299999999928673,2142818,119.5109602430601,23.946337639571798,200.3693852921104,94.43300350220635,94.59286234706293,7.04538744344319,1.3688257304848648,1546.2600000000712,1546.0100000000712,1546.7900000000714,1544.0395226000715,0.293643793210525,119.51117610528865,0.0002158622285577394
-11.19999999992865,2143363,119.5413564191854,23.958290212285124,200.41842363133847,94.45702140149072,94.64007741946284,7.014991267317882,1.3568731577715383,1546.3600000000713,1546.1100000000713,1546.8900000000713,1544.1395226000714,0.2953169772173009,119.54089933141414,-0.0004570877712666288
-11.099999999928627,2143877,119.57002363850357,23.970245819438084,200.47036113254777,94.47967314503595,94.68730447851118,6.986324047999716,1.3449175506185789,1546.4600000000714,1546.2100000000714,1546.9900000000712,1544.2395226000713,0.2981056172287599,119.57067228903735,0.0006486505337761628
-10.999999999928605,2144432,119.60097754263117,23.982204346742936,200.5184643093289,94.50413173972002,94.73454307274834,6.955370143872116,1.3329590233137267,1546.5600000000713,1546.3100000000713,1547.0900000000713,1544.3395226000714,0.3131642732908089,119.60071039699878,-0.00026714563239238487
-10.899999999928582,2145000,119.63265649316175,23.994165961517492,200.56535284651986,94.52916323842369,94.78179386311338,6.92369119334154,1.3209974085391707,1546.6600000000712,1546.4100000000712,1547.1900000000714,1544.4395226000715,0.30702926526558494,119.63172963028236,-0.0009268628793819289
-10.79999999992856,2145533,119.6623833956843,24.006130692668997,200.61551518064442,94.55265230322841,94.8290569637958,6.893964290818985,1.3090326773876662,1546.7600000000714,1546.5100000000714,1547.2900000000714,1544.5395226000715,0.301451985242667,119.66256127006098,0.00017787437667493577
-10.699999999928536,2146081,119.6929468902103,24.01809847377151,200.66427552997237,94.57680241113268,94.87633211239968,6.863400796292993,1.2970648962851534,1546.8600000000715,1546.6100000000715,1547.3900000000713,1544.6395226000714,0.2994999372346315,119.69262703461034,-0.00031985559995462154
-10.599999999928514,2146607,119.72228338313124,24.030069218075926,200.71509278833,94.59998298915758,94.92361896624861,6.834064303372045,1.2850941519807364,1546.9600000000714,1546.7100000000714,1547.4900000000714,1544.7395226000715,0.3073081292667735,119.72281373508855,0.0005303519573089943
-10.499999999928491,2147183,119.75440851606366,24.042043036518532,200.76123571929773,94.62536704418105,94.97091796356327,6.801939170439624,1.273120333538131,1547.0600000000713,1546.8100000000713,1547.5900000000715,1544.8395226000716,0.3184626893126805,119.75419934756252,-0.0002091685011436084
-10.399999999928468,2147749,119.78597592099379,24.054020057945444,200.8083156062488,94.6503104038048,95.01822961331182,6.770371765509495,1.2611433121112192,1547.1600000000715,1546.9100000000715,1547.6900000000714,1544.9395226000715,0.312048817286268,119.78565635935415,-0.00031956163964252937
-10.299999999928446,2148302,119.81681827952093,24.066000167790406,200.85661189605938,94.67468085940891,95.06555346293442,6.739529406982356,1.2491632022662564,1547.2600000000716,1547.0100000000716,1547.7900000000714,1545.0395226000715,0.30953904127592646,119.81668190385794,-0.00013637566298996262
-10.199999999928423,2148859,119.84788372924899,24.07798339432622,200.90453535851603,94.69922759317292,95.11288962411435,6.7084639572542955,1.2371799757304416,1547.3600000000715,1547.1100000000715,1547.8900000000715,1545.1395226000716,0.30089425724028995,119.84723323378606,-0.0006504954629349413
-10.0999999999284,2149381,119.876997130969,24.08996961443717,200.95573121604139,94.72223189303793,95.1602376105197,6.679350555534285,1.2251937556194932,1547.4600000000714,1547.2100000000714,1547.9900000000716,1545.2395226000717,0.3798127695656308,119.87709619686032,9.906589131958299e-05
-9.999999999928377,2150221,119.92384628316213,24.1019588135656,200.97719978607478,94.75925030661382,95.20759736464481,6.632501403341152,1.213204556491064,1547.5600000000716,1547.3100000000716,1548.0900000000715,1545.3395226000716,0.36977366552426477,119.9151096581136,-0.008736625048541669
-9.899999999928355,2150707,119.95095186407387,24.113952636368797,201.03177391784493,94.78066810303987,95.25497538321763,6.605395822429415,1.2012107336878657,1547.6600000000717,1547.4100000000717,1548.1900000000714,1545.4395226000715,0.2693826251103913,119.95113460029644,0.00018273622256970157
-9.799999999928332,2151187,119.97772280818423,24.12594904048566,201.08690576714233,94.8018214822261,95.3023635984999,6.5786248783190615,1.1892143295710014,1547.7600000000716,1547.5100000000716,1548.2900000000716,1545.5395226000717,0.2559971530552602,119.97692555728463,-0.0007972508995948147
-9.699999999928309,2151625,120.00215129468494,24.13794802148026,201.1459608103656,94.82112394073353,95.34976199296885,6.554196391818351,1.1772153485764036,1547.8600000000715,1547.6100000000715,1548.3900000000717,1545.6395226000718,0.25962238507014274,120.00260543848526,0.0004541438003258236
-9.599999999928286,2152118,120.02964728519827,24.149949561573365,201.19987109677587,94.84285022393937,95.39717049639293,6.526700401305021,1.1652138084832977,1547.9600000000717,1547.7100000000717,1548.4900000000716,1545.7395226000717,0.26798830510466176,120.02927947073658,-0.00036781446168276943
-9.499999999928264,2152586,120.05574895570588,24.161953877374412,201.25611715844508,94.86347476864594,95.44458996442309,6.500598730797407,1.153209492682251,1548.0600000000718,1547.8100000000718,1548.5900000000715,1545.8395226000716,0.26352648108635585,120.05601717796706,0.00026822226118383696
-9.39999999992824,2153063,120.08235258141555,24.173960765008964,201.31151868147384,94.88449593921224,95.4920195917142,6.473995105087738,1.1412026050476989,1548.1600000000717,1547.9100000000717,1548.6900000000717,1545.9395226000718,0.2752387691344978,120.08270725863439,0.00035467721883719605
-9.299999999928218,2153573,120.11079670953279,24.185970418826145,201.36383307252333,94.9069714045976,95.53946014598448,6.445550976970495,1.129192951230518,1548.2600000000716,1548.0100000000716,1548.7900000000718,1546.039522600072,0.26826716910577925,120.11012990939886,-0.0006668001339278362
-9.199999999928195,2154025,120.13600601523672,24.19798279099085,201.42156871705762,94.92689083666463,95.5869114382756,6.42034167126657,1.1171805790658134,1548.3600000000718,1548.1100000000718,1548.8900000000717,1546.1395226000718,0.2663151210978148,120.13671784920913,0.0007118339724172529
-9.099999999928173,2154528,120.16405973375237,24.209997762395993,201.47453253525313,94.9490578152702,95.6343729980906,6.3922879527509195,1.1051656076606697,1548.460000000072,1548.210000000072,1548.9900000000716,1546.2395226000717,0.2746810411322628,120.16353303238243,-0.0005267013699352674
-8.99999999992815,2155010,120.19094222346318,24.22201549759733,201.52945845588695,94.97029933353636,95.68184547545788,6.365405463040105,1.0931478724593333,1548.5600000000718,1548.3100000000718,1549.0900000000718,1546.3395226000719,0.26045897707363724,120.1903050687451,-0.0006371547180776815
-8.899999999928127,2155462,120.2161515291671,24.234035823409748,201.58718703892325,94.99021876560339,95.7293281862613,6.34019615733618,1.0811275466469148,1548.6600000000717,1548.4100000000717,1549.190000000072,1546.439522600072,0.2629687530839077,120.21667376507135,0.0005222359042420521
-8.799999999928104,2155953,120.24353597407998,24.24605883235035,201.64126608499686,95.01185690972926,95.77682149596208,6.312811712423311,1.0691045377063126,1548.7600000000718,1548.5100000000718,1549.2900000000718,1546.539522600072,0.2716135371196153,120.24345997430822,-7.599977175232198e-05
-8.699999999928082,2156436,120.27047423659104,24.258084515404615,201.6960909930822,95.03314249753542,95.82432536895108,6.285873449912245,1.0570788546520475,1548.860000000072,1548.610000000072,1549.3900000000717,1546.6395226000718,0.2607378410748258,120.2699444658628,-0.0005297707282352349
-8.599999999928059,2156888,120.29568354229495,24.27011282124353,201.75381282662866,95.05306192960244,95.87183960246828,6.260664144208334,1.0450505488131334,1548.960000000072,1548.710000000072,1549.4900000000719,1546.739522600072,0.25181419303800073,120.2957103586504,2.681635544377059e-05
-8.499999999928036,2157339,120.32083707519865,24.28214365747635,201.81162504961952,95.0729372921295,95.91936383155168,6.235510611304633,1.0330197125803124,1549.0600000000718,1548.8100000000718,1549.590000000072,1546.839522600072,0.25516056105183677,120.32129875539788,0.00046168019922276926
-8.399999999928013,2157803,120.34671565450533,24.294177080994615,201.86821841269858,95.09338555867618,95.96689828093429,6.209632031997955,1.0209862890620478,1549.160000000072,1548.910000000072,1549.690000000072,1546.939522600072,0.27579649713680376,120.3477345760165,0.0010189215111751082
-8.29999999992799,2158328,120.37599637462603,24.306213204391558,201.91910294762926,95.1165220671611,96.01444339538209,6.18035131187726,1.0089501656651052,1549.260000000072,1549.010000000072,1549.7900000000718,1547.039522600072,0.28444128117244033,120.37541957025488,-0.0005768043711498194
-8.199999999927968,2158823,120.40360391073983,24.31825216490867,201.97279296504112,95.1383364894469,96.06199971702668,6.152743775763454,0.9969112051479918,1549.360000000072,1549.110000000072,1549.890000000072,1547.139522600072,0.2836046891690879,120.40391021308997,0.00030630235013973106
-8.099999999927945,2159345,120.43271731245986,24.33029398643418,202.02395602608388,95.16134078931192,96.10956734023132,6.1236303740434295,0.9848693836224811,1549.460000000072,1549.210000000072,1549.990000000072,1547.2395226000722,0.28081604915755787,120.43241740654584,-0.0002999059140194049
-7.9999999999279225,2159830,120.45976712057136,24.342338648389983,202.07857968067543,95.18271451619799,96.15714618370838,6.09658056593193,0.9728247216666794,1549.560000000072,1549.310000000072,1550.090000000072,1547.339522600072,0.27719081714260435,120.46027973980917,0.0005126192378099859
-7.8999999999279,2160339,120.48815547588839,24.35438604238215,202.13095591172737,95.20514591204339,96.20473581927999,6.068192210614896,0.9607773276745135,1549.6600000000722,1549.4100000000722,1550.190000000072,1547.439522600072,0.27440217713114534,120.48773912992135,-0.00041634596703943316
-7.799999999927877,2160814,120.5146475559976,24.366436196215975,202.18651168434954,95.22607894352974,96.25233635678266,6.0417001305056885,0.9487271738406875,1549.760000000072,1549.510000000072,1550.290000000072,1547.5395226000721,0.2557182890540007,120.51431741782824,-0.0003301381693603389
-7.699999999927854,2161256,120.5392991336992,24.37848890586572,202.24515225383635,95.24555768019704,96.29994699027358,6.017048552804084,0.9366744641909435,1549.860000000072,1549.610000000072,1550.3900000000722,1547.6395226000723,0.26073784107475473,120.5401083955529,0.0008092618537034468
-7.599999999927832,2161749,120.56679512421256,24.39054421789509,202.29901767536418,95.2672839634029,96.34756790368877,5.989552562290726,0.9246191521615721,1549.9600000000721,1549.7100000000721,1550.490000000072,1547.7395226000722,0.2760753611379923,120.56701847895043,0.00022335473786938564
-7.499999999927809,2162246,120.59451420592681,24.402602309561516,202.35250724499548,95.28918652476861,96.39519979723084,5.961833480576473,0.9125610604951468,1550.0600000000723,1549.8100000000723,1550.590000000072,1547.839522600072,0.28276809716559337,120.59461057337998,9.636745316754514e-05
-7.399999999927786,2162763,120.62334874364569,24.414663140009772,202.40412320086503,95.3119704769338,96.4428425095134,5.932998942857594,0.900500230046891,1550.1600000000722,1549.9100000000722,1550.6900000000721,1547.9395226000722,0.27802740914609886,120.6221509364967,-0.0011978071489977538
-7.299999999927763,2163243,120.65011968775605,24.426726739748823,202.45920023092793,95.33312385612001,96.49049616105302,5.906227998747241,0.8884366303078401,1550.260000000072,1550.010000000072,1550.7900000000723,1548.0395226000724,0.28137377715986384,120.65052955561427,0.00040986785822383354
-7.199999999927741,2163772,120.67962349907768,24.438793245920902,202.50969084360526,95.35643664276483,96.53816129358916,5.876724187425609,0.8763701241357609,1550.3600000000722,1550.1100000000722,1550.8900000000722,1548.1395226000723,0.28025832115525184,120.67896825074952,-0.000655248328158109
-7.099999999927718,2164248,120.70617135198711,24.450862533398976,202.56514028680985,95.37741374379115,96.58583741284482,5.850176334516178,0.8643008366576872,1550.4600000000723,1550.2100000000723,1550.990000000072,1548.2395226000722,0.28081604915755787,120.70682002718043,0.0006486751933181267
-6.999999999927695,2164779,120.7357867089092,24.462934609926343,202.61544051479808,95.40081466951592,96.63352454940758,5.820560977594084,0.8522287601303198,1550.5600000000723,1550.3100000000723,1551.0900000000722,1548.3395226000723,0.2863933291805469,120.7351457413368,-0.0006409675724086128
-6.899999999927672,2165275,120.76345001782323,24.47500956254725,202.66901582337232,95.42267316134168,96.68122304711979,5.792897668680055,0.840153807509413,1550.6600000000722,1550.4100000000722,1551.1900000000724,1548.4395226000725,0.26464193709082573,120.76281542914313,-0.0006345886801000233
-6.79999999992765,2165728,120.78871509632738,24.487087173012178,202.72661360363054,95.44263666294867,96.72893204385183,5.767632590175907,0.828076197044485,1550.7600000000723,1550.5100000000723,1551.2900000000723,1548.5395226000724,0.2635264810862848,120.78940514928927,0.0006900529618860674
-6.699999999927627,2166220,120.8161553140405,24.499167443577115,202.7805584434946,95.46431887661456,96.77665154851529,5.740192372462786,0.8159959264795482,1550.8600000000724,1550.6100000000724,1551.3900000000722,1548.6395226000723,0.27049808111507434,120.81613934017678,-1.5973863725093906e-05
-6.599999999927604,2166698,120.8428147125504,24.51125040088022,202.83581162177734,95.48538411672084,96.82438166633627,5.71353297395288,0.8039129691764444,1550.9600000000723,1550.7100000000723,1551.4900000000723,1548.7395226000724,0.27384444912876826,120.84339098154469,0.0005762689942798715
-6.4999999999275815,2167202,120.87092420386627,24.523336121773426,202.88862919928766,95.50759516486636,96.87212270089545,5.68542348263702,0.7918272482832371,1551.0600000000723,1550.8100000000723,1551.5900000000725,1548.8395226000725,0.27272899312415627,120.87060808217737,-0.00031612168889694203
-6.399999999927559,2167676,120.89736051117525,24.53542452249666,202.94425303213055,95.52848412681276,96.91987432132358,5.658987175328036,0.7797388475600044,1551.1600000000724,1550.9100000000724,1551.6900000000724,1548.9395226000725,0.2710558091173093,120.89746747175903,0.0001069605837784593
-6.299999999927536,2168174,120.92513536568974,24.547515615267784,202.9976277556658,95.55043075771846,96.96763657588373,5.631212320813546,0.7676477547888787,1551.2600000000725,1551.0100000000725,1551.7900000000723,1549.0395226000724,0.2777485451449103,120.92521779518371,8.242949397185839e-05
-6.199999999927513,2168672,120.95291022020425,24.559609566055702,203.05100159510843,95.57237738862416,97.01541012018652,5.603437466299042,0.7555538040009608,1551.3600000000724,1551.1100000000724,1551.8900000000724,1549.1395226000725,0.2852778731759349,120.95354102438229,0.0006308041780442863
-6.0999999999274905,2169197,120.98219094032494,24.571706323472668,203.10184608570017,95.59551389710909,97.06319475123999,5.574156746178346,0.7434570465839947,1551.4600000000723,1551.2100000000723,1551.9900000000725,1549.2395226000726,0.28806651318739385,120.98182647295266,-0.00036446737227890935
-5.999999999927468,2169705,121.01052352284174,24.583805931350298,203.1542812614136,95.6179012234145,97.11099064218787,5.54582416366155,0.7313574387063646,1551.5600000000725,1551.3100000000725,1552.0900000000725,1549.3395226000725,0.2757964971368748,121.01001366908326,-0.0005098537584729002
-5.899999999927445,2170186,121.03735023975233,24.595908326206487,203.20924307650986,95.63909867214069,97.15879754226304,5.518997446750959,0.7192550438501755,1551.6600000000726,1551.4100000000726,1552.1900000000724,1549.4395226000725,0.27328672112653335,121.0374450587094,9.481895706642263e-05
-5.799999999927422,2170685,121.06518086706706,24.608013420362045,203.26251729952256,95.66108937258637,97.20661510511502,5.491166819436231,0.7071499496946174,1551.7600000000725,1551.5100000000725,1552.2900000000725,1549.5395226000726,0.27133467311849785,121.0646064137379,-0.000574453329150515
-5.6999999999274,2171159,121.09161717437604,24.62012124748924,203.31813070128075,95.68197833453277,97.25444346375606,5.464730512127247,0.6950421225674219,1551.8600000000724,1551.6100000000724,1552.3900000000726,1549.6395226000727,0.2810949131587464,121.09247573761398,0.0008585632379407571
-5.599999999927377,2171693,121.12139984969882,24.63223191550957,203.36812442785538,95.70551146887743,97.30228304449783,5.434947836804469,0.6829314545470915,1551.9600000000726,1551.7100000000726,1552.4900000000725,1549.7395226000726,0.28416241717132285,121.12080380428753,-0.0005960454112852176
-5.499999999927354,2172178,121.14844965781032,24.644345408250103,203.42270559680503,95.72688519576351,97.350133783454,5.407898028692969,0.6708179618065593,1552.0600000000727,1551.8100000000727,1552.5900000000725,1549.8395226000725,0.27858513714833383,121.14902149315614,0.0005718353458235015
-5.399999999927331,2172692,121.1771168771285,24.65646171980821,203.47456974743372,95.74953693930877,97.39799565730797,5.379230809374789,0.6587016502484531,1552.1600000000726,1551.9100000000726,1552.6900000000726,1549.9395226000727,0.28025832115525184,121.17682707707873,-0.0002898000497708608
-5.299999999927309,2173183,121.20450132204138,24.668580773665525,203.52858602273275,95.77117508343467,97.44586836379682,5.351846364461906,0.6465825963911378,1552.2600000000725,1552.0100000000725,1552.7900000000727,1550.0395226000728,0.26268988908279023,121.20357648170257,-0.0009248403388113502
-5.199999999927286,2173634,121.22965485494507,24.680702435104553,203.58634580487552,95.79105044596172,97.49375137075923,5.326692831558219,0.6344609349521093,1552.3600000000727,1552.1100000000727,1552.8900000000726,1550.1395226000727,0.2727289931242273,121.23063681424327,0.0009819592982012182
-5.099999999927263,2174161,121.25904712066624,24.69282690102838,203.6369861661231,95.81427509352659,97.54164545600209,5.297300565837048,0.6223364690282835,1552.4600000000728,1552.2100000000728,1552.9900000000725,1550.2395226000726,0.5613532343139271,121.25817060122216,-0.0008765194440769619
-4.99999999992724,2175647,121.34192550180788,24.704954069224804,203.59784111763352,95.87976242992393,97.58955021576662,5.214422184695408,0.6102093008318583,1552.5600000000727,1552.3100000000727,1553.0900000000727,1550.3395226000728,0.5574491382977851,121.31396519861453,-0.027960303193353298
-4.899999999927218,2176160,121.37053694832582,24.717089694068108,203.6498339345038,95.9023701039292,97.63748838099157,5.185810738177466,0.5980736759885552,1552.6600000000726,1552.4100000000726,1553.1900000000728,1550.439522600073,0.2777485451449103,121.3700976660854,-0.0004392822404213348
-4.799999999927195,2176643,121.39747521083687,24.729228088758028,203.70463261949706,95.92365569173533,97.68543748766918,5.1588724756664135,0.5859352812986351,1552.7600000000728,1552.5100000000728,1553.2900000000727,1550.5395226000728,0.2696614891115798,121.39763532640214,0.0001601155652650732
-4.699999999927172,2177127,121.42446924614815,24.741369221133393,203.7593359455285,95.94498534908143,97.73339740875633,5.131878440355138,0.5737941489232696,1552.860000000073,1552.610000000073,1553.3900000000726,1550.6395226000727,0.26798830510466176,121.42450763175442,3.838560627400511e-05
-4.5999999999271495,2177604,121.45107287185782,24.753512990284385,203.81469183398357,95.96600651964775,97.78136774563892,5.105274814645469,0.5616503797722778,1552.9600000000728,1552.7100000000728,1553.4900000000728,1550.7395226000729,0.2799794571540633,121.45171600847756,0.0006431366197432453
-4.499999999927127,2178131,121.48046513757897,24.765659564335095,203.8653666355945,95.98923116721262,97.82934916244099,5.075882548924312,0.5495038057215673,1553.0600000000727,1552.8100000000727,1553.590000000073,1550.839522600073,0.28472014517362887,121.48014658069735,-0.0003185568816235218
-4.399999999927104,2178625,121.50801690089256,24.77780901960053,203.91912938395194,96.01100151995844,97.87734196062219,5.04833078561073,0.537354350456134,1553.1600000000728,1552.9100000000728,1553.6900000000728,1550.939522600073,0.2797005931529458,121.50834313227244,0.0003262313798870764
-4.299999999927081,2179134,121.53640525620958,24.789961232961556,203.97148640937758,96.03343291580383,97.92534565383714,5.01994243029371,0.525202137095107,1553.260000000073,1553.010000000073,1553.7900000000727,1551.0395226000728,0.28973969719431186,121.5368146647139,0.00040940850432491516
-4.1999999999270585,2179664,121.56596484033143,24.802116382533477,204.0218774647111,96.0567897719886,97.97336094567721,4.990382846171855,0.513046987523186,1553.360000000073,1553.110000000073,1553.8900000000729,1551.139522600073,0.29113401720011245,121.56612594165345,0.00016110132202129535
-4.099999999927036,2180178,121.59463205964961,24.814274458149892,204.0737657397324,96.07944151553386,98.02138779598306,4.961715626853675,0.5008889119067703,1553.4600000000728,1553.2100000000728,1553.990000000073,1551.239522600073,0.2757964971368748,121.59431333006941,-0.0003187295802007384
-3.999999999927013,2180653,121.62112413975882,24.826435245199498,204.12930254345147,96.10037454702021,98.06942535699675,4.935223546744467,0.48872812485716466,1553.560000000073,1553.310000000073,1554.090000000073,1551.339522600073,0.27272899312415627,121.62148904045316,0.0003649006943362565
-3.8999999999269903,2181156,121.64917785827446,24.83859875595799,204.18221638041666,96.12254152562578,98.11747367720973,4.907169828228831,0.4765646140986739,1553.660000000073,1553.410000000073,1554.1900000000728,1551.439522600073,0.28137377715986384,121.64930920293918,0.0001313446647230876
-3.7999999999269676,2181662,121.6773988951908,24.85076510704009,204.23484831760564,96.14484071285125,98.16553321727375,4.878948791312482,0.46439826301657305,1553.760000000073,1553.510000000073,1554.290000000073,1551.539522600073,0.2785851371484049,121.6772057119211,-0.00019318326970108046
-3.699999999926945,2182155,121.70489488570415,24.862934197100376,204.28869537621907,96.1665669960571,98.21360357685388,4.851452800799137,0.4522291729562866,1553.860000000073,1553.610000000073,1554.390000000073,1551.6395226000732,0.27914286515063985,121.70523938443655,0.0003444987324030535
-3.599999999926922,2182663,121.73322746822095,24.87510615491698,204.34113735636188,96.18895432236252,98.26168526464976,4.823120218282341,0.44005721513968155,1553.960000000073,1553.710000000073,1554.490000000073,1551.739522600073,0.27300785712541586,121.7330921397384,-0.00013532848254271812
-3.4999999999268994,2183134,121.75949645712925,24.88728081552833,204.3970412138735,96.20971107568901,98.3097776290299,4.796851229374042,0.4278825545283311,1554.0600000000732,1553.8100000000732,1554.590000000073,1551.839522600073,0.2833258251678283,121.76046362265839,0.000967165529146996
-3.3999999999268766,2183679,121.78989263325452,24.89945824764152,204.44601525859926,96.23372897497335,98.35788094140112,4.766455053248762,0.4157051224151438,1554.160000000073,1553.910000000073,1554.690000000073,1551.9395226000731,0.29364379321038286,121.7895521691476,-0.0003404641069266745
-3.299999999926854,2184187,121.81822521577134,24.911638725962167,204.49845400257033,96.25611630127877,98.40599628690607,4.738122470731952,0.40352464409449595,1554.260000000073,1554.010000000073,1554.7900000000732,1552.0395226000733,0.2771908171426754,121.81797821341165,-0.0002470023596856663
-3.199999999926831,2184673,121.84533079668307,24.92382184328421,204.55294987768784,96.27753409770482,98.45412205699868,4.711016889820215,0.3913415267724538,1554.3600000000731,1554.1100000000731,1554.890000000073,1552.1395226000732,0.2816526411609813,121.84563464618762,0.0003038495045473155
-3.0999999999268084,2185197,121.87455574400354,24.936007852891407,204.6038871745246,96.30062653664977,98.50225925220089,4.681791942499743,0.3791555171652554,1554.4600000000733,1554.2100000000733,1554.990000000073,1552.239522600073,0.2911340172000414,121.87451930311866,-3.6440884883859326e-05
-2.9999999999267857,2185717,121.9035576001231,24.948196747144838,204.65519824271024,96.32354269743485,98.55040784233736,4.652790086380193,0.3669666229118249,1554.5600000000732,1554.3100000000732,1555.0900000000731,1552.3395226000732,0.2766330891402983,121.90283916062029,-0.000718439502804813
-2.899999999926763,2186189,121.92988236183162,24.96038842072354,204.71100223530624,96.34434352030131,98.5985674113691,4.6264653246716705,0.35477494933312315,1554.660000000073,1554.410000000073,1555.1900000000733,1552.4395226000734,0.27328672112653335,121.93052306812162,0.0006407062899995708
-2.79999999992674,2186697,121.95821494434841,24.972582851758467,204.7634336330183,96.36673084660673,98.64673787290897,4.598132742154874,0.34258051829819536,1554.7600000000732,1554.5100000000732,1555.2900000000732,1552.5395226000733,0.2799794571540633,121.95805905915178,-0.00015588519663367606
-2.6999999999267175,2187193,121.98587825326244,24.984780032535376,204.81698693567566,96.38858933843247,98.69491919648415,4.570469433240845,0.3303833375212868,1554.8600000000733,1554.6100000000733,1555.390000000073,1552.6395226000732,0.2788640011494513,121.9855032606115,-0.00037499265094709244
-2.5999999999266947,2187697,122.01398774457832,24.996979952410594,204.86978923054937,96.410800386578,98.74311134004995,4.542359941924971,0.3181834176460683,1554.9600000000733,1554.7100000000733,1555.4900000000732,1552.7395226000733,0.28946083319326543,122.01393228441657,-5.546016174662327e-05
-2.499999999926672,2188231,122.04377041990111,25.009182818992265,204.91978191878388,96.43433352092269,98.79131512370046,4.512577266602179,0.3059805510643976,1555.0600000000732,1554.8100000000732,1555.5900000000734,1552.8395226000735,0.3000576652369375,122.04354574047964,-0.00022467942146420228
-2.3999999999266493,2188773,122.07399927762572,25.021388661558696,204.969025424112,96.45821921158714,98.83953066309084,4.48234840887757,0.29377470849796694,1555.1600000000733,1554.9100000000733,1555.6900000000733,1552.9395226000734,0.29113401719997034,122.07322648398029,-0.0007727936454244855
-2.2999999999266265,2189275,122.10199722334112,25.033597464289066,205.0220146563141,96.48034212065271,98.88775789572568,4.4543504631621715,0.28156590576759655,1555.2600000000734,1555.0100000000734,1555.7900000000732,1553.0395226000733,0.2802583211551808,122.10210047137431,0.00010324803319861076
-2.1999999999266038,2189778,122.13005094185677,25.045809081652976,205.07490898842494,96.50250909925828,98.9359962467306,4.426296744646521,0.2693542884036866,1555.3600000000733,1555.1100000000733,1555.8900000000733,1553.1395226000734,0.2763542251392519,122.1301147830213,6.384116453261868e-05
-2.099999999926581,2190266,122.15726806836898,25.058023487245674,205.1292066651425,96.52401503476428,98.98424561180143,4.399079618134309,0.2571398828109892,1555.4600000000733,1555.2100000000733,1555.9900000000735,1553.2395226000735,0.27440217713114534,122.15782622089087,0.0005581525218900651
-1.9999999999265583,2190762,122.18493137728301,25.07024064689716,205.18275342386693,96.54587352659003,99.03250585595984,4.37141630922028,0.24492272315950103,1555.5600000000734,1555.3100000000734,1556.0900000000734,1553.3395226000735,0.2618532970793667,122.18475667995286,-0.0001746973301521848
-1.8999999999265356,2191205,122.20963872778486,25.08246043858167,205.24126165245812,96.5653963327973,99.0807764971794,4.346708958718423,0.23270293147499288,1555.6600000000735,1555.4100000000735,1556.1900000000733,1553.4395226000734,0.26296875308397877,122.21079393683745,0.0011552090525839276
-1.7999999999265128,2191705,122.23752512789981,25.094682805684535,205.29442803613222,96.58743110278296,99.12905731182079,4.318822558603472,0.22048056437212793,1555.7600000000734,1555.5100000000734,1556.2900000000734,1553.5395226000735,0.28499900917474635,122.23751438806124,-1.0739838572249027e-05
-1.69999999992649,2192227,122.26663852961983,25.10690794145929,205.3455320551484,96.61043540264798,99.17734906327446,4.289709156883461,0.20825542859737212,1555.8600000000733,1555.6100000000733,1556.3900000000735,1553.6395226000736,0.2799794571540633,122.26584036371554,-0.0007981659042854972
-1.5999999999264674,2192709,122.29352101933064,25.11913597375728,205.40038232922217,96.63167692091413,99.22565225657895,4.2628266671726465,0.1960273962993817,1555.9600000000735,1555.7100000000735,1556.4900000000735,1553.7395226000735,0.2635264810862848,122.29327930867787,-0.0002417106527730084
-1.4999999999264446,2193172,122.3193438258371,25.13136659732103,205.4570095888024,96.65208111792084,99.27396568590574,4.237003860666192,0.18379677273563289,1556.0600000000736,1555.8100000000736,1556.5900000000734,1553.8395226000735,0.2646419370908968,122.319809553855,0.00046572801790034646
-1.3999999999264219,2193658,122.34644940674883,25.14359993566806,205.51148037060318,96.6734989143469,99.3222898391739,4.209898279754455,0.17156343438860233,1556.1600000000735,1555.9100000000735,1556.6900000000735,1553.9395226000736,0.28667219318166437,122.34754294367067,0.0010935369218429969
-1.2999999999263991,2194200,122.37667826447344,25.15583610590977,205.5607037440943,96.69738460501134,99.37062517899707,4.179669422029846,0.15932726414689213,1556.2600000000734,1556.0100000000734,1556.7900000000736,1554.0395226000737,0.2883453771885824,122.37601496620246,-0.0006632982709788848
-1.1999999999263764,2194692,122.40411848218656,25.168075138661305,205.6146104456772,96.71906681867722,99.41897182631128,4.1522292043167255,0.1470882313953581,1556.3600000000736,1556.1100000000736,1556.8900000000735,1554.1395226000736,0.28388355317020536,122.4048643725013,0.0007458903147323781
-1.0999999999263537,2195218,122.4334549751075,25.180317078784274,205.66533129285457,96.7422473967021,99.46732995832889,4.122892711395792,0.1348462912723889,1556.4600000000737,1556.2100000000737,1556.9900000000735,1554.2395226000735,0.2889031051908884,122.43345721931236,2.2442048646098556e-06
-0.9999999999263309,2195728,122.46189910322475,25.192561830105173,205.71754982233315,96.76472286208747,99.51569919514522,4.094448583278535,0.12260153995148926,1556.5600000000736,1556.3100000000736,1557.0900000000736,1554.3395226000737,0.28221036916328734,122.46190983384567,1.0730620914500832e-05
-0.8999999999263082,2196230,122.48989704894016,25.20480946075105,205.77051714461484,96.78684577115305,99.56407980587578,4.066450637563122,0.11035390930561206,1556.6600000000735,1556.4100000000735,1557.1900000000737,1554.4395226000738,0.2911340172000414,122.49041156200235,0.0005145130621855287
-0.7999999999262855,2196772,122.52012590666477,25.21705991241758,205.81973553983948,96.8107314618175,99.6124715602068,4.036221779838513,0.09810345763908401,1556.7600000000737,1556.5100000000737,1557.2900000000736,1554.5395226000737,0.2902974251966179,122.51961455322942,-0.0005113534353569094
-0.6999999999262627,2197271,122.5479565339795,25.2293133836617,205.87298309348995,96.83272216226317,99.66087524247817,4.008391152523785,0.08584998639496177,1556.8600000000738,1556.6100000000738,1557.3900000000735,1554.6395226000736,0.2707769451161918,122.54792871865844,-2.7815321061552822e-05
-0.59999999992624,2197743,122.57428129568802,25.241569498161315,205.92875790371266,96.85352298512962,99.70928936614173,3.9820663908152625,0.07359387189534772,1556.9600000000737,1556.7100000000737,1557.4900000000737,1554.7395226000738,0.2671517131012383,122.57464985762395,0.0003685619359288239
-0.49999999992621724,2198229,122.60138687659976,25.25382831363323,205.98321892599478,96.87494078155567,99.75771415919053,3.9549608099035254,0.061335056423430956,1557.0600000000736,1556.8100000000736,1557.5900000000738,1554.839522600074,0.2713346731184268,122.60136168360017,-2.519299958692045e-05
-0.3999999999261945,2198716,122.62854823031172,25.26608977049804,206.03758370396076,96.89640264752168,99.8061493862739,3.927799456191565,0.04907359955862134,1557.1600000000738,1556.9100000000738,1557.6900000000737,1554.9395226000738,0.2757964971368748,122.62844482092018,-0.00010340939154218631
-0.29999999992617177,2199218,122.65654617602715,25.27835400259742,206.09054135863153,96.91852555658728,99.85459557609342,3.899801510476138,0.03680936745924157,1557.260000000074,1557.010000000074,1557.7900000000736,1555.0395226000737,0.27942172915182834,122.65639080321246,-0.00015537281468880337
-0.19999999992614903,2199718,122.6844325761421,25.29062104865869,206.14368520604663,96.94056032657292,99.90305288162982,3.8719151103611864,0.02454232139797341,1557.3600000000738,1557.1100000000738,1557.8900000000738,1555.1395226000739,0.2760753611379923,122.6844770815563,4.450541419487308e-05
-0.09999999992612629,2200208,122.71176124825476,25.30289089801374,206.19776491370018,96.96215440115886,99.95152126074193,3.844586438248527,0.012272472042923255,1557.4600000000737,1557.2100000000737,1557.990000000074,1555.239522600074,19.35957555180153,122.7116070364985,-0.00015421175625363048
7.389644451905042e-11,2269141,126.55634768650329,25.315163370065996,200.0307675816861,100.0,100.00000000003688,0.0,-9.332978834208916e-12,1557.5600000000738,1557.3100000000738,1558.0900000000738,1555.339522600074,38.44586438247653,122.72472052253698,-3.831627163966303
