date,year,month,doy,chirps_precip_mm
1981-01-01,1981,1,1,0.0
1981-01-02,1981,1,2,0.0
1981-01-03,1981,1,3,0.0
1981-01-04,1981,1,4,0.0
1981-01-05,1981,1,5,0.0
1981-01-06,1981,1,6,0.7780833821983142
1981-01-07,1981,1,7,0.990378554805079
1981-01-08,1981,1,8,0.0
1981-01-09,1981,1,9,0.0
1981-01-10,1981,1,10,0.0
1981-01-11,1981,1,11,0.0
1981-01-12,1981,1,12,0.0
1981-01-13,1981,1,13,0.0
1981-01-14,1981,1,14,0.0
1981-01-15,1981,1,15,0.0
1981-01-16,1981,1,16,0.0
1981-01-17,1981,1,17,0.0
1981-01-18,1981,1,18,0.0
1981-01-19,1981,1,19,0.0
1981-01-20,1981,1,20,0.0
1981-01-21,1981,1,21,0.0
1981-01-22,1981,1,22,1.9619563871606769
1981-01-23,1981,1,23,0.0
1981-01-24,1981,1,24,0.1409983510325479
1981-01-25,1981,1,25,0.2244842641866401
1981-01-26,1981,1,26,0.0
1981-01-27,1981,1,27,0.0
1981-01-28,1981,1,28,0.0
1981-01-29,1981,1,29,1.84728301756384
1981-01-30,1981,1,30,0.0
1981-01-31,1981,1,31,0.0
1981-02-01,1981,2,32,0.0
1981-02-02,1981,2,33,0.0
1981-02-03,1981,2,34,0.0
1981-02-04,1981,2,35,0.0
1981-02-05,1981,2,36,0.9485747958210256
1981-02-06,1981,2,37,0.0
1981-02-07,1981,2,38,0.0
1981-02-08,1981,2,39,0.0
1981-02-09,1981,2,40,0.0
1981-02-10,1981,2,41,0.0
1981-02-11,1981,2,42,0.0
1981-02-12,1981,2,43,0.0
1981-02-13,1981,2,44,0.0033154499867887
1981-02-14,1981,2,45,0.0
1981-02-15,1981,2,46,2.030577594537253
1981-02-16,1981,2,47,0.0
1981-02-17,1981,2,48,1.0428928043102748
1981-02-18,1981,2,49,0.0
1981-02-19,1981,2,50,0.0
1981-02-20,1981,2,51,0.7269073405016562
1981-02-21,1981,2,52,7.294774808889796
1981-02-22,1981,2,53,0.0
1981-02-23,1981,2,54,0.0
1981-02-24,1981,2,55,0.0
1981-02-25,1981,2,56,0.0
1981-02-26,1981,2,57,0.0
1981-02-27,1981,2,58,0.0
1981-02-28,1981,2,59,0.0
1981-03-01,1981,3,60,0.0
1981-03-02,1981,3,61,2.97235584136453
1981-03-03,1981,3,62,2.098527767153612
1981-03-04,1981,3,63,0.2423028891272491
1981-03-05,1981,3,64,0.0
1981-03-06,1981,3,65,0.0
1981-03-07,1981,3,66,0.0
1981-03-08,1981,3,67,0.0
1981-03-09,1981,3,68,0.0
1981-03-10,1981,3,69,0.0
1981-03-11,1981,3,70,0.0
1981-03-12,1981,3,71,0.0
1981-03-13,1981,3,72,0.0
1981-03-14,1981,3,73,0.0
1981-03-15,1981,3,74,0.0
1981-03-16,1981,3,75,1.87730217735892
1981-03-17,1981,3,76,12.896666647638128
1981-03-18,1981,3,77,1.9101115455970668
1981-03-19,1981,3,78,0.0
1981-03-20,1981,3,79,0.0
1981-03-21,1981,3,80,7.944251633216504
1981-03-22,1981,3,81,0.9113916969748778
1981-03-23,1981,3,82,6.501931071766646
1981-03-24,1981,3,83,5.712285812200394
1981-03-25,1981,3,84,3.771228332624746
1981-03-26,1981,3,85,7.981069728004289
1981-03-27,1981,3,86,0.0
1981-03-28,1981,3,87,0.0
1981-03-29,1981,3,88,0.0
1981-03-30,1981,3,89,0.0
1981-03-31,1981,3,90,0.0
1981-04-01,1981,4,91,0.0
1981-04-02,1981,4,92,0.0
1981-04-03,1981,4,93,0.0
1981-04-04,1981,4,94,0.0
1981-04-05,1981,4,95,0.0
1981-04-06,1981,4,96,0.0
1981-04-07,1981,4,97,0.0
1981-04-08,1981,4,98,3.9896967636793215
1981-04-09,1981,4,99,0.0
1981-04-10,1981,4,100,0.0
1981-04-11,1981,4,101,0.0
1981-04-12,1981,4,102,0.0
1981-04-13,1981,4,103,4.229292855905281
1981-04-14,1981,4,104,0.0
1981-04-15,1981,4,105,0.1242551484880226
1981-04-16,1981,4,106,6.437708997430205
1981-04-17,1981,4,107,6.437708997430205
1981-04-18,1981,4,108,0.6133654755001509
1981-04-19,1981,4,109,6.13847370344855
1981-04-20,1981,4,110,4.579588230645034
1981-04-21,1981,4,111,0.0
1981-04-22,1981,4,112,7.034305574654921
1981-04-23,1981,4,113,0.0
1981-04-24,1981,4,114,0.0
1981-04-25,1981,4,115,13.209150906393644
1981-04-26,1981,4,116,8.081625025090544
1981-04-27,1981,4,117,0.0
1981-04-28,1981,4,118,0.0
1981-04-29,1981,4,119,0.0
1981-04-30,1981,4,120,0.0
1981-05-01,1981,5,121,12.62046164585774
1981-05-02,1981,5,122,7.240207742807083
1981-05-03,1981,5,123,14.159317523368731
1981-05-04,1981,5,124,16.031600875127182
1981-05-05,1981,5,125,8.287097858688007
1981-05-06,1981,5,126,4.890942732493083
1981-05-07,1981,5,127,6.431766897669795
1981-05-08,1981,5,128,0.8478035551927595
1981-05-09,1981,5,129,4.890942732493083
1981-05-10,1981,5,130,0.0
1981-05-11,1981,5,131,0.0
1981-05-12,1981,5,132,2.831215538882556
1981-05-13,1981,5,133,0.0
1981-05-14,1981,5,134,0.0
1981-05-15,1981,5,135,0.0
1981-05-16,1981,5,136,2.212144043931822
1981-05-17,1981,5,137,1.21679044066072
1981-05-18,1981,5,138,7.093844141322727
1981-05-19,1981,5,139,2.0846853267972865
1981-05-20,1981,5,140,7.113311987098916
1981-05-21,1981,5,141,0.7585493187262855
1981-05-22,1981,5,142,0.1363199737813601
1981-05-23,1981,5,143,10.777218686890784
1981-05-24,1981,5,144,4.786476737531517
1981-05-25,1981,5,145,8.033028534670212
1981-05-26,1981,5,146,3.0239466753083613
1981-05-27,1981,5,147,6.584761508224148
1981-05-28,1981,5,148,16.75811121610872
1981-05-29,1981,5,149,8.832943395456907
1981-05-30,1981,5,150,22.725413332868047
1981-05-31,1981,5,151,6.158448099936802
1981-06-01,1981,6,152,15.031504179947175
1981-06-02,1981,6,153,9.167900430257236
1981-06-03,1981,6,154,16.923700904682754
1981-06-04,1981,6,155,6.600251093213132
1981-06-05,1981,6,156,12.955435614557276
1981-06-06,1981,6,157,9.762800355905531
1981-06-07,1981,6,158,5.742654870081479
1981-06-08,1981,6,159,3.725428543442217
1981-06-09,1981,6,160,21.34837029219287
1981-06-10,1981,6,161,13.646283753631252
1981-06-11,1981,6,162,16.89912577439499
1981-06-12,1981,6,163,14.07883014756589
1981-06-13,1981,6,164,9.136814189243236
1981-06-14,1981,6,165,4.995090464240175
1981-06-15,1981,6,166,7.128765813999944
1981-06-16,1981,6,167,13.426242163371306
1981-06-17,1981,6,168,22.38431321706339
1981-06-18,1981,6,169,9.35883474574706
1981-06-19,1981,6,170,9.124062451319295
1981-06-20,1981,6,171,1.438877864280315
1981-06-21,1981,6,172,14.101584353197714
1981-06-22,1981,6,173,27.681910042489
1981-06-23,1981,6,174,22.674307431128668
1981-06-24,1981,6,175,10.461870277244616
1981-06-25,1981,6,176,0.0
1981-06-26,1981,6,177,15.689604847269788
1981-06-27,1981,6,178,2.6675708010958727
1981-06-28,1981,6,179,29.600694827167207
1981-06-29,1981,6,180,3.124677457764502
1981-06-30,1981,6,181,0.2659812907224653
1981-07-01,1981,7,182,0.5701057367480098
1981-07-02,1981,7,183,2.053235317461493
1981-07-03,1981,7,184,14.144592612547656
1981-07-04,1981,7,185,9.966446158716384
1981-07-05,1981,7,186,0.1163721566743695
1981-07-06,1981,7,187,5.719976269902589
1981-07-07,1981,7,188,7.0011849019296575
1981-07-08,1981,7,189,12.687162455168156
1981-07-09,1981,7,190,9.25439617637906
1981-07-10,1981,7,191,2.788183486860026
1981-07-11,1981,7,192,1.8697971137242129
1981-07-12,1981,7,193,0.0
1981-07-13,1981,7,194,23.67865861432616
1981-07-14,1981,7,195,1.4628572020657369
1981-07-15,1981,7,196,0.1400984009822005
1981-07-16,1981,7,197,9.051566146231147
1981-07-17,1981,7,198,9.01286008088325
1981-07-18,1981,7,199,0.0
1981-07-19,1981,7,200,0.422524396639761
1981-07-20,1981,7,201,5.891105799258215
1981-07-21,1981,7,202,3.3568236200648087
1981-07-22,1981,7,203,11.805886129895748
1981-07-23,1981,7,204,8.193757650784786
1981-07-24,1981,7,205,0.0660623690973721
1981-07-25,1981,7,206,15.554467885026384
1981-07-26,1981,7,207,12.548255788329945
1981-07-27,1981,7,208,5.194081442010842
1981-07-28,1981,7,209,12.066935100612628
1981-07-29,1981,7,210,0.0
1981-07-30,1981,7,211,0.0941645565866504
1981-07-31,1981,7,212,0.0
1981-08-01,1981,8,213,0.6340794587554132
1981-08-02,1981,8,214,0.0
1981-08-03,1981,8,215,2.8821797530775712
1981-08-04,1981,8,216,0.0158090683365848
1981-08-05,1981,8,217,2.3064938421267773
1981-08-06,1981,8,218,0.1118425761110882
1981-08-07,1981,8,219,24.936580623432224
1981-08-08,1981,8,220,7.523723573590714
1981-08-09,1981,8,221,5.543481493874707
1981-08-10,1981,8,222,0.0
1981-08-11,1981,8,223,12.922407667557192
1981-08-12,1981,8,224,22.032560019995685
1981-08-13,1981,8,225,21.549750279031866
1981-08-14,1981,8,226,0.0
1981-08-15,1981,8,227,0.6272413902233683
1981-08-16,1981,8,228,1.1765554368036266
1981-08-17,1981,8,229,6.848108610334617
1981-08-18,1981,8,230,14.168222330121168
1981-08-19,1981,8,231,10.427940193566892
1981-08-20,1981,8,232,15.963412777010763
1981-08-21,1981,8,233,13.125191376570871
1981-08-22,1981,8,234,15.645980808606184
1981-08-23,1981,8,235,4.734813993980258
1981-08-24,1981,8,236,10.952675481892696
1981-08-25,1981,8,237,20.11388210322781
1981-08-26,1981,8,238,26.24637945860803
1981-08-27,1981,8,239,26.751737052799804
1981-08-28,1981,8,240,28.59148390679249
1981-08-29,1981,8,241,9.35263521046136
1981-08-30,1981,8,242,0.0
1981-08-31,1981,8,243,0.0
1981-09-01,1981,9,244,8.109857069598167
1981-09-02,1981,9,245,3.5743924743514244
1981-09-03,1981,9,246,10.581930949122048
1981-09-04,1981,9,247,8.72564989782953
1981-09-05,1981,9,248,3.492108846436021
1981-09-06,1981,9,249,1.0729013770282425
1981-09-07,1981,9,250,13.231535802055038
1981-09-08,1981,9,251,25.725815891300197
1981-09-09,1981,9,252,10.220123918830785
1981-09-10,1981,9,253,4.321403655621774
1981-09-11,1981,9,254,5.530440865363847
1981-09-12,1981,9,255,0.3801701130168297
1981-09-13,1981,9,256,4.613437296185825
1981-09-14,1981,9,257,0.9486386246832396
1981-09-15,1981,9,258,21.777309217714503
1981-09-16,1981,9,259,23.46635149356741
1981-09-17,1981,9,260,0.0
1981-09-18,1981,9,261,0.0458023358126838
1981-09-19,1981,9,262,0.0
1981-09-20,1981,9,263,0.0529321271737825
1981-09-21,1981,9,264,0.5928909349564109
1981-09-22,1981,9,265,16.58018276685308
1981-09-23,1981,9,266,16.18418393077867
1981-09-24,1981,9,267,29.238258571837225
1981-09-25,1981,9,268,0.0
1981-09-26,1981,9,269,31.21788579046778
1981-09-27,1981,9,270,15.547709335500397
1981-09-28,1981,9,271,2.761217829092201
1981-09-29,1981,9,272,8.642587225153187
1981-09-30,1981,9,273,0.0
1981-10-01,1981,10,274,0.0112086331221213
1981-10-02,1981,10,275,0.1099975311357748
1981-10-03,1981,10,276,16.59071357983652
1981-10-04,1981,10,277,14.483696767991692
1981-10-05,1981,10,278,0.1693640327290173
1981-10-06,1981,10,279,2.9608526863189675
1981-10-07,1981,10,280,0.0690666205268081
1981-10-08,1981,10,281,18.116383776055912
1981-10-09,1981,10,282,0.0
1981-10-10,1981,10,283,7.867775001787383
1981-10-11,1981,10,284,25.446780722061597
1981-10-12,1981,10,285,9.537696265520552
1981-10-13,1981,10,286,0.0
1981-10-14,1981,10,287,0.0
1981-10-15,1981,10,288,0.0
1981-10-16,1981,10,289,0.0
1981-10-17,1981,10,290,7.286158620902586
1981-10-18,1981,10,291,2.622622250846644
1981-10-19,1981,10,292,0.6305122213069455
1981-10-20,1981,10,293,2.0747617118462807
1981-10-21,1981,10,294,0.0
1981-10-22,1981,10,295,0.0
1981-10-23,1981,10,296,5.159331393068227
1981-10-24,1981,10,297,15.661805479569423
1981-10-25,1981,10,298,3.2630595602127053
1981-10-26,1981,10,299,0.0
1981-10-27,1981,10,300,1.5955570931095493
1981-10-28,1981,10,301,8.1219915363047
1981-10-29,1981,10,302,5.092754023240588
1981-10-30,1981,10,303,44.53513343332156
1981-10-31,1981,10,304,1.3286551828556012
1981-11-01,1981,11,305,0.0
1981-11-02,1981,11,306,0.0
1981-11-03,1981,11,307,0.0
1981-11-04,1981,11,308,10.431879063906994
1981-11-05,1981,11,309,0.0
1981-11-06,1981,11,310,0.0
1981-11-07,1981,11,311,0.0
1981-11-08,1981,11,312,0.0
1981-11-09,1981,11,313,1.0913112333113042
1981-11-10,1981,11,314,0.0
1981-11-11,1981,11,315,0.0
1981-11-12,1981,11,316,0.0
1981-11-13,1981,11,317,0.0138471729242607
1981-11-14,1981,11,318,0.0
1981-11-15,1981,11,319,0.0
1981-11-16,1981,11,320,0.0
1981-11-17,1981,11,321,0.0
1981-11-18,1981,11,322,0.0
1981-11-19,1981,11,323,0.0
1981-11-20,1981,11,324,0.0
1981-11-21,1981,11,325,0.0
1981-11-22,1981,11,326,2.579686110409898
1981-11-23,1981,11,327,1.8746367875796253
1981-11-24,1981,11,328,0.0
1981-11-25,1981,11,329,0.0
1981-11-26,1981,11,330,1.0054862192786445
1981-11-27,1981,11,331,0.9583580417314348
1981-11-28,1981,11,332,9.97478421457629
1981-11-29,1981,11,333,0.0
1981-11-30,1981,11,334,0.0
1981-12-01,1981,12,335,1.3512990985962705
1981-12-02,1981,12,336,13.628743694292346
1981-12-03,1981,12,337,2.346545203383805
1981-12-04,1981,12,338,4.309578084930356
1981-12-05,1981,12,339,6.947504600450946
1981-12-06,1981,12,340,0.0
1981-12-07,1981,12,341,0.0
1981-12-08,1981,12,342,0.0
1981-12-09,1981,12,343,1.2231004694740082
1981-12-10,1981,12,344,0.0
1981-12-11,1981,12,345,0.0
1981-12-12,1981,12,346,0.0
1981-12-13,1981,12,347,0.0
1981-12-14,1981,12,348,0.0
1981-12-15,1981,12,349,0.0
1981-12-16,1981,12,350,0.0
1981-12-17,1981,12,351,0.0
1981-12-18,1981,12,352,0.0
1981-12-19,1981,12,353,0.0
1981-12-20,1981,12,354,0.0
1981-12-21,1981,12,355,0.0
1981-12-22,1981,12,356,3.323239404570883
1981-12-23,1981,12,357,2.472852337176511
1981-12-24,1981,12,358,0.0
1981-12-25,1981,12,359,0.0
1981-12-26,1981,12,360,0.0
1981-12-27,1981,12,361,0.0
1981-12-28,1981,12,362,0.0
1981-12-29,1981,12,363,0.0
1981-12-30,1981,12,364,0.0
1981-12-31,1981,12,365,0.0
1982-01-01,1982,1,1,0.0
1982-01-02,1982,1,2,0.0
1982-01-03,1982,1,3,0.0
1982-01-04,1982,1,4,0.9529515284958718
1982-01-05,1982,1,5,4.261523598672594
1982-01-06,1982,1,6,0.0
1982-01-07,1982,1,7,0.0
1982-01-08,1982,1,8,0.0337980479997963
1982-01-09,1982,1,9,0.0013977313715878
1982-01-10,1982,1,10,0.0
1982-01-11,1982,1,11,0.0
1982-01-12,1982,1,12,0.0
1982-01-13,1982,1,13,0.0
1982-01-14,1982,1,14,0.0
1982-01-15,1982,1,15,0.0
1982-01-16,1982,1,16,0.1473361790026981
1982-01-17,1982,1,17,0.0
1982-01-18,1982,1,18,0.0
1982-01-19,1982,1,19,0.0
1982-01-20,1982,1,20,0.0
1982-01-21,1982,1,21,0.0
1982-01-22,1982,1,22,0.0
1982-01-23,1982,1,23,0.0
1982-01-24,1982,1,24,0.0
1982-01-25,1982,1,25,0.1415102547728923
1982-01-26,1982,1,26,0.3908182768456019
1982-01-27,1982,1,27,0.0
1982-01-28,1982,1,28,0.0
1982-01-29,1982,1,29,0.0
1982-01-30,1982,1,30,0.0
1982-01-31,1982,1,31,0.0
1982-02-01,1982,2,32,0.3122868215108183
1982-02-02,1982,2,33,0.0
1982-02-03,1982,2,34,0.0
1982-02-04,1982,2,35,0.0
1982-02-05,1982,2,36,0.0
1982-02-06,1982,2,37,0.0
1982-02-07,1982,2,38,0.0
1982-02-08,1982,2,39,0.0
1982-02-09,1982,2,40,0.0176576796309398
1982-02-10,1982,2,41,0.0
1982-02-11,1982,2,42,0.2161447372616307
1982-02-12,1982,2,43,0.0
1982-02-13,1982,2,44,0.2807147929376277
1982-02-14,1982,2,45,0.0
1982-02-15,1982,2,46,0.0
1982-02-16,1982,2,47,0.2502098672902778
1982-02-17,1982,2,48,0.0
1982-02-18,1982,2,49,1.452614536015724
1982-02-19,1982,2,50,2.095247924072475
1982-02-20,1982,2,51,0.0
1982-02-21,1982,2,52,1.1712400571035335
1982-02-22,1982,2,53,0.0
1982-02-23,1982,2,54,0.0
1982-02-24,1982,2,55,0.0
1982-02-25,1982,2,56,2.493207975902819
1982-02-26,1982,2,57,3.836836722894112
1982-02-27,1982,2,58,5.24739341359927
1982-02-28,1982,2,59,0.0
1982-03-01,1982,3,60,0.0
1982-03-02,1982,3,61,5.609529680284354
1982-03-03,1982,3,62,0.0
1982-03-04,1982,3,63,0.0
1982-03-05,1982,3,64,0.0
1982-03-06,1982,3,65,0.0
1982-03-07,1982,3,66,0.0
1982-03-08,1982,3,67,0.0
1982-03-09,1982,3,68,0.0
1982-03-10,1982,3,69,1.000915160522363
1982-03-11,1982,3,70,0.0
1982-03-12,1982,3,71,0.0
1982-03-13,1982,3,72,0.878705441594226
1982-03-14,1982,3,73,0.0
1982-03-15,1982,3,74,0.0
1982-03-16,1982,3,75,0.0
1982-03-17,1982,3,76,0.0
1982-03-18,1982,3,77,0.0
1982-03-19,1982,3,78,0.0
1982-03-20,1982,3,79,0.0
1982-03-21,1982,3,80,0.0
1982-03-22,1982,3,81,0.0
1982-03-23,1982,3,82,0.0
1982-03-24,1982,3,83,0.0
1982-03-25,1982,3,84,0.0
1982-03-26,1982,3,85,4.972549189842964
1982-03-27,1982,3,86,1.985296806006117
1982-03-28,1982,3,87,0.0373092919409326
1982-03-29,1982,3,88,0.8703942978188025
1982-03-30,1982,3,89,1.6027285114964973
1982-03-31,1982,3,90,0.0
1982-04-01,1982,4,91,0.0
1982-04-02,1982,4,92,0.0
1982-04-03,1982,4,93,0.0
1982-04-04,1982,4,94,0.0
1982-04-05,1982,4,95,2.730091500864544
1982-04-06,1982,4,96,0.4884974933656342
1982-04-07,1982,4,97,0.0
1982-04-08,1982,4,98,0.7273711800166655
1982-04-09,1982,4,99,4.148689298161913
1982-04-10,1982,4,100,0.0300725954868084
1982-04-11,1982,4,101,1.2573884986819828
1982-04-12,1982,4,102,0.0
1982-04-13,1982,4,103,3.299970275970637
1982-04-14,1982,4,104,2.880048182343661
1982-04-15,1982,4,105,2.431981212554472
1982-04-16,1982,4,106,1.8128885298507689
1982-04-17,1982,4,107,4.184809743668549
1982-04-18,1982,4,108,0.0
1982-04-19,1982,4,109,1.3491285081566555
1982-04-20,1982,4,110,1.5099667385795124
1982-04-21,1982,4,111,0.4787604980930469
1982-04-22,1982,4,112,2.4211589659036687
1982-04-23,1982,4,113,0.0
1982-04-24,1982,4,114,0.0
1982-04-25,1982,4,115,2.3921303834379897
1982-04-26,1982,4,116,0.0
1982-04-27,1982,4,117,0.0
1982-04-28,1982,4,118,4.892531216348862
1982-04-29,1982,4,119,5.740627002389185
1982-04-30,1982,4,120,1.089776997420148
1982-05-01,1982,5,121,8.309131704034618
1982-05-02,1982,5,122,8.721862852879845
1982-05-03,1982,5,123,0.0
1982-05-04,1982,5,124,7.4543664993234655
1982-05-05,1982,5,125,0.0
1982-05-06,1982,5,126,1.6111381707685877
1982-05-07,1982,5,127,0.0
1982-05-08,1982,5,128,6.817567788441159
1982-05-09,1982,5,129,0.0
1982-05-10,1982,5,130,0.0
1982-05-11,1982,5,131,0.4314165649602019
1982-05-12,1982,5,132,0.8022167352702542
1982-05-13,1982,5,133,6.287968907380777
1982-05-14,1982,5,134,0.0
1982-05-15,1982,5,135,5.497996766978897
1982-05-16,1982,5,136,0.0
1982-05-17,1982,5,137,6.810057997703552
1982-05-18,1982,5,138,1.4884342379108289
1982-05-19,1982,5,139,20.57222567139881
1982-05-20,1982,5,140,12.193768710178912
1982-05-21,1982,5,141,17.038786165307705
1982-05-22,1982,5,142,16.385779895226776
1982-05-23,1982,5,143,2.3395754243945506
1982-05-24,1982,5,144,2.43611594276134
1982-05-25,1982,5,145,32.69601319483845
1982-05-26,1982,5,146,13.638546853568071
1982-05-27,1982,5,147,18.908383971723406
1982-05-28,1982,5,148,6.374776959623551
1982-05-29,1982,5,149,18.14898753513509
1982-05-30,1982,5,150,14.839070482343924
1982-05-31,1982,5,151,5.12450668744379
1982-06-01,1982,6,152,0.0981970783370932
1982-06-02,1982,6,153,0.0
1982-06-03,1982,6,154,0.0
1982-06-04,1982,6,155,0.0
1982-06-05,1982,6,156,18.520672310083057
1982-06-06,1982,6,157,4.064204388943716
1982-06-07,1982,6,158,0.8518501362845544
1982-06-08,1982,6,159,0.0
1982-06-09,1982,6,160,7.816539781156932
1982-06-10,1982,6,161,5.648883800171539
1982-06-11,1982,6,162,15.400628772370307
1982-06-12,1982,6,163,26.88931613471024
1982-06-13,1982,6,164,28.50881784720204
1982-06-14,1982,6,165,19.24561507883701
1982-06-15,1982,6,166,11.75693989423165
1982-06-16,1982,6,167,21.942748772148
1982-06-17,1982,6,168,9.16338065371313
1982-06-18,1982,6,169,0.0
1982-06-19,1982,6,170,0.0
1982-06-20,1982,6,171,28.972925676069607
1982-06-21,1982,6,172,12.302420900740376
1982-06-22,1982,6,173,20.267934240637015
1982-06-23,1982,6,174,12.897475954601674
1982-06-24,1982,6,175,15.620604035174022
1982-06-25,1982,6,176,0.0
1982-06-26,1982,6,177,3.838333466416665
1982-06-27,1982,6,178,10.116151376064764
1982-06-28,1982,6,179,11.938739336139644
1982-06-29,1982,6,180,4.614523787169551
1982-06-30,1982,6,181,9.163228771373976
1982-07-01,1982,7,182,0.0
1982-07-02,1982,7,183,0.1808857402437859
1982-07-03,1982,7,184,1.4698414711637586
1982-07-04,1982,7,185,4.713049028863638
1982-07-05,1982,7,186,3.69686210855216
1982-07-06,1982,7,187,0.0030196620137035
1982-07-07,1982,7,188,0.1937705418342388
1982-07-08,1982,7,189,3.252631833283638
1982-07-09,1982,7,190,6.214085929753339
1982-07-10,1982,7,191,2.8460526943666467
1982-07-11,1982,7,192,6.169477139769607
1982-07-12,1982,7,193,0.1886513491624833
1982-07-13,1982,7,194,0.0
1982-07-14,1982,7,195,7.747933431170184
1982-07-15,1982,7,196,6.512321209335491
1982-07-16,1982,7,197,20.51733560754176
1982-07-17,1982,7,198,16.718340531310776
1982-07-18,1982,7,199,2.7756041771546327
1982-07-19,1982,7,200,1.0717285817621507
1982-07-20,1982,7,201,0.6250616507644621
1982-07-21,1982,7,202,9.94322415233782
1982-07-22,1982,7,203,9.298961657484885
1982-07-23,1982,7,204,2.4216455626712468
1982-07-24,1982,7,205,0.0
1982-07-25,1982,7,206,5.20914300619892
1982-07-26,1982,7,207,0.0
1982-07-27,1982,7,208,0.061028773598724
1982-07-28,1982,7,209,0.0
1982-07-29,1982,7,210,13.652263989281025
1982-07-30,1982,7,211,0.0
1982-07-31,1982,7,212,4.153101208379561
1982-08-01,1982,8,213,4.957275595538311
1982-08-02,1982,8,214,9.538242286663335
1982-08-03,1982,8,215,0.7486756910293044
1982-08-04,1982,8,216,1.92858641885138
1982-08-05,1982,8,217,0.3565807276131664
1982-08-06,1982,8,218,2.34734667512016
1982-08-07,1982,8,219,3.582830352515569
1982-08-08,1982,8,220,0.3461387566551758
1982-08-09,1982,8,221,1.4299674843659027
1982-08-10,1982,8,222,2.9300491687264723
1982-08-11,1982,8,223,0.0
1982-08-12,1982,8,224,0.0732119549209477
1982-08-13,1982,8,225,0.8147211651977763
1982-08-14,1982,8,226,0.0
1982-08-15,1982,8,227,3.4057239934023165
1982-08-16,1982,8,228,0.3051840081210819
1982-08-17,1982,8,229,4.923051521833269
1982-08-18,1982,8,230,6.820580295037284
1982-08-19,1982,8,231,16.418400577734758
1982-08-20,1982,8,232,6.963775218197088
1982-08-21,1982,8,233,1.465172608693441
1982-08-22,1982,8,234,0.0
1982-08-23,1982,8,235,2.898075475586513
1982-08-24,1982,8,236,5.802184569089966
1982-08-25,1982,8,237,0.0
1982-08-26,1982,8,238,5.081846815250631
1982-08-27,1982,8,239,7.048988605526238
1982-08-28,1982,8,240,0.0
1982-08-29,1982,8,241,3.7054144502605455
1982-08-30,1982,8,242,7.001188318036824
1982-08-31,1982,8,243,7.912474521021612
1982-09-01,1982,9,244,3.553834272227741
1982-09-02,1982,9,245,13.811793768824732
1982-09-03,1982,9,246,2.724752801702691
1982-09-04,1982,9,247,6.594246155038898
1982-09-05,1982,9,248,4.222791715728595
1982-09-06,1982,9,249,11.014456518409393
1982-09-07,1982,9,250,21.83405681420517
1982-09-08,1982,9,251,4.871662915825538
1982-09-09,1982,9,252,0.0039914307067204
1982-09-10,1982,9,253,11.579537658172484
1982-09-11,1982,9,254,2.1645228400022023
1982-09-12,1982,9,255,11.858637531700555
1982-09-13,1982,9,256,0.2969201514122316
1982-09-14,1982,9,257,0.7308972696003592
1982-09-15,1982,9,258,21.30012164549023
1982-09-16,1982,9,259,19.751792381028395
1982-09-17,1982,9,260,15.320303138240144
1982-09-18,1982,9,261,7.699272678464321
1982-09-19,1982,9,262,8.056829583164761
1982-09-20,1982,9,263,50.69277930893036
1982-09-21,1982,9,264,0.0
1982-09-22,1982,9,265,35.67033866336433
1982-09-23,1982,9,266,25.15144044635841
1982-09-24,1982,9,267,0.4000445507281646
1982-09-25,1982,9,268,25.23137965014375
1982-09-26,1982,9,269,19.432556637965824
1982-09-27,1982,9,270,13.69926657866696
1982-09-28,1982,9,271,9.745616634686789
1982-09-29,1982,9,272,5.5040704935354965
1982-09-30,1982,9,273,10.162201731656491
1982-10-01,1982,10,274,6.916503504799692
1982-10-02,1982,10,275,0.0
1982-10-03,1982,10,276,23.85373028793596
1982-10-04,1982,10,277,13.599540478772555
1982-10-05,1982,10,278,18.105585670307757
1982-10-06,1982,10,279,8.349667609299772
1982-10-07,1982,10,280,0.4619019384964368
1982-10-08,1982,10,281,20.21428740933704
1982-10-09,1982,10,282,8.448430211603284
1982-10-10,1982,10,283,11.473133641731668
1982-10-11,1982,10,284,0.0
1982-10-12,1982,10,285,0.7132017019986084
1982-10-13,1982,10,286,6.3807494058604926
1982-10-14,1982,10,287,8.486353134639055
1982-10-15,1982,10,288,12.31868543794447
1982-10-16,1982,10,289,7.875045595459174
1982-10-17,1982,10,290,0.2757882712330692
1982-10-18,1982,10,291,0.0
1982-10-19,1982,10,292,0.0
1982-10-20,1982,10,293,0.0
1982-10-21,1982,10,294,0.0
1982-10-22,1982,10,295,0.4123560685629301
1982-10-23,1982,10,296,0.2259556548454461
1982-10-24,1982,10,297,0.0
1982-10-25,1982,10,298,0.6380906086654468
1982-10-26,1982,10,299,0.0
1982-10-27,1982,10,300,0.0
1982-10-28,1982,10,301,0.0
1982-10-29,1982,10,302,0.1029429416321441
1982-10-30,1982,10,303,5.809391529568262
1982-10-31,1982,10,304,6.756498186171515
1982-11-01,1982,11,305,7.345991704386325
1982-11-02,1982,11,306,9.888037923164823
1982-11-03,1982,11,307,9.830584860195332
1982-11-04,1982,11,308,8.279367029820127
1982-11-05,1982,11,309,0.0822719405018169
1982-11-06,1982,11,310,0.5402655515695293
1982-11-07,1982,11,311,0.0
1982-11-08,1982,11,312,0.0
1982-11-09,1982,11,313,0.0
1982-11-10,1982,11,314,0.0
1982-11-11,1982,11,315,0.0
1982-11-12,1982,11,316,0.0
1982-11-13,1982,11,317,0.0
1982-11-14,1982,11,318,0.0
1982-11-15,1982,11,319,0.0
1982-11-16,1982,11,320,0.0
1982-11-17,1982,11,321,0.0
1982-11-18,1982,11,322,0.0
1982-11-19,1982,11,323,0.0
1982-11-20,1982,11,324,0.0
1982-11-21,1982,11,325,0.0
1982-11-22,1982,11,326,0.0
1982-11-23,1982,11,327,7.549006375984545
1982-11-24,1982,11,328,0.1434845715991022
1982-11-25,1982,11,329,1.601230106500856
1982-11-26,1982,11,330,0.0
1982-11-27,1982,11,331,0.0
1982-11-28,1982,11,332,0.0
1982-11-29,1982,11,333,0.1675732538244513
1982-11-30,1982,11,334,0.0
1982-12-01,1982,12,335,0.0
1982-12-02,1982,12,336,0.0
1982-12-03,1982,12,337,0.0
1982-12-04,1982,12,338,1.2196115423903675
1982-12-05,1982,12,339,5.410546289260508
1982-12-06,1982,12,340,2.959710733545266
1982-12-07,1982,12,341,0.3244600171652632
1982-12-08,1982,12,342,0.0
1982-12-09,1982,12,343,0.0
1982-12-10,1982,12,344,0.0
1982-12-11,1982,12,345,0.0
1982-12-12,1982,12,346,0.0
1982-12-13,1982,12,347,0.0
1982-12-14,1982,12,348,0.0
1982-12-15,1982,12,349,0.0
1982-12-16,1982,12,350,0.0
1982-12-17,1982,12,351,0.0
1982-12-18,1982,12,352,0.0
1982-12-19,1982,12,353,0.0
1982-12-20,1982,12,354,0.0
1982-12-21,1982,12,355,0.0
1982-12-22,1982,12,356,0.0
1982-12-23,1982,12,357,0.0
1982-12-24,1982,12,358,0.0
1982-12-25,1982,12,359,0.0
1982-12-26,1982,12,360,0.1835535061900802
1982-12-27,1982,12,361,0.3012007028502895
1982-12-28,1982,12,362,0.0
1982-12-29,1982,12,363,0.0
1982-12-30,1982,12,364,0.0
1982-12-31,1982,12,365,0.0
1983-01-01,1983,1,1,0.0
1983-01-02,1983,1,2,0.0
1983-01-03,1983,1,3,0.0
1983-01-04,1983,1,4,0.0622929276414885
1983-01-05,1983,1,5,0.0
1983-01-06,1983,1,6,0.0
1983-01-07,1983,1,7,0.0
1983-01-08,1983,1,8,0.0
1983-01-09,1983,1,9,0.0
1983-01-10,1983,1,10,0.0
1983-01-11,1983,1,11,0.0
1983-01-12,1983,1,12,0.0
1983-01-13,1983,1,13,0.0
1983-01-14,1983,1,14,0.0
1983-01-15,1983,1,15,0.0
1983-01-16,1983,1,16,0.0
1983-01-17,1983,1,17,0.8525697921419512
1983-01-18,1983,1,18,0.0
1983-01-19,1983,1,19,0.0
1983-01-20,1983,1,20,0.0
1983-01-21,1983,1,21,0.0
1983-01-22,1983,1,22,0.0
1983-01-23,1983,1,23,0.0
1983-01-24,1983,1,24,0.0
1983-01-25,1983,1,25,0.0
1983-01-26,1983,1,26,0.0
1983-01-27,1983,1,27,2.9362601498405243
1983-01-28,1983,1,28,1.9945920067356504
1983-01-29,1983,1,29,0.0
1983-01-30,1983,1,30,0.0
1983-01-31,1983,1,31,0.0
1983-02-01,1983,2,32,0.0
1983-02-02,1983,2,33,0.0
1983-02-03,1983,2,34,0.0
1983-02-04,1983,2,35,0.0
1983-02-05,1983,2,36,0.0
1983-02-06,1983,2,37,0.0
1983-02-07,1983,2,38,0.0
1983-02-08,1983,2,39,0.0
1983-02-09,1983,2,40,0.0
1983-02-10,1983,2,41,0.0
1983-02-11,1983,2,42,0.0
1983-02-12,1983,2,43,0.0
1983-02-13,1983,2,44,0.0
1983-02-14,1983,2,45,0.0
1983-02-15,1983,2,46,0.0
1983-02-16,1983,2,47,0.0
1983-02-17,1983,2,48,0.0
1983-02-18,1983,2,49,5.425955757996723
1983-02-19,1983,2,50,0.0
1983-02-20,1983,2,51,0.2368672242405686
1983-02-21,1983,2,52,6.02674689516106
1983-02-22,1983,2,53,13.362388814833803
1983-02-23,1983,2,54,0.7725308088533064
1983-02-24,1983,2,55,0.0
1983-02-25,1983,2,56,0.7069827045450481
1983-02-26,1983,2,57,6.748275277802549
1983-02-27,1983,2,58,2.3113844741994534
1983-02-28,1983,2,59,0.0
1983-03-01,1983,3,60,0.0
1983-03-02,1983,3,61,1.2978995526664363
1983-03-03,1983,3,62,0.0
1983-03-04,1983,3,63,0.0624188512640318
1983-03-05,1983,3,64,0.0942864035349578
1983-03-06,1983,3,65,0.0
1983-03-07,1983,3,66,0.0
1983-03-08,1983,3,67,0.0
1983-03-09,1983,3,68,0.0
1983-03-10,1983,3,69,3.0353451400305747
1983-03-11,1983,3,70,0.0
1983-03-12,1983,3,71,0.0
1983-03-13,1983,3,72,0.0
1983-03-14,1983,3,73,1.7269616826743066
1983-03-15,1983,3,74,0.0
1983-03-16,1983,3,75,0.0
1983-03-17,1983,3,76,0.0
1983-03-18,1983,3,77,0.0
1983-03-19,1983,3,78,0.0
1983-03-20,1983,3,79,0.0
1983-03-21,1983,3,80,0.0
1983-03-22,1983,3,81,0.0
1983-03-23,1983,3,82,0.0
1983-03-24,1983,3,83,0.0
1983-03-25,1983,3,84,16.094851934715738
1983-03-26,1983,3,85,0.0
1983-03-27,1983,3,86,0.0
1983-03-28,1983,3,87,6.046177605838988
1983-03-29,1983,3,88,5.327811634274967
1983-03-30,1983,3,89,7.162812830345593
1983-03-31,1983,3,90,2.392119847155067
1983-04-01,1983,4,91,10.402130117427618
1983-04-02,1983,4,92,1.4577548308385777
1983-04-03,1983,4,93,3.346099145129489
1983-04-04,1983,4,94,3.231400633072792
1983-04-05,1983,4,95,1.4668233815226273
1983-04-06,1983,4,96,1.4333739962808678
1983-04-07,1983,4,97,3.9393094786232936
1983-04-08,1983,4,98,0.9213084175531536
1983-04-09,1983,4,99,0.804290724418668
1983-04-10,1983,4,100,2.223920937713743
1983-04-11,1983,4,101,2.798800511552211
1983-04-12,1983,4,102,0.0
1983-04-13,1983,4,103,0.0
1983-04-14,1983,4,104,0.0
1983-04-15,1983,4,105,0.0
1983-04-16,1983,4,106,0.0
1983-04-17,1983,4,107,0.0
1983-04-18,1983,4,108,0.1862665722282298
1983-04-19,1983,4,109,0.0
1983-04-20,1983,4,110,0.0
1983-04-21,1983,4,111,0.0
1983-04-22,1983,4,112,0.0
1983-04-23,1983,4,113,0.0
1983-04-24,1983,4,114,0.1449859344560873
1983-04-25,1983,4,115,0.0
1983-04-26,1983,4,116,4.401908595641658
1983-04-27,1983,4,117,0.3623060071785018
1983-04-28,1983,4,118,0.0
1983-04-29,1983,4,119,0.0
1983-04-30,1983,4,120,0.0
1983-05-01,1983,5,121,0.0
1983-05-02,1983,5,122,0.0
1983-05-03,1983,5,123,0.0
1983-05-04,1983,5,124,0.0
1983-05-05,1983,5,125,0.0
1983-05-06,1983,5,126,0.0
1983-05-07,1983,5,127,0.0
1983-05-08,1983,5,128,0.0
1983-05-09,1983,5,129,0.0
1983-05-10,1983,5,130,0.0
1983-05-11,1983,5,131,0.0
1983-05-12,1983,5,132,0.0
1983-05-13,1983,5,133,1.0345834364417077
1983-05-14,1983,5,134,1.9365825183185224
1983-05-15,1983,5,135,0.0
1983-05-16,1983,5,136,0.0
1983-05-17,1983,5,137,0.0
1983-05-18,1983,5,138,0.0
1983-05-19,1983,5,139,14.273367986070266
1983-05-20,1983,5,140,0.0
1983-05-21,1983,5,141,2.492151543587421
1983-05-22,1983,5,142,6.970884975808853
1983-05-23,1983,5,143,8.843062185178788
1983-05-24,1983,5,144,1.5800056051472466
1983-05-25,1983,5,145,1.6818544787020386
1983-05-26,1983,5,146,5.992686570865433
1983-05-27,1983,5,147,0.2748256401823644
1983-05-28,1983,5,148,28.58841422733937
1983-05-29,1983,5,149,11.305133577994845
1983-05-30,1983,5,150,11.903791991890037
1983-05-31,1983,5,151,0.1656916767690768
1983-06-01,1983,6,152,19.659830358974325
1983-06-02,1983,6,153,9.468711036949356
1983-06-03,1983,6,154,11.692569553085953
1983-06-04,1983,6,155,5.842173716505063
1983-06-05,1983,6,156,4.093281115848178
1983-06-06,1983,6,157,2.3972768902063573
1983-06-07,1983,6,158,6.646997724114674
1983-06-08,1983,6,159,21.321783217795403
1983-06-09,1983,6,160,18.09840258963617
1983-06-10,1983,6,161,4.058675188331801
1983-06-11,1983,6,162,9.325765886363968
1983-06-12,1983,6,163,22.56167270530465
1983-06-13,1983,6,164,5.779834202853859
1983-06-14,1983,6,165,21.119172891593937
1983-06-15,1983,6,166,0.6386354568174178
1983-06-16,1983,6,167,7.528838034460661
1983-06-17,1983,6,168,10.315251989352364
1983-06-18,1983,6,169,16.52825315854646
1983-06-19,1983,6,170,11.03645704787515
1983-06-20,1983,6,171,0.0
1983-06-21,1983,6,172,10.848822826897882
1983-06-22,1983,6,173,7.390224683867017
1983-06-23,1983,6,174,0.9595217578106696
1983-06-24,1983,6,175,16.251762099621537
1983-06-25,1983,6,176,0.4928654903209199
1983-06-26,1983,6,177,3.0164655902596142
1983-06-27,1983,6,178,16.343805574410574
1983-06-28,1983,6,179,9.811605684248525
1983-06-29,1983,6,180,11.68965546892766
1983-06-30,1983,6,181,3.903147747502332
1983-07-01,1983,7,182,0.0
1983-07-02,1983,7,183,0.0
1983-07-03,1983,7,184,0.0
1983-07-04,1983,7,185,17.300208743658448
1983-07-05,1983,7,186,1.441183956239401
1983-07-06,1983,7,187,0.0
1983-07-07,1983,7,188,2.8424232227738946
1983-07-08,1983,7,189,1.0851213202684888
1983-07-09,1983,7,190,12.791706720170756
1983-07-10,1983,7,191,17.709959993427812
1983-07-11,1983,7,192,6.417934389326852
1983-07-12,1983,7,193,9.479255268588062
1983-07-13,1983,7,194,14.61487466735317
1983-07-14,1983,7,195,11.126582978623697
1983-07-15,1983,7,196,3.514806339959355
1983-07-16,1983,7,197,6.625629889627962
1983-07-17,1983,7,198,9.467642581656945
1983-07-18,1983,7,199,14.20772721405814
1983-07-19,1983,7,200,12.001818386529797
1983-07-20,1983,7,201,8.416622448192259
1983-07-21,1983,7,202,3.9929351391910792
1983-07-22,1983,7,203,10.650171264686849
1983-07-23,1983,7,204,7.793404450249037
1983-07-24,1983,7,205,1.558883455796638
1983-07-25,1983,7,206,4.288435443507981
1983-07-26,1983,7,207,7.043586317146549
1983-07-27,1983,7,208,13.245731200534458
1983-07-28,1983,7,209,4.787042293879551
1983-07-29,1983,7,210,0.0
1983-07-30,1983,7,211,0.0
1983-07-31,1983,7,212,4.958931672235995
1983-08-01,1983,8,213,7.485683558736994
1983-08-02,1983,8,214,0.0
1983-08-03,1983,8,215,7.834307053401722
1983-08-04,1983,8,216,8.646919832438
1983-08-05,1983,8,217,13.599575419556716
1983-08-06,1983,8,218,5.778608204364367
1983-08-07,1983,8,219,7.556917255876815
1983-08-08,1983,8,220,9.379427141477231
1983-08-09,1983,8,221,7.533794819797934
1983-08-10,1983,8,222,4.86675108996026
1983-08-11,1983,8,223,3.611945477273593
1983-08-12,1983,8,224,2.413749016649006
1983-08-13,1983,8,225,1.97990254106538
1983-08-14,1983,8,226,4.330334454391793
1983-08-15,1983,8,227,0.0
1983-08-16,1983,8,228,0.0
1983-08-17,1983,8,229,0.0
1983-08-18,1983,8,230,6.590417653449908
1983-08-19,1983,8,231,0.0030991366099575
1983-08-20,1983,8,232,0.1523711033733665
1983-08-21,1983,8,233,5.090725361636896
1983-08-22,1983,8,234,2.710761450556679
1983-08-23,1983,8,235,8.297436874037432
1983-08-24,1983,8,236,5.817972118464309
1983-08-25,1983,8,237,2.9251739142180107
1983-08-26,1983,8,238,0.0
1983-08-27,1983,8,239,0.1373961071939476
1983-08-28,1983,8,240,9.149620074845831
1983-08-29,1983,8,241,14.035241025783307
1983-08-30,1983,8,242,27.157770069011185
1983-08-31,1983,8,243,12.26265585871977
1983-09-01,1983,9,244,15.272963558800122
1983-09-02,1983,9,245,22.81876767386508
1983-09-03,1983,9,246,17.37478597080391
1983-09-04,1983,9,247,14.963197176948816
1983-09-05,1983,9,248,12.46276980817267
1983-09-06,1983,9,249,11.390807798813832
1983-09-07,1983,9,250,14.45306177964656
1983-09-08,1983,9,251,3.4989702730170658
1983-09-09,1983,9,252,30.01226674213099
1983-09-10,1983,9,253,17.515177557482716
1983-09-11,1983,9,254,9.528101562227873
1983-09-12,1983,9,255,0.0
1983-09-13,1983,9,256,7.433125047369093
1983-09-14,1983,9,257,21.893914988639526
1983-09-15,1983,9,258,15.445447750140584
1983-09-16,1983,9,259,6.063763900608105
1983-09-17,1983,9,260,10.147912647546413
1983-09-18,1983,9,261,2.500846930620705
1983-09-19,1983,9,262,14.396145441436117
1983-09-20,1983,9,263,10.400957615843367
1983-09-21,1983,9,264,1.0411792675858398
1983-09-22,1983,9,265,0.0
1983-09-23,1983,9,266,1.483826530623252
1983-09-24,1983,9,267,0.0
1983-09-25,1983,9,268,0.0
1983-09-26,1983,9,269,18.08163928454415
1983-09-27,1983,9,270,12.727179850996716
1983-09-28,1983,9,271,7.412562033613217
1983-09-29,1983,9,272,4.857459210236048
1983-09-30,1983,9,273,9.579903977491348
1983-10-01,1983,10,274,10.585239805210936
1983-10-02,1983,10,275,16.79699526164097
1983-10-03,1983,10,276,9.276085136380072
1983-10-04,1983,10,277,0.0
1983-10-05,1983,10,278,0.8881636117397461
1983-10-06,1983,10,279,18.850333062010947
1983-10-07,1983,10,280,1.937197520575568
1983-10-08,1983,10,281,0.0
1983-10-09,1983,10,282,0.0
1983-10-10,1983,10,283,0.0
1983-10-11,1983,10,284,9.093396929562756
1983-10-12,1983,10,285,2.404049304886158
1983-10-13,1983,10,286,13.287630843115142
1983-10-14,1983,10,287,10.317752207357248
1983-10-15,1983,10,288,7.344284335874347
1983-10-16,1983,10,289,0.0
1983-10-17,1983,10,290,0.0
1983-10-18,1983,10,291,0.0
1983-10-19,1983,10,292,0.0021986996095815
1983-10-20,1983,10,293,0.0
1983-10-21,1983,10,294,8.227522125178764
1983-10-22,1983,10,295,1.2629058689977128
1983-10-23,1983,10,296,1.283740446418396
1983-10-24,1983,10,297,0.3501567782350555
1983-10-25,1983,10,298,21.766897066086912
1983-10-26,1983,10,299,12.347623157010904
1983-10-27,1983,10,300,5.091109905216362
1983-10-28,1983,10,301,4.996954516304183
1983-10-29,1983,10,302,3.501664717685696
1983-10-30,1983,10,303,0.0
1983-10-31,1983,10,304,0.9026485666211282
1983-11-01,1983,11,305,4.023846364572912
1983-11-02,1983,11,306,4.2860711834424565
1983-11-03,1983,11,307,4.1522746256711445
1983-11-04,1983,11,308,0.0
1983-11-05,1983,11,309,0.0
1983-11-06,1983,11,310,2.561782769086326
1983-11-07,1983,11,311,12.49004427224219
1983-11-08,1983,11,312,0.0
1983-11-09,1983,11,313,8.800247266952463
1983-11-10,1983,11,314,7.138361392822038
1983-11-11,1983,11,315,3.7307297805485407
1983-11-12,1983,11,316,17.769686653967483
1983-11-13,1983,11,317,0.0
1983-11-14,1983,11,318,0.0
1983-11-15,1983,11,319,0.914505707267624
1983-11-16,1983,11,320,8.872869463894443
1983-11-17,1983,11,321,0.3814965982976487
1983-11-18,1983,11,322,9.298431086458502
1983-11-19,1983,11,323,4.284032489156354
1983-11-20,1983,11,324,0.0
1983-11-21,1983,11,325,0.0
1983-11-22,1983,11,326,0.0
1983-11-23,1983,11,327,4.892333512236752
1983-11-24,1983,11,328,4.756045203486773
1983-11-25,1983,11,329,4.041157972894372
1983-11-26,1983,11,330,0.0
1983-11-27,1983,11,331,2.3426904015389898
1983-11-28,1983,11,332,4.258086295468029
1983-11-29,1983,11,333,4.777403863684786
1983-11-30,1983,11,334,0.0
1983-12-01,1983,12,335,0.0
1983-12-02,1983,12,336,0.732164082102216
1983-12-03,1983,12,337,0.5493907438145813
1983-12-04,1983,12,338,0.0
1983-12-05,1983,12,339,0.0
1983-12-06,1983,12,340,2.0442347118970976
1983-12-07,1983,12,341,0.0
1983-12-08,1983,12,342,0.3249287882623451
1983-12-09,1983,12,343,0.0
1983-12-10,1983,12,344,0.1942540253444727
1983-12-11,1983,12,345,0.0698618601812903
1983-12-12,1983,12,346,0.0
1983-12-13,1983,12,347,0.0
1983-12-14,1983,12,348,0.0
1983-12-15,1983,12,349,2.029204051874597
1983-12-16,1983,12,350,0.098599454431117
1983-12-17,1983,12,351,0.0
1983-12-18,1983,12,352,0.3988659931434559
1983-12-19,1983,12,353,0.098599454431117
1983-12-20,1983,12,354,0.0
1983-12-21,1983,12,355,0.0
1983-12-22,1983,12,356,0.0
1983-12-23,1983,12,357,0.0
1983-12-24,1983,12,358,0.0
1983-12-25,1983,12,359,0.0
1983-12-26,1983,12,360,0.0
1983-12-27,1983,12,361,1.3365878902548078
1983-12-28,1983,12,362,0.0
1983-12-29,1983,12,363,2.769454783727292
1983-12-30,1983,12,364,0.0033965023440383
1983-12-31,1983,12,365,0.0
1984-01-01,1984,1,1,0.0
1984-01-02,1984,1,2,0.0
1984-01-03,1984,1,3,0.0
1984-01-04,1984,1,4,0.0
1984-01-05,1984,1,5,0.0
1984-01-06,1984,1,6,0.0
1984-01-07,1984,1,7,0.0
1984-01-08,1984,1,8,0.0
1984-01-09,1984,1,9,0.0
1984-01-10,1984,1,10,0.0
1984-01-11,1984,1,11,0.0
1984-01-12,1984,1,12,0.0
1984-01-13,1984,1,13,0.0
1984-01-14,1984,1,14,0.0
1984-01-15,1984,1,15,0.4467227037073509
1984-01-16,1984,1,16,0.0583708169834166
1984-01-17,1984,1,17,0.0
1984-01-18,1984,1,18,0.0
1984-01-19,1984,1,19,0.0
1984-01-20,1984,1,20,0.0
1984-01-21,1984,1,21,0.0
1984-01-22,1984,1,22,0.0
1984-01-23,1984,1,23,0.0
1984-01-24,1984,1,24,0.0
1984-01-25,1984,1,25,2.299083026740525
1984-01-26,1984,1,26,2.8676503504456465
1984-01-27,1984,1,27,1.3742144183409757
1984-01-28,1984,1,28,0.0
1984-01-29,1984,1,29,0.0
1984-01-30,1984,1,30,0.0
1984-01-31,1984,1,31,0.0
1984-02-01,1984,2,32,0.0
1984-02-02,1984,2,33,0.0
1984-02-03,1984,2,34,0.0
1984-02-04,1984,2,35,0.0
1984-02-05,1984,2,36,0.0
1984-02-06,1984,2,37,0.0
1984-02-07,1984,2,38,3.0856997016258703
1984-02-08,1984,2,39,0.0
1984-02-09,1984,2,40,0.0
1984-02-10,1984,2,41,0.0
1984-02-11,1984,2,42,0.3287174477981724
1984-02-12,1984,2,43,1.538052115464885
1984-02-13,1984,2,44,0.0
1984-02-14,1984,2,45,0.0227699953976511
1984-02-15,1984,2,46,0.978044431896014
1984-02-16,1984,2,47,0.6265343498141723
1984-02-17,1984,2,48,2.384437946550031
1984-02-18,1984,2,49,0.398238730920924
1984-02-19,1984,2,50,0.0
1984-02-20,1984,2,51,0.0
1984-02-21,1984,2,52,0.0
1984-02-22,1984,2,53,1.7260911642432522
1984-02-23,1984,2,54,1.1932864820436218
1984-02-24,1984,2,55,0.9623361168095672
1984-02-25,1984,2,56,1.060602893610744
1984-02-26,1984,2,57,0.0
1984-02-27,1984,2,58,0.0
1984-02-28,1984,2,59,0.0
1984-02-29,1984,2,60,0.0
1984-03-01,1984,3,61,0.0
1984-03-02,1984,3,62,0.0
1984-03-03,1984,3,63,0.0
1984-03-04,1984,3,64,0.0
1984-03-05,1984,3,65,0.0
1984-03-06,1984,3,66,0.0
1984-03-07,1984,3,67,0.0
1984-03-08,1984,3,68,0.0
1984-03-09,1984,3,69,0.0
1984-03-10,1984,3,70,0.0
1984-03-11,1984,3,71,0.1909875485666204
1984-03-12,1984,3,72,0.0
1984-03-13,1984,3,73,0.0
1984-03-14,1984,3,74,0.0313829264277153
1984-03-15,1984,3,75,0.0
1984-03-16,1984,3,76,0.0
1984-03-17,1984,3,77,0.0
1984-03-18,1984,3,78,0.0
1984-03-19,1984,3,79,0.0
1984-03-20,1984,3,80,0.0
1984-03-21,1984,3,81,0.0
1984-03-22,1984,3,82,30.768114139406524
1984-03-23,1984,3,83,0.0
1984-03-24,1984,3,84,0.0
1984-03-25,1984,3,85,0.0
1984-03-26,1984,3,86,0.0425574622199181
1984-03-27,1984,3,87,0.0
1984-03-28,1984,3,88,0.0
1984-03-29,1984,3,89,0.0
1984-03-30,1984,3,90,0.0
1984-03-31,1984,3,91,0.0
1984-04-01,1984,4,92,1.22216770499817
1984-04-02,1984,4,93,1.10211042047262
1984-04-03,1984,4,94,0.0
1984-04-04,1984,4,95,0.0
1984-04-05,1984,4,96,0.0
1984-04-06,1984,4,97,0.0
1984-04-07,1984,4,98,0.0
1984-04-08,1984,4,99,0.0
1984-04-09,1984,4,100,3.39026507906354
1984-04-10,1984,4,101,0.0
1984-04-11,1984,4,102,0.102190090686517
1984-04-12,1984,4,103,2.925360959671253
1984-04-13,1984,4,104,1.106957792265352
1984-04-14,1984,4,105,8.271852551613897
1984-04-15,1984,4,106,3.8136696531513152
1984-04-16,1984,4,107,0.0494746190416782
1984-04-17,1984,4,108,5.269187590712242
1984-04-18,1984,4,109,0.0
1984-04-19,1984,4,110,0.0
1984-04-20,1984,4,111,0.0
1984-04-21,1984,4,112,0.0
1984-04-22,1984,4,113,0.0
1984-04-23,1984,4,114,0.0
1984-04-24,1984,4,115,0.0
1984-04-25,1984,4,116,0.0
1984-04-26,1984,4,117,0.0
1984-04-27,1984,4,118,0.0
1984-04-28,1984,4,119,0.0
1984-04-29,1984,4,120,0.0
1984-04-30,1984,4,121,0.0
1984-05-01,1984,5,122,0.0
1984-05-02,1984,5,123,0.0
1984-05-03,1984,5,124,0.0
1984-05-04,1984,5,125,0.1247875699653723
1984-05-05,1984,5,126,0.0
1984-05-06,1984,5,127,5.679089977124254
1984-05-07,1984,5,128,15.889035892976894
1984-05-08,1984,5,129,8.39106946453235
1984-05-09,1984,5,130,15.246432400403515
1984-05-10,1984,5,131,6.080632769509882
1984-05-11,1984,5,132,8.97555043029295
1984-05-12,1984,5,133,10.025075792551243
1984-05-13,1984,5,134,19.29059694644827
1984-05-14,1984,5,135,2.284727830404692
1984-05-15,1984,5,136,22.05245777962039
1984-05-16,1984,5,137,15.121292303235691
1984-05-17,1984,5,138,9.801682108676424
1984-05-18,1984,5,139,0.0
1984-05-19,1984,5,140,8.952867035489872
1984-05-20,1984,5,141,11.759494983342949
1984-05-21,1984,5,142,7.146580430208973
1984-05-22,1984,5,143,7.086629796865769
1984-05-23,1984,5,144,13.997292038407608
1984-05-24,1984,5,145,18.893803043966123
1984-05-25,1984,5,146,13.33271315032433
1984-05-26,1984,5,147,0.1051338182725555
1984-05-27,1984,5,148,4.61609982024326
1984-05-28,1984,5,149,11.258121128049588
1984-05-29,1984,5,150,11.435636968722996
1984-05-30,1984,5,151,7.381974074201085
1984-05-31,1984,5,152,3.563031562394124
1984-06-01,1984,6,153,15.973612216362714
1984-06-02,1984,6,154,19.10276570234323
1984-06-03,1984,6,155,9.34399255811402
1984-06-04,1984,6,156,6.604396374080565
1984-06-05,1984,6,157,0.2221953708490144
1984-06-06,1984,6,158,10.501767264744512
1984-06-07,1984,6,159,0.0674077752521126
1984-06-08,1984,6,160,9.902721857043955
1984-06-09,1984,6,161,8.997445158909406
1984-06-10,1984,6,162,0.0381291868754095
1984-06-11,1984,6,163,19.32180875309942
1984-06-12,1984,6,164,10.20088773930083
1984-06-13,1984,6,165,16.876437575263452
1984-06-14,1984,6,166,20.85283514303127
1984-06-15,1984,6,167,10.719085917783374
1984-06-16,1984,6,168,3.75638010232185
1984-06-17,1984,6,169,10.168048245332743
1984-06-18,1984,6,170,13.802083751331974
1984-06-19,1984,6,171,1.2525227245553092
1984-06-20,1984,6,172,11.7027758323135
1984-06-21,1984,6,173,0.0
1984-06-22,1984,6,174,1.9054454188113965
1984-06-23,1984,6,175,9.022602168330804
1984-06-24,1984,6,176,4.490020780248733
1984-06-25,1984,6,177,6.175099845819221
1984-06-26,1984,6,178,1.5420264964851438
1984-06-27,1984,6,179,5.682932204125575
1984-06-28,1984,6,180,7.1824559799707535
1984-06-29,1984,6,181,4.011153861407858
1984-06-30,1984,6,182,5.652444134079296
1984-07-01,1984,7,183,9.026921320084128
1984-07-02,1984,7,184,4.236888401714675
1984-07-03,1984,7,185,6.380670993166697
1984-07-04,1984,7,186,10.539656202917744
1984-07-05,1984,7,187,10.972569439895356
1984-07-06,1984,7,188,6.245264105849931
1984-07-07,1984,7,189,22.16192702728147
1984-07-08,1984,7,190,16.403088758210398
1984-07-09,1984,7,191,12.799391297672994
1984-07-10,1984,7,192,9.103420450325796
1984-07-11,1984,7,193,9.70206232017805
1984-07-12,1984,7,194,6.059640176089891
1984-07-13,1984,7,195,9.92909177358884
1984-07-14,1984,7,196,13.464203499583167
1984-07-15,1984,7,197,3.9878482622475127
1984-07-16,1984,7,198,0.0
1984-07-17,1984,7,199,4.3469843201996845
1984-07-18,1984,7,200,9.354281915133084
1984-07-19,1984,7,201,7.3898492304810945
1984-07-20,1984,7,202,4.631091132057765
1984-07-21,1984,7,203,3.903696739326304
1984-07-22,1984,7,204,22.943049617577746
1984-07-23,1984,7,205,14.382996577734405
1984-07-24,1984,7,206,3.964777117165727
1984-07-25,1984,7,207,8.948659737394115
1984-07-26,1984,7,208,2.1773885848078853
1984-07-27,1984,7,209,5.301947405936888
1984-07-28,1984,7,210,14.215922173518038
1984-07-29,1984,7,211,15.892570676819934
1984-07-30,1984,7,212,13.866113706235714
1984-07-31,1984,7,213,10.427356075198608
1984-08-01,1984,8,214,23.390905420700516
1984-08-02,1984,8,215,23.67089767280356
1984-08-03,1984,8,216,21.479366218931364
1984-08-04,1984,8,217,1.6237618050824505
1984-08-05,1984,8,218,1.4898258481867417
1984-08-06,1984,8,219,0.7844772425184111
1984-08-07,1984,8,220,12.90986449450842
1984-08-08,1984,8,221,0.2078616958248789
1984-08-09,1984,8,222,0.0
1984-08-10,1984,8,223,0.0
1984-08-11,1984,8,224,2.1410326870874967
1984-08-12,1984,8,225,20.150192517139203
1984-08-13,1984,8,226,1.5055484246676465
1984-08-14,1984,8,227,6.3928189560605
1984-08-15,1984,8,228,7.896949566115452
1984-08-16,1984,8,229,4.065213050664545
1984-08-17,1984,8,230,1.1438738182250925
1984-08-18,1984,8,231,6.930253866450236
1984-08-19,1984,8,232,8.08591164210564
1984-08-20,1984,8,233,6.689186324394966
1984-08-21,1984,8,234,7.842652124631274
1984-08-22,1984,8,235,4.930692442585079
1984-08-23,1984,8,236,2.095935595576949
1984-08-24,1984,8,237,3.2458907014402247
1984-08-25,1984,8,238,3.7847089848665463
1984-08-26,1984,8,239,6.460319889643913
1984-08-27,1984,8,240,0.0
1984-08-28,1984,8,241,1.6506163510074958
1984-08-29,1984,8,242,7.817034441687251
1984-08-30,1984,8,243,12.598148910429302
1984-08-31,1984,8,244,16.856344940525506
1984-09-01,1984,9,245,12.280291593268885
1984-09-02,1984,9,246,10.384226741500662
1984-09-03,1984,9,247,8.898287123712395
1984-09-04,1984,9,248,11.24683523372186
1984-09-05,1984,9,249,16.5618257009789
1984-09-06,1984,9,250,16.196617692172683
1984-09-07,1984,9,251,6.50889619324283
1984-09-08,1984,9,252,0.0
1984-09-09,1984,9,253,19.136385088203905
1984-09-10,1984,9,254,6.379860853474675
1984-09-11,1984,9,255,0.0
1984-09-12,1984,9,256,17.072700787836812
1984-09-13,1984,9,257,11.5324033236238
1984-09-14,1984,9,258,19.332903522656533
1984-09-15,1984,9,259,9.606997854401133
1984-09-16,1984,9,260,7.7183721053263215
1984-09-17,1984,9,261,8.547419712905102
1984-09-18,1984,9,262,27.61008185102272
1984-09-19,1984,9,263,16.24687728681622
1984-09-20,1984,9,264,17.442833059346874
1984-09-21,1984,9,265,6.043345159205394
1984-09-22,1984,9,266,0.2344036001166218
1984-09-23,1984,9,267,7.37948797253737
1984-09-24,1984,9,268,13.842579823635331
1984-09-25,1984,9,269,23.36053176894592
1984-09-26,1984,9,270,29.09571804424178
1984-09-27,1984,9,271,23.98771398335108
1984-09-28,1984,9,272,6.186425271459186
1984-09-29,1984,9,273,5.089467145381263
1984-09-30,1984,9,274,13.569655291014689
1984-10-01,1984,10,275,12.929275047196828
1984-10-02,1984,10,276,0.9811119215041018
1984-10-03,1984,10,277,0.8768322440223402
1984-10-04,1984,10,278,2.472666968008138
1984-10-05,1984,10,279,3.6092168837402654
1984-10-06,1984,10,280,0.0
1984-10-07,1984,10,281,0.5566471489250098
1984-10-08,1984,10,282,0.0
1984-10-09,1984,10,283,0.0
1984-10-10,1984,10,284,0.0
1984-10-11,1984,10,285,0.0
1984-10-12,1984,10,286,0.0
1984-10-13,1984,10,287,0.0
1984-10-14,1984,10,288,0.0
1984-10-15,1984,10,289,15.720567958213984
1984-10-16,1984,10,290,11.318910385363106
1984-10-17,1984,10,291,3.6963741464194
1984-10-18,1984,10,292,0.5040410482791517
1984-10-19,1984,10,293,0.0825401892903122
1984-10-20,1984,10,294,0.9210380755026524
1984-10-21,1984,10,295,0.0631899143143811
1984-10-22,1984,10,296,0.0
1984-10-23,1984,10,297,5.17442301030637
1984-10-24,1984,10,298,4.2736413289873445
1984-10-25,1984,10,299,1.45600154247668
1984-10-26,1984,10,300,0.0
1984-10-27,1984,10,301,0.0
1984-10-28,1984,10,302,6.556571922653643
1984-10-29,1984,10,303,24.554404000900917
1984-10-30,1984,10,304,9.338051523933476
1984-10-31,1984,10,305,2.7469639309267766
1984-11-01,1984,11,306,0.0
1984-11-02,1984,11,307,0.0
1984-11-03,1984,11,308,0.1707691235121438
1984-11-04,1984,11,309,13.147340258779748
1984-11-05,1984,11,310,0.4477349847631773
1984-11-06,1984,11,311,2.766414027287598
1984-11-07,1984,11,312,0.6473105125378215
1984-11-08,1984,11,313,0.0
1984-11-09,1984,11,314,0.0
1984-11-10,1984,11,315,0.0
1984-11-11,1984,11,316,0.0
1984-11-12,1984,11,317,0.0
1984-11-13,1984,11,318,0.0
1984-11-14,1984,11,319,0.0
1984-11-15,1984,11,320,0.0
1984-11-16,1984,11,321,0.0
1984-11-17,1984,11,322,0.0
1984-11-18,1984,11,323,0.0
1984-11-19,1984,11,324,0.0
1984-11-20,1984,11,325,0.8192079218412528
1984-11-21,1984,11,326,0.8514368407421881
1984-11-22,1984,11,327,4.636422776726444
1984-11-23,1984,11,328,0.0
1984-11-24,1984,11,329,5.824898892421444
1984-11-25,1984,11,330,0.0
1984-11-26,1984,11,331,0.0
1984-11-27,1984,11,332,0.0
1984-11-28,1984,11,333,0.0
1984-11-29,1984,11,334,0.0
1984-11-30,1984,11,335,0.0
1984-12-01,1984,12,336,0.0
1984-12-02,1984,12,337,0.0019564018764348
1984-12-03,1984,12,338,0.6016630614631281
1984-12-04,1984,12,339,0.0
1984-12-05,1984,12,340,3.878346750444088
1984-12-06,1984,12,341,3.4245399309716475
1984-12-07,1984,12,342,1.1808321922889815
1984-12-08,1984,12,343,0.0
1984-12-09,1984,12,344,0.0
1984-12-10,1984,12,345,0.0
1984-12-11,1984,12,346,0.0
1984-12-12,1984,12,347,0.0
1984-12-13,1984,12,348,0.0
1984-12-14,1984,12,349,0.0
1984-12-15,1984,12,350,0.0
1984-12-16,1984,12,351,0.0043391162448186
1984-12-17,1984,12,352,0.0
1984-12-18,1984,12,353,0.0
1984-12-19,1984,12,354,0.0
1984-12-20,1984,12,355,0.0
1984-12-21,1984,12,356,0.0
1984-12-22,1984,12,357,0.0
1984-12-23,1984,12,358,0.0
1984-12-24,1984,12,359,0.3787810477111313
1984-12-25,1984,12,360,0.0
1984-12-26,1984,12,361,0.0
1984-12-27,1984,12,362,0.0
1984-12-28,1984,12,363,0.0
1984-12-29,1984,12,364,2.455544689576036
1984-12-30,1984,12,365,0.0
1984-12-31,1984,12,366,0.0
1985-01-01,1985,1,1,0.0
1985-01-02,1985,1,2,0.0
1985-01-03,1985,1,3,0.0
1985-01-04,1985,1,4,0.0
1985-01-05,1985,1,5,1.0287132707536986
1985-01-06,1985,1,6,0.3394447350563304
1985-01-07,1985,1,7,0.0
1985-01-08,1985,1,8,0.0
1985-01-09,1985,1,9,0.0
1985-01-10,1985,1,10,0.0
1985-01-11,1985,1,11,0.0
1985-01-12,1985,1,12,0.0
1985-01-13,1985,1,13,0.4390159162988802
1985-01-14,1985,1,14,0.0
1985-01-15,1985,1,15,0.0
1985-01-16,1985,1,16,0.0
1985-01-17,1985,1,17,0.0
1985-01-18,1985,1,18,0.0
1985-01-19,1985,1,19,0.0
1985-01-20,1985,1,20,0.0
1985-01-21,1985,1,21,0.5365702425606146
1985-01-22,1985,1,22,0.0
1985-01-23,1985,1,23,0.3884677768979404
1985-01-24,1985,1,24,0.0
1985-01-25,1985,1,25,0.0
1985-01-26,1985,1,26,0.0
1985-01-27,1985,1,27,0.0
1985-01-28,1985,1,28,0.0
1985-01-29,1985,1,29,0.0
1985-01-30,1985,1,30,0.0
1985-01-31,1985,1,31,1.5690361748113526
1985-02-01,1985,2,32,0.0
1985-02-02,1985,2,33,0.0
1985-02-03,1985,2,34,0.0
1985-02-04,1985,2,35,0.0
1985-02-05,1985,2,36,0.0
1985-02-06,1985,2,37,0.0
1985-02-07,1985,2,38,0.0
1985-02-08,1985,2,39,0.0
1985-02-09,1985,2,40,0.0
1985-02-10,1985,2,41,0.0
1985-02-11,1985,2,42,0.0
1985-02-12,1985,2,43,0.1853972744921281
1985-02-13,1985,2,44,0.0
1985-02-14,1985,2,45,0.0127330582266499
1985-02-15,1985,2,46,0.120598703903731
1985-02-16,1985,2,47,0.0
1985-02-17,1985,2,48,0.0
1985-02-18,1985,2,49,0.0
1985-02-19,1985,2,50,0.446497638509533
1985-02-20,1985,2,51,0.9088022791123738
1985-02-21,1985,2,52,0.0
1985-02-22,1985,2,53,0.0
1985-02-23,1985,2,54,0.4643674584260432
1985-02-24,1985,2,55,0.99001204589543
1985-02-25,1985,2,56,8.957697732589544
1985-02-26,1985,2,57,0.0
1985-02-27,1985,2,58,0.0
1985-02-28,1985,2,59,0.0
1985-03-01,1985,3,60,0.0
1985-03-02,1985,3,61,0.0
1985-03-03,1985,3,62,0.0
1985-03-04,1985,3,63,0.0
1985-03-05,1985,3,64,0.0
1985-03-06,1985,3,65,0.0
1985-03-07,1985,3,66,0.0
1985-03-08,1985,3,67,0.0
1985-03-09,1985,3,68,0.0
1985-03-10,1985,3,69,0.0
1985-03-11,1985,3,70,0.0
1985-03-12,1985,3,71,1.8903629991266604
1985-03-13,1985,3,72,13.298680900812352
1985-03-14,1985,3,73,0.0
1985-03-15,1985,3,74,0.0
1985-03-16,1985,3,75,0.0
1985-03-17,1985,3,76,0.0
1985-03-18,1985,3,77,0.0
1985-03-19,1985,3,78,0.0
1985-03-20,1985,3,79,0.0
1985-03-21,1985,3,80,0.0
1985-03-22,1985,3,81,4.384932293887822
1985-03-23,1985,3,82,0.0
1985-03-24,1985,3,83,0.0
1985-03-25,1985,3,84,0.0
1985-03-26,1985,3,85,0.0
1985-03-27,1985,3,86,0.0
1985-03-28,1985,3,87,0.0
1985-03-29,1985,3,88,0.0
1985-03-30,1985,3,89,0.0
1985-03-31,1985,3,90,10.712457867391922
1985-04-01,1985,4,91,0.0
1985-04-02,1985,4,92,0.0
1985-04-03,1985,4,93,0.0
1985-04-04,1985,4,94,0.0
1985-04-05,1985,4,95,0.0
1985-04-06,1985,4,96,0.0
1985-04-07,1985,4,97,0.0
1985-04-08,1985,4,98,0.0
1985-04-09,1985,4,99,0.0
1985-04-10,1985,4,100,0.0
1985-04-11,1985,4,101,0.0
1985-04-12,1985,4,102,0.0
1985-04-13,1985,4,103,0.0
1985-04-14,1985,4,104,0.0
1985-04-15,1985,4,105,0.0
1985-04-16,1985,4,106,2.373889520055684
1985-04-17,1985,4,107,1.1440756364494895
1985-04-18,1985,4,108,1.5235447571920149
1985-04-19,1985,4,109,1.265309541657784
1985-04-20,1985,4,110,6.012363477966779
1985-04-21,1985,4,111,2.543105774068281
1985-04-22,1985,4,112,2.8096818377957358
1985-04-23,1985,4,113,3.23639938952888
1985-04-24,1985,4,114,2.2891592372531244
1985-04-25,1985,4,115,0.2179182597149511
1985-04-26,1985,4,116,0.0567253301975149
1985-04-27,1985,4,117,0.0
1985-04-28,1985,4,118,5.165739013123125
1985-04-29,1985,4,119,9.556225875553762
1985-04-30,1985,4,120,16.580340463888373
1985-05-01,1985,5,121,8.45098163847649
1985-05-02,1985,5,122,8.256103978722953
1985-05-03,1985,5,123,0.1426304091524649
1985-05-04,1985,5,124,1.2461288733776552
1985-05-05,1985,5,125,0.2435400456368872
1985-05-06,1985,5,126,1.3592020621030068
1985-05-07,1985,5,127,11.235343981013918
1985-05-08,1985,5,128,3.282057963126525
1985-05-09,1985,5,129,0.0
1985-05-10,1985,5,130,6.351195633360334
1985-05-11,1985,5,131,0.0434282231044851
1985-05-12,1985,5,132,0.7264214084510019
1985-05-13,1985,5,133,1.5535607047845077
1985-05-14,1985,5,134,0.0
1985-05-15,1985,5,135,0.0
1985-05-16,1985,5,136,1.0490429395268692
1985-05-17,1985,5,137,4.336706096378268
1985-05-18,1985,5,138,9.064306669441573
1985-05-19,1985,5,139,0.0
1985-05-20,1985,5,140,7.762626974216975
1985-05-21,1985,5,141,5.597365814646596
1985-05-22,1985,5,142,8.157369735614807
1985-05-23,1985,5,143,4.762914635221879
1985-05-24,1985,5,144,4.530359148468437
1985-05-25,1985,5,145,9.039885121119156
1985-05-26,1985,5,146,15.922387258354783
1985-05-27,1985,5,147,12.799650868392952
1985-05-28,1985,5,148,10.89228898159132
1985-05-29,1985,5,149,11.278653713813071
1985-05-30,1985,5,150,11.69706168732484
1985-05-31,1985,5,151,8.684548768102356
1985-06-01,1985,6,152,31.519881160624944
1985-06-02,1985,6,153,18.331040717233627
1985-06-03,1985,6,154,11.385613258311968
1985-06-04,1985,6,155,1.1563116936164732
1985-06-05,1985,6,156,6.887708910326722
1985-06-06,1985,6,157,1.2914991509536442
1985-06-07,1985,6,158,12.88812660353758
1985-06-08,1985,6,159,8.343745996222705
1985-06-09,1985,6,160,6.706123291067109
1985-06-10,1985,6,161,9.544725827100242
1985-06-11,1985,6,162,15.725874744119457
1985-06-12,1985,6,163,5.2389996891463015
1985-06-13,1985,6,164,19.01322663739489
1985-06-14,1985,6,165,18.506092739697696
1985-06-15,1985,6,166,12.567296069303742
1985-06-16,1985,6,167,0.4285460099667285
1985-06-17,1985,6,168,10.026644245211449
1985-06-18,1985,6,169,4.427679536888103
1985-06-19,1985,6,170,0.276964006816207
1985-06-20,1985,6,171,10.11427058086706
1985-06-21,1985,6,172,6.028825487453098
1985-06-22,1985,6,173,0.0
1985-06-23,1985,6,174,0.0
1985-06-24,1985,6,175,12.155898435563234
1985-06-25,1985,6,176,9.421507373771403
1985-06-26,1985,6,177,14.694720925892533
1985-06-27,1985,6,178,12.53995933017878
1985-06-28,1985,6,179,22.20937505193317
1985-06-29,1985,6,180,17.00379304734682
1985-06-30,1985,6,181,10.138771013408622
1985-07-01,1985,7,182,22.736835556144687
1985-07-02,1985,7,183,0.294143338640633
1985-07-03,1985,7,184,1.490149588593072
1985-07-04,1985,7,185,2.3317056733926544
1985-07-05,1985,7,186,4.068629837996345
1985-07-06,1985,7,187,10.81110929002492
1985-07-07,1985,7,188,9.597923331824552
1985-07-08,1985,7,189,0.1895933070546455
1985-07-09,1985,7,190,0.0
1985-07-10,1985,7,191,0.0
1985-07-11,1985,7,192,6.665186004242329
1985-07-12,1985,7,193,19.54894539854316
1985-07-13,1985,7,194,6.263243647242779
1985-07-14,1985,7,195,0.0628789200574389
1985-07-15,1985,7,196,5.675870814891381
1985-07-16,1985,7,197,8.075580436548005
1985-07-17,1985,7,198,7.49797881354403
1985-07-18,1985,7,199,6.507420026653326
1985-07-19,1985,7,200,0.7422699813875462
1985-07-20,1985,7,201,3.0717207092245933
1985-07-21,1985,7,202,4.438163929855916
1985-07-22,1985,7,203,7.523455851897277
1985-07-23,1985,7,204,26.869899298047653
1985-07-24,1985,7,205,5.01197347021961
1985-07-25,1985,7,206,0.0
1985-07-26,1985,7,207,2.5813199031169125
1985-07-27,1985,7,208,2.334833303934096
1985-07-28,1985,7,209,8.186184236404728
1985-07-29,1985,7,210,18.22416930823829
1985-07-30,1985,7,211,19.28641251038565
1985-07-31,1985,7,212,6.229744634673242
1985-08-01,1985,8,213,10.922820004624183
1985-08-02,1985,8,214,4.503731240445768
1985-08-03,1985,8,215,11.603748049200757
1985-08-04,1985,8,216,6.246363642385298
1985-08-05,1985,8,217,8.17988427990813
1985-08-06,1985,8,218,9.245271651379143
1985-08-07,1985,8,219,0.9307363524637168
1985-08-08,1985,8,220,0.0
1985-08-09,1985,8,221,5.172193841742161
1985-08-10,1985,8,222,3.764091748198384
1985-08-11,1985,8,223,7.853646262548067
1985-08-12,1985,8,224,1.4258770231722562
1985-08-13,1985,8,225,10.531430454568774
1985-08-14,1985,8,226,18.55041100167778
1985-08-15,1985,8,227,6.605027940401994
1985-08-16,1985,8,228,3.86517092143764
1985-08-17,1985,8,229,0.0
1985-08-18,1985,8,230,0.0250906484598978
1985-08-19,1985,8,231,0.0
1985-08-20,1985,8,232,10.11586499561483
1985-08-21,1985,8,233,0.0
1985-08-22,1985,8,234,1.809450901565944
1985-08-23,1985,8,235,0.0
1985-08-24,1985,8,236,23.82207211839305
1985-08-25,1985,8,237,6.9713040215395
1985-08-26,1985,8,238,23.76767679433488
1985-08-27,1985,8,239,9.097481994212131
1985-08-28,1985,8,240,6.197790555087747
1985-08-29,1985,8,241,8.806538142704413
1985-08-30,1985,8,242,8.2350983024665
1985-08-31,1985,8,243,15.872033931500097
1985-09-01,1985,9,244,0.0
1985-09-02,1985,9,245,0.0
1985-09-03,1985,9,246,4.70196936987564
1985-09-04,1985,9,247,0.0019902962338955
1985-09-05,1985,9,248,12.514050732950114
1985-09-06,1985,9,249,1.0813823401059672
1985-09-07,1985,9,250,0.0
1985-09-08,1985,9,251,0.0
1985-09-09,1985,9,252,15.880956627000778
1985-09-10,1985,9,253,6.784870667751775
1985-09-11,1985,9,254,6.169836901658198
1985-09-12,1985,9,255,8.313485363250937
1985-09-13,1985,9,256,15.387573535154289
1985-09-14,1985,9,257,5.037766308384057
1985-09-15,1985,9,258,9.91993813077507
1985-09-16,1985,9,259,13.912879590407943
1985-09-17,1985,9,260,6.080894176226554
1985-09-18,1985,9,261,9.94121634796734
1985-09-19,1985,9,262,26.35340444961979
1985-09-20,1985,9,263,8.146576768021964
1985-09-21,1985,9,264,5.679588885009034
1985-09-22,1985,9,265,29.06286333724793
1985-09-23,1985,9,266,23.06737702834678
1985-09-24,1985,9,267,14.60111907821695
1985-09-25,1985,9,268,16.222999275292512
1985-09-26,1985,9,269,12.001519828140992
1985-09-27,1985,9,270,23.651017272176148
1985-09-28,1985,9,271,0.0
1985-09-29,1985,9,272,0.0
1985-09-30,1985,9,273,2.268527406244678
1985-10-01,1985,10,274,12.089792313132412
1985-10-02,1985,10,275,11.18098921263024
1985-10-03,1985,10,276,1.905605114926205
1985-10-04,1985,10,277,0.0095558649163626
1985-10-05,1985,10,278,5.935348947996142
1985-10-06,1985,10,279,4.580809473276343
1985-10-07,1985,10,280,0.0
1985-10-08,1985,10,281,1.0328450969068437
1985-10-09,1985,10,282,0.0
1985-10-10,1985,10,283,14.129706529132706
1985-10-11,1985,10,284,2.967620337734697
1985-10-12,1985,10,285,6.370248437029947
1985-10-13,1985,10,286,8.56562888601854
1985-10-14,1985,10,287,10.24294997344389
1985-10-15,1985,10,288,0.9333026811620978
1985-10-16,1985,10,289,0.0030089074357922
1985-10-17,1985,10,290,14.19940565535424
1985-10-18,1985,10,291,0.1722040104886458
1985-10-19,1985,10,292,0.0
1985-10-20,1985,10,293,0.0178964582384398
1985-10-21,1985,10,294,2.1182027626160176
1985-10-22,1985,10,295,1.9209828499350268
1985-10-23,1985,10,296,0.0
1985-10-24,1985,10,297,16.700776156749907
1985-10-25,1985,10,298,22.911576034477253
1985-10-26,1985,10,299,6.790686544947065
1985-10-27,1985,10,300,20.620321306083174
1985-10-28,1985,10,301,0.1251705164774524
1985-10-29,1985,10,302,2.2404129462254385
1985-10-30,1985,10,303,2.045998109847742
1985-10-31,1985,10,304,24.825667578640815
1985-11-01,1985,11,305,0.2527736578625088
1985-11-02,1985,11,306,42.01958416870953
1985-11-03,1985,11,307,0.0
1985-11-04,1985,11,308,0.0
1985-11-05,1985,11,309,0.0
1985-11-06,1985,11,310,7.698810187178793
1985-11-07,1985,11,311,1.9772152368493232
1985-11-08,1985,11,312,0.0
1985-11-09,1985,11,313,0.0
1985-11-10,1985,11,314,0.0
1985-11-11,1985,11,315,0.0
1985-11-12,1985,11,316,0.0
1985-11-13,1985,11,317,0.0
1985-11-14,1985,11,318,0.0
1985-11-15,1985,11,319,0.0
1985-11-16,1985,11,320,0.0
1985-11-17,1985,11,321,0.0
1985-11-18,1985,11,322,0.0
1985-11-19,1985,11,323,0.0
1985-11-20,1985,11,324,1.07655685174741
1985-11-21,1985,11,325,0.0
1985-11-22,1985,11,326,0.0
1985-11-23,1985,11,327,0.0046914294936663
1985-11-24,1985,11,328,0.0
1985-11-25,1985,11,329,5.0129232056241
1985-11-26,1985,11,330,0.0
1985-11-27,1985,11,331,8.843828668477908
1985-11-28,1985,11,332,4.946494072956618
1985-11-29,1985,11,333,7.609052138136509
1985-11-30,1985,11,334,0.0
1985-12-01,1985,12,335,2.73054566971747
1985-12-02,1985,12,336,2.861226688824664
1985-12-03,1985,12,337,0.2849726576833717
1985-12-04,1985,12,338,0.429482006832587
1985-12-05,1985,12,339,0.429482006832587
1985-12-06,1985,12,340,0.0
1985-12-07,1985,12,341,0.0
1985-12-08,1985,12,342,0.0
1985-12-09,1985,12,343,0.0
1985-12-10,1985,12,344,0.0031377748229509
1985-12-11,1985,12,345,0.5982038677504866
1985-12-12,1985,12,346,6.794131479716852
1985-12-13,1985,12,347,0.0
1985-12-14,1985,12,348,1.8991795031556535
1985-12-15,1985,12,349,0.0
1985-12-16,1985,12,350,0.0
1985-12-17,1985,12,351,0.0
1985-12-18,1985,12,352,0.0
1985-12-19,1985,12,353,0.0
1985-12-20,1985,12,354,0.0
1985-12-21,1985,12,355,0.0
1985-12-22,1985,12,356,0.0
1985-12-23,1985,12,357,0.0
1985-12-24,1985,12,358,0.0
1985-12-25,1985,12,359,0.0
1985-12-26,1985,12,360,0.0
1985-12-27,1985,12,361,0.0
1985-12-28,1985,12,362,0.0
1985-12-29,1985,12,363,0.0
1985-12-30,1985,12,364,0.0
1985-12-31,1985,12,365,0.0
1986-01-01,1986,1,1,0.0
1986-01-02,1986,1,2,0.0
1986-01-03,1986,1,3,0.0
1986-01-04,1986,1,4,0.0
1986-01-05,1986,1,5,0.0
1986-01-06,1986,1,6,0.0
1986-01-07,1986,1,7,0.0
1986-01-08,1986,1,8,0.0
1986-01-09,1986,1,9,0.4475843704145181
1986-01-10,1986,1,10,0.0
1986-01-11,1986,1,11,0.9384043126302392
1986-01-12,1986,1,12,0.0
1986-01-13,1986,1,13,0.0
1986-01-14,1986,1,14,0.0
1986-01-15,1986,1,15,0.0
1986-01-16,1986,1,16,0.0
1986-01-17,1986,1,17,0.0
1986-01-18,1986,1,18,0.0
1986-01-19,1986,1,19,0.0
1986-01-20,1986,1,20,0.3526714625477076
1986-01-21,1986,1,21,0.0
1986-01-22,1986,1,22,0.0
1986-01-23,1986,1,23,0.0
1986-01-24,1986,1,24,0.0236615652494585
1986-01-25,1986,1,25,0.0023129749420675
1986-01-26,1986,1,26,2.344129560130625
1986-01-27,1986,1,27,0.0
1986-01-28,1986,1,28,0.0
1986-01-29,1986,1,29,0.0
1986-01-30,1986,1,30,0.0
1986-01-31,1986,1,31,0.0
1986-02-01,1986,2,32,0.0
1986-02-02,1986,2,33,0.0
1986-02-03,1986,2,34,0.0
1986-02-04,1986,2,35,2.0032644800477897
1986-02-05,1986,2,36,0.0
1986-02-06,1986,2,37,0.0
1986-02-07,1986,2,38,0.0
1986-02-08,1986,2,39,1.329782018624725
1986-02-09,1986,2,40,0.0
1986-02-10,1986,2,41,0.0
1986-02-11,1986,2,42,0.0
1986-02-12,1986,2,43,0.0
1986-02-13,1986,2,44,1.436901964176999
1986-02-14,1986,2,45,0.0
1986-02-15,1986,2,46,0.2396438238246888
1986-02-16,1986,2,47,0.0
1986-02-17,1986,2,48,0.0
1986-02-18,1986,2,49,0.0
1986-02-19,1986,2,50,0.0
1986-02-20,1986,2,51,0.0
1986-02-21,1986,2,52,0.0
1986-02-22,1986,2,53,0.0
1986-02-23,1986,2,54,0.0
1986-02-24,1986,2,55,2.822725137738765
1986-02-25,1986,2,56,1.0568367409317947
1986-02-26,1986,2,57,0.0201854575058284
1986-02-27,1986,2,58,0.0
1986-02-28,1986,2,59,0.0
1986-03-01,1986,3,60,4.277804665210008
1986-03-02,1986,3,61,0.0
1986-03-03,1986,3,62,0.0
1986-03-04,1986,3,63,0.0
1986-03-05,1986,3,64,0.0
1986-03-06,1986,3,65,0.0
1986-03-07,1986,3,66,0.0
1986-03-08,1986,3,67,0.0
1986-03-09,1986,3,68,0.0
1986-03-10,1986,3,69,0.0
1986-03-11,1986,3,70,0.0
1986-03-12,1986,3,71,0.0
1986-03-13,1986,3,72,0.0
1986-03-14,1986,3,73,0.0
1986-03-15,1986,3,74,0.0
1986-03-16,1986,3,75,0.0
1986-03-17,1986,3,76,0.0
1986-03-18,1986,3,77,0.0
1986-03-19,1986,3,78,0.0
1986-03-20,1986,3,79,0.6992113758788318
1986-03-21,1986,3,80,5.993951951221411
1986-03-22,1986,3,81,0.0438632556487069
1986-03-23,1986,3,82,0.899876149066412
1986-03-24,1986,3,83,0.899876149066412
1986-03-25,1986,3,84,0.899876149066412
1986-03-26,1986,3,85,1.954113884266361
1986-03-27,1986,3,86,0.0
1986-03-28,1986,3,87,0.0084214179354441
1986-03-29,1986,3,88,0.0
1986-03-30,1986,3,89,0.0
1986-03-31,1986,3,90,0.0
1986-04-01,1986,4,91,0.0
1986-04-02,1986,4,92,0.0
1986-04-03,1986,4,93,0.0
1986-04-04,1986,4,94,0.0
1986-04-05,1986,4,95,0.0
1986-04-06,1986,4,96,0.0
1986-04-07,1986,4,97,0.0
1986-04-08,1986,4,98,0.0
1986-04-09,1986,4,99,0.0
1986-04-10,1986,4,100,0.0
1986-04-11,1986,4,101,0.0
1986-04-12,1986,4,102,0.0
1986-04-13,1986,4,103,0.0
1986-04-14,1986,4,104,0.0
1986-04-15,1986,4,105,0.0
1986-04-16,1986,4,106,0.0
1986-04-17,1986,4,107,0.0
1986-04-18,1986,4,108,0.0
1986-04-19,1986,4,109,0.0
1986-04-20,1986,4,110,0.0
1986-04-21,1986,4,111,4.625992496093319
1986-04-22,1986,4,112,1.2605359490957646
1986-04-23,1986,4,113,6.70531114039507
1986-04-24,1986,4,114,0.0
1986-04-25,1986,4,115,0.0
1986-04-26,1986,4,116,6.538981237468704
1986-04-27,1986,4,117,0.0347201641339365
1986-04-28,1986,4,118,8.720100952502287
1986-04-29,1986,4,119,0.0
1986-04-30,1986,4,120,0.0064445681927443
1986-05-01,1986,5,121,1.7153542125541732
1986-05-02,1986,5,122,5.382663139647262
1986-05-03,1986,5,123,16.031331830486437
1986-05-04,1986,5,124,13.322232268259068
1986-05-05,1986,5,125,0.0
1986-05-06,1986,5,126,0.6601674491356047
1986-05-07,1986,5,127,0.0
1986-05-08,1986,5,128,0.0
1986-05-09,1986,5,129,0.356197952662356
1986-05-10,1986,5,130,3.123570501804352
1986-05-11,1986,5,131,0.0
1986-05-12,1986,5,132,0.0
1986-05-13,1986,5,133,0.0
1986-05-14,1986,5,134,4.972157508466831
1986-05-15,1986,5,135,6.402965307542169
1986-05-16,1986,5,136,9.356002166420348
1986-05-17,1986,5,137,0.1580146493928087
1986-05-18,1986,5,138,8.312573485274342
1986-05-19,1986,5,139,7.185579151604659
1986-05-20,1986,5,140,10.264521942449209
1986-05-21,1986,5,141,6.356902006659227
1986-05-22,1986,5,142,0.0
1986-05-23,1986,5,143,31.73261970031333
1986-05-24,1986,5,144,9.245548809299944
1986-05-25,1986,5,145,12.93104684955561
1986-05-26,1986,5,146,7.343605493620716
1986-05-27,1986,5,147,5.110517722935173
1986-05-28,1986,5,148,17.95215357238652
1986-05-29,1986,5,149,31.596665945028587
1986-05-30,1986,5,150,10.450672000723204
1986-05-31,1986,5,151,3.1293305936488927
1986-06-01,1986,6,152,6.402260636200535
1986-06-02,1986,6,153,14.333595532071618
1986-06-03,1986,6,154,4.50162144971895
1986-06-04,1986,6,155,10.593973790056806
1986-06-05,1986,6,156,6.979893768201451
1986-06-06,1986,6,157,22.983929228966527
1986-06-07,1986,6,158,1.7905995353430688
1986-06-08,1986,6,159,9.522715697864642
1986-06-09,1986,6,160,0.5440809115856861
1986-06-10,1986,6,161,22.359498618092413
1986-06-11,1986,6,162,0.0
1986-06-12,1986,6,163,5.747511468182903
1986-06-13,1986,6,164,9.531235709697036
1986-06-14,1986,6,165,5.721540061959673
1986-06-15,1986,6,166,1.7380515284893754
1986-06-16,1986,6,167,0.0
1986-06-17,1986,6,168,8.545104643781675
1986-06-18,1986,6,169,0.0
1986-06-19,1986,6,170,0.9104000983732627
1986-06-20,1986,6,171,5.935374333088277
1986-06-21,1986,6,172,0.5847955870648788
1986-06-22,1986,6,173,0.545345067365004
1986-06-23,1986,6,174,22.15194517706027
1986-06-24,1986,6,175,0.6704834465196017
1986-06-25,1986,6,176,0.8246175198853272
1986-06-26,1986,6,177,6.56888514312803
1986-06-27,1986,6,178,25.086433826600164
1986-06-28,1986,6,179,1.970567912501766
1986-06-29,1986,6,180,8.053268318924008
1986-06-30,1986,6,181,4.896298784829657
1986-07-01,1986,7,182,17.04415174641973
1986-07-02,1986,7,183,27.850877422293536
1986-07-03,1986,7,184,0.0
1986-07-04,1986,7,185,0.0
1986-07-05,1986,7,186,4.864915620391962
1986-07-06,1986,7,187,9.816878061981006
1986-07-07,1986,7,188,0.0
1986-07-08,1986,7,189,0.0
1986-07-09,1986,7,190,8.570862744236564
1986-07-10,1986,7,191,9.566894497336133
1986-07-11,1986,7,192,0.0
1986-07-12,1986,7,193,8.101912805026886
1986-07-13,1986,7,194,4.7586914419412825
1986-07-14,1986,7,195,13.7786531559708
1986-07-15,1986,7,196,0.0837462363124608
1986-07-16,1986,7,197,2.420594089288638
1986-07-17,1986,7,198,3.939234407262712
1986-07-18,1986,7,199,4.305268971988454
1986-07-19,1986,7,200,2.3195590474407397
1986-07-20,1986,7,201,1.1858767667640044
1986-07-21,1986,7,202,4.234886739176364
1986-07-22,1986,7,203,0.0565805962275723
1986-07-23,1986,7,204,9.155664770135331
1986-07-24,1986,7,205,12.560989044115091
1986-07-25,1986,7,206,0.0
1986-07-26,1986,7,207,0.0
1986-07-27,1986,7,208,5.603156238922014
1986-07-28,1986,7,209,4.363076550999359
1986-07-29,1986,7,210,4.403738843342538
1986-07-30,1986,7,211,0.0
1986-07-31,1986,7,212,5.684327287457392
1986-08-01,1986,8,213,0.037529254123096
1986-08-02,1986,8,214,0.0
1986-08-03,1986,8,215,1.2654757155959384
1986-08-04,1986,8,216,3.905070014457573
1986-08-05,1986,8,217,3.909597082738706
1986-08-06,1986,8,218,0.0
1986-08-07,1986,8,219,3.785553281288833
1986-08-08,1986,8,220,0.0393051765571829
1986-08-09,1986,8,221,7.345087411062476
1986-08-10,1986,8,222,3.614359544655556
1986-08-11,1986,8,223,2.212320926767593
1986-08-12,1986,8,224,30.493446356635275
1986-08-13,1986,8,225,9.368405046172908
1986-08-14,1986,8,226,0.1025159741020039
1986-08-15,1986,8,227,0.0135756376572112
1986-08-16,1986,8,228,8.02072421382816
1986-08-17,1986,8,229,14.65230725683917
1986-08-18,1986,8,230,1.633351297284562
1986-08-19,1986,8,231,0.0809744203203032
1986-08-20,1986,8,232,2.362032562621966
1986-08-21,1986,8,233,15.29198542433921
1986-08-22,1986,8,234,5.902167296348317
1986-08-23,1986,8,235,23.225301921112276
1986-08-24,1986,8,236,4.137085924724687
1986-08-25,1986,8,237,0.0930560928383952
1986-08-26,1986,8,238,8.718191542171878
1986-08-27,1986,8,239,10.045954035200822
1986-08-28,1986,8,240,0.0
1986-08-29,1986,8,241,0.0
1986-08-30,1986,8,242,0.0
1986-08-31,1986,8,243,0.0
1986-09-01,1986,9,244,10.347809553044211
1986-09-02,1986,9,245,0.030033535291317
1986-09-03,1986,9,246,10.035744741214272
1986-09-04,1986,9,247,13.29866193397084
1986-09-05,1986,9,248,17.444124945433813
1986-09-06,1986,9,249,12.74704169256624
1986-09-07,1986,9,250,8.976473212242126
1986-09-08,1986,9,251,0.0
1986-09-09,1986,9,252,0.0
1986-09-10,1986,9,253,2.6706336349019053
1986-09-11,1986,9,254,18.12381325405484
1986-09-12,1986,9,255,0.0
1986-09-13,1986,9,256,11.6046702912861
1986-09-14,1986,9,257,4.201992424717294
1986-09-15,1986,9,258,0.0
1986-09-16,1986,9,259,0.0
1986-09-17,1986,9,260,5.286246191055835
1986-09-18,1986,9,261,16.074480596524378
1986-09-19,1986,9,262,11.83497963323487
1986-09-20,1986,9,263,0.0
1986-09-21,1986,9,264,0.0
1986-09-22,1986,9,265,0.0
1986-09-23,1986,9,266,4.4252080865261805
1986-09-24,1986,9,267,10.561676827065437
1986-09-25,1986,9,268,7.260856192338744
1986-09-26,1986,9,269,0.0
1986-09-27,1986,9,270,21.37733293151692
1986-09-28,1986,9,271,17.490998007235817
1986-09-29,1986,9,272,11.650725119933169
1986-09-30,1986,9,273,20.090239640475342
1986-10-01,1986,10,274,5.71805304937518
1986-10-02,1986,10,275,25.17804916556717
1986-10-03,1986,10,276,11.19890310790872
1986-10-04,1986,10,277,4.13732142742618
1986-10-05,1986,10,278,14.581036302097456
1986-10-06,1986,10,279,7.579891771869774
1986-10-07,1986,10,280,2.167874663736234
1986-10-08,1986,10,281,0.0
1986-10-09,1986,10,282,0.0
1986-10-10,1986,10,283,0.007819823250366
1986-10-11,1986,10,284,0.0
1986-10-12,1986,10,285,0.0
1986-10-13,1986,10,286,0.1767578510106274
1986-10-14,1986,10,287,10.98196750291924
1986-10-15,1986,10,288,0.9492485314837456
1986-10-16,1986,10,289,0.3260967570078505
1986-10-17,1986,10,290,0.0
1986-10-18,1986,10,291,0.6874531872168299
1986-10-19,1986,10,292,0.0285632924943677
1986-10-20,1986,10,293,0.0
1986-10-21,1986,10,294,0.0
1986-10-22,1986,10,295,1.3261449003995949
1986-10-23,1986,10,296,2.148917256917521
1986-10-24,1986,10,297,9.155794903163534
1986-10-25,1986,10,298,20.12174677807956
1986-10-26,1986,10,299,21.696975326578954
1986-10-27,1986,10,300,11.42205993130152
1986-10-28,1986,10,301,5.391662077405253
1986-10-29,1986,10,302,10.045744570382356
1986-10-30,1986,10,303,3.5456273521024544
1986-10-31,1986,10,304,0.0
1986-11-01,1986,11,305,12.051664192654073
1986-11-02,1986,11,306,16.555997576076148
1986-11-03,1986,11,307,0.0
1986-11-04,1986,11,308,0.0
1986-11-05,1986,11,309,0.0
1986-11-06,1986,11,310,0.0
1986-11-07,1986,11,311,0.0
1986-11-08,1986,11,312,0.0
1986-11-09,1986,11,313,0.0
1986-11-10,1986,11,314,0.8928090777270491
1986-11-11,1986,11,315,0.2676044990593486
1986-11-12,1986,11,316,4.036512880112845
1986-11-13,1986,11,317,9.448798048874202
1986-11-14,1986,11,318,0.0
1986-11-15,1986,11,319,0.0
1986-11-16,1986,11,320,0.0
1986-11-17,1986,11,321,0.0
1986-11-18,1986,11,322,0.0
1986-11-19,1986,11,323,0.0
1986-11-20,1986,11,324,0.2631640457248933
1986-11-21,1986,11,325,0.0
1986-11-22,1986,11,326,0.0
1986-11-23,1986,11,327,7.242018529668056
1986-11-24,1986,11,328,3.3123458719396552
1986-11-25,1986,11,329,0.0
1986-11-26,1986,11,330,0.0
1986-11-27,1986,11,331,0.0
1986-11-28,1986,11,332,0.0
1986-11-29,1986,11,333,0.0
1986-11-30,1986,11,334,2.6427192320247546
1986-12-01,1986,12,335,0.0
1986-12-02,1986,12,336,0.6436718743687116
1986-12-03,1986,12,337,0.2545248872721001
1986-12-04,1986,12,338,0.0
1986-12-05,1986,12,339,1.0394506017264895
1986-12-06,1986,12,340,0.0
1986-12-07,1986,12,341,0.0
1986-12-08,1986,12,342,0.0
1986-12-09,1986,12,343,1.4246158563590194
1986-12-10,1986,12,344,5.5621390569485865
1986-12-11,1986,12,345,1.6423797601292862
1986-12-12,1986,12,346,0.0
1986-12-13,1986,12,347,0.0
1986-12-14,1986,12,348,0.0
1986-12-15,1986,12,349,0.0
1986-12-16,1986,12,350,0.0
1986-12-17,1986,12,351,0.0
1986-12-18,1986,12,352,0.0
1986-12-19,1986,12,353,0.0
1986-12-20,1986,12,354,0.0
1986-12-21,1986,12,355,0.0
1986-12-22,1986,12,356,0.0
1986-12-23,1986,12,357,0.0
1986-12-24,1986,12,358,0.0
1986-12-25,1986,12,359,0.0
1986-12-26,1986,12,360,0.0
1986-12-27,1986,12,361,0.0
1986-12-28,1986,12,362,0.0
1986-12-29,1986,12,363,0.0
1986-12-30,1986,12,364,0.0
1986-12-31,1986,12,365,0.0
1987-01-01,1987,1,1,1.0177349080974052
1987-01-02,1987,1,2,0.0
1987-01-03,1987,1,3,0.0
1987-01-04,1987,1,4,0.4627213986796402
1987-01-05,1987,1,5,0.4627213986796402
1987-01-06,1987,1,6,0.0
1987-01-07,1987,1,7,0.0
1987-01-08,1987,1,8,0.0
1987-01-09,1987,1,9,0.0
1987-01-10,1987,1,10,0.0
1987-01-11,1987,1,11,0.0
1987-01-12,1987,1,12,0.0
1987-01-13,1987,1,13,0.0
1987-01-14,1987,1,14,0.3390757919583652
1987-01-15,1987,1,15,0.0
1987-01-16,1987,1,16,0.0
1987-01-17,1987,1,17,0.0
1987-01-18,1987,1,18,0.0
1987-01-19,1987,1,19,0.0
1987-01-20,1987,1,20,0.0
1987-01-21,1987,1,21,0.0
1987-01-22,1987,1,22,0.0
1987-01-23,1987,1,23,0.0
1987-01-24,1987,1,24,0.0
1987-01-25,1987,1,25,0.0
1987-01-26,1987,1,26,0.0045000597668593
1987-01-27,1987,1,27,0.5976019130880852
1987-01-28,1987,1,28,0.0
1987-01-29,1987,1,29,0.0
1987-01-30,1987,1,30,0.0
1987-01-31,1987,1,31,1.357370494519326
1987-02-01,1987,2,32,0.0
1987-02-02,1987,2,33,0.2913483813111355
1987-02-03,1987,2,34,0.4071353692832725
1987-02-04,1987,2,35,0.0
1987-02-05,1987,2,36,0.0
1987-02-06,1987,2,37,3.834489936898076
1987-02-07,1987,2,38,3.588913476150468
1987-02-08,1987,2,39,0.0
1987-02-09,1987,2,40,0.0
1987-02-10,1987,2,41,0.0
1987-02-11,1987,2,42,0.0
1987-02-12,1987,2,43,0.0
1987-02-13,1987,2,44,0.0
1987-02-14,1987,2,45,0.0
1987-02-15,1987,2,46,0.0
1987-02-16,1987,2,47,0.0
1987-02-17,1987,2,48,0.0
1987-02-18,1987,2,49,0.0
1987-02-19,1987,2,50,0.1761197458502566
1987-02-20,1987,2,51,1.8005808462111894
1987-02-21,1987,2,52,0.2032465913301875
1987-02-22,1987,2,53,0.0
1987-02-23,1987,2,54,0.0
1987-02-24,1987,2,55,0.0
1987-02-25,1987,2,56,0.0
1987-02-26,1987,2,57,0.0
1987-02-27,1987,2,58,0.0
1987-02-28,1987,2,59,0.0
1987-03-01,1987,3,60,0.0
1987-03-02,1987,3,61,22.894725838990524
1987-03-03,1987,3,62,0.0
1987-03-04,1987,3,63,0.4407749715378474
1987-03-05,1987,3,64,0.0
1987-03-06,1987,3,65,0.0
1987-03-07,1987,3,66,0.0
1987-03-08,1987,3,67,0.0
1987-03-09,1987,3,68,0.0
1987-03-10,1987,3,69,0.0
1987-03-11,1987,3,70,0.0
1987-03-12,1987,3,71,44.20186061949024
1987-03-13,1987,3,72,0.0
1987-03-14,1987,3,73,0.0
1987-03-15,1987,3,74,0.0
1987-03-16,1987,3,75,0.0
1987-03-17,1987,3,76,0.0
1987-03-18,1987,3,77,0.0
1987-03-19,1987,3,78,15.815584178193571
1987-03-20,1987,3,79,3.049279462606762
1987-03-21,1987,3,80,8.191186625015664
1987-03-22,1987,3,81,0.0
1987-03-23,1987,3,82,8.161650245988481
1987-03-24,1987,3,83,0.0
1987-03-25,1987,3,84,0.0
1987-03-26,1987,3,85,0.0
1987-03-27,1987,3,86,0.0
1987-03-28,1987,3,87,0.0028345866803951
1987-03-29,1987,3,88,0.0
1987-03-30,1987,3,89,0.0
1987-03-31,1987,3,90,7.145105131589764
1987-04-01,1987,4,91,0.266267238157676
1987-04-02,1987,4,92,0.0
1987-04-03,1987,4,93,8.313878760750518
1987-04-04,1987,4,94,0.0
1987-04-05,1987,4,95,8.683196662426402
1987-04-06,1987,4,96,1.5371088615930684
1987-04-07,1987,4,97,0.0
1987-04-08,1987,4,98,0.0006496140153978048
1987-04-09,1987,4,99,0.6711316514303772
1987-04-10,1987,4,100,1.059057407636569
1987-04-11,1987,4,101,9.264949052708724
1987-04-12,1987,4,102,7.885863527387457
1987-04-13,1987,4,103,3.719385500330137
1987-04-14,1987,4,104,5.217556485275786
1987-04-15,1987,4,105,0.37634978763242
1987-04-16,1987,4,106,4.860401909884573
1987-04-17,1987,4,107,6.284966717546787
1987-04-18,1987,4,108,0.0
1987-04-19,1987,4,109,0.0
1987-04-20,1987,4,110,0.0
1987-04-21,1987,4,111,0.0
1987-04-22,1987,4,112,0.0
1987-04-23,1987,4,113,0.0
1987-04-24,1987,4,114,0.0
1987-04-25,1987,4,115,0.0
1987-04-26,1987,4,116,0.0
1987-04-27,1987,4,117,0.0
1987-04-28,1987,4,118,0.0
1987-04-29,1987,4,119,0.6981345237374
1987-04-30,1987,4,120,0.0
1987-05-01,1987,5,121,0.0
1987-05-02,1987,5,122,0.0
1987-05-03,1987,5,123,0.0
1987-05-04,1987,5,124,0.0
1987-05-05,1987,5,125,0.5691371635177142
1987-05-06,1987,5,126,0.0
1987-05-07,1987,5,127,3.3398934089432646
1987-05-08,1987,5,128,0.0
1987-05-09,1987,5,129,0.0
1987-05-10,1987,5,130,0.0
1987-05-11,1987,5,131,0.0
1987-05-12,1987,5,132,0.0
1987-05-13,1987,5,133,0.9632724236502236
1987-05-14,1987,5,134,0.0907597293328707
1987-05-15,1987,5,135,6.406971951530036
1987-05-16,1987,5,136,0.0
1987-05-17,1987,5,137,0.4281669676354939
1987-05-18,1987,5,138,0.0
1987-05-19,1987,5,139,1.5324125678598524
1987-05-20,1987,5,140,4.615894061638539
1987-05-21,1987,5,141,0.5501440665920064
1987-05-22,1987,5,142,0.6440711694593193
1987-05-23,1987,5,143,0.0
1987-05-24,1987,5,144,1.1450885427539537
1987-05-25,1987,5,145,21.18113692320609
1987-05-26,1987,5,146,4.200287675949479
1987-05-27,1987,5,147,9.059802604416245
1987-05-28,1987,5,148,10.473675916924268
1987-05-29,1987,5,149,18.171254651201213
1987-05-30,1987,5,150,5.528853027965641
1987-05-31,1987,5,151,7.403212150142249
1987-06-01,1987,6,152,6.418199310776712
1987-06-02,1987,6,153,9.462810015719269
1987-06-03,1987,6,154,11.097239421184184
1987-06-04,1987,6,155,10.462396679827572
1987-06-05,1987,6,156,0.8107638479607068
1987-06-06,1987,6,157,2.678513498927348
1987-06-07,1987,6,158,20.19895794459051
1987-06-08,1987,6,159,8.078703415220172
1987-06-09,1987,6,160,8.920093554815068
1987-06-10,1987,6,161,14.780494109370718
1987-06-11,1987,6,162,27.855162592350982
1987-06-12,1987,6,163,11.113541701918704
1987-06-13,1987,6,164,2.2206675242233604
1987-06-14,1987,6,165,0.0
1987-06-15,1987,6,166,1.388193400067556
1987-06-16,1987,6,167,5.285785040134227
1987-06-17,1987,6,168,12.849467780412317
1987-06-18,1987,6,169,7.159493815316639
1987-06-19,1987,6,170,6.164575298218617
1987-06-20,1987,6,171,4.804417843377376
1987-06-21,1987,6,172,0.0
1987-06-22,1987,6,173,14.839262951921992
1987-06-23,1987,6,174,7.37792216280943
1987-06-24,1987,6,175,0.002877704894941
1987-06-25,1987,6,176,9.15582611801896
1987-06-26,1987,6,177,9.337447009335856
1987-06-27,1987,6,178,11.490523139942171
1987-06-28,1987,6,179,10.114331654023186
1987-06-29,1987,6,180,9.175264724218245
1987-06-30,1987,6,181,1.6167317717220402
1987-07-01,1987,7,182,1.142732470895658
1987-07-02,1987,7,183,6.307115648021634
1987-07-03,1987,7,184,23.07685778604783
1987-07-04,1987,7,185,9.031685725377992
1987-07-05,1987,7,186,4.925586830323439
1987-07-06,1987,7,187,0.1180130158516721
1987-07-07,1987,7,188,0.0
1987-07-08,1987,7,189,15.40035435738682
1987-07-09,1987,7,190,7.322184768413619
1987-07-10,1987,7,191,0.0
1987-07-11,1987,7,192,4.740923530849106
1987-07-12,1987,7,193,6.782508500028903
1987-07-13,1987,7,194,18.57910115144757
1987-07-14,1987,7,195,5.997215808306176
1987-07-15,1987,7,196,0.0
1987-07-16,1987,7,197,0.0
1987-07-17,1987,7,198,5.518903193866073
1987-07-18,1987,7,199,3.615065699269247
1987-07-19,1987,7,200,7.449286167194626
1987-07-20,1987,7,201,12.489588410607135
1987-07-21,1987,7,202,26.212072451500788
1987-07-22,1987,7,203,11.508416174003584
1987-07-23,1987,7,204,0.0
1987-07-24,1987,7,205,1.7963677770374369
1987-07-25,1987,7,206,7.217057017454655
1987-07-26,1987,7,207,3.452142020526255
1987-07-27,1987,7,208,6.903369993252333
1987-07-28,1987,7,209,7.567251131385439
1987-07-29,1987,7,210,12.609748175742798
1987-07-30,1987,7,211,7.74308790369941
1987-07-31,1987,7,212,15.565390109811569
1987-08-01,1987,8,213,22.339967129673827
1987-08-02,1987,8,214,4.253630140906434
1987-08-03,1987,8,215,7.665209674283593
1987-08-04,1987,8,216,19.015148207787888
1987-08-05,1987,8,217,0.0
1987-08-06,1987,8,218,4.846883646716088
1987-08-07,1987,8,219,2.023486232683509
1987-08-08,1987,8,220,2.375095094058538
1987-08-09,1987,8,221,5.323902851307402
1987-08-10,1987,8,222,0.2255569285016439
1987-08-11,1987,8,223,1.2933372374058998
1987-08-12,1987,8,224,8.47517990453078
1987-08-13,1987,8,225,2.2537430767432785
1987-08-14,1987,8,226,4.55344867297698
1987-08-15,1987,8,227,3.706831954540916
1987-08-16,1987,8,228,4.816293479952938
1987-08-17,1987,8,229,0.082362037697917
1987-08-18,1987,8,230,0.0
1987-08-19,1987,8,231,1.889243209678696
1987-08-20,1987,8,232,10.020019414594463
1987-08-21,1987,8,233,0.0111492064230035
1987-08-22,1987,8,234,0.0
1987-08-23,1987,8,235,5.315330795579827
1987-08-24,1987,8,236,3.474747781837303
1987-08-25,1987,8,237,2.44681431303294
1987-08-26,1987,8,238,6.025048093808034
1987-08-27,1987,8,239,26.967837443592824
1987-08-28,1987,8,240,0.0
1987-08-29,1987,8,241,1.2383984854411347
1987-08-30,1987,8,242,0.1645125752345251
1987-08-31,1987,8,243,0.0
1987-09-01,1987,9,244,4.553244422415738
1987-09-02,1987,9,245,3.110248609802717
1987-09-03,1987,9,246,9.590985166893724
1987-09-04,1987,9,247,3.377908558853692
1987-09-05,1987,9,248,13.508933246186787
1987-09-06,1987,9,249,21.9526567738998
1987-09-07,1987,9,250,5.272259432838428
1987-09-08,1987,9,251,19.63284403601568
1987-09-09,1987,9,252,8.216287153954168
1987-09-10,1987,9,253,9.460674605210214
1987-09-11,1987,9,254,13.327393823642456
1987-09-12,1987,9,255,16.993878728932767
1987-09-13,1987,9,256,8.49470870670541
1987-09-14,1987,9,257,0.0
1987-09-15,1987,9,258,0.0
1987-09-16,1987,9,259,0.0
1987-09-17,1987,9,260,5.4149950591539255
1987-09-18,1987,9,261,9.49231131146275
1987-09-19,1987,9,262,0.0
1987-09-20,1987,9,263,22.174440985780148
1987-09-21,1987,9,264,0.0034160021542481
1987-09-22,1987,9,265,15.453167544947595
1987-09-23,1987,9,266,5.083829349192577
1987-09-24,1987,9,267,11.793890828236414
1987-09-25,1987,9,268,27.85733724069472
1987-09-26,1987,9,269,1.5684600366724797
1987-09-27,1987,9,270,18.06327253401331
1987-09-28,1987,9,271,1.271213268763813
1987-09-29,1987,9,272,0.0
1987-09-30,1987,9,273,0.0
1987-10-01,1987,10,274,10.493337301893323
1987-10-02,1987,10,275,24.405031415878867
1987-10-03,1987,10,276,0.0
1987-10-04,1987,10,277,4.515473514105789
1987-10-05,1987,10,278,0.3958582745317526
1987-10-06,1987,10,279,3.6898236146009977
1987-10-07,1987,10,280,0.0
1987-10-08,1987,10,281,0.0
1987-10-09,1987,10,282,3.4565033317123
1987-10-10,1987,10,283,4.662986288851107
1987-10-11,1987,10,284,3.4366189963611258
1987-10-12,1987,10,285,0.989575841228678
1987-10-13,1987,10,286,0.2262122939566618
1987-10-14,1987,10,287,0.0
1987-10-15,1987,10,288,0.0
1987-10-16,1987,10,289,0.0
1987-10-17,1987,10,290,0.9587832587135072
1987-10-18,1987,10,291,0.0
1987-10-19,1987,10,292,0.0
1987-10-20,1987,10,293,0.0
1987-10-21,1987,10,294,0.0
1987-10-22,1987,10,295,0.0
1987-10-23,1987,10,296,0.0
1987-10-24,1987,10,297,0.0
1987-10-25,1987,10,298,0.0
1987-10-26,1987,10,299,0.0
1987-10-27,1987,10,300,0.0
1987-10-28,1987,10,301,0.0
1987-10-29,1987,10,302,7.285195013346995
1987-10-30,1987,10,303,0.7601564206317029
1987-10-31,1987,10,304,0.0
1987-11-01,1987,11,305,0.0
1987-11-02,1987,11,306,0.0
1987-11-03,1987,11,307,0.0
1987-11-04,1987,11,308,0.0
1987-11-05,1987,11,309,0.0
1987-11-06,1987,11,310,0.0
1987-11-07,1987,11,311,0.0
1987-11-08,1987,11,312,0.0
1987-11-09,1987,11,313,0.0
1987-11-10,1987,11,314,0.0
1987-11-11,1987,11,315,0.0
1987-11-12,1987,11,316,0.0
1987-11-13,1987,11,317,0.0
1987-11-14,1987,11,318,0.0
1987-11-15,1987,11,319,0.0
1987-11-16,1987,11,320,0.0
1987-11-17,1987,11,321,0.0
1987-11-18,1987,11,322,0.0
1987-11-19,1987,11,323,4.680163109517037
1987-11-20,1987,11,324,0.0
1987-11-21,1987,11,325,0.0
1987-11-22,1987,11,326,0.0
1987-11-23,1987,11,327,0.4956829425301834
1987-11-24,1987,11,328,0.0
1987-11-25,1987,11,329,0.3572677201252262
1987-11-26,1987,11,330,0.3265508008800006
1987-11-27,1987,11,331,0.5940238071897649
1987-11-28,1987,11,332,0.0
1987-11-29,1987,11,333,0.0
1987-11-30,1987,11,334,22.591933084943918
1987-12-01,1987,12,335,0.0
1987-12-02,1987,12,336,0.0
1987-12-03,1987,12,337,12.344214566058346
1987-12-04,1987,12,338,5.517336372187124
1987-12-05,1987,12,339,4.421935428639406
1987-12-06,1987,12,340,0.0
1987-12-07,1987,12,341,0.0
1987-12-08,1987,12,342,0.0
1987-12-09,1987,12,343,0.0
1987-12-10,1987,12,344,0.0
1987-12-11,1987,12,345,0.0
1987-12-12,1987,12,346,0.0
1987-12-13,1987,12,347,0.0
1987-12-14,1987,12,348,0.0
1987-12-15,1987,12,349,0.0
1987-12-16,1987,12,350,0.0
1987-12-17,1987,12,351,0.0
1987-12-18,1987,12,352,0.0
1987-12-19,1987,12,353,0.0
1987-12-20,1987,12,354,0.0
1987-12-21,1987,12,355,0.0
1987-12-22,1987,12,356,0.0
1987-12-23,1987,12,357,0.0
1987-12-24,1987,12,358,0.0
1987-12-25,1987,12,359,0.0
1987-12-26,1987,12,360,0.0
1987-12-27,1987,12,361,0.0
1987-12-28,1987,12,362,0.0
1987-12-29,1987,12,363,0.0
1987-12-30,1987,12,364,0.0
1987-12-31,1987,12,365,0.0
1988-01-01,1988,1,1,0.0
1988-01-02,1988,1,2,0.0
1988-01-03,1988,1,3,0.0
1988-01-04,1988,1,4,0.0
1988-01-05,1988,1,5,0.0
1988-01-06,1988,1,6,0.0
1988-01-07,1988,1,7,4.835037885972752
1988-01-08,1988,1,8,0.0
1988-01-09,1988,1,9,0.0
1988-01-10,1988,1,10,0.0
1988-01-11,1988,1,11,0.0
1988-01-12,1988,1,12,0.0
1988-01-13,1988,1,13,0.0
1988-01-14,1988,1,14,0.0
1988-01-15,1988,1,15,0.0
1988-01-16,1988,1,16,3.1180985659846097
1988-01-17,1988,1,17,0.0
1988-01-18,1988,1,18,0.0
1988-01-19,1988,1,19,0.0
1988-01-20,1988,1,20,0.0
1988-01-21,1988,1,21,0.0
1988-01-22,1988,1,22,0.0
1988-01-23,1988,1,23,0.0
1988-01-24,1988,1,24,0.0
1988-01-25,1988,1,25,1.1779247678899316
1988-01-26,1988,1,26,0.0
1988-01-27,1988,1,27,0.0
1988-01-28,1988,1,28,0.0
1988-01-29,1988,1,29,0.0
1988-01-30,1988,1,30,0.0
1988-01-31,1988,1,31,0.0
1988-02-01,1988,2,32,0.0
1988-02-02,1988,2,33,0.0
1988-02-03,1988,2,34,0.0
1988-02-04,1988,2,35,0.0
1988-02-05,1988,2,36,0.0
1988-02-06,1988,2,37,0.0
1988-02-07,1988,2,38,0.0
1988-02-08,1988,2,39,0.0
1988-02-09,1988,2,40,0.0
1988-02-10,1988,2,41,0.0019911159892928
1988-02-11,1988,2,42,0.5195258362434211
1988-02-12,1988,2,43,0.9844754427645896
1988-02-13,1988,2,44,0.0
1988-02-14,1988,2,45,0.0
1988-02-15,1988,2,46,2.5850683727015165
1988-02-16,1988,2,47,3.0782465282779734
1988-02-17,1988,2,48,0.0
1988-02-18,1988,2,49,0.0
1988-02-19,1988,2,50,0.0
1988-02-20,1988,2,51,0.0
1988-02-21,1988,2,52,4.436015470730716
1988-02-22,1988,2,53,0.0
1988-02-23,1988,2,54,0.0
1988-02-24,1988,2,55,0.0
1988-02-25,1988,2,56,0.1167530848516188
1988-02-26,1988,2,57,0.0
1988-02-27,1988,2,58,0.0
1988-02-28,1988,2,59,0.0
1988-02-29,1988,2,60,0.0
1988-03-01,1988,3,61,0.2202698116948079
1988-03-02,1988,3,62,0.0
1988-03-03,1988,3,63,0.0
1988-03-04,1988,3,64,0.0
1988-03-05,1988,3,65,0.729604899730045
1988-03-06,1988,3,66,0.1741523243161277
1988-03-07,1988,3,67,0.4593596399187939
1988-03-08,1988,3,68,0.0
1988-03-09,1988,3,69,0.7751005690324583
1988-03-10,1988,3,70,0.7987317032250156
1988-03-11,1988,3,71,0.8597962033472821
1988-03-12,1988,3,72,0.0
1988-03-13,1988,3,73,0.0
1988-03-14,1988,3,74,0.0
1988-03-15,1988,3,75,4.669118552199774
1988-03-16,1988,3,76,7.380879689968849
1988-03-17,1988,3,77,6.349993775620252
1988-03-18,1988,3,78,6.401465461411431
1988-03-19,1988,3,79,0.0
1988-03-20,1988,3,80,0.0
1988-03-21,1988,3,81,0.0
1988-03-22,1988,3,82,0.0
1988-03-23,1988,3,83,0.0
1988-03-24,1988,3,84,0.0
1988-03-25,1988,3,85,0.0
1988-03-26,1988,3,86,0.0
1988-03-27,1988,3,87,0.0
1988-03-28,1988,3,88,0.0
1988-03-29,1988,3,89,0.0
1988-03-30,1988,3,90,0.0
1988-03-31,1988,3,91,0.0
1988-04-01,1988,4,92,0.0
1988-04-02,1988,4,93,0.0
1988-04-03,1988,4,94,0.0
1988-04-04,1988,4,95,0.0
1988-04-05,1988,4,96,0.2697711072625926
1988-04-06,1988,4,97,0.0
1988-04-07,1988,4,98,0.0
1988-04-08,1988,4,99,0.0
1988-04-09,1988,4,100,0.0
1988-04-10,1988,4,101,0.0
1988-04-11,1988,4,102,0.0
1988-04-12,1988,4,103,0.0
1988-04-13,1988,4,104,5.364716736598207
1988-04-14,1988,4,105,16.475499796070597
1988-04-15,1988,4,106,0.0
1988-04-16,1988,4,107,0.0
1988-04-17,1988,4,108,0.0
1988-04-18,1988,4,109,0.8845993389200736
1988-04-19,1988,4,110,0.0
1988-04-20,1988,4,111,0.0
1988-04-21,1988,4,112,3.2318448724660898
1988-04-22,1988,4,113,0.7244810508476329
1988-04-23,1988,4,114,0.0
1988-04-24,1988,4,115,0.0
1988-04-25,1988,4,116,0.0
1988-04-26,1988,4,117,0.0
1988-04-27,1988,4,118,0.0
1988-04-28,1988,4,119,0.0
1988-04-29,1988,4,120,0.0
1988-04-30,1988,4,121,0.0
1988-05-01,1988,5,122,1.9027812368561288
1988-05-02,1988,5,123,0.0
1988-05-03,1988,5,124,15.272308476888536
1988-05-04,1988,5,125,0.0
1988-05-05,1988,5,126,1.1190077263571407
1988-05-06,1988,5,127,0.0
1988-05-07,1988,5,128,4.7807521886466
1988-05-08,1988,5,129,0.0
1988-05-09,1988,5,130,0.0
1988-05-10,1988,5,131,0.0
1988-05-11,1988,5,132,0.0
1988-05-12,1988,5,133,0.0
1988-05-13,1988,5,134,5.698004353884051
1988-05-14,1988,5,135,6.04802006600551
1988-05-15,1988,5,136,6.854821703223562
1988-05-16,1988,5,137,0.0
1988-05-17,1988,5,138,7.246427597607315
1988-05-18,1988,5,139,0.0
1988-05-19,1988,5,140,3.774147521969387
1988-05-20,1988,5,141,0.2769440500370538
1988-05-21,1988,5,142,0.0
1988-05-22,1988,5,143,0.0
1988-05-23,1988,5,144,0.0
1988-05-24,1988,5,145,1.7969321660129252
1988-05-25,1988,5,146,3.1145543391467574
1988-05-26,1988,5,147,4.4634378015637495
1988-05-27,1988,5,148,5.902012253481808
1988-05-28,1988,5,149,8.751484778592397
1988-05-29,1988,5,150,21.391573027146613
1988-05-30,1988,5,151,16.483518547396837
1988-05-31,1988,5,152,0.0
1988-06-01,1988,6,153,0.0055834705643706
1988-06-02,1988,6,154,0.0
1988-06-03,1988,6,155,0.0
1988-06-04,1988,6,156,0.0
1988-06-05,1988,6,157,9.883658573274031
1988-06-06,1988,6,158,7.737368704012142
1988-06-07,1988,6,159,10.471088207677171
1988-06-08,1988,6,160,8.633003155390421
1988-06-09,1988,6,161,9.580720695452294
1988-06-10,1988,6,162,16.013712094702473
1988-06-11,1988,6,163,7.844947280900133
1988-06-12,1988,6,164,18.99678679051926
1988-06-13,1988,6,165,14.681326531812278
1988-06-14,1988,6,166,21.084612706428736
1988-06-15,1988,6,167,11.737335871199615
1988-06-16,1988,6,168,15.797775298178248
1988-06-17,1988,6,169,26.428655473207343
1988-06-18,1988,6,170,26.97760512794096
1988-06-19,1988,6,171,0.0
1988-06-20,1988,6,172,5.522799633666811
1988-06-21,1988,6,173,30.591644305496416
1988-06-22,1988,6,174,7.633701873418094
1988-06-23,1988,6,175,33.50565747307628
1988-06-24,1988,6,176,13.34622154342076
1988-06-25,1988,6,177,14.386639401150648
1988-06-26,1988,6,178,2.942173423885585
1988-06-27,1988,6,179,4.714448516937844
1988-06-28,1988,6,180,9.295930400656756
1988-06-29,1988,6,181,9.294887913887376
1988-06-30,1988,6,182,9.712506733598522
1988-07-01,1988,7,183,5.942298146323864
1988-07-02,1988,7,184,26.676500784605103
1988-07-03,1988,7,185,5.803427065654812
1988-07-04,1988,7,186,19.895068666928847
1988-07-05,1988,7,187,18.33198468043647
1988-07-06,1988,7,188,1.362746860088195
1988-07-07,1988,7,189,7.120495158377732
1988-07-08,1988,7,190,0.0
1988-07-09,1988,7,191,12.863511646212732
1988-07-10,1988,7,192,0.3855760281374031
1988-07-11,1988,7,193,16.81157466787095
1988-07-12,1988,7,194,0.6959937442135585
1988-07-13,1988,7,195,0.0
1988-07-14,1988,7,196,28.34778056189661
1988-07-15,1988,7,197,0.0101315101804953
1988-07-16,1988,7,198,8.440067490759118
1988-07-17,1988,7,199,1.0852638014178044
1988-07-18,1988,7,200,17.58095133723412
1988-07-19,1988,7,201,0.0
1988-07-20,1988,7,202,2.5967001118206428
1988-07-21,1988,7,203,0.9535564505961988
1988-07-22,1988,7,204,1.2572177909027336
1988-07-23,1988,7,205,0.0
1988-07-24,1988,7,206,1.5228270630399283
1988-07-25,1988,7,207,0.0
1988-07-26,1988,7,208,0.0
1988-07-27,1988,7,209,2.05180013159349
1988-07-28,1988,7,210,2.235986774970858
1988-07-29,1988,7,211,16.62111924505684
1988-07-30,1988,7,212,0.0
1988-07-31,1988,7,213,0.0227588087243715
1988-08-01,1988,8,214,11.421402719660303
1988-08-02,1988,8,215,8.41228819087518
1988-08-03,1988,8,216,0.0
1988-08-04,1988,8,217,5.546768673894337
1988-08-05,1988,8,218,0.0
1988-08-06,1988,8,219,0.177189191999656
1988-08-07,1988,8,220,26.177394390923407
1988-08-08,1988,8,221,18.186059114559143
1988-08-09,1988,8,222,15.44931152976264
1988-08-10,1988,8,223,10.588227686354925
1988-08-11,1988,8,224,13.788460285927153
1988-08-12,1988,8,225,12.733685284367768
1988-08-13,1988,8,226,31.01863471748692
1988-08-14,1988,8,227,30.972527791826565
1988-08-15,1988,8,228,30.751008233966846
1988-08-16,1988,8,229,20.44689673404972
1988-08-17,1988,8,230,6.204541143077811
1988-08-18,1988,8,231,14.008537578705344
1988-08-19,1988,8,232,4.782265596596115
1988-08-20,1988,8,233,11.687309565458325
1988-08-21,1988,8,234,12.414442134904576
1988-08-22,1988,8,235,7.327055928435402
1988-08-23,1988,8,236,0.0
1988-08-24,1988,8,237,0.0
1988-08-25,1988,8,238,11.154085023850588
1988-08-26,1988,8,239,9.547477613480153
1988-08-27,1988,8,240,15.965868332494294
1988-08-28,1988,8,241,36.07143728530807
1988-08-29,1988,8,242,26.539081411476104
1988-08-30,1988,8,243,9.806855073011931
1988-08-31,1988,8,244,18.77448580054616
1988-09-01,1988,9,245,13.529839667276942
1988-09-02,1988,9,246,21.899766171601662
1988-09-03,1988,9,247,25.554612598974888
1988-09-04,1988,9,248,10.755507843047
1988-09-05,1988,9,249,12.178923927419902
1988-09-06,1988,9,250,15.715520580711791
1988-09-07,1988,9,251,15.841616065663567
1988-09-08,1988,9,252,13.777969079132044
1988-09-09,1988,9,253,30.733993354166483
1988-09-10,1988,9,254,14.382927128772195
1988-09-11,1988,9,255,29.84410796292133
1988-09-12,1988,9,256,29.860248304986506
1988-09-13,1988,9,257,0.0
1988-09-14,1988,9,258,11.754085137482477
1988-09-15,1988,9,259,9.89013670281457
1988-09-16,1988,9,260,33.3211183243566
1988-09-17,1988,9,261,0.0
1988-09-18,1988,9,262,0.0
1988-09-19,1988,9,263,36.04319164665112
1988-09-20,1988,9,264,2.77277730996525
1988-09-21,1988,9,265,3.083058755215969
1988-09-22,1988,9,266,1.311112152988725
1988-09-23,1988,9,267,0.0
1988-09-24,1988,9,268,0.0
1988-09-25,1988,9,269,0.0
1988-09-26,1988,9,270,13.92154322021929
1988-09-27,1988,9,271,15.739470328749404
1988-09-28,1988,9,272,9.654047555461744
1988-09-29,1988,9,273,9.431482855642365
1988-09-30,1988,9,274,20.5352176586174
1988-10-01,1988,10,275,2.684727039619093
1988-10-02,1988,10,276,8.1770008067954
1988-10-03,1988,10,277,6.595584577592705
1988-10-04,1988,10,278,8.167414873353215
1988-10-05,1988,10,279,0.0
1988-10-06,1988,10,280,0.0
1988-10-07,1988,10,281,0.821072364527646
1988-10-08,1988,10,282,9.155586421540791
1988-10-09,1988,10,283,6.841077919893012
1988-10-10,1988,10,284,3.040753362928585
1988-10-11,1988,10,285,0.0
1988-10-12,1988,10,286,1.985232481919708
1988-10-13,1988,10,287,0.0
1988-10-14,1988,10,288,0.0
1988-10-15,1988,10,289,0.0
1988-10-16,1988,10,290,0.0
1988-10-17,1988,10,291,0.0
1988-10-18,1988,10,292,0.0
1988-10-19,1988,10,293,0.0
1988-10-20,1988,10,294,0.0
1988-10-21,1988,10,295,1.8013254392831468
1988-10-22,1988,10,296,0.0
1988-10-23,1988,10,297,0.0019389007882164
1988-10-24,1988,10,298,30.740896312824763
1988-10-25,1988,10,299,15.62301943643336
1988-10-26,1988,10,300,0.0
1988-10-27,1988,10,301,29.020576340578117
1988-10-28,1988,10,302,9.553306062607655
1988-10-29,1988,10,303,6.386769210567
1988-10-30,1988,10,304,0.0
1988-10-31,1988,10,305,2.163147333348625
1988-11-01,1988,11,306,0.0
1988-11-02,1988,11,307,0.0
1988-11-03,1988,11,308,0.0
1988-11-04,1988,11,309,0.0
1988-11-05,1988,11,310,0.0
1988-11-06,1988,11,311,0.0
1988-11-07,1988,11,312,0.0
1988-11-08,1988,11,313,0.0
1988-11-09,1988,11,314,3.4474926477022017
1988-11-10,1988,11,315,0.0
1988-11-11,1988,11,316,5.732488709836304
1988-11-12,1988,11,317,0.0
1988-11-13,1988,11,318,0.0
1988-11-14,1988,11,319,0.0
1988-11-15,1988,11,320,0.0
1988-11-16,1988,11,321,0.0
1988-11-17,1988,11,322,0.0
1988-11-18,1988,11,323,9.132414577859228
1988-11-19,1988,11,324,0.0
1988-11-20,1988,11,325,0.0
1988-11-21,1988,11,326,7.636822120542698
1988-11-22,1988,11,327,1.7203981165918611
1988-11-23,1988,11,328,11.066956173025249
1988-11-24,1988,11,329,11.686098441519896
1988-11-25,1988,11,330,1.9682595915741257
1988-11-26,1988,11,331,0.7137723795705713
1988-11-27,1988,11,332,0.1364793305787247
1988-11-28,1988,11,333,0.0
1988-11-29,1988,11,334,0.0
1988-11-30,1988,11,335,3.170764054742345
1988-12-01,1988,12,336,6.864228752605304
1988-12-02,1988,12,337,5.123624311621208
1988-12-03,1988,12,338,0.0
1988-12-04,1988,12,339,0.0
1988-12-05,1988,12,340,6.864228752605304
1988-12-06,1988,12,341,0.0
1988-12-07,1988,12,342,0.0
1988-12-08,1988,12,343,0.0
1988-12-09,1988,12,344,0.0
1988-12-10,1988,12,345,0.0
1988-12-11,1988,12,346,1.8804948264549404
1988-12-12,1988,12,347,0.0
1988-12-13,1988,12,348,0.0
1988-12-14,1988,12,349,0.0
1988-12-15,1988,12,350,0.4721698268622339
1988-12-16,1988,12,351,0.0
1988-12-17,1988,12,352,0.0
1988-12-18,1988,12,353,0.0
1988-12-19,1988,12,354,0.0
1988-12-20,1988,12,355,0.0
1988-12-21,1988,12,356,0.0
1988-12-22,1988,12,357,0.0
1988-12-23,1988,12,358,0.0
1988-12-24,1988,12,359,0.0
1988-12-25,1988,12,360,0.0
1988-12-26,1988,12,361,0.0
1988-12-27,1988,12,362,0.0
1988-12-28,1988,12,363,0.0
1988-12-29,1988,12,364,0.0
1988-12-30,1988,12,365,0.0
1988-12-31,1988,12,366,0.0
1989-01-01,1989,1,1,0.0
1989-01-02,1989,1,2,0.0
1989-01-03,1989,1,3,2.315846188311508
1989-01-04,1989,1,4,0.3484223256176521
1989-01-05,1989,1,5,0.0
1989-01-06,1989,1,6,0.0
1989-01-07,1989,1,7,0.0
1989-01-08,1989,1,8,0.0
1989-01-09,1989,1,9,0.0
1989-01-10,1989,1,10,0.0
1989-01-11,1989,1,11,0.0
1989-01-12,1989,1,12,0.0
1989-01-13,1989,1,13,0.0
1989-01-14,1989,1,14,0.0
1989-01-15,1989,1,15,0.0
1989-01-16,1989,1,16,0.4144849666899458
1989-01-17,1989,1,17,0.0
1989-01-18,1989,1,18,0.0
1989-01-19,1989,1,19,0.0
1989-01-20,1989,1,20,0.0
1989-01-21,1989,1,21,0.0
1989-01-22,1989,1,22,0.0
1989-01-23,1989,1,23,0.2294315670735834
1989-01-24,1989,1,24,0.0
1989-01-25,1989,1,25,0.0
1989-01-26,1989,1,26,0.0
1989-01-27,1989,1,27,0.0
1989-01-28,1989,1,28,0.6938875948861816
1989-01-29,1989,1,29,0.0
1989-01-30,1989,1,30,1.6337645953296085
1989-01-31,1989,1,31,0.0
1989-02-01,1989,2,32,0.0
1989-02-02,1989,2,33,0.0
1989-02-03,1989,2,34,0.0
1989-02-04,1989,2,35,0.0
1989-02-05,1989,2,36,0.0
1989-02-06,1989,2,37,3.758329037937632
1989-02-07,1989,2,38,0.0443598821618767
1989-02-08,1989,2,39,0.7131542592551227
1989-02-09,1989,2,40,0.8498205628881317
1989-02-10,1989,2,41,0.8498205628881317
1989-02-11,1989,2,42,0.0
1989-02-12,1989,2,43,0.0
1989-02-13,1989,2,44,0.0
1989-02-14,1989,2,45,0.0
1989-02-15,1989,2,46,0.0
1989-02-16,1989,2,47,0.0
1989-02-17,1989,2,48,0.0
1989-02-18,1989,2,49,1.102177285034634
1989-02-19,1989,2,50,0.442548179687755
1989-02-20,1989,2,51,0.0
1989-02-21,1989,2,52,0.0
1989-02-22,1989,2,53,3.652950325784463
1989-02-23,1989,2,54,0.0031124782439675
1989-02-24,1989,2,55,0.0
1989-02-25,1989,2,56,0.0
1989-02-26,1989,2,57,0.0
1989-02-27,1989,2,58,0.0
1989-02-28,1989,2,59,0.0
1989-03-01,1989,3,60,0.0
1989-03-02,1989,3,61,0.0
1989-03-03,1989,3,62,0.0
1989-03-04,1989,3,63,0.0
1989-03-05,1989,3,64,0.0
1989-03-06,1989,3,65,2.309645349997788
1989-03-07,1989,3,66,9.941024887531151
1989-03-08,1989,3,67,2.6666222650369416
1989-03-09,1989,3,68,0.0
1989-03-10,1989,3,69,0.0
1989-03-11,1989,3,70,0.0
1989-03-12,1989,3,71,0.0
1989-03-13,1989,3,72,0.0
1989-03-14,1989,3,73,0.0
1989-03-15,1989,3,74,0.0
1989-03-16,1989,3,75,0.0
1989-03-17,1989,3,76,0.0
1989-03-18,1989,3,77,0.0
1989-03-19,1989,3,78,0.0
1989-03-20,1989,3,79,0.0
1989-03-21,1989,3,80,0.0
1989-03-22,1989,3,81,0.0
1989-03-23,1989,3,82,0.0
1989-03-24,1989,3,83,0.5096285864646963
1989-03-25,1989,3,84,0.0
1989-03-26,1989,3,85,0.5541421227099658
1989-03-27,1989,3,86,9.769293680799857
1989-03-28,1989,3,87,0.0
1989-03-29,1989,3,88,0.0
1989-03-30,1989,3,89,0.0
1989-03-31,1989,3,90,0.0
1989-04-01,1989,4,91,0.001418873093122
1989-04-02,1989,4,92,0.2258311815515173
1989-04-03,1989,4,93,0.0
1989-04-04,1989,4,94,0.0
1989-04-05,1989,4,95,0.0
1989-04-06,1989,4,96,0.0
1989-04-07,1989,4,97,0.0744001867429967
1989-04-08,1989,4,98,7.052104390372349
1989-04-09,1989,4,99,0.0886858055095133
1989-04-10,1989,4,100,0.0
1989-04-11,1989,4,101,2.9410980818817123
1989-04-12,1989,4,102,0.0
1989-04-13,1989,4,103,0.0
1989-04-14,1989,4,104,0.0
1989-04-15,1989,4,105,5.1062339738126274
1989-04-16,1989,4,106,0.0
1989-04-17,1989,4,107,0.0
1989-04-18,1989,4,108,0.0
1989-04-19,1989,4,109,10.75283753555252
1989-04-20,1989,4,110,12.17700226662398
1989-04-21,1989,4,111,14.324454920763834
1989-04-22,1989,4,112,3.0607482257722896
1989-04-23,1989,4,113,0.0
1989-04-24,1989,4,114,0.0
1989-04-25,1989,4,115,2.572581625025601
1989-04-26,1989,4,116,8.718867220731505
1989-04-27,1989,4,117,11.30058268358693
1989-04-28,1989,4,118,4.94696552215117
1989-04-29,1989,4,119,0.0
1989-04-30,1989,4,120,0.0
1989-05-01,1989,5,121,0.0
1989-05-02,1989,5,122,1.950263034740676
1989-05-03,1989,5,123,4.860792603008545
1989-05-04,1989,5,124,9.812229944174373
1989-05-05,1989,5,125,16.88257685888498
1989-05-06,1989,5,126,13.351958487926638
1989-05-07,1989,5,127,3.068495877527639
1989-05-08,1989,5,128,7.276368223839371
1989-05-09,1989,5,129,6.719151214441891
1989-05-10,1989,5,130,6.68776517008346
1989-05-11,1989,5,131,12.310619176353464
1989-05-12,1989,5,132,17.92400931903411
1989-05-13,1989,5,133,11.10197274758454
1989-05-14,1989,5,134,3.923447533050151
1989-05-15,1989,5,135,4.326861566014033
1989-05-16,1989,5,136,3.031527460234331
1989-05-17,1989,5,137,5.266977894633064
1989-05-18,1989,5,138,2.319535320910411
1989-05-19,1989,5,139,3.7539285774045057
1989-05-20,1989,5,140,0.5936797945644474
1989-05-21,1989,5,141,0.0
1989-05-22,1989,5,142,0.7950591393383324
1989-05-23,1989,5,143,8.649644480879326
1989-05-24,1989,5,144,9.208438742334453
1989-05-25,1989,5,145,11.670485854761765
1989-05-26,1989,5,146,21.055826236778792
1989-05-27,1989,5,147,9.940449691778998
1989-05-28,1989,5,148,0.0
1989-05-29,1989,5,149,0.0
1989-05-30,1989,5,150,0.0
1989-05-31,1989,5,151,0.0
1989-06-01,1989,6,152,3.024382207622463
1989-06-02,1989,6,153,4.7512101221002885
1989-06-03,1989,6,154,7.0203693570392005
1989-06-04,1989,6,155,7.520295956958128
1989-06-05,1989,6,156,6.294393800422485
1989-06-06,1989,6,157,10.971828850804997
1989-06-07,1989,6,158,5.689667021860501
1989-06-08,1989,6,159,1.990984431524612
1989-06-09,1989,6,160,5.412266947616343
1989-06-10,1989,6,161,6.609637779462205
1989-06-11,1989,6,162,9.204895114530943
1989-06-12,1989,6,163,6.741334449764797
1989-06-13,1989,6,164,11.219931197963216
1989-06-14,1989,6,165,14.698248398641075
1989-06-15,1989,6,166,18.21619435161633
1989-06-16,1989,6,167,14.679656632455274
1989-06-17,1989,6,168,0.0
1989-06-18,1989,6,169,1.497573133605918
1989-06-19,1989,6,170,25.7889435612042
1989-06-20,1989,6,171,12.779110234112643
1989-06-21,1989,6,172,7.656967758213033
1989-06-22,1989,6,173,6.728543284006781
1989-06-23,1989,6,174,12.41083503566242
1989-06-24,1989,6,175,7.212625500679834
1989-06-25,1989,6,176,6.584022620036853
1989-06-26,1989,6,177,8.843015476078078
1989-06-27,1989,6,178,13.867157221657656
1989-06-28,1989,6,179,17.518977676790403
1989-06-29,1989,6,180,7.207437247216651
1989-06-30,1989,6,181,5.164061586572865
1989-07-01,1989,7,182,0.3826737574971223
1989-07-02,1989,7,183,1.4378065240618092
1989-07-03,1989,7,184,5.044998767800891
1989-07-04,1989,7,185,17.520302077900578
1989-07-05,1989,7,186,8.125000934061477
1989-07-06,1989,7,187,0.0
1989-07-07,1989,7,188,1.832650680468444
1989-07-08,1989,7,189,5.671284225013588
1989-07-09,1989,7,190,3.363789971403925
1989-07-10,1989,7,191,3.3605587808311546
1989-07-11,1989,7,192,3.550615471453369
1989-07-12,1989,7,193,15.259522825096443
1989-07-13,1989,7,194,0.0
1989-07-14,1989,7,195,0.0
1989-07-15,1989,7,196,0.0
1989-07-16,1989,7,197,0.0
1989-07-17,1989,7,198,0.3356669869500547
1989-07-18,1989,7,199,12.0034585262632
1989-07-19,1989,7,200,6.2961244744527205
1989-07-20,1989,7,201,7.475590531041509
1989-07-21,1989,7,202,13.720839165783175
1989-07-22,1989,7,203,1.3112873424294675
1989-07-23,1989,7,204,15.08863655194934
1989-07-24,1989,7,205,6.881235534448142
1989-07-25,1989,7,206,12.042161597077827
1989-07-26,1989,7,207,0.0
1989-07-27,1989,7,208,6.016603854750606
1989-07-28,1989,7,209,9.74917263870272
1989-07-29,1989,7,210,33.10928928331116
1989-07-30,1989,7,211,7.340848286333714
1989-07-31,1989,7,212,16.808042384664933
1989-08-01,1989,8,213,3.063818866867435
1989-08-02,1989,8,214,0.2607993599866943
1989-08-03,1989,8,215,6.69420476268016
1989-08-04,1989,8,216,11.20845183800992
1989-08-05,1989,8,217,0.0
1989-08-06,1989,8,218,0.0
1989-08-07,1989,8,219,0.4598745809933419
1989-08-08,1989,8,220,0.2872298738082046
1989-08-09,1989,8,221,9.922006437077725
1989-08-10,1989,8,222,1.7864269869850553
1989-08-11,1989,8,223,0.0
1989-08-12,1989,8,224,0.1403140304634074
1989-08-13,1989,8,225,8.546061378416079
1989-08-14,1989,8,226,19.090091987665435
1989-08-15,1989,8,227,14.983317364150883
1989-08-16,1989,8,228,10.183024856506911
1989-08-17,1989,8,229,6.5590989648938285
1989-08-18,1989,8,230,0.1139828666418969
1989-08-19,1989,8,231,1.7672690295110736
1989-08-20,1989,8,232,8.759376962264584
1989-08-21,1989,8,233,15.775662967253677
1989-08-22,1989,8,234,8.480587752997213
1989-08-23,1989,8,235,3.876832145907068
1989-08-24,1989,8,236,6.350693946428144
1989-08-25,1989,8,237,8.561856029068394
1989-08-26,1989,8,238,12.183345506716304
1989-08-27,1989,8,239,10.330691300811374
1989-08-28,1989,8,240,3.06425288838
1989-08-29,1989,8,241,3.997379159406403
1989-08-30,1989,8,242,5.7973176109147255
1989-08-31,1989,8,243,3.251768943736363
1989-09-01,1989,9,244,16.753687856129936
1989-09-02,1989,9,245,11.61491670890455
1989-09-03,1989,9,246,5.576701591182388
1989-09-04,1989,9,247,0.0
1989-09-05,1989,9,248,6.926881975155155
1989-09-06,1989,9,249,12.738394394836163
1989-09-07,1989,9,250,1.0593614704402574
1989-09-08,1989,9,251,1.609494477076314
1989-09-09,1989,9,252,12.14535661875538
1989-09-10,1989,9,253,7.688367997261841
1989-09-11,1989,9,254,10.474035597909898
1989-09-12,1989,9,255,20.9480711958198
1989-09-13,1989,9,256,17.030118877701817
1989-09-14,1989,9,257,3.4330408497559484
1989-09-15,1989,9,258,11.414765658497096
1989-09-16,1989,9,259,7.925721898381284
1989-09-17,1989,9,260,17.771546092519614
1989-09-18,1989,9,261,15.90777513627426
1989-09-19,1989,9,262,10.375429373882524
1989-09-20,1989,9,263,14.69813757241028
1989-09-21,1989,9,264,9.009213156442716
1989-09-22,1989,9,265,24.4743758821038
1989-09-23,1989,9,266,45.8314702615027
1989-09-24,1989,9,267,18.28547870285407
1989-09-25,1989,9,268,10.37521735622828
1989-09-26,1989,9,269,1.1155198450873014
1989-09-27,1989,9,270,24.880245615706656
1989-09-28,1989,9,271,6.208133388505394
1989-09-29,1989,9,272,8.779714723070567
1989-09-30,1989,9,273,24.87273043348121
1989-10-01,1989,10,274,22.402462838956613
1989-10-02,1989,10,275,7.496371953836751
1989-10-03,1989,10,276,5.189323243159152
1989-10-04,1989,10,277,0.0
1989-10-05,1989,10,278,1.6073011381562798
1989-10-06,1989,10,279,5.419131371999462
1989-10-07,1989,10,280,6.5860590357094
1989-10-08,1989,10,281,20.12546749143592
1989-10-09,1989,10,282,14.380274099576338
1989-10-10,1989,10,283,6.144886735574548
1989-10-11,1989,10,284,15.459350410954205
1989-10-12,1989,10,285,19.975604423009752
1989-10-13,1989,10,286,1.3865325239957045
1989-10-14,1989,10,287,0.7819667598480023
1989-10-15,1989,10,288,6.967433311230317
1989-10-16,1989,10,289,8.578575968589146
1989-10-17,1989,10,290,16.161798607925114
1989-10-18,1989,10,291,0.097165427355043
1989-10-19,1989,10,292,0.0
1989-10-20,1989,10,293,0.0
1989-10-21,1989,10,294,0.0
1989-10-22,1989,10,295,0.0
1989-10-23,1989,10,296,0.0
1989-10-24,1989,10,297,0.0
1989-10-25,1989,10,298,0.0
1989-10-26,1989,10,299,0.0
1989-10-27,1989,10,300,0.0
1989-10-28,1989,10,301,0.0
1989-10-29,1989,10,302,0.0
1989-10-30,1989,10,303,0.0
1989-10-31,1989,10,304,3.2404681908951525
1989-11-01,1989,11,305,0.689506348678978
1989-11-02,1989,11,306,0.0
1989-11-03,1989,11,307,0.0
1989-11-04,1989,11,308,0.0
1989-11-05,1989,11,309,2.2808823430241945
1989-11-06,1989,11,310,14.391874267999803
1989-11-07,1989,11,311,12.45523577065374
1989-11-08,1989,11,312,3.747283770216767
1989-11-09,1989,11,313,6.465292391658545
1989-11-10,1989,11,314,1.2329628935407757
1989-11-11,1989,11,315,20.79098567598992
1989-11-12,1989,11,316,0.0
1989-11-13,1989,11,317,0.2890526610965288
1989-11-14,1989,11,318,0.0
1989-11-15,1989,11,319,0.0
1989-11-16,1989,11,320,0.0
1989-11-17,1989,11,321,0.6968562541195953
1989-11-18,1989,11,322,0.0
1989-11-19,1989,11,323,0.0
1989-11-20,1989,11,324,0.0
1989-11-21,1989,11,325,0.0
1989-11-22,1989,11,326,1.0094785828210395
1989-11-23,1989,11,327,0.0
1989-11-24,1989,11,328,0.0
1989-11-25,1989,11,329,0.0
1989-11-26,1989,11,330,0.0
1989-11-27,1989,11,331,0.0
1989-11-28,1989,11,332,0.0024057858094458
1989-11-29,1989,11,333,0.7297925540495859
1989-11-30,1989,11,334,0.0
1989-12-01,1989,12,335,0.0
1989-12-02,1989,12,336,0.0
1989-12-03,1989,12,337,0.0
1989-12-04,1989,12,338,1.3456739024821778
1989-12-05,1989,12,339,0.0
1989-12-06,1989,12,340,0.0
1989-12-07,1989,12,341,6.79482244239879
1989-12-08,1989,12,342,10.795023321492508
1989-12-09,1989,12,343,4.319251268719033
1989-12-10,1989,12,344,0.0
1989-12-11,1989,12,345,0.0
1989-12-12,1989,12,346,0.0
1989-12-13,1989,12,347,0.4243317258184346
1989-12-14,1989,12,348,0.0
1989-12-15,1989,12,349,0.0
1989-12-16,1989,12,350,0.0
1989-12-17,1989,12,351,0.0
1989-12-18,1989,12,352,0.0
1989-12-19,1989,12,353,0.0
1989-12-20,1989,12,354,0.0
1989-12-21,1989,12,355,0.0
1989-12-22,1989,12,356,0.0
1989-12-23,1989,12,357,0.0
1989-12-24,1989,12,358,0.0
1989-12-25,1989,12,359,0.0
1989-12-26,1989,12,360,0.0
1989-12-27,1989,12,361,0.0
1989-12-28,1989,12,362,0.0
1989-12-29,1989,12,363,0.0
1989-12-30,1989,12,364,0.0
1989-12-31,1989,12,365,0.0
1990-01-01,1990,1,1,0.0
1990-01-02,1990,1,2,0.0
1990-01-03,1990,1,3,0.0
1990-01-04,1990,1,4,0.0
1990-01-05,1990,1,5,0.0
1990-01-06,1990,1,6,0.0
1990-01-07,1990,1,7,0.0
1990-01-08,1990,1,8,0.0
1990-01-09,1990,1,9,0.0
1990-01-10,1990,1,10,0.0
1990-01-11,1990,1,11,0.0
1990-01-12,1990,1,12,0.0
1990-01-13,1990,1,13,0.0
1990-01-14,1990,1,14,0.0
1990-01-15,1990,1,15,0.0
1990-01-16,1990,1,16,0.0
1990-01-17,1990,1,17,0.0
1990-01-18,1990,1,18,0.0
1990-01-19,1990,1,19,0.0
1990-01-20,1990,1,20,1.078624381095605
1990-01-21,1990,1,21,0.0
1990-01-22,1990,1,22,0.0
1990-01-23,1990,1,23,0.0
1990-01-24,1990,1,24,0.0
1990-01-25,1990,1,25,0.0
1990-01-26,1990,1,26,0.0024500326816097
1990-01-27,1990,1,27,0.0
1990-01-28,1990,1,28,0.0
1990-01-29,1990,1,29,0.0
1990-01-30,1990,1,30,2.054016602989334
1990-01-31,1990,1,31,0.4289837718112099
1990-02-01,1990,2,32,0.0
1990-02-02,1990,2,33,0.0
1990-02-03,1990,2,34,0.0
1990-02-04,1990,2,35,0.0
1990-02-05,1990,2,36,0.0
1990-02-06,1990,2,37,0.0
1990-02-07,1990,2,38,0.0
1990-02-08,1990,2,39,0.0
1990-02-09,1990,2,40,0.0
1990-02-10,1990,2,41,0.0
1990-02-11,1990,2,42,0.0
1990-02-12,1990,2,43,0.0
1990-02-13,1990,2,44,5.214201860327749
1990-02-14,1990,2,45,0.4059816944670657
1990-02-15,1990,2,46,0.0
1990-02-16,1990,2,47,0.0
1990-02-17,1990,2,48,0.0
1990-02-18,1990,2,49,0.0
1990-02-19,1990,2,50,0.0
1990-02-20,1990,2,51,5.101726043551216
1990-02-21,1990,2,52,8.621834085553552
1990-02-22,1990,2,53,0.0
1990-02-23,1990,2,54,0.1791065614654554
1990-02-24,1990,2,55,0.0
1990-02-25,1990,2,56,0.0
1990-02-26,1990,2,57,0.0
1990-02-27,1990,2,58,0.0
1990-02-28,1990,2,59,0.0
1990-03-01,1990,3,60,0.0
1990-03-02,1990,3,61,0.0
1990-03-03,1990,3,62,4.278240077293317
1990-03-04,1990,3,63,7.916356830690901
1990-03-05,1990,3,64,11.276912847031053
1990-03-06,1990,3,65,0.0
1990-03-07,1990,3,66,0.0
1990-03-08,1990,3,67,0.0
1990-03-09,1990,3,68,2.976093627391152
1990-03-10,1990,3,69,0.0
1990-03-11,1990,3,70,0.0
1990-03-12,1990,3,71,0.0
1990-03-13,1990,3,72,0.0
1990-03-14,1990,3,73,0.0
1990-03-15,1990,3,74,0.0
1990-03-16,1990,3,75,0.0
1990-03-17,1990,3,76,0.0
1990-03-18,1990,3,77,3.065264120812894
1990-03-19,1990,3,78,0.0
1990-03-20,1990,3,79,0.4826260041046469
1990-03-21,1990,3,80,0.0
1990-03-22,1990,3,81,4.466043696305439
1990-03-23,1990,3,82,6.451613408536511
1990-03-24,1990,3,83,0.0
1990-03-25,1990,3,84,0.0
1990-03-26,1990,3,85,0.0
1990-03-27,1990,3,86,0.0
1990-03-28,1990,3,87,1.1993833009054646
1990-03-29,1990,3,88,7.189914092919516
1990-03-30,1990,3,89,1.1194892997096113
1990-03-31,1990,3,90,0.7081134353014988
1990-04-01,1990,4,91,0.0
1990-04-02,1990,4,92,0.0
1990-04-03,1990,4,93,0.0
1990-04-04,1990,4,94,0.0070518202626408
1990-04-05,1990,4,95,6.045282134870841
1990-04-06,1990,4,96,2.26492216130966
1990-04-07,1990,4,97,0.0
1990-04-08,1990,4,98,0.0
1990-04-09,1990,4,99,0.0
1990-04-10,1990,4,100,1.757979886493013
1990-04-11,1990,4,101,0.0
1990-04-12,1990,4,102,0.0
1990-04-13,1990,4,103,2.456678207219924
1990-04-14,1990,4,104,5.9188796363534735
1990-04-15,1990,4,105,3.996188338919389
1990-04-16,1990,4,106,0.6425046463143448
1990-04-17,1990,4,107,9.375146864108174
1990-04-18,1990,4,108,0.2579676549252835
1990-04-19,1990,4,109,0.0072983279632725
1990-04-20,1990,4,110,0.0
1990-04-21,1990,4,111,4.647531724068072
1990-04-22,1990,4,112,5.795671565162902
1990-04-23,1990,4,113,0.0046661128421675
1990-04-24,1990,4,114,4.7792872644533135
1990-04-25,1990,4,115,7.172516565907175
1990-04-26,1990,4,116,3.005933928305814
1990-04-27,1990,4,117,0.2591984185175499
1990-04-28,1990,4,118,0.1194421131588397
1990-04-29,1990,4,119,7.4993281465569614
1990-04-30,1990,4,120,17.78906188750737
1990-05-01,1990,5,121,7.410981841340674
1990-05-02,1990,5,122,1.7034897545947925
1990-05-03,1990,5,123,1.8312798305618123
1990-05-04,1990,5,124,2.409346560624388
1990-05-05,1990,5,125,1.2242804440863642
1990-05-06,1990,5,126,0.0
1990-05-07,1990,5,127,0.0
1990-05-08,1990,5,128,0.0
1990-05-09,1990,5,129,0.0
1990-05-10,1990,5,130,28.662751882425617
1990-05-11,1990,5,131,9.004925149878376
1990-05-12,1990,5,132,7.890610376176616
1990-05-13,1990,5,133,2.009810113048798
1990-05-14,1990,5,134,0.0
1990-05-15,1990,5,135,0.0
1990-05-16,1990,5,136,8.020670701523775
1990-05-17,1990,5,137,0.28502418715012
1990-05-18,1990,5,138,0.0
1990-05-19,1990,5,139,0.0039919500128264
1990-05-20,1990,5,140,0.4699330961694039
1990-05-21,1990,5,141,2.9662698077767344
1990-05-22,1990,5,142,4.140405953390126
1990-05-23,1990,5,143,9.72688009530536
1990-05-24,1990,5,144,15.71358196839575
1990-05-25,1990,5,145,7.500500704962265
1990-05-26,1990,5,146,13.001233563120792
1990-05-27,1990,5,147,6.527244788873063
1990-05-28,1990,5,148,6.1046238422598105
1990-05-29,1990,5,149,12.691420151825731
1990-05-30,1990,5,150,8.779158781304151
1990-05-31,1990,5,151,11.971816300630772
1990-06-01,1990,6,152,18.36590757365909
1990-06-02,1990,6,153,0.0
1990-06-03,1990,6,154,0.0
1990-06-04,1990,6,155,0.0
1990-06-05,1990,6,156,5.454143207095686
1990-06-06,1990,6,157,2.7890497279555344
1990-06-07,1990,6,158,1.0377854012789234
1990-06-08,1990,6,159,10.34969151980262
1990-06-09,1990,6,160,8.190347065247321
1990-06-10,1990,6,161,32.0609756386372
1990-06-11,1990,6,162,8.44426046443374
1990-06-12,1990,6,163,18.38182859453465
1990-06-13,1990,6,164,1.6044966922729778
1990-06-14,1990,6,165,1.5550971802933768
1990-06-15,1990,6,166,0.0
1990-06-16,1990,6,167,4.749707389970876
1990-06-17,1990,6,168,5.085573552659974
1990-06-18,1990,6,169,17.1487859197427
1990-06-19,1990,6,170,5.442362530219217
1990-06-20,1990,6,171,6.024278692230774
1990-06-21,1990,6,172,22.08852863005317
1990-06-22,1990,6,173,0.0092119471885857
1990-06-23,1990,6,174,23.097919411606124
1990-06-24,1990,6,175,5.880035146343064
1990-06-25,1990,6,176,8.083142403771763
1990-06-26,1990,6,177,0.2531395178119035
1990-06-27,1990,6,178,0.0
1990-06-28,1990,6,179,9.152945709208083
1990-06-29,1990,6,180,27.81650221112864
1990-06-30,1990,6,181,15.747162983166218
1990-07-01,1990,7,182,6.687187555312295
1990-07-02,1990,7,183,0.0
1990-07-03,1990,7,184,3.66535845324844
1990-07-04,1990,7,185,7.03351837268934
1990-07-05,1990,7,186,17.037927741767405
1990-07-06,1990,7,187,14.373537298544107
1990-07-07,1990,7,188,9.569774983627935
1990-07-08,1990,7,189,0.0
1990-07-09,1990,7,190,7.278862051301874
1990-07-10,1990,7,191,8.38624403235641
1990-07-11,1990,7,192,0.0
1990-07-12,1990,7,193,0.8620898383442112
1990-07-13,1990,7,194,1.4500298127212787
1990-07-14,1990,7,195,10.152107622037102
1990-07-15,1990,7,196,9.232821195883536
1990-07-16,1990,7,197,1.2227105414039985
1990-07-17,1990,7,198,2.4073579175000326
1990-07-18,1990,7,199,10.418143422662853
1990-07-19,1990,7,200,9.09718901046648
1990-07-20,1990,7,201,4.872020672556674
1990-07-21,1990,7,202,10.678104733133685
1990-07-22,1990,7,203,14.128431571479936
1990-07-23,1990,7,204,1.1995247301119665
1990-07-24,1990,7,205,0.0
1990-07-25,1990,7,206,0.0
1990-07-26,1990,7,207,1.0645854730532531
1990-07-27,1990,7,208,0.1969499564518148
1990-07-28,1990,7,209,5.956079219586848
1990-07-29,1990,7,210,11.928832957554595
1990-07-30,1990,7,211,15.464991396680896
1990-07-31,1990,7,212,12.486632257010454
1990-08-01,1990,8,213,0.2630714520288515
1990-08-02,1990,8,214,5.859872639536757
1990-08-03,1990,8,215,5.859872639536757
1990-08-04,1990,8,216,0.0
1990-08-05,1990,8,217,2.630097082464125
1990-08-06,1990,8,218,11.878087771378118
1990-08-07,1990,8,219,0.0974206417773458
1990-08-08,1990,8,220,0.0
1990-08-09,1990,8,221,0.0
1990-08-10,1990,8,222,3.4561630800021645
1990-08-11,1990,8,223,0.0448371405875264
1990-08-12,1990,8,224,14.10794128856806
1990-08-13,1990,8,225,4.091140086669236
1990-08-14,1990,8,226,3.8598702546359136
1990-08-15,1990,8,227,2.035669013998298
1990-08-16,1990,8,228,8.671202333849928
1990-08-17,1990,8,229,0.0
1990-08-18,1990,8,230,0.2488385721875136
1990-08-19,1990,8,231,1.98500101210832
1990-08-20,1990,8,232,0.0
1990-08-21,1990,8,233,0.0
1990-08-22,1990,8,234,14.996798965597929
1990-08-23,1990,8,235,9.750937898953756
1990-08-24,1990,8,236,2.2471465511309763
1990-08-25,1990,8,237,3.5463921779634204
1990-08-26,1990,8,238,5.56711275473352
1990-08-27,1990,8,239,5.87750907555133
1990-08-28,1990,8,240,9.455522349990115
1990-08-29,1990,8,241,1.1573229435681276
1990-08-30,1990,8,242,5.87750907555133
1990-08-31,1990,8,243,6.502298777493638
1990-09-01,1990,9,244,15.111851774022028
1990-09-02,1990,9,245,8.050202469082093
1990-09-03,1990,9,246,0.0
1990-09-04,1990,9,247,8.395741831571911
1990-09-05,1990,9,248,19.375570951002526
1990-09-06,1990,9,249,20.649460312639835
1990-09-07,1990,9,250,26.2365313569194
1990-09-08,1990,9,251,7.701693865613441
1990-09-09,1990,9,252,0.0
1990-09-10,1990,9,253,0.0
1990-09-11,1990,9,254,11.5180448820781
1990-09-12,1990,9,255,7.190071345448187
1990-09-13,1990,9,256,2.558401402031752
1990-09-14,1990,9,257,7.549097209990077
1990-09-15,1990,9,258,20.7299966428049
1990-09-16,1990,9,259,0.0
1990-09-17,1990,9,260,15.089871222276209
1990-09-18,1990,9,261,12.428448972685684
1990-09-19,1990,9,262,0.0
1990-09-20,1990,9,263,21.40599470763709
1990-09-21,1990,9,264,0.0
1990-09-22,1990,9,265,4.608809842548518
1990-09-23,1990,9,266,0.0
1990-09-24,1990,9,267,0.1691163936127121
1990-09-25,1990,9,268,24.158332956276496
1990-09-26,1990,9,269,14.833429879782644
1990-09-27,1990,9,270,21.639264870016824
1990-09-28,1990,9,271,15.39972591318426
1990-09-29,1990,9,272,2.838634196569905
1990-09-30,1990,9,273,4.333562016895724
1990-10-01,1990,10,274,9.49957679619417
1990-10-02,1990,10,275,1.76289807953381
1990-10-03,1990,10,276,9.83057930884243
1990-10-04,1990,10,277,16.172382638918204
1990-10-05,1990,10,278,1.066368313048166
1990-10-06,1990,10,279,0.0
1990-10-07,1990,10,280,2.2961088473100184
1990-10-08,1990,10,281,1.0633268507505549
1990-10-09,1990,10,282,1.004692036929862
1990-10-10,1990,10,283,12.829671295616702
1990-10-11,1990,10,284,2.4180807145416177
1990-10-12,1990,10,285,2.9914020704937068
1990-10-13,1990,10,286,6.907471356784164
1990-10-14,1990,10,287,3.032771369791889
1990-10-15,1990,10,288,0.4560279973879162
1990-10-16,1990,10,289,2.3817197443995606
1990-10-17,1990,10,290,0.4140321587331293
1990-10-18,1990,10,291,10.464948368256378
1990-10-19,1990,10,292,2.489723912445827
1990-10-20,1990,10,293,3.5433157061345577
1990-10-21,1990,10,294,14.431357485878232
1990-10-22,1990,10,295,5.764943285895496
1990-10-23,1990,10,296,6.990475377570694
1990-10-24,1990,10,297,0.0
1990-10-25,1990,10,298,0.0357875727953416
1990-10-26,1990,10,299,1.3752737994263493
1990-10-27,1990,10,300,9.907940568225245
1990-10-28,1990,10,301,2.456614773602392
1990-10-29,1990,10,302,0.0
1990-10-30,1990,10,303,0.0
1990-10-31,1990,10,304,0.0
1990-11-01,1990,11,305,0.0
1990-11-02,1990,11,306,0.0
1990-11-03,1990,11,307,0.0
1990-11-04,1990,11,308,5.225737321856906
1990-11-05,1990,11,309,5.334050360865949
1990-11-06,1990,11,310,10.467030125902369
1990-11-07,1990,11,311,0.0
1990-11-08,1990,11,312,0.0237077530776729
1990-11-09,1990,11,313,10.497483064398974
1990-11-10,1990,11,314,0.3757078049013323
1990-11-11,1990,11,315,0.0
1990-11-12,1990,11,316,0.0
1990-11-13,1990,11,317,0.0
1990-11-14,1990,11,318,0.0
1990-11-15,1990,11,319,6.27344714389873
1990-11-16,1990,11,320,0.0043357010059307
1990-11-17,1990,11,321,0.95630030102881
1990-11-18,1990,11,322,0.0
1990-11-19,1990,11,323,0.0
1990-11-20,1990,11,324,0.0
1990-11-21,1990,11,325,0.0
1990-11-22,1990,11,326,0.0
1990-11-23,1990,11,327,0.0
1990-11-24,1990,11,328,0.0
1990-11-25,1990,11,329,0.0
1990-11-26,1990,11,330,0.0
1990-11-27,1990,11,331,0.4073941343700978
1990-11-28,1990,11,332,0.0
1990-11-29,1990,11,333,0.0665796752811602
1990-11-30,1990,11,334,10.446132976884195
1990-12-01,1990,12,335,0.0
1990-12-02,1990,12,336,0.0
1990-12-03,1990,12,337,6.144553745722505
1990-12-04,1990,12,338,0.8537825619755592
1990-12-05,1990,12,339,16.21078067246726
1990-12-06,1990,12,340,0.0
1990-12-07,1990,12,341,0.0
1990-12-08,1990,12,342,4.380496769862595
1990-12-09,1990,12,343,0.0
1990-12-10,1990,12,344,0.0
1990-12-11,1990,12,345,0.0
1990-12-12,1990,12,346,0.0
1990-12-13,1990,12,347,0.0
1990-12-14,1990,12,348,0.0
1990-12-15,1990,12,349,0.0
1990-12-16,1990,12,350,0.0
1990-12-17,1990,12,351,0.0
1990-12-18,1990,12,352,0.0
1990-12-19,1990,12,353,0.0
1990-12-20,1990,12,354,0.0
1990-12-21,1990,12,355,0.0
1990-12-22,1990,12,356,0.0
1990-12-23,1990,12,357,0.0
1990-12-24,1990,12,358,0.0
1990-12-25,1990,12,359,0.0
1990-12-26,1990,12,360,0.0
1990-12-27,1990,12,361,0.0
1990-12-28,1990,12,362,0.0
1990-12-29,1990,12,363,0.0
1990-12-30,1990,12,364,0.0
1990-12-31,1990,12,365,0.0
1991-01-01,1991,1,1,1.781613850041956
1991-01-02,1991,1,2,1.4540499520792138
1991-01-03,1991,1,3,0.6861176482100925
1991-01-04,1991,1,4,0.0376056566540768
1991-01-05,1991,1,5,0.0
1991-01-06,1991,1,6,0.8484658054439249
1991-01-07,1991,1,7,0.0
1991-01-08,1991,1,8,0.0
1991-01-09,1991,1,9,0.0
1991-01-10,1991,1,10,0.0
1991-01-11,1991,1,11,0.0
1991-01-12,1991,1,12,0.0
1991-01-13,1991,1,13,0.0
1991-01-14,1991,1,14,0.0
1991-01-15,1991,1,15,0.0
1991-01-16,1991,1,16,0.0
1991-01-17,1991,1,17,0.0
1991-01-18,1991,1,18,0.0
1991-01-19,1991,1,19,0.0
1991-01-20,1991,1,20,0.395448538234526
1991-01-21,1991,1,21,0.0
1991-01-22,1991,1,22,0.0
1991-01-23,1991,1,23,0.0
1991-01-24,1991,1,24,0.0
1991-01-25,1991,1,25,0.0
1991-01-26,1991,1,26,0.0
1991-01-27,1991,1,27,0.0
1991-01-28,1991,1,28,0.0
1991-01-29,1991,1,29,0.0
1991-01-30,1991,1,30,0.0
1991-01-31,1991,1,31,0.0
1991-02-01,1991,2,32,0.0
1991-02-02,1991,2,33,0.0
1991-02-03,1991,2,34,0.964010925403291
1991-02-04,1991,2,35,0.0
1991-02-05,1991,2,36,0.0
1991-02-06,1991,2,37,0.0
1991-02-07,1991,2,38,0.0
1991-02-08,1991,2,39,0.0
1991-02-09,1991,2,40,0.0
1991-02-10,1991,2,41,2.4287818654950297
1991-02-11,1991,2,42,0.8345818176367596
1991-02-12,1991,2,43,0.0
1991-02-13,1991,2,44,0.0
1991-02-14,1991,2,45,0.0
1991-02-15,1991,2,46,0.0
1991-02-16,1991,2,47,0.0
1991-02-17,1991,2,48,0.0
1991-02-18,1991,2,49,0.0
1991-02-19,1991,2,50,0.0
1991-02-20,1991,2,51,2.750396441779999
1991-02-21,1991,2,52,0.0
1991-02-22,1991,2,53,0.0
1991-02-23,1991,2,54,0.0
1991-02-24,1991,2,55,0.0
1991-02-25,1991,2,56,0.0
1991-02-26,1991,2,57,0.0
1991-02-27,1991,2,58,0.1454884241867392
1991-02-28,1991,2,59,0.2421716921791217
1991-03-01,1991,3,60,0.0
1991-03-02,1991,3,61,0.4196349728689709
1991-03-03,1991,3,62,0.0
1991-03-04,1991,3,63,0.0
1991-03-05,1991,3,64,0.0
1991-03-06,1991,3,65,0.0
1991-03-07,1991,3,66,0.0
1991-03-08,1991,3,67,0.0
1991-03-09,1991,3,68,0.0
1991-03-10,1991,3,69,7.002538234327428
1991-03-11,1991,3,70,2.11933562902681
1991-03-12,1991,3,71,0.0053367894637656
1991-03-13,1991,3,72,0.0
1991-03-14,1991,3,73,0.0
1991-03-15,1991,3,74,0.0
1991-03-16,1991,3,75,0.0
1991-03-17,1991,3,76,0.0
1991-03-18,1991,3,77,0.0
1991-03-19,1991,3,78,0.0
1991-03-20,1991,3,79,0.0
1991-03-21,1991,3,80,0.0
1991-03-22,1991,3,81,0.0
1991-03-23,1991,3,82,0.0
1991-03-24,1991,3,83,0.0
1991-03-25,1991,3,84,3.510293242966097
1991-03-26,1991,3,85,0.0
1991-03-27,1991,3,86,1.329405007958923
1991-03-28,1991,3,87,0.0
1991-03-29,1991,3,88,0.0
1991-03-30,1991,3,89,0.0
1991-03-31,1991,3,90,0.9139305987517448
1991-04-01,1991,4,91,0.0
1991-04-02,1991,4,92,0.0
1991-04-03,1991,4,93,0.0
1991-04-04,1991,4,94,0.0
1991-04-05,1991,4,95,0.397443367460393
1991-04-06,1991,4,96,0.0
1991-04-07,1991,4,97,3.6831051715950536
1991-04-08,1991,4,98,0.1703741833401625
1991-04-09,1991,4,99,0.0
1991-04-10,1991,4,100,0.0
1991-04-11,1991,4,101,0.0
1991-04-12,1991,4,102,0.0
1991-04-13,1991,4,103,0.0
1991-04-14,1991,4,104,0.0
1991-04-15,1991,4,105,0.0
1991-04-16,1991,4,106,0.0
1991-04-17,1991,4,107,0.0
1991-04-18,1991,4,108,1.1373792715121664
1991-04-19,1991,4,109,0.0053885468531594
1991-04-20,1991,4,110,0.0
1991-04-21,1991,4,111,0.0
1991-04-22,1991,4,112,1.647253106778365
1991-04-23,1991,4,113,0.0
1991-04-24,1991,4,114,0.0
1991-04-25,1991,4,115,0.0
1991-04-26,1991,4,116,1.615710599767723
1991-04-27,1991,4,117,0.0975410322297201
1991-04-28,1991,4,118,0.1916609210342858
1991-04-29,1991,4,119,12.199076457828564
1991-04-30,1991,4,120,4.8998709759246415
1991-05-01,1991,5,121,6.060734381354969
1991-05-02,1991,5,122,0.0
1991-05-03,1991,5,123,1.6421734399538117
1991-05-04,1991,5,124,0.0
1991-05-05,1991,5,125,0.0870992783919909
1991-05-06,1991,5,126,0.0525942527032245
1991-05-07,1991,5,127,1.4917333703216775
1991-05-08,1991,5,128,0.0
1991-05-09,1991,5,129,5.433891859591876
1991-05-10,1991,5,130,8.118661941527913
1991-05-11,1991,5,131,24.659968574943967
1991-05-12,1991,5,132,13.024959024753752
1991-05-13,1991,5,133,4.9222409996398016
1991-05-14,1991,5,134,8.294971719601264
1991-05-15,1991,5,135,11.33415587579683
1991-05-16,1991,5,136,2.321947851646836
1991-05-17,1991,5,137,13.337122983675078
1991-05-18,1991,5,138,5.812302573378922
1991-05-19,1991,5,139,11.36799908103142
1991-05-20,1991,5,140,4.547316315139372
1991-05-21,1991,5,141,0.0881053559680013
1991-05-22,1991,5,142,5.517611128352295
1991-05-23,1991,5,143,5.140387018266252
1991-05-24,1991,5,144,4.211034601175999
1991-05-25,1991,5,145,10.2740366788838
1991-05-26,1991,5,146,4.464191425122456
1991-05-27,1991,5,147,16.67244453172757
1991-05-28,1991,5,148,10.265745846450892
1991-05-29,1991,5,149,6.406201647302486
1991-05-30,1991,5,150,10.908843570523723
1991-05-31,1991,5,151,0.0
1991-06-01,1991,6,152,6.848241806643176
1991-06-02,1991,6,153,21.861835978025027
1991-06-03,1991,6,154,15.57244847458249
1991-06-04,1991,6,155,20.94002999438112
1991-06-05,1991,6,156,0.0
1991-06-06,1991,6,157,1.375149482524385
1991-06-07,1991,6,158,1.7860175241439284
1991-06-08,1991,6,159,6.409077850282957
1991-06-09,1991,6,160,23.076909825448407
1991-06-10,1991,6,161,4.676396282187056
1991-06-11,1991,6,162,6.33462036432317
1991-06-12,1991,6,163,8.580653057102476
1991-06-13,1991,6,164,11.81175513214399
1991-06-14,1991,6,165,0.0
1991-06-15,1991,6,166,0.3013269562136954
1991-06-16,1991,6,167,8.32109993588955
1991-06-17,1991,6,168,0.0
1991-06-18,1991,6,169,0.0211779435884268
1991-06-19,1991,6,170,5.919882341746909
1991-06-20,1991,6,171,12.546894607527602
1991-06-21,1991,6,172,1.0775941426465936
1991-06-22,1991,6,173,11.77880546866877
1991-06-23,1991,6,174,52.703653454065545
1991-06-24,1991,6,175,10.3589972173851
1991-06-25,1991,6,176,7.992340412319677
1991-06-26,1991,6,177,9.975155740491118
1991-06-27,1991,6,178,31.73079767284377
1991-06-28,1991,6,179,20.13628989422332
1991-06-29,1991,6,180,11.005682468618607
1991-06-30,1991,6,181,9.825556897667605
1991-07-01,1991,7,182,8.483059528860762
1991-07-02,1991,7,183,11.663486834765504
1991-07-03,1991,7,184,2.377403939853087
1991-07-04,1991,7,185,8.187778678937356
1991-07-05,1991,7,186,24.7253030807214
1991-07-06,1991,7,187,14.417731171912788
1991-07-07,1991,7,188,8.527313313120535
1991-07-08,1991,7,189,4.888307686636565
1991-07-09,1991,7,190,0.0
1991-07-10,1991,7,191,0.0
1991-07-11,1991,7,192,0.042606252426762
1991-07-12,1991,7,193,0.8579818038932259
1991-07-13,1991,7,194,0.0
1991-07-14,1991,7,195,0.0
1991-07-15,1991,7,196,0.0
1991-07-16,1991,7,197,0.19810713879962
1991-07-17,1991,7,198,0.0
1991-07-18,1991,7,199,0.0179192543846986
1991-07-19,1991,7,200,3.719500972147977
1991-07-20,1991,7,201,0.6308944656385147
1991-07-21,1991,7,202,0.5449846225512162
1991-07-22,1991,7,203,15.867701651198086
1991-07-23,1991,7,204,0.0
1991-07-24,1991,7,205,0.0
1991-07-25,1991,7,206,0.0
1991-07-26,1991,7,207,0.0818342782537857
1991-07-27,1991,7,208,2.2269617316042547
1991-07-28,1991,7,209,0.0
1991-07-29,1991,7,210,0.0
1991-07-30,1991,7,211,0.0
1991-07-31,1991,7,212,0.0050437076539184
1991-08-01,1991,8,213,0.9063710747565996
1991-08-02,1991,8,214,0.0
1991-08-03,1991,8,215,3.6555486431771502
1991-08-04,1991,8,216,8.138711739219758
1991-08-05,1991,8,217,10.10266271869444
1991-08-06,1991,8,218,7.20574681893719
1991-08-07,1991,8,219,12.746916534559483
1991-08-08,1991,8,220,0.0
1991-08-09,1991,8,221,1.4609870269141243
1991-08-10,1991,8,222,8.529204271344316
1991-08-11,1991,8,223,0.0
1991-08-12,1991,8,224,2.5907079524583256
1991-08-13,1991,8,225,0.2269492888409762
1991-08-14,1991,8,226,0.1723395512976397
1991-08-15,1991,8,227,3.086111366059296
1991-08-16,1991,8,228,8.329378300174854
1991-08-17,1991,8,229,1.66774956089059
1991-08-18,1991,8,230,6.687357695468389
1991-08-19,1991,8,231,6.737567640004653
1991-08-20,1991,8,232,3.463743331397612
1991-08-21,1991,8,233,0.0250613280821786
1991-08-22,1991,8,234,4.333938373698062
1991-08-23,1991,8,235,10.771923013906145
1991-08-24,1991,8,236,8.621854653088786
1991-08-25,1991,8,237,0.219370319737056
1991-08-26,1991,8,238,4.425996636874469
1991-08-27,1991,8,239,0.0
1991-08-28,1991,8,240,0.0
1991-08-29,1991,8,241,0.0
1991-08-30,1991,8,242,0.3466894446833071
1991-08-31,1991,8,243,1.3176436634684798
1991-09-01,1991,9,244,1.2508473079635634
1991-09-02,1991,9,245,27.3189729602294
1991-09-03,1991,9,246,5.7856682552265735
1991-09-04,1991,9,247,4.441138287538531
1991-09-05,1991,9,248,15.58063412877159
1991-09-06,1991,9,249,22.05685379123116
1991-09-07,1991,9,250,0.0
1991-09-08,1991,9,251,0.0
1991-09-09,1991,9,252,0.0
1991-09-10,1991,9,253,0.0
1991-09-11,1991,9,254,0.0
1991-09-12,1991,9,255,0.750241309532061
1991-09-13,1991,9,256,8.668622715511992
1991-09-14,1991,9,257,11.162497184576903
1991-09-15,1991,9,258,9.002448489345236
1991-09-16,1991,9,259,0.0
1991-09-17,1991,9,260,0.0
1991-09-18,1991,9,261,0.0
1991-09-19,1991,9,262,1.3281637978737644
1991-09-20,1991,9,263,18.57662180201457
1991-09-21,1991,9,264,15.0640379971894
1991-09-22,1991,9,265,4.614639894617043
1991-09-23,1991,9,266,16.128017390090992
1991-09-24,1991,9,267,13.683236060432623
1991-09-25,1991,9,268,26.79910598499917
1991-09-26,1991,9,269,4.334325418987127
1991-09-27,1991,9,270,14.080085112278342
1991-09-28,1991,9,271,19.2656501291548
1991-09-29,1991,9,272,0.0
1991-09-30,1991,9,273,0.0
1991-10-01,1991,10,274,0.0
1991-10-02,1991,10,275,0.3017154389604505
1991-10-03,1991,10,276,7.186812610838695
1991-10-04,1991,10,277,13.27348119740621
1991-10-05,1991,10,278,27.58158763106705
1991-10-06,1991,10,279,0.0
1991-10-07,1991,10,280,32.41006510341484
1991-10-08,1991,10,281,0.4127307285482084
1991-10-09,1991,10,282,6.86614890168034
1991-10-10,1991,10,283,0.2797348395104886
1991-10-11,1991,10,284,7.53627510140263
1991-10-12,1991,10,285,9.1400696867638
1991-10-13,1991,10,286,8.962717165166534
1991-10-14,1991,10,287,14.43026257868802
1991-10-15,1991,10,288,13.289911853214972
1991-10-16,1991,10,289,2.535732694027663
1991-10-17,1991,10,290,0.0
1991-10-18,1991,10,291,0.0
1991-10-19,1991,10,292,3.987730309201186
1991-10-20,1991,10,293,2.581687442594445
1991-10-21,1991,10,294,2.203379351048768
1991-10-22,1991,10,295,13.320941625442275
1991-10-23,1991,10,296,11.026538840653863
1991-10-24,1991,10,297,4.095116300213103
1991-10-25,1991,10,298,1.4531104526871172
1991-10-26,1991,10,299,11.82119253157752
1991-10-27,1991,10,300,0.0
1991-10-28,1991,10,301,0.00309905325539
1991-10-29,1991,10,302,0.0
1991-10-30,1991,10,303,0.0
1991-10-31,1991,10,304,0.0
1991-11-01,1991,11,305,0.0
1991-11-02,1991,11,306,0.0
1991-11-03,1991,11,307,0.0
1991-11-04,1991,11,308,0.0
1991-11-05,1991,11,309,9.240357831695087
1991-11-06,1991,11,310,6.56834545100767
1991-11-07,1991,11,311,3.5322786329797737
1991-11-08,1991,11,312,4.571131822510265
1991-11-09,1991,11,313,0.0
1991-11-10,1991,11,314,0.0
1991-11-11,1991,11,315,0.0
1991-11-12,1991,11,316,0.0
1991-11-13,1991,11,317,0.0
1991-11-14,1991,11,318,0.0
1991-11-15,1991,11,319,0.0
1991-11-16,1991,11,320,0.0
1991-11-17,1991,11,321,0.0
1991-11-18,1991,11,322,0.0
1991-11-19,1991,11,323,3.226957453374896
1991-11-20,1991,11,324,5.759139799545644
1991-11-21,1991,11,325,0.1544559314502235
1991-11-22,1991,11,326,0.0
1991-11-23,1991,11,327,0.0
1991-11-24,1991,11,328,0.0
1991-11-25,1991,11,329,0.0
1991-11-26,1991,11,330,0.0
1991-11-27,1991,11,331,0.0
1991-11-28,1991,11,332,0.0
1991-11-29,1991,11,333,0.2760055727088359
1991-11-30,1991,11,334,0.0
1991-12-01,1991,12,335,0.0
1991-12-02,1991,12,336,0.0
1991-12-03,1991,12,337,3.880604968739046
1991-12-04,1991,12,338,22.91232800749294
1991-12-05,1991,12,339,0.0
1991-12-06,1991,12,340,0.0
1991-12-07,1991,12,341,0.0
1991-12-08,1991,12,342,0.0
1991-12-09,1991,12,343,0.0
1991-12-10,1991,12,344,0.0
1991-12-11,1991,12,345,0.0
1991-12-12,1991,12,346,0.0
1991-12-13,1991,12,347,0.0
1991-12-14,1991,12,348,0.0
1991-12-15,1991,12,349,0.0
1991-12-16,1991,12,350,0.0
1991-12-17,1991,12,351,0.0
1991-12-18,1991,12,352,0.6799478719861668
1991-12-19,1991,12,353,0.0
1991-12-20,1991,12,354,0.0
1991-12-21,1991,12,355,0.0
1991-12-22,1991,12,356,0.0
1991-12-23,1991,12,357,0.0091713614563913
1991-12-24,1991,12,358,3.0504854130714287
1991-12-25,1991,12,359,0.0
1991-12-26,1991,12,360,0.0
1991-12-27,1991,12,361,0.0
1991-12-28,1991,12,362,0.0
1991-12-29,1991,12,363,0.0
1991-12-30,1991,12,364,0.0
1991-12-31,1991,12,365,0.0
1992-01-01,1992,1,1,0.0
1992-01-02,1992,1,2,0.0
1992-01-03,1992,1,3,0.0
1992-01-04,1992,1,4,0.0
1992-01-05,1992,1,5,0.0
1992-01-06,1992,1,6,0.3591888062751692
1992-01-07,1992,1,7,0.0
1992-01-08,1992,1,8,0.0
1992-01-09,1992,1,9,0.0
1992-01-10,1992,1,10,0.0
1992-01-11,1992,1,11,0.0
1992-01-12,1992,1,12,0.0
1992-01-13,1992,1,13,0.0
1992-01-14,1992,1,14,0.5116424117725735
1992-01-15,1992,1,15,0.0
1992-01-16,1992,1,16,0.0
1992-01-17,1992,1,17,0.0
1992-01-18,1992,1,18,1.348631582407228
1992-01-19,1992,1,19,0.0571215122095417
1992-01-20,1992,1,20,0.0
1992-01-21,1992,1,21,0.1215180939553431
1992-01-22,1992,1,22,0.2913368838330876
1992-01-23,1992,1,23,0.0
1992-01-24,1992,1,24,0.0
1992-01-25,1992,1,25,0.0
1992-01-26,1992,1,26,0.0
1992-01-27,1992,1,27,0.0
1992-01-28,1992,1,28,1.382393509072939
1992-01-29,1992,1,29,0.4618089875811272
1992-01-30,1992,1,30,0.0
1992-01-31,1992,1,31,0.0
1992-02-01,1992,2,32,0.0
1992-02-02,1992,2,33,1.0394166612992863
1992-02-03,1992,2,34,0.2782184673152423
1992-02-04,1992,2,35,0.5919345431380938
1992-02-05,1992,2,36,0.5919345431380938
1992-02-06,1992,2,37,0.8021143261142133
1992-02-07,1992,2,38,0.0
1992-02-08,1992,2,39,0.0
1992-02-09,1992,2,40,0.0
1992-02-10,1992,2,41,0.0
1992-02-11,1992,2,42,0.0
1992-02-12,1992,2,43,0.0
1992-02-13,1992,2,44,0.0
1992-02-14,1992,2,45,0.0
1992-02-15,1992,2,46,0.0
1992-02-16,1992,2,47,0.0
1992-02-17,1992,2,48,0.0
1992-02-18,1992,2,49,1.7646153509463625
1992-02-19,1992,2,50,0.0
1992-02-20,1992,2,51,0.0
1992-02-21,1992,2,52,0.0
1992-02-22,1992,2,53,2.649745101742798
1992-02-23,1992,2,54,0.065488506201096
1992-02-24,1992,2,55,0.0588648599135947
1992-02-25,1992,2,56,0.0588648599135947
1992-02-26,1992,2,57,0.0
1992-02-27,1992,2,58,0.0
1992-02-28,1992,2,59,0.0
1992-02-29,1992,2,60,0.0
1992-03-01,1992,3,61,0.0
1992-03-02,1992,3,62,0.0
1992-03-03,1992,3,63,0.0
1992-03-04,1992,3,64,0.0
1992-03-05,1992,3,65,0.0
1992-03-06,1992,3,66,0.0
1992-03-07,1992,3,67,0.0
1992-03-08,1992,3,68,0.0
1992-03-09,1992,3,69,0.0
1992-03-10,1992,3,70,0.0
1992-03-11,1992,3,71,0.0
1992-03-12,1992,3,72,0.0
1992-03-13,1992,3,73,0.0
1992-03-14,1992,3,74,0.0
1992-03-15,1992,3,75,0.0711561781581692
1992-03-16,1992,3,76,0.4561246354148851
1992-03-17,1992,3,77,0.0
1992-03-18,1992,3,78,1.0788644969003671
1992-03-19,1992,3,79,0.0
1992-03-20,1992,3,80,0.0
1992-03-21,1992,3,81,0.0
1992-03-22,1992,3,82,0.0693481682505276
1992-03-23,1992,3,83,0.0
1992-03-24,1992,3,84,0.0146854549978365
1992-03-25,1992,3,85,3.0709392304796386
1992-03-26,1992,3,86,9.994644955885953
1992-03-27,1992,3,87,8.965735841328607
1992-03-28,1992,3,88,0.0
1992-03-29,1992,3,89,0.3001458440566533
1992-03-30,1992,3,90,7.5225699741613585
1992-03-31,1992,3,91,14.191756797633625
1992-04-01,1992,4,92,10.241722808450133
1992-04-02,1992,4,93,4.820825554717783
1992-04-03,1992,4,94,1.7969554655553956
1992-04-04,1992,4,95,0.2972528565716519
1992-04-05,1992,4,96,2.008993049615862
1992-04-06,1992,4,97,0.0
1992-04-07,1992,4,98,0.0
1992-04-08,1992,4,99,0.0
1992-04-09,1992,4,100,0.0
1992-04-10,1992,4,101,0.0
1992-04-11,1992,4,102,0.0
1992-04-12,1992,4,103,6.2115291728356405
1992-04-13,1992,4,104,0.0
1992-04-14,1992,4,105,5.549554255162945
1992-04-15,1992,4,106,0.0
1992-04-16,1992,4,107,0.0
1992-04-17,1992,4,108,0.0026035357103862
1992-04-18,1992,4,109,0.4580808720378255
1992-04-19,1992,4,110,0.0
1992-04-20,1992,4,111,0.0
1992-04-21,1992,4,112,0.0
1992-04-22,1992,4,113,0.0
1992-04-23,1992,4,114,7.758280953588708
1992-04-24,1992,4,115,0.0
1992-04-25,1992,4,116,0.0
1992-04-26,1992,4,117,0.0
1992-04-27,1992,4,118,0.0
1992-04-28,1992,4,119,0.0
1992-04-29,1992,4,120,2.525764963288744
1992-04-30,1992,4,121,1.583250572386213
1992-05-01,1992,5,122,7.214517753299934
1992-05-02,1992,5,123,2.6579364511633696
1992-05-03,1992,5,124,0.7673937443391626
1992-05-04,1992,5,125,4.8914722349772415
1992-05-05,1992,5,126,0.0
1992-05-06,1992,5,127,0.0
1992-05-07,1992,5,128,9.328466879167204
1992-05-08,1992,5,129,0.0
1992-05-09,1992,5,130,0.0
1992-05-10,1992,5,131,1.391496704905689
1992-05-11,1992,5,132,1.0239482384618777
1992-05-12,1992,5,133,0.0023725026677384
1992-05-13,1992,5,134,0.0
1992-05-14,1992,5,135,7.601710169766842
1992-05-15,1992,5,136,1.6055791606071574
1992-05-16,1992,5,137,8.616893941557294
1992-05-17,1992,5,138,4.783271071639138
1992-05-18,1992,5,139,9.389729444655782
1992-05-19,1992,5,140,0.0
1992-05-20,1992,5,141,0.0
1992-05-21,1992,5,142,1.7071540694310303
1992-05-22,1992,5,143,7.045123779579627
1992-05-23,1992,5,144,11.012654406297075
1992-05-24,1992,5,145,7.169470768712379
1992-05-25,1992,5,146,9.582500995380205
1992-05-26,1992,5,147,4.464021237466513
1992-05-27,1992,5,148,9.539884960641183
1992-05-28,1992,5,149,4.925306655140953
1992-05-29,1992,5,150,1.7277114615801978
1992-05-30,1992,5,151,4.069180610911296
1992-05-31,1992,5,152,4.184260266426801
1992-06-01,1992,6,153,3.974867404681961
1992-06-02,1992,6,154,8.62002655238092
1992-06-03,1992,6,155,11.538642557850228
1992-06-04,1992,6,156,5.081253628906473
1992-06-05,1992,6,157,17.65282931323734
1992-06-06,1992,6,158,0.759597511810427
1992-06-07,1992,6,159,12.519184361335656
1992-06-08,1992,6,160,12.750850816720968
1992-06-09,1992,6,161,1.539061280020099
1992-06-10,1992,6,162,2.1695135075666
1992-06-11,1992,6,163,7.693525848065876
1992-06-12,1992,6,164,6.938037588234732
1992-06-13,1992,6,165,19.43434698354922
1992-06-14,1992,6,166,7.0182389847314965
1992-06-15,1992,6,167,7.390849470785774
1992-06-16,1992,6,168,16.416937109539422
1992-06-17,1992,6,169,0.0274229450111421
1992-06-18,1992,6,170,3.06409419471623
1992-06-19,1992,6,171,12.947140441557844
1992-06-20,1992,6,172,23.114195455928694
1992-06-21,1992,6,173,2.245751422393394
1992-06-22,1992,6,174,24.183346315848084
1992-06-23,1992,6,175,10.841639400447855
1992-06-24,1992,6,176,7.792720447367039
1992-06-25,1992,6,177,15.544717020322446
1992-06-26,1992,6,178,17.291784190682133
1992-06-27,1992,6,179,15.996914951844202
1992-06-28,1992,6,180,14.911681368602276
1992-06-29,1992,6,181,4.102777767916878
1992-06-30,1992,6,182,10.32485153599488
1992-07-01,1992,7,183,15.403834958922287
1992-07-02,1992,7,184,5.655787384244451
1992-07-03,1992,7,185,26.98188183219799
1992-07-04,1992,7,186,0.0
1992-07-05,1992,7,187,0.0
1992-07-06,1992,7,188,3.81159345732863
1992-07-07,1992,7,189,2.8640038943127277
1992-07-08,1992,7,190,10.167537395322842
1992-07-09,1992,7,191,0.0
1992-07-10,1992,7,192,3.21990353691343
1992-07-11,1992,7,193,14.03975962325867
1992-07-12,1992,7,194,9.750498653581843
1992-07-13,1992,7,195,11.602187878061995
1992-07-14,1992,7,196,6.931960017025318
1992-07-15,1992,7,197,0.0012109214256436
1992-07-16,1992,7,198,0.8869242786646094
1992-07-17,1992,7,199,8.03930836216241
1992-07-18,1992,7,200,0.0
1992-07-19,1992,7,201,3.451031236589313
1992-07-20,1992,7,202,2.335183509619908
1992-07-21,1992,7,203,0.0022830728700044
1992-07-22,1992,7,204,1.0558618842380725
1992-07-23,1992,7,205,11.68426994840202
1992-07-24,1992,7,206,0.2404741862950002
1992-07-25,1992,7,207,8.368789623359788
1992-07-26,1992,7,208,8.769403086070229
1992-07-27,1992,7,209,0.0
1992-07-28,1992,7,210,6.120120515451538
1992-07-29,1992,7,211,0.3186572717619228
1992-07-30,1992,7,212,1.647643972791559
1992-07-31,1992,7,213,7.257080286000669
1992-08-01,1992,8,214,4.5114807545270486
1992-08-02,1992,8,215,0.0
1992-08-03,1992,8,216,1.5224925430799614
1992-08-04,1992,8,217,9.826726447034313
1992-08-05,1992,8,218,5.499229536264904
1992-08-06,1992,8,219,1.811488837999673
1992-08-07,1992,8,220,7.35950087224099
1992-08-08,1992,8,221,12.4993199042612
1992-08-09,1992,8,222,1.8023773148821889
1992-08-10,1992,8,223,13.278733716730184
1992-08-11,1992,8,224,7.505678598658081
1992-08-12,1992,8,225,17.456905974214063
1992-08-13,1992,8,226,29.93807968014616
1992-08-14,1992,8,227,5.9209861488759055
1992-08-15,1992,8,228,1.8747592824283783
1992-08-16,1992,8,229,6.826159347707428
1992-08-17,1992,8,230,5.404411579465497
1992-08-18,1992,8,231,0.0
1992-08-19,1992,8,232,1.569636688849409
1992-08-20,1992,8,233,1.6606819581658594
1992-08-21,1992,8,234,2.8336094051931484
1992-08-22,1992,8,235,6.250081558817966
1992-08-23,1992,8,236,6.294162914297369
1992-08-24,1992,8,237,0.0
1992-08-25,1992,8,238,0.5827206609692446
1992-08-26,1992,8,239,13.541648133146325
1992-08-27,1992,8,240,1.4054225276143713
1992-08-28,1992,8,241,0.0
1992-08-29,1992,8,242,2.53591883846502
1992-08-30,1992,8,243,0.0
1992-08-31,1992,8,244,0.022145596036772
1992-09-01,1992,9,245,4.761617373991136
1992-09-02,1992,9,246,0.053814972989459
1992-09-03,1992,9,247,4.781503014617633
1992-09-04,1992,9,248,8.159092198709391
1992-09-05,1992,9,249,4.18673203480785
1992-09-06,1992,9,250,20.124108355987143
1992-09-07,1992,9,251,0.0
1992-09-08,1992,9,252,0.0
1992-09-09,1992,9,253,0.0
1992-09-10,1992,9,254,16.80327588610907
1992-09-11,1992,9,255,26.222825097956
1992-09-12,1992,9,256,0.2327641051553106
1992-09-13,1992,9,257,12.97064006287723
1992-09-14,1992,9,258,0.8213104061724901
1992-09-15,1992,9,259,2.7633563206557445
1992-09-16,1992,9,260,5.848564116946632
1992-09-17,1992,9,261,5.487574908042832
1992-09-18,1992,9,262,4.003873987083468
1992-09-19,1992,9,263,11.478961606105376
1992-09-20,1992,9,264,9.74798676532461
1992-09-21,1992,9,265,0.0
1992-09-22,1992,9,266,3.1900477366459707
1992-09-23,1992,9,267,4.184751514297525
1992-09-24,1992,9,268,1.895634258518693
1992-09-25,1992,9,269,2.7351618640527016
1992-09-26,1992,9,270,9.1743784604567
1992-09-27,1992,9,271,3.623439973301631
1992-09-28,1992,9,272,20.31818856044825
1992-09-29,1992,9,273,26.79116157782619
1992-09-30,1992,9,274,2.064086358161083
1992-10-01,1992,10,275,33.04321862002572
1992-10-02,1992,10,276,25.69589021457192
1992-10-03,1992,10,277,0.0
1992-10-04,1992,10,278,8.723879238837993
1992-10-05,1992,10,279,2.701243880271095
1992-10-06,1992,10,280,8.9227196878108
1992-10-07,1992,10,281,2.273252033431405
1992-10-08,1992,10,282,0.206206135802935
1992-10-09,1992,10,283,0.0
1992-10-10,1992,10,284,9.61711678079999
1992-10-11,1992,10,285,0.0
1992-10-12,1992,10,286,0.0
1992-10-13,1992,10,287,0.0334604977539899
1992-10-14,1992,10,288,0.6482305289744922
1992-10-15,1992,10,289,0.0
1992-10-16,1992,10,290,0.0
1992-10-17,1992,10,291,0.0
1992-10-18,1992,10,292,3.858005356461755
1992-10-19,1992,10,293,0.0618455359950061
1992-10-20,1992,10,294,9.051089278427884
1992-10-21,1992,10,295,0.4590776509061877
1992-10-22,1992,10,296,13.307346016296282
1992-10-23,1992,10,297,7.936515158736614
1992-10-24,1992,10,298,0.1403691259427467
1992-10-25,1992,10,299,5.895577662503914
1992-10-26,1992,10,300,9.335003551347908
1992-10-27,1992,10,301,7.994862370135545
1992-10-28,1992,10,302,5.780955759193925
1992-10-29,1992,10,303,0.0
1992-10-30,1992,10,304,7.931876286238611
1992-10-31,1992,10,305,2.7135783216845
1992-11-01,1992,11,306,8.720892792495786
1992-11-02,1992,11,307,4.886399665191425
1992-11-03,1992,11,308,4.747909448396067
1992-11-04,1992,11,309,5.354712199327163
1992-11-05,1992,11,310,4.660218387867716
1992-11-06,1992,11,311,9.3877568335337
1992-11-07,1992,11,312,3.4536023851685176
1992-11-08,1992,11,313,2.631491011166634
1992-11-09,1992,11,314,2.2166237711344605
1992-11-10,1992,11,315,0.6846424845823796
1992-11-11,1992,11,316,0.0
1992-11-12,1992,11,317,3.9809241183006367
1992-11-13,1992,11,318,0.0
1992-11-14,1992,11,319,0.0
1992-11-15,1992,11,320,3.749470607940213
1992-11-16,1992,11,321,9.960195506140014
1992-11-17,1992,11,322,9.714026165601016
1992-11-18,1992,11,323,1.7200443264042709
1992-11-19,1992,11,324,1.1808372114393175
1992-11-20,1992,11,325,0.0
1992-11-21,1992,11,326,0.0
1992-11-22,1992,11,327,0.0
1992-11-23,1992,11,328,0.0
1992-11-24,1992,11,329,1.1026641973186584
1992-11-25,1992,11,330,8.275742629448775
1992-11-26,1992,11,331,0.0
1992-11-27,1992,11,332,0.9206274850509468
1992-11-28,1992,11,333,3.2537410841758376
1992-11-29,1992,11,334,2.83059094216748
1992-11-30,1992,11,335,0.0
1992-12-01,1992,12,336,0.0
1992-12-02,1992,12,337,2.085807050152936
1992-12-03,1992,12,338,0.0
1992-12-04,1992,12,339,0.0
1992-12-05,1992,12,340,0.0
1992-12-06,1992,12,341,0.0
1992-12-07,1992,12,342,0.032717592714174
1992-12-08,1992,12,343,1.986553132278652
1992-12-09,1992,12,344,0.0
1992-12-10,1992,12,345,0.0
1992-12-11,1992,12,346,0.3161136759277481
1992-12-12,1992,12,347,0.0
1992-12-13,1992,12,348,2.134410918218617
1992-12-14,1992,12,349,0.0
1992-12-15,1992,12,350,0.0
1992-12-16,1992,12,351,0.0
1992-12-17,1992,12,352,0.0
1992-12-18,1992,12,353,0.0
1992-12-19,1992,12,354,0.0
1992-12-20,1992,12,355,0.0
1992-12-21,1992,12,356,0.0
1992-12-22,1992,12,357,0.0
1992-12-23,1992,12,358,0.0
1992-12-24,1992,12,359,0.0
1992-12-25,1992,12,360,0.0
1992-12-26,1992,12,361,1.266462073023746
1992-12-27,1992,12,362,0.1113996260576812
1992-12-28,1992,12,363,0.0
1992-12-29,1992,12,364,0.0
1992-12-30,1992,12,365,6.331334816765969
1992-12-31,1992,12,366,0.0
1993-01-01,1993,1,1,0.0
1993-01-02,1993,1,2,0.0
1993-01-03,1993,1,3,0.0
1993-01-04,1993,1,4,0.0
1993-01-05,1993,1,5,0.723337796476016
1993-01-06,1993,1,6,2.395272586855403
1993-01-07,1993,1,7,2.653021509538069
1993-01-08,1993,1,8,0.0
1993-01-09,1993,1,9,0.0
1993-01-10,1993,1,10,0.0
1993-01-11,1993,1,11,0.0
1993-01-12,1993,1,12,0.639794937749142
1993-01-13,1993,1,13,0.0672927675026548
1993-01-14,1993,1,14,0.5773221243112232
1993-01-15,1993,1,15,1.1913848298170062
1993-01-16,1993,1,16,0.3821476253440672
1993-01-17,1993,1,17,0.0
1993-01-18,1993,1,18,0.0
1993-01-19,1993,1,19,0.0
1993-01-20,1993,1,20,0.0
1993-01-21,1993,1,21,0.0
1993-01-22,1993,1,22,0.0
1993-01-23,1993,1,23,0.0585760692040329
1993-01-24,1993,1,24,1.060934905323496
1993-01-25,1993,1,25,0.7203607117404465
1993-01-26,1993,1,26,0.9855094134756512
1993-01-27,1993,1,27,0.0
1993-01-28,1993,1,28,0.0
1993-01-29,1993,1,29,0.0
1993-01-30,1993,1,30,0.0
1993-01-31,1993,1,31,0.0
1993-02-01,1993,2,32,0.0
1993-02-02,1993,2,33,0.0
1993-02-03,1993,2,34,0.0
1993-02-04,1993,2,35,0.0
1993-02-05,1993,2,36,0.0
1993-02-06,1993,2,37,0.0
1993-02-07,1993,2,38,0.0
1993-02-08,1993,2,39,0.0
1993-02-09,1993,2,40,0.317180801275559
1993-02-10,1993,2,41,0.608811856235514
1993-02-11,1993,2,42,0.0
1993-02-12,1993,2,43,0.0
1993-02-13,1993,2,44,0.0
1993-02-14,1993,2,45,0.0
1993-02-15,1993,2,46,2.3150131080839094
1993-02-16,1993,2,47,0.0
1993-02-17,1993,2,48,0.0
1993-02-18,1993,2,49,0.0
1993-02-19,1993,2,50,0.0
1993-02-20,1993,2,51,3.283452729843781
1993-02-21,1993,2,52,0.0
1993-02-22,1993,2,53,0.0
1993-02-23,1993,2,54,0.0
1993-02-24,1993,2,55,0.0
1993-02-25,1993,2,56,1.0630573451059335
1993-02-26,1993,2,57,0.9985407883015676
1993-02-27,1993,2,58,0.0
1993-02-28,1993,2,59,0.0
1993-03-01,1993,3,60,0.0
1993-03-02,1993,3,61,0.0
1993-03-03,1993,3,62,0.0
1993-03-04,1993,3,63,0.0
1993-03-05,1993,3,64,0.0
1993-03-06,1993,3,65,3.5161501172524594
1993-03-07,1993,3,66,1.5818400944694049
1993-03-08,1993,3,67,0.7139524051978635
1993-03-09,1993,3,68,0.0
1993-03-10,1993,3,69,0.1346519469908393
1993-03-11,1993,3,70,0.0
1993-03-12,1993,3,71,0.0
1993-03-13,1993,3,72,0.0
1993-03-14,1993,3,73,0.0
1993-03-15,1993,3,74,10.794670906757434
1993-03-16,1993,3,75,7.553450926819109
1993-03-17,1993,3,76,0.0
1993-03-18,1993,3,77,0.0
1993-03-19,1993,3,78,0.0
1993-03-20,1993,3,79,0.0
1993-03-21,1993,3,80,0.0
1993-03-22,1993,3,81,0.0
1993-03-23,1993,3,82,0.0
1993-03-24,1993,3,83,0.0
1993-03-25,1993,3,84,0.0319843664063075
1993-03-26,1993,3,85,5.514825246200259
1993-03-27,1993,3,86,2.7501772832390383
1993-03-28,1993,3,87,3.0088035631302392
1993-03-29,1993,3,88,3.173972345103335
1993-03-30,1993,3,89,0.0
1993-03-31,1993,3,90,0.0
1993-04-01,1993,4,91,0.1175932045563123
1993-04-02,1993,4,92,0.4092180077960171
1993-04-03,1993,4,93,0.0892898224185651
1993-04-04,1993,4,94,0.0
1993-04-05,1993,4,95,0.0012316122817094
1993-04-06,1993,4,96,0.0
1993-04-07,1993,4,97,8.693139398210358
1993-04-08,1993,4,98,0.0
1993-04-09,1993,4,99,2.09063467161208
1993-04-10,1993,4,100,2.3766674961968173
1993-04-11,1993,4,101,5.513819408855994
1993-04-12,1993,4,102,0.0
1993-04-13,1993,4,103,0.1669799476581041
1993-04-14,1993,4,104,8.780181270076765
1993-04-15,1993,4,105,0.0
1993-04-16,1993,4,106,0.0
1993-04-17,1993,4,107,0.0
1993-04-18,1993,4,108,4.38550943984062
1993-04-19,1993,4,109,7.845889353609125
1993-04-20,1993,4,110,7.293570958505662
1993-04-21,1993,4,111,4.792145378332211
1993-04-22,1993,4,112,11.192101983913728
1993-04-23,1993,4,113,0.0626946811300112
1993-04-24,1993,4,114,4.664189627462712
1993-04-25,1993,4,115,0.0
1993-04-26,1993,4,116,4.219495049274775
1993-04-27,1993,4,117,0.0
1993-04-28,1993,4,118,0.0
1993-04-29,1993,4,119,1.7957405429062112
1993-04-30,1993,4,120,3.462724645932516
1993-05-01,1993,5,121,0.1542768682693965
1993-05-02,1993,5,122,5.22326856192709
1993-05-03,1993,5,123,4.84124125337233
1993-05-04,1993,5,124,2.648336573247738
1993-05-05,1993,5,125,13.234526071828355
1993-05-06,1993,5,126,6.320841685358848
1993-05-07,1993,5,127,0.0834558379885061
1993-05-08,1993,5,128,10.470878493407904
1993-05-09,1993,5,129,9.500087549876431
1993-05-10,1993,5,130,3.769963763060484
1993-05-11,1993,5,131,9.321011960148914
1993-05-12,1993,5,132,0.0
1993-05-13,1993,5,133,4.132220076207126
1993-05-14,1993,5,134,8.011686607007809
1993-05-15,1993,5,135,11.12517445590012
1993-05-16,1993,5,136,17.215795164345266
1993-05-17,1993,5,137,0.0
1993-05-18,1993,5,138,5.7759809559394695
1993-05-19,1993,5,139,13.822364935020964
1993-05-20,1993,5,140,14.186554082255132
1993-05-21,1993,5,141,6.272295159872721
1993-05-22,1993,5,142,4.493234988860626
1993-05-23,1993,5,143,5.55518385213772
1993-05-24,1993,5,144,4.757030875231328
1993-05-25,1993,5,145,0.0209914458135099
1993-05-26,1993,5,146,6.978166687968662
1993-05-27,1993,5,147,8.70332091229536
1993-05-28,1993,5,148,3.126158192000434
1993-05-29,1993,5,149,5.492760698919942
1993-05-30,1993,5,150,5.270927292624395
1993-05-31,1993,5,151,7.3821880231071155
1993-06-01,1993,6,152,0.0802510232116385
1993-06-02,1993,6,153,0.1699492802656708
1993-06-03,1993,6,154,0.9190572307675744
1993-06-04,1993,6,155,8.427177752964296
1993-06-05,1993,6,156,5.420593885856504
1993-06-06,1993,6,157,21.669765562712893
1993-06-07,1993,6,158,0.0
1993-06-08,1993,6,159,0.1073197231603261
1993-06-09,1993,6,160,0.0
1993-06-10,1993,6,161,0.0
1993-06-11,1993,6,162,0.0
1993-06-12,1993,6,163,0.64682262865212
1993-06-13,1993,6,164,15.085950364592552
1993-06-14,1993,6,165,2.982842542007629
1993-06-15,1993,6,166,29.419358908261824
1993-06-16,1993,6,167,3.856826669146285
1993-06-17,1993,6,168,19.654253803161644
1993-06-18,1993,6,169,0.2373736480820761
1993-06-19,1993,6,170,35.491173960351496
1993-06-20,1993,6,171,24.21341084555468
1993-06-21,1993,6,172,18.88900533065698
1993-06-22,1993,6,173,9.27399218184578
1993-06-23,1993,6,174,5.2028660758397685
1993-06-24,1993,6,175,13.908251059596724
1993-06-25,1993,6,176,4.939275073974482
1993-06-26,1993,6,177,0.0
1993-06-27,1993,6,178,31.788866117251867
1993-06-28,1993,6,179,20.152972350288067
1993-06-29,1993,6,180,24.99928506950895
1993-06-30,1993,6,181,14.085992630670084
1993-07-01,1993,7,182,4.033068516056254
1993-07-02,1993,7,183,12.767507422859072
1993-07-03,1993,7,184,5.646558708172122
1993-07-04,1993,7,185,26.889061865279487
1993-07-05,1993,7,186,28.77090347701909
1993-07-06,1993,7,187,3.5032606400683486
1993-07-07,1993,7,188,9.776824694161958
1993-07-08,1993,7,189,0.1703921469645103
1993-07-09,1993,7,190,12.286884226345462
1993-07-10,1993,7,191,16.89193654121654
1993-07-11,1993,7,192,6.044415365454471
1993-07-12,1993,7,193,0.0264301202750757
1993-07-13,1993,7,194,0.0
1993-07-14,1993,7,195,1.489979218828852
1993-07-15,1993,7,196,2.106717337372983
1993-07-16,1993,7,197,0.0250166847650679
1993-07-17,1993,7,198,0.0
1993-07-18,1993,7,199,0.0013136857579483
1993-07-19,1993,7,200,0.0318094927118492
1993-07-20,1993,7,201,6.857324732912844
1993-07-21,1993,7,202,0.0797728212883866
1993-07-22,1993,7,203,1.8910741952073145
1993-07-23,1993,7,204,0.0801491390948839
1993-07-24,1993,7,205,0.0798754534255569
1993-07-25,1993,7,206,0.0722637152380685
1993-07-26,1993,7,207,7.835837188396272
1993-07-27,1993,7,208,9.068985364328825
1993-07-28,1993,7,209,8.070575008049111
1993-07-29,1993,7,210,4.971660156993655
1993-07-30,1993,7,211,4.017622638739576
1993-07-31,1993,7,212,7.462500184646711
1993-08-01,1993,8,213,2.7098269564224897
1993-08-02,1993,8,214,3.6019077444035674
1993-08-03,1993,8,215,5.236996443841635
1993-08-04,1993,8,216,2.3125523520823514
1993-08-05,1993,8,217,2.5765399981382675
1993-08-06,1993,8,218,8.10223419602957
1993-08-07,1993,8,219,16.587388172247724
1993-08-08,1993,8,220,1.236019397558263
1993-08-09,1993,8,221,1.1306036139719489
1993-08-10,1993,8,222,3.364391450812496
1993-08-11,1993,8,223,0.2943963600001789
1993-08-12,1993,8,224,0.0
1993-08-13,1993,8,225,6.19945697316576
1993-08-14,1993,8,226,15.34871587072975
1993-08-15,1993,8,227,11.163109016398028
1993-08-16,1993,8,228,21.669036062333763
1993-08-17,1993,8,229,22.46603851596208
1993-08-18,1993,8,230,5.840622977609806
1993-08-19,1993,8,231,18.94059820346784
1993-08-20,1993,8,232,8.908319116455937
1993-08-21,1993,8,233,10.142751649392396
1993-08-22,1993,8,234,5.8849122192273295
1993-08-23,1993,8,235,0.0
1993-08-24,1993,8,236,4.276476709374833
1993-08-25,1993,8,237,4.082112336220042
1993-08-26,1993,8,238,23.024652037338612
1993-08-27,1993,8,239,3.1543240042558165
1993-08-28,1993,8,240,3.692599236505504
1993-08-29,1993,8,241,2.731787366139756
1993-08-30,1993,8,242,17.386396253834242
1993-08-31,1993,8,243,25.94979581285361
1993-09-01,1993,9,244,12.355437417058935
1993-09-02,1993,9,245,4.41138608923506
1993-09-03,1993,9,246,2.079994939593239
1993-09-04,1993,9,247,21.243318201030743
1993-09-05,1993,9,248,0.6778784784988756
1993-09-06,1993,9,249,1.3464301672365897
1993-09-07,1993,9,250,23.306536220952605
1993-09-08,1993,9,251,3.41940219757796
1993-09-09,1993,9,252,7.83090437081704
1993-09-10,1993,9,253,17.048418999126866
1993-09-11,1993,9,254,0.5221563022976363
1993-09-12,1993,9,255,0.8516612944688772
1993-09-13,1993,9,256,7.869351734130323
1993-09-14,1993,9,257,8.515142205646127
1993-09-15,1993,9,258,5.765413676252096
1993-09-16,1993,9,259,11.308554860906105
1993-09-17,1993,9,260,5.178827645641776
1993-09-18,1993,9,261,1.2437579650192456
1993-09-19,1993,9,262,18.66998485856926
1993-09-20,1993,9,263,32.032966821849506
1993-09-21,1993,9,264,12.953957036099276
1993-09-22,1993,9,265,12.445277742677604
1993-09-23,1993,9,266,5.056785973709877
1993-09-24,1993,9,267,3.025100764496876
1993-09-25,1993,9,268,3.018335610653666
1993-09-26,1993,9,269,23.59798601374426
1993-09-27,1993,9,270,16.575072572899355
1993-09-28,1993,9,271,18.11804429649183
1993-09-29,1993,9,272,3.642218593255823
1993-09-30,1993,9,273,0.0
1993-10-01,1993,10,274,0.0
1993-10-02,1993,10,275,26.356581218853503
1993-10-03,1993,10,276,11.549091184455918
1993-10-04,1993,10,277,15.810156422490838
1993-10-05,1993,10,278,4.280853864772767
1993-10-06,1993,10,279,3.1608910796830263
1993-10-07,1993,10,280,1.776518663638866
1993-10-08,1993,10,281,2.8690060781635784
1993-10-09,1993,10,282,1.490013876963397
1993-10-10,1993,10,283,2.5550077238855144
1993-10-11,1993,10,284,8.059514410698014
1993-10-12,1993,10,285,0.9797923052372236
1993-10-13,1993,10,286,4.831616868447727
1993-10-14,1993,10,287,4.110708398781175
1993-10-15,1993,10,288,6.661966261745214
1993-10-16,1993,10,289,7.94184354328149
1993-10-17,1993,10,290,5.442755916993028
1993-10-18,1993,10,291,7.000998878642445
1993-10-19,1993,10,292,5.102693908318763
1993-10-20,1993,10,293,2.5749103158789
1993-10-21,1993,10,294,2.9013043409652357
1993-10-22,1993,10,295,1.33527154496519
1993-10-23,1993,10,296,1.1941023505234576
1993-10-24,1993,10,297,2.425364357059393
1993-10-25,1993,10,298,6.753405285116538
1993-10-26,1993,10,299,18.354883210109453
1993-10-27,1993,10,300,10.137063335126143
1993-10-28,1993,10,301,3.480227793090448
1993-10-29,1993,10,302,13.79700149392714
1993-10-30,1993,10,303,0.0628534053877672
1993-10-31,1993,10,304,14.370031620716585
1993-11-01,1993,11,305,0.0
1993-11-02,1993,11,306,0.0
1993-11-03,1993,11,307,0.0
1993-11-04,1993,11,308,0.0
1993-11-05,1993,11,309,0.0
1993-11-06,1993,11,310,0.0
1993-11-07,1993,11,311,0.0
1993-11-08,1993,11,312,9.860491938640036
1993-11-09,1993,11,313,0.0
1993-11-10,1993,11,314,0.0
1993-11-11,1993,11,315,0.0
1993-11-12,1993,11,316,0.0
1993-11-13,1993,11,317,0.0
1993-11-14,1993,11,318,7.817020477345589
1993-11-15,1993,11,319,0.0
1993-11-16,1993,11,320,0.0
1993-11-17,1993,11,321,0.2082231691380086
1993-11-18,1993,11,322,0.0317566930072983
1993-11-19,1993,11,323,0.0
1993-11-20,1993,11,324,3.234210217673245
1993-11-21,1993,11,325,2.458897984860388
1993-11-22,1993,11,326,3.892481300114769
1993-11-23,1993,11,327,0.0
1993-11-24,1993,11,328,0.0
1993-11-25,1993,11,329,0.0
1993-11-26,1993,11,330,0.0
1993-11-27,1993,11,331,0.0
1993-11-28,1993,11,332,0.0
1993-11-29,1993,11,333,0.0
1993-11-30,1993,11,334,0.0
1993-12-01,1993,12,335,2.8238721541492167
1993-12-02,1993,12,336,0.0
1993-12-03,1993,12,337,0.0
1993-12-04,1993,12,338,0.2224920998297906
1993-12-05,1993,12,339,0.4757940046482854
1993-12-06,1993,12,340,0.0
1993-12-07,1993,12,341,0.0
1993-12-08,1993,12,342,0.0
1993-12-09,1993,12,343,0.0
1993-12-10,1993,12,344,0.0
1993-12-11,1993,12,345,0.0
1993-12-12,1993,12,346,2.1322282318795147
1993-12-13,1993,12,347,0.0
1993-12-14,1993,12,348,0.0
1993-12-15,1993,12,349,0.0
1993-12-16,1993,12,350,0.0
1993-12-17,1993,12,351,0.0
1993-12-18,1993,12,352,0.0
1993-12-19,1993,12,353,0.0
1993-12-20,1993,12,354,0.0
1993-12-21,1993,12,355,0.0
1993-12-22,1993,12,356,0.0
1993-12-23,1993,12,357,0.0962378241204766
1993-12-24,1993,12,358,0.0
1993-12-25,1993,12,359,3.463144483276177
1993-12-26,1993,12,360,0.0
1993-12-27,1993,12,361,0.0
1993-12-28,1993,12,362,0.0
1993-12-29,1993,12,363,0.0
1993-12-30,1993,12,364,0.7425504027009521
1993-12-31,1993,12,365,0.0
1994-01-01,1994,1,1,0.0
1994-01-02,1994,1,2,0.0
1994-01-03,1994,1,3,0.0
1994-01-04,1994,1,4,0.0
1994-01-05,1994,1,5,0.1201096161267853
1994-01-06,1994,1,6,0.0
1994-01-07,1994,1,7,0.0
1994-01-08,1994,1,8,0.0
1994-01-09,1994,1,9,0.0016722317526456
1994-01-10,1994,1,10,0.204675017816957
1994-01-11,1994,1,11,0.0
1994-01-12,1994,1,12,0.0
1994-01-13,1994,1,13,0.0
1994-01-14,1994,1,14,0.0
1994-01-15,1994,1,15,0.5647351188136659
1994-01-16,1994,1,16,0.4108199663109114
1994-01-17,1994,1,17,2.428647335155867
1994-01-18,1994,1,18,2.141336163344706
1994-01-19,1994,1,19,0.0
1994-01-20,1994,1,20,0.0
1994-01-21,1994,1,21,0.0
1994-01-22,1994,1,22,0.0
1994-01-23,1994,1,23,0.0
1994-01-24,1994,1,24,0.0
1994-01-25,1994,1,25,0.0
1994-01-26,1994,1,26,0.0
1994-01-27,1994,1,27,0.0
1994-01-28,1994,1,28,0.0
1994-01-29,1994,1,29,0.0
1994-01-30,1994,1,30,0.1225656555979907
1994-01-31,1994,1,31,1.5527099068591814
1994-02-01,1994,2,32,0.2317075802918265
1994-02-02,1994,2,33,0.0
1994-02-03,1994,2,34,0.0
1994-02-04,1994,2,35,0.0
1994-02-05,1994,2,36,0.0
1994-02-06,1994,2,37,0.0
1994-02-07,1994,2,38,0.0
1994-02-08,1994,2,39,0.0
1994-02-09,1994,2,40,0.0
1994-02-10,1994,2,41,0.0
1994-02-11,1994,2,42,2.877009700737964
1994-02-12,1994,2,43,0.0
1994-02-13,1994,2,44,0.9324593100674456
1994-02-14,1994,2,45,0.0
1994-02-15,1994,2,46,0.0
1994-02-16,1994,2,47,0.0
1994-02-17,1994,2,48,0.0
1994-02-18,1994,2,49,2.380646011925397
1994-02-19,1994,2,50,0.2442195139691272
1994-02-20,1994,2,51,0.0
1994-02-21,1994,2,52,0.4014849846651131
1994-02-22,1994,2,53,0.0
1994-02-23,1994,2,54,0.0
1994-02-24,1994,2,55,0.0
1994-02-25,1994,2,56,0.0
1994-02-26,1994,2,57,1.8731832492014435
1994-02-27,1994,2,58,0.0
1994-02-28,1994,2,59,0.0
1994-03-01,1994,3,60,0.0
1994-03-02,1994,3,61,0.0
1994-03-03,1994,3,62,0.0
1994-03-04,1994,3,63,0.0
1994-03-05,1994,3,64,0.0
1994-03-06,1994,3,65,0.0
1994-03-07,1994,3,66,0.0
1994-03-08,1994,3,67,0.0
1994-03-09,1994,3,68,0.0
1994-03-10,1994,3,69,0.0
1994-03-11,1994,3,70,0.0
1994-03-12,1994,3,71,5.599297523498535
1994-03-13,1994,3,72,0.0
1994-03-14,1994,3,73,0.0
1994-03-15,1994,3,74,0.0
1994-03-16,1994,3,75,4.3457886471948575
1994-03-17,1994,3,76,0.0
1994-03-18,1994,3,77,0.0
1994-03-19,1994,3,78,0.0
1994-03-20,1994,3,79,0.0
1994-03-21,1994,3,80,0.0
1994-03-22,1994,3,81,0.0
1994-03-23,1994,3,82,0.0
1994-03-24,1994,3,83,0.0
1994-03-25,1994,3,84,0.0
1994-03-26,1994,3,85,0.0
1994-03-27,1994,3,86,0.0
1994-03-28,1994,3,87,0.0
1994-03-29,1994,3,88,0.0
1994-03-30,1994,3,89,0.0
1994-03-31,1994,3,90,10.534113342678229
1994-04-01,1994,4,91,3.391654086194696
1994-04-02,1994,4,92,0.0
1994-04-03,1994,4,93,0.0
1994-04-04,1994,4,94,0.0
1994-04-05,1994,4,95,0.0
1994-04-06,1994,4,96,0.0
1994-04-07,1994,4,97,0.0
1994-04-08,1994,4,98,0.0
1994-04-09,1994,4,99,0.0
1994-04-10,1994,4,100,1.163374906180757
1994-04-11,1994,4,101,0.0
1994-04-12,1994,4,102,0.0
1994-04-13,1994,4,103,0.0
1994-04-14,1994,4,104,0.0
1994-04-15,1994,4,105,0.0
1994-04-16,1994,4,106,0.0
1994-04-17,1994,4,107,0.0
1994-04-18,1994,4,108,0.4436691061951915
1994-04-19,1994,4,109,0.0
1994-04-20,1994,4,110,0.6899444781365105
1994-04-21,1994,4,111,0.1232025146790825
1994-04-22,1994,4,112,8.207624733396953
1994-04-23,1994,4,113,4.1928306916583375
1994-04-24,1994,4,114,7.927822979219774
1994-04-25,1994,4,115,4.382614751912225
1994-04-26,1994,4,116,0.7308104776273758
1994-04-27,1994,4,117,3.581084423322604
1994-04-28,1994,4,118,0.0229036123096789
1994-04-29,1994,4,119,7.522487429236386
1994-04-30,1994,4,120,0.6561173097435593
1994-05-01,1994,5,121,0.0
1994-05-02,1994,5,122,0.0
1994-05-03,1994,5,123,0.0
1994-05-04,1994,5,124,0.0
1994-05-05,1994,5,125,0.7557119930413614
1994-05-06,1994,5,126,0.0
1994-05-07,1994,5,127,11.90512638012364
1994-05-08,1994,5,128,0.0
1994-05-09,1994,5,129,0.3639695291960454
1994-05-10,1994,5,130,0.0
1994-05-11,1994,5,131,8.65812749518425
1994-05-12,1994,5,132,7.763785942099293
1994-05-13,1994,5,133,10.667656089775363
1994-05-14,1994,5,134,5.386413731019316
1994-05-15,1994,5,135,6.630210662868766
1994-05-16,1994,5,136,2.641232518017956
1994-05-17,1994,5,137,6.82833485380645
1994-05-18,1994,5,138,28.375452243883384
1994-05-19,1994,5,139,0.7424503455533875
1994-05-20,1994,5,140,13.865768992911065
1994-05-21,1994,5,141,11.100579682536482
1994-05-22,1994,5,142,11.18504899949627
1994-05-23,1994,5,143,3.853387810985759
1994-05-24,1994,5,144,0.0
1994-05-25,1994,5,145,0.0
1994-05-26,1994,5,146,0.0
1994-05-27,1994,5,147,0.0
1994-05-28,1994,5,148,0.0447110610837699
1994-05-29,1994,5,149,4.838722002536901
1994-05-30,1994,5,150,9.248410390193584
1994-05-31,1994,5,151,8.666137917080597
1994-06-01,1994,6,152,11.551418157755666
1994-06-02,1994,6,153,15.503385409189276
1994-06-03,1994,6,154,4.415044349794624
1994-06-04,1994,6,155,13.432738490970909
1994-06-05,1994,6,156,2.354591605340505
1994-06-06,1994,6,157,14.236137682490607
1994-06-07,1994,6,158,12.981601588625937
1994-06-08,1994,6,159,11.235157611539654
1994-06-09,1994,6,160,6.560919010904782
1994-06-10,1994,6,161,9.607776021283204
1994-06-11,1994,6,162,0.8903295237893414
1994-06-12,1994,6,163,16.90425414516054
1994-06-13,1994,6,164,0.2676549499220795
1994-06-14,1994,6,165,5.953950545270932
1994-06-15,1994,6,166,0.0
1994-06-16,1994,6,167,0.0
1994-06-17,1994,6,168,3.748405995232076
1994-06-18,1994,6,169,7.309313538244064
1994-06-19,1994,6,170,3.4922294126378226
1994-06-20,1994,6,171,11.355226591497582
1994-06-21,1994,6,172,11.21753046148949
1994-06-22,1994,6,173,10.41851564943024
1994-06-23,1994,6,174,0.0
1994-06-24,1994,6,175,2.8259284426845235
1994-06-25,1994,6,176,0.0488493246407006
1994-06-26,1994,6,177,3.223687941076005
1994-06-27,1994,6,178,0.0
1994-06-28,1994,6,179,5.802577532451174
1994-06-29,1994,6,180,0.0
1994-06-30,1994,6,181,7.371278939179714
1994-07-01,1994,7,182,2.2120147310165432
1994-07-02,1994,7,183,6.980952421824138
1994-07-03,1994,7,184,16.519297985511656
1994-07-04,1994,7,185,0.1553396587200214
1994-07-05,1994,7,186,0.0041783631307606
1994-07-06,1994,7,187,4.49308061834677
1994-07-07,1994,7,188,2.8450148278255183
1994-07-08,1994,7,189,3.5166009790180284
1994-07-09,1994,7,190,0.0
1994-07-10,1994,7,191,0.0
1994-07-11,1994,7,192,0.0
1994-07-12,1994,7,193,3.654857468431387
1994-07-13,1994,7,194,6.642240682369435
1994-07-14,1994,7,195,2.322098177216864
1994-07-15,1994,7,196,1.6802963900995134
1994-07-16,1994,7,197,14.211648093193338
1994-07-17,1994,7,198,5.086266635673721
1994-07-18,1994,7,199,0.0
1994-07-19,1994,7,200,0.0660302461266211
1994-07-20,1994,7,201,0.0
1994-07-21,1994,7,202,14.118910681619129
1994-07-22,1994,7,203,0.1825642606184435
1994-07-23,1994,7,204,0.0
1994-07-24,1994,7,205,18.133124532511637
1994-07-25,1994,7,206,18.119137590321703
1994-07-26,1994,7,207,0.0
1994-07-27,1994,7,208,8.469862970870686
1994-07-28,1994,7,209,3.5924835433894584
1994-07-29,1994,7,210,1.492905556083032
1994-07-30,1994,7,211,0.174569538697894
1994-07-31,1994,7,212,14.367953567905314
1994-08-01,1994,8,213,16.87945257156653
1994-08-02,1994,8,214,0.2239965726497751
1994-08-03,1994,8,215,10.143285762272846
1994-08-04,1994,8,216,0.1335223820236062
1994-08-05,1994,8,217,4.719986196144483
1994-08-06,1994,8,218,15.091363918709776
1994-08-07,1994,8,219,0.0
1994-08-08,1994,8,220,18.461032793781342
1994-08-09,1994,8,221,7.925649029940954
1994-08-10,1994,8,222,0.1714734794139453
1994-08-11,1994,8,223,16.176034820927647
1994-08-12,1994,8,224,0.0085407774368717
1994-08-13,1994,8,225,5.929697390795775
1994-08-14,1994,8,226,11.285706622026474
1994-08-15,1994,8,227,0.0
1994-08-16,1994,8,228,13.905989509417443
1994-08-17,1994,8,229,9.03484058012386
1994-08-18,1994,8,230,0.4090935546512163
1994-08-19,1994,8,231,4.186533117764203
1994-08-20,1994,8,232,0.0
1994-08-21,1994,8,233,2.9825148515039364
1994-08-22,1994,8,234,2.4070828383869864
1994-08-23,1994,8,235,14.08018441555739
1994-08-24,1994,8,236,0.3620409450678102
1994-08-25,1994,8,237,0.0
1994-08-26,1994,8,238,7.661621947010667
1994-08-27,1994,8,239,7.253408815376557
1994-08-28,1994,8,240,0.6021183603527
1994-08-29,1994,8,241,13.460058512806182
1994-08-30,1994,8,242,3.628813158474933
1994-08-31,1994,8,243,0.3895324623880983
1994-09-01,1994,9,244,8.15812769258952
1994-09-02,1994,9,245,0.9157194228589074
1994-09-03,1994,9,246,3.4989817314098914
1994-09-04,1994,9,247,3.64258895312606
1994-09-05,1994,9,248,7.181249633852804
1994-09-06,1994,9,249,0.1039004624145298
1994-09-07,1994,9,250,0.0
1994-09-08,1994,9,251,6.047415585015304
1994-09-09,1994,9,252,0.0
1994-09-10,1994,9,253,6.661152198259505
1994-09-11,1994,9,254,7.52103922973868
1994-09-12,1994,9,255,0.3524517379669216
1994-09-13,1994,9,256,0.4406958686661904
1994-09-14,1994,9,257,9.866680000210382
1994-09-15,1994,9,258,9.67017395698626
1994-09-16,1994,9,259,21.72562796066434
1994-09-17,1994,9,260,17.658248087025754
1994-09-18,1994,9,261,0.7703601938082606
1994-09-19,1994,9,262,11.454255169645377
1994-09-20,1994,9,263,14.13927230930982
1994-09-21,1994,9,264,16.347486677186144
1994-09-22,1994,9,265,0.0
1994-09-23,1994,9,266,0.0
1994-09-24,1994,9,267,0.0
1994-09-25,1994,9,268,0.0
1994-09-26,1994,9,269,0.0
1994-09-27,1994,9,270,56.31643436909131
1994-09-28,1994,9,271,0.0
1994-09-29,1994,9,272,0.0
1994-09-30,1994,9,273,0.0
1994-10-01,1994,10,274,0.0
1994-10-02,1994,10,275,26.66157065974205
1994-10-03,1994,10,276,0.0
1994-10-04,1994,10,277,0.0
1994-10-05,1994,10,278,13.736829267982344
1994-10-06,1994,10,279,0.0
1994-10-07,1994,10,280,0.0
1994-10-08,1994,10,281,18.65601420729408
1994-10-09,1994,10,282,1.6184815101983103
1994-10-10,1994,10,283,4.93738675280933
1994-10-11,1994,10,284,19.875575647256067
1994-10-12,1994,10,285,0.3192779545918835
1994-10-13,1994,10,286,0.0
1994-10-14,1994,10,287,14.864463179767288
1994-10-15,1994,10,288,1.3288270489415657
1994-10-16,1994,10,289,7.324897719226338
1994-10-17,1994,10,290,6.507894937769409
1994-10-18,1994,10,291,5.633862213181347
1994-10-19,1994,10,292,1.4179191721129236
1994-10-20,1994,10,293,0.3777564851361253
1994-10-21,1994,10,294,0.0
1994-10-22,1994,10,295,0.0
1994-10-23,1994,10,296,2.0097125781941028
1994-10-24,1994,10,297,0.0
1994-10-25,1994,10,298,1.955030104801404
1994-10-26,1994,10,299,0.0
1994-10-27,1994,10,300,0.0
1994-10-28,1994,10,301,6.160259939813165
1994-10-29,1994,10,302,1.1244469862670703
1994-10-30,1994,10,303,0.0805019971746201
1994-10-31,1994,10,304,0.0
1994-11-01,1994,11,305,5.143569847918414
1994-11-02,1994,11,306,7.771095349937806
1994-11-03,1994,11,307,0.0
1994-11-04,1994,11,308,2.961416348495745
1994-11-05,1994,11,309,7.46483496140494
1994-11-06,1994,11,310,4.343247671666672
1994-11-07,1994,11,311,0.0
1994-11-08,1994,11,312,0.0542019972355833
1994-11-09,1994,11,313,0.0
1994-11-10,1994,11,314,16.252522723533808
1994-11-11,1994,11,315,2.819263510552858
1994-11-12,1994,11,316,0.0
1994-11-13,1994,11,317,0.0
1994-11-14,1994,11,318,0.0
1994-11-15,1994,11,319,0.0
1994-11-16,1994,11,320,0.0
1994-11-17,1994,11,321,0.0
1994-11-18,1994,11,322,0.0
1994-11-19,1994,11,323,4.015483973980359
1994-11-20,1994,11,324,6.481694162658065
1994-11-21,1994,11,325,0.0
1994-11-22,1994,11,326,0.0
1994-11-23,1994,11,327,0.0
1994-11-24,1994,11,328,4.52934051264834
1994-11-25,1994,11,329,0.0
1994-11-26,1994,11,330,0.0
1994-11-27,1994,11,331,0.0
1994-11-28,1994,11,332,0.0
1994-11-29,1994,11,333,0.0
1994-11-30,1994,11,334,0.0
1994-12-01,1994,12,335,1.2036615304693568
1994-12-02,1994,12,336,4.621921969563306
1994-12-03,1994,12,337,13.290761246677128
1994-12-04,1994,12,338,0.0
1994-12-05,1994,12,339,0.0
1994-12-06,1994,12,340,0.0
1994-12-07,1994,12,341,1.0995121853619227
1994-12-08,1994,12,342,1.5048409102304228
1994-12-09,1994,12,343,0.0
1994-12-10,1994,12,344,0.1195333001954798
1994-12-11,1994,12,345,0.0
1994-12-12,1994,12,346,0.0
1994-12-13,1994,12,347,0.0
1994-12-14,1994,12,348,0.0
1994-12-15,1994,12,349,0.0
1994-12-16,1994,12,350,0.0
1994-12-17,1994,12,351,0.0
1994-12-18,1994,12,352,0.0
1994-12-19,1994,12,353,0.0
1994-12-20,1994,12,354,0.0
1994-12-21,1994,12,355,0.0
1994-12-22,1994,12,356,0.0
1994-12-23,1994,12,357,0.0
1994-12-24,1994,12,358,0.2142576800520438
1994-12-25,1994,12,359,0.0
1994-12-26,1994,12,360,2.3966070725147604
1994-12-27,1994,12,361,0.1713432513860524
1994-12-28,1994,12,362,0.0
1994-12-29,1994,12,363,0.0
1994-12-30,1994,12,364,0.0
1994-12-31,1994,12,365,0.0
1995-01-01,1995,1,1,0.0
1995-01-02,1995,1,2,0.0
1995-01-03,1995,1,3,0.0
1995-01-04,1995,1,4,0.0
1995-01-05,1995,1,5,0.0
1995-01-06,1995,1,6,0.0
1995-01-07,1995,1,7,0.0
1995-01-08,1995,1,8,0.0
1995-01-09,1995,1,9,0.0
1995-01-10,1995,1,10,0.1216059655027708
1995-01-11,1995,1,11,0.0
1995-01-12,1995,1,12,0.0
1995-01-13,1995,1,13,0.0
1995-01-14,1995,1,14,0.0
1995-01-15,1995,1,15,0.0
1995-01-16,1995,1,16,0.0
1995-01-17,1995,1,17,0.0
1995-01-18,1995,1,18,0.0
1995-01-19,1995,1,19,0.0
1995-01-20,1995,1,20,0.0
1995-01-21,1995,1,21,0.0
1995-01-22,1995,1,22,0.3579565355587741
1995-01-23,1995,1,23,0.0
1995-01-24,1995,1,24,0.0
1995-01-25,1995,1,25,0.0
1995-01-26,1995,1,26,0.0
1995-01-27,1995,1,27,0.0
1995-01-28,1995,1,28,0.0
1995-01-29,1995,1,29,0.0
1995-01-30,1995,1,30,0.0
1995-01-31,1995,1,31,4.521256221163037
1995-02-01,1995,2,32,0.0
1995-02-02,1995,2,33,0.0
1995-02-03,1995,2,34,0.0
1995-02-04,1995,2,35,0.6300474896631183
1995-02-05,1995,2,36,0.0
1995-02-06,1995,2,37,1.502498768850995
1995-02-07,1995,2,38,0.0480390152771859
1995-02-08,1995,2,39,0.0
1995-02-09,1995,2,40,0.0
1995-02-10,1995,2,41,0.0
1995-02-11,1995,2,42,0.0
1995-02-12,1995,2,43,0.0
1995-02-13,1995,2,44,0.0
1995-02-14,1995,2,45,0.0
1995-02-15,1995,2,46,0.0
1995-02-16,1995,2,47,0.0
1995-02-17,1995,2,48,0.0
1995-02-18,1995,2,49,0.0
1995-02-19,1995,2,50,0.0030343046327278
1995-02-20,1995,2,51,0.0
1995-02-21,1995,2,52,0.6003945489775553
1995-02-22,1995,2,53,1.7943219213068944
1995-02-23,1995,2,54,0.0
1995-02-24,1995,2,55,4.437332125126856
1995-02-25,1995,2,56,0.0
1995-02-26,1995,2,57,0.0
1995-02-27,1995,2,58,0.0
1995-02-28,1995,2,59,0.0
1995-03-01,1995,3,60,0.0
1995-03-02,1995,3,61,0.0
1995-03-03,1995,3,62,0.0
1995-03-04,1995,3,63,0.0
1995-03-05,1995,3,64,0.0
1995-03-06,1995,3,65,0.0
1995-03-07,1995,3,66,0.0
1995-03-08,1995,3,67,0.002405646067965
1995-03-09,1995,3,68,0.0
1995-03-10,1995,3,69,3.138609753782768
1995-03-11,1995,3,70,0.0
1995-03-12,1995,3,71,0.0222768039915841
1995-03-13,1995,3,72,0.2032775984631712
1995-03-14,1995,3,73,0.3941944572490408
1995-03-15,1995,3,74,0.8631247836193062
1995-03-16,1995,3,75,21.536657940146245
1995-03-17,1995,3,76,0.1828372556119263
1995-03-18,1995,3,77,0.0
1995-03-19,1995,3,78,0.0
1995-03-20,1995,3,79,0.0
1995-03-21,1995,3,80,0.2043356045557069
1995-03-22,1995,3,81,0.0
1995-03-23,1995,3,82,0.0
1995-03-24,1995,3,83,0.0
1995-03-25,1995,3,84,0.0
1995-03-26,1995,3,85,0.0
1995-03-27,1995,3,86,0.0
1995-03-28,1995,3,87,0.0
1995-03-29,1995,3,88,0.0028870914773033
1995-03-30,1995,3,89,0.0
1995-03-31,1995,3,90,1.36579329086964
1995-04-01,1995,4,91,0.0
1995-04-02,1995,4,92,1.1962855388286695
1995-04-03,1995,4,93,1.965300255079196
1995-04-04,1995,4,94,0.0
1995-04-05,1995,4,95,0.0
1995-04-06,1995,4,96,0.1725572209738214
1995-04-07,1995,4,97,0.0
1995-04-08,1995,4,98,0.6747926262166629
1995-04-09,1995,4,99,0.0
1995-04-10,1995,4,100,0.0060082952896549
1995-04-11,1995,4,101,0.0251419074329026
1995-04-12,1995,4,102,3.591948131439312
1995-04-13,1995,4,103,0.3748061573444111
1995-04-14,1995,4,104,1.113124484523505
1995-04-15,1995,4,105,4.437655524223814
1995-04-16,1995,4,106,0.0266139349982385
1995-04-17,1995,4,107,0.0
1995-04-18,1995,4,108,3.7367558816404767
1995-04-19,1995,4,109,0.0
1995-04-20,1995,4,110,0.0070724786604788
1995-04-21,1995,4,111,0.0
1995-04-22,1995,4,112,2.6012490599351548
1995-04-23,1995,4,113,3.643335677613125
1995-04-24,1995,4,114,4.592135931654883
1995-04-25,1995,4,115,1.729513760346476
1995-04-26,1995,4,116,17.627560276349797
1995-04-27,1995,4,117,13.832721602232311
1995-04-28,1995,4,118,22.870930904798666
1995-04-29,1995,4,119,9.308086972923084
1995-04-30,1995,4,120,4.083624050442542
1995-05-01,1995,5,121,1.087914831661831
1995-05-02,1995,5,122,3.191974038662008
1995-05-03,1995,5,123,6.110714830490086
1995-05-04,1995,5,124,8.480172925865741
1995-05-05,1995,5,125,9.615680468828126
1995-05-06,1995,5,126,19.883904609909
1995-05-07,1995,5,127,18.574160160319664
1995-05-08,1995,5,128,2.60195001487356
1995-05-09,1995,5,129,9.384305754786594
1995-05-10,1995,5,130,14.46281775083926
1995-05-11,1995,5,131,0.0
1995-05-12,1995,5,132,0.0
1995-05-13,1995,5,133,3.399124274906585
1995-05-14,1995,5,134,6.848286490871442
1995-05-15,1995,5,135,0.0
1995-05-16,1995,5,136,5.940526116783024
1995-05-17,1995,5,137,2.5855734072491567
1995-05-18,1995,5,138,0.0
1995-05-19,1995,5,139,0.0
1995-05-20,1995,5,140,7.154513082242768
1995-05-21,1995,5,141,13.194332359893362
1995-05-22,1995,5,142,11.462302354940922
1995-05-23,1995,5,143,10.86757723786633
1995-05-24,1995,5,144,4.512192784718397
1995-05-25,1995,5,145,4.055524655867563
1995-05-26,1995,5,146,0.2584952000582841
1995-05-27,1995,5,147,1.783949765774973
1995-05-28,1995,5,148,13.22050654877938
1995-05-29,1995,5,149,0.0
1995-05-30,1995,5,150,0.0
1995-05-31,1995,5,151,2.823065488483524
1995-06-01,1995,6,152,0.0
1995-06-02,1995,6,153,0.6479668995204295
1995-06-03,1995,6,154,19.395457831834666
1995-06-04,1995,6,155,26.15188177426656
1995-06-05,1995,6,156,0.3676593685722188
1995-06-06,1995,6,157,5.07472495636372
1995-06-07,1995,6,158,0.0
1995-06-08,1995,6,159,6.410005777895502
1995-06-09,1995,6,160,7.5589483985046915
1995-06-10,1995,6,161,3.5091606837209706
1995-06-11,1995,6,162,1.558437124724662
1995-06-12,1995,6,163,6.0068362112625495
1995-06-13,1995,6,164,19.769255157403688
1995-06-14,1995,6,165,9.342936699678477
1995-06-15,1995,6,166,13.317177183319588
1995-06-16,1995,6,167,2.861311386769515
1995-06-17,1995,6,168,6.187022871713713
1995-06-18,1995,6,169,28.046718462369533
1995-06-19,1995,6,170,16.749738644409508
1995-06-20,1995,6,171,32.49685387664508
1995-06-21,1995,6,172,4.8344290756014745
1995-06-22,1995,6,173,19.39668747412413
1995-06-23,1995,6,174,14.340528445766846
1995-06-24,1995,6,175,23.15248186402374
1995-06-25,1995,6,176,0.0
1995-06-26,1995,6,177,35.39317547937899
1995-06-27,1995,6,178,7.994049623774583
1995-06-28,1995,6,179,0.0
1995-06-29,1995,6,180,0.1649806432062065
1995-06-30,1995,6,181,2.787539844341327
1995-07-01,1995,7,182,4.837678232607724
1995-07-02,1995,7,183,9.360043063159669
1995-07-03,1995,7,184,5.291779042618237
1995-07-04,1995,7,185,3.4328760061390717
1995-07-05,1995,7,186,9.860891277246632
1995-07-06,1995,7,187,0.0
1995-07-07,1995,7,188,1.0315591817547751
1995-07-08,1995,7,189,16.758417389080275
1995-07-09,1995,7,190,5.210060760366068
1995-07-10,1995,7,191,4.809975544254088
1995-07-11,1995,7,192,3.957130055705401
1995-07-12,1995,7,193,1.140193074609647
1995-07-13,1995,7,194,2.854456995937083
1995-07-14,1995,7,195,10.945220359901944
1995-07-15,1995,7,196,8.476782102102693
1995-07-16,1995,7,197,6.326248070370365
1995-07-17,1995,7,198,6.326248070370365
1995-07-18,1995,7,199,12.106150924189023
1995-07-19,1995,7,200,3.425544718135191
1995-07-20,1995,7,201,0.5115841237928689
1995-07-21,1995,7,202,14.83264494544947
1995-07-22,1995,7,203,1.190817055992316
1995-07-23,1995,7,204,0.0860286273809202
1995-07-24,1995,7,205,0.0
1995-07-25,1995,7,206,10.795905561353168
1995-07-26,1995,7,207,2.535101860123204
1995-07-27,1995,7,208,1.1416175641253554
1995-07-28,1995,7,209,8.824031790914756
1995-07-29,1995,7,210,21.689421586941325
1995-07-30,1995,7,211,13.187939401048828
1995-07-31,1995,7,212,5.686563400601157
1995-08-01,1995,8,213,12.082338185522838
1995-08-02,1995,8,214,6.249826057608963
1995-08-03,1995,8,215,17.439051845590583
1995-08-04,1995,8,216,5.756809369866013
1995-08-05,1995,8,217,29.44185304110543
1995-08-06,1995,8,218,12.462333238318935
1995-08-07,1995,8,219,17.95035761569235
1995-08-08,1995,8,220,4.063527839655742
1995-08-09,1995,8,221,13.668295689086785
1995-08-10,1995,8,222,18.207561805090958
1995-08-11,1995,8,223,0.8613166754942424
1995-08-12,1995,8,224,24.506319324277666
1995-08-13,1995,8,225,13.59621822272189
1995-08-14,1995,8,226,9.187198962425716
1995-08-15,1995,8,227,0.7577312910975609
1995-08-16,1995,8,228,0.3091146069504608
1995-08-17,1995,8,229,2.709110622438694
1995-08-18,1995,8,230,0.9348118785312264
1995-08-19,1995,8,231,0.2791772444430027
1995-08-20,1995,8,232,14.505513031868825
1995-08-21,1995,8,233,10.123778532280715
1995-08-22,1995,8,234,7.816694428702146
1995-08-23,1995,8,235,8.11947011539031
1995-08-24,1995,8,236,14.140956274341494
1995-08-25,1995,8,237,12.87449350342755
1995-08-26,1995,8,238,17.674039958170976
1995-08-27,1995,8,239,5.997012688445554
1995-08-28,1995,8,240,21.14645335045041
1995-08-29,1995,8,241,12.011854905906452
1995-08-30,1995,8,242,16.00290627324285
1995-08-31,1995,8,243,16.893131561328328
1995-09-01,1995,9,244,17.85008404146634
1995-09-02,1995,9,245,14.748895936371834
1995-09-03,1995,9,246,6.441983861400209
1995-09-04,1995,9,247,14.339648436866671
1995-09-05,1995,9,248,13.67807400584119
1995-09-06,1995,9,249,0.167553430759917
1995-09-07,1995,9,250,18.18902890786413
1995-09-08,1995,9,251,16.50226617268037
1995-09-09,1995,9,252,20.842286758578123
1995-09-10,1995,9,253,10.849536771435153
1995-09-11,1995,9,254,0.0
1995-09-12,1995,9,255,0.5402426766654622
1995-09-13,1995,9,256,5.012998575825107
1995-09-14,1995,9,257,12.708492094160864
1995-09-15,1995,9,258,28.273200700705956
1995-09-16,1995,9,259,0.0
1995-09-17,1995,9,260,39.14703061791088
1995-09-18,1995,9,261,17.10181068148282
1995-09-19,1995,9,262,15.679428949862745
1995-09-20,1995,9,263,0.0
1995-09-21,1995,9,264,14.562318707697392
1995-09-22,1995,9,265,4.86557723194897
1995-09-23,1995,9,266,0.0
1995-09-24,1995,9,267,17.809183061889023
1995-09-25,1995,9,268,18.841620330638936
1995-09-26,1995,9,269,25.22490908942268
1995-09-27,1995,9,270,9.074958396754718
1995-09-28,1995,9,271,2.760940521521352
1995-09-29,1995,9,272,0.7689187371434569
1995-09-30,1995,9,273,6.822141453866379
1995-10-01,1995,10,274,6.211878117579318
1995-10-02,1995,10,275,35.673628342080136
1995-10-03,1995,10,276,9.804739383212908
1995-10-04,1995,10,277,16.155316912831662
1995-10-05,1995,10,278,8.067018232696979
1995-10-06,1995,10,279,21.523967982564304
1995-10-07,1995,10,280,0.5387214229162064
1995-10-08,1995,10,281,0.0
1995-10-09,1995,10,282,0.1597217594136922
1995-10-10,1995,10,283,9.057735638426426
1995-10-11,1995,10,284,5.809440467228928
1995-10-12,1995,10,285,15.796536845024985
1995-10-13,1995,10,286,1.3131269488767774
1995-10-14,1995,10,287,3.382650737488689
1995-10-15,1995,10,288,6.799231011078923
1995-10-16,1995,10,289,15.925773590369008
1995-10-17,1995,10,290,7.044311478287108
1995-10-18,1995,10,291,1.3922465842507696
1995-10-19,1995,10,292,0.2492038151496685
1995-10-20,1995,10,293,0.0
1995-10-21,1995,10,294,0.0
1995-10-22,1995,10,295,4.152884025295882
1995-10-23,1995,10,296,0.0
1995-10-24,1995,10,297,1.2194191410486377
1995-10-25,1995,10,298,0.0
1995-10-26,1995,10,299,2.1910183985415137
1995-10-27,1995,10,300,7.202347951254073
1995-10-28,1995,10,301,2.9401156684733296
1995-10-29,1995,10,302,12.894834243750717
1995-10-30,1995,10,303,5.851282458072455
1995-10-31,1995,10,304,10.034660530989251
1995-11-01,1995,11,305,0.0336280163272181
1995-11-02,1995,11,306,7.210821483006518
1995-11-03,1995,11,307,0.0
1995-11-04,1995,11,308,0.0
1995-11-05,1995,11,309,0.0
1995-11-06,1995,11,310,0.0
1995-11-07,1995,11,311,0.0
1995-11-08,1995,11,312,0.5704111948724272
1995-11-09,1995,11,313,0.0
1995-11-10,1995,11,314,0.5649609247026223
1995-11-11,1995,11,315,0.3307372750179728
1995-11-12,1995,11,316,0.0
1995-11-13,1995,11,317,0.0
1995-11-14,1995,11,318,4.553854521207556
1995-11-15,1995,11,319,5.579862510177348
1995-11-16,1995,11,320,2.155653777240992
1995-11-17,1995,11,321,0.5974455482446954
1995-11-18,1995,11,322,0.0
1995-11-19,1995,11,323,11.955253131183277
1995-11-20,1995,11,324,0.0058631112459079
1995-11-21,1995,11,325,3.699654448308185
1995-11-22,1995,11,326,2.9016210782599434
1995-11-23,1995,11,327,0.0
1995-11-24,1995,11,328,0.7821294451331929
1995-11-25,1995,11,329,2.2739575372972136
1995-11-26,1995,11,330,0.0
1995-11-27,1995,11,331,0.0
1995-11-28,1995,11,332,4.55010266731004
1995-11-29,1995,11,333,0.0
1995-11-30,1995,11,334,0.0
1995-12-01,1995,12,335,0.0
1995-12-02,1995,12,336,0.0
1995-12-03,1995,12,337,0.0
1995-12-04,1995,12,338,0.0
1995-12-05,1995,12,339,1.001507350493417
1995-12-06,1995,12,340,0.0
1995-12-07,1995,12,341,0.0
1995-12-08,1995,12,342,0.0
1995-12-09,1995,12,343,0.0
1995-12-10,1995,12,344,0.0
1995-12-11,1995,12,345,0.0
1995-12-12,1995,12,346,0.0
1995-12-13,1995,12,347,1.5733377533073394
1995-12-14,1995,12,348,0.0
1995-12-15,1995,12,349,2.397966832509895
1995-12-16,1995,12,350,8.179609430173368
1995-12-17,1995,12,351,0.0
1995-12-18,1995,12,352,2.0355306432710925
1995-12-19,1995,12,353,0.0
1995-12-20,1995,12,354,0.0
1995-12-21,1995,12,355,8.01268090334527
1995-12-22,1995,12,356,1.1209826673977172
1995-12-23,1995,12,357,0.0
1995-12-24,1995,12,358,0.0
1995-12-25,1995,12,359,3.530450090727647
1995-12-26,1995,12,360,0.0
1995-12-27,1995,12,361,14.221119251022404
1995-12-28,1995,12,362,0.1192431897308036
1995-12-29,1995,12,363,1.1989896183046609
1995-12-30,1995,12,364,0.0
1995-12-31,1995,12,365,0.0
1996-01-01,1996,1,1,0.0
1996-01-02,1996,1,2,0.0
1996-01-03,1996,1,3,0.0
1996-01-04,1996,1,4,0.963360592378136
1996-01-05,1996,1,5,3.5110679264750964
1996-01-06,1996,1,6,1.0558030732237793
1996-01-07,1996,1,7,0.0
1996-01-08,1996,1,8,0.0034062767396549
1996-01-09,1996,1,9,1.4249610566847737
1996-01-10,1996,1,10,0.0
1996-01-11,1996,1,11,0.0
1996-01-12,1996,1,12,0.0
1996-01-13,1996,1,13,0.0
1996-01-14,1996,1,14,0.0
1996-01-15,1996,1,15,0.0
1996-01-16,1996,1,16,0.0
1996-01-17,1996,1,17,0.0
1996-01-18,1996,1,18,0.0
1996-01-19,1996,1,19,0.0
1996-01-20,1996,1,20,0.0
1996-01-21,1996,1,21,0.0
1996-01-22,1996,1,22,0.0
1996-01-23,1996,1,23,0.0
1996-01-24,1996,1,24,0.0
1996-01-25,1996,1,25,0.0
1996-01-26,1996,1,26,0.0
1996-01-27,1996,1,27,0.0
1996-01-28,1996,1,28,0.3863522473215137
1996-01-29,1996,1,29,0.0
1996-01-30,1996,1,30,0.0
1996-01-31,1996,1,31,0.0
1996-02-01,1996,2,32,1.225529511003486
1996-02-02,1996,2,33,0.0
1996-02-03,1996,2,34,0.3659967454764817
1996-02-04,1996,2,35,0.7744396977069139
1996-02-05,1996,2,36,0.7744396977069139
1996-02-06,1996,2,37,0.0
1996-02-07,1996,2,38,0.0
1996-02-08,1996,2,39,0.0
1996-02-09,1996,2,40,0.0
1996-02-10,1996,2,41,0.0
1996-02-11,1996,2,42,0.0025286855305375
1996-02-12,1996,2,43,0.0
1996-02-13,1996,2,44,0.0
1996-02-14,1996,2,45,0.0
1996-02-15,1996,2,46,0.0
1996-02-16,1996,2,47,0.0
1996-02-17,1996,2,48,0.0
1996-02-18,1996,2,49,2.0133037247408527
1996-02-19,1996,2,50,0.0
1996-02-20,1996,2,51,0.0
1996-02-21,1996,2,52,0.0
1996-02-22,1996,2,53,0.0
1996-02-23,1996,2,54,0.0
1996-02-24,1996,2,55,0.0
1996-02-25,1996,2,56,3.6412163853849626
1996-02-26,1996,2,57,0.0
1996-02-27,1996,2,58,0.0
1996-02-28,1996,2,59,0.0
1996-02-29,1996,2,60,0.0
1996-03-01,1996,3,61,0.0
1996-03-02,1996,3,62,0.0
1996-03-03,1996,3,63,0.0
1996-03-04,1996,3,64,0.0
1996-03-05,1996,3,65,0.0
1996-03-06,1996,3,66,0.0
1996-03-07,1996,3,67,0.0
1996-03-08,1996,3,68,0.0
1996-03-09,1996,3,69,0.0
1996-03-10,1996,3,70,0.0
1996-03-11,1996,3,71,0.0
1996-03-12,1996,3,72,0.0
1996-03-13,1996,3,73,0.0
1996-03-14,1996,3,74,0.0
1996-03-15,1996,3,75,0.0
1996-03-16,1996,3,76,0.0
1996-03-17,1996,3,77,0.0
1996-03-18,1996,3,78,0.0
1996-03-19,1996,3,79,0.0
1996-03-20,1996,3,80,0.0
1996-03-21,1996,3,81,3.938986892361057
1996-03-22,1996,3,82,0.0
1996-03-23,1996,3,83,0.8841315563049905
1996-03-24,1996,3,84,0.218613346928496
1996-03-25,1996,3,85,0.0
1996-03-26,1996,3,86,0.3593630087406286
1996-03-27,1996,3,87,1.8540080343440957
1996-03-28,1996,3,88,11.989133115497122
1996-03-29,1996,3,89,2.928411680761319
1996-03-30,1996,3,90,0.0
1996-03-31,1996,3,91,0.0
1996-04-01,1996,4,92,0.0
1996-04-02,1996,4,93,1.5997597766336258
1996-04-03,1996,4,94,3.4367429418066373
1996-04-04,1996,4,95,0.0
1996-04-05,1996,4,96,0.0
1996-04-06,1996,4,97,0.0
1996-04-07,1996,4,98,0.0
1996-04-08,1996,4,99,0.0
1996-04-09,1996,4,100,7.407825608843906
1996-04-10,1996,4,101,0.0
1996-04-11,1996,4,102,8.96900062376654
1996-04-12,1996,4,103,2.9320052960231564
1996-04-13,1996,4,104,0.6845813470205488
1996-04-14,1996,4,105,0.0748166901593343
1996-04-15,1996,4,106,5.880865272412264
1996-04-16,1996,4,107,0.0
1996-04-17,1996,4,108,0.0
1996-04-18,1996,4,109,10.158872129269511
1996-04-19,1996,4,110,8.75860099968179
1996-04-20,1996,4,111,0.0
1996-04-21,1996,4,112,7.881186408064972
1996-04-22,1996,4,113,10.64779941097936
1996-04-23,1996,4,114,10.48281465479729
1996-04-24,1996,4,115,0.0
1996-04-25,1996,4,116,12.16222812573728
1996-04-26,1996,4,117,4.236577270780758
1996-04-27,1996,4,118,12.748364245370604
1996-04-28,1996,4,119,31.236594825702134
1996-04-29,1996,4,120,16.37986188028854
1996-04-30,1996,4,121,1.7524530425884834
1996-05-01,1996,5,122,2.392799861301391
1996-05-02,1996,5,123,2.377748891443091
1996-05-03,1996,5,124,1.938074527945188
1996-05-04,1996,5,125,8.071331493447966
1996-05-05,1996,5,126,4.822008650733961
1996-05-06,1996,5,127,5.135638530425976
1996-05-07,1996,5,128,8.601876895450179
1996-05-08,1996,5,129,8.96055326047062
1996-05-09,1996,5,130,6.985068706027852
1996-05-10,1996,5,131,7.731223090857446
1996-05-11,1996,5,132,13.484614206770088
1996-05-12,1996,5,133,12.358232114594925
1996-05-13,1996,5,134,9.560451623100244
1996-05-14,1996,5,135,13.493954390466165
1996-05-15,1996,5,136,6.589906842665686
1996-05-16,1996,5,137,9.149800604699308
1996-05-17,1996,5,138,41.24454949692773
1996-05-18,1996,5,139,6.703960873984638
1996-05-19,1996,5,140,0.0537629079491845
1996-05-20,1996,5,141,20.847539678535203
1996-05-21,1996,5,142,6.934677464541147
1996-05-22,1996,5,143,11.75773719680953
1996-05-23,1996,5,144,5.839436012654602
1996-05-24,1996,5,145,12.373834013938906
1996-05-25,1996,5,146,0.6582607183072335
1996-05-26,1996,5,147,19.44845876391361
1996-05-27,1996,5,148,10.983895009158507
1996-05-28,1996,5,149,0.0
1996-05-29,1996,5,150,0.1465698485713589
1996-05-30,1996,5,151,10.422459063615774
1996-05-31,1996,5,152,0.0014884548505964
1996-06-01,1996,6,153,7.262890568122768
1996-06-02,1996,6,154,0.0030568329411484
1996-06-03,1996,6,155,6.319509399785073
1996-06-04,1996,6,156,15.983310739301476
1996-06-05,1996,6,157,9.774250252592124
1996-06-06,1996,6,158,0.540911548752609
1996-06-07,1996,6,159,3.6831268620674895
1996-06-08,1996,6,160,7.903371232078948
1996-06-09,1996,6,161,14.681390003353078
1996-06-10,1996,6,162,10.716347080372088
1996-06-11,1996,6,163,15.162353601124725
1996-06-12,1996,6,164,12.69668493183025
1996-06-13,1996,6,165,5.41530914978789
1996-06-14,1996,6,166,0.8313244531168934
1996-06-15,1996,6,167,16.693440171317757
1996-06-16,1996,6,168,7.0431398088950425
1996-06-17,1996,6,169,13.897259945121707
1996-06-18,1996,6,170,17.7128994814228
1996-06-19,1996,6,171,9.504849624613358
1996-06-20,1996,6,172,16.403135436972494
1996-06-21,1996,6,173,8.445613394359697
1996-06-22,1996,6,174,16.957072121727233
1996-06-23,1996,6,175,9.327054566058116
1996-06-24,1996,6,176,11.645404251396092
1996-06-25,1996,6,177,13.859861584432943
1996-06-26,1996,6,178,11.476400710112436
1996-06-27,1996,6,179,17.20179371784769
1996-06-28,1996,6,180,4.273248489125732
1996-06-29,1996,6,181,8.088781685224435
1996-06-30,1996,6,182,0.2987248073200333
1996-07-01,1996,7,183,6.039699842711238
1996-07-02,1996,7,184,5.380147327289893
1996-07-03,1996,7,185,5.135680833481884
1996-07-04,1996,7,186,25.00470618314997
1996-07-05,1996,7,187,14.2812990171846
1996-07-06,1996,7,188,5.650850545113783
1996-07-07,1996,7,189,10.17375440503556
1996-07-08,1996,7,190,2.5074204510874285
1996-07-09,1996,7,191,2.414031190451333
1996-07-10,1996,7,192,4.563645550146405
1996-07-11,1996,7,193,15.275731085300857
1996-07-12,1996,7,194,4.327994080517368
1996-07-13,1996,7,195,0.0
1996-07-14,1996,7,196,1.5529092565600242
1996-07-15,1996,7,197,5.352851466531926
1996-07-16,1996,7,198,17.34789628112224
1996-07-17,1996,7,199,11.786855771997184
1996-07-18,1996,7,200,2.822476794807545
1996-07-19,1996,7,201,0.0088292191757947
1996-07-20,1996,7,202,17.830066740768224
1996-07-21,1996,7,203,6.320073464535809
1996-07-22,1996,7,204,3.5855377586662205
1996-07-23,1996,7,205,0.0
1996-07-24,1996,7,206,3.5855377586662205
1996-07-25,1996,7,207,5.942695192782003
1996-07-26,1996,7,208,5.987921490971615
1996-07-27,1996,7,209,13.531311116876411
1996-07-28,1996,7,210,0.612016554254697
1996-07-29,1996,7,211,24.330047181659825
1996-07-30,1996,7,212,5.532473952114429
1996-07-31,1996,7,213,13.314154784701886
1996-08-01,1996,8,214,9.325844801126022
1996-08-02,1996,8,215,0.0
1996-08-03,1996,8,216,0.0
1996-08-04,1996,8,217,0.0627470102285664
1996-08-05,1996,8,218,0.0
1996-08-06,1996,8,219,15.39588887342144
1996-08-07,1996,8,220,1.7558729084720954
1996-08-08,1996,8,221,18.76637014774758
1996-08-09,1996,8,222,1.9346310246573009
1996-08-10,1996,8,223,16.683755996601132
1996-08-11,1996,8,224,1.638923172779132
1996-08-12,1996,8,225,5.449887565904534
1996-08-13,1996,8,226,12.563524441527012
1996-08-14,1996,8,227,0.0784879433567338
1996-08-15,1996,8,228,10.97694955611699
1996-08-16,1996,8,229,5.987573634485149
1996-08-17,1996,8,230,3.762970345900829
1996-08-18,1996,8,231,8.2668289316957
1996-08-19,1996,8,232,4.678178758169712
1996-08-20,1996,8,233,14.831747627912064
1996-08-21,1996,8,234,11.667257320707234
1996-08-22,1996,8,235,6.633978034097513
1996-08-23,1996,8,236,5.15215744447177
1996-08-24,1996,8,237,11.66410739225716
1996-08-25,1996,8,238,17.597108247245387
1996-08-26,1996,8,239,0.1849972947397698
1996-08-27,1996,8,240,6.29814479978246
1996-08-28,1996,8,241,6.294728854832327
1996-08-29,1996,8,242,0.0
1996-08-30,1996,8,243,0.0
1996-08-31,1996,8,244,6.549048363907069
1996-09-01,1996,9,245,5.59402713182142
1996-09-02,1996,9,246,5.113778584975918
1996-09-03,1996,9,247,5.562311752392068
1996-09-04,1996,9,248,0.0904519768382303
1996-09-05,1996,9,249,0.0
1996-09-06,1996,9,250,0.2887587230636609
1996-09-07,1996,9,251,20.95092547379096
1996-09-08,1996,9,252,14.540759975928571
1996-09-09,1996,9,253,21.777851010349544
1996-09-10,1996,9,254,25.33987291633521
1996-09-11,1996,9,255,8.588306771656745
1996-09-12,1996,9,256,8.897017675684166
1996-09-13,1996,9,257,9.40722577635202
1996-09-14,1996,9,258,12.50111027160259
1996-09-15,1996,9,259,15.222302511193964
1996-09-16,1996,9,260,6.12294664011108
1996-09-17,1996,9,261,3.090440299741815
1996-09-18,1996,9,262,11.64966914136898
1996-09-19,1996,9,263,2.7017109430847563
1996-09-20,1996,9,264,0.9476397475730484
1996-09-21,1996,9,265,51.93955540759193
1996-09-22,1996,9,266,19.212668484873312
1996-09-23,1996,9,267,0.3956729509734453
1996-09-24,1996,9,268,0.0
1996-09-25,1996,9,269,0.346213818822238
1996-09-26,1996,9,270,0.0
1996-09-27,1996,9,271,1.4903185590271677
1996-09-28,1996,9,272,44.06114273757738
1996-09-29,1996,9,273,13.154692246756598
1996-09-30,1996,9,274,10.884356243547048
1996-10-01,1996,10,275,16.150506170365986
1996-10-02,1996,10,276,11.992707689807473
1996-10-03,1996,10,277,2.246805872075458
1996-10-04,1996,10,278,0.1227106201209466
1996-10-05,1996,10,279,10.700263660282996
1996-10-06,1996,10,280,15.831129448885786
1996-10-07,1996,10,281,11.996605461544734
1996-10-08,1996,10,282,8.388149760886963
1996-10-09,1996,10,283,10.583185199702411
1996-10-10,1996,10,284,6.253562239979514
1996-10-11,1996,10,285,0.0
1996-10-12,1996,10,286,0.0772318681694037
1996-10-13,1996,10,287,0.0
1996-10-14,1996,10,288,5.0739844889342525
1996-10-15,1996,10,289,3.0502808841764155
1996-10-16,1996,10,290,9.50409567279497
1996-10-17,1996,10,291,8.795899291373566
1996-10-18,1996,10,292,3.402318471603753
1996-10-19,1996,10,293,1.2590456044152951
1996-10-20,1996,10,294,4.225514183160884
1996-10-21,1996,10,295,1.6743050271257338
1996-10-22,1996,10,296,3.197219430429872
1996-10-23,1996,10,297,15.072511495845175
1996-10-24,1996,10,298,15.004521714793174
1996-10-25,1996,10,299,1.110376504515621
1996-10-26,1996,10,300,2.069932740676475
1996-10-27,1996,10,301,0.0
1996-10-28,1996,10,302,0.0
1996-10-29,1996,10,303,0.0
1996-10-30,1996,10,304,0.0
1996-10-31,1996,10,305,4.354755818282015
1996-11-01,1996,11,306,0.0
1996-11-02,1996,11,307,0.0
1996-11-03,1996,11,308,14.118693035897168
1996-11-04,1996,11,309,0.003677529152786
1996-11-05,1996,11,310,7.887861774431506
1996-11-06,1996,11,311,0.0
1996-11-07,1996,11,312,0.0
1996-11-08,1996,11,313,0.0
1996-11-09,1996,11,314,0.0
1996-11-10,1996,11,315,0.0
1996-11-11,1996,11,316,5.119159928017839
1996-11-12,1996,11,317,0.0
1996-11-13,1996,11,318,0.0
1996-11-14,1996,11,319,0.0
1996-11-15,1996,11,320,0.0
1996-11-16,1996,11,321,0.0
1996-11-17,1996,11,322,0.5183592337058361
1996-11-18,1996,11,323,3.869208634972266
1996-11-19,1996,11,324,0.0
1996-11-20,1996,11,325,17.59222537570257
1996-11-21,1996,11,326,7.74966322916026
1996-11-22,1996,11,327,6.564526813144652
1996-11-23,1996,11,328,0.0
1996-11-24,1996,11,329,0.0
1996-11-25,1996,11,330,0.0
1996-11-26,1996,11,331,0.0
1996-11-27,1996,11,332,0.0
1996-11-28,1996,11,333,0.0
1996-11-29,1996,11,334,0.0
1996-11-30,1996,11,335,0.0
1996-12-01,1996,12,336,6.525962241715413
1996-12-02,1996,12,337,1.1134518902835011
1996-12-03,1996,12,338,0.0
1996-12-04,1996,12,339,0.0
1996-12-05,1996,12,340,0.0
1996-12-06,1996,12,341,0.0
1996-12-07,1996,12,342,0.0
1996-12-08,1996,12,343,0.0
1996-12-09,1996,12,344,0.0
1996-12-10,1996,12,345,3.4083543822309763
1996-12-11,1996,12,346,0.0
1996-12-12,1996,12,347,0.0076621930723835
1996-12-13,1996,12,348,0.8283097096355737
1996-12-14,1996,12,349,0.0
1996-12-15,1996,12,350,0.0
1996-12-16,1996,12,351,0.0
1996-12-17,1996,12,352,0.0
1996-12-18,1996,12,353,0.0
1996-12-19,1996,12,354,1.928282101438305
1996-12-20,1996,12,355,0.0
1996-12-21,1996,12,356,0.0
1996-12-22,1996,12,357,0.0309734033945797
1996-12-23,1996,12,358,0.3743575141791513
1996-12-24,1996,12,359,0.0
1996-12-25,1996,12,360,0.0
1996-12-26,1996,12,361,0.0
1996-12-27,1996,12,362,0.0
1996-12-28,1996,12,363,0.0
1996-12-29,1996,12,364,0.0
1996-12-30,1996,12,365,0.0
1996-12-31,1996,12,366,0.0
1997-01-01,1997,1,1,0.0
1997-01-02,1997,1,2,0.0
1997-01-03,1997,1,3,0.7339705894569505
1997-01-04,1997,1,4,0.6384208506258922
1997-01-05,1997,1,5,0.0
1997-01-06,1997,1,6,0.0
1997-01-07,1997,1,7,0.0
1997-01-08,1997,1,8,0.0
1997-01-09,1997,1,9,0.0
1997-01-10,1997,1,10,0.0
1997-01-11,1997,1,11,0.0
1997-01-12,1997,1,12,0.0
1997-01-13,1997,1,13,0.0
1997-01-14,1997,1,14,0.8431949575639937
1997-01-15,1997,1,15,0.0
1997-01-16,1997,1,16,0.0
1997-01-17,1997,1,17,0.0
1997-01-18,1997,1,18,0.0
1997-01-19,1997,1,19,0.0
1997-01-20,1997,1,20,0.1228660849444153
1997-01-21,1997,1,21,0.0
1997-01-22,1997,1,22,0.0
1997-01-23,1997,1,23,0.0
1997-01-24,1997,1,24,0.0
1997-01-25,1997,1,25,0.0
1997-01-26,1997,1,26,0.0
1997-01-27,1997,1,27,0.0
1997-01-28,1997,1,28,2.0401255134955982
1997-01-29,1997,1,29,2.5753336615202875
1997-01-30,1997,1,30,0.5516651505165461
1997-01-31,1997,1,31,0.5516651505165461
1997-02-01,1997,2,32,0.0
1997-02-02,1997,2,33,0.0
1997-02-03,1997,2,34,0.0
1997-02-04,1997,2,35,0.0
1997-02-05,1997,2,36,0.0
1997-02-06,1997,2,37,0.0
1997-02-07,1997,2,38,0.0
1997-02-08,1997,2,39,0.0
1997-02-09,1997,2,40,0.0
1997-02-10,1997,2,41,0.0027283687518004
1997-02-11,1997,2,42,0.0
1997-02-12,1997,2,43,0.0
1997-02-13,1997,2,44,0.0
1997-02-14,1997,2,45,0.6062537224352003
1997-02-15,1997,2,46,5.135733562089892
1997-02-16,1997,2,47,0.0
1997-02-17,1997,2,48,0.6592922572815837
1997-02-18,1997,2,49,0.2964939149711105
1997-02-19,1997,2,50,2.247855988545814
1997-02-20,1997,2,51,4.361943055445452
1997-02-21,1997,2,52,1.366572333281124
1997-02-22,1997,2,53,0.0
1997-02-23,1997,2,54,0.0
1997-02-24,1997,2,55,0.0
1997-02-25,1997,2,56,1.3806814093209785
1997-02-26,1997,2,57,0.0
1997-02-27,1997,2,58,0.0
1997-02-28,1997,2,59,0.0
1997-03-01,1997,3,60,2.03361327206874
1997-03-02,1997,3,61,0.0213437068125276
1997-03-03,1997,3,62,0.0
1997-03-04,1997,3,63,0.0
1997-03-05,1997,3,64,0.0
1997-03-06,1997,3,65,0.0
1997-03-07,1997,3,66,0.0
1997-03-08,1997,3,67,0.0
1997-03-09,1997,3,68,0.0
1997-03-10,1997,3,69,0.0
1997-03-11,1997,3,70,0.0
1997-03-12,1997,3,71,0.0
1997-03-13,1997,3,72,0.0
1997-03-14,1997,3,73,0.0
1997-03-15,1997,3,74,0.0
1997-03-16,1997,3,75,0.0
1997-03-17,1997,3,76,0.0
1997-03-18,1997,3,77,0.0
1997-03-19,1997,3,78,0.062636215664325
1997-03-20,1997,3,79,3.494202666131472
1997-03-21,1997,3,80,0.0
1997-03-22,1997,3,81,5.039271814657668
1997-03-23,1997,3,82,1.0281959658723256
1997-03-24,1997,3,83,0.0
1997-03-25,1997,3,84,11.659647934336691
1997-03-26,1997,3,85,0.0
1997-03-27,1997,3,86,4.764276224318587
1997-03-28,1997,3,87,0.0
1997-03-29,1997,3,88,0.0
1997-03-30,1997,3,89,0.0
1997-03-31,1997,3,90,0.0
1997-04-01,1997,4,91,0.0
1997-04-02,1997,4,92,0.0
1997-04-03,1997,4,93,0.0
1997-04-04,1997,4,94,0.1392698190921172
1997-04-05,1997,4,95,4.569275194595487
1997-04-06,1997,4,96,0.0
1997-04-07,1997,4,97,0.0
1997-04-08,1997,4,98,0.4480780844210353
1997-04-09,1997,4,99,0.0013830908338739
1997-04-10,1997,4,100,5.452174476289606
1997-04-11,1997,4,101,6.889025252347536
1997-04-12,1997,4,102,7.683853790381065
1997-04-13,1997,4,103,8.11446366697269
1997-04-14,1997,4,104,0.0
1997-04-15,1997,4,105,1.0400907133211923
1997-04-16,1997,4,106,0.0292517006805848
1997-04-17,1997,4,107,1.8669431810207413
1997-04-18,1997,4,108,1.2093323911217004
1997-04-19,1997,4,109,7.038817994085865
1997-04-20,1997,4,110,0.0
1997-04-21,1997,4,111,0.0
1997-04-22,1997,4,112,0.0
1997-04-23,1997,4,113,5.695061133014104
1997-04-24,1997,4,114,0.0
1997-04-25,1997,4,115,0.0
1997-04-26,1997,4,116,0.0
1997-04-27,1997,4,117,0.0
1997-04-28,1997,4,118,0.9127018611555746
1997-04-29,1997,4,119,0.0908107144922503
1997-04-30,1997,4,120,0.5103492248793801
1997-05-01,1997,5,121,4.772812287983164
1997-05-02,1997,5,122,1.8941313545470984
1997-05-03,1997,5,123,2.927686120034694
1997-05-04,1997,5,124,0.6246254016623707
1997-05-05,1997,5,125,0.0
1997-05-06,1997,5,126,0.0
1997-05-07,1997,5,127,0.0
1997-05-08,1997,5,128,0.0
1997-05-09,1997,5,129,0.0148741053584915
1997-05-10,1997,5,130,7.609837982219413
1997-05-11,1997,5,131,0.0
1997-05-12,1997,5,132,10.592161390754844
1997-05-13,1997,5,133,1.0075804044675298
1997-05-14,1997,5,134,12.90843161340442
1997-05-15,1997,5,135,3.342106639419546
1997-05-16,1997,5,136,22.33486127669524
1997-05-17,1997,5,137,0.1388966068816982
1997-05-18,1997,5,138,6.8191881608840434
1997-05-19,1997,5,139,0.0
1997-05-20,1997,5,140,0.0
1997-05-21,1997,5,141,0.01868603626887
1997-05-22,1997,5,142,4.806570453529391
1997-05-23,1997,5,143,0.079438607459816
1997-05-24,1997,5,144,4.05575007179811
1997-05-25,1997,5,145,3.107341620589079
1997-05-26,1997,5,146,1.190911831821043
1997-05-27,1997,5,147,3.728649719413163
1997-05-28,1997,5,148,18.784686069562078
1997-05-29,1997,5,149,5.508717061263839
1997-05-30,1997,5,150,6.108877755375938
1997-05-31,1997,5,151,2.056822232027389
1997-06-01,1997,6,152,7.584186665298803
1997-06-02,1997,6,153,15.523053419109893
1997-06-03,1997,6,154,0.0
1997-06-04,1997,6,155,13.212283952274994
1997-06-05,1997,6,156,17.66431137283541
1997-06-06,1997,6,157,21.73562299173513
1997-06-07,1997,6,158,19.867568980963085
1997-06-08,1997,6,159,6.045381889653799
1997-06-09,1997,6,160,10.39956631329495
1997-06-10,1997,6,161,0.0
1997-06-11,1997,6,162,14.348359697786478
1997-06-12,1997,6,163,3.132775980484414
1997-06-13,1997,6,164,9.060273261589176
1997-06-14,1997,6,165,26.21671991993856
1997-06-15,1997,6,166,6.583065406624436
1997-06-16,1997,6,167,0.0
1997-06-17,1997,6,168,7.524810750155544
1997-06-18,1997,6,169,0.2239064148786033
1997-06-19,1997,6,170,0.0
1997-06-20,1997,6,171,5.1587108356276445
1997-06-21,1997,6,172,0.0
1997-06-22,1997,6,173,0.0
1997-06-23,1997,6,174,1.5906703468051444
1997-06-24,1997,6,175,12.127032436360228
1997-06-25,1997,6,176,9.60024688676983
1997-06-26,1997,6,177,6.6549982442341005
1997-06-27,1997,6,178,10.162594822399004
1997-06-28,1997,6,179,25.701233686702118
1997-06-29,1997,6,180,0.0
1997-06-30,1997,6,181,10.6606316417328
1997-07-01,1997,7,182,19.700632691485517
1997-07-02,1997,7,183,4.666733806268109
1997-07-03,1997,7,184,17.34055243073719
1997-07-04,1997,7,185,2.5730695281666165
1997-07-05,1997,7,186,0.0
1997-07-06,1997,7,187,0.0
1997-07-07,1997,7,188,0.0
1997-07-08,1997,7,189,0.0
1997-07-09,1997,7,190,7.131649870288199
1997-07-10,1997,7,191,0.0
1997-07-11,1997,7,192,0.4056927822242972
1997-07-12,1997,7,193,2.962788390342048
1997-07-13,1997,7,194,8.7102822363632
1997-07-14,1997,7,195,4.197911557266624
1997-07-15,1997,7,196,4.590473379502464
1997-07-16,1997,7,197,9.885255556588715
1997-07-17,1997,7,198,0.3629037854808359
1997-07-18,1997,7,199,0.0172645944556111
1997-07-19,1997,7,200,1.1926571361612024
1997-07-20,1997,7,201,5.199596095718477
1997-07-21,1997,7,202,0.0
1997-07-22,1997,7,203,0.9971900520512664
1997-07-23,1997,7,204,0.0578102497535581
1997-07-24,1997,7,205,0.0
1997-07-25,1997,7,206,2.5891500731871084
1997-07-26,1997,7,207,3.018584346301349
1997-07-27,1997,7,208,2.214513618821452
1997-07-28,1997,7,209,4.407568301006375
1997-07-29,1997,7,210,12.834191741959703
1997-07-30,1997,7,211,5.448088579843876
1997-07-31,1997,7,212,6.43888063919064
1997-08-01,1997,8,213,5.593537566287966
1997-08-02,1997,8,214,6.531370952584955
1997-08-03,1997,8,215,3.5178271843616846
1997-08-04,1997,8,216,7.63871786108156
1997-08-05,1997,8,217,2.403975354470856
1997-08-06,1997,8,218,0.0
1997-08-07,1997,8,219,2.4357835248993727
1997-08-08,1997,8,220,4.071812720102639
1997-08-09,1997,8,221,1.4347869309994945
1997-08-10,1997,8,222,0.0
1997-08-11,1997,8,223,5.593282650348562
1997-08-12,1997,8,224,2.117804184773077
1997-08-13,1997,8,225,0.761339954361511
1997-08-14,1997,8,226,0.0699742183587238
1997-08-15,1997,8,227,10.788674368854254
1997-08-16,1997,8,228,3.624318358830744
1997-08-17,1997,8,229,0.0345350370615491
1997-08-18,1997,8,230,0.0589896993138592
1997-08-19,1997,8,231,2.997264660518192
1997-08-20,1997,8,232,9.986771154117667
1997-08-21,1997,8,233,1.3339940156299228
1997-08-22,1997,8,234,0.6998175887746901
1997-08-23,1997,8,235,3.6977583515204815
1997-08-24,1997,8,236,3.0791012576327126
1997-08-25,1997,8,237,2.020491312330568
1997-08-26,1997,8,238,6.643697908318953
1997-08-27,1997,8,239,7.65566480864596
1997-08-28,1997,8,240,6.321833023273138
1997-08-29,1997,8,241,7.787216050970115
1997-08-30,1997,8,242,5.172154363343729
1997-08-31,1997,8,243,7.0678507187679065
1997-09-01,1997,9,244,12.104456092929269
1997-09-02,1997,9,245,6.2601879594565055
1997-09-03,1997,9,246,0.0
1997-09-04,1997,9,247,17.30396580512236
1997-09-05,1997,9,248,2.8216243344387038
1997-09-06,1997,9,249,1.5468535490697946
1997-09-07,1997,9,250,0.9733829876246776
1997-09-08,1997,9,251,11.503263000350993
1997-09-09,1997,9,252,31.855634087666346
1997-09-10,1997,9,253,21.326905531258085
1997-09-11,1997,9,254,5.143580657350986
1997-09-12,1997,9,255,12.232599128079189
1997-09-13,1997,9,256,6.36304702213307
1997-09-14,1997,9,257,12.179814909908028
1997-09-15,1997,9,258,20.006122148026744
1997-09-16,1997,9,259,0.6712803590369205
1997-09-17,1997,9,260,2.697817221092381
1997-09-18,1997,9,261,17.884129362425035
1997-09-19,1997,9,262,15.093369508668106
1997-09-20,1997,9,263,8.713317071359793
1997-09-21,1997,9,264,11.302565787118423
1997-09-22,1997,9,265,18.581032543174206
1997-09-23,1997,9,266,9.665275328672124
1997-09-24,1997,9,267,9.491625206533824
1997-09-25,1997,9,268,7.930649217725719
1997-09-26,1997,9,269,7.154477732347034
1997-09-27,1997,9,270,36.10142918785312
1997-09-28,1997,9,271,18.812190382319223
1997-09-29,1997,9,272,24.2151884137818
1997-09-30,1997,9,273,16.475405621140453
1997-10-01,1997,10,274,30.77505603036823
1997-10-02,1997,10,275,11.67147858212315
1997-10-03,1997,10,276,2.7053148430846345
1997-10-04,1997,10,277,17.535726961358147
1997-10-05,1997,10,278,9.653958935561914
1997-10-06,1997,10,279,28.88876102924755
1997-10-07,1997,10,280,12.758192150840008
1997-10-08,1997,10,281,0.4389172036523174
1997-10-09,1997,10,282,7.391368755133824
1997-10-10,1997,10,283,24.644577930600803
1997-10-11,1997,10,284,0.0
1997-10-12,1997,10,285,0.0
1997-10-13,1997,10,286,0.0
1997-10-14,1997,10,287,0.0
1997-10-15,1997,10,288,10.079793101002648
1997-10-16,1997,10,289,9.622049748335732
1997-10-17,1997,10,290,3.526867661551728
1997-10-18,1997,10,291,4.062237074003326
1997-10-19,1997,10,292,0.9213005371244932
1997-10-20,1997,10,293,7.8366680354671585
1997-10-21,1997,10,294,0.0141394262959432
1997-10-22,1997,10,295,9.830183695091993
1997-10-23,1997,10,296,0.1881111307642658
1997-10-24,1997,10,297,0.0
1997-10-25,1997,10,298,0.0046672894593069
1997-10-26,1997,10,299,0.0
1997-10-27,1997,10,300,0.0
1997-10-28,1997,10,301,0.3545789511263013
1997-10-29,1997,10,302,0.0
1997-10-30,1997,10,303,0.0
1997-10-31,1997,10,304,1.7167238847966264
1997-11-01,1997,11,305,2.803458902656061
1997-11-02,1997,11,306,0.0
1997-11-03,1997,11,307,0.0350071499259837
1997-11-04,1997,11,308,0.0
1997-11-05,1997,11,309,2.119011994345942
1997-11-06,1997,11,310,2.980899729326227
1997-11-07,1997,11,311,0.0
1997-11-08,1997,11,312,4.458029824030532
1997-11-09,1997,11,313,1.8335532859133776
1997-11-10,1997,11,314,12.601659036438589
1997-11-11,1997,11,315,25.5015311279967
1997-11-12,1997,11,316,13.24802074242374
1997-11-13,1997,11,317,9.10284507346133
1997-11-14,1997,11,318,18.4706072038121
1997-11-15,1997,11,319,5.297696457526167
1997-11-16,1997,11,320,8.285320842582747
1997-11-17,1997,11,321,0.0
1997-11-18,1997,11,322,0.0
1997-11-19,1997,11,323,0.0
1997-11-20,1997,11,324,0.0
1997-11-21,1997,11,325,7.547477053288425
1997-11-22,1997,11,326,6.529199802987884
1997-11-23,1997,11,327,0.0
1997-11-24,1997,11,328,0.0
1997-11-25,1997,11,329,0.0051627972234286
1997-11-26,1997,11,330,0.0
1997-11-27,1997,11,331,7.49663655218551
1997-11-28,1997,11,332,0.1874916334895875
1997-11-29,1997,11,333,12.7957245139046
1997-11-30,1997,11,334,5.623478372585294
1997-12-01,1997,12,335,5.10136841583579
1997-12-02,1997,12,336,11.887685411795657
1997-12-03,1997,12,337,18.0216555133679
1997-12-04,1997,12,338,0.1234284189897617
1997-12-05,1997,12,339,0.0
1997-12-06,1997,12,340,0.0
1997-12-07,1997,12,341,1.2417430795965383
1997-12-08,1997,12,342,0.0
1997-12-09,1997,12,343,0.0
1997-12-10,1997,12,344,0.0
1997-12-11,1997,12,345,0.0
1997-12-12,1997,12,346,0.1655110738782057
1997-12-13,1997,12,347,0.0
1997-12-14,1997,12,348,0.0039033114450449
1997-12-15,1997,12,349,0.0
1997-12-16,1997,12,350,0.0
1997-12-17,1997,12,351,0.0
1997-12-18,1997,12,352,0.0
1997-12-19,1997,12,353,0.0
1997-12-20,1997,12,354,0.0
1997-12-21,1997,12,355,0.0
1997-12-22,1997,12,356,0.6698732707065298
1997-12-23,1997,12,357,0.0
1997-12-24,1997,12,358,0.0
1997-12-25,1997,12,359,0.0
1997-12-26,1997,12,360,0.0
1997-12-27,1997,12,361,0.0
1997-12-28,1997,12,362,0.0
1997-12-29,1997,12,363,0.0
1997-12-30,1997,12,364,0.0
1997-12-31,1997,12,365,0.0
1998-01-01,1998,1,1,0.0
1998-01-02,1998,1,2,0.0
1998-01-03,1998,1,3,0.0
1998-01-04,1998,1,4,0.0
1998-01-05,1998,1,5,0.0
1998-01-06,1998,1,6,0.0
1998-01-07,1998,1,7,0.2116594100570515
1998-01-08,1998,1,8,0.0
1998-01-09,1998,1,9,0.0
1998-01-10,1998,1,10,0.0
1998-01-11,1998,1,11,0.0
1998-01-12,1998,1,12,0.0
1998-01-13,1998,1,13,0.0
1998-01-14,1998,1,14,0.0
1998-01-15,1998,1,15,0.0
1998-01-16,1998,1,16,0.0219906496000575
1998-01-17,1998,1,17,0.0
1998-01-18,1998,1,18,0.0
1998-01-19,1998,1,19,0.1737844591071285
1998-01-20,1998,1,20,0.0
1998-01-21,1998,1,21,0.0
1998-01-22,1998,1,22,0.0
1998-01-23,1998,1,23,2.4660489112777197
1998-01-24,1998,1,24,0.7566054466706418
1998-01-25,1998,1,25,0.0
1998-01-26,1998,1,26,1.0062453900531716
1998-01-27,1998,1,27,0.0496258889903548
1998-01-28,1998,1,28,0.0
1998-01-29,1998,1,29,0.0
1998-01-30,1998,1,30,0.0
1998-01-31,1998,1,31,0.0
1998-02-01,1998,2,32,0.0
1998-02-02,1998,2,33,0.0
1998-02-03,1998,2,34,0.0
1998-02-04,1998,2,35,0.0
1998-02-05,1998,2,36,0.0
1998-02-06,1998,2,37,0.1258851238674042
1998-02-07,1998,2,38,0.0
1998-02-08,1998,2,39,0.0
1998-02-09,1998,2,40,0.0
1998-02-10,1998,2,41,0.0
1998-02-11,1998,2,42,0.0
1998-02-12,1998,2,43,0.759484063077402
1998-02-13,1998,2,44,0.0
1998-02-14,1998,2,45,0.0
1998-02-15,1998,2,46,0.0
1998-02-16,1998,2,47,0.0
1998-02-17,1998,2,48,0.0
1998-02-18,1998,2,49,0.0
1998-02-19,1998,2,50,0.0
1998-02-20,1998,2,51,2.011256341966892
1998-02-21,1998,2,52,2.522795240901532
1998-02-22,1998,2,53,0.0
1998-02-23,1998,2,54,0.2813528174504114
1998-02-24,1998,2,55,0.5174774364620167
1998-02-25,1998,2,56,0.5174774364620167
1998-02-26,1998,2,57,0.0
1998-02-27,1998,2,58,0.0
1998-02-28,1998,2,59,0.0
1998-03-01,1998,3,60,0.0
1998-03-02,1998,3,61,0.0
1998-03-03,1998,3,62,0.0100418001847483
1998-03-04,1998,3,63,2.4493538349637034
1998-03-05,1998,3,64,2.6702535664718585
1998-03-06,1998,3,65,0.0
1998-03-07,1998,3,66,0.0
1998-03-08,1998,3,67,0.0
1998-03-09,1998,3,68,0.0
1998-03-10,1998,3,69,0.0
1998-03-11,1998,3,70,0.0
1998-03-12,1998,3,71,0.0
1998-03-13,1998,3,72,0.0
1998-03-14,1998,3,73,0.0
1998-03-15,1998,3,74,5.542553726842287
1998-03-16,1998,3,75,7.251896492875123
1998-03-17,1998,3,76,0.0
1998-03-18,1998,3,77,0.0
1998-03-19,1998,3,78,0.0
1998-03-20,1998,3,79,0.0
1998-03-21,1998,3,80,0.0
1998-03-22,1998,3,81,0.0
1998-03-23,1998,3,82,0.6373823757547544
1998-03-24,1998,3,83,0.0
1998-03-25,1998,3,84,0.0505685350684498
1998-03-26,1998,3,85,0.0
1998-03-27,1998,3,86,0.0
1998-03-28,1998,3,87,0.0312118824466028
1998-03-29,1998,3,88,1.3389552074716762
1998-03-30,1998,3,89,0.0
1998-03-31,1998,3,90,0.0
1998-04-01,1998,4,91,0.0
1998-04-02,1998,4,92,0.0
1998-04-03,1998,4,93,0.0
1998-04-04,1998,4,94,1.4611851584737692
1998-04-05,1998,4,95,0.9545974428059202
1998-04-06,1998,4,96,0.0626219054420687
1998-04-07,1998,4,97,2.1516038863803955
1998-04-08,1998,4,98,0.0393441035998817
1998-04-09,1998,4,99,0.0
1998-04-10,1998,4,100,0.0
1998-04-11,1998,4,101,0.0
1998-04-12,1998,4,102,0.0
1998-04-13,1998,4,103,0.0
1998-04-14,1998,4,104,0.0
1998-04-15,1998,4,105,0.0
1998-04-16,1998,4,106,0.0
1998-04-17,1998,4,107,0.6025769018983882
1998-04-18,1998,4,108,0.202032690693807
1998-04-19,1998,4,109,1.345466215996632
1998-04-20,1998,4,110,0.0
1998-04-21,1998,4,111,1.5798053415085174
1998-04-22,1998,4,112,0.0
1998-04-23,1998,4,113,0.001549402949334
1998-04-24,1998,4,114,0.0
1998-04-25,1998,4,115,0.0
1998-04-26,1998,4,116,0.0
1998-04-27,1998,4,117,0.0
1998-04-28,1998,4,118,0.0
1998-04-29,1998,4,119,1.4112087194747975
1998-04-30,1998,4,120,4.255674265548524
1998-05-01,1998,5,121,7.928929383670968
1998-05-02,1998,5,122,14.138796287412406
1998-05-03,1998,5,123,0.1929570349649987
1998-05-04,1998,5,124,0.0
1998-05-05,1998,5,125,0.0
1998-05-06,1998,5,126,0.0
1998-05-07,1998,5,127,0.0
1998-05-08,1998,5,128,0.0
1998-05-09,1998,5,129,0.0
1998-05-10,1998,5,130,0.0
1998-05-11,1998,5,131,0.0
1998-05-12,1998,5,132,0.0
1998-05-13,1998,5,133,0.0
1998-05-14,1998,5,134,0.0
1998-05-15,1998,5,135,0.0
1998-05-16,1998,5,136,0.0
1998-05-17,1998,5,137,0.0
1998-05-18,1998,5,138,0.0
1998-05-19,1998,5,139,0.0
1998-05-20,1998,5,140,0.0
1998-05-21,1998,5,141,0.0
1998-05-22,1998,5,142,2.976338219009308
1998-05-23,1998,5,143,0.2647475283066227
1998-05-24,1998,5,144,0.231654079632567
1998-05-25,1998,5,145,14.165659850136072
1998-05-26,1998,5,146,9.32101782408145
1998-05-27,1998,5,147,2.4770601228862725
1998-05-28,1998,5,148,0.0
1998-05-29,1998,5,149,0.0
1998-05-30,1998,5,150,27.21416620525828
1998-05-31,1998,5,151,8.11136458649427
1998-06-01,1998,6,152,18.56136840188616
1998-06-02,1998,6,153,24.664060190588163
1998-06-03,1998,6,154,12.131727977706106
1998-06-04,1998,6,155,3.9802573699673336
1998-06-05,1998,6,156,5.20488188158475
1998-06-06,1998,6,157,7.610101464475027
1998-06-07,1998,6,158,6.5606936768986985
1998-06-08,1998,6,159,2.5253419809701003
1998-06-09,1998,6,160,8.892528202662428
1998-06-10,1998,6,161,0.0
1998-06-11,1998,6,162,0.0
1998-06-12,1998,6,163,0.0
1998-06-13,1998,6,164,0.0
1998-06-14,1998,6,165,0.0
1998-06-15,1998,6,166,6.505985224461494
1998-06-16,1998,6,167,5.304560078957599
1998-06-17,1998,6,168,0.2772479225859851
1998-06-18,1998,6,169,10.42186934649689
1998-06-19,1998,6,170,0.0
1998-06-20,1998,6,171,0.0
1998-06-21,1998,6,172,13.314214691609116
1998-06-22,1998,6,173,12.491264844206324
1998-06-23,1998,6,174,12.05232370982542
1998-06-24,1998,6,175,17.45647814790715
1998-06-25,1998,6,176,14.794046051295886
1998-06-26,1998,6,177,9.111382493323104
1998-06-27,1998,6,178,6.403270892843593
1998-06-28,1998,6,179,4.900017041371435
1998-06-29,1998,6,180,8.416048206829473
1998-06-30,1998,6,181,8.981745712146251
1998-07-01,1998,7,182,30.579386683131457
1998-07-02,1998,7,183,0.3424519595674909
1998-07-03,1998,7,184,11.951824508166863
1998-07-04,1998,7,185,0.0
1998-07-05,1998,7,186,6.425584990036416
1998-07-06,1998,7,187,0.3868595932729242
1998-07-07,1998,7,188,0.1059102695419324
1998-07-08,1998,7,189,21.562926247881943
1998-07-09,1998,7,190,6.160934533129008
1998-07-10,1998,7,191,37.39571807603093
1998-07-11,1998,7,192,10.25089946994438
1998-07-12,1998,7,193,10.62205836388834
1998-07-13,1998,7,194,1.7952605195809554
1998-07-14,1998,7,195,7.0012304199589765
1998-07-15,1998,7,196,14.718599780768336
1998-07-16,1998,7,197,5.058817221246016
1998-07-17,1998,7,198,4.0286205179587125
1998-07-18,1998,7,199,4.803499755740881
1998-07-19,1998,7,200,2.0244601636537656
1998-07-20,1998,7,201,1.157202366998079
1998-07-21,1998,7,202,9.764414461433327
1998-07-22,1998,7,203,10.77194067394008
1998-07-23,1998,7,204,8.109286210837277
1998-07-24,1998,7,205,1.2122229955701005
1998-07-25,1998,7,206,0.0
1998-07-26,1998,7,207,9.45773258501378
1998-07-27,1998,7,208,12.411953635877696
1998-07-28,1998,7,209,12.431794962927944
1998-07-29,1998,7,210,0.9258180478748952
1998-07-30,1998,7,211,4.493595251847049
1998-07-31,1998,7,212,0.0454993525834398
1998-08-01,1998,8,213,7.772851125848735
1998-08-02,1998,8,214,4.20591068584488
1998-08-03,1998,8,215,0.1041885541868495
1998-08-04,1998,8,216,20.41457420592647
1998-08-05,1998,8,217,15.891245399669597
1998-08-06,1998,8,218,11.408786247403784
1998-08-07,1998,8,219,0.0040620130254554
1998-08-08,1998,8,220,0.0013592778461655
1998-08-09,1998,8,221,0.2643226022483348
1998-08-10,1998,8,222,0.1026990926459801
1998-08-11,1998,8,223,0.0
1998-08-12,1998,8,224,0.8552694559710191
1998-08-13,1998,8,225,4.499366525206285
1998-08-14,1998,8,226,8.486343377251451
1998-08-15,1998,8,227,2.8756728092625083
1998-08-16,1998,8,228,2.2298993273688468
1998-08-17,1998,8,229,7.637357900463422
1998-08-18,1998,8,230,6.479089484831771
1998-08-19,1998,8,231,0.0
1998-08-20,1998,8,232,1.7684188203721751
1998-08-21,1998,8,233,3.8992698751358064
1998-08-22,1998,8,234,6.063438963665345
1998-08-23,1998,8,235,7.834138169488851
1998-08-24,1998,8,236,22.471699968606057
1998-08-25,1998,8,237,10.097202074149786
1998-08-26,1998,8,238,3.937431736082324
1998-08-27,1998,8,239,3.140593743671591
1998-08-28,1998,8,240,23.775284601258942
1998-08-29,1998,8,241,14.945321097165571
1998-08-30,1998,8,242,3.992607848094689
1998-08-31,1998,8,243,11.520285370008702
1998-09-01,1998,9,244,28.901242768958586
1998-09-02,1998,9,245,0.0
1998-09-03,1998,9,246,22.968960358939214
1998-09-04,1998,9,247,12.661675226106128
1998-09-05,1998,9,248,17.720286195872685
1998-09-06,1998,9,249,22.0383025118706
1998-09-07,1998,9,250,14.320872462500644
1998-09-08,1998,9,251,23.186348491993947
1998-09-09,1998,9,252,10.863405442993765
1998-09-10,1998,9,253,2.9763506187162747
1998-09-11,1998,9,254,1.1614162854486385
1998-09-12,1998,9,255,8.661817978055636
1998-09-13,1998,9,256,14.875501502346763
1998-09-14,1998,9,257,20.19108605854717
1998-09-15,1998,9,258,4.141804714129333
1998-09-16,1998,9,259,4.724921147079682
1998-09-17,1998,9,260,4.045710345722205
1998-09-18,1998,9,261,0.0
1998-09-19,1998,9,262,11.393171635824284
1998-09-20,1998,9,263,13.42619177533095
1998-09-21,1998,9,264,15.721704358919729
1998-09-22,1998,9,265,7.966833883100018
1998-09-23,1998,9,266,6.3416437520466005
1998-09-24,1998,9,267,2.7450667331641623
1998-09-25,1998,9,268,8.205526901496816
1998-09-26,1998,9,269,2.7317993473373323
1998-09-27,1998,9,270,2.310418142042512
1998-09-28,1998,9,271,8.776908458453933
1998-09-29,1998,9,272,11.572848738618864
1998-09-30,1998,9,273,8.310813572126877
1998-10-01,1998,10,274,0.0
1998-10-02,1998,10,275,24.955564940803157
1998-10-03,1998,10,276,4.555280967359372
1998-10-04,1998,10,277,0.0065989868193481
1998-10-05,1998,10,278,0.0
1998-10-06,1998,10,279,3.1705756933135465
1998-10-07,1998,10,280,0.1292452219723633
1998-10-08,1998,10,281,2.9962802797479315
1998-10-09,1998,10,282,23.02702841395073
1998-10-10,1998,10,283,0.0
1998-10-11,1998,10,284,3.5670553550009245
1998-10-12,1998,10,285,10.246895247171755
1998-10-13,1998,10,286,7.428165301361346
1998-10-14,1998,10,287,4.497628092459358
1998-10-15,1998,10,288,4.965469161975865
1998-10-16,1998,10,289,54.89058935243857
1998-10-17,1998,10,290,10.163287372188682
1998-10-18,1998,10,291,11.046093110866597
1998-10-19,1998,10,292,7.075296951954245
1998-10-20,1998,10,293,12.12683552478048
1998-10-21,1998,10,294,2.838306411475122
1998-10-22,1998,10,295,6.967965666310034
1998-10-23,1998,10,296,16.50301893184404
1998-10-24,1998,10,297,0.1803861077054505
1998-10-25,1998,10,298,17.437582454011295
1998-10-26,1998,10,299,0.9532737679836988
1998-10-27,1998,10,300,2.953728014317556
1998-10-28,1998,10,301,0.5289528483801044
1998-10-29,1998,10,302,8.39502867083317
1998-10-30,1998,10,303,0.0
1998-10-31,1998,10,304,4.7857399321869085
1998-11-01,1998,11,305,41.509149601649504
1998-11-02,1998,11,306,91.7291150775442
1998-11-03,1998,11,307,2.1610825684914348
1998-11-04,1998,11,308,1.5342549672980743
1998-11-05,1998,11,309,41.59454994234348
1998-11-06,1998,11,310,0.0283464417053065
1998-11-07,1998,11,311,0.0
1998-11-08,1998,11,312,0.0
1998-11-09,1998,11,313,0.0
1998-11-10,1998,11,314,0.0
1998-11-11,1998,11,315,0.5209711504064265
1998-11-12,1998,11,316,0.2366584348392568
1998-11-13,1998,11,317,0.0
1998-11-14,1998,11,318,0.0
1998-11-15,1998,11,319,0.0
1998-11-16,1998,11,320,1.6873207289435053
1998-11-17,1998,11,321,0.0
1998-11-18,1998,11,322,0.0
1998-11-19,1998,11,323,6.671363591126326
1998-11-20,1998,11,324,2.8060083353529657
1998-11-21,1998,11,325,8.995087068205525
1998-11-22,1998,11,326,7.280783503200624
1998-11-23,1998,11,327,3.8205079177351418
1998-11-24,1998,11,328,0.0
1998-11-25,1998,11,329,6.479768358854117
1998-11-26,1998,11,330,8.9678182619805
1998-11-27,1998,11,331,1.3443158594276932
1998-11-28,1998,11,332,4.47784654342832
1998-11-29,1998,11,333,0.0
1998-11-30,1998,11,334,0.0
1998-12-01,1998,12,335,0.0
1998-12-02,1998,12,336,0.0
1998-12-03,1998,12,337,0.2050693101012614
1998-12-04,1998,12,338,3.5413751956634067
1998-12-05,1998,12,339,0.0
1998-12-06,1998,12,340,5.545041797297984
1998-12-07,1998,12,341,0.0
1998-12-08,1998,12,342,0.0
1998-12-09,1998,12,343,0.4466370083168213
1998-12-10,1998,12,344,0.0867805382892834
1998-12-11,1998,12,345,0.0
1998-12-12,1998,12,346,0.158883717035573
1998-12-13,1998,12,347,0.0
1998-12-14,1998,12,348,0.0
1998-12-15,1998,12,349,0.0
1998-12-16,1998,12,350,0.0
1998-12-17,1998,12,351,0.0260706967845776
1998-12-18,1998,12,352,0.0
1998-12-19,1998,12,353,0.0
1998-12-20,1998,12,354,0.0
1998-12-21,1998,12,355,0.0
1998-12-22,1998,12,356,0.0
1998-12-23,1998,12,357,0.0
1998-12-24,1998,12,358,0.0
1998-12-25,1998,12,359,0.0
1998-12-26,1998,12,360,0.0
1998-12-27,1998,12,361,0.0
1998-12-28,1998,12,362,2.5997851917451533
1998-12-29,1998,12,363,0.0
1998-12-30,1998,12,364,0.0
1998-12-31,1998,12,365,0.0
1999-01-01,1999,1,1,0.0
1999-01-02,1999,1,2,0.3146810447853043
1999-01-03,1999,1,3,0.0
1999-01-04,1999,1,4,0.0
1999-01-05,1999,1,5,0.0
1999-01-06,1999,1,6,0.0
1999-01-07,1999,1,7,0.0
1999-01-08,1999,1,8,0.3975467577691556
1999-01-09,1999,1,9,0.0
1999-01-10,1999,1,10,0.0
1999-01-11,1999,1,11,0.0
1999-01-12,1999,1,12,0.0
1999-01-13,1999,1,13,0.0
1999-01-14,1999,1,14,0.0
1999-01-15,1999,1,15,0.1695522164164594
1999-01-16,1999,1,16,0.0
1999-01-17,1999,1,17,0.0
1999-01-18,1999,1,18,0.0
1999-01-19,1999,1,19,0.0
1999-01-20,1999,1,20,0.0
1999-01-21,1999,1,21,0.1420208535954394
1999-01-22,1999,1,22,0.0
1999-01-23,1999,1,23,0.4433208302799819
1999-01-24,1999,1,24,0.0
1999-01-25,1999,1,25,0.0
1999-01-26,1999,1,26,0.0
1999-01-27,1999,1,27,0.0
1999-01-28,1999,1,28,0.0
1999-01-29,1999,1,29,4.519926296203894
1999-01-30,1999,1,30,0.946268676179234
1999-01-31,1999,1,31,0.0
1999-02-01,1999,2,32,0.0
1999-02-02,1999,2,33,0.0
1999-02-03,1999,2,34,0.0
1999-02-04,1999,2,35,0.0
1999-02-05,1999,2,36,0.0
1999-02-06,1999,2,37,0.0
1999-02-07,1999,2,38,0.0
1999-02-08,1999,2,39,0.6423840152471619
1999-02-09,1999,2,40,0.0
1999-02-10,1999,2,41,0.0
1999-02-11,1999,2,42,0.0
1999-02-12,1999,2,43,4.233476382754456
1999-02-13,1999,2,44,0.0
1999-02-14,1999,2,45,0.0
1999-02-15,1999,2,46,0.1537955588730564
1999-02-16,1999,2,47,0.0
1999-02-17,1999,2,48,0.0
1999-02-18,1999,2,49,0.0
1999-02-19,1999,2,50,0.0127648579941515
1999-02-20,1999,2,51,2.11636517470784
1999-02-21,1999,2,52,2.362536046069815
1999-02-22,1999,2,53,0.0034238032632744
1999-02-23,1999,2,54,0.0
1999-02-24,1999,2,55,0.0
1999-02-25,1999,2,56,0.0
1999-02-26,1999,2,57,0.0
1999-02-27,1999,2,58,0.0
1999-02-28,1999,2,59,0.0
1999-03-01,1999,3,60,0.0
1999-03-02,1999,3,61,0.0
1999-03-03,1999,3,62,0.0
1999-03-04,1999,3,63,0.0
1999-03-05,1999,3,64,5.929140041808134
1999-03-06,1999,3,65,0.0
1999-03-07,1999,3,66,0.0
1999-03-08,1999,3,67,0.0
1999-03-09,1999,3,68,0.0
1999-03-10,1999,3,69,0.0
1999-03-11,1999,3,70,0.0
1999-03-12,1999,3,71,0.0
1999-03-13,1999,3,72,0.0
1999-03-14,1999,3,73,0.0
1999-03-15,1999,3,74,0.0
1999-03-16,1999,3,75,0.0
1999-03-17,1999,3,76,7.31808364953153
1999-03-18,1999,3,77,0.0
1999-03-19,1999,3,78,0.0
1999-03-20,1999,3,79,0.0
1999-03-21,1999,3,80,0.0
1999-03-22,1999,3,81,0.5379912640257789
1999-03-23,1999,3,82,9.189834766543209
1999-03-24,1999,3,83,0.0
1999-03-25,1999,3,84,0.0
1999-03-26,1999,3,85,0.0
1999-03-27,1999,3,86,0.0
1999-03-28,1999,3,87,0.0
1999-03-29,1999,3,88,0.0
1999-03-30,1999,3,89,0.0
1999-03-31,1999,3,90,0.0
1999-04-01,1999,4,91,0.0
1999-04-02,1999,4,92,0.0
1999-04-03,1999,4,93,0.0
1999-04-04,1999,4,94,0.0
1999-04-05,1999,4,95,0.0
1999-04-06,1999,4,96,0.0
1999-04-07,1999,4,97,0.0
1999-04-08,1999,4,98,0.0
1999-04-09,1999,4,99,0.0
1999-04-10,1999,4,100,0.0
1999-04-11,1999,4,101,0.0
1999-04-12,1999,4,102,0.0
1999-04-13,1999,4,103,0.0
1999-04-14,1999,4,104,0.0
1999-04-15,1999,4,105,0.0
1999-04-16,1999,4,106,0.0
1999-04-17,1999,4,107,0.0
1999-04-18,1999,4,108,1.106795208823916
1999-04-19,1999,4,109,2.2942363795502736
1999-04-20,1999,4,110,3.606989268140092
1999-04-21,1999,4,111,3.550146801510527
1999-04-22,1999,4,112,0.0
1999-04-23,1999,4,113,0.0
1999-04-24,1999,4,114,0.0576915295591901
1999-04-25,1999,4,115,8.690641421840654
1999-04-26,1999,4,116,7.057518129279293
1999-04-27,1999,4,117,5.094974901498436
1999-04-28,1999,4,118,10.56621617380124
1999-04-29,1999,4,119,7.479820650974298
1999-04-30,1999,4,120,0.0
1999-05-01,1999,5,121,0.0
1999-05-02,1999,5,122,0.0
1999-05-03,1999,5,123,2.1112600607349
1999-05-04,1999,5,124,5.565182757765795
1999-05-05,1999,5,125,2.978544574419249
1999-05-06,1999,5,126,8.97987364067823
1999-05-07,1999,5,127,6.634750525667408
1999-05-08,1999,5,128,9.825131760362693
1999-05-09,1999,5,129,14.31601325681093
1999-05-10,1999,5,130,7.147837321678593
1999-05-11,1999,5,131,0.0970666602624208
1999-05-12,1999,5,132,6.004702494352826
1999-05-13,1999,5,133,6.198088679695702
1999-05-14,1999,5,134,6.198088679695702
1999-05-15,1999,5,135,9.749096145973107
1999-05-16,1999,5,136,4.464488039592852
1999-05-17,1999,5,137,0.0
1999-05-18,1999,5,138,3.03405834367976
1999-05-19,1999,5,139,0.0
1999-05-20,1999,5,140,11.428203633430176
1999-05-21,1999,5,141,1.383776013373103
1999-05-22,1999,5,142,2.7617335088659583
1999-05-23,1999,5,143,0.0472467540162388
1999-05-24,1999,5,144,0.0
1999-05-25,1999,5,145,1.4260473247767516
1999-05-26,1999,5,146,11.012624252220457
1999-05-27,1999,5,147,6.897227590116764
1999-05-28,1999,5,148,10.404947892712444
1999-05-29,1999,5,149,2.6909290064372047
1999-05-30,1999,5,150,0.0
1999-05-31,1999,5,151,0.0
1999-06-01,1999,6,152,10.965589234843248
1999-06-02,1999,6,153,11.561732272562454
1999-06-03,1999,6,154,2.792086166710352
1999-06-04,1999,6,155,5.221710915022053
1999-06-05,1999,6,156,10.564250875356985
1999-06-06,1999,6,157,14.1766614200932
1999-06-07,1999,6,158,1.5889649393217322
1999-06-08,1999,6,159,18.82596236513329
1999-06-09,1999,6,160,18.69142429524236
1999-06-10,1999,6,161,2.984791037764627
1999-06-11,1999,6,162,18.48798205756488
1999-06-12,1999,6,163,20.567037284323163
1999-06-13,1999,6,164,21.12756480369797
1999-06-14,1999,6,165,16.95842842986263
1999-06-15,1999,6,166,0.3522093353255141
1999-06-16,1999,6,167,23.11374711908637
1999-06-17,1999,6,168,18.544786969922807
1999-06-18,1999,6,169,21.13308880670314
1999-06-19,1999,6,170,7.495159418948614
1999-06-20,1999,6,171,1.2286927052410426
1999-06-21,1999,6,172,7.816786174500407
1999-06-22,1999,6,173,20.26976335447061
1999-06-23,1999,6,174,8.39687584584456
1999-06-24,1999,6,175,4.897319773781882
1999-06-25,1999,6,176,20.72695572292488
1999-06-26,1999,6,177,14.167739139220195
1999-06-27,1999,6,178,0.1449236500028268
1999-06-28,1999,6,179,1.8578577785279475
1999-06-29,1999,6,180,13.042866988476264
1999-06-30,1999,6,181,14.316427455156813
1999-07-01,1999,7,182,9.844112730475706
1999-07-02,1999,7,183,19.582309842620425
1999-07-03,1999,7,184,0.0090821721968532
1999-07-04,1999,7,185,39.2063975591586
1999-07-05,1999,7,186,10.386690509554253
1999-07-06,1999,7,187,2.71426564010679
1999-07-07,1999,7,188,0.0
1999-07-08,1999,7,189,2.099470510376552
1999-07-09,1999,7,190,17.804835458239022
1999-07-10,1999,7,191,10.912104214882383
1999-07-11,1999,7,192,2.9445749849157656
1999-07-12,1999,7,193,3.823446121804206
1999-07-13,1999,7,194,0.0
1999-07-14,1999,7,195,12.533906778108392
1999-07-15,1999,7,196,0.3117000641941309
1999-07-16,1999,7,197,22.154281785167377
1999-07-17,1999,7,198,18.079772683117465
1999-07-18,1999,7,199,0.0
1999-07-19,1999,7,200,1.5630015494380127
1999-07-20,1999,7,201,13.248507312964252
1999-07-21,1999,7,202,0.7713491839022338
1999-07-22,1999,7,203,0.0
1999-07-23,1999,7,204,0.0
1999-07-24,1999,7,205,4.849839694293627
1999-07-25,1999,7,206,10.077701431926542
1999-07-26,1999,7,207,0.8407163099029071
1999-07-27,1999,7,208,0.0554985485224
1999-07-28,1999,7,209,0.0
1999-07-29,1999,7,210,11.009293313044818
1999-07-30,1999,7,211,12.19082142730605
1999-07-31,1999,7,212,0.0
1999-08-01,1999,8,213,2.1256909289212955
1999-08-02,1999,8,214,3.764040167196857
1999-08-03,1999,8,215,7.530289024701972
1999-08-04,1999,8,216,6.992635987207434
1999-08-05,1999,8,217,0.1179142396676816
1999-08-06,1999,8,218,0.1907024506125168
1999-08-07,1999,8,219,14.60677213002804
1999-08-08,1999,8,220,7.470381328767451
1999-08-09,1999,8,221,2.091082969075508
1999-08-10,1999,8,222,2.603800296579147
1999-08-11,1999,8,223,0.8324874976606786
1999-08-12,1999,8,224,6.27272738701478
1999-08-13,1999,8,225,6.27272738701478
1999-08-14,1999,8,226,6.363413013651928
1999-08-15,1999,8,227,6.1677175876720405
1999-08-16,1999,8,228,4.613140907978134
1999-08-17,1999,8,229,12.136604444941804
1999-08-18,1999,8,230,20.796832626664752
1999-08-19,1999,8,231,24.421295439778174
1999-08-20,1999,8,232,13.727420762347275
1999-08-21,1999,8,233,2.203570868280471
1999-08-22,1999,8,234,4.625832232227669
1999-08-23,1999,8,235,7.465783851414332
1999-08-24,1999,8,236,12.586578934950612
1999-08-25,1999,8,237,15.99944648767192
1999-08-26,1999,8,238,16.02782805965002
1999-08-27,1999,8,239,5.621368033822623
1999-08-28,1999,8,240,2.9586843710836432
1999-08-29,1999,8,241,3.634842419940995
1999-08-30,1999,8,242,0.1713827850477452
1999-08-31,1999,8,243,0.383101973353846
1999-09-01,1999,9,244,6.217855348072199
1999-09-02,1999,9,245,33.76430987085965
1999-09-03,1999,9,246,0.0
1999-09-04,1999,9,247,1.4392536393372342
1999-09-05,1999,9,248,20.99277267766592
1999-09-06,1999,9,249,3.4922718880211274
1999-09-07,1999,9,250,2.4682002342349967
1999-09-08,1999,9,251,15.862902695946747
1999-09-09,1999,9,252,22.634836613672253
1999-09-10,1999,9,253,13.379705096680384
1999-09-11,1999,9,254,18.343009072281703
1999-09-12,1999,9,255,6.889931125935061
1999-09-13,1999,9,256,5.978854842337157
1999-09-14,1999,9,257,17.909767811790733
1999-09-15,1999,9,258,5.302534546827596
1999-09-16,1999,9,259,0.0
1999-09-17,1999,9,260,13.23877980081874
1999-09-18,1999,9,261,9.801026212934154
1999-09-19,1999,9,262,5.37829359944498
1999-09-20,1999,9,263,33.04036266127507
1999-09-21,1999,9,264,43.94242536092069
1999-09-22,1999,9,265,23.509627415772265
1999-09-23,1999,9,266,7.141170013635305
1999-09-24,1999,9,267,2.8287717677020785
1999-09-25,1999,9,268,0.0977288109682111
1999-09-26,1999,9,269,19.775610847358735
1999-09-27,1999,9,270,12.213214308559742
1999-09-28,1999,9,271,14.099996957190546
1999-09-29,1999,9,272,12.187282804351849
1999-09-30,1999,9,273,10.817297359562982
1999-10-01,1999,10,274,19.12023174956812
1999-10-02,1999,10,275,10.389309214442433
1999-10-03,1999,10,276,34.71140522168248
1999-10-04,1999,10,277,5.748659899220471
1999-10-05,1999,10,278,3.124185690025846
1999-10-06,1999,10,279,0.7001230421491229
1999-10-07,1999,10,280,29.89982984856652
1999-10-08,1999,10,281,10.503285907330223
1999-10-09,1999,10,282,0.0429046952836822
1999-10-10,1999,10,283,0.0156569563637662
1999-10-11,1999,10,284,11.060690497780012
1999-10-12,1999,10,285,14.772317780524926
1999-10-13,1999,10,286,23.26288691196261
1999-10-14,1999,10,287,0.0022428677239373
1999-10-15,1999,10,288,0.0082406096715853
1999-10-16,1999,10,289,16.813265799250274
1999-10-17,1999,10,290,19.71932365348836
1999-10-18,1999,10,291,6.154376954529771
1999-10-19,1999,10,292,3.083853399028304
1999-10-20,1999,10,293,5.867952036980185
1999-10-21,1999,10,294,14.23462797825216
1999-10-22,1999,10,295,1.3327458711802298
1999-10-23,1999,10,296,0.1080154543159962
1999-10-24,1999,10,297,5.08908551078427
1999-10-25,1999,10,298,6.853559913038697
1999-10-26,1999,10,299,0.0
1999-10-27,1999,10,300,0.0
1999-10-28,1999,10,301,0.0
1999-10-29,1999,10,302,0.0
1999-10-30,1999,10,303,0.0
1999-10-31,1999,10,304,0.0
1999-11-01,1999,11,305,7.958086968285466
1999-11-02,1999,11,306,0.0
1999-11-03,1999,11,307,2.7183115268836398
1999-11-04,1999,11,308,0.0
1999-11-05,1999,11,309,0.0041093793605879
1999-11-06,1999,11,310,0.0
1999-11-07,1999,11,311,0.0
1999-11-08,1999,11,312,0.0
1999-11-09,1999,11,313,6.082110767601491
1999-11-10,1999,11,314,2.510778003404972
1999-11-11,1999,11,315,13.503489218518174
1999-11-12,1999,11,316,0.0
1999-11-13,1999,11,317,8.849079553756123
1999-11-14,1999,11,318,0.0
1999-11-15,1999,11,319,3.7380731467416175
1999-11-16,1999,11,320,0.0
1999-11-17,1999,11,321,3.288580772911471
1999-11-18,1999,11,322,0.0300776578466812
1999-11-19,1999,11,323,0.0
1999-11-20,1999,11,324,0.0
1999-11-21,1999,11,325,0.0
1999-11-22,1999,11,326,0.0
1999-11-23,1999,11,327,0.0
1999-11-24,1999,11,328,0.0
1999-11-25,1999,11,329,0.0
1999-11-26,1999,11,330,0.0
1999-11-27,1999,11,331,0.0
1999-11-28,1999,11,332,0.0
1999-11-29,1999,11,333,0.0
1999-11-30,1999,11,334,0.0
1999-12-01,1999,12,335,0.0
1999-12-02,1999,12,336,0.0
1999-12-03,1999,12,337,0.0
1999-12-04,1999,12,338,0.0
1999-12-05,1999,12,339,0.0
1999-12-06,1999,12,340,0.0
1999-12-07,1999,12,341,0.0
1999-12-08,1999,12,342,0.0
1999-12-09,1999,12,343,0.0
1999-12-10,1999,12,344,0.0
1999-12-11,1999,12,345,0.0
1999-12-12,1999,12,346,0.0
1999-12-13,1999,12,347,0.0
1999-12-14,1999,12,348,0.4927828228667749
1999-12-15,1999,12,349,6.631967279680182
1999-12-16,1999,12,350,3.101131960839008
1999-12-17,1999,12,351,0.0
1999-12-18,1999,12,352,0.0
1999-12-19,1999,12,353,0.0
1999-12-20,1999,12,354,3.072319574864788
1999-12-21,1999,12,355,8.769558197224152
1999-12-22,1999,12,356,0.0
1999-12-23,1999,12,357,0.0
1999-12-24,1999,12,358,0.0
1999-12-25,1999,12,359,0.0
1999-12-26,1999,12,360,0.0
1999-12-27,1999,12,361,0.0
1999-12-28,1999,12,362,0.0
1999-12-29,1999,12,363,0.0
1999-12-30,1999,12,364,0.0
1999-12-31,1999,12,365,0.0
2000-01-01,2000,1,1,0.0
2000-01-02,2000,1,2,0.0
2000-01-03,2000,1,3,0.0
2000-01-04,2000,1,4,0.0179367277902114
2000-01-05,2000,1,5,1.612775674822398
2000-01-06,2000,1,6,0.0
2000-01-07,2000,1,7,0.0
2000-01-08,2000,1,8,0.0
2000-01-09,2000,1,9,0.0
2000-01-10,2000,1,10,0.0
2000-01-11,2000,1,11,0.0
2000-01-12,2000,1,12,0.0
2000-01-13,2000,1,13,0.0
2000-01-14,2000,1,14,0.0
2000-01-15,2000,1,15,0.0
2000-01-16,2000,1,16,0.0023821655153308
2000-01-17,2000,1,17,0.0
2000-01-18,2000,1,18,0.0
2000-01-19,2000,1,19,0.0003191275584360628
2000-01-20,2000,1,20,0.0
2000-01-21,2000,1,21,1.886087096212456
2000-01-22,2000,1,22,0.0
2000-01-23,2000,1,23,0.0
2000-01-24,2000,1,24,0.0
2000-01-25,2000,1,25,0.0
2000-01-26,2000,1,26,0.0
2000-01-27,2000,1,27,0.0
2000-01-28,2000,1,28,0.0
2000-01-29,2000,1,29,0.0
2000-01-30,2000,1,30,0.0109070871462654
2000-01-31,2000,1,31,0.4807523515557466
2000-02-01,2000,2,32,0.268138438182298
2000-02-02,2000,2,33,2.2875300744147817
2000-02-03,2000,2,34,0.0864743390651268
2000-02-04,2000,2,35,0.0
2000-02-05,2000,2,36,0.0
2000-02-06,2000,2,37,0.0
2000-02-07,2000,2,38,5.390732480249756
2000-02-08,2000,2,39,0.0
2000-02-09,2000,2,40,0.0
2000-02-10,2000,2,41,0.0
2000-02-11,2000,2,42,0.0
2000-02-12,2000,2,43,0.0
2000-02-13,2000,2,44,0.0
2000-02-14,2000,2,45,0.0
2000-02-15,2000,2,46,0.0
2000-02-16,2000,2,47,0.0
2000-02-17,2000,2,48,0.2667629619694819
2000-02-18,2000,2,49,1.1979213447374673
2000-02-19,2000,2,50,2.188542255245934
2000-02-20,2000,2,51,0.0
2000-02-21,2000,2,52,0.0
2000-02-22,2000,2,53,0.0
2000-02-23,2000,2,54,0.0
2000-02-24,2000,2,55,0.0
2000-02-25,2000,2,56,0.0
2000-02-26,2000,2,57,0.0
2000-02-27,2000,2,58,0.0
2000-02-28,2000,2,59,0.1386297773426173
2000-02-29,2000,2,60,0.0
2000-03-01,2000,3,61,0.0
2000-03-02,2000,3,62,0.0
2000-03-03,2000,3,63,0.0
2000-03-04,2000,3,64,0.0
2000-03-05,2000,3,65,0.0
2000-03-06,2000,3,66,0.0
2000-03-07,2000,3,67,1.2158303232711916
2000-03-08,2000,3,68,3.875168546510744
2000-03-09,2000,3,69,0.0
2000-03-10,2000,3,70,0.0
2000-03-11,2000,3,71,0.0
2000-03-12,2000,3,72,0.0
2000-03-13,2000,3,73,9.490505807452871
2000-03-14,2000,3,74,4.048707782404997
2000-03-15,2000,3,75,0.0
2000-03-16,2000,3,76,0.0
2000-03-17,2000,3,77,0.0
2000-03-18,2000,3,78,0.0
2000-03-19,2000,3,79,0.0
2000-03-20,2000,3,80,0.0
2000-03-21,2000,3,81,0.0
2000-03-22,2000,3,82,0.0
2000-03-23,2000,3,83,0.0
2000-03-24,2000,3,84,0.0
2000-03-25,2000,3,85,0.0
2000-03-26,2000,3,86,0.0
2000-03-27,2000,3,87,0.0
2000-03-28,2000,3,88,0.0
2000-03-29,2000,3,89,0.0
2000-03-30,2000,3,90,0.0
2000-03-31,2000,3,91,0.0
2000-04-01,2000,4,92,0.0
2000-04-02,2000,4,93,0.0
2000-04-03,2000,4,94,0.0
2000-04-04,2000,4,95,0.0
2000-04-05,2000,4,96,4.243556948635654
2000-04-06,2000,4,97,0.0
2000-04-07,2000,4,98,0.0
2000-04-08,2000,4,99,0.0
2000-04-09,2000,4,100,0.0
2000-04-10,2000,4,101,0.222535610403275
2000-04-11,2000,4,102,5.039079381138622
2000-04-12,2000,4,103,0.0
2000-04-13,2000,4,104,0.0484498538006649
2000-04-14,2000,4,105,12.031755568180312
2000-04-15,2000,4,106,12.031755568180312
2000-04-16,2000,4,107,0.0
2000-04-17,2000,4,108,0.0
2000-04-18,2000,4,109,0.0
2000-04-19,2000,4,110,0.0
2000-04-20,2000,4,111,0.0
2000-04-21,2000,4,112,0.0
2000-04-22,2000,4,113,0.0
2000-04-23,2000,4,114,0.0
2000-04-24,2000,4,115,0.0
2000-04-25,2000,4,116,0.0
2000-04-26,2000,4,117,0.0
2000-04-27,2000,4,118,0.0
2000-04-28,2000,4,119,0.0
2000-04-29,2000,4,120,7.798995065760591
2000-04-30,2000,4,121,4.515042614252423
2000-05-01,2000,5,122,4.386139425234399
2000-05-02,2000,5,123,6.419283776683693
2000-05-03,2000,5,124,5.853786378613679
2000-05-04,2000,5,125,19.33362778099357
2000-05-05,2000,5,126,7.87815747152768
2000-05-06,2000,5,127,0.0
2000-05-07,2000,5,128,2.71818743675513
2000-05-08,2000,5,129,9.262727435113224
2000-05-09,2000,5,130,14.405637551906686
2000-05-10,2000,5,131,6.206050628152992
2000-05-11,2000,5,132,13.193622642433736
2000-05-12,2000,5,133,11.891026888939695
2000-05-13,2000,5,134,9.69987317733307
2000-05-14,2000,5,135,1.529221938733066
2000-05-15,2000,5,136,8.237023111787124
2000-05-16,2000,5,137,8.51321506929275
2000-05-17,2000,5,138,6.380007437742359
2000-05-18,2000,5,139,13.528855644338847
2000-05-19,2000,5,140,22.665601548723615
2000-05-20,2000,5,141,10.825939679002802
2000-05-21,2000,5,142,15.946540096833752
2000-05-22,2000,5,143,28.413695508226336
2000-05-23,2000,5,144,8.81781598514436
2000-05-24,2000,5,145,8.81781598514436
2000-05-25,2000,5,146,22.79583033416245
2000-05-26,2000,5,147,6.382299223718423
2000-05-27,2000,5,148,20.04991015227513
2000-05-28,2000,5,149,1.8059971981203853
2000-05-29,2000,5,150,6.569754296628043
2000-05-30,2000,5,151,5.7550111976360405
2000-05-31,2000,5,152,10.944638040705229
2000-06-01,2000,6,153,5.8471973373426165
2000-06-02,2000,6,154,0.0
2000-06-03,2000,6,155,14.631845188222592
2000-06-04,2000,6,156,26.87720393562481
2000-06-05,2000,6,157,22.735777974026576
2000-06-06,2000,6,158,8.443519481656486
2000-06-07,2000,6,159,19.969628554076948
2000-06-08,2000,6,160,6.464598953059931
2000-06-09,2000,6,161,5.249903096842174
2000-06-10,2000,6,162,8.716464003131446
2000-06-11,2000,6,163,18.03594707635701
2000-06-12,2000,6,164,7.849927027407324
2000-06-13,2000,6,165,14.10552780436162
2000-06-14,2000,6,166,10.577207584307557
2000-06-15,2000,6,167,6.683321533084631
2000-06-16,2000,6,168,11.417734464418206
2000-06-17,2000,6,169,26.29777958623957
2000-06-18,2000,6,170,12.44376690978154
2000-06-19,2000,6,171,9.405190375694987
2000-06-20,2000,6,172,28.246298258592663
2000-06-21,2000,6,173,3.442994967115774
2000-06-22,2000,6,174,0.0
2000-06-23,2000,6,175,0.0
2000-06-24,2000,6,176,3.820982257014376
2000-06-25,2000,6,177,3.636648741867569
2000-06-26,2000,6,178,7.906878126719723
2000-06-27,2000,6,179,6.8760225742212615
2000-06-28,2000,6,180,6.484466944173961
2000-06-29,2000,6,181,7.433655818405577
2000-06-30,2000,6,182,0.0
2000-07-01,2000,7,183,9.662287222695534
2000-07-02,2000,7,184,0.0
2000-07-03,2000,7,185,1.7747663656870525
2000-07-04,2000,7,186,15.169694965684528
2000-07-05,2000,7,187,7.583441991528183
2000-07-06,2000,7,188,0.0
2000-07-07,2000,7,189,1.9211989102857996
2000-07-08,2000,7,190,2.4941986526499065
2000-07-09,2000,7,191,21.966594841711117
2000-07-10,2000,7,192,0.0
2000-07-11,2000,7,193,0.0
2000-07-12,2000,7,194,0.0
2000-07-13,2000,7,195,2.885207242197529
2000-07-14,2000,7,196,6.962498902457334
2000-07-15,2000,7,197,0.0
2000-07-16,2000,7,198,0.0
2000-07-17,2000,7,199,12.972923488625115
2000-07-18,2000,7,200,13.363650591024092
2000-07-19,2000,7,201,0.0
2000-07-20,2000,7,202,0.0
2000-07-21,2000,7,203,15.677285845910983
2000-07-22,2000,7,204,0.0
2000-07-23,2000,7,205,4.457283527910351
2000-07-24,2000,7,206,2.480200143379336
2000-07-25,2000,7,207,0.0
2000-07-26,2000,7,208,0.0
2000-07-27,2000,7,209,0.0
2000-07-28,2000,7,210,21.369428846503084
2000-07-29,2000,7,211,3.915281267378611
2000-07-30,2000,7,212,0.6707526575119556
2000-07-31,2000,7,213,5.907029133325167
2000-08-01,2000,8,214,0.7420909235185299
2000-08-02,2000,8,215,19.093312147037533
2000-08-03,2000,8,216,0.0
2000-08-04,2000,8,217,14.122941389284076
2000-08-05,2000,8,218,0.0
2000-08-06,2000,8,219,22.118038856584803
2000-08-07,2000,8,220,13.577309634405625
2000-08-08,2000,8,221,17.307463531526828
2000-08-09,2000,8,222,7.48541025780365
2000-08-10,2000,8,223,6.094693306274871
2000-08-11,2000,8,224,4.035707083438949
2000-08-12,2000,8,225,20.32583187539657
2000-08-13,2000,8,226,0.0278476242745341
2000-08-14,2000,8,227,3.028446419584312
2000-08-15,2000,8,228,12.41812465021318
2000-08-16,2000,8,229,0.0
2000-08-17,2000,8,230,0.0
2000-08-18,2000,8,231,10.129468987410968
2000-08-19,2000,8,232,5.224181612485887
2000-08-20,2000,8,233,0.2326293210239623
2000-08-21,2000,8,234,0.0
2000-08-22,2000,8,235,9.076334789969923
2000-08-23,2000,8,236,0.0
2000-08-24,2000,8,237,0.1337220337826059
2000-08-25,2000,8,238,0.0
2000-08-26,2000,8,239,24.276497770397715
2000-08-27,2000,8,240,21.2174769949484
2000-08-28,2000,8,241,11.284411144440462
2000-08-29,2000,8,242,16.544453398631795
2000-08-30,2000,8,243,20.496911090975043
2000-08-31,2000,8,244,13.92900829082283
2000-09-01,2000,9,245,39.87258418441944
2000-09-02,2000,9,246,6.9363177004489724
2000-09-03,2000,9,247,7.090873831239847
2000-09-04,2000,9,248,0.0
2000-09-05,2000,9,249,5.803047717485862
2000-09-06,2000,9,250,16.95019373009117
2000-09-07,2000,9,251,10.30535234757336
2000-09-08,2000,9,252,31.148186038882688
2000-09-09,2000,9,253,7.459975400334661
2000-09-10,2000,9,254,12.496675141468556
2000-09-11,2000,9,255,10.655516062215952
2000-09-12,2000,9,256,7.774001911857136
2000-09-13,2000,9,257,22.608103590126007
2000-09-14,2000,9,258,5.541776461078248
2000-09-15,2000,9,259,38.23154711580317
2000-09-16,2000,9,260,4.0108237437131375
2000-09-17,2000,9,261,9.35578665032587
2000-09-18,2000,9,262,23.67968382647432
2000-09-19,2000,9,263,8.236733722707198
2000-09-20,2000,9,264,16.40406240370913
2000-09-21,2000,9,265,11.81769733287988
2000-09-22,2000,9,266,2.877896193264893
2000-09-23,2000,9,267,13.920232453097006
2000-09-24,2000,9,268,0.0
2000-09-25,2000,9,269,1.4134319829654778
2000-09-26,2000,9,270,0.0
2000-09-27,2000,9,271,36.65454706598167
2000-09-28,2000,9,272,26.31680198520703
2000-09-29,2000,9,273,0.0
2000-09-30,2000,9,274,0.2636433777486348
2000-10-01,2000,10,275,18.4183931342536
2000-10-02,2000,10,276,31.47068721653564
2000-10-03,2000,10,277,5.731105690545881
2000-10-04,2000,10,278,0.6289578384074169
2000-10-05,2000,10,279,0.0
2000-10-06,2000,10,280,8.68851184257607
2000-10-07,2000,10,281,0.1660719811150225
2000-10-08,2000,10,282,0.0
2000-10-09,2000,10,283,0.0
2000-10-10,2000,10,284,0.9683677833511366
2000-10-11,2000,10,285,17.777537076005387
2000-10-12,2000,10,286,3.761518727435756
2000-10-13,2000,10,287,1.9639310469051257
2000-10-14,2000,10,288,0.5883016402433342
2000-10-15,2000,10,289,10.963258923274797
2000-10-16,2000,10,290,0.1529904214765848
2000-10-17,2000,10,291,0.5055615830441877
2000-10-18,2000,10,292,6.046915762886188
2000-10-19,2000,10,293,1.0701590627304185
2000-10-20,2000,10,294,6.059940977339675
2000-10-21,2000,10,295,5.637602415264625
2000-10-22,2000,10,296,0.0
2000-10-23,2000,10,297,6.720649690227624
2000-10-24,2000,10,298,0.0
2000-10-25,2000,10,299,6.08889825444193
2000-10-26,2000,10,300,4.222025104333115
2000-10-27,2000,10,301,7.165128153261205
2000-10-28,2000,10,302,3.2050492557686625
2000-10-29,2000,10,303,3.3140025080629374
2000-10-30,2000,10,304,1.5198367133851531
2000-10-31,2000,10,305,3.6003961283984918
2000-11-01,2000,11,306,4.673665047126033
2000-11-02,2000,11,307,4.314199377633408
2000-11-03,2000,11,308,0.5317476157357576
2000-11-04,2000,11,309,0.0
2000-11-05,2000,11,310,0.8835938456943123
2000-11-06,2000,11,311,1.1767970137649248
2000-11-07,2000,11,312,2.0562088676467347
2000-11-08,2000,11,313,11.378387525435077
2000-11-09,2000,11,314,18.386448604588647
2000-11-10,2000,11,315,1.164539952204589
2000-11-11,2000,11,316,0.0
2000-11-12,2000,11,317,0.0
2000-11-13,2000,11,318,0.0
2000-11-14,2000,11,319,0.0
2000-11-15,2000,11,320,0.0
2000-11-16,2000,11,321,0.0
2000-11-17,2000,11,322,0.0
2000-11-18,2000,11,323,0.0
2000-11-19,2000,11,324,0.0
2000-11-20,2000,11,325,11.546974216962123
2000-11-21,2000,11,326,0.0
2000-11-22,2000,11,327,0.0
2000-11-23,2000,11,328,0.0
2000-11-24,2000,11,329,0.0
2000-11-25,2000,11,330,0.0
2000-11-26,2000,11,331,0.0
2000-11-27,2000,11,332,0.0
2000-11-28,2000,11,333,9.082594500205
2000-11-29,2000,11,334,3.018844570476169
2000-11-30,2000,11,335,0.0
2000-12-01,2000,12,336,0.0
2000-12-02,2000,12,337,11.290838937526498
2000-12-03,2000,12,338,1.1585310902877457
2000-12-04,2000,12,339,3.717597225024952
2000-12-05,2000,12,340,6.425280510408815
2000-12-06,2000,12,341,0.2982801674979307
2000-12-07,2000,12,342,0.0
2000-12-08,2000,12,343,0.0
2000-12-09,2000,12,344,0.0
2000-12-10,2000,12,345,0.0
2000-12-11,2000,12,346,0.0
2000-12-12,2000,12,347,0.0
2000-12-13,2000,12,348,0.0
2000-12-14,2000,12,349,0.0632683926396831
2000-12-15,2000,12,350,0.0184139102161083
2000-12-16,2000,12,351,0.0
2000-12-17,2000,12,352,0.0
2000-12-18,2000,12,353,0.0
2000-12-19,2000,12,354,0.0
2000-12-20,2000,12,355,4.912947196733677
2000-12-21,2000,12,356,0.105608451080404
2000-12-22,2000,12,357,0.2067276696006559
2000-12-23,2000,12,358,0.0
2000-12-24,2000,12,359,0.0
2000-12-25,2000,12,360,0.0
2000-12-26,2000,12,361,0.0
2000-12-27,2000,12,362,0.0
2000-12-28,2000,12,363,0.0
2000-12-29,2000,12,364,0.0
2000-12-30,2000,12,365,0.0
2000-12-31,2000,12,366,0.0
2001-01-01,2001,1,1,2.4024196413202787
2001-01-02,2001,1,2,0.0
2001-01-03,2001,1,3,0.4750350036473997
2001-01-04,2001,1,4,0.5184763984590284
2001-01-05,2001,1,5,0.9773522831991176
2001-01-06,2001,1,6,0.0
2001-01-07,2001,1,7,0.0
2001-01-08,2001,1,8,0.0
2001-01-09,2001,1,9,0.0
2001-01-10,2001,1,10,0.0
2001-01-11,2001,1,11,0.0
2001-01-12,2001,1,12,0.0
2001-01-13,2001,1,13,0.0
2001-01-14,2001,1,14,0.0
2001-01-15,2001,1,15,0.0
2001-01-16,2001,1,16,0.0
2001-01-17,2001,1,17,0.0
2001-01-18,2001,1,18,0.0
2001-01-19,2001,1,19,0.0
2001-01-20,2001,1,20,1.6750650504969489
2001-01-21,2001,1,21,0.0
2001-01-22,2001,1,22,0.0249910313754175
2001-01-23,2001,1,23,0.2086456910912155
2001-01-24,2001,1,24,0.348276220383354
2001-01-25,2001,1,25,0.3543386344942356
2001-01-26,2001,1,26,0.0
2001-01-27,2001,1,27,0.0
2001-01-28,2001,1,28,0.0
2001-01-29,2001,1,29,0.0
2001-01-30,2001,1,30,0.0
2001-01-31,2001,1,31,1.3977537799208413
2001-02-01,2001,2,32,0.0
2001-02-02,2001,2,33,0.0
2001-02-03,2001,2,34,0.5883313462380784
2001-02-04,2001,2,35,1.7572883529957275
2001-02-05,2001,2,36,0.0
2001-02-06,2001,2,37,1.1994274795412918
2001-02-07,2001,2,38,0.0
2001-02-08,2001,2,39,0.0
2001-02-09,2001,2,40,0.0
2001-02-10,2001,2,41,0.0
2001-02-11,2001,2,42,0.0
2001-02-12,2001,2,43,0.0
2001-02-13,2001,2,44,0.0
2001-02-14,2001,2,45,0.0
2001-02-15,2001,2,46,4.594451605354299
2001-02-16,2001,2,47,4.021127368511047
2001-02-17,2001,2,48,0.6016796492263611
2001-02-18,2001,2,49,0.0
2001-02-19,2001,2,50,0.0
2001-02-20,2001,2,51,0.0
2001-02-21,2001,2,52,0.0
2001-02-22,2001,2,53,0.0
2001-02-23,2001,2,54,0.0
2001-02-24,2001,2,55,0.0
2001-02-25,2001,2,56,1.074646883676884
2001-02-26,2001,2,57,0.0
2001-02-27,2001,2,58,0.0
2001-02-28,2001,2,59,0.844484858259546
2001-03-01,2001,3,60,0.128593759446851
2001-03-02,2001,3,61,2.458958697043225
2001-03-03,2001,3,62,6.815505798545369
2001-03-04,2001,3,63,0.0
2001-03-05,2001,3,64,0.0
2001-03-06,2001,3,65,5.276641302264033
2001-03-07,2001,3,66,0.0
2001-03-08,2001,3,67,0.0
2001-03-09,2001,3,68,0.0
2001-03-10,2001,3,69,0.0
2001-03-11,2001,3,70,1.632935611835993
2001-03-12,2001,3,71,0.0
2001-03-13,2001,3,72,0.0
2001-03-14,2001,3,73,0.0
2001-03-15,2001,3,74,0.0
2001-03-16,2001,3,75,0.0
2001-03-17,2001,3,76,0.0
2001-03-18,2001,3,77,0.1137570397099982
2001-03-19,2001,3,78,0.2277375611874826
2001-03-20,2001,3,79,0.0
2001-03-21,2001,3,80,25.795380076181203
2001-03-22,2001,3,81,0.0
2001-03-23,2001,3,82,3.952613964587476
2001-03-24,2001,3,83,0.0
2001-03-25,2001,3,84,0.0
2001-03-26,2001,3,85,0.0
2001-03-27,2001,3,86,0.0
2001-03-28,2001,3,87,0.0
2001-03-29,2001,3,88,0.0
2001-03-30,2001,3,89,0.0
2001-03-31,2001,3,90,0.0
2001-04-01,2001,4,91,0.0126788690750069
2001-04-02,2001,4,92,0.0
2001-04-03,2001,4,93,0.0
2001-04-04,2001,4,94,0.0
2001-04-05,2001,4,95,0.0
2001-04-06,2001,4,96,0.0
2001-04-07,2001,4,97,0.0
2001-04-08,2001,4,98,0.0
2001-04-09,2001,4,99,0.0
2001-04-10,2001,4,100,0.0
2001-04-11,2001,4,101,0.0
2001-04-12,2001,4,102,0.0
2001-04-13,2001,4,103,0.0
2001-04-14,2001,4,104,0.0
2001-04-15,2001,4,105,0.0
2001-04-16,2001,4,106,4.010475372389635
2001-04-17,2001,4,107,0.0
2001-04-18,2001,4,108,0.0
2001-04-19,2001,4,109,0.0
2001-04-20,2001,4,110,3.2781595585687406
2001-04-21,2001,4,111,0.0
2001-04-22,2001,4,112,5.145733411036808
2001-04-23,2001,4,113,0.0945374518249825
2001-04-24,2001,4,114,0.0754141707448951
2001-04-25,2001,4,115,0.0457189259946908
2001-04-26,2001,4,116,0.0
2001-04-27,2001,4,117,3.9534289298041214
2001-04-28,2001,4,118,5.063191358616134
2001-04-29,2001,4,119,4.45569377131409
2001-04-30,2001,4,120,5.063191358616134
2001-05-01,2001,5,121,7.379215959820262
2001-05-02,2001,5,122,3.689607979910131
2001-05-03,2001,5,123,9.719990985252558
2001-05-04,2001,5,124,13.632926752961597
2001-05-05,2001,5,125,0.0
2001-05-06,2001,5,126,0.0083294442911483
2001-05-07,2001,5,127,0.0
2001-05-08,2001,5,128,2.665776903136939
2001-05-09,2001,5,129,6.391302901629005
2001-05-10,2001,5,130,0.0
2001-05-11,2001,5,131,0.0
2001-05-12,2001,5,132,17.78090129178512
2001-05-13,2001,5,133,0.0
2001-05-14,2001,5,134,17.906765534516158
2001-05-15,2001,5,135,0.6762825705194023
2001-05-16,2001,5,136,15.388097882475114
2001-05-17,2001,5,137,8.26157737723149
2001-05-18,2001,5,138,9.184365167511562
2001-05-19,2001,5,139,2.443352299974633
2001-05-20,2001,5,140,0.9787007617255818
2001-05-21,2001,5,141,0.0
2001-05-22,2001,5,142,10.785925158089618
2001-05-23,2001,5,143,6.716850811329884
2001-05-24,2001,5,144,10.67601067639868
2001-05-25,2001,5,145,19.565772937522965
2001-05-26,2001,5,146,25.954462107982817
2001-05-27,2001,5,147,44.35575383876058
2001-05-28,2001,5,148,4.825283755986427
2001-05-29,2001,5,149,27.52611019760499
2001-05-30,2001,5,150,16.45361991130908
2001-05-31,2001,5,151,6.117485465713312
2001-06-01,2001,6,152,32.72443376510901
2001-06-02,2001,6,153,33.220039407105766
2001-06-03,2001,6,154,12.694704565413508
2001-06-04,2001,6,155,0.0
2001-06-05,2001,6,156,0.0788878212653375
2001-06-06,2001,6,157,21.307523338020413
2001-06-07,2001,6,158,15.980642765734888
2001-06-08,2001,6,159,6.4948956908174535
2001-06-09,2001,6,160,0.1862307085169618
2001-06-10,2001,6,161,7.790750029563086
2001-06-11,2001,6,162,0.0513382197039292
2001-06-12,2001,6,163,8.013117283250699
2001-06-13,2001,6,164,8.215955549973959
2001-06-14,2001,6,165,15.528704750302923
2001-06-15,2001,6,166,0.0
2001-06-16,2001,6,167,0.64361518514187
2001-06-17,2001,6,168,10.135539959768195
2001-06-18,2001,6,169,5.713115685703209
2001-06-19,2001,6,170,7.10750875293238
2001-06-20,2001,6,171,9.951777292503284
2001-06-21,2001,6,172,0.0
2001-06-22,2001,6,173,4.542623497526567
2001-06-23,2001,6,174,7.021486818586136
2001-06-24,2001,6,175,3.278240211876213
2001-06-25,2001,6,176,3.802152906816641
2001-06-26,2001,6,177,7.559853788921745
2001-06-27,2001,6,178,0.0
2001-06-28,2001,6,179,1.43235658756565
2001-06-29,2001,6,180,0.0
2001-06-30,2001,6,181,2.3849388381407217
2001-07-01,2001,7,182,24.61301269241144
2001-07-02,2001,7,183,1.1101524004490846
2001-07-03,2001,7,184,9.384259345803184
2001-07-04,2001,7,185,0.0
2001-07-05,2001,7,186,0.0
2001-07-06,2001,7,187,4.192575826078985
2001-07-07,2001,7,188,5.06801289207627
2001-07-08,2001,7,189,16.129876255069725
2001-07-09,2001,7,190,4.192575826078985
2001-07-10,2001,7,191,7.691402797220912
2001-07-11,2001,7,192,0.7157827982457152
2001-07-12,2001,7,193,9.855223477857177
2001-07-13,2001,7,194,11.96780988448894
2001-07-14,2001,7,195,7.918212573346466
2001-07-15,2001,7,196,25.702658988720557
2001-07-16,2001,7,197,6.241011685556904
2001-07-17,2001,7,198,13.254147177592442
2001-07-18,2001,7,199,19.55807255431946
2001-07-19,2001,7,200,4.927439782797217
2001-07-20,2001,7,201,0.6067188464379659
2001-07-21,2001,7,202,5.76750347485579
2001-07-22,2001,7,203,5.651866162395315
2001-07-23,2001,7,204,3.206958061114477
2001-07-24,2001,7,205,2.682883177543157
2001-07-25,2001,7,206,11.415690563331838
2001-07-26,2001,7,207,22.39340520272831
2001-07-27,2001,7,208,13.390293273337392
2001-07-28,2001,7,209,8.812746755261655
2001-07-29,2001,7,210,2.435256964136825
2001-07-30,2001,7,211,6.315521793173437
2001-07-31,2001,7,212,6.9550630283233135
2001-08-01,2001,8,213,0.4080058982868734
2001-08-02,2001,8,214,8.075647374147419
2001-08-03,2001,8,215,20.59068823146739
2001-08-04,2001,8,216,6.110278620307223
2001-08-05,2001,8,217,0.0739739163880074
2001-08-06,2001,8,218,6.313889438817923
2001-08-07,2001,8,219,13.21151098361256
2001-08-08,2001,8,220,0.0
2001-08-09,2001,8,221,15.95239659834848
2001-08-10,2001,8,222,9.020640819830678
2001-08-11,2001,8,223,5.392315867678569
2001-08-12,2001,8,224,3.4377407322301763
2001-08-13,2001,8,225,2.0256034446355105
2001-08-14,2001,8,226,1.7352469985364538
2001-08-15,2001,8,227,16.034820210147128
2001-08-16,2001,8,228,4.250938966168025
2001-08-17,2001,8,229,0.0
2001-08-18,2001,8,230,12.582560108580342
2001-08-19,2001,8,231,1.2737772826874676
2001-08-20,2001,8,232,0.0114035345901253
2001-08-21,2001,8,233,5.700051822719559
2001-08-22,2001,8,234,8.047550775500172
2001-08-23,2001,8,235,0.4294192635716795
2001-08-24,2001,8,236,15.751505239252978
2001-08-25,2001,8,237,21.79700378117239
2001-08-26,2001,8,238,18.47164793390439
2001-08-27,2001,8,239,0.0
2001-08-28,2001,8,240,0.0
2001-08-29,2001,8,241,12.606504674027288
2001-08-30,2001,8,242,1.2335143632733525
2001-08-31,2001,8,243,26.410479284088737
2001-09-01,2001,9,244,34.510579841404564
2001-09-02,2001,9,245,14.954719155694852
2001-09-03,2001,9,246,0.0
2001-09-04,2001,9,247,0.0
2001-09-05,2001,9,248,27.92467041616268
2001-09-06,2001,9,249,14.043118281760783
2001-09-07,2001,9,250,20.294977300884177
2001-09-08,2001,9,251,21.727977896921644
2001-09-09,2001,9,252,4.078321099383461
2001-09-10,2001,9,253,40.01109552914605
2001-09-11,2001,9,254,8.782425170386052
2001-09-12,2001,9,255,6.379299845466679
2001-09-13,2001,9,256,1.327988086547623
2001-09-14,2001,9,257,8.451252875056346
2001-09-15,2001,9,258,6.811992662067382
2001-09-16,2001,9,259,22.463059505235467
2001-09-17,2001,9,260,7.146983355156049
2001-09-18,2001,9,261,0.0
2001-09-19,2001,9,262,0.1722566871021993
2001-09-20,2001,9,263,0.661410036511981
2001-09-21,2001,9,264,15.905714499613314
2001-09-22,2001,9,265,19.57167355832425
2001-09-23,2001,9,266,22.587490577011305
2001-09-24,2001,9,267,6.726588623689196
2001-09-25,2001,9,268,21.4990691180503
2001-09-26,2001,9,269,13.55051237033184
2001-09-27,2001,9,270,40.82651033172672
2001-09-28,2001,9,271,8.667539692885262
2001-09-29,2001,9,272,15.630893430652636
2001-09-30,2001,9,273,1.3768050657344253
2001-10-01,2001,10,274,0.0
2001-10-02,2001,10,275,8.886633050983137
2001-10-03,2001,10,276,10.294825684748456
2001-10-04,2001,10,277,0.0
2001-10-05,2001,10,278,8.886633050983137
2001-10-06,2001,10,279,19.334025377275196
2001-10-07,2001,10,280,0.0
2001-10-08,2001,10,281,0.0
2001-10-09,2001,10,282,8.530294574011876
2001-10-10,2001,10,283,2.974779719047906
2001-10-11,2001,10,284,0.0
2001-10-12,2001,10,285,1.3585298655374294
2001-10-13,2001,10,286,14.715390287920668
2001-10-14,2001,10,287,4.597367457221897
2001-10-15,2001,10,288,10.530409563987195
2001-10-16,2001,10,289,8.619324580920285
2001-10-17,2001,10,290,5.864593023199656
2001-10-18,2001,10,291,3.457143881429233
2001-10-19,2001,10,292,5.682081095050724
2001-10-20,2001,10,293,8.269951838556272
2001-10-21,2001,10,294,2.969976426907452
2001-10-22,2001,10,295,7.711975106747618
2001-10-23,2001,10,296,12.671803950037624
2001-10-24,2001,10,297,12.1593317523305
2001-10-25,2001,10,298,4.211359017816689
2001-10-26,2001,10,299,8.584804475460691
2001-10-27,2001,10,300,22.63528387977613
2001-10-28,2001,10,301,1.0707162110950563
2001-10-29,2001,10,302,0.0
2001-10-30,2001,10,303,0.1162447786372037
2001-10-31,2001,10,304,0.3859478079976439
2001-11-01,2001,11,305,0.0
2001-11-02,2001,11,306,1.7857814815786015
2001-11-03,2001,11,307,13.69705974269138
2001-11-04,2001,11,308,0.4767844431810943
2001-11-05,2001,11,309,0.0
2001-11-06,2001,11,310,6.6196985340772185
2001-11-07,2001,11,311,6.6196985340772185
2001-11-08,2001,11,312,0.0
2001-11-09,2001,11,313,0.0
2001-11-10,2001,11,314,0.0
2001-11-11,2001,11,315,0.0
2001-11-12,2001,11,316,5.075413897799547
2001-11-13,2001,11,317,0.0
2001-11-14,2001,11,318,0.0
2001-11-15,2001,11,319,0.0
2001-11-16,2001,11,320,0.0
2001-11-17,2001,11,321,0.0
2001-11-18,2001,11,322,0.0
2001-11-19,2001,11,323,0.0
2001-11-20,2001,11,324,0.0
2001-11-21,2001,11,325,0.0
2001-11-22,2001,11,326,0.0
2001-11-23,2001,11,327,0.0
2001-11-24,2001,11,328,0.0
2001-11-25,2001,11,329,0.0
2001-11-26,2001,11,330,0.0
2001-11-27,2001,11,331,22.300464937496923
2001-11-28,2001,11,332,0.6383940002912114
2001-11-29,2001,11,333,0.0
2001-11-30,2001,11,334,0.0
2001-12-01,2001,12,335,0.4619949594357122
2001-12-02,2001,12,336,1.1018615710806825
2001-12-03,2001,12,337,0.0
2001-12-04,2001,12,338,0.0
2001-12-05,2001,12,339,0.0
2001-12-06,2001,12,340,0.0
2001-12-07,2001,12,341,0.0
2001-12-08,2001,12,342,0.0
2001-12-09,2001,12,343,0.0
2001-12-10,2001,12,344,0.0
2001-12-11,2001,12,345,0.0
2001-12-12,2001,12,346,0.0
2001-12-13,2001,12,347,0.0
2001-12-14,2001,12,348,0.0
2001-12-15,2001,12,349,0.0
2001-12-16,2001,12,350,0.0
2001-12-17,2001,12,351,0.7268454212353795
2001-12-18,2001,12,352,0.0
2001-12-19,2001,12,353,3.340333056633761
2001-12-20,2001,12,354,0.326945710713371
2001-12-21,2001,12,355,0.0
2001-12-22,2001,12,356,0.0
2001-12-23,2001,12,357,0.0
2001-12-24,2001,12,358,0.6490011969078475
2001-12-25,2001,12,359,0.0
2001-12-26,2001,12,360,0.9285635905788818
2001-12-27,2001,12,361,0.0
2001-12-28,2001,12,362,5.089434812338617
2001-12-29,2001,12,363,2.1155548418753147
2001-12-30,2001,12,364,0.7149419444385715
2001-12-31,2001,12,365,0.901301052086151
2002-01-01,2002,1,1,0.0029414637842644
2002-01-02,2002,1,2,0.0
2002-01-03,2002,1,3,1.2218242100190178
2002-01-04,2002,1,4,1.9362915197855
2002-01-05,2002,1,5,0.0
2002-01-06,2002,1,6,0.0
2002-01-07,2002,1,7,1.216857452370105
2002-01-08,2002,1,8,0.0
2002-01-09,2002,1,9,0.0
2002-01-10,2002,1,10,0.0
2002-01-11,2002,1,11,0.0
2002-01-12,2002,1,12,0.0
2002-01-13,2002,1,13,0.1995209311458323
2002-01-14,2002,1,14,0.0
2002-01-15,2002,1,15,0.0
2002-01-16,2002,1,16,0.0
2002-01-17,2002,1,17,0.0
2002-01-18,2002,1,18,0.0
2002-01-19,2002,1,19,0.0
2002-01-20,2002,1,20,0.0
2002-01-21,2002,1,21,0.3303489428150827
2002-01-22,2002,1,22,0.0
2002-01-23,2002,1,23,0.0
2002-01-24,2002,1,24,0.0
2002-01-25,2002,1,25,0.0
2002-01-26,2002,1,26,0.0
2002-01-27,2002,1,27,0.0
2002-01-28,2002,1,28,0.0
2002-01-29,2002,1,29,0.0
2002-01-30,2002,1,30,0.0
2002-01-31,2002,1,31,3.356517055245067
2002-02-01,2002,2,32,0.2913600298310307
2002-02-02,2002,2,33,0.0
2002-02-03,2002,2,34,0.0
2002-02-04,2002,2,35,0.0
2002-02-05,2002,2,36,0.0
2002-02-06,2002,2,37,0.0
2002-02-07,2002,2,38,0.964830033270436
2002-02-08,2002,2,39,0.0
2002-02-09,2002,2,40,0.0
2002-02-10,2002,2,41,0.0
2002-02-11,2002,2,42,0.0
2002-02-12,2002,2,43,0.0
2002-02-13,2002,2,44,0.0
2002-02-14,2002,2,45,0.0
2002-02-15,2002,2,46,0.0
2002-02-16,2002,2,47,0.0
2002-02-17,2002,2,48,0.0
2002-02-18,2002,2,49,0.0
2002-02-19,2002,2,50,0.0
2002-02-20,2002,2,51,0.0
2002-02-21,2002,2,52,0.0
2002-02-22,2002,2,53,0.0
2002-02-23,2002,2,54,3.958395744401773
2002-02-24,2002,2,55,5.770097061621399
2002-02-25,2002,2,56,3.1965593759995192
2002-02-26,2002,2,57,0.2950160132582206
2002-02-27,2002,2,58,0.0
2002-02-28,2002,2,59,0.0
2002-03-01,2002,3,60,5.640198708550994
2002-03-02,2002,3,61,0.0
2002-03-03,2002,3,62,0.0
2002-03-04,2002,3,63,0.0
2002-03-05,2002,3,64,0.0090489785898007
2002-03-06,2002,3,65,0.0
2002-03-07,2002,3,66,0.5377218517975206
2002-03-08,2002,3,67,0.0
2002-03-09,2002,3,68,0.0
2002-03-10,2002,3,69,0.0
2002-03-11,2002,3,70,0.0
2002-03-12,2002,3,71,0.0
2002-03-13,2002,3,72,0.0
2002-03-14,2002,3,73,0.0
2002-03-15,2002,3,74,1.383784427332286
2002-03-16,2002,3,75,0.9975993781388062
2002-03-17,2002,3,76,0.0038044094120015
2002-03-18,2002,3,77,0.0
2002-03-19,2002,3,78,0.0
2002-03-20,2002,3,79,3.5639437502944378
2002-03-21,2002,3,80,2.5259717170152283
2002-03-22,2002,3,81,0.0
2002-03-23,2002,3,82,0.0
2002-03-24,2002,3,83,0.0
2002-03-25,2002,3,84,0.2079310141369739
2002-03-26,2002,3,85,0.0
2002-03-27,2002,3,86,0.0
2002-03-28,2002,3,87,0.0
2002-03-29,2002,3,88,0.0
2002-03-30,2002,3,89,0.0
2002-03-31,2002,3,90,5.620933347414372
2002-04-01,2002,4,91,0.0
2002-04-02,2002,4,92,0.0
2002-04-03,2002,4,93,0.0
2002-04-04,2002,4,94,0.0
2002-04-05,2002,4,95,0.0
2002-04-06,2002,4,96,0.0
2002-04-07,2002,4,97,0.0
2002-04-08,2002,4,98,6.433026522474606
2002-04-09,2002,4,99,0.0
2002-04-10,2002,4,100,0.0
2002-04-11,2002,4,101,0.0
2002-04-12,2002,4,102,8.806539454159823
2002-04-13,2002,4,103,4.993472196449045
2002-04-14,2002,4,104,5.317924097090985
2002-04-15,2002,4,105,1.5339062241478263
2002-04-16,2002,4,106,0.0
2002-04-17,2002,4,107,0.0
2002-04-18,2002,4,108,0.0
2002-04-19,2002,4,109,0.0
2002-04-20,2002,4,110,0.0
2002-04-21,2002,4,111,0.3152118103056763
2002-04-22,2002,4,112,0.0
2002-04-23,2002,4,113,0.0
2002-04-24,2002,4,114,0.0
2002-04-25,2002,4,115,0.0
2002-04-26,2002,4,116,0.0
2002-04-27,2002,4,117,0.0
2002-04-28,2002,4,118,0.0
2002-04-29,2002,4,119,0.0
2002-04-30,2002,4,120,0.0
2002-05-01,2002,5,121,0.0
2002-05-02,2002,5,122,0.0
2002-05-03,2002,5,123,0.0
2002-05-04,2002,5,124,0.0
2002-05-05,2002,5,125,0.0
2002-05-06,2002,5,126,0.0
2002-05-07,2002,5,127,0.0
2002-05-08,2002,5,128,4.132671075901009
2002-05-09,2002,5,129,0.0
2002-05-10,2002,5,130,4.373684317205539
2002-05-11,2002,5,131,0.0
2002-05-12,2002,5,132,0.0
2002-05-13,2002,5,133,5.314147992836888
2002-05-14,2002,5,134,1.964557084142396
2002-05-15,2002,5,135,1.8175569896322088
2002-05-16,2002,5,136,15.808808861783971
2002-05-17,2002,5,137,8.531639456748964
2002-05-18,2002,5,138,8.855116340270284
2002-05-19,2002,5,139,22.58582489921583
2002-05-20,2002,5,140,8.507637175618838
2002-05-21,2002,5,141,6.062393413922066
2002-05-22,2002,5,142,9.312338541947376
2002-05-23,2002,5,143,0.8599184266807897
2002-05-24,2002,5,144,0.0
2002-05-25,2002,5,145,0.0
2002-05-26,2002,5,146,0.1576688447975152
2002-05-27,2002,5,147,3.1712516521733343
2002-05-28,2002,5,148,0.0
2002-05-29,2002,5,149,12.8207297926799
2002-05-30,2002,5,150,10.254458653691906
2002-05-31,2002,5,151,5.648269083628619
2002-06-01,2002,6,152,3.059648191612198
2002-06-02,2002,6,153,7.175898864929149
2002-06-03,2002,6,154,6.024034642519456
2002-06-04,2002,6,155,9.582551059910855
2002-06-05,2002,6,156,0.4235787483597782
2002-06-06,2002,6,157,16.44727837293702
2002-06-07,2002,6,158,13.32145352065308
2002-06-08,2002,6,159,12.48620771146168
2002-06-09,2002,6,160,2.0173987081751625
2002-06-10,2002,6,161,4.099366306952156
2002-06-11,2002,6,162,3.9710324532779344
2002-06-12,2002,6,163,18.80293157842288
2002-06-13,2002,6,164,4.780089495114618
2002-06-14,2002,6,165,10.340963812393312
2002-06-15,2002,6,166,24.00314029670722
2002-06-16,2002,6,167,0.3545574913090278
2002-06-17,2002,6,168,17.14688682076047
2002-06-18,2002,6,169,4.304830651663264
2002-06-19,2002,6,170,30.423632225422345
2002-06-20,2002,6,171,0.0108026116958722
2002-06-21,2002,6,172,3.1522887025823323
2002-06-22,2002,6,173,2.56748051324663
2002-06-23,2002,6,174,0.0
2002-06-24,2002,6,175,4.866659862931815
2002-06-25,2002,6,176,17.46457733521629
2002-06-26,2002,6,177,9.80284379033217
2002-06-27,2002,6,178,12.22527550057458
2002-06-28,2002,6,179,6.427094401512376
2002-06-29,2002,6,180,0.0
2002-06-30,2002,6,181,0.0
2002-07-01,2002,7,182,0.1590975674177299
2002-07-02,2002,7,183,1.8717377763991692
2002-07-03,2002,7,184,16.125105266195135
2002-07-04,2002,7,185,0.0062176028989581
2002-07-05,2002,7,186,12.432321614042346
2002-07-06,2002,7,187,6.343941010924211
2002-07-07,2002,7,188,0.0
2002-07-08,2002,7,189,8.882323072931147
2002-07-09,2002,7,190,3.171970505462105
2002-07-10,2002,7,191,6.20606811831114
2002-07-11,2002,7,192,18.28308914334936
2002-07-12,2002,7,193,29.13191716652603
2002-07-13,2002,7,194,18.763779308413888
2002-07-14,2002,7,195,17.173799277679887
2002-07-15,2002,7,196,5.837879082946155
2002-07-16,2002,7,197,7.842743716489177
2002-07-17,2002,7,198,25.819538388174625
2002-07-18,2002,7,199,9.57663540791117
2002-07-19,2002,7,200,0.0
2002-07-20,2002,7,201,1.8251035442286925
2002-07-21,2002,7,202,0.0
2002-07-22,2002,7,203,0.0
2002-07-23,2002,7,204,0.0
2002-07-24,2002,7,205,0.0
2002-07-25,2002,7,206,0.0
2002-07-26,2002,7,207,7.948460226347023
2002-07-27,2002,7,208,8.351449617179112
2002-07-28,2002,7,209,14.374280691555452
2002-07-29,2002,7,210,1.3633993564248597
2002-07-30,2002,7,211,4.902587940627527
2002-07-31,2002,7,212,4.277875336859098
2002-08-01,2002,8,213,0.0
2002-08-02,2002,8,214,1.1191250902010828
2002-08-03,2002,8,215,18.03450152530768
2002-08-04,2002,8,216,1.2194111540262371
2002-08-05,2002,8,217,0.0
2002-08-06,2002,8,218,0.0316477281575337
2002-08-07,2002,8,219,0.0
2002-08-08,2002,8,220,0.0
2002-08-09,2002,8,221,4.243486702391095
2002-08-10,2002,8,222,2.943710261261556
2002-08-11,2002,8,223,4.415429386810656
2002-08-12,2002,8,224,0.0
2002-08-13,2002,8,225,5.738242586045155
2002-08-14,2002,8,226,0.0
2002-08-15,2002,8,227,0.0
2002-08-16,2002,8,228,3.2797948447372938
2002-08-17,2002,8,229,0.0
2002-08-18,2002,8,230,11.62418092369727
2002-08-19,2002,8,231,5.114087971592931
2002-08-20,2002,8,232,0.0
2002-08-21,2002,8,233,0.0
2002-08-22,2002,8,234,0.0
2002-08-23,2002,8,235,12.961624101583226
2002-08-24,2002,8,236,0.0
2002-08-25,2002,8,237,7.966167032361135
2002-08-26,2002,8,238,38.79180801844332
2002-08-27,2002,8,239,21.44382686500581
2002-08-28,2002,8,240,23.48455617769008
2002-08-29,2002,8,241,14.946073399513525
2002-08-30,2002,8,242,2.688660109053336
2002-08-31,2002,8,243,3.070490897161489
2002-09-01,2002,9,244,30.381301999194253
2002-09-02,2002,9,245,32.423174261944666
2002-09-03,2002,9,246,18.439224725721637
2002-09-04,2002,9,247,5.1031120607969385
2002-09-05,2002,9,248,8.358188766746718
2002-09-06,2002,9,249,14.683755936230362
2002-09-07,2002,9,250,17.565752806782005
2002-09-08,2002,9,251,16.116127091590016
2002-09-09,2002,9,252,6.7592513765549205
2002-09-10,2002,9,253,23.63569251696269
2002-09-11,2002,9,254,27.191936405070752
2002-09-12,2002,9,255,0.9722275008681296
2002-09-13,2002,9,256,4.720035194533446
2002-09-14,2002,9,257,20.41830407132833
2002-09-15,2002,9,258,23.94821354785125
2002-09-16,2002,9,259,0.0
2002-09-17,2002,9,260,0.2927855774185651
2002-09-18,2002,9,261,18.482223009797583
2002-09-19,2002,9,262,20.95394652300445
2002-09-20,2002,9,263,0.7144624817136424
2002-09-21,2002,9,264,15.40162677405324
2002-09-22,2002,9,265,0.0
2002-09-23,2002,9,266,28.28483047583416
2002-09-24,2002,9,267,38.90102982092026
2002-09-25,2002,9,268,8.976807331875436
2002-09-26,2002,9,269,16.46418655122971
2002-09-27,2002,9,270,15.309019464044974
2002-09-28,2002,9,271,9.049085567931185
2002-09-29,2002,9,272,8.337712138865683
2002-09-30,2002,9,273,19.06192540856846
2002-10-01,2002,10,274,25.119379670985666
2002-10-02,2002,10,275,5.60454867921942
2002-10-03,2002,10,276,6.795650421704813
2002-10-04,2002,10,277,25.428039766113887
2002-10-05,2002,10,278,11.846096554676896
2002-10-06,2002,10,279,5.414503444231976
2002-10-07,2002,10,280,4.814217546809507
2002-10-08,2002,10,281,5.382546929283436
2002-10-09,2002,10,282,10.829006888463953
2002-10-10,2002,10,283,7.551547649331653
2002-10-11,2002,10,284,0.0
2002-10-12,2002,10,285,0.0
2002-10-13,2002,10,286,0.0
2002-10-14,2002,10,287,11.983180996487055
2002-10-15,2002,10,288,10.003259174927956
2002-10-16,2002,10,289,4.147950413754177
2002-10-17,2002,10,290,3.1012001573120105
2002-10-18,2002,10,291,0.0
2002-10-19,2002,10,292,3.566090787003566
2002-10-20,2002,10,293,4.1376930067400295
2002-10-21,2002,10,294,2.754783511927931
2002-10-22,2002,10,295,13.833020294029282
2002-10-23,2002,10,296,0.0
2002-10-24,2002,10,297,0.0
2002-10-25,2002,10,298,0.0
2002-10-26,2002,10,299,1.833951912992718
2002-10-27,2002,10,300,5.946488703124627
2002-10-28,2002,10,301,6.390457145301521
2002-10-29,2002,10,302,7.909596121045597
2002-10-30,2002,10,303,0.0
2002-10-31,2002,10,304,10.088825372313474
2002-11-01,2002,11,305,9.177458235618902
2002-11-02,2002,11,306,20.19158101551739
2002-11-03,2002,11,307,0.0
2002-11-04,2002,11,308,0.0
2002-11-05,2002,11,309,0.0
2002-11-06,2002,11,310,0.0
2002-11-07,2002,11,311,0.0
2002-11-08,2002,11,312,0.0
2002-11-09,2002,11,313,6.991139373977468
2002-11-10,2002,11,314,13.338288377264984
2002-11-11,2002,11,315,9.57769972826542
2002-11-12,2002,11,316,0.0
2002-11-13,2002,11,317,0.0
2002-11-14,2002,11,318,0.0
2002-11-15,2002,11,319,4.1878243609177535
2002-11-16,2002,11,320,4.756265769121273
2002-11-17,2002,11,321,0.0
2002-11-18,2002,11,322,0.0
2002-11-19,2002,11,323,0.0
2002-11-20,2002,11,324,0.0
2002-11-21,2002,11,325,0.0
2002-11-22,2002,11,326,0.0
2002-11-23,2002,11,327,0.0
2002-11-24,2002,11,328,0.0
2002-11-25,2002,11,329,0.0
2002-11-26,2002,11,330,0.0
2002-11-27,2002,11,331,0.0
2002-11-28,2002,11,332,0.0
2002-11-29,2002,11,333,0.0
2002-11-30,2002,11,334,0.0
2002-12-01,2002,12,335,0.0
2002-12-02,2002,12,336,0.0
2002-12-03,2002,12,337,0.0
2002-12-04,2002,12,338,0.0
2002-12-05,2002,12,339,0.3509115595641867
2002-12-06,2002,12,340,0.0
2002-12-07,2002,12,341,0.0
2002-12-08,2002,12,342,0.597502821106735
2002-12-09,2002,12,343,3.14643660409898
2002-12-10,2002,12,344,0.60777269894993
2002-12-11,2002,12,345,0.0
2002-12-12,2002,12,346,0.0
2002-12-13,2002,12,347,0.0
2002-12-14,2002,12,348,0.0
2002-12-15,2002,12,349,0.0
2002-12-16,2002,12,350,5.310850778398294
2002-12-17,2002,12,351,0.0
2002-12-18,2002,12,352,0.0
2002-12-19,2002,12,353,0.0
2002-12-20,2002,12,354,0.0
2002-12-21,2002,12,355,0.0
2002-12-22,2002,12,356,0.0
2002-12-23,2002,12,357,0.0
2002-12-24,2002,12,358,0.0
2002-12-25,2002,12,359,0.0
2002-12-26,2002,12,360,0.0
2002-12-27,2002,12,361,0.0
2002-12-28,2002,12,362,1.877773561943466
2002-12-29,2002,12,363,0.0
2002-12-30,2002,12,364,0.0
2002-12-31,2002,12,365,4.730930398239881
2003-01-01,2003,1,1,0.4477994829135362
2003-01-02,2003,1,2,1.2233288289137958
2003-01-03,2003,1,3,0.0
2003-01-04,2003,1,4,0.0
2003-01-05,2003,1,5,0.0
2003-01-06,2003,1,6,0.0
2003-01-07,2003,1,7,0.0
2003-01-08,2003,1,8,0.0
2003-01-09,2003,1,9,0.0
2003-01-10,2003,1,10,0.5499331543562038
2003-01-11,2003,1,11,0.0
2003-01-12,2003,1,12,0.0
2003-01-13,2003,1,13,0.0
2003-01-14,2003,1,14,0.0
2003-01-15,2003,1,15,0.0
2003-01-16,2003,1,16,0.0
2003-01-17,2003,1,17,0.0
2003-01-18,2003,1,18,0.0
2003-01-19,2003,1,19,0.0
2003-01-20,2003,1,20,0.0
2003-01-21,2003,1,21,0.0
2003-01-22,2003,1,22,0.4490522323455582
2003-01-23,2003,1,23,0.0
2003-01-24,2003,1,24,0.0
2003-01-25,2003,1,25,0.0
2003-01-26,2003,1,26,0.0
2003-01-27,2003,1,27,0.0
2003-01-28,2003,1,28,0.0
2003-01-29,2003,1,29,0.0
2003-01-30,2003,1,30,0.0
2003-01-31,2003,1,31,2.0402039665898
2003-02-01,2003,2,32,0.4741985358636197
2003-02-02,2003,2,33,0.0
2003-02-03,2003,2,34,0.0
2003-02-04,2003,2,35,0.0
2003-02-05,2003,2,36,0.0
2003-02-06,2003,2,37,0.7037311210117487
2003-02-07,2003,2,38,0.0
2003-02-08,2003,2,39,0.0
2003-02-09,2003,2,40,0.0
2003-02-10,2003,2,41,0.0
2003-02-11,2003,2,42,0.0
2003-02-12,2003,2,43,0.0
2003-02-13,2003,2,44,0.0
2003-02-14,2003,2,45,0.0
2003-02-15,2003,2,46,3.103910380331185
2003-02-16,2003,2,47,0.0
2003-02-17,2003,2,48,1.9261484934717756
2003-02-18,2003,2,49,0.0
2003-02-19,2003,2,50,1.5914417124244018
2003-02-20,2003,2,51,4.3099844854615545
2003-02-21,2003,2,52,0.0
2003-02-22,2003,2,53,0.0
2003-02-23,2003,2,54,0.0
2003-02-24,2003,2,55,0.0859004249405227
2003-02-25,2003,2,56,0.1344306211417418
2003-02-26,2003,2,57,0.0
2003-02-27,2003,2,58,0.0
2003-02-28,2003,2,59,0.0
2003-03-01,2003,3,60,0.0
2003-03-02,2003,3,61,0.0
2003-03-03,2003,3,62,0.0
2003-03-04,2003,3,63,0.0
2003-03-05,2003,3,64,0.0
2003-03-06,2003,3,65,0.0
2003-03-07,2003,3,66,0.0
2003-03-08,2003,3,67,0.0
2003-03-09,2003,3,68,0.0
2003-03-10,2003,3,69,0.0
2003-03-11,2003,3,70,0.0
2003-03-12,2003,3,71,0.0
2003-03-13,2003,3,72,0.0
2003-03-14,2003,3,73,7.012306354754791
2003-03-15,2003,3,74,0.0
2003-03-16,2003,3,75,0.0
2003-03-17,2003,3,76,0.0
2003-03-18,2003,3,77,0.0
2003-03-19,2003,3,78,0.0
2003-03-20,2003,3,79,0.0
2003-03-21,2003,3,80,0.0
2003-03-22,2003,3,81,0.0
2003-03-23,2003,3,82,0.0
2003-03-24,2003,3,83,0.0
2003-03-25,2003,3,84,0.0577888979090516
2003-03-26,2003,3,85,14.905744631472263
2003-03-27,2003,3,86,13.890078789675044
2003-03-28,2003,3,87,1.9912537524305869
2003-03-29,2003,3,88,12.69817366626596
2003-03-30,2003,3,89,19.27831077350953
2003-03-31,2003,3,90,0.0
2003-04-01,2003,4,91,0.0
2003-04-02,2003,4,92,0.0
2003-04-03,2003,4,93,0.0
2003-04-04,2003,4,94,0.0
2003-04-05,2003,4,95,1.0240760012988668
2003-04-06,2003,4,96,0.0
2003-04-07,2003,4,97,0.0
2003-04-08,2003,4,98,0.0
2003-04-09,2003,4,99,0.0
2003-04-10,2003,4,100,0.0
2003-04-11,2003,4,101,14.192562481329391
2003-04-12,2003,4,102,0.0
2003-04-13,2003,4,103,0.3195808971142708
2003-04-14,2003,4,104,8.182511019522856
2003-04-15,2003,4,105,2.300954402616725
2003-04-16,2003,4,106,0.0
2003-04-17,2003,4,107,0.0
2003-04-18,2003,4,108,0.0
2003-04-19,2003,4,109,0.0
2003-04-20,2003,4,110,0.0
2003-04-21,2003,4,111,0.0
2003-04-22,2003,4,112,0.0
2003-04-23,2003,4,113,0.0
2003-04-24,2003,4,114,1.2231807917126654
2003-04-25,2003,4,115,0.0
2003-04-26,2003,4,116,8.912970737095254
2003-04-27,2003,4,117,0.0
2003-04-28,2003,4,118,0.0
2003-04-29,2003,4,119,0.0
2003-04-30,2003,4,120,17.825941474190508
2003-05-01,2003,5,121,0.0
2003-05-02,2003,5,122,0.0
2003-05-03,2003,5,123,4.865759688993755
2003-05-04,2003,5,124,0.0
2003-05-05,2003,5,125,0.0
2003-05-06,2003,5,126,0.0
2003-05-07,2003,5,127,8.119609610025151
2003-05-08,2003,5,128,0.0
2003-05-09,2003,5,129,0.0
2003-05-10,2003,5,130,3.2371443348913598
2003-05-11,2003,5,131,0.9657086555837257
2003-05-12,2003,5,132,0.0
2003-05-13,2003,5,133,12.042245834120951
2003-05-14,2003,5,134,9.164485195404255
2003-05-15,2003,5,135,8.758483955159388
2003-05-16,2003,5,136,5.8289675627290025
2003-05-17,2003,5,137,8.837995241417675
2003-05-18,2003,5,138,14.093898410560133
2003-05-19,2003,5,139,0.0
2003-05-20,2003,5,140,7.494479587625621
2003-05-21,2003,5,141,5.1393196264085566
2003-05-22,2003,5,142,8.926102349721374
2003-05-23,2003,5,143,4.167972782992255
2003-05-24,2003,5,144,0.0
2003-05-25,2003,5,145,5.431731285477871
2003-05-26,2003,5,146,7.644094245139614
2003-05-27,2003,5,147,4.465925860323248
2003-05-28,2003,5,148,18.27081019631184
2003-05-29,2003,5,149,13.79751918585564
2003-05-30,2003,5,150,13.870339990275072
2003-05-31,2003,5,151,9.907162458138682
2003-06-01,2003,6,152,10.63313714744908
2003-06-02,2003,6,153,9.113910878889566
2003-06-03,2003,6,154,0.0
2003-06-04,2003,6,155,1.6917786329550528
2003-06-05,2003,6,156,5.7970162735295885
2003-06-06,2003,6,157,21.427464978349647
2003-06-07,2003,6,158,15.66497923394198
2003-06-08,2003,6,159,12.033546454597971
2003-06-09,2003,6,160,14.560980676276724
2003-06-10,2003,6,161,11.125297423908622
2003-06-11,2003,6,162,4.142596741772762
2003-06-12,2003,6,163,0.0
2003-06-13,2003,6,164,9.111990298996036
2003-06-14,2003,6,165,6.50045597660511
2003-06-15,2003,6,166,6.730664160431402
2003-06-16,2003,6,167,4.040731216764082
2003-06-17,2003,6,168,11.546864692022783
2003-06-18,2003,6,169,25.99358637862055
2003-06-19,2003,6,170,9.319481458026525
2003-06-20,2003,6,171,12.30442760863055
2003-06-21,2003,6,172,16.23008898618187
2003-06-22,2003,6,173,18.92895344392602
2003-06-23,2003,6,174,10.301801565782371
2003-06-24,2003,6,175,4.40938027684466
2003-06-25,2003,6,176,23.95132265564919
2003-06-26,2003,6,177,0.0
2003-06-27,2003,6,178,1.270956728738296
2003-06-28,2003,6,179,14.643633320072112
2003-06-29,2003,6,180,18.61323298321081
2003-06-30,2003,6,181,1.5075277887865737
2003-07-01,2003,7,182,0.0
2003-07-02,2003,7,183,1.1792390583515575
2003-07-03,2003,7,184,0.0
2003-07-04,2003,7,185,0.0
2003-07-05,2003,7,186,7.859354200175202
2003-07-06,2003,7,187,20.48758660449672
2003-07-07,2003,7,188,34.59299931857151
2003-07-08,2003,7,189,0.0505090621974392
2003-07-09,2003,7,190,5.517931797408405
2003-07-10,2003,7,191,1.0848717262526304
2003-07-11,2003,7,192,8.467858759174007
2003-07-12,2003,7,193,6.547034907259284
2003-07-13,2003,7,194,9.67755339834153
2003-07-14,2003,7,195,4.445360190049134
2003-07-15,2003,7,196,9.19574262284783
2003-07-16,2003,7,197,4.512655488118822
2003-07-17,2003,7,198,0.5522728842757354
2003-07-18,2003,7,199,5.834908307773391
2003-07-19,2003,7,200,8.569479109593306
2003-07-20,2003,7,201,0.0
2003-07-21,2003,7,202,0.0
2003-07-22,2003,7,203,3.080114091678675
2003-07-23,2003,7,204,1.874476274109949
2003-07-24,2003,7,205,6.16022818335735
2003-07-25,2003,7,206,10.655950972231004
2003-07-26,2003,7,207,13.781645615691293
2003-07-27,2003,7,208,6.160810140022991
2003-07-28,2003,7,209,4.735956681826836
2003-07-29,2003,7,210,0.0
2003-07-30,2003,7,211,9.809635914791928
2003-07-31,2003,7,212,0.2068436710673105
2003-08-01,2003,8,213,4.530032403518119
2003-08-02,2003,8,214,4.607883299377708
2003-08-03,2003,8,215,8.08123023763312
2003-08-04,2003,8,216,3.2135958974445185
2003-08-05,2003,8,217,0.0
2003-08-06,2003,8,218,7.132689652835189
2003-08-07,2003,8,219,0.0
2003-08-08,2003,8,220,0.9024568258847758
2003-08-09,2003,8,221,2.8031042889335165
2003-08-10,2003,8,222,1.9351702177739083
2003-08-11,2003,8,223,0.0
2003-08-12,2003,8,224,23.375991456817133
2003-08-13,2003,8,225,1.7270355234824395
2003-08-14,2003,8,226,0.3977911182213974
2003-08-15,2003,8,227,0.0
2003-08-16,2003,8,228,0.0
2003-08-17,2003,8,229,17.54458098403388
2003-08-18,2003,8,230,7.915009902191653
2003-08-19,2003,8,231,11.677053301377285
2003-08-20,2003,8,232,4.115663574001375
2003-08-21,2003,8,233,0.0
2003-08-22,2003,8,234,1.361569435860014
2003-08-23,2003,8,235,1.078663499721014
2003-08-24,2003,8,236,7.518625710699022
2003-08-25,2003,8,237,0.2046528467278043
2003-08-26,2003,8,238,6.710469148765799
2003-08-27,2003,8,239,0.0
2003-08-28,2003,8,240,14.051147838076051
2003-08-29,2003,8,241,7.410130179224611
2003-08-30,2003,8,242,0.6974145569347784
2003-08-31,2003,8,243,27.5649500640928
2003-09-01,2003,9,244,19.836776248184965
2003-09-02,2003,9,245,5.845780838833167
2003-09-03,2003,9,246,13.159352501335572
2003-09-04,2003,9,247,13.36237128636933
2003-09-05,2003,9,248,11.879768431033453
2003-09-06,2003,9,249,3.382145423917762
2003-09-07,2003,9,250,17.58060292791074
2003-09-08,2003,9,251,2.5142176701865244
2003-09-09,2003,9,252,0.0
2003-09-10,2003,9,253,0.0660501919757022
2003-09-11,2003,9,254,6.829653267178049
2003-09-12,2003,9,255,15.744017239605755
2003-09-13,2003,9,256,7.621560305535743
2003-09-14,2003,9,257,15.862899532457035
2003-09-15,2003,9,258,0.5937047392870487
2003-09-16,2003,9,259,25.498065878002688
2003-09-17,2003,9,260,7.900322639339483
2003-09-18,2003,9,261,3.853147664229484
2003-09-19,2003,9,262,0.0
2003-09-20,2003,9,263,0.0
2003-09-21,2003,9,264,0.0
2003-09-22,2003,9,265,2.421954434655524
2003-09-23,2003,9,266,15.790548484960786
2003-09-24,2003,9,267,0.7979473441507231
2003-09-25,2003,9,268,8.436434545165572
2003-09-26,2003,9,269,3.204660758261203
2003-09-27,2003,9,270,13.010568704171986
2003-09-28,2003,9,271,13.010568704171986
2003-09-29,2003,9,272,7.024400343216682
2003-09-30,2003,9,273,14.510928277491296
2003-10-01,2003,10,274,16.7937535696185
2003-10-02,2003,10,275,3.50406647893028
2003-10-03,2003,10,276,7.65881000733723
2003-10-04,2003,10,277,0.0
2003-10-05,2003,10,278,0.0092656165999843
2003-10-06,2003,10,279,8.211212835663286
2003-10-07,2003,10,280,15.40008775832414
2003-10-08,2003,10,281,11.613779514083111
2003-10-09,2003,10,282,15.62213168975729
2003-10-10,2003,10,283,10.2790414888632
2003-10-11,2003,10,284,3.889205321503584
2003-10-12,2003,10,285,3.701751925798186
2003-10-13,2003,10,286,0.0
2003-10-14,2003,10,287,4.77118372963143
2003-10-15,2003,10,288,3.889205321503584
2003-10-16,2003,10,289,3.275959576974082
2003-10-17,2003,10,290,0.0
2003-10-18,2003,10,291,0.0365495139345105
2003-10-19,2003,10,292,12.602929159015698
2003-10-20,2003,10,293,5.980735461836507
2003-10-21,2003,10,294,2.710085387886745
2003-10-22,2003,10,295,0.0
2003-10-23,2003,10,296,0.0
2003-10-24,2003,10,297,3.3766283020824064
2003-10-25,2003,10,298,0.0
2003-10-26,2003,10,299,4.602269587909041
2003-10-27,2003,10,300,0.0
2003-10-28,2003,10,301,16.64925702801094
2003-10-29,2003,10,302,16.931883957514724
2003-10-30,2003,10,303,3.665860795320971
2003-10-31,2003,10,304,5.536060191876071
2003-11-01,2003,11,305,0.0
2003-11-02,2003,11,306,4.705057394075517
2003-11-03,2003,11,307,1.2977258158016125
2003-11-04,2003,11,308,0.0
2003-11-05,2003,11,309,4.03696327844847
2003-11-06,2003,11,310,4.35731685825567
2003-11-07,2003,11,311,0.0
2003-11-08,2003,11,312,0.0
2003-11-09,2003,11,313,0.0
2003-11-10,2003,11,314,4.35731685825567
2003-11-11,2003,11,315,0.0
2003-11-12,2003,11,316,8.234689945988707
2003-11-13,2003,11,317,9.199524933390874
2003-11-14,2003,11,318,0.0
2003-11-15,2003,11,319,4.330042850440041
2003-11-16,2003,11,320,5.225260911533337
2003-11-17,2003,11,321,12.154290087680687
2003-11-18,2003,11,322,4.458515097493276
2003-11-19,2003,11,323,0.1149836691302321
2003-11-20,2003,11,324,0.0
2003-11-21,2003,11,325,0.0
2003-11-22,2003,11,326,4.272442182620163
2003-11-23,2003,11,327,0.0
2003-11-24,2003,11,328,0.0
2003-11-25,2003,11,329,0.0
2003-11-26,2003,11,330,0.5719828671794114
2003-11-27,2003,11,331,6.055237179524692
2003-11-28,2003,11,332,0.0
2003-11-29,2003,11,333,0.0
2003-11-30,2003,11,334,0.0
2003-12-01,2003,12,335,0.5781705734968798
2003-12-02,2003,12,336,1.2428923128196696
2003-12-03,2003,12,337,0.0
2003-12-04,2003,12,338,0.0
2003-12-05,2003,12,339,1.063252468648484
2003-12-06,2003,12,340,0.0018182206889351
2003-12-07,2003,12,341,0.0
2003-12-08,2003,12,342,0.0
2003-12-09,2003,12,343,0.0
2003-12-10,2003,12,344,0.0
2003-12-11,2003,12,345,0.0
2003-12-12,2003,12,346,0.0
2003-12-13,2003,12,347,0.0
2003-12-14,2003,12,348,0.0
2003-12-15,2003,12,349,0.0
2003-12-16,2003,12,350,0.492051099009665
2003-12-17,2003,12,351,0.4498317027153271
2003-12-18,2003,12,352,0.0
2003-12-19,2003,12,353,0.006041136376349
2003-12-20,2003,12,354,4.536666467134628
2003-12-21,2003,12,355,0.0
2003-12-22,2003,12,356,0.0
2003-12-23,2003,12,357,0.0
2003-12-24,2003,12,358,0.0
2003-12-25,2003,12,359,0.0
2003-12-26,2003,12,360,1.5431472400671005
2003-12-27,2003,12,361,0.0
2003-12-28,2003,12,362,0.0
2003-12-29,2003,12,363,0.6907105818710065
2003-12-30,2003,12,364,0.0
2003-12-31,2003,12,365,0.0
2004-01-01,2004,1,1,0.0
2004-01-02,2004,1,2,0.0
2004-01-03,2004,1,3,0.0029669797818887
2004-01-04,2004,1,4,0.0
2004-01-05,2004,1,5,0.0
2004-01-06,2004,1,6,0.0
2004-01-07,2004,1,7,0.0
2004-01-08,2004,1,8,0.0
2004-01-09,2004,1,9,0.383067519468636
2004-01-10,2004,1,10,0.0
2004-01-11,2004,1,11,0.0470693530235519
2004-01-12,2004,1,12,0.0
2004-01-13,2004,1,13,0.0
2004-01-14,2004,1,14,0.0
2004-01-15,2004,1,15,0.0
2004-01-16,2004,1,16,0.0
2004-01-17,2004,1,17,0.0
2004-01-18,2004,1,18,0.0
2004-01-19,2004,1,19,0.0
2004-01-20,2004,1,20,1.9097026473145868
2004-01-21,2004,1,21,2.027246380628637
2004-01-22,2004,1,22,0.0
2004-01-23,2004,1,23,0.0
2004-01-24,2004,1,24,0.0
2004-01-25,2004,1,25,0.0
2004-01-26,2004,1,26,0.0
2004-01-27,2004,1,27,0.0
2004-01-28,2004,1,28,0.0
2004-01-29,2004,1,29,0.0
2004-01-30,2004,1,30,0.0
2004-01-31,2004,1,31,0.0
2004-02-01,2004,2,32,0.0
2004-02-02,2004,2,33,0.0
2004-02-03,2004,2,34,0.0
2004-02-04,2004,2,35,0.0028682248451409
2004-02-05,2004,2,36,0.0
2004-02-06,2004,2,37,0.0
2004-02-07,2004,2,38,0.0
2004-02-08,2004,2,39,0.0
2004-02-09,2004,2,40,0.0
2004-02-10,2004,2,41,3.461635518349841
2004-02-11,2004,2,42,0.0
2004-02-12,2004,2,43,0.0
2004-02-13,2004,2,44,3.3523020034379805
2004-02-14,2004,2,45,0.0
2004-02-15,2004,2,46,0.7452857400886812
2004-02-16,2004,2,47,0.3386458777523286
2004-02-17,2004,2,48,0.0
2004-02-18,2004,2,49,1.3705274979069175
2004-02-19,2004,2,50,4.32220069812523
2004-02-20,2004,2,51,0.0
2004-02-21,2004,2,52,0.0
2004-02-22,2004,2,53,0.0
2004-02-23,2004,2,54,0.2862112526211252
2004-02-24,2004,2,55,1.0820255886313237
2004-02-25,2004,2,56,0.0
2004-02-26,2004,2,57,0.0038111354922676
2004-02-27,2004,2,58,0.0
2004-02-28,2004,2,59,0.0
2004-02-29,2004,2,60,0.0
2004-03-01,2004,3,61,0.1443912781704769
2004-03-02,2004,3,62,0.0
2004-03-03,2004,3,63,0.0
2004-03-04,2004,3,64,0.0
2004-03-05,2004,3,65,0.0
2004-03-06,2004,3,66,0.0
2004-03-07,2004,3,67,0.0
2004-03-08,2004,3,68,0.0
2004-03-09,2004,3,69,0.0
2004-03-10,2004,3,70,0.4878098169962566
2004-03-11,2004,3,71,0.0
2004-03-12,2004,3,72,0.0
2004-03-13,2004,3,73,0.0
2004-03-14,2004,3,74,0.0
2004-03-15,2004,3,75,0.0
2004-03-16,2004,3,76,0.0
2004-03-17,2004,3,77,0.0
2004-03-18,2004,3,78,0.0
2004-03-19,2004,3,79,0.0
2004-03-20,2004,3,80,0.0
2004-03-21,2004,3,81,0.0
2004-03-22,2004,3,82,0.0
2004-03-23,2004,3,83,0.0
2004-03-24,2004,3,84,0.0
2004-03-25,2004,3,85,3.57515082884366
2004-03-26,2004,3,86,0.0
2004-03-27,2004,3,87,15.175534966161544
2004-03-28,2004,3,88,0.0
2004-03-29,2004,3,89,0.0280404723701869
2004-03-30,2004,3,90,0.0378854025503255
2004-03-31,2004,3,91,20.059376998650485
2004-04-01,2004,4,92,0.0
2004-04-02,2004,4,93,0.0
2004-04-03,2004,4,94,0.0
2004-04-04,2004,4,95,0.0
2004-04-05,2004,4,96,0.0
2004-04-06,2004,4,97,0.0
2004-04-07,2004,4,98,0.0
2004-04-08,2004,4,99,0.0040962207797458
2004-04-09,2004,4,100,0.0
2004-04-10,2004,4,101,0.0
2004-04-11,2004,4,102,0.0
2004-04-12,2004,4,103,1.0476700446242029
2004-04-13,2004,4,104,8.997309554103305
2004-04-14,2004,4,105,5.009828274819008
2004-04-15,2004,4,106,0.7449412902604851
2004-04-16,2004,4,107,0.0
2004-04-17,2004,4,108,0.0
2004-04-18,2004,4,109,0.0
2004-04-19,2004,4,110,0.0
2004-04-20,2004,4,111,0.0
2004-04-21,2004,4,112,0.0
2004-04-22,2004,4,113,0.0
2004-04-23,2004,4,114,0.0
2004-04-24,2004,4,115,0.0
2004-04-25,2004,4,116,0.1541784820948897
2004-04-26,2004,4,117,0.200984060406787
2004-04-27,2004,4,118,0.0
2004-04-28,2004,4,119,0.004820971685081
2004-04-29,2004,4,120,22.425726660930305
2004-04-30,2004,4,121,0.0
2004-05-01,2004,5,122,8.613975533534035
2004-05-02,2004,5,123,2.7715396235258845
2004-05-03,2004,5,124,7.230549578086475
2004-05-04,2004,5,125,6.514577586424075
2004-05-05,2004,5,126,5.042456876674879
2004-05-06,2004,5,127,2.264407971958473
2004-05-07,2004,5,128,1.228345617460408
2004-05-08,2004,5,129,0.0
2004-05-09,2004,5,130,0.0
2004-05-10,2004,5,131,0.00017036249878678246
2004-05-11,2004,5,132,0.0
2004-05-12,2004,5,133,21.64316968010753
2004-05-13,2004,5,134,9.436029604079891
2004-05-14,2004,5,135,7.526604096145843
2004-05-15,2004,5,136,5.884530831220933
2004-05-16,2004,5,137,0.0
2004-05-17,2004,5,138,7.048727276494796
2004-05-18,2004,5,139,12.586292451941874
2004-05-19,2004,5,140,20.700886140650123
2004-05-20,2004,5,141,10.490957364733648
2004-05-21,2004,5,142,13.552041024148416
2004-05-22,2004,5,143,7.1187959096834215
2004-05-23,2004,5,144,0.0
2004-05-24,2004,5,145,0.0
2004-05-25,2004,5,146,4.875062107324805
2004-05-26,2004,5,147,7.922606895035317
2004-05-27,2004,5,148,1.980251166538592
2004-05-28,2004,5,149,14.36530217372564
2004-05-29,2004,5,150,13.138685170921796
2004-05-30,2004,5,151,14.02653172614744
2004-05-31,2004,5,152,0.0360247461634409
2004-06-01,2004,6,153,28.273349975456824
2004-06-02,2004,6,154,5.146381506883088
2004-06-03,2004,6,155,10.077081027047289
2004-06-04,2004,6,156,0.0
2004-06-05,2004,6,157,0.0
2004-06-06,2004,6,158,0.1627151872116782
2004-06-07,2004,6,159,2.72836758289566
2004-06-08,2004,6,160,5.361990740999976
2004-06-09,2004,6,161,30.12404994833848
2004-06-10,2004,6,162,6.928351688814041
2004-06-11,2004,6,163,10.084472734394907
2004-06-12,2004,6,164,2.0219356864563087
2004-06-13,2004,6,165,9.434146902452913
2004-06-14,2004,6,166,1.4418360302871174
2004-06-15,2004,6,167,9.819862973312077
2004-06-16,2004,6,168,1.0836519843610617
2004-06-17,2004,6,169,0.0
2004-06-18,2004,6,170,0.0
2004-06-19,2004,6,171,0.2175532660120659
2004-06-20,2004,6,172,13.128380781682823
2004-06-21,2004,6,173,1.5188277096654377
2004-06-22,2004,6,174,22.04467756153685
2004-06-23,2004,6,175,0.0
2004-06-24,2004,6,176,5.863991659833717
2004-06-25,2004,6,177,6.814842908221018
2004-06-26,2004,6,178,6.988797512234228
2004-06-27,2004,6,179,0.0126557607577208
2004-06-28,2004,6,180,1.1822715594202615
2004-06-29,2004,6,181,2.9013282113230523
2004-06-30,2004,6,182,5.190963166640575
2004-07-01,2004,7,183,0.0
2004-07-02,2004,7,184,2.149201879668869
2004-07-03,2004,7,185,0.2986491783725572
2004-07-04,2004,7,186,5.948953623381454
2004-07-05,2004,7,187,11.462155909648592
2004-07-06,2004,7,188,2.738927352091341
2004-07-07,2004,7,189,5.715322826290704
2004-07-08,2004,7,190,0.1194805359370502
2004-07-09,2004,7,191,0.3338234208032629
2004-07-10,2004,7,192,17.245220831141275
2004-07-11,2004,7,193,0.0
2004-07-12,2004,7,194,0.0
2004-07-13,2004,7,195,4.780824417320193
2004-07-14,2004,7,196,13.66017870281942
2004-07-15,2004,7,197,6.048987639593896
2004-07-16,2004,7,198,0.0
2004-07-17,2004,7,199,5.610660773010058
2004-07-18,2004,7,200,3.768980948023032
2004-07-19,2004,7,201,8.59868292192567
2004-07-20,2004,7,202,3.768980948023032
2004-07-21,2004,7,203,11.435872738955874
2004-07-22,2004,7,204,3.201927656430716
2004-07-23,2004,7,205,0.5948928021526583
2004-07-24,2004,7,206,5.080633979274764
2004-07-25,2004,7,207,5.271958624029528
2004-07-26,2004,7,208,10.64749795275053
2004-07-27,2004,7,209,0.0
2004-07-28,2004,7,210,0.1181796743201719
2004-07-29,2004,7,211,9.69226796206186
2004-07-30,2004,7,212,12.227507445377066
2004-07-31,2004,7,213,0.0175355040526533
2004-08-01,2004,8,214,3.4394835826670294
2004-08-02,2004,8,215,6.988348219368127
2004-08-03,2004,8,216,9.737106835831918
2004-08-04,2004,8,217,2.7492986689700767
2004-08-05,2004,8,218,3.508096725335975
2004-08-06,2004,8,219,4.773063415733279
2004-08-07,2004,8,220,1.5113538062868714
2004-08-08,2004,8,221,1.666353542271494
2004-08-09,2004,8,222,0.0
2004-08-10,2004,8,223,5.501174025129027
2004-08-11,2004,8,224,0.2459811578985964
2004-08-12,2004,8,225,3.866927874118933
2004-08-13,2004,8,226,0.0
2004-08-14,2004,8,227,0.0
2004-08-15,2004,8,228,0.0055145807213117
2004-08-16,2004,8,229,4.231746429751444
2004-08-17,2004,8,230,0.0
2004-08-18,2004,8,231,0.0
2004-08-19,2004,8,232,9.668758099265046
2004-08-20,2004,8,233,0.9174711346728432
2004-08-21,2004,8,234,0.0
2004-08-22,2004,8,235,4.051722963293496
2004-08-23,2004,8,236,4.146013882186746
2004-08-24,2004,8,237,24.527211053818856
2004-08-25,2004,8,238,0.1587531723420438
2004-08-26,2004,8,239,0.0
2004-08-27,2004,8,240,6.923046458451893
2004-08-28,2004,8,241,3.356523460062937
2004-08-29,2004,8,242,4.805288228604563
2004-08-30,2004,8,243,0.0
2004-08-31,2004,8,244,11.125521600297509
2004-09-01,2004,9,245,0.0
2004-09-02,2004,9,246,4.774856081249986
2004-09-03,2004,9,247,10.585566843076965
2004-09-04,2004,9,248,23.74226848100533
2004-09-05,2004,9,249,4.769816085632377
2004-09-06,2004,9,250,0.0
2004-09-07,2004,9,251,13.072994361295596
2004-09-08,2004,9,252,22.624948885263088
2004-09-09,2004,9,253,0.0542519809654255
2004-09-10,2004,9,254,4.185991666208706
2004-09-11,2004,9,255,5.970837120736064
2004-09-12,2004,9,256,23.86705867715033
2004-09-13,2004,9,257,1.214842151553588
2004-09-14,2004,9,258,0.0921886725209161
2004-09-15,2004,9,259,19.48592939270595
2004-09-16,2004,9,260,0.0
2004-09-17,2004,9,261,12.208457013430918
2004-09-18,2004,9,262,9.326051810406785
2004-09-19,2004,9,263,0.0115902887620574
2004-09-20,2004,9,264,16.518587022534575
2004-09-21,2004,9,265,0.0
2004-09-22,2004,9,266,7.537717542897564
2004-09-23,2004,9,267,9.772228642008503
2004-09-24,2004,9,268,6.542354043161349
2004-09-25,2004,9,269,13.084708086322696
2004-09-26,2004,9,270,18.917168928602365
2004-09-27,2004,9,271,1.1281885841307524
2004-09-28,2004,9,272,5.986326468940872
2004-09-29,2004,9,273,0.0
2004-09-30,2004,9,274,0.4034766642170884
2004-10-01,2004,10,275,0.0
2004-10-02,2004,10,276,0.0
2004-10-03,2004,10,277,0.0
2004-10-04,2004,10,278,19.75357838277646
2004-10-05,2004,10,279,11.617186050897187
2004-10-06,2004,10,280,8.124308304083891
2004-10-07,2004,10,281,22.13986469438777
2004-10-08,2004,10,282,6.539227673715267
2004-10-09,2004,10,283,5.50149523394682
2004-10-10,2004,10,284,13.103865710097494
2004-10-11,2004,10,285,1.4576598169360289
2004-10-12,2004,10,286,4.497530377462775
2004-10-13,2004,10,287,17.484225531878796
2004-10-14,2004,10,288,0.0
2004-10-15,2004,10,289,6.847651316349388
2004-10-16,2004,10,290,16.917556550631488
2004-10-17,2004,10,291,9.901632704179104
2004-10-18,2004,10,292,6.939086379919076
2004-10-19,2004,10,293,0.0
2004-10-20,2004,10,294,0.3917844084050784
2004-10-21,2004,10,295,0.0
2004-10-22,2004,10,296,0.0
2004-10-23,2004,10,297,0.0
2004-10-24,2004,10,298,0.7866359742768524
2004-10-25,2004,10,299,0.0
2004-10-26,2004,10,300,7.076308359268291
2004-10-27,2004,10,301,0.0190828577922569
2004-10-28,2004,10,302,0.0
2004-10-29,2004,10,303,0.3479002171739515
2004-10-30,2004,10,304,0.0
2004-10-31,2004,10,305,0.0
2004-11-01,2004,11,306,0.9007590417690328
2004-11-02,2004,11,307,16.07381996520074
2004-11-03,2004,11,308,0.0
2004-11-04,2004,11,309,0.0610527649023845
2004-11-05,2004,11,310,4.664185143885902
2004-11-06,2004,11,311,2.2178839493635483
2004-11-07,2004,11,312,0.0
2004-11-08,2004,11,313,0.0
2004-11-09,2004,11,314,0.0
2004-11-10,2004,11,315,0.0
2004-11-11,2004,11,316,0.0
2004-11-12,2004,11,317,0.0
2004-11-13,2004,11,318,0.0
2004-11-14,2004,11,319,0.0
2004-11-15,2004,11,320,0.0
2004-11-16,2004,11,321,0.0
2004-11-17,2004,11,322,0.0
2004-11-18,2004,11,323,0.0
2004-11-19,2004,11,324,0.0
2004-11-20,2004,11,325,0.0
2004-11-21,2004,11,326,0.0
2004-11-22,2004,11,327,0.0
2004-11-23,2004,11,328,0.6164596801960479
2004-11-24,2004,11,329,0.3003563134713161
2004-11-25,2004,11,330,0.1652915904740544
2004-11-26,2004,11,331,0.0583334600404479
2004-11-27,2004,11,332,0.0
2004-11-28,2004,11,333,0.0
2004-11-29,2004,11,334,2.0416096668521257
2004-11-30,2004,11,335,0.0
2004-12-01,2004,12,336,0.0
2004-12-02,2004,12,337,1.8696661875507417
2004-12-03,2004,12,338,0.0
2004-12-04,2004,12,339,0.0
2004-12-05,2004,12,340,0.0
2004-12-06,2004,12,341,0.0
2004-12-07,2004,12,342,0.0
2004-12-08,2004,12,343,0.0
2004-12-09,2004,12,344,0.0142393162236217
2004-12-10,2004,12,345,6.318911749936622
2004-12-11,2004,12,346,0.0
2004-12-12,2004,12,347,0.5987627869910835
2004-12-13,2004,12,348,2.1334491613182944
2004-12-14,2004,12,349,0.0
2004-12-15,2004,12,350,0.0
2004-12-16,2004,12,351,0.0
2004-12-17,2004,12,352,0.0
2004-12-18,2004,12,353,0.0
2004-12-19,2004,12,354,0.0
2004-12-20,2004,12,355,0.0
2004-12-21,2004,12,356,0.0
2004-12-22,2004,12,357,0.0
2004-12-23,2004,12,358,0.0
2004-12-24,2004,12,359,0.0
2004-12-25,2004,12,360,0.0
2004-12-26,2004,12,361,0.0
2004-12-27,2004,12,362,0.1552172055230145
2004-12-28,2004,12,363,0.0
2004-12-29,2004,12,364,0.0
2004-12-30,2004,12,365,0.0
2004-12-31,2004,12,366,0.0
2005-01-01,2005,1,1,1.5442813424443016
2005-01-02,2005,1,2,0.0
2005-01-03,2005,1,3,0.0
2005-01-04,2005,1,4,0.0
2005-01-05,2005,1,5,0.0
2005-01-06,2005,1,6,0.0
2005-01-07,2005,1,7,0.0
2005-01-08,2005,1,8,0.0
2005-01-09,2005,1,9,0.8814203025902452
2005-01-10,2005,1,10,0.0
2005-01-11,2005,1,11,0.0
2005-01-12,2005,1,12,0.0
2005-01-13,2005,1,13,0.0
2005-01-14,2005,1,14,0.0
2005-01-15,2005,1,15,0.0
2005-01-16,2005,1,16,0.0
2005-01-17,2005,1,17,0.0
2005-01-18,2005,1,18,0.0
2005-01-19,2005,1,19,0.0
2005-01-20,2005,1,20,0.0
2005-01-21,2005,1,21,0.0
2005-01-22,2005,1,22,0.0
2005-01-23,2005,1,23,0.0
2005-01-24,2005,1,24,0.0
2005-01-25,2005,1,25,0.0
2005-01-26,2005,1,26,0.0
2005-01-27,2005,1,27,0.0
2005-01-28,2005,1,28,0.0
2005-01-29,2005,1,29,0.0503947226124741
2005-01-30,2005,1,30,1.0482315583523258
2005-01-31,2005,1,31,0.494466317854279
2005-02-01,2005,2,32,0.0
2005-02-02,2005,2,33,1.0128286251065663
2005-02-03,2005,2,34,0.0
2005-02-04,2005,2,35,0.0
2005-02-05,2005,2,36,0.0
2005-02-06,2005,2,37,0.0
2005-02-07,2005,2,38,0.0
2005-02-08,2005,2,39,0.002707587722641
2005-02-09,2005,2,40,0.0
2005-02-10,2005,2,41,0.0
2005-02-11,2005,2,42,0.0
2005-02-12,2005,2,43,0.0
2005-02-13,2005,2,44,2.4578658250937013
2005-02-14,2005,2,45,0.0
2005-02-15,2005,2,46,0.0
2005-02-16,2005,2,47,0.0
2005-02-17,2005,2,48,0.0
2005-02-18,2005,2,49,0.0
2005-02-19,2005,2,50,0.0
2005-02-20,2005,2,51,0.0
2005-02-21,2005,2,52,0.0
2005-02-22,2005,2,53,2.234548951839931
2005-02-23,2005,2,54,0.3187963907393821
2005-02-24,2005,2,55,0.6792870129697223
2005-02-25,2005,2,56,0.6792870129697223
2005-02-26,2005,2,57,0.0
2005-02-27,2005,2,58,0.0
2005-02-28,2005,2,59,0.0
2005-03-01,2005,3,60,0.0
2005-03-02,2005,3,61,0.6070682880913181
2005-03-03,2005,3,62,0.0
2005-03-04,2005,3,63,0.0
2005-03-05,2005,3,64,0.0
2005-03-06,2005,3,65,0.0
2005-03-07,2005,3,66,0.0
2005-03-08,2005,3,67,0.0
2005-03-09,2005,3,68,0.0
2005-03-10,2005,3,69,0.1468642009254593
2005-03-11,2005,3,70,6.19229266877448
2005-03-12,2005,3,71,0.0
2005-03-13,2005,3,72,0.0
2005-03-14,2005,3,73,0.0
2005-03-15,2005,3,74,0.0
2005-03-16,2005,3,75,0.0
2005-03-17,2005,3,76,0.2228138180195825
2005-03-18,2005,3,77,0.0
2005-03-19,2005,3,78,2.797209623642425
2005-03-20,2005,3,79,10.03962706237546
2005-03-21,2005,3,80,2.7529863807107
2005-03-22,2005,3,81,0.0
2005-03-23,2005,3,82,1.0060051640794128
2005-03-24,2005,3,83,0.0
2005-03-25,2005,3,84,1.3170976190865298
2005-03-26,2005,3,85,0.0
2005-03-27,2005,3,86,0.0
2005-03-28,2005,3,87,0.0
2005-03-29,2005,3,88,0.0335573869172384
2005-03-30,2005,3,89,5.023597217106676
2005-03-31,2005,3,90,7.597836790094032
2005-04-01,2005,4,91,0.0
2005-04-02,2005,4,92,0.0
2005-04-03,2005,4,93,2.7422389799877425
2005-04-04,2005,4,94,0.0
2005-04-05,2005,4,95,0.0
2005-04-06,2005,4,96,0.0
2005-04-07,2005,4,97,0.0
2005-04-08,2005,4,98,1.918652390248773
2005-04-09,2005,4,99,0.0
2005-04-10,2005,4,100,0.3332828731238586
2005-04-11,2005,4,101,0.0
2005-04-12,2005,4,102,0.0
2005-04-13,2005,4,103,0.0
2005-04-14,2005,4,104,1.6922807262662958
2005-04-15,2005,4,105,0.0
2005-04-16,2005,4,106,0.0
2005-04-17,2005,4,107,2.0280361717443958
2005-04-18,2005,4,108,0.0
2005-04-19,2005,4,109,0.0
2005-04-20,2005,4,110,0.0
2005-04-21,2005,4,111,0.0
2005-04-22,2005,4,112,8.939957831083657
2005-04-23,2005,4,113,1.3968162335385192
2005-04-24,2005,4,114,3.0905462181660086
2005-04-25,2005,4,115,7.045077124618525
2005-04-26,2005,4,116,3.795043884150064
2005-04-27,2005,4,117,0.0
2005-04-28,2005,4,118,0.0
2005-04-29,2005,4,119,0.0
2005-04-30,2005,4,120,2.1774385591654464
2005-05-01,2005,5,121,0.274661112362846
2005-05-02,2005,5,122,0.0
2005-05-03,2005,5,123,1.0646590804737044
2005-05-04,2005,5,124,4.8417844985066685
2005-05-05,2005,5,125,3.8406499828552745
2005-05-06,2005,5,126,3.122092362490084
2005-05-07,2005,5,127,1.0727155460898654
2005-05-08,2005,5,128,9.818876130926173
2005-05-09,2005,5,129,2.052646999340744
2005-05-10,2005,5,130,1.2393458951919023
2005-05-11,2005,5,131,5.296781235969058
2005-05-12,2005,5,132,4.306032110353567
2005-05-13,2005,5,133,18.27351770067992
2005-05-14,2005,5,134,5.858339315974622
2005-05-15,2005,5,135,20.13303708560261
2005-05-16,2005,5,136,5.047072095501188
2005-05-17,2005,5,137,11.15609866743325
2005-05-18,2005,5,138,3.448514514686516
2005-05-19,2005,5,139,4.095880313494722
2005-05-20,2005,5,140,4.2404018963057455
2005-05-21,2005,5,141,3.223154281078493
2005-05-22,2005,5,142,11.19666431996183
2005-05-23,2005,5,143,7.028226889395367
2005-05-24,2005,5,144,12.403716179480796
2005-05-25,2005,5,145,10.050085076431792
2005-05-26,2005,5,146,10.29329235909224
2005-05-27,2005,5,147,24.049994049873124
2005-05-28,2005,5,148,5.346425495090501
2005-05-29,2005,5,149,16.394388588249125
2005-05-30,2005,5,150,3.5868706429423485
2005-05-31,2005,5,151,5.371755575255236
2005-06-01,2005,6,152,0.3974421147924258
2005-06-02,2005,6,153,0.9303884886224352
2005-06-03,2005,6,154,4.828763471368856
2005-06-04,2005,6,155,21.968862163989893
2005-06-05,2005,6,156,15.399371081371028
2005-06-06,2005,6,157,13.813995533451225
2005-06-07,2005,6,158,0.3091445013612586
2005-06-08,2005,6,159,14.135044482087316
2005-06-09,2005,6,160,8.320167456208482
2005-06-10,2005,6,161,9.018258703245296
2005-06-11,2005,6,162,0.143500401816413
2005-06-12,2005,6,163,16.82890618061958
2005-06-13,2005,6,164,25.24494175739337
2005-06-14,2005,6,165,19.3638998113745
2005-06-15,2005,6,166,8.23012193697788
2005-06-16,2005,6,167,17.559332612241143
2005-06-17,2005,6,168,11.47796400306362
2005-06-18,2005,6,169,16.00373345965898
2005-06-19,2005,6,170,13.164369038669292
2005-06-20,2005,6,171,21.12860424189662
2005-06-21,2005,6,172,17.25184641562677
2005-06-22,2005,6,173,10.100859162740043
2005-06-23,2005,6,174,7.689923397168811
2005-06-24,2005,6,175,10.644809223998788
2005-06-25,2005,6,176,18.501353320854797
2005-06-26,2005,6,177,15.896820672373538
2005-06-27,2005,6,178,32.97610249556122
2005-06-28,2005,6,179,14.612871041232532
2005-06-29,2005,6,180,0.0
2005-06-30,2005,6,181,1.5512155089096422
2005-07-01,2005,7,182,10.99477320536652
2005-07-02,2005,7,183,0.0
2005-07-03,2005,7,184,8.158902187376013
2005-07-04,2005,7,185,12.456147345703894
2005-07-05,2005,7,186,26.632653722215533
2005-07-06,2005,7,187,2.493223997447464
2005-07-07,2005,7,188,7.567936295562052
2005-07-08,2005,7,189,4.9937400063491815
2005-07-09,2005,7,190,6.369730309992645
2005-07-10,2005,7,191,9.48754428805913
2005-07-11,2005,7,192,8.350648158824434
2005-07-12,2005,7,193,13.813343260772434
2005-07-13,2005,7,194,5.952147866786804
2005-07-14,2005,7,195,0.0
2005-07-15,2005,7,196,12.971108914851737
2005-07-16,2005,7,197,2.5420444694051603
2005-07-17,2005,7,198,19.26810565419757
2005-07-18,2005,7,199,0.0
2005-07-19,2005,7,200,4.144982980067851
2005-07-20,2005,7,201,2.4928373311867342
2005-07-21,2005,7,202,7.118553904559536
2005-07-22,2005,7,203,13.5556900401144
2005-07-23,2005,7,204,7.524783710281154
2005-07-24,2005,7,205,11.328895628503377
2005-07-25,2005,7,206,0.2888148865744714
2005-07-26,2005,7,207,0.0445483374411771
2005-07-27,2005,7,208,0.5408610373658815
2005-07-28,2005,7,209,0.0
2005-07-29,2005,7,210,0.5283126156352582
2005-07-30,2005,7,211,6.603374302642614
2005-07-31,2005,7,212,4.129314207938766
2005-08-01,2005,8,213,7.212675774363035
2005-08-02,2005,8,214,1.3111548143875529
2005-08-03,2005,8,215,11.419121109223711
2005-08-04,2005,8,216,4.255067801618535
2005-08-05,2005,8,217,0.0
2005-08-06,2005,8,218,3.900502653079045
2005-08-07,2005,8,219,3.466325146016037
2005-08-08,2005,8,220,1.5179990934528853
2005-08-09,2005,8,221,0.0
2005-08-10,2005,8,222,10.926366935658884
2005-08-11,2005,8,223,8.488660362814878
2005-08-12,2005,8,224,6.323324554683618
2005-08-13,2005,8,225,0.0151927373096691
2005-08-14,2005,8,226,0.0
2005-08-15,2005,8,227,0.5384408934257332
2005-08-16,2005,8,228,2.6859764350002004
2005-08-17,2005,8,229,17.105853098932254
2005-08-18,2005,8,230,10.452758377805774
2005-08-19,2005,8,231,8.194019094326604
2005-08-20,2005,8,232,10.49887346485893
2005-08-21,2005,8,233,14.431353385568997
2005-08-22,2005,8,234,0.6510789714108804
2005-08-23,2005,8,235,6.090492651619867
2005-08-24,2005,8,236,17.692535095267964
2005-08-25,2005,8,237,0.760767499299364
2005-08-26,2005,8,238,1.6364168731596294
2005-08-27,2005,8,239,0.7668222102121911
2005-08-28,2005,8,240,1.2854922367347643
2005-08-29,2005,8,241,8.511496157654353
2005-08-30,2005,8,242,6.1678842768877535
2005-08-31,2005,8,243,18.47709841532082
2005-09-01,2005,9,244,4.246941369674915
2005-09-02,2005,9,245,15.0428596202798
2005-09-03,2005,9,246,0.0
2005-09-04,2005,9,247,2.034685337042952
2005-09-05,2005,9,248,6.43719534191599
2005-09-06,2005,9,249,15.519581414535706
2005-09-07,2005,9,250,18.814188786419216
2005-09-08,2005,9,251,0.0
2005-09-09,2005,9,252,0.0
2005-09-10,2005,9,253,4.218033841765632
2005-09-11,2005,9,254,4.981140945646225
2005-09-12,2005,9,255,8.470463275909424
2005-09-13,2005,9,256,13.827014086281222
2005-09-14,2005,9,257,3.6977817059176137
2005-09-15,2005,9,258,0.0
2005-09-16,2005,9,259,0.0136108070535341
2005-09-17,2005,9,260,0.5674865997133851
2005-09-18,2005,9,261,7.52976421336384
2005-09-19,2005,9,262,9.417307058152932
2005-09-20,2005,9,263,0.3160413439802972
2005-09-21,2005,9,264,8.095930365690739
2005-09-22,2005,9,265,30.48686302167897
2005-09-23,2005,9,266,0.0
2005-09-24,2005,9,267,0.0
2005-09-25,2005,9,268,33.659473371791755
2005-09-26,2005,9,269,11.5281060535681
2005-09-27,2005,9,270,42.44643011395505
2005-09-28,2005,9,271,0.4075355640107378
2005-09-29,2005,9,272,0.6344748575052034
2005-09-30,2005,9,273,13.5419650411851
2005-10-01,2005,10,274,6.018405039492283
2005-10-02,2005,10,275,0.0083867504541549
2005-10-03,2005,10,276,21.663404420388492
2005-10-04,2005,10,277,73.34567916873384
2005-10-05,2005,10,278,83.37118648604236
2005-10-06,2005,10,279,31.471435493756896
2005-10-07,2005,10,280,8.30950040978658
2005-10-08,2005,10,281,41.93718389210379
2005-10-09,2005,10,282,0.0
2005-10-10,2005,10,283,3.7161818141087366
2005-10-11,2005,10,284,20.793407037202996
2005-10-12,2005,10,285,0.6861561836089042
2005-10-13,2005,10,286,0.036528235740302
2005-10-14,2005,10,287,0.0
2005-10-15,2005,10,288,0.0
2005-10-16,2005,10,289,0.9610901154711804
2005-10-17,2005,10,290,0.0
2005-10-18,2005,10,291,0.0
2005-10-19,2005,10,292,0.0
2005-10-20,2005,10,293,0.0
2005-10-21,2005,10,294,0.0
2005-10-22,2005,10,295,0.0
2005-10-23,2005,10,296,0.0396839054405127
2005-10-24,2005,10,297,3.772272665580317
2005-10-25,2005,10,298,4.47216656030297
2005-10-26,2005,10,299,0.0
2005-10-27,2005,10,300,0.0
2005-10-28,2005,10,301,0.0
2005-10-29,2005,10,302,0.0
2005-10-30,2005,10,303,0.0
2005-10-31,2005,10,304,0.0
2005-11-01,2005,11,305,0.0
2005-11-02,2005,11,306,0.0
2005-11-03,2005,11,307,0.0
2005-11-04,2005,11,308,0.0
2005-11-05,2005,11,309,0.0
2005-11-06,2005,11,310,0.5046746743062468
2005-11-07,2005,11,311,12.7114113234207
2005-11-08,2005,11,312,8.92191383515859
2005-11-09,2005,11,313,0.0
2005-11-10,2005,11,314,0.0
2005-11-11,2005,11,315,0.0
2005-11-12,2005,11,316,2.4278089166606915
2005-11-13,2005,11,317,8.12640660567067
2005-11-14,2005,11,318,0.0
2005-11-15,2005,11,319,0.0
2005-11-16,2005,11,320,0.0
2005-11-17,2005,11,321,0.0
2005-11-18,2005,11,322,0.0
2005-11-19,2005,11,323,0.0
2005-11-20,2005,11,324,0.0
2005-11-21,2005,11,325,0.0
2005-11-22,2005,11,326,0.0
2005-11-23,2005,11,327,10.2275106717913
2005-11-24,2005,11,328,0.0
2005-11-25,2005,11,329,0.0
2005-11-26,2005,11,330,0.0
2005-11-27,2005,11,331,0.0
2005-11-28,2005,11,332,0.0
2005-11-29,2005,11,333,0.0
2005-11-30,2005,11,334,0.0
2005-12-01,2005,12,335,0.0
2005-12-02,2005,12,336,0.0
2005-12-03,2005,12,337,0.0
2005-12-04,2005,12,338,0.261109433014779
2005-12-05,2005,12,339,0.0
2005-12-06,2005,12,340,0.0
2005-12-07,2005,12,341,0.0
2005-12-08,2005,12,342,0.0
2005-12-09,2005,12,343,0.0
2005-12-10,2005,12,344,0.1354005302030405
2005-12-11,2005,12,345,0.0
2005-12-12,2005,12,346,0.0
2005-12-13,2005,12,347,0.0
2005-12-14,2005,12,348,0.0
2005-12-15,2005,12,349,0.0
2005-12-16,2005,12,350,0.0
2005-12-17,2005,12,351,0.2526830676895181
2005-12-18,2005,12,352,0.0
2005-12-19,2005,12,353,0.0
2005-12-20,2005,12,354,0.2507306917569734
2005-12-21,2005,12,355,0.0
2005-12-22,2005,12,356,0.0
2005-12-23,2005,12,357,0.0
2005-12-24,2005,12,358,0.0
2005-12-25,2005,12,359,0.0
2005-12-26,2005,12,360,0.0
2005-12-27,2005,12,361,0.0
2005-12-28,2005,12,362,0.0
2005-12-29,2005,12,363,0.2631962779452889
2005-12-30,2005,12,364,12.005212021772948
2005-12-31,2005,12,365,0.4282588885192087
2006-01-01,2006,1,1,1.475239110942978
2006-01-02,2006,1,2,1.381524945024302
2006-01-03,2006,1,3,0.0
2006-01-04,2006,1,4,1.26525948499908
2006-01-05,2006,1,5,0.0
2006-01-06,2006,1,6,4.79387899699534
2006-01-07,2006,1,7,0.7637203725465057
2006-01-08,2006,1,8,0.0
2006-01-09,2006,1,9,0.0
2006-01-10,2006,1,10,0.0
2006-01-11,2006,1,11,0.0
2006-01-12,2006,1,12,0.0
2006-01-13,2006,1,13,0.0
2006-01-14,2006,1,14,0.0
2006-01-15,2006,1,15,0.0
2006-01-16,2006,1,16,1.1133264972291244
2006-01-17,2006,1,17,0.0
2006-01-18,2006,1,18,0.0
2006-01-19,2006,1,19,0.0
2006-01-20,2006,1,20,0.0
2006-01-21,2006,1,21,0.0
2006-01-22,2006,1,22,0.0
2006-01-23,2006,1,23,0.007984131957694
2006-01-24,2006,1,24,1.7991532342063123
2006-01-25,2006,1,25,0.0
2006-01-26,2006,1,26,0.0
2006-01-27,2006,1,27,0.0
2006-01-28,2006,1,28,0.0
2006-01-29,2006,1,29,0.0
2006-01-30,2006,1,30,0.0
2006-01-31,2006,1,31,2.953030775922838
2006-02-01,2006,2,32,0.0
2006-02-02,2006,2,33,0.0
2006-02-03,2006,2,34,0.0065819940816263
2006-02-04,2006,2,35,7.383128677307282
2006-02-05,2006,2,36,2.2086289326732955
2006-02-06,2006,2,37,0.0
2006-02-07,2006,2,38,0.1718470081878505
2006-02-08,2006,2,39,0.0
2006-02-09,2006,2,40,0.0
2006-02-10,2006,2,41,0.0
2006-02-11,2006,2,42,0.0
2006-02-12,2006,2,43,0.0
2006-02-13,2006,2,44,0.0
2006-02-14,2006,2,45,0.0
2006-02-15,2006,2,46,0.0
2006-02-16,2006,2,47,0.0
2006-02-17,2006,2,48,0.0
2006-02-18,2006,2,49,0.0
2006-02-19,2006,2,50,0.0
2006-02-20,2006,2,51,0.0
2006-02-21,2006,2,52,0.0
2006-02-22,2006,2,53,0.0
2006-02-23,2006,2,54,0.0
2006-02-24,2006,2,55,0.0
2006-02-25,2006,2,56,0.1747829062160305
2006-02-26,2006,2,57,0.0
2006-02-27,2006,2,58,0.0
2006-02-28,2006,2,59,0.2094042255210386
2006-03-01,2006,3,60,0.0
2006-03-02,2006,3,61,0.0
2006-03-03,2006,3,62,0.0
2006-03-04,2006,3,63,0.0
2006-03-05,2006,3,64,0.0
2006-03-06,2006,3,65,0.0
2006-03-07,2006,3,66,0.0
2006-03-08,2006,3,67,0.0
2006-03-09,2006,3,68,0.5829215926703165
2006-03-10,2006,3,69,0.1026524876363275
2006-03-11,2006,3,70,0.0
2006-03-12,2006,3,71,0.0
2006-03-13,2006,3,72,0.0
2006-03-14,2006,3,73,0.0
2006-03-15,2006,3,74,0.0
2006-03-16,2006,3,75,0.0
2006-03-17,2006,3,76,0.0
2006-03-18,2006,3,77,0.0
2006-03-19,2006,3,78,0.0
2006-03-20,2006,3,79,0.0
2006-03-21,2006,3,80,0.0
2006-03-22,2006,3,81,0.0
2006-03-23,2006,3,82,4.977737129296414
2006-03-24,2006,3,83,0.0
2006-03-25,2006,3,84,4.17099820331518
2006-03-26,2006,3,85,14.750897709794195
2006-03-27,2006,3,86,0.0
2006-03-28,2006,3,87,0.0
2006-03-29,2006,3,88,0.0
2006-03-30,2006,3,89,0.0
2006-03-31,2006,3,90,0.0
2006-04-01,2006,4,91,0.0371398916204668
2006-04-02,2006,4,92,0.0
2006-04-03,2006,4,93,1.128673126440633
2006-04-04,2006,4,94,1.143146841109259
2006-04-05,2006,4,95,0.2596667894156652
2006-04-06,2006,4,96,0.0
2006-04-07,2006,4,97,0.0
2006-04-08,2006,4,98,3.50763597310662
2006-04-09,2006,4,99,0.0
2006-04-10,2006,4,100,0.0
2006-04-11,2006,4,101,0.0
2006-04-12,2006,4,102,0.0
2006-04-13,2006,4,103,0.0
2006-04-14,2006,4,104,0.0
2006-04-15,2006,4,105,2.8026540613164226
2006-04-16,2006,4,106,0.0
2006-04-17,2006,4,107,0.0
2006-04-18,2006,4,108,0.0
2006-04-19,2006,4,109,0.0
2006-04-20,2006,4,110,0.0702262862482536
2006-04-21,2006,4,111,0.1086738860392631
2006-04-22,2006,4,112,0.0
2006-04-23,2006,4,113,1.0345506512311755
2006-04-24,2006,4,114,13.742324808875823
2006-04-25,2006,4,115,21.75971349529865
2006-04-26,2006,4,116,6.46473172488331
2006-04-27,2006,4,117,0.0
2006-04-28,2006,4,118,9.642233775279005
2006-04-29,2006,4,119,0.0
2006-04-30,2006,4,120,6.456907128051701
2006-05-01,2006,5,121,1.786686964109604
2006-05-02,2006,5,122,5.28494977001053
2006-05-03,2006,5,123,0.0277189251798386
2006-05-04,2006,5,124,3.30716804875302
2006-05-05,2006,5,125,0.7645863676643208
2006-05-06,2006,5,126,1.1004933465364763
2006-05-07,2006,5,127,0.0
2006-05-08,2006,5,128,4.5349278856570026
2006-05-09,2006,5,129,3.5813145832363724
2006-05-10,2006,5,130,2.124877321485178
2006-05-11,2006,5,131,0.7322238178057046
2006-05-12,2006,5,132,12.351989391836838
2006-05-13,2006,5,133,12.871392130851746
2006-05-14,2006,5,134,19.656381589077228
2006-05-15,2006,5,135,6.348256681143164
2006-05-16,2006,5,136,5.43848507763896
2006-05-17,2006,5,137,0.0
2006-05-18,2006,5,138,6.648421330644007
2006-05-19,2006,5,139,10.346541870937656
2006-05-20,2006,5,140,12.036923924775442
2006-05-21,2006,5,141,0.0354559984386937
2006-05-22,2006,5,142,21.480517375540717
2006-05-23,2006,5,143,10.892344069766915
2006-05-24,2006,5,144,13.907979906984345
2006-05-25,2006,5,145,10.035766299095744
2006-05-26,2006,5,146,5.534753610358447
2006-05-27,2006,5,147,11.792158064008678
2006-05-28,2006,5,148,0.9239738839451024
2006-05-29,2006,5,149,0.5602150172786828
2006-05-30,2006,5,150,0.0
2006-05-31,2006,5,151,14.357155649909222
2006-06-01,2006,6,152,6.279283169609109
2006-06-02,2006,6,153,0.0
2006-06-03,2006,6,154,10.301308341790389
2006-06-04,2006,6,155,8.268844734529399
2006-06-05,2006,6,156,20.673361881533136
2006-06-06,2006,6,157,23.951602309405963
2006-06-07,2006,6,158,16.95688254013977
2006-06-08,2006,6,159,11.871553070747456
2006-06-09,2006,6,160,19.29218717732793
2006-06-10,2006,6,161,5.8512190403648185
2006-06-11,2006,6,162,8.800072459247035
2006-06-12,2006,6,163,20.800814426752268
2006-06-13,2006,6,164,19.874234502910035
2006-06-14,2006,6,165,12.291756909835412
2006-06-15,2006,6,166,19.25883384698869
2006-06-16,2006,6,167,6.714181811970938
2006-06-17,2006,6,168,9.910567602236862
2006-06-18,2006,6,169,5.254779688701123
2006-06-19,2006,6,170,3.026441323317926
2006-06-20,2006,6,171,17.4229851768072
2006-06-21,2006,6,172,6.785790023072315
2006-06-22,2006,6,173,6.711212790104295
2006-06-23,2006,6,174,15.00676221978287
2006-06-24,2006,6,175,5.061809732756661
2006-06-25,2006,6,176,5.26095074624615
2006-06-26,2006,6,177,21.673342591590515
2006-06-27,2006,6,178,12.694351360853044
2006-06-28,2006,6,179,6.698463321242867
2006-06-29,2006,6,180,13.396926642485736
2006-06-30,2006,6,181,0.0
2006-07-01,2006,7,182,0.4850406973481485
2006-07-02,2006,7,183,1.5036936816539943
2006-07-03,2006,7,184,2.2605462150509377
2006-07-04,2006,7,185,5.818277158181486
2006-07-05,2006,7,186,0.0
2006-07-06,2006,7,187,0.0
2006-07-07,2006,7,188,7.099217024182499
2006-07-08,2006,7,189,12.747778074702548
2006-07-09,2006,7,190,8.59872103758929
2006-07-10,2006,7,191,13.345976097520438
2006-07-11,2006,7,192,5.505212205336864
2006-07-12,2006,7,193,5.522903608836573
2006-07-13,2006,7,194,4.501316770694149
2006-07-14,2006,7,195,2.234646762525719
2006-07-15,2006,7,196,0.4544736921225435
2006-07-16,2006,7,197,0.0
2006-07-17,2006,7,198,9.336841218882173
2006-07-18,2006,7,199,10.70839177397652
2006-07-19,2006,7,200,15.257436091611808
2006-07-20,2006,7,201,0.409256324057101
2006-07-21,2006,7,202,7.391675530382988
2006-07-22,2006,7,203,25.73675549510409
2006-07-23,2006,7,204,12.400022224370698
2006-07-24,2006,7,205,12.185222150836116
2006-07-25,2006,7,206,6.667246456317852
2006-07-26,2006,7,207,0.0
2006-07-27,2006,7,208,1.5529495795874282
2006-07-28,2006,7,209,5.4521474998632655
2006-07-29,2006,7,210,9.864945053952107
2006-07-30,2006,7,211,0.9026439929989126
2006-07-31,2006,7,212,16.39928158553319
2006-08-01,2006,8,213,0.5415903791568171
2006-08-02,2006,8,214,5.985513677020919
2006-08-03,2006,8,215,4.111191473001074
2006-08-04,2006,8,216,9.17076968130334
2006-08-05,2006,8,217,7.726185557366235
2006-08-06,2006,8,218,1.7834753327218509
2006-08-07,2006,8,219,6.194681856963198
2006-08-08,2006,8,220,9.73632655449167
2006-08-09,2006,8,221,0.8803864093345767
2006-08-10,2006,8,222,2.0233476880072727
2006-08-11,2006,8,223,12.91310535421102
2006-08-12,2006,8,224,9.803866383808744
2006-08-13,2006,8,225,3.976216383437981
2006-08-14,2006,8,226,8.60211010518601
2006-08-15,2006,8,227,0.0
2006-08-16,2006,8,228,0.0
2006-08-17,2006,8,229,6.712067915827367
2006-08-18,2006,8,230,5.437800953402515
2006-08-19,2006,8,231,4.384774824238886
2006-08-20,2006,8,232,0.2344022173092931
2006-08-21,2006,8,233,0.2472217840931818
2006-08-22,2006,8,234,15.998241969123292
2006-08-23,2006,8,235,1.9134634126427847
2006-08-24,2006,8,236,0.0153259863277327
2006-08-25,2006,8,237,14.988755745364749
2006-08-26,2006,8,238,8.530546061586088
2006-08-27,2006,8,239,2.0660940439351725
2006-08-28,2006,8,240,0.0
2006-08-29,2006,8,241,0.0
2006-08-30,2006,8,242,10.6606082039811
2006-08-31,2006,8,243,9.791380658247782
2006-09-01,2006,9,244,1.976400298140656
2006-09-02,2006,9,245,2.787926710254633
2006-09-03,2006,9,246,4.527703117282347
2006-09-04,2006,9,247,27.90064739343338
2006-09-05,2006,9,248,4.307553922200468
2006-09-06,2006,9,249,11.4474241963389
2006-09-07,2006,9,250,14.412463317595696
2006-09-08,2006,9,251,5.170132329551807
2006-09-09,2006,9,252,1.4259609931947437
2006-09-10,2006,9,253,18.20342588537049
2006-09-11,2006,9,254,23.78402572548482
2006-09-12,2006,9,255,3.302591577593649
2006-09-13,2006,9,256,13.702472820380049
2006-09-14,2006,9,257,0.0
2006-09-15,2006,9,258,0.0934310126937957
2006-09-16,2006,9,259,5.193056394120211
2006-09-17,2006,9,260,13.281606639258964
2006-09-18,2006,9,261,0.0
2006-09-19,2006,9,262,7.224451697066796
2006-09-20,2006,9,263,13.376446799631292
2006-09-21,2006,9,264,7.698706017974717
2006-09-22,2006,9,265,4.974902695892403
2006-09-23,2006,9,266,8.445886583591795
2006-09-24,2006,9,267,2.3864296440804424
2006-09-25,2006,9,268,0.0
2006-09-26,2006,9,269,5.146721921267424
2006-09-27,2006,9,270,1.5870872607778668
2006-09-28,2006,9,271,0.0
2006-09-29,2006,9,272,3.3737203539592557
2006-09-30,2006,9,273,14.022542547750596
2006-10-01,2006,10,274,0.1291152902822159
2006-10-02,2006,10,275,0.0110090483225811
2006-10-03,2006,10,276,0.0
2006-10-04,2006,10,277,14.648921846628394
2006-10-05,2006,10,278,5.2626371759069
2006-10-06,2006,10,279,20.02454735625985
2006-10-07,2006,10,280,12.573092575244855
2006-10-08,2006,10,281,14.334586271590007
2006-10-09,2006,10,282,10.577274834793046
2006-10-10,2006,10,283,10.296494796016631
2006-10-11,2006,10,284,0.0
2006-10-12,2006,10,285,15.306127819120118
2006-10-13,2006,10,286,0.0
2006-10-14,2006,10,287,1.769818554602838
2006-10-15,2006,10,288,11.218558095925468
2006-10-16,2006,10,289,0.0
2006-10-17,2006,10,290,0.0
2006-10-18,2006,10,291,0.0
2006-10-19,2006,10,292,13.440843987281037
2006-10-20,2006,10,293,2.7629270865147
2006-10-21,2006,10,294,23.503530874554684
2006-10-22,2006,10,295,2.20041687997264
2006-10-23,2006,10,296,0.978135451253092
2006-10-24,2006,10,297,0.4071716130443792
2006-10-25,2006,10,298,0.0
2006-10-26,2006,10,299,3.5926799042008324
2006-10-27,2006,10,300,3.696506963495321
2006-10-28,2006,10,301,0.0
2006-10-29,2006,10,302,3.27569929035995
2006-10-30,2006,10,303,1.103352751400906
2006-10-31,2006,10,304,3.5689978622787506
2006-11-01,2006,11,305,0.0
2006-11-02,2006,11,306,0.0
2006-11-03,2006,11,307,0.0
2006-11-04,2006,11,308,15.719035400523012
2006-11-05,2006,11,309,0.0
2006-11-06,2006,11,310,4.395273698990224
2006-11-07,2006,11,311,4.715199048588597
2006-11-08,2006,11,312,0.0
2006-11-09,2006,11,313,4.826647402337196
2006-11-10,2006,11,314,0.0
2006-11-11,2006,11,315,16.037935352162002
2006-11-12,2006,11,316,13.542234224443677
2006-11-13,2006,11,317,0.0
2006-11-14,2006,11,318,0.0
2006-11-15,2006,11,319,0.6054515170560705
2006-11-16,2006,11,320,0.0
2006-11-17,2006,11,321,0.3316091164218736
2006-11-18,2006,11,322,11.505895947531542
2006-11-19,2006,11,323,5.804129327119878
2006-11-20,2006,11,324,9.475804220434938
2006-11-21,2006,11,325,0.1399165422567058
2006-11-22,2006,11,326,0.0
2006-11-23,2006,11,327,0.0
2006-11-24,2006,11,328,0.0
2006-11-25,2006,11,329,0.0
2006-11-26,2006,11,330,0.0
2006-11-27,2006,11,331,0.0
2006-11-28,2006,11,332,0.0
2006-11-29,2006,11,333,0.0
2006-11-30,2006,11,334,0.0047214486809397
2006-12-01,2006,12,335,9.577141349910155
2006-12-02,2006,12,336,0.0169189047792985
2006-12-03,2006,12,337,0.0
2006-12-04,2006,12,338,0.7111022659316468
2006-12-05,2006,12,339,0.0
2006-12-06,2006,12,340,0.0
2006-12-07,2006,12,341,0.0
2006-12-08,2006,12,342,0.0
2006-12-09,2006,12,343,0.0
2006-12-10,2006,12,344,0.0
2006-12-11,2006,12,345,0.0
2006-12-12,2006,12,346,0.0
2006-12-13,2006,12,347,0.0
2006-12-14,2006,12,348,0.0
2006-12-15,2006,12,349,6.95914194909752
2006-12-16,2006,12,350,11.479780233611178
2006-12-17,2006,12,351,0.0
2006-12-18,2006,12,352,0.0
2006-12-19,2006,12,353,0.0
2006-12-20,2006,12,354,0.0
2006-12-21,2006,12,355,0.0026568643231624
2006-12-22,2006,12,356,0.0
2006-12-23,2006,12,357,0.0
2006-12-24,2006,12,358,0.0
2006-12-25,2006,12,359,0.0
2006-12-26,2006,12,360,0.0
2006-12-27,2006,12,361,0.0026369105063653
2006-12-28,2006,12,362,0.0
2006-12-29,2006,12,363,0.0497021928442372
2006-12-30,2006,12,364,0.0
2006-12-31,2006,12,365,0.0
2007-01-01,2007,1,1,0.0
2007-01-02,2007,1,2,0.0
2007-01-03,2007,1,3,0.0
2007-01-04,2007,1,4,0.867500102509774
2007-01-05,2007,1,5,0.2953105535686987
2007-01-06,2007,1,6,0.0
2007-01-07,2007,1,7,0.1847584899307421
2007-01-08,2007,1,8,0.0
2007-01-09,2007,1,9,0.0
2007-01-10,2007,1,10,0.0
2007-01-11,2007,1,11,0.0
2007-01-12,2007,1,12,0.0
2007-01-13,2007,1,13,0.0
2007-01-14,2007,1,14,0.0
2007-01-15,2007,1,15,0.0
2007-01-16,2007,1,16,0.0
2007-01-17,2007,1,17,0.0028230371695864
2007-01-18,2007,1,18,0.0
2007-01-19,2007,1,19,0.0
2007-01-20,2007,1,20,1.2318011170385634
2007-01-21,2007,1,21,0.0
2007-01-22,2007,1,22,0.0
2007-01-23,2007,1,23,0.0
2007-01-24,2007,1,24,0.0
2007-01-25,2007,1,25,0.4987998471468457
2007-01-26,2007,1,26,0.8786859414775655
2007-01-27,2007,1,27,0.0
2007-01-28,2007,1,28,0.0
2007-01-29,2007,1,29,0.0024596316342488
2007-01-30,2007,1,30,0.0
2007-01-31,2007,1,31,0.0
2007-02-01,2007,2,32,0.0
2007-02-02,2007,2,33,0.0
2007-02-03,2007,2,34,0.0
2007-02-04,2007,2,35,0.0
2007-02-05,2007,2,36,0.0
2007-02-06,2007,2,37,0.0
2007-02-07,2007,2,38,0.6207266490277615
2007-02-08,2007,2,39,0.0
2007-02-09,2007,2,40,0.0
2007-02-10,2007,2,41,0.0
2007-02-11,2007,2,42,3.7333899924871545
2007-02-12,2007,2,43,0.0
2007-02-13,2007,2,44,0.0
2007-02-14,2007,2,45,0.0
2007-02-15,2007,2,46,0.0
2007-02-16,2007,2,47,2.6319137924025995
2007-02-17,2007,2,48,0.0
2007-02-18,2007,2,49,0.0
2007-02-19,2007,2,50,0.0
2007-02-20,2007,2,51,0.0862648471768533
2007-02-21,2007,2,52,0.0
2007-02-22,2007,2,53,0.0
2007-02-23,2007,2,54,0.7212784687167269
2007-02-24,2007,2,55,0.0
2007-02-25,2007,2,56,0.0
2007-02-26,2007,2,57,0.0
2007-02-27,2007,2,58,0.0
2007-02-28,2007,2,59,0.0
2007-03-01,2007,3,60,0.0
2007-03-02,2007,3,61,0.0
2007-03-03,2007,3,62,0.0
2007-03-04,2007,3,63,0.0
2007-03-05,2007,3,64,0.026072532781292
2007-03-06,2007,3,65,0.0
2007-03-07,2007,3,66,0.0
2007-03-08,2007,3,67,0.0
2007-03-09,2007,3,68,0.0
2007-03-10,2007,3,69,0.0
2007-03-11,2007,3,70,0.0
2007-03-12,2007,3,71,0.0268001650374673
2007-03-13,2007,3,72,0.0
2007-03-14,2007,3,73,0.0
2007-03-15,2007,3,74,0.0
2007-03-16,2007,3,75,0.0
2007-03-17,2007,3,76,9.451341542456024
2007-03-18,2007,3,77,7.5093625515776
2007-03-19,2007,3,78,0.0067291574388257
2007-03-20,2007,3,79,0.8148285631655421
2007-03-21,2007,3,80,0.0
2007-03-22,2007,3,81,0.0
2007-03-23,2007,3,82,0.0
2007-03-24,2007,3,83,0.0
2007-03-25,2007,3,84,0.0
2007-03-26,2007,3,85,0.0
2007-03-27,2007,3,86,0.0
2007-03-28,2007,3,87,0.0
2007-03-29,2007,3,88,1.890186026449784
2007-03-30,2007,3,89,0.0
2007-03-31,2007,3,90,0.0
2007-04-01,2007,4,91,10.261797075406443
2007-04-02,2007,4,92,0.0
2007-04-03,2007,4,93,0.3299992352136712
2007-04-04,2007,4,94,18.263833841913875
2007-04-05,2007,4,95,11.049739263255882
2007-04-06,2007,4,96,0.0010248660632658
2007-04-07,2007,4,97,1.3925040814237095
2007-04-08,2007,4,98,1.1022090793881747
2007-04-09,2007,4,99,0.1573453282022844
2007-04-10,2007,4,100,0.0201497390010771
2007-04-11,2007,4,101,0.0
2007-04-12,2007,4,102,0.0358090733577782
2007-04-13,2007,4,103,0.2201507028699841
2007-04-14,2007,4,104,0.880991821130219
2007-04-15,2007,4,105,0.0
2007-04-16,2007,4,106,0.0
2007-04-17,2007,4,107,0.0
2007-04-18,2007,4,108,0.0
2007-04-19,2007,4,109,0.0
2007-04-20,2007,4,110,0.0
2007-04-21,2007,4,111,7.496403584571198
2007-04-22,2007,4,112,7.574651884389108
2007-04-23,2007,4,113,0.0175687172725451
2007-04-24,2007,4,114,0.0
2007-04-25,2007,4,115,0.2088786145510996
2007-04-26,2007,4,116,0.0
2007-04-27,2007,4,117,0.0
2007-04-28,2007,4,118,14.554069547645028
2007-04-29,2007,4,119,0.0
2007-04-30,2007,4,120,1.4105251056063144
2007-05-01,2007,5,121,4.052422494411264
2007-05-02,2007,5,122,1.7724568784083683
2007-05-03,2007,5,123,0.2087821636633068
2007-05-04,2007,5,124,5.993394178770094
2007-05-05,2007,5,125,4.100015862767473
2007-05-06,2007,5,126,4.115277077820736
2007-05-07,2007,5,127,9.869893296927392
2007-05-08,2007,5,128,2.914946293003455
2007-05-09,2007,5,129,0.0
2007-05-10,2007,5,130,4.580378406662766
2007-05-11,2007,5,131,0.0032805783583143
2007-05-12,2007,5,132,3.526383058475243
2007-05-13,2007,5,133,2.4653976425822206
2007-05-14,2007,5,134,2.883721466670204
2007-05-15,2007,5,135,3.161051790787812
2007-05-16,2007,5,136,3.789012760255922
2007-05-17,2007,5,137,0.0
2007-05-18,2007,5,138,0.323979134884469
2007-05-19,2007,5,139,10.867463134044034
2007-05-20,2007,5,140,0.0
2007-05-21,2007,5,141,6.425742284957424
2007-05-22,2007,5,142,0.1369663107670977
2007-05-23,2007,5,143,4.556643793290767
2007-05-24,2007,5,144,0.0
2007-05-25,2007,5,145,3.234076398963487
2007-05-26,2007,5,146,16.863850428083563
2007-05-27,2007,5,147,11.951302079737648
2007-05-28,2007,5,148,0.0
2007-05-29,2007,5,149,1.4820024178594018
2007-05-30,2007,5,150,13.428372354413469
2007-05-31,2007,5,151,3.857759518100344
2007-06-01,2007,6,152,0.0
2007-06-02,2007,6,153,16.832391441225898
2007-06-03,2007,6,154,2.9163996990460457
2007-06-04,2007,6,155,0.5792029572023525
2007-06-05,2007,6,156,39.17693996756324
2007-06-06,2007,6,157,14.126716917564242
2007-06-07,2007,6,158,17.73063829829781
2007-06-08,2007,6,159,5.811270283396262
2007-06-09,2007,6,160,0.61380976515135
2007-06-10,2007,6,161,5.750376364208228
2007-06-11,2007,6,162,15.917172318559071
2007-06-12,2007,6,163,0.0
2007-06-13,2007,6,164,0.0
2007-06-14,2007,6,165,7.369799501689559
2007-06-15,2007,6,166,12.913858252094666
2007-06-16,2007,6,167,23.94038721916506
2007-06-17,2007,6,168,11.167040687906717
2007-06-18,2007,6,169,1.3854587756371848
2007-06-19,2007,6,170,0.0
2007-06-20,2007,6,171,0.0
2007-06-21,2007,6,172,0.0
2007-06-22,2007,6,173,1.967002567615689
2007-06-23,2007,6,174,20.987753309341404
2007-06-24,2007,6,175,18.38164105962869
2007-06-25,2007,6,176,7.45711925138034
2007-06-26,2007,6,177,0.0
2007-06-27,2007,6,178,0.0
2007-06-28,2007,6,179,12.146391298593164
2007-06-29,2007,6,180,7.515692633140158
2007-06-30,2007,6,181,4.774335091708558
2007-07-01,2007,7,182,4.260375215645619
2007-07-02,2007,7,183,11.343221283408448
2007-07-03,2007,7,184,4.80946364439545
2007-07-04,2007,7,185,1.789568535875028
2007-07-05,2007,7,186,0.0
2007-07-06,2007,7,187,0.8096625101852336
2007-07-07,2007,7,188,2.4311055881198698
2007-07-08,2007,7,189,3.767413948883639
2007-07-09,2007,7,190,5.964100022293506
2007-07-10,2007,7,191,0.0
2007-07-11,2007,7,192,2.876457755138656
2007-07-12,2007,7,193,6.489333868231034
2007-07-13,2007,7,194,0.3161098536202922
2007-07-14,2007,7,195,1.9796709697677624
2007-07-15,2007,7,196,10.644441312566824
2007-07-16,2007,7,197,5.847924791346684
2007-07-17,2007,7,198,5.005976967456101
2007-07-18,2007,7,199,17.408988871223006
2007-07-19,2007,7,200,0.6513347792237256
2007-07-20,2007,7,201,0.762810155072576
2007-07-21,2007,7,202,7.174251095750135
2007-07-22,2007,7,203,7.910614926690412
2007-07-23,2007,7,204,9.150802415716615
2007-07-24,2007,7,205,7.825792505481659
2007-07-25,2007,7,206,2.180130655630695
2007-07-26,2007,7,207,12.024708396875669
2007-07-27,2007,7,208,3.310041278064405
2007-07-28,2007,7,209,1.1066923714542145
2007-07-29,2007,7,210,11.918596279958216
2007-07-30,2007,7,211,5.953927353394778
2007-07-31,2007,7,212,0.53870287274538
2007-08-01,2007,8,213,4.149806646526423
2007-08-02,2007,8,214,0.4739227365916267
2007-08-03,2007,8,215,5.930528118350922
2007-08-04,2007,8,216,0.0
2007-08-05,2007,8,217,6.986074179487547
2007-08-06,2007,8,218,7.3257190554491345
2007-08-07,2007,8,219,4.889634686294741
2007-08-08,2007,8,220,8.485729025997662
2007-08-09,2007,8,221,12.349875648509975
2007-08-10,2007,8,222,0.8417895322389447
2007-08-11,2007,8,223,21.439790941244944
2007-08-12,2007,8,224,1.7966259045792938
2007-08-13,2007,8,225,16.57513143041753
2007-08-14,2007,8,226,7.25783799321813
2007-08-15,2007,8,227,3.269422898255768
2007-08-16,2007,8,228,9.788064253565176
2007-08-17,2007,8,229,12.31370130520962
2007-08-18,2007,8,230,3.23554248332773
2007-08-19,2007,8,231,0.0
2007-08-20,2007,8,232,0.0
2007-08-21,2007,8,233,12.796973225185784
2007-08-22,2007,8,234,10.483917705504016
2007-08-23,2007,8,235,14.1846186828695
2007-08-24,2007,8,236,0.0060269285085983
2007-08-25,2007,8,237,6.867159852076517
2007-08-26,2007,8,238,6.700628568703228
2007-08-27,2007,8,239,2.993275272866652
2007-08-28,2007,8,240,9.876863401877952
2007-08-29,2007,8,241,11.77096104228609
2007-08-30,2007,8,242,12.63277936553792
2007-08-31,2007,8,243,5.933804379637261
2007-09-01,2007,9,244,0.958614677012018
2007-09-02,2007,9,245,0.4013903930642815
2007-09-03,2007,9,246,0.0
2007-09-04,2007,9,247,17.86450063436585
2007-09-05,2007,9,248,11.728294292166382
2007-09-06,2007,9,249,0.0928050512519777
2007-09-07,2007,9,250,8.048503673475015
2007-09-08,2007,9,251,22.49276382594202
2007-09-09,2007,9,252,15.630053979265655
2007-09-10,2007,9,253,8.088230175346824
2007-09-11,2007,9,254,0.0
2007-09-12,2007,9,255,2.7043017335906434
2007-09-13,2007,9,256,0.1805821788954551
2007-09-14,2007,9,257,14.69660758257117
2007-09-15,2007,9,258,14.77574002895993
2007-09-16,2007,9,259,0.0
2007-09-17,2007,9,260,5.157575773855715
2007-09-18,2007,9,261,7.648655032386305
2007-09-19,2007,9,262,14.517721276458955
2007-09-20,2007,9,263,9.883406047445131
2007-09-21,2007,9,264,17.17962075740533
2007-09-22,2007,9,265,17.990180693841328
2007-09-23,2007,9,266,19.626333884530943
2007-09-24,2007,9,267,0.0
2007-09-25,2007,9,268,15.67879445101322
2007-09-26,2007,9,269,3.846839913672224
2007-09-27,2007,9,270,0.0253658535752218
2007-09-28,2007,9,271,8.739248969765331
2007-09-29,2007,9,272,9.107949506858525
2007-09-30,2007,9,273,2.790996967265007
2007-10-01,2007,10,274,6.803366245933345
2007-10-02,2007,10,275,2.3059052050164754
2007-10-03,2007,10,276,7.926478608204143
2007-10-04,2007,10,277,0.0
2007-10-05,2007,10,278,11.906169373762337
2007-10-06,2007,10,279,5.691645679661833
2007-10-07,2007,10,280,0.0
2007-10-08,2007,10,281,0.0
2007-10-09,2007,10,282,0.0
2007-10-10,2007,10,283,0.4627254351450014
2007-10-11,2007,10,284,50.75391331103079
2007-10-12,2007,10,285,1.298452085374049
2007-10-13,2007,10,286,0.9570027042272874
2007-10-14,2007,10,287,1.1797337021292431
2007-10-15,2007,10,288,0.0
2007-10-16,2007,10,289,6.050810776465759
2007-10-17,2007,10,290,0.0
2007-10-18,2007,10,291,20.925192636409783
2007-10-19,2007,10,292,19.96268335855609
2007-10-20,2007,10,293,0.0
2007-10-21,2007,10,294,12.496695906766584
2007-10-22,2007,10,295,0.0
2007-10-23,2007,10,296,9.017714390513625
2007-10-24,2007,10,297,12.3975010964231
2007-10-25,2007,10,298,0.0
2007-10-26,2007,10,299,0.0
2007-10-27,2007,10,300,0.0
2007-10-28,2007,10,301,0.0
2007-10-29,2007,10,302,0.0
2007-10-30,2007,10,303,0.0
2007-10-31,2007,10,304,0.0
2007-11-01,2007,11,305,0.0
2007-11-02,2007,11,306,0.0
2007-11-03,2007,11,307,0.0
2007-11-04,2007,11,308,0.0
2007-11-05,2007,11,309,0.0
2007-11-06,2007,11,310,0.0
2007-11-07,2007,11,311,2.99360288905607
2007-11-08,2007,11,312,0.0
2007-11-09,2007,11,313,0.0
2007-11-10,2007,11,314,8.20863788507898
2007-11-11,2007,11,315,0.0
2007-11-12,2007,11,316,0.0
2007-11-13,2007,11,317,0.0
2007-11-14,2007,11,318,0.0
2007-11-15,2007,11,319,0.0
2007-11-16,2007,11,320,0.0
2007-11-17,2007,11,321,0.0
2007-11-18,2007,11,322,0.0
2007-11-19,2007,11,323,0.0
2007-11-20,2007,11,324,0.0
2007-11-21,2007,11,325,0.0
2007-11-22,2007,11,326,0.0
2007-11-23,2007,11,327,0.0
2007-11-24,2007,11,328,0.0
2007-11-25,2007,11,329,3.973840099578244
2007-11-26,2007,11,330,0.5589029370155105
2007-11-27,2007,11,331,6.7556683322560005
2007-11-28,2007,11,332,6.558192883686011
2007-11-29,2007,11,333,0.0
2007-11-30,2007,11,334,0.0
2007-12-01,2007,12,335,0.0
2007-12-02,2007,12,336,0.0
2007-12-03,2007,12,337,0.0
2007-12-04,2007,12,338,7.1924642092055935
2007-12-05,2007,12,339,0.5761190484299452
2007-12-06,2007,12,340,0.0
2007-12-07,2007,12,341,3.024856090111516
2007-12-08,2007,12,342,0.0
2007-12-09,2007,12,343,0.1154852593006389
2007-12-10,2007,12,344,0.1613630616419726
2007-12-11,2007,12,345,0.0
2007-12-12,2007,12,346,0.0
2007-12-13,2007,12,347,0.0
2007-12-14,2007,12,348,0.0
2007-12-15,2007,12,349,0.0
2007-12-16,2007,12,350,0.0
2007-12-17,2007,12,351,0.0
2007-12-18,2007,12,352,0.003914662069404
2007-12-19,2007,12,353,0.0
2007-12-20,2007,12,354,0.0
2007-12-21,2007,12,355,0.0
2007-12-22,2007,12,356,0.0
2007-12-23,2007,12,357,0.0
2007-12-24,2007,12,358,0.0
2007-12-25,2007,12,359,1.1112545545323853
2007-12-26,2007,12,360,0.0
2007-12-27,2007,12,361,0.0
2007-12-28,2007,12,362,0.0
2007-12-29,2007,12,363,0.0
2007-12-30,2007,12,364,0.0
2007-12-31,2007,12,365,0.0
2008-01-01,2008,1,1,0.0
2008-01-02,2008,1,2,0.0026590051871645
2008-01-03,2008,1,3,0.0026858637449367
2008-01-04,2008,1,4,0.0
2008-01-05,2008,1,5,1.738547716063113
2008-01-06,2008,1,6,0.3772570418821203
2008-01-07,2008,1,7,0.0
2008-01-08,2008,1,8,0.0
2008-01-09,2008,1,9,0.4704653584967339
2008-01-10,2008,1,10,0.0
2008-01-11,2008,1,11,0.0
2008-01-12,2008,1,12,0.0
2008-01-13,2008,1,13,0.5303073062177591
2008-01-14,2008,1,14,0.0
2008-01-15,2008,1,15,0.0
2008-01-16,2008,1,16,0.0
2008-01-17,2008,1,17,0.0
2008-01-18,2008,1,18,0.0
2008-01-19,2008,1,19,0.0461398609295398
2008-01-20,2008,1,20,0.0
2008-01-21,2008,1,21,0.0
2008-01-22,2008,1,22,0.0
2008-01-23,2008,1,23,0.0
2008-01-24,2008,1,24,0.0
2008-01-25,2008,1,25,0.0
2008-01-26,2008,1,26,0.0
2008-01-27,2008,1,27,0.0
2008-01-28,2008,1,28,0.0
2008-01-29,2008,1,29,0.9863020148201692
2008-01-30,2008,1,30,0.0
2008-01-31,2008,1,31,0.0
2008-02-01,2008,2,32,0.0
2008-02-02,2008,2,33,0.0
2008-02-03,2008,2,34,0.0
2008-02-04,2008,2,35,0.0
2008-02-05,2008,2,36,0.0
2008-02-06,2008,2,37,0.0
2008-02-07,2008,2,38,0.0
2008-02-08,2008,2,39,0.0
2008-02-09,2008,2,40,0.0
2008-02-10,2008,2,41,3.860884243183496
2008-02-11,2008,2,42,2.400047300432929
2008-02-12,2008,2,43,3.7308773425213793
2008-02-13,2008,2,44,0.0
2008-02-14,2008,2,45,0.0
2008-02-15,2008,2,46,0.0
2008-02-16,2008,2,47,0.0
2008-02-17,2008,2,48,0.0
2008-02-18,2008,2,49,1.9199997535759092
2008-02-19,2008,2,50,0.0
2008-02-20,2008,2,51,0.0
2008-02-21,2008,2,52,5.481376102058522
2008-02-22,2008,2,53,0.0214184012899259
2008-02-23,2008,2,54,0.0
2008-02-24,2008,2,55,0.0
2008-02-25,2008,2,56,0.0
2008-02-26,2008,2,57,0.0
2008-02-27,2008,2,58,0.0
2008-02-28,2008,2,59,0.0
2008-02-29,2008,2,60,0.0
2008-03-01,2008,3,61,0.0
2008-03-02,2008,3,62,0.0
2008-03-03,2008,3,63,0.0
2008-03-04,2008,3,64,0.0
2008-03-05,2008,3,65,0.0
2008-03-06,2008,3,66,0.0
2008-03-07,2008,3,67,0.0
2008-03-08,2008,3,68,0.0
2008-03-09,2008,3,69,0.7513243967177221
2008-03-10,2008,3,70,0.0
2008-03-11,2008,3,71,0.0
2008-03-12,2008,3,72,0.0
2008-03-13,2008,3,73,0.254141859142006
2008-03-14,2008,3,74,3.0444012815970694
2008-03-15,2008,3,75,0.0
2008-03-16,2008,3,76,0.0
2008-03-17,2008,3,77,3.588546755483443
2008-03-18,2008,3,78,0.0
2008-03-19,2008,3,79,0.0
2008-03-20,2008,3,80,0.0
2008-03-21,2008,3,81,0.0
2008-03-22,2008,3,82,8.94086179165321
2008-03-23,2008,3,83,0.0
2008-03-24,2008,3,84,0.0
2008-03-25,2008,3,85,0.0
2008-03-26,2008,3,86,8.794774493092438
2008-03-27,2008,3,87,0.0
2008-03-28,2008,3,88,0.0
2008-03-29,2008,3,89,0.0
2008-03-30,2008,3,90,0.0
2008-03-31,2008,3,91,0.0
2008-04-01,2008,4,92,0.0
2008-04-02,2008,4,93,0.0
2008-04-03,2008,4,94,0.0
2008-04-04,2008,4,95,0.0
2008-04-05,2008,4,96,0.0
2008-04-06,2008,4,97,9.96232776122923
2008-04-07,2008,4,98,2.8668646188556592
2008-04-08,2008,4,99,5.357117632463027
2008-04-09,2008,4,100,1.5668576034400437
2008-04-10,2008,4,101,2.718942330526101
2008-04-11,2008,4,102,5.814385474085706
2008-04-12,2008,4,103,8.353969628114221
2008-04-13,2008,4,104,5.893925104880803
2008-04-14,2008,4,105,0.0
2008-04-15,2008,4,106,5.832223291415482
2008-04-16,2008,4,107,2.527086110353062
2008-04-17,2008,4,108,1.0675707140485753
2008-04-18,2008,4,109,0.0
2008-04-19,2008,4,110,0.0
2008-04-20,2008,4,111,0.0
2008-04-21,2008,4,112,0.0375860521909816
2008-04-22,2008,4,113,2.434133625799199
2008-04-23,2008,4,114,0.0412148889585142
2008-04-24,2008,4,115,2.434133625799199
2008-04-25,2008,4,116,0.0105959069759496
2008-04-26,2008,4,117,0.0
2008-04-27,2008,4,118,0.0376964027848934
2008-04-28,2008,4,119,0.0
2008-04-29,2008,4,120,3.538399560464787
2008-04-30,2008,4,121,0.8918850227564752
2008-05-01,2008,5,122,3.721677430133689
2008-05-02,2008,5,123,10.521434140797854
2008-05-03,2008,5,124,5.2422298870233766
2008-05-04,2008,5,125,5.910382183883164
2008-05-05,2008,5,126,0.0
2008-05-06,2008,5,127,0.442266233118559
2008-05-07,2008,5,128,0.0
2008-05-08,2008,5,129,0.0
2008-05-09,2008,5,130,0.0
2008-05-10,2008,5,131,4.852309789122326
2008-05-11,2008,5,132,0.0
2008-05-12,2008,5,133,2.3026081715114324
2008-05-13,2008,5,134,2.707284221816697
2008-05-14,2008,5,135,2.0819761373594265
2008-05-15,2008,5,136,4.2937651439518
2008-05-16,2008,5,137,4.264523692077925
2008-05-17,2008,5,138,2.27365684294762
2008-05-18,2008,5,139,8.662583133453166
2008-05-19,2008,5,140,0.0
2008-05-20,2008,5,141,4.449120844748661
2008-05-21,2008,5,142,11.758273562919207
2008-05-22,2008,5,143,12.566929048008662
2008-05-23,2008,5,144,6.694901538998425
2008-05-24,2008,5,145,0.3199664221529074
2008-05-25,2008,5,146,10.989822037626558
2008-05-26,2008,5,147,14.982571660604044
2008-05-27,2008,5,148,0.0
2008-05-28,2008,5,149,0.0
2008-05-29,2008,5,150,10.062757723844246
2008-05-30,2008,5,151,0.1567177630533187
2008-05-31,2008,5,152,7.018111589328795
2008-06-01,2008,6,153,15.586335878854344
2008-06-02,2008,6,154,40.56432998742216
2008-06-03,2008,6,155,37.23488349963584
2008-06-04,2008,6,156,24.599806598240026
2008-06-05,2008,6,157,12.2414313392345
2008-06-06,2008,6,158,12.568521094608226
2008-06-07,2008,6,159,20.31774732202368
2008-06-08,2008,6,160,28.72696609750404
2008-06-09,2008,6,161,3.423248602369451
2008-06-10,2008,6,162,1.3293920635870615
2008-06-11,2008,6,163,0.0
2008-06-12,2008,6,164,6.468953202295834
2008-06-13,2008,6,165,16.449543853243295
2008-06-14,2008,6,166,5.946877498655312
2008-06-15,2008,6,167,5.763859016219061
2008-06-16,2008,6,168,0.0
2008-06-17,2008,6,169,11.92572570010547
2008-06-18,2008,6,170,11.841225696611115
2008-06-19,2008,6,171,12.701536735103184
2008-06-20,2008,6,172,15.66868501130393
2008-06-21,2008,6,173,8.29323247491343
2008-06-22,2008,6,174,0.0
2008-06-23,2008,6,175,0.0
2008-06-24,2008,6,176,7.485407117502036
2008-06-25,2008,6,177,13.140195045751083
2008-06-26,2008,6,178,3.858233157650671
2008-06-27,2008,6,179,9.321235416889598
2008-06-28,2008,6,180,20.772847146587488
2008-06-29,2008,6,181,7.014913401546495
2008-06-30,2008,6,182,6.9267948955782686
2008-07-01,2008,7,183,7.615709129519819
2008-07-02,2008,7,184,0.9095046624426364
2008-07-03,2008,7,185,24.14646211892188
2008-07-04,2008,7,186,31.302095703314595
2008-07-05,2008,7,187,10.734108478673626
2008-07-06,2008,7,188,13.897815292476077
2008-07-07,2008,7,189,5.708271204403761
2008-07-08,2008,7,190,7.619154209751498
2008-07-09,2008,7,191,5.246531393452394
2008-07-10,2008,7,192,3.1140465787464264
2008-07-11,2008,7,193,27.98311652091189
2008-07-12,2008,7,194,4.555089563105796
2008-07-13,2008,7,195,4.396883931135457
2008-07-14,2008,7,196,4.834701036119831
2008-07-15,2008,7,197,0.0212366522737517
2008-07-16,2008,7,198,0.0
2008-07-17,2008,7,199,0.0
2008-07-18,2008,7,200,0.0
2008-07-19,2008,7,201,10.962127456321817
2008-07-20,2008,7,202,1.0017418036015502
2008-07-21,2008,7,203,7.5822171912605985
2008-07-22,2008,7,204,18.69199315277858
2008-07-23,2008,7,205,13.671877500126271
2008-07-24,2008,7,206,8.176487603040465
2008-07-25,2008,7,207,8.814767442611721
2008-07-26,2008,7,208,0.0
2008-07-27,2008,7,209,1.644277479164398
2008-07-28,2008,7,210,0.0
2008-07-29,2008,7,211,0.6049490008685153
2008-07-30,2008,7,212,6.160855899433245
2008-07-31,2008,7,213,14.56547205634064
2008-08-01,2008,8,214,26.518284122455604
2008-08-02,2008,8,215,0.0
2008-08-03,2008,8,216,0.0
2008-08-04,2008,8,217,8.62450362140538
2008-08-05,2008,8,218,0.0
2008-08-06,2008,8,219,0.1563852100977044
2008-08-07,2008,8,220,0.0
2008-08-08,2008,8,221,1.2633427764578775
2008-08-09,2008,8,222,26.262950218122228
2008-08-10,2008,8,223,7.577174949972877
2008-08-11,2008,8,224,0.0
2008-08-12,2008,8,225,18.257092333493727
2008-08-13,2008,8,226,12.17023305864342
2008-08-14,2008,8,227,22.967114478170924
2008-08-15,2008,8,228,16.2089094807168
2008-08-16,2008,8,229,1.3563858807955225
2008-08-17,2008,8,230,3.532232851479538
2008-08-18,2008,8,231,1.1259589546648172
2008-08-19,2008,8,232,6.387993156961019
2008-08-20,2008,8,233,17.381146596043973
2008-08-21,2008,8,234,0.504826724784642
2008-08-22,2008,8,235,0.0
2008-08-23,2008,8,236,0.9093632680693547
2008-08-24,2008,8,237,0.0
2008-08-25,2008,8,238,1.718201950562746
2008-08-26,2008,8,239,5.4335287333352
2008-08-27,2008,8,240,26.0229962940592
2008-08-28,2008,8,241,10.165094680120111
2008-08-29,2008,8,242,14.024271219330355
2008-08-30,2008,8,243,0.9816742954646408
2008-08-31,2008,8,244,8.719102723330847
2008-09-01,2008,9,245,5.2024260315511
2008-09-02,2008,9,246,6.1904223634324325
2008-09-03,2008,9,247,15.073192143501538
2008-09-04,2008,9,248,11.349292309343456
2008-09-05,2008,9,249,9.053748156642342
2008-09-06,2008,9,250,13.134710140175152
2008-09-07,2008,9,251,0.0
2008-09-08,2008,9,252,22.317488921638628
2008-09-09,2008,9,253,12.49625362467337
2008-09-10,2008,9,254,13.696279897277131
2008-09-11,2008,9,255,0.0
2008-09-12,2008,9,256,1.5661867864129886
2008-09-13,2008,9,257,5.388082288735528
2008-09-14,2008,9,258,8.129902247904505
2008-09-15,2008,9,259,9.864972178304718
2008-09-16,2008,9,260,3.065831725578995
2008-09-17,2008,9,261,0.0
2008-09-18,2008,9,262,6.480391268660702
2008-09-19,2008,9,263,22.588572609802547
2008-09-20,2008,9,264,10.40305045913608
2008-09-21,2008,9,265,10.631864386332166
2008-09-22,2008,9,266,13.52978595720976
2008-09-23,2008,9,267,9.814217954797428
2008-09-24,2008,9,268,7.6925828325104915
2008-09-25,2008,9,269,1.545447192339174
2008-09-26,2008,9,270,27.748862372368137
2008-09-27,2008,9,271,18.92085495624363
2008-09-28,2008,9,272,17.366219860933327
2008-09-29,2008,9,273,3.1372858657730687
2008-09-30,2008,9,274,3.0826193928820715
2008-10-01,2008,10,275,0.0
2008-10-02,2008,10,276,10.207686160605691
2008-10-03,2008,10,277,13.865313994240942
2008-10-04,2008,10,278,26.55974402096707
2008-10-05,2008,10,279,7.083890604993271
2008-10-06,2008,10,280,3.835891740794048
2008-10-07,2008,10,281,0.0852220040054125
2008-10-08,2008,10,282,0.0
2008-10-09,2008,10,283,0.0
2008-10-10,2008,10,284,5.49095379356247
2008-10-11,2008,10,285,14.50969574159297
2008-10-12,2008,10,286,2.159224936516753
2008-10-13,2008,10,287,0.5982973230324347
2008-10-14,2008,10,288,4.445210584229451
2008-10-15,2008,10,289,8.462511599523552
2008-10-16,2008,10,290,9.168662940321976
2008-10-17,2008,10,291,0.0
2008-10-18,2008,10,292,0.0
2008-10-19,2008,10,293,0.0
2008-10-20,2008,10,294,3.702277765380284
2008-10-21,2008,10,295,8.574193677538569
2008-10-22,2008,10,296,10.47806864318014
2008-10-23,2008,10,297,8.387334937199428
2008-10-24,2008,10,298,9.90195148034084
2008-10-25,2008,10,299,14.862819240761292
2008-10-26,2008,10,300,0.0
2008-10-27,2008,10,301,0.0
2008-10-28,2008,10,302,0.0
2008-10-29,2008,10,303,0.0
2008-10-30,2008,10,304,0.0
2008-10-31,2008,10,305,0.0
2008-11-01,2008,11,306,2.9765852335281835
2008-11-02,2008,11,307,0.5387754815198871
2008-11-03,2008,11,308,0.0
2008-11-04,2008,11,309,2.2135313966382544
2008-11-05,2008,11,310,0.063180761247388
2008-11-06,2008,11,311,0.0
2008-11-07,2008,11,312,0.0
2008-11-08,2008,11,313,4.566705390644973
2008-11-09,2008,11,314,0.0
2008-11-10,2008,11,315,1.6843094400799776
2008-11-11,2008,11,316,3.847489112447038
2008-11-12,2008,11,317,0.2795128605768225
2008-11-13,2008,11,318,0.0
2008-11-14,2008,11,319,0.2844914832274527
2008-11-15,2008,11,320,0.0
2008-11-16,2008,11,321,0.0
2008-11-17,2008,11,322,1.255669803218956
2008-11-18,2008,11,323,0.0
2008-11-19,2008,11,324,0.0
2008-11-20,2008,11,325,4.492884625710274
2008-11-21,2008,11,326,0.0
2008-11-22,2008,11,327,0.0
2008-11-23,2008,11,328,0.0037117065684654
2008-11-24,2008,11,329,1.3056484148251062
2008-11-25,2008,11,330,0.0
2008-11-26,2008,11,331,0.0
2008-11-27,2008,11,332,0.0
2008-11-28,2008,11,333,0.0
2008-11-29,2008,11,334,0.8796590873085749
2008-11-30,2008,11,335,0.0
2008-12-01,2008,12,336,3.9001957356878703
2008-12-02,2008,12,337,0.0
2008-12-03,2008,12,338,0.0
2008-12-04,2008,12,339,0.5451338934714506
2008-12-05,2008,12,340,1.941256639941084
2008-12-06,2008,12,341,0.0
2008-12-07,2008,12,342,1.5091252024600723
2008-12-08,2008,12,343,0.0
2008-12-09,2008,12,344,0.0
2008-12-10,2008,12,345,0.0130069016286626
2008-12-11,2008,12,346,2.9376681859715945
2008-12-12,2008,12,347,0.0
2008-12-13,2008,12,348,0.0
2008-12-14,2008,12,349,0.0
2008-12-15,2008,12,350,0.0
2008-12-16,2008,12,351,0.0
2008-12-17,2008,12,352,0.0
2008-12-18,2008,12,353,0.0
2008-12-19,2008,12,354,0.0
2008-12-20,2008,12,355,0.0
2008-12-21,2008,12,356,0.0
2008-12-22,2008,12,357,0.0
2008-12-23,2008,12,358,0.0
2008-12-24,2008,12,359,0.0
2008-12-25,2008,12,360,0.0
2008-12-26,2008,12,361,0.0
2008-12-27,2008,12,362,0.0
2008-12-28,2008,12,363,0.0
2008-12-29,2008,12,364,0.0
2008-12-30,2008,12,365,0.0
2008-12-31,2008,12,366,0.5829542164835241
2009-01-01,2009,1,1,0.0
2009-01-02,2009,1,2,0.0
2009-01-03,2009,1,3,0.0
2009-01-04,2009,1,4,0.0
2009-01-05,2009,1,5,0.0
2009-01-06,2009,1,6,0.0
2009-01-07,2009,1,7,0.0
2009-01-08,2009,1,8,0.0
2009-01-09,2009,1,9,0.0
2009-01-10,2009,1,10,0.0
2009-01-11,2009,1,11,5.61160977847472
2009-01-12,2009,1,12,0.0
2009-01-13,2009,1,13,0.2408707356391652
2009-01-14,2009,1,14,0.0029988541381933
2009-01-15,2009,1,15,0.0
2009-01-16,2009,1,16,0.0
2009-01-17,2009,1,17,0.0
2009-01-18,2009,1,18,0.0
2009-01-19,2009,1,19,0.1563502304453878
2009-01-20,2009,1,20,0.0
2009-01-21,2009,1,21,0.0
2009-01-22,2009,1,22,0.0
2009-01-23,2009,1,23,0.0
2009-01-24,2009,1,24,0.0
2009-01-25,2009,1,25,0.0
2009-01-26,2009,1,26,0.0
2009-01-27,2009,1,27,0.0
2009-01-28,2009,1,28,0.3062399402069249
2009-01-29,2009,1,29,0.0
2009-01-30,2009,1,30,0.0
2009-01-31,2009,1,31,0.0
2009-02-01,2009,2,32,0.8087144795910559
2009-02-02,2009,2,33,0.0
2009-02-03,2009,2,34,0.0
2009-02-04,2009,2,35,0.0
2009-02-05,2009,2,36,0.0033653619050366
2009-02-06,2009,2,37,0.0
2009-02-07,2009,2,38,0.0
2009-02-08,2009,2,39,0.3345913032026708
2009-02-09,2009,2,40,0.0
2009-02-10,2009,2,41,0.0
2009-02-11,2009,2,42,0.0
2009-02-12,2009,2,43,0.0
2009-02-13,2009,2,44,0.0
2009-02-14,2009,2,45,0.0
2009-02-15,2009,2,46,0.0
2009-02-16,2009,2,47,2.751553775361183
2009-02-17,2009,2,48,0.0
2009-02-18,2009,2,49,0.0
2009-02-19,2009,2,50,0.0
2009-02-20,2009,2,51,0.0
2009-02-21,2009,2,52,0.0
2009-02-22,2009,2,53,0.0
2009-02-23,2009,2,54,0.3353016789182191
2009-02-24,2009,2,55,3.142818790372867
2009-02-25,2009,2,56,0.717794755226338
2009-02-26,2009,2,57,0.0
2009-02-27,2009,2,58,0.0
2009-02-28,2009,2,59,0.0
2009-03-01,2009,3,60,0.0
2009-03-02,2009,3,61,4.869583737114708
2009-03-03,2009,3,62,0.0
2009-03-04,2009,3,63,0.0
2009-03-05,2009,3,64,0.0
2009-03-06,2009,3,65,0.0
2009-03-07,2009,3,66,0.0
2009-03-08,2009,3,67,0.0
2009-03-09,2009,3,68,0.0
2009-03-10,2009,3,69,4.136455024218294
2009-03-11,2009,3,70,0.0
2009-03-12,2009,3,71,0.0
2009-03-13,2009,3,72,0.0
2009-03-14,2009,3,73,2.6386738047195277
2009-03-15,2009,3,74,0.0
2009-03-16,2009,3,75,0.0
2009-03-17,2009,3,76,0.0
2009-03-18,2009,3,77,0.0
2009-03-19,2009,3,78,0.0
2009-03-20,2009,3,79,1.1688596450986266
2009-03-21,2009,3,80,0.0
2009-03-22,2009,3,81,0.0276389395771827
2009-03-23,2009,3,82,0.0
2009-03-24,2009,3,83,0.0
2009-03-25,2009,3,84,0.0
2009-03-26,2009,3,85,0.0
2009-03-27,2009,3,86,0.0
2009-03-28,2009,3,87,0.0
2009-03-29,2009,3,88,0.0
2009-03-30,2009,3,89,0.0
2009-03-31,2009,3,90,1.0782047774716126
2009-04-01,2009,4,91,0.3194324488607143
2009-04-02,2009,4,92,0.0
2009-04-03,2009,4,93,0.0
2009-04-04,2009,4,94,0.0
2009-04-05,2009,4,95,0.0
2009-04-06,2009,4,96,0.0
2009-04-07,2009,4,97,0.0
2009-04-08,2009,4,98,0.0
2009-04-09,2009,4,99,0.0
2009-04-10,2009,4,100,0.0
2009-04-11,2009,4,101,0.0
2009-04-12,2009,4,102,0.0
2009-04-13,2009,4,103,0.0
2009-04-14,2009,4,104,0.0
2009-04-15,2009,4,105,0.0
2009-04-16,2009,4,106,0.0
2009-04-17,2009,4,107,0.0
2009-04-18,2009,4,108,0.0
2009-04-19,2009,4,109,0.0
2009-04-20,2009,4,110,0.0
2009-04-21,2009,4,111,0.0
2009-04-22,2009,4,112,0.0
2009-04-23,2009,4,113,0.0
2009-04-24,2009,4,114,7.990259685624637
2009-04-25,2009,4,115,9.241834771153044
2009-04-26,2009,4,116,3.5564694999116244
2009-04-27,2009,4,117,0.0
2009-04-28,2009,4,118,7.528397542243343
2009-04-29,2009,4,119,0.0
2009-04-30,2009,4,120,17.548885550372294
2009-05-01,2009,5,121,4.588105652510048
2009-05-02,2009,5,122,1.6345345401416609
2009-05-03,2009,5,123,2.0285553589476
2009-05-04,2009,5,124,0.8184024864726326
2009-05-05,2009,5,125,23.600090327585672
2009-05-06,2009,5,126,12.173729109580227
2009-05-07,2009,5,127,8.072347003880381
2009-05-08,2009,5,128,13.88610242224189
2009-05-09,2009,5,129,6.088264687406578
2009-05-10,2009,5,130,13.407727584332202
2009-05-11,2009,5,131,0.0
2009-05-12,2009,5,132,7.973783543504195
2009-05-13,2009,5,133,14.192273831408356
2009-05-14,2009,5,134,27.812930516534728
2009-05-15,2009,5,135,24.090695580561757
2009-05-16,2009,5,136,6.657925898945016
2009-05-17,2009,5,137,2.7453458041540046
2009-05-18,2009,5,138,6.747537575936666
2009-05-19,2009,5,139,12.872531454074863
2009-05-20,2009,5,140,9.906603258597922
2009-05-21,2009,5,141,6.296361809115995
2009-05-22,2009,5,142,4.522021396709694
2009-05-23,2009,5,143,11.454581892786624
2009-05-24,2009,5,144,8.542089308135616
2009-05-25,2009,5,145,11.293310010647714
2009-05-26,2009,5,146,3.4298942112319986
2009-05-27,2009,5,147,4.520108794645048
2009-05-28,2009,5,148,6.2776092104454175
2009-05-29,2009,5,149,4.520108794645048
2009-05-30,2009,5,150,2.315640477308781
2009-05-31,2009,5,151,2.260054397322524
2009-06-01,2009,6,152,13.63514307286868
2009-06-02,2009,6,153,18.558923580754797
2009-06-03,2009,6,154,9.760217742217128
2009-06-04,2009,6,155,15.780779012269004
2009-06-05,2009,6,156,1.2901719018957407
2009-06-06,2009,6,157,7.623550658463002
2009-06-07,2009,6,158,0.0
2009-06-08,2009,6,159,16.997009403703554
2009-06-09,2009,6,160,1.2867957185044083
2009-06-10,2009,6,161,0.0
2009-06-11,2009,6,162,0.0076924579819758
2009-06-12,2009,6,163,0.0
2009-06-13,2009,6,164,0.0
2009-06-14,2009,6,165,0.397399576382445
2009-06-15,2009,6,166,14.416544088463349
2009-06-16,2009,6,167,18.778113169453544
2009-06-17,2009,6,168,11.655551544191908
2009-06-18,2009,6,169,13.10003001790018
2009-06-19,2009,6,170,0.4862177288215591
2009-06-20,2009,6,171,19.206119325698285
2009-06-21,2009,6,172,18.33217357894551
2009-06-22,2009,6,173,15.795641569878777
2009-06-23,2009,6,174,13.954421136148383
2009-06-24,2009,6,175,8.761985704034645
2009-06-25,2009,6,176,6.812478622005042
2009-06-26,2009,6,177,4.411008511022716
2009-06-27,2009,6,178,10.266635702630856
2009-06-28,2009,6,179,8.546851001239373
2009-06-29,2009,6,180,19.315601137630328
2009-06-30,2009,6,181,9.601755914978217
2009-07-01,2009,7,182,29.864057368259708
2009-07-02,2009,7,183,8.9301289791926
2009-07-03,2009,7,184,8.980498071297074
2009-07-04,2009,7,185,0.0
2009-07-05,2009,7,186,0.0
2009-07-06,2009,7,187,2.81159735905787
2009-07-07,2009,7,188,4.604039664797631
2009-07-08,2009,7,189,14.130106940469688
2009-07-09,2009,7,190,4.9132921332054496
2009-07-10,2009,7,191,0.0
2009-07-11,2009,7,192,0.0
2009-07-12,2009,7,193,9.848959116876484
2009-07-13,2009,7,194,11.751082433424347
2009-07-14,2009,7,195,0.0
2009-07-15,2009,7,196,0.0
2009-07-16,2009,7,197,0.0
2009-07-17,2009,7,198,0.0
2009-07-18,2009,7,199,0.0
2009-07-19,2009,7,200,0.0
2009-07-20,2009,7,201,2.418626561569371
2009-07-21,2009,7,202,3.864397846232548
2009-07-22,2009,7,203,5.279961012425133
2009-07-23,2009,7,204,0.3206469419172102
2009-07-24,2009,7,205,0.2352359104891975
2009-07-25,2009,7,206,5.011737483121845
2009-07-26,2009,7,207,11.610237224651588
2009-07-27,2009,7,208,1.7066714236035545
2009-07-28,2009,7,209,0.0
2009-07-29,2009,7,210,1.5079572638999528
2009-07-30,2009,7,211,11.331507460112844
2009-07-31,2009,7,212,1.8354384355700308
2009-08-01,2009,8,213,6.287372742081263
2009-08-02,2009,8,214,11.42118884828628
2009-08-03,2009,8,215,0.0
2009-08-04,2009,8,216,0.0
2009-08-05,2009,8,217,1.0548439283808175
2009-08-06,2009,8,218,1.2686165582449291
2009-08-07,2009,8,219,12.238310538711154
2009-08-08,2009,8,220,0.0216152170527767
2009-08-09,2009,8,221,3.481195349466525
2009-08-10,2009,8,222,4.527933517836462
2009-08-11,2009,8,223,0.0
2009-08-12,2009,8,224,3.607823577566645
2009-08-13,2009,8,225,6.804014984879007
2009-08-14,2009,8,226,3.7670281929344633
2009-08-15,2009,8,227,2.981929567550734
2009-08-16,2009,8,228,5.862648560537063
2009-08-17,2009,8,229,14.762385929968996
2009-08-18,2009,8,230,4.165117987017399
2009-08-19,2009,8,231,4.597313161578665
2009-08-20,2009,8,232,9.882920937039655
2009-08-21,2009,8,233,0.0209499097013432
2009-08-22,2009,8,234,2.2029721700133886
2009-08-23,2009,8,235,6.672851608671893
2009-08-24,2009,8,236,0.0
2009-08-25,2009,8,237,0.039980527980775
2009-08-26,2009,8,238,0.0
2009-08-27,2009,8,239,11.6903834307204
2009-08-28,2009,8,240,3.7819707408968783
2009-08-29,2009,8,241,0.0
2009-08-30,2009,8,242,8.72011951564619
2009-08-31,2009,8,243,0.0
2009-09-01,2009,9,244,2.19490693569592
2009-09-02,2009,9,245,0.0
2009-09-03,2009,9,246,0.0387977494474344
2009-09-04,2009,9,247,2.960491457808805
2009-09-05,2009,9,248,7.658206752864542
2009-09-06,2009,9,249,17.35923438155968
2009-09-07,2009,9,250,0.9205292974053638
2009-09-08,2009,9,251,6.86276628987444
2009-09-09,2009,9,252,4.889078997707613
2009-09-10,2009,9,253,0.9619432470179464
2009-09-11,2009,9,254,0.3813483445380831
2009-09-12,2009,9,255,5.419711734457923
2009-09-13,2009,9,256,4.851866442419672
2009-09-14,2009,9,257,19.231486788139247
2009-09-15,2009,9,258,0.0
2009-09-16,2009,9,259,0.4661302638033464
2009-09-17,2009,9,260,9.688451916107075
2009-09-18,2009,9,261,0.0
2009-09-19,2009,9,262,5.060032013857988
2009-09-20,2009,9,263,2.695308677335018
2009-09-21,2009,9,264,12.378979451449997
2009-09-22,2009,9,265,17.369763615198796
2009-09-23,2009,9,266,5.762058146712918
2009-09-24,2009,9,267,0.0
2009-09-25,2009,9,268,10.197264069252377
2009-09-26,2009,9,269,1.838287877750478
2009-09-27,2009,9,270,0.0
2009-09-28,2009,9,271,11.682728911426809
2009-09-29,2009,9,272,17.734468859490313
2009-09-30,2009,9,273,0.0
2009-10-01,2009,10,274,0.0
2009-10-02,2009,10,275,1.1985239230779468
2009-10-03,2009,10,276,0.0
2009-10-04,2009,10,277,0.0
2009-10-05,2009,10,278,0.0
2009-10-06,2009,10,279,0.0
2009-10-07,2009,10,280,0.0
2009-10-08,2009,10,281,0.0
2009-10-09,2009,10,282,4.3996289193170535
2009-10-10,2009,10,283,18.51141563438409
2009-10-11,2009,10,284,9.718315570499517
2009-10-12,2009,10,285,9.342876814937837
2009-10-13,2009,10,286,0.0
2009-10-14,2009,10,287,0.3379697673016363
2009-10-15,2009,10,288,0.9341352486467402
2009-10-16,2009,10,289,0.0
2009-10-17,2009,10,290,0.8644741696992693
2009-10-18,2009,10,291,0.0
2009-10-19,2009,10,292,0.0
2009-10-20,2009,10,293,0.0
2009-10-21,2009,10,294,0.0
2009-10-22,2009,10,295,0.0
2009-10-23,2009,10,296,0.0
2009-10-24,2009,10,297,0.036804804356566
2009-10-25,2009,10,298,6.312423196784838
2009-10-26,2009,10,299,0.0
2009-10-27,2009,10,300,0.0511880550204737
2009-10-28,2009,10,301,14.856134220996063
2009-10-29,2009,10,302,0.1639433932692553
2009-10-30,2009,10,303,0.0
2009-10-31,2009,10,304,4.275186291084192
2009-11-01,2009,11,305,7.836138447176826
2009-11-02,2009,11,306,3.6490616094585975
2009-11-03,2009,11,307,7.836138447176826
2009-11-04,2009,11,308,7.220208725769906
2009-11-05,2009,11,309,30.00586457464975
2009-11-06,2009,11,310,1.4431082168601983
2009-11-07,2009,11,311,36.36529166859853
2009-11-08,2009,11,312,0.0
2009-11-09,2009,11,313,0.0
2009-11-10,2009,11,314,0.0
2009-11-11,2009,11,315,0.0
2009-11-12,2009,11,316,0.0749598602607092
2009-11-13,2009,11,317,0.0
2009-11-14,2009,11,318,0.0
2009-11-15,2009,11,319,0.0
2009-11-16,2009,11,320,0.0
2009-11-17,2009,11,321,0.0
2009-11-18,2009,11,322,0.0
2009-11-19,2009,11,323,0.0
2009-11-20,2009,11,324,0.0
2009-11-21,2009,11,325,0.0
2009-11-22,2009,11,326,0.0
2009-11-23,2009,11,327,0.0
2009-11-24,2009,11,328,0.0
2009-11-25,2009,11,329,0.0
2009-11-26,2009,11,330,0.0
2009-11-27,2009,11,331,0.0
2009-11-28,2009,11,332,1.2136518929182412
2009-11-29,2009,11,333,3.713580339942718
2009-11-30,2009,11,334,0.0
2009-12-01,2009,12,335,0.0
2009-12-02,2009,12,336,0.0
2009-12-03,2009,12,337,0.0
2009-12-04,2009,12,338,0.0
2009-12-05,2009,12,339,0.0
2009-12-06,2009,12,340,0.0
2009-12-07,2009,12,341,0.0
2009-12-08,2009,12,342,0.0
2009-12-09,2009,12,343,0.0
2009-12-10,2009,12,344,0.0
2009-12-11,2009,12,345,0.0
2009-12-12,2009,12,346,0.0
2009-12-13,2009,12,347,0.0
2009-12-14,2009,12,348,0.0
2009-12-15,2009,12,349,0.0
2009-12-16,2009,12,350,0.0
2009-12-17,2009,12,351,0.0
2009-12-18,2009,12,352,0.0
2009-12-19,2009,12,353,9.099686347222676
2009-12-20,2009,12,354,29.104211516122906
2009-12-21,2009,12,355,0.6520274382119722
2009-12-22,2009,12,356,0.0
2009-12-23,2009,12,357,0.0
2009-12-24,2009,12,358,0.0
2009-12-25,2009,12,359,0.0
2009-12-26,2009,12,360,0.0
2009-12-27,2009,12,361,0.0
2009-12-28,2009,12,362,0.0
2009-12-29,2009,12,363,0.0
2009-12-30,2009,12,364,0.0
2009-12-31,2009,12,365,0.0
2010-01-01,2010,1,1,0.0
2010-01-02,2010,1,2,0.0
2010-01-03,2010,1,3,0.0
2010-01-04,2010,1,4,2.027161424396992
2010-01-05,2010,1,5,0.0
2010-01-06,2010,1,6,0.0
2010-01-07,2010,1,7,0.0
2010-01-08,2010,1,8,0.8784025761952439
2010-01-09,2010,1,9,0.0
2010-01-10,2010,1,10,0.0
2010-01-11,2010,1,11,0.0
2010-01-12,2010,1,12,0.0
2010-01-13,2010,1,13,0.0
2010-01-14,2010,1,14,0.0
2010-01-15,2010,1,15,0.0
2010-01-16,2010,1,16,0.0
2010-01-17,2010,1,17,0.0
2010-01-18,2010,1,18,0.0
2010-01-19,2010,1,19,0.0
2010-01-20,2010,1,20,0.0
2010-01-21,2010,1,21,0.0
2010-01-22,2010,1,22,0.0
2010-01-23,2010,1,23,0.0
2010-01-24,2010,1,24,0.0
2010-01-25,2010,1,25,0.0
2010-01-26,2010,1,26,0.0
2010-01-27,2010,1,27,0.0
2010-01-28,2010,1,28,0.0
2010-01-29,2010,1,29,0.0
2010-01-30,2010,1,30,1.3430914619894443
2010-01-31,2010,1,31,1.4745649642406002
2010-02-01,2010,2,32,4.9293176659990205
2010-02-02,2010,2,33,0.0
2010-02-03,2010,2,34,0.0
2010-02-04,2010,2,35,0.0
2010-02-05,2010,2,36,0.0
2010-02-06,2010,2,37,0.0
2010-02-07,2010,2,38,0.0034331392812851
2010-02-08,2010,2,39,0.0
2010-02-09,2010,2,40,0.0
2010-02-10,2010,2,41,0.0
2010-02-11,2010,2,42,0.0
2010-02-12,2010,2,43,0.0
2010-02-13,2010,2,44,1.769310915378188
2010-02-14,2010,2,45,0.0
2010-02-15,2010,2,46,0.006310717203521
2010-02-16,2010,2,47,4.766979730527627
2010-02-17,2010,2,48,5.910334469726582
2010-02-18,2010,2,49,1.0263964765686815
2010-02-19,2010,2,50,1.0207055899048834
2010-02-20,2010,2,51,1.0207055899048834
2010-02-21,2010,2,52,0.0
2010-02-22,2010,2,53,2.0262402078486352
2010-02-23,2010,2,54,0.0
2010-02-24,2010,2,55,0.8593653704022994
2010-02-25,2010,2,56,0.4074340763516986
2010-02-26,2010,2,57,0.0
2010-02-27,2010,2,58,0.0
2010-02-28,2010,2,59,0.0
2010-03-01,2010,3,60,0.0
2010-03-02,2010,3,61,0.0
2010-03-03,2010,3,62,0.0
2010-03-04,2010,3,63,21.308302363985717
2010-03-05,2010,3,64,1.0480013220557416
2010-03-06,2010,3,65,0.0
2010-03-07,2010,3,66,0.0
2010-03-08,2010,3,67,0.0
2010-03-09,2010,3,68,0.0
2010-03-10,2010,3,69,0.0
2010-03-11,2010,3,70,0.0
2010-03-12,2010,3,71,0.0
2010-03-13,2010,3,72,0.0
2010-03-14,2010,3,73,0.0
2010-03-15,2010,3,74,0.0
2010-03-16,2010,3,75,0.0
2010-03-17,2010,3,76,1.190565893766506
2010-03-18,2010,3,77,0.0
2010-03-19,2010,3,78,1.202839829621401
2010-03-20,2010,3,79,0.0
2010-03-21,2010,3,80,0.0
2010-03-22,2010,3,81,0.0
2010-03-23,2010,3,82,0.0
2010-03-24,2010,3,83,2.744365687439762
2010-03-25,2010,3,84,0.0
2010-03-26,2010,3,85,0.0
2010-03-27,2010,3,86,0.0
2010-03-28,2010,3,87,0.0
2010-03-29,2010,3,88,1.3883841869252915
2010-03-30,2010,3,89,0.0
2010-03-31,2010,3,90,0.0
2010-04-01,2010,4,91,0.0
2010-04-02,2010,4,92,0.0
2010-04-03,2010,4,93,0.0
2010-04-04,2010,4,94,0.0
2010-04-05,2010,4,95,1.447755283234767
2010-04-06,2010,4,96,2.970524519656393
2010-04-07,2010,4,97,0.1036441187472453
2010-04-08,2010,4,98,0.2573267487041339
2010-04-09,2010,4,99,8.092412193565156
2010-04-10,2010,4,100,0.0
2010-04-11,2010,4,101,0.0
2010-04-12,2010,4,102,0.0
2010-04-13,2010,4,103,10.0673198872585
2010-04-14,2010,4,104,0.0
2010-04-15,2010,4,105,18.123790132866624
2010-04-16,2010,4,106,11.129707701919216
2010-04-17,2010,4,107,15.199186538362875
2010-04-18,2010,4,108,8.799658887796966
2010-04-19,2010,4,109,0.0
2010-04-20,2010,4,110,0.0428384414777453
2010-04-21,2010,4,111,0.3081909593293681
2010-04-22,2010,4,112,0.0086395489985654
2010-04-23,2010,4,113,0.0727398484153633
2010-04-24,2010,4,114,2.595994338789044
2010-04-25,2010,4,115,5.367965963066594
2010-04-26,2010,4,116,0.0
2010-04-27,2010,4,117,1.2016535941208135
2010-04-28,2010,4,118,7.400796589988261
2010-04-29,2010,4,119,11.855958796814148
2010-04-30,2010,4,120,1.6482602355821376
2010-05-01,2010,5,121,18.31501049268113
2010-05-02,2010,5,122,8.500036422319665
2010-05-03,2010,5,123,0.0
2010-05-04,2010,5,124,0.0
2010-05-05,2010,5,125,1.52625617224024
2010-05-06,2010,5,126,0.0
2010-05-07,2010,5,127,0.0
2010-05-08,2010,5,128,0.0
2010-05-09,2010,5,129,0.0
2010-05-10,2010,5,130,0.0
2010-05-11,2010,5,131,0.0
2010-05-12,2010,5,132,0.0
2010-05-13,2010,5,133,2.6295966025898365
2010-05-14,2010,5,134,8.84269076386577
2010-05-15,2010,5,135,4.819891748616302
2010-05-16,2010,5,136,6.598613437261965
2010-05-17,2010,5,137,6.85190150987009
2010-05-18,2010,5,138,20.18733260931883
2010-05-19,2010,5,139,14.12661237990437
2010-05-20,2010,5,140,14.313760331275631
2010-05-21,2010,5,141,27.045768577417142
2010-05-22,2010,5,142,12.670059796879205
2010-05-23,2010,5,143,0.0471464743855271
2010-05-24,2010,5,144,8.896345367723791
2010-05-25,2010,5,145,14.570296528202508
2010-05-26,2010,5,146,48.41826052939475
2010-05-27,2010,5,147,40.27438398416776
2010-05-28,2010,5,148,38.82816598143656
2010-05-29,2010,5,149,78.20843349692142
2010-05-30,2010,5,150,51.381227049137046
2010-05-31,2010,5,151,8.988242682066348
2010-06-01,2010,6,152,5.991661322964698
2010-06-02,2010,6,153,0.0
2010-06-03,2010,6,154,4.11138636619491
2010-06-04,2010,6,155,16.76811593449208
2010-06-05,2010,6,156,3.393255969603652
2010-06-06,2010,6,157,2.9836065706883934
2010-06-07,2010,6,158,0.0
2010-06-08,2010,6,159,13.49079020532054
2010-06-09,2010,6,160,2.7057234134649555
2010-06-10,2010,6,161,20.675894365825503
2010-06-11,2010,6,162,9.805250741317934
2010-06-12,2010,6,163,0.8157613732003717
2010-06-13,2010,6,164,12.259456836983189
2010-06-14,2010,6,165,5.325164894007576
2010-06-15,2010,6,166,13.108066487026298
2010-06-16,2010,6,167,21.603420423664595
2010-06-17,2010,6,168,18.121932059143383
2010-06-18,2010,6,169,0.3432667032714164
2010-06-19,2010,6,170,15.551372261259836
2010-06-20,2010,6,171,18.08508998538657
2010-06-21,2010,6,172,0.0502200543420786
2010-06-22,2010,6,173,3.68905275814944
2010-06-23,2010,6,174,6.74023537024945
2010-06-24,2010,6,175,6.74023537024945
2010-06-25,2010,6,176,0.2244106831464792
2010-06-26,2010,6,177,24.94202666826093
2010-06-27,2010,6,178,27.75695783415716
2010-06-28,2010,6,179,12.440246727493143
2010-06-29,2010,6,180,14.941817290167986
2010-06-30,2010,6,181,41.71289746947237
2010-07-01,2010,7,182,0.2658185432788747
2010-07-02,2010,7,183,6.035190318830011
2010-07-03,2010,7,184,13.16725387957327
2010-07-04,2010,7,185,7.5303267532673885
2010-07-05,2010,7,186,14.140661919127188
2010-07-06,2010,7,187,10.780369651654691
2010-07-07,2010,7,188,13.330046618403587
2010-07-08,2010,7,189,16.07395198228733
2010-07-09,2010,7,190,14.745527945937717
2010-07-10,2010,7,191,5.722460508346559
2010-07-11,2010,7,192,3.531889482042988
2010-07-12,2010,7,193,11.920321491710531
2010-07-13,2010,7,194,16.68840146289489
2010-07-14,2010,7,195,15.06042752719477
2010-07-15,2010,7,196,0.0
2010-07-16,2010,7,197,1.882487330869824
2010-07-17,2010,7,198,7.821516980293376
2010-07-18,2010,7,199,15.955862365222536
2010-07-19,2010,7,200,3.8901538815167385
2010-07-20,2010,7,201,5.709452257160459
2010-07-21,2010,7,202,16.149089803426
2010-07-22,2010,7,203,13.832827807902882
2010-07-23,2010,7,204,5.627037598316551
2010-07-24,2010,7,205,3.5479884187482638
2010-07-25,2010,7,206,5.584936014535393
2010-07-26,2010,7,207,10.759831114415952
2010-07-27,2010,7,208,7.712312342779395
2010-07-28,2010,7,209,6.198612973132293
2010-07-29,2010,7,210,0.0
2010-07-30,2010,7,211,21.662107534457604
2010-07-31,2010,7,212,10.198150623529104
2010-08-01,2010,8,213,6.985527795302939
2010-08-02,2010,8,214,19.94858523424405
2010-08-03,2010,8,215,20.521598346231325
2010-08-04,2010,8,216,14.095884132712133
2010-08-05,2010,8,217,7.372460648762232
2010-08-06,2010,8,218,19.501747346884585
2010-08-07,2010,8,219,9.367949625315989
2010-08-08,2010,8,220,7.788179371432555
2010-08-09,2010,8,221,8.721014425401108
2010-08-10,2010,8,222,5.579509035378515
2010-08-11,2010,8,223,7.875006813622993
2010-08-12,2010,8,224,13.213609268651014
2010-08-13,2010,8,225,5.900417256375717
2010-08-14,2010,8,226,7.000373149694496
2010-08-15,2010,8,227,7.759693675094317
2010-08-16,2010,8,228,2.407041567558903
2010-08-17,2010,8,229,8.925812299984996
2010-08-18,2010,8,230,12.751478038696318
2010-08-19,2010,8,231,4.006059100307147
2010-08-20,2010,8,232,4.076857924972116
2010-08-21,2010,8,233,6.760683357051631
2010-08-22,2010,8,234,3.099064001183073
2010-08-23,2010,8,235,13.085443937380086
2010-08-24,2010,8,236,7.356373596313986
2010-08-25,2010,8,237,30.968689158520544
2010-08-26,2010,8,238,5.33399182920693
2010-08-27,2010,8,239,14.837989489543917
2010-08-28,2010,8,240,24.470377390468443
2010-08-29,2010,8,241,27.81061226522811
2010-08-30,2010,8,242,5.105578835131066
2010-08-31,2010,8,243,11.093615611496396
2010-09-01,2010,9,244,11.116476498205843
2010-09-02,2010,9,245,24.008342616866567
2010-09-03,2010,9,246,7.361349625983806
2010-09-04,2010,9,247,46.269019870136994
2010-09-05,2010,9,248,59.50246740470304
2010-09-06,2010,9,249,22.51068555093159
2010-09-07,2010,9,250,2.9496792971628185
2010-09-08,2010,9,251,2.307617826143084
2010-09-09,2010,9,252,14.120739000724138
2010-09-10,2010,9,253,13.07497632718025
2010-09-11,2010,9,254,20.58668702978708
2010-09-12,2010,9,255,2.528172407174785
2010-09-13,2010,9,256,0.5081954970764317
2010-09-14,2010,9,257,0.0
2010-09-15,2010,9,258,2.3348649216188564
2010-09-16,2010,9,259,12.41541009952395
2010-09-17,2010,9,260,13.151369974259753
2010-09-18,2010,9,261,9.018576684320903
2010-09-19,2010,9,262,0.0
2010-09-20,2010,9,263,3.579156847927646
2010-09-21,2010,9,264,11.678128638018274
2010-09-22,2010,9,265,10.472227067853412
2010-09-23,2010,9,266,3.433238251758828
2010-09-24,2010,9,267,5.784224251599627
2010-09-25,2010,9,268,25.99342295198024
2010-09-26,2010,9,269,12.774118464322
2010-09-27,2010,9,270,8.972563628774477
2010-09-28,2010,9,271,29.827345448471892
2010-09-29,2010,9,272,19.220028897279743
2010-09-30,2010,9,273,30.91338837340845
2010-10-01,2010,10,274,0.0
2010-10-02,2010,10,275,38.07565041250312
2010-10-03,2010,10,276,2.3593401078393343
2010-10-04,2010,10,277,0.0
2010-10-05,2010,10,278,0.0
2010-10-06,2010,10,279,0.0
2010-10-07,2010,10,280,0.0
2010-10-08,2010,10,281,0.0
2010-10-09,2010,10,282,0.0
2010-10-10,2010,10,283,0.0
2010-10-11,2010,10,284,0.0
2010-10-12,2010,10,285,0.0
2010-10-13,2010,10,286,0.2314401738339239
2010-10-14,2010,10,287,0.0
2010-10-15,2010,10,288,0.0
2010-10-16,2010,10,289,6.94192896220249
2010-10-17,2010,10,290,6.94192896220249
2010-10-18,2010,10,291,1.9269176484584405
2010-10-19,2010,10,292,0.0
2010-10-20,2010,10,293,14.550472502026071
2010-10-21,2010,10,294,6.266655565840421
2010-10-22,2010,10,295,1.0047079854881853
2010-10-23,2010,10,296,0.0
2010-10-24,2010,10,297,0.0
2010-10-25,2010,10,298,0.0
2010-10-26,2010,10,299,5.375063436707577
2010-10-27,2010,10,300,7.1233319046156165
2010-10-28,2010,10,301,0.2264047200187415
2010-10-29,2010,10,302,4.934847450807959
2010-10-30,2010,10,303,0.0
2010-10-31,2010,10,304,0.0
2010-11-01,2010,11,305,0.0
2010-11-02,2010,11,306,0.0
2010-11-03,2010,11,307,15.949205375677924
2010-11-04,2010,11,308,10.596782750928108
2010-11-05,2010,11,309,0.0
2010-11-06,2010,11,310,0.0
2010-11-07,2010,11,311,0.0
2010-11-08,2010,11,312,0.0
2010-11-09,2010,11,313,3.394887365075188
2010-11-10,2010,11,314,0.0
2010-11-11,2010,11,315,0.0
2010-11-12,2010,11,316,0.0
2010-11-13,2010,11,317,0.0
2010-11-14,2010,11,318,0.0
2010-11-15,2010,11,319,0.0
2010-11-16,2010,11,320,0.0
2010-11-17,2010,11,321,0.0
2010-11-18,2010,11,322,0.0
2010-11-19,2010,11,323,0.0
2010-11-20,2010,11,324,5.638441791162599
2010-11-21,2010,11,325,7.139670128483188
2010-11-22,2010,11,326,0.0
2010-11-23,2010,11,327,0.0
2010-11-24,2010,11,328,0.0
2010-11-25,2010,11,329,0.0
2010-11-26,2010,11,330,0.0
2010-11-27,2010,11,331,0.0
2010-11-28,2010,11,332,0.0
2010-11-29,2010,11,333,0.0
2010-11-30,2010,11,334,0.0
2010-12-01,2010,12,335,0.0
2010-12-02,2010,12,336,0.0
2010-12-03,2010,12,337,10.537418761617014
2010-12-04,2010,12,338,4.626473108161284
2010-12-05,2010,12,339,1.2084761457557645
2010-12-06,2010,12,340,0.0
2010-12-07,2010,12,341,0.0
2010-12-08,2010,12,342,0.181650705131181
2010-12-09,2010,12,343,0.0
2010-12-10,2010,12,344,0.0
2010-12-11,2010,12,345,0.0
2010-12-12,2010,12,346,0.0
2010-12-13,2010,12,347,0.0
2010-12-14,2010,12,348,0.0
2010-12-15,2010,12,349,0.0
2010-12-16,2010,12,350,0.0
2010-12-17,2010,12,351,0.0
2010-12-18,2010,12,352,0.0
2010-12-19,2010,12,353,0.0
2010-12-20,2010,12,354,0.0
2010-12-21,2010,12,355,0.0
2010-12-22,2010,12,356,0.0
2010-12-23,2010,12,357,0.0
2010-12-24,2010,12,358,0.0
2010-12-25,2010,12,359,0.0
2010-12-26,2010,12,360,0.0
2010-12-27,2010,12,361,0.0
2010-12-28,2010,12,362,0.0
2010-12-29,2010,12,363,0.0
2010-12-30,2010,12,364,0.0
2010-12-31,2010,12,365,0.0
2011-01-01,2011,1,1,0.0
2011-01-02,2011,1,2,0.0
2011-01-03,2011,1,3,0.0021624669317721
2011-01-04,2011,1,4,0.0
2011-01-05,2011,1,5,0.0
2011-01-06,2011,1,6,0.0
2011-01-07,2011,1,7,0.0
2011-01-08,2011,1,8,0.0
2011-01-09,2011,1,9,0.0
2011-01-10,2011,1,10,0.0
2011-01-11,2011,1,11,2.262117111846332
2011-01-12,2011,1,12,0.0
2011-01-13,2011,1,13,0.0
2011-01-14,2011,1,14,0.0
2011-01-15,2011,1,15,0.0
2011-01-16,2011,1,16,0.0
2011-01-17,2011,1,17,0.0
2011-01-18,2011,1,18,0.0
2011-01-19,2011,1,19,0.0
2011-01-20,2011,1,20,0.0
2011-01-21,2011,1,21,0.0
2011-01-22,2011,1,22,1.3134813232103169
2011-01-23,2011,1,23,0.0
2011-01-24,2011,1,24,0.0
2011-01-25,2011,1,25,0.0
2011-01-26,2011,1,26,0.0
2011-01-27,2011,1,27,0.0
2011-01-28,2011,1,28,1.6595381927878403
2011-01-29,2011,1,29,0.0042120111019262
2011-01-30,2011,1,30,0.1885318830673165
2011-01-31,2011,1,31,0.3239397317962761
2011-02-01,2011,2,32,0.0
2011-02-02,2011,2,33,0.0
2011-02-03,2011,2,34,0.0
2011-02-04,2011,2,35,0.0
2011-02-05,2011,2,36,0.0
2011-02-06,2011,2,37,0.0
2011-02-07,2011,2,38,0.0
2011-02-08,2011,2,39,0.0
2011-02-09,2011,2,40,0.0
2011-02-10,2011,2,41,0.0
2011-02-11,2011,2,42,0.0
2011-02-12,2011,2,43,0.0
2011-02-13,2011,2,44,0.0
2011-02-14,2011,2,45,3.7978344767545176
2011-02-15,2011,2,46,4.386786563486347
2011-02-16,2011,2,47,0.0034604590472341
2011-02-17,2011,2,48,0.0
2011-02-18,2011,2,49,0.0
2011-02-19,2011,2,50,0.0
2011-02-20,2011,2,51,0.11514009771535
2011-02-21,2011,2,52,0.0
2011-02-22,2011,2,53,0.0087526883441562
2011-02-23,2011,2,54,1.4282978855858732
2011-02-24,2011,2,55,2.393707639760408
2011-02-25,2011,2,56,0.849999541692889
2011-02-26,2011,2,57,0.0
2011-02-27,2011,2,58,1.010395284483549
2011-02-28,2011,2,59,5.702357267659244
2011-03-01,2011,3,60,0.0
2011-03-02,2011,3,61,0.0
2011-03-03,2011,3,62,0.0
2011-03-04,2011,3,63,0.0
2011-03-05,2011,3,64,0.0
2011-03-06,2011,3,65,0.0
2011-03-07,2011,3,66,0.0
2011-03-08,2011,3,67,0.953184689020845
2011-03-09,2011,3,68,0.0
2011-03-10,2011,3,69,0.0
2011-03-11,2011,3,70,0.0
2011-03-12,2011,3,71,0.0
2011-03-13,2011,3,72,0.0
2011-03-14,2011,3,73,0.0
2011-03-15,2011,3,74,0.1384093583702735
2011-03-16,2011,3,75,0.0
2011-03-17,2011,3,76,24.97733913738705
2011-03-18,2011,3,77,0.0
2011-03-19,2011,3,78,0.0
2011-03-20,2011,3,79,0.0
2011-03-21,2011,3,80,16.35844153681676
2011-03-22,2011,3,81,0.0
2011-03-23,2011,3,82,0.0
2011-03-24,2011,3,83,0.0
2011-03-25,2011,3,84,0.0
2011-03-26,2011,3,85,0.0
2011-03-27,2011,3,86,0.0
2011-03-28,2011,3,87,0.0
2011-03-29,2011,3,88,0.0
2011-03-30,2011,3,89,0.0
2011-03-31,2011,3,90,0.0
2011-04-01,2011,4,91,0.0
2011-04-02,2011,4,92,0.735140058865584
2011-04-03,2011,4,93,0.0
2011-04-04,2011,4,94,0.0
2011-04-05,2011,4,95,0.0
2011-04-06,2011,4,96,0.0
2011-04-07,2011,4,97,0.0
2011-04-08,2011,4,98,10.277562032270962
2011-04-09,2011,4,99,0.0
2011-04-10,2011,4,100,0.0
2011-04-11,2011,4,101,0.0
2011-04-12,2011,4,102,0.0
2011-04-13,2011,4,103,0.0
2011-04-14,2011,4,104,0.0
2011-04-15,2011,4,105,0.0
2011-04-16,2011,4,106,0.0
2011-04-17,2011,4,107,0.0
2011-04-18,2011,4,108,1.877487943738367
2011-04-19,2011,4,109,0.0
2011-04-20,2011,4,110,7.118449270776326
2011-04-21,2011,4,111,18.7144843327662
2011-04-22,2011,4,112,13.214483017786607
2011-04-23,2011,4,113,1.2118436854521026
2011-04-24,2011,4,114,0.0
2011-04-25,2011,4,115,8.679222534738654
2011-04-26,2011,4,116,7.973096826338012
2011-04-27,2011,4,117,2.1764259034482047
2011-04-28,2011,4,118,0.0
2011-04-29,2011,4,119,0.0
2011-04-30,2011,4,120,4.226850071342562
2011-05-01,2011,5,121,0.0
2011-05-02,2011,5,122,0.0
2011-05-03,2011,5,123,0.0
2011-05-04,2011,5,124,0.0
2011-05-05,2011,5,125,0.0
2011-05-06,2011,5,126,0.0
2011-05-07,2011,5,127,1.803728245626481
2011-05-08,2011,5,128,0.0
2011-05-09,2011,5,129,0.2825172948806635
2011-05-10,2011,5,130,11.337182895076918
2011-05-11,2011,5,131,4.764179624597946
2011-05-12,2011,5,132,5.3515236482420026
2011-05-13,2011,5,133,5.772399854333153
2011-05-14,2011,5,134,5.678824845142822
2011-05-15,2011,5,135,16.566628482879075
2011-05-16,2011,5,136,7.493314126539968
2011-05-17,2011,5,137,17.076581544005784
2011-05-18,2011,5,138,1.2853232930640228
2011-05-19,2011,5,139,3.462962069849531
2011-05-20,2011,5,140,0.0
2011-05-21,2011,5,141,5.7212104699299084
2011-05-22,2011,5,142,11.442420939859815
2011-05-23,2011,5,143,0.0
2011-05-24,2011,5,144,0.0
2011-05-25,2011,5,145,0.468896301771293
2011-05-26,2011,5,146,10.484374887021874
2011-05-27,2011,5,147,15.474145233477907
2011-05-28,2011,5,148,2.053497694043288
2011-05-29,2011,5,149,16.67635485037025
2011-05-30,2011,5,150,6.906029685501779
2011-05-31,2011,5,151,0.4492637774018824
2011-06-01,2011,6,152,3.605681241784427
2011-06-02,2011,6,153,5.155302508426918
2011-06-03,2011,6,154,2.537014609386294
2011-06-04,2011,6,155,6.983287114870272
2011-06-05,2011,6,156,5.130064652429858
2011-06-06,2011,6,157,5.180718632876208
2011-06-07,2011,6,158,5.605723348047964
2011-06-08,2011,6,159,2.7407520445576057
2011-06-09,2011,6,160,16.170960746469312
2011-06-10,2011,6,161,4.6620554795301965
2011-06-11,2011,6,162,3.536885148353216
2011-06-12,2011,6,163,2.9266958569704
2011-06-13,2011,6,164,5.86966138695077
2011-06-14,2011,6,165,5.440135185240473
2011-06-15,2011,6,166,5.536451234813418
2011-06-16,2011,6,167,15.520152992638335
2011-06-17,2011,6,168,1.1837371104582826
2011-06-18,2011,6,169,6.918284492198484
2011-06-19,2011,6,170,17.87352289260711
2011-06-20,2011,6,171,19.74605643391711
2011-06-21,2011,6,172,11.231119750500136
2011-06-22,2011,6,173,18.165552364216985
2011-06-23,2011,6,174,0.2008628052529251
2011-06-24,2011,6,175,16.399912139137484
2011-06-25,2011,6,176,2.291789660621323
2011-06-26,2011,6,177,5.100731897681008
2011-06-27,2011,6,178,7.5317695501428865
2011-06-28,2011,6,179,12.602512845956266
2011-06-29,2011,6,180,22.502164453344676
2011-06-30,2011,6,181,25.68081236212501
2011-07-01,2011,7,182,14.852372132618406
2011-07-02,2011,7,183,24.200490019519613
2011-07-03,2011,7,184,5.190048771887226
2011-07-04,2011,7,185,4.115850513065178
2011-07-05,2011,7,186,31.452237241985245
2011-07-06,2011,7,187,6.490146238526015
2011-07-07,2011,7,188,18.82137462861945
2011-07-08,2011,7,189,7.803017359823882
2011-07-09,2011,7,190,17.803460391852834
2011-07-10,2011,7,191,13.29732036396491
2011-07-11,2011,7,192,1.3407454376253392
2011-07-12,2011,7,193,24.08817941016792
2011-07-13,2011,7,194,0.5917081426327926
2011-07-14,2011,7,195,15.493071808402314
2011-07-15,2011,7,196,3.622120488272228
2011-07-16,2011,7,197,2.562559864310597
2011-07-17,2011,7,198,26.142423637728463
2011-07-18,2011,7,199,18.159225376630918
2011-07-19,2011,7,200,0.4528015468911218
2011-07-20,2011,7,201,1.7733047760339915
2011-07-21,2011,7,202,0.7421213427260072
2011-07-22,2011,7,203,0.0422549809567828
2011-07-23,2011,7,204,10.763550952140756
2011-07-24,2011,7,205,0.0
2011-07-25,2011,7,206,0.0123945604355394
2011-07-26,2011,7,207,16.428940051216905
2011-07-27,2011,7,208,22.653652647569224
2011-07-28,2011,7,209,12.495520474876006
2011-07-29,2011,7,210,5.384503735368234
2011-07-30,2011,7,211,6.918325382312754
2011-07-31,2011,7,212,0.0
2011-08-01,2011,8,213,4.924822018712428
2011-08-02,2011,8,214,14.107313808969892
2011-08-03,2011,8,215,4.261785755427148
2011-08-04,2011,8,216,0.0
2011-08-05,2011,8,217,14.174741789736908
2011-08-06,2011,8,218,1.804444038265264
2011-08-07,2011,8,219,4.7212025832700855
2011-08-08,2011,8,220,0.0
2011-08-09,2011,8,221,4.125188881603182
2011-08-10,2011,8,222,4.7212025832700855
2011-08-11,2011,8,223,0.0388818246846333
2011-08-12,2011,8,224,20.410061735113977
2011-08-13,2011,8,225,11.68631309551772
2011-08-14,2011,8,226,20.070202388003437
2011-08-15,2011,8,227,4.724217275727377
2011-08-16,2011,8,228,0.0
2011-08-17,2011,8,229,7.54711894623316
2011-08-18,2011,8,230,5.661514815450634
2011-08-19,2011,8,231,2.2365214817526
2011-08-20,2011,8,232,9.14153457316151
2011-08-21,2011,8,233,0.9458997227130228
2011-08-22,2011,8,234,34.62524101360292
2011-08-23,2011,8,235,8.793046464956817
2011-08-24,2011,8,236,7.8484051146870915
2011-08-25,2011,8,237,9.650388433469496
2011-08-26,2011,8,238,2.9515326610465493
2011-08-27,2011,8,239,4.470065220156182
2011-08-28,2011,8,240,27.279159047405443
2011-08-29,2011,8,241,12.983919560040995
2011-08-30,2011,8,242,0.0
2011-08-31,2011,8,243,12.578624242171328
2011-09-01,2011,9,244,19.06565143332689
2011-09-02,2011,9,245,0.1029812027065796
2011-09-03,2011,9,246,8.81973180969045
2011-09-04,2011,9,247,6.769135949237794
2011-09-05,2011,9,248,8.105189261420117
2011-09-06,2011,9,249,31.719041857846083
2011-09-07,2011,9,250,23.34269147258389
2011-09-08,2011,9,251,7.048213632166028
2011-09-09,2011,9,252,6.744883192433387
2011-09-10,2011,9,253,8.719104859700236
2011-09-11,2011,9,254,5.597952625643217
2011-09-12,2011,9,255,19.5552735419588
2011-09-13,2011,9,256,4.294880224683904
2011-09-14,2011,9,257,7.012453024981874
2011-09-15,2011,9,258,5.423436691338115
2011-09-16,2011,9,259,7.766508646775434
2011-09-17,2011,9,260,1.6537803265408972
2011-09-18,2011,9,261,14.680724991624338
2011-09-19,2011,9,262,22.244686260525757
2011-09-20,2011,9,263,23.242651900983617
2011-09-21,2011,9,264,11.86496573579342
2011-09-22,2011,9,265,16.856730805366798
2011-09-23,2011,9,266,0.0
2011-09-24,2011,9,267,3.14458353650192
2011-09-25,2011,9,268,15.816071756394784
2011-09-26,2011,9,269,14.9476687611937
2011-09-27,2011,9,270,12.657354312976816
2011-09-28,2011,9,271,28.88466320981709
2011-09-29,2011,9,272,2.6533474218365263
2011-09-30,2011,9,273,2.905155810517129
2011-10-01,2011,10,274,11.46805356043266
2011-10-02,2011,10,275,20.23178655302412
2011-10-03,2011,10,276,2.364709833593785
2011-10-04,2011,10,277,10.199564301160637
2011-10-05,2011,10,278,9.815600577642904
2011-10-06,2011,10,279,3.5739225283992933
2011-10-07,2011,10,280,10.52925764247711
2011-10-08,2011,10,281,10.911682215836075
2011-10-09,2011,10,282,3.3663150684999
2011-10-10,2011,10,283,10.911682215836075
2011-10-11,2011,10,284,6.241732016525008
2011-10-12,2011,10,285,73.44928707214329
2011-10-13,2011,10,286,21.433814092283075
2011-10-14,2011,10,287,33.67096383610441
2011-10-15,2011,10,288,1.8826627956053692
2011-10-16,2011,10,289,3.730765349862916
2011-10-17,2011,10,290,18.46004455173332
2011-10-18,2011,10,291,0.0
2011-10-19,2011,10,292,42.33597095255784
2011-10-20,2011,10,293,0.0
2011-10-21,2011,10,294,0.0
2011-10-22,2011,10,295,0.0
2011-10-23,2011,10,296,0.0
2011-10-24,2011,10,297,4.040806816241225
2011-10-25,2011,10,298,0.0
2011-10-26,2011,10,299,0.0
2011-10-27,2011,10,300,0.0
2011-10-28,2011,10,301,0.0
2011-10-29,2011,10,302,0.0
2011-10-30,2011,10,303,0.0
2011-10-31,2011,10,304,0.0
2011-11-01,2011,11,305,0.0
2011-11-02,2011,11,306,0.1973494764260992
2011-11-03,2011,11,307,0.0
2011-11-04,2011,11,308,0.0
2011-11-05,2011,11,309,0.0
2011-11-06,2011,11,310,0.0
2011-11-07,2011,11,311,0.0
2011-11-08,2011,11,312,0.0
2011-11-09,2011,11,313,0.0
2011-11-10,2011,11,314,0.0
2011-11-11,2011,11,315,0.0
2011-11-12,2011,11,316,0.0
2011-11-13,2011,11,317,0.0
2011-11-14,2011,11,318,0.0
2011-11-15,2011,11,319,0.6575974248981722
2011-11-16,2011,11,320,1.8283692743396185
2011-11-17,2011,11,321,11.388319252900008
2011-11-18,2011,11,322,22.5912102836774
2011-11-19,2011,11,323,0.0
2011-11-20,2011,11,324,0.0
2011-11-21,2011,11,325,0.0
2011-11-22,2011,11,326,0.0
2011-11-23,2011,11,327,0.0
2011-11-24,2011,11,328,0.0
2011-11-25,2011,11,329,0.0
2011-11-26,2011,11,330,0.0
2011-11-27,2011,11,331,0.0
2011-11-28,2011,11,332,0.0
2011-11-29,2011,11,333,0.0
2011-11-30,2011,11,334,0.0
2011-12-01,2011,12,335,2.3885585017049022
2011-12-02,2011,12,336,0.8965512748038351
2011-12-03,2011,12,337,0.0
2011-12-04,2011,12,338,0.0
2011-12-05,2011,12,339,0.0
2011-12-06,2011,12,340,0.0
2011-12-07,2011,12,341,0.0
2011-12-08,2011,12,342,2.628395147883392
2011-12-09,2011,12,343,0.0
2011-12-10,2011,12,344,0.0
2011-12-11,2011,12,345,0.0
2011-12-12,2011,12,346,0.0
2011-12-13,2011,12,347,0.0
2011-12-14,2011,12,348,0.0
2011-12-15,2011,12,349,0.0
2011-12-16,2011,12,350,0.0
2011-12-17,2011,12,351,0.0
2011-12-18,2011,12,352,0.0006203348042113003
2011-12-19,2011,12,353,0.0
2011-12-20,2011,12,354,1.0019881577193483
2011-12-21,2011,12,355,0.0
2011-12-22,2011,12,356,0.1876948434466874
2011-12-23,2011,12,357,0.0
2011-12-24,2011,12,358,1.1642701865876957
2011-12-25,2011,12,359,0.0
2011-12-26,2011,12,360,0.0
2011-12-27,2011,12,361,1.422417200674026
2011-12-28,2011,12,362,0.0
2011-12-29,2011,12,363,0.0
2011-12-30,2011,12,364,1.3663564491394553
2011-12-31,2011,12,365,0.0
2012-01-01,2012,1,1,0.0
2012-01-02,2012,1,2,0.0
2012-01-03,2012,1,3,1.1339691997391603
2012-01-04,2012,1,4,0.0
2012-01-05,2012,1,5,0.0
2012-01-06,2012,1,6,0.0
2012-01-07,2012,1,7,0.0
2012-01-08,2012,1,8,0.0
2012-01-09,2012,1,9,0.0
2012-01-10,2012,1,10,0.0
2012-01-11,2012,1,11,0.0
2012-01-12,2012,1,12,0.0
2012-01-13,2012,1,13,0.0
2012-01-14,2012,1,14,0.0
2012-01-15,2012,1,15,0.0
2012-01-16,2012,1,16,0.0
2012-01-17,2012,1,17,0.0
2012-01-18,2012,1,18,0.0
2012-01-19,2012,1,19,0.0
2012-01-20,2012,1,20,0.0
2012-01-21,2012,1,21,0.0
2012-01-22,2012,1,22,0.0
2012-01-23,2012,1,23,0.0
2012-01-24,2012,1,24,0.6265373093609946
2012-01-25,2012,1,25,0.014578406588073
2012-01-26,2012,1,26,0.7423357689799461
2012-01-27,2012,1,27,0.0
2012-01-28,2012,1,28,0.0
2012-01-29,2012,1,29,0.1746655629042794
2012-01-30,2012,1,30,1.2953742829366128
2012-01-31,2012,1,31,3.238114101568041
2012-02-01,2012,2,32,1.1860275014519897
2012-02-02,2012,2,33,3.698326713219605
2012-02-03,2012,2,34,0.0
2012-02-04,2012,2,35,1.5569422334470908
2012-02-05,2012,2,36,0.0
2012-02-06,2012,2,37,0.0
2012-02-07,2012,2,38,0.0373521881830825
2012-02-08,2012,2,39,1.731972620286999
2012-02-09,2012,2,40,0.0
2012-02-10,2012,2,41,3.797234769345556
2012-02-11,2012,2,42,0.0
2012-02-12,2012,2,43,0.0
2012-02-13,2012,2,44,0.0
2012-02-14,2012,2,45,6.128572258565195
2012-02-15,2012,2,46,0.2281907097130835
2012-02-16,2012,2,47,0.0
2012-02-17,2012,2,48,1.2108189317540623
2012-02-18,2012,2,49,0.0
2012-02-19,2012,2,50,0.0
2012-02-20,2012,2,51,0.0
2012-02-21,2012,2,52,0.0
2012-02-22,2012,2,53,0.0
2012-02-23,2012,2,54,0.0
2012-02-24,2012,2,55,0.0
2012-02-25,2012,2,56,0.0
2012-02-26,2012,2,57,0.0
2012-02-27,2012,2,58,0.0
2012-02-28,2012,2,59,0.0
2012-02-29,2012,2,60,0.0
2012-03-01,2012,3,61,0.0
2012-03-02,2012,3,62,0.0
2012-03-03,2012,3,63,0.0
2012-03-04,2012,3,64,0.0
2012-03-05,2012,3,65,0.0
2012-03-06,2012,3,66,0.0
2012-03-07,2012,3,67,1.2012683552559769
2012-03-08,2012,3,68,0.0
2012-03-09,2012,3,69,0.0
2012-03-10,2012,3,70,0.0
2012-03-11,2012,3,71,0.0
2012-03-12,2012,3,72,0.0
2012-03-13,2012,3,73,0.0
2012-03-14,2012,3,74,0.0
2012-03-15,2012,3,75,0.0
2012-03-16,2012,3,76,0.0
2012-03-17,2012,3,77,0.0
2012-03-18,2012,3,78,0.0
2012-03-19,2012,3,79,0.0
2012-03-20,2012,3,80,6.937578628945782
2012-03-21,2012,3,81,0.0
2012-03-22,2012,3,82,0.0
2012-03-23,2012,3,83,0.3787060501796114
2012-03-24,2012,3,84,5.652512283818581
2012-03-25,2012,3,85,5.130215151527547
2012-03-26,2012,3,86,8.950135178793774
2012-03-27,2012,3,87,0.1834500327055129
2012-03-28,2012,3,88,3.1490603331173195
2012-03-29,2012,3,89,0.0
2012-03-30,2012,3,90,0.1112540935540464
2012-03-31,2012,3,91,6.670128949324903
2012-04-01,2012,4,92,0.0
2012-04-02,2012,4,93,0.0
2012-04-03,2012,4,94,0.015860295643026
2012-04-04,2012,4,95,8.253524701771005
2012-04-05,2012,4,96,6.058876592324346
2012-04-06,2012,4,97,4.870564821651072
2012-04-07,2012,4,98,0.0
2012-04-08,2012,4,99,6.15185821056366
2012-04-09,2012,4,100,0.0
2012-04-10,2012,4,101,0.6884436288141448
2012-04-11,2012,4,102,5.22787336018112
2012-04-12,2012,4,103,10.43321245735082
2012-04-13,2012,4,104,0.0
2012-04-14,2012,4,105,3.8272120483226
2012-04-15,2012,4,106,8.228696599768694
2012-04-16,2012,4,107,0.4528725353590729
2012-04-17,2012,4,108,15.162142465537494
2012-04-18,2012,4,109,16.027782518534753
2012-04-19,2012,4,110,2.6791833503285125
2012-04-20,2012,4,111,0.2065813952056178
2012-04-21,2012,4,112,0.0024348852873461
2012-04-22,2012,4,113,0.0
2012-04-23,2012,4,114,0.0860312484530373
2012-04-24,2012,4,115,0.0
2012-04-25,2012,4,116,0.0
2012-04-26,2012,4,117,0.0
2012-04-27,2012,4,118,0.0
2012-04-28,2012,4,119,0.0
2012-04-29,2012,4,120,0.0
2012-04-30,2012,4,121,0.0
2012-05-01,2012,5,122,0.0
2012-05-02,2012,5,123,0.4810701690378001
2012-05-03,2012,5,124,0.0
2012-05-04,2012,5,125,0.0
2012-05-05,2012,5,126,8.764166812408451
2012-05-06,2012,5,127,0.1326515809429335
2012-05-07,2012,5,128,4.023165832550585
2012-05-08,2012,5,129,11.258776909690075
2012-05-09,2012,5,130,0.7169716508345616
2012-05-10,2012,5,131,0.0
2012-05-11,2012,5,132,4.99070960944702
2012-05-12,2012,5,133,2.6274081876672226
2012-05-13,2012,5,134,6.087802383311304
2012-05-14,2012,5,135,0.0
2012-05-15,2012,5,136,2.6768667682073217
2012-05-16,2012,5,137,11.825487413157123
2012-05-17,2012,5,138,18.118419475400152
2012-05-18,2012,5,139,14.061378519251088
2012-05-19,2012,5,140,29.875923224157415
2012-05-20,2012,5,141,8.768346082837335
2012-05-21,2012,5,142,7.763884244817079
2012-05-22,2012,5,143,24.720868168984502
2012-05-23,2012,5,144,11.723189243058824
2012-05-24,2012,5,145,8.496261842350929
2012-05-25,2012,5,146,3.730373299673468
2012-05-26,2012,5,147,31.894429832824592
2012-05-27,2012,5,148,31.841034995048805
2012-05-28,2012,5,149,9.715135387814543
2012-05-29,2012,5,150,9.810869733390383
2012-05-30,2012,5,151,0.0
2012-05-31,2012,5,152,0.0
2012-06-01,2012,6,153,6.058571281194074
2012-06-02,2012,6,154,9.4765388874693
2012-06-03,2012,6,155,6.018733594799613
2012-06-04,2012,6,156,9.5997709820387
2012-06-05,2012,6,157,12.553376693243436
2012-06-06,2012,6,158,6.392184846096807
2012-06-07,2012,6,159,11.556728349859732
2012-06-08,2012,6,160,10.090206142358529
2012-06-09,2012,6,161,3.571303816003073
2012-06-10,2012,6,162,8.687428795177915
2012-06-11,2012,6,163,6.614190873776936
2012-06-12,2012,6,164,1.2745258721308312
2012-06-13,2012,6,165,16.00567085362952
2012-06-14,2012,6,166,19.875551879354894
2012-06-15,2012,6,167,0.0
2012-06-16,2012,6,168,5.814408865563361
2012-06-17,2012,6,169,17.872261588146472
2012-06-18,2012,6,170,11.661225578268064
2012-06-19,2012,6,171,12.367619485454677
2012-06-20,2012,6,172,1.8791976514389708
2012-06-21,2012,6,173,14.338435178346474
2012-06-22,2012,6,174,14.792372803659443
2012-06-23,2012,6,175,4.670991149945656
2012-06-24,2012,6,176,16.327504915565946
2012-06-25,2012,6,177,0.0
2012-06-26,2012,6,178,16.112393107287584
2012-06-27,2012,6,179,1.0600668009060925
2012-06-28,2012,6,180,6.308341036521173
2012-06-29,2012,6,181,2.423593140302199
2012-06-30,2012,6,182,2.275908891829856
2012-07-01,2012,7,183,7.166988675422719
2012-07-02,2012,7,184,7.958088839983674
2012-07-03,2012,7,185,1.3717163814983515
2012-07-04,2012,7,186,20.02159876852028
2012-07-05,2012,7,187,0.0
2012-07-06,2012,7,188,8.99593025553196
2012-07-07,2012,7,189,3.961208980667765
2012-07-08,2012,7,190,0.0
2012-07-09,2012,7,191,0.0
2012-07-10,2012,7,192,3.793376585511744
2012-07-11,2012,7,193,14.096982136892274
2012-07-12,2012,7,194,8.97286769152709
2012-07-13,2012,7,195,0.0387167158347475
2012-07-14,2012,7,196,9.761019015679937
2012-07-15,2012,7,197,2.213679472809688
2012-07-16,2012,7,198,0.0
2012-07-17,2012,7,199,3.3781914795783208
2012-07-18,2012,7,200,10.859917316563436
2012-07-19,2012,7,201,0.3676976365928682
2012-07-20,2012,7,202,0.0054707016409618
2012-07-21,2012,7,203,5.60261579323959
2012-07-22,2012,7,204,9.429233876782398
2012-07-23,2012,7,205,10.879626261953014
2012-07-24,2012,7,206,0.0868559028720283
2012-07-25,2012,7,207,5.60261579323959
2012-07-26,2012,7,208,0.0
2012-07-27,2012,7,209,4.800636051246624
2012-07-28,2012,7,210,6.447216083938073
2012-07-29,2012,7,211,2.500973588064785
2012-07-30,2012,7,212,0.1934206342738003
2012-07-31,2012,7,213,6.039067500712224
2012-08-01,2012,8,214,1.8306836923065608
2012-08-02,2012,8,215,8.682420895614477
2012-08-03,2012,8,216,10.828363075558713
2012-08-04,2012,8,217,8.656947499477877
2012-08-05,2012,8,218,16.53759035557483
2012-08-06,2012,8,219,0.0
2012-08-07,2012,8,220,4.104420412373319
2012-08-08,2012,8,221,6.108417279871491
2012-08-09,2012,8,222,8.06418555081146
2012-08-10,2012,8,223,16.75877334199201
2012-08-11,2012,8,224,23.1089086140336
2012-08-12,2012,8,225,11.65169631924094
2012-08-13,2012,8,226,0.3954671110571605
2012-08-14,2012,8,227,0.0
2012-08-15,2012,8,228,5.090169847981993
2012-08-16,2012,8,229,8.292513939694862
2012-08-17,2012,8,230,15.973961436656571
2012-08-18,2012,8,231,25.242035064313185
2012-08-19,2012,8,232,5.237046311937445
2012-08-20,2012,8,233,1.886816089747804
2012-08-21,2012,8,234,5.519235512489116
2012-08-22,2012,8,235,6.11133409159349
2012-08-23,2012,8,236,4.698985682763701
2012-08-24,2012,8,237,17.451708931134316
2012-08-25,2012,8,238,8.175536329764633
2012-08-26,2012,8,239,8.354836801943254
2012-08-27,2012,8,240,8.354836801943254
2012-08-28,2012,8,241,19.444391683625074
2012-08-29,2012,8,242,15.549160681122274
2012-08-30,2012,8,243,19.158013778460163
2012-08-31,2012,8,244,14.39548490051541
2012-09-01,2012,9,245,1.239435560343709
2012-09-02,2012,9,246,0.0
2012-09-03,2012,9,247,7.735629629455475
2012-09-04,2012,9,248,0.927373696721918
2012-09-05,2012,9,249,10.212315110028456
2012-09-06,2012,9,250,22.838080087071724
2012-09-07,2012,9,251,31.084858871466505
2012-09-08,2012,9,252,11.486304740570707
2012-09-09,2012,9,253,0.0
2012-09-10,2012,9,254,0.0
2012-09-11,2012,9,255,0.780987674646533
2012-09-12,2012,9,256,1.837775880849147
2012-09-13,2012,9,257,0.0
2012-09-14,2012,9,258,13.172723926942169
2012-09-15,2012,9,259,6.586361963471084
2012-09-16,2012,9,260,14.717290448039236
2012-09-17,2012,9,261,8.796568044251424
2012-09-18,2012,9,262,0.0961540009899842
2012-09-19,2012,9,263,11.313553327868512
2012-09-20,2012,9,264,0.0948240538387086
2012-09-21,2012,9,265,0.0
2012-09-22,2012,9,266,11.8720607067033
2012-09-23,2012,9,267,0.0
2012-09-24,2012,9,268,8.370027143370931
2012-09-25,2012,9,269,11.975849913651858
2012-09-26,2012,9,270,4.571163329285439
2012-09-27,2012,9,271,15.83346299493834
2012-09-28,2012,9,272,5.222839190291868
2012-09-29,2012,9,273,2.770272905947106
2012-09-30,2012,9,274,3.0635174275874686
2012-10-01,2012,10,275,6.075661935250578
2012-10-02,2012,10,276,24.308020205608063
2012-10-03,2012,10,277,19.30745834638241
2012-10-04,2012,10,278,1.2749932711208185
2012-10-05,2012,10,279,10.486870914008133
2012-10-06,2012,10,280,19.08367319605549
2012-10-07,2012,10,281,18.480812638666045
2012-10-08,2012,10,282,12.81738499197678
2012-10-09,2012,10,283,6.40869249598839
2012-10-10,2012,10,284,10.360761313838845
2012-10-11,2012,10,285,0.2446545508547328
2012-10-12,2012,10,286,0.0630544926636016
2012-10-13,2012,10,287,21.38710984013075
2012-10-14,2012,10,288,0.0
2012-10-15,2012,10,289,0.0
2012-10-16,2012,10,290,0.0
2012-10-17,2012,10,291,0.0
2012-10-18,2012,10,292,0.0
2012-10-19,2012,10,293,0.0
2012-10-20,2012,10,294,2.485050757879259
2012-10-21,2012,10,295,0.0
2012-10-22,2012,10,296,0.0
2012-10-23,2012,10,297,0.0
2012-10-24,2012,10,298,0.0
2012-10-25,2012,10,299,10.155075413810971
2012-10-26,2012,10,300,7.46061218908534
2012-10-27,2012,10,301,15.83028944159739
2012-10-28,2012,10,302,6.637890154823035
2012-10-29,2012,10,303,0.0962588233424744
2012-10-30,2012,10,304,0.851199159381118
2012-10-31,2012,10,305,1.8799433815448636
2012-11-01,2012,11,306,5.04061545867029
2012-11-02,2012,11,307,0.025427600922703
2012-11-03,2012,11,308,0.6709762409188957
2012-11-04,2012,11,309,6.757779335658982
2012-11-05,2012,11,310,0.0
2012-11-06,2012,11,311,3.0045429243169086
2012-11-07,2012,11,312,1.5714446655071588
2012-11-08,2012,11,313,3.0045429243169086
2012-11-09,2012,11,314,8.584663588212104
2012-11-10,2012,11,315,0.0
2012-11-11,2012,11,316,0.0
2012-11-12,2012,11,317,0.0
2012-11-13,2012,11,318,0.0
2012-11-14,2012,11,319,2.0728556055642646
2012-11-15,2012,11,320,0.0
2012-11-16,2012,11,321,0.0
2012-11-17,2012,11,322,0.0
2012-11-18,2012,11,323,0.0
2012-11-19,2012,11,324,0.0
2012-11-20,2012,11,325,0.0
2012-11-21,2012,11,326,0.0
2012-11-22,2012,11,327,0.0
2012-11-23,2012,11,328,0.0
2012-11-24,2012,11,329,0.0
2012-11-25,2012,11,330,0.0
2012-11-26,2012,11,331,0.0
2012-11-27,2012,11,332,0.0
2012-11-28,2012,11,333,0.0
2012-11-29,2012,11,334,0.0
2012-11-30,2012,11,335,8.48880710321915
2012-12-01,2012,12,336,0.2565319120322115
2012-12-02,2012,12,337,3.1128753489066927
2012-12-03,2012,12,338,2.303466008275416
2012-12-04,2012,12,339,2.382713583257327
2012-12-05,2012,12,340,1.1764188563609188
2012-12-06,2012,12,341,0.0
2012-12-07,2012,12,342,0.0
2012-12-08,2012,12,343,0.0
2012-12-09,2012,12,344,0.0
2012-12-10,2012,12,345,0.0
2012-12-11,2012,12,346,1.429292346487315
2012-12-12,2012,12,347,0.0
2012-12-13,2012,12,348,0.0
2012-12-14,2012,12,349,0.0
2012-12-15,2012,12,350,0.0
2012-12-16,2012,12,351,0.0
2012-12-17,2012,12,352,0.0
2012-12-18,2012,12,353,0.0
2012-12-19,2012,12,354,0.0
2012-12-20,2012,12,355,0.0
2012-12-21,2012,12,356,0.0
2012-12-22,2012,12,357,1.8226767676757152
2012-12-23,2012,12,358,0.0
2012-12-24,2012,12,359,0.0
2012-12-25,2012,12,360,0.0
2012-12-26,2012,12,361,0.0
2012-12-27,2012,12,362,0.0
2012-12-28,2012,12,363,0.0
2012-12-29,2012,12,364,0.0
2012-12-30,2012,12,365,0.0
2012-12-31,2012,12,366,0.0
2013-01-01,2013,1,1,0.0
2013-01-02,2013,1,2,0.0
2013-01-03,2013,1,3,0.0
2013-01-04,2013,1,4,0.0
2013-01-05,2013,1,5,0.0
2013-01-06,2013,1,6,0.0
2013-01-07,2013,1,7,0.0
2013-01-08,2013,1,8,0.0
2013-01-09,2013,1,9,0.0685390610927787
2013-01-10,2013,1,10,0.0
2013-01-11,2013,1,11,0.0
2013-01-12,2013,1,12,0.0
2013-01-13,2013,1,13,0.0
2013-01-14,2013,1,14,0.0
2013-01-15,2013,1,15,0.0
2013-01-16,2013,1,16,0.0
2013-01-17,2013,1,17,0.0
2013-01-18,2013,1,18,0.0
2013-01-19,2013,1,19,0.0
2013-01-20,2013,1,20,0.0
2013-01-21,2013,1,21,0.0
2013-01-22,2013,1,22,0.0
2013-01-23,2013,1,23,0.0
2013-01-24,2013,1,24,0.819928147696795
2013-01-25,2013,1,25,0.9002563632392637
2013-01-26,2013,1,26,0.0
2013-01-27,2013,1,27,0.0
2013-01-28,2013,1,28,0.0
2013-01-29,2013,1,29,0.0
2013-01-30,2013,1,30,0.0
2013-01-31,2013,1,31,1.4959351751369192
2013-02-01,2013,2,32,0.0
2013-02-02,2013,2,33,0.0
2013-02-03,2013,2,34,0.0
2013-02-04,2013,2,35,0.2194183686653977
2013-02-05,2013,2,36,0.035529439839524
2013-02-06,2013,2,37,2.954949401695706
2013-02-07,2013,2,38,0.0
2013-02-08,2013,2,39,0.0
2013-02-09,2013,2,40,0.0
2013-02-10,2013,2,41,0.0
2013-02-11,2013,2,42,0.0
2013-02-12,2013,2,43,0.0
2013-02-13,2013,2,44,0.0
2013-02-14,2013,2,45,0.0
2013-02-15,2013,2,46,0.0
2013-02-16,2013,2,47,0.0
2013-02-17,2013,2,48,0.4534339390969624
2013-02-18,2013,2,49,0.0
2013-02-19,2013,2,50,0.0
2013-02-20,2013,2,51,0.0
2013-02-21,2013,2,52,0.0
2013-02-22,2013,2,53,3.070117978071084
2013-02-23,2013,2,54,0.0
2013-02-24,2013,2,55,0.0
2013-02-25,2013,2,56,0.0
2013-02-26,2013,2,57,0.2263818102814544
2013-02-27,2013,2,58,0.0
2013-02-28,2013,2,59,0.0
2013-03-01,2013,3,60,5.208849727954227
2013-03-02,2013,3,61,8.979391870380162
2013-03-03,2013,3,62,0.0
2013-03-04,2013,3,63,0.0
2013-03-05,2013,3,64,0.0
2013-03-06,2013,3,65,0.0
2013-03-07,2013,3,66,0.0
2013-03-08,2013,3,67,0.0
2013-03-09,2013,3,68,0.0
2013-03-10,2013,3,69,0.0
2013-03-11,2013,3,70,0.0
2013-03-12,2013,3,71,0.0
2013-03-13,2013,3,72,0.0
2013-03-14,2013,3,73,0.1875429787284406
2013-03-15,2013,3,74,0.2763852362154688
2013-03-16,2013,3,75,0.9794588465923516
2013-03-17,2013,3,76,0.0
2013-03-18,2013,3,77,0.0
2013-03-19,2013,3,78,0.0
2013-03-20,2013,3,79,0.2064944730421979
2013-03-21,2013,3,80,14.84846388471362
2013-03-22,2013,3,81,0.0
2013-03-23,2013,3,82,0.0
2013-03-24,2013,3,83,0.0
2013-03-25,2013,3,84,0.0
2013-03-26,2013,3,85,5.313974898803306
2013-03-27,2013,3,86,0.0976605606365122
2013-03-28,2013,3,87,0.0
2013-03-29,2013,3,88,0.0
2013-03-30,2013,3,89,0.0
2013-03-31,2013,3,90,0.0
2013-04-01,2013,4,91,0.0
2013-04-02,2013,4,92,0.0
2013-04-03,2013,4,93,0.0
2013-04-04,2013,4,94,0.0
2013-04-05,2013,4,95,0.0
2013-04-06,2013,4,96,0.0
2013-04-07,2013,4,97,1.7431007317221872
2013-04-08,2013,4,98,0.0488654946606692
2013-04-09,2013,4,99,0.0
2013-04-10,2013,4,100,0.0
2013-04-11,2013,4,101,0.0
2013-04-12,2013,4,102,0.0
2013-04-13,2013,4,103,0.0
2013-04-14,2013,4,104,0.0
2013-04-15,2013,4,105,2.268077556813182
2013-04-16,2013,4,106,0.0
2013-04-17,2013,4,107,0.0
2013-04-18,2013,4,108,0.0
2013-04-19,2013,4,109,0.0
2013-04-20,2013,4,110,0.0016616202616344
2013-04-21,2013,4,111,0.2911904140119381
2013-04-22,2013,4,112,2.583124546077176
2013-04-23,2013,4,113,2.323260681079613
2013-04-24,2013,4,114,13.277429570473457
2013-04-25,2013,4,115,0.0
2013-04-26,2013,4,116,0.0
2013-04-27,2013,4,117,0.041630686708465
2013-04-28,2013,4,118,1.7383120838351604
2013-04-29,2013,4,119,4.928460021047584
2013-04-30,2013,4,120,36.94262489745428
2013-05-01,2013,5,121,4.094591699661919
2013-05-02,2013,5,122,8.06501919557217
2013-05-03,2013,5,123,8.189183399323838
2013-05-04,2013,5,124,0.0
2013-05-05,2013,5,125,0.687832435840404
2013-05-06,2013,5,126,1.8596958902623784
2013-05-07,2013,5,127,10.844442483494197
2013-05-08,2013,5,128,4.945996591497306
2013-05-09,2013,5,129,4.945996591497306
2013-05-10,2013,5,130,0.0
2013-05-11,2013,5,131,5.135556631447827
2013-05-12,2013,5,132,7.841925224179167
2013-05-13,2013,5,133,7.154382932819459
2013-05-14,2013,5,134,0.0
2013-05-15,2013,5,135,0.0
2013-05-16,2013,5,136,0.0
2013-05-17,2013,5,137,2.4721927475806686
2013-05-18,2013,5,138,0.0
2013-05-19,2013,5,139,0.0
2013-05-20,2013,5,140,0.0
2013-05-21,2013,5,141,0.0
2013-05-22,2013,5,142,10.696727842935251
2013-05-23,2013,5,143,4.132077093040626
2013-05-24,2013,5,144,16.349230107427566
2013-05-25,2013,5,145,1.4547071111641487
2013-05-26,2013,5,146,32.30389133190231
2013-05-27,2013,5,147,18.34731160276653
2013-05-28,2013,5,148,3.4801328634235107
2013-05-29,2013,5,149,21.439000720127893
2013-05-30,2013,5,150,10.719500360063948
2013-05-31,2013,5,151,4.55606415196168
2013-06-01,2013,6,152,8.792919265784663
2013-06-02,2013,6,153,19.953812372408677
2013-06-03,2013,6,154,18.151126479734803
2013-06-04,2013,6,155,11.9826028918035
2013-06-05,2013,6,156,5.846022743645547
2013-06-06,2013,6,157,8.539338048952914
2013-06-07,2013,6,158,16.453053263792544
2013-06-08,2013,6,159,15.27422863903879
2013-06-09,2013,6,160,8.57385649493135
2013-06-10,2013,6,161,5.161988946700975
2013-06-11,2013,6,162,3.606911708068521
2013-06-12,2013,6,163,0.0
2013-06-13,2013,6,164,1.5110515820847277
2013-06-14,2013,6,165,0.065159992264598
2013-06-15,2013,6,166,0.0
2013-06-16,2013,6,167,4.695565828423064
2013-06-17,2013,6,168,0.7767531257872922
2013-06-18,2013,6,169,7.894972398328085
2013-06-19,2013,6,170,13.661195069781307
2013-06-20,2013,6,171,26.15809479675032
2013-06-21,2013,6,172,17.47950090520282
2013-06-22,2013,6,173,0.0
2013-06-23,2013,6,174,0.0
2013-06-24,2013,6,175,9.907757583395886
2013-06-25,2013,6,176,4.222504145279846
2013-06-26,2013,6,177,8.559374605475478
2013-06-27,2013,6,178,9.006133406920217
2013-06-28,2013,6,179,8.850115657363474
2013-06-29,2013,6,180,31.743435042887143
2013-06-30,2013,6,181,4.946284226811433
2013-07-01,2013,7,182,40.9274445503516
2013-07-02,2013,7,183,1.5626570612524142
2013-07-03,2013,7,184,1.5976047281945172
2013-07-04,2013,7,185,40.21652901918335
2013-07-05,2013,7,186,7.679084653515233
2013-07-06,2013,7,187,0.0
2013-07-07,2013,7,188,1.4068837843088382
2013-07-08,2013,7,189,0.0
2013-07-09,2013,7,190,8.350547036148077
2013-07-10,2013,7,191,15.754850474911668
2013-07-11,2013,7,192,7.390756247282642
2013-07-12,2013,7,193,6.809997727856642
2013-07-13,2013,7,194,13.275850275386167
2013-07-14,2013,7,195,14.781512494565284
2013-07-15,2013,7,196,0.6840869373200588
2013-07-16,2013,7,197,7.055406191763761
2013-07-17,2013,7,198,3.197730617637602
2013-07-18,2013,7,199,11.60093345198758
2013-07-19,2013,7,200,15.015813807901807
2013-07-20,2013,7,201,3.787298945963842
2013-07-21,2013,7,202,7.80702301857302
2013-07-22,2013,7,203,5.575173897935267
2013-07-23,2013,7,204,12.402066571751313
2013-07-24,2013,7,205,22.80708668430136
2013-07-25,2013,7,206,0.0
2013-07-26,2013,7,207,0.0
2013-07-27,2013,7,208,0.0
2013-07-28,2013,7,209,13.059800285095832
2013-07-29,2013,7,210,4.593136653495632
2013-07-30,2013,7,211,8.516060242207518
2013-07-31,2013,7,212,0.8511624659037326
2013-08-01,2013,8,213,0.0
2013-08-02,2013,8,214,6.839385863441427
2013-08-03,2013,8,215,8.186763732067622
2013-08-04,2013,8,216,0.0
2013-08-05,2013,8,217,20.269211348449467
2013-08-06,2013,8,218,11.16439973388662
2013-08-07,2013,8,219,0.0
2013-08-08,2013,8,220,0.0
2013-08-09,2013,8,221,0.0
2013-08-10,2013,8,222,0.0
2013-08-11,2013,8,223,21.39972241699133
2013-08-12,2013,8,224,28.007176430693224
2013-08-13,2013,8,225,17.444492367259844
2013-08-14,2013,8,226,0.1226581787593158
2013-08-15,2013,8,227,0.0
2013-08-16,2013,8,228,5.503442835787371
2013-08-17,2013,8,229,27.088946604789992
2013-08-18,2013,8,230,7.615364893747376
2013-08-19,2013,8,231,10.9479957576889
2013-08-20,2013,8,232,2.6912563194192773
2013-08-21,2013,8,233,2.6234765421046906
2013-08-22,2013,8,234,2.680399622024382
2013-08-23,2013,8,235,0.1008478322392768
2013-08-24,2013,8,236,38.8810347928486
2013-08-25,2013,8,237,1.7990236801271675
2013-08-26,2013,8,238,24.350788183057013
2013-08-27,2013,8,239,0.0
2013-08-28,2013,8,240,28.32351231493292
2013-08-29,2013,8,241,10.40113868280262
2013-08-30,2013,8,242,13.191612244673848
2013-08-31,2013,8,243,39.699475356627445
2013-09-01,2013,9,244,9.657512950406897
2013-09-02,2013,9,245,20.43417614468572
2013-09-03,2013,9,246,7.233987793211461
2013-09-04,2013,9,247,12.616844937243624
2013-09-05,2013,9,248,13.482029472443418
2013-09-06,2013,9,249,0.8626237878864815
2013-09-07,2013,9,250,0.4094464980136051
2013-09-08,2013,9,251,30.748575762591
2013-09-09,2013,9,252,35.341242582244355
2013-09-10,2013,9,253,26.708886729414484
2013-09-11,2013,9,254,16.257596036564514
2013-09-12,2013,9,255,25.0200951697996
2013-09-13,2013,9,256,18.18205958303469
2013-09-14,2013,9,257,5.837003922503324
2013-09-15,2013,9,258,6.248427204423821
2013-09-16,2013,9,259,21.295670168258848
2013-09-17,2013,9,260,10.96006665152163
2013-09-18,2013,9,261,7.479071489847309
2013-09-19,2013,9,262,0.0589793472077566
2013-09-20,2013,9,263,36.04989011367366
2013-09-21,2013,9,264,8.507885698181193
2013-09-22,2013,9,265,20.870107850971245
2013-09-23,2013,9,266,9.405934218575837
2013-09-24,2013,9,267,15.561607494860915
2013-09-25,2013,9,268,3.4607929703304685
2013-09-26,2013,9,269,0.028707999496656
2013-09-27,2013,9,270,12.992486451054193
2013-09-28,2013,9,271,8.65611609037656
2013-09-29,2013,9,272,11.624986371834668
2013-09-30,2013,9,273,6.624402151214023
2013-10-01,2013,10,274,16.662221824806174
2013-10-02,2013,10,275,16.0899751485671
2013-10-03,2013,10,276,2.283797363899872
2013-10-04,2013,10,277,13.05391663154579
2013-10-05,2013,10,278,0.0
2013-10-06,2013,10,279,3.554005194241509
2013-10-07,2013,10,280,9.896082328033938
2013-10-08,2013,10,281,21.53035849409422
2013-10-09,2013,10,282,21.591313570712305
2013-10-10,2013,10,283,0.0274389255935551
2013-10-11,2013,10,284,0.0
2013-10-12,2013,10,285,0.0
2013-10-13,2013,10,286,0.3364367491175399
2013-10-14,2013,10,287,3.069952767428518
2013-10-15,2013,10,288,8.403094200160428
2013-10-16,2013,10,289,0.0
2013-10-17,2013,10,290,0.0
2013-10-18,2013,10,291,2.5061530844207085
2013-10-19,2013,10,292,1.8671279091455024
2013-10-20,2013,10,293,9.72582968413166
2013-10-21,2013,10,294,9.048009046858564
2013-10-22,2013,10,295,0.7829880046354162
2013-10-23,2013,10,296,17.268978209912316
2013-10-24,2013,10,297,15.355648642844796
2013-10-25,2013,10,298,1.449529468349238
2013-10-26,2013,10,299,16.36021746226428
2013-10-27,2013,10,300,18.34483992031934
2013-10-28,2013,10,301,16.110793373782915
2013-10-29,2013,10,302,0.0
2013-10-30,2013,10,303,8.288253180982728
2013-10-31,2013,10,304,0.0
2013-11-01,2013,11,305,0.0
2013-11-02,2013,11,306,0.0
2013-11-03,2013,11,307,31.508736081070243
2013-11-04,2013,11,308,0.0
2013-11-05,2013,11,309,18.98019602202716
2013-11-06,2013,11,310,0.2369711416443904
2013-11-07,2013,11,311,0.0426089459233745
2013-11-08,2013,11,312,0.2391737170370604
2013-11-09,2013,11,313,0.530893758207483
2013-11-10,2013,11,314,0.0
2013-11-11,2013,11,315,9.099027341313109
2013-11-12,2013,11,316,11.559124569762131
2013-11-13,2013,11,317,3.045751701590334
2013-11-14,2013,11,318,0.0
2013-11-15,2013,11,319,8.325610899118246
2013-11-16,2013,11,320,22.67044213416746
2013-11-17,2013,11,321,5.793790573734653
2013-11-18,2013,11,322,0.0
2013-11-19,2013,11,323,16.031637472276923
2013-11-20,2013,11,324,9.438448681214371
2013-11-21,2013,11,325,8.248193842177729
2013-11-22,2013,11,326,0.0
2013-11-23,2013,11,327,0.5932092570604783
2013-11-24,2013,11,328,0.0
2013-11-25,2013,11,329,9.672779471218432
2013-11-26,2013,11,330,0.7064484259258915
2013-11-27,2013,11,331,1.0995655611425563
2013-11-28,2013,11,332,8.601226223465105
2013-11-29,2013,11,333,0.0
2013-11-30,2013,11,334,0.0
2013-12-01,2013,12,335,0.0
2013-12-02,2013,12,336,0.0
2013-12-03,2013,12,337,0.0
2013-12-04,2013,12,338,0.0
2013-12-05,2013,12,339,0.0
2013-12-06,2013,12,340,0.0
2013-12-07,2013,12,341,0.0
2013-12-08,2013,12,342,0.0
2013-12-09,2013,12,343,2.6854077348774483
2013-12-10,2013,12,344,5.859508536928417
2013-12-11,2013,12,345,0.0
2013-12-12,2013,12,346,0.0
2013-12-13,2013,12,347,0.0
2013-12-14,2013,12,348,0.0
2013-12-15,2013,12,349,4.612033071636439
2013-12-16,2013,12,350,0.0
2013-12-17,2013,12,351,0.0
2013-12-18,2013,12,352,2.6325668086327343
2013-12-19,2013,12,353,0.0
2013-12-20,2013,12,354,0.0
2013-12-21,2013,12,355,0.0
2013-12-22,2013,12,356,0.0
2013-12-23,2013,12,357,0.0
2013-12-24,2013,12,358,0.0
2013-12-25,2013,12,359,0.0
2013-12-26,2013,12,360,1.907752801949077
2013-12-27,2013,12,361,0.0
2013-12-28,2013,12,362,0.0
2013-12-29,2013,12,363,0.0
2013-12-30,2013,12,364,0.0
2013-12-31,2013,12,365,0.0
2014-01-01,2014,1,1,0.0
2014-01-02,2014,1,2,0.0
2014-01-03,2014,1,3,0.0
2014-01-04,2014,1,4,0.0
2014-01-05,2014,1,5,1.0363305730500996
2014-01-06,2014,1,6,0.0
2014-01-07,2014,1,7,0.0
2014-01-08,2014,1,8,0.0
2014-01-09,2014,1,9,0.0
2014-01-10,2014,1,10,0.0
2014-01-11,2014,1,11,0.0
2014-01-12,2014,1,12,0.0
2014-01-13,2014,1,13,0.0
2014-01-14,2014,1,14,0.0
2014-01-15,2014,1,15,0.0
2014-01-16,2014,1,16,0.0
2014-01-17,2014,1,17,0.0
2014-01-18,2014,1,18,0.0
2014-01-19,2014,1,19,0.0
2014-01-20,2014,1,20,0.0
2014-01-21,2014,1,21,0.0
2014-01-22,2014,1,22,0.1659275990269995
2014-01-23,2014,1,23,0.0282759993834279
2014-01-24,2014,1,24,0.0
2014-01-25,2014,1,25,0.0
2014-01-26,2014,1,26,1.4018084917603748
2014-01-27,2014,1,27,0.0
2014-01-28,2014,1,28,0.0
2014-01-29,2014,1,29,0.0
2014-01-30,2014,1,30,0.0
2014-01-31,2014,1,31,0.0
2014-02-01,2014,2,32,0.0
2014-02-02,2014,2,33,0.0
2014-02-03,2014,2,34,0.0
2014-02-04,2014,2,35,0.0
2014-02-05,2014,2,36,0.0
2014-02-06,2014,2,37,0.0
2014-02-07,2014,2,38,0.0
2014-02-08,2014,2,39,0.0620002624001785
2014-02-09,2014,2,40,0.0
2014-02-10,2014,2,41,0.0
2014-02-11,2014,2,42,0.0
2014-02-12,2014,2,43,0.0
2014-02-13,2014,2,44,0.0
2014-02-14,2014,2,45,0.8722105720355764
2014-02-15,2014,2,46,1.3579115170950349
2014-02-16,2014,2,47,0.0
2014-02-17,2014,2,48,0.0
2014-02-18,2014,2,49,0.0
2014-02-19,2014,2,50,0.0
2014-02-20,2014,2,51,0.6813088572730135
2014-02-21,2014,2,52,0.0
2014-02-22,2014,2,53,0.0
2014-02-23,2014,2,54,0.9922485166670628
2014-02-24,2014,2,55,0.0
2014-02-25,2014,2,56,3.512162049202809
2014-02-26,2014,2,57,0.0
2014-02-27,2014,2,58,0.0
2014-02-28,2014,2,59,0.4045022838934937
2014-03-01,2014,3,60,0.0
2014-03-02,2014,3,61,0.0
2014-03-03,2014,3,62,0.0
2014-03-04,2014,3,63,20.52435121448406
2014-03-05,2014,3,64,0.0
2014-03-06,2014,3,65,0.0
2014-03-07,2014,3,66,18.603421268651093
2014-03-08,2014,3,67,3.8882427060307863
2014-03-09,2014,3,68,17.59187065993197
2014-03-10,2014,3,69,0.068389513396563
2014-03-11,2014,3,70,0.0
2014-03-12,2014,3,71,0.0
2014-03-13,2014,3,72,0.0
2014-03-14,2014,3,73,0.0
2014-03-15,2014,3,74,0.079343478191379
2014-03-16,2014,3,75,0.0
2014-03-17,2014,3,76,0.0
2014-03-18,2014,3,77,9.007704724689376
2014-03-19,2014,3,78,0.0
2014-03-20,2014,3,79,0.0
2014-03-21,2014,3,80,0.0
2014-03-22,2014,3,81,0.0
2014-03-23,2014,3,82,0.0
2014-03-24,2014,3,83,0.0
2014-03-25,2014,3,84,0.0
2014-03-26,2014,3,85,0.0
2014-03-27,2014,3,86,11.620706958656346
2014-03-28,2014,3,87,0.0
2014-03-29,2014,3,88,0.0
2014-03-30,2014,3,89,0.0
2014-03-31,2014,3,90,0.0
2014-04-01,2014,4,91,0.0
2014-04-02,2014,4,92,1.859252589118716
2014-04-03,2014,4,93,3.825195862681006
2014-04-04,2014,4,94,5.71751451466772
2014-04-05,2014,4,95,0.0
2014-04-06,2014,4,96,0.0
2014-04-07,2014,4,97,0.0
2014-04-08,2014,4,98,0.0
2014-04-09,2014,4,99,6.549073228033158
2014-04-10,2014,4,100,0.0
2014-04-11,2014,4,101,0.0577942066041444
2014-04-12,2014,4,102,0.0
2014-04-13,2014,4,103,0.0
2014-04-14,2014,4,104,0.0
2014-04-15,2014,4,105,0.0
2014-04-16,2014,4,106,0.0
2014-04-17,2014,4,107,10.302993064929812
2014-04-18,2014,4,108,0.0
2014-04-19,2014,4,109,0.0
2014-04-20,2014,4,110,0.0
2014-04-21,2014,4,111,0.0
2014-04-22,2014,4,112,0.0
2014-04-23,2014,4,113,3.5569835668613283
2014-04-24,2014,4,114,2.809166006456611
2014-04-25,2014,4,115,2.809166006456611
2014-04-26,2014,4,116,4.362295992321302
2014-04-27,2014,4,117,5.441000284143462
2014-04-28,2014,4,118,5.281483059472882
2014-04-29,2014,4,119,6.812141348790591
2014-04-30,2014,4,120,4.148677031709888
2014-05-01,2014,5,121,22.883447129806093
2014-05-02,2014,5,122,14.73384171729427
2014-05-03,2014,5,123,9.359689109327451
2014-05-04,2014,5,124,10.993597783384512
2014-05-05,2014,5,125,1.7450319762503683
2014-05-06,2014,5,126,0.1404570817640937
2014-05-07,2014,5,127,11.493171542755231
2014-05-08,2014,5,128,30.48784428084111
2014-05-09,2014,5,129,12.655474953398096
2014-05-10,2014,5,130,3.2335268612998926
2014-05-11,2014,5,131,22.586992223751068
2014-05-12,2014,5,132,13.537297308598204
2014-05-13,2014,5,133,8.475199489993933
2014-05-14,2014,5,134,8.611047703788746
2014-05-15,2014,5,135,22.570741810753702
2014-05-16,2014,5,136,0.0
2014-05-17,2014,5,137,0.93791647721481
2014-05-18,2014,5,138,12.936920249574491
2014-05-19,2014,5,139,6.133418419673695
2014-05-20,2014,5,140,5.287371651372443
2014-05-21,2014,5,141,19.339792247092305
2014-05-22,2014,5,142,5.736857709663999
2014-05-23,2014,5,143,4.907274645469898
2014-05-24,2014,5,144,0.995516877350076
2014-05-25,2014,5,145,9.535008829019985
2014-05-26,2014,5,146,8.262480065469163
2014-05-27,2014,5,147,8.242769237962051
2014-05-28,2014,5,148,7.249310886543228
2014-05-29,2014,5,149,11.190023822567865
2014-05-30,2014,5,150,9.042462478668748
2014-05-31,2014,5,151,0.7318269771291542
2014-06-01,2014,6,152,24.696355488531182
2014-06-02,2014,6,153,46.03674143445524
2014-06-03,2014,6,154,47.60012242154576
2014-06-04,2014,6,155,25.74425247089415
2014-06-05,2014,6,156,3.854726160808619
2014-06-06,2014,6,157,21.96926181420569
2014-06-07,2014,6,158,6.954413483974357
2014-06-08,2014,6,159,8.055446372036254
2014-06-09,2014,6,160,5.283599845241459
2014-06-10,2014,6,161,8.770105806496172
2014-06-11,2014,6,162,8.216550646322656
2014-06-12,2014,6,163,12.370864048919415
2014-06-13,2014,6,164,22.510992126579254
2014-06-14,2014,6,165,15.128737287635769
2014-06-15,2014,6,166,19.07526874276645
2014-06-16,2014,6,167,0.0
2014-06-17,2014,6,168,0.0
2014-06-18,2014,6,169,0.0
2014-06-19,2014,6,170,0.0
2014-06-20,2014,6,171,10.356497824243124
2014-06-21,2014,6,172,0.1979300254619111
2014-06-22,2014,6,173,5.826431371967509
2014-06-23,2014,6,174,29.35967756032741
2014-06-24,2014,6,175,0.0
2014-06-25,2014,6,176,15.895007367101408
2014-06-26,2014,6,177,1.1879310477157892
2014-06-27,2014,6,178,9.352301579923228
2014-06-28,2014,6,179,6.051491706209911
2014-06-29,2014,6,180,2.2610222373952595
2014-06-30,2014,6,181,0.0
2014-07-01,2014,7,182,1.9488815451240376
2014-07-02,2014,7,183,6.435077201227092
2014-07-03,2014,7,184,9.604508445113773
2014-07-04,2014,7,185,17.756920129494883
2014-07-05,2014,7,186,4.838399458360549
2014-07-06,2014,7,187,7.760717634574511
2014-07-07,2014,7,188,6.807326834683964
2014-07-08,2014,7,189,0.0
2014-07-09,2014,7,190,0.0
2014-07-10,2014,7,191,0.0
2014-07-11,2014,7,192,0.0
2014-07-12,2014,7,193,0.3901324496886213
2014-07-13,2014,7,194,5.680766452502877
2014-07-14,2014,7,195,10.487422484665114
2014-07-15,2014,7,196,11.440274174742548
2014-07-16,2014,7,197,3.544304884848885
2014-07-17,2014,7,198,4.287381915935819
2014-07-18,2014,7,199,2.79433869406415
2014-07-19,2014,7,200,2.2934060455287946
2014-07-20,2014,7,201,2.578170969226775
2014-07-21,2014,7,202,2.0971176564029474
2014-07-22,2014,7,203,4.155481768859792
2014-07-23,2014,7,204,1.2189012948733269
2014-07-24,2014,7,205,1.4169614615354562
2014-07-25,2014,7,206,0.0
2014-07-26,2014,7,207,14.918369881700224
2014-07-27,2014,7,208,0.0
2014-07-28,2014,7,209,12.91736828106126
2014-07-29,2014,7,210,22.862638634090867
2014-07-30,2014,7,211,0.0
2014-07-31,2014,7,212,0.0
2014-08-01,2014,8,213,0.0
2014-08-02,2014,8,214,7.305235026428206
2014-08-03,2014,8,215,0.0260817048482232
2014-08-04,2014,8,216,4.959099251690745
2014-08-05,2014,8,217,14.635233095188685
2014-08-06,2014,8,218,29.33476995706762
2014-08-07,2014,8,219,0.0
2014-08-08,2014,8,220,23.72280858639682
2014-08-09,2014,8,221,0.0
2014-08-10,2014,8,222,0.0
2014-08-11,2014,8,223,7.383860360840599
2014-08-12,2014,8,224,1.2303116637718603
2014-08-13,2014,8,225,3.6200600751670087
2014-08-14,2014,8,226,1.8999022826641776
2014-08-15,2014,8,227,0.0
2014-08-16,2014,8,228,0.0
2014-08-17,2014,8,229,13.463647851805048
2014-08-18,2014,8,230,1.269698164252614
2014-08-19,2014,8,231,14.416326614353732
2014-08-20,2014,8,232,5.129288891798018
2014-08-21,2014,8,233,18.440134486277696
2014-08-22,2014,8,234,0.0
2014-08-23,2014,8,235,0.0
2014-08-24,2014,8,236,0.0
2014-08-25,2014,8,237,14.254867849129328
2014-08-26,2014,8,238,15.56664000460503
2014-08-27,2014,8,239,0.0
2014-08-28,2014,8,240,0.0
2014-08-29,2014,8,241,17.876403447186327
2014-08-30,2014,8,242,0.0122791435745095
2014-08-31,2014,8,243,25.025914248995225
2014-09-01,2014,9,244,42.02214949827676
2014-09-02,2014,9,245,2.021687707843797
2014-09-03,2014,9,246,8.246437080517323
2014-09-04,2014,9,247,0.7452597268749326
2014-09-05,2014,9,248,23.55204984338853
2014-09-06,2014,9,249,10.52960043782951
2014-09-07,2014,9,250,17.08790673224867
2014-09-08,2014,9,251,18.61010148102336
2014-09-09,2014,9,252,1.6518421810512989
2014-09-10,2014,9,253,13.662163085577932
2014-09-11,2014,9,254,19.512970297481637
2014-09-12,2014,9,255,20.130084773875144
2014-09-13,2014,9,256,10.065042386937572
2014-09-14,2014,9,257,0.0
2014-09-15,2014,9,258,21.210333020439908
2014-09-16,2014,9,259,11.356119899843732
2014-09-17,2014,9,260,7.455403924396942
2014-09-18,2014,9,261,0.0
2014-09-19,2014,9,262,7.791025367575827
2014-09-20,2014,9,263,10.686091953296382
2014-09-21,2014,9,264,24.417269867306203
2014-09-22,2014,9,265,14.158743137565557
2014-09-23,2014,9,266,23.44143245254916
2014-09-24,2014,9,267,15.997808587990365
2014-09-25,2014,9,268,9.245007471029025
2014-09-26,2014,9,269,10.095300981604144
2014-09-27,2014,9,270,7.471718252062696
2014-09-28,2014,9,271,5.298407815313789
2014-09-29,2014,9,272,19.38140391997016
2014-09-30,2014,9,273,15.3368650206972
2014-10-01,2014,10,274,29.766356105158856
2014-10-02,2014,10,275,20.02350626384078
2014-10-03,2014,10,276,1.4504456062447648
2014-10-04,2014,10,277,0.0
2014-10-05,2014,10,278,9.566398119558713
2014-10-06,2014,10,279,3.722313742251506
2014-10-07,2014,10,280,2.0455785974438827
2014-10-08,2014,10,281,7.053789624467096
2014-10-09,2014,10,282,11.543323074228864
2014-10-10,2014,10,283,7.226278841035838
2014-10-11,2014,10,284,1.9697667557455685
2014-10-12,2014,10,285,15.2919988302257
2014-10-13,2014,10,286,29.348996169973667
2014-10-14,2014,10,287,14.581632689318296
2014-10-15,2014,10,288,18.63124399013568
2014-10-16,2014,10,289,25.240806861013663
2014-10-17,2014,10,290,0.5657049848058843
2014-10-18,2014,10,291,0.4716576116148386
2014-10-19,2014,10,292,12.234679948497044
2014-10-20,2014,10,293,1.6269430689251925
2014-10-21,2014,10,294,1.8709714125647128
2014-10-22,2014,10,295,0.1008737150582883
2014-10-23,2014,10,296,13.138925074305204
2014-10-24,2014,10,297,20.39045673675178
2014-10-25,2014,10,298,11.91499235901755
2014-10-26,2014,10,299,1.4103836290021177
2014-10-27,2014,10,300,10.74374100267121
2014-10-28,2014,10,301,0.0
2014-10-29,2014,10,302,0.0
2014-10-30,2014,10,303,5.092367139553146
2014-10-31,2014,10,304,23.31653086283111
2014-11-01,2014,11,305,7.727115312190576
2014-11-02,2014,11,306,0.0
2014-11-03,2014,11,307,0.0
2014-11-04,2014,11,308,0.0
2014-11-05,2014,11,309,0.0
2014-11-06,2014,11,310,0.0
2014-11-07,2014,11,311,0.0
2014-11-08,2014,11,312,0.0
2014-11-09,2014,11,313,0.0
2014-11-10,2014,11,314,0.0
2014-11-11,2014,11,315,0.0
2014-11-12,2014,11,316,0.0
2014-11-13,2014,11,317,0.0
2014-11-14,2014,11,318,0.1482372006086988
2014-11-15,2014,11,319,0.0
2014-11-16,2014,11,320,6.972809754382266
2014-11-17,2014,11,321,0.0
2014-11-18,2014,11,322,25.636046966427703
2014-11-19,2014,11,323,0.3009631925908132
2014-11-20,2014,11,324,0.0
2014-11-21,2014,11,325,0.0
2014-11-22,2014,11,326,24.62800142881497
2014-11-23,2014,11,327,0.0
2014-11-24,2014,11,328,0.0
2014-11-25,2014,11,329,0.0
2014-11-26,2014,11,330,0.0
2014-11-27,2014,11,331,0.0
2014-11-28,2014,11,332,0.0
2014-11-29,2014,11,333,0.0
2014-11-30,2014,11,334,0.0
2014-12-01,2014,12,335,0.0
2014-12-02,2014,12,336,0.0
2014-12-03,2014,12,337,0.0
2014-12-04,2014,12,338,0.0
2014-12-05,2014,12,339,2.149746003831261
2014-12-06,2014,12,340,0.0
2014-12-07,2014,12,341,0.0
2014-12-08,2014,12,342,0.0
2014-12-09,2014,12,343,0.0
2014-12-10,2014,12,344,0.0
2014-12-11,2014,12,345,0.2947441313955246
2014-12-12,2014,12,346,0.0
2014-12-13,2014,12,347,0.0
2014-12-14,2014,12,348,0.4766486328487838
2014-12-15,2014,12,349,0.0
2014-12-16,2014,12,350,0.0
2014-12-17,2014,12,351,0.0
2014-12-18,2014,12,352,1.5962978636186762
2014-12-19,2014,12,353,0.0
2014-12-20,2014,12,354,0.0
2014-12-21,2014,12,355,0.0
2014-12-22,2014,12,356,0.0
2014-12-23,2014,12,357,0.0
2014-12-24,2014,12,358,0.0277203133500531
2014-12-25,2014,12,359,0.0
2014-12-26,2014,12,360,4.3092506110106354
2014-12-27,2014,12,361,0.0
2014-12-28,2014,12,362,3.3790607982552143
2014-12-29,2014,12,363,0.0
2014-12-30,2014,12,364,0.0
2014-12-31,2014,12,365,0.0117887223287842
